location_id,latitude,longitude,h_code,administrative_dong,kakao_gu,address_clean,tenant_count,factory_record_count,emission_record_count,waste_record_count,employees_sum,factory_area_sum,has_air_emission,has_water_emission,has_noise_emission,has_designated_waste,has_incineration,site_count,factory_site_count,waste_site_count,emission_site_count
LOC000001,35.0578082925222,128.672607176012,4812953000.0,충무동,진해구,경상남도 창원시 진해구 잠도길 47 (안곡동),1,0,1,0,,,False,False,True,False,False,1,0,0,1
LOC000002,35.0664919922207,128.627479453486,4812531000.0,구산면,마산합포구,"경상남도 창원시 마산합포구 구산면 이순신로 734, 삼영수산",1,0,0,1,,,False,False,False,False,False,1,0,1,0
LOC000003,35.0679082641002,128.630756123252,4812531000.0,구산면,마산합포구,경상남도 창원시 마산합포구 구산면 이순신로 697,1,0,1,0,,,False,True,False,False,False,1,0,0,1
LOC000004,35.0684429295561,128.633417795001,4812531000.0,구산면,마산합포구,경상남도 창원시 마산합포구 구산면 심리 22-20번지,1,1,0,0,,,False,False,False,False,False,1,1,0,0
LOC000005,35.0701165467663,128.575390571912,4812531000.0,구산면,마산합포구,"경상남도 창원시 마산합포구 구산면 로봇랜드로 33, 3동 303호(로봇연구센터)",9,7,1,1,,,True,False,False,False,False,8,7,1,1
LOC000006,35.0736001408992,128.610903881175,4812531000.0,구산면,마산합포구,경상남도 창원시 마산합포구 구산면 이순신로 353-177,1,0,1,0,,,False,True,False,False,False,1,0,0,1
LOC000007,35.0753306977702,128.563328266537,4812531000.0,구산면,마산합포구,경상남도 창원시 마산합포구 구산면 해양관광로 1758-50 외 2필지,1,1,0,0,,,False,False,False,False,False,1,1,0,0
LOC000008,35.0755810276878,128.563624877715,4812531000.0,구산면,마산합포구,경상남도 창원시 마산합포구 구산면 해양관광로 1752-1,1,1,0,0,,,False,False,False,False,False,1,1,0,0
LOC000009,35.0756191550809,128.56406478382,4812531000.0,구산면,마산합포구,경상남도 창원시 마산합포구 구산면 해양관광로 1752-2,1,1,0,0,,,False,False,False,False,False,1,1,0,0
LOC000010,35.076595563504,128.563373995197,4812531000.0,구산면,마산합포구,경상남도 창원시 마산합포구 구산면 해양관광로 1750,3,1,1,1,,,False,True,False,False,False,1,1,1,1
LOC000011,35.080779132617,128.606026642214,4812531000.0,구산면,마산합포구,경상남도 창원시 마산합포구 구산면 난포해안길 53 (난포기업),1,1,0,0,,,False,False,False,False,False,1,1,0,0
LOC000012,35.0810436124237,128.602767173889,4812531000.0,구산면,마산합포구,경상남도 창원시 마산합포구 구산면 이순신로 172,2,0,2,0,,,True,True,False,False,False,1,0,0,1
LOC000013,35.0813856675294,128.610131285892,4812531000.0,구산면,마산합포구,"경상남도 창원시 마산합포구 구산면 난포리 261, 261-4",1,0,0,1,,,False,False,False,False,True,1,0,1,0
LOC000014,35.0814109051913,128.610762085648,4812531000.0,구산면,마산합포구,경상남도 창원시 마산합포구 구산면 난포해안길 132 외 1필지,2,1,1,0,,,False,False,True,False,False,1,1,0,1
LOC000015,35.0843439361099,128.593274095585,4812531000.0,구산면,마산합포구,경상남도 창원시 마산합포구 구산면 이순신로 77,1,1,0,0,,,False,False,False,False,False,1,1,0,0
LOC000016,35.0844789525673,128.766538134996,4812963000.0,웅천동,진해구,경상남도 창원시 진해구 신항7로 3 (남문동),1,1,0,0,,,False,False,False,False,False,1,1,0,0
LOC000017,35.085417560957,128.783588320385,4812965000.0,웅동2동,진해구,경상남도 창원시 진해구 안골로108번길 120 (안골동),1,0,1,0,,,True,False,False,False,False,1,0,0,1
LOC000018,35.0862937656778,128.796360415451,4812965000.0,웅동2동,진해구,경상남도 창원시 진해구 안골동 720-2 외 8,1,0,1,0,,,False,True,False,False,False,1,0,0,1
LOC000019,35.0867882950359,128.784441134372,4812965000.0,웅동2동,진해구,경상남도 창원시 진해구 안골로89번길 97 (안골동),2,1,0,1,,,False,False,False,True,False,2,1,1,0
LOC000020,35.0874935062334,128.786178643712,4812965000.0,웅동2동,진해구,경상남도 창원시 진해구 안골로108번길 87 (안골동),1,0,0,1,,,False,False,False,True,False,1,0,1,0
LOC000021,35.0876544088389,128.785044396932,4812965000.0,웅동2동,진해구,경상남도 창원시 진해구 안골로89번길 85 (안골동),1,0,1,0,,,True,False,False,False,False,1,0,0,1
LOC000022,35.0878226600665,128.78623790222,4812965000.0,웅동2동,진해구,경상남도 창원시 진해구 안골로108번길 86 (안골동),1,0,1,0,,,False,True,False,False,False,1,0,0,1
LOC000023,35.0881299156592,128.426967050971,4812534000.0,진전면,마산합포구,경상남도 창원시 마산합포구 진전면 봉오로 670,4,0,3,1,,,True,True,True,False,True,1,0,1,1
LOC000024,35.0883851514683,128.785635730403,4812965000.0,웅동2동,진해구,경상남도 창원시 진해구 안골로89번길 71 (안골동),1,0,1,0,,,True,False,False,False,False,1,0,0,1
LOC000025,35.0884981163525,128.786538144717,4812965000.0,웅동2동,진해구,경상남도 창원시 진해구 안골로108번길 78 (안골동),1,1,0,0,,,False,False,False,False,False,1,1,0,0
LOC000026,35.0886020195906,128.786929973973,4812965000.0,웅동2동,진해구,경상남도 창원시 진해구 안골로108번길 76 (안골동),1,0,1,0,,,True,False,False,False,False,1,0,0,1
LOC000027,35.0886690022016,128.736178469371,4812963000.0,웅천동,진해구,경상남도 창원시 진해구 제덕동 산 121,1,0,0,1,,,False,False,False,True,False,1,0,1,0
LOC000028,35.0890283730326,128.787248801209,4812965000.0,웅동2동,진해구,경상남도 창원시 진해구 안골로108번길 70 (안골동),2,0,1,1,,,False,False,True,True,False,1,0,1,1
LOC000029,35.0892535486162,128.787337044791,4812965000.0,웅동2동,진해구,"경상남도 창원시 진해구 안골로 44, 1층(안골동)",2,1,1,0,,,False,True,False,False,False,1,1,0,1
LOC000030,35.0893382903678,128.78790356232,4812965000.0,웅동2동,진해구,"경상남도 창원시 진해구 안골로108번길 64, 플러스매니저 (안골동)",2,1,1,0,,,False,True,False,False,False,2,1,0,1
LOC000031,35.0898492129115,128.786985365598,4812965000.0,웅동2동,진해구,경상남도 창원시 진해구 안골로89번길 51 (안골동),1,0,1,0,,,False,True,False,False,False,1,0,0,1
LOC000032,35.0898654421169,128.788005527893,4812965000.0,웅동2동,진해구,경상남도 창원시 진해구 안골로 52 (안골동),1,0,1,0,,,True,False,False,False,False,1,0,0,1
LOC000033,35.0902463632239,128.788758556738,4812965000.0,웅동2동,진해구,경상남도 창원시 진해구 안골로 64-16 (안골동),1,1,0,0,,,False,False,False,False,False,1,1,0,0
LOC000034,35.0903101795552,128.459364860417,4812534000.0,진전면,마산합포구,경상남도 창원시 마산합포구 진전면 회진로 1503,3,1,1,1,,,False,True,False,False,False,1,1,1,1
LOC000035,35.0904426646898,128.788470419208,4812965000.0,웅동2동,진해구,경상남도 창원시 진해구 안골로 64-10 (안골동),4,2,2,0,,,True,False,True,False,False,2,2,0,1
LOC000036,35.0904549682114,128.787642423673,4812965000.0,웅동2동,진해구,경상남도 창원시 진해구 안골로 55(안골동),1,1,0,0,,,False,False,False,False,False,1,1,0,0
LOC000037,35.0911462613076,128.789098490988,4812965000.0,웅동2동,진해구,경상남도 창원시 진해구 안골로 72-10 (안골동),1,0,1,0,,,True,False,False,False,False,1,0,0,1
LOC000038,35.0912362075549,128.788945525123,4812965000.0,웅동2동,진해구,경상남도 창원시 진해구 안골로 70 (안골동),1,0,1,0,,,True,False,False,False,False,1,0,0,1
LOC000039,35.0913909130713,128.794234436602,4812965000.0,웅동2동,진해구,경상남도 창원시 진해구 안골동 481,1,0,1,0,,,True,False,False,False,False,1,0,0,1
LOC000040,35.0915882546092,128.790213172557,4812965000.0,웅동2동,진해구,경상남도 창원시 진해구 안골동 830-7 외 3,1,0,1,0,,,True,False,False,False,False,1,0,0,1
LOC000041,35.0916851937301,128.790587544625,4812965000.0,웅동2동,진해구,경상남도 창원시 진해구 안골동 827-6 외 2필지(827-7 827-8),1,0,1,0,,,True,False,False,False,False,1,0,0,1
LOC000042,35.091878399345,128.790643522926,4812965000.0,웅동2동,진해구,경상남도 창원시 진해구 안골로 90-8 (안골동),1,0,1,0,,,False,True,False,False,False,1,0,0,1
LOC000043,35.0919637567676,128.788933678106,4812965000.0,웅동2동,진해구,경상남도 창원시 진해구 안골로 75 (안골동),1,1,0,0,,,False,False,False,False,False,1,1,0,0
LOC000044,35.0919999489334,128.788685787461,4812965000.0,웅동2동,진해구,경상남도 창원시 진해구 안골로89번길 23 (안골동),1,0,1,0,,,True,False,False,False,False,1,0,0,1
LOC000045,35.0920168742424,128.790469469684,4812965000.0,웅동2동,진해구,경상남도 창원시 진해구 안골로 90-6 (안골동),1,1,0,0,,,False,False,False,False,False,1,1,0,0
LOC000046,35.0920618922362,128.789111258625,4812965000.0,웅동2동,진해구,경상남도 창원시 진해구 안골로 77 (안골동),1,0,0,1,,,False,False,False,True,True,1,0,1,0
LOC000047,35.0921368432344,128.789772648221,4812965000.0,웅동2동,진해구,경상남도 창원시 진해구 안골로 82-5 (안골동),2,0,2,0,,,True,False,True,False,False,1,0,0,1
LOC000048,35.0926255276061,128.819089592986,4812965000.0,웅동2동,진해구,경상남도 창원시 진해구 용원동로 219 (용원동),2,0,0,2,,,False,False,False,True,True,2,0,2,0
LOC000049,35.0932659119008,128.794221353159,4812965000.0,웅동2동,진해구,경상남도 창원시 진해구 안골로 156 (안골동),4,1,2,1,,,False,True,True,True,False,2,1,1,1
LOC000050,35.0943488111291,128.819661216466,4812965000.0,웅동2동,진해구,경상남도 창원시 진해구 용원동로 242 (용원동),1,0,1,0,,,False,True,False,False,False,1,0,0,1
LOC000051,35.0944194858749,128.791033307822,4812965000.0,웅동2동,진해구,경상남도 창원시 진해구 안골동 821-12,1,0,1,0,,,True,False,False,False,False,1,0,0,1
LOC000052,35.0945511768047,128.434554089013,4812534000.0,진전면,마산합포구,경상남도 창원시 마산합포구 진전면 장자골길 95-68,1,1,0,0,,,False,False,False,False,False,1,1,0,0
LOC000053,35.0954936788263,128.802103622191,4812965000.0,웅동2동,진해구,경상남도 창원시 진해구 안골동 324-7,1,0,1,0,,,False,True,False,False,False,1,0,0,1
LOC000054,35.0971394961141,128.715280762995,4812963000.0,웅천동,진해구,"경상남도 창원시 진해구 명제로 186 (명동, 오리엔탈정공(주)) (총 19 필지) 외 18필지",1,1,0,0,,,False,False,False,False,False,1,1,0,0
LOC000055,35.09871326023,128.821613711528,4812965000.0,웅동2동,진해구,경상남도 창원시 진해구 만금로 7 (용원동),1,0,1,0,,,False,True,False,False,False,1,0,0,1
LOC000056,35.0987426170825,128.789380717323,4812965000.0,웅동2동,진해구,경상남도 창원시 진해구 청안로170번길 31-36 (청안동),1,1,0,0,,,False,False,False,False,False,1,1,0,0
LOC000057,35.0987949827894,128.819190700268,4812965000.0,웅동2동,진해구,경상남도 창원시 진해구 용원로 91 (용원동),1,0,1,0,,,False,True,False,False,False,1,0,0,1
LOC000058,35.0991377920064,128.744405073461,4812963000.0,웅천동,진해구,경상남도 창원시 진해구 제덕로179번길 27-2 (제덕동),1,0,0,1,,,False,False,False,True,False,1,0,1,0
LOC000059,35.0999705804513,128.717326787707,4812963000.0,웅천동,진해구,경상남도 창원시 진해구 명제로 184 (명동),2,1,0,1,,,False,False,False,True,True,1,1,1,0
LOC000060,35.1001854015981,128.820269381959,4812965000.0,웅동2동,진해구,"경상남도 창원시 진해구 용재로 98, 1층 (용원동)",1,0,0,1,,,False,False,False,True,True,1,0,1,0
LOC000061,35.1001955879002,128.813144344364,4812965000.0,웅동2동,진해구,경상남도 창원시 진해구 용원서로 30 (용원동),1,0,1,0,,,False,True,False,False,False,1,0,0,1
LOC000062,35.1005645426189,128.429038521795,4812534000.0,진전면,마산합포구,경상남도 창원시 마산합포구 진전면 호산정달로 19,3,1,2,0,,,True,False,True,False,False,1,1,0,1
LOC000063,35.1006738264362,128.48276243812,4812532000.0,진동면,마산합포구,경상남도 창원시 마산합포구 진동면 고현새동네길 20-147,1,1,0,0,,,False,False,False,False,False,1,1,0,0
LOC000064,35.1007119566406,128.81085546361,4812965000.0,웅동2동,진해구,"경상남도 창원시 진해구 용원서로31번길 19, 4층(용원동)",1,1,0,0,,,False,False,False,False,False,1,1,0,0
LOC000065,35.1007369672523,128.429878284068,4812534000.0,진전면,마산합포구,경상남도 창원시 마산합포구 진전면 호산정달로 21-9,4,1,3,0,,,True,True,True,False,False,2,1,0,1
LOC000066,35.1007382985386,128.764012325727,4812963000.0,웅천동,진해구,"경상남도 창원시 진해구 웅천동로49번길 100, 주식회사 경남씨푸드빌(남문동)",1,1,0,0,,,False,False,False,False,False,1,1,0,0
LOC000067,35.1009347160009,128.428149666331,4812534000.0,진전면,마산합포구,경상남도 창원시 마산합포구 진전면 호산정달로 11,1,1,0,0,,,False,False,False,False,False,1,1,0,0
LOC000068,35.1011222041742,128.821895407072,4812965000.0,웅동2동,진해구,경상남도 창원시 진해구 용원동로 319 (용원동),1,0,1,0,,,False,True,False,False,False,1,0,0,1
LOC000069,35.1012094303135,128.428462731793,4812534000.0,진전면,마산합포구,경상남도 창원시 마산합포구 진전면 호산정달로 13,3,1,2,0,,,True,False,True,False,False,2,1,0,1
LOC000070,35.1012772339038,128.813517239181,4812965000.0,웅동2동,진해구,경상남도 창원시 진해구 용원서로 42 (용원동),1,0,1,0,,,False,True,False,False,False,1,0,0,1
LOC000071,35.1017010719994,128.505343470887,4812532000.0,진동면,마산합포구,경상남도 창원시 마산합포구 진동면 광암해안길 179-16,1,1,0,0,,,False,False,False,False,False,1,1,0,0
LOC000072,35.101889016127,128.715851386896,4812963000.0,웅천동,진해구,경상남도 창원시 진해구 명제로 164 (명동),4,1,1,2,,,False,True,False,True,True,3,1,2,1
LOC000073,35.1021292440267,128.41345709582,4812534000.0,진전면,마산합포구,경상남도 창원시 마산합포구 진전면 대실로 101,2,0,2,0,,,True,False,True,False,False,1,0,0,1
LOC000074,35.1021977914808,128.424439692562,4812534000.0,진전면,마산합포구,경상남도 창원시 마산합포구 진전면 대실로 205 (제실특장),1,1,0,0,,,False,False,False,False,False,1,1,0,0
LOC000075,35.1023216410617,128.420759950917,4812534000.0,진전면,마산합포구,경상남도 창원시 마산합포구 진전면 대실로 170,2,1,1,0,,,False,False,True,False,False,1,1,0,1
LOC000076,35.1023606487502,128.423020346173,4812534000.0,진전면,마산합포구,경상남도 창원시 마산합포구 진전면 대실로 189 (효종) 외 2필지,2,1,1,0,,,False,False,True,False,False,2,1,0,1
LOC000077,35.1025086956204,128.825616256039,4812965000.0,웅동2동,진해구,경상남도 창원시 진해구 진해대로 2455 (용원동),1,0,1,0,,,False,True,False,False,False,1,0,0,1
LOC000078,35.1025424315378,128.818540565702,4812965000.0,웅동2동,진해구,경상남도 창원시 진해구 용원북로12번안길 16(용원동),1,1,0,0,,,False,False,False,False,False,1,1,0,0
LOC000079,35.1025491804597,128.826918727836,4812965000.0,웅동2동,진해구,경상남도 창원시 진해구 진해대로 2467 주유소 (용원동),1,0,1,0,,,False,True,False,False,False,1,0,0,1
LOC000080,35.1026060212951,128.832150288126,4812965000.0,웅동2동,진해구,경상남도 창원시 진해구 진해대로 2513 LPG충전소 (용원동),1,0,1,0,,,False,True,False,False,False,1,0,0,1
LOC000081,35.1026374338692,128.424569951798,4812534000.0,진전면,마산합포구,경상남도 창원시 마산합포구 진전면 오서리 1711-27,1,0,1,0,,,False,False,True,False,False,1,0,0,1
LOC000082,35.1026728071007,128.831315067574,4812965000.0,웅동2동,진해구,경상남도 창원시 진해구 진해대로 2507 주식회사어울림 (용원동),1,0,1,0,,,True,False,False,False,False,1,0,0,1
LOC000083,35.1027332044706,128.424312141699,4812534000.0,진전면,마산합포구,경상남도 창원시 마산합포구 진전면 대실로 197-22 (신선환경),1,1,0,0,,,False,False,False,False,False,1,1,0,0
LOC000084,35.103008485723,128.60048320087,4812531000.0,구산면,마산합포구,"경상남도 창원시 마산합포구 구산면 안녕로 387 (중앙동3가, 마산합포구청)",1,0,0,1,,,False,False,False,False,True,1,0,1,0
LOC000085,35.1030099823422,128.740619974339,4812963000.0,웅천동,진해구,경상남도 창원시 진해구 제덕동 650,1,0,1,0,,,True,False,False,False,False,1,0,0,1
LOC000086,35.1031262413246,128.499402415087,4812532000.0,진동면,마산합포구,경상남도 창원시 마산합포구 진동면 광암해안길 47-1,1,1,0,0,,,False,False,False,False,False,1,1,0,0
LOC000087,35.1032659279237,128.480501080491,4812532000.0,진동면,마산합포구,"경상남도 창원시 마산합포구 진동면 고현새동네길 17, (고현리 123-2)",1,1,0,0,,,False,False,False,False,False,1,1,0,0
LOC000088,35.1033258627234,128.419342459772,4812534000.0,진전면,마산합포구,경상남도 창원시 마산합포구 진전면 대실로 161-23,2,0,1,1,,,False,False,True,False,False,1,0,1,1
LOC000089,35.1033757159848,128.484037581944,4812532000.0,진동면,마산합포구,경상남도 창원시 마산합포구 진동면 미더덕로 406-158,1,0,0,1,,,False,False,False,False,False,1,0,1,0
LOC000090,35.1034228769663,128.419524000432,4812534000.0,진전면,마산합포구,경상남도 창원시 마산합포구 진전면 오서리 388번지,1,1,0,0,,,False,False,False,False,False,1,1,0,0
LOC000091,35.1035010362159,128.499238087076,4812532000.0,진동면,마산합포구,경상남도 창원시 마산합포구 진동면 광암회단지길 16 외 1필지,1,1,0,0,,,False,False,False,False,False,1,1,0,0
LOC000092,35.1036098756258,128.419125082526,4812534000.0,진전면,마산합포구,경상남도 창원시 마산합포구 진전면 대실로 161-47,1,1,0,0,,,False,False,False,False,False,1,1,0,0
LOC000093,35.1039142009729,128.837075029673,4812965000.0,웅동2동,진해구,경상남도 창원시 진해구 가주로15번길 62-7 (가주동),1,1,0,0,,,False,False,False,False,False,1,1,0,0
LOC000094,35.1039981288477,128.477515953202,4812532000.0,진동면,마산합포구,경상남도 창원시 마산합포구 진동면 죽전샛길 21 (사무실),1,1,0,0,,,False,False,False,False,False,1,1,0,0
LOC000095,35.1041190136285,128.723296602654,4812963000.0,웅천동,진해구,경상남도 창원시 진해구 죽곡동 521,1,0,0,1,,,False,False,False,True,False,1,0,1,0
LOC000096,35.1041323290189,128.415503594249,4812534000.0,진전면,마산합포구,경상남도 창원시 마산합포구 진전면 오서10길 27,3,0,3,0,,,True,True,True,False,False,1,0,0,1
LOC000097,35.1041882522184,128.49714512602,4812532000.0,진동면,마산합포구,"경상남도 창원시 마산합포구 진동면 광암해안길 16-1 (진동수협광암활, 선어위판장)",1,1,0,0,,,False,False,False,False,False,1,1,0,0
LOC000098,35.1042533670695,128.762343748132,4812963000.0,웅천동,진해구,경상남도 창원시 진해구 남문동 1295-2번지,1,1,0,0,,,False,False,False,False,False,1,1,0,0
LOC000099,35.1042906063155,128.710368429667,4812963000.0,웅천동,진해구,경상남도 창원시 진해구 명제로 60 (원포동),4,1,0,3,,,False,False,False,True,True,3,1,3,0
LOC000100,35.1044703473883,128.426325440882,4812534000.0,진전면,마산합포구,경상남도 창원시 마산합포구 진전면 삼진의거대로 55-101 (진전영농조합),1,1,0,0,,,False,False,False,False,False,1,1,0,0
LOC000101,35.1046565661111,128.722506260691,4812963000.0,웅천동,진해구,경상남도 창원시 진해구 명제로149번길 69 (죽곡동),3,0,3,0,,,True,True,False,False,False,2,0,0,2
LOC000102,35.1050295473399,128.462854637631,4812534000.0,진전면,마산합포구,경상남도 창원시 마산합포구 진전면 율티리 71-1,1,0,1,0,,,False,False,True,False,False,1,0,0,1
LOC000103,35.1050811638418,128.462752249574,4812534000.0,진전면,마산합포구,경상남도 창원시 마산합포구 진전면 미더덕로 135-3 (진전면),1,1,0,0,,,False,False,False,False,False,1,1,0,0
LOC000104,35.105126421924,128.739659559404,4812963000.0,웅천동,진해구,경상남도 창원시 진해구 제덕로 256 (제덕동),1,1,0,0,,,False,False,False,False,False,1,1,0,0
LOC000105,35.1051893246886,128.456899582629,4812534000.0,진전면,마산합포구,경상남도 창원시 마산합포구 진전면 미더덕로 64,2,0,0,2,,,False,False,False,False,False,2,0,2,0
LOC000106,35.1052616778939,128.837824783086,4812965000.0,웅동2동,진해구,경상남도 창원시 진해구 가주로15번길 39 (가주동),1,0,0,1,,,False,False,False,True,True,1,0,1,0
LOC000107,35.1052670577639,128.815192821056,4812965000.0,웅동2동,진해구,경상남도 창원시 진해구 용원북로 19 (용원동),9,2,5,2,,,True,True,True,True,False,2,2,2,2
LOC000108,35.1053073560609,128.838027701407,4812965000.0,웅동2동,진해구,경상남도 창원시 진해구 가주동 146,1,0,1,0,,,False,True,False,False,False,1,0,0,1
LOC000109,35.1053709039382,128.746960331545,4812963000.0,웅천동,진해구,경상남도 창원시 진해구 남영로 13(남문동),1,1,0,0,,,False,False,False,False,False,1,1,0,0
LOC000110,35.1055000568508,128.745158191976,4812963000.0,웅천동,진해구,경상남도 창원시 진해구 웅천서로41번길 10 (제덕동),1,1,0,0,,,False,False,False,False,False,1,1,0,0
LOC000111,35.1056630865926,128.414612868945,4812534000.0,진전면,마산합포구,경상남도 창원시 마산합포구 진전면 오서곡안로 39-53,1,0,0,1,,,False,False,False,False,False,1,0,1,0
LOC000112,35.1057859881926,128.744778259992,4812963000.0,웅천동,진해구,경상남도 창원시 진해구 웅천서로41번길 20 (제덕동),1,1,0,0,,,False,False,False,False,False,1,1,0,0
LOC000113,35.1058756466475,128.745680430283,4812963000.0,웅천동,진해구,경상남도 창원시 진해구 웅천서로41번길 14 (제덕동) 외 1필지,1,1,0,0,,,False,False,False,False,False,1,1,0,0
LOC000114,35.1059050616133,128.458088011885,4812534000.0,진전면,마산합포구,"경상남도 창원시 마산합포구 진전면 율티리 112번지 334, 334-1, 337-4, 337-5",2,1,1,0,,,False,False,True,False,False,1,1,0,1
LOC000115,35.1060515475161,128.839039410374,4812965000.0,웅동2동,진해구,경상남도 창원시 진해구 가주로15번길 23 (가주동),2,1,1,0,,,False,False,True,False,False,1,1,0,1
LOC000116,35.106061915263,128.459335921234,4812534000.0,진전면,마산합포구,경상남도 창원시 마산합포구 진전면 미더덕로 102,3,1,1,1,,,True,False,False,False,False,1,1,1,1
LOC000117,35.1062089223655,128.523125574276,4812532000.0,진동면,마산합포구,경상남도 창원시 마산합포구 진동면 다구2길 121-35,1,0,1,0,,,False,False,True,False,False,1,0,0,1
LOC000118,35.1063294734874,128.519753974865,4812532000.0,진동면,마산합포구,경상남도 창원시 마산합포구 진동면 다구1길 82,3,1,1,1,,,False,True,False,False,False,1,1,1,1
LOC000119,35.1063907212922,128.748235932454,4812963000.0,웅천동,진해구,경상남도 창원시 진해구 남영로 15 (남문동),1,1,0,0,,,False,False,False,False,False,1,1,0,0
LOC000120,35.1064659070599,128.744713244838,4812963000.0,웅천동,진해구,경상남도 창원시 진해구 웅천서로41번길 16 (제덕동),1,1,0,0,,,False,False,False,False,False,1,1,0,0
LOC000121,35.1064870938137,128.744067751042,4812963000.0,웅천동,진해구,"경상남도 창원시 진해구 웅천서로41번길 28(제덕동, (주)골드테크)",2,2,0,0,,,False,False,False,False,False,2,2,0,0
LOC000122,35.1065568514333,128.840256764971,4812965000.0,웅동2동,진해구,경상남도 창원시 진해구 가락대로 259 (가주동),1,0,1,0,,,False,True,False,False,False,1,0,0,1
LOC000123,35.1066279076589,128.74577368155,4812963000.0,웅천동,진해구,경상남도 창원시 진해구 웅천서로41번길 93 (제덕동) 성영기전코리아,2,2,0,0,,,False,False,False,False,False,2,2,0,0
LOC000124,35.1067129416104,128.744756456184,4812963000.0,웅천동,진해구,경상남도 창원시 진해구 웅천서로41번길 90 (제덕동),1,1,0,0,,,False,False,False,False,False,1,1,0,0
LOC000125,35.1067656929434,128.802875665321,4812965000.0,웅동2동,진해구,경상남도 창원시 진해구 안청로 95 (청안동),1,0,1,0,,,True,False,False,False,False,1,0,0,1
LOC000126,35.1068225793085,128.744283489691,4812963000.0,웅천동,진해구,경상남도 창원시 진해구 웅천서로41번길 84 (제덕동) (주)기현산업,2,2,0,0,,,False,False,False,False,False,2,2,0,0
LOC000127,35.1069531964752,128.742558551147,4812963000.0,웅천동,진해구,경상남도 창원시 진해구 웅천서로41번길 72 (제덕동),2,2,0,0,,,False,False,False,False,False,2,2,0,0
LOC000128,35.1069787573486,128.743187607513,4812963000.0,웅천동,진해구,경상남도 창원시 진해구 웅천서로41번길 30 (제덕동),1,1,0,0,,,False,False,False,False,False,1,1,0,0
LOC000129,35.1071568054476,128.741792131796,4812963000.0,웅천동,진해구,경상남도 창원시 진해구 웅천서로41번길 66 (제덕동),1,1,0,0,,,False,False,False,False,False,1,1,0,0
LOC000130,35.107217951323,128.428737249871,4812534000.0,진전면,마산합포구,경상남도 창원시 마산합포구 진전면 팔의사로 861 근린,1,1,0,0,,,False,False,False,False,False,1,1,0,0
LOC000131,35.1073815498209,128.459493251787,4812534000.0,진전면,마산합포구,경상남도 창원시 마산합포구 진전면 미더덕로 101 (공장),1,1,0,0,,,False,False,False,False,False,1,1,0,0
LOC000132,35.1073999202543,128.459007940283,4812534000.0,진전면,마산합포구,경상남도 창원시 마산합포구 진전면 미더덕로 89,3,1,1,1,,,True,False,False,False,False,1,1,1,1
LOC000133,35.1075330936456,128.49352289875,4812532000.0,진동면,마산합포구,경상남도 창원시 마산합포구 진동면 요장해안길 191,1,1,0,0,,,False,False,False,False,False,1,1,0,0
LOC000134,35.107727573281,128.752736380108,4812963000.0,웅천동,진해구,경상남도 창원시 진해구 남영로159번길 90 (남문동),1,1,0,0,,,False,False,False,False,False,1,1,0,0
LOC000135,35.1078861136457,128.73235781265,4812963000.0,웅천동,진해구,경상남도 창원시 진해구 진해대로 1426-48 (서중동),1,0,0,1,,,False,False,False,True,True,1,0,1,0
LOC000136,35.1079982790184,128.718846581275,4812963000.0,웅천동,진해구,"경상남도 창원시 진해구 명제로 77 (죽곡동, (주)웅천의장) (총 3 필지)",2,1,0,1,,,False,False,False,True,True,1,1,1,0
LOC000137,35.1081439624972,128.754727695995,4812963000.0,웅천동,진해구,경상남도 창원시 진해구 남영로159번길 68-15 (남문동),1,1,0,0,,,False,False,False,False,False,1,1,0,0
LOC000138,35.1082245349355,128.807585744366,4812965000.0,웅동2동,진해구,경상남도 창원시 진해구 진해대로 2257 (용원동),4,1,3,0,,,True,True,True,False,False,1,1,0,1
LOC000139,35.1082998582822,128.489680489167,4812532000.0,진동면,마산합포구,경상남도 창원시 마산합포구 진동면 해양관광로 70-76,4,1,2,1,,,False,True,True,False,False,1,1,1,1
LOC000140,35.1083948712856,128.696101925304,4812962000.0,풍호동,진해구,경상남도 창원시 진해구 행암동 393-9,1,0,1,0,,,False,True,False,False,False,1,0,0,1
LOC000141,35.1086690614618,128.74359089887,4812963000.0,웅천동,진해구,경상남도 창원시 진해구 웅천서로41번길 65-15 (서중동),1,0,1,0,,,True,False,False,False,False,1,0,0,1
LOC000142,35.1086937365558,128.808344933376,4812965000.0,웅동2동,진해구,경상남도 창원시 진해구 용원동 547,1,0,0,1,,,False,False,False,True,False,1,0,1,0
LOC000143,35.1087642370683,128.719144963169,4812963000.0,웅천동,진해구,경상남도 창원시 진해구 명제로 73 (죽곡동),2,1,1,0,,,True,False,False,False,False,1,1,0,1
LOC000144,35.108875283753,128.71970289344,4812963000.0,웅천동,진해구,경상남도 창원시 진해구 명제로 67 (죽곡동),1,1,0,0,,,False,False,False,False,False,1,1,0,0
LOC000145,35.1088958545564,128.456549224738,4812534000.0,진전면,마산합포구,경상남도 창원시 마산합포구 진전면 삼진의거대로 364-179,3,0,2,1,,,True,True,False,False,False,1,0,1,1
LOC000146,35.1091641061122,128.459400993472,4812534000.0,진전면,마산합포구,경상남도 창원시 마산합포구 진전면 율티리 147번지,1,1,0,0,,,False,False,False,False,False,1,1,0,0
LOC000147,35.1092054287634,128.458835796933,4812534000.0,진전면,마산합포구,경상남도 창원시 마산합포구 진전면 삼진의거대로 364-55,2,2,0,0,,,False,False,False,False,False,2,2,0,0
LOC000148,35.1094727398329,128.458431794006,4812534000.0,진전면,마산합포구,경상남도 창원시 마산합포구 진전면 삼진의거대로 364-77,4,2,2,0,,,True,True,False,False,False,2,2,0,1
LOC000149,35.1094830376098,128.456863590596,4812534000.0,진전면,마산합포구,경상남도 창원시 마산합포구 진전면 율티리 181번지 외 2필지,1,1,0,0,,,False,False,False,False,False,1,1,0,0
LOC000150,35.1095090602952,128.458678996073,4812534000.0,진전면,마산합포구,경상남도 창원시 마산합포구 진전면 삼진의거대로 364-59 (성라정공),1,1,0,0,,,False,False,False,False,False,1,1,0,0
LOC000151,35.1095210885469,128.720123130416,4812963000.0,웅천동,진해구,경상남도 창원시 진해구 명제로 61 (죽곡동),3,1,1,1,,,True,False,False,True,False,1,1,1,1
LOC000152,35.1095761978314,128.805855379543,4812965000.0,웅동2동,진해구,경상남도 창원시 진해구 진해대로 2235 (용원동),1,0,1,0,,,False,True,False,False,False,1,0,0,1
LOC000153,35.1095863494996,128.485941105099,4812532000.0,진동면,마산합포구,경상남도 창원시 마산합포구 진동면 동촌길 129,3,1,2,0,,,False,True,True,False,False,2,1,0,2
LOC000154,35.1099242679607,128.719445708312,4812963000.0,웅천동,진해구,경상남도 창원시 진해구 죽곡동 392-1,1,0,1,0,,,True,False,False,False,False,1,0,0,1
LOC000155,35.1099891540973,128.600356155014,4812531000.0,구산면,마산합포구,경상남도 창원시 마산합포구 구산면 안녕로 301,1,1,0,0,,,False,False,False,False,False,1,1,0,0
LOC000156,35.1100301308093,128.719282764436,4812963000.0,웅천동,진해구,경상남도 창원시 진해구 명제로 57 (죽곡동) 외 1필지,2,1,1,0,,,True,False,False,False,False,2,1,0,1
LOC000157,35.1101221692787,128.45829146232,4812533000.0,진북면,마산합포구,경상남도 창원시 마산합포구 진북면 삼진의거대로 352,3,1,1,1,,,True,False,False,False,False,1,1,1,1
LOC000158,35.1106227818318,128.422476407483,4812534000.0,진전면,마산합포구,경상남도 창원시 마산합포구 진전면 팔의사로 793,1,1,0,0,,,False,False,False,False,False,1,1,0,0
LOC000159,35.1109177502756,128.790537233712,4812964000.0,웅동1동,진해구,경상남도 창원시 진해구 청안로 47 (두동),1,1,0,0,,,False,False,False,False,False,1,1,0,0
LOC000160,35.1109267507578,128.724598992421,4812963000.0,웅천동,진해구,경상남도 창원시 진해구 죽곡로 136 (죽곡동),2,0,2,0,,,True,True,False,False,False,1,0,0,1
LOC000161,35.111007672852,128.805717195337,4812965000.0,웅동2동,진해구,경상남도 창원시 진해구 진해대로 2221 (용원동),1,0,1,0,,,False,True,False,False,False,1,0,0,1
LOC000162,35.1110763898115,128.459275838627,4812533000.0,진북면,마산합포구,경상남도 창원시 마산합포구 진북면 삼진의거대로 361 (대한특장차제작) 외 2필지,1,1,0,0,,,False,False,False,False,False,1,1,0,0
LOC000163,35.1111357103605,128.814509877717,4812965000.0,웅동2동,진해구,경상남도 창원시 진해구 용원동 산 111,1,0,1,0,,,True,False,False,False,False,1,0,0,1
LOC000164,35.1111863904635,128.837106669598,4812965000.0,웅동2동,진해구,경상남도 창원시 진해구 가주로73번길 14 (가주동),1,0,1,0,,,True,False,False,False,False,1,0,0,1
LOC000165,35.1112808685703,128.805757003254,4812965000.0,웅동2동,진해구,경상남도 창원시 진해구 진해대로 2217 (용원동),1,0,1,0,,,True,False,False,False,False,1,0,0,1
LOC000166,35.1114587884121,128.755067367303,4812963000.0,웅천동,진해구,경상남도 창원시 진해구 웅천동로164번길 38-11 (성내동),1,1,0,0,,,False,False,False,False,False,1,1,0,0
LOC000167,35.111462641686,128.839475116493,4812965000.0,웅동2동,진해구,경상남도 창원시 진해구 가주동 50 외 5필지,1,0,1,0,,,False,False,True,False,False,1,0,0,1
LOC000168,35.1115595099553,128.778916055509,4812964000.0,웅동1동,진해구,경상남도 창원시 진해구 남영로473번길 21 (남양동),1,1,0,0,,,False,False,False,False,False,1,1,0,0
LOC000169,35.1117205266741,128.721926146684,4812963000.0,웅천동,진해구,경상남도 창원시 진해구 명제로 37(죽곡동),1,1,0,0,,,False,False,False,False,False,1,1,0,0
LOC000170,35.111723042825,128.839680136876,4812965000.0,웅동2동,진해구,경상남도 창원시 진해구 가주로 60 (가주동),2,1,1,0,,,False,True,False,False,False,1,1,0,1
LOC000171,35.1117533683222,128.46501783215,4812533000.0,진북면,마산합포구,"경상남도 창원시 마산합포구 진북면 삼진의거대로 408-20, (지산리 302-2)",3,1,2,0,,,True,False,True,False,False,1,1,0,1
LOC000172,35.1118778731619,128.725949733428,4812963000.0,웅천동,진해구,경상남도 창원시 진해구 죽곡로 146 (죽곡동) 외 1필지,2,1,1,0,,,False,True,False,False,False,1,1,0,1
LOC000173,35.1123703311874,128.726169273308,4812963000.0,웅천동,진해구,경상남도 창원시 진해구 죽곡로 158 (죽곡동),1,1,0,0,,,False,False,False,False,False,1,1,0,0
LOC000174,35.1124751962861,128.492613348242,4812532000.0,진동면,마산합포구,경상남도 창원시 마산합포구 진동면 요장2길 66-8,2,0,2,0,,,True,False,True,False,False,2,0,0,2
LOC000175,35.112532012057,128.83692060268,4812965000.0,웅동2동,진해구,경상남도 창원시 진해구 가주로 84 (가주동),1,1,0,0,,,False,False,False,False,False,1,1,0,0
LOC000176,35.112552850941,128.724027847839,4812963000.0,웅천동,진해구,경상남도 창원시 진해구 명제로35번길 37 (죽곡동),1,1,0,0,,,False,False,False,False,False,1,1,0,0
LOC000177,35.1125596755027,128.719817940111,4812963000.0,웅천동,진해구,경상남도 창원시 진해구 명제로 26 (죽곡동),2,1,0,1,,,False,False,False,True,False,1,1,1,0
LOC000178,35.112608929804,128.72372215375,4812963000.0,웅천동,진해구,"경상남도 창원시 진해구 명제로35번길 27 (죽곡동, 세진정공)",1,1,0,0,,,False,False,False,False,False,1,1,0,0
LOC000179,35.1126386662163,128.721966415359,4812963000.0,웅천동,진해구,"경상남도 창원시 진해구 명제로35번길 21 (죽곡동, 세진산업(주))",1,1,0,0,,,False,False,False,False,False,1,1,0,0
LOC000180,35.1127945507297,128.728135078534,4812963000.0,웅천동,진해구,경상남도 창원시 진해구 어은로 42-19 (죽곡동),4,1,2,1,,,False,True,True,True,True,1,1,1,1
LOC000181,35.1128410089187,128.789880244971,4812964000.0,웅동1동,진해구,"경상남도 창원시 진해구 청안로8번길 27, 1210-2번지 외 2필지 (두동)",3,1,0,2,,,False,False,False,True,False,3,1,2,0
LOC000182,35.1128514300585,128.751835896337,4812963000.0,웅천동,진해구,경상남도 창원시 진해구 웅천동로 192-5 (성내동),1,0,1,0,,,False,True,False,False,False,1,0,0,1
LOC000183,35.1130786086284,128.362147877295,4812534000.0,진전면,마산합포구,경상남도 창원시 마산합포구 진전면 적석산2길 98 외 2필지,1,1,0,0,,,False,False,False,False,False,1,1,0,0
LOC000184,35.1131577214899,128.473641394706,4812532000.0,진동면,마산합포구,경상남도 창원시 마산합포구 진동면 신기남산길 149-9,1,1,0,0,,,False,False,False,False,False,1,1,0,0
LOC000185,35.1131809068585,128.462262065277,4812533000.0,진북면,마산합포구,경상남도 창원시 마산합포구 진북면 의림로 1,2,0,2,0,,,True,False,True,False,False,1,0,0,1
LOC000186,35.1135188471119,128.476071552762,4812532000.0,진동면,마산합포구,경상남도 창원시 마산합포구 진동면 신기남산길 120-90,1,1,0,0,,,False,False,False,False,False,1,1,0,0
LOC000187,35.1135398445484,128.475960713415,4812532000.0,진동면,마산합포구,경상남도 창원시 마산합포구 진동면 신기리 432번지,1,1,0,0,,,False,False,False,False,False,1,1,0,0
LOC000188,35.1135430096608,128.72771228363,4812963000.0,웅천동,진해구,경상남도 창원시 진해구 어은로32번길 15 (죽곡동),2,2,0,0,,,False,False,False,False,False,2,2,0,0
LOC000189,35.1142381877107,128.802991934515,4812964000.0,웅동1동,진해구,경상남도 창원시 진해구 진해대로 2180 (두동),1,0,1,0,,,False,True,False,False,False,1,0,0,1
LOC000190,35.1143973280467,128.788011598114,4812964000.0,웅동1동,진해구,경상남도 창원시 진해구 남의로26번길 47 (남양동),1,1,0,0,,,False,False,False,False,False,1,1,0,0
LOC000191,35.1146097966805,128.755703748389,4812963000.0,웅천동,진해구,경상남도 창원시 진해구 웅천로 232 (성내동),3,1,2,0,,,True,False,True,False,False,1,1,0,1
LOC000192,35.1147993017871,128.802596954764,4812964000.0,웅동1동,진해구,경상남도 창원시 진해구 진해대로 2170 보배산주유소 (두동),1,0,1,0,,,False,True,False,False,False,1,0,0,1
LOC000193,35.1148177536807,128.788902600369,4812964000.0,웅동1동,진해구,경상남도 창원시 진해구 남의로 68 (남양동) 외 1필지,1,1,0,0,,,False,False,False,False,False,1,1,0,0
LOC000194,35.1148229163798,128.749691980212,4812963000.0,웅천동,진해구,경상남도 창원시 진해구 웅천로159번길 34 (북부동),1,1,0,0,,,False,False,False,False,False,1,1,0,0
LOC000195,35.1148677246274,128.458132200649,4812533000.0,진북면,마산합포구,경상남도 창원시 마산합포구 진북면 의림로 51,4,1,3,0,,,True,True,True,False,False,2,1,0,1
LOC000196,35.1148998843365,128.791603035998,4812964000.0,웅동1동,진해구,경상남도 창원시 진해구 남의로 94 (두동),1,0,1,0,,,False,True,False,False,False,1,0,0,1
LOC000197,35.1149756603275,128.470384036169,4812533000.0,진북면,마산합포구,경상남도 창원시 마산합포구 진북면 삼진의거대로 474,1,0,1,0,,,True,False,False,False,False,1,0,0,1
LOC000198,35.115037316399,128.474381831881,4812533000.0,진북면,마산합포구,경상남도 창원시 마산합포구 진북면 지산리 69-7,1,0,1,0,,,False,True,False,False,False,1,0,0,1
LOC000199,35.1151710336554,128.779930027408,4812964000.0,웅동1동,진해구,경상남도 창원시 진해구 남영로511번길 19 (남양동) (주)금오금속공업,2,2,0,0,,,False,False,False,False,False,2,2,0,0
LOC000200,35.1152198281723,128.779160263747,4812964000.0,웅동1동,진해구,경상남도 창원시 진해구 남양동 428번지,1,1,0,0,,,False,False,False,False,False,1,1,0,0
LOC000201,35.1152347890792,128.778527849778,4812964000.0,웅동1동,진해구,경상남도 창원시 진해구 남영로511번길 29 (남양동),1,1,0,0,,,False,False,False,False,False,1,1,0,0
LOC000202,35.115271818677,128.786970221634,4812964000.0,웅동1동,진해구,"경상남도 창원시 진해구 남의로 47 (남양동, 우일금속(주))",1,1,0,0,,,False,False,False,False,False,1,1,0,0
LOC000203,35.1153851410742,128.788891644248,4812964000.0,웅동1동,진해구,"경상남도 창원시 진해구 남의로 67 (남양동, 신한금속)",1,1,0,0,,,False,False,False,False,False,1,1,0,0
LOC000204,35.1154372495203,128.772367273574,4812964000.0,웅동1동,진해구,경상남도 창원시 진해구 남양동 387번지,1,1,0,0,,,False,False,False,False,False,1,1,0,0
LOC000205,35.1154721733414,128.785140977836,4812964000.0,웅동1동,진해구,"경상남도 창원시 진해구 남의로 33 (남양동, 화인금속)",1,1,0,0,,,False,False,False,False,False,1,1,0,0
LOC000206,35.1155306741446,128.598961436824,4812531000.0,구산면,마산합포구,경상남도 창원시 마산합포구 구산면 안녕로 255 (대영수산) 외 4필지,2,1,0,1,,,False,False,False,False,False,2,1,1,0
LOC000207,35.1155343465354,128.775695304084,4812964000.0,웅동1동,진해구,"경상남도 창원시 진해구 남영로511번길 59 (남양동, (주)동방주공공장)",1,1,0,0,,,False,False,False,False,False,1,1,0,0
LOC000208,35.1155382413275,128.788214979366,4812964000.0,웅동1동,진해구,경상남도 창원시 진해구 남의로 57 (남양동),2,2,0,0,,,False,False,False,False,False,2,2,0,0
LOC000209,35.1155575830539,128.791445131644,4812964000.0,웅동1동,진해구,경상남도 창원시 진해구 웅동로 212 (두동),1,0,1,0,,,True,False,False,False,False,1,0,0,1
LOC000210,35.1155585803279,128.785546044962,4812964000.0,웅동1동,진해구,경상남도 창원시 진해구 남의로43번길 5(남양동),1,1,0,0,,,False,False,False,False,False,1,1,0,0
LOC000211,35.1155818337414,128.774926821678,4812964000.0,웅동1동,진해구,경상남도 창원시 진해구 남영로527번길 87 (남양동),2,2,0,0,,,False,False,False,False,False,2,2,0,0
LOC000212,35.1156377444603,128.45699499056,4812533000.0,진북면,마산합포구,경상남도 창원시 마산합포구 진북면 의림로 61 1동 2층,1,1,0,0,,,False,False,False,False,False,1,1,0,0
LOC000213,35.1156470570976,128.776300111771,4812964000.0,웅동1동,진해구,경상남도 창원시 진해구 남영로511번길 51 (남양동),1,1,0,0,,,False,False,False,False,False,1,1,0,0
LOC000214,35.115651529035,128.485180668531,4812532000.0,진동면,마산합포구,경상남도 창원시 마산합포구 진동면 진동리 628-1,1,0,1,0,,,False,True,False,False,False,1,0,0,1
LOC000215,35.1156590967548,128.773108799153,4812964000.0,웅동1동,진해구,경상남도 창원시 진해구 남영로527번길 98(남양동),3,3,0,0,,,False,False,False,False,False,3,3,0,0
LOC000216,35.115676582971,128.79678090199,4812964000.0,웅동1동,진해구,경상남도 창원시 진해구 남의로 154-6 (두동),1,0,0,1,,,False,False,False,True,False,1,0,1,0
LOC000217,35.1158089204833,128.784078727317,4812964000.0,웅동1동,진해구,경상남도 창원시 진해구 남의로 25 (남양동),1,1,0,0,,,False,False,False,False,False,1,1,0,0
LOC000218,35.115876663716,128.785530831389,4812964000.0,웅동1동,진해구,"경상남도 창원시 진해구 남의로43번길 11 (남양동, (주)경우정공)",1,1,0,0,,,False,False,False,False,False,1,1,0,0
LOC000219,35.1159011797242,128.78901359425,4812964000.0,웅동1동,진해구,경상남도 창원시 진해구 남의로63번길 12 (남양동),1,1,0,0,,,False,False,False,False,False,1,1,0,0
LOC000220,35.1159091783018,128.773614250939,4812964000.0,웅동1동,진해구,경상남도 창원시 진해구 남영로527번길 92 (남양동),1,1,0,0,,,False,False,False,False,False,1,1,0,0
LOC000221,35.115947549812,128.48335187843,4812532000.0,진동면,마산합포구,경상남도 창원시 마산합포구 진동면 신서촌로 15 진동종합복지타운,1,0,1,0,,,True,False,False,False,False,1,0,0,1
LOC000222,35.1159794883402,128.471201026773,4812533000.0,진북면,마산합포구,경상남도 창원시 마산합포구 진북면 지산5길 8 (금강샤시),1,1,0,0,,,False,False,False,False,False,1,1,0,0
LOC000223,35.1159846047743,128.778853118331,4812964000.0,웅동1동,진해구,경상남도 창원시 진해구 남영로511번길 30 (남양동),1,1,0,0,,,False,False,False,False,False,1,1,0,0
LOC000224,35.1159968287986,128.779518265565,4812964000.0,웅동1동,진해구,경상남도 창원시 진해구 남영로511번길 22 (남양동),3,3,0,0,,,False,False,False,False,False,3,3,0,0
LOC000225,35.1160041912465,128.782745326413,4812964000.0,웅동1동,진해구,"경상남도 창원시 진해구 남의로 7 (남양동, 남광주제산업(주)) 외 2필지",1,1,0,0,,,False,False,False,False,False,1,1,0,0
LOC000226,35.1160639085018,128.778036627379,4812964000.0,웅동1동,진해구,경상남도 창원시 진해구 남양동 424번지,2,2,0,0,,,False,False,False,False,False,2,2,0,0
LOC000227,35.1161003748097,128.773820317437,4812964000.0,웅동1동,진해구,경상남도 창원시 진해구 남영로527번길 88 (남양동),1,1,0,0,,,False,False,False,False,False,1,1,0,0
LOC000228,35.1161109539622,128.775608667304,4812964000.0,웅동1동,진해구,경상남도 창원시 진해구 남영로511번길 62 (남양동),1,1,0,0,,,False,False,False,False,False,1,1,0,0
LOC000229,35.1162366301263,128.784575035098,4812964000.0,웅동1동,진해구,"경상남도 창원시 진해구 남영로522번길 26 (남양동, 갑을정공(주))",1,1,0,0,,,False,False,False,False,False,1,1,0,0
LOC000230,35.116284606578,128.779075053746,4812964000.0,웅동1동,진해구,경상남도 창원시 진해구 남영로511번길 26 (남양동),3,3,0,0,,,False,False,False,False,False,3,3,0,0
LOC000231,35.1163384911853,128.777878183325,4812964000.0,웅동1동,진해구,경상남도 창원시 진해구 남영로511번길 32 (남양동),1,1,0,0,,,False,False,False,False,False,1,1,0,0
LOC000232,35.1163494308256,128.77693571523,4812964000.0,웅동1동,진해구,경상남도 창원시 진해구 남영로511번길 48 (남양동),2,2,0,0,,,False,False,False,False,False,2,2,0,0
LOC000233,35.116414943588,128.785250608889,4812964000.0,웅동1동,진해구,경상남도 창원시 진해구 남의로43번길 13 (남양동),1,1,0,0,,,False,False,False,False,False,1,1,0,0
LOC000234,35.1164193850215,128.797125927243,4812964000.0,웅동1동,진해구,경상남도 창원시 진해구 남의로 156 (두동),1,1,0,0,,,False,False,False,False,False,1,1,0,0
LOC000235,35.1164497401481,128.789221808011,4812964000.0,웅동1동,진해구,경상남도 창원시 진해구 남영로522번길 72 (남양동),1,1,0,0,,,False,False,False,False,False,1,1,0,0
LOC000236,35.1164862998575,128.777349223542,4812964000.0,웅동1동,진해구,경상남도 창원시 진해구 남영로511번길 42(남양동),1,1,0,0,,,False,False,False,False,False,1,1,0,0
LOC000237,35.1165147544483,128.77417742907,4812964000.0,웅동1동,진해구,경상남도 창원시 진해구 남영로527번길 84(남양동),2,2,0,0,,,False,False,False,False,False,2,2,0,0
LOC000238,35.1165844376076,128.784254895109,4812964000.0,웅동1동,진해구,"경상남도 창원시 진해구 남영로522번길 20 (남양동, 동성특수주강(주))",1,1,0,0,,,False,False,False,False,False,1,1,0,0
LOC000239,35.1166498163661,128.788635332584,4812964000.0,웅동1동,진해구,경상남도 창원시 진해구 남영로522번길 66 (남양동),2,2,0,0,,,False,False,False,False,False,2,2,0,0
LOC000240,35.1168001449019,128.779765739857,4812964000.0,웅동1동,진해구,경상남도 창원시 진해구 남영로527번길 19 (남양동),1,1,0,0,,,False,False,False,False,False,1,1,0,0
LOC000241,35.1168083848979,128.780186437165,4812964000.0,웅동1동,진해구,경상남도 창원시 진해구 남영로527번길 11-6(남양동),2,2,0,0,,,False,False,False,False,False,2,2,0,0
LOC000242,35.1168106726521,128.783365159361,4812964000.0,웅동1동,진해구,경상남도 창원시 진해구 남영로522번길 15 (남양동),1,1,0,0,,,False,False,False,False,False,1,1,0,0
LOC000243,35.1168325825996,128.779127880798,4812964000.0,웅동1동,진해구,경상남도 창원시 진해구 남영로527번길 25 (남양동),2,2,0,0,,,False,False,False,False,False,2,2,0,0
LOC000244,35.1168357380671,128.784894662216,4812964000.0,웅동1동,진해구,"경상남도 창원시 진해구 남영로522번길 29 (남양동, 삼광산업주)",1,1,0,0,,,False,False,False,False,False,1,1,0,0
LOC000245,35.1168940357736,128.774728029066,4812964000.0,웅동1동,진해구,경상남도 창원시 진해구 남영로527번길 72 (남양동),3,3,0,0,,,False,False,False,False,False,3,3,0,0
LOC000246,35.1168946320236,128.798696689037,4812964000.0,웅동1동,진해구,경상남도 창원시 진해구 진해대로 2128 (두동),1,0,1,0,,,False,True,False,False,False,1,0,0,1
LOC000247,35.1169238412491,128.595766776892,4812531000.0,구산면,마산합포구,경상남도 창원시 마산합포구 구산면 안녕로 161,1,1,0,0,,,False,False,False,False,False,1,1,0,0
LOC000248,35.1169690690584,128.785466927193,4812964000.0,웅동1동,진해구,경상남도 창원시 진해구 남의로43번길 25 (남양동),2,2,0,0,,,False,False,False,False,False,2,2,0,0
LOC000249,35.1169968541394,128.77732982352,4812964000.0,웅동1동,진해구,"경상남도 창원시 진해구 남영로527번길 53 (남양동, 부국정기)",1,1,0,0,,,False,False,False,False,False,1,1,0,0
LOC000250,35.1170049168422,128.775808604926,4812964000.0,웅동1동,진해구,경상남도 창원시 진해구 남영로527번길 59(남양동),1,1,0,0,,,False,False,False,False,False,1,1,0,0
LOC000251,35.1170171935126,128.39356546117,4812534000.0,진전면,마산합포구,경상남도 창원시 마산합포구 진전면 팔의사로 495 (진전면) 외 1필지,2,1,1,0,,,False,False,True,False,False,1,1,0,1
LOC000252,35.1170380709326,128.78812776968,4812964000.0,웅동1동,진해구,경상남도 창원시 진해구 남의로63번길 21 (남양동),1,1,0,0,,,False,False,False,False,False,1,1,0,0
LOC000253,35.1170401555287,128.778057953515,4812964000.0,웅동1동,진해구,경상남도 창원시 진해구 남영로527번길 31 (남양동),1,1,0,0,,,False,False,False,False,False,1,1,0,0
LOC000254,35.1170468025658,128.783150065998,4812964000.0,웅동1동,진해구,경상남도 창원시 진해구 남영로522번길 11 (남양동),1,1,0,0,,,False,False,False,False,False,1,1,0,0
LOC000255,35.1170928922964,128.465019976631,4812533000.0,진북면,마산합포구,경상남도 창원시 마산합포구 진북면 지산2길 51 (경남식품),2,1,0,1,,,False,False,False,False,False,1,1,1,0
LOC000256,35.117120018733,128.38524874626,4812534000.0,진전면,마산합포구,경상남도 창원시 마산합포구 진전면 내평길 33-246,2,0,2,0,,,True,True,False,False,False,1,0,0,1
LOC000257,35.1171364467221,128.786682232693,4812964000.0,웅동1동,진해구,"경상남도 창원시 진해구 남의로43번길 28 (남양동, 한황산업(주))",1,1,0,0,,,False,False,False,False,False,1,1,0,0
LOC000258,35.1172068085339,128.798065425792,4812964000.0,웅동1동,진해구,경상남도 창원시 진해구 진해대로 2120 (두동),1,0,1,0,,,False,True,False,False,False,1,0,0,1
LOC000259,35.1172997553167,128.775079367204,4812964000.0,웅동1동,진해구,경상남도 창원시 진해구 남영로527번길 70 (남양동),1,1,0,0,,,False,False,False,False,False,1,1,0,0
LOC000260,35.1173186812068,128.77775360671,4812964000.0,웅동1동,진해구,경상남도 창원시 진해구 남영로527번길 43 (남양동),1,1,0,0,,,False,False,False,False,False,1,1,0,0
LOC000261,35.1173848793337,128.783264374551,4812964000.0,웅동1동,진해구,"경상남도 창원시 진해구 남의로21번길 23 (남양동, 푸른동원)",2,2,0,0,,,False,False,False,False,False,2,2,0,0
LOC000262,35.1174432306801,128.787915835268,4812964000.0,웅동1동,진해구,경상남도 창원시 진해구 남의로63번길 27 (남양동),1,1,0,0,,,False,False,False,False,False,1,1,0,0
LOC000263,35.1174531818364,128.784262983104,4812964000.0,웅동1동,진해구,"경상남도 창원시 진해구 남영로522번길 21 (남양동, 쌍화흥조조창)",1,1,0,0,,,False,False,False,False,False,1,1,0,0
LOC000264,35.1174637865093,128.465524930099,4812533000.0,진북면,마산합포구,경상남도 창원시 마산합포구 진북면 지산리 220-6번지,1,1,0,0,,,False,False,False,False,False,1,1,0,0
LOC000265,35.1174924886034,128.782424909655,4812964000.0,웅동1동,진해구,경상남도 창원시 진해구 남영로 534-6 (남양동),2,2,0,0,,,False,False,False,False,False,2,2,0,0
LOC000266,35.1175230809981,128.779711928262,4812964000.0,웅동1동,진해구,경상남도 창원시 진해구 남영로527번길 18 (남양동),1,1,0,0,,,False,False,False,False,False,1,1,0,0
LOC000267,35.1175497504431,128.46484048047,4812533000.0,진북면,마산합포구,경상남도 창원시 마산합포구 진북면 지산2길 53,1,0,0,1,,,False,False,False,False,False,1,0,1,0
LOC000268,35.1175609045812,128.461497933836,4812533000.0,진북면,마산합포구,경상남도 창원시 마산합포구 진북면 지산1길 98-94,4,1,2,1,,,True,False,True,False,False,1,1,1,1
LOC000269,35.1175840097582,128.775324752076,4812964000.0,웅동1동,진해구,"경상남도 창원시 진해구 남영로527번길 66(남양동, 한호금속)",1,1,0,0,,,False,False,False,False,False,1,1,0,0
LOC000270,35.1175872773569,128.797167924416,4812964000.0,웅동1동,진해구,경상남도 창원시 진해구 두동 1088-2,1,0,1,0,,,True,False,False,False,False,1,0,0,1
LOC000271,35.1176610724388,128.780146530485,4812964000.0,웅동1동,진해구,경상남도 창원시 진해구 남영로527번길 16 (남양동) 외 1필지,2,2,0,0,,,False,False,False,False,False,2,2,0,0
LOC000272,35.117688392464,128.778936669132,4812964000.0,웅동1동,진해구,경상남도 창원시 진해구 남영로527번길 28 (남양동),1,1,0,0,,,False,False,False,False,False,1,1,0,0
LOC000273,35.1177030738359,128.778489044986,4812964000.0,웅동1동,진해구,경상남도 창원시 진해구 남영로527번길 38 (남양동),1,1,0,0,,,False,False,False,False,False,1,1,0,0
LOC000274,35.1178233422057,128.787947833757,4812964000.0,웅동1동,진해구,경상남도 창원시 진해구 남의로63번길 31(남양동),2,2,0,0,,,False,False,False,False,False,2,2,0,0
LOC000275,35.1178260618566,128.78990024118,4812964000.0,웅동1동,진해구,경상남도 창원시 진해구 남영로522번길 61 (남양동),1,1,0,0,,,False,False,False,False,False,1,1,0,0
LOC000276,35.1178976477242,128.782763772166,4812964000.0,웅동1동,진해구,"경상남도 창원시 진해구 남영로 534-5 (남양동, 고려recycling)",1,1,0,0,,,False,False,False,False,False,1,1,0,0
LOC000277,35.1179342435528,128.471453248413,4812533000.0,진북면,마산합포구,경상남도 창원시 마산합포구 진북면 지산리 88-3,1,0,1,0,,,False,False,True,False,False,1,0,0,1
LOC000278,35.117944583497,128.46058504757,4812533000.0,진북면,마산합포구,경상남도 창원시 마산합포구 진북면 예곡리 7-1,1,0,1,0,,,False,False,True,False,False,1,0,0,1
LOC000279,35.1179826440363,128.783338716996,4812964000.0,웅동1동,진해구,"경상남도 창원시 진해구 남의로21번길 35 (남양동, 삼보산업(주))",1,1,0,0,,,False,False,False,False,False,1,1,0,0
LOC000280,35.1180880767999,128.500830258073,4812532000.0,진동면,마산합포구,경상남도 창원시 마산합포구 진동면 교동2길 62,1,0,1,0,,,False,False,True,False,False,1,0,0,1
LOC000281,35.1181082459204,128.783934510693,4812964000.0,웅동1동,진해구,경상남도 창원시 진해구 남의로21번길 36 (남양동),1,1,0,0,,,False,False,False,False,False,1,1,0,0
LOC000282,35.1181201872403,128.787539610285,4812964000.0,웅동1동,진해구,경상남도 창원시 진해구 남의로43번길 36 (남양동),1,1,0,0,,,False,False,False,False,False,1,1,0,0
LOC000283,35.1181221981883,128.393052284777,4812534000.0,진전면,마산합포구,경상남도 창원시 마산합포구 진전면 팔의사로 511-97,1,1,0,0,,,False,False,False,False,False,1,1,0,0
LOC000284,35.1181669065766,128.700681899254,4812962000.0,풍호동,진해구,경상남도 창원시 진해구 진해대로1114번길 169 (행암동) (총 10 필지) 외 9필지,1,1,0,0,,,False,False,False,False,False,1,1,0,0
LOC000285,35.1181767213606,128.790083515567,4812964000.0,웅동1동,진해구,"경상남도 창원시 진해구 남의로71번길 35 (남양동, 대웅중자)",1,1,0,0,,,False,False,False,False,False,1,1,0,0
LOC000286,35.1182775498278,128.782607964787,4812964000.0,웅동1동,진해구,경상남도 창원시 진해구 남영로544번길 6 (남양동),1,1,0,0,,,False,False,False,False,False,1,1,0,0
LOC000287,35.118317200354,128.594573029057,4812531000.0,구산면,마산합포구,경상남도 창원시 마산합포구 구산면 안녕로 124,1,0,0,1,,,False,False,False,False,False,1,0,1,0
LOC000288,35.1183330441622,128.787741910328,4812964000.0,웅동1동,진해구,"경상남도 창원시 진해구 남영로544번길 54 (남양동, 조광산업사)",1,1,0,0,,,False,False,False,False,False,1,1,0,0
LOC000289,35.1184221997359,128.459168050903,4812533000.0,진북면,마산합포구,경상남도 창원시 마산합포구 지산1길 98-176 (진북면) 외 2필지,3,1,2,0,,,True,False,True,False,False,1,1,0,1
LOC000290,35.1184248371557,128.782734677678,4812964000.0,웅동1동,진해구,경상남도 창원시 진해구 남영로544번길 10 (남양동),1,1,0,0,,,False,False,False,False,False,1,1,0,0
LOC000291,35.1185158539466,128.785813721744,4812964000.0,웅동1동,진해구,경상남도 창원시 진해구 남의로43번길 35 (남양동),2,2,0,0,,,False,False,False,False,False,2,2,0,0
LOC000292,35.1186832167548,128.784846784152,4812964000.0,웅동1동,진해구,경상남도 창원시 진해구 남영로544번길 25 (남양동),1,1,0,0,,,False,False,False,False,False,1,1,0,0
LOC000293,35.1187474643431,128.785746605734,4812964000.0,웅동1동,진해구,경상남도 창원시 진해구 남의로43번길 43 (남양동),1,1,0,0,,,False,False,False,False,False,1,1,0,0
LOC000294,35.1188152072424,128.785210304462,4812964000.0,웅동1동,진해구,경상남도 창원시 진해구 남영로544번길 29 (남양동),1,1,0,0,,,False,False,False,False,False,1,1,0,0
LOC000295,35.1189500322143,128.788217272701,4812964000.0,웅동1동,진해구,"경상남도 창원시 진해구 남영로544번길 57 (남양동, 동일)",2,2,0,0,,,False,False,False,False,False,2,2,0,0
LOC000296,35.1189848023011,128.783944521458,4812964000.0,웅동1동,진해구,경상남도 창원시 진해구 남영로544번길 21 (남양동),1,1,0,0,,,False,False,False,False,False,1,1,0,0
LOC000297,35.1191560458944,128.783374277472,4812964000.0,웅동1동,진해구,경상남도 창원시 진해구 남영로552번길 16 (남양동),1,1,0,0,,,False,False,False,False,False,1,1,0,0
LOC000298,35.1191773598025,128.470576914018,4812533000.0,진북면,마산합포구,경상남도 창원시 마산합포구 진북면 학동로 35-32,1,1,0,0,,,False,False,False,False,False,1,1,0,0
LOC000299,35.119183699597,128.451736940978,4812533000.0,진북면,마산합포구,경상남도 창원시 마산합포구 진북면 의림로 124,1,1,0,0,,,False,False,False,False,False,1,1,0,0
LOC000300,35.119204722557,128.787410517763,4812964000.0,웅동1동,진해구,경상남도 창원시 진해구 남의로43번길 42 (남양동),1,1,0,0,,,False,False,False,False,False,1,1,0,0
LOC000301,35.1193362519108,128.785885705271,4812964000.0,웅동1동,진해구,경상남도 창원시 진해구 남의로43번길 47 (남양동),1,1,0,0,,,False,False,False,False,False,1,1,0,0
LOC000302,35.119354392525,128.777105733522,4812964000.0,웅동1동,진해구,경상남도 창원시 진해구 월남로138번길 16 (남양동),1,1,0,0,,,False,False,False,False,False,1,1,0,0
LOC000303,35.119370307729,128.784265200341,4812964000.0,웅동1동,진해구,"경상남도 창원시 진해구 남영로552번길 22 (남양동, (주)캐스텍코리아)",1,1,0,0,,,False,False,False,False,False,1,1,0,0
LOC000304,35.1194466923806,128.791950825415,4812964000.0,웅동1동,진해구,경상남도 창원시 진해구 웅동로 166 청안프리존빌딩 601호 (두동),1,0,1,0,,,False,True,False,False,False,1,0,0,1
LOC000305,35.1194859266505,128.785483248858,4812964000.0,웅동1동,진해구,"경상남도 창원시 진해구 남의로43번길 49 (남양동, 동남(주))",1,1,0,0,,,False,False,False,False,False,1,1,0,0
LOC000306,35.1195811022388,128.788684833646,4812964000.0,웅동1동,진해구,"경상남도 창원시 진해구 남의로71번길 63 (남양동, NSL)",1,1,0,0,,,False,False,False,False,False,1,1,0,0
LOC000307,35.1196191339412,128.787860396101,4812964000.0,웅동1동,진해구,"경상남도 창원시 진해구 남의로63번길 51 (남양동, 스틸코리아)",1,1,0,0,,,False,False,False,False,False,1,1,0,0
LOC000308,35.1197956475063,128.785668576354,4812964000.0,웅동1동,진해구,"경상남도 창원시 진해구 남의로43번길 51 (남양동, 시스코)",1,1,0,0,,,False,False,False,False,False,1,1,0,0
LOC000309,35.1198469556142,128.392825958565,4812534000.0,진전면,마산합포구,경상남도 창원시 마산합포구 진전면 동산2길 11-18,1,1,0,0,,,False,False,False,False,False,1,1,0,0
LOC000310,35.1200734055693,128.784346895655,4812964000.0,웅동1동,진해구,경상남도 창원시 진해구 남영로552번길 21 (남양동),1,1,0,0,,,False,False,False,False,False,1,1,0,0
LOC000311,35.1201902474414,128.78482120262,4812964000.0,웅동1동,진해구,경상남도 창원시 진해구 남영로552번길 31(남양동),1,1,0,0,,,False,False,False,False,False,1,1,0,0
LOC000312,35.120208722864,128.785891590133,4812964000.0,웅동1동,진해구,경상남도 창원시 진해구 남영로552번길 36 (남양동),1,1,0,0,,,False,False,False,False,False,1,1,0,0
LOC000313,35.1202607214918,128.782960274678,4812964000.0,웅동1동,진해구,경상남도 창원시 진해구 남영로552번길 15 (남양동),1,1,0,0,,,False,False,False,False,False,1,1,0,0
LOC000314,35.1203987138049,128.785572603033,4812964000.0,웅동1동,진해구,경상남도 창원시 진해구 남영로552번길 35 (남양동),1,1,0,0,,,False,False,False,False,False,1,1,0,0
LOC000315,35.1204423506253,128.781628366221,4812964000.0,웅동1동,진해구,경상남도 창원시 진해구 남영로 567 (남양동),1,0,1,0,,,False,True,False,False,False,1,0,0,1
LOC000316,35.1205692848596,128.785703013828,4812964000.0,웅동1동,진해구,경상남도 창원시 진해구 남의로43번길 61 (남양동),2,2,0,0,,,False,False,False,False,False,2,2,0,0
LOC000317,35.1206206242487,128.784169403797,4812964000.0,웅동1동,진해구,경상남도 창원시 진해구 남영로564번길 22 (남양동),1,1,0,0,,,False,False,False,False,False,1,1,0,0
LOC000318,35.1206612828403,128.783666501062,4812964000.0,웅동1동,진해구,"경상남도 창원시 진해구 남영로564번길 18 (남양동, 영신식당)",1,1,0,0,,,False,False,False,False,False,1,1,0,0
LOC000319,35.1207510746679,128.78491296188,4812964000.0,웅동1동,진해구,"경상남도 창원시 진해구 남영로564번길 28, (마천지방산업단지) (남양동)",1,1,0,0,,,False,False,False,False,False,1,1,0,0
LOC000320,35.1208194624617,128.785195361407,4812964000.0,웅동1동,진해구,경상남도 창원시 진해구 남영로564번길 32 (남양동),1,1,0,0,,,False,False,False,False,False,1,1,0,0
LOC000321,35.1208428861583,128.784357647565,4812964000.0,웅동1동,진해구,경상남도 창원시 진해구 남영로564번길 24 (남양동),1,1,0,0,,,False,False,False,False,False,1,1,0,0
LOC000322,35.1208528086961,128.783108094444,4812964000.0,웅동1동,진해구,"경상남도 창원시 진해구 남영로564번길 13 (남양동, 성지산업)",1,1,0,0,,,False,False,False,False,False,1,1,0,0
LOC000323,35.1209120818514,128.785545747608,4812964000.0,웅동1동,진해구,"경상남도 창원시 진해구 남의로43번길 65 (남양동, 동성기계)",1,1,0,0,,,False,False,False,False,False,1,1,0,0
LOC000324,35.1209633749024,128.44902312652,4812533000.0,진북면,마산합포구,경상남도 창원시 마산합포구 진북면 의림로 153 (두원주철(주)) (총 5 필지) 외 4필지,3,1,2,0,,,False,False,True,False,False,2,1,0,2
LOC000325,35.121047203622,128.785641601818,4812964000.0,웅동1동,진해구,경상남도 창원시 진해구 남영로564번길 36 (남양동),1,1,0,0,,,False,False,False,False,False,1,1,0,0
LOC000326,35.1210500481156,128.783098353976,4812964000.0,웅동1동,진해구,경상남도 창원시 진해구 남의로21번길 69 (남양동),1,1,0,0,,,False,False,False,False,False,1,1,0,0
LOC000327,35.1210949676811,128.786534289411,4812964000.0,웅동1동,진해구,"경상남도 창원시 진해구 남의로43번길 66 (남양동, 태형금속공업주식회사)",2,2,0,0,,,False,False,False,False,False,2,2,0,0
LOC000328,35.1211250048046,128.78248135308,4812964000.0,웅동1동,진해구,경상남도 창원시 진해구 남영로574번길 8 (남양동),1,1,0,0,,,False,False,False,False,False,1,1,0,0
LOC000329,35.1211571279617,128.781485874976,4812964000.0,웅동1동,진해구,경상남도 창원시 진해구 남영로 571 (남양동),1,0,1,0,,,True,False,False,False,False,1,0,0,1
LOC000330,35.1212767068538,128.784181849065,4812964000.0,웅동1동,진해구,경상남도 창원시 진해구 남영로564번길 19 (남양동) 외 1필지,1,1,0,0,,,False,False,False,False,False,1,1,0,0
LOC000331,35.1212770226961,128.783058329856,4812964000.0,웅동1동,진해구,경상남도 창원시 진해구 남의로21번길 71 (남양동),1,1,0,0,,,False,False,False,False,False,1,1,0,0
LOC000332,35.1213256696439,128.535847369295,4812531000.0,구산면,마산합포구,경상남도 창원시 마산합포구 구산면 마전리 111-8번지,1,1,0,0,,,False,False,False,False,False,1,1,0,0
LOC000333,35.1214121770901,128.46465701328,4812533000.0,진북면,마산합포구,경상남도 창원시 마산합포구 진북면 지산리 162-4번지 외 1필지 외 1필지,1,1,0,0,,,False,False,False,False,False,1,1,0,0
LOC000334,35.1214234861525,128.78718039313,4812964000.0,웅동1동,진해구,경상남도 창원시 진해구 남영로552번길 53 (남양동),2,2,0,0,,,False,False,False,False,False,2,2,0,0
LOC000335,35.1214300529009,128.783866332496,4812964000.0,웅동1동,진해구,경상남도 창원시 진해구 남영로574번길 20 (남양동),1,1,0,0,,,False,False,False,False,False,1,1,0,0
LOC000336,35.1214711075445,128.78488501771,4812964000.0,웅동1동,진해구,경상남도 창원시 진해구 남영로564번길 29 (남양동),1,1,0,0,,,False,False,False,False,False,1,1,0,0
LOC000337,35.1215028191027,128.785907229145,4812964000.0,웅동1동,진해구,경상남도 창원시 진해구 남영로564번길 37 (남양동),1,1,0,0,,,False,False,False,False,False,1,1,0,0
LOC000338,35.1215054717232,128.783328424318,4812964000.0,웅동1동,진해구,경상남도 창원시 진해구 남의로21번길 72 (남양동),1,1,0,0,,,False,False,False,False,False,1,1,0,0
LOC000339,35.1215398676491,128.784156986216,4812964000.0,웅동1동,진해구,"경상남도 창원시 진해구 남영로574번길 24 (남양동, 진명테크)",1,1,0,0,,,False,False,False,False,False,1,1,0,0
LOC000340,35.1215602738495,128.785310796084,4812964000.0,웅동1동,진해구,"경상남도 창원시 진해구 남영로564번길 35 (남양동, 정광기계)",2,2,0,0,,,False,False,False,False,False,2,2,0,0
LOC000341,35.1216656001958,128.782815176379,4812964000.0,웅동1동,진해구,경상남도 창원시 진해구 남영로574번길 9 (남양동),1,1,0,0,,,False,False,False,False,False,1,1,0,0
LOC000342,35.1216895236852,128.786508225979,4812964000.0,웅동1동,진해구,경상남도 창원시 진해구 남영로564번길 45(남양동) 외 2필지,3,3,0,0,,,False,False,False,False,False,3,3,0,0
LOC000343,35.1217866606173,128.784252203535,4812964000.0,웅동1동,진해구,경상남도 창원시 진해구 남영로574번길 28,2,2,0,0,,,False,False,False,False,False,2,2,0,0
LOC000344,35.1218650756861,128.782886214308,4812964000.0,웅동1동,진해구,경상남도 창원시 진해구 남영로574번길 11 (남양동),1,1,0,0,,,False,False,False,False,False,1,1,0,0
LOC000345,35.1218932777192,128.782323032384,4812964000.0,웅동1동,진해구,경상남도 창원시 진해구 남영로574번길 5 (남양동),3,3,0,0,,,False,False,False,False,False,3,3,0,0
LOC000346,35.1219241617807,128.787244201812,4812964000.0,웅동1동,진해구,"경상남도 창원시 진해구 남영로564번길 51, 남양동 379-5, 6 (남양동) 외 1필지",1,1,0,0,,,False,False,False,False,False,1,1,0,0
LOC000347,35.121931102318,128.707664900639,4812962000.0,풍호동,진해구,경상남도 창원시 진해구 진해대로1114번길 91 (행암동),1,0,0,1,,,False,False,False,True,False,1,0,1,0
LOC000348,35.121998408935,128.785319371544,4812964000.0,웅동1동,진해구,경상남도 창원시 진해구 남의로43번길 77(남양동),2,2,0,0,,,False,False,False,False,False,2,2,0,0
LOC000349,35.1220642832227,128.782705950907,4812964000.0,웅동1동,진해구,경상남도 창원시 진해구 남의로21번길 79 (남양동),1,1,0,0,,,False,False,False,False,False,1,1,0,0
LOC000350,35.1221864626439,128.784116026024,4812964000.0,웅동1동,진해구,경상남도 창원시 진해구 남영로574번길 21 (남양동) 외 1필지,1,1,0,0,,,False,False,False,False,False,1,1,0,0
LOC000351,35.1221889866785,128.786770430612,4812964000.0,웅동1동,진해구,"경상남도 창원시 진해구 남영로582번길 52 (남양동, 대양산소공업(주))",1,1,0,0,,,False,False,False,False,False,1,1,0,0
LOC000352,35.1221986512359,128.785601253739,4812964000.0,웅동1동,진해구,경상남도 창원시 진해구 남의로43번길 78 (남양동),1,1,0,0,,,False,False,False,False,False,1,1,0,0
LOC000353,35.1222004874362,128.789575851891,4812964000.0,웅동1동,진해구,경상남도 창원시 진해구 웅동로 127 (마천동),1,1,0,0,,,False,False,False,False,False,1,1,0,0
LOC000354,35.1222649863854,128.70421597523,4812962000.0,풍호동,진해구,경상남도 창원시 진해구 행암동 25-1,2,0,2,0,,,True,True,False,False,False,1,0,0,1
LOC000355,35.1223403331495,128.787189895061,4812964000.0,웅동1동,진해구,경상남도 창원시 진해구 남양동 379-4번지 외 3필지,1,1,0,0,,,False,False,False,False,False,1,1,0,0
LOC000356,35.1223828642631,128.789150630592,4812964000.0,웅동1동,진해구,경상남도 창원시 진해구 마천동 61-7번지,1,1,0,0,,,False,False,False,False,False,1,1,0,0
LOC000357,35.1227261640031,128.792679266548,4812964000.0,웅동1동,진해구,경상남도 창원시 진해구 두동서로 11 (두동),1,1,0,0,,,False,False,False,False,False,1,1,0,0
LOC000358,35.1232285875655,128.699961704859,4812962000.0,풍호동,진해구,경상남도 창원시 진해구 행암동 88-7,2,0,2,0,,,False,True,False,False,False,2,0,0,2
LOC000359,35.1237192766581,128.79076730208,4812964000.0,웅동1동,진해구,"경상남도 창원시 진해구 웅동로121번길 30-10, 1층 (마천동)",1,1,0,0,,,False,False,False,False,False,1,1,0,0
LOC000360,35.1237442482818,128.699937649463,4812962000.0,풍호동,진해구,경상남도 창원시 진해구 행암로 130 (행암동),1,0,1,0,,,False,True,False,False,False,1,0,0,1
LOC000361,35.1237608998268,128.377784586526,4812534000.0,진전면,마산합포구,"경상남도 창원시 마산합포구 진전면 적석산길 111-90 (531, 532, 533-1)",1,1,0,0,,,False,False,False,False,False,1,1,0,0
LOC000362,35.1237620263735,128.782342363318,4812964000.0,웅동1동,진해구,경상남도 창원시 진해구 웅동로 42 (남양동),1,0,1,0,,,False,True,False,False,False,1,0,0,1
LOC000363,35.1237854348692,128.785459731017,4812964000.0,웅동1동,진해구,경상남도 창원시 진해구 웅동로 86 (마천동),1,0,1,0,,,False,True,False,False,False,1,0,0,1
LOC000364,35.1238511464252,128.487669675966,4812532000.0,진동면,마산합포구,경상남도 창원시 마산합포구 진동면 진북산업로 86 위드폴 1층,1,0,1,0,,,False,True,False,False,False,1,0,0,1
LOC000365,35.1240105807468,128.497190266169,4812532000.0,진동면,마산합포구,경상남도 창원시 마산합포구 진동면 삼진의거대로 768,1,0,1,0,,,False,True,False,False,False,1,0,0,1
LOC000366,35.1240218879998,128.450923504297,4812533000.0,진북면,마산합포구,경상남도 창원시 마산합포구 진북면 동삼길 117,1,1,0,0,,,False,False,False,False,False,1,1,0,0
LOC000367,35.1241786135196,128.785907626586,4812964000.0,웅동1동,진해구,경상남도 창원시 진해구 웅동로 87 (마천동),2,0,2,0,,,True,False,True,False,False,1,0,0,1
LOC000368,35.1242492404139,128.432716329969,4812533000.0,진북면,마산합포구,경상남도 창원시 마산합포구 진북면 인곡리 1035,1,0,1,0,,,False,False,True,False,False,1,0,0,1
LOC000369,35.124453148145,128.483607683895,4812533000.0,진북면,마산합포구,경상남도 창원시 마산합포구 진북면 덕곡덕기길 81,1,1,0,0,,,False,False,False,False,False,1,1,0,0
LOC000370,35.1247387597625,128.485233533892,4812532000.0,진동면,마산합포구,경상남도 창원시 마산합포구 진동면 덕곡덕기길 37,1,0,1,0,,,True,False,False,False,False,1,0,0,1
LOC000371,35.1247793623289,128.699953239268,4812962000.0,풍호동,진해구,"경상남도 창원시 진해구 행암로 100, 해양환경관리공단 작업장 (장천동)",1,0,0,1,,,False,False,False,True,True,1,0,1,0
LOC000372,35.1248651965126,128.450856298724,4812533000.0,진북면,마산합포구,경상남도 창원시 마산합포구 진북면 동삼길 135 (창고),1,1,0,0,,,False,False,False,False,False,1,1,0,0
LOC000373,35.1249607674322,128.549646249245,4812531000.0,구산면,마산합포구,경상남도 창원시 마산합포구 구산면 유산군령로 118,1,0,1,0,,,True,False,False,False,False,1,0,0,1
LOC000374,35.1250356768625,128.500068625663,4812532000.0,진동면,마산합포구,경상남도 창원시 마산합포구 진동면 삼진의거대로 802-47,3,1,1,1,,,False,True,False,False,False,1,1,1,1
LOC000375,35.1251128187257,128.478775056911,4812533000.0,진북면,마산합포구,경상남도 창원시 마산합포구 진북면 덕곡리 79번지,1,1,0,0,,,False,False,False,False,False,1,1,0,0
LOC000376,35.1259965096579,128.704101758958,4812962000.0,풍호동,진해구,경상남도 창원시 진해구 장천동 175-2 외 7필지,1,0,1,0,,,False,True,False,False,False,1,0,0,1
LOC000377,35.1266913089604,128.555508982662,4812531000.0,구산면,마산합포구,경상남도 창원시 마산합포구 구산면 유산군령로 184-82 (공장),1,1,0,0,,,False,False,False,False,False,1,1,0,0
LOC000378,35.1267164008109,128.48740091638,4812533000.0,진북면,마산합포구,경상남도 창원시 마산합포구 진북면 진북산업로 116-31,1,1,0,0,,,False,False,False,False,False,1,1,0,0
LOC000379,35.1277555712252,128.7861438081,4812964000.0,웅동1동,진해구,"경상남도 창원시 진해구 마천로18번길 27, 2층 203 (마천동)",3,2,1,0,,,False,True,False,False,False,3,2,0,1
LOC000380,35.1282804895174,128.69844723502,4812962000.0,풍호동,진해구,경상남도 창원시 진해구 행암로92번안길 28 (장천동),1,0,0,1,,,False,False,False,True,True,1,0,1,0
LOC000381,35.1283875353994,128.482309964927,4812533000.0,진북면,마산합포구,경상남도 창원시 마산합포구 진북면 산단3길 87 (진북공공폐수처리시설),1,0,0,1,,,False,False,False,False,False,1,0,1,0
LOC000382,35.1286127036687,128.699429136937,4812962000.0,풍호동,진해구,경상남도 창원시 진해구 행암로92번길 24 (장천동),1,1,0,0,,,False,False,False,False,False,1,1,0,0
LOC000383,35.128737349064,128.700103303726,4812962000.0,풍호동,진해구,경상남도 창원시 진해구 행암로92번길 14-8 (장천동),1,0,0,1,,,False,False,False,True,True,1,0,1,0
LOC000384,35.1287632655688,128.701049995572,4812962000.0,풍호동,진해구,경상남도 창원시 진해구 행암로 76 (장천동),2,0,1,1,,,False,True,False,True,False,1,0,1,1
LOC000385,35.1287995045674,128.699642872907,4812962000.0,풍호동,진해구,경상남도 창원시 진해구 행암로92번길 14-7(장천동),1,1,0,0,,,False,False,False,False,False,1,1,0,0
LOC000386,35.1290142102409,128.699505603761,4812962000.0,풍호동,진해구,경상남도 창원시 진해구 장천동 689-1,1,0,1,0,,,False,False,True,False,False,1,0,0,1
LOC000387,35.1295243734088,128.703332336815,4812962000.0,풍호동,진해구,경상남도 창원시 진해구 충장로672번길 9 (장천동),1,1,0,0,,,False,False,False,False,False,1,1,0,0
LOC000388,35.1295739469184,128.699262622473,4812962000.0,풍호동,진해구,경상남도 창원시 진해구 행암로92번길 24-12 (장천동),1,0,0,1,,,False,False,False,True,True,1,0,1,0
LOC000389,35.1296996543725,128.709143947422,4812962000.0,풍호동,진해구,경상남도 창원시 진해구 진해대로1114번길 15 (장천동),1,0,1,0,,,True,False,False,False,False,1,0,0,1
LOC000390,35.1299618099134,128.698821019489,4812962000.0,풍호동,진해구,경상남도 창원시 진해구 행암로92번안길 30 (장천동),4,0,2,2,,,True,True,False,True,True,4,0,2,2
LOC000391,35.1301591954541,128.481959535708,4812533000.0,진북면,마산합포구,경상남도 창원시 마산합포구 진북면 산단2길 132,2,0,1,1,,,False,True,False,False,False,1,0,1,1
LOC000392,35.1303733771882,128.472864146525,4812533000.0,진북면,마산합포구,경상남도 창원시 마산합포구 진북면 진북신촌로 64 ((주)한국야나세 제3공장) 외 1필지,2,1,1,0,,,False,False,True,False,False,1,1,0,1
LOC000393,35.1306525129124,128.70886986338,4812962000.0,풍호동,진해구,경상남도 창원시 진해구 진해대로 1108 (장천동),1,0,1,0,,,False,True,False,False,False,1,0,0,1
LOC000394,35.1307137775736,128.707893265614,4812962000.0,풍호동,진해구,경상남도 창원시 진해구 충장로657번길 38 (장천동),1,0,1,0,,,True,False,False,False,False,1,0,0,1
LOC000395,35.1307807869992,128.481377950816,4812533000.0,진북면,마산합포구,경상남도 창원시 마산합포구 진북면 산단3길 61,2,1,1,0,,,False,True,False,False,False,2,1,0,1
LOC000396,35.1308131526103,128.472637625692,4812533000.0,진북면,마산합포구,경상남도 창원시 마산합포구 진북면 진북신촌로 63,3,1,1,1,,,False,False,True,False,False,1,1,1,1
LOC000397,35.1310401335221,128.481329331654,4812533000.0,진북면,마산합포구,경상남도 창원시 마산합포구 진북면 산단2길 120,3,1,1,1,,,True,False,False,False,False,2,1,1,1
LOC000398,35.1311356399678,128.465186917203,4812533000.0,진북면,마산합포구,경상남도 창원시 마산합포구 진북면 학동로 195 (진북면) 외 1필지,2,1,1,0,,,False,True,False,False,False,2,1,0,1
LOC000399,35.1313154055172,128.359952079871,4812534000.0,진전면,마산합포구,경상남도 창원시 마산합포구 진전면 봉암리 산 106-1 외 9필지,1,0,1,0,,,False,True,False,False,False,1,0,0,1
LOC000400,35.131470934474,128.710235537961,4812962000.0,풍호동,진해구,경상남도 창원시 진해구 진해대로 1101 (풍호동 진해 종합사회복지관),3,0,2,1,,,True,False,False,True,True,3,0,1,2
LOC000401,35.1316199279188,128.47934382995,4812533000.0,진북면,마산합포구,경상남도 창원시 마산합포구 진북면 산단3길 32-25 (효장재산업),2,1,0,1,,,False,False,False,False,True,2,1,1,0
LOC000402,35.1318308916492,128.499144468648,4812532000.0,진동면,마산합포구,경상남도 창원시 마산합포구 진동면 삼진의거대로 864,1,1,0,0,,,False,False,False,False,False,1,1,0,0
LOC000403,35.1318820452597,128.480883373784,4812533000.0,진북면,마산합포구,경상남도 창원시 마산합포구 진북면 산단3길 43,1,1,0,0,,,False,False,False,False,False,1,1,0,0
LOC000404,35.1322640797064,128.480699839755,4812533000.0,진북면,마산합포구,경상남도 창원시 마산합포구 진북면 산단3길 37,1,1,0,0,,,False,False,False,False,False,1,1,0,0
LOC000405,35.1324345311799,128.479251711,4812533000.0,진북면,마산합포구,경상남도 창원시 마산합포구 진북면 산단3길 32-9,1,1,0,0,,,False,False,False,False,False,1,1,0,0
LOC000406,35.1324401446391,128.481447943857,4812533000.0,진북면,마산합포구,경상남도 창원시 마산합포구 진북면 산단2길 104,2,1,0,1,,,False,False,False,False,False,1,1,1,0
LOC000407,35.1324585241221,128.484313186592,4812533000.0,진북면,마산합포구,경상남도 창원시 마산합포구 진북면 산단1길 129,2,1,0,1,,,False,False,False,False,True,1,1,1,0
LOC000408,35.1327920418216,128.695435869385,4812962000.0,풍호동,진해구,경상남도 창원시 진해구 장천동 782-44,1,0,1,0,,,False,True,False,False,False,1,0,0,1
LOC000409,35.1329521997925,128.359511713684,4812534000.0,진전면,마산합포구,경상남도 창원시 마산합포구 진전면 팔의사로 120-3,3,1,2,0,,,True,False,True,False,False,1,1,0,1
LOC000410,35.1332784750283,128.481243384626,4812533000.0,진북면,마산합포구,경상남도 창원시 마산합포구 진북면 산단2길 98,1,1,0,0,,,False,False,False,False,False,1,1,0,0
LOC000411,35.1332949113101,128.498298027647,4812532000.0,진동면,마산합포구,경상남도 창원시 마산합포구 진동면 삼진의거대로 827-203 (경남마린보트),1,1,0,0,,,False,False,False,False,False,1,1,0,0
LOC000412,35.1335389583192,128.480128190633,4812533000.0,진북면,마산합포구,경상남도 창원시 마산합포구 진북면 산단3길 33,1,1,0,0,,,False,False,False,False,False,1,1,0,0
LOC000413,35.1336171634059,128.484064771947,4812533000.0,진북면,마산합포구,경상남도 창원시 마산합포구 진북면 산단1길 99,1,1,0,0,,,False,False,False,False,False,1,1,0,0
LOC000414,35.1336920872953,128.479375063828,4812533000.0,진북면,마산합포구,경상남도 창원시 마산합포구 진북면 산단3길 19,1,1,0,0,,,False,False,False,False,False,1,1,0,0
LOC000415,35.133734016855,128.568611656912,4812551000.0,현동,마산합포구,경상남도 창원시 마산합포구 가포로 739 (덕동동),2,0,1,1,,,True,False,False,False,True,1,0,1,1
LOC000416,35.1339776040336,128.703454723676,4812962000.0,풍호동,진해구,경상남도 창원시 진해구 충장로 623 (풍호동),3,0,2,1,,,True,True,False,True,True,1,0,1,1
LOC000417,35.1340845572357,128.477737829907,4812533000.0,진북면,마산합포구,경상남도 창원시 마산합포구 진북면 산단2길 46-66,2,1,1,0,,,False,True,False,False,False,1,1,0,1
LOC000418,35.1342160512633,128.481958783707,4812533000.0,진북면,마산합포구,경상남도 창원시 마산합포구 진북면 산단2길 86,4,2,2,0,,,True,True,False,False,False,2,2,0,1
LOC000419,35.1343483077042,128.445465158877,4812533000.0,진북면,마산합포구,경상남도 창원시 마산합포구 진북면 의림로 310 (한국플라스틱표준표시품생산공장),1,1,0,0,,,False,False,False,False,False,1,1,0,0
LOC000420,35.1344359694323,128.563565781884,4812551000.0,현동,마산합포구,경상남도 창원시 마산합포구 현동로 252 (덕동동),3,0,1,2,,,False,True,False,False,False,3,0,2,1
LOC000421,35.1344785113727,128.478106226552,4812533000.0,진북면,마산합포구,경상남도 창원시 마산합포구 진북면 산단2길 46-64,2,1,1,0,,,False,True,False,False,False,1,1,0,1
LOC000422,35.1344836183852,128.479090971519,4812533000.0,진북면,마산합포구,경상남도 창원시 마산합포구 진북면 산단2길 46-57,1,1,0,0,,,False,False,False,False,False,1,1,0,0
LOC000423,35.1345881349986,128.479809382872,4812533000.0,진북면,마산합포구,경상남도 창원시 마산합포구 진북면 산단2길 46-53,1,1,0,0,,,False,False,False,False,False,1,1,0,0
LOC000424,35.1346706636958,128.499217596565,4812532000.0,진동면,마산합포구,경상남도 창원시 마산합포구 진동면 인곡리 1026,1,0,1,0,,,False,True,False,False,False,1,0,0,1
LOC000425,35.1348512591718,128.478306824218,4812533000.0,진북면,마산합포구,경상남도 창원시 마산합포구 진북면 산단2길 46-56,2,1,0,1,,,False,False,False,False,False,1,1,1,0
LOC000426,35.1348535684729,128.776789041534,4812964000.0,웅동1동,진해구,경상남도 창원시 진해구 대장로115번길 19-5 (소사동),1,0,0,1,,,False,False,False,True,False,1,0,1,0
LOC000427,35.134914314502,128.479882100118,4812533000.0,진북면,마산합포구,경상남도 창원시 마산합포구 진북면 산단2길 46-47,4,1,2,1,,,True,True,False,False,False,3,1,1,1
LOC000428,35.1349722354701,128.47722572232,4812533000.0,진북면,마산합포구,경상남도 창원시 마산합포구 진북면 진북신촌로 123,1,1,0,0,,,False,False,False,False,False,1,1,0,0
LOC000429,35.1349852916717,128.481367997237,4812533000.0,진북면,마산합포구,경상남도 창원시 마산합포구 진북면 산단2길 78,4,2,2,0,,,False,True,False,False,False,2,2,0,2
LOC000430,35.1349903901372,128.776683406257,4812964000.0,웅동1동,진해구,경상남도 창원시 진해구 소사동 76,1,0,1,0,,,False,True,False,False,False,1,0,0,1
LOC000431,35.135097252505,128.445556403697,4812533000.0,진북면,마산합포구,경상남도 창원시 마산합포구 진북면 인곡리 531번지 외 4필지 외 5필지,1,1,0,0,,,False,False,False,False,False,1,1,0,0
LOC000432,35.1352363002089,128.705316025796,4812962000.0,풍호동,진해구,경상남도 창원시 진해구 천자로 369 (풍호동),1,0,1,0,,,False,True,False,False,False,1,0,0,1
LOC000433,35.1352563061795,128.4455807192,4812533000.0,진북면,마산합포구,경상남도 창원시 마산합포구 진북면 의림로 312,2,0,1,1,,,False,True,False,False,False,2,0,1,1
LOC000434,35.1353622089883,128.480024932609,4812533000.0,진북면,마산합포구,경상남도 창원시 마산합포구 진북면 신촌리 12-4번지,1,1,0,0,,,False,False,False,False,False,1,1,0,0
LOC000435,35.135391220757,128.478394152846,4812533000.0,진북면,마산합포구,경상남도 창원시 마산합포구 진북면 산단2길 46-52,3,1,2,0,,,False,True,False,False,False,2,1,0,2
LOC000436,35.1354624952981,128.708790142463,4812962000.0,풍호동,진해구,경상남도 창원시 진해구 풍호동 806-3 외 1필지,1,0,1,0,,,False,True,False,False,False,1,0,0,1
LOC000437,35.1356964403137,128.47875173809,4812533000.0,진북면,마산합포구,경상남도 창원시 마산합포구 진북면 산단2길 46-46,1,1,0,0,,,False,False,False,False,False,1,1,0,0
LOC000438,35.1357722048695,128.707898325067,4812962000.0,풍호동,진해구,경상남도 창원시 진해구 진해대로 1052 (풍호동),1,0,1,0,,,False,True,False,False,False,1,0,0,1
LOC000439,35.1358548148097,128.481059440919,4812533000.0,진북면,마산합포구,경상남도 창원시 마산합포구 진북면 산단2길 66 (현대기공),4,2,2,0,,,True,True,False,False,False,2,2,0,1
LOC000440,35.1359982500901,128.484928968027,4812533000.0,진북면,마산합포구,경상남도 창원시 마산합포구 진북면 진북산업로 226,1,0,1,0,,,True,False,False,False,False,1,0,0,1
LOC000441,35.1360439463226,128.702710506655,4812962000.0,풍호동,진해구,경상남도 창원시 진해구 충장로 599 (풍호동),1,0,1,0,,,False,True,False,False,False,1,0,0,1
LOC000442,35.1360647508673,128.478917043832,4812533000.0,진북면,마산합포구,"경상남도 창원시 마산합포구 진북면 산단2길 46-40, 서진엠텍",2,1,1,0,,,False,True,False,False,False,2,1,0,1
LOC000443,35.1362067082342,128.501747755941,4812532000.0,진동면,마산합포구,경상남도 창원시 마산합포구 진동면 남해안대로 5422,1,0,1,0,,,False,True,False,False,False,1,0,0,1
LOC000444,35.1362598305305,128.477805230147,4812533000.0,진북면,마산합포구,경상남도 창원시 마산합포구 진북면 진북신촌로 141,1,1,0,0,,,False,False,False,False,False,1,1,0,0
LOC000445,35.1364340432156,128.480072091694,4812533000.0,진북면,마산합포구,경상남도 창원시 마산합포구 진북면 산단2길 46-33,2,1,1,0,,,True,False,False,False,False,2,1,0,1
LOC000446,35.1365069854798,128.485269321905,4812533000.0,진북면,마산합포구,경상남도 창원시 마산합포구 진북면 연동1길 26-68 (해동산업),1,1,0,0,,,False,False,False,False,False,1,1,0,0
LOC000447,35.1365202169398,128.70774532806,4812962000.0,풍호동,진해구,"경상남도 창원시 진해구 진해대로 1042, 4층 (풍호동)",2,2,0,0,,,False,False,False,False,False,2,2,0,0
LOC000448,35.1365893890324,128.48048040453,4812533000.0,진북면,마산합포구,경상남도 창원시 마산합포구 진북면 산단2길 46-21,2,1,0,1,,,False,False,False,False,True,1,1,1,0
LOC000449,35.1366536852075,128.481546557459,4812533000.0,진북면,마산합포구,경상남도 창원시 마산합포구 진북면 산단2길 52,2,1,0,1,,,False,False,False,False,False,1,1,1,0
LOC000450,35.1367018135615,128.477339256035,4812533000.0,진북면,마산합포구,경상남도 창원시 마산합포구 진북면 신촌리 352-1번지,1,1,0,0,,,False,False,False,False,False,1,1,0,0
LOC000451,35.136814894512,128.479210382518,4812533000.0,진북면,마산합포구,경상남도 창원시 마산합포구 진북면 산단2길 46-34,3,1,1,1,,,False,True,False,False,False,1,1,1,1
LOC000452,35.1368274499619,128.477243112902,4812533000.0,진북면,마산합포구,경상남도 창원시 마산합포구 진북면 진북신촌로 143-15,1,0,0,1,,,False,False,False,False,True,1,0,1,0
LOC000453,35.1368307183825,128.488287938693,4812533000.0,진북면,마산합포구,"경상남도 창원시 마산합포구 진북면 연동로 31, 민영포장",1,0,0,1,,,False,False,False,False,False,1,0,1,0
LOC000454,35.1370242656029,128.476852905263,4812533000.0,진북면,마산합포구,경상남도 창원시 마산합포구 진북면 진북신촌로 143-21,1,1,0,0,,,False,False,False,False,False,1,1,0,0
LOC000455,35.1370352865455,128.486020475358,4812533000.0,진북면,마산합포구,경상남도 창원시 마산합포구 진북면 연동1길 26-1 (사무실),1,1,0,0,,,False,False,False,False,False,1,1,0,0
LOC000456,35.1370708979963,128.70857406021,4812962000.0,풍호동,진해구,"경상남도 창원시 진해구 진해대로1033번길 6, 201호(풍호동)",1,1,0,0,,,False,False,False,False,False,1,1,0,0
LOC000457,35.1370986248971,128.704193151895,4812962000.0,풍호동,진해구,"경상남도 창원시 진해구 충장로575번길 24, 에이호 (풍호동)",1,1,0,0,,,False,False,False,False,False,1,1,0,0
LOC000458,35.1371956762213,128.700094975657,4812962000.0,풍호동,진해구,경상남도 창원시 진해구 풍호동 508,3,0,3,0,,,True,True,False,False,False,2,0,0,2
LOC000459,35.1372422831092,128.4447312008,4812533000.0,진북면,마산합포구,경상남도 창원시 마산합포구 진북면 의림로 336-41,2,0,2,0,,,True,False,True,False,False,1,0,0,1
LOC000460,35.1375315241015,128.50195399626,4812532000.0,진동면,마산합포구,경상남도 창원시 마산합포구 진동면 태봉2길 1 (엠브이),1,1,0,0,,,False,False,False,False,False,1,1,0,0
LOC000461,35.1377247150155,128.479350821137,4812533000.0,진북면,마산합포구,경상남도 창원시 마산합포구 진북면 진북신촌로 158,6,3,3,0,,,False,True,False,False,False,3,3,0,3
LOC000462,35.1377362018082,128.511866839781,4812532000.0,진동면,마산합포구,경상남도 창원시 마산합포구 진동면 입곡길 194-79 (대진),1,1,0,0,,,False,False,False,False,False,1,1,0,0
LOC000463,35.1378685779158,128.512648151466,4812532000.0,진동면,마산합포구,경상남도 창원시 마산합포구 진동면 입곡길 194-64 (주택),1,1,0,0,,,False,False,False,False,False,1,1,0,0
LOC000464,35.1378805272828,128.47841436898,4812533000.0,진북면,마산합포구,경상남도 창원시 마산합포구 진북면 진북신촌로 161-13,1,0,1,0,,,True,False,False,False,False,1,0,0,1
LOC000465,35.1379869328961,128.479701717533,4812533000.0,진북면,마산합포구,경상남도 창원시 마산합포구 진북면 진북신촌로 164,1,1,0,0,,,False,False,False,False,False,1,1,0,0
LOC000466,35.1382219493996,128.478449288413,4812533000.0,진북면,마산합포구,경상남도 창원시 마산합포구 진북면 진북신촌로 163,2,1,1,0,,,False,False,True,False,False,1,1,0,1
LOC000467,35.1382498328918,128.512934978869,4812532000.0,진동면,마산합포구,경상남도 창원시 마산합포구 진동면 입곡길 170,3,0,3,0,,,True,True,True,False,False,1,0,0,1
LOC000468,35.138292700173,128.484140093383,4812533000.0,진북면,마산합포구,경상남도 창원시 마산합포구 진북면 산단1길 45,3,2,1,0,,,False,True,False,False,False,2,2,0,1
LOC000469,35.1384895746008,128.480062564163,4812533000.0,진북면,마산합포구,경상남도 창원시 마산합포구 진북면 진북신촌로 176,3,2,1,0,,,True,False,False,False,False,2,2,0,1
LOC000470,35.1385083816383,128.478950494207,4812533000.0,진북면,마산합포구,경상남도 창원시 마산합포구 진북면 진북신촌로 169,2,1,1,0,,,False,False,True,False,False,2,1,0,1
LOC000471,35.1385268455185,128.485669834108,4812533000.0,진북면,마산합포구,경상남도 창원시 마산합포구 진북면 망곡리 83-3번지,2,1,1,0,,,False,False,True,False,False,2,1,0,1
LOC000472,35.13901770982,128.481559773443,4812533000.0,진북면,마산합포구,경상남도 창원시 마산합포구 진북면 산단2길 46-6,3,1,2,0,,,True,True,False,False,False,1,1,0,1
LOC000473,35.1391941301514,128.775058989759,4812964000.0,웅동1동,진해구,경상남도 창원시 진해구 대장로163번길 21-7 (소사동),1,0,0,1,,,False,False,False,True,False,1,0,1,0
LOC000474,35.139256938153,128.479919890203,4812533000.0,진북면,마산합포구,경상남도 창원시 마산합포구 진북면 신촌리 9-2,1,0,1,0,,,False,True,False,False,False,1,0,0,1
LOC000475,35.1392923987467,128.53125045582,4812532000.0,진동면,마산합포구,경상남도 창원시 마산합포구 진동면 공원묘원로 232,2,0,1,1,,,True,False,False,False,False,2,0,1,1
LOC000476,35.1394456611405,128.672363837944,4812953000.0,충무동,진해구,경상남도 창원시 진해구 대죽동 42-1,1,0,1,0,,,False,False,True,False,False,1,0,0,1
LOC000477,35.1395555811245,128.64639520261,4812953000.0,충무동,진해구,경상남도 창원시 진해구 현동 20-24,1,0,0,1,,,False,False,False,True,False,1,0,1,0
LOC000478,35.13955791422,128.494592891711,4812533000.0,진북면,마산합포구,경상남도 창원시 마산합포구 진북면 연동로 89,3,0,2,1,,,True,False,True,False,False,1,0,1,1
LOC000479,35.1396038458988,128.483978802417,4812533000.0,진북면,마산합포구,경상남도 창원시 마산합포구 진북면 산단1길 35,4,3,0,1,,,False,False,False,False,False,3,3,1,0
LOC000480,35.139723605107,128.478451319295,4812533000.0,진북면,마산합포구,경상남도 창원시 마산합포구 진북면 신촌리 382번지 외 1필지,1,1,0,0,,,False,False,False,False,False,1,1,0,0
LOC000481,35.1397284458694,128.67221525523,4812953000.0,충무동,진해구,경상남도 창원시 진해구 대죽동 41-8,1,0,1,0,,,False,True,False,False,False,1,0,0,1
LOC000482,35.1397650918256,128.672413600177,4812953000.0,충무동,진해구,경상남도 창원시 진해구 속천로 91 (대죽동),2,1,1,0,,,False,False,True,False,False,1,1,0,1
LOC000483,35.1398773660746,128.456237405295,4812533000.0,진북면,마산합포구,경상남도 창원시 마산합포구 진북면 학동로 327-27,1,0,1,0,,,False,True,False,False,False,1,0,0,1
LOC000484,35.1398904109415,128.672090202554,4812953000.0,충무동,진해구,경상남도 창원시 진해구 대죽동 41-7,2,0,2,0,,,False,True,True,False,False,1,0,0,1
LOC000485,35.1399162698283,128.456194979001,4812533000.0,진북면,마산합포구,경상남도 창원시 마산합포구 진북면 이목리 331번지,1,1,0,0,,,False,False,False,False,False,1,1,0,0
LOC000486,35.1399638001056,128.493711927983,4812533000.0,진북면,마산합포구,경상남도 창원시 마산합포구 진북면 망곡리 13-1번지 외 3필지,1,1,0,0,,,False,False,False,False,False,1,1,0,0
LOC000487,35.1399732259076,128.48012925195,4812533000.0,진북면,마산합포구,경상남도 창원시 마산합포구 진북면 산단2길 8,1,1,0,0,,,False,False,False,False,False,1,1,0,0
LOC000488,35.1399934532413,128.454751582112,4812533000.0,진북면,마산합포구,경상남도 창원시 마산합포구 진북면 학동로 327-54 외 1필지,1,1,0,0,,,False,False,False,False,False,1,1,0,0
LOC000489,35.1400030376223,128.506114360286,4812532000.0,진동면,마산합포구,"경상남도 창원시 마산합포구 진동면 태봉2길 86, 진성주방",1,1,0,0,,,False,False,False,False,False,1,1,0,0
LOC000490,35.1400668335856,128.492869421982,4812533000.0,진북면,마산합포구,경상남도 창원시 마산합포구 진북면 연동로 119 (외 1필지),5,2,2,1,,,True,True,False,False,False,4,2,1,1
LOC000491,35.1402815221939,128.479282651207,4812533000.0,진북면,마산합포구,경상남도 창원시 마산합포구 진북면 진북신촌로 181 통일보일러(주),2,0,1,1,,,True,False,False,False,False,1,0,1,1
LOC000492,35.140330320499,128.484128479342,4812533000.0,진북면,마산합포구,경상남도 창원시 마산합포구 진북면 진북산업로 277,2,1,1,0,,,True,False,False,False,False,2,1,0,1
LOC000493,35.1403677432128,128.671728142019,4812953000.0,충무동,진해구,경상남도 창원시 진해구 대죽동 41-4,2,0,2,0,,,False,True,True,False,False,1,0,0,1
LOC000494,35.1404807171914,128.483217802631,4812533000.0,진북면,마산합포구,경상남도 창원시 마산합포구 진북면 산단1길 29-5,2,1,1,0,,,True,False,False,False,False,2,1,0,1
LOC000495,35.1405691638866,128.671610916053,4812953000.0,충무동,진해구,"경상남도 창원시 진해구 속천로 81 (대죽동, 명품식품)",2,1,1,0,,,False,False,True,False,False,1,1,0,1
LOC000496,35.1407139299967,128.482078982429,4812533000.0,진북면,마산합포구,경상남도 창원시 마산합포구 진북면 산단1길 15 (진북면),1,1,0,0,,,False,False,False,False,False,1,1,0,0
LOC000497,35.1408555408455,128.478159749116,4812533000.0,진북면,마산합포구,경상남도 창원시 마산합포구 진북면 농공단지로 15 (오성기전),1,1,0,0,,,False,False,False,False,False,1,1,0,0
LOC000498,35.1409572858789,128.505519929428,4812532000.0,진동면,마산합포구,경상남도 창원시 마산합포구 진동면 오산3길 23-5 외 1필지,1,1,0,0,,,False,False,False,False,False,1,1,0,0
LOC000499,35.1409759976585,128.482640339433,4812533000.0,진북면,마산합포구,경상남도 창원시 마산합포구 진북면 산단1길 29-31,2,0,2,0,,,True,True,False,False,False,1,0,0,1
LOC000500,35.1410653345905,128.481960821814,4812533000.0,진북면,마산합포구,경상남도 창원시 마산합포구 진북면 산단1길 11,1,1,0,0,,,False,False,False,False,False,1,1,0,0
LOC000501,35.1410961382829,128.482816862534,4812533000.0,진북면,마산합포구,경상남도 창원시 마산합포구 진북면 망곡리 421-5번지,1,1,0,0,,,False,False,False,False,False,1,1,0,0
LOC000502,35.1411383920149,128.484040013438,4812533000.0,진북면,마산합포구,경상남도 창원시 마산합포구 진북면 산단1길 29-26,1,1,0,0,,,False,False,False,False,False,1,1,0,0
LOC000503,35.1411654941084,128.494431700176,4812533000.0,진북면,마산합포구,경상남도 창원시 마산합포구 진북면 연동로 120,4,1,2,1,,,True,False,True,False,False,3,1,1,1
LOC000504,35.1414356991898,128.689134532597,4812961000.0,덕산동,진해구,경상남도 창원시 진해구 덕산동 585,1,0,0,1,,,False,False,False,True,True,1,0,1,0
LOC000505,35.141470962976,128.706732175591,4812961000.0,덕산동,진해구,경상남도 창원시 진해구 자은동 675-29,1,0,1,0,,,False,True,False,False,False,1,0,0,1
LOC000506,35.1415018506818,128.672048338469,4812953000.0,충무동,진해구,"경상남도 창원시 진해구 태평로 143 (대죽동, 진해시수협)",5,1,2,2,,,False,True,True,True,True,2,1,1,1
LOC000507,35.1415073285169,128.482158430663,4812533000.0,진북면,마산합포구,경상남도 창원시 마산합포구 진북면 산단1길 29-35,2,1,1,0,,,False,True,False,False,False,1,1,0,1
LOC000508,35.1415179357266,128.478383925149,4812533000.0,진북면,마산합포구,경상남도 창원시 마산합포구 진북면 농공단지로 22 (영신금속),4,1,2,1,,,True,True,False,False,False,1,1,1,1
LOC000509,35.1415590491548,128.690034780351,4812961000.0,덕산동,진해구,경상남도 창원시 진해구 천자로 105-1 (덕산동),1,0,0,1,,,False,False,False,True,True,1,0,1,0
LOC000510,35.1415952696536,128.481356983737,4812533000.0,진북면,마산합포구,경상남도 창원시 마산합포구 진북면 망곡리 421-1번지,1,1,0,0,,,False,False,False,False,False,1,1,0,0
LOC000511,35.141598224956,128.493770978022,4812533000.0,진북면,마산합포구,경상남도 창원시 마산합포구 진북면 망곡리 11외10필지,1,0,1,0,,,False,False,True,False,False,1,0,0,1
LOC000512,35.1416632569043,128.483159162817,4812533000.0,진북면,마산합포구,경상남도 창원시 마산합포구 진북면 산단1길 29-36,2,1,1,0,,,False,True,False,False,False,1,1,0,1
LOC000513,35.1416783661962,128.483743258038,4812533000.0,진북면,마산합포구,경상남도 창원시 마산합포구 진북면 산단1길 29-30 (진북면),2,2,0,0,,,False,False,False,False,False,2,2,0,0
LOC000514,35.1417070159954,128.484840212067,4812533000.0,진북면,마산합포구,경상남도 창원시 마산합포구 진북면 진북산업로 290,3,1,1,1,,,True,False,False,False,True,1,1,1,1
LOC000515,35.141831935542,128.701540472433,4812961000.0,덕산동,진해구,경상남도 창원시 진해구 충장로 533 (풍호동),1,0,1,0,,,False,True,False,False,False,1,0,0,1
LOC000516,35.141927356916,128.493727727965,4812533000.0,진북면,마산합포구,경상남도 창원시 마산합포구 진북면 연동로 123,2,0,1,1,,,True,False,False,False,False,1,0,1,1
LOC000517,35.1419869228955,128.478430589645,4812533000.0,진북면,마산합포구,경상남도 창원시 마산합포구 진북면 농공단지로 26,2,1,1,0,,,True,False,False,False,False,1,1,0,1
LOC000518,35.1420340196135,128.708428630576,4812961000.0,덕산동,진해구,경상남도 창원시 진해구 풍호로63번길 26 (자은동),1,0,1,0,,,False,True,False,False,False,1,0,0,1
LOC000519,35.14204395858,128.481751551006,4812533000.0,진북면,마산합포구,경상남도 창원시 마산합포구 진북면 산단1길 29-45,1,0,1,0,,,True,False,False,False,False,1,0,0,1
LOC000520,35.142060214213,128.477801130392,4812533000.0,진북면,마산합포구,경상남도 창원시 마산합포구 진북면 농공단지로 31 (진영전기),1,1,0,0,,,False,False,False,False,False,1,1,0,0
LOC000521,35.1421123909181,128.691804875253,4812961000.0,덕산동,진해구,경상남도 창원시 진해구 천자로 105 (덕산동),1,0,0,1,,,False,False,False,True,True,1,0,1,0
LOC000522,35.1421135201816,128.495228486486,4812533000.0,진북면,마산합포구,경상남도 창원시 마산합포구 진북면 망곡리 10-3 외 2필지(13-9 13-10),1,0,1,0,,,False,False,True,False,False,1,0,0,1
LOC000523,35.1421182094729,128.48178208265,4812533000.0,진북면,마산합포구,경상남도 창원시 마산합포구 진북면 망곡리 421-7번지,1,1,0,0,,,False,False,False,False,False,1,1,0,0
LOC000524,35.1423143268803,128.689398126938,4812961000.0,덕산동,진해구,경상남도 창원시 진해구 천자로 101 (덕산동),2,0,1,1,,,True,False,False,True,False,2,0,1,1
LOC000525,35.1423265166267,128.708412361844,4812961000.0,덕산동,진해구,경상남도 창원시 진해구 풍호로63번길 28 (자은동),1,0,1,0,,,False,True,False,False,False,1,0,0,1
LOC000526,35.1423391897677,128.483012879837,4812533000.0,진북면,마산합포구,경상남도 창원시 마산합포구 진북면 산단1길 29-42,2,1,1,0,,,False,True,False,False,False,1,1,0,1
LOC000527,35.142372191073,128.482378302952,4812533000.0,진북면,마산합포구,경상남도 창원시 마산합포구 진북면 산단1길 29-44,2,1,1,0,,,False,True,False,False,False,1,1,0,1
LOC000528,35.1424952509856,128.669612952777,4812953000.0,충무동,진해구,"경상남도 창원시 진해구 속천로 53 (속천동, 세원FOOD)",1,1,0,0,,,False,False,False,False,False,1,1,0,0
LOC000529,35.142614863597,128.478080743376,4812533000.0,진북면,마산합포구,경상남도 창원시 마산합포구 진북면 농공단지로 34,2,1,1,0,,,True,False,False,False,False,1,1,0,1
LOC000530,35.142625335546,128.477488216923,4812533000.0,진북면,마산합포구,경상남도 창원시 마산합포구 진북면 농공단지로 39,4,1,2,1,,,True,True,False,False,False,1,1,1,1
LOC000531,35.1426655413601,128.482025491651,4812533000.0,진북면,마산합포구,경상남도 창원시 마산합포구 진북면 진북신촌로 228,3,2,1,0,,,False,True,False,False,False,2,2,0,1
LOC000532,35.1429442571038,128.4951150884,4812533000.0,진북면,마산합포구,경상남도 창원시 마산합포구 진북면 연동로 148 (총 3 필지) 외 2필지,1,1,0,0,,,False,False,False,False,False,1,1,0,0
LOC000533,35.143043937,128.484083166451,4812533000.0,진북면,마산합포구,경상남도 창원시 마산합포구 진북면 망곡길 147,1,1,0,0,,,False,False,False,False,False,1,1,0,0
LOC000534,35.1431261175856,128.478482135156,4812533000.0,진북면,마산합포구,"경상남도 창원시 마산합포구 진북면 농공단지로 40, (신촌리 430-5)",1,1,0,0,,,False,False,False,False,False,1,1,0,0
LOC000535,35.1433930652776,128.480748125823,4812533000.0,진북면,마산합포구,경상남도 창원시 마산합포구 진북면 진북산업로 333-1,5,1,3,1,,,True,False,True,False,False,2,1,1,2
LOC000536,35.1434047920257,128.495181445362,4812533000.0,진북면,마산합포구,경상남도 창원시 마산합포구 진북면 연동로 146,1,1,0,0,,,False,False,False,False,False,1,1,0,0
LOC000537,35.1434284372977,128.507491614713,4812532000.0,진동면,마산합포구,경상남도 창원시 마산합포구 진동면 오산1길 8-1 (현대하우징),1,1,0,0,,,False,False,False,False,False,1,1,0,0
LOC000538,35.1435983507771,128.707688359809,4812961000.0,덕산동,진해구,경상남도 창원시 진해구 진해대로 965 (자은동 외 3필지),1,0,1,0,,,False,True,False,False,False,1,0,0,1
LOC000539,35.1436004307214,128.478047982559,4812533000.0,진북면,마산합포구,"경상남도 창원시 마산합포구 진북면 농공단지로 48, (신촌리 430-3) 외 1필지",2,1,0,1,,,False,False,False,False,True,1,1,1,0
LOC000540,35.1436703823335,128.483930285084,4812533000.0,진북면,마산합포구,"경상남도 창원시 마산합포구 진북면 망곡길 140, A동 1층",1,1,0,0,,,False,False,False,False,False,1,1,0,0
LOC000541,35.1436865625126,128.495251445589,4812533000.0,진북면,마산합포구,경상남도 창원시 마산합포구 진북면 연동로 154 (외4필지),9,4,3,2,,,True,True,True,False,False,4,3,2,1
LOC000542,35.1437304142107,128.477455085499,4812533000.0,진북면,마산합포구,경상남도 창원시 마산합포구 진북면 농공단지로 47,3,2,1,0,,,True,False,False,False,False,3,2,0,1
LOC000543,35.1438243772379,128.478455593783,4812533000.0,진북면,마산합포구,경상남도 창원시 마산합포구 진북면 농공단지로 42 (신흥판지),1,1,0,0,,,False,False,False,False,False,1,1,0,0
LOC000544,35.1439050090274,128.507499855366,4812532000.0,진동면,마산합포구,경상남도 창원시 마산합포구 진동면 오산3길 89,1,0,1,0,,,True,False,False,False,False,1,0,0,1
LOC000545,35.1440015919616,128.702031429317,4812961000.0,덕산동,진해구,경상남도 창원시 진해구 충장로505번길 10 (덕산동),1,1,0,0,,,False,False,False,False,False,1,1,0,0
LOC000546,35.144026619449,128.697202759697,4812961000.0,덕산동,진해구,경상남도 창원시 진해구 덕산동 90-1,1,0,1,0,,,False,True,False,False,False,1,0,0,1
LOC000547,35.1440775087054,128.482801819545,4812533000.0,진북면,마산합포구,경상남도 창원시 마산합포구 진북면 진북산업로 326,1,1,0,0,,,False,False,False,False,False,1,1,0,0
LOC000548,35.1441042054569,128.477296707926,4812533000.0,진북면,마산합포구,경상남도 창원시 마산합포구 진북면 농공단지로 51,3,2,1,0,,,False,True,False,False,False,2,2,0,1
LOC000549,35.1441206752738,128.670766178322,4812953000.0,충무동,진해구,경상남도 창원시 진해구 속천로23번길 6 (태평동),1,0,1,0,,,False,True,False,False,False,1,0,0,1
LOC000550,35.1441300166698,128.451562775475,4812533000.0,진북면,마산합포구,경상남도 창원시 마산합포구 진북면 학동로 383,4,2,2,0,,,True,False,True,False,False,3,2,0,2
LOC000551,35.1441597858512,128.660698828001,4812953000.0,충무동,진해구,경상남도 창원시 진해구 인의동 30,1,0,1,0,,,False,True,False,False,False,1,0,0,1
LOC000552,35.1442479082235,128.509702399153,4812532000.0,진동면,마산합포구,경상남도 창원시 마산합포구 진동면 동전리 1439번지,1,1,0,0,,,False,False,False,False,False,1,1,0,0
LOC000553,35.1442669487948,128.478089331125,4812533000.0,진북면,마산합포구,경상남도 창원시 마산합포구 진북면 농공단지로 52 (금강인슐텍) 외 1필지,1,1,0,0,,,False,False,False,False,False,1,1,0,0
LOC000554,35.1442737774779,128.475754861795,4812533000.0,진북면,마산합포구,경상남도 창원시 마산합포구 진북면 신촌리 443번지,1,1,0,0,,,False,False,False,False,False,1,1,0,0
LOC000555,35.1443142885851,128.477038045459,4812533000.0,진북면,마산합포구,경상남도 창원시 마산합포구 진북면 농공단지로 53,4,1,2,1,,,True,True,False,False,False,3,1,1,1
LOC000556,35.1444697148737,128.477551400008,4812533000.0,진북면,마산합포구,경상남도 창원시 마산합포구 진북면 농공단지로 58 (미래테크),3,2,1,0,,,False,True,False,False,False,2,2,0,1
LOC000557,35.1444944809615,128.481847543367,4812533000.0,진북면,마산합포구,경상남도 창원시 마산합포구 진북면 진북산업로 330,3,1,2,0,,,False,True,True,False,False,1,1,0,1
LOC000558,35.144514765821,128.671969420972,4812953000.0,충무동,진해구,경상남도 창원시 진해구 속천로 8-1 (제황산동),1,0,0,1,,,False,False,False,True,False,1,0,1,0
LOC000559,35.1445596475378,128.482038657173,4812533000.0,진북면,마산합포구,경상남도 창원시 마산합포구 진북면 망곡리 575번지,1,1,0,0,,,False,False,False,False,False,1,1,0,0
LOC000560,35.144576050761,128.477219870447,4812533000.0,진북면,마산합포구,경상남도 창원시 마산합포구 진북면 농공단지로 57 에반산업,1,1,0,0,,,False,False,False,False,False,1,1,0,0
LOC000561,35.1445794001645,128.508804508827,4812532000.0,진동면,마산합포구,경상남도 창원시 마산합포구 진동면 오산3길 125,1,0,1,0,,,False,True,False,False,False,1,0,0,1
LOC000562,35.1446049423406,128.480833061455,4812533000.0,진북면,마산합포구,경상남도 창원시 마산합포구 진북면 진북산업로 333 (외 8필지),1,0,1,0,,,False,False,True,False,False,1,0,0,1
LOC000563,35.1446161976653,128.476861688038,4812533000.0,진북면,마산합포구,경상남도 창원시 마산합포구 진북면 신촌리 430-23번지,1,1,0,0,,,False,False,False,False,False,1,1,0,0
LOC000564,35.1446561406803,128.509929496512,4812532000.0,진동면,마산합포구,경상남도 창원시 마산합포구 진동면 태봉2길 214 (상진산업기계),1,1,0,0,,,False,False,False,False,False,1,1,0,0
LOC000565,35.1447041349976,128.495991825079,4812533000.0,진북면,마산합포구,경상남도 창원시 마산합포구 진북면 망곡리 5-1 5-5번지,2,0,2,0,,,False,True,True,False,False,1,0,0,1
LOC000566,35.1447069938468,128.661423352956,4812953000.0,충무동,진해구,경상남도 창원시 진해구 태평로34번길 17 (인의동),1,0,1,0,,,False,True,False,False,False,1,0,0,1
LOC000567,35.1447462655657,128.510876542045,4812532000.0,진동면,마산합포구,경상남도 창원시 마산합포구 진동면 동전고개로 10-54,1,1,0,0,,,False,False,False,False,False,1,1,0,0
LOC000568,35.1448548393558,128.480399788125,4812533000.0,진북면,마산합포구,경상남도 창원시 마산합포구 진북면 부평리 359번지,1,1,0,0,,,False,False,False,False,False,1,1,0,0
LOC000569,35.1448927268189,128.481967121282,4812533000.0,진북면,마산합포구,경상남도 창원시 마산합포구 진북면 망곡리 572번지,1,1,0,0,,,False,False,False,False,False,1,1,0,0
LOC000570,35.1449605354412,128.480180278151,4812533000.0,진북면,마산합포구,경상남도 창원시 마산합포구 진북면 진북산업로 341,3,1,2,0,,,False,True,True,False,False,1,1,0,1
LOC000571,35.1450250067268,128.477290637252,4812533000.0,진북면,마산합포구,경상남도 창원시 마산합포구 진북면 신촌리 430번지,1,1,0,0,,,False,False,False,False,False,1,1,0,0
LOC000572,35.1450577340389,128.508953456574,4812532000.0,진동면,마산합포구,경상남도 창원시 마산합포구 진동면 오산3길 129 (현세기보링) (총 2 필지) 외 1필지,1,1,0,0,,,False,False,False,False,False,1,1,0,0
LOC000573,35.1450906481037,128.511431858587,4812532000.0,진동면,마산합포구,경상남도 창원시 마산합포구 진동면 동전리 1437번지,1,1,0,0,,,False,False,False,False,False,1,1,0,0
LOC000574,35.1451897059626,128.477716055266,4812533000.0,진북면,마산합포구,경상남도 창원시 마산합포구 진북면 농공단지로 60,2,0,2,0,,,True,True,False,False,False,1,0,0,1
LOC000575,35.1452818348807,128.49353797895,4812533000.0,진북면,마산합포구,경상남도 창원시 마산합포구 진북면 망곡리 6-1,1,0,1,0,,,False,True,False,False,False,1,0,0,1
LOC000576,35.1452955311157,128.665214904377,4812953000.0,충무동,진해구,경상남도 창원시 진해구 태평로 56 (태평동),1,0,1,0,,,False,True,False,False,False,1,0,0,1
LOC000577,35.1453057134171,128.509203159468,4812532000.0,진동면,마산합포구,경상남도 창원시 마산합포구 진동면 태봉1길 3 (세창악기) 외 2필지,1,1,0,0,,,False,False,False,False,False,1,1,0,0
LOC000578,35.1453698698278,128.4933932145,4812533000.0,진북면,마산합포구,경상남도 창원시 마산합포구 진북면 연동로 171,3,1,2,0,,,True,False,True,False,False,1,1,0,1
LOC000579,35.1453800362552,128.511923399974,4812532000.0,진동면,마산합포구,경상남도 창원시 마산합포구 진동면 동전고개로 10-18,1,1,0,0,,,False,False,False,False,False,1,1,0,0
LOC000580,35.1454848035962,128.512187251088,4812532000.0,진동면,마산합포구,경상남도 창원시 마산합포구 진동면 동전리 1435 번지,2,1,1,0,,,False,False,True,False,False,2,1,0,1
LOC000581,35.1455037258763,128.66370553014,4812953000.0,충무동,진해구,경상남도 창원시 진해구 태평로 40 (태평동),1,0,1,0,,,False,True,False,False,False,1,0,0,1
LOC000582,35.1455985348075,128.480040301093,4812533000.0,진북면,마산합포구,경상남도 창원시 마산합포구 진북면 진북산업로 349,1,1,0,0,,,False,False,False,False,False,1,1,0,0
LOC000583,35.1457783171845,128.480963716641,4812533000.0,진북면,마산합포구,경상남도 창원시 마산합포구 진북면 부평리 355번지,1,1,0,0,,,False,False,False,False,False,1,1,0,0
LOC000584,35.1457960138467,128.453095501805,4812533000.0,진북면,마산합포구,경상남도 창원시 마산합포구 진북면 덕곡천길 461,1,0,1,0,,,True,False,False,False,False,1,0,0,1
LOC000585,35.1458102068146,128.660712503433,4812953000.0,충무동,진해구,경상남도 창원시 진해구 태평로 14 (태평동),1,0,1,0,,,False,True,False,False,False,1,0,0,1
LOC000586,35.1458791380806,128.665381065187,4812953000.0,충무동,진해구,경상남도 창원시 진해구 태평로 55 (태평동),1,0,1,0,,,False,True,False,False,False,1,0,0,1
LOC000587,35.1459097531156,128.509585075263,4812532000.0,진동면,마산합포구,"경상남도 창원시 마산합포구 진동면 태봉1길 45, 외 1필지",2,1,1,0,,,False,False,True,False,False,2,1,0,1
LOC000588,35.1459549377687,128.449775371095,4812533000.0,진북면,마산합포구,경상남도 창원시 마산합포구 진북면 학동로 413,1,1,0,0,,,False,False,False,False,False,1,1,0,0
LOC000589,35.1459948290867,128.701030908848,4812961000.0,덕산동,진해구,경상남도 창원시 진해구 충장로 487 (덕산동),1,0,1,0,,,False,True,False,False,False,1,0,0,1
LOC000590,35.1460578497757,128.664240188071,4812953000.0,충무동,진해구,경상남도 창원시 진해구 태평로 45 (태평동),1,0,1,0,,,False,True,False,False,False,1,0,0,1
LOC000591,35.1461694185323,128.480488117403,4812533000.0,진북면,마산합포구,경상남도 창원시 마산합포구 진북면 진북산업로 354,1,1,0,0,,,False,False,False,False,False,1,1,0,0
LOC000592,35.1462172588726,128.481352091217,4812533000.0,진북면,마산합포구,경상남도 창원시 마산합포구 진북면 망곡길 15,3,3,0,0,,,False,False,False,False,False,3,3,0,0
LOC000593,35.1462475788863,128.713229604732,4812961000.0,덕산동,진해구,경상남도 창원시 진해구 자은동 417-3,1,0,1,0,,,False,True,False,False,False,1,0,0,1
LOC000594,35.1462764083215,128.705271833977,4812960000.0,자은동,진해구,경상남도 창원시 진해구 덕산로51번길 3 다정미술학원 (자은동),1,0,1,0,,,False,True,False,False,False,1,0,0,1
LOC000595,35.1464203719098,128.700852359759,4812961000.0,덕산동,진해구,경상남도 창원시 진해구 충장로 483 (덕산동),1,0,1,0,,,False,True,False,False,False,1,0,0,1
LOC000596,35.1464582139145,128.493979179077,4812533000.0,진북면,마산합포구,경상남도 창원시 마산합포구 진북면 연동로 177,3,1,2,0,,,True,False,True,False,False,2,1,0,1
LOC000597,35.1465063416041,128.526683735969,4812532000.0,진동면,마산합포구,경상남도 창원시 마산합포구 진동면 공원묘원로 91,1,0,0,1,,,False,False,False,False,True,1,0,1,0
LOC000598,35.1469722978416,128.70367320262,4812960000.0,자은동,진해구,경상남도 창원시 진해구 진해대로922번길 31 (자은동),1,0,1,0,,,False,True,False,False,False,1,0,0,1
LOC000599,35.1472202536205,128.658688101551,4812953000.0,충무동,진해구,경상남도 창원시 진해구 중원로 33 진해 청소년전당 (중평동),1,0,1,0,,,True,False,False,False,False,1,0,0,1
LOC000600,35.1472365696059,128.526688269192,4812532000.0,진동면,마산합포구,경상남도 창원시 마산합포구 진동면 공원묘원로 89 (재활용처리동),1,0,0,1,,,False,False,False,False,True,1,0,1,0
LOC000601,35.1474775188639,128.367871759372,4812534000.0,진전면,마산합포구,경상남도 창원시 마산합포구 진전면 원산1길 51,1,1,0,0,,,False,False,False,False,False,1,1,0,0
LOC000602,35.147512002298,128.691314921214,4812961000.0,덕산동,진해구,"경상남도 창원시 진해구 천자로 83 (덕산동, CNG천연가스충전소)",1,0,0,1,,,False,False,False,True,False,1,0,1,0
LOC000603,35.1476563751147,128.476687729975,4812533000.0,진북면,마산합포구,경상남도 창원시 마산합포구 진북면 문암길 119-76,3,1,2,0,,,False,True,True,False,False,2,1,0,1
LOC000604,35.1479942060575,128.557546098395,4812551000.0,현동,마산합포구,경상남도 창원시 마산합포구 현동1길 1 (현동),1,0,1,0,,,False,True,False,False,False,1,0,0,1
LOC000605,35.1482022140153,128.366979157596,4812534000.0,진전면,마산합포구,경상남도 창원시 마산합포구 진전면 원산1길 62-32,1,1,0,0,,,False,False,False,False,False,1,1,0,0
LOC000606,35.1485405077517,128.661033414029,4812953000.0,충무동,진해구,경상남도 창원시 진해구 중원동로 45 (중앙동),1,0,1,0,,,False,True,False,False,False,1,0,0,1
LOC000607,35.1487105786901,128.70945642872,4812960000.0,자은동,진해구,경상남도 창원시 진해구 자은로78번길 44 (자은동),1,0,1,0,,,False,True,False,False,False,1,0,0,1
LOC000608,35.1488586686448,128.661090684385,4812953000.0,충무동,진해구,경상남도 창원시 진해구 중앙동 4-1,1,0,0,1,,,False,False,False,True,True,1,0,1,0
LOC000609,35.1491668156813,128.691155064035,4812959000.0,이동,진해구,경상남도 창원시 진해구 천자로 67 (이동),1,0,1,0,,,False,True,False,False,False,1,0,0,1
LOC000610,35.1492288176779,128.697816966091,4812959000.0,이동,진해구,경상남도 창원시 진해구 이동로40번길 19 (이동),1,0,0,1,,,False,False,False,True,False,1,0,1,0
LOC000611,35.149377093549,128.475878833669,4812533000.0,진북면,마산합포구,경상남도 창원시 마산합포구 진북면 진북산업로 415-23,1,1,0,0,,,False,False,False,False,False,1,1,0,0
LOC000612,35.1494679611966,128.508662021541,4812532000.0,진동면,마산합포구,경상남도 창원시 마산합포구 진동면 태봉1길 140 (고려제과),1,1,0,0,,,False,False,False,False,False,1,1,0,0
LOC000613,35.14947825916,128.478801803307,4812533000.0,진북면,마산합포구,경상남도 창원시 마산합포구 진북면 진북산업로 398-27,3,2,1,0,,,False,False,True,False,False,3,2,0,1
LOC000614,35.1497607068251,128.660926762273,4812953000.0,충무동,진해구,경상남도 창원시 진해구 중원동로 55-1 (중앙동 외 4필지),1,0,1,0,,,False,True,False,False,False,1,0,0,1
LOC000615,35.1498696273719,128.477446681291,4812533000.0,진북면,마산합포구,경상남도 창원시 마산합포구 진북면 부평리 136 번지,1,1,0,0,,,False,False,False,False,False,1,1,0,0
LOC000616,35.1499172113911,128.44959799506,4812533000.0,진북면,마산합포구,경상남도 창원시 마산합포구 진북면 금산길 91 (동우금속) 외 1필지,1,1,0,0,,,False,False,False,False,False,1,1,0,0
LOC000617,35.149943713824,128.478081829164,4812533000.0,진북면,마산합포구,경상남도 창원시 마산합포구 진북면 진북산업로 402 (토성),1,1,0,0,,,False,False,False,False,False,1,1,0,0
LOC000618,35.1500403388905,128.391027299137,4812534000.0,진전면,마산합포구,경상남도 창원시 마산합포구 진전면 평암로 200 (진로소주),5,2,2,1,,,True,True,False,False,False,1,1,1,1
LOC000619,35.1501443678179,128.477266311609,4812533000.0,진북면,마산합포구,경상남도 창원시 마산합포구 진북면 진북산업로 403,1,1,0,0,,,False,False,False,False,False,1,1,0,0
LOC000620,35.1504082179318,128.659521350079,4812953000.0,충무동,진해구,"경상남도 창원시 진해구 중원로 69, 남양빌딩 5층 (평안동)",1,1,0,0,,,False,False,False,False,False,1,1,0,0
LOC000621,35.1504903735065,128.696702882839,4812959000.0,이동,진해구,"경상남도 창원시 진해구 이동로40번길 3 (이동, 백모실업)",1,1,0,0,,,False,False,False,False,False,1,1,0,0
LOC000622,35.1507420690922,128.709951665959,4812960000.0,자은동,진해구,경상남도 창원시 진해구 자은로78번길 19 (자은동),1,1,0,0,,,False,False,False,False,False,1,1,0,0
LOC000623,35.1509959344198,128.477668074934,4812533000.0,진북면,마산합포구,경상남도 창원시 마산합포구 진북면 부평리 127번지,1,1,0,0,,,False,False,False,False,False,1,1,0,0
LOC000624,35.151150784716,128.688576998445,4812957000.0,병암동,진해구,경상남도 창원시 진해구 경화동 980-3,1,0,1,0,,,False,True,False,False,False,1,0,0,1
LOC000625,35.1513121011186,128.50625089356,4812532000.0,진동면,마산합포구,경상남도 창원시 마산합포구 진동면 태봉1길 215-1 외 1필지,1,1,0,0,,,False,False,False,False,False,1,1,0,0
LOC000626,35.1514556828528,128.657220073926,4812953000.0,충무동,진해구,경상남도 창원시 진해구 편백로7번길 22 (회현동),1,0,0,1,,,False,False,False,True,False,1,0,1,0
LOC000627,35.151459853626,128.695999237981,4812959000.0,이동,진해구,경상남도 창원시 진해구 충장로 412-1 (이동),1,0,0,1,,,False,False,False,True,False,1,0,1,0
LOC000628,35.1515092104231,128.700186552994,4812959000.0,이동,진해구,경상남도 창원시 진해구 이동로 76 (이동),1,0,1,0,,,False,True,False,False,False,1,0,0,1
LOC000629,35.1515156981625,128.660123108123,4812953000.0,충무동,진해구,"경상남도 창원시 진해구 중원로 82, 2층ㆍ3층 (송학동)",1,1,0,0,,,False,False,False,False,False,1,1,0,0
LOC000630,35.1515309847418,128.476228828639,4812533000.0,진북면,마산합포구,"경상남도 창원시 마산합포구 진북면 진함로 349, (추곡리818)",1,1,0,0,,,False,False,False,False,False,1,1,0,0
LOC000631,35.1516198292245,128.506088235207,4812532000.0,진동면,마산합포구,경상남도 창원시 마산합포구 진동면 태봉1길 215,1,0,1,0,,,False,False,True,False,False,1,0,0,1
LOC000632,35.1519341562159,128.47861997486,4812533000.0,진북면,마산합포구,경상남도 창원시 마산합포구 진북면 진북산업로 418-30 외 1필지,1,1,0,0,,,False,False,False,False,False,1,1,0,0
LOC000633,35.1521374370268,128.6392862493,4812953000.0,충무동,진해구,경상남도 창원시 진해구 현동 31,1,0,1,0,,,False,True,False,False,False,1,0,0,1
LOC000634,35.1521437163458,128.478456092787,4812533000.0,진북면,마산합포구,"경상남도 창원시 마산합포구 진북면 진북산업로 418-4, (부평리 116번지 외4필지)",1,1,0,0,,,False,False,False,False,False,1,1,0,0
LOC000635,35.1522483864096,128.669435733279,4812954000.0,여좌동,진해구,"경상남도 창원시 진해구 충장로 159, 1층(여좌동)",1,1,0,0,,,False,False,False,False,False,1,1,0,0
LOC000636,35.1522926711965,128.710969603821,4812960000.0,자은동,진해구,"경상남도 창원시 진해구 자은로96번길 10, 자은동 (자은동)",1,1,0,0,,,False,False,False,False,False,1,1,0,0
LOC000637,35.1523120049523,128.478985753731,4812533000.0,진북면,마산합포구,경상남도 창원시 마산합포구 진북면 진북산업로 418-44,1,1,0,0,,,False,False,False,False,False,1,1,0,0
LOC000638,35.1523483844767,128.476971684774,4812533000.0,진북면,마산합포구,경상남도 창원시 마산합포구 진북면 진북산업로 430 (신창특수도장) 외 1필지,2,1,1,0,,,False,False,True,False,False,2,1,0,1
LOC000639,35.1523200114678,128.656458950073,4812953000.0,충무동,진해구,"경상남도 창원시 진해구 백구로 93(수송동, 천일라사)",1,1,0,0,,,False,False,False,False,False,1,1,0,0
LOC000640,35.1524787495277,128.656245777388,4812953000.0,충무동,진해구,경상남도 창원시 진해구 충무로 78 (수송동),1,1,0,0,,,False,False,False,False,False,1,1,0,0
LOC000641,35.1525796714146,128.672630859475,4812955000.0,태백동,진해구,경상남도 창원시 진해구 태백서로 4 (여좌동),1,0,1,0,,,False,True,False,False,False,1,0,0,1
LOC000642,35.1526219470936,128.699095169325,4812959000.0,이동,진해구,경상남도 창원시 진해구 이동로69번길 12 (이동),1,1,0,0,,,False,False,False,False,False,1,1,0,0
LOC000643,35.1526306958014,128.672323009793,4812955000.0,태백동,진해구,경상남도 창원시 진해구 충장로 185 (여좌동) 2층,1,1,0,0,,,False,False,False,False,False,1,1,0,0
LOC000644,35.1526330599808,128.673835267981,4812955000.0,태백동,진해구,경상남도 창원시 진해구 충장로 199 (여좌동),1,0,1,0,,,False,True,False,False,False,1,0,0,1
LOC000645,35.1526514806083,128.69326610024,4812959000.0,이동,진해구,경상남도 창원시 진해구 천자로 16 (이동),1,0,1,0,,,False,True,False,False,False,1,0,0,1
LOC000646,35.1527020656658,128.673556866077,4812955000.0,태백동,진해구,경상남도 창원시 진해구 충장로 197 (여좌동),1,0,1,0,,,False,True,False,False,False,1,0,0,1
LOC000647,35.1527705390217,128.664099280666,4812954000.0,여좌동,진해구,경상남도 창원시 진해구 충장로 105-2 (여좌동),1,0,1,0,,,False,True,False,False,False,1,0,0,1
LOC000648,35.1527826574725,128.657035643712,4812953000.0,충무동,진해구,"경상남도 창원시 진해구 충장로 46-1, 1층 (충무동)",1,1,0,0,,,False,False,False,False,False,1,1,0,0
LOC000649,35.1528316742815,128.671891817269,4812955000.0,태백동,진해구,경상남도 창원시 진해구 여좌동 812-8,1,0,1,0,,,False,True,False,False,False,1,0,0,1
LOC000650,35.1529032022403,128.477230154077,4812533000.0,진북면,마산합포구,경상남도 창원시 마산합포구 진북면 진북산업로 432 (주택),1,1,0,0,,,False,False,False,False,False,1,1,0,0
LOC000651,35.152981149121,128.705970617776,4812958000.0,석동,진해구,경상남도 창원시 진해구 진해대로 855 (석동),1,0,1,0,,,False,True,False,False,False,1,0,0,1
LOC000652,35.1530624273703,128.551284041652,4812551000.0,현동,마산합포구,경상남도 창원시 마산합포구 현동로 20 (우산동),1,0,1,0,,,False,True,False,False,False,1,0,0,1
LOC000653,35.1531271739504,128.676554895941,4812955000.0,태백동,진해구,경상남도 창원시 진해구 태백로 8 (경화동),1,0,1,0,,,False,True,False,False,False,1,0,0,1
LOC000654,35.1532041027036,128.691170261271,4812957000.0,병암동,진해구,경상남도 창원시 진해구 충장로 356 홈플러스진해점 (이동),2,0,1,1,,,True,False,False,True,True,1,0,1,1
LOC000655,35.1532637736836,128.680608464631,4812955000.0,태백동,진해구,경상남도 창원시 진해구 충장로 261 (경화동),1,0,1,0,,,True,False,False,False,False,1,0,0,1
LOC000656,35.1533327751486,128.55096940748,4812551000.0,현동,마산합포구,경상남도 창원시 마산합포구 우산동 84,1,0,1,0,,,False,True,False,False,False,1,0,0,1
LOC000657,35.1534242305646,128.681936783909,4812956000.0,경화동,진해구,"경상남도 창원시 진해구 충장로 273, 1층 (경화동, 스카이과학)",1,1,0,0,,,False,False,False,False,False,1,1,0,0
LOC000658,35.1534439546272,128.477378197656,4812533000.0,진북면,마산합포구,경상남도 창원시 마산합포구 진북면 진함로 377,1,1,0,0,,,False,False,False,False,False,1,1,0,0
LOC000659,35.1534552865367,128.681764155691,4812956000.0,경화동,진해구,경상남도 창원시 진해구 충장로 269 (경화동),1,0,1,0,,,False,True,False,False,False,1,0,0,1
LOC000660,35.1534629645197,128.476920502801,4812533000.0,진북면,마산합포구,경상남도 창원시 마산합포구 진북면 추곡1길 14 (주)하이워텍ENG,3,0,3,0,,,True,True,True,False,False,1,0,0,1
LOC000661,35.1537353469071,128.681695740928,4812956000.0,경화동,진해구,경상남도 창원시 진해구 중초로 8 (경화동),1,0,1,0,,,False,True,False,False,False,1,0,0,1
LOC000662,35.1537611895261,128.684090972375,4812956000.0,경화동,진해구,경상남도 창원시 진해구 충장로 293 (경화동),1,0,1,0,,,False,True,False,False,False,1,0,0,1
LOC000663,35.1540117574998,128.709897303592,4812960000.0,자은동,진해구,경상남도 창원시 진해구 냉천로108번길 5-23 (자은동),1,1,0,0,,,False,False,False,False,False,1,1,0,0
LOC000664,35.154026930866,128.551876051173,4812551000.0,현동,마산합포구,경상남도 창원시 마산합포구 우산동 102-6,2,0,1,1,,,False,True,False,False,True,2,0,1,1
LOC000665,35.154274123308,128.473543735356,4812533000.0,진북면,마산합포구,경상남도 창원시 마산합포구 진북면 추곡리 784-1번지,1,1,0,0,,,False,False,False,False,False,1,1,0,0
LOC000666,35.1543477680034,128.475149643108,4812533000.0,진북면,마산합포구,경상남도 창원시 마산합포구 진북면 추곡리 552-5,1,0,1,0,,,False,False,True,False,False,1,0,0,1
LOC000667,35.1544404977742,128.473187894191,4812533000.0,진북면,마산합포구,경상남도 창원시 마산합포구 진북면 진북산업로 465-61,2,0,1,1,,,True,False,False,False,True,1,0,1,1
LOC000668,35.1545931720157,128.475557359584,4812533000.0,진북면,마산합포구,경상남도 창원시 마산합포구 진북면 진북산업로 459,2,1,1,0,,,True,False,False,False,False,2,1,0,1
LOC000669,35.1546946059472,128.698399764037,4812958000.0,석동,진해구,경상남도 창원시 진해구 해원로32번길 13 (이동),2,0,1,1,,,False,True,False,True,True,1,0,1,1
LOC000670,35.1548753846411,128.473763410374,4812533000.0,진북면,마산합포구,경상남도 창원시 마산합포구 진북면 진북산업로 465-63,3,1,2,0,,,False,True,True,False,False,1,1,0,1
LOC000671,35.1549437638443,128.474284034479,4812533000.0,진북면,마산합포구,경상남도 창원시 마산합포구 진북면 진북산업로 465-46 (동화제재소) 외 3필지,2,2,0,0,,,False,False,False,False,False,2,2,0,0
LOC000672,35.1550291978837,128.473173268803,4812533000.0,진북면,마산합포구,경상남도 창원시 마산합포구 진북면 진북산업로 465-60,4,2,2,0,,,False,False,True,False,False,3,2,0,2
LOC000673,35.1551115570477,128.681978871945,4812956000.0,경화동,진해구,"경상남도 창원시 진해구 경화로21번길 39, 2층 (경화동)",1,1,0,0,,,False,False,False,False,False,1,1,0,0
LOC000674,35.1552077036407,128.706572804132,4812958000.0,석동,진해구,경상남도 창원시 진해구 석동로 66 (석동 진해국민체육관),1,0,1,0,,,True,False,False,False,False,1,0,0,1
LOC000675,35.155223548955,128.477491581752,4812533000.0,진북면,마산합포구,경상남도 창원시 마산합포구 진북면 추곡1길 49,1,1,0,0,,,False,False,False,False,False,1,1,0,0
LOC000676,35.1552523780529,128.692359935245,4812957000.0,병암동,진해구,경상남도 창원시 진해구 이동 521-7,1,0,1,0,,,False,True,False,False,False,1,0,0,1
LOC000677,35.1553788659704,128.702825322172,4812958000.0,석동,진해구,경상남도 창원시 진해구 석동로39번길 7-1 (석동),1,1,0,0,,,False,False,False,False,False,1,1,0,0
LOC000678,35.1554151465765,128.474815116201,4812533000.0,진북면,마산합포구,경상남도 창원시 마산합포구 진북면 진북산업로 465-1,3,2,1,0,,,False,False,True,False,False,3,2,0,1
LOC000679,35.1556029124131,128.474183006715,4812533000.0,진북면,마산합포구,경상남도 창원시 마산합포구 진북면 진북산업로 493-39,9,2,6,1,,,True,False,True,False,False,6,2,1,3
LOC000680,35.1556456783207,128.710337628821,4812960000.0,자은동,진해구,"경상남도 창원시 진해구 냉천로129번길 12-1, 3층 (자은동)",1,1,0,0,,,False,False,False,False,False,1,1,0,0
LOC000681,35.1556861053591,128.47703827394,4812533000.0,진북면,마산합포구,경상남도 창원시 마산합포구 진북면 진북산업로 462-62 (부성포장),2,1,0,1,,,False,False,False,False,False,1,1,1,0
LOC000682,35.1557545913323,128.473005278248,4812533000.0,진북면,마산합포구,경상남도 창원시 마산합포구 진북면 진북산업로 465-56,1,1,0,0,,,False,False,False,False,False,1,1,0,0
LOC000683,35.1559259920656,128.474814131605,4812533000.0,진북면,마산합포구,경상남도 창원시 마산합포구 진북면 진북산업로 473,1,1,0,0,,,False,False,False,False,False,1,1,0,0
LOC000684,35.1560647088717,128.667501151776,4812954000.0,여좌동,진해구,"경상남도 창원시 진해구 연구단지1길 16, 6층 607호 (여좌동)",1,1,0,0,,,False,False,False,False,False,1,1,0,0
LOC000685,35.1561754259538,128.582421229201,4812552000.0,가포동,마산합포구,경상남도 창원시 마산합포구 가포본동7길 3 (가포동),1,1,0,0,,,False,False,False,False,False,1,1,0,0
LOC000686,35.1562558325188,128.478541913659,4812533000.0,진북면,마산합포구,경상남도 창원시 마산합포구 진북면 추곡1길 76,1,1,0,0,,,False,False,False,False,False,1,1,0,0
LOC000687,35.1563066301027,128.476697555941,4812533000.0,진북면,마산합포구,경상남도 창원시 마산합포구 진북면 추곡리 546번지,1,1,0,0,,,False,False,False,False,False,1,1,0,0
LOC000688,35.1564890416183,128.476853062551,4812533000.0,진북면,마산합포구,경상남도 창원시 마산합포구 진북면 추곡2길 17,2,0,1,1,,,True,False,False,False,False,1,0,1,1
LOC000689,35.1565144898504,128.67975848502,4812955000.0,태백동,진해구,경상남도 창원시 진해구 중초로37번길 14 (경화동),1,0,1,0,,,False,True,False,False,False,1,0,0,1
LOC000690,35.1565351806462,128.718405382971,4812960000.0,자은동,진해구,경상남도 창원시 진해구 냉천로 205 냉천초등학교 (자은동),1,0,1,0,,,True,False,False,False,False,1,0,0,1
LOC000691,35.1565596222312,128.475365491744,4812533000.0,진북면,마산합포구,경상남도 창원시 마산합포구 진북면 진북산업로 480 (대성포장산업사),1,1,0,0,,,False,False,False,False,False,1,1,0,0
LOC000692,35.1566046551081,128.473998391066,4812533000.0,진북면,마산합포구,경상남도 창원시 마산합포구 진북면 진북산업로 493-40,4,0,3,1,,,True,False,True,False,True,2,0,1,2
LOC000693,35.1567055503308,128.710596957853,4812960000.0,자은동,진해구,"경상남도 창원시 진해구 냉천로 149-23, 2층(자은동, 다온재) (자은동)",2,2,0,0,,,False,False,False,False,False,2,2,0,0
LOC000694,35.1567376591389,128.474711031608,4812533000.0,진북면,마산합포구,경상남도 창원시 마산합포구 진북면 추곡리 571-3,1,0,1,0,,,False,False,True,False,False,1,0,0,1
LOC000695,35.1567500497106,128.473952179632,4812533000.0,진북면,마산합포구,경상남도 창원시 마산합포구 진북면 추곡리 573번지 외 1필지 외 6필지,1,1,0,0,,,False,False,False,False,False,1,1,0,0
LOC000696,35.1567816455521,128.474518133372,4812533000.0,진북면,마산합포구,경상남도 창원시 마산합포구 진북면 진북산업로 485,2,2,0,0,,,False,False,False,False,False,2,2,0,0
LOC000697,35.1570438239677,128.478333399995,4812533000.0,진북면,마산합포구,경상남도 창원시 마산합포구 진북면 추곡2길 61,1,1,0,0,,,False,False,False,False,False,1,1,0,0
LOC000698,35.1571901334596,128.473418875693,4812533000.0,진북면,마산합포구,경상남도 창원시 마산합포구 진북면 진북산업로 493-38,4,1,2,1,,,True,False,True,False,False,2,1,1,1
LOC000699,35.1572653361528,128.475777474504,4812533000.0,진북면,마산합포구,경상남도 창원시 마산합포구 진북면 진북산업로 486-18,1,0,1,0,,,False,True,False,False,False,1,0,0,1
LOC000700,35.1573968995205,128.475660781567,4812533000.0,진북면,마산합포구,경상남도 창원시 마산합포구 진북면 진북산업로 486-21 (동성산업),2,0,1,1,,,False,True,False,False,False,2,0,1,1
LOC000701,35.1574655417978,128.664785084396,4812954000.0,여좌동,진해구,경상남도 창원시 진해구 여좌동 944,1,0,1,0,,,True,False,False,False,False,1,0,0,1
LOC000702,35.1577743516176,128.694301649212,4812957000.0,병암동,진해구,경상남도 창원시 진해구 이동 505-5,1,0,1,0,,,False,False,True,False,False,1,0,0,1
LOC000703,35.1581646243334,128.698757554273,4812958000.0,석동,진해구,경상남도 창원시 진해구 진해대로 762 (석동),1,0,0,1,,,False,False,False,True,True,1,0,1,0
LOC000704,35.1582959646639,128.474812249018,4812533000.0,진북면,마산합포구,경상남도 창원시 마산합포구 진북면 진북산업로 498,1,0,1,0,,,True,False,False,False,False,1,0,0,1
LOC000705,35.1583142587556,128.552754980336,4812551000.0,현동,마산합포구,경상남도 창원시 마산합포구 첨단산업로 3 (우산동),4,1,2,1,,,True,True,False,False,True,1,1,1,1
LOC000706,35.1583382196027,128.702703415124,4812958000.0,석동,진해구,경상남도 창원시 진해구 석동 287-5,1,0,1,0,,,False,False,True,False,False,1,0,0,1
LOC000707,35.1586145736599,128.554559245649,4812551000.0,현동,마산합포구,경상남도 창원시 마산합포구 밤밭고개로 192 (우산동),1,1,0,0,,,False,False,False,False,False,1,1,0,0
LOC000708,35.1586172148251,128.69225548587,4812957000.0,병암동,진해구,경상남도 창원시 진해구 병암로 55 (경화동),1,0,1,0,,,False,True,False,False,False,1,0,0,1
LOC000709,35.1586257306562,128.701727243892,4812958000.0,석동,진해구,경상남도 창원시 진해구 돌리로10번길 11 (석동),1,0,1,0,,,False,True,False,False,False,1,0,0,1
LOC000710,35.1588968975497,128.699956760821,4812958000.0,석동,진해구,경상남도 창원시 진해구 돌리로 5-10 (석동),1,1,0,0,,,False,False,False,False,False,1,1,0,0
LOC000711,35.1589491842903,128.694424452617,4812957000.0,병암동,진해구,경상남도 창원시 진해구 석동 516-3,2,0,2,0,,,True,False,True,False,False,1,0,0,1
LOC000712,35.159089207165,128.473601500018,4812533000.0,진북면,마산합포구,"경상남도 창원시 마산합포구 진북면 진북산업로 507, 주1동",1,1,0,0,,,False,False,False,False,False,1,1,0,0
LOC000713,35.1591350630034,128.695464471657,4812958000.0,석동,진해구,경상남도 창원시 진해구 진해대로 732 (석동),1,0,1,0,,,False,True,False,False,False,1,0,0,1
LOC000714,35.1599143769773,128.693813792857,4812957000.0,병암동,진해구,경상남도 창원시 진해구 진해대로 717 (석동),1,0,1,0,,,False,True,False,False,False,1,0,0,1
LOC000715,35.1600087541822,128.681835090736,4812956000.0,경화동,진해구,"경상남도 창원시 진해구 조천북로80번길 11, B동, 대영빌딩 2층, 3층 (경화동)",1,1,0,0,,,False,False,False,False,False,1,1,0,0
LOC000716,35.1604803573555,128.692665559737,4812957000.0,병암동,진해구,경상남도 창원시 진해구 병암북로4번길 17 (경화동),1,1,0,0,,,False,False,False,False,False,1,1,0,0
LOC000717,35.160751610896,128.473983992062,4812533000.0,진북면,마산합포구,경상남도 창원시 마산합포구 진북면 673-1번지 외 2필지 외 1필지,1,1,0,0,,,False,False,False,False,False,1,1,0,0
LOC000718,35.1611247823284,128.472631295938,4812533000.0,진북면,마산합포구,경상남도 창원시 마산합포구 진북면 진북산업로 535,2,1,0,1,,,False,False,False,False,False,1,1,1,0
LOC000719,35.162603369631,128.47000620904,4812533000.0,진북면,마산합포구,경상남도 창원시 마산합포구 진북면 대티3길 90,2,2,0,0,,,False,False,False,False,False,2,2,0,0
LOC000720,35.1627480842343,128.46923596287,4812533000.0,진북면,마산합포구,경상남도 창원시 마산합포구 진북면 대티리 569번지 외 8필지,1,1,0,0,,,False,False,False,False,False,1,1,0,0
LOC000721,35.163026634962,128.576085999885,4812552000.0,가포동,마산합포구,경상남도 창원시 마산합포구 가포신항남로 44 (가포동),3,1,2,0,,,True,False,True,False,False,1,1,0,1
LOC000722,35.1630398171742,128.469771188865,4812533000.0,진북면,마산합포구,경상남도 창원시 마산합포구 진북면 대티3길 70,1,0,1,0,,,True,False,False,False,False,1,0,0,1
LOC000723,35.1634501397554,128.575655729373,4812552000.0,가포동,마산합포구,경상남도 창원시 마산합포구 가포신항중앙로 9 (가포동),3,1,2,0,,,False,True,True,False,False,1,1,0,1
LOC000724,35.1635623958283,128.553310639499,4812551000.0,현동,마산합포구,경상남도 창원시 마산합포구 밤밭고개로 243 (예곡동),1,0,1,0,,,False,True,False,False,False,1,0,0,1
LOC000725,35.1637309735257,128.470144044831,4812533000.0,진북면,마산합포구,경상남도 창원시 마산합포구 진북면 대티3길 85,4,1,3,0,,,True,True,True,False,False,2,1,0,1
LOC000726,35.1639356872885,128.66126469051,4812954000.0,여좌동,진해구,경상남도 창원시 진해구 여좌천로 122 (여좌동),1,0,0,1,,,False,False,False,True,False,1,0,1,0
LOC000727,35.164061329561,128.579069947146,4812552000.0,가포동,마산합포구,경상남도 창원시 마산합포구 가포신항남로 12-1 (가포동),1,1,0,0,,,False,False,False,False,False,1,1,0,0
LOC000728,35.1641857955949,128.574992770981,4812552000.0,가포동,마산합포구,"경상남도 창원시 마산합포구 가포신항중앙로 21, (주)엘피스테크 (가포동)",2,1,1,0,,,False,False,True,False,False,2,1,0,1
LOC000729,35.1644227590645,128.663080274354,4812954000.0,여좌동,진해구,경상남도 창원시 진해구 진해대로 390 (여좌동),1,0,1,0,,,False,True,False,False,False,1,0,0,1
LOC000730,35.1644399229182,128.578207065975,4812552000.0,가포동,마산합포구,경상남도 창원시 마산합포구 가포동 681번지,1,1,0,0,,,False,False,False,False,False,1,1,0,0
LOC000731,35.1645246194853,128.5786788683,4812552000.0,가포동,마산합포구,경상남도 창원시 마산합포구 가포신항남로 12-9 (가포동),1,1,0,0,,,False,False,False,False,False,1,1,0,0
LOC000732,35.1646072488204,128.473453450432,4812533000.0,진북면,마산합포구,경상남도 창원시 마산합포구 진북면 진함로 518,1,0,1,0,,,True,False,False,False,False,1,0,0,1
LOC000733,35.1647519265405,128.472132019929,4812533000.0,진북면,마산합포구,경상남도 창원시 마산합포구 진북면 진북산업로 573,2,1,1,0,,,False,True,False,False,False,1,1,0,1
LOC000734,35.1648559508898,128.574563731957,4812552000.0,가포동,마산합포구,경상남도 창원시 마산합포구 가포신항중앙로 27 (가포동),4,1,2,1,,,True,False,True,False,False,1,1,1,1
LOC000735,35.164871043079,128.5778984395,4812552000.0,가포동,마산합포구,경상남도 창원시 마산합포구 가포동 682번지,1,1,0,0,,,False,False,False,False,False,1,1,0,0
LOC000736,35.1651672003421,128.471896843355,4812533000.0,진북면,마산합포구,경상남도 창원시 마산합포구 진북면 대티1길 15,1,1,0,0,,,False,False,False,False,False,1,1,0,0
LOC000737,35.1653173228172,128.577629832277,4812552000.0,가포동,마산합포구,경상남도 창원시 마산합포구 가포신항남로 12-39 (가포동),5,3,1,1,,,False,False,True,False,False,3,3,1,1
LOC000738,35.1653239948726,128.469278567589,4812533000.0,진북면,마산합포구,경상남도 창원시 마산합포구 진북면 대티3길 30,2,1,1,0,,,False,False,True,False,False,1,1,0,1
LOC000739,35.1655942995789,128.469046803722,4812533000.0,진북면,마산합포구,경상남도 창원시 마산합포구 진북면 대티2길 19,1,1,0,0,,,False,False,False,False,False,1,1,0,0
LOC000740,35.1656157199238,128.468239080617,4812533000.0,진북면,마산합포구,경상남도 창원시 마산합포구 진북면 대티2길 22,1,1,0,0,,,False,False,False,False,False,1,1,0,0
LOC000741,35.1660828701145,128.469826937216,4812533000.0,진북면,마산합포구,경상남도 창원시 마산합포구 진북면 대티1길 53,5,2,3,0,,,True,True,True,False,False,2,2,0,1
LOC000742,35.166204201953,128.469297694945,4812533000.0,진북면,마산합포구,"경상남도 창원시 마산합포구 진북면 대티1길 69, 아트엔크라프트",1,1,0,0,,,False,False,False,False,False,1,1,0,0
LOC000743,35.1663653141335,128.468728228374,4812533000.0,진북면,마산합포구,경상남도 창원시 마산합포구 진북면 대티1길 77,1,0,1,0,,,True,False,False,False,False,1,0,0,1
LOC000744,35.1664389253935,128.468492154887,4812533000.0,진북면,마산합포구,경상남도 창원시 마산합포구 진북면 대티2길 6 (조은설비산업),1,1,0,0,,,False,False,False,False,False,1,1,0,0
LOC000745,35.1664573218987,128.467881596358,4812533000.0,진북면,마산합포구,경상남도 창원시 마산합포구 진북면 대티1길 93-1,1,1,0,0,,,False,False,False,False,False,1,1,0,0
LOC000746,35.1667571648172,128.469903388368,4812533000.0,진북면,마산합포구,경상남도 창원시 마산합포구 진북면 대티1길 64,1,1,0,0,,,False,False,False,False,False,1,1,0,0
LOC000747,35.1669433119239,128.468971741176,4812533000.0,진북면,마산합포구,경상남도 창원시 마산합포구 진북면 대티1길 76-1,4,0,3,1,,,True,True,True,False,False,1,0,1,1
LOC000748,35.1669879449203,128.575144928992,4812552000.0,가포동,마산합포구,경상남도 창원시 마산합포구 가포동 651번지,1,1,0,0,,,False,False,False,False,False,1,1,0,0
LOC000749,35.1670127698181,128.470652562976,4812533000.0,진북면,마산합포구,경상남도 창원시 마산합포구 진북면 대티1길 36 ( 444-3),2,0,2,0,,,True,False,True,False,False,1,0,0,1
LOC000750,35.1670567947223,128.470730622919,4812533000.0,진북면,마산합포구,경상남도 창원시 마산합포구 진북면 대티리 436번지,1,1,0,0,,,False,False,False,False,False,1,1,0,0
LOC000751,35.1673248441555,128.46882066647,4812533000.0,진북면,마산합포구,경상남도 창원시 마산합포구 진북면 대티리 500번지 외 5필지,1,1,0,0,,,False,False,False,False,False,1,1,0,0
LOC000752,35.1673586518976,128.575253820174,4812552000.0,가포동,마산합포구,경상남도 창원시 마산합포구 가포신항중앙로 50 (가포동),2,0,1,1,,,False,False,True,False,False,1,0,1,1
LOC000753,35.1677108780424,128.579770496874,4812552000.0,가포동,마산합포구,"경상남도 창원시 마산합포구 드림베이대로 201, 마산항 (가포동)",1,0,0,1,,,False,False,False,False,False,1,0,1,0
LOC000754,35.1681373205844,128.471724165969,4812533000.0,진북면,마산합포구,경상남도 창원시 마산합포구 진북면 진북산업로 613,4,2,1,1,,,True,False,False,False,True,3,2,1,1
LOC000755,35.1683849186729,128.57200600506,4812552000.0,가포동,마산합포구,경상남도 창원시 마산합포구 가포로 265 (가포동 마창여객),1,0,1,0,,,False,True,False,False,False,1,0,0,1
LOC000756,35.1686129517468,128.565812754881,4812552000.0,가포동,마산합포구,경상남도 창원시 마산합포구 가포로 215 (가포동),2,0,2,0,,,True,True,False,False,False,2,0,0,2
LOC000757,35.1687502455481,128.471065585769,4812533000.0,진북면,마산합포구,"경상남도 창원시 마산합포구 진북면 진북산업로 629, (대티리 279)",1,1,0,0,,,False,False,False,False,False,1,1,0,0
LOC000758,35.1689684680865,128.568099411198,4812552000.0,가포동,마산합포구,경상남도 창원시 마산합포구 가포순환로 236 (가포동 국제결핵연구센터),1,0,1,0,,,False,True,False,False,False,1,0,0,1
LOC000759,35.1689972420491,128.467316780018,4812533000.0,진북면,마산합포구,경상남도 창원시 마산합포구 진북면 대티1길 96-23,2,1,1,0,,,False,False,True,False,False,1,1,0,1
LOC000760,35.1691063251136,128.57598941865,4812552000.0,가포동,마산합포구,경상남도 창원시 마산합포구 가포신항북2길 4 (가포동),6,4,2,0,,,False,True,True,False,False,5,4,0,1
LOC000761,35.1691394638016,128.470430187565,4812533000.0,진북면,마산합포구,경상남도 창원시 마산합포구 진북면 대티리 276번지,2,1,1,0,,,False,False,True,False,False,2,1,0,1
LOC000762,35.1695483484604,128.575576596058,4812552000.0,가포동,마산합포구,경상남도 창원시 마산합포구 가포신항북2길 8 (가포동),1,0,1,0,,,False,False,True,False,False,1,0,0,1
LOC000763,35.1704639336369,128.470045623266,4812533000.0,진북면,마산합포구,경상남도 창원시 마산합포구 진북면 진북산업로 644,1,1,0,0,,,False,False,False,False,False,1,1,0,0
LOC000764,35.1717647835849,128.46866596921,4812533000.0,진북면,마산합포구,경상남도 창원시 마산합포구 진북면 정삼길 34 ( 455-3),3,0,2,1,,,True,False,True,False,False,1,0,1,1
LOC000765,35.1724743513647,128.469341473728,4812533000.0,진북면,마산합포구,경상남도 창원시 마산합포구 진북면 진북산업로 677 천호산업,3,0,2,1,,,True,True,False,False,False,1,0,1,1
LOC000766,35.1726015128413,128.467134033392,4812533000.0,진북면,마산합포구,경상남도 창원시 마산합포구 진북면 정삼길 56 (안성지기),1,1,0,0,,,False,False,False,False,False,1,1,0,0
LOC000767,35.1738678765787,128.460870836271,4812533000.0,진북면,마산합포구,경상남도 창원시 마산합포구 진북면 정현공단길 55,1,1,0,0,,,False,False,False,False,False,1,1,0,0
LOC000768,35.1740836122656,128.460312484426,4812533000.0,진북면,마산합포구,경상남도 창원시 마산합포구 진북면 정현공단길 63,2,1,1,0,,,False,True,False,False,False,1,1,0,1
LOC000769,35.1741047447356,128.571158890691,4812552000.0,가포동,마산합포구,경상남도 창원시 마산합포구 드림베이대로 79 (가포동),1,0,0,1,,,False,False,False,False,True,1,0,1,0
LOC000770,35.1747038328,128.460755502602,4812533000.0,진북면,마산합포구,경상남도 창원시 마산합포구 진북면 정현공단길 54,3,1,2,0,,,True,False,True,False,False,2,1,0,1
LOC000771,35.1753916008779,128.601474817022,4812357000.0,웅남동,성산구,"경상남도 창원시 성산구 두산볼보로 22, 두산에너빌리티(주) (귀곡동)",10,3,3,4,7137.0,460438.72000000003,True,True,False,False,True,8,3,4,3
LOC000772,35.1755607528182,128.464054047488,4812533000.0,진북면,마산합포구,"경상남도 창원시 마산합포구 진북면 정현공단길 113, 1층 외 1필지",1,1,0,0,,,False,False,False,False,False,1,1,0,0
LOC000773,35.1756097010317,128.46313596324,4812533000.0,진북면,마산합포구,경상남도 창원시 마산합포구 진북면 정현리 785-7,1,0,1,0,,,False,False,True,False,False,1,0,0,1
LOC000774,35.1756884048938,128.463133970943,4812533000.0,진북면,마산합포구,경상남도 창원시 마산합포구 진북면 정현공단길 109 외 1필지,1,1,0,0,,,False,False,False,False,False,1,1,0,0
LOC000775,35.1757010795563,128.465871877706,4812533000.0,진북면,마산합포구,경상남도 창원시 마산합포구 진북면 진북산업로 713-7,1,0,1,0,,,False,True,False,False,False,1,0,0,1
LOC000776,35.1757817437222,128.460919350645,4812533000.0,진북면,마산합포구,경상남도 창원시 마산합포구 진북면 정현리 785-2번지,1,1,0,0,,,False,False,False,False,False,1,1,0,0
LOC000777,35.176539488547,128.567539687121,4812553000.0,월영동,마산합포구,경상남도 창원시 마산합포구 드림베이대로 56 (월영동),1,0,1,0,,,True,False,False,False,False,1,0,0,1
LOC000778,35.1776854027364,128.556199903818,4812553000.0,월영동,마산합포구,"경상남도 창원시 마산합포구 밤밭고개로 405, 1호 (월영동)",1,0,0,1,,,False,False,False,False,False,1,0,1,0
LOC000779,35.1789973975244,128.560397895726,4812553000.0,월영동,마산합포구,경상남도 창원시 마산합포구 월영동서로 10 (해운동),1,0,1,0,,,False,True,False,False,False,1,0,0,1
LOC000780,35.17976174484,128.562473548907,4812553000.0,월영동,마산합포구,"경상남도 창원시 마산합포구 월영동로 8, 대동씨코아 436호 (해운동)",2,1,1,0,,,True,False,False,False,False,2,1,0,1
LOC000781,35.1800213587426,128.467366501803,4812533000.0,진북면,마산합포구,경상남도 창원시 마산합포구 진북면 진북산업로 756,2,1,0,1,,,False,False,False,False,False,1,1,1,0
LOC000782,35.180327606697,128.564081435225,4812553000.0,월영동,마산합포구,경상남도 창원시 마산합포구 월영동9길 15 (해운동),1,0,1,0,,,False,True,False,False,False,1,0,0,1
LOC000783,35.1803559238871,128.563675277042,4812553000.0,월영동,마산합포구,"경상남도 창원시 마산합포구 월영동9길 14 (해운동, 고구려)",1,1,0,0,,,False,False,False,False,False,1,1,0,0
LOC000784,35.1805743311675,128.56347704308,4812553000.0,월영동,마산합포구,경상남도 창원시 마산합포구 월영동9길 8 (해운동),1,0,1,0,,,False,True,False,False,False,1,0,0,1
LOC000785,35.1807160251498,128.564633892281,4812553000.0,월영동,마산합포구,경상남도 창원시 마산합포구 월영동11길 14 (해운동),1,0,1,0,,,False,True,False,False,False,1,0,0,1
LOC000786,35.1807528498474,128.563310865762,4812553000.0,월영동,마산합포구,경상남도 창원시 마산합포구 해안대로 42 (해운동 43-1),1,0,1,0,,,False,True,False,False,False,1,0,0,1
LOC000787,35.1807900859959,128.559752350494,4812554000.0,문화동,마산합포구,경상남도 창원시 마산합포구 해안대로 7 (월남동5가 경남은행),1,0,1,0,,,True,False,False,False,False,1,0,0,1
LOC000788,35.1809199427558,128.562521625038,4812553000.0,월영동,마산합포구,경상남도 창원시 마산합포구 해안대로 35 (해운동),1,0,1,0,,,False,True,False,False,False,1,0,0,1
LOC000789,35.1810728770766,128.56506939128,4812553000.0,월영동,마산합포구,경상남도 창원시 마산합포구 드림베이대로 6 (해운동 -3),1,0,1,0,,,False,True,False,False,False,1,0,0,1
LOC000790,35.1813235148166,128.560732929617,4812554000.0,문화동,마산합포구,경상남도 창원시 마산합포구 신마산시장길 33 (창포동3가 롯데마트),2,0,1,1,,,True,False,False,False,True,1,0,1,1
LOC000791,35.1813905040139,128.595248262231,4812357000.0,웅남동,성산구,경상남도 창원시 성산구 적현로 568-38 (귀곡동),3,2,1,0,28.0,10582.93,True,False,False,False,False,2,2,0,1
LOC000792,35.1815257964189,128.594138369083,4812357000.0,웅남동,성산구,경상남도 창원시 성산구 적현로 568-42 (귀곡동),1,0,0,1,,,False,False,False,False,False,1,0,1,0
LOC000793,35.1824117870717,128.564063083345,4812553000.0,월영동,마산합포구,경상남도 창원시 마산합포구 해운동 69-14,1,0,1,0,,,False,True,False,False,False,1,0,0,1
LOC000794,35.182482358925,128.464982073579,4812533000.0,진북면,마산합포구,경상남도 창원시 마산합포구 진북면 진북산업로 792,1,1,0,0,,,False,False,False,False,False,1,1,0,0
LOC000795,35.1830081190785,128.593401428941,4812357000.0,웅남동,성산구,"경상남도 창원시 성산구 적현로 568-44 (귀곡동, 포스코)",1,1,0,0,53.0,1842.24,False,False,False,False,False,1,1,0,0
LOC000796,35.1831572441065,128.724047391074,4812356000.0,성주동,성산구,경상남도 창원시 성산구 남해안대로 8010 (불모산동),1,0,0,1,,,False,False,False,False,False,1,0,1,0
LOC000797,35.1834437837155,128.704598305754,4812356000.0,성주동,성산구,경상남도 창원시 성산구 공단로 852-1 (성주동),1,0,1,0,,,False,True,False,False,False,1,0,0,1
LOC000798,35.183473023366,128.704268940673,4812356000.0,성주동,성산구,경상남도 창원시 성산구 공단로 850 (성주동),2,0,2,0,,,True,True,False,False,False,1,0,0,1
LOC000799,35.1834858801813,128.704783273303,4812356000.0,성주동,성산구,"경상남도 창원시 성산구 공단로 854, 1층(성주동, LS전선)",1,1,0,0,,,False,False,False,False,False,1,1,0,0
LOC000800,35.1834966377366,128.704076673421,4812356000.0,성주동,성산구,경상남도 창원시 성산구 공단로 846 (성주동),2,0,2,0,,,True,True,False,False,False,2,0,0,2
LOC000801,35.1841397173344,128.705679069215,4812356000.0,성주동,성산구,경상남도 창원시 성산구 해원로374번길 15 (성주동),1,0,1,0,,,True,False,False,False,False,1,0,0,1
LOC000802,35.1842007956613,128.704996128485,4812356000.0,성주동,성산구,경상남도 창원시 성산구 해원로374번길 12 1층 102호 (성주동),1,0,1,0,,,False,True,False,False,False,1,0,0,1
LOC000803,35.1842392996621,128.701015450086,4812356000.0,성주동,성산구,경상남도 창원시 성산구 공단로 820 (천선동),1,0,1,0,,,False,True,False,False,False,1,0,0,1
LOC000804,35.184320928305,128.555096373971,4812553000.0,월영동,마산합포구,경상남도 창원시 마산합포구 경남대학로 7 (월영동),3,0,2,1,,,True,True,False,False,True,1,0,1,1
LOC000805,35.1843652862061,128.70445717373,4812356000.0,성주동,성산구,경상남도 창원시 성산구 해원로374번길 6 (성주동),1,0,1,0,,,True,False,False,False,False,1,0,0,1
LOC000806,35.1846238912996,128.704319539358,4812356000.0,성주동,성산구,경상남도 창원시 성산구 해원로374번길 2 (성주동),1,0,1,0,,,True,False,False,False,False,1,0,0,1
LOC000807,35.1847297171894,128.707829359467,4812356000.0,성주동,성산구,"경상남도 창원시 성산구 곰절길28번길 1, 동평테크 (성주동)",1,1,0,0,54.0,1740.93,False,False,False,False,False,1,1,0,0
LOC000808,35.1847756825277,128.706633893631,4812356000.0,성주동,성산구,경상남도 창원시 성산구 곰절길18번길 9 (성주동),1,1,0,0,9.0,1375.5,False,False,False,False,False,1,1,0,0
LOC000809,35.184816610477,128.706300487228,4812356000.0,성주동,성산구,"경상남도 창원시 성산구 곰절길18번길 11, (주)세진산업 (성주동)",1,1,0,0,35.0,1790.0,False,False,False,False,False,1,1,0,0
LOC000810,35.1848215465324,128.705182430684,4812356000.0,성주동,성산구,경상남도 창원시 성산구 해원로374번길 9 (성주동),1,0,1,0,,,False,True,False,False,False,1,0,0,1
LOC000811,35.1848763246543,128.707051164419,4812356000.0,성주동,성산구,경상남도 창원시 성산구 곰절길28번길 10 (성주동),1,1,0,0,19.0,1121.39,False,False,False,False,False,1,1,0,0
LOC000812,35.184956102485,128.705905142425,4812356000.0,성주동,성산구,경상남도 창원시 성산구 곰절길18번길 12 (성주동),1,1,0,0,11.0,1485.61,False,False,False,False,False,1,1,0,0
LOC000813,35.184962524037,128.704988550889,4812356000.0,성주동,성산구,경상남도 창원시 성산구 해원로374번길 5 (성주동),1,0,1,0,,,True,False,False,False,False,1,0,0,1
LOC000814,35.1850166731418,128.560393755196,4812554000.0,문화동,마산합포구,경상남도 창원시 마산합포구 3·15대로 57 (월남동3가),1,0,1,0,,,False,True,False,False,False,1,0,0,1
LOC000815,35.1850556297136,128.707386214365,4812356000.0,성주동,성산구,경상남도 창원시 성산구 곰절길28번길 2 (성주동),2,2,0,0,11.0,1981.53,False,False,False,False,False,2,2,0,0
LOC000816,35.1851538436515,128.697542467841,4812356000.0,성주동,성산구,경상남도 창원시 성산구 공단로 786 (천선동),1,0,0,1,,,False,False,False,False,False,1,0,1,0
LOC000817,35.1852121579379,128.708569127687,4812356000.0,성주동,성산구,경상남도 창원시 성산구 곰절길27번길 2 (성주동),1,1,0,0,75.0,709.96,False,False,False,False,False,1,1,0,0
LOC000818,35.185397243942,128.70505460646,4812356000.0,성주동,성산구,경상남도 창원시 성산구 해원로374번길 1 (성주동),1,0,1,0,,,True,False,False,False,False,1,0,0,1
LOC000819,35.1854233522533,128.706310428921,4812356000.0,성주동,성산구,경상남도 창원시 성산구 곰절길18번길 10 (성주동),2,2,0,0,31.0,772.96,False,False,False,False,False,2,2,0,0
LOC000820,35.1854739308541,128.707229644841,4812356000.0,성주동,성산구,경상남도 창원시 성산구 곰절길18번길 3 (성주동),1,1,0,0,9.0,1135.22,False,False,False,False,False,1,1,0,0
LOC000821,35.1855411826562,128.708218588608,4812356000.0,성주동,성산구,경상남도 창원시 성산구 곰절길27번길 1 (성주동),1,1,0,0,5.0,642.51,False,False,False,False,False,1,1,0,0
LOC000822,35.1855618655408,128.693053348421,4812356000.0,성주동,성산구,경상남도 창원시 성산구 안민로159번길 5 (안민동),1,0,1,0,,,False,True,False,False,False,1,0,0,1
LOC000823,35.1855698523781,128.705532770999,4812356000.0,성주동,성산구,"경상남도 창원시 성산구 곰절길10번길 11, 대동정밀 (성주동) (총 2 필지)",1,1,0,0,9.0,1772.93,False,False,False,False,False,1,1,0,0
LOC000824,35.1856360322387,128.706170301806,4812356000.0,성주동,성산구,경상남도 창원시 성산구 곰절길10번길 7 (성주동),2,1,1,0,43.0,1245.67,False,True,False,False,False,1,1,0,1
LOC000825,35.1857257723164,128.707859425432,4812356000.0,성주동,성산구,경상남도 창원시 성산구 곰절길17번길 2 (성주동),2,1,1,0,12.0,1066.73,False,True,False,False,False,1,1,0,1
LOC000826,35.1857627748947,128.706813930377,4812356000.0,성주동,성산구,경상남도 창원시 성산구 곰절길18번길 2 (성주동),1,1,0,0,7.0,318.17,False,False,False,False,False,1,1,0,0
LOC000827,35.186082134224,128.708132760504,4812356000.0,성주동,성산구,경상남도 창원시 성산구 곰절길17번길 10 (성주동),2,1,1,0,20.0,1524.52,False,True,False,False,False,1,1,0,1
LOC000828,35.1860829911199,128.705629889027,4812356000.0,성주동,성산구,경상남도 창원시 성산구 곰절길10번길 8 (성주동),1,1,0,0,54.0,1905.45,False,False,False,False,False,1,1,0,0
LOC000829,35.1861219896396,128.562404077069,4812554000.0,문화동,마산합포구,경상남도 창원시 마산합포구 문화동14길 131 (월남동2가),1,0,1,0,,,False,True,False,False,False,1,0,0,1
LOC000830,35.186134813147,128.690328404387,4812356000.0,성주동,성산구,경상남도 창원시 성산구 안민안길5번길 4 (안민동) 삼정상가,1,1,0,0,,,False,False,False,False,False,1,1,0,0
LOC000831,35.1861539438523,128.556998748049,4812554000.0,문화동,마산합포구,경상남도 창원시 마산합포구 문화북10길 1 (문화동),1,0,0,1,,,False,False,False,False,True,1,0,1,0
LOC000832,35.1861661773602,128.70756061103,4812356000.0,성주동,성산구,경상남도 창원시 성산구 성주동 83-4번지,1,1,0,0,10.0,2266.14,False,False,False,False,False,1,1,0,0
LOC000833,35.1861857684947,128.637786657942,4812357000.0,웅남동,성산구,경상남도 창원시 성산구 진해대로 52 (양곡동),1,0,1,0,,,False,True,False,False,False,1,0,0,1
LOC000834,35.1862576095362,128.690234454462,4812356000.0,성주동,성산구,경상남도 창원시 성산구 안민안길5번길 6 (안민동),1,0,1,0,,,False,True,False,False,False,1,0,0,1
LOC000835,35.186314756521,128.561601332208,4812554000.0,문화동,마산합포구,경상남도 창원시 마산합포구 3·15대로 76 (월남동2가 외 19필지),3,0,2,1,,,True,True,False,False,True,2,0,1,1
LOC000836,35.1863300011869,128.706072290427,4812356000.0,성주동,성산구,"경상남도 창원시 성산구 곰절길10번길 2, (주)성산암데코 (성주동)",2,1,0,1,11.0,2074.64,False,False,False,False,False,1,1,1,0
LOC000837,35.1863346176061,128.708014108138,4812356000.0,성주동,성산구,경상남도 창원시 성산구 곰절길17번길 9(성주동),2,2,0,0,6.0,1500.54,False,False,False,False,False,2,2,0,0
LOC000838,35.1863430661352,128.707632373627,4812356000.0,성주동,성산구,경상남도 창원시 성산구 곰절길17번길 3 (성주동),2,1,1,0,,,False,True,False,False,False,1,1,0,1
LOC000839,35.186419379602,128.561112951422,4812554000.0,문화동,마산합포구,경상남도 창원시 마산합포구 3·15대로 75 (월남동2가),1,0,1,0,,,False,True,False,False,False,1,0,0,1
LOC000840,35.1864565723021,128.594684883707,4812357000.0,웅남동,성산구,경상남도 창원시 성산구 적현로 490 (귀곡동),1,0,1,0,,,True,False,False,False,False,1,0,0,1
LOC000841,35.1871263116482,128.707166183144,4812356000.0,성주동,성산구,"경상남도 창원시 성산구 곰절길9번길 7, (주)부경 (성주동)",2,2,0,0,14.0,1566.32,False,False,False,False,False,2,2,0,0
LOC000842,35.1872121710317,128.706727003681,4812356000.0,성주동,성산구,"경상남도 창원시 성산구 곰절길9번길 19, 창원기술정공 (성주동)",1,1,0,0,47.0,1500.0,False,False,False,False,False,1,1,0,0
LOC000843,35.1872356428747,128.715575217325,4812356000.0,성주동,성산구,경상남도 창원시 성산구 전기의길 12 (성주동),3,0,2,1,,,True,True,False,False,True,1,0,1,1
LOC000844,35.1872382964757,128.707973962678,4812356000.0,성주동,성산구,경상남도 창원시 성산구 성주동 81-3번지,1,1,0,0,72.0,878.11,False,False,False,False,False,1,1,0,0
LOC000845,35.1876048399826,128.563274045054,4812554000.0,문화동,마산합포구,경상남도 창원시 마산합포구 해안대로 131 (월남동1가),1,0,1,0,,,False,True,False,False,False,1,0,0,1
LOC000846,35.1876203446494,128.707486860901,4812356000.0,성주동,성산구,경상남도 창원시 성산구 곰절길9번길 18 (성주동),1,1,0,0,20.0,1490.71,False,False,False,False,False,1,1,0,0
LOC000847,35.1878103904761,128.707807876948,4812356000.0,성주동,성산구,"경상남도 창원시 성산구 곰절길9번길 26, 대신엔지니어링 (천선동)",7,4,3,0,24.0,4860.0,False,True,False,False,False,4,4,0,3
LOC000848,35.1878944329178,128.702717348865,4812356000.0,성주동,성산구,경상남도 창원시 성산구 창원대로1144번길 99 (성주동),5,2,2,1,41.0,8688.0,True,True,False,False,True,2,2,1,1
LOC000849,35.1883925181584,128.602426047685,4812357000.0,웅남동,성산구,경상남도 창원시 성산구 두산볼보로 160 (귀현동),3,1,0,2,1541.0,132031.17,False,False,False,False,True,2,1,2,0
LOC000850,35.1884352213246,128.563820198213,4812556500.0,반월중앙동,마산합포구,경상남도 창원시 마산합포구 반월동5길 54 (월포동),1,0,1,0,,,False,True,False,False,False,1,0,0,1
LOC000851,35.1884886389411,128.726206194755,4812356000.0,성주동,성산구,"경상남도 창원시 성산구, 불모산로66번길 26 (불모산동)",1,1,0,0,70.0,1084.87,False,False,False,False,False,1,1,0,0
LOC000852,35.188692329548,128.595597165838,4812357000.0,웅남동,성산구,경상남도 창원시 성산구 귀곡동 574-2,1,0,1,0,,,False,True,False,False,False,1,0,0,1
LOC000853,35.1888914161563,128.562313286454,4812556500.0,반월중앙동,마산합포구,경상남도 창원시 마산합포구 3·15대로 106 (중앙동1가),1,0,1,0,,,False,True,False,False,False,1,0,0,1
LOC000854,35.1891013770504,128.708211112576,4812356000.0,성주동,성산구,경상남도 창원시 성산구 해원로 432 (성주동),1,0,1,0,,,True,False,False,False,False,1,0,0,1
LOC000855,35.1891243243933,128.69091749666,4812356000.0,성주동,성산구,경상남도 창원시 성산구 공단로 704 (성주동),4,3,0,1,189.0,34298.515,False,False,False,False,True,3,3,1,0
LOC000856,35.1895058634005,128.708363063591,4812356000.0,성주동,성산구,경상남도 창원시 성산구 해원로 436 (성주동),1,0,1,0,,,True,False,False,False,False,1,0,0,1
LOC000857,35.1895446919939,128.593847540705,4812357000.0,웅남동,성산구,경상남도 창원시 성산구 귀곡동 575,1,0,1,0,,,False,True,False,False,False,1,0,0,1
LOC000858,35.1895730005845,128.722180111553,4812356000.0,성주동,성산구,경상남도 창원시 성산구 불모산로48번길 5 (성주동),2,0,0,2,,,False,False,False,False,False,2,0,2,0
LOC000859,35.1896088958813,128.566477488512,4812556500.0,반월중앙동,마산합포구,"경상남도 창원시 마산합포구 해안대로 166, 마산마린센터 205호 (월포동)",1,0,0,1,,,False,False,False,False,True,1,0,1,0
LOC000860,35.1897478143443,128.702683788695,4812356000.0,성주동,성산구,경상남도 창원시 성산구 창원대로1144번길 78 (성주동),4,1,2,1,42.0,6516.09,True,True,False,False,True,1,1,1,1
LOC000861,35.1899458398192,128.693467286384,4812356000.0,성주동,성산구,"경상남도 창원시 성산구 성주로 19 (성주동, (주)삼정이앤더블유 성주공장)",2,2,0,0,10.0,1767.35,False,False,False,False,False,2,2,0,0
LOC000862,35.1900879617923,128.562364739802,4812556500.0,반월중앙동,마산합포구,경상남도 창원시 마산합포구 3·15대로 119-1 세종빌딩 4층 (중앙동1가),1,0,1,0,,,True,False,False,False,False,1,0,0,1
LOC000863,35.1902320343457,128.693650084649,4812356000.0,성주동,성산구,"경상남도 창원시 성산구 웅남로 830 (성주동, 태주실업(주))",1,1,0,0,10.0,909.51,False,False,False,False,False,1,1,0,0
LOC000864,35.190359506154,128.724983620074,4812356000.0,성주동,성산구,경상남도 창원시 성산구 창원대로 1306 (불모산동 보덕가스충전소),1,0,1,0,,,False,True,False,False,False,1,0,0,1
LOC000865,35.1905690712415,128.724317065828,4812356000.0,성주동,성산구,경상남도 창원시 성산구 창원대로 1302 (불모산동),1,0,1,0,,,False,True,False,False,False,1,0,0,1
LOC000866,35.1907265880919,128.70309042764,4812356000.0,성주동,성산구,경상남도 창원시 성산구 창원대로1144번길 74 (성주동),2,1,0,1,44.0,2162.16,False,False,False,False,False,1,1,1,0
LOC000867,35.1908113257983,128.704382467537,4812356000.0,성주동,성산구,경상남도 창원시 성산구 창원대로1144번길 67 (성주동),4,1,2,1,78.0,10228.59,True,True,False,False,True,2,1,1,1
LOC000868,35.1910429333634,128.707114304291,4812356000.0,성주동,성산구,경상남도 창원시 성산구 창원대로1144번길 33 (성주동),7,4,2,1,115.0,125745.38999999998,True,True,False,False,True,5,4,1,1
LOC000869,35.1910640246295,128.703377307077,4812356000.0,성주동,성산구,경상남도 창원시 성산구 창원대로1144번길 70 (성주동),2,2,0,0,13.0,2948.6499999999996,False,False,False,False,False,2,2,0,0
LOC000870,35.1911989949169,128.688782615581,4812356000.0,성주동,성산구,경상남도 창원시 성산구 공단로 680 (성주동),1,1,0,0,47.0,8370.0,False,False,False,False,False,1,1,0,0
LOC000871,35.191230109418,128.690963442369,4812356000.0,성주동,성산구,"경상남도 창원시 성산구 웅남로 812 (성주동, 동양기전(주)창원공장)",4,3,0,1,417.0,29443.88,False,False,False,False,False,4,3,1,0
LOC000872,35.1912517552247,128.693438292137,4812356000.0,성주동,성산구,경상남도 창원시 성산구 웅남로 826 (성주동),2,1,0,1,40.0,7839.689,False,False,False,False,False,2,1,1,0
LOC000873,35.1912930738676,128.704007851706,4812356000.0,성주동,성산구,경상남도 창원시 성산구 창원대로1144번길 56 (성주동),2,2,0,0,35.0,100.0,False,False,False,False,False,2,2,0,0
LOC000874,35.1916700703814,128.705689922462,4812356000.0,성주동,성산구,"경상남도 창원시 성산구 창원대로1144번길 55 (성주동, 성우테크론(주))",4,3,0,1,69.0,1683.48,False,False,False,False,False,3,3,1,0
LOC000875,35.1918245329617,128.593349075153,4812357000.0,웅남동,성산구,"경상남도 창원시 성산구 적현로 424, 제5부두 (귀곡동)",1,0,0,1,,,False,False,False,False,False,1,0,1,0
LOC000876,35.1918570406257,128.663618654017,4812357000.0,웅남동,성산구,경상남도 창원시 성산구 공단로474번길 160 (상복동 창원시립상복공원),2,0,1,1,,,True,False,False,False,False,1,0,1,1
LOC000877,35.1919701527258,128.691663064278,4812356000.0,성주동,성산구,경상남도 창원시 성산구 정동로62번길 88-30 (성주동),4,1,2,1,58.0,2366.3,True,True,False,False,False,1,1,1,1
LOC000878,35.1920728610073,128.687402930106,4812356000.0,성주동,성산구,경상남도 창원시 성산구 공단로 670 (성주동),4,1,2,1,146.0,17926.24,True,True,False,False,True,2,1,1,1
LOC000879,35.1921834091533,128.592307515566,4812357000.0,웅남동,성산구,경상남도 창원시 성산구 적현로 410 (귀곡동),1,0,0,1,,,False,False,False,False,True,1,0,1,0
LOC000880,35.1922718313666,128.690750533034,4812356000.0,성주동,성산구,경상남도 창원시 성산구 정동로62번길 74-37 (성주동),2,1,0,1,105.0,4260.74,False,False,False,False,True,1,1,1,0
LOC000881,35.1923700881662,128.690897265381,4812356000.0,성주동,성산구,경상남도 창원시 성산구 정동로62번길 74-29 (성주동),1,1,0,0,15.0,2199.39,False,False,False,False,False,1,1,0,0
LOC000882,35.1924293464146,128.684208319491,4812356000.0,성주동,성산구,경상남도 창원시 성산구 정동로 18 (성주동),2,1,0,1,177.0,55690.87,False,False,False,False,True,1,1,1,0
LOC000883,35.1924359760921,128.691915895989,4812356000.0,성주동,성산구,경상남도 창원시 성산구 정동로62번길 88-26 (성주동),4,1,2,1,40.0,2022.88,True,True,False,False,False,1,1,1,1
LOC000884,35.1925142219502,128.690262732107,4812356000.0,성주동,성산구,경상남도 창원시 성산구 공단로 683 (성주동),6,4,2,0,72.0,8492.279999999999,True,False,False,False,False,5,4,0,2
LOC000885,35.1926201585352,128.706807412604,4812356000.0,성주동,성산구,경상남도 창원시 성산구 창원대로1144번길 41 (성주동),4,1,2,1,74.0,1672.8,True,True,False,False,False,1,1,1,1
LOC000886,35.1926421213443,128.689841941095,4812356000.0,성주동,성산구,경상남도 창원시 성산구 공단로 675 (성주동),12,9,2,1,880.0,38993.4,True,False,False,False,False,10,9,1,2
LOC000887,35.1926636056277,128.704913546835,4812356000.0,성주동,성산구,"경상남도 창원시 성산구 창원대로1144번길 48 (성주동, (주)코텍)",2,1,0,1,45.0,2270.46,False,False,False,False,False,1,1,1,0
LOC000888,35.1927461809429,128.692199316806,4812356000.0,성주동,성산구,"경상남도 창원시 성산구 정동로62번길 88-12 (성주동, 오영공업사)",1,1,0,0,12.0,2221.27,False,False,False,False,False,1,1,0,0
LOC000889,35.1927783187535,128.691608570757,4812356000.0,성주동,성산구,경상남도 창원시 성산구 정동로62번길 74-15 (성주동),2,2,0,0,70.0,3165.12,False,False,False,False,False,2,2,0,0
LOC000890,35.19281834732,128.690897882694,4812356000.0,성주동,성산구,경상남도 창원시 성산구 정동로62번길 74-28 (성주동),1,1,0,0,14.0,1980.42,False,False,False,False,False,1,1,0,0
LOC000891,35.1928664037214,128.691012506467,4812356000.0,성주동,성산구,경상남도 창원시 성산구 정동로62번길 74-20 (성주동),3,1,1,1,22.0,1757.5,False,True,False,False,False,2,1,1,1
LOC000892,35.1929203999449,128.705147705311,4812356000.0,성주동,성산구,경상남도 창원시 성산구 창원대로1144번길 44 (성주동),4,2,2,0,24.0,4248.87,True,True,False,False,False,3,2,0,1
LOC000893,35.1929373665728,128.692435258756,4812356000.0,성주동,성산구,"경상남도 창원시 성산구 정동로62번길 82 (성주동, (주)금아금속)",1,1,0,0,48.0,1845.1,False,False,False,False,False,1,1,0,0
LOC000894,35.192974878588,128.70802795918,4812356000.0,성주동,성산구,경상남도 창원시 성산구 창원대로1144번길 19 (성주동),5,2,2,1,97.0,19107.07,True,True,False,False,True,3,2,1,1
LOC000895,35.1929988104272,128.565677224269,4812556500.0,반월중앙동,마산합포구,경상남도 창원시 마산합포구 3·15대로 164 메디칼빌딩 (중앙동2가),1,0,1,0,,,False,True,False,False,False,1,0,0,1
LOC000896,35.1930029392277,128.695130533717,4812356000.0,성주동,성산구,"경상남도 창원시 성산구 성주로 53 (남산동, 삼우금속공업(주))",2,1,0,1,131.0,6763.69,False,False,False,False,False,1,1,1,0
LOC000897,35.1930603199709,128.688179446832,4812356000.0,성주동,성산구,경상남도 창원시 성산구 정동로62번길 56-28(성주동),3,3,0,0,40.0,9245.39,False,False,False,False,False,3,3,0,0
LOC000898,35.193236702743,128.70544382061,4812356000.0,성주동,성산구,"경상남도 창원시 성산구 창원대로1144번길 40 (성주동, (주)이엠텍공장)",1,1,0,0,143.0,3307.21,False,False,False,False,False,1,1,0,0
LOC000899,35.1932926385862,128.694786006981,4812356000.0,성주동,성산구,"경상남도 창원시 성산구 웅남로795번길 6(남산동, 신흥공업(주)) 외 1필지",2,2,0,0,14.0,1073.2,False,False,False,False,False,2,2,0,0
LOC000900,35.1934051093233,128.562131281864,4812556500.0,반월중앙동,마산합포구,경상남도 창원시 마산합포구 중앙서1길 11 (대성동2가),1,0,1,0,,,False,True,False,False,False,1,0,0,1
LOC000901,35.1934810371697,128.696944691045,4812356000.0,성주동,성산구,경상남도 창원시 성산구 성주로 69 (남산동),2,1,1,0,11.0,3706.08,False,True,False,False,False,2,1,0,1
LOC000902,35.1935025243218,128.705657641236,4812356000.0,성주동,성산구,경상남도 창원시 성산구 창원대로1144번길 36 (성주동),3,2,0,1,41.0,1448.5539999999999,False,False,False,False,False,3,2,1,0
LOC000903,35.1935338046256,128.691931636736,4812356000.0,성주동,성산구,경상남도 창원시 성산구 정동로62번길 76 (성주동),1,1,0,0,41.0,1386.0,False,False,False,False,False,1,1,0,0
LOC000904,35.193550408318,128.689574651412,4812356000.0,성주동,성산구,경상남도 창원시 성산구 정동로62번길 56-19 (성주동),3,2,0,1,30.0,5489.74,False,False,False,False,False,2,2,1,0
LOC000905,35.1935519926499,128.695585368051,4812356000.0,성주동,성산구,경상남도 창원시 성산구 성주로 63 (남산동),3,1,2,0,27.0,6543.39,True,True,False,False,False,2,1,0,1
LOC000906,35.1936481969716,128.691297577725,4812356000.0,성주동,성산구,경상남도 창원시 성산구 정동로62번길 72 (성주동),3,3,0,0,7.0,878.99,False,False,False,False,False,3,3,0,0
LOC000907,35.1936500986005,128.692180518838,4812356000.0,성주동,성산구,"경상남도 창원시 성산구 정동로62번길 73 (성주동, 동아화공기(주))",1,1,0,0,38.0,2041.15,False,False,False,False,False,1,1,0,0
LOC000908,35.1938617408612,128.693209327482,4812356000.0,성주동,성산구,경상남도 창원시 성산구 정동로62번길 91 (성주동),4,1,2,1,55.0,4600.5,True,True,False,False,True,1,1,1,1
LOC000909,35.1940482657056,128.690754412142,4812356000.0,성주동,성산구,"경상남도 창원시 성산구 정동로62번길 60 (성주동, (주)동구기업) 외 1필지",4,3,1,0,56.0,4124.71,False,True,False,False,False,3,3,0,1
LOC000910,35.1940632270752,128.696957459599,4812356000.0,성주동,성산구,경상남도 창원시 성산구 성주로 77 (남산동),3,2,1,0,18.0,814.72,False,True,False,False,False,2,2,0,1
LOC000911,35.1941206452181,128.687569124474,4812356000.0,성주동,성산구,"경상남도 창원시 성산구 정동로62번길 30 (성주동, (주)삼송)",6,4,2,0,266.0,17271.15,True,True,False,False,False,5,4,0,1
LOC000912,35.1941817428417,128.69519444063,4812356000.0,성주동,성산구,"경상남도 창원시 성산구 웅남로795번길 8 (남산동, (주)진양)",2,1,0,1,90.0,7672.36,False,False,False,False,True,2,1,1,0
LOC000913,35.1942355893706,128.695719024178,4812356000.0,성주동,성산구,"경상남도 창원시 성산구 성주로81번길 23 (남산동, 지성정밀)",2,2,0,0,32.0,2264.64,False,False,False,False,False,2,2,0,0
LOC000914,35.1943363890136,128.693011351534,4812356000.0,성주동,성산구,"경상남도 창원시 성산구 웅남로 786 (성주동, (주)세복)",4,1,2,1,52.0,5910.26,True,False,True,False,False,4,1,1,2
LOC000915,35.1943676378588,128.56581481963,4812556500.0,반월중앙동,마산합포구,경상남도 창원시 마산합포구 중앙남8길 6 (중앙동2가),1,1,0,0,,,False,False,False,False,False,1,1,0,0
LOC000916,35.1943748864975,128.695290126378,4812356000.0,성주동,성산구,경상남도 창원시 성산구 성주로81번길 28 (남산동),1,1,0,0,9.0,1222.68,False,False,False,False,False,1,1,0,0
LOC000917,35.1945653940766,128.691566798496,4812356000.0,성주동,성산구,경상남도 창원시 성산구 정동로62번길 61 (성주동),5,4,1,0,126.0,12321.0,True,False,False,False,False,5,4,0,1
LOC000918,35.1946204115138,128.694296381148,4812356000.0,성주동,성산구,경상남도 창원시 성산구 웅남로795번길 14 (남산동) (총 3 필지),2,2,0,0,31.0,1508.11,False,False,False,False,False,2,2,0,0
LOC000919,35.1946798605852,128.590516056049,4812357000.0,웅남동,성산구,경상남도 창원시 성산구 귀곡동 576-6 외1필지(신촌동 63-32),1,0,1,0,,,False,True,False,False,False,1,0,0,1
LOC000920,35.1946848480089,128.689924654958,4812356000.0,성주동,성산구,경상남도 창원시 성산구 정동로62번길 56 (성주동),3,1,1,1,133.0,9406.8,True,False,False,False,True,2,1,1,1
LOC000921,35.1947248875078,128.69519595582,4812356000.0,성주동,성산구,경상남도 창원시 성산구 성주로81번길 26 (남산동),4,2,2,0,51.0,1095.1599999999999,True,True,False,False,False,2,2,0,1
LOC000922,35.1947257094783,128.692882964843,4812356000.0,성주동,성산구,경상남도 창원시 성산구 웅남로 780 (성주동),2,1,0,1,49.0,5633.555,False,False,False,False,False,1,1,1,0
LOC000923,35.1947704546636,128.694541798997,4812356000.0,성주동,성산구,"경상남도 창원시 성산구 웅남로795번길 20 (남산동, (주)나럭스)",1,1,0,0,13.0,744.0,False,False,False,False,False,1,1,0,0
LOC000924,35.1948290026137,128.696590338921,4812356000.0,성주동,성산구,"경상남도 창원시 성산구 성주로81번길 11 (남산동, 신방정밀공업(주))",2,1,1,0,34.0,2500.0,False,True,False,False,False,1,1,0,1
LOC000925,35.1949387587319,128.695516918825,4812356000.0,성주동,성산구,경상남도 창원시 성산구 성주로81번길 24 (남산동),1,1,0,0,6.0,1182.5,False,False,False,False,False,1,1,0,0
LOC000926,35.1949680739619,128.688163152234,4812356000.0,성주동,성산구,경상남도 창원시 성산구 정동로62번길 44 (성주동),11,7,4,0,110.0,11834.62,True,True,False,False,False,9,7,0,3
LOC000927,35.1949875379581,128.572099701607,4812563000.0,오동동,마산합포구,경상남도 창원시 마산합포구 제2부두로 10 정부경남지방합동청사 (신포동1가),3,0,2,1,,,True,True,False,False,False,3,0,1,2
LOC000928,35.1950167335044,128.690153082628,4812356000.0,성주동,성산구,"경상남도 창원시 성산구 정동로62번길 51 (성주동, (주)세아에삽2공장)",3,1,1,1,53.0,7689.28,True,False,False,False,True,1,1,1,1
LOC000929,35.195021554898,128.688199171614,4812356000.0,성주동,성산구,경상남도 창원시 성산구 성주동 52-4,1,0,1,0,,,False,True,False,False,False,1,0,0,1
LOC000930,35.1950273552737,128.696288484629,4812356000.0,성주동,성산구,경상남도 창원시 성산구 성주로81번길 15 (남산동),1,1,0,0,14.0,1234.43,False,False,False,False,False,1,1,0,0
LOC000931,35.1950334247021,128.704301051198,4812356000.0,성주동,성산구,"경상남도 창원시 성산구 창원대로 1124 (성주동, 지엠대우창원공장) (총 8 필지)",3,1,0,2,2314.0,196752.55,False,False,False,False,True,3,1,2,0
LOC000932,35.1951217260993,128.697354953477,4812356000.0,성주동,성산구,"경상남도 창원시 성산구 성주로81번길 6 (남산동, (주)지성큐앤텍)",2,1,0,1,49.0,5986.93,False,False,False,False,True,1,1,1,0
LOC000933,35.1951217557066,128.678100705104,4812357000.0,웅남동,성산구,경상남도 창원시 성산구 공단로 602 (성산동),5,3,0,2,642.0,68899.54000000001,False,False,False,False,False,3,3,2,0
LOC000934,35.1951221211455,128.590123175616,4812357000.0,웅남동,성산구,경상남도 창원시 성산구 신촌동 63-32,3,0,2,1,,,False,True,False,False,False,2,0,1,2
LOC000935,35.1951415971949,128.69567966886,4812356000.0,성주동,성산구,경상남도 창원시 성산구 성주로81번길 22 (남산동),1,1,0,0,,,False,False,False,False,False,1,1,0,0
LOC000936,35.1952108320229,128.694017265142,4812356000.0,성주동,성산구,"경상남도 창원시 성산구 웅남로795번길 19 (남산동, 성진엔테크)",1,1,0,0,9.0,634.85,False,False,False,False,False,1,1,0,0
LOC000937,35.1952907226143,128.695861723784,4812356000.0,성주동,성산구,경상남도 창원시 성산구 성주로81번길 18 (남산동),1,1,0,0,12.0,0.0,False,False,False,False,False,1,1,0,0
LOC000938,35.1952997294453,128.573819880601,4812563000.0,오동동,마산합포구,경상남도 창원시 마산합포구 제2부두로 32 (신포동1가),1,0,0,1,,,False,False,False,False,False,1,0,1,0
LOC000939,35.1954580078095,128.683915897795,4812356000.0,성주동,성산구,경상남도 창원시 성산구 정동로 48 (성주동),3,2,0,1,158.0,17413.24,False,False,False,False,True,2,2,1,0
LOC000940,35.1955077119635,128.694743644509,4812356000.0,성주동,성산구,"경상남도 창원시 성산구 웅남로795번길 26 (남산동, (주)테크노전자)",2,1,1,0,47.0,3637.6,True,False,False,False,False,2,1,0,1
LOC000941,35.1955460695396,128.690227068432,4812356000.0,성주동,성산구,경상남도 창원시 성산구 성주동 44-1,1,0,1,0,,,False,True,False,False,False,1,0,0,1
LOC000942,35.1955997688998,128.694096704529,4812356000.0,성주동,성산구,"경상남도 창원시 성산구 웅남로795번길 25 (남산동, (주)대협ENG공장)",1,1,0,0,41.0,1672.89,False,False,False,False,False,1,1,0,0
LOC000943,35.1956081807152,128.695221227489,4812356000.0,성주동,성산구,경상남도 창원시 성산구 웅남로795번길 28 (남산동),2,1,0,1,46.0,2477.22,False,False,False,False,False,1,1,1,0
LOC000944,35.1956625701301,128.590461106364,4812357000.0,웅남동,성산구,경상남도 창원시 성산구 신촌동 63-30,1,0,1,0,,,False,True,False,False,False,1,0,0,1
LOC000945,35.195721369371,128.510505560893,4812725000.0,내서읍,마산회원구,경상남도 창원시 마산회원구 내서읍 감나무골길 138,1,1,0,0,,,False,False,False,False,False,1,1,0,0
LOC000946,35.1957894152078,128.685998965019,4812356000.0,성주동,성산구,경상남도 창원시 성산구 정동로62번길 28 (성주동),4,1,2,1,108.0,7500.0,True,True,False,False,False,2,1,1,2
LOC000947,35.1958731516106,128.69685435936,4812356000.0,성주동,성산구,경상남도 창원시 성산구 성주로97번길 15 (남산동),5,2,2,1,106.0,8504.05,True,True,False,False,False,1,1,1,1
LOC000948,35.1959477653485,128.694956994835,4812356000.0,성주동,성산구,경상남도 창원시 성산구 웅남로795번길 27 (남산동),4,1,2,1,30.0,894.45,True,True,False,False,False,2,1,1,1
LOC000949,35.1959569162216,128.57453357837,4812563000.0,오동동,마산합포구,경상남도 창원시 마산합포구 제2부두로 40 (신포동1가),2,0,1,1,,,True,False,False,False,False,1,0,1,1
LOC000950,35.1960147367322,128.689579139619,4812356000.0,성주동,성산구,경상남도 창원시 성산구 정동로62번길 39 (성주동),3,1,2,0,50.0,7190.47,True,True,False,False,False,2,1,0,1
LOC000951,35.1960251484401,128.676421938175,4812357000.0,웅남동,성산구,경상남도 창원시 성산구 성산동 58-21번지,1,1,0,0,45.0,1489.6,False,False,False,False,False,1,1,0,0
LOC000952,35.1960550602619,128.686745535637,4812356000.0,성주동,성산구,경상남도 창원시 성산구 정동로62번길 24 (성주동),2,1,0,1,19.0,9984.58,False,False,False,False,True,1,1,1,0
LOC000953,35.1960659309351,128.55735346885,4812557000.0,완월동,마산합포구,경상남도 창원시 마산합포구 완월남8길 1 (완월동),1,0,1,0,,,False,True,False,False,False,1,0,0,1
LOC000954,35.1961199158387,128.676555084681,4812357000.0,웅남동,성산구,경상남도 창원시 성산구 성산패총로24번길 34 (성산동),1,0,1,0,,,False,True,False,False,False,1,0,0,1
LOC000955,35.1961226536,128.676181635516,4812357000.0,웅남동,성산구,경상남도 창원시 성산구 성산패총로24번길 32 (성산동),1,1,0,0,10.0,1137.1,False,False,False,False,False,1,1,0,0
LOC000956,35.1961973635677,128.674768635315,4812357000.0,웅남동,성산구,경상남도 창원시 성산구 성산패총로24번길 22-1(성산동),3,2,1,0,55.0,1492.65,False,True,False,False,False,2,2,0,1
LOC000957,35.1962460198414,128.695044216775,4812356000.0,성주동,성산구,경상남도 창원시 성산구 성주로97번길 35 (남산동),1,1,0,0,46.0,4762.26,False,False,False,False,False,1,1,0,0
LOC000958,35.1963553985839,128.691741043681,4812356000.0,성주동,성산구,경상남도 창원시 성산구 웅남로 760 (성주동),3,3,0,0,155.0,18296.84,False,False,False,False,False,2,2,0,0
LOC000959,35.1963992149911,128.676202908443,4812357000.0,웅남동,성산구,경상남도 창원시 성산구 성산패총로24번길 30 (성산동),1,1,0,0,54.0,4384.74,False,False,False,False,False,1,1,0,0
LOC000960,35.1964448750525,128.688753423959,4812356000.0,성주동,성산구,경상남도 창원시 성산구 성주동 43-1,1,0,1,0,,,False,True,False,False,False,1,0,0,1
LOC000961,35.1965027507042,128.696146464327,4812356000.0,성주동,성산구,경상남도 창원시 성산구 성주로97번길 27 (남산동),1,1,0,0,100.0,8146.26,False,False,False,False,False,1,1,0,0
LOC000962,35.1966175602606,128.68336870376,4812357000.0,웅남동,성산구,경상남도 창원시 성산구 정동로 47 (성산동),7,3,3,1,264.0,66346.95000000001,True,True,False,False,True,5,3,1,2
LOC000963,35.1967369487363,128.675014555844,4812357000.0,웅남동,성산구,"경상남도 창원시 성산구 성산패총로24번길 20 (성산동, 선우정밀)",2,1,1,0,28.0,1995.89,False,True,False,False,False,1,1,0,1
LOC000964,35.1967630767659,128.570738232664,4812563000.0,오동동,마산합포구,경상남도 창원시 마산합포구 해안대로 252 (신포동1가),4,0,3,1,,,True,True,False,False,False,2,0,1,2
LOC000965,35.1968044311621,128.67560859276,4812357000.0,웅남동,성산구,"경상남도 창원시 성산구 성산패총로24번길 22 (성산동, 대성철강)",1,1,0,0,4.0,1067.91,False,False,False,False,False,1,1,0,0
LOC000966,35.1969001844447,128.698775649371,4812356000.0,성주동,성산구,경상남도 창원시 성산구 성주로 121 (남산동),5,1,3,1,193.0,22296.73,True,True,False,False,True,3,1,1,2
LOC000967,35.1969542699155,128.567863579661,4812556500.0,반월중앙동,마산합포구,경상남도 창원시 마산합포구 3·15대로 210 (중앙동3가 마산합포구청),1,0,1,0,,,True,False,False,False,False,1,0,0,1
LOC000968,35.1969717077088,128.676031101478,4812357000.0,웅남동,성산구,경상남도 창원시 성산구 성산패총로24번길 25 (성산동),2,1,0,1,2.0,8628.71,False,False,False,False,True,2,1,1,0
LOC000969,35.1970708598147,128.696328013694,4812356000.0,성주동,성산구,경상남도 창원시 성산구 성주로97번길 28 (남산동),5,5,0,0,13.0,1250.0,False,False,False,False,False,5,5,0,0
LOC000970,35.1970864625135,128.675013169,4812357000.0,웅남동,성산구,경상남도 창원시 성산구 성산패총로24번길 16 (성산동) (주)대성파인텍,3,3,0,0,123.0,6013.94,False,False,False,False,False,3,3,0,0
LOC000971,35.1971519472215,128.694167146955,4812356000.0,성주동,성산구,경상남도 창원시 성산구 웅남로 767 (남산동),3,1,2,0,106.0,10804.15,True,True,False,False,False,1,1,0,1
LOC000972,35.1973015736916,128.669624951056,4812357000.0,웅남동,성산구,경상남도 창원시 성산구 성산패총로 9 (성산동),4,2,1,1,400.0,31944.84,True,False,False,False,True,3,2,1,1
LOC000973,35.1973643148615,128.684353463172,4812357000.0,웅남동,성산구,경상남도 창원시 성산구 정동로 57 (성산동),3,1,1,1,95.0,6077.31,False,True,False,False,False,1,1,1,1
LOC000974,35.1973749811459,128.675935195084,4812357000.0,웅남동,성산구,"경상남도 창원시 성산구 성산패총로38번길 20 (성산동, (주)오성사 창원제2공장)",2,1,0,1,33.0,7746.47,False,False,False,False,True,1,1,1,0
LOC000975,35.1974515673255,128.67531139472,4812357000.0,웅남동,성산구,"경상남도 창원시 성산구 성산패총로38번길 16 (성산동, (주) 에스비씨)",1,1,0,0,39.0,1383.6,False,False,False,False,False,1,1,0,0
LOC000976,35.1977310545719,128.673935400556,4812357000.0,웅남동,성산구,"경상남도 창원시 성산구 성산패총로24번길 4, 대림자동차서비스센터 (성산동)",1,0,0,1,,,False,False,False,False,True,1,0,1,0
LOC000977,35.1978028691633,128.674770417104,4812357000.0,웅남동,성산구,경상남도 창원시 성산구 성산패총로38번길 14 (성산동),3,3,0,0,21.0,466.20000000000005,False,False,False,False,False,3,3,0,0
LOC000978,35.1978218845104,128.675649694618,4812357000.0,웅남동,성산구,경상남도 창원시 성산구 성산패총로38번길 18 (성산동),4,2,2,0,8.0,361.44,True,False,False,False,False,2,2,0,2
LOC000979,35.1978605804777,128.695788999239,4812356000.0,성주동,성산구,경상남도 창원시 성산구 성주로97번길 34 (남산동),4,2,0,2,48.0,5257.0,False,False,False,False,False,3,2,2,0
LOC000980,35.1978842304914,128.569952174106,4812556500.0,반월중앙동,마산합포구,경상남도 창원시 마산합포구 서성로 3 (중앙동3가),2,0,1,1,,,True,False,False,False,True,1,0,1,1
LOC000981,35.1980004256594,128.569352407452,4812556500.0,반월중앙동,마산합포구,"경상남도 창원시 마산합포구 중앙북6길 38 (중앙동3가, 마산광고사)",1,1,0,0,,,False,False,False,False,False,1,1,0,0
LOC000982,35.1980703976092,128.674271961805,4812357000.0,웅남동,성산구,"경상남도 창원시 성산구 성산패총로24번길 1(성산동, 주식회사지이엠)",3,3,0,0,6.0,1931.8,False,False,False,False,False,3,3,0,0
LOC000983,35.1980826121062,128.572291102221,4812563000.0,오동동,마산합포구,경상남도 창원시 마산합포구 해안대로 278 (신포동1가),1,0,1,0,,,False,True,False,False,False,1,0,0,1
LOC000984,35.1981322830379,128.573122655527,4812563000.0,오동동,마산합포구,경상남도 창원시 마산합포구 수산1길 12 (신포동1가),1,0,1,0,,,True,False,False,False,False,1,0,0,1
LOC000985,35.1983113097968,128.668624543595,4812357000.0,웅남동,성산구,"경상남도 창원시 성산구 공단로474번길 53 (성산동, 한국NSK(주))",2,1,0,1,334.0,24904.18,False,False,False,False,True,2,1,1,0
LOC000986,35.1983306615809,128.573412716383,4812563000.0,오동동,마산합포구,"경상남도 창원시 마산합포구 수산1길 18 (신포동1가, 마산푸드)",2,1,0,1,,,False,False,False,False,False,1,1,1,0
LOC000987,35.1983341144583,128.674583367805,4812357000.0,웅남동,성산구,경상남도 창원시 성산구 성산패총로 32 (성산동),1,1,0,0,,,False,False,False,False,False,1,1,0,0
LOC000988,35.1983546329653,128.573461378701,4812563000.0,오동동,마산합포구,경상남도 창원시 마산합포구 신포동1가 67-2,1,0,1,0,,,False,False,True,False,False,1,0,0,1
LOC000989,35.1984184953634,128.675174249771,4812357000.0,웅남동,성산구,"경상남도 창원시 성산구 성산패총로38번길 10, 가동 1층(성산동, 세명정밀)",2,1,1,0,,,False,True,False,False,False,2,1,0,1
LOC000990,35.1985368313769,128.67490680827,4812357000.0,웅남동,성산구,경상남도 창원시 성산구 성산패총로38번길 6 (성산동) 외 1필지,3,3,0,0,2.0,812.49,False,False,False,False,False,3,3,0,0
LOC000991,35.1986398730659,128.676226334666,4812357000.0,웅남동,성산구,경상남도 창원시 성산구 성산패총로38번길 7 (성산동) (총 2 필지) 외 1필지,4,2,1,1,130.0,10205.82,True,False,False,False,False,1,1,1,1
LOC000992,35.1987611937105,128.674486404496,4812357000.0,웅남동,성산구,"경상남도 창원시 성산구 성산패총로38번길 2 (성산동, (주)삼양하이텍) (총 2 필지) 외 1필지",2,2,0,0,10.0,1750.64,False,False,False,False,False,2,2,0,0
LOC000993,35.1988129556571,128.57041790465,4812563000.0,오동동,마산합포구,경상남도 창원시 마산합포구 서성로 15 (신포동1가),1,0,1,0,,,False,True,False,False,False,1,0,0,1
LOC000994,35.1988621650238,128.570876260465,4812563000.0,오동동,마산합포구,경상남도 창원시 마산합포구 신포동1가 9-2번지,1,1,0,0,,,False,False,False,False,False,1,1,0,0
LOC000995,35.1990722600646,128.567725431233,4812556500.0,반월중앙동,마산합포구,경상남도 창원시 마산합포구 3·15대로 238 (중앙동3가),3,0,2,1,,,True,True,False,False,True,2,0,1,2
LOC000996,35.1990965408509,128.693933161805,4812356000.0,성주동,성산구,"경상남도 창원시 성산구 성주로97번길 42 (남산동, 한일단조공업(주))",1,1,0,0,130.0,8216.66,False,False,False,False,False,1,1,0,0
LOC000997,35.1991380641917,128.680543021914,4812357000.0,웅남동,성산구,경상남도 창원시 성산구 공단로 589 (성산동),3,1,1,1,181.0,22118.82,False,True,False,False,True,2,1,1,1
LOC000998,35.199181970624,128.572830200313,4812563000.0,오동동,마산합포구,경상남도 창원시 마산합포구 해안대로 287 (신포동1가),1,0,1,0,,,False,True,False,False,False,1,0,0,1
LOC000999,35.1992101601619,128.699869323215,4812356000.0,성주동,성산구,"경상남도 창원시 성산구 성주로137번길 3(남산동, 주식회사디에이치케미칼) 외 2필지",3,2,1,0,38.0,890.99,True,False,False,False,False,1,1,0,1
LOC001000,35.199212096018,128.565576224449,4812557000.0,완월동,마산합포구,경상남도 창원시 마산합포구 3·15대로 231 (중앙동3가),3,0,2,1,,,True,True,False,False,True,1,0,1,1
LOC001001,35.1992624125186,128.707849007691,4812356000.0,성주동,성산구,경상남도 창원시 성산구 삼정자로 11 (삼정자동),3,0,2,1,,,True,True,False,False,True,1,0,1,1
LOC001002,35.1993030586092,128.698926812993,4812356000.0,성주동,성산구,경상남도 창원시 성산구 성주로137번길 19 (남산동),2,2,0,0,132.0,11649.6,False,False,False,False,False,2,2,0,0
LOC001003,35.1993470855897,128.675189477819,4812357000.0,웅남동,성산구,"경상남도 창원시 성산구 성산패총로38번길 3 (성산동, (주)금아스틸)",1,1,0,0,8.0,3647.85,False,False,False,False,False,1,1,0,0
LOC001004,35.1994136137842,128.571676315923,4812563000.0,오동동,마산합포구,경상남도 창원시 마산합포구 신포동1가 2-4,1,0,1,0,,,False,False,True,False,False,1,0,0,1
LOC001005,35.1994301009554,128.575227116667,4812563000.0,오동동,마산합포구,"경상남도 창원시 마산합포구 수산1길 64(신포동2가, 주식회사 이서푸드)",1,1,0,0,,,False,False,False,False,False,1,1,0,0
LOC001006,35.1995425449321,128.69956015307,4812356000.0,성주동,성산구,경상남도 창원시 성산구 성주로137번길 21 (남산동),2,2,0,0,30.0,661.16,False,False,False,False,False,2,2,0,0
LOC001007,35.1996026094718,128.676359427468,4812357000.0,웅남동,성산구,경상남도 창원시 성산구 공단로 535 (성산동),4,1,2,1,249.0,13809.19,True,True,False,False,False,1,1,1,1
LOC001008,35.1996149245294,128.573454507372,4812563000.0,오동동,마산합포구,경상남도 창원시 마산합포구 해안대로 295 (신포동1가),1,0,1,0,,,False,True,False,False,False,1,0,0,1
LOC001009,35.1996161402709,128.571931762227,4812563000.0,오동동,마산합포구,"경상남도 창원시 마산합포구 동서동3길 46 (신포동1가, 대우중기)",1,1,0,0,,,False,False,False,False,False,1,1,0,0
LOC001010,35.1996395208222,128.697555793258,4812356000.0,성주동,성산구,경상남도 창원시 성산구 성주로137번길 31-18 (남산동),10,5,4,1,98.0,10866.52,True,True,False,False,True,7,5,1,3
LOC001011,35.1996404907721,128.595984340465,4812357000.0,웅남동,성산구,경상남도 창원시 성산구 적현로 311 창원우편집중국 (신촌동),1,0,1,0,,,True,False,False,False,False,1,0,0,1
LOC001012,35.1996464524917,128.521426684098,4812725000.0,내서읍,마산회원구,경상남도 창원시 마산회원구 내서읍 경남대로 503,1,0,1,0,,,False,True,False,False,False,1,0,0,1
LOC001013,35.199665805287,128.697808647656,4812356000.0,성주동,성산구,경상남도 창원시 성산구 성주로137번길 31-14 (남산동),2,0,1,1,,,True,False,False,False,False,1,0,1,1
LOC001014,35.1997785735976,128.670795342854,4812357000.0,웅남동,성산구,경상남도 창원시 성산구 공단로474번길 21-26 (성산동),6,4,2,0,27.0,1326.72,True,True,False,False,False,3,3,0,2
LOC001015,35.1997836360004,128.594737438846,4812357000.0,웅남동,성산구,경상남도 창원시 성산구 적현로279번길 6 (신촌동),5,1,3,1,14.0,1823.31,True,True,False,False,False,2,1,1,2
LOC001016,35.1997913992283,128.677271530899,4812357000.0,웅남동,성산구,"경상남도 창원시 성산구 공단로 543 (성산동, 지엠비코리아(주))",5,3,1,1,574.0,46893.32,False,True,False,False,False,3,3,1,1
LOC001017,35.1999004417487,128.683070618435,4812357000.0,웅남동,성산구,"경상남도 창원시 성산구 웅남로 670 (성산동, 동대금속(주))",2,1,0,1,49.0,53305.77,False,False,False,False,False,1,1,1,0
LOC001018,35.1999684449132,128.671880166311,4812357000.0,웅남동,성산구,경상남도 창원시 성산구 공단로474번길 21-34 (성산동),1,1,0,0,23.0,5069.64,False,False,False,False,False,1,1,0,0
LOC001019,35.1999848081135,128.698645885157,4812356000.0,성주동,성산구,경상남도 창원시 성산구 성주로137번길 27 (남산동),1,0,1,0,,,False,True,False,False,False,1,0,0,1
LOC001020,35.2000086664006,128.567076630531,4812557000.0,완월동,마산합포구,경상남도 창원시 마산합포구 3·15대로 243 (중앙동3가),2,0,2,0,,,True,True,False,False,False,2,0,0,2
LOC001021,35.2000133308094,128.575182603097,4812563000.0,오동동,마산합포구,"경상남도 창원시 마산합포구 해안대로 312 (신포동2가, 주택)",1,1,0,0,,,False,False,False,False,False,1,1,0,0
LOC001022,35.2000769934802,128.670199228074,4812357000.0,웅남동,성산구,경상남도 창원시 성산구 공단로474번길 21-22 (성산동),1,1,0,0,3.0,613.44,False,False,False,False,False,1,1,0,0
LOC001023,35.2001011195659,128.697890393295,4812356000.0,성주동,성산구,경상남도 창원시 성산구 성주로137번길 31-8 (남산동) 외 1필지,3,3,0,0,8.0,349.92,False,False,False,False,False,3,3,0,0
LOC001024,35.2001351022285,128.680658757261,4812357000.0,웅남동,성산구,경상남도 창원시 성산구 공단로 551 (성산동),4,1,2,1,411.0,21550.28,True,True,False,False,True,1,1,1,1
LOC001025,35.2001404199888,128.572519399685,4812563000.0,오동동,마산합포구,"경상남도 창원시 마산합포구 동서동4길 15 (신포동2가, 하나산업)",1,1,0,0,,,False,False,False,False,False,1,1,0,0
LOC001026,35.200157974847,128.671410064166,4812357000.0,웅남동,성산구,경상남도 창원시 성산구 성산동 67번지,3,1,2,0,39.0,2268.01,True,True,False,False,False,3,1,0,2
LOC001027,35.2002640562497,128.52071814627,4812725000.0,내서읍,마산회원구,경상남도 창원시 마산회원구 내서읍 경남대로 509 (감천주유소),1,0,1,0,,,False,True,False,False,False,1,0,0,1
LOC001028,35.2003009464974,128.698074836768,4812356000.0,성주동,성산구,"경상남도 창원시 성산구 성주로137번길 31-2 (남산동, 요한기전㈜) (총 3 필지) 외 2필지",2,2,0,0,9.0,1914.18,False,False,False,False,False,2,2,0,0
LOC001029,35.2003225838806,128.572253907707,4812563000.0,오동동,마산합포구,"경상남도 창원시 마산합포구 동서동4길 18 (신포동2가, 주택)",1,1,0,0,,,False,False,False,False,False,1,1,0,0
LOC001030,35.200400803489,128.573794338887,4812563000.0,오동동,마산합포구,경상남도 창원시 마산합포구 동서동로 8 (신포동2가),1,0,1,0,,,False,True,False,False,False,1,0,0,1
LOC001031,35.2004304497439,128.671035424734,4812357000.0,웅남동,성산구,경상남도 창원시 성산구 공단로474번길 21-25 (성산동),3,1,1,1,27.0,1848.14,True,False,False,False,True,1,1,1,1
LOC001032,35.2004662207759,128.572602429458,4812563000.0,오동동,마산합포구,경상남도 창원시 마산합포구 동서동4길 10 (신포동2가),1,1,0,0,,,False,False,False,False,False,1,1,0,0
LOC001033,35.2004801138641,128.670055305749,4812357000.0,웅남동,성산구,경상남도 창원시 성산구 공단로474번길 21-6 (성산동),2,1,1,0,20.0,2902.94,False,True,False,False,False,1,1,0,1
LOC001034,35.2004847793943,128.574911613706,4812563000.0,오동동,마산합포구,경상남도 창원시 마산합포구 해안대로 311 (신포동2가),1,0,1,0,,,False,True,False,False,False,1,0,0,1
LOC001035,35.2004987638147,128.672888532781,4812357000.0,웅남동,성산구,경상남도 창원시 성산구 성산패총로 29 (성산동),9,4,4,1,540.0,41710.25,True,True,False,False,True,3,3,1,3
LOC001036,35.2005350353561,128.576299110113,4812563000.0,오동동,마산합포구,경상남도 창원시 마산합포구 신포동2가 119-13,1,0,1,0,,,False,True,False,False,False,1,0,0,1
LOC001037,35.2005403331696,128.609086598848,4812357000.0,웅남동,성산구,경상남도 창원시 성산구 적현로279번길 167 (적현동),1,0,0,1,,,False,False,False,False,False,1,0,1,0
LOC001038,35.200611709065,128.602557372549,4812357000.0,웅남동,성산구,경상남도 창원시 성산구 적현로 259 (신촌동),4,2,0,2,278.0,58361.47,False,False,False,False,True,3,2,2,0
LOC001039,35.2006348427257,128.681786997102,4812357000.0,웅남동,성산구,경상남도 창원시 성산구 웅남로 654-49 (성산동),3,2,1,0,28.0,660.0,False,True,False,False,False,2,2,0,1
LOC001040,35.2006428214188,128.697088523473,4812356000.0,성주동,성산구,경상남도 창원시 성산구 정동로162번길 40 (남산동) 외 3필지,3,2,0,1,1161.0,59623.87,False,False,False,False,True,3,2,1,0
LOC001041,35.2007294377887,128.670189201906,4812357000.0,웅남동,성산구,경상남도 창원시 성산구 공단로474번길 21-3 (성산동),5,2,2,1,12.0,345.28999999999996,True,False,False,False,False,3,2,1,2
LOC001042,35.2007641555171,128.681950075619,4812357000.0,웅남동,성산구,"경상남도 창원시 성산구 웅남로 654-45 (성산동, 일신실업(주))",1,1,0,0,21.0,4080.27,False,False,False,False,False,1,1,0,0
LOC001043,35.2009044018663,128.670382513134,4812357000.0,웅남동,성산구,"경상남도 창원시 성산구 공단로474번길 15 (성산동, 대영정공)",2,2,0,0,42.0,4112.06,False,False,False,False,False,2,2,0,0
LOC001044,35.2009247954557,128.572267492416,4812563000.0,오동동,마산합포구,경상남도 창원시 마산합포구 동서동2길 20 (신포동2가),1,0,1,0,,,True,False,False,False,False,1,0,0,1
LOC001045,35.2009280645616,128.681023919989,4812357000.0,웅남동,성산구,경상남도 창원시 성산구 성산동 45,3,1,2,0,25.0,12476.19,False,True,False,False,False,3,1,0,2
LOC001046,35.2009395284408,128.577716078331,4812563000.0,오동동,마산합포구,"경상남도 창원시 마산합포구 수산2길 163, 2층 (남성동)",1,1,0,0,,,False,False,False,False,False,1,1,0,0
LOC001047,35.2011276646811,128.571802453155,4812563000.0,오동동,마산합포구,"경상남도 창원시 마산합포구 동서동2길 17 (신포동2가, 주택)",1,1,0,0,,,False,False,False,False,False,1,1,0,0
LOC001048,35.2011499203762,128.572420499417,4812563000.0,오동동,마산합포구,경상남도 창원시 마산합포구 신포동2가 89-1번지,1,1,0,0,,,False,False,False,False,False,1,1,0,0
LOC001049,35.2012041385133,128.683214015289,4812357000.0,웅남동,성산구,경상남도 창원시 성산구 웅남로 654-11 (성산동),7,2,4,1,58.0,15356.0,True,True,False,False,False,3,2,1,3
LOC001050,35.2012882951759,128.674390060149,4812357000.0,웅남동,성산구,경상남도 창원시 성산구 성산패총로 87 (성산동),5,2,2,1,14.0,661.16,True,True,False,False,True,3,2,1,1
LOC001051,35.2013159615886,128.690717307717,4812356000.0,성주동,성산구,경상남도 창원시 성산구 정동로 122 (남산동),2,1,0,1,312.0,39336.66,False,False,False,False,True,1,1,1,0
LOC001052,35.2013459839321,128.567684697998,4812563000.0,오동동,마산합포구,경상남도 창원시 마산합포구 3·15대로 258 (서성동),1,0,1,0,,,False,True,False,False,False,1,0,0,1
LOC001053,35.201413972297,128.572233990735,4812563000.0,오동동,마산합포구,경상남도 창원시 마산합포구 동서동2길 23 (신포동2가),1,0,1,0,,,False,True,False,False,False,1,0,0,1
LOC001054,35.2014154327361,128.680745747947,4812357000.0,웅남동,성산구,"경상남도 창원시 성산구 웅남로 654-24 (성산동, (주)피엔에스알미늄)",2,1,0,1,117.0,17082.35,False,False,False,False,False,2,1,1,0
LOC001055,35.2014792714963,128.573402523442,4812563000.0,오동동,마산합포구,경상남도 창원시 마산합포구 동서동로 18 (신포동2가 대우백화점),2,0,1,1,,,True,False,False,False,True,2,0,1,1
LOC001056,35.2017517642117,128.678940581476,4812357000.0,웅남동,성산구,경상남도 창원시 성산구 웅남로 630 (성산동),4,1,2,1,710.0,38714.04,True,True,False,False,True,1,1,1,1
LOC001057,35.2018220788959,128.676962597739,4812357000.0,웅남동,성산구,경상남도 창원시 성산구 성산패총로 82 (성산동),4,1,2,1,201.0,13322.4,True,True,False,False,True,1,1,1,1
LOC001058,35.2018898315681,128.678797612382,4812357000.0,웅남동,성산구,경상남도 창원시 성산구 성산패총로 86 (성산동),3,1,1,1,39.0,3855.21,True,False,False,False,False,2,1,1,1
LOC001059,35.2020609146593,128.572439599641,4812563000.0,오동동,마산합포구,경상남도 창원시 마산합포구 동서동1길 8 (신포동2가),1,0,1,0,,,False,True,False,False,False,1,0,0,1
LOC001060,35.2021667938347,128.661807428323,4812357000.0,웅남동,성산구,경상남도 창원시 성산구 완암로 12 (성산동),4,1,2,1,192.0,42830.54,True,True,False,False,True,1,1,1,1
LOC001061,35.2021923123971,128.664456614689,4812357000.0,웅남동,성산구,경상남도 창원시 성산구 공단로474번길 36 (성산동),4,1,2,1,697.0,36812.96,True,True,False,False,False,2,1,1,1
LOC001062,35.2024382298566,128.574702502795,4812563000.0,오동동,마산합포구,경상남도 창원시 마산합포구 동서동2길 74 (신포동2가),1,0,1,0,,,True,False,False,False,False,1,0,0,1
LOC001063,35.2024569595454,128.509788335542,4812725000.0,내서읍,마산회원구,경상남도 창원시 마산회원구 내서읍 광려로 299,1,1,0,0,,,False,False,False,False,False,1,1,0,0
LOC001064,35.2024572382586,128.60832836891,4812357000.0,웅남동,성산구,경상남도 창원시 성산구 적현로 147 (신촌동),4,3,0,1,1200.0,328502.007,False,False,False,False,True,2,2,1,0
LOC001065,35.2026172606576,128.580977655282,4812563000.0,오동동,마산합포구,경상남도 창원시 마산합포구 오동동 323-6,1,0,1,0,,,False,True,False,False,False,1,0,0,1
LOC001066,35.2026598618663,128.570017414781,4812563000.0,오동동,마산합포구,경상남도 창원시 마산합포구 서성동 83-28,1,0,1,0,,,False,True,False,False,False,1,0,0,1
LOC001067,35.2026662700023,128.570454435205,4812563000.0,오동동,마산합포구,"경상남도 창원시 마산합포구 3·15대로 298, 406호 (서성동)",11,11,0,0,,,False,False,False,False,False,11,11,0,0
LOC001068,35.2028396931505,128.69474919144,4812356000.0,성주동,성산구,경상남도 창원시 성산구 정동로162번길 36 (남산동),1,0,1,0,,,False,True,False,False,False,1,0,0,1
LOC001069,35.2029428398712,128.580428373954,4812563000.0,오동동,마산합포구,경상남도 창원시 마산합포구 수산1길 186 (동성동),2,0,1,1,,,False,True,False,False,True,1,0,1,1
LOC001070,35.203150702187,128.678136771866,4812357000.0,웅남동,성산구,경상남도 창원시 성산구 성산패총로 92 (성산동),4,2,2,0,60.0,1349.0,True,True,False,False,False,3,2,0,2
LOC001071,35.2031761455688,128.693530166163,4812356000.0,성주동,성산구,경상남도 창원시 성산구 정동로162번길 26 (남산동),1,0,1,0,,,True,False,False,False,False,1,0,0,1
LOC001072,35.2031945440621,128.577928245281,4812563000.0,오동동,마산합포구,"경상남도 창원시 마산합포구 어시장8길 102 (남성동, 야베스식품)",1,1,0,0,,,False,False,False,False,False,1,1,0,0
LOC001073,35.2032439413451,128.687888769526,4812355000.0,가음정동,성산구,경상남도 창원시 성산구 정동로 153 (가음정동),2,1,0,1,850.0,70056.21,False,False,False,False,True,1,1,1,0
LOC001074,35.2032701003607,128.670370465991,4812357000.0,웅남동,성산구,경상남도 창원시 성산구 공단로 465(성산동),2,2,0,0,36.0,1714.14,False,False,False,False,False,2,2,0,0
LOC001075,35.2032770210686,128.651441107266,4812357000.0,웅남동,성산구,경상남도 창원시 성산구 상복산단1로 37(신촌동),1,1,0,0,,,False,False,False,False,False,1,1,0,0
LOC001076,35.203295913144,128.56958287643,4812563000.0,오동동,마산합포구,경상남도 창원시 마산합포구 남성로 3 (서성동 84-330),1,0,1,0,,,False,True,False,False,False,1,0,0,1
LOC001077,35.2034320184424,128.570596001369,4812563000.0,오동동,마산합포구,"경상남도 창원시 마산합포구 동서서1길 9 (서성동, 주택)",1,1,0,0,,,False,False,False,False,False,1,1,0,0
LOC001078,35.2034489398567,128.665665137005,4812357000.0,웅남동,성산구,경상남도 창원시 성산구 공단로474번길 10 (성산동),2,1,0,1,495.0,95975.14,False,False,False,False,True,1,1,1,0
LOC001079,35.2034806467769,128.670708570304,4812357000.0,웅남동,성산구,"경상남도 창원시 성산구 공단로473번길 7(성산동, (주)하나루카스)",2,2,0,0,13.0,1777.55,False,False,False,False,False,2,2,0,0
LOC001080,35.2036201681381,128.669375050595,4812357000.0,웅남동,성산구,"경상남도 창원시 성산구 공단로 457 (성산동, 나라엠앤디(주))",2,1,0,1,52.0,6014.76,False,False,False,False,False,2,1,1,0
LOC001081,35.2036347639159,128.581680896002,4812563000.0,오동동,마산합포구,경상남도 창원시 마산합포구 수산1길 214 (오동동),3,1,1,1,,,False,False,True,False,False,3,1,1,1
LOC001082,35.203642813248,128.670327152568,4812357000.0,웅남동,성산구,경상남도 창원시 성산구 공단로 459 (성산동),5,2,2,1,47.0,3671.5,True,True,False,False,False,3,2,1,1
LOC001083,35.20376172089,128.578955985908,4812563000.0,오동동,마산합포구,경상남도 창원시 마산합포구 복요리로 7 (동성동),1,0,0,1,,,False,False,False,False,True,1,0,1,0
LOC001084,35.2037737717572,128.693135218744,4812356000.0,성주동,성산구,경상남도 창원시 성산구 정동로162번길 20 (남산동),1,0,1,0,,,False,True,False,False,False,1,0,0,1
LOC001085,35.2038151635263,128.651466059019,4812357000.0,웅남동,성산구,경상남도 창원시 성산구 상복산단1로 42 (신촌동),1,0,1,0,,,False,True,False,False,False,1,0,0,1
LOC001086,35.2038460353501,128.570951169372,4812563000.0,오동동,마산합포구,"경상남도 창원시 마산합포구 남성로 32 (서성동, 창고)",3,1,2,0,,,False,True,True,False,False,3,1,0,2
LOC001087,35.2039476135642,128.582209622081,4812563000.0,오동동,마산합포구,경상남도 창원시 마산합포구 수산1길 222 (오동동),3,1,1,1,,,False,False,True,False,False,2,1,1,1
LOC001088,35.2039828845633,128.575303409602,4812563000.0,오동동,마산합포구,"경상남도 창원시 마산합포구 동서북7길 45, 1층 (남성동)",1,1,0,0,,,False,False,False,False,False,1,1,0,0
LOC001089,35.204018162369,128.703158680538,4812355000.0,가음정동,성산구,경상남도 창원시 성산구 가음로 100 (가음동),2,0,1,1,,,True,False,False,False,True,1,0,1,1
LOC001090,35.2040288261509,128.655946864141,4812357000.0,웅남동,성산구,경상남도 창원시 성산구 웅남동 56-10번지,3,3,0,0,16.0,1961.0,False,False,False,False,False,3,3,0,0
LOC001091,35.204026112846,128.65798207983,4812357000.0,웅남동,성산구,경상남도 창원시 성산구 완암로 3 창원제4표준공장 (웅남동),69,64,4,1,288.0,15979.859999999999,True,True,False,False,False,66,64,1,4
LOC001092,35.2040368394586,128.679451970598,4812357000.0,웅남동,성산구,경상남도 창원시 성산구 웅남로 618 (성산동),4,1,2,1,320.0,15574.502,True,True,False,False,False,2,1,1,1
LOC001093,35.2040594911517,128.515923740291,4812725000.0,내서읍,마산회원구,경상남도 창원시 마산회원구 내서읍 경남대로 570,1,0,1,0,,,False,True,False,False,False,1,0,0,1
LOC001094,35.2041324868378,128.691095766288,4812356000.0,성주동,성산구,"경상남도 창원시 성산구 정동로 154 (남산동, 현대위아주식회사)",2,1,0,1,250.0,41591.52,False,False,False,False,True,1,1,1,0
LOC001095,35.2041467314144,128.651696767905,4812357000.0,웅남동,성산구,"경상남도 창원시 성산구 상복산단1로 54, 부송테크(신촌동)",2,1,1,0,,,False,True,False,False,False,1,1,0,1
LOC001096,35.204255077851,128.581743545526,4812563000.0,오동동,마산합포구,경상남도 창원시 마산합포구 해안대로 390 (오동동),1,0,1,0,,,False,True,False,False,False,1,0,0,1
LOC001097,35.2043223859584,128.662591962201,4812357000.0,웅남동,성산구,경상남도 창원시 성산구 완암로 28 (성산동),2,1,0,1,265.0,21472.3,False,False,False,False,True,1,1,1,0
LOC001098,35.2043752298939,128.582817880716,4812563000.0,오동동,마산합포구,경상남도 창원시 마산합포구 오동동 310번지,1,1,0,0,,,False,False,False,False,False,1,1,0,0
LOC001099,35.2044074840449,128.691654425844,4812356000.0,성주동,성산구,경상남도 창원시 성산구 정동로162번길 4 현대위아 복지관 (남산동),1,0,1,0,,,True,False,False,False,False,1,0,0,1
LOC001100,35.2044088038368,128.647980789092,4812357000.0,웅남동,성산구,경상남도 창원시 성산구 창곡로108번길 40 (창곡동),2,1,0,1,5.0,30.0,False,False,False,False,False,2,1,1,0
LOC001101,35.2045053244655,128.633972783967,4812357000.0,웅남동,성산구,경상남도 창원시 성산구 반월로68번길 27 (신촌동),2,1,1,0,29.0,2451.98,False,True,False,False,False,2,1,0,1
LOC001102,35.2045297311369,128.649913987612,4812357000.0,웅남동,성산구,경상남도 창원시 성산구 신촌동 508-2번지 (3단지) 외 2필지,1,1,0,0,59.0,7106.68,False,False,False,False,False,1,1,0,0
LOC001103,35.2045459597755,128.650296975214,4812357000.0,웅남동,성산구,경상남도 창원시 성산구 창곡로108번길 15-32 외2필지 (신촌동),2,0,2,0,,,True,True,False,False,False,2,0,0,2
LOC001104,35.2046074421543,128.634232535725,4812357000.0,웅남동,성산구,"경상남도 창원시 성산구 반월로68번길 23 (신촌동, (주)인템)",1,1,0,0,9.0,1184.45,False,False,False,False,False,1,1,0,0
LOC001105,35.2046136449258,128.660393521698,4812357000.0,웅남동,성산구,경상남도 창원시 성산구 완암로 9 (웅남동),4,3,1,0,58.0,9699.72,False,True,False,False,False,3,3,0,1
LOC001106,35.2046172137003,128.633341576902,4812357000.0,웅남동,성산구,"경상남도 창원시 성산구 반월로68번길 26, 제ㄴ동 (신촌동)",4,3,1,0,10.0,1912.1599999999999,False,True,False,False,False,4,3,0,1
LOC001107,35.2046579287473,128.632902195081,4812357000.0,웅남동,성산구,"경상남도 창원시 성산구 반월로68번길 30 (신촌동, 거명테크 공장)",7,7,0,0,70.0,5261.99,False,False,False,False,False,7,7,0,0
LOC001108,35.2046671830369,128.580552157849,4812563000.0,오동동,마산합포구,"경상남도 창원시 마산합포구 오동동14길 17 (오동동, 동일제빙공업(주))",2,1,1,0,,,False,False,True,False,False,1,1,0,1
LOC001109,35.2047007105191,128.560335795011,4812558000.0,자산동,마산합포구,경상남도 창원시 마산합포구 무학로 398 (자산동),1,0,1,0,,,False,True,False,False,False,1,0,0,1
LOC001110,35.2047033923516,128.702951303285,4812355000.0,가음정동,성산구,경상남도 창원시 성산구 가음로92번길 5 (가음동),1,0,1,0,,,False,True,False,False,False,1,0,0,1
LOC001111,35.2047116947621,128.654595013896,4812357000.0,웅남동,성산구,경상남도 창원시 성산구 창곡로 151 (웅남동),3,2,1,0,2.0,462.0,False,True,False,False,False,2,2,0,1
LOC001112,35.204734321094,128.655286786124,4812357000.0,웅남동,성산구,경상남도 창원시 성산구 창곡로 167 (웅남동),1,1,0,0,10.0,749.58,False,False,False,False,False,1,1,0,0
LOC001113,35.204745537796,128.582363674391,4812563000.0,오동동,마산합포구,"경상남도 창원시 마산합포구 해안대로 396, 세진빌딩 3층 (오동동)",1,1,0,0,,,False,False,False,False,False,1,1,0,0
LOC001114,35.2048524447748,128.633307418145,4812357000.0,웅남동,성산구,경상남도 창원시 성산구 반월로68번길 22 (신촌동),4,3,1,0,13.0,445.0,False,True,False,False,False,4,3,0,1
LOC001115,35.205047704209,128.634819030731,4812357000.0,웅남동,성산구,경상남도 창원시 성산구 신촌동 129-3번지,1,1,0,0,6.0,343.97,False,False,False,False,False,1,1,0,0
LOC001116,35.2050793293023,128.634078715364,4812357000.0,웅남동,성산구,"경상남도 창원시 성산구 반월로68번길 15, 제디동 201, 202, 402호(신촌동)",2,2,0,0,,,False,False,False,False,False,2,2,0,0
LOC001117,35.2051880696208,128.665564174385,4812357000.0,웅남동,성산구,경상남도 창원시 성산구 공단로 424 (성산동),3,1,2,0,63.0,22531.64,True,True,False,False,False,1,1,0,1
LOC001118,35.2052068901079,128.702997064082,4812355000.0,가음정동,성산구,경상남도 창원시 성산구 가음로 90 (가음동),1,0,1,0,,,False,True,False,False,False,1,0,0,1
LOC001119,35.2052860918886,128.65084888873,4812357000.0,웅남동,성산구,경상남도 창원시 성산구 창곡로108번길 15-19 (신촌동),3,1,1,1,18.0,2598.86,True,False,False,False,True,2,1,1,1
LOC001120,35.2052949358012,128.65542795231,4812357000.0,웅남동,성산구,경상남도 창원시 성산구 연덕로 14 (웅남동),4,1,2,1,8.0,2519.34,True,True,False,False,False,1,1,1,1
LOC001121,35.2053655413225,128.653499601002,4812357000.0,웅남동,성산구,"경상남도 창원시 성산구 창곡로 148 (신촌동, (주)네오프리텍)",2,2,0,0,12.0,1132.62,False,False,False,False,False,2,2,0,0
LOC001122,35.2053706473612,128.634783230554,4812357000.0,웅남동,성산구,"경상남도 창원시 성산구 반월로68번길 9, 비동 202호(신촌동)",5,5,0,0,14.0,1461.3899999999999,False,False,False,False,False,5,5,0,0
LOC001123,35.2053776670848,128.658963195247,4812357000.0,웅남동,성산구,경상남도 창원시 성산구 완암로 9-40 (웅남동),2,1,0,1,77.0,4698.0,False,False,False,False,False,1,1,1,0
LOC001124,35.2054141387041,128.647886910155,4812357000.0,웅남동,성산구,경상남도 창원시 성산구 창곡로108번길 28 (창곡동),2,0,0,2,,,False,False,False,False,False,2,0,2,0
LOC001125,35.2054146390906,128.571728934052,4812563000.0,오동동,마산합포구,경상남도 창원시 마산합포구 몽고정길 73 (부림동) 2층,1,1,0,0,,,False,False,False,False,False,1,1,0,0
LOC001126,35.2054310028332,128.659819095214,4812357000.0,웅남동,성산구,"경상남도 창원시 성산구 완암로 9-26 (웅남동, 신성델타테크(주))",2,1,1,0,74.0,6671.23,True,False,False,False,False,1,1,0,1
LOC001127,35.2054473990281,128.650902663581,4812357000.0,웅남동,성산구,경상남도 창원시 성산구 신촌동 507-3,1,0,1,0,,,False,True,False,False,False,1,0,0,1
LOC001128,35.2054592982543,128.687496181789,4812355000.0,가음정동,성산구,경상남도 창원시 성산구 성산패총로 170 (가음정동),7,5,0,2,2365.0,203627.3,False,False,False,False,True,7,5,2,0
LOC001129,35.2054803761114,128.652330001955,4812357000.0,웅남동,성산구,경상남도 창원시 성산구 상복산단1로 10(신촌동),1,1,0,0,,,False,False,False,False,False,1,1,0,0
LOC001130,35.2054989784439,128.633167740527,4812357000.0,웅남동,성산구,"경상남도 창원시 성산구 반월로60번길 21 (신촌동, (주)대경정공)",1,1,0,0,24.0,1338.48,False,False,False,False,False,1,1,0,0
LOC001131,35.2055031244706,128.63513714727,4812357000.0,웅남동,성산구,"경상남도 창원시 성산구 반월로68번길 5, A동 102호 (신촌동)",2,2,0,0,14.0,975.6,False,False,False,False,False,2,2,0,0
LOC001132,35.2055497716409,128.636720349809,4812357000.0,웅남동,성산구,"경상남도 창원시 성산구 반월로 71-22, 스피어 (신촌동)",2,2,0,0,8.0,1210.98,False,False,False,False,False,2,2,0,0
LOC001133,35.2055622755939,128.653156722048,4812357000.0,웅남동,성산구,"경상남도 창원시 성산구 창곡로 142 (신촌동, 세인테크)",2,2,0,0,14.0,1590.16,False,False,False,False,False,2,2,0,0
LOC001134,35.2055926976475,128.635377985504,4812357000.0,웅남동,성산구,"경상남도 창원시 성산구 반월로68번길 3, A동 102호 (신촌동, (주)동성 공장건축물)",12,12,0,0,42.0,4128.76,False,False,False,False,False,12,12,0,0
LOC001135,35.2056113162933,128.649356768189,4812357000.0,웅남동,성산구,경상남도 창원시 성산구 창곡로108번길 15-20 (신촌동),2,1,0,1,36.0,413.0,False,False,False,False,False,1,1,1,0
LOC001136,35.2056242980085,128.663752770307,4812357000.0,웅남동,성산구,"경상남도 창원시 성산구 완암로 50, 메카동 6층 619호 (성산동, SK테크노파크)",723,719,2,2,2405.0,85298.38,False,True,False,False,True,720,718,2,2
LOC001137,35.2056701972488,128.635771977703,4812357000.0,웅남동,성산구,경상남도 창원시 성산구 반월로 71-3 (신촌동),2,2,0,0,12.0,1286.46,False,False,False,False,False,2,2,0,0
LOC001138,35.2056705532223,128.657845757456,4812357000.0,웅남동,성산구,"경상남도 창원시 성산구 완암로 9-46 (웅남동, (주)세일사)",2,2,0,0,44.0,3504.0,False,False,False,False,False,2,2,0,0
LOC001139,35.2057361558965,128.675271963787,4812357000.0,웅남동,성산구,경상남도 창원시 성산구 성산패총로 107 (성산동),3,2,0,1,,,False,False,False,False,True,2,2,1,0
LOC001140,35.2057567371551,128.635957085784,4812357000.0,웅남동,성산구,경상남도 창원시 성산구 반월로 71-7 (신촌동),1,1,0,0,3.0,472.88,False,False,False,False,False,1,1,0,0
LOC001141,35.205760360494,128.582912843693,4812563000.0,오동동,마산합포구,경상남도 창원시 마산합포구 해안대로 405 (오동동),1,0,1,0,,,False,True,False,False,False,1,0,0,1
LOC001142,35.2057638648377,128.652629799552,4812357000.0,웅남동,성산구,"경상남도 창원시 성산구 창곡로 138 (신촌동, 대효산업)",2,2,0,0,14.0,1040.0,False,False,False,False,False,2,2,0,0
LOC001143,35.2057740810915,128.633544935776,4812357000.0,웅남동,성산구,경상남도 창원시 성산구 반월로60번길 15 (신촌동),2,2,0,0,10.0,1282.0,False,False,False,False,False,2,2,0,0
LOC001144,35.205800901666,128.634061770474,4812357000.0,웅남동,성산구,경상남도 창원시 성산구 반월로60번길 11 (신촌동),1,1,0,0,16.0,939.93,False,False,False,False,False,1,1,0,0
LOC001145,35.2058042386308,128.637169832873,4812357000.0,웅남동,성산구,경상남도 창원시 성산구 반월로 71-30(신촌동),3,3,0,0,4.0,413.57,False,False,False,False,False,3,3,0,0
LOC001146,35.2058274542292,128.652262807374,4812357000.0,웅남동,성산구,경상남도 창원시 성산구 창곡로 134 (신촌동),1,1,0,0,28.0,812.0,False,False,False,False,False,1,1,0,0
LOC001147,35.2058356464432,128.636166637209,4812357000.0,웅남동,성산구,"경상남도 창원시 성산구 반월로 71-13, 삼정금형 (신촌동)",1,1,0,0,6.0,420.75,False,False,False,False,False,1,1,0,0
LOC001148,35.2059302689464,128.63650047297,4812357000.0,웅남동,성산구,경상남도 창원시 성산구 반월로 71-19 (신촌동),3,3,0,0,12.0,785.4,False,False,False,False,False,3,3,0,0
LOC001149,35.2060332034865,128.643218699956,4812357000.0,웅남동,성산구,"경상남도 창원시 성산구 월림로67번길 40-2(신촌동, (주)제이에스케이)",1,1,0,0,,,False,False,False,False,False,1,1,0,0
LOC001150,35.2060585335992,128.634417757175,4812357000.0,웅남동,성산구,경상남도 창원시 성산구 반월로60번길 9 (신촌동),3,2,0,1,10.0,1142.05,False,False,False,False,False,3,2,1,0
LOC001151,35.2060898116282,128.637031832564,4812357000.0,웅남동,성산구,"경상남도 창원시 성산구 반월로 71-29, (신촌동) (신촌동, 고물상)",1,1,0,0,3.0,415.31,False,False,False,False,False,1,1,0,0
LOC001152,35.2060924423908,128.673275700141,4812357000.0,웅남동,성산구,경상남도 창원시 성산구 공단로473번길 33 (성산동),1,0,0,1,,,False,False,False,False,False,1,0,1,0
LOC001153,35.2060942348484,128.647739022036,4812357000.0,웅남동,성산구,경상남도 창원시 성산구 창곡로108번길 20 (신촌동),1,0,0,1,,,False,False,False,False,True,1,0,1,0
LOC001154,35.2060960201421,128.651879762929,4812357000.0,웅남동,성산구,경상남도 창원시 성산구 창곡로 132 (신촌동),1,1,0,0,20.0,827.98,False,False,False,False,False,1,1,0,0
LOC001155,35.206106669759,128.633782736032,4812357000.0,웅남동,성산구,경상남도 창원시 성산구 반월로60번길 18 (신촌동),1,1,0,0,5.0,1895.1,False,False,False,False,False,1,1,0,0
LOC001156,35.2061241990671,128.649727518235,4812357000.0,웅남동,성산구,경상남도 창원시 성산구 창곡로108번길 13 (창곡동) 창곡일반산업단지 1단지,1,1,0,0,,,False,False,False,False,False,1,1,0,0
LOC001157,35.2061253660864,128.634961200083,4812357000.0,웅남동,성산구,"경상남도 창원시 성산구 반월로60번길 3 (신촌동, 덕일기공)",1,1,0,0,15.0,1362.94,False,False,False,False,False,1,1,0,0
LOC001158,35.2061571103515,128.636073604479,4812357000.0,웅남동,성산구,"경상남도 창원시 성산구 반월로 65 (신촌동, 삼진기공)",4,4,0,0,20.0,866.96,False,False,False,False,False,4,4,0,0
LOC001159,35.2062246530436,128.634195768136,4812357000.0,웅남동,성산구,경상남도 창원시 성산구 반월로60번길 12 (신촌동),1,1,0,0,20.0,1340.0,False,False,False,False,False,1,1,0,0
LOC001160,35.2062281669867,128.637357105276,4812357000.0,웅남동,성산구,"경상남도 창원시 성산구 반월로 71-37, 외 1필지 (신촌동)",2,1,0,1,3.0,861.08,False,False,False,False,False,1,1,1,0
LOC001161,35.2062328458124,128.70604290513,4812355000.0,가음정동,성산구,경상남도 창원시 성산구 창이대로 888 (남양동 성산스포츠센터),1,0,1,0,,,True,False,False,False,False,1,0,0,1
LOC001162,35.2062362862198,128.581755839536,4812563000.0,오동동,마산합포구,"경상남도 창원시 마산합포구 오동동10길 56, 112호 (오동동, 가고파상가오피스텔)",2,0,0,2,,,False,False,False,False,True,2,0,2,0
LOC001163,35.2062694607797,128.651400906949,4812357000.0,웅남동,성산구,"경상남도 창원시 성산구 창곡로 128 (신촌동, 동신정밀)",3,2,1,0,54.0,2384.58,False,True,False,False,False,2,2,0,1
LOC001164,35.2062857994293,128.579406305255,4812563000.0,오동동,마산합포구,경상남도 창원시 마산합포구 합포로 79 (오동동),1,1,0,0,,,False,False,False,False,False,1,1,0,0
LOC001165,35.2063079507365,128.509697444199,4812725000.0,내서읍,마산회원구,경상남도 창원시 마산회원구 내서읍 광려로 248,3,1,1,1,,,False,False,True,False,False,3,1,1,1
LOC001166,35.2063277626591,128.645405349121,4812357000.0,웅남동,성산구,경상남도 창원시 성산구 월림로67번길 52 (신촌동),3,2,1,0,8.0,66.114,True,False,False,False,False,3,2,0,1
LOC001167,35.2063442499154,128.583768910747,4812563000.0,오동동,마산합포구,경상남도 창원시 마산합포구 해안대로 415 (오동동),1,0,1,0,,,False,True,False,False,False,1,0,0,1
LOC001168,35.2063658071846,128.636469025068,4812357000.0,웅남동,성산구,"경상남도 창원시 성산구 반월로 61-16 (신촌동, (주)현우정공) (총 2 필지)",4,4,0,0,6.0,1059.4,False,False,False,False,False,4,4,0,0
LOC001169,35.2063749604789,128.637751395965,4812357000.0,웅남동,성산구,"경상남도 창원시 성산구 반월로 71-41 (신촌동, 청사정공)",1,1,0,0,3.0,372.9,False,False,False,False,False,1,1,0,0
LOC001170,35.2063809282534,128.602600466001,4812357000.0,웅남동,성산구,경상남도 창원시 성산구 적현로 222 (신촌동),5,2,2,1,140.0,33766.14,True,True,False,False,False,4,2,1,1
LOC001171,35.2063879161774,128.636146863023,4812357000.0,웅남동,성산구,경상남도 창원시 성산구 반월로 61-10(신촌동),2,2,0,0,4.0,873.98,False,False,False,False,False,2,2,0,0
LOC001172,35.2064282264709,128.63667165932,4812357000.0,웅남동,성산구,"경상남도 창원시 성산구 반월로 61-20(신촌동, 효성산기)",1,1,0,0,,,False,False,False,False,False,1,1,0,0
LOC001173,35.2064287254196,128.633244996637,4812357000.0,웅남동,성산구,"경상남도 창원시 성산구 반월로60번길 34-6 (신촌동, 한국씨스코)",4,4,0,0,40.0,1500.0,False,False,False,False,False,4,4,0,0
LOC001174,35.2064833099249,128.634355666508,4812357000.0,웅남동,성산구,"경상남도 창원시 성산구 반월로60번길 10 (신촌동, 현성정밀)",1,1,0,0,18.0,1389.25,False,False,False,False,False,1,1,0,0
LOC001175,35.2064845642858,128.636877465942,4812357000.0,웅남동,성산구,경상남도 창원시 성산구 반월로 61-24 (신촌동),1,1,0,0,9.0,512.0,False,False,False,False,False,1,1,0,0
LOC001176,35.2065270281399,128.646299884748,4812357000.0,웅남동,성산구,경상남도 창원시 성산구 월림로67번길 55 (양곡동),2,2,0,0,10.0,984.96,False,False,False,False,False,2,2,0,0
LOC001177,35.2065421171924,128.580669424121,4812563000.0,오동동,마산합포구,"경상남도 창원시 마산합포구 오동동5길 41, 2층 (오동동)",1,1,0,0,,,False,False,False,False,False,1,1,0,0
LOC001178,35.2065449514787,128.653633320217,4812357000.0,웅남동,성산구,경상남도 창원시 성산구 연덕로9번길 11 (웅남동),2,2,0,0,6.0,1435.74,False,False,False,False,False,2,2,0,0
LOC001179,35.2065484808582,128.63707595827,4812357000.0,웅남동,성산구,경상남도 창원시 성산구 반월로 61-28 (신촌동),1,1,0,0,6.0,512.0,False,False,False,False,False,1,1,0,0
LOC001180,35.2065923024352,128.651544590805,4812357000.0,웅남동,성산구,"경상남도 창원시 성산구 창곡로 124 (신촌동, 현일산업)",1,1,0,0,23.0,1496.02,False,False,False,False,False,1,1,0,0
LOC001181,35.2065953405504,128.654015144026,4812357000.0,웅남동,성산구,경상남도 창원시 성산구 연덕로9번길 9 (웅남동),2,1,1,0,,,False,True,False,False,False,2,1,0,1
LOC001182,35.206607418943,128.637282696112,4812357000.0,웅남동,성산구,"경상남도 창원시 성산구 반월로 61-34 (신촌동, 효령정공)",1,1,0,0,8.0,634.05,False,False,False,False,False,1,1,0,0
LOC001183,35.2066217558594,128.573865525992,4812563000.0,오동동,마산합포구,"경상남도 창원시 마산합포구 동서북12길 1-1, 1층(창동)",1,1,0,0,,,False,False,False,False,False,1,1,0,0
LOC001184,35.2066436293548,128.634930304451,4812357000.0,웅남동,성산구,"경상남도 창원시 성산구 반월로60번길 6 (신촌동, 유창공업(주))",3,1,1,1,25.0,1062.34,False,True,False,False,True,2,1,1,1
LOC001185,35.2066527797393,128.573725243624,4812563000.0,오동동,마산합포구,경상남도 창원시 마산합포구 3·15대로 360 (창동),1,1,0,0,,,False,False,False,False,False,1,1,0,0
LOC001186,35.2066536257263,128.635617993444,4812357000.0,웅남동,성산구,"경상남도 창원시 성산구 반월로 59 (신촌동, 정일기업)",2,1,0,1,17.0,986.0,False,False,False,False,True,1,1,1,0
LOC001187,35.2066635462811,128.637483997366,4812357000.0,웅남동,성산구,경상남도 창원시 성산구 반월로 61-38 (신촌동),1,1,0,0,13.0,465.24,False,False,False,False,False,1,1,0,0
LOC001188,35.2066635269096,128.643716189681,4812357000.0,웅남동,성산구,경상남도 창원시 성산구 월림로67번길 38 (신촌동 (주)석지),2,0,1,1,,,True,False,False,False,True,2,0,1,1
LOC001189,35.2066899245217,128.633764225308,4812357000.0,웅남동,성산구,경상남도 창원시 성산구 반월로60번길 34-16 (신촌동),3,3,0,0,9.0,1188.0,False,False,False,False,False,3,3,0,0
LOC001190,35.2067075868868,128.642229551577,4812357000.0,웅남동,성산구,"경상남도 창원시 성산구 월림로 71-34(신촌동, 하이테크)",2,2,0,0,5.0,401.02,False,False,False,False,False,2,2,0,0
LOC001191,35.2067113879162,128.642434304389,4812357000.0,웅남동,성산구,경상남도 창원시 성산구 월림로 71-36 (신촌동),2,1,1,0,7.0,322.0,True,False,False,False,False,1,1,0,1
LOC001192,35.2067131520105,128.643068023747,4812357000.0,웅남동,성산구,"경상남도 창원시 성산구 월림로 71-40, A동 (신촌동)",2,2,0,0,1.0,416.88,False,False,False,False,False,2,2,0,0
LOC001193,35.2067230898015,128.642787343138,4812357000.0,웅남동,성산구,경상남도 창원시 성산구 월림로 71-38 (신촌동),1,1,0,0,3.0,421.52,False,False,False,False,False,1,1,0,0
LOC001194,35.2067232880605,128.638896520111,4812357000.0,웅남동,성산구,경상남도 창원시 성산구 반월로67번길 30 (신촌동),4,4,0,0,3.0,515.7,False,False,False,False,False,4,4,0,0
LOC001195,35.206724859376,128.63768166967,4812357000.0,웅남동,성산구,"경상남도 창원시 성산구 반월로 61-42 (신촌동, 광림정밀)",2,1,1,0,10.0,568.8,False,True,False,False,False,1,1,0,1
LOC001196,35.2067353807772,128.653356191729,4812357000.0,웅남동,성산구,경상남도 창원시 성산구 연덕로9번길 15 (웅남동),5,4,1,0,13.0,2908.96,False,True,False,False,False,4,4,0,1
LOC001197,35.2067482428324,128.640041738412,4812357000.0,웅남동,성산구,경상남도 창원시 성산구 월림로 76 (신촌동),3,2,1,0,5.0,833.28,False,True,False,False,False,3,2,0,1
LOC001198,35.2067585882061,128.635987067238,4812357000.0,웅남동,성산구,경상남도 창원시 성산구 반월로 61-11 (신촌동),7,5,2,0,26.0,1056.0,False,True,False,False,False,6,5,0,2
LOC001199,35.2067623082614,128.641430944239,4812357000.0,웅남동,성산구,경상남도 창원시 성산구 월림로 71-22 (신촌동),1,1,0,0,5.0,460.17,False,False,False,False,False,1,1,0,0
LOC001200,35.2067823906267,128.654743759128,4812357000.0,웅남동,성산구,경상남도 창원시 성산구 연덕로9번길 2 (웅남동),3,3,0,0,12.0,1547.0,False,False,False,False,False,3,3,0,0
LOC001201,35.2067857406929,128.679121085297,4812352000.0,중앙동,성산구,경상남도 창원시 성산구 성산패총로 129 (외동),4,1,2,1,80.0,4188.0,True,True,False,False,True,1,1,1,1
LOC001202,35.2067923047671,128.637879026219,4812357000.0,웅남동,성산구,경상남도 창원시 성산구 반월로 61-44 (신촌동),3,3,0,0,21.0,606.0,False,False,False,False,False,3,3,0,0
LOC001203,35.2068028253331,128.563920678082,4812558000.0,자산동,마산합포구,경상남도 창원시 마산합포구 자산삼거리로 95 (자산동),1,0,1,0,,,False,True,False,False,False,1,0,0,1
LOC001204,35.2068087400827,128.640837943552,4812357000.0,웅남동,성산구,"경상남도 창원시 성산구 월림로 71-10(신촌동, 금강자원)",1,1,0,0,,,False,False,False,False,False,1,1,0,0
LOC001205,35.2068093235538,128.639524467479,4812357000.0,웅남동,성산구,경상남도 창원시 성산구 월림로 74 (신촌동),1,1,0,0,8.0,963.07,False,False,False,False,False,1,1,0,0
LOC001206,35.2068120680043,128.650867263592,4812357000.0,웅남동,성산구,경상남도 창원시 성산구 창곡로 120(신촌동),2,2,0,0,33.0,1304.28,False,False,False,False,False,2,2,0,0
LOC001207,35.2068370972096,128.636266229737,4812357000.0,웅남동,성산구,경상남도 창원시 성산구 반월로 61-15 (신촌동),1,1,0,0,,,False,False,False,False,False,1,1,0,0
LOC001208,35.2068438248459,128.642038928606,4812357000.0,웅남동,성산구,경상남도 창원시 성산구 월림로 71-26 (신촌동),2,0,1,1,,,True,False,False,False,False,1,0,1,1
LOC001209,35.2068585142197,128.638067793461,4812357000.0,웅남동,성산구,"경상남도 창원시 성산구 반월로 61-46 (신촌동, 동명공업2공장)",1,1,0,0,5.0,537.6,False,False,False,False,False,1,1,0,0
LOC001210,35.2068672866743,128.641212678567,4812357000.0,웅남동,성산구,경상남도 창원시 성산구 월림로 71-16 (신촌동),1,0,1,0,,,True,False,False,False,False,1,0,0,1
LOC001211,35.2068950549205,128.636465591138,4812357000.0,웅남동,성산구,경상남도 창원시 성산구 반월로 61-19 (신촌동),2,2,0,0,12.0,568.8,False,False,False,False,False,2,2,0,0
LOC001212,35.2069050829811,128.634676186452,4812357000.0,웅남동,성산구,경상남도 창원시 성산구 반월로60번길 6-12 (신촌동),1,1,0,0,8.0,617.7,False,False,False,False,False,1,1,0,0
LOC001213,35.2069509994004,128.636660520198,4812357000.0,웅남동,성산구,경상남도 창원시 성산구 반월로 61-23 (신촌동),3,2,1,0,9.0,491.2,False,True,False,False,False,2,2,0,1
LOC001214,35.2069808221005,128.637267573574,4812357000.0,웅남동,성산구,"경상남도 창원시 성산구 반월로 61-35 (신촌동, (주)대한기계)",2,2,0,0,18.0,1025.28,False,False,False,False,False,2,2,0,0
LOC001215,35.2069863393469,128.654407392491,4812357000.0,웅남동,성산구,경상남도 창원시 성산구 연덕로9번길 10 (웅남동),2,1,1,0,31.0,1440.2,False,True,False,False,False,1,1,0,1
LOC001216,35.2069993277256,128.633389399518,4812357000.0,웅남동,성산구,"경상남도 창원시 성산구 반월로60번길 34-15 (신촌동, 하이닥두원)",3,3,0,0,9.0,995.0,False,False,False,False,False,3,3,0,0
LOC001217,35.2070065097566,128.652594261491,4812357000.0,웅남동,성산구,"경상남도 창원시 성산구 연덕로9번길 23 (웅남동, SK테크)",3,3,0,0,7.0,611.5799999999999,False,False,False,False,False,3,3,0,0
LOC001218,35.2070101713565,128.636870008616,4812357000.0,웅남동,성산구,"경상남도 창원시 성산구 반월로 61-27 (신촌동, 성진테크)",1,1,0,0,7.0,516.86,False,False,False,False,False,1,1,0,0
LOC001219,35.2070110075697,128.634180012916,4812357000.0,웅남동,성산구,경상남도 창원시 성산구 반월로60번길 6-15 (신촌동),1,1,0,0,2.0,1217.64,False,False,False,False,False,1,1,0,0
LOC001220,35.2070113302829,128.634990383305,4812357000.0,웅남동,성산구,경상남도 창원시 성산구 반월로 54 (신촌동),1,1,0,0,2.0,465.5,False,False,False,False,False,1,1,0,0
LOC001221,35.207016462297,128.643184050356,4812357000.0,웅남동,성산구,"경상남도 창원시 성산구 월림로 71-42, A동 (신촌동)",1,1,0,0,2.0,273.55,False,False,False,False,False,1,1,0,0
LOC001222,35.2070486477101,128.642937527188,4812357000.0,웅남동,성산구,"경상남도 창원시 성산구 월림로 71-44, 강성공업(주) (신촌동)",2,2,0,0,7.0,486.66999999999996,False,False,False,False,False,2,2,0,0
LOC001223,35.2070726666501,128.637073634559,4812357000.0,웅남동,성산구,"경상남도 창원시 성산구 반월로 61-31 (신촌동, 세준정공)",2,2,0,0,6.0,573.6,False,False,False,False,False,2,2,0,0
LOC001224,35.2070829818323,128.642625603108,4812357000.0,웅남동,성산구,경상남도 창원시 성산구 월림로 71-46(신촌동),1,1,0,0,,,False,False,False,False,False,1,1,0,0
LOC001225,35.20709115848,128.628171740178,4812357000.0,웅남동,성산구,경상남도 창원시 성산구 봉양로 415 양곡교회 (신촌동),1,0,1,0,,,True,False,False,False,False,1,0,0,1
LOC001226,35.2071053649408,128.634760798687,4812357000.0,웅남동,성산구,경상남도 창원시 성산구 반월로 52 (신촌동),1,1,0,0,6.0,496.0,False,False,False,False,False,1,1,0,0
LOC001227,35.2071113462304,128.650743093538,4812357000.0,웅남동,성산구,"경상남도 창원시 성산구 창곡로 116(신촌동, (주)성안기전)",2,2,0,0,101.0,2603.46,False,False,False,False,False,2,2,0,0
LOC001228,35.2071221960722,128.64204025174,4812357000.0,웅남동,성산구,경상남도 창원시 성산구 월림로 71-29 (신촌동),2,2,0,0,4.0,132.0,False,False,False,False,False,2,2,0,0
LOC001229,35.2071375420604,128.653848477107,4812357000.0,웅남동,성산구,"경상남도 창원시 성산구 연덕로9번길 14 (웅남동, 맥산정밀)",2,2,0,0,24.0,1664.0,False,False,False,False,False,2,2,0,0
LOC001230,35.2071528256613,128.641722213069,4812357000.0,웅남동,성산구,경상남도 창원시 성산구 월림로 71-21 (신촌동),2,1,1,0,8.0,923.01,False,True,False,False,False,2,1,0,1
LOC001231,35.2071827061989,128.630790787785,4812357000.0,웅남동,성산구,경상남도 창원시 성산구 공단로 52 (양곡동),5,3,1,1,352.0,70927.75,False,True,False,False,True,3,2,1,1
LOC001232,35.207183680456,128.652641225223,4812357000.0,웅남동,성산구,경상남도 창원시 성산구 웅남동 60-9,1,0,1,0,,,False,True,False,False,False,1,0,0,1
LOC001233,35.2071845028797,128.638779183968,4812357000.0,웅남동,성산구,경상남도 창원시 성산구 월림로 62 (신촌동),5,3,1,1,162.0,9237.78,False,True,False,False,True,2,2,1,1
LOC001234,35.207189663158,128.637472161998,4812357000.0,웅남동,성산구,"경상남도 창원시 성산구 반월로 61-39 (신촌동, 용성건드릴BTA)",2,2,0,0,2.0,540.0,False,False,False,False,False,2,2,0,0
LOC001235,35.2072010567676,128.641255851747,4812357000.0,웅남동,성산구,"경상남도 창원시 성산구 월림로 71-13 (신촌동, (주)에스엠티)",1,1,0,0,5.0,352.94,False,False,False,False,False,1,1,0,0
LOC001236,35.2072435225027,128.640702737203,4812357000.0,웅남동,성산구,경상남도 창원시 성산구 월림로 71-7 (신촌동),5,4,1,0,16.0,700.0,False,True,False,False,False,4,4,0,1
LOC001237,35.2072545014535,128.637675726086,4812357000.0,웅남동,성산구,경상남도 창원시 성산구 반월로 61-43 (신촌동),3,2,1,0,10.0,552.6,False,True,False,False,False,3,2,0,1
LOC001238,35.2072546677773,128.65303939084,4812357000.0,웅남동,성산구,경상남도 창원시 성산구 연덕로9번길 19 (웅남동),4,4,0,0,8.0,792.0,False,False,False,False,False,4,4,0,0
LOC001239,35.2072629746441,128.627002334239,4812357000.0,웅남동,성산구,경상남도 창원시 성산구 신촌동 15-9,1,0,1,0,,,False,True,False,False,False,1,0,0,1
LOC001240,35.2072764592108,128.652241986334,4812357000.0,웅남동,성산구,"경상남도 창원시 성산구 연덕로9번길 25 (웅남동, 인텍)",3,3,0,0,53.0,932.49,False,False,False,False,False,3,3,0,0
LOC001241,35.2072904014972,128.637879917099,4812357000.0,웅남동,성산구,경상남도 창원시 성산구 반월로 61-45 (신촌동),2,1,1,0,4.0,574.8,True,False,False,False,False,1,1,0,1
LOC001242,35.207300458561,128.644264440899,4812357000.0,웅남동,성산구,경상남도 창원시 성산구 월림로67번길 35 (신촌동),1,1,0,0,7.0,702.65,False,False,False,False,False,1,1,0,0
LOC001243,35.2073716679663,128.678403166659,4812352000.0,중앙동,성산구,경상남도 창원시 성산구 남면로 627 (외동),2,2,0,0,208.0,26424.7,False,False,False,False,False,2,2,0,0
LOC001244,35.2073796368233,128.643836038248,4812357000.0,웅남동,성산구,경상남도 창원시 성산구 월림로67번길 33 (신촌동),3,3,0,0,13.0,623.79,False,False,False,False,False,3,3,0,0
LOC001245,35.2073808724893,128.64288865919,4812357000.0,웅남동,성산구,경상남도 창원시 성산구 월림로67번길 23 (신촌동),1,1,0,0,3.0,264.0,False,False,False,False,False,1,1,0,0
LOC001246,35.2074019262134,128.643588326552,4812357000.0,웅남동,성산구,경상남도 창원시 성산구 월림로67번길 31 (신촌동),1,1,0,0,5.0,479.9,False,False,False,False,False,1,1,0,0
LOC001247,35.2074316382275,128.643331540613,4812357000.0,웅남동,성산구,"경상남도 창원시 성산구 월림로67번길 27 (신촌동, 부경탑테크)",3,2,1,0,7.0,536.55,False,True,False,False,False,2,2,0,1
LOC001248,35.207433442592,128.65370788808,4812357000.0,웅남동,성산구,"경상남도 창원시 성산구 연덕로9번길 18(웅남동, (주)미래하이테크)",2,2,0,0,21.0,1204.7,False,False,False,False,False,2,2,0,0
LOC001249,35.2074357937106,128.583130720218,4812563000.0,오동동,마산합포구,"경상남도 창원시 마산합포구 오동동15길 34 (오동동, 주택)",2,1,1,0,,,False,True,False,False,False,1,1,0,1
LOC001250,35.2075024489387,128.644295745806,4812357000.0,웅남동,성산구,경상남도 창원시 성산구 월림로65번길 48 (신촌동),1,1,0,0,7.0,674.86,False,False,False,False,False,1,1,0,0
LOC001251,35.2075033694126,128.642568407616,4812357000.0,웅남동,성산구,"경상남도 창원시 성산구 월림로67번길 21 (신촌동, 케이피엔지니어링)",3,3,0,0,16.0,583.4,False,False,False,False,False,3,3,0,0
LOC001252,35.2075053331628,128.643081131027,4812357000.0,웅남동,성산구,경상남도 창원시 성산구 월림로67번길 25 (신촌동),2,2,0,0,10.0,660.48,False,False,False,False,False,2,2,0,0
LOC001253,35.2075288714923,128.642296273122,4812357000.0,웅남동,성산구,경상남도 창원시 성산구 월림로67번길 19 (신촌동),2,2,0,0,6.0,246.84,False,False,False,False,False,2,2,0,0
LOC001254,35.207550525578,128.642048657502,4812357000.0,웅남동,성산구,경상남도 창원시 성산구 월림로67번길 17 (신촌동),2,2,0,0,2.0,132.0,False,False,False,False,False,2,2,0,0
LOC001255,35.2075518041595,128.662961528193,4812357000.0,웅남동,성산구,"경상남도 창원시 성산구 완암로 57 (웅남동, (주)디에스케이서비스 공장신축공사)",1,1,0,0,13.0,2958.64,False,False,False,False,False,1,1,0,0
LOC001256,35.2075522338646,128.655197396757,4812357000.0,웅남동,성산구,"경상남도 창원시 성산구 연덕로15번길 10 (웅남동, 경남스틸 웅남동 공장)",1,1,0,0,42.0,8971.09,False,False,False,False,False,1,1,0,0
LOC001257,35.2075538656357,128.640732260452,4812357000.0,웅남동,성산구,"경상남도 창원시 성산구 월림로67번길 5 (신촌동, 신촌동공장)",4,4,0,0,10.0,474.75,False,False,False,False,False,4,4,0,0
LOC001258,35.2075627350512,128.633499291112,4812357000.0,웅남동,성산구,경상남도 창원시 성산구 반월로60번길 34-21(신촌동),2,2,0,0,3.0,290.4,False,False,False,False,False,2,2,0,0
LOC001259,35.2075760824731,128.641818908899,4812357000.0,웅남동,성산구,경상남도 창원시 성산구 월림로67번길 13 (신촌동),1,1,0,0,7.0,326.45,False,False,False,False,False,1,1,0,0
LOC001260,35.2075780581945,128.641394109098,4812357000.0,웅남동,성산구,"경상남도 창원시 성산구 월림로67번길 11 (신촌동, 신천기업)",1,1,0,0,15.0,449.28,False,False,False,False,False,1,1,0,0
LOC001261,35.2076060160873,128.653497595955,4812357000.0,웅남동,성산구,경상남도 창원시 성산구 연덕로9번길 20 (웅남동) 외 1필지,2,2,0,0,10.0,376.25,False,False,False,False,False,2,2,0,0
LOC001262,35.2076073014223,128.654228050562,4812357000.0,웅남동,성산구,"경상남도 창원시 성산구 연덕로15번길 16, 2동 404호 (웅남동)",7,7,0,0,21.0,917.48,False,False,False,False,False,7,7,0,0
LOC001263,35.2076210852352,128.641138687753,4812357000.0,웅남동,성산구,"경상남도 창원시 성산구 월림로67번길 7 (신촌동, (주)우창기계)",1,1,0,0,15.0,489.4,False,False,False,False,False,1,1,0,0
LOC001264,35.2076271250116,128.634217286422,4812357000.0,웅남동,성산구,경상남도 창원시 성산구 반월로 46 (양곡동),3,1,1,1,41.0,3506.72,False,True,False,False,False,1,1,1,1
LOC001265,35.2076451997879,128.652891932436,4812357000.0,웅남동,성산구,"경상남도 창원시 성산구 연덕로9번길 24 (웅남동, 동양 공장)",1,1,0,0,,,False,False,False,False,False,1,1,0,0
LOC001266,35.2076516605253,128.640585111452,4812357000.0,웅남동,성산구,"경상남도 창원시 성산구 월림로65번길 2 (신촌동, 화천기전)",1,1,0,0,5.0,590.0,False,False,False,False,False,1,1,0,0
LOC001267,35.2076640900222,128.628069749951,4812357000.0,웅남동,성산구,"경상남도 창원시 성산구 봉양로 411 (신촌동, 양곡교회)",1,1,0,0,10.0,490.0,False,False,False,False,False,1,1,0,0
LOC001268,35.2076982855063,128.653228246209,4812357000.0,웅남동,성산구,경상남도 창원시 성산구 연덕로9번길 22 (웅남동),3,2,0,1,9.0,932.23,False,False,False,False,False,2,2,1,0
LOC001269,35.2077191976442,128.64385089945,4812357000.0,웅남동,성산구,경상남도 창원시 성산구 월림로65번길 6-61 (신촌동),3,1,2,0,4.0,399.8,True,True,False,False,False,2,1,0,1
LOC001270,35.2077407565681,128.676846253828,4812352000.0,중앙동,성산구,경상남도 창원시 성산구 남면로 613 (외동),5,1,3,1,125.0,6602.43,True,True,False,False,True,3,1,1,2
LOC001271,35.2077520495794,128.643309777742,4812357000.0,웅남동,성산구,"경상남도 창원시 성산구 월림로65번길 6-49 (신촌동, 범한정밀)",1,1,0,0,11.0,466.9,False,False,False,False,False,1,1,0,0
LOC001272,35.2077666561292,128.652497994445,4812357000.0,웅남동,성산구,"경상남도 창원시 성산구 연덕로9번길 26 (웅남동, 한림테크 공장)",1,1,0,0,11.0,1472.39,False,False,False,False,False,1,1,0,0
LOC001273,35.2077744397977,128.643612196226,4812357000.0,웅남동,성산구,"경상남도 창원시 성산구 월림로65번길 6-55 (신촌동, 동우정밀)",2,2,0,0,2.0,382.04,False,False,False,False,False,2,2,0,0
LOC001274,35.207782128973,128.653872641197,4812357000.0,웅남동,성산구,경상남도 창원시 성산구 연덕로15번길 18 (웅남동),1,1,0,0,19.0,1083.25,False,False,False,False,False,1,1,0,0
LOC001275,35.2077887405696,128.633721345233,4812357000.0,웅남동,성산구,"경상남도 창원시 성산구 반월로 42 (양곡동, 디엠테크(주))",2,1,0,1,62.0,2268.39,False,False,False,False,True,1,1,1,0
LOC001276,35.2077891123068,128.681092004352,4812352000.0,중앙동,성산구,경상남도 창원시 성산구 성산패총로 145 (외동),4,1,2,1,92.0,9290.36,True,True,False,False,False,3,1,1,1
LOC001277,35.2077969116599,128.642946015096,4812357000.0,웅남동,성산구,"경상남도 창원시 성산구 월림로65번길 6-43 (신촌동, 선우정밀)",1,1,0,0,5.0,330.0,False,False,False,False,False,1,1,0,0
LOC001278,35.2078140330304,128.654452954845,4812357000.0,웅남동,성산구,"경상남도 창원시 성산구 연덕로15번길 14, 112호, 122호(웅남동, 아이케이)",1,1,0,0,,,False,False,False,False,False,1,1,0,0
LOC001279,35.207835525949,128.642624182012,4812357000.0,웅남동,성산구,"경상남도 창원시 성산구 월림로65번길 6-37(신촌동, 창성정밀)",2,2,0,0,5.0,242.57,False,False,False,False,False,2,2,0,0
LOC001280,35.2078510890903,128.659738236159,4812357000.0,웅남동,성산구,"경상남도 창원시 성산구 완암로 35 (웅남동, 대원강업(주) 창원1공장)",2,1,0,1,308.0,30013.88,False,False,False,False,True,1,1,1,0
LOC001281,35.2078538006318,128.640226377975,4812357000.0,웅남동,성산구,"경상남도 창원시 성산구 월림로65번길 1 (신촌동, 성산금속)",2,1,0,1,10.0,782.5,False,False,False,False,False,1,1,1,0
LOC001282,35.2078685109364,128.642219001959,4812357000.0,웅남동,성산구,"경상남도 창원시 성산구 월림로65번길 6-31 (신촌동, 제령정밀)",1,1,0,0,3.0,494.88,False,False,False,False,False,1,1,0,0
LOC001283,35.2078910150402,128.64186884317,4812357000.0,웅남동,성산구,"경상남도 창원시 성산구 월림로65번길 6-19 (신촌동, 승진정밀)",1,1,0,0,2.0,397.0,False,False,False,False,False,1,1,0,0
LOC001284,35.2079025473551,128.661846902296,4812357000.0,웅남동,성산구,"경상남도 창원시 성산구 공단로 373 (웅남동, 윤성정밀)",4,3,1,0,27.0,2970.0,False,True,False,False,False,3,3,0,1
LOC001285,35.2079221094508,128.6513891363,4812357000.0,웅남동,성산구,경상남도 창원시 성산구 연덕로15번길 39-21 (웅남동),3,2,1,0,7.0,1421.43,False,True,False,False,False,2,2,0,1
LOC001286,35.2079261114105,128.643254099945,4812357000.0,웅남동,성산구,"경상남도 창원시 성산구 월림로65번길 38 (신촌동, 한일공업사)",3,3,0,0,22.0,452.81,False,False,False,False,False,3,3,0,0
LOC001287,35.2079747369385,128.60560141735,4812357000.0,웅남동,성산구,"경상남도 창원시 성산구 적현로 144(신촌동, 동림공업(주), (주)건화기업) 외 4필지",5,4,0,1,66.0,34327.02,False,False,False,False,True,5,4,1,0
LOC001288,35.2079952329661,128.66167332094,4812357000.0,웅남동,성산구,경상남도 창원시 성산구 공단로 369 (웅남동),4,1,2,1,13.0,1375.42,True,True,False,False,False,1,1,1,1
LOC001289,35.2080159991084,128.657292362947,4812357000.0,웅남동,성산구,경상남도 창원시 성산구 연덕로 36 (웅남동),10,7,2,1,88.0,15281.69,True,True,False,False,False,6,6,1,1
LOC001290,35.2080177491499,128.642890180867,4812357000.0,웅남동,성산구,경상남도 창원시 성산구 월림로65번길 34 (신촌동),2,2,0,0,6.0,815.7,False,False,False,False,False,1,1,0,0
LOC001291,35.2080184526738,128.642619192315,4812357000.0,웅남동,성산구,"경상남도 창원시 성산구 월림로65번길 16-26 (신촌동, 우압산업)",2,2,0,0,6.0,559.8,False,False,False,False,False,2,2,0,0
LOC001292,35.2080246219174,128.642244217145,4812357000.0,웅남동,성산구,"경상남도 창원시 성산구 월림로65번길 16-20 (신촌동, 경우양행)",1,1,0,0,6.0,332.45,False,False,False,False,False,1,1,0,0
LOC001293,35.2080520488034,128.641923145783,4812357000.0,웅남동,성산구,"경상남도 창원시 성산구 월림로65번길 16-14 (신촌동, 단일ENG)",3,2,1,0,3.0,297.0,True,False,False,False,False,3,2,0,1
LOC001294,35.2080592183597,128.581907486453,4812563000.0,오동동,마산합포구,경상남도 창원시 마산합포구 합포로 110 (오동동 하나병원),1,0,1,0,,,False,True,False,False,False,1,0,0,1
LOC001295,35.2081042820117,128.650950524856,4812357000.0,웅남동,성산구,경상남도 창원시 성산구 연덕로15번길 39-26 (웅남동),2,2,0,0,6.0,660.0,False,False,False,False,False,2,2,0,0
LOC001296,35.2081045464205,128.656123406064,4812357000.0,웅남동,성산구,"경상남도 창원시 성산구 연덕로27번길 6 (웅남동, 미래기전)",1,1,0,0,18.0,2325.61,False,False,False,False,False,1,1,0,0
LOC001297,35.2081098093797,128.654710522882,4812357000.0,웅남동,성산구,"경상남도 창원시 성산구 연덕로27번길 13, 1동 1층 113호 (웅남동, 아이케이)",11,11,0,0,8.0,729.38,False,False,False,False,False,11,11,0,0
LOC001298,35.2081380256965,128.652638496412,4812357000.0,웅남동,성산구,"경상남도 창원시 성산구 연덕로15번길 33 (웅남동, 세진산업)",1,1,0,0,83.0,5268.25,False,False,False,False,False,1,1,0,0
LOC001299,35.2081463661743,128.65376989298,4812357000.0,웅남동,성산구,경상남도 창원시 성산구 연덕로15번길 22 (웅남동),3,3,0,0,29.0,3647.64,False,False,False,False,False,3,3,0,0
LOC001300,35.2081652789558,128.662895088799,4812357000.0,웅남동,성산구,"경상남도 창원시 성산구 완암로 73 (웅남동, (주)클라크머터리얼행드링아시아)",3,2,0,1,8.0,1622.48,False,False,False,False,True,2,2,1,0
LOC001301,35.2081732078767,128.640611197469,4812357000.0,웅남동,성산구,"경상남도 창원시 성산구 월림로49번길 2-21 (신촌동, 세진바이트)",1,1,0,0,10.0,435.5,False,False,False,False,False,1,1,0,0
LOC001302,35.2081847751165,128.640223153067,4812357000.0,웅남동,성산구,"경상남도 창원시 성산구 월림로49번길 2-20 (신촌동, (주)한울시스템)",1,1,0,0,5.0,162.3,False,False,False,False,False,1,1,0,0
LOC001303,35.2082410618779,128.651665940109,4812357000.0,웅남동,성산구,"경상남도 창원시 성산구 연덕로15번길 39-11 (웅남동, 삼광엔지니어링)",3,3,0,0,55.0,2148.5800000000004,False,False,False,False,False,3,3,0,0
LOC001304,35.2082667595619,128.661214591997,4812357000.0,웅남동,성산구,경상남도 창원시 성산구 공단로 363 (웅남동),2,1,1,0,23.0,1418.25,True,False,False,False,False,1,1,0,1
LOC001305,35.2082715807683,128.651126638284,4812357000.0,웅남동,성산구,"경상남도 창원시 성산구 연덕로15번길 39-12 (웅남동, 동우기어)",2,2,0,0,20.0,594.0,False,False,False,False,False,1,1,0,0
LOC001306,35.2082788192548,128.653475003035,4812357000.0,웅남동,성산구,"경상남도 창원시 성산구 연덕로15번길 26 (웅남동, 일성기계)",1,1,0,0,13.0,1245.25,False,False,False,False,False,1,1,0,0
LOC001307,35.2082889543644,128.659563661952,4812357000.0,웅남동,성산구,경상남도 창원시 성산구 연덕로 42 (웅남동),8,2,4,2,3.0,70.0,True,True,False,False,True,3,2,2,3
LOC001308,35.2082983800517,128.633881992025,4812357000.0,웅남동,성산구,"경상남도 창원시 성산구 반월로 38 (양곡동, 주식회사 율곡)",2,1,1,0,150.0,5202.58,False,True,False,False,False,2,1,0,1
LOC001309,35.2083005394969,128.640784948591,4812357000.0,웅남동,성산구,"경상남도 창원시 성산구 월림로49번길 8-20 (신촌동, 성보정밀)",1,1,0,0,2.0,344.0,False,False,False,False,False,1,1,0,0
LOC001310,35.208308438702,128.654446844789,4812357000.0,웅남동,성산구,경상남도 창원시 성산구 연덕로27번길 15 (웅남동),5,4,0,1,19.0,953.81,False,False,False,False,False,5,4,1,0
LOC001311,35.2083170333007,128.655340956267,4812357000.0,웅남동,성산구,경상남도 창원시 성산구 연덕로27번길 10 (웅남동),4,2,1,1,98.0,4433.28,False,True,False,False,False,4,2,1,1
LOC001312,35.2083283679063,128.641969448276,4812357000.0,웅남동,성산구,"경상남도 창원시 성산구 월림로65번길 16-13(신촌동, 동신공업)",2,2,0,0,1.0,83.97,False,False,False,False,False,2,2,0,0
LOC001313,35.208353658853,128.654217607154,4812357000.0,웅남동,성산구,"경상남도 창원시 성산구 연덕로27번길 19 (웅남동, 영일전기공사)",4,4,0,0,24.0,838.74,False,False,False,False,False,4,4,0,0
LOC001314,35.2083833634378,128.64013315287,4812357000.0,웅남동,성산구,경상남도 창원시 성산구 월림로49번길 2-14 (신촌동),1,1,0,0,4.0,391.5,False,False,False,False,False,1,1,0,0
LOC001315,35.2083906618393,128.650589238563,4812357000.0,웅남동,성산구,경상남도 창원시 성산구 연덕로15번길 51-21 (웅남동),1,1,0,0,58.0,2137.5,False,False,False,False,False,1,1,0,0
LOC001316,35.2083926374227,128.635230996349,4812357000.0,웅남동,성산구,"경상남도 창원시 성산구 반월로 37 (신촌동, (주)고려기업) 외 1필지",2,2,0,0,13.0,1259.2,False,False,False,False,False,2,2,0,0
LOC001317,35.2084094090119,128.642446215758,4812357000.0,웅남동,성산구,경상남도 창원시 성산구 월림로65번길 16-23 (신촌동),3,3,0,0,21.0,691.5,False,False,False,False,False,3,3,0,0
LOC001318,35.2084182270787,128.640486664671,4812357000.0,웅남동,성산구,경상남도 창원시 성산구 월림로49번길 2-15 (신촌동),1,1,0,0,4.0,338.66,False,False,False,False,False,1,1,0,0
LOC001319,35.2084408024132,128.662020935569,4812357000.0,웅남동,성산구,경상남도 창원시 성산구 공단로 367 (웅남동),7,7,0,0,10.0,2398.66,False,False,False,False,False,7,7,0,0
LOC001320,35.2084671101639,128.642198774468,4812357000.0,웅남동,성산구,경상남도 창원시 성산구 월림로65번길 28 (신촌동),3,3,0,0,17.0,628.0,False,False,False,False,False,3,3,0,0
LOC001321,35.2085038108427,128.654955482128,4812357000.0,웅남동,성산구,"경상남도 창원시 성산구 연덕로27번길 14 (웅남동, 혜성레이저테크)",1,1,0,0,11.0,1246.02,False,False,False,False,False,1,1,0,0
LOC001322,35.2085211475455,128.640666183977,4812357000.0,웅남동,성산구,"경상남도 창원시 성산구 월림로49번길 8-14 (신촌동, 성진정밀)",1,1,0,0,9.0,364.5,False,False,False,False,False,1,1,0,0
LOC001323,35.208524709499,128.641068260293,4812357000.0,웅남동,성산구,"경상남도 창원시 성산구 월림로49번길 12-18 (신촌동, 제일정공)",1,1,0,0,3.0,264.0,False,False,False,False,False,1,1,0,0
LOC001324,35.2085398426146,128.650877976679,4812357000.0,웅남동,성산구,경상남도 창원시 성산구 연덕로15번길 47 (웅남동),6,5,1,0,37.0,3012.43,False,True,False,False,False,5,5,0,1
LOC001325,35.2085444579954,128.641625710444,4812357000.0,웅남동,성산구,경상남도 창원시 성산구 월림로65번길 16-1 (신촌동),2,2,0,0,28.0,757.84,False,False,False,False,False,2,2,0,0
LOC001326,35.2085476019877,128.653076363255,4812357000.0,웅남동,성산구,"경상남도 창원시 성산구 연덕로15번길 30 (웅남동, 미래엔지니어링)",1,1,0,0,7.0,1178.33,False,False,False,False,False,1,1,0,0
LOC001327,35.2085619466382,128.635866992663,4812357000.0,웅남동,성산구,"경상남도 창원시 성산구 반월로 39-19 (신촌동, 한철우공장) 외 1필지",2,2,0,0,4.0,458.5,False,False,False,False,False,2,2,0,0
LOC001328,35.2085767353509,128.672879217047,4812357000.0,웅남동,성산구,"경상남도 창원시 성산구 공단로473번길 57 (성산동, 하이젠모터(주))",4,3,0,1,161.0,18966.36,False,False,False,False,False,3,3,1,0
LOC001329,35.2085833265076,128.640014849588,4812357000.0,웅남동,성산구,경상남도 창원시 성산구 월림로49번길 2-8 (신촌동),2,2,0,0,2.0,302.9,False,False,False,False,False,2,2,0,0
LOC001330,35.2086168295098,128.65251434582,4812357000.0,웅남동,성산구,경상남도 창원시 성산구 연덕로15번길 34 (웅남동),2,2,0,0,32.0,2942.4,False,False,False,False,False,2,2,0,0
LOC001331,35.2086220003285,128.653778880931,4812357000.0,웅남동,성산구,"경상남도 창원시 성산구 연덕로27번길 23 (웅남동, (주)엠 티)",3,3,0,0,42.0,1657.2599999999998,False,False,False,False,False,3,3,0,0
LOC001332,35.2086418186195,128.635658533175,4812357000.0,웅남동,성산구,"경상남도 창원시 성산구 반월로 39-15 (신촌동, (주)청구환경프랜트) 외 1필지",4,4,0,0,18.0,405.0,False,False,False,False,False,4,4,0,0
LOC001333,35.2086562865254,128.628362103462,4812357000.0,웅남동,성산구,경상남도 창원시 성산구 봉양로 397 (신촌동),1,0,1,0,,,True,False,False,False,False,1,0,0,1
LOC001334,35.2086602735701,128.640355373087,4812357000.0,웅남동,성산구,"경상남도 창원시 성산구 월림로49번길 2-9 (신촌동, 정우무역)",1,1,0,0,4.0,407.45,False,False,False,False,False,1,1,0,0
LOC001335,35.2086657004132,128.641656920993,4812357000.0,웅남동,성산구,"경상남도 창원시 성산구 월림로65번길 20 (신촌동, 대원기전)",1,1,0,0,41.0,891.92,False,False,False,False,False,1,1,0,0
LOC001336,35.208669597719,128.57293950334,4812563000.0,오동동,마산합포구,경상남도 창원시 마산합포구 북성로 13-1 (추산동),1,1,0,0,,,False,False,False,False,False,1,1,0,0
LOC001337,35.2086915750692,128.651481695038,4812357000.0,웅남동,성산구,경상남도 창원시 성산구 연덕로15번길 41 (웅남동),3,3,0,0,6.0,2156.7599999999998,False,False,False,False,False,3,3,0,0
LOC001338,35.2087015893786,128.67754582788,4812352000.0,중앙동,성산구,경상남도 창원시 성산구 남면로 599 (외동),13,8,4,1,954.0,182917.08999999997,True,True,False,False,True,10,8,1,3
LOC001339,35.2087102521553,128.681526614494,4812352000.0,중앙동,성산구,경상남도 창원시 성산구 성산패총로 173 (외동),2,1,0,1,263.0,17076.37,False,False,False,False,True,1,1,1,0
LOC001340,35.208711802225,128.640968696832,4812357000.0,웅남동,성산구,"경상남도 창원시 성산구 월림로49번길 12-12 (신촌동, 옥진기업)",1,1,0,0,5.0,388.8,False,False,False,False,False,1,1,0,0
LOC001341,35.2087436921832,128.640544163476,4812357000.0,웅남동,성산구,"경상남도 창원시 성산구 월림로49번길 8-8(신촌동, 정일정밀)",1,1,0,0,,,False,False,False,False,False,1,1,0,0
LOC001342,35.2087760485598,128.650660289089,4812357000.0,웅남동,성산구,"경상남도 창원시 성산구 연덕로15번길 51-13 (웅남동, 대일기계)",1,1,0,0,7.0,1106.88,False,False,False,False,False,1,1,0,0
LOC001343,35.2087791207153,128.633953556727,4812357000.0,웅남동,성산구,"경상남도 창원시 성산구 반월로 32 (양곡동, (주)성호특수강)",2,2,0,0,4.0,330.0,False,False,False,False,False,2,2,0,0
LOC001344,35.2087858305529,128.639921852618,4812357000.0,웅남동,성산구,"경상남도 창원시 성산구 월림로49번길 2-4 (신촌동, 영광정밀)",1,1,0,0,4.0,312.0,False,False,False,False,False,1,1,0,0
LOC001345,35.2087872495582,128.636054013321,4812357000.0,웅남동,성산구,경상남도 창원시 성산구 반월로 39-21 (신촌동) 외 1필지,2,2,0,0,5.0,442.5,False,False,False,False,False,2,2,0,0
LOC001346,35.2088422179288,128.641307113582,4812357000.0,웅남동,성산구,"경상남도 창원시 성산구 월림로65번길 17 (신촌동, 동진레이저)",2,2,0,0,5.0,513.2,False,False,False,False,False,2,2,0,0
LOC001347,35.2088584807637,128.648043265613,4812357000.0,웅남동,성산구,경상남도 창원시 성산구 창곡로108번길 8 (신촌동),2,0,0,2,,,False,False,False,False,True,2,0,2,0
LOC001348,35.2088643889987,128.636494463192,4812357000.0,웅남동,성산구,"경상남도 창원시 성산구 반월로 39-29 (신촌동, 창용기계공업사)",1,1,0,0,17.0,935.0,False,False,False,False,False,1,1,0,0
LOC001349,35.2088861700419,128.640225402993,4812357000.0,웅남동,성산구,"경상남도 창원시 성산구 월림로49번길 2-1 (신촌동, 영광기계정밀)",2,2,0,0,5.0,412.08,False,False,False,False,False,2,2,0,0
LOC001350,35.2088966796576,128.653390682024,4812357000.0,웅남동,성산구,"경상남도 창원시 성산구 연덕로27번길 27 (웅남동, (주)삼영검사엔지니어링)",1,1,0,0,28.0,1347.23,False,False,False,False,False,1,1,0,0
LOC001351,35.2088983985247,128.654715874887,4812357000.0,웅남동,성산구,"경상남도 창원시 성산구 연덕로27번길 18 (웅남동, 태극정공)",2,2,0,0,16.0,2170.32,False,False,False,False,False,2,2,0,0
LOC001352,35.2089003125151,128.661806075154,4812357000.0,웅남동,성산구,"경상남도 창원시 성산구 공단로 365 (웅남동, 우림테크)",4,2,2,0,18.0,2462.88,True,True,False,False,False,2,2,0,1
LOC001353,35.2089084958766,128.640865592671,4812357000.0,웅남동,성산구,경상남도 창원시 성산구 월림로49번길 12-8 (신촌동),2,2,0,0,2.0,359.64,False,False,False,False,False,2,2,0,0
LOC001354,35.2089100402538,128.637963401504,4812357000.0,웅남동,성산구,경상남도 창원시 성산구 월림로 46 (신촌동),3,2,0,1,241.0,23990.32,False,False,False,False,True,2,2,1,0
LOC001355,35.2089248733949,128.65246777141,4812357000.0,웅남동,성산구,"경상남도 창원시 성산구 연덕로15번길 36 (웅남동, 명창정밀)",1,1,0,0,21.0,1144.12,False,False,False,False,False,1,1,0,0
LOC001356,35.2089250830447,128.656586549607,4812357000.0,웅남동,성산구,경상남도 창원시 성산구 연덕로 39 (웅남동),4,1,2,1,158.0,7875.5,True,True,False,False,True,1,1,1,1
LOC001357,35.2089351971183,128.641455359094,4812357000.0,웅남동,성산구,"경상남도 창원시 성산구 월림로49번길 14-14 (신촌동, 수진산업)",2,2,0,0,4.0,766.2,False,False,False,False,False,2,2,0,0
LOC001358,35.2089437908517,128.652006193862,4812357000.0,웅남동,성산구,"경상남도 창원시 성산구 연덕로15번길 40 (웅남동, 에이팩스정밀)",1,1,0,0,8.0,1092.0,False,False,False,False,False,1,1,0,0
LOC001359,35.2089528951067,128.640448996472,4812357000.0,웅남동,성산구,"경상남도 창원시 성산구 월림로49번길 8-4 (신촌동, 대호공업사)",2,2,0,0,14.0,821.04,False,False,False,False,False,2,2,0,0
LOC001360,35.2089695367978,128.583880186152,4812564000.0,합포동,마산합포구,경상남도 창원시 마산합포구 합포동4길 27 (산호동),1,0,1,0,,,False,True,False,False,False,1,0,0,1
LOC001361,35.2089912833135,128.633892472469,4812357000.0,웅남동,성산구,"경상남도 창원시 성산구 반월로 30 (양곡동, (주)아울)",1,1,0,0,10.0,1134.48,False,False,False,False,False,1,1,0,0
LOC001362,35.2090101257559,128.654196775153,4812357000.0,웅남동,성산구,"경상남도 창원시 성산구 연덕로27번길 24 (웅남동, 벧엘기업)",3,3,0,0,20.0,1220.0,False,False,False,False,False,3,3,0,0
LOC001363,35.2090300613461,128.652961732296,4812357000.0,웅남동,성산구,경상남도 창원시 성산구 연덕로27번길 33 (웅남동),3,3,0,0,18.0,1548.15,False,False,False,False,False,3,3,0,0
LOC001364,35.2090456747728,128.637084037742,4812357000.0,웅남동,성산구,경상남도 창원시 성산구 반월로 39-35 (신촌동),1,1,0,0,25.0,759.0,False,False,False,False,False,1,1,0,0
LOC001365,35.2090539525317,128.635938465944,4812357000.0,웅남동,성산구,"경상남도 창원시 성산구 공단로 80(신촌동, 피케이밸브(주)) 외 2필지",3,2,0,1,357.0,28317.59,False,False,False,False,False,2,2,1,0
LOC001366,35.2090649714192,128.649854548009,4812357000.0,웅남동,성산구,경상남도 창원시 성산구 연덕로15번길 51-20 (웅남동),3,1,2,0,34.0,2970.58,True,True,False,False,False,1,1,0,1
LOC001367,35.2090746191017,128.650852347974,4812357000.0,웅남동,성산구,"경상남도 창원시 성산구 연덕로15번길 49 (웅남동, 세원기계)",2,2,0,0,50.0,1375.52,False,False,False,False,False,2,2,0,0
LOC001368,35.2090985902534,128.640790575918,4812357000.0,웅남동,성산구,"경상남도 창원시 성산구 월림로49번길 12-4 (신촌동, 이원정밀)",1,1,0,0,5.0,420.75,False,False,False,False,False,1,1,0,0
LOC001369,35.2091196247936,128.637560113529,4812357000.0,웅남동,성산구,경상남도 창원시 성산구 월림로 42 (신촌동),3,1,2,0,,,True,True,False,False,False,1,1,0,1
LOC001370,35.2091217696697,128.667505545069,4812357000.0,웅남동,성산구,경상남도 창원시 성산구 완암로 84 (성산동),4,2,0,2,5179.0,275842.854,False,False,False,False,True,4,2,2,0
LOC001371,35.2091501798267,128.6517546327,4812357000.0,웅남동,성산구,"경상남도 창원시 성산구 연덕로15번길 42 (웅남동, 성우정밀)",1,1,0,0,20.0,1228.8,False,False,False,False,False,1,1,0,0
LOC001372,35.2091566428217,128.641141922416,4812357000.0,웅남동,성산구,경상남도 창원시 성산구 월림로49번길 14-2 (신촌동),1,1,0,0,13.0,1004.16,False,False,False,False,False,1,1,0,0
LOC001373,35.2091691354475,128.639747939029,4812357000.0,웅남동,성산구,"경상남도 창원시 성산구 월림로39번길 2-18 (신촌동, 성실기계)",2,2,0,0,12.0,384.0,False,False,False,False,False,2,2,0,0
LOC001374,35.2091911336889,128.655327626225,4812357000.0,웅남동,성산구,"경상남도 창원시 성산구 공단로 308-38(웅남동, 대한시스텍(주))",3,2,1,0,130.0,5224.84,False,True,False,False,False,1,1,0,1
LOC001375,35.2092172398341,128.640042204357,4812357000.0,웅남동,성산구,"경상남도 창원시 성산구 월림로39번길 2-17 (신촌동, 대원기업)",1,1,0,0,5.0,456.0,False,False,False,False,False,1,1,0,0
LOC001376,35.2092259746594,128.633838208231,4812357000.0,웅남동,성산구,"경상남도 창원시 성산구 반월로 28 (양곡동, (주)고려ENG) 외 1필지",2,2,0,0,5.0,1479.56,False,False,False,False,False,2,2,0,0
LOC001377,35.2092268018302,128.651621230765,4812357000.0,웅남동,성산구,"경상남도 창원시 성산구 연덕로15번길 46 (웅남동, 동성정밀)",1,1,0,0,14.0,722.2,False,False,False,False,False,1,1,0,0
LOC001378,35.2092550606908,128.650163770821,4812357000.0,웅남동,성산구,"경상남도 창원시 성산구 연덕로15번길 51-12 (웅남동, 해광사)",3,3,0,0,15.0,1955.79,False,False,False,False,False,2,2,0,0
LOC001379,35.2092721874624,128.636814943045,4812357000.0,웅남동,성산구,"경상남도 창원시 성산구 공단로98번길 31 (신촌동, (주)성우엔지니어링)",1,1,0,0,12.0,2263.69,False,False,False,False,False,1,1,0,0
LOC001380,35.209283720457,128.668800307214,4812357000.0,웅남동,성산구,경상남도 창원시 성산구 웅남로 510 (성산동),2,1,1,0,104.0,36490.5,False,True,False,False,False,1,1,0,1
LOC001381,35.209304695674,128.640245681481,4812357000.0,웅남동,성산구,"경상남도 창원시 성산구 월림로39번길 8-16 (신촌동, KOTEC)",2,2,0,0,6.0,474.0,False,False,False,False,False,2,2,0,0
LOC001382,35.2093288723066,128.653670342746,4812357000.0,웅남동,성산구,"경상남도 창원시 성산구 연덕로27번길 28 (웅남동, MTS)",3,3,0,0,74.0,3383.36,False,False,False,False,False,3,3,0,0
LOC001383,35.2093562722199,128.652620912206,4812357000.0,웅남동,성산구,경상남도 창원시 성산구 연덕로27번길 37 (웅남동),3,3,0,0,39.0,3075.4500000000003,False,False,False,False,False,3,3,0,0
LOC001384,35.2094153171831,128.657431601361,4812357000.0,웅남동,성산구,"경상남도 창원시 성산구 공단로 324-13 (웅남동, 삼창정밀)",2,2,0,0,28.0,2833.46,False,False,False,False,False,2,2,0,0
LOC001385,35.2094241557052,128.656746467783,4812357000.0,웅남동,성산구,경상남도 창원시 성산구 공단로 324-21 (웅남동),2,1,1,0,29.0,1898.24,False,True,False,False,False,1,1,0,1
LOC001386,35.2094769394202,128.639924991383,4812357000.0,웅남동,성산구,"경상남도 창원시 성산구 월림로39번길 2-9 (신촌동, 경남정밀)",1,1,0,0,9.0,364.0,False,False,False,False,False,1,1,0,0
LOC001387,35.2094919064427,128.640582936404,4812357000.0,웅남동,성산구,"경상남도 창원시 성산구 월림로39번길 8-11 (신촌동, 중앙정밀)",1,1,0,0,13.0,680.23,False,False,False,False,False,1,1,0,0
LOC001388,35.209499498327,128.639583610725,4812357000.0,웅남동,성산구,경상남도 창원시 성산구 월림로39번길 2-2 (신촌동),1,1,0,0,5.0,406.59,False,False,False,False,False,1,1,0,0
LOC001389,35.2095091334185,128.653345891137,4812357000.0,웅남동,성산구,경상남도 창원시 성산구 연덕로27번길 32 (웅남동),4,2,2,0,26.0,2407.98,True,True,False,False,False,3,2,0,2
LOC001390,35.2095210137516,128.652330623468,4812357000.0,웅남동,성산구,"경상남도 창원시 성산구 연덕로27번길 41 (웅남동, 강성정밀공장)",2,2,0,0,16.0,2246.92,False,False,False,False,False,2,2,0,0
LOC001391,35.2095218343457,128.649858851065,4812357000.0,웅남동,성산구,"경상남도 창원시 성산구 연덕로15번길 59 (웅남동, (주)성림엔지니어링)",1,1,0,0,10.0,1117.7,False,False,False,False,False,1,1,0,0
LOC001392,35.2095235988304,128.649530998542,4812357000.0,웅남동,성산구,"경상남도 창원시 성산구 연덕로15번길 63(웅남동, 태안기공(주))",3,3,0,0,42.0,2925.31,False,False,False,False,False,3,3,0,0
LOC001393,35.2095311076641,128.640955427589,4812357000.0,웅남동,성산구,"경상남도 창원시 성산구 월림로39번길 12-15 (신촌동, 남일엔지니어링)",1,1,0,0,7.0,418.5,False,False,False,False,False,1,1,0,0
LOC001394,35.2095845124058,128.640113720098,4812357000.0,웅남동,성산구,"경상남도 창원시 성산구 월림로39번길 8-10 (신촌동, 장애인보호시설나눔터)",1,1,0,0,37.0,563.04,False,False,False,False,False,1,1,0,0
LOC001395,35.2095864952682,128.650292036661,4812357000.0,웅남동,성산구,경상남도 창원시 성산구 연덕로15번길 55 (웅남동),2,2,0,0,20.0,1271.464,False,False,False,False,False,2,2,0,0
LOC001396,35.2096193529118,128.661218540719,4812357000.0,웅남동,성산구,경상남도 창원시 성산구 연덕로 76 (웅남동),5,3,1,1,265.0,33579.51,True,False,False,False,True,2,2,1,1
LOC001397,35.2096593121545,128.651237206266,4812357000.0,웅남동,성산구,"경상남도 창원시 성산구 연덕로15번길 50 (웅남동, 삼영몰드)",3,3,0,0,22.0,472.7,False,False,False,False,False,3,3,0,0
LOC001398,35.2096856517182,128.669232723371,4812357000.0,웅남동,성산구,경상남도 창원시 성산구 웅남로 502 (성산동),2,2,0,0,6.0,530.0,False,False,False,False,False,2,2,0,0
LOC001399,35.209699208615,128.639803291405,4812357000.0,웅남동,성산구,"경상남도 창원시 성산구 월림로39번길 2-3 (신촌동, 정우산기)",1,1,0,0,8.0,456.05,False,False,False,False,False,1,1,0,0
LOC001400,35.2097099858981,128.636949572851,4812357000.0,웅남동,성산구,"경상남도 창원시 성산구 공단로98번길 29 (신촌동, 대일기계공업사)",2,1,1,0,11.0,1014.6,False,True,False,False,False,1,1,0,1
LOC001401,35.2097117257082,128.640063460927,4812357000.0,웅남동,성산구,경상남도 창원시 성산구 월림로39번길 8-4 (신촌동),2,2,0,0,8.0,528.92,False,False,False,False,False,2,2,0,0
LOC001402,35.2097388715421,128.650782671814,4812357000.0,웅남동,성산구,"경상남도 창원시 성산구 연덕로15번길 54 (웅남동, (주)중앙금속)",2,1,1,0,12.0,1191.4,False,True,False,False,False,1,1,0,1
LOC001403,35.2097414045893,128.652030480228,4812357000.0,웅남동,성산구,"경상남도 창원시 성산구 연덕로27번길 45 (웅남동, (주)경남특수강)",1,1,0,0,1.0,100.0,False,False,False,False,False,1,1,0,0
LOC001404,35.2097805090105,128.636626173389,4812357000.0,웅남동,성산구,경상남도 창원시 성산구 공단로98번길 28 (신촌동),3,1,2,0,9.0,750.0,True,True,False,False,False,1,1,0,1
LOC001405,35.2097917103719,128.656078722264,4812357000.0,웅남동,성산구,"경상남도 창원시 성산구 공단로 324-18 (웅남동, (주)테크노전자)",2,1,1,0,76.0,2542.93,True,False,False,False,False,2,1,0,1
LOC001406,35.2098149286522,128.640873841462,4812357000.0,웅남동,성산구,경상남도 창원시 성산구 월림로39번길 12-11 (신촌동),1,1,0,0,6.0,686.0,False,False,False,False,False,1,1,0,0
LOC001407,35.2098446044779,128.653363125568,4812357000.0,웅남동,성산구,"경상남도 창원시 성산구 연덕로27번길 36 (웅남동, 덕경산업공장)",1,1,0,0,7.0,2039.73,False,False,False,False,False,1,1,0,0
LOC001408,35.209849581829,128.640404995039,4812357000.0,웅남동,성산구,"경상남도 창원시 성산구 월림로39번길 8-5 (신촌동, 한신정밀)",5,5,0,0,11.0,1208.34,False,False,False,False,False,5,5,0,0
LOC001409,35.2098792944407,128.655921717578,4812357000.0,웅남동,성산구,경상남도 창원시 성산구 공단로 308-21 (웅남동),3,1,2,0,23.0,1950.85,True,True,False,False,False,1,1,0,1
LOC001410,35.209882562483,128.657427922391,4812357000.0,웅남동,성산구,경상남도 창원시 성산구 공단로 324-3 (웅남동),2,1,1,0,20.0,1450.46,False,True,False,False,False,1,1,0,1
LOC001411,35.2099178051826,128.639427088931,4812357000.0,웅남동,성산구,경상남도 창원시 성산구 월림로39번길 3 (신촌동),2,1,1,0,23.0,1468.605,False,True,False,False,False,1,1,0,1
LOC001412,35.2099771015523,128.652563327704,4812357000.0,웅남동,성산구,"경상남도 창원시 성산구 연덕로27번길 42 (웅남동, 한국IMS공장)",3,3,0,0,22.0,2673.84,False,False,False,False,False,3,3,0,0
LOC001413,35.2099852476162,128.653115173622,4812357000.0,웅남동,성산구,"경상남도 창원시 성산구 연덕로27번길 38 (웅남동, 성풍정밀)",1,1,0,0,7.0,1256.2,False,False,False,False,False,1,1,0,0
LOC001414,35.2099899983451,128.654647326027,4812357000.0,웅남동,성산구,경상남도 창원시 성산구 공단로 308-28 (웅남동),2,1,0,1,71.0,4830.0,False,False,False,False,False,2,1,1,0
LOC001415,35.2100254652838,128.640766731789,4812357000.0,웅남동,성산구,"경상남도 창원시 성산구 월림로39번길 12-1 (신촌동, 신우정공)",1,1,0,0,5.0,703.18,False,False,False,False,False,1,1,0,0
LOC001416,35.2100302541583,128.668718186379,4812357000.0,웅남동,성산구,경상남도 창원시 성산구 웅남로 504 (성산동),1,1,0,0,31.0,2032.74,False,False,False,False,False,1,1,0,0
LOC001417,35.2100444564581,128.656977811694,4812357000.0,웅남동,성산구,경상남도 창원시 성산구 공단로 322 (웅남동),2,1,0,1,38.0,2107.17,False,False,False,False,True,1,1,1,0
LOC001418,35.2101119118446,128.650067130354,4812357000.0,웅남동,성산구,경상남도 창원시 성산구 연덕로15번길 64 (웅남동),1,1,0,0,17.0,1540.01,False,False,False,False,False,1,1,0,0
LOC001419,35.2101121760643,128.651759186984,4812357000.0,웅남동,성산구,"경상남도 창원시 성산구 연덕로15번길 48 -19(웅남동, BEST F.A)",1,1,0,0,31.0,1085.53,False,False,False,False,False,1,1,0,0
LOC001420,35.2101297069123,128.569411119358,4812563000.0,오동동,마산합포구,경상남도 창원시 마산합포구 성호서10길 3 (성호동),1,0,0,1,,,False,False,False,False,True,1,0,1,0
LOC001421,35.2101815331275,128.625833995486,4812357000.0,웅남동,성산구,경상남도 창원시 성산구 공단로 21 (신촌동),4,2,1,1,44.0,16621.28,False,True,False,False,False,3,2,1,1
LOC001422,35.2101839236358,128.585610232616,4812564000.0,합포동,마산합포구,경상남도 창원시 마산합포구 해안대로 467 (산호동),1,1,0,0,,,False,False,False,False,False,1,1,0,0
LOC001423,35.2101898228964,128.624968310021,4812357000.0,웅남동,성산구,경상남도 창원시 성산구 공단로21번길 50 (신촌동),4,3,1,0,6.0,510.0,True,False,False,False,False,4,3,0,1
LOC001424,35.2101945475971,128.640852271913,4812357000.0,웅남동,성산구,경상남도 창원시 성산구 월림로39번길 16 (신촌동),1,1,0,0,5.0,676.41,False,False,False,False,False,1,1,0,0
LOC001425,35.2102167497817,128.669500110504,4812357000.0,웅남동,성산구,경상남도 창원시 성산구 웅남로 500 (성산동),1,1,0,0,40.0,2122.5,False,False,False,False,False,1,1,0,0
LOC001426,35.2102579132555,128.636391100114,4812357000.0,웅남동,성산구,경상남도 창원시 성산구 공단로98번길 24 (신촌동),4,2,2,0,7.0,479.79,True,True,False,False,False,3,2,0,1
LOC001427,35.2102687093713,128.652545629106,4812357000.0,웅남동,성산구,경상남도 창원시 성산구 연덕로27번길 44 (웅남동),2,1,1,0,12.0,1177.94,True,False,False,False,False,2,1,0,1
LOC001428,35.2102755674928,128.650484094845,4812357000.0,웅남동,성산구,경상남도 창원시 성산구 연덕로15번길 60 (웅남동),3,3,0,0,51.0,8170.46,False,False,False,False,False,3,3,0,0
LOC001429,35.2102846359686,128.6682890974,4812357000.0,웅남동,성산구,"경상남도 창원시 성산구 웅남로 496 (성산동, 창원기술정공)",1,1,0,0,27.0,1356.7,False,False,False,False,False,1,1,0,0
LOC001430,35.2102918635697,128.654597888504,4812357000.0,웅남동,성산구,경상남도 창원시 성산구 공단로 308-26 (웅남동),4,3,1,0,45.0,1982.88,False,True,False,False,False,3,3,0,1
LOC001431,35.2103013169597,128.649044463686,4812357000.0,웅남동,성산구,"경상남도 창원시 성산구 연덕로15번길 67 (웅남동, 태성정밀)",2,1,0,1,41.0,2250.38,False,False,False,False,False,1,1,1,0
LOC001432,35.2103128754955,128.648606117938,4812357000.0,웅남동,성산구,경상남도 창원시 성산구 연덕로15번길 73 (웅남동),2,1,1,0,17.0,1319.3,False,True,False,False,False,1,1,0,1
LOC001433,35.2103157585782,128.640520120952,4812357000.0,웅남동,성산구,경상남도 창원시 성산구 월림로39번길 13(신촌동),2,2,0,0,15.0,437.45,False,False,False,False,False,2,2,0,0
LOC001434,35.2103598466206,128.649716145182,4812357000.0,웅남동,성산구,경상남도 창원시 성산구 연덕로15번길 66 (웅남동),6,6,0,0,12.0,932.4000000000001,False,False,False,False,False,6,6,0,0
LOC001435,35.2103643079925,128.633404758416,4812357000.0,웅남동,성산구,경상남도 창원시 성산구 반월로 16 (신촌동),5,3,1,1,12.0,200.0,False,True,False,False,False,4,3,1,1
LOC001436,35.2103924773012,128.650971600567,4812357000.0,웅남동,성산구,경상남도 창원시 성산구 연덕로27번길 53 (웅남동),2,1,0,1,20.0,3394.2,False,False,False,False,False,1,1,1,0
LOC001437,35.2103935929132,128.574615644539,4812561000.0,교방동,마산합포구,경상남도 창원시 마산합포구 노산남7길 3 (상남동),2,2,0,0,,,False,False,False,False,False,2,2,0,0
LOC001438,35.2104071044528,128.652297189658,4812357000.0,웅남동,성산구,경상남도 창원시 성산구 연덕로27번길 48 (웅남동),3,2,1,0,10.0,2553.8,False,True,False,False,False,2,2,0,1
LOC001439,35.2104118013174,128.574372874445,4812561000.0,교방동,마산합포구,경상남도 창원시 마산합포구 노산남7길 9 (상남동 111-11),1,0,1,0,,,False,True,False,False,False,1,0,0,1
LOC001440,35.2104155699615,128.568466205884,4812563000.0,오동동,마산합포구,경상남도 창원시 마산합포구 성호서11길 1 (성호동),1,0,1,0,,,False,True,False,False,False,1,0,0,1
LOC001441,35.2104513662279,128.648356685146,4812357000.0,웅남동,성산구,경상남도 창원시 성산구 연덕로15번길 75 (웅남동),1,1,0,0,15.0,1086.28,False,False,False,False,False,1,1,0,0
LOC001442,35.2104514566145,128.656048747974,4812357000.0,웅남동,성산구,경상남도 창원시 성산구 공단로 308-7 (웅남동),3,1,2,0,39.0,2872.8,True,True,False,False,False,2,1,0,2
LOC001443,35.2105020923636,128.668982711201,4812357000.0,웅남동,성산구,경상남도 창원시 성산구 웅남로 498 (성산동),2,1,0,1,180.0,5248.91,False,False,False,False,False,2,1,1,0
LOC001444,35.2105097297154,128.639859673191,4812357000.0,웅남동,성산구,경상남도 창원시 성산구 월림로39번길 7 (신촌동),2,1,0,1,6.0,2652.15,False,False,False,False,False,2,1,1,0
LOC001445,35.2105110020352,128.627874031854,4812357000.0,웅남동,성산구,"경상남도 창원시 성산구 공단로21번길 4 (신촌동, 금화공업사) 외 1필지",2,2,0,0,20.0,1166.25,False,False,False,False,False,2,2,0,0
LOC001446,35.2105165269097,128.636593948713,4812357000.0,웅남동,성산구,"경상남도 창원시 성산구 공단로98번길 23 (신촌동, 태성정밀)",1,1,0,0,20.0,990.08,False,False,False,False,False,1,1,0,0
LOC001447,35.2105224500832,128.640975928408,4812357000.0,웅남동,성산구,경상남도 창원시 성산구 월림로39번길 19 (신촌동),1,1,0,0,19.0,1073.0,False,False,False,False,False,1,1,0,0
LOC001448,35.2105236736817,128.640453476911,4812357000.0,웅남동,성산구,경상남도 창원시 성산구 월림로39번길 15 (신촌동),1,1,0,0,5.0,768.0,False,False,False,False,False,1,1,0,0
LOC001449,35.2105424689185,128.636281620368,4812357000.0,웅남동,성산구,경상남도 창원시 성산구 공단로98번길 22 (신촌동),4,4,0,0,2.0,399.34999999999997,False,False,False,False,False,4,4,0,0
LOC001450,35.2105818346354,128.651974924682,4812357000.0,웅남동,성산구,경상남도 창원시 성산구 연덕로27번길 52 (웅남동),3,3,0,0,24.0,740.0699999999999,False,False,False,False,False,3,3,0,0
LOC001451,35.2106216464997,128.593188353498,4812762000.0,봉암동,마산회원구,"경상남도 창원시 마산회원구 무역로 32, 3부두내 (양덕동)",1,0,0,1,,,False,False,False,True,True,1,0,1,0
LOC001452,35.2106790485621,128.650378169946,4812357000.0,웅남동,성산구,"경상남도 창원시 성산구 연덕로27번길 63 (웅남동, 한영레이저 웅남공장)",1,1,0,0,9.0,1270.5,False,False,False,False,False,1,1,0,0
LOC001453,35.2107233827423,128.64941328728,4812357000.0,웅남동,성산구,"경상남도 창원시 성산구 연덕로15번길 68 (웅남동, 기흥F&T)",3,3,0,0,8.0,588.94,False,False,False,False,False,3,3,0,0
LOC001454,35.2107466768305,128.65137990927,4812357000.0,웅남동,성산구,"경상남도 창원시 성산구 연덕로27번길 56(웅남동, 대진기업사)",3,3,0,0,19.0,1417.4,False,False,False,False,False,3,3,0,0
LOC001455,35.2107635934166,128.655057243798,4812357000.0,웅남동,성산구,경상남도 창원시 성산구 공단로 308-14(웅남동),3,2,1,0,32.0,1760.76,False,True,False,False,False,2,2,0,1
LOC001456,35.2107757399579,128.636619137362,4812357000.0,웅남동,성산구,경상남도 창원시 성산구 공단로98번길 17 (신촌동),1,1,0,0,4.0,1023.9,False,False,False,False,False,1,1,0,0
LOC001457,35.2107921731728,128.63616353415,4812357000.0,웅남동,성산구,경상남도 창원시 성산구 공단로98번길 18 (신촌동),2,2,0,0,12.0,838.2,False,False,False,False,False,1,1,0,0
LOC001458,35.2108124351679,128.648128881145,4812357000.0,웅남동,성산구,"경상남도 창원시 성산구 연덕로15번길 81 (웅남동, 동산금형)",2,2,0,0,15.0,1174.6,False,False,False,False,False,2,2,0,0
LOC001459,35.2108202502733,128.668667041747,4812357000.0,웅남동,성산구,경상남도 창원시 성산구 웅남로 494 (성산동),1,1,0,0,8.0,1308.5,False,False,False,False,False,1,1,0,0
LOC001460,35.2108257524345,128.624604113756,4812357000.0,웅남동,성산구,"경상남도 창원시 성산구 공단로21번길 46 (신촌동, 경일정밀) 외 1필지",6,6,0,0,20.0,2017.25,False,False,False,False,False,6,6,0,0
LOC001461,35.2108461883106,128.641413340409,4812357000.0,웅남동,성산구,경상남도 창원시 성산구 월림로39번길 23 (신촌동),1,1,0,0,59.0,1572.05,False,False,False,False,False,1,1,0,0
LOC001462,35.2108491977605,128.649207961636,4812357000.0,웅남동,성산구,"경상남도 창원시 성산구 연덕로15번길 74 (웅남동, 대경테크)",3,3,0,0,11.0,1406.3,False,False,False,False,False,3,3,0,0
LOC001463,35.2108499591877,128.564441393806,4812561000.0,교방동,마산합포구,"경상남도 창원시 마산합포구 천하장사로 9 (교방동, 주택)",1,1,0,0,,,False,False,False,False,False,1,1,0,0
LOC001464,35.2108562261238,128.65002805741,4812357000.0,웅남동,성산구,경상남도 창원시 성산구 연덕로27번길 67 (웅남동),1,1,0,0,5.0,1220.01,False,False,False,False,False,1,1,0,0
LOC001465,35.2108659598568,128.640167499201,4812357000.0,웅남동,성산구,"경상남도 창원시 성산구 월림로39번길 17 (신촌동, 주식회사한성기어)",2,1,1,0,24.0,1670.27,True,False,False,False,False,1,1,0,1
LOC001466,35.2108865010685,128.625234759791,4812357000.0,웅남동,성산구,"경상남도 창원시 성산구 공단로21번길 47 (신촌동, (주)금구)",2,1,1,0,15.0,1274.4,True,False,False,False,False,2,1,0,1
LOC001467,35.2109197753668,128.6408980534,4812357000.0,웅남동,성산구,경상남도 창원시 성산구 월림로39번길 21(신촌동),4,4,0,0,13.0,1158.6399999999999,False,False,False,False,False,4,4,0,0
LOC001468,35.2109625777225,128.650979301372,4812357000.0,웅남동,성산구,경상남도 창원시 성산구 연덕로27번길 60 (웅남동),3,2,0,1,2.0,1370.14,False,False,False,False,False,2,2,1,0
LOC001469,35.2109740020547,128.63325017033,4812357000.0,웅남동,성산구,경상남도 창원시 성산구 반월로 10 (신촌동),2,2,0,0,8.0,859.74,False,False,False,False,False,2,2,0,0
LOC001470,35.2110072982829,128.655609815426,4812357000.0,웅남동,성산구,경상남도 창원시 성산구 공단로 308-6 (웅남동),1,1,0,0,14.0,1680.0,False,False,False,False,False,1,1,0,0
LOC001471,35.2110314558756,128.639200540831,4812357000.0,웅남동,성산구,경상남도 창원시 성산구 월림로 25 (신촌동),1,0,0,1,,,False,False,False,False,True,1,0,1,0
LOC001472,35.2110569607657,128.649688522566,4812357000.0,웅남동,성산구,경상남도 창원시 성산구 연덕로27번길 71 (웅남동),2,2,0,0,31.0,1261.31,False,False,False,False,False,2,2,0,0
LOC001473,35.2111135361533,128.636471304331,4812357000.0,웅남동,성산구,"경상남도 창원시 성산구 공단로98번길 15 (신촌동, 삼진정밀)",3,3,0,0,4.0,600.6,False,False,False,False,False,3,3,0,0
LOC001474,35.2111297614476,128.647857145257,4812357000.0,웅남동,성산구,"경상남도 창원시 성산구 연덕로15번길 83 (웅남동, 코리아CNC)",3,3,0,0,12.0,991.6800000000001,False,False,False,False,False,3,3,0,0
LOC001475,35.2111427242661,128.641171686876,4812357000.0,웅남동,성산구,경상남도 창원시 성산구 월림로39번길 21-1 (신촌동),2,2,0,0,8.0,891.75,False,False,False,False,False,2,2,0,0
LOC001476,35.2111444431739,128.638456976814,4812357000.0,웅남동,성산구,경상남도 창원시 성산구 월림로 22 (신촌동),3,1,2,0,,,True,True,False,False,False,2,1,0,1
LOC001477,35.2111641800591,128.624703647718,4812357000.0,웅남동,성산구,경상남도 창원시 성산구 공단로21번길 42 (신촌동),9,5,3,1,20.0,2221.7,True,True,False,False,False,5,5,1,2
LOC001478,35.2111698161541,128.573951337621,4812561000.0,교방동,마산합포구,경상남도 창원시 마산합포구 천하장사로 100 경남교구 (상남동),1,0,1,0,,,True,False,False,False,False,1,0,0,1
LOC001479,35.2111791768782,128.636095640704,4812357000.0,웅남동,성산구,경상남도 창원시 성산구 공단로98번길 14 (신촌동),2,2,0,0,12.0,600.4,False,False,False,False,False,2,2,0,0
LOC001480,35.2111904113747,128.650628787002,4812357000.0,웅남동,성산구,경상남도 창원시 성산구 연덕로27번길 64 (웅남동),2,2,0,0,12.0,1126.79,False,False,False,False,False,2,2,0,0
LOC001481,35.2112029383815,128.623783103684,4812357000.0,웅남동,성산구,경상남도 창원시 성산구 공단로21번길 48(신촌동),3,3,0,0,51.0,5178.79,False,False,False,False,False,3,3,0,0
LOC001482,35.2112159814508,128.64875922682,4812357000.0,웅남동,성산구,경상남도 창원시 성산구 연덕로15번길 80 (웅남동),5,4,0,1,3.0,1389.0,False,False,False,False,False,4,4,1,0
LOC001483,35.2112179551172,128.62791208577,4812357000.0,웅남동,성산구,"경상남도 창원시 성산구 공단로21번길 10 (신촌동, 영일정공)",2,2,0,0,20.0,1822.6,False,False,False,False,False,2,2,0,0
LOC001484,35.2112269562368,128.592918184696,4812762000.0,봉암동,마산회원구,경상남도 창원시 마산회원구 무역로 57 (양덕동),2,1,0,1,,,False,False,False,True,False,2,1,1,0
LOC001485,35.2112462303275,128.625190868307,4812357000.0,웅남동,성산구,경상남도 창원시 성산구 공단로21번길 39 (신촌동),1,1,0,0,44.0,1342.35,False,False,False,False,False,1,1,0,0
LOC001486,35.2112600433786,128.574961924339,4812561000.0,교방동,마산합포구,경상남도 창원시 마산합포구 3·15대로 409 (상남동 교보생명빌딩),1,0,1,0,,,True,False,False,False,False,1,0,0,1
LOC001487,35.2112628038302,128.649364243291,4812357000.0,웅남동,성산구,경상남도 창원시 성산구 연덕로27번길 73 (웅남동),3,2,1,0,14.0,1196.69,False,True,False,False,False,3,2,0,1
LOC001488,35.2112792662006,128.671147721687,4812352000.0,중앙동,성산구,경상남도 창원시 성산구 완암로 146 (외동),6,3,2,1,49.0,2934.5,True,True,False,False,True,4,3,1,1
LOC001489,35.2112817276283,128.59151541897,4812762000.0,봉암동,마산회원구,경상남도 창원시 마산회원구 자유무역2길 8(양덕동),1,1,0,0,,,False,False,False,False,False,1,1,0,0
LOC001490,35.2113007635584,128.597555006996,4812762000.0,봉암동,마산회원구,경상남도 창원시 마산회원구 무역로 103 (봉암동),1,0,1,0,,,True,False,False,False,False,1,0,0,1
LOC001491,35.211327697131,128.627230481646,4812357000.0,웅남동,성산구,경상남도 창원시 성산구 공단로21번길 13 (신촌동),1,1,0,0,4.0,1510.4,False,False,False,False,False,1,1,0,0
LOC001492,35.2113287072969,128.640788346452,4812357000.0,웅남동,성산구,"경상남도 창원시 성산구 월림로25번길 19 (신촌동, 영광정밀)",1,1,0,0,4.0,480.96,False,False,False,False,False,1,1,0,0
LOC001493,35.2113299559626,128.600823141212,4812762000.0,봉암동,마산회원구,경상남도 창원시 마산회원구 무역로 131 (봉암동) 삼우금속,3,1,2,0,,,True,True,False,False,False,1,1,0,1
LOC001494,35.2113325312399,128.599394319803,4812762000.0,봉암동,마산회원구,경상남도 창원시 마산회원구 무역로 119 (봉암동),1,0,1,0,,,False,True,False,False,False,1,0,0,1
LOC001495,35.2113597089328,128.636354464799,4812357000.0,웅남동,성산구,"경상남도 창원시 성산구 공단로98번길 13 (신촌동, 성동경공장)",2,2,0,0,3.0,435.0,False,False,False,False,False,2,2,0,0
LOC001496,35.2113607671818,128.640510839984,4812357000.0,웅남동,성산구,경상남도 창원시 성산구 월림로25번길 15 (신촌동) 외 1필지,4,4,0,0,31.0,412.64,False,False,False,False,False,4,4,0,0
LOC001497,35.2113610050529,128.639974527028,4812357000.0,웅남동,성산구,경상남도 창원시 성산구 월림로25번길 13 (신촌동),1,1,0,0,2.0,369.72,False,False,False,False,False,1,1,0,0
LOC001498,35.2113613749184,128.64103113748,4812357000.0,웅남동,성산구,"경상남도 창원시 성산구 월림로25번길 21 (신촌동, 대원기계공업사)",1,1,0,0,11.0,586.68,False,False,False,False,False,1,1,0,0
LOC001499,35.2113727222285,128.599674250146,4812762000.0,봉암동,마산회원구,경상남도 창원시 마산회원구 무역로 121 (봉암동),1,0,1,0,,,True,False,False,False,False,1,0,0,1
LOC001500,35.2113791327311,128.601888184119,4812762000.0,봉암동,마산회원구,경상남도 창원시 마산회원구 무역로 141(봉암동),1,1,0,0,,,False,False,False,False,False,1,1,0,0
LOC001501,35.2113865767754,128.625376941247,4812357000.0,웅남동,성산구,"경상남도 창원시 성산구 공단로21번길 35 (신촌동, (주)승은테크) 외 1필지",3,2,1,0,11.0,1993.46,False,True,False,False,False,1,1,0,1
LOC001502,35.2113968053851,128.573045594158,4812561000.0,교방동,마산합포구,"경상남도 창원시 마산합포구 천하장사로 91, 4층, 6층 (상남동)",2,2,0,0,,,False,False,False,False,False,2,2,0,0
LOC001503,35.2114086630039,128.601474992932,4812762000.0,봉암동,마산회원구,경상남도 창원시 마산회원구 무역로 137(봉암동),2,1,1,0,,,False,True,False,False,False,1,1,0,1
LOC001504,35.211412588902,128.661968409368,4812357000.0,웅남동,성산구,경상남도 창원시 성산구 연덕로 108 (웅남동),4,1,2,1,204.0,47787.63,True,True,False,False,True,1,1,1,1
LOC001505,35.2114179111352,128.641779980047,4812357000.0,웅남동,성산구,경상남도 창원시 성산구 월림로39번길 29 (신촌동),3,1,2,0,15.0,2130.45,True,True,False,False,False,1,1,0,1
LOC001506,35.2114204888994,128.600601341599,4812762000.0,봉암동,마산회원구,경상남도 창원시 마산회원구 무역로 129 (봉암동),1,0,1,0,,,False,True,False,False,False,1,0,0,1
LOC001507,35.2114240108438,128.635837775327,4812357000.0,웅남동,성산구,"경상남도 창원시 성산구 공단로98번길 8 (신촌동, 부경테크)",4,4,0,0,6.0,442.2,False,False,False,False,False,4,4,0,0
LOC001508,35.2114269701604,128.646281981855,4812357000.0,웅남동,성산구,"경상남도 창원시 성산구 월림로39번길 73 (신촌동, 윤화스너)",1,1,0,0,12.0,1591.33,False,False,False,False,False,1,1,0,0
LOC001509,35.211432671356,128.650476002999,4812357000.0,웅남동,성산구,경상남도 창원시 성산구 연덕로27번길 66 (웅남동),2,2,0,0,14.0,945.0,False,False,False,False,False,2,2,0,0
LOC001510,35.2114388752806,128.649048803971,4812357000.0,웅남동,성산구,경상남도 창원시 성산구 연덕로27번길 77 (웅남동),2,2,0,0,10.0,309.0,False,False,False,False,False,2,2,0,0
LOC001511,35.2114420054407,128.601659143686,4812762000.0,봉암동,마산회원구,경상남도 창원시 마산회원구 무역로 139 (봉암동),1,1,0,0,,,False,False,False,False,False,1,1,0,0
LOC001512,35.2114437101522,128.599274060376,4812762000.0,봉암동,마산회원구,경상남도 창원시 마산회원구 무역로 115 (봉암동),1,0,1,0,,,False,True,False,False,False,1,0,0,1
LOC001513,35.2114468000969,128.645877508466,4812357000.0,웅남동,성산구,경상남도 창원시 성산구 월림로39번길 63-2 (신촌동),2,2,0,0,6.0,212.5,False,False,False,False,False,2,2,0,0
LOC001514,35.2115123074262,128.641172427929,4812357000.0,웅남동,성산구,경상남도 창원시 성산구 월림로25번길 23 (신촌동),4,2,2,0,25.0,680.9,True,True,False,False,False,2,2,0,1
LOC001515,35.2115201446737,128.600780095508,4812762000.0,봉암동,마산회원구,"경상남도 창원시 마산회원구 봉암공단로 83 (봉암동, 지원중기)",1,1,0,0,,,False,False,False,False,False,1,1,0,0
LOC001516,35.2115200920545,128.639247810718,4812357000.0,웅남동,성산구,"경상남도 창원시 성산구 월림로 19 (신촌동, 태광특수기계(주))",1,1,0,0,25.0,3596.4,False,False,False,False,False,1,1,0,0
LOC001517,35.2115281575145,128.602817047607,4812762000.0,봉암동,마산회원구,경상남도 창원시 마산회원구 무역로 153 (봉암동),4,1,3,0,,,True,True,False,False,False,2,1,0,2
LOC001518,35.2115369219399,128.642101927676,4812357000.0,웅남동,성산구,경상남도 창원시 성산구 월림로39번길 33 (신촌동),5,3,2,0,29.0,2031.94,True,True,False,False,False,3,3,0,1
LOC001519,35.2115544808113,128.609011733844,4812357000.0,웅남동,성산구,경상남도 창원시 성산구 적현로 124 (신촌동),4,3,0,1,568.0,68230.101,False,False,False,False,False,2,2,1,0
LOC001520,35.211575603671,128.636290714772,4812357000.0,웅남동,성산구,경상남도 창원시 성산구 공단로98번길 9 (신촌동),5,3,2,0,5.0,610.5,True,True,False,False,False,3,3,0,1
LOC001521,35.2115761005765,128.644785409231,4812357000.0,웅남동,성산구,"경상남도 창원시 성산구 월림로39번길 57 (신촌동, 덕성테크)",1,1,0,0,8.0,1341.73,False,False,False,False,False,1,1,0,0
LOC001522,35.2115772161414,128.626106158064,4812357000.0,웅남동,성산구,경상남도 창원시 성산구 공단로21번길 27 (신촌동),4,3,1,0,180.0,16659.989999999998,False,True,False,False,False,4,3,0,1
LOC001523,35.2115850726398,128.659933172857,4812357000.0,웅남동,성산구,경상남도 창원시 성산구 연덕로 84 (웅남동),4,1,2,1,106.0,15104.74,True,True,False,False,True,3,1,1,1
LOC001524,35.2115909991432,128.601139913676,4812762000.0,봉암동,마산회원구,"경상남도 창원시 마산회원구 무역로 135 (봉암동, 동성중공업)",1,1,0,0,,,False,False,False,False,False,1,1,0,0
LOC001525,35.2115964520427,128.639871318341,4812357000.0,웅남동,성산구,경상남도 창원시 성산구 월림로25번길 9 (신촌동),3,2,1,0,20.0,1641.36,False,True,False,False,False,3,2,0,1
LOC001526,35.2116076675312,128.645506408908,4812357000.0,웅남동,성산구,"경상남도 창원시 성산구 월림로39번길 63-14, 가온테크(신촌동, 동화정밀)",3,3,0,0,12.0,990.57,False,False,False,False,False,3,3,0,0
LOC001527,35.2116182489716,128.603241376047,4812762000.0,봉암동,마산회원구,경상남도 창원시 마산회원구 무역로 155 (봉암동),1,0,1,0,,,True,False,False,False,False,1,0,0,1
LOC001528,35.2116277511756,128.65021420873,4812357000.0,웅남동,성산구,"경상남도 창원시 성산구 연덕로27번길 70 (웅남동, (주)창일)",2,2,0,0,14.0,487.49,False,False,False,False,False,2,2,0,0
LOC001529,35.2116465261602,128.648856331794,4812357000.0,웅남동,성산구,"경상남도 창원시 성산구 연덕로15번길 84-16 (웅남동, 금창정밀)",3,2,0,1,19.0,1259.48,False,False,False,False,False,2,2,1,0
LOC001530,35.2116664729518,128.601933801338,4812762000.0,봉암동,마산회원구,경상남도 창원시 마산회원구 봉암공단12길 30 (봉암동),3,1,2,0,,,True,True,False,False,False,2,1,0,1
LOC001531,35.2116680714052,128.627600642345,4812357000.0,웅남동,성산구,경상남도 창원시 성산구 공단로21번길 18 (신촌동),6,2,3,1,292.0,23336.88,True,True,False,False,True,2,1,1,2
LOC001532,35.2116710423462,128.600511931646,4812762000.0,봉암동,마산회원구,경상남도 창원시 마산회원구 봉암공단로 81 (봉암동),1,0,1,0,,,True,False,False,False,False,1,0,0,1
LOC001533,35.2116730255306,128.598622759207,4812762000.0,봉암동,마산회원구,경상남도 창원시 마산회원구 봉암공단14길 15 (봉암동),1,1,0,0,,,False,False,False,False,False,1,1,0,0
LOC001534,35.2116846480142,128.601534222016,4812762000.0,봉암동,마산회원구,"경상남도 창원시 마산회원구 봉암공단12길 20 (봉암동, 대룡정밀) 외 1필지",1,1,0,0,,,False,False,False,False,False,1,1,0,0
LOC001535,35.2116875928396,128.599437083876,4812762000.0,봉암동,마산회원구,경상남도 창원시 마산회원구 봉암공단14길 7 (봉암동),1,1,0,0,,,False,False,False,False,False,1,1,0,0
LOC001536,35.2117021360213,128.62583708477,4812357000.0,웅남동,성산구,경상남도 창원시 성산구 공단로21번길 30 (신촌동),4,2,2,0,27.0,626.04,True,True,False,False,False,1,1,0,1
LOC001537,35.211704893044,128.641259322211,4812357000.0,웅남동,성산구,경상남도 창원시 성산구 월림로25번길 25 (신촌동),6,4,2,0,12.0,492.49,True,True,False,False,False,4,4,0,1
LOC001538,35.2117051117306,128.598991040221,4812762000.0,봉암동,마산회원구,경상남도 창원시 마산회원구 봉암공단14길 11 (봉암동),1,1,0,0,,,False,False,False,False,False,1,1,0,0
LOC001539,35.211708863496,128.626771827953,4812357000.0,웅남동,성산구,경상남도 창원시 성산구 공단로21번길 15 (신촌동),3,1,2,0,,,True,True,False,False,False,1,1,0,1
LOC001540,35.2117096036272,128.599210423661,4812762000.0,봉암동,마산회원구,경상남도 창원시 마산회원구 봉암공단14길 9 (봉암동),1,1,0,0,,,False,False,False,False,False,1,1,0,0
LOC001541,35.211728623444,128.592264388894,4812762000.0,봉암동,마산회원구,경상남도 창원시 마산회원구 무역로 51 (양덕동),3,1,2,0,,,True,True,False,False,False,1,1,0,1
LOC001542,35.2117331892263,128.59274622568,4812762000.0,봉암동,마산회원구,경상남도 창원시 마산회원구 자유무역3길 19 (양덕동),2,1,1,0,,,True,False,False,False,False,1,1,0,1
LOC001543,35.2117355847305,128.601764510833,4812762000.0,봉암동,마산회원구,"경상남도 창원시 마산회원구 봉암공단12길 26 (봉암동, 태우공업사)",1,1,0,0,,,False,False,False,False,False,1,1,0,0
LOC001544,35.2117378701714,128.602082133129,4812762000.0,봉암동,마산회원구,"경상남도 창원시 마산회원구 봉암공단12길 32 (봉암동, 동성정밀)",2,1,0,1,,,False,False,False,True,False,2,1,1,0
LOC001545,35.2117492854098,128.602356778596,4812762000.0,봉암동,마산회원구,경상남도 창원시 마산회원구 봉암공단12길 36 (봉암동),3,1,2,0,,,True,True,False,False,False,1,1,0,1
LOC001546,35.2117499105657,128.624984029818,4812357000.0,웅남동,성산구,경상남도 창원시 성산구 공단로21번길 40 (신촌동),3,2,1,0,6.0,300.0,False,True,False,False,False,2,2,0,1
LOC001547,35.2117541909783,128.625410295407,4812357000.0,웅남동,성산구,경상남도 창원시 성산구 공단로21번길 34(신촌동),2,2,0,0,17.0,1135.03,False,False,False,False,False,2,2,0,0
LOC001548,35.2117798316558,128.597761946789,4812762000.0,봉암동,마산회원구,경상남도 창원시 마산회원구 봉암공단14길 23 (봉암동),1,0,0,1,,,False,False,False,True,True,1,0,1,0
LOC001549,35.2117813637322,128.641501788534,4812357000.0,웅남동,성산구,"경상남도 창원시 성산구 월림로25번길 27 (신촌동, 한오정밀)",2,2,0,0,22.0,971.77,False,False,False,False,False,2,2,0,0
LOC001550,35.211782439748,128.649953572399,4812357000.0,웅남동,성산구,"경상남도 창원시 성산구 연덕로27번길 74 (웅남동, 영동기계)",1,1,0,0,5.0,561.0,False,False,False,False,False,1,1,0,0
LOC001551,35.2117846421048,128.602933220036,4812762000.0,봉암동,마산회원구,경상남도 창원시 마산회원구 봉암공단12길 46 (봉암동),3,1,2,0,,,True,True,False,False,False,1,1,0,1
LOC001552,35.2117946216899,128.648106788011,4812357000.0,웅남동,성산구,경상남도 창원시 성산구 연덕로15번길 84-13 (웅남동),1,1,0,0,8.0,1448.6,False,False,False,False,False,1,1,0,0
LOC001553,35.2118071356606,128.644124940761,4812357000.0,웅남동,성산구,경상남도 창원시 성산구 월림로39번길 53 (신촌동),3,3,0,0,51.0,2382.0,False,False,False,False,False,3,3,0,0
LOC001554,35.2118143179549,128.601889706501,4812762000.0,봉암동,마산회원구,경상남도 창원시 마산회원구 봉암공단12길 28 (봉암동),1,1,0,0,,,False,False,False,False,False,1,1,0,0
LOC001555,35.2118169109158,128.603347957254,4812762000.0,봉암동,마산회원구,경상남도 창원시 마산회원구 봉암공단12길 54 (봉암동),5,1,4,0,,,True,True,False,False,False,2,1,0,2
LOC001556,35.2118170759777,128.600768355492,4812762000.0,봉암동,마산회원구,경상남도 창원시 마산회원구 봉암공단로 79 (봉암동),1,1,0,0,,,False,False,False,False,False,1,1,0,0
LOC001557,35.2118217971749,128.639708827161,4812357000.0,웅남동,성산구,"경상남도 창원시 성산구 월림로 17-20 (신촌동, 삼부기계)",3,3,0,0,19.0,2215.68,False,False,False,False,False,3,3,0,0
LOC001558,35.2118241444328,128.635731928825,4812357000.0,웅남동,성산구,"경상남도 창원시 성산구 공단로98번길 6 (신촌동, 훌루테크(주)) 외 1필지",2,2,0,0,50.0,1001.64,False,False,False,False,False,2,2,0,0
LOC001559,35.2118258035179,128.626130882294,4812357000.0,웅남동,성산구,경상남도 창원시 성산구 공단로21번길 28 (신촌동),5,3,2,0,51.0,2962.1000000000004,True,True,False,False,False,3,3,0,1
LOC001560,35.2118285349029,128.603212018379,4812762000.0,봉암동,마산회원구,경상남도 창원시 마산회원구 봉암공단12길 52 (봉암동),3,1,2,0,,,True,True,False,False,False,1,1,0,1
LOC001561,35.2118342232514,128.601243521516,4812762000.0,봉암동,마산회원구,"경상남도 창원시 마산회원구 봉암공단12길 16 (봉암동, 주택)",1,1,0,0,,,False,False,False,False,False,1,1,0,0
LOC001562,35.2118351682566,128.640198637137,4812357000.0,웅남동,성산구,"경상남도 창원시 성산구 월림로 17-26 (신촌동, 태광중공업)",2,2,0,0,0.0,528.0,False,False,False,False,False,2,2,0,0
LOC001563,35.2118634018125,128.602750063826,4812762000.0,봉암동,마산회원구,경상남도 창원시 마산회원구 봉암공단12길 42 (봉암동),6,2,4,0,,,True,True,False,False,False,2,2,0,2
LOC001564,35.211867205765,128.636139975406,4812357000.0,웅남동,성산구,경상남도 창원시 성산구 공단로98번길 7(신촌동),2,2,0,0,6.0,330.0,False,False,False,False,False,2,2,0,0
LOC001565,35.2118751960498,128.604036859352,4812762000.0,봉암동,마산회원구,경상남도 창원시 마산회원구 무역로 163 (봉암동),1,0,1,0,,,False,True,False,False,False,1,0,0,1
LOC001566,35.2118975052519,128.650530216275,4812357000.0,웅남동,성산구,경상남도 창원시 성산구 공단로 280 (웅남동),6,2,2,2,104.0,18142.22,True,True,False,False,True,3,2,2,1
LOC001567,35.2118994602177,128.603599953301,4812762000.0,봉암동,마산회원구,경상남도 창원시 마산회원구 무역로 161 (봉암동),1,0,1,0,,,True,False,False,False,False,1,0,0,1
LOC001568,35.2119040985537,128.644802238831,4812357000.0,웅남동,성산구,경상남도 창원시 성산구 월림로39번길 63-15 (신촌동),1,1,0,0,35.0,2974.92,False,False,False,False,False,1,1,0,0
LOC001569,35.2119048364719,128.594638358234,4812762000.0,봉암동,마산회원구,경상남도 창원시 마산회원구 양덕동 974-21번지,1,1,0,0,,,False,False,False,False,False,1,1,0,0
LOC001570,35.2119207054469,128.64352656018,4812357000.0,웅남동,성산구,"경상남도 창원시 성산구 공단로166번길 34 (신촌동, (주)에스에이테크)",2,1,1,0,69.0,1324.52,False,True,False,False,False,1,1,0,1
LOC001571,35.2119225022666,128.601089980237,4812762000.0,봉암동,마산회원구,경상남도 창원시 마산회원구 봉암공단12길 12 (봉암동),5,1,4,0,,,True,True,False,False,False,2,1,0,2
LOC001572,35.2119476022594,128.641816891653,4812357000.0,웅남동,성산구,"경상남도 창원시 성산구 월림로25번길 29 (신촌동, 한일산기)",1,1,0,0,6.0,344.0,False,False,False,False,False,1,1,0,0
LOC001573,35.2119884685957,128.649576036013,4812357000.0,웅남동,성산구,경상남도 창원시 성산구 연덕로27번길 78 (웅남동),1,1,0,0,54.0,2527.63,False,False,False,False,False,1,1,0,0
LOC001574,35.2119940831965,128.646019013368,4812357000.0,웅남동,성산구,경상남도 창원시 성산구 창곡로 46 (신촌동),5,4,1,0,12.0,1176.0,True,False,False,False,False,4,4,0,1
LOC001575,35.2120064178952,128.642570068663,4812357000.0,웅남동,성산구,경상남도 창원시 성산구 월림로39번길 37 (신촌동),1,0,1,0,,,False,True,False,False,False,1,0,0,1
LOC001576,35.2120094563301,128.645339038772,4812357000.0,웅남동,성산구,"경상남도 창원시 성산구 월림로39번길 63-18 (신촌동, 화성)",3,3,0,0,6.0,1024.23,False,False,False,False,False,3,3,0,0
LOC001577,35.2120115025292,128.648288738112,4812357000.0,웅남동,성산구,"경상남도 창원시 성산구 연덕로15번길 84-19 (웅남동, 진광정밀)",1,1,0,0,8.0,1171.76,False,False,False,False,False,1,1,0,0
LOC001578,35.2120307563256,128.597439402303,4812762000.0,봉암동,마산회원구,경상남도 창원시 마산회원구 봉암공단14길 26 (봉암동),1,0,1,0,,,False,True,False,False,False,1,0,0,1
LOC001579,35.212032127028,128.591259378164,4812762000.0,봉암동,마산회원구,경상남도 창원시 마산회원구 자유무역2길 26 (양덕동),2,1,1,0,,,True,False,False,False,False,1,1,0,1
LOC001580,35.2120619909315,128.595939201268,4812762000.0,봉암동,마산회원구,경상남도 창원시 마산회원구 봉암공단10길 79 (봉암동),1,1,0,0,,,False,False,False,False,False,1,1,0,0
LOC001581,35.2120626602154,128.638766431961,4812357000.0,웅남동,성산구,"경상남도 창원시 성산구 월림로 17-5 (신촌동, 보명금속(주))",1,1,0,0,23.0,1221.84,False,False,False,False,False,1,1,0,0
LOC001582,35.2120819383614,128.596319654344,4812762000.0,봉암동,마산회원구,경상남도 창원시 마산회원구 봉암공단14길 36 5동 (봉암동)[*미고시],1,0,1,0,,,True,False,False,False,False,1,0,0,1
LOC001583,35.2121199885832,128.642987227078,4812357000.0,웅남동,성산구,경상남도 창원시 성산구 월림로39번길 41 (신촌동),4,4,0,0,15.0,693.8,False,False,False,False,False,4,4,0,0
LOC001584,35.2121295177339,128.600660504217,4812762000.0,봉암동,마산회원구,경상남도 창원시 마산회원구 봉암공단로 75 (봉암동),5,1,4,0,,,True,True,False,False,False,2,1,0,2
LOC001585,35.2121443953553,128.598136305917,4812762000.0,봉암동,마산회원구,경상남도 창원시 마산회원구 봉암공단14길 20-1(봉암동),2,1,1,0,,,False,True,False,False,False,1,1,0,1
LOC001586,35.2121503759716,128.598372740725,4812762000.0,봉암동,마산회원구,경상남도 창원시 마산회원구 봉암공단14길 18(봉암동),1,1,0,0,,,False,False,False,False,False,1,1,0,0
LOC001587,35.2121519427164,128.644854787655,4812357000.0,웅남동,성산구,경상남도 창원시 성산구 월림로39번길 63-23 (신촌동),1,1,0,0,6.0,1681.01,False,False,False,False,False,1,1,0,0
LOC001588,35.2121609344992,128.600077025803,4812762000.0,봉암동,마산회원구,경상남도 창원시 마산회원구 봉암공단로 76 (봉암동),1,1,0,0,,,False,False,False,False,False,1,1,0,0
LOC001589,35.2121712904662,128.636005847521,4812357000.0,웅남동,성산구,경상남도 창원시 성산구 공단로98번길 1 (신촌동),3,3,0,0,18.0,2563.6499999999996,False,False,False,False,False,3,3,0,0
LOC001590,35.2121729021299,128.649268670047,4812357000.0,웅남동,성산구,경상남도 창원시 성산구 연덕로27번길 82 (웅남동),3,2,1,0,58.0,1610.82,True,False,False,False,False,3,2,0,1
LOC001591,35.2121966383237,128.597312304377,4812762000.0,봉암동,마산회원구,경상남도 창원시 마산회원구 봉암동 660-288번지,1,1,0,0,,,False,False,False,False,False,1,1,0,0
LOC001592,35.2122011657866,128.601321447873,4812762000.0,봉암동,마산회원구,경상남도 창원시 마산회원구 봉암공단12길 17 (봉암동),3,1,2,0,,,True,True,False,False,False,1,1,0,1
LOC001593,35.2122017805773,128.60154064672,4812762000.0,봉암동,마산회원구,경상남도 창원시 마산회원구 봉암공단12길 21 (봉암동),1,1,0,0,,,False,False,False,False,False,1,1,0,0
LOC001594,35.2122058799722,128.60469477585,4812762000.0,봉암동,마산회원구,"경상남도 창원시 마산회원구 봉암공단12길 79 (봉암동, 광백금속)",1,1,0,0,,,False,False,False,False,False,1,1,0,0
LOC001595,35.2122103185554,128.598651742977,4812762000.0,봉암동,마산회원구,경상남도 창원시 마산회원구 봉암동 660-291번지,1,1,0,0,,,False,False,False,False,False,1,1,0,0
LOC001596,35.2122296614103,128.597036222285,4812762000.0,봉암동,마산회원구,경상남도 창원시 마산회원구 봉암공단14길 30 (봉암동),1,1,0,0,,,False,False,False,False,False,1,1,0,0
LOC001597,35.2122303774854,128.643346561235,4812357000.0,웅남동,성산구,"경상남도 창원시 성산구 공단로166번길 30 (신촌동, 유성정밀)",1,1,0,0,14.0,905.73,False,False,False,False,False,1,1,0,0
LOC001598,35.2122313553314,128.639426390951,4812357000.0,웅남동,성산구,"경상남도 창원시 성산구 월림로 17-25 (신촌동, (주)수덕산업기계)",2,1,1,0,52.0,2662.31,True,False,False,False,False,2,1,0,1
LOC001599,35.2122315390493,128.59717396473,4812762000.0,봉암동,마산회원구,경상남도 창원시 마산회원구 봉암공단14길 28-1(봉암동),1,1,0,0,,,False,False,False,False,False,1,1,0,0
LOC001600,35.2122315137916,128.601922611504,4812762000.0,봉암동,마산회원구,경상남도 창원시 마산회원구 봉암공단12길 25(봉암동) 외 1필지,2,1,1,0,,,True,False,False,False,False,1,1,0,1
LOC001601,35.2122318129083,128.639079832345,4812357000.0,웅남동,성산구,"경상남도 창원시 성산구 월림로 17-15 (신촌동, (주)유한테크)",4,4,0,0,17.0,1050.58,False,False,False,False,False,4,4,0,0
LOC001602,35.2122394958527,128.599642609666,4812762000.0,봉암동,마산회원구,경상남도 창원시 마산회원구 봉암동 660-318번지,2,1,1,0,,,False,True,False,False,False,2,1,0,1
LOC001603,35.212244057072,128.602289084504,4812762000.0,봉암동,마산회원구,경상남도 창원시 마산회원구 봉암공단12길 33 (봉암동),3,1,2,0,,,True,True,False,False,False,1,1,0,1
LOC001604,35.2122507821509,128.626871699077,4812357000.0,웅남동,성산구,"경상남도 창원시 성산구 공단로21번길 20 (신촌동, 대일전기(주)공장)",1,1,0,0,23.0,577.84,False,False,False,False,False,1,1,0,0
LOC001605,35.2122526041634,128.598943796544,4812762000.0,봉암동,마산회원구,경상남도 창원시 마산회원구 봉암공단14길 14 (봉암동),2,1,1,0,,,False,True,False,False,False,2,1,0,1
LOC001606,35.2122555305509,128.599090674088,4812762000.0,봉암동,마산회원구,경상남도 창원시 마산회원구 봉암공단14길 12 (봉암동),1,1,0,0,,,False,False,False,False,False,1,1,0,0
LOC001607,35.2122578056884,128.645473739086,4812357000.0,웅남동,성산구,경상남도 창원시 성산구 월림로39번길 63-22 (신촌동),2,2,0,0,6.0,1059.74,False,False,False,False,False,2,2,0,0
LOC001608,35.2122733549804,128.64411721198,4812357000.0,웅남동,성산구,"경상남도 창원시 성산구 공단로166번길 31 (신촌동, 주식회사정민기전)",1,1,0,0,134.0,3720.0,False,False,False,False,False,1,1,0,0
LOC001609,35.2122734649683,128.658273543342,4812357000.0,웅남동,성산구,경상남도 창원시 성산구 공단로 303 (웅남동),7,4,0,3,1082.0,122078.06,False,False,False,False,False,4,3,3,0
LOC001610,35.212291289019,128.602996440494,4812762000.0,봉암동,마산회원구,"경상남도 창원시 마산회원구 봉암공단12길 49 (봉암동, 한생계량기공업사)",1,1,0,0,,,False,False,False,False,False,1,1,0,0
LOC001611,35.2123016525183,128.595964757179,4812762000.0,봉암동,마산회원구,경상남도 창원시 마산회원구 봉암공단10길 79-2 (봉암동),1,1,0,0,,,False,False,False,False,False,1,1,0,0
LOC001612,35.212302523015,128.599422023668,4812762000.0,봉암동,마산회원구,경상남도 창원시 마산회원구 봉암공단14길 8 (봉암동),1,1,0,0,,,False,False,False,False,False,1,1,0,0
LOC001613,35.2123096321646,128.602080630151,4812762000.0,봉암동,마산회원구,경상남도 창원시 마산회원구 봉암공단12길 31 1층 (봉암동),3,1,2,0,,,True,True,False,False,False,1,1,0,1
LOC001614,35.2123219542874,128.603287279563,4812762000.0,봉암동,마산회원구,경상남도 창원시 마산회원구 봉암공단12길 53 (봉암동),1,1,0,0,,,False,False,False,False,False,1,1,0,0
LOC001615,35.2123223901186,128.665055872676,4812357000.0,웅남동,성산구,"경상남도 창원시 성산구 완암로 101 (웅남동, 한국화낙)",1,1,0,0,116.0,13786.45,False,False,False,False,False,1,1,0,0
LOC001616,35.2123239498699,128.603415580557,4812762000.0,봉암동,마산회원구,경상남도 창원시 마산회원구 봉암공단12길 55 (봉암동),2,1,1,0,,,False,True,False,False,False,1,1,0,1
LOC001617,35.2123306205826,128.603653567026,4812762000.0,봉암동,마산회원구,"경상남도 창원시 마산회원구 봉암공단12길 59 (봉암동, 삼원)",1,1,0,0,,,False,False,False,False,False,1,1,0,0
LOC001618,35.2123390148608,128.602475327044,4812762000.0,봉암동,마산회원구,경상남도 창원시 마산회원구 봉암공단12길 37 (봉암동),7,1,6,0,,,True,True,False,False,False,3,1,0,3
LOC001619,35.2123415782278,128.598239222672,4812762000.0,봉암동,마산회원구,경상남도 창원시 마산회원구 봉암공단10길 41-1 (봉암동),1,0,1,0,,,False,True,False,False,False,1,0,0,1
LOC001620,35.2123480121797,128.600610106947,4812762000.0,봉암동,마산회원구,경상남도 창원시 마산회원구 봉암공단로 73 (봉암동),3,1,2,0,,,True,True,False,False,False,2,1,0,1
LOC001621,35.2123611056192,128.604399907963,4812762000.0,봉암동,마산회원구,경상남도 창원시 마산회원구 봉암공단12길 73 (봉암동),1,1,0,0,,,False,False,False,False,False,1,1,0,0
LOC001622,35.2123637213802,128.602841929895,4812762000.0,봉암동,마산회원구,경상남도 창원시 마산회원구 봉암공단12길 43 (봉암동),3,1,2,0,,,True,True,False,False,False,1,1,0,1
LOC001623,35.2123734383548,128.602659391733,4812762000.0,봉암동,마산회원구,경상남도 창원시 마산회원구 봉암공단12길 41 (봉암동),2,2,0,0,,,False,False,False,False,False,2,2,0,0
LOC001624,35.2123864054134,128.648573813661,4812357000.0,웅남동,성산구,경상남도 창원시 성산구 연덕로27번길 84 (웅남동),4,4,0,0,12.0,928.2,False,False,False,False,False,4,4,0,0
LOC001625,35.2123897281208,128.64596550635,4812357000.0,웅남동,성산구,"경상남도 창원시 성산구 창곡로 40 (신촌동, (주)현전사)",3,3,0,0,42.0,2918.04,False,False,False,False,False,3,3,0,0
LOC001626,35.2123929840263,128.604530993398,4812762000.0,봉암동,마산회원구,경상남도 창원시 마산회원구 봉암공단12길 75 (봉암동),1,1,0,0,,,False,False,False,False,False,1,1,0,0
LOC001627,35.2124059460967,128.604049388024,4812762000.0,봉암동,마산회원구,경상남도 창원시 마산회원구 봉암공단12길 67 (봉암동),6,2,4,0,,,True,True,False,False,False,4,2,0,3
LOC001628,35.2124061184778,128.638779704849,4812357000.0,웅남동,성산구,경상남도 창원시 성산구 월림로 9 (신촌동),2,1,0,1,40.0,1908.73,False,False,False,False,False,1,1,1,0
LOC001629,35.212409924997,128.595962154692,4812762000.0,봉암동,마산회원구,경상남도 창원시 마산회원구 봉암공단10길 79-3 (봉암동),1,0,1,0,,,False,True,False,False,False,1,0,0,1
LOC001630,35.2124201441004,128.601425239731,4812762000.0,봉암동,마산회원구,경상남도 창원시 마산회원구 봉암공단12길 19 (봉암동),1,1,0,0,,,False,False,False,False,False,1,1,0,0
LOC001631,35.2124226549588,128.596759978619,4812762000.0,봉암동,마산회원구,경상남도 창원시 마산회원구 봉암동 660-287번지,1,1,0,0,,,False,False,False,False,False,1,1,0,0
LOC001632,35.2124704427795,128.599952422257,4812762000.0,봉암동,마산회원구,경상남도 창원시 마산회원구 봉암공단로 72 (봉암동),1,1,0,0,,,False,False,False,False,False,1,1,0,0
LOC001633,35.2125046542935,128.592019396388,4812762000.0,봉암동,마산회원구,경상남도 창원시 마산회원구 자유무역2길 40 (양덕동),1,1,0,0,,,False,False,False,False,False,1,1,0,0
LOC001634,35.2125064247543,128.590342137924,4812762000.0,봉암동,마산회원구,경상남도 창원시 마산회원구 자유무역2길 39(양덕동),2,2,0,0,,,False,False,False,False,False,2,2,0,0
LOC001635,35.2125186392894,128.595960219733,4812762000.0,봉암동,마산회원구,경상남도 창원시 마산회원구 봉암공단10길 79-4 (봉암동),2,1,1,0,,,False,True,False,False,False,1,1,0,1
LOC001636,35.2125575946585,128.605091755839,4812762000.0,봉암동,마산회원구,경상남도 창원시 마산회원구 봉암공단3길 108 (봉암동),3,1,2,0,,,True,True,False,False,False,1,1,0,1
LOC001637,35.2125824920023,128.645813683684,4812357000.0,웅남동,성산구,경상남도 창원시 성산구 창곡로 36(신촌동),3,3,0,0,16.0,1866.78,False,False,False,False,False,3,3,0,0
LOC001638,35.2125838696216,128.59863886207,4812762000.0,봉암동,마산회원구,경상남도 창원시 마산회원구 봉암공단10길 29 (봉암동),1,0,1,0,,,False,True,False,False,False,1,0,0,1
LOC001639,35.2125866453095,128.598496927535,4812762000.0,봉암동,마산회원구,경상남도 창원시 마산회원구 봉암공단10길 31(봉암동),1,1,0,0,,,False,False,False,False,False,1,1,0,0
LOC001640,35.2125958352233,128.598933836375,4812762000.0,봉암동,마산회원구,경상남도 창원시 마산회원구 봉암공단10길 23 (봉암동),1,1,0,0,,,False,False,False,False,False,1,1,0,0
LOC001641,35.2125993952068,128.599080507338,4812762000.0,봉암동,마산회원구,"경상남도 창원시 마산회원구 봉암공단10길 21, 제5동 (봉암동)",1,1,0,0,,,False,False,False,False,False,1,1,0,0
LOC001642,35.2126022255096,128.599227822879,4812762000.0,봉암동,마산회원구,경상남도 창원시 마산회원구 봉암공단10길 19 (봉암동) 주식회사 소담엠텍,1,1,0,0,,,False,False,False,False,False,1,1,0,0
LOC001643,35.2126030543377,128.597165100267,4812762000.0,봉암동,마산회원구,경상남도 창원시 마산회원구 봉암공단10길 55 (봉암동),6,4,2,0,,,False,True,False,False,False,5,4,0,2
LOC001644,35.2126172285043,128.596753357121,4812762000.0,봉암동,마산회원구,경상남도 창원시 마산회원구 봉암공단10길 63 (봉암동),4,1,2,1,,,True,True,False,False,False,2,1,1,2
LOC001645,35.2126280220542,128.597301428895,4812762000.0,봉암동,마산회원구,경상남도 창원시 마산회원구 봉암공단10길 53 (봉암동),1,0,1,0,,,False,True,False,False,False,1,0,0,1
LOC001646,35.2126308725477,128.602955677894,4812762000.0,봉암동,마산회원구,경상남도 창원시 마산회원구 봉암공단11길 46 (봉암동),5,3,2,0,,,True,True,False,False,False,3,3,0,1
LOC001647,35.2126387599332,128.636985535529,4812357000.0,웅남동,성산구,경상남도 창원시 성산구 공단로 116 (신촌동),5,2,0,3,46.0,31193.2,False,False,False,False,False,4,2,3,0
LOC001648,35.2126500844242,128.599527674431,4812762000.0,봉암동,마산회원구,경상남도 창원시 마산회원구 봉암공단10길 13 (봉암동),2,1,1,0,,,True,False,False,False,False,2,1,0,1
LOC001649,35.2126661217018,128.638406955,4812357000.0,웅남동,성산구,경상남도 창원시 성산구 월림로 7 (신촌동),3,1,2,0,,,True,True,False,False,False,1,1,0,1
LOC001650,35.2126806477511,128.599826857486,4812762000.0,봉암동,마산회원구,경상남도 창원시 마산회원구 봉암공단10길 5 (봉암동),1,1,0,0,,,False,False,False,False,False,1,1,0,0
LOC001651,35.212681298696,128.603421620241,4812762000.0,봉암동,마산회원구,경상남도 창원시 마산회원구 봉암공단11길 54 (봉암동),1,0,1,0,,,True,False,False,False,False,1,0,0,1
LOC001652,35.212682291305,128.598242497635,4812762000.0,봉암동,마산회원구,경상남도 창원시 마산회원구 봉암공단10길 35(봉암동),2,1,1,0,,,False,True,False,False,False,1,1,0,1
LOC001653,35.2126835436832,128.60431324115,4812762000.0,봉암동,마산회원구,경상남도 창원시 마산회원구 봉암공단11길 72 (봉암동),2,1,1,0,,,False,True,False,False,False,1,1,0,1
LOC001654,35.2126851719949,128.601311297763,4812762000.0,봉암동,마산회원구,"경상남도 창원시 마산회원구 봉암공단11길 18 (봉암동, 대영철강)",1,1,0,0,,,False,False,False,False,False,1,1,0,0
LOC001655,35.2126856446029,128.60450150302,4812762000.0,봉암동,마산회원구,경상남도 창원시 마산회원구 봉암공단11길 76 (봉암동),1,1,0,0,,,False,False,False,False,False,1,1,0,0
LOC001656,35.2126869152272,128.601669983431,4812762000.0,봉암동,마산회원구,경상남도 창원시 마산회원구 봉암공단11길 24 (봉암동),1,1,0,0,,,False,False,False,False,False,1,1,0,0
LOC001657,35.2126903949353,128.601529600112,4812762000.0,봉암동,마산회원구,경상남도 창원시 마산회원구 봉암공단11길 22 (봉암동),1,1,0,0,,,False,False,False,False,False,1,1,0,0
LOC001658,35.2126925034287,128.601799343902,4812762000.0,봉암동,마산회원구,경상남도 창원시 마산회원구 봉암공단11길 26 (봉암동),1,1,0,0,,,False,False,False,False,False,1,1,0,0
LOC001659,35.2126941997256,128.601916328786,4812762000.0,봉암동,마산회원구,경상남도 창원시 마산회원구 봉암공단11길 28 (봉암동),1,1,0,0,,,False,False,False,False,False,1,1,0,0
LOC001660,35.212711349061,128.603180511374,4812762000.0,봉암동,마산회원구,경상남도 창원시 마산회원구 봉암공단11길 50 (봉암동),3,1,2,0,,,True,True,False,False,False,1,1,0,1
LOC001661,35.2127205673487,128.603593592065,4812762000.0,봉암동,마산회원구,경상남도 창원시 마산회원구 봉암공단11길 60 (봉암동),2,0,2,0,,,True,True,False,False,False,1,0,0,1
LOC001662,35.2127600051934,128.600695724007,4812762000.0,봉암동,마산회원구,경상남도 창원시 마산회원구 봉암공단로 67 (봉암동),2,0,2,0,,,True,True,False,False,False,1,0,0,1
LOC001663,35.2127627068367,128.597441774218,4812762000.0,봉암동,마산회원구,경상남도 창원시 마산회원구 봉암동 660-289번지,1,1,0,0,,,False,False,False,False,False,1,1,0,0
LOC001664,35.2127831597967,128.6451931184,4812357000.0,웅남동,성산구,경상남도 창원시 성산구 공단로166번길 27-28 (신촌동),4,4,0,0,13.0,1245.63,False,False,False,False,False,4,4,0,0
LOC001665,35.2127985563058,128.644736606948,4812357000.0,웅남동,성산구,경상남도 창원시 성산구 월림로39번길 63-35 (신촌동),4,3,1,0,19.0,1605.3600000000001,False,True,False,False,False,3,3,0,1
LOC001666,35.2128032059957,128.647721198479,4812357000.0,웅남동,성산구,경상남도 창원시 성산구 공단로 228-35 (웅남동),7,2,3,2,6.0,5414.56,True,True,False,False,True,5,2,2,2
LOC001667,35.2128539068568,128.604678100748,4812762000.0,봉암동,마산회원구,경상남도 창원시 마산회원구 봉암공단11길 80 (봉암동),1,1,0,0,,,False,False,False,False,False,1,1,0,0
LOC001668,35.212854307762,128.604960549809,4812762000.0,봉암동,마산회원구,경상남도 창원시 마산회원구 봉암공단11길 84 (봉암동),1,1,0,0,,,False,False,False,False,False,1,1,0,0
LOC001669,35.212856384194,128.604837928637,4812762000.0,봉암동,마산회원구,경상남도 창원시 마산회원구 봉암공단11길 82 (봉암동),1,1,0,0,,,False,False,False,False,False,1,1,0,0
LOC001670,35.2128632930883,128.605084926148,4812762000.0,봉암동,마산회원구,경상남도 창원시 마산회원구 봉암공단11길 86 (봉암동),1,1,0,0,,,False,False,False,False,False,1,1,0,0
LOC001671,35.2128967281102,128.603963176616,4812762000.0,봉암동,마산회원구,경상남도 창원시 마산회원구 봉암공단11길 66 (봉암동),1,0,1,0,,,True,False,False,False,False,1,0,0,1
LOC001672,35.2129227749931,128.56209917823,4812561000.0,교방동,마산합포구,경상남도 창원시 마산합포구 무학로 503 (교방동),1,0,1,0,,,False,True,False,False,False,1,0,0,1
LOC001673,35.2129622940624,128.643656273089,4812357000.0,웅남동,성산구,경상남도 창원시 성산구 공단로166번길 27-7 (신촌동),1,1,0,0,60.0,3046.39,False,False,False,False,False,1,1,0,0
LOC001674,35.212999689975,128.650180922556,4812357000.0,웅남동,성산구,"경상남도 창원시 성산구 공단로 244(웅남동, 효성중공업(주) 창원4공장)",4,2,1,1,174.0,10019.9,True,False,False,False,False,1,1,1,1
LOC001675,35.2130051496974,128.589808395505,4812762000.0,봉암동,마산회원구,경상남도 창원시 마산회원구 자유무역1길 42 (양덕동),3,1,1,1,,,True,False,False,False,False,1,1,1,1
LOC001676,35.2130167616672,128.638415648928,4812357000.0,웅남동,성산구,경상남도 창원시 성산구 월림로 3 (신촌동),3,1,2,0,5.0,561.0,True,True,False,False,False,1,1,0,1
LOC001677,35.2130456080938,128.600647852032,4812762000.0,봉암동,마산회원구,"경상남도 창원시 마산회원구 봉암공단로 65 (봉암동, 오이정기)",1,1,0,0,,,False,False,False,False,False,1,1,0,0
LOC001678,35.2130581989798,128.595878867514,4812762000.0,봉암동,마산회원구,"경상남도 창원시 마산회원구 봉암공단1길 169 (봉암동, 주택)",1,1,0,0,,,False,False,False,False,False,1,1,0,0
LOC001679,35.2130643603602,128.638574407512,4812357000.0,웅남동,성산구,경상남도 창원시 성산구 공단로 126 (신촌동),2,1,1,0,6.0,351.665,False,True,False,False,False,1,1,0,1
LOC001680,35.2130708581735,128.593981084946,4812762000.0,봉암동,마산회원구,경상남도 창원시 마산회원구 자유무역3길 42 (양덕동),1,1,0,0,,,False,False,False,False,False,1,1,0,0
LOC001681,35.2130719829902,128.644066990432,4812357000.0,웅남동,성산구,경상남도 창원시 성산구 공단로166번길 27-15 (신촌동),2,2,0,0,2.0,165.28,False,False,False,False,False,1,1,0,0
LOC001682,35.2130870563233,128.603372277458,4812762000.0,봉암동,마산회원구,"경상남도 창원시 마산회원구 봉암공단11길 55 (봉암동, 해양식품공업사)",1,1,0,0,,,False,False,False,False,False,1,1,0,0
LOC001683,35.2131369916626,128.602786522037,4812762000.0,봉암동,마산회원구,"경상남도 창원시 마산회원구 봉암공단11길 41 (봉암동, 광성정밀)",1,1,0,0,,,False,False,False,False,False,1,1,0,0
LOC001684,35.2131425785223,128.601867486486,4812762000.0,봉암동,마산회원구,경상남도 창원시 마산회원구 봉암공단11길 25 (봉암동),1,1,0,0,,,False,False,False,False,False,1,1,0,0
LOC001685,35.2131491294364,128.596145739406,4812762000.0,봉암동,마산회원구,경상남도 창원시 마산회원구 봉암공단10길 76 (봉암동),1,0,1,0,,,True,False,False,False,False,1,0,0,1
LOC001686,35.2131575447369,128.598315067531,4812762000.0,봉암동,마산회원구,경상남도 창원시 마산회원구 봉암공단10길 38 (봉암동),2,1,1,0,,,False,True,False,False,False,1,1,0,1
LOC001687,35.2131592295014,128.597368171273,4812762000.0,봉암동,마산회원구,경상남도 창원시 마산회원구 봉암공단10길 52 (봉암동),1,1,0,0,,,False,False,False,False,False,1,1,0,0
LOC001688,35.2131620860523,128.60108785877,4812762000.0,봉암동,마산회원구,경상남도 창원시 마산회원구 봉암공단11길 13 (봉암동),1,1,0,0,,,False,False,False,False,False,1,1,0,0
LOC001689,35.2131653766643,128.605044861381,4812762000.0,봉암동,마산회원구,경상남도 창원시 마산회원구 봉암공단11길 83 (봉암동),1,1,0,0,,,False,False,False,False,False,1,1,0,0
LOC001690,35.2131657493793,128.596279599113,4812762000.0,봉암동,마산회원구,"경상남도 창원시 마산회원구 봉암공단10길 72 (봉암동, 삼부)",1,1,0,0,,,False,False,False,False,False,1,1,0,0
LOC001691,35.2131684238054,128.601283233096,4812762000.0,봉암동,마산회원구,경상남도 창원시 마산회원구 봉암공단11길 17 (봉암동),3,1,2,0,,,True,True,False,False,False,1,1,0,1
LOC001692,35.2131686367246,128.597133352796,4812762000.0,봉암동,마산회원구,경상남도 창원시 마산회원구 봉암공단10길 54-1 (봉암동),1,1,0,0,,,False,False,False,False,False,1,1,0,0
LOC001693,35.2131693666375,128.645913382144,4812357000.0,웅남동,성산구,"경상남도 창원시 성산구 창곡로 30 (신촌동, 삼오기계(주))",1,1,0,0,9.0,1598.62,False,False,False,False,False,1,1,0,0
LOC001694,35.2131724628411,128.592239107889,4812762000.0,봉암동,마산회원구,경상남도 창원시 마산회원구 자유무역3길 43 (양덕동),2,1,1,0,,,True,False,False,False,False,1,1,0,1
LOC001695,35.2131730557527,128.601580261997,4812762000.0,봉암동,마산회원구,경상남도 창원시 마산회원구 봉암공단11길 21 (봉암동 일반공장),3,1,2,0,,,True,True,False,False,False,1,1,0,1
LOC001696,35.2131806453368,128.598954310676,4812762000.0,봉암동,마산회원구,경상남도 창원시 마산회원구 봉암공단10길 24 (봉암동),1,1,0,0,,,False,False,False,False,False,1,1,0,0
LOC001697,35.2131820271575,128.601447123642,4812762000.0,봉암동,마산회원구,경상남도 창원시 마산회원구 봉암공단11길 19 (봉암동),1,1,0,0,,,False,False,False,False,False,1,1,0,0
LOC001698,35.2131857556446,128.599092777024,4812762000.0,봉암동,마산회원구,경상남도 창원시 마산회원구 봉암공단10길 22 (봉암동),1,1,0,0,,,False,False,False,False,False,1,1,0,0
LOC001699,35.2132080276285,128.600646538514,4812762000.0,봉암동,마산회원구,"경상남도 창원시 마산회원구 봉암공단로 63 (봉암동, 창신정공)",1,1,0,0,,,False,False,False,False,False,1,1,0,0
LOC001700,35.2132088029559,128.595830422418,4812762000.0,봉암동,마산회원구,경상남도 창원시 마산회원구 봉암공단1길 165 (봉암동),1,1,0,0,,,False,False,False,False,False,1,1,0,0
LOC001701,35.2132089940548,128.604304034245,4812762000.0,봉암동,마산회원구,"경상남도 창원시 마산회원구 봉암공단11길 71 (봉암동, 정일기공)",1,1,0,0,,,False,False,False,False,False,1,1,0,0
LOC001702,35.2132113822179,128.603892606968,4812762000.0,봉암동,마산회원구,"경상남도 창원시 마산회원구 봉암공단11길 63 (봉암동, 성건정밀)",1,1,0,0,,,False,False,False,False,False,1,1,0,0
LOC001703,35.2132165785113,128.596669117938,4812762000.0,봉암동,마산회원구,"경상남도 창원시 마산회원구 봉암공단10길 66 (봉암동, 명진산업사)",1,1,0,0,,,False,False,False,False,False,1,1,0,0
LOC001704,35.2132489455584,128.597508295374,4812762000.0,봉암동,마산회원구,경상남도 창원시 마산회원구 봉암공단10길 50 (봉암동),1,0,1,0,,,False,True,False,False,False,1,0,0,1
LOC001705,35.2132492504475,128.604081793437,4812762000.0,봉암동,마산회원구,경상남도 창원시 마산회원구 봉암공단11길 69 (봉암동),1,1,0,0,,,False,False,False,False,False,1,1,0,0
LOC001706,35.2133030807994,128.604861656608,4812762000.0,봉암동,마산회원구,경상남도 창원시 마산회원구 봉암공단11길 81 (봉암동),1,1,0,0,,,False,False,False,False,False,1,1,0,0
LOC001707,35.2133032258978,128.604735153235,4812762000.0,봉암동,마산회원구,경상남도 창원시 마산회원구 봉암공단11길 79(봉암동),1,1,0,0,,,False,False,False,False,False,1,1,0,0
LOC001708,35.2133072971094,128.605033050131,4812762000.0,봉암동,마산회원구,경상남도 창원시 마산회원구 봉암공단3길 92 (봉암동),1,1,0,0,,,False,False,False,False,False,1,1,0,0
LOC001709,35.2133155359658,128.602806174923,4812762000.0,봉암동,마산회원구,경상남도 창원시 마산회원구 봉암공단11길 41-1 (봉암동),3,1,2,0,,,True,True,False,False,False,2,1,0,1
LOC001710,35.2133300334867,128.603031689498,4812762000.0,봉암동,마산회원구,경상남도 창원시 마산회원구 봉암공단11길 51 (봉암동),1,1,0,0,,,False,False,False,False,False,1,1,0,0
LOC001711,35.2133334583778,128.595063501084,4812762000.0,봉암동,마산회원구,경상남도 창원시 마산회원구 자유무역3길 50 (양덕동),3,1,2,0,,,True,True,False,False,False,1,1,0,1
LOC001712,35.2133342982292,128.600645942856,4812762000.0,봉암동,마산회원구,"경상남도 창원시 마산회원구 봉암공단로 61-1 (봉암동, 일기공업)",1,1,0,0,,,False,False,False,False,False,1,1,0,0
LOC001713,35.2133376240181,128.606490226247,4812762000.0,봉암동,마산회원구,"경상남도 창원시 마산회원구 자유무역6길 31 (봉암동, 대동정밀)",2,1,1,0,,,False,True,False,False,False,1,1,0,1
LOC001714,35.213346883029,128.589397763381,4812762000.0,봉암동,마산회원구,경상남도 창원시 마산회원구 자유무역1길 62 (양덕동),4,1,2,1,,,True,True,False,True,False,3,1,1,1
LOC001715,35.2133576894292,128.644569879128,4812357000.0,웅남동,성산구,경상남도 창원시 성산구 공단로166번길 27-21 (신촌동),1,1,0,0,12.0,1418.0,False,False,False,False,False,1,1,0,0
LOC001716,35.2133585472653,128.639164859713,4812357000.0,웅남동,성산구,경상남도 창원시 성산구 공단로 132 (신촌동),4,1,2,1,34.0,660.0,True,True,False,False,True,2,1,1,1
LOC001717,35.2133678389138,128.593595951049,4812762000.0,봉암동,마산회원구,"경상남도 창원시 마산회원구 자유무역3길 40 (양덕동, 한일차단기(주))",2,1,1,0,,,True,False,False,False,False,1,1,0,1
LOC001718,35.2133830049223,128.596671498855,4812762000.0,봉암동,마산회원구,경상남도 창원시 마산회원구 봉암공단9길 65 (봉암동),1,1,0,0,,,False,False,False,False,False,1,1,0,0
LOC001719,35.2133841244859,128.601845877028,4812762000.0,봉암동,마산회원구,경상남도 창원시 마산회원구 봉암공단11길 23 (봉암동),1,1,0,0,,,False,False,False,False,False,1,1,0,0
LOC001720,35.2133991051406,128.596332267079,4812762000.0,봉암동,마산회원구,경상남도 창원시 마산회원구 봉암공단9길 71 (봉암동),1,1,0,0,,,False,False,False,False,False,1,1,0,0
LOC001721,35.2133999038797,128.603927832634,4812762000.0,봉암동,마산회원구,경상남도 창원시 마산회원구 봉암공단11길 69-1 (봉암동),3,1,2,0,,,True,True,False,False,False,1,1,0,1
LOC001722,35.2134010098801,128.644903598752,4812357000.0,웅남동,성산구,경상남도 창원시 성산구 공단로166번길 27-29 (신촌동),2,2,0,0,14.0,992.0,False,False,False,False,False,2,2,0,0
LOC001723,35.2134038802521,128.596510040801,4812762000.0,봉암동,마산회원구,"경상남도 창원시 마산회원구 봉암공단9길 67, (봉암공단9길 67) (봉암동)",1,1,0,0,,,False,False,False,False,False,1,1,0,0
LOC001724,35.2134076071116,128.604400626172,4812762000.0,봉암동,마산회원구,"경상남도 창원시 마산회원구 봉암공단11길 71-1 (봉암동, 동서합료)",2,1,1,0,,,False,True,False,False,False,2,1,0,1
LOC001725,35.2134118662378,128.597209497362,4812762000.0,봉암동,마산회원구,"경상남도 창원시 마산회원구 봉암공단9길 55 (봉암동, 이천산업)",1,1,0,0,,,False,False,False,False,False,1,1,0,0
LOC001726,35.2134138766694,128.594514133804,4812762000.0,봉암동,마산회원구,경상남도 창원시 마산회원구 자유무역3길 46 (양덕동),2,1,1,0,,,False,True,False,False,False,2,1,0,1
LOC001727,35.2134168878735,128.597668950724,4812762000.0,봉암동,마산회원구,경상남도 창원시 마산회원구 봉암공단9길 45-1(봉암동),2,1,1,0,,,True,False,False,False,False,2,1,0,1
LOC001728,35.2134174665042,128.64357935595,4812357000.0,웅남동,성산구,경상남도 창원시 성산구 공단로166번길 17 (신촌동),2,1,1,0,34.0,1682.94,False,True,False,False,False,2,1,0,1
LOC001729,35.2134297438352,128.601483616287,4812762000.0,봉암동,마산회원구,경상남도 창원시 마산회원구 봉암공단11길 21-1 (봉암동),3,1,2,0,,,True,True,False,False,False,1,1,0,1
LOC001730,35.2134326564095,128.601140832093,4812762000.0,봉암동,마산회원구,"경상남도 창원시 마산회원구 봉암공단로 59-28 (봉암동, 태창)",1,1,0,0,,,False,False,False,False,False,1,1,0,0
LOC001731,35.2134342854129,128.600983609465,4812762000.0,봉암동,마산회원구,"경상남도 창원시 마산회원구 봉암공단로 59-22 (봉암동, 신라금속)",3,1,2,0,,,True,True,False,False,False,1,1,0,1
LOC001732,35.2134351403617,128.596886768518,4812762000.0,봉암동,마산회원구,경상남도 창원시 마산회원구 봉암공단9길 61 (봉암동),1,1,0,0,,,False,False,False,False,False,1,1,0,0
LOC001733,35.213436279137,128.601296181199,4812762000.0,봉암동,마산회원구,경상남도 창원시 마산회원구 봉암공단로 59-34 (봉암동),3,1,2,0,,,True,True,False,False,False,1,1,0,1
LOC001734,35.2134364644971,128.597339670501,4812762000.0,봉암동,마산회원구,"경상남도 창원시 마산회원구 봉암공단9길 51 (봉암동, 주택)",1,1,0,0,,,False,False,False,False,False,1,1,0,0
LOC001735,35.2134530214032,128.64705008198,4812357000.0,웅남동,성산구,"경상남도 창원시 성산구 공단로 228-36(웅남동, (주)대원정공) 외 1필지",3,3,0,0,28.0,1580.99,False,False,False,False,False,3,3,0,0
LOC001736,35.2134736170948,128.598280193424,4812762000.0,봉암동,마산회원구,경상남도 창원시 마산회원구 봉암공단9길 35 (봉암동),1,0,1,0,,,True,False,False,False,False,1,0,0,1
LOC001737,35.2134983694023,128.599285593989,4812762000.0,봉암동,마산회원구,경상남도 창원시 마산회원구 봉암공단9길 17 (봉암동),2,2,0,0,,,False,False,False,False,False,2,2,0,0
LOC001738,35.2134986589946,128.598103662876,4812762000.0,봉암동,마산회원구,경상남도 창원시 마산회원구 봉암공단9길 43 (봉암동),4,1,3,0,,,False,True,False,False,False,3,1,0,3
LOC001739,35.2135053830275,128.599757386156,4812762000.0,봉암동,마산회원구,"경상남도 창원시 마산회원구 봉암공단9길 11 (봉암동, 영진프라스틱) 외 2필지",2,1,1,0,,,True,False,False,False,False,1,1,0,1
LOC001740,35.2135085024256,128.598934714805,4812762000.0,봉암동,마산회원구,경상남도 창원시 마산회원구 봉암공단9길 27 (봉암동),1,1,0,0,,,False,False,False,False,False,1,1,0,0
LOC001741,35.2135145110465,128.602058624399,4812762000.0,봉암동,마산회원구,경상남도 창원시 마산회원구 봉암공단11길 33 (봉암동 봉암표준공장 412호),14,9,5,0,,,True,True,False,False,False,11,9,0,4
LOC001742,35.2135171153863,128.641256711659,4812357000.0,웅남동,성산구,"경상남도 창원시 성산구 공단로 160 (신촌동, HSG중공업(주))",2,1,0,1,143.0,18682.75,False,False,False,False,False,2,1,1,0
LOC001743,35.2135377428422,128.645379765806,4812357000.0,웅남동,성산구,경상남도 창원시 성산구 공단로166번길 27-39 (신촌동),1,1,0,0,7.0,1452.96,False,False,False,False,False,1,1,0,0
LOC001744,35.21355005327,128.604777458605,4812762000.0,봉암동,마산회원구,경상남도 창원시 마산회원구 봉암공단3길 86 (봉암동),3,1,2,0,,,True,True,False,False,False,1,1,0,1
LOC001745,35.2135664443817,128.591344232875,4812762000.0,봉암동,마산회원구,경상남도 창원시 마산회원구 자유무역2길 74 (양덕동),1,1,0,0,,,False,False,False,False,False,1,1,0,0
LOC001746,35.2135729054172,128.601841130548,4812762000.0,봉암동,마산회원구,"경상남도 창원시 마산회원구 봉암공단11길 23-1 (봉암동, 강호정밀)",1,1,0,0,,,False,False,False,False,False,1,1,0,0
LOC001747,35.2135743577782,128.644004973775,4812357000.0,웅남동,성산구,"경상남도 창원시 성산구 공단로166번길 13-14 (신촌동, (유)현대기공)",2,1,1,0,15.0,1826.0,False,True,False,False,False,2,1,0,1
LOC001748,35.2135751225685,128.603973997861,4812762000.0,봉암동,마산회원구,경상남도 창원시 마산회원구 봉암공단11길 69-4 (봉암동),2,2,0,0,,,False,False,False,False,False,2,2,0,0
LOC001749,35.2135920745044,128.652934528826,4812357000.0,웅남동,성산구,경상남도 창원시 성산구 공단로271번길 11 (웅남동),6,5,0,1,217.0,19410.660000000003,False,False,False,False,False,6,5,1,0
LOC001750,35.213626304003,128.604396254728,4812762000.0,봉암동,마산회원구,경상남도 창원시 마산회원구 봉암공단11길 71-5 (봉암동),1,1,0,0,,,False,False,False,False,False,1,1,0,0
LOC001751,35.2136730067131,128.645725225894,4812357000.0,웅남동,성산구,"경상남도 창원시 성산구 공단로166번길 27-47 (신촌동, 조일정공사)",3,3,0,0,3.0,690.0,False,False,False,False,False,3,3,0,0
LOC001752,35.2136929995488,128.607473044508,4812762000.0,봉암동,마산회원구,경상남도 창원시 마산회원구 자유무역6길 41 (봉암동),3,1,1,1,,,False,True,False,False,True,1,1,1,1
LOC001753,35.2137001886377,128.640835415979,4812357000.0,웅남동,성산구,경상남도 창원시 성산구 공단로 148 (신촌동),2,1,0,1,115.0,15160.68,False,False,False,False,True,2,1,1,0
LOC001754,35.213704644857,128.60284347499,4812762000.0,봉암동,마산회원구,"경상남도 창원시 마산회원구 봉암공단11길 41-3 (봉암동, 세운정밀공업)",1,1,0,0,,,False,False,False,False,False,1,1,0,0
LOC001755,35.2137135894441,128.602419764841,4812762000.0,봉암동,마산회원구,"경상남도 창원시 마산회원구 봉암공단11길 37 (봉암동, 칠성산업)",1,1,0,0,,,False,False,False,False,False,1,1,0,0
LOC001756,35.2137138688955,128.603977276734,4812762000.0,봉암동,마산회원구,경상남도 창원시 마산회원구 봉암공단11길 69-2 (봉암동),1,1,0,0,,,False,False,False,False,False,1,1,0,0
LOC001757,35.2137733726883,128.600564624982,4812762000.0,봉암동,마산회원구,"경상남도 창원시 마산회원구 봉암공단로 59-3 (봉암동, 성빈공업)",1,1,0,0,,,False,False,False,False,False,1,1,0,0
LOC001758,35.2137814329292,128.60437383056,4812762000.0,봉암동,마산회원구,"경상남도 창원시 마산회원구 봉암공단11길 71-3 (봉암동, 태광정밀공업사)",1,1,0,0,,,False,False,False,False,False,1,1,0,0
LOC001759,35.2137876082863,128.600005945253,4812762000.0,봉암동,마산회원구,"경상남도 창원시 마산회원구 봉암공단9길 2-1 (봉암동, 주택)",1,1,0,0,,,False,False,False,False,False,1,1,0,0
LOC001760,35.2137896462201,128.589611530524,4812762000.0,봉암동,마산회원구,경상남도 창원시 마산회원구 자유무역1길 80 (양덕동),1,1,0,0,,,False,False,False,False,False,1,1,0,0
LOC001761,35.2137919108642,128.604807147509,4812762000.0,봉암동,마산회원구,경상남도 창원시 마산회원구 봉암공단3길 82 (봉암동),1,1,0,0,,,False,False,False,False,False,1,1,0,0
LOC001762,35.2138154096621,128.590188783328,4812762000.0,봉암동,마산회원구,경상남도 창원시 마산회원구 자유무역2길 63 (양덕동),3,1,1,1,,,False,True,False,False,True,1,1,1,1
LOC001763,35.2138178314504,128.595921191382,4812762000.0,봉암동,마산회원구,경상남도 창원시 마산회원구 봉암공단1길 153 (봉암동),1,0,1,0,,,True,False,False,False,False,1,0,0,1
LOC001764,35.2138181583189,128.596060443567,4812762000.0,봉암동,마산회원구,경상남도 창원시 마산회원구 봉암공단9길 74 (봉암동),1,1,0,0,,,False,False,False,False,False,1,1,0,0
LOC001765,35.2138308240493,128.644716472051,4812357000.0,웅남동,성산구,"경상남도 창원시 성산구 공단로166번길 13-30 (신촌동, (주)하나금속)",1,1,0,0,12.0,1100.66,False,False,False,False,False,1,1,0,0
LOC001766,35.2138356422528,128.596326978171,4812762000.0,봉암동,마산회원구,"경상남도 창원시 마산회원구 봉암공단9길 70 (봉암동, 에스엠실업)",1,1,0,0,,,False,False,False,False,False,1,1,0,0
LOC001767,35.21383827269,128.662844759537,4812357000.0,웅남동,성산구,경상남도 창원시 성산구 연덕로 120 (웅남동),1,1,0,0,202.0,2807.12,False,False,False,False,False,1,1,0,0
LOC001768,35.2138395343832,128.594075840079,4812762000.0,봉암동,마산회원구,경상남도 창원시 마산회원구 자유무역3길 66 (양덕동),2,1,0,1,,,False,False,False,False,False,2,1,1,0
LOC001769,35.2138575605403,128.60302899435,4812762000.0,봉암동,마산회원구,경상남도 창원시 마산회원구 봉암공단11길 51-1 (봉암동),1,1,0,0,,,False,False,False,False,False,1,1,0,0
LOC001770,35.2138628388846,128.60350141339,4812762000.0,봉암동,마산회원구,"경상남도 창원시 마산회원구 봉암공단11길 55-1 (봉암동, 공장)",2,1,0,1,,,False,False,False,True,False,1,1,1,0
LOC001771,35.2138689168224,128.601299517716,4812762000.0,봉암동,마산회원구,경상남도 창원시 마산회원구 봉암동 666-168 번지,1,1,0,0,,,False,False,False,False,False,1,1,0,0
LOC001772,35.2138723155782,128.598075956486,4812762000.0,봉암동,마산회원구,"경상남도 창원시 마산회원구 봉암공단9길 42 (봉암동, 대성동관)",1,1,0,0,,,False,False,False,False,False,1,1,0,0
LOC001773,35.21387876754,128.590991123005,4812762000.0,봉암동,마산회원구,경상남도 창원시 마산회원구 자유무역2길 68 (양덕동),2,1,1,0,,,False,True,False,False,False,1,1,0,1
LOC001774,35.2138856047914,128.601032664911,4812762000.0,봉암동,마산회원구,경상남도 창원시 마산회원구 봉암공단로 59-23(봉암동),1,1,0,0,,,False,False,False,False,False,1,1,0,0
LOC001775,35.2138909379639,128.601174541193,4812762000.0,봉암동,마산회원구,경상남도 창원시 마산회원구 봉암공단로 59-29 (봉암동),1,1,0,0,,,False,False,False,False,False,1,1,0,0
LOC001776,35.2138928382988,128.598535167306,4812762000.0,봉암동,마산회원구,경상남도 창원시 마산회원구 봉암공단9길 30(봉암동),2,1,1,0,,,False,True,False,False,False,1,1,0,1
LOC001777,35.213893430134,128.644227742812,4812357000.0,웅남동,성산구,경상남도 창원시 성산구 공단로166번길 13-22 (신촌동),2,2,0,0,16.0,2924.12,False,False,False,False,False,2,2,0,0
LOC001778,35.2138945558907,128.601493735499,4812762000.0,봉암동,마산회원구,경상남도 창원시 마산회원구 봉암공단11길 21-2 (봉암동),1,1,0,0,,,False,False,False,False,False,1,1,0,0
LOC001779,35.2138951505026,128.599226610028,4812762000.0,봉암동,마산회원구,경상남도 창원시 마산회원구 봉암공단9길 18 (봉암동),1,1,0,0,,,False,False,False,False,False,1,1,0,0
LOC001780,35.2139063706933,128.600832220511,4812762000.0,봉암동,마산회원구,"경상남도 창원시 마산회원구 봉암공단로 59-17 (봉암동, 영창)",1,1,0,0,,,False,False,False,False,False,1,1,0,0
LOC001781,35.2139178278707,128.597522939812,4812762000.0,봉암동,마산회원구,"경상남도 창원시 마산회원구 봉암공단9길 46 (봉암동, (주)태광)",2,1,1,0,,,True,False,False,False,False,2,1,0,1
LOC001782,35.2139179614635,128.667062589577,4812352000.0,중앙동,성산구,경상남도 창원시 성산구 남면로 501 (내동),4,2,2,0,115.0,7430.0,True,True,False,False,False,1,1,0,1
LOC001783,35.2139204296485,128.598227017279,4812762000.0,봉암동,마산회원구,"경상남도 창원시 마산회원구 봉암공단9길 36 (봉암동, 동아상공)",1,1,0,0,,,False,False,False,False,False,1,1,0,0
LOC001784,35.2139227368773,128.603925709844,4812762000.0,봉암동,마산회원구,경상남도 창원시 마산회원구 봉암공단11길 69-3 (봉암동),4,2,2,0,,,False,True,False,False,False,2,2,0,2
LOC001785,35.2139229631562,128.599031464623,4812762000.0,봉암동,마산회원구,"경상남도 창원시 마산회원구 봉암공단9길 22 (봉암동, 덕산정공)",2,1,1,0,,,False,True,False,False,False,2,1,0,1
LOC001786,35.2139405149494,128.599565182258,4812762000.0,봉암동,마산회원구,경상남도 창원시 마산회원구 봉암공단9길 12 (봉암동),1,1,0,0,,,False,False,False,False,False,1,1,0,0
LOC001787,35.2139468080509,128.598345146727,4812762000.0,봉암동,마산회원구,경상남도 창원시 마산회원구 봉암공단9길 34 (봉암동),1,1,0,0,,,False,False,False,False,False,1,1,0,0
LOC001788,35.2139484820971,128.601811392542,4812762000.0,봉암동,마산회원구,경상남도 창원시 마산회원구 봉암공단11길 23-2 (봉암동),7,3,4,0,,,True,True,False,False,False,4,3,0,2
LOC001789,35.2139492215453,128.599717886679,4812762000.0,봉암동,마산회원구,"경상남도 창원시 마산회원구 봉암공단9길 10 (봉암동, (유)두루산업사)",1,1,0,0,,,False,False,False,False,False,1,1,0,0
LOC001790,35.2139572301022,128.599855203273,4812762000.0,봉암동,마산회원구,"경상남도 창원시 마산회원구 봉암공단9길 6 (봉암동, 현대기계)",1,1,0,0,,,False,False,False,False,False,1,1,0,0
LOC001791,35.2139782759062,128.600103908978,4812762000.0,봉암동,마산회원구,"경상남도 창원시 마산회원구 봉암공단로 56 (봉암동, 동신공업)",1,1,0,0,,,False,False,False,False,False,1,1,0,0
LOC001792,35.2139792792762,128.610594807424,4812762000.0,봉암동,마산회원구,"경상남도 창원시 마산회원구 자유무역6길 103 (봉암동, 한미산업(주))",2,0,0,2,,,False,False,False,True,True,2,0,2,0
LOC001793,35.2139883378173,128.604769503998,4812762000.0,봉암동,마산회원구,경상남도 창원시 마산회원구 봉암공단3길 76 (봉암동),2,1,1,0,,,False,True,False,False,False,1,1,0,1
LOC001794,35.2139905798669,128.645236043485,4812357000.0,웅남동,성산구,경상남도 창원시 성산구 공단로166번길 13-38 (신촌동),1,1,0,0,12.0,531.28,False,False,False,False,False,1,1,0,0
LOC001795,35.2140068008955,128.642634971232,4812357000.0,웅남동,성산구,"경상남도 창원시 성산구 공단로 160-1(신촌동, HSG중공업(주))",1,1,0,0,,,False,False,False,False,False,1,1,0,0
LOC001796,35.214014534607,128.604343386851,4812762000.0,봉암동,마산회원구,"경상남도 창원시 마산회원구 봉암공단11길 71-4 (봉암동, 성은테크)",2,2,0,0,,,False,False,False,False,False,2,2,0,0
LOC001797,35.2140249967993,128.647476297942,4812357000.0,웅남동,성산구,경상남도 창원시 성산구 공단로 228-32 (웅남동),3,2,0,1,4.0,1727.78,False,False,False,False,False,2,2,1,0
LOC001798,35.2140304675412,128.648014500171,4812357000.0,웅남동,성산구,경상남도 창원시 성산구 공단로 230-2 (웅남동),7,6,0,1,102.0,17193.13,False,False,False,False,False,6,6,1,0
LOC001799,35.214033130116,128.700742027812,4812355000.0,가음정동,성산구,경상남도 창원시 성산구 대암로 40-4 (남양동),1,0,1,0,,,False,True,False,False,False,1,0,0,1
LOC001800,35.2140346781216,128.649101530373,4812357000.0,웅남동,성산구,경상남도 창원시 성산구 공단로 238 (웅남동),5,2,2,1,99.0,5672.74,True,True,False,False,False,3,2,1,1
LOC001801,35.2140686547856,128.648525910356,4812357000.0,웅남동,성산구,경상남도 창원시 성산구 공단로 230-1 (웅남동),1,1,0,0,26.0,2107.47,False,False,False,False,False,1,1,0,0
LOC001802,35.2140831982332,128.60772672498,4812762000.0,봉암동,마산회원구,경상남도 창원시 마산회원구 자유무역4길 62 (봉암동),3,1,1,1,,,True,False,False,False,True,3,1,1,1
LOC001803,35.2140899505183,128.613443737577,4812762000.0,봉암동,마산회원구,경상남도 창원시 마산회원구 자유무역6길 143 (봉암동),1,1,0,0,,,False,False,False,False,False,1,1,0,0
LOC001804,35.214102417041,128.609508530121,4812762000.0,봉암동,마산회원구,경상남도 창원시 마산회원구 자유무역4길 61 (봉암동),2,1,0,1,,,False,False,False,False,True,1,1,1,0
LOC001805,35.2141158707469,128.592766858879,4812762000.0,봉암동,마산회원구,경상남도 창원시 마산회원구 자유무역3길 59 (양덕동),2,1,1,0,,,True,False,False,False,False,2,1,0,1
LOC001806,35.2141242647432,128.613864570349,4812762000.0,봉암동,마산회원구,"경상남도 창원시 마산회원구 자유무역6길 157 (봉암동, 동남(주))",2,1,0,1,,,False,False,False,False,True,2,1,1,0
LOC001807,35.2141333917395,128.595802069113,4812762000.0,봉암동,마산회원구,"경상남도 창원시 마산회원구 봉암공단8길 77 (봉암동, 대우중공업중기지정정비공장)",1,1,0,0,,,False,False,False,False,False,1,1,0,0
LOC001808,35.2141354793486,128.596641541283,4812762000.0,봉암동,마산회원구,"경상남도 창원시 마산회원구 봉암공단8길 65 (봉암동, 정영정밀)",1,1,0,0,,,False,False,False,False,False,1,1,0,0
LOC001809,35.2141399546545,128.590201702795,4812762000.0,봉암동,마산회원구,경상남도 창원시 마산회원구 자유무역2길 69(양덕동),1,1,0,0,,,False,False,False,False,False,1,1,0,0
LOC001810,35.2141492060348,128.597486402792,4812762000.0,봉암동,마산회원구,"경상남도 창원시 마산회원구 봉암공단8길 49 (봉암동, 경남산업기계)",1,1,0,0,,,False,False,False,False,False,1,1,0,0
LOC001811,35.2141559861957,128.667899081677,4812352000.0,중앙동,성산구,경상남도 창원시 성산구 완암로 141 (내동),2,2,0,0,15.0,1295.0,False,False,False,False,False,2,2,0,0
LOC001812,35.2141563627976,128.597988840105,4812762000.0,봉암동,마산회원구,경상남도 창원시 마산회원구 봉암공단8길 39 (봉암동),1,1,0,0,,,False,False,False,False,False,1,1,0,0
LOC001813,35.2141586566088,128.598593200899,4812762000.0,봉암동,마산회원구,"경상남도 창원시 마산회원구 봉암공단8길 31 (봉암동, 한양기공)",1,1,0,0,,,False,False,False,False,False,1,1,0,0
LOC001814,35.2141748972319,128.672563286162,4812352000.0,중앙동,성산구,경상남도 창원시 성산구 완암로 168 (외동),4,1,2,1,180.0,14408.68,True,True,False,False,False,1,1,1,1
LOC001815,35.2141804775421,128.597186010593,4812762000.0,봉암동,마산회원구,경상남도 창원시 마산회원구 봉암공단8길 59 (봉암동),3,3,0,0,,,False,False,False,False,False,3,3,0,0
LOC001816,35.2141960843656,128.59874130756,4812762000.0,봉암동,마산회원구,"경상남도 창원시 마산회원구 봉암공단8길 25 (봉암동, 대성정밀)",1,1,0,0,,,False,False,False,False,False,1,1,0,0
LOC001817,35.21419629127,128.598282062138,4812762000.0,봉암동,마산회원구,"경상남도 창원시 마산회원구 봉암공단8길 35 (봉암동, 부산스텐제작소)",1,1,0,0,,,False,False,False,False,False,1,1,0,0
LOC001818,35.2142070709832,128.598960276014,4812762000.0,봉암동,마산회원구,경상남도 창원시 마산회원구 봉암공단8길 23-2 (봉암동),1,1,0,0,,,False,False,False,False,False,1,1,0,0
LOC001819,35.2142196684495,128.599534749765,4812762000.0,봉암동,마산회원구,"경상남도 창원시 마산회원구 봉암공단8길 5 (봉암동, 공장)",2,2,0,0,,,False,False,False,False,False,2,2,0,0
LOC001820,35.2142293194516,128.686269117516,4812353000.0,상남동,성산구,경상남도 창원시 성산구 동산로54번길 2 (상남동),1,0,1,0,,,False,True,False,False,False,1,0,0,1
LOC001821,35.2142302212464,128.600100068797,4812762000.0,봉암동,마산회원구,경상남도 창원시 마산회원구 봉암공단8길 1 (봉암동),1,0,1,0,,,True,False,False,False,False,1,0,0,1
LOC001822,35.2142322762764,128.606687185065,4812762000.0,봉암동,마산회원구,경상남도 창원시 마산회원구 자유무역6길 33 (봉암동),1,1,0,0,,,False,False,False,False,False,1,1,0,0
LOC001823,35.2142672566154,128.593549070543,4812762000.0,봉암동,마산회원구,경상남도 창원시 마산회원구 자유무역3길 72 (양덕동),4,1,2,1,,,True,True,False,False,False,1,1,1,1
LOC001824,35.2143510566506,128.586304821616,4812565000.0,산호동,마산합포구,경상남도 창원시 마산합포구 합포로 191 (산호동),1,0,1,0,,,False,True,False,False,False,1,0,0,1
LOC001825,35.2143577507474,128.647832234514,4812357000.0,웅남동,성산구,"경상남도 창원시 성산구 공단로 228-20 (웅남동, (주)한성앤키텍)",1,1,0,0,8.0,1032.85,False,False,False,False,False,1,1,0,0
LOC001826,35.2143668759145,128.611063800951,4812762000.0,봉암동,마산회원구,경상남도 창원시 마산회원구 자유무역5길 100 (봉암동),5,1,3,1,,,True,True,False,True,True,2,1,1,2
LOC001827,35.2143685162913,128.590461703298,4812762000.0,봉암동,마산회원구,경상남도 창원시 마산회원구 자유무역1길 92 (양덕동),1,0,1,0,,,False,True,False,False,False,1,0,0,1
LOC001828,35.2143753041306,128.599153337707,4812762000.0,봉암동,마산회원구,경상남도 창원시 마산회원구 봉암공단8길 23 (봉암동),2,1,1,0,,,False,True,False,False,False,1,1,0,1
LOC001829,35.2143838149715,128.607898914695,4812762000.0,봉암동,마산회원구,경상남도 창원시 마산회원구 자유무역5길 42 (봉암동),1,1,0,0,,,False,False,False,False,False,1,1,0,0
LOC001830,35.2143850714672,128.668389918491,4812352000.0,중앙동,성산구,경상남도 창원시 성산구 완암로 147 (내동),4,4,0,0,12.0,8545.56,False,False,False,False,False,4,4,0,0
LOC001831,35.214399347745,128.60283418217,4812762000.0,봉암동,마산회원구,경상남도 창원시 마산회원구 봉암공단13길 20 (봉암동),2,1,1,0,,,False,True,False,False,False,1,1,0,1
LOC001832,35.2144159837624,128.645684987725,4812357000.0,웅남동,성산구,경상남도 창원시 성산구 창곡로 20 (신촌동),1,1,0,0,3.0,237.6,False,False,False,False,False,1,1,0,0
LOC001833,35.214438115912,128.601389546026,4812762000.0,봉암동,마산회원구,경상남도 창원시 마산회원구 봉암공단13길 6 (봉암동),3,1,1,1,,,True,False,False,False,False,1,1,1,1
LOC001834,35.2145002350481,128.647256168564,4812357000.0,웅남동,성산구,경상남도 창원시 성산구 공단로 228-26(웅남동) 외 1필지,3,2,1,0,,,False,True,False,False,False,2,2,0,1
LOC001835,35.2145108141031,128.648537816735,4812357000.0,웅남동,성산구,"경상남도 창원시 성산구 공단로 230, D동 1층 101호 (웅남동, (주)성지)",11,7,3,1,6.0,517.86,True,False,False,False,False,9,7,1,3
LOC001836,35.2145170593386,128.643432848639,4812357000.0,웅남동,성산구,경상남도 창원시 성산구 공단로166번길 13-13 (신촌동),2,1,1,0,84.0,5907.87,True,False,False,False,False,2,1,0,1
LOC001837,35.2145203922981,128.60492153041,4812762000.0,봉암동,마산회원구,경상남도 창원시 마산회원구 봉암공단13길 32 에스에이치엠(주) (봉암동),2,0,2,0,,,False,True,False,False,False,2,0,0,2
LOC001838,35.2145245817379,128.643914211233,4812357000.0,웅남동,성산구,"경상남도 창원시 성산구 공단로166번길 13-41 (신촌동, 대영전자) (총 2 필지) 외 1필지",4,2,1,1,130.0,15449.16,True,False,False,False,False,1,1,1,1
LOC001839,35.2145471588268,128.599842950325,4812762000.0,봉암동,마산회원구,경상남도 창원시 마산회원구 봉암공단8길 2 (봉암동),1,0,1,0,,,False,True,False,False,False,1,0,0,1
LOC001840,35.2145515439417,128.648796267109,4812357000.0,웅남동,성산구,"경상남도 창원시 성산구 웅남동 48 번지 B동 1호, 2호",1,1,0,0,10.0,659.14,False,False,False,False,False,1,1,0,0
LOC001841,35.2145519353091,128.596026819802,4812762000.0,봉암동,마산회원구,"경상남도 창원시 마산회원구 봉암공단8길 74 (봉암동, 영남공업사)",2,1,1,0,,,True,False,False,False,False,1,1,0,1
LOC001842,35.2145662164172,128.598359487274,4812762000.0,봉암동,마산회원구,경상남도 창원시 마산회원구 봉암공단8길 36 (봉암동),1,0,1,0,,,False,True,False,False,False,1,0,0,1
LOC001843,35.2145800669685,128.60955617646,4812762000.0,봉암동,마산회원구,경상남도 창원시 마산회원구 자유무역4길 49 (봉암동),2,1,1,0,,,False,True,False,False,False,1,1,0,1
LOC001844,35.2145969451009,128.612039670687,4812762000.0,봉암동,마산회원구,경상남도 창원시 마산회원구 자유무역6길 123 (봉암동),4,1,2,1,,,True,True,False,True,False,2,1,1,1
LOC001845,35.2145980827255,128.597454347171,4812762000.0,봉암동,마산회원구,"경상남도 창원시 마산회원구 봉암공단8길 46, C동 (봉암동)",1,1,0,0,,,False,False,False,False,False,1,1,0,0
LOC001846,35.2146025290437,128.596946643614,4812762000.0,봉암동,마산회원구,"경상남도 창원시 마산회원구 봉암공단8길 60 (봉암동, 혜진정공)",1,1,0,0,,,False,False,False,False,False,1,1,0,0
LOC001847,35.2146069752193,128.597135614805,4812762000.0,봉암동,마산회원구,"경상남도 창원시 마산회원구 봉암공단8길 56 (봉암동, 우석산업)",1,1,0,0,,,False,False,False,False,False,1,1,0,0
LOC001848,35.2146115626315,128.596596616253,4812762000.0,봉암동,마산회원구,"경상남도 창원시 마산회원구 봉암공단8길 66 (봉암동, 신혁기업)",1,1,0,0,,,False,False,False,False,False,1,1,0,0
LOC001849,35.2146447408355,128.599162576427,4812762000.0,봉암동,마산회원구,경상남도 창원시 마산회원구 봉암공단8길 18 (봉암동),3,2,1,0,,,True,False,False,False,False,3,2,0,1
LOC001850,35.2146488588739,128.650391217928,4812357000.0,웅남동,성산구,"경상남도 창원시 성산구 공단로 223 (웅남동, (주)케이비알)",4,3,0,1,126.0,22747.39,False,False,False,False,False,2,2,1,0
LOC001851,35.2146678378571,128.606544881885,4812762000.0,봉암동,마산회원구,경상남도 창원시 마산회원구 자유무역5길 2 (봉암동) 외 1필지,1,1,0,0,,,False,False,False,False,False,1,1,0,0
LOC001852,35.2146715736247,128.596822915237,4812762000.0,봉암동,마산회원구,경상남도 창원시 마산회원구 봉암공단8길 62 (봉암동),1,0,1,0,,,False,True,False,False,False,1,0,0,1
LOC001853,35.2146788376061,128.593502097832,4812762000.0,봉암동,마산회원구,경상남도 창원시 마산회원구 자유무역3길 88 (양덕동),1,0,1,0,,,False,True,False,False,False,1,0,0,1
LOC001854,35.2146808313144,128.592576822932,4812762000.0,봉암동,마산회원구,"경상남도 창원시 마산회원구 자유무역3길 89 (양덕동, T.S.K)",1,1,0,0,,,False,False,False,False,False,1,1,0,0
LOC001855,35.2147003487929,128.599551209393,4812762000.0,봉암동,마산회원구,경상남도 창원시 마산회원구 봉암공단8길 14 (봉암동),1,0,1,0,,,True,False,False,False,False,1,0,0,1
LOC001856,35.2147012430887,128.613018657857,4812762000.0,봉암동,마산회원구,"경상남도 창원시 마산회원구 자유무역5길 138 (봉암동, 온누리)",1,1,0,0,,,False,False,False,False,False,1,1,0,0
LOC001857,35.2147065690238,128.604256633863,4812762000.0,봉암동,마산회원구,경상남도 창원시 마산회원구 봉암공단13길 30 (봉암동),4,1,2,1,,,True,True,False,False,True,3,1,1,1
LOC001858,35.2147102574225,128.599940263769,4812762000.0,봉암동,마산회원구,"경상남도 창원시 마산회원구 봉암공단로 48 (봉암동, 국일정밀)",1,1,0,0,,,False,False,False,False,False,1,1,0,0
LOC001859,35.2147835000656,128.595812049635,4812762000.0,봉암동,마산회원구,"경상남도 창원시 마산회원구 봉암공단7길 81 (봉암동, 주택)",2,1,1,0,,,False,True,False,False,False,2,1,0,1
LOC001860,35.2148079442178,128.647896132636,4812357000.0,웅남동,성산구,"경상남도 창원시 성산구 공단로 228-6 (웅남동, (주)오토엔 공장)",4,4,0,0,36.0,1741.04,False,False,False,False,False,4,4,0,0
LOC001861,35.2148103076963,128.596123355459,4812762000.0,봉암동,마산회원구,경상남도 창원시 마산회원구 봉암공단7길 73(봉암동),1,1,0,0,,,False,False,False,False,False,1,1,0,0
LOC001862,35.2148215717809,128.597107313375,4812762000.0,봉암동,마산회원구,경상남도 창원시 마산회원구 봉암공단7길 55 (봉암동),1,1,0,0,,,False,False,False,False,False,1,1,0,0
LOC001863,35.2148219159888,128.647333170364,4812357000.0,웅남동,성산구,경상남도 창원시 성산구 공단로 220 (웅남동),6,6,0,0,73.0,2065.0,False,False,False,False,False,6,6,0,0
LOC001864,35.2148235128364,128.598052762646,4812762000.0,봉암동,마산회원구,경상남도 창원시 마산회원구 봉암공단7길 39 (봉암동),2,2,0,0,,,False,False,False,False,False,2,2,0,0
LOC001865,35.2148326670053,128.595104035701,4812762000.0,봉암동,마산회원구,경상남도 창원시 마산회원구 자유무역3길 78 (양덕동),1,1,0,0,,,False,False,False,False,False,1,1,0,0
LOC001866,35.2148341877082,128.596403745661,4812762000.0,봉암동,마산회원구,경상남도 창원시 마산회원구 봉암공단7길 69 (봉암동),1,1,0,0,,,False,False,False,False,False,1,1,0,0
LOC001867,35.2148357649185,128.600011032905,4812762000.0,봉암동,마산회원구,"경상남도 창원시 마산회원구 봉암공단로 46, 건물 좌측(봉암동)",1,1,0,0,,,False,False,False,False,False,1,1,0,0
LOC001868,35.2148385953774,128.667845072178,4812352000.0,중앙동,성산구,경상남도 창원시 성산구 완암로 149 (내동),2,1,1,0,39.0,2850.8,False,True,False,False,False,1,1,0,1
LOC001869,35.2148453376529,128.586480263083,4812565000.0,산호동,마산합포구,"경상남도 창원시 마산합포구 합포로 195-1, 3층 (산호동)",2,2,0,0,,,False,False,False,False,False,2,2,0,0
LOC001870,35.2148479768566,128.598377311108,4812762000.0,봉암동,마산회원구,경상남도 창원시 마산회원구 봉암공단7길 35 (봉암동),2,2,0,0,,,False,False,False,False,False,2,2,0,0
LOC001871,35.2148482348688,128.597449804802,4812762000.0,봉암동,마산회원구,경상남도 창원시 마산회원구 봉암공단7길 43 (봉암동) 외 1필지,2,1,1,0,,,False,True,False,False,False,2,1,0,1
LOC001872,35.2148554880222,128.596790827296,4812762000.0,봉암동,마산회원구,경상남도 창원시 마산회원구 봉암공단7길 61 (봉암동),1,0,1,0,,,True,False,False,False,False,1,0,0,1
LOC001873,35.2148731964772,128.599108525653,4812762000.0,봉암동,마산회원구,"경상남도 창원시 마산회원구 봉암공단7길 19 (봉암동, 주택)",2,2,0,0,,,False,False,False,False,False,2,2,0,0
LOC001874,35.214899720312,128.599658898088,4812762000.0,봉암동,마산회원구,"경상남도 창원시 마산회원구 봉암공단7길 9 (봉암동, 강림기계)",2,2,0,0,,,False,False,False,False,False,2,2,0,0
LOC001875,35.2149123284681,128.598766006226,4812762000.0,봉암동,마산회원구,경상남도 창원시 마산회원구 봉암공단7길 23 (봉암동 외 1필지),1,0,1,0,,,True,False,False,False,False,1,0,0,1
LOC001876,35.2149198775984,128.668662993355,4812352000.0,중앙동,성산구,경상남도 창원시 성산구 완암로 153 (내동),3,1,2,0,67.0,2184.6,True,True,False,False,False,2,1,0,1
LOC001877,35.2149463741947,128.598050998057,4812762000.0,봉암동,마산회원구,"경상남도 창원시 마산회원구 봉암공단7길 37 (봉암동, 동아목형)",1,1,0,0,,,False,False,False,False,False,1,1,0,0
LOC001878,35.2150547965481,128.594141333743,4812762000.0,봉암동,마산회원구,"경상남도 창원시 마산회원구 자유무역3길 76 (양덕동, 한산SCREW(주))",2,1,0,1,,,False,False,False,True,True,1,1,1,0
LOC001879,35.2150663295477,128.591724157064,4812762000.0,봉암동,마산회원구,"경상남도 창원시 마산회원구 자유무역2길 76 (양덕동, 한국SONY전자(주))",2,1,0,1,,,False,False,False,True,True,2,1,1,0
LOC001880,35.2151415907878,128.677763012734,4812352000.0,중앙동,성산구,경상남도 창원시 성산구 창원대로 797 (상남동),2,0,1,1,,,False,True,False,False,True,1,0,1,1
LOC001881,35.2151582599767,128.608948884256,4812762000.0,봉암동,마산회원구,경상남도 창원시 마산회원구 자유무역5길 61 (봉암동),3,1,2,0,,,True,True,False,False,False,1,1,0,1
LOC001882,35.2151629134158,128.596441261282,4812762000.0,봉암동,마산회원구,경상남도 창원시 마산회원구 봉암공단7길 72 (봉암동),1,0,1,0,,,True,False,False,False,False,1,0,0,1
LOC001883,35.2152094361361,128.588459338403,4812565000.0,산호동,마산합포구,"경상남도 창원시 마산합포구 산호동5길 34 (산호동, 주택)",1,1,0,0,,,False,False,False,False,False,1,1,0,0
LOC001884,35.2152125894222,128.59609136827,4812762000.0,봉암동,마산회원구,경상남도 창원시 마산회원구 봉암공단7길 76 (봉암동),1,0,1,0,,,False,True,False,False,False,1,0,0,1
LOC001885,35.2152128482519,128.595866687409,4812762000.0,봉암동,마산회원구,"경상남도 창원시 마산회원구 봉암공단1길 121 (봉암동, 선경정밀)",3,2,0,1,,,False,False,False,True,False,2,2,1,0
LOC001886,35.2152462259792,128.596738960007,4812762000.0,봉암동,마산회원구,"경상남도 창원시 마산회원구 봉암공단7길 64 (봉암동, 일진산업(주))",2,1,1,0,,,True,False,False,False,False,1,1,0,1
LOC001887,35.215280985128,128.610387273741,4812762000.0,봉암동,마산회원구,경상남도 창원시 마산회원구 자유무역5길 85(봉암동),2,1,1,0,,,False,True,False,False,False,1,1,0,1
LOC001888,35.215291761437,128.599112892667,4812762000.0,봉암동,마산회원구,경상남도 창원시 마산회원구 봉암공단7길 20 (봉암동),2,1,1,0,,,False,True,False,False,False,1,1,0,1
LOC001889,35.2153028009187,128.586679918757,4812565000.0,산호동,마산합포구,"경상남도 창원시 마산합포구 산호남12길 3 (산호동, 고려당한의원)",1,1,0,0,,,False,False,False,False,False,1,1,0,0
LOC001890,35.2153091805875,128.598510557308,4812762000.0,봉암동,마산회원구,"경상남도 창원시 마산회원구 봉암공단7길 32 (봉암동, 동광스프링)",1,1,0,0,,,False,False,False,False,False,1,1,0,0
LOC001891,35.2153140853674,128.599885565427,4812762000.0,봉암동,마산회원구,"경상남도 창원시 마산회원구 봉암공단7길 6 (봉암동, 삼화철강)",1,1,0,0,,,False,False,False,False,False,1,1,0,0
LOC001892,35.2153226935211,128.597329957045,4812762000.0,봉암동,마산회원구,경상남도 창원시 마산회원구 봉암공단7길 46 (봉암동),1,0,1,0,,,True,False,False,False,False,1,0,0,1
LOC001893,35.2153372085467,128.577089120155,4812565000.0,산호동,마산합포구,경상남도 창원시 마산합포구 용마로 7 일광주유소 (산호동),1,0,1,0,,,False,True,False,False,False,1,0,0,1
LOC001894,35.215341380331,128.599354585492,4812762000.0,봉암동,마산회원구,"경상남도 창원시 마산회원구 봉암공단7길 16 (봉암동, 성원)",1,1,0,0,,,False,False,False,False,False,1,1,0,0
LOC001895,35.2153695605951,128.574216145113,4812561000.0,교방동,마산합포구,"경상남도 창원시 마산합포구 상남시장로 35 (상남동, 주택)",1,1,0,0,,,False,False,False,False,False,1,1,0,0
LOC001896,35.2153739058327,128.598325027201,4812762000.0,봉암동,마산회원구,"경상남도 창원시 마산회원구 봉암공단7길 36 (봉암동, 주택)",1,1,0,0,,,False,False,False,False,False,1,1,0,0
LOC001897,35.2153896318469,128.599624694463,4812762000.0,봉암동,마산회원구,"경상남도 창원시 마산회원구 봉암공단7길 10, 동원테크 내 (봉암동)",1,1,0,0,,,False,False,False,False,False,1,1,0,0
LOC001898,35.215393017371,128.611720470629,4812762000.0,봉암동,마산회원구,경상남도 창원시 마산회원구 자유무역5길 103 (봉암동),1,1,0,0,,,False,False,False,False,False,1,1,0,0
LOC001899,35.2154083915154,128.601286708931,4812762000.0,봉암동,마산회원구,경상남도 창원시 마산회원구 봉암공단13길 15-1 (봉암동),1,1,0,0,,,False,False,False,False,False,1,1,0,0
LOC001900,35.2154121259493,128.606717576874,4812762000.0,봉암동,마산회원구,경상남도 창원시 마산회원구 자유무역5길 13(봉암동),2,1,1,0,,,False,True,False,False,False,1,1,0,1
LOC001901,35.2154777416647,128.593320262288,4812762000.0,봉암동,마산회원구,"경상남도 창원시 마산회원구 자유무역3길 96 (양덕동, 대신금속)",1,1,0,0,,,False,False,False,False,False,1,1,0,0
LOC001902,35.2154788051777,128.598052320577,4812762000.0,봉암동,마산회원구,"경상남도 창원시 마산회원구 봉암공단6길 41 (봉암동, 성우공업사)",1,1,0,0,,,False,False,False,False,False,1,1,0,0
LOC001903,35.2154811778439,128.604515013335,4812762000.0,봉암동,마산회원구,경상남도 창원시 마산회원구 봉암공단13길 23-10(봉암동),1,1,0,0,,,False,False,False,False,False,1,1,0,0
LOC001904,35.2154869275528,128.594313192732,4812762000.0,봉암동,마산회원구,경상남도 창원시 마산회원구 자유무역3길 108 (양덕동),3,1,2,0,,,True,True,False,False,False,3,1,0,2
LOC001905,35.2154971677801,128.596845346664,4812762000.0,봉암동,마산회원구,"경상남도 창원시 마산회원구 봉암공단6길 61 (봉암동, 동우정밀)",1,1,0,0,,,False,False,False,False,False,1,1,0,0
LOC001906,35.2154972061125,128.597026875801,4812762000.0,봉암동,마산회원구,경상남도 창원시 마산회원구 봉암공단6길 57 (봉암동),1,0,1,0,,,True,False,False,False,False,1,0,0,1
LOC001907,35.2155021102361,128.597153811135,4812762000.0,봉암동,마산회원구,경상남도 창원시 마산회원구 봉암공단6길 55 (봉암동),2,2,0,0,,,False,False,False,False,False,2,2,0,0
LOC001908,35.2155059011353,128.596149054804,4812762000.0,봉암동,마산회원구,"경상남도 창원시 마산회원구 봉암공단6길 75 (봉암동, 동우철강)",1,1,0,0,,,False,False,False,False,False,1,1,0,0
LOC001909,35.2155083315806,128.597372140486,4812762000.0,봉암동,마산회원구,경상남도 창원시 마산회원구 봉암공단6길 51 (봉암동),1,1,0,0,,,False,False,False,False,False,1,1,0,0
LOC001910,35.2155134372354,128.645397679493,4812357000.0,웅남동,성산구,경상남도 창원시 성산구 공단로166번길 13-51(신촌동),3,3,0,0,73.0,3965.05,False,False,False,False,False,3,3,0,0
LOC001911,35.2155179139343,128.596680038344,4812762000.0,봉암동,마산회원구,"경상남도 창원시 마산회원구 봉암공단6길 69 (봉암동, 주택)",2,1,1,0,,,False,True,False,False,False,1,1,0,1
LOC001912,35.2155272701872,128.598756871695,4812762000.0,봉암동,마산회원구,"경상남도 창원시 마산회원구 봉암공단6길 25 (봉암동, 주택)",1,1,0,0,,,False,False,False,False,False,1,1,0,0
LOC001913,35.2155342158449,128.61044938127,4812762000.0,봉암동,마산회원구,경상남도 창원시 마산회원구 자유무역6길 261 (봉암동),1,1,0,0,,,False,False,False,False,False,1,1,0,0
LOC001914,35.2155490257674,128.599422683002,4812762000.0,봉암동,마산회원구,경상남도 창원시 마산회원구 봉암공단6길 13 (봉암동),1,1,0,0,,,False,False,False,False,False,1,1,0,0
LOC001915,35.215562321885,128.595820706606,4812762000.0,봉암동,마산회원구,"경상남도 창원시 마산회원구 봉암공단1길 113 (봉암동, 공장) 외 1필지",1,1,0,0,,,False,False,False,False,False,1,1,0,0
LOC001916,35.2155636980753,128.600732984649,4812762000.0,봉암동,마산회원구,경상남도 창원시 마산회원구 봉암공단13길 7 (봉암동),3,1,1,1,,,False,True,False,True,True,1,1,1,1
LOC001917,35.21556535342,128.665776176536,4812352000.0,중앙동,성산구,"경상남도 창원시 성산구 연덕로 144(내동, 효성중공업(주) 창원2공장)",4,2,1,1,135.0,19198.76,True,False,False,False,False,1,1,1,1
LOC001918,35.2155777168916,128.599849887287,4812762000.0,봉암동,마산회원구,"경상남도 창원시 마산회원구 봉암공단6길 5 (봉암동, 2007.2 건축신고)",1,1,0,0,,,False,False,False,False,False,1,1,0,0
LOC001919,35.2155896642159,128.599648276994,4812762000.0,봉암동,마산회원구,경상남도 창원시 마산회원구 봉암공단6길 9 (봉암동),1,1,0,0,,,False,False,False,False,False,1,1,0,0
LOC001920,35.2156005610103,128.608313205125,4812762000.0,봉암동,마산회원구,경상남도 창원시 마산회원구 자유무역4길 30(봉암동),2,1,1,0,,,True,False,False,False,False,1,1,0,1
LOC001921,35.2156050634885,128.599294527119,4812762000.0,봉암동,마산회원구,경상남도 창원시 마산회원구 봉암공단6길 15 (봉암동),1,1,0,0,,,False,False,False,False,False,1,1,0,0
LOC001922,35.2156197899625,128.648754838683,4812357000.0,웅남동,성산구,경상남도 창원시 성산구 공단로 233(웅남동),2,1,0,1,,,False,False,False,False,False,1,1,1,0
LOC001923,35.215652323147,128.652356717739,4812357000.0,웅남동,성산구,"경상남도 창원시 성산구 공단로271번길 29 (웅남동, 주식회사 호성금속)",8,5,2,1,18.0,2677.0299999999997,True,True,False,False,False,6,5,1,1
LOC001924,35.2156989071268,128.607334583999,4812762000.0,봉암동,마산회원구,경상남도 창원시 마산회원구 자유무역5길 35 (봉암동),1,1,0,0,,,False,False,False,False,False,1,1,0,0
LOC001925,35.2157209723493,128.58659064941,4812565000.0,산호동,마산합포구,경상남도 창원시 마산합포구 합포로 207-1 (산호동),1,0,1,0,,,False,True,False,False,False,1,0,0,1
LOC001926,35.2157233843145,128.591178452503,4812762000.0,봉암동,마산회원구,경상남도 창원시 마산회원구 자유무역2길 104 대신금속(주) (양덕동),4,1,2,1,,,True,True,False,False,True,1,1,1,1
LOC001927,35.2157457084323,128.605961028537,4812762000.0,봉암동,마산회원구,경상남도 창원시 마산회원구 자유무역5길 5 (봉암동),2,1,1,0,,,True,False,False,False,False,2,1,0,1
LOC001928,35.2157895503506,128.609465736887,4812762000.0,봉암동,마산회원구,경상남도 창원시 마산회원구 자유무역4길 11 (봉암동),3,1,1,1,,,True,False,False,False,False,2,1,1,1
LOC001929,35.2158019023672,128.577544301967,4812565000.0,산호동,마산합포구,경상남도 창원시 마산합포구 용마로 13 (산호동),1,0,1,0,,,False,True,False,False,False,1,0,0,1
LOC001930,35.2158053399017,128.586878477507,4812565000.0,산호동,마산합포구,"경상남도 창원시 마산합포구 합포로 209, 지하1층 (산호동)",1,1,0,0,,,False,False,False,False,False,1,1,0,0
LOC001931,35.215853041854,128.598035277355,4812762000.0,봉암동,마산회원구,경상남도 창원시 마산회원구 봉암공단6길 40 (봉암동),1,0,1,0,,,False,True,False,False,False,1,0,0,1
LOC001932,35.2158835251033,128.606543691888,4812762000.0,봉암동,마산회원구,경상남도 창원시 마산회원구 자유무역5길 27 (봉암동),1,1,0,0,,,False,False,False,False,False,1,1,0,0
LOC001933,35.2158957075537,128.596072127378,4812762000.0,봉암동,마산회원구,"경상남도 창원시 마산회원구 봉암공단1길 109 (봉암동, 일진산업)",1,1,0,0,,,False,False,False,False,False,1,1,0,0
LOC001934,35.2159439759151,128.598035302891,4812762000.0,봉암동,마산회원구,"경상남도 창원시 마산회원구 봉암공단6길 40-1 (봉암동, 주택)",1,1,0,0,,,False,False,False,False,False,1,1,0,0
LOC001935,35.2159714517228,128.598943817951,4812762000.0,봉암동,마산회원구,"경상남도 창원시 마산회원구 봉암공단6길 20 (봉암동, 주택)",3,3,0,0,,,False,False,False,False,False,3,3,0,0
LOC001936,35.2159894774023,128.598288666869,4812762000.0,봉암동,마산회원구,경상남도 창원시 마산회원구 봉암공단6길 36(봉암동),1,1,0,0,,,False,False,False,False,False,1,1,0,0
LOC001937,35.2159915488786,128.708102905942,4812354000.0,사파동,성산구,경상남도 창원시 성산구 대암로105번길 2 (대방동),1,0,1,0,,,False,True,False,False,False,1,0,0,1
LOC001938,35.2159922973088,128.598498255239,4812762000.0,봉암동,마산회원구,경상남도 창원시 마산회원구 봉암공단6길 30 (봉암동),2,2,0,0,,,False,False,False,False,False,2,2,0,0
LOC001939,35.2159978021514,128.599582378364,4812762000.0,봉암동,마산회원구,경상남도 창원시 마산회원구 봉암공단6길 12 (봉암동),2,1,1,0,,,False,True,False,False,False,2,1,0,1
LOC001940,35.2160072809187,128.598728508352,4812762000.0,봉암동,마산회원구,경상남도 창원시 마산회원구 봉암공단6길 28 (봉암동),1,1,0,0,,,False,False,False,False,False,1,1,0,0
LOC001941,35.216015641678,128.59971231388,4812762000.0,봉암동,마산회원구,"경상남도 창원시 마산회원구 봉암공단6길 8 (봉암동, 주택)",1,1,0,0,,,False,False,False,False,False,1,1,0,0
LOC001942,35.2160184739569,128.599184253772,4812762000.0,봉암동,마산회원구,경상남도 창원시 마산회원구 봉암공단6길 18 (봉암동) 건물우측 1층 공장,1,1,0,0,,,False,False,False,False,False,1,1,0,0
LOC001943,35.2160358323942,128.59689334651,4812762000.0,봉암동,마산회원구,경상남도 창원시 마산회원구 봉암공단6길 60 (봉암동),1,1,0,0,,,False,False,False,False,False,1,1,0,0
LOC001944,35.2161236643038,128.599871803402,4812762000.0,봉암동,마산회원구,경상남도 창원시 마산회원구 봉암공단6길 6 (봉암동),1,0,1,0,,,False,True,False,False,False,1,0,0,1
LOC001945,35.2161405091579,128.707797114012,4812354000.0,사파동,성산구,"경상남도 창원시 성산구 대암로105번길 1, 702호 (대방동, 대방동아카데미빌딩)",1,1,0,0,8.0,67.5,False,False,False,False,False,1,1,0,0
LOC001946,35.2161887140561,128.596556123782,4812762000.0,봉암동,마산회원구,경상남도 창원시 마산회원구 봉암공단5길 61 (봉암동),1,0,1,0,,,True,False,False,False,False,1,0,0,1
LOC001947,35.2162137538769,128.652365682134,4812357000.0,웅남동,성산구,경상남도 창원시 성산구 웅남로 324 (웅남동),4,1,2,1,95.0,7993.41,True,True,False,False,True,1,1,1,1
LOC001948,35.2162276151049,128.59627157714,4812762000.0,봉암동,마산회원구,"경상남도 창원시 마산회원구 봉암공단5길 71, A동 (봉암동)",6,6,0,0,,,False,False,False,False,False,6,6,0,0
LOC001949,35.2162608138804,128.598966076337,4812762000.0,봉암동,마산회원구,"경상남도 창원시 마산회원구 봉암공단5길 21 (봉암동, 삼천리정밀)",1,1,0,0,,,False,False,False,False,False,1,1,0,0
LOC001950,35.2162626165944,128.602611756367,4812762000.0,봉암동,마산회원구,경상남도 창원시 마산회원구 봉암공단13길 15-14 (봉암동),2,1,1,0,,,True,False,False,False,False,1,1,0,1
LOC001951,35.216265433334,128.598486699208,4812762000.0,봉암동,마산회원구,경상남도 창원시 마산회원구 봉암공단5길 29 (봉암동),2,2,0,0,,,False,False,False,False,False,2,2,0,0
LOC001952,35.2162672397769,128.640549726515,4812357000.0,웅남동,성산구,경상남도 창원시 성산구 공단로103번길 12 (신촌동),4,2,1,1,560.0,137767.112,True,False,False,False,True,2,1,1,1
LOC001953,35.216280804269,128.598257699455,4812762000.0,봉암동,마산회원구,"경상남도 창원시 마산회원구 봉암공단5길 33 (봉암동, 주택)",1,1,0,0,,,False,False,False,False,False,1,1,0,0
LOC001954,35.2162865490264,128.599385209484,4812762000.0,봉암동,마산회원구,경상남도 창원시 마산회원구 봉암공단5길 13 (봉암동),1,0,1,0,,,True,False,False,False,False,1,0,0,1
LOC001955,35.2162935421107,128.596807794609,4812762000.0,봉암동,마산회원구,경상남도 창원시 마산회원구 봉암공단5길 59 (봉암동),1,1,0,0,,,False,False,False,False,False,1,1,0,0
LOC001956,35.2162969028509,128.596928770737,4812762000.0,봉암동,마산회원구,경상남도 창원시 마산회원구 봉암공단5길 57 (봉암동),1,1,0,0,,,False,False,False,False,False,1,1,0,0
LOC001957,35.2163009929618,128.59704910225,4812762000.0,봉암동,마산회원구,경상남도 창원시 마산회원구 봉암공단5길 55 (봉암동),1,1,0,0,,,False,False,False,False,False,1,1,0,0
LOC001958,35.2163103550474,128.599622884711,4812762000.0,봉암동,마산회원구,경상남도 창원시 마산회원구 봉암공단5길 9 (봉암동),1,1,0,0,,,False,False,False,False,False,1,1,0,0
LOC001959,35.2163197452456,128.599894320903,4812762000.0,봉암동,마산회원구,경상남도 창원시 마산회원구 봉암공단5길 7 (봉암동),1,1,0,0,,,False,False,False,False,False,1,1,0,0
LOC001960,35.2163302830219,128.60815079466,4812762000.0,봉암동,마산회원구,"경상남도 창원시 마산회원구 자유무역4길 6 (봉암동, 대명)",1,1,0,0,,,False,False,False,False,False,1,1,0,0
LOC001961,35.2163532417255,128.594795218364,4812762000.0,봉암동,마산회원구,경상남도 창원시 마산회원구 자유무역3길 118 (양덕동),1,1,0,0,,,False,False,False,False,False,1,1,0,0
LOC001962,35.2163551745335,128.598037872977,4812762000.0,봉암동,마산회원구,경상남도 창원시 마산회원구 봉암공단5길 39 (봉암동),1,0,1,0,,,False,True,False,False,False,1,0,0,1
LOC001963,35.2164119631699,128.593860820704,4812762000.0,봉암동,마산회원구,경상남도 창원시 마산회원구 자유무역3길 112(양덕동),1,1,0,0,,,False,False,False,False,False,1,1,0,0
LOC001964,35.2164440943863,128.591597093307,4812762000.0,봉암동,마산회원구,경상남도 창원시 마산회원구 자유무역2길 112 (양덕동),2,1,1,0,,,False,True,False,False,False,2,1,0,1
LOC001965,35.2164497838298,128.592397894055,4812762000.0,봉암동,마산회원구,경상남도 창원시 마산회원구 자유무역3길 111(양덕동),2,1,1,0,,,True,False,False,False,False,2,1,0,1
LOC001966,35.2164542102426,128.590868752047,4812762000.0,봉암동,마산회원구,경상남도 창원시 마산회원구 자유무역2길 110 (양덕동),2,1,1,0,,,False,True,False,False,False,1,1,0,1
LOC001967,35.2164594031908,128.604533279555,4812762000.0,봉암동,마산회원구,경상남도 창원시 마산회원구 봉암공단13길 23-12 (봉암동),2,1,1,0,,,False,True,False,False,False,1,1,0,1
LOC001968,35.2164867709796,128.601037298631,4812762000.0,봉암동,마산회원구,경상남도 창원시 마산회원구 봉암공단13길 15-11 (봉암동),2,1,1,0,,,True,False,False,False,False,1,1,0,1
LOC001969,35.2164982305945,128.670365188517,4812352000.0,중앙동,성산구,"경상남도 창원시 성산구 연덕로184번길 48, 408호(내동, 공단상가)",1,1,0,0,,,False,False,False,False,False,1,1,0,0
LOC001970,35.2165185175972,128.607461222608,4812762000.0,봉암동,마산회원구,경상남도 창원시 마산회원구 자유무역4길 8 (봉암동),1,1,0,0,,,False,False,False,False,False,1,1,0,0
LOC001971,35.2165573383487,128.602943822445,4812762000.0,봉암동,마산회원구,"경상남도 창원시 마산회원구 봉암공단13길 23-14 (봉암동, (주)티젠)",2,1,0,1,,,False,False,False,True,False,1,1,1,0
LOC001972,35.2165854729834,128.595972519201,4812762000.0,봉암동,마산회원구,경상남도 창원시 마산회원구 봉암공단5길 76 (봉암동),1,1,0,0,,,False,False,False,False,False,1,1,0,0
LOC001973,35.2165975210093,128.649337541949,4812357000.0,웅남동,성산구,경상남도 창원시 성산구 삼동로 24 (웅남동),4,1,2,1,340.0,16469.18,True,True,False,False,True,2,1,1,1
LOC001974,35.2166409588364,128.597334373793,4812762000.0,봉암동,마산회원구,경상남도 창원시 마산회원구 봉암공단5길 52 (봉암동),1,1,0,0,,,False,False,False,False,False,1,1,0,0
LOC001975,35.2166457344487,128.596917813782,4812762000.0,봉암동,마산회원구,경상남도 창원시 마산회원구 봉암공단4길 149 (봉암동),1,0,0,1,,,False,False,False,True,True,1,0,1,0
LOC001976,35.2166468927076,128.587093083691,4812565000.0,산호동,마산합포구,"경상남도 창원시 마산합포구 합포로 217 (산호동, 주택)",1,1,0,0,,,False,False,False,False,False,1,1,0,0
LOC001977,35.2166497806962,128.598120302143,4812762000.0,봉암동,마산회원구,경상남도 창원시 마산회원구 봉암공단5길 40 (봉암동),1,1,0,0,,,False,False,False,False,False,1,1,0,0
LOC001978,35.216677765274,128.598389797767,4812762000.0,봉암동,마산회원구,경상남도 창원시 마산회원구 봉암공단5길 32 (봉암동),1,1,0,0,,,False,False,False,False,False,1,1,0,0
LOC001979,35.2167059129301,128.600045104256,4812762000.0,봉암동,마산회원구,경상남도 창원시 마산회원구 봉암공단로 26 (봉암동),1,1,0,0,,,False,False,False,False,False,1,1,0,0
LOC001980,35.2167535502894,128.595890700027,4812762000.0,봉암동,마산회원구,경상남도 창원시 마산회원구 봉암공단1길 87 (봉암동),1,1,0,0,,,False,False,False,False,False,1,1,0,0
LOC001981,35.2167589230601,128.598570504274,4812762000.0,봉암동,마산회원구,경상남도 창원시 마산회원구 봉암공단5길 28 (봉암동),1,1,0,0,,,False,False,False,False,False,1,1,0,0
LOC001982,35.2167659387924,128.588179209281,4812565000.0,산호동,마산합포구,경상남도 창원시 마산합포구 산호동2길 10 (산호동),2,2,0,0,,,False,False,False,False,False,2,2,0,0
LOC001983,35.2167700613879,128.588496887325,4812565000.0,산호동,마산합포구,"경상남도 창원시 마산합포구 산호동4길 11 (산호동, 2007.6.건축신고)",1,1,0,0,,,False,False,False,False,False,1,1,0,0
LOC001984,35.216787981382,128.596177453367,4812762000.0,봉암동,마산회원구,경상남도 창원시 마산회원구 봉암공단5길 72 (봉암동),1,1,0,0,,,False,False,False,False,False,1,1,0,0
LOC001985,35.216791766326,128.59649863909,4812762000.0,봉암동,마산회원구,경상남도 창원시 마산회원구 봉암공단5길 66 (봉암동),2,0,2,0,,,False,True,False,False,False,2,0,0,2
LOC001986,35.2167926701195,128.596341285747,4812762000.0,봉암동,마산회원구,경상남도 창원시 마산회원구 봉암공단5길 70 (봉암동),1,1,0,0,,,False,False,False,False,False,1,1,0,0
LOC001987,35.2167980368696,128.597164156985,4812762000.0,봉암동,마산회원구,경상남도 창원시 마산회원구 봉암공단5길 54 (봉암동),1,1,0,0,,,False,False,False,False,False,1,1,0,0
LOC001988,35.2168118125128,128.654595036169,4812357000.0,웅남동,성산구,"경상남도 창원시 성산구 공단로271번길 39 (웅남동, 신성델타테크(주))",4,2,1,1,54.0,5030.0,True,False,False,False,False,3,2,1,1
LOC001989,35.2168203103764,128.594449420048,4812762000.0,봉암동,마산회원구,경상남도 창원시 마산회원구 자유무역3길 116 (양덕동),3,1,2,0,,,True,True,False,False,False,2,1,0,1
LOC001990,35.2168234673751,128.598753520962,4812762000.0,봉암동,마산회원구,경상남도 창원시 마산회원구 봉암공단5길 26 (봉암동),1,1,0,0,,,False,False,False,False,False,1,1,0,0
LOC001991,35.2168252545508,128.597464606834,4812762000.0,봉암동,마산회원구,경상남도 창원시 마산회원구 봉암공단5길 42-13 (봉암동),2,2,0,0,,,False,False,False,False,False,2,2,0,0
LOC001992,35.2168292327921,128.599047071198,4812762000.0,봉암동,마산회원구,경상남도 창원시 마산회원구 봉암공단5길 20 (봉암동),1,0,1,0,,,False,True,False,False,False,1,0,0,1
LOC001993,35.216833153792,128.599173220668,4812762000.0,봉암동,마산회원구,경상남도 창원시 마산회원구 봉암공단5길 18(봉암동),1,1,0,0,,,False,False,False,False,False,1,1,0,0
LOC001994,35.2168425154842,128.598239281214,4812762000.0,봉암동,마산회원구,경상남도 창원시 마산회원구 봉암공단5길 42-16 (봉암동),1,1,0,0,,,False,False,False,False,False,1,1,0,0
LOC001995,35.2168468080358,128.599285723877,4812762000.0,봉암동,마산회원구,경상남도 창원시 마산회원구 봉암공단5길 16 (봉암동),1,1,0,0,,,False,False,False,False,False,1,1,0,0
LOC001996,35.2168788974327,128.59944899592,4812762000.0,봉암동,마산회원구,경상남도 창원시 마산회원구 봉암공단5길 12 (봉암동) 외 1필지,2,1,1,0,,,False,True,False,False,False,1,1,0,1
LOC001997,35.2169096606526,128.593789615145,4812762000.0,봉암동,마산회원구,"경상남도 창원시 마산회원구 자유무역3길 130, 칸에스티엔(주) 마산공장(양덕동)",1,1,0,0,,,False,False,False,False,False,1,1,0,0
LOC001998,35.2169274546282,128.599689135377,4812762000.0,봉암동,마산회원구,경상남도 창원시 마산회원구 봉암공단로 22 (봉암동),1,1,0,0,,,False,False,False,False,False,1,1,0,0
LOC001999,35.2169327217871,128.592345609622,4812762000.0,봉암동,마산회원구,경상남도 창원시 마산회원구 자유무역3길 131 (양덕동),5,2,2,1,,,True,True,False,False,True,2,2,1,1
LOC002000,35.2169389352537,128.595917940662,4812762000.0,봉암동,마산회원구,경상남도 창원시 마산회원구 봉암공단1길 83 (봉암동),1,1,0,0,,,False,False,False,False,False,1,1,0,0
LOC002001,35.2169573737781,128.5974852064,4812762000.0,봉암동,마산회원구,경상남도 창원시 마산회원구 봉암공단5길 42-19 (봉암동),2,2,0,0,,,False,False,False,False,False,2,2,0,0
LOC002002,35.2169797036388,128.578735029669,4812565000.0,산호동,마산합포구,경상남도 창원시 마산합포구 용마로 31 (산호동),1,0,1,0,,,False,True,False,False,False,1,0,0,1
LOC002003,35.2169869186137,128.59497838529,4812762000.0,봉암동,마산회원구,"경상남도 창원시 마산회원구 자유무역3길 146 (양덕동, 한국삼양공업(주))",1,1,0,0,,,False,False,False,False,False,1,1,0,0
LOC002004,35.2170246448843,128.600865562615,4812762000.0,봉암동,마산회원구,경상남도 창원시 마산회원구 봉암공단13길 15-21 (봉암동),1,1,0,0,,,False,False,False,False,False,1,1,0,0
LOC002005,35.2170254167281,128.602707250926,4812762000.0,봉암동,마산회원구,"경상남도 창원시 마산회원구 봉암공단13길 23-23, 8동 6층 일부 (봉암동)",9,7,2,0,,,True,True,False,False,False,7,7,0,2
LOC002006,35.217035145258,128.587525974949,4812565000.0,산호동,마산합포구,"경상남도 창원시 마산합포구 합포로 222, 102호 (창원시마산합포구 합포로 222) (산호동)",1,1,0,0,,,False,False,False,False,False,1,1,0,0
LOC002007,35.2170357251587,128.669195436859,4812352000.0,중앙동,성산구,경상남도 창원시 성산구 연덕로184번길 36 (내동),1,0,1,0,,,False,True,False,False,False,1,0,0,1
LOC002008,35.21704471021,128.685403459876,4812353000.0,상남동,성산구,경상남도 창원시 성산구 동산로65번길 26-12 401호 (상남동 다모아타운),1,0,1,0,,,True,False,False,False,False,1,0,0,1
LOC002009,35.2170792441285,128.575646951544,4812751000.0,회원1동,마산회원구,경상남도 창원시 마산회원구 3·15대로 480 (회원동),1,0,0,1,,,False,False,False,True,False,1,0,1,0
LOC002010,35.2170821480781,128.604438573406,4812762000.0,봉암동,마산회원구,경상남도 창원시 마산회원구 봉암공단13길 23-29 (봉암동),12,10,2,0,,,True,True,False,False,False,10,10,0,1
LOC002011,35.2170953211894,128.597487580375,4812762000.0,봉암동,마산회원구,경상남도 창원시 마산회원구 봉암공단5길 42-25 (봉암동),1,1,0,0,,,False,False,False,False,False,1,1,0,0
LOC002012,35.217118685243,128.593232962224,4812762000.0,봉암동,마산회원구,"경상남도 창원시 마산회원구 자유무역3길 138, (주)케이엠에스 (양덕동, (주)삼일)",1,1,0,0,,,False,False,False,False,False,1,1,0,0
LOC002013,35.2171270823403,128.601392622174,4812762000.0,봉암동,마산회원구,경상남도 창원시 마산회원구 봉암공단13길 15-19 (봉암동),1,1,0,0,,,False,False,False,False,False,1,1,0,0
LOC002014,35.2171464182737,128.587899223558,4812565000.0,산호동,마산합포구,"경상남도 창원시 마산합포구 산호동2길 19 (산호동, 주택)",1,1,0,0,,,False,False,False,False,False,1,1,0,0
LOC002015,35.2171591925271,128.595706347218,4812762000.0,봉암동,마산회원구,경상남도 창원시 마산회원구 봉암공단1길 79 (봉암동),1,1,0,0,,,False,False,False,False,False,1,1,0,0
LOC002016,35.2171787706435,128.590713440641,4812762000.0,봉암동,마산회원구,경상남도 창원시 마산회원구 자유무역2길 132(양덕동),2,1,1,0,,,False,True,False,False,False,2,1,0,1
LOC002017,35.2172051652238,128.59821245731,4812762000.0,봉암동,마산회원구,경상남도 창원시 마산회원구 봉암공단5길 42-32 (봉암동),1,1,0,0,,,False,False,False,False,False,1,1,0,0
LOC002018,35.2172091419827,128.594323265096,4812762000.0,봉암동,마산회원구,경상남도 창원시 마산회원구 자유무역3길 144 (양덕동),3,1,2,0,,,True,True,False,False,False,3,1,0,2
LOC002019,35.2172140375233,128.593602502999,4812762000.0,봉암동,마산회원구,경상남도 창원시 마산회원구 자유무역3길 142 (양덕동),2,1,1,0,,,False,True,False,False,False,2,1,0,1
LOC002020,35.2172181009975,128.598993529896,4812762000.0,봉암동,마산회원구,경상남도 창원시 마산회원구 봉암공단4길 113 (봉암동),1,1,0,0,,,False,False,False,False,False,1,1,0,0
LOC002021,35.217225576392,128.596481437619,4812762000.0,봉암동,마산회원구,경상남도 창원시 마산회원구 봉암공단4길 159 (봉암동),1,0,1,0,,,True,False,False,False,False,1,0,0,1
LOC002022,35.21722847855,128.59748414986,4812762000.0,봉암동,마산회원구,경상남도 창원시 마산회원구 봉암공단5길 42-31(봉암동),1,1,0,0,,,False,False,False,False,False,1,1,0,0
LOC002023,35.2172300837736,128.599907685548,4812762000.0,봉암동,마산회원구,경상남도 창원시 마산회원구 봉암동 660-270번지,1,1,0,0,,,False,False,False,False,False,1,1,0,0
LOC002024,35.2172347546942,128.598558311074,4812762000.0,봉암동,마산회원구,경상남도 창원시 마산회원구 봉암공단4길 121 (봉암동),1,1,0,0,,,False,False,False,False,False,1,1,0,0
LOC002025,35.2172377885464,128.596341326977,4812762000.0,봉암동,마산회원구,경상남도 창원시 마산회원구 봉암공단4길 161 (봉암동),1,1,0,0,,,False,False,False,False,False,1,1,0,0
LOC002026,35.217242001841,128.655192287485,4812357000.0,웅남동,성산구,"경상남도 창원시 성산구 공단로271번길 51 (웅남동, (주)세양정공)",1,1,0,0,69.0,3720.0,False,False,False,False,False,1,1,0,0
LOC002027,35.2172459406335,128.650812571526,4812357000.0,웅남동,성산구,"경상남도 창원시 성산구 웅남로 316, 1동 1층 108호 (웅남동, 창원 지식산업센터)",100,94,5,1,263.0,21678.74,True,True,False,False,False,93,93,1,3
LOC002028,35.21724698603,128.599201546218,4812762000.0,봉암동,마산회원구,경상남도 창원시 마산회원구 봉암공단4길 109 (봉암동),1,1,0,0,,,False,False,False,False,False,1,1,0,0
LOC002029,35.2172529490073,128.656039103099,4812357000.0,웅남동,성산구,경상남도 창원시 성산구 공단로271번길 57(웅남동),5,3,2,0,50.0,6273.6,True,True,False,False,False,5,3,0,2
LOC002030,35.2172557408757,128.59877078481,4812762000.0,봉암동,마산회원구,경상남도 창원시 마산회원구 봉암공단4길 117 (봉암동),1,1,0,0,,,False,False,False,False,False,1,1,0,0
LOC002031,35.2172601481308,128.597174089999,4812762000.0,봉암동,마산회원구,경상남도 창원시 마산회원구 봉암공단4길 147 (봉암동),1,0,1,0,,,False,True,False,False,False,1,0,0,1
LOC002032,35.2172740938992,128.596178406254,4812762000.0,봉암동,마산회원구,경상남도 창원시 마산회원구 봉암공단4길 165 (봉암동),1,1,0,0,,,False,False,False,False,False,1,1,0,0
LOC002033,35.2172785082516,128.595905150831,4812762000.0,봉암동,마산회원구,경상남도 창원시 마산회원구 봉암공단1길 75 (봉암동),1,1,0,0,,,False,False,False,False,False,1,1,0,0
LOC002034,35.2172879240659,128.596838036096,4812762000.0,봉암동,마산회원구,경상남도 창원시 마산회원구 봉암공단4길 155 (봉암동),1,0,1,0,,,False,True,False,False,False,1,0,0,1
LOC002035,35.217392597678,128.598077758955,4812762000.0,봉암동,마산회원구,경상남도 창원시 마산회원구 봉암공단4길 129 (봉암동),2,2,0,0,,,False,False,False,False,False,2,2,0,0
LOC002036,35.2173965770732,128.598226862812,4812762000.0,봉암동,마산회원구,경상남도 창원시 마산회원구 봉암공단4길 127 (봉암동),1,1,0,0,,,False,False,False,False,False,1,1,0,0
LOC002037,35.2173997018422,128.597928762562,4812762000.0,봉암동,마산회원구,경상남도 창원시 마산회원구 봉암공단4길 133 (봉암동),1,1,0,0,,,False,False,False,False,False,1,1,0,0
LOC002038,35.2174004659178,128.599774413585,4812762000.0,봉암동,마산회원구,경상남도 창원시 마산회원구 봉암공단4길 99 (봉암동),1,1,0,0,,,False,False,False,False,False,1,1,0,0
LOC002039,35.2174012049435,128.599895779245,4812762000.0,봉암동,마산회원구,경상남도 창원시 마산회원구 봉암공단4길 97 (봉암동),1,1,0,0,,,False,False,False,False,False,1,1,0,0
LOC002040,35.2174015636499,128.597453168253,4812762000.0,봉암동,마산회원구,경상남도 창원시 마산회원구 봉암공단4길 137 (봉암동),1,1,0,0,,,False,False,False,False,False,1,1,0,0
LOC002041,35.2174529934139,128.596007185506,4812762000.0,봉암동,마산회원구,경상남도 창원시 마산회원구 봉암공단4길 169 (봉암동),1,1,0,0,,,False,False,False,False,False,1,1,0,0
LOC002042,35.2174549550459,128.66723518931,4812352000.0,중앙동,성산구,경상남도 창원시 성산구 연덕로 176 (내동),2,1,0,1,230.0,18128.34,False,False,False,False,False,1,1,1,0
LOC002043,35.2175558942865,128.668543001874,4812352000.0,중앙동,성산구,"경상남도 창원시 성산구 연덕로184번길 28, 제3동 제2층 제13, 14호(내동, 공단상가)",1,1,0,0,,,False,False,False,False,False,1,1,0,0
LOC002044,35.2175635753765,128.603752558148,4812762000.0,봉암동,마산회원구,경상남도 창원시 마산회원구 봉양로 160 (봉암동),1,0,1,0,,,False,True,False,False,False,1,0,0,1
LOC002045,35.2175722187541,128.654697338523,4812357000.0,웅남동,성산구,경상남도 창원시 성산구 웅남로 338(웅남동),1,1,0,0,,,False,False,False,False,False,1,1,0,0
LOC002046,35.2175782110409,128.587781561022,4812565000.0,산호동,마산합포구,경상남도 창원시 마산합포구 산호동2길 29 (산호동),2,2,0,0,,,False,False,False,False,False,2,2,0,0
LOC002047,35.2175881461701,128.601733666825,4812762000.0,봉암동,마산회원구,경상남도 창원시 마산회원구 봉암공단4길 68 (봉암동),1,0,1,0,,,False,True,False,False,False,1,0,0,1
LOC002048,35.2175884562467,128.606653728763,4812762000.0,봉암동,마산회원구,경상남도 창원시 마산회원구 봉양로 185 (봉암동),1,0,1,0,,,False,True,False,False,False,1,0,0,1
LOC002049,35.2176204908544,128.604123003527,4812762000.0,봉암동,마산회원구,경상남도 창원시 마산회원구 봉양로 164 (봉암동),1,0,1,0,,,False,True,False,False,False,1,0,0,1
LOC002050,35.2176257565172,128.662339320919,4812352000.0,중앙동,성산구,경상남도 창원시 성산구 연덕로 171 (내동),4,2,0,2,1266.0,101044.88,False,False,False,False,False,2,1,2,0
LOC002051,35.2176597864472,128.592575500173,4812762000.0,봉암동,마산회원구,경상남도 창원시 마산회원구 자유무역3길 143 (양덕동),3,1,1,1,,,False,True,False,True,True,3,1,1,1
LOC002052,35.2176859743236,128.601178580071,4812762000.0,봉암동,마산회원구,"경상남도 창원시 마산회원구 봉암공단4길 74 (봉암동, 신창기계)",1,1,0,0,,,False,False,False,False,False,1,1,0,0
LOC002053,35.2176937664506,128.600991489315,4812762000.0,봉암동,마산회원구,경상남도 창원시 마산회원구 봉암공단4길 78 (봉암동),1,1,0,0,,,False,False,False,False,False,1,1,0,0
LOC002054,35.2177042233168,128.600786879579,4812762000.0,봉암동,마산회원구,경상남도 창원시 마산회원구 봉암공단4길 82 (봉암동),2,2,0,0,,,False,False,False,False,False,2,2,0,0
LOC002055,35.2177146092494,128.606240984554,4812762000.0,봉암동,마산회원구,경상남도 창원시 마산회원구 봉양로 179 (봉암동 외 2필지),1,0,1,0,,,False,True,False,False,False,1,0,0,1
LOC002056,35.217718048424,128.603269422438,4812762000.0,봉암동,마산회원구,경상남도 창원시 마산회원구 봉양로 156 (봉암동),1,0,1,0,,,True,False,False,False,False,1,0,0,1
LOC002057,35.2177286118724,128.601409491491,4812762000.0,봉암동,마산회원구,경상남도 창원시 마산회원구 봉암공단4길 70 (봉암동),2,1,1,0,,,False,True,False,False,False,1,1,0,1
LOC002058,35.217734145037,128.60003025493,4812762000.0,봉암동,마산회원구,"경상남도 창원시 마산회원구 봉암공단4길 96 (봉암동, 주택) 외 1필지",1,1,0,0,,,False,False,False,False,False,1,1,0,0
LOC002059,35.2177923775501,128.600445092083,4812762000.0,봉암동,마산회원구,"경상남도 창원시 마산회원구 봉암공단로 11 (봉암동, 대영PMC)",1,1,0,0,,,False,False,False,False,False,1,1,0,0
LOC002060,35.217793095935,128.594436161048,4812762000.0,봉암동,마산회원구,"경상남도 창원시 마산회원구 자유무역3길 150 (양덕동, 한국성전(주))",2,1,0,1,,,False,False,False,True,False,1,1,1,0
LOC002061,35.2177967619331,128.645803539381,4812357000.0,웅남동,성산구,"경상남도 창원시 성산구 공단로 193, (주)영흥(신촌동, 영흥철강(주)) 외 1필지",3,2,0,1,222.0,31054.54,False,False,False,False,True,3,2,1,0
LOC002062,35.2178379898502,128.597640619066,4812762000.0,봉암동,마산회원구,경상남도 창원시 마산회원구 봉암공단2길 40 (봉암동),4,1,3,0,,,True,True,False,False,False,2,1,0,2
LOC002063,35.2178776945627,128.596796765971,4812762000.0,봉암동,마산회원구,경상남도 창원시 마산회원구 봉암공단4길 152 (봉암동),3,2,1,0,,,False,True,False,False,False,3,2,0,1
LOC002064,35.2178834188183,128.579746852619,4812565000.0,산호동,마산합포구,경상남도 창원시 마산합포구 용마로 45 진성빌딩 (산호동),1,0,1,0,,,False,True,False,False,False,1,0,0,1
LOC002065,35.2178893133991,128.595683410941,4812762000.0,봉암동,마산회원구,"경상남도 창원시 마산회원구 봉암공단1길 63, 2층 (봉암동)",2,2,0,0,,,False,False,False,False,False,2,2,0,0
LOC002066,35.2179401809609,128.599831460321,4812762000.0,봉암동,마산회원구,경상남도 창원시 마산회원구 봉암공단로 12 (봉암동),1,1,0,0,,,False,False,False,False,False,1,1,0,0
LOC002067,35.2179408241296,128.599305431396,4812762000.0,봉암동,마산회원구,경상남도 창원시 마산회원구 봉암공단4길 104 (봉암동),1,0,1,0,,,True,False,False,False,False,1,0,0,1
LOC002068,35.2179524687253,128.595958430694,4812762000.0,봉암동,마산회원구,경상남도 창원시 마산회원구 봉암공단4길 170(봉암동),2,1,1,0,,,False,True,False,False,False,1,1,0,1
LOC002069,35.2180151481845,128.655068076823,4812357000.0,웅남동,성산구,경상남도 창원시 성산구 웅남로 340 (웅남동 삼심기계(주)),3,1,2,0,43.0,3600.0,True,True,False,False,False,1,1,0,1
LOC002070,35.2180187624386,128.594928839322,4812762000.0,봉암동,마산회원구,경상남도 창원시 마산회원구 자유무역3길 148 (봉암동),1,1,0,0,,,False,False,False,False,False,1,1,0,0
LOC002071,35.218019438191,128.601450457668,4812762000.0,봉암동,마산회원구,경상남도 창원시 마산회원구 봉양로 136 (봉암동),5,1,2,2,,,False,True,False,True,False,2,1,2,2
LOC002072,35.2180272608152,128.605798417849,4812762000.0,봉암동,마산회원구,"경상남도 창원시 마산회원구 봉암북14길 16-1 (봉암동, 주택)",2,2,0,0,,,False,False,False,False,False,2,2,0,0
LOC002073,35.2180437593341,128.677407740176,4812352000.0,중앙동,성산구,경상남도 창원시 성산구 상남로 37 덕산베스트텔 (상남동),1,0,1,0,,,True,False,False,False,False,1,0,0,1
LOC002074,35.2180499967255,128.599834823713,4812762000.0,봉암동,마산회원구,경상남도 창원시 마산회원구 봉암공단로 10 (봉암동),1,1,0,0,,,False,False,False,False,False,1,1,0,0
LOC002075,35.2180577524401,128.593699826286,4812762000.0,봉암동,마산회원구,경상남도 창원시 마산회원구 자유무역3길 154 (양덕동),1,1,0,0,,,False,False,False,False,False,1,1,0,0
LOC002076,35.2180653090889,128.601920513828,4812762000.0,봉암동,마산회원구,경상남도 창원시 마산회원구 봉양로 140 (봉암동),1,0,1,0,,,True,False,False,False,False,1,0,0,1
LOC002077,35.218098345371,128.601221933038,4812762000.0,봉암동,마산회원구,경상남도 창원시 마산회원구 봉암공단로 9 (봉암동),1,1,0,0,,,False,False,False,False,False,1,1,0,0
LOC002078,35.2181159190984,128.592279548574,4812762000.0,봉암동,마산회원구,경상남도 창원시 마산회원구 자유무역3길 155 (양덕동),1,1,0,0,,,False,False,False,False,False,1,1,0,0
LOC002079,35.2181501049229,128.599836239449,4812762000.0,봉암동,마산회원구,경상남도 창원시 마산회원구 봉암공단로 8 (봉암동),1,1,0,0,,,False,False,False,False,False,1,1,0,0
LOC002080,35.2181588691649,128.597726309029,4812762000.0,봉암동,마산회원구,경상남도 창원시 마산회원구 봉암공단2길 36 (봉암동),3,1,2,0,,,True,True,False,False,False,1,1,0,1
LOC002081,35.2182066347291,128.596162073723,4812762000.0,봉암동,마산회원구,"경상남도 창원시 마산회원구 봉암공단1길 53 (봉암동, (주)일진)",1,1,0,0,,,False,False,False,False,False,1,1,0,0
LOC002082,35.2182164197472,128.597299024632,4812762000.0,봉암동,마산회원구,"경상남도 창원시 마산회원구 봉암공단4길 148 (봉암동, 주택)",2,1,0,1,,,False,False,False,True,False,1,1,1,0
LOC002083,35.2182630979561,128.604576362085,4812762000.0,봉암동,마산회원구,경상남도 창원시 마산회원구 봉양로 163 (봉암동),1,0,1,0,,,True,False,False,False,False,1,0,0,1
LOC002084,35.2183690364821,128.596920495782,4812762000.0,봉암동,마산회원구,경상남도 창원시 마산회원구 봉암동 470-31번지,1,1,0,0,,,False,False,False,False,False,1,1,0,0
LOC002085,35.2183849808083,128.59745377153,4812762000.0,봉암동,마산회원구,"경상남도 창원시 마산회원구 봉암공단2길 30 (봉암동, (주)원당)",2,1,1,0,,,False,True,False,False,False,2,1,0,1
LOC002086,35.2183908633859,128.590910503009,4812762000.0,봉암동,마산회원구,경상남도 창원시 마산회원구 자유무역2길 164 (양덕동),1,1,0,0,,,False,False,False,False,False,1,1,0,0
LOC002087,35.2184255511837,128.5995816984,4812762000.0,봉암동,마산회원구,경상남도 창원시 마산회원구 봉암공단로 6 (봉암동) 산업용재공구상가 235 ~ 236호,1,1,0,0,,,False,False,False,False,False,1,1,0,0
LOC002088,35.218432011321,128.596703514252,4812762000.0,봉암동,마산회원구,경상남도 창원시 마산회원구 봉암공단2길 22-2 (봉암동),1,1,0,0,,,False,False,False,False,False,1,1,0,0
LOC002089,35.2184378236056,128.592301321694,4812762000.0,봉암동,마산회원구,경상남도 창원시 마산회원구 자유무역3길 169 (양덕동),1,1,0,0,,,False,False,False,False,False,1,1,0,0
LOC002090,35.218462896565,128.588678685437,4812565000.0,산호동,마산합포구,경상남도 창원시 마산합포구 산호동3길 19 (산호동),1,0,1,0,,,True,False,False,False,False,1,0,0,1
LOC002091,35.2184799332624,128.681643359904,4812353000.0,상남동,성산구,경상남도 창원시 성산구 마디미로 73 (상남동),1,0,1,0,,,False,True,False,False,False,1,0,0,1
LOC002092,35.2185070940896,128.654220038122,4812357000.0,웅남동,성산구,경상남도 창원시 성산구 웅남로 328 (웅남동),2,1,0,1,105.0,10798.34,False,False,False,False,False,2,1,1,0
LOC002093,35.2185340983638,128.649825015883,4812357000.0,웅남동,성산구,경상남도 창원시 성산구 공단로 211(신촌동),3,2,0,1,298.0,37470.98,False,False,False,False,True,2,2,1,0
LOC002094,35.2185414536278,128.596974281857,4812762000.0,봉암동,마산회원구,경상남도 창원시 마산회원구 봉암공단2길 22-4 (봉암동),1,1,0,0,,,False,False,False,False,False,1,1,0,0
LOC002095,35.2186471025256,128.597552916102,4812762000.0,봉암동,마산회원구,"경상남도 창원시 마산회원구 봉암공단2길 22 (봉암동, 무학) 외 1필지",1,1,0,0,,,False,False,False,False,False,1,1,0,0
LOC002096,35.2186606772957,128.596729079397,4812762000.0,봉암동,마산회원구,"경상남도 창원시 마산회원구 봉암공단2길 22-1 (봉암동, 주택)",1,1,0,0,,,False,False,False,False,False,1,1,0,0
LOC002097,35.218662140501,128.603000149618,4812762000.0,봉암동,마산회원구,경상남도 창원시 마산회원구 봉암북13길 3 (봉암동),1,1,0,0,,,False,False,False,False,False,1,1,0,0
LOC002098,35.2186792434118,128.596066229033,4812762000.0,봉암동,마산회원구,"경상남도 창원시 마산회원구 봉암공단1길 37-2 (봉암동, 심공사)",2,2,0,0,,,False,False,False,False,False,2,2,0,0
LOC002099,35.2186854831755,128.595941593593,4812762000.0,봉암동,마산회원구,경상남도 창원시 마산회원구 봉암공단1길 37-1 (봉암동) 외 1필지,2,1,1,0,,,False,True,False,False,False,2,1,0,1
LOC002100,35.2186998866664,128.59625036524,4812762000.0,봉암동,마산회원구,경상남도 창원시 마산회원구 봉암공단1길 37-3 (봉암동),2,1,1,0,,,False,True,False,False,False,1,1,0,1
LOC002101,35.2187083052916,128.591669308775,4812762000.0,봉암동,마산회원구,경상남도 창원시 마산회원구 자유무역2길 178 (양덕동),1,1,0,0,,,False,False,False,False,False,1,1,0,0
LOC002102,35.2187084840581,128.590915384464,4812762000.0,봉암동,마산회원구,경상남도 창원시 마산회원구 자유무역2길 166 (양덕동),1,1,0,0,,,False,False,False,False,False,1,1,0,0
LOC002103,35.2187104445993,128.593643619654,4812762000.0,봉암동,마산회원구,경상남도 창원시 마산회원구 자유무역3길 172 (양덕동),2,1,1,0,,,True,False,False,False,False,1,1,0,1
LOC002104,35.2187267057569,128.604779214105,4812762000.0,봉암동,마산회원구,경상남도 창원시 마산회원구 봉암북13길 37 (봉암동),1,1,0,0,,,False,False,False,False,False,1,1,0,0
LOC002105,35.218740404445,128.594844888871,4812762000.0,봉암동,마산회원구,경상남도 창원시 마산회원구 자유무역3길 178(양덕동),1,1,0,0,,,False,False,False,False,False,1,1,0,0
LOC002106,35.2187498974233,128.603328485546,4812762000.0,봉암동,마산회원구,경상남도 창원시 마산회원구 봉암북13길 11 (봉암동),1,1,0,0,,,False,False,False,False,False,1,1,0,0
LOC002107,35.2187519832639,128.60385127836,4812762000.0,봉암동,마산회원구,경상남도 창원시 마산회원구 봉암북13길 19 (봉암동),1,1,0,0,,,False,False,False,False,False,1,1,0,0
LOC002108,35.2187748603325,128.59700938538,4812762000.0,봉암동,마산회원구,경상남도 창원시 마산회원구 봉암공단2길 22-5 (봉암동),3,2,1,0,,,False,True,False,False,False,2,2,0,1
LOC002109,35.2187866437241,128.598417533734,4812762000.0,봉암동,마산회원구,경상남도 창원시 마산회원구 봉암공단2길 19 (봉암동),2,1,1,0,,,True,False,False,False,False,1,1,0,1
LOC002110,35.2188144733835,128.588252509126,4812565000.0,산호동,마산합포구,경상남도 창원시 마산합포구 산호동2길 54-3 (산호동),1,1,0,0,,,False,False,False,False,False,1,1,0,0
LOC002111,35.2188345333988,128.604205101554,4812762000.0,봉암동,마산회원구,경상남도 창원시 마산회원구 봉암북13길 29 (봉암동),1,1,0,0,,,False,False,False,False,False,1,1,0,0
LOC002112,35.2188378370149,128.604622160345,4812762000.0,봉암동,마산회원구,경상남도 창원시 마산회원구 봉암북13길 35 (봉암동),1,0,1,0,,,False,True,False,False,False,1,0,0,1
LOC002113,35.2188416166446,128.602949427254,4812762000.0,봉암동,마산회원구,경상남도 창원시 마산회원구 봉암북13길 1 (봉암동),1,0,1,0,,,True,False,False,False,False,1,0,0,1
LOC002114,35.2188588507142,128.588668611657,4812565000.0,산호동,마산합포구,"경상남도 창원시 마산합포구 산호동2길 54-4, B동 (산호동)",1,1,0,0,,,False,False,False,False,False,1,1,0,0
LOC002115,35.2188730989579,128.599738850884,4812762000.0,봉암동,마산회원구,경상남도 창원시 마산회원구 봉양로 122 (봉암동),1,0,1,0,,,True,False,False,False,False,1,0,0,1
LOC002116,35.2188851516624,128.603452499373,4812762000.0,봉암동,마산회원구,경상남도 창원시 마산회원구 봉암북13길 13 (봉암동),1,1,0,0,,,False,False,False,False,False,1,1,0,0
LOC002117,35.2189144665743,128.701204856913,4812354000.0,사파동,성산구,경상남도 창원시 성산구 신사로 173 상남교회 (사파동),1,0,1,0,,,True,False,False,False,False,1,0,0,1
LOC002118,35.2189223400732,128.603747444176,4812762000.0,봉암동,마산회원구,경상남도 창원시 마산회원구 봉암북13길 21-1 (봉암동),1,1,0,0,,,False,False,False,False,False,1,1,0,0
LOC002119,35.2189824750714,128.598493087961,4812762000.0,봉암동,마산회원구,경상남도 창원시 마산회원구 봉암공단2길 13 (봉암동),3,1,1,1,,,True,False,False,True,True,1,1,1,1
LOC002120,35.2190192761414,128.604328224059,4812762000.0,봉암동,마산회원구,경상남도 창원시 마산회원구 봉암북13길 31 (봉암동),2,1,1,0,,,False,True,False,False,False,1,1,0,1
LOC002121,35.2190384423239,128.603840881002,4812762000.0,봉암동,마산회원구,경상남도 창원시 마산회원구 봉암북13길 21-2 (봉암동),3,2,1,0,,,False,True,False,False,False,1,1,0,1
LOC002122,35.2191422475428,128.604685260762,4812762000.0,봉암동,마산회원구,경상남도 창원시 마산회원구 봉암북13길 43-25 (봉암동),1,1,0,0,,,False,False,False,False,False,1,1,0,0
LOC002123,35.2191487889246,128.595860940173,4812762000.0,봉암동,마산회원구,경상남도 창원시 마산회원구 봉암공단1길 31 (봉암동),2,1,1,0,,,True,False,False,False,False,2,1,0,1
LOC002124,35.2191522251816,128.603932515301,4812762000.0,봉암동,마산회원구,경상남도 창원시 마산회원구 봉암북13길 21-3 (봉암동),2,2,0,0,,,False,False,False,False,False,2,2,0,0
LOC002125,35.2191600152756,128.598390920585,4812762000.0,봉암동,마산회원구,경상남도 창원시 마산회원구 봉암동 471-10 번지,2,2,0,0,,,False,False,False,False,False,2,2,0,0
LOC002126,35.2191887818898,128.596532299547,4812762000.0,봉암동,마산회원구,"경상남도 창원시 마산회원구 봉암공단1길 31-3 (봉암동, 유록산업) 외 3필지",1,1,0,0,,,False,False,False,False,False,1,1,0,0
LOC002127,35.2192329703189,128.598708200887,4812762000.0,봉암동,마산회원구,경상남도 창원시 마산회원구 봉양로 112 (봉암동),1,0,1,0,,,True,False,False,False,False,1,0,0,1
LOC002128,35.2192358119362,128.59180524687,4812762000.0,봉암동,마산회원구,"경상남도 창원시 마산회원구 자유무역3길 177, 표준공장 1호동 4층 일부(양덕동)",9,7,1,1,,,False,True,False,True,False,7,7,1,1
LOC002129,35.2192551799913,128.595672920265,4812762000.0,봉암동,마산회원구,경상남도 창원시 마산회원구 봉암공단1길 27 (봉암동),1,1,0,0,,,False,False,False,False,False,1,1,0,0
LOC002130,35.2192716978774,128.671706385135,4812352000.0,중앙동,성산구,경상남도 창원시 성산구 창원대로 721 (중앙동 창원병원),3,0,2,1,,,True,True,False,False,True,1,0,1,1
LOC002131,35.2192847174755,128.675216538655,4812352000.0,중앙동,성산구,"경상남도 창원시 성산구 중앙대로 37, 경남오피스텔 303호 (중앙동)",1,1,0,0,4.0,95.2,False,False,False,False,False,1,1,0,0
LOC002132,35.2192900013074,128.604070198381,4812762000.0,봉암동,마산회원구,경상남도 창원시 마산회원구 봉암북13길 21-4 (봉암동),1,0,1,0,,,False,True,False,False,False,1,0,0,1
LOC002133,35.2192985832241,128.598496431928,4812762000.0,봉암동,마산회원구,경상남도 창원시 마산회원구 봉양로 110 (봉암동),1,0,1,0,,,False,True,False,False,False,1,0,0,1
LOC002134,35.2193003003104,128.588096692486,4812565000.0,산호동,마산합포구,경상남도 창원시 마산합포구 삼호로 9-1 (산호동),1,0,1,0,,,False,True,False,False,False,1,0,0,1
LOC002135,35.2193037932391,128.594316024065,4812762000.0,봉암동,마산회원구,경상남도 창원시 마산회원구 자유무역3길 180 (양덕동) 표준공장 7호동 3층,8,8,0,0,,,False,False,False,False,False,8,8,0,0
LOC002136,35.219311236064,128.596062570374,4812762000.0,봉암동,마산회원구,경상남도 창원시 마산회원구 봉암공단1길 31-1 (봉암동),1,1,0,0,,,False,False,False,False,False,1,1,0,0
LOC002137,35.2193330256032,128.597396244764,4812762000.0,봉암동,마산회원구,경상남도 창원시 마산회원구 봉암공단2길 6 (봉암동),4,1,2,1,,,True,True,False,False,False,4,1,1,2
LOC002138,35.2193492808134,128.596259788246,4812762000.0,봉암동,마산회원구,경상남도 창원시 마산회원구 봉암공단1길 31-2 (봉암동),1,0,1,0,,,True,False,False,False,False,1,0,0,1
LOC002139,35.2193528794922,128.595713490536,4812762000.0,봉암동,마산회원구,경상남도 창원시 마산회원구 봉암공단1길 25 (봉암동),1,1,0,0,,,False,False,False,False,False,1,1,0,0
LOC002140,35.2193941477259,128.680162613139,4812353000.0,상남동,성산구,경상남도 창원시 성산구 마디미로74번길 14 (상남동),1,0,1,0,,,False,True,False,False,False,1,0,0,1
LOC002141,35.2194142614548,128.605322425891,4812762000.0,봉암동,마산회원구,경상남도 창원시 마산회원구 봉암북14길 36 (봉암동),1,1,0,0,,,False,False,False,False,False,1,1,0,0
LOC002142,35.2194612404737,128.595738345319,4812762000.0,봉암동,마산회원구,경상남도 창원시 마산회원구 봉암공단1길 23 (봉암동),1,1,0,0,,,False,False,False,False,False,1,1,0,0
LOC002143,35.2195066342211,128.594933682546,4812762000.0,봉암동,마산회원구,경상남도 창원시 마산회원구 자유무역3길 182 (봉암동),1,1,0,0,,,False,False,False,False,False,1,1,0,0
LOC002144,35.2195215749188,128.593162859166,4812762000.0,봉암동,마산회원구,"경상남도 창원시 마산회원구 자유무역3길 184, 표준공장 5호동 6층 일부(양덕동)",4,4,0,0,,,False,False,False,False,False,4,4,0,0
LOC002145,35.2195280004212,128.600129275739,4812762000.0,봉암동,마산회원구,경상남도 창원시 마산회원구 봉양로 121 (봉암동),4,1,2,1,,,False,True,True,False,False,1,1,1,1
LOC002146,35.2195839321275,128.586590721846,4812565000.0,산호동,마산합포구,경상남도 창원시 마산합포구 합포로 251 (산호동 신세계백화점),2,0,1,1,,,True,False,False,False,True,2,0,1,1
LOC002147,35.2196634582742,128.599631361345,4812762000.0,봉암동,마산회원구,"경상남도 창원시 마산회원구 봉양로 117, (봉암동 459-22, 26)(봉암동)",1,1,0,0,,,False,False,False,False,False,1,1,0,0
LOC002148,35.2196926073456,128.599232836103,4812762000.0,봉암동,마산회원구,"경상남도 창원시 마산회원구 봉양로 113 (봉암동, 주택)",1,1,0,0,,,False,False,False,False,False,1,1,0,0
LOC002149,35.2197254232483,128.584678484762,4812565000.0,산호동,마산합포구,"경상남도 창원시 마산합포구 산호북1길 78, 지하1층 (산호동)",1,1,0,0,,,False,False,False,False,False,1,1,0,0
LOC002150,35.219798407647,128.591781200528,4812762000.0,봉암동,마산회원구,"경상남도 창원시 마산회원구 자유무역3길 193, 표준공장 2호동 5층 (양덕동)",7,5,2,0,,,False,True,False,False,False,6,5,0,2
LOC002151,35.2198467397634,128.594175856814,4812762000.0,봉암동,마산회원구,"경상남도 창원시 마산회원구 자유무역3길 200, 표준공장 6호동 1~7층 전체(양덕동)",1,1,0,0,,,False,False,False,False,False,1,1,0,0
LOC002152,35.2199472540903,128.605288115642,4812762000.0,봉암동,마산회원구,"경상남도 창원시 마산회원구 봉암북14길 48 (봉암동, 공장)",1,1,0,0,,,False,False,False,False,False,1,1,0,0
LOC002153,35.2199659625694,128.571316494538,4812751000.0,회원1동,마산회원구,"경상남도 창원시 마산회원구 회원동16길 47, 2층 (회원동, 동북산업)",1,1,0,0,,,False,False,False,False,False,1,1,0,0
LOC002154,35.2200302782613,128.598497603078,4812762000.0,봉암동,마산회원구,"경상남도 창원시 마산회원구 봉양로 105 (봉암동, 주택)",1,1,0,0,,,False,False,False,False,False,1,1,0,0
LOC002155,35.2201277219017,128.574646078447,4812751000.0,회원1동,마산회원구,"경상남도 창원시 마산회원구 3·15대로 514 (회원동, 제일스텐금속)",1,1,0,0,,,False,False,False,False,False,1,1,0,0
LOC002156,35.2201292964801,128.675942361825,4812352000.0,중앙동,성산구,"경상남도 창원시 성산구 중앙대로 49, 310호 (중앙동, 창원서광오피스텔)",1,1,0,0,5.0,85.0,False,False,False,False,False,1,1,0,0
LOC002157,35.2201416696873,128.657255107437,4812352000.0,중앙동,성산구,"경상남도 창원시 성산구 남면로 381(내동, HD현대마린엔진(주)) 외 1필지",3,2,1,0,393.0,34459.24,False,True,False,False,False,3,2,0,1
LOC002158,35.220204473536,128.596306628612,4812762000.0,봉암동,마산회원구,경상남도 창원시 마산회원구 봉양로 86 (봉암동),1,0,1,0,,,False,True,False,False,False,1,0,0,1
LOC002159,35.2202875452689,128.573701052097,4812751000.0,회원1동,마산회원구,경상남도 창원시 마산회원구 3·15대로 519 (회원동),1,0,1,0,,,False,True,False,False,False,1,0,0,1
LOC002160,35.2203132862628,128.690744607686,4812353000.0,상남동,성산구,경상남도 창원시 성산구 원이대로 730 (상남동 대동백화점),2,0,1,1,,,True,False,False,False,True,1,0,1,1
LOC002161,35.2203418575462,128.594102074602,4812762000.0,봉암동,마산회원구,"경상남도 창원시 마산회원구 자유무역3길 204, 표준공장 4호동 1층 및 4층 전체(양덕동, 표준공장 4)",4,3,1,0,,,False,True,False,False,False,4,3,0,1
LOC002162,35.2204074658974,128.5949983152,4812762000.0,봉암동,마산회원구,경상남도 창원시 마산회원구 자유무역3길 206 (봉암동) 외 1필지,1,1,0,0,,,False,False,False,False,False,1,1,0,0
LOC002163,35.2204192187377,128.597592153117,4812762000.0,봉암동,마산회원구,경상남도 창원시 마산회원구 봉암북10길 2 (봉암동),1,1,0,0,,,False,False,False,False,False,1,1,0,0
LOC002164,35.2204424152681,128.679541540638,4812352000.0,중앙동,성산구,경상남도 창원시 성산구 상남로 71 창원코아상가 (상남동),1,0,1,0,,,True,False,False,False,False,1,0,0,1
LOC002165,35.2205188213042,128.591694561159,4812762000.0,봉암동,마산회원구,"경상남도 창원시 마산회원구 자유무역3길 211, 3동 5층 일부 (양덕동, 표준공장)",8,5,1,2,,,True,False,False,True,True,7,5,2,1
LOC002166,35.2206239035144,128.638810060342,4812352000.0,중앙동,성산구,경상남도 창원시 성산구 남면로 227 (대원동),4,2,1,1,37.0,6156.63,True,False,False,False,False,2,1,1,1
LOC002167,35.2207245022621,128.593713421135,4812762000.0,봉암동,마산회원구,"경상남도 창원시 마산회원구 자유무역3길 222(양덕동, (주)센트랄유니코리아)",2,1,1,0,,,True,False,False,False,False,1,1,0,1
LOC002168,35.2207471053504,128.634691286432,4812352000.0,중앙동,성산구,"경상남도 창원시 성산구 남면로 201 (대원동, 동원산업)",3,2,0,1,429.0,20906.54,False,False,False,False,True,3,2,1,0
LOC002169,35.2207541512155,128.59313851953,4812762000.0,봉암동,마산회원구,경상남도 창원시 마산회원구 자유무역3길 220 (주) 도원정밀 (양덕동),3,1,2,0,,,True,True,False,False,False,1,1,0,1
LOC002170,35.2208092637512,128.637519951589,4812352000.0,중앙동,성산구,경상남도 창원시 의창구 남면로 139 (대원동),1,1,0,0,62.0,4009.23,False,False,False,False,False,1,1,0,0
LOC002171,35.2208292561345,128.687191115308,4812353000.0,상남동,성산구,경상남도 창원시 성산구 원이대로682번길 21 한마음창원병원 (상남동),2,0,2,0,,,True,True,False,False,False,2,0,0,2
LOC002172,35.2208382790033,128.674015374816,4812352000.0,중앙동,성산구,경상남도 창원시 성산구 외동반림로 3 (중앙동),1,0,1,0,,,False,True,False,False,False,1,0,0,1
LOC002173,35.2208589668596,128.682006979877,4812353000.0,상남동,성산구,"경상남도 창원시 성산구 단정로 9, 603호 (상남동, 토토스 빌딩)",1,1,0,0,3.0,37.0,False,False,False,False,False,1,1,0,0
LOC002174,35.2208747424765,128.639593207252,4812352000.0,중앙동,성산구,경상남도 창원시 성산구 남면로 245 (대원동),3,2,0,1,53.0,7738.51,False,False,False,False,True,1,1,1,0
LOC002175,35.2212634615739,128.632852086384,4812152000.0,팔룡동,의창구,경상남도 창원시 의창구 무역로459번길 4 (팔용동),1,0,1,0,,,True,False,False,False,False,1,0,0,1
LOC002176,35.2212636753763,128.635406062495,4812352000.0,중앙동,성산구,"경상남도 창원시 성산구 남면로 219, 1동 1층 2호 (대원동)",77,72,3,2,256.0,30406.34,False,True,False,False,False,67,67,2,3
LOC002177,35.2213033044973,128.637527461726,4812352000.0,중앙동,성산구,경상남도 창원시 성산구 남면로 137-2 (대원동),3,1,1,1,69.0,4186.98,True,False,False,False,True,3,1,1,1
LOC002178,35.2214521028211,128.56509801912,4812752000.0,회원2동,마산회원구,경상남도 창원시 마산회원구 무학로 626 (회원동),1,0,0,1,,,False,False,False,True,False,1,0,1,0
LOC002179,35.221457607915,128.587751372262,4812757000.0,양덕2동,마산회원구,"경상남도 창원시 마산회원구 봉양로 5 (양덕동, 우남정)",1,1,0,0,,,False,False,False,False,False,1,1,0,0
LOC002180,35.221493521791,128.633060860232,4812152000.0,팔룡동,의창구,경상남도 창원시 의창구 무역로 467 (팔용동),1,0,1,0,,,False,True,False,False,False,1,0,0,1
LOC002181,35.2214973412032,128.592485416431,4812757000.0,양덕2동,마산회원구,경상남도 창원시 마산회원구 봉양로 47 (양덕동),1,0,0,1,,,False,False,False,True,False,1,0,1,0
LOC002182,35.2216620080092,128.637732793436,4812352000.0,중앙동,성산구,"경상남도 창원시 성산구 남면로113번길 20 (대원동, 동아건설산업(주)) 외 2필지",3,2,0,1,99.0,19675.69,False,False,False,False,True,3,2,1,0
LOC002183,35.2216916007855,128.588154160025,4812757000.0,양덕2동,마산회원구,경상남도 창원시 마산회원구 봉양로 7-1 (양덕동),1,0,1,0,,,False,True,False,False,False,1,0,0,1
LOC002184,35.2217040309661,128.633182371702,4812152000.0,팔룡동,의창구,경상남도 창원시 의창구 무역로 471 (팔용동),1,0,1,0,,,True,False,False,False,False,1,0,0,1
LOC002185,35.2218639864518,128.632969550412,4812152000.0,팔룡동,의창구,경상남도 창원시 의창구 무역로459번길 12 (팔용동),1,0,1,0,,,False,True,False,False,False,1,0,0,1
LOC002186,35.2218834422043,128.636719930404,4812352000.0,중앙동,성산구,경상남도 창원시 의창구 남면로 137-1 (대원동),1,1,0,0,4.0,1293.2,False,False,False,False,False,1,1,0,0
LOC002187,35.2219127356039,128.640247891772,4812352000.0,중앙동,성산구,경상남도 창원시 성산구 남면로113번길 27 (대원동),1,0,0,1,,,False,False,False,False,True,1,0,1,0
LOC002188,35.2219742245176,128.636157909204,4812352000.0,중앙동,성산구,경상남도 창원시 성산구 남면로 137 (대원동),4,4,0,0,38.0,2466.37,False,False,False,False,False,4,4,0,0
LOC002189,35.2219848625101,128.579580117268,4812757000.0,양덕2동,마산회원구,경상남도 창원시 마산회원구 삼호로 63 (양덕동 마산종합운동장),2,0,1,1,,,True,False,False,False,False,2,0,1,1
LOC002190,35.2219921179124,128.679901194264,4812352000.0,중앙동,성산구,경상남도 창원시 성산구 중앙대로84번길 3 범한빌딩 (상남동),1,0,1,0,,,True,False,False,False,False,1,0,0,1
LOC002191,35.2220281654618,128.649764065234,4812352000.0,중앙동,성산구,경상남도 창원시 성산구 남면로 319 (대원동),4,2,1,1,200.0,35880.21,True,False,False,False,False,2,2,1,1
LOC002192,35.2220764761908,128.574042340543,4812751000.0,회원1동,마산회원구,경상남도 창원시 마산회원구 3·15대로 536 (회원동),1,0,1,0,,,False,True,False,False,False,1,0,0,1
LOC002193,35.2220973957462,128.676299239476,4812352000.0,중앙동,성산구,"경상남도 창원시 성산구 용지로 70, 207-1호(중앙동, 성원오피스텔)",1,1,0,0,,,False,False,False,False,False,1,1,0,0
LOC002194,35.2221589115607,128.588083861647,4812757000.0,양덕2동,마산회원구,경상남도 창원시 마산회원구 양덕남9길 14 (양덕동),1,0,1,0,,,False,True,False,False,False,1,0,0,1
LOC002195,35.2222148675498,128.683379990696,4812353000.0,상남동,성산구,경상남도 창원시 성산구 마디미로 28 3층 (상남동),1,0,1,0,,,True,False,False,False,False,1,0,0,1
LOC002196,35.2222441894717,128.636807567832,4812352000.0,중앙동,성산구,경상남도 창원시 성산구 남면로 131 (대원동),3,3,0,0,3.0,3667.25,False,False,False,False,False,3,3,0,0
LOC002197,35.2223309032975,128.591806280567,4812757000.0,양덕2동,마산회원구,"경상남도 창원시 마산회원구 양덕시장길 22 (양덕동, 주택)",1,1,0,0,,,False,False,False,False,False,1,1,0,0
LOC002198,35.2223482466328,128.687980574797,4812353000.0,상남동,성산구,경상남도 창원시 성산구 원이대로 692 (상남동),1,0,1,0,,,True,False,False,False,False,1,0,0,1
LOC002199,35.2223711180298,128.493805340269,4812725000.0,내서읍,마산회원구,경상남도 창원시 마산회원구 내서읍 숲속로 111,1,1,0,0,,,False,False,False,False,False,1,1,0,0
LOC002200,35.2226342849468,128.654441530191,4812352000.0,중앙동,성산구,"경상남도 창원시 성산구 삼동로 90 (내동, 셰플러코리아(유))",2,1,0,1,804.0,44796.21,False,False,False,False,True,2,1,1,0
LOC002201,35.2226662559025,128.585716314466,4812757000.0,양덕2동,마산회원구,경상남도 창원시 마산회원구 삼호로 56 (양덕동 삼성홈플러스),2,0,1,1,,,True,False,False,False,True,2,0,1,1
LOC002202,35.2227141545246,128.636716076178,4812352000.0,중앙동,성산구,경상남도 창원시 의창구 남면로 127 (대원동),1,1,0,0,32.0,2353.3,False,False,False,False,False,1,1,0,0
LOC002203,35.2227475071233,128.637062040786,4812352000.0,중앙동,성산구,경상남도 창원시 성산구 남면로 125 (대원동),3,2,0,1,85.0,1544.45,False,False,False,False,True,1,1,1,0
LOC002204,35.2229044729142,128.586643063035,4812757000.0,양덕2동,마산회원구,경상남도 창원시 마산회원구 합포로 285 (양덕동),1,1,0,0,,,False,False,False,False,False,1,1,0,0
LOC002205,35.2229158119296,128.571329326216,4812751000.0,회원1동,마산회원구,경상남도 창원시 마산회원구 북성로 176 (회원동),1,0,1,0,,,False,True,False,False,False,1,0,0,1
LOC002206,35.2229486347284,128.656496944993,4812352000.0,중앙동,성산구,경상남도 창원시 성산구 삼동로 100-31 (내동) 외 1필지,3,2,0,1,42.0,1322.73,False,False,False,False,True,1,1,1,0
LOC002207,35.223023686528,128.588121909677,4812757000.0,양덕2동,마산회원구,경상남도 창원시 마산회원구 합포로 290 (양덕동),1,0,1,0,,,False,True,False,False,False,1,0,0,1
LOC002208,35.2230478104266,128.686141750198,4812353000.0,상남동,성산구,"경상남도 창원시 성산구 마디미로9번길 7, 메르디앙빌딩 902 (상남동)",1,1,0,0,3.0,83.29,False,False,False,False,False,1,1,0,0
LOC002209,35.2230930440599,128.586021703323,4812757000.0,양덕2동,마산회원구,"경상남도 창원시 마산회원구 양덕남8길 23-1 (양덕동, 주택)",1,1,0,0,,,False,False,False,False,False,1,1,0,0
LOC002210,35.2231268769403,128.640533057794,4812352000.0,중앙동,성산구,"경상남도 창원시 성산구 남면로113번길 25-28(대원동, 주식회사대주건영창원공장)",2,2,0,0,9.0,810.62,False,False,False,False,False,2,2,0,0
LOC002211,35.2231401200758,128.63711913006,4812352000.0,중앙동,성산구,경상남도 창원시 성산구 대원동 91-3,1,0,1,0,,,False,True,False,False,False,1,0,0,1
LOC002212,35.2231579989035,128.649548173422,4812352000.0,중앙동,성산구,"경상남도 창원시 성산구 삼동로 101 (대원동, 두산메카텍(주))",4,3,0,1,263.0,65312.34,False,False,False,False,True,4,3,1,0
LOC002213,35.223185479525,128.586656661192,4812757000.0,양덕2동,마산회원구,경상남도 창원시 마산회원구 양덕남8길 36 (양덕동),1,1,0,0,,,False,False,False,False,False,1,1,0,0
LOC002214,35.2232113288756,128.699649577224,4812354000.0,사파동,성산구,경상남도 창원시 성산구 창이대로684번길 1 (사파동),1,0,1,0,,,False,True,False,False,False,1,0,0,1
LOC002215,35.2232187583939,128.683488478695,4812353000.0,상남동,성산구,"경상남도 창원시 성산구 마디미로22번길 12, 203호(상남동, 노블레스상가)",1,1,0,0,,,False,False,False,False,False,1,1,0,0
LOC002216,35.2232489309814,128.680493916033,4812352000.0,중앙동,성산구,경상남도 창원시 성산구 중앙대로100번길 9 (상남동),1,0,1,0,,,True,False,False,False,False,1,0,0,1
LOC002217,35.2233047547854,128.686826782131,4812353000.0,상남동,성산구,경상남도 창원시 성산구 원이대로 674 (상남동),1,0,1,0,,,False,True,False,False,False,1,0,0,1
LOC002218,35.2233279319859,128.636839548357,4812352000.0,중앙동,성산구,"경상남도 창원시 성산구 남면로 121 (대원동, 에이피엠글로벌주식회사)",2,2,0,0,9.0,1265.4,False,False,False,False,False,2,2,0,0
LOC002219,35.2234055247731,128.64133151112,4812352000.0,중앙동,성산구,"경상남도 창원시 성산구 남면로113번길 25-42 (대원동, 신진TECH)",2,2,0,0,12.0,1856.87,False,False,False,False,False,2,2,0,0
LOC002220,35.2234791198594,128.634648559246,4812152000.0,팔룡동,의창구,경상남도 창원시 의창구 무역로503번길 5-21 (팔용동),1,0,1,0,,,True,False,False,False,False,1,0,0,1
LOC002221,35.2234998289411,128.637023667371,4812352000.0,중앙동,성산구,"경상남도 창원시 성산구 남면로113번길 2 (대원동, 신진로기계공업(주))",3,2,0,1,47.0,2172.48,False,False,False,False,False,1,1,1,0
LOC002222,35.2235010000687,128.634790126646,4812152000.0,팔룡동,의창구,경상남도 창원시 의창구 무역로 495 새한조인트 (팔용동),1,0,1,0,,,False,True,False,False,False,1,0,0,1
LOC002223,35.2236653179675,128.634935100858,4812152000.0,팔룡동,의창구,경상남도 창원시 의창구 무역로 497 (팔용동),1,0,1,0,,,False,True,False,False,False,1,0,0,1
LOC002224,35.2236728605877,128.584565894733,4812757000.0,양덕2동,마산회원구,경상남도 창원시 마산회원구 삼호로 80 (양덕동 메트로시티 2단지),3,0,2,1,,,True,False,False,False,True,2,0,1,2
LOC002225,35.2237284093926,128.641824990783,4812352000.0,중앙동,성산구,"경상남도 창원시 성산구 남면로113번길 25-44(대원동, (주)대덕테크)",3,2,1,0,30.0,2336.16,False,True,False,False,False,2,2,0,1
LOC002226,35.2237584374977,128.640740496449,4812352000.0,중앙동,성산구,경상남도 창원시 의창구 남면로113번길 25-40 (대원동),4,4,0,0,31.0,1341.0,False,False,False,False,False,4,4,0,0
LOC002227,35.2237697155574,128.494925985474,4812725000.0,내서읍,마산회원구,경상남도 창원시 마산회원구 내서읍 숲속로 85,5,1,4,0,,,True,True,True,False,False,2,1,0,2
LOC002228,35.2237770990991,128.657124536296,4812352000.0,중앙동,성산구,"경상남도 창원시 성산구 삼동로 100-29, 13 (내동)",25,16,9,0,79.0,5944.86,False,True,False,False,False,18,16,0,9
LOC002229,35.2237881698596,128.586543959057,4812757000.0,양덕2동,마산회원구,경상남도 창원시 마산회원구 양덕동 149-3,1,0,1,0,,,False,False,True,False,False,1,0,0,1
LOC002230,35.2237901799964,128.707102740954,4812354000.0,사파동,성산구,경상남도 창원시 성산구 비음로 97 (사파정동),1,0,0,1,,,False,False,False,False,False,1,0,1,0
LOC002231,35.223843027302,128.695149085558,4812354000.0,사파동,성산구,경상남도 창원시 성산구 동산로186번길 2 (사파동),1,0,0,1,,,False,False,False,False,False,1,0,1,0
LOC002232,35.2238763188303,128.634232699714,4812152000.0,팔룡동,의창구,경상남도 창원시 의창구 무역로503번길 5-26 (팔용동),4,2,2,0,42.0,1666.87,True,True,False,False,False,2,1,0,2
LOC002233,35.2239394237076,128.634985300141,4812152000.0,팔룡동,의창구,경상남도 창원시 의창구 무역로503번길 5-17 (팔용동),1,0,1,0,,,True,False,False,False,False,1,0,0,1
LOC002234,35.2240145117085,128.587619749364,4812757000.0,양덕2동,마산회원구,경상남도 창원시 마산회원구 양덕남9길 87 (양덕동),1,0,1,0,,,False,True,False,False,False,1,0,0,1
LOC002235,35.2240223681276,128.635249783463,4812152000.0,팔룡동,의창구,경상남도 창원시 의창구 무역로 501 (팔용동),1,0,1,0,,,False,True,False,False,False,1,0,0,1
LOC002236,35.2240421029264,128.587206450347,4812757000.0,양덕2동,마산회원구,경상남도 창원시 마산회원구 합포로 301 (양덕동),1,0,1,0,,,False,True,False,False,False,1,0,0,1
LOC002237,35.2240567323308,128.641273018956,4812352000.0,중앙동,성산구,"경상남도 창원시 성산구 남면로113번길 25-46 (대원동, 영일전기(주))",6,5,1,0,6.0,1321.2,True,False,False,False,False,4,4,0,1
LOC002238,35.2241035695548,128.504879268772,4812725000.0,내서읍,마산회원구,경상남도 창원시 마산회원구 내서읍 경남대로 828,1,0,1,0,,,False,True,False,False,False,1,0,0,1
LOC002239,35.2241180525388,128.70148316398,4812354000.0,사파동,성산구,경상남도 창원시 성산구 창이대로 681 (사파동 창원지방법원),1,0,1,0,,,True,False,False,False,False,1,0,0,1
LOC002240,35.2241880972981,128.58029223243,4812757000.0,양덕2동,마산회원구,경상남도 창원시 마산회원구 삼호로 103 (양덕동),1,0,0,1,,,False,False,False,True,False,1,0,1,0
LOC002241,35.2241944189871,128.573124324494,4812751000.0,회원1동,마산회원구,경상남도 창원시 마산회원구 3·15대로 560 1층 (회원동),1,0,1,0,,,False,True,False,False,False,1,0,0,1
LOC002242,35.2241955165088,128.679491599054,4812352000.0,중앙동,성산구,경상남도 창원시 성산구 중앙대로 105 (중앙동 STX ocean tower),1,0,1,0,,,True,False,False,False,False,1,0,0,1
LOC002243,35.2242991729847,128.635286968619,4812152000.0,팔룡동,의창구,경상남도 창원시 의창구 무역로503번길 5 (팔용동) (총 2 필지) (총 2 필지),2,1,1,0,9.0,192.4,True,False,False,False,False,2,1,0,1
LOC002244,35.224375433306,128.579887298316,4812757000.0,양덕2동,마산회원구,경상남도 창원시 마산회원구 삼호로 107 (양덕동 한국건강관리센터),1,0,1,0,,,False,True,False,False,False,1,0,0,1
LOC002245,35.224474865904,128.679733926139,4812352000.0,중앙동,성산구,경상남도 창원시 성산구 중앙대로 107 (중앙동),1,0,1,0,,,True,False,False,False,False,1,0,0,1
LOC002246,35.2245696276926,128.681839748806,4812352000.0,중앙동,성산구,경상남도 창원시 성산구 중앙대로 124 (상남동 롯데백화점),2,0,1,1,,,True,False,False,False,True,1,0,1,1
LOC002247,35.2245855415741,128.655936045425,4812352000.0,중앙동,성산구,경상남도 창원시 성산구 삼동로128번길 2 (내동),2,0,2,0,,,True,True,False,False,False,1,0,0,1
LOC002248,35.2246541474394,128.635028195482,4812152000.0,팔룡동,의창구,경상남도 창원시 의창구 무역로503번길 5-8 (팔용동),1,0,1,0,,,True,False,False,False,False,1,0,0,1
LOC002249,35.2246933160293,128.598322179212,4812762000.0,봉암동,마산회원구,"경상남도 창원시 마산회원구 봉암북7길 21, 산업융합센터 5동 505호 (봉암동)",34,34,0,0,,,False,False,False,False,False,34,34,0,0
LOC002250,35.2247676396926,128.679885593676,4812352000.0,중앙동,성산구,"경상남도 창원시 성산구 중앙대로 111, 1019호 (중앙동, 평화오피스텔)",1,0,0,1,,,False,False,False,False,True,1,0,1,0
LOC002251,35.2248219409678,128.495435027724,4812725000.0,내서읍,마산회원구,경상남도 창원시 마산회원구 내서읍 숲속로 77,1,0,1,0,,,False,False,True,False,False,1,0,0,1
LOC002252,35.2248727894424,128.587733999619,4812757000.0,양덕2동,마산회원구,경상남도 창원시 마산회원구 합포로 310 (양덕동),1,0,1,0,,,False,True,False,False,False,1,0,0,1
LOC002253,35.2248852655192,128.587002662621,4812757000.0,양덕2동,마산회원구,경상남도 창원시 마산회원구 합포로 309 (양덕동),1,0,1,0,,,False,True,False,False,False,1,0,0,1
LOC002254,35.2249201552843,128.675052538424,4812352000.0,중앙동,성산구,"경상남도 창원시 성산구 외동반림로68번길 21, 지하 (중앙동)",1,1,0,0,3.0,104.79,False,False,False,False,False,1,1,0,0
LOC002255,35.2249491936434,128.573055752852,4812751000.0,회원1동,마산회원구,경상남도 창원시 마산회원구 3·15대로 570 (회원동),1,1,0,0,,,False,False,False,False,False,1,1,0,0
LOC002256,35.2249748479485,128.579092872263,4812757000.0,양덕2동,마산회원구,경상남도 창원시 마산회원구 양덕동 526-8 외(삼호로 119),1,0,1,0,,,False,True,False,False,False,1,0,0,1
LOC002257,35.2250347940665,128.656397561584,4812352000.0,중앙동,성산구,경상남도 창원시 성산구 삼동로 130 (내동),1,0,1,0,,,False,True,False,False,False,1,0,0,1
LOC002258,35.2252648891958,128.571058087352,4812751000.0,회원1동,마산회원구,경상남도 창원시 마산회원구 북성로 200 (회원동),1,0,1,0,,,False,True,False,False,False,1,0,0,1
LOC002259,35.2253071791134,128.495784522802,4812725000.0,내서읍,마산회원구,경상남도 창원시 마산회원구 내서읍 숲속로 73,2,1,1,0,,,False,False,True,False,False,2,1,0,1
LOC002260,35.2255538341754,128.68027719876,4812352000.0,중앙동,성산구,경상남도 창원시 성산구 중앙대로 123 롯데마트 창원중앙점 (중앙동),2,0,1,1,,,True,False,False,False,True,1,0,1,1
LOC002261,35.2256742808475,128.678397090911,4812352000.0,중앙동,성산구,경상남도 창원시 성산구 용지로 111 (중앙동) 평안빌딩,1,1,0,0,,,False,False,False,False,False,1,1,0,0
LOC002262,35.2257115695069,128.669302406431,4812352000.0,중앙동,성산구,경상남도 창원시 성산구 외동반림로 51-88 (중앙동 창원기능대학),2,0,1,1,,,False,True,False,False,True,1,0,1,1
LOC002263,35.2258185327994,128.577106218747,4812757000.0,양덕2동,마산회원구,경상남도 창원시 마산회원구 삼호로 135 (양덕동 3.15아트센터),1,0,1,0,,,True,False,False,False,False,1,0,0,1
LOC002264,35.2258494251082,128.636223194187,4812152000.0,팔룡동,의창구,경상남도 창원시 의창구 차상로8번길 5 (팔용동),1,0,1,0,,,True,False,False,False,False,1,0,0,1
LOC002265,35.225982096904,128.699856408388,4812354000.0,사파동,성산구,경상남도 창원시 성산구 창이대로663번길 9 (사파동),1,0,1,0,,,False,True,False,False,False,1,0,0,1
LOC002266,35.2259882118449,128.63593668621,4812152000.0,팔룡동,의창구,경상남도 창원시 의창구 차상로 16 (팔용동),1,0,1,0,,,True,False,False,False,False,1,0,0,1
LOC002267,35.2260636521215,128.666518497233,4812352000.0,중앙동,성산구,경상남도 창원시 성산구 두대로 219 (중앙동),1,0,0,1,,,False,False,False,False,True,1,0,1,0
LOC002268,35.2260735098574,128.573407392559,4812754500.0,석전동,마산회원구,경상남도 창원시 마산회원구 3·15대로 584 화성빌딩 1층 (석전동),1,0,1,0,,,False,True,False,False,False,1,0,0,1
LOC002269,35.226239306619,128.63730187806,4812152000.0,팔룡동,의창구,"경상남도 창원시 의창구 무역로 533 (팔용동, 영일특수금속)",1,0,0,1,,,False,False,False,False,False,1,0,1,0
LOC002270,35.2264079238417,128.679056139887,4812352000.0,중앙동,성산구,"경상남도 창원시 성산구 용지로121번길 2, 4층 (중앙동, 수림상가)",1,1,0,0,3.0,45.8,False,False,False,False,False,1,1,0,0
LOC002271,35.2264139595004,128.571662354391,4812754500.0,석전동,마산회원구,경상남도 창원시 마산회원구 석전남23길 3 (석전동),1,0,1,0,,,False,True,False,False,False,1,0,0,1
LOC002272,35.226415476013,128.57419457628,4812754500.0,석전동,마산회원구,경상남도 창원시 마산회원구 양덕옛1길 29 (석전동),1,0,1,0,,,False,True,False,False,False,1,0,0,1
LOC002273,35.226446673024,128.650564786554,4812352000.0,중앙동,성산구,경상남도 창원시 성산구 삼동로 109 (대원동),4,1,2,1,,,True,True,False,False,False,1,1,1,1
LOC002274,35.2265397930426,128.680190994091,4812352000.0,중앙동,성산구,경상남도 창원시 성산구 원이대로 608 (중앙동),2,0,1,1,,,True,False,False,False,True,1,0,1,1
LOC002275,35.2266867010026,128.637686273106,4812152000.0,팔룡동,의창구,경상남도 창원시 의창구 무역로 539 (팔용동),1,0,1,0,,,True,False,False,False,False,1,0,0,1
LOC002276,35.2267923557074,128.679227051133,4812352000.0,중앙동,성산구,"경상남도 창원시 성산구 용지로123번길 4 (중앙동, 경우빌딩)",1,1,0,0,3.0,144.72,False,False,False,False,False,1,1,0,0
LOC002277,35.2269298510061,128.678891494047,4812352000.0,중앙동,성산구,"경상남도 창원시 성산구 용지로123번길 5, 1층 (중앙동)",2,2,0,0,5.0,82.05,False,False,False,False,False,2,2,0,0
LOC002278,35.226942389248,128.691704346276,4812351500.0,용지동,성산구,경상남도 창원시 성산구 상남로192번길 43 (신월동),1,0,1,0,,,False,True,False,False,False,1,0,0,1
LOC002279,35.2269459450584,128.637209539631,4812152000.0,팔룡동,의창구,경상남도 창원시 의창구 차상로8번길 21 (팔용동),1,0,1,0,,,True,False,False,False,False,1,0,0,1
LOC002280,35.226961870777,128.636051897974,4812152000.0,팔룡동,의창구,경상남도 창원시 의창구 차상로18번길 9 (팔용동),1,0,1,0,,,True,False,False,False,False,1,0,0,1
LOC002281,35.2269916812485,128.676836941233,4812352000.0,중앙동,성산구,"경상남도 창원시 성산구 외동반림로126번길 56 (중앙동, 가족보건의원)",1,1,0,0,6.0,67.0,False,False,False,False,False,1,1,0,0
LOC002282,35.2270910135466,128.635745422414,4812152000.0,팔룡동,의창구,경상남도 창원시 의창구 차상로30번길 2 (팔용동),1,0,1,0,,,True,False,False,False,False,1,0,0,1
LOC002283,35.2270926395311,128.636918245999,4812152000.0,팔룡동,의창구,경상남도 창원시 의창구 차상로18번길 16 (팔용동),1,0,1,0,,,True,False,False,False,False,1,0,0,1
LOC002284,35.2271629186746,128.69204588793,4812351500.0,용지동,성산구,경상남도 창원시 성산구 신사로45번길 27 (신월동),1,0,1,0,,,False,True,False,False,False,1,0,0,1
LOC002285,35.227183774267,128.691237301906,4812351500.0,용지동,성산구,경상남도 창원시 성산구 상남로192번길 41-1 (신월동),1,0,1,0,,,False,True,False,False,False,1,0,0,1
LOC002286,35.2272066457512,128.675742167785,4812352000.0,중앙동,성산구,"경상남도 창원시 성산구 외동반림로126번길 50, 나동 지하층 가8호, 나8호 (중앙동, 외동시장)",1,1,0,0,5.0,113.84,False,False,False,False,False,1,1,0,0
LOC002287,35.2273412101587,128.692191932299,4812351500.0,용지동,성산구,경상남도 창원시 성산구 상남로202번길 48 (신월동),1,0,1,0,,,False,True,False,False,False,1,0,0,1
LOC002288,35.2273432244671,128.63634852508,4812152000.0,팔룡동,의창구,경상남도 창원시 의창구 차상로18번길 13 (팔용동),1,0,1,0,,,True,False,False,False,False,1,0,0,1
LOC002289,35.2275450128029,128.575045096659,4812754500.0,석전동,마산회원구,"경상남도 창원시 마산회원구 3·15대로 606 (석전동, 주택)",1,1,0,0,,,False,False,False,False,False,1,1,0,0
LOC002290,35.2275793935799,128.691483409807,4812351500.0,용지동,성산구,경상남도 창원시 성산구 신사로35번길 30 (신월동),1,0,1,0,,,False,True,False,False,False,1,0,0,1
LOC002291,35.2276304351354,128.692338414262,4812351500.0,용지동,성산구,경상남도 창원시 성산구 상남로202번길 43-1 (신월동),1,0,1,0,,,False,True,False,False,False,1,0,0,1
LOC002292,35.2277774739129,128.636725517192,4812152000.0,팔룡동,의창구,경상남도 창원시 의창구 차상로18번길 19 (팔용동),1,0,1,0,,,True,False,False,False,False,1,0,0,1
LOC002293,35.2279001003343,128.649750049833,4812352000.0,중앙동,성산구,경상남도 창원시 성산구 창원대로 504 (대원동),2,0,2,0,,,True,True,False,False,False,1,0,0,1
LOC002294,35.2280038096111,128.63818140569,4812152000.0,팔룡동,의창구,경상남도 창원시 의창구 차상로8번길 33 (팔용동),1,0,1,0,,,True,False,False,False,False,1,0,0,1
LOC002295,35.2280368836596,128.69193882789,4812351500.0,용지동,성산구,"경상남도 창원시 의창구 신월로 42, 114호, 115호 (신월동)",1,1,0,0,4.0,17.49,False,False,False,False,False,1,1,0,0
LOC002296,35.2282522007889,128.636528455471,4812152000.0,팔룡동,의창구,경상남도 창원시 의창구 차상로30번길 16 (팔용동),1,0,0,1,,,False,False,False,False,False,1,0,1,0
LOC002297,35.2283347172783,128.63804988744,4812152000.0,팔룡동,의창구,경상남도 창원시 의창구 차상로18번길 32 창원볼트 (팔용동),1,0,1,0,,,True,False,False,False,False,1,0,0,1
LOC002298,35.228336210425,128.638345700682,4812152000.0,팔룡동,의창구,경상남도 창원시 의창구 차상로8번길 39 (팔용동),1,0,1,0,,,True,False,False,False,False,1,0,0,1
LOC002299,35.2283675994713,128.681258482632,4812351500.0,용지동,성산구,경상남도 창원시 성산구 중앙대로 151 창원시청 (용호동),3,0,2,1,,,True,True,False,False,False,2,0,1,2
LOC002300,35.2283724648636,128.582628079245,4812757000.0,양덕2동,마산회원구,경상남도 창원시 마산회원구 양덕서로 30 (양덕동 메트로시티),1,0,1,0,,,True,False,False,False,False,1,0,0,1
LOC002301,35.2283740048991,128.639082019863,4812152000.0,팔룡동,의창구,경상남도 창원시 의창구 무역로 563 (팔용동),1,0,1,0,,,True,False,False,False,False,1,0,0,1
LOC002302,35.2284694584728,128.674399173647,4812352000.0,중앙동,성산구,경상남도 창원시 성산구 외동반림로126번길 30 (중앙동),1,1,0,0,5.0,115.61,False,False,False,False,False,1,1,0,0
LOC002303,35.2286032009606,128.648681210368,4812352000.0,중앙동,성산구,경상남도 창원시 성산구 창원대로 486 (대원동),3,0,3,0,,,True,True,False,False,False,3,0,0,3
LOC002304,35.2286768923797,128.677323149821,4812352000.0,중앙동,성산구,"경상남도 창원시 성산구 용지로121번길 31, 1층 (중앙동)",1,0,0,1,,,False,False,False,False,True,1,0,1,0
LOC002305,35.2286818956271,128.679016011589,4812351500.0,용지동,성산구,경상남도 창원시 성산구 원이대로 581 (용호동),1,0,1,0,,,True,False,False,False,False,1,0,0,1
LOC002306,35.2287105084361,128.586325230536,4812756000.0,양덕1동,마산회원구,경상남도 창원시 마산회원구 양덕로 106 (양덕동),1,0,1,0,,,False,True,False,False,False,1,0,0,1
LOC002307,35.2287950597655,128.637284258234,4812152000.0,팔룡동,의창구,경상남도 창원시 의창구 차상로18번길 45 (팔용동),2,0,0,2,,,False,False,False,False,True,2,0,2,0
LOC002308,35.2289312399582,128.639454037278,4812152000.0,팔룡동,의창구,경상남도 창원시 의창구 차상로8번길 52 (팔용동),1,0,1,0,,,True,False,False,False,False,1,0,0,1
LOC002309,35.2290679653617,128.639553113768,4812152000.0,팔룡동,의창구,경상남도 창원시 의창구 차상로8번길 54 (팔용동),1,0,1,0,,,True,False,False,False,False,1,0,0,1
LOC002310,35.2291661417426,128.686041003109,4812351500.0,용지동,성산구,경상남도 창원시 성산구 중앙대로 178 (신월동),1,0,1,0,,,True,False,False,False,False,1,0,0,1
LOC002311,35.2291720751723,128.676662474876,4812352000.0,중앙동,성산구,경상남도 창원시 성산구 외동반림로142번길 43 (중앙동),1,1,0,0,,,False,False,False,False,False,1,1,0,0
LOC002312,35.2293871471423,128.683119252128,4812351500.0,용지동,성산구,경상남도 창원시 성산구 중앙대로 181 재단법인창원문화재단성산아트홀 (용호동),1,0,1,0,,,True,False,False,False,False,1,0,0,1
LOC002313,35.229392672576,128.639932539377,4812152000.0,팔룡동,의창구,경상남도 창원시 의창구 차상로8번길 60 (팔용동),1,0,1,0,,,False,True,False,False,False,1,0,0,1
LOC002314,35.2294609266358,128.639531146089,4812152000.0,팔룡동,의창구,경상남도 창원시 의창구 차상로8번길 57 (팔용동),1,0,1,0,,,True,False,False,False,False,1,0,0,1
LOC002315,35.2295132293138,128.647008707275,4812352000.0,중앙동,성산구,경상남도 창원시 성산구 창원대로 474 (대원동),1,0,0,1,,,False,False,False,False,True,1,0,1,0
LOC002316,35.2296103419497,128.639964050047,4812152000.0,팔룡동,의창구,경상남도 창원시 의창구 차상로8번길 64 (팔용동),1,0,1,0,,,True,False,False,False,False,1,0,0,1
LOC002317,35.2296151004798,128.639113906917,4812152000.0,팔룡동,의창구,경상남도 창원시 의창구 차상로18번길 50 (팔용동),2,0,2,0,,,True,True,False,False,False,1,0,0,1
LOC002318,35.2296542091327,128.639300535973,4812152000.0,팔룡동,의창구,경상남도 창원시 의창구 차상로18번길 52 (팔용동),1,0,1,0,,,False,True,False,False,False,1,0,0,1
LOC002319,35.2298010847479,128.570731134756,4812754500.0,석전동,마산회원구,경상남도 창원시 마산회원구 석전남8길 40 (석전동 창원 메트로시티 석전),1,0,1,0,,,True,False,False,False,False,1,0,0,1
LOC002320,35.2299900676682,128.639628564778,4812152000.0,팔룡동,의창구,경상남도 창원시 의창구 차상로18번길 56 (팔용동),1,0,1,0,,,True,False,False,False,False,1,0,0,1
LOC002321,35.2300062682588,128.640720663768,4812152000.0,팔룡동,의창구,경상남도 창원시 의창구 무역로581번길 2 (사화동),1,0,1,0,,,False,True,False,False,False,1,0,0,1
LOC002322,35.2301052192776,128.654232303134,4812352000.0,중앙동,성산구,경상남도 창원시 성산구 두대로 97 (삼동동 늘푸른전당),1,0,1,0,,,True,False,False,False,False,1,0,0,1
LOC002323,35.2302537351864,128.661777558755,4812352000.0,중앙동,성산구,경상남도 창원시 성산구 충혼로72번길 16 창원과학체험관 (중앙동),1,0,1,0,,,True,False,False,False,False,1,0,0,1
LOC002324,35.2302942911959,128.585338200561,4812756000.0,양덕1동,마산회원구,경상남도 창원시 마산회원구 팔용로 6 (양덕동),1,0,0,1,,,False,False,False,True,False,1,0,1,0
LOC002325,35.2304160972624,128.57696729505,4812754500.0,석전동,마산회원구,경상남도 창원시 마산회원구 3·15대로 642 (석전동 경남은행본점),1,0,1,0,,,True,False,False,False,False,1,0,0,1
LOC002326,35.2305583168759,128.652803739059,4812352000.0,중앙동,성산구,경상남도 창원시 의창구 대원로 23 (대원동),1,0,1,0,,,False,True,False,False,False,1,0,0,1
LOC002327,35.2305857336404,128.569825596617,4812754500.0,석전동,마산회원구,경상남도 창원시 마산회원구 삼호로 223 (석전동),1,0,0,1,,,False,False,False,True,False,1,0,1,0
LOC002328,35.2306105629409,128.497482352806,4812725000.0,내서읍,마산회원구,경상남도 창원시 마산회원구 내서읍 숲속로 9,1,0,1,0,,,False,True,False,False,False,1,0,0,1
LOC002329,35.2306220780276,128.652523300887,4812352000.0,중앙동,성산구,경상남도 창원시 성산구 두대로 79 (대원동),1,0,0,1,,,False,False,False,False,False,1,0,1,0
LOC002330,35.230678722973,128.635563836576,4812152000.0,팔룡동,의창구,경상남도 창원시 의창구 차상로 68 (팔용동),1,0,1,0,,,False,True,False,False,False,1,0,0,1
LOC002331,35.2306816434557,128.584987115944,4812756000.0,양덕1동,마산회원구,경상남도 창원시 마산회원구 팔용로 5-1 (양덕동),1,0,1,0,,,False,True,False,False,False,1,0,0,1
LOC002332,35.2313443235661,128.687810305587,4812351500.0,용지동,성산구,"경상남도 창원시 성산구 중앙대로210번길 3 (신월동, 경남신문사)",2,2,0,0,268.0,1458.32,False,False,False,False,False,2,2,0,0
LOC002333,35.2313676597058,128.563914823107,4812755000.0,회성동,마산회원구,"경상남도 창원시 마산회원구 회성남18길 25, 회성동 (회성동, 주택)",1,1,0,0,,,False,False,False,False,False,1,1,0,0
LOC002334,35.2313700212242,128.644576644974,4812352000.0,중앙동,성산구,경상남도 창원시 성산구 남면로 7 (대원동),1,0,1,0,,,True,False,False,False,False,1,0,0,1
LOC002335,35.2314871270396,128.585609208978,4812756000.0,양덕1동,마산회원구,"경상남도 창원시 마산회원구 팔용로 17 (양덕동, 삼덕정판인쇄사)",2,1,1,0,,,False,True,False,False,False,1,1,0,1
LOC002336,35.2314871683556,128.576735615463,4812754500.0,석전동,마산회원구,"경상남도 창원시 마산회원구 3·15대로 649, 하나은행 5층 (석전동)",1,0,0,1,,,False,False,False,False,False,1,0,1,0
LOC002337,35.2315135699639,128.644783402524,4812352000.0,중앙동,성산구,경상남도 창원시 성산구 창원대로 442 (대원동),1,0,1,0,,,False,True,False,False,False,1,0,0,1
LOC002338,35.2315222283849,128.566847544806,4812754500.0,석전동,마산회원구,"경상남도 창원시 마산회원구 삼호로 253 (석전동, 윤선생음악미술학원)",1,1,0,0,,,False,False,False,False,False,1,1,0,0
LOC002339,35.2315950622447,128.644383918024,4812352000.0,중앙동,성산구,경상남도 창원시 성산구 남면로 3 (대원동),1,0,1,0,,,False,True,False,False,False,1,0,0,1
LOC002340,35.2316513834888,128.688926686161,4812351500.0,용지동,성산구,경상남도 창원시 성산구 중앙대로210번길 13 (신월동),2,0,1,1,,,True,False,False,False,False,1,0,1,1
LOC002341,35.2316579746137,128.586395140707,4812756000.0,양덕1동,마산회원구,경상남도 창원시 마산회원구 팔용로 22-1 (양덕동),1,0,1,0,,,False,True,False,False,False,1,0,0,1
LOC002342,35.2316992471407,128.635658904707,4812152000.0,팔룡동,의창구,경상남도 창원시 의창구 차상로 80 (팔용동),1,0,1,0,,,True,False,False,False,False,1,0,0,1
LOC002343,35.2317390924367,128.586525232603,4812756000.0,양덕1동,마산회원구,경상남도 창원시 마산회원구 팔용로 24 (양덕동),1,0,1,0,,,False,True,False,False,False,1,0,0,1
LOC002344,35.2317628395898,128.690096791827,4812351500.0,용지동,성산구,경상남도 창원시 성산구 상남로230번길 2 (신월동),1,0,1,0,,,False,True,False,False,False,1,0,0,1
LOC002345,35.231787265423,128.567816048939,4812754500.0,석전동,마산회원구,경상남도 창원시 마산회원구 삼호로 248 (석전동),1,0,1,0,,,False,True,False,False,False,1,0,0,1
LOC002346,35.2318922453283,128.565728798988,4812755000.0,회성동,마산회원구,"경상남도 창원시 마산회원구 삼호로 263 (회성동, 주택) 외 1필지",1,1,0,0,,,False,False,False,False,False,1,1,0,0
LOC002347,35.231921595047,128.636650931024,4812152000.0,팔룡동,의창구,경상남도 창원시 의창구 무역로581번길 42-7 (팔용동),1,0,1,0,,,True,False,False,False,False,1,0,0,1
LOC002348,35.2320602025624,128.667996234046,4812352000.0,중앙동,성산구,경상남도 창원시 성산구 원이대로 470 (중앙동),1,0,1,0,,,True,False,False,False,False,1,0,0,1
LOC002349,35.2321594068193,128.566554771924,4812754500.0,석전동,마산회원구,경상남도 창원시 마산회원구 삼호로 258 (석전동),1,0,1,0,,,False,True,False,False,False,1,0,0,1
LOC002350,35.2322535631891,128.491254198,4812725000.0,내서읍,마산회원구,"경상남도 창원시 마산회원구 내서읍 삼계숲길 261-106, 주식회사 세영테크",1,1,0,0,,,False,False,False,False,False,1,1,0,0
LOC002351,35.2322596157009,128.578850825067,4812754500.0,석전동,마산회원구,경상남도 창원시 마산회원구 양덕옛2길 97 (석전동),1,0,1,0,,,False,True,False,False,False,1,0,0,1
LOC002352,35.2324097087696,128.63646357493,4812152000.0,팔룡동,의창구,경상남도 창원시 의창구 무역로581번길 50-8 (팔용동),1,0,1,0,,,True,False,False,False,False,1,0,0,1
LOC002353,35.2324892276036,128.642182657124,4812152000.0,팔룡동,의창구,경상남도 창원시 의창구 차상로150번길 102 팔용기계공구상가 제3동 제다동호 (팔용동),1,0,1,0,,,False,True,False,False,False,1,0,0,1
LOC002354,35.2325507780367,128.636494857176,4812152000.0,팔룡동,의창구,경상남도 창원시 의창구 무역로581번길 50-10 (팔용동),1,0,1,0,,,True,False,False,False,False,1,0,0,1
LOC002355,35.2325606861566,128.565353027707,4812755000.0,회성동,마산회원구,경상남도 창원시 마산회원구 삼호로 270-3 (회성동),1,0,1,0,,,False,True,False,False,False,1,0,0,1
LOC002356,35.2325713824419,128.643194509168,4812152000.0,팔룡동,의창구,경상남도 창원시 의창구 창원대로 424 (팔용동),1,0,1,0,,,True,False,False,False,False,1,0,0,1
LOC002357,35.2326285291652,128.636783211065,4812152000.0,팔룡동,의창구,경상남도 창원시 의창구 무역로581번길 42-15 (팔용동),1,0,1,0,,,True,False,False,False,False,1,0,0,1
LOC002358,35.232644013653,128.577142009043,4812754500.0,석전동,마산회원구,경상남도 창원시 마산회원구 석전동12길 10 (석전동),1,0,1,0,,,False,True,False,False,False,1,0,0,1
LOC002359,35.2326480751502,128.635884234268,4812152000.0,팔룡동,의창구,경상남도 창원시 의창구 무역로581번길 50-11 (팔용동),2,0,2,0,,,True,False,False,False,False,2,0,0,2
LOC002360,35.2326578823,128.5062942994,4812725000.0,내서읍,마산회원구,경상남도 창원시 마산회원구 내서읍 중리공단로 12,1,0,1,0,,,False,True,False,False,False,1,0,0,1
LOC002361,35.2326750170062,128.635624564323,4812152000.0,팔룡동,의창구,경상남도 창원시 의창구 무역로581번길 56 (팔용동),1,0,1,0,,,False,True,False,False,False,1,0,0,1
LOC002362,35.2326955093956,128.49862492114,4812725000.0,내서읍,마산회원구,경상남도 창원시 마산회원구 내서읍 삼계9길 45 (내서읍),1,1,0,0,,,False,False,False,False,False,1,1,0,0
LOC002363,35.2327702278965,128.586563766397,4812756000.0,양덕1동,마산회원구,"경상남도 창원시 마산회원구 팔용로 33 (양덕동, 소매점)",3,3,0,0,,,False,False,False,False,False,3,3,0,0
LOC002364,35.232775119986,128.636426210253,4812152000.0,팔룡동,의창구,경상남도 창원시 의창구 무역로581번길 50-16 (팔용동),1,0,1,0,,,True,False,False,False,False,1,0,0,1
LOC002365,35.2328190157203,128.636645673951,4812152000.0,팔룡동,의창구,경상남도 창원시 의창구 무역로581번길 42-25 (팔용동),1,1,0,0,6.0,379.17,False,False,False,False,False,1,1,0,0
LOC002366,35.2329372587803,128.63591233886,4812152000.0,팔룡동,의창구,경상남도 창원시 의창구 무역로581번길 50-17 (팔용동),1,0,1,0,,,True,False,False,False,False,1,0,0,1
LOC002367,35.2329589824828,128.576783323161,4812754500.0,석전동,마산회원구,경상남도 창원시 마산회원구 석전동12길 24 (석전동),1,0,1,0,,,False,True,False,False,False,1,0,0,1
LOC002368,35.2329682085532,128.564908310354,4812755000.0,회성동,마산회원구,경상남도 창원시 마산회원구 삼호로 274 (회성동),1,0,1,0,,,False,True,False,False,False,1,0,0,1
LOC002369,35.2329708201029,128.582663033525,4812756000.0,양덕1동,마산회원구,"경상남도 창원시 마산회원구 양덕로 166 (양덕동, 주택) 외 1필지",1,1,0,0,,,False,False,False,False,False,1,1,0,0
LOC002370,35.2330136842394,128.505867767927,4812725000.0,내서읍,마산회원구,"경상남도 창원시 마산회원구 내서읍 중리공단로 13, 제1동 지하1층 (동우산업)",2,2,0,0,,,False,False,False,False,False,2,2,0,0
LOC002371,35.2330280035634,128.504071334098,4812725000.0,내서읍,마산회원구,경상남도 창원시 마산회원구 내서읍 경남대로 927,1,0,0,1,,,False,False,False,False,True,1,0,1,0
LOC002372,35.2330914527178,128.66021178679,4812352000.0,중앙동,성산구,경상남도 창원시 성산구 충혼로 91 (두대동) 창원문성대학 창업보육센터 208호,36,34,1,1,40.0,883.7,True,False,False,False,True,35,34,1,1
LOC002373,35.2331475092278,128.582624945978,4812756000.0,양덕1동,마산회원구,경상남도 창원시 마산회원구 양덕로 166-1 (양덕동),1,0,1,0,,,False,True,False,False,False,1,0,0,1
LOC002374,35.2332403853111,128.635942371301,4812152000.0,팔룡동,의창구,경상남도 창원시 의창구 차상로96번길 7-3 (팔용동),1,0,1,0,,,True,False,False,False,False,1,0,0,1
LOC002375,35.2335503770895,128.561834127915,4812755000.0,회성동,마산회원구,경상남도 창원시 마산회원구 북성로 330 (회성동),1,0,0,1,,,False,False,False,True,False,1,0,1,0
LOC002376,35.2335683598025,128.576627059106,4812754500.0,석전동,마산회원구,경상남도 창원시 마산회원구 석전동8길 43 (석전동),1,0,1,0,,,False,True,False,False,False,1,0,0,1
LOC002377,35.233624485597,128.575466123015,4812754500.0,석전동,마산회원구,경상남도 창원시 마산회원구 석전동12길 50 (석전동),1,0,1,0,,,False,True,False,False,False,1,0,0,1
LOC002378,35.2336788369915,128.579420292541,4812754500.0,석전동,마산회원구,경상남도 창원시 마산회원구 3·15대로 686 (석전동),1,0,1,0,,,False,True,False,False,False,1,0,0,1
LOC002379,35.2337125241377,128.685930243524,4812351500.0,용지동,성산구,경상남도 창원시 성산구 용지로 226 (용호동),1,0,1,0,,,False,True,False,False,False,1,0,0,1
LOC002380,35.2337158834801,128.557222476482,4812755000.0,회성동,마산회원구,경상남도 창원시 마산회원구 북성로 369 (회성동),1,0,1,0,,,False,True,False,False,False,1,0,0,1
LOC002381,35.2337997712969,128.556691451637,4812755000.0,회성동,마산회원구,경상남도 창원시 마산회원구 북성로 373 (회성동),1,0,1,0,,,False,True,False,False,False,1,0,0,1
LOC002382,35.2338663511304,128.578303752851,4812754500.0,석전동,마산회원구,경상남도 창원시 마산회원구 3·15대로 681 동마산병원 (석전동),3,0,2,1,,,True,True,False,True,False,1,0,1,1
LOC002383,35.2339129209087,128.505920418652,4812725000.0,내서읍,마산회원구,경상남도 창원시 마산회원구 내서읍 광려천남로 221,2,2,0,0,,,False,False,False,False,False,2,2,0,0
LOC002384,35.2339199652118,128.506136502123,4812725000.0,내서읍,마산회원구,"경상남도 창원시 마산회원구 내서읍 중리공단로 25, B동",1,1,0,0,,,False,False,False,False,False,1,1,0,0
LOC002385,35.2340071310692,128.664735369535,4812352000.0,중앙동,성산구,경상남도 창원시 성산구 원이대로 450 (중앙동),4,0,3,1,,,True,False,False,False,False,4,0,1,3
LOC002386,35.234036727527,128.643615871937,4812152000.0,팔룡동,의창구,경상남도 창원시 의창구 창원대로 415 (팔용동 삼성홈플러스),2,0,1,1,,,True,False,False,False,True,2,0,1,1
LOC002387,35.2340574164015,128.559017143447,4812755000.0,회성동,마산회원구,"경상남도 창원시 마산회원구 북성로 354(회성동, 사무소)",1,1,0,0,,,False,False,False,False,False,1,1,0,0
LOC002388,35.2340632973308,128.559756720725,4812755000.0,회성동,마산회원구,"경상남도 창원시 마산회원구 회성남4길 19, 1층(회성동)",1,1,0,0,,,False,False,False,False,False,1,1,0,0
LOC002389,35.2340857497441,128.689791736685,4812351500.0,용지동,성산구,"경상남도 창원시 성산구 중앙대로250번길 4, 국민연금공단창원지사 (신월동)",1,0,0,1,,,False,False,False,False,False,1,0,1,0
LOC002390,35.2342643274447,128.636417790577,4812152000.0,팔룡동,의창구,경상남도 창원시 의창구 차상로106번길 11-2 (팔용동),1,0,1,0,,,True,False,False,False,False,1,0,0,1
LOC002391,35.2342701761081,128.690066540469,4812351500.0,용지동,성산구,경상남도 창원시 성산구 중앙대로250번길 5 (신월동),1,0,1,0,,,False,True,False,False,False,1,0,0,1
LOC002392,35.2342718891314,128.505862246124,4812725000.0,내서읍,마산회원구,경상남도 창원시 마산회원구 내서읍 광려천남로 217 ((주)창영산업),1,1,0,0,,,False,False,False,False,False,1,1,0,0
LOC002393,35.234274717239,128.580408570974,4812754500.0,석전동,마산회원구,경상남도 창원시 마산회원구 양덕로 190 (석전동),1,0,1,0,,,False,True,False,False,False,1,0,0,1
LOC002394,35.2345062273143,128.642191463075,4812152000.0,팔룡동,의창구,"경상남도 창원시 의창구 창원대로397번길 6 (팔용동, 파비뉴21 6층 관리사무소)",1,0,0,1,,,False,False,False,False,True,1,0,1,0
LOC002395,35.2345826628476,128.506113713746,4812725000.0,내서읍,마산회원구,경상남도 창원시 마산회원구 내서읍 중리공단로 31,1,1,0,0,,,False,False,False,False,False,1,1,0,0
LOC002396,35.2345910553383,128.638593085336,4812152000.0,팔룡동,의창구,경상남도 창원시 의창구 차상로150번길 60 (팔용동),1,0,1,0,,,False,True,False,False,False,1,0,0,1
LOC002397,35.2346447069414,128.505719528835,4812725000.0,내서읍,마산회원구,경상남도 창원시 마산회원구 내서읍 광려천남로 213,1,1,0,0,,,False,False,False,False,False,1,1,0,0
LOC002398,35.2347843638674,128.582635985612,4812756000.0,양덕1동,마산회원구,경상남도 창원시 마산회원구 합성옛길 62 (양덕동),1,0,1,0,,,False,True,False,False,False,1,0,0,1
LOC002399,35.234864670852,128.637374389983,4812152000.0,팔룡동,의창구,경상남도 창원시 의창구 차상로150번길 46 (팔용동),1,0,1,0,,,True,False,False,False,False,1,0,0,1
LOC002400,35.2348661368172,128.506132795192,4812725000.0,내서읍,마산회원구,경상남도 창원시 마산회원구 내서읍 중리공단로 35,1,1,0,0,,,False,False,False,False,False,1,1,0,0
LOC002401,35.2350232545626,128.505688519196,4812725000.0,내서읍,마산회원구,경상남도 창원시 마산회원구 내서읍 광려천남로 207,1,1,0,0,,,False,False,False,False,False,1,1,0,0
LOC002402,35.235088575697,128.57724832279,4812758000.0,합성1동,마산회원구,경상남도 창원시 마산회원구 마산역광장로 20 (합성동),1,0,1,0,,,False,True,False,False,False,1,0,0,1
LOC002403,35.2351333695968,128.506196832916,4812725000.0,내서읍,마산회원구,경상남도 창원시 마산회원구 내서읍 중리공단로 39 (가야산업전기),1,1,0,0,,,False,False,False,False,False,1,1,0,0
LOC002404,35.2351383819867,128.505953397858,4812725000.0,내서읍,마산회원구,경상남도 창원시 마산회원구 내서읍 광려천남로 203-21 (은아정공),1,1,0,0,,,False,False,False,False,False,1,1,0,0
LOC002405,35.2352466462682,128.5055385346,4812725000.0,내서읍,마산회원구,"경상남도 창원시 마산회원구 내서읍 광려천남로 205, (내서읍 원계리 400-14번지)",1,1,0,0,,,False,False,False,False,False,1,1,0,0
LOC002406,35.2352857974503,128.506209097989,4812725000.0,내서읍,마산회원구,경상남도 창원시 마산회원구 내서읍 중리공단로 41 (성빈FA),2,1,1,0,,,False,True,False,False,False,2,1,0,1
LOC002407,35.2353663107492,128.506003746789,4812725000.0,내서읍,마산회원구,경상남도 창원시 마산회원구 내서읍 광려천남로 203-17 (성진열처리),2,1,1,0,,,True,False,False,False,False,1,1,0,1
LOC002408,35.2354395703516,128.506200187706,4812725000.0,내서읍,마산회원구,경상남도 창원시 마산회원구 내서읍 중리공단로 43,1,1,0,0,,,False,False,False,False,False,1,1,0,0
LOC002409,35.2355974204944,128.5063995114,4812725000.0,내서읍,마산회원구,경상남도 창원시 마산회원구 내서읍 중리공단로 45 ((상호없음)),2,1,0,1,,,False,False,False,True,False,1,1,1,0
LOC002410,35.2356395752468,128.505735171627,4812725000.0,내서읍,마산회원구,경상남도 창원시 마산회원구 내서읍 광려천남로 203-13 (내서읍),2,1,1,0,,,True,False,False,False,False,2,1,0,1
LOC002411,35.2356947316904,128.505539566139,4812725000.0,내서읍,마산회원구,경상남도 창원시 마산회원구 내서읍 광려천남로 201 (내서읍) 외 1필지,1,1,0,0,,,False,False,False,False,False,1,1,0,0
LOC002412,35.2357172321938,128.671107629516,4812351000.0,반송동,성산구,경상남도 창원시 성산구 반송로 148-12 (반림동),1,0,1,0,,,False,True,False,False,False,1,0,0,1
LOC002413,35.2357777467624,128.67087611257,4812351000.0,반송동,성산구,"경상남도 창원시 성산구 원이대로473번길 26, 301호 (반림동)",1,1,0,0,5.0,22.4,False,False,False,False,False,1,1,0,0
LOC002414,35.2359311088787,128.506446325407,4812725000.0,내서읍,마산회원구,경상남도 창원시 마산회원구 내서읍 중리공단로 47 (신승전기) 외 1필지,1,1,0,0,,,False,False,False,False,False,1,1,0,0
LOC002415,35.2359469649607,128.636387334313,4812152000.0,팔룡동,의창구,"경상남도 창원시 의창구 차상로150번길 32, 팔용종합프라자 2층 201호 (팔용동)",1,0,0,1,,,False,False,False,False,False,1,0,1,0
LOC002416,35.2363112378544,128.643708560102,4812152000.0,팔룡동,의창구,경상남도 창원시 의창구 사화로 410 (팔용동),1,0,0,1,,,False,False,False,False,False,1,0,1,0
LOC002417,35.2363261268754,128.634172019533,4812152000.0,팔룡동,의창구,경상남도 창원시 의창구 차상로150번길 16 (팔용동),2,0,1,1,,,False,True,False,False,False,1,0,1,1
LOC002418,35.2363496959135,128.505710949819,4812725000.0,내서읍,마산회원구,경상남도 창원시 마산회원구 내서읍 광려천남로 197 (내서읍),2,1,1,0,,,True,False,False,False,False,1,1,0,1
LOC002419,35.2364060784286,128.694427834828,4812154000.0,봉림동,의창구,경상남도 창원시 의창구 상남로 290 경상남도의회 (사림동),1,0,1,0,,,True,False,False,False,False,1,0,0,1
LOC002420,35.236407517902,128.487847631491,4812725000.0,내서읍,마산회원구,경상남도 창원시 마산회원구 내서읍 삼계로 181,2,1,1,0,,,True,False,False,False,False,1,1,0,1
LOC002421,35.2366366785979,128.549641980734,4812755000.0,회성동,마산회원구,경상남도 창원시 마산회원구 북성로 442 (두척동 대천주유소),1,0,1,0,,,False,True,False,False,False,1,0,0,1
LOC002422,35.2366755442039,128.505757726478,4812725000.0,내서읍,마산회원구,경상남도 창원시 마산회원구 내서읍 광려천남로 191,1,1,0,0,,,False,False,False,False,False,1,1,0,0
LOC002423,35.236774510071,128.635604393774,4812152000.0,팔룡동,의창구,경상남도 창원시 의창구 차상로150번길 23 (팔용동),1,0,1,0,,,False,True,False,False,False,1,0,0,1
LOC002424,35.2367905829099,128.506579977018,4812725000.0,내서읍,마산회원구,경상남도 창원시 마산회원구 내서읍 중리공단로 55,1,0,1,0,,,True,False,False,False,False,1,0,0,1
LOC002425,35.2368081360737,128.548469988132,4812755000.0,회성동,마산회원구,경상남도 창원시 마산회원구 북성로 458 (두척동),1,0,1,0,,,False,True,False,False,False,1,0,0,1
LOC002426,35.2368395803429,128.632126778766,4812152000.0,팔룡동,의창구,경상남도 창원시 의창구 차룡단지로 196 (팔용동) (총 2 필지) 외 1필지,2,2,0,0,38.0,2183.65,False,False,False,False,False,2,2,0,0
LOC002427,35.2369403481205,128.642848312257,4812152000.0,팔룡동,의창구,경상남도 창원시 의창구 사화로 396 1층 118호 (팔용동),1,0,1,0,,,False,True,False,False,False,1,0,0,1
LOC002428,35.2370329416316,128.640281216772,4812152000.0,팔룡동,의창구,경상남도 창원시 의창구 창원대로 371 (팔용동),2,0,1,1,,,False,True,False,False,False,2,0,1,1
LOC002429,35.2371559609234,128.589278263318,4812759000.0,합성2동,마산회원구,경상남도 창원시 마산회원구 팔용로 90 (합성동),1,0,0,1,,,False,False,False,True,False,1,0,1,0
LOC002430,35.2371829967566,128.506767166561,4812725000.0,내서읍,마산회원구,경상남도 창원시 마산회원구 내서읍 중리공단로 63-1,2,2,0,0,,,False,False,False,False,False,2,2,0,0
LOC002431,35.2372126122612,128.630521271835,4812152000.0,팔룡동,의창구,경상남도 창원시 의창구 차룡단지로 188 (주)대동사 차룡공장 (팔용동),4,1,2,1,,,True,True,False,False,False,2,1,1,1
LOC002432,35.2372421834462,128.644485942945,4812153000.0,명곡동,의창구,경상남도 창원시 의창구 창이대로 45 (명서동),3,0,2,1,,,True,True,False,False,True,1,0,1,1
LOC002433,35.2372427352077,128.65843813708,4812352000.0,중앙동,성산구,경상남도 창원시 성산구 창원천로94번길 82-18 (대원동),1,0,0,1,,,False,False,False,False,True,1,0,1,0
LOC002434,35.2372436739096,128.631586633318,4812152000.0,팔룡동,의창구,경상남도 창원시 의창구 차룡단지로 194 (팔용동),2,2,0,0,28.0,1100.26,False,False,False,False,False,2,2,0,0
LOC002435,35.2373335079965,128.578716511787,4812754500.0,석전동,마산회원구,경상남도 창원시 마산회원구 석전동17길 52 (석전동),1,1,0,0,,,False,False,False,False,False,1,1,0,0
LOC002436,35.2373679369438,128.541676427958,4812755000.0,회성동,마산회원구,경상남도 창원시 마산회원구 두척1길 27 (두척동),1,1,0,0,,,False,False,False,False,False,1,1,0,0
LOC002437,35.2374678760878,128.683640250807,4812351500.0,용지동,성산구,경상남도 창원시 성산구 창이대로460번길 24 (용호동),1,0,1,0,,,False,True,False,False,False,1,0,0,1
LOC002438,35.2375233686702,128.630573738055,4812152000.0,팔룡동,의창구,경상남도 창원시 의창구 차룡단지로 183 (팔용동),1,1,0,0,11.0,567.84,False,False,False,False,False,1,1,0,0
LOC002439,35.2375807414009,128.640750528129,4812152000.0,팔룡동,의창구,경상남도 창원시 의창구 사화로 376 (팔용동),1,0,1,0,,,False,True,False,False,False,1,0,0,1
LOC002440,35.2375883117311,128.631111309824,4812152000.0,팔룡동,의창구,경상남도 창원시 의창구 차룡단지로 189 (팔용동),1,1,0,0,22.0,659.12,False,False,False,False,False,1,1,0,0
LOC002441,35.2375994616349,128.683451839189,4812351500.0,용지동,성산구,경상남도 창원시 성산구 용지로245번길 40 (용호동),1,0,1,0,,,False,True,False,False,False,1,0,0,1
LOC002442,35.2376981679816,128.684369774213,4812351500.0,용지동,성산구,경상남도 창원시 성산구 창이대로464번길 16 (용호동),1,0,1,0,,,False,True,False,False,False,1,0,0,1
LOC002443,35.2377167382444,128.658631671208,4812352000.0,중앙동,성산구,경상남도 창원시 성산구 창원천로94번길 82-4 (대원동),1,0,1,0,,,True,False,False,False,False,1,0,0,1
LOC002444,35.2377597370357,128.67526711791,4812351000.0,반송동,성산구,경상남도 창원시 성산구 반송로 177 (반림동 현대아파트),1,0,1,0,,,True,False,False,False,False,1,0,0,1
LOC002445,35.237763584719,128.62995538512,4812152000.0,팔룡동,의창구,경상남도 창원시 의창구 차룡단지로 177 (팔용동),2,2,0,0,122.0,1249.2,False,False,False,False,False,2,2,0,0
LOC002446,35.23779799404,128.683717815488,4812351500.0,용지동,성산구,경상남도 창원시 성산구 용호로 114 (용호동),1,0,1,0,,,False,True,False,False,False,1,0,0,1
LOC002447,35.237799514865,128.631883259931,4812152000.0,팔룡동,의창구,경상남도 창원시 의창구 차룡단지로 195 (팔용동),3,1,1,1,25.0,3004.87,False,True,False,False,False,1,1,1,1
LOC002448,35.2378398781364,128.589348948286,4812759000.0,합성2동,마산회원구,경상남도 창원시 마산회원구 팔용로 96 (합성동),1,0,1,0,,,False,True,False,False,False,1,0,0,1
LOC002449,35.2378489482126,128.63057619152,4812152000.0,팔룡동,의창구,경상남도 창원시 의창구 차룡단지로 181 (팔용동),3,3,0,0,12.0,741.1500000000001,False,False,False,False,False,3,3,0,0
LOC002450,35.2379210697783,128.63913933746,4812152000.0,팔룡동,의창구,"경상남도 창원시 의창구 창원대로363번길 11, 7동 2층 11호 (팔용동, 창원제3표준공장)",63,50,11,2,351.0,26229.7,False,True,False,False,False,52,49,2,11
LOC002451,35.2379627398324,128.698677096204,4812154000.0,봉림동,의창구,경상남도 창원시 의창구 용동로57번길 8 (사림동),3,0,2,1,,,True,True,False,False,True,3,0,1,2
LOC002452,35.2379877530096,128.507126101677,4812725000.0,내서읍,마산회원구,"경상남도 창원시 마산회원구 내서읍 중리공단로 65, 벤처동 306호",15,15,0,0,,,False,False,False,False,False,15,15,0,0
LOC002453,35.2379992884741,128.632252834107,4812152000.0,팔룡동,의창구,"경상남도 창원시 의창구 차룡로14번길 67, 2층 201호(팔용동)",13,13,0,0,28.0,979.94,False,False,False,False,False,13,13,0,0
LOC002454,35.23800592388,128.630296587138,4812152000.0,팔룡동,의창구,경상남도 창원시 의창구 차룡단지로 179 (팔용동),1,1,0,0,2.0,330.0,False,False,False,False,False,1,1,0,0
LOC002455,35.2380854650639,128.629924698061,4812152000.0,팔룡동,의창구,경상남도 창원시 의창구 차룡단지로 173 (팔용동),1,1,0,0,19.0,1150.76,False,False,False,False,False,1,1,0,0
LOC002456,35.2380990973008,128.633758864426,4812152000.0,팔룡동,의창구,경상남도 창원시 의창구 창원대로 314 (팔용동),1,0,1,0,,,False,True,False,False,False,1,0,0,1
LOC002457,35.2381628140883,128.637259441498,4812152000.0,팔룡동,의창구,경상남도 창원시 의창구 팔용동 36번지 제3아파트형공장 2동 1층 3호,6,6,0,0,46.0,3901.9700000000003,False,False,False,False,False,6,6,0,0
LOC002458,35.2381786727914,128.630378036617,4812152000.0,팔룡동,의창구,경상남도 창원시 의창구 차룡로14번길 52 (팔용동),1,1,0,0,32.0,2131.22,False,False,False,False,False,1,1,0,0
LOC002459,35.2381862669986,128.630750791452,4812152000.0,팔룡동,의창구,경상남도 창원시 의창구 차룡로14번길 58 (팔용동),3,3,0,0,20.0,891.0,False,False,False,False,False,3,3,0,0
LOC002460,35.2382350726558,128.629516202773,4812152000.0,팔룡동,의창구,경상남도 창원시 의창구 차룡단지로 169(팔용동),2,2,0,0,21.0,3112.14,False,False,False,False,False,2,2,0,0
LOC002461,35.2382549160052,128.684106012241,4812351500.0,용지동,성산구,경상남도 창원시 성산구 용호로 120 (용호동),1,0,1,0,,,False,True,False,False,False,1,0,0,1
LOC002462,35.2383550288338,128.631856602309,4812152000.0,팔룡동,의창구,"경상남도 창원시 의창구 차룡로14번길 55 (팔용동, 인화정공(주)) 외 1필지",3,2,1,0,17.0,7906.64,False,True,False,False,False,1,1,0,1
LOC002463,35.2383981668216,128.509477015367,4812725000.0,내서읍,마산회원구,경상남도 창원시 마산회원구 내서읍 신평로 9 (한일정공),1,1,0,0,,,False,False,False,False,False,1,1,0,0
LOC002464,35.2383993225875,128.65689504463,4812352000.0,중앙동,성산구,경상남도 창원시 성산구 원이대로 362 (대원동),1,0,1,0,,,True,False,False,False,False,1,0,0,1
LOC002465,35.2384769288237,128.629337924969,4812152000.0,팔룡동,의창구,경상남도 창원시 의창구 차룡단지로 167 (팔용동),4,2,2,0,141.0,5610.87,True,True,False,False,False,1,1,0,1
LOC002466,35.2386510266851,128.635278589037,4812152000.0,팔룡동,의창구,경상남도 창원시 의창구 차상로 172-34 (팔용동),3,3,0,0,72.0,904.5,False,False,False,False,False,3,3,0,0
LOC002467,35.2387256002129,128.507343197267,4812725000.0,내서읍,마산회원구,경상남도 창원시 마산회원구 내서읍 중리공단로 75,4,1,2,1,,,True,True,False,True,False,1,1,1,1
LOC002468,35.2387430799531,128.58875965673,4812759000.0,합성2동,마산회원구,경상남도 창원시 마산회원구 팔용로 107 (합성동),1,0,1,0,,,False,True,False,False,False,1,0,0,1
LOC002469,35.2387568069423,128.508816539996,4812725000.0,내서읍,마산회원구,경상남도 창원시 마산회원구 내서읍 신평로 1 (KTF),1,1,0,0,,,False,False,False,False,False,1,1,0,0
LOC002470,35.2388228939448,128.509876613513,4812725000.0,내서읍,마산회원구,"경상남도 창원시 마산회원구 내서읍 신평로 17, A동",2,2,0,0,,,False,False,False,False,False,2,2,0,0
LOC002471,35.2388290661566,128.634614725278,4812152000.0,팔룡동,의창구,"경상남도 창원시 의창구 차상로 172-18 (팔용동, 주식회사경한정밀)",2,2,0,0,112.0,8543.84,False,False,False,False,False,2,2,0,0
LOC002472,35.2389088714804,128.676705701823,4812351000.0,반송동,성산구,경상남도 창원시 성산구 외동반림로 219 (반림동 현대아파트),1,0,1,0,,,True,False,False,False,False,1,0,0,1
LOC002473,35.238913864094,128.508782759245,4812725000.0,내서읍,마산회원구,경상남도 창원시 마산회원구 내서읍 중리공단로 88 (광명) 외 1필지,1,1,0,0,,,False,False,False,False,False,1,1,0,0
LOC002474,35.2389148446893,128.629919325723,4812152000.0,팔룡동,의창구,경상남도 창원시 의창구 차룡로14번길 48 (팔용동),1,1,0,0,31.0,1296.0,False,False,False,False,False,1,1,0,0
LOC002475,35.2389627809029,128.627811081872,4812152000.0,팔룡동,의창구,경상남도 창원시 의창구 차룡단지로 151 (팔용동),3,2,1,0,21.0,786.0,True,False,False,False,False,2,2,0,1
LOC002476,35.2389860661646,128.63543460001,4812152000.0,팔룡동,의창구,경상남도 창원시 의창구 차상로 172-29 (팔용동),2,1,1,0,12.0,2257.0,True,False,False,False,False,1,1,0,1
LOC002477,35.2390298086851,128.509870233044,4812725000.0,내서읍,마산회원구,경상남도 창원시 마산회원구 내서읍 신평로 9-3 (명건산업),1,1,0,0,,,False,False,False,False,False,1,1,0,0
LOC002478,35.2390783910866,128.634958172857,4812152000.0,팔룡동,의창구,경상남도 창원시 의창구 차상로 172-19(팔용동),2,2,0,0,14.0,1150.5,False,False,False,False,False,2,2,0,0
LOC002479,35.239093061287,128.628724661739,4812152000.0,팔룡동,의창구,경상남도 창원시 의창구 차룡로14번길 40 (팔용동),2,2,0,0,18.0,2301.9,False,False,False,False,False,2,2,0,0
LOC002480,35.2391004971611,128.628332869914,4812152000.0,팔룡동,의창구,경상남도 창원시 의창구 차룡단지로 153 (팔용동),2,1,1,0,24.0,1900.8,True,False,False,False,False,1,1,0,1
LOC002481,35.2391168643337,128.648377059216,4812153000.0,명곡동,의창구,경상남도 창원시 의창구 우곡로 219 (명서동),1,0,1,0,,,False,True,False,False,False,1,0,0,1
LOC002482,35.2391313573894,128.634146135785,4812152000.0,팔룡동,의창구,경상남도 창원시 의창구 차상로 172-2 (팔용동),2,2,0,0,46.0,660.0,False,False,False,False,False,2,2,0,0
LOC002483,35.2392414509084,128.509506594589,4812725000.0,내서읍,마산회원구,경상남도 창원시 마산회원구 내서읍 신평로 7-3 (진성공업),1,1,0,0,,,False,False,False,False,False,1,1,0,0
LOC002484,35.2392858782629,128.655293143724,4812352000.0,중앙동,성산구,경상남도 창원시 성산구 원이대로 332 (대원동 더시티세븐풀만호텔),1,0,1,0,,,True,False,False,False,False,1,0,0,1
LOC002485,35.2393090535618,128.628713602171,4812152000.0,팔룡동,의창구,경상남도 창원시 의창구 차룡로14번길 32 (팔용동),1,1,0,0,16.0,989.0,False,False,False,False,False,1,1,0,0
LOC002486,35.2393426256062,128.630710890886,4812152000.0,팔룡동,의창구,경상남도 창원시 의창구 차룡로14번길 51 (팔용동),2,1,0,1,28.0,5266.52,False,False,False,False,False,2,1,1,0
LOC002487,35.2393457552061,128.634513378669,4812152000.0,팔룡동,의창구,"경상남도 창원시 의창구 차상로 172-11(팔용동, (주)제이엠모터스펌프)",2,2,0,0,2.0,234.0,False,False,False,False,False,2,2,0,0
LOC002488,35.2393917395599,128.635432200395,4812152000.0,팔룡동,의창구,경상남도 창원시 의창구 차상로 182-30 (팔용동),5,5,0,0,44.0,660.0,False,False,False,False,False,5,5,0,0
LOC002489,35.2394169747662,128.626908191048,4812152000.0,팔룡동,의창구,경상남도 창원시 의창구 차룡단지로 141 (팔용동),1,1,0,0,16.0,1971.13,False,False,False,False,False,1,1,0,0
LOC002490,35.2394190092817,128.509382677447,4812725000.0,내서읍,마산회원구,경상남도 창원시 마산회원구 내서읍 중리공단로 94 (삼정테크),1,1,0,0,,,False,False,False,False,False,1,1,0,0
LOC002491,35.2394262988616,128.627474760114,4812152000.0,팔룡동,의창구,경상남도 창원시 의창구 차룡단지로 145 (팔용동),2,2,0,0,2.0,100.0,False,False,False,False,False,2,2,0,0
LOC002492,35.2394343748798,128.634711347717,4812152000.0,팔룡동,의창구,경상남도 창원시 의창구 차상로 172-15 (팔용동),2,2,0,0,40.0,677.5,False,False,False,False,False,2,2,0,0
LOC002493,35.2394752132027,128.662610171866,4812351000.0,반송동,성산구,경상남도 창원시 성산구 반지로16번길 21-10 (반지동),1,0,1,0,,,False,True,False,False,False,1,0,0,1
LOC002494,35.2395015937238,128.635259196771,4812152000.0,팔룡동,의창구,경상남도 창원시 의창구 차상로 182-22 (팔용동),1,1,0,0,6.0,701.12,False,False,False,False,False,1,1,0,0
LOC002495,35.2395126985,128.588789608947,4812759000.0,합성2동,마산회원구,경상남도 창원시 마산회원구 팔용로 113 (합성동),1,0,1,0,,,False,True,False,False,False,1,0,0,1
LOC002496,35.2395286226187,128.628255966514,4812152000.0,팔룡동,의창구,"경상남도 창원시 의창구 차룡로14번길 26 (팔용동, 삼원테크)",2,1,0,1,40.0,2035.98,False,False,False,False,True,1,1,1,0
LOC002497,35.2395558541346,128.510434295376,4812725000.0,내서읍,마산회원구,경상남도 창원시 마산회원구 내서읍 신평로 31,3,2,1,0,,,False,True,False,False,False,2,2,0,1
LOC002498,35.2395845671968,128.510133944463,4812725000.0,내서읍,마산회원구,경상남도 창원시 마산회원구 내서읍 신평로 35-1 (서진정밀),1,1,0,0,,,False,False,False,False,False,1,1,0,0
LOC002499,35.239626611031,128.510332456885,4812725000.0,내서읍,마산회원구,경상남도 창원시 마산회원구 내서읍 신평로 33 (영남정밀),1,1,0,0,,,False,False,False,False,False,1,1,0,0
LOC002500,35.2396433099802,128.636029340236,4812152000.0,팔룡동,의창구,"경상남도 창원시 의창구 차상로 182-17 (팔용동, 신일정비)",3,3,0,0,40.0,2853.95,False,False,False,False,False,3,3,0,0
LOC002501,35.2396668440149,128.654408692296,4812352000.0,중앙동,성산구,경상남도 창원시 성산구 원이대로 320 T-309호 (대원동 더시티세븐쇼핑몰),4,0,2,2,,,True,False,False,False,True,2,0,2,2
LOC002502,35.2397026684835,128.629332457029,4812152000.0,팔룡동,의창구,"경상남도 창원시 의창구 차룡로14번길 39 (팔용동, (주)성덕전자 공장)",3,3,0,0,100.0,972.8,False,False,False,False,False,3,3,0,0
LOC002503,35.2397118570281,128.63413790034,4812152000.0,팔룡동,의창구,"경상남도 창원시 의창구 차상로 172-1(팔용동, 광림기계공업사)",2,2,0,0,10.0,1255.08,False,False,False,False,False,2,2,0,0
LOC002504,35.239838902749,128.584703489864,4812759000.0,합성2동,마산회원구,경상남도 창원시 마산회원구 합성옛길 187 (합성동),1,0,1,0,,,False,True,False,False,False,1,0,0,1
LOC002505,35.2398440114111,128.586816894719,4812759000.0,합성2동,마산회원구,"경상남도 창원시 마산회원구 합성남8길 61 (합성동, 주택)",1,1,0,0,,,False,False,False,False,False,1,1,0,0
LOC002506,35.2398744326209,128.630363538321,4812152000.0,팔룡동,의창구,경상남도 창원시 의창구 차룡로14번길 43 (팔용동),3,1,1,1,,,False,True,False,False,False,1,1,1,1
LOC002507,35.239898796601,128.62608152829,4812152000.0,팔룡동,의창구,"경상남도 창원시 의창구 차룡단지로 135 (팔용동, 에스지서보주식회사)",2,2,0,0,96.0,2281.32,False,False,False,False,False,2,2,0,0
LOC002508,35.2399088723564,128.636144744216,4812152000.0,팔룡동,의창구,경상남도 창원시 의창구 사화로 322 (팔용동),3,3,0,0,15.0,595.02,False,False,False,False,False,3,3,0,0
LOC002509,35.2399215289456,128.634935003141,4812152000.0,팔룡동,의창구,경상남도 창원시 의창구 차상로 182-14 (팔용동),3,2,0,1,6.0,2028.96,False,False,False,False,False,1,1,1,0
LOC002510,35.239955144757,128.649008084544,4812153000.0,명곡동,의창구,경상남도 창원시 의창구 우곡로217번길 14 명서빌딩 (명서동),1,0,1,0,,,False,True,False,False,False,1,0,0,1
LOC002511,35.2399624063122,128.662558162498,4812351000.0,반송동,성산구,"경상남도 창원시 성산구 원이대로393번길 25, 케이프타운 2층 (반지동)",1,0,0,1,,,False,False,False,False,True,1,0,1,0
LOC002512,35.2399979549713,128.634607976298,4812152000.0,팔룡동,의창구,경상남도 창원시 의창구 차상로 180 (팔용동),2,2,0,0,41.0,2354.747,False,False,False,False,False,2,2,0,0
LOC002513,35.2400175521111,128.648237654202,4812153000.0,명곡동,의창구,경상남도 창원시 의창구 창이대로85번길 3 (명서동),1,0,1,0,,,False,True,False,False,False,1,0,0,1
LOC002514,35.2400487443006,128.629358823902,4812152000.0,팔룡동,의창구,경상남도 창원시 의창구 차룡로14번길 33 인화정공 주식회사 (팔용동),1,0,1,0,,,False,True,False,False,False,1,0,0,1
LOC002515,35.2401118835277,128.66437658703,4812351000.0,반송동,성산구,경상남도 창원시 성산구 반송로 67-1 (반지동),1,0,0,1,,,False,False,False,False,False,1,0,1,0
LOC002516,35.240113827176,128.506174464522,4812725000.0,내서읍,마산회원구,경상남도 창원시 마산회원구 내서읍 광려천남로 147,4,2,2,0,,,True,True,False,False,False,3,2,0,1
LOC002517,35.2401516504806,128.627685776624,4812152000.0,팔룡동,의창구,경상남도 창원시 의창구 차룡로14번길 22 (팔용동),9,5,4,0,6.0,495.0,True,True,False,False,False,5,5,0,2
LOC002518,35.2401529791333,128.635213945071,4812152000.0,팔룡동,의창구,경상남도 창원시 의창구 차상로 182-15(팔용동),1,1,0,0,,,False,False,False,False,False,1,1,0,0
LOC002519,35.2402006857705,128.634998168544,4812152000.0,팔룡동,의창구,"경상남도 창원시 의창구 차상로 182-3 (팔용동, 대한정공)",2,1,1,0,38.0,1438.72,False,True,False,False,False,1,1,0,1
LOC002520,35.2402241792731,128.663045746388,4812351000.0,반송동,성산구,경상남도 창원시 성산구 반지로32번길 21 (반지동),1,0,1,0,,,False,True,False,False,False,1,0,0,1
LOC002521,35.2402646339233,128.627594222418,4812152000.0,팔룡동,의창구,경상남도 창원시 의창구 차룡로14번길 18(팔용동),2,2,0,0,125.0,3908.66,False,False,False,False,False,2,2,0,0
LOC002522,35.2403635448852,128.626934020104,4812152000.0,팔룡동,의창구,"경상남도 창원시 의창구 차룡로14번길 14 (팔용동, 태양정밀) 외 1필지",2,2,0,0,26.0,2093.59,False,False,False,False,False,2,2,0,0
LOC002523,35.2403643362666,128.629065575347,4812152000.0,팔룡동,의창구,경상남도 창원시 의창구 차룡로14번길 29 (팔용동),7,7,0,0,50.0,4389.969999999999,False,False,False,False,False,7,7,0,0
LOC002524,35.2403964609357,128.662720154031,4812351000.0,반송동,성산구,경상남도 창원시 성산구 반지로32번길 17 (반지동),1,0,1,0,,,False,True,False,False,False,1,0,0,1
LOC002525,35.2404042117923,128.635796143498,4812152000.0,팔룡동,의창구,경상남도 창원시 의창구 사화로 318 (팔용동),1,1,0,0,20.0,813.71,False,False,False,False,False,1,1,0,0
LOC002526,35.2404201354842,128.590361596706,4812759000.0,합성2동,마산회원구,경상남도 창원시 마산회원구 팔용로 128 (합성동 우리누리청소년문화센터),1,0,1,0,,,True,False,False,False,False,1,0,0,1
LOC002527,35.2404285801459,128.510292841507,4812725000.0,내서읍,마산회원구,"경상남도 창원시 마산회원구 내서읍 신평안길 13, 1층",1,1,0,0,,,False,False,False,False,False,1,1,0,0
LOC002528,35.2404528489882,128.628073637064,4812152000.0,팔룡동,의창구,"경상남도 창원시 의창구 차룡로14번길 25 (팔용동, 부국정공(주))",2,1,1,0,16.0,6554.16,False,True,False,False,False,2,1,0,1
LOC002529,35.2404581557935,128.509200904493,4812725000.0,내서읍,마산회원구,경상남도 창원시 마산회원구 내서읍 중리공단로 101,1,1,0,0,,,False,False,False,False,False,1,1,0,0
LOC002530,35.2405178487386,128.625598571077,4812152000.0,팔룡동,의창구,"경상남도 창원시 의창구 차룡로 6 (팔용동, (주)경성엠티)",1,1,0,0,25.0,2682.56,False,False,False,False,False,1,1,0,0
LOC002531,35.2405316593106,128.626408446982,4812152000.0,팔룡동,의창구,"경상남도 창원시 의창구 차룡로14번길 8 (팔용동, 유광공업사)",5,5,0,0,5.0,625.0,False,False,False,False,False,5,5,0,0
LOC002532,35.2405410540367,128.627579753698,4812152000.0,팔룡동,의창구,경상남도 창원시 의창구 차룡로14번길 17 (팔용동),3,3,0,0,207.0,5638.84,False,False,False,False,False,3,3,0,0
LOC002533,35.2405550397788,128.64830389651,4812153000.0,명곡동,의창구,경상남도 창원시 의창구 창이대로89번길 8 (명서동),1,0,1,0,,,False,True,False,False,False,1,0,0,1
LOC002534,35.2405997079463,128.626743203278,4812152000.0,팔룡동,의창구,경상남도 창원시 의창구 차룡로14번길 12 (팔용동),1,1,0,0,,,False,False,False,False,False,1,1,0,0
LOC002535,35.240690632667,128.585998516881,4812759000.0,합성2동,마산회원구,"경상남도 창원시 마산회원구 합성옛길 216, 2층 (합성동, 주택)",1,1,0,0,,,False,False,False,False,False,1,1,0,0
LOC002536,35.2407008361563,128.634860240239,4812152000.0,팔룡동,의창구,경상남도 창원시 의창구 사화로 312 (팔용동),3,2,1,0,26.0,1260.0,False,True,False,False,False,2,2,0,1
LOC002537,35.240724113417,128.585506813251,4812759000.0,합성2동,마산회원구,경상남도 창원시 마산회원구 합성옛길 215 (합성동),1,0,1,0,,,False,True,False,False,False,1,0,0,1
LOC002538,35.2407365748219,128.624639103572,4812152000.0,팔룡동,의창구,경상남도 창원시 의창구 차룡로 1 (팔용동),3,3,0,0,0.0,263.0,False,False,False,False,False,3,3,0,0
LOC002539,35.2407889752438,128.633952882894,4812152000.0,팔룡동,의창구,경상남도 창원시 의창구 차상로 183 (팔용동),1,0,1,0,,,False,True,False,False,False,1,0,0,1
LOC002540,35.2408177810511,128.649147924617,4812153000.0,명곡동,의창구,경상남도 창원시 의창구 창이대로99번길 1 (명서동),1,0,1,0,,,False,True,False,False,False,1,0,0,1
LOC002541,35.2408218947149,128.508514470723,4812725000.0,내서읍,마산회원구,경상남도 창원시 마산회원구 내서읍 중리공단로1길 19,1,1,0,0,,,False,False,False,False,False,1,1,0,0
LOC002542,35.2408398024848,128.506172510537,4812725000.0,내서읍,마산회원구,경상남도 창원시 마산회원구 내서읍 광려천남로 143 (내서읍),1,1,0,0,,,False,False,False,False,False,1,1,0,0
LOC002543,35.2408957671124,128.62571003372,4812152000.0,팔룡동,의창구,경상남도 창원시 의창구 차룡로 12 (팔용동),2,2,0,0,32.0,3480.76,False,False,False,False,False,2,2,0,0
LOC002544,35.2409139914853,128.634425444137,4812152000.0,팔룡동,의창구,경상남도 창원시 의창구 차상로 187 (팔용동),1,0,1,0,,,True,False,False,False,False,1,0,0,1
LOC002545,35.2409376494358,128.5083092115,4812725000.0,내서읍,마산회원구,경상남도 창원시 마산회원구 내서읍 중리공단로1길 21,1,1,0,0,,,False,False,False,False,False,1,1,0,0
LOC002546,35.2409389376849,128.510619012711,4812725000.0,내서읍,마산회원구,경상남도 창원시 마산회원구 내서읍 중리공단로 110-3,1,0,1,0,,,False,True,False,False,False,1,0,0,1
LOC002547,35.2409598979572,128.621709976648,4812152000.0,팔룡동,의창구,경상남도 창원시 의창구 차룡단지로 89 (팔용동),3,2,1,0,25.0,5943.31,True,False,False,False,False,2,2,0,1
LOC002548,35.240972165279,128.623261762642,4812152000.0,팔룡동,의창구,경상남도 창원시 의창구 차룡단지로 109(팔용동),2,2,0,0,8.0,2529.1,False,False,False,False,False,2,2,0,0
LOC002549,35.240980451464,128.50647215545,4812725000.0,내서읍,마산회원구,경상남도 창원시 마산회원구 내서읍 광려천남로 139-1,1,1,0,0,,,False,False,False,False,False,1,1,0,0
LOC002550,35.2410394920702,128.648439480916,4812153000.0,명곡동,의창구,경상남도 창원시 의창구 창이대로95번길 14 (명서동),1,0,1,0,,,False,True,False,False,False,1,0,0,1
LOC002551,35.2410734660975,128.648347014855,4812153000.0,명곡동,의창구,경상남도 창원시 의창구 창이대로95번길 16 한국타이어 (명서동),1,0,1,0,,,False,True,False,False,False,1,0,0,1
LOC002552,35.2410868559631,128.508211129125,4812725000.0,내서읍,마산회원구,경상남도 창원시 마산회원구 내서읍 중리공단로1길 25,1,0,1,0,,,True,False,False,False,False,1,0,0,1
LOC002553,35.2410902517966,128.506694223271,4812725000.0,내서읍,마산회원구,경상남도 창원시 마산회원구 내서읍 광려천남로 137-2 (원인공업사),1,1,0,0,,,False,False,False,False,False,1,1,0,0
LOC002554,35.2411044208283,128.624614804327,4812152000.0,팔룡동,의창구,경상남도 창원시 의창구 차룡단지로 113 (팔용동),3,2,1,0,16.0,1854.1,False,True,False,False,False,2,2,0,1
LOC002555,35.2411225696563,128.509351192525,4812725000.0,내서읍,마산회원구,경상남도 창원시 마산회원구 내서읍 중리공단로 109,1,0,1,0,,,False,True,False,False,False,1,0,0,1
LOC002556,35.2411446259785,128.507690393895,4812725000.0,내서읍,마산회원구,경상남도 창원시 마산회원구 내서읍 중리공단로1길 31,1,0,1,0,,,False,True,False,False,False,1,0,0,1
LOC002557,35.2411544782794,128.631390569763,4812152000.0,팔룡동,의창구,"경상남도 창원시 의창구 차룡로48번길 44, 1동 7층 F706호 (팔용동)",102,102,0,0,45.0,1539.08,False,False,False,False,False,102,102,0,0
LOC002558,35.2412129689992,128.634582490165,4812152000.0,팔룡동,의창구,경상남도 창원시 의창구 사화로 306 (팔용동),1,0,1,0,,,False,True,False,False,False,1,0,0,1
LOC002559,35.2412278718956,128.633992886364,4812152000.0,팔룡동,의창구,경상남도 창원시 의창구 차룡로48번길 61 (팔용동 동진생명 연구원),3,0,2,1,,,True,True,False,False,False,2,0,1,2
LOC002560,35.2412372875481,128.619651604059,4812152000.0,팔룡동,의창구,경상남도 창원시 의창구 차룡단지로 75-1 (팔용동),1,1,0,0,23.0,808.65,False,False,False,False,False,1,1,0,0
LOC002561,35.241246225529,128.624034320187,4812152000.0,팔룡동,의창구,경상남도 창원시 의창구 차룡단지로 111 (팔용동),2,1,1,0,21.0,2040.34,False,True,False,False,False,1,1,0,1
LOC002562,35.2412592403169,128.509535643299,4812725000.0,내서읍,마산회원구,경상남도 창원시 마산회원구 내서읍 중리공단로 111,1,0,1,0,,,True,False,False,False,False,1,0,0,1
LOC002563,35.241261934156,128.634346852574,4812152000.0,팔룡동,의창구,경상남도 창원시 의창구 사화로 302 (팔용동),1,0,1,0,,,False,True,False,False,False,1,0,0,1
LOC002564,35.2412630229858,128.623286234771,4812152000.0,팔룡동,의창구,경상남도 창원시 의창구 차룡단지로 97 (팔용동),4,1,2,1,122.0,8323.96,True,True,False,False,False,2,1,1,1
LOC002565,35.2413261195646,128.509672332762,4812725000.0,내서읍,마산회원구,경상남도 창원시 마산회원구 내서읍 중리공단로 113,1,0,1,0,,,True,False,False,False,False,1,0,0,1
LOC002566,35.2413295940954,128.509104781976,4812725000.0,내서읍,마산회원구,경상남도 창원시 마산회원구 내서읍 중리공단로1길 10,1,1,0,0,,,False,False,False,False,False,1,1,0,0
LOC002567,35.2413634204679,128.535763615805,4812725000.0,내서읍,마산회원구,경상남도 창원시 마산회원구 내서읍 중리 3-2,1,0,1,0,,,False,False,True,False,False,1,0,0,1
LOC002568,35.2413875936294,128.620662595621,4812152000.0,팔룡동,의창구,경상남도 창원시 의창구 차룡단지로 75-2 (팔용동),3,2,1,0,22.0,1275.8,False,True,False,False,False,3,2,0,1
LOC002569,35.2414003678201,128.619991324208,4812152000.0,팔룡동,의창구,경상남도 창원시 의창구 차룡단지로 75-5(팔용동),2,2,0,0,16.0,992.0,False,False,False,False,False,2,2,0,0
LOC002570,35.241413016014,128.506576059268,4812725000.0,내서읍,마산회원구,경상남도 창원시 마산회원구 내서읍 광려천남로 135 (창산산업가스(주)),1,1,0,0,,,False,False,False,False,False,1,1,0,0
LOC002571,35.2414237772444,128.62606682729,4812152000.0,팔룡동,의창구,경상남도 창원시 의창구 차룡로 16 (팔용동),2,1,0,1,38.0,3642.73,False,False,False,False,False,1,1,1,0
LOC002572,35.2414286098684,128.618716063564,4812152000.0,팔룡동,의창구,"경상남도 창원시 의창구 차룡단지로 63(팔용동, 공단열처리)",2,2,0,0,3.0,260.4,False,False,False,False,False,2,2,0,0
LOC002573,35.241457488752,128.64937783554,4812153000.0,명곡동,의창구,경상남도 창원시 의창구 창이대로103번길 4 (명서동),1,0,1,0,,,False,True,False,False,False,1,0,0,1
LOC002574,35.2415178933581,128.619209866362,4812152000.0,팔룡동,의창구,경상남도 창원시 의창구 차룡단지로 65 (팔용동),1,1,0,0,12.0,823.0,False,False,False,False,False,1,1,0,0
LOC002575,35.2415218424976,128.507563684431,4812725000.0,내서읍,마산회원구,경상남도 창원시 마산회원구 내서읍 중리공단로1길 37 (로드프리자전거),1,1,0,0,,,False,False,False,False,False,1,1,0,0
LOC002576,35.2415222049394,128.618517113962,4812152000.0,팔룡동,의창구,"경상남도 창원시 의창구 죽전로 2 (팔용동, 신서공업)",1,1,0,0,8.0,312.62,False,False,False,False,False,1,1,0,0
LOC002577,35.2415478979606,128.619573964092,4812152000.0,팔룡동,의창구,경상남도 창원시 의창구 차룡단지로 67 (팔용동),12,12,0,0,60.0,2149.56,False,False,False,False,False,12,12,0,0
LOC002578,35.2415562646867,128.507419423848,4812725000.0,내서읍,마산회원구,경상남도 창원시 마산회원구 내서읍 중리공단로1길 41,1,0,1,0,,,True,False,False,False,False,1,0,0,1
LOC002579,35.2415594992332,128.538001189409,4812755000.0,회성동,마산회원구,"경상남도 창원시 마산회원구 마재고개길 2-18 (두척동, 주택) 외 1필지",2,1,1,0,,,False,False,True,False,False,1,1,0,1
LOC002580,35.2415839072987,128.625155834464,4812152000.0,팔룡동,의창구,경상남도 창원시 의창구 차룡로 7 (팔용동),3,2,1,0,2.0,279.5,True,False,False,False,False,2,2,0,1
LOC002581,35.2415929581761,128.617977497255,4812152000.0,팔룡동,의창구,경상남도 창원시 의창구 죽전로 1 (팔용동),2,2,0,0,56.0,3008.0,False,False,False,False,False,2,2,0,0
LOC002582,35.2415956772284,128.618751241416,4812152000.0,팔룡동,의창구,경상남도 창원시 의창구 죽전로 6 (팔용동),2,2,0,0,14.0,555.4,False,False,False,False,False,2,2,0,0
LOC002583,35.2416364222903,128.62682103448,4812152000.0,팔룡동,의창구,경상남도 창원시 의창구 차룡로 20 (팔용동),3,1,2,0,14.0,3020.0,True,True,False,False,False,2,1,0,1
LOC002584,35.2416644046001,128.620228584714,4812152000.0,팔룡동,의창구,경상남도 창원시 의창구 차룡단지로 75-13 (팔용동),3,3,0,0,3.0,595.05,False,False,False,False,False,3,3,0,0
LOC002585,35.2416704670474,128.510641369606,4812725000.0,내서읍,마산회원구,경상남도 창원시 마산회원구 내서읍 중리공단로 122 (대양유압),1,1,0,0,,,False,False,False,False,False,1,1,0,0
LOC002586,35.2416775116007,128.649329013492,4812153000.0,명곡동,의창구,경상남도 창원시 의창구 창이대로107번길 11 (명서동),1,0,1,0,,,False,True,False,False,False,1,0,0,1
LOC002587,35.2416990898366,128.624511102482,4812152000.0,팔룡동,의창구,경상남도 창원시 의창구 죽전로40번길 42 (팔용동),2,2,0,0,18.0,2519.2,False,False,False,False,False,2,2,0,0
LOC002588,35.2417471428122,128.61748655347,4812152000.0,팔룡동,의창구,경상남도 창원시 의창구 차룡단지로 49 (팔용동),1,1,0,0,74.0,1941.0,False,False,False,False,False,1,1,0,0
LOC002589,35.2417492110755,128.62254211796,4812152000.0,팔룡동,의창구,경상남도 창원시 의창구 창원대로204번길 27 (팔용동),2,2,0,0,36.0,5859.62,False,False,False,False,False,2,2,0,0
LOC002590,35.2417596084676,128.61888610322,4812152000.0,팔룡동,의창구,경상남도 창원시 의창구 죽전로 6-1 (팔용동),1,1,0,0,13.0,441.0,False,False,False,False,False,1,1,0,0
LOC002591,35.2417783429086,128.621067928024,4812152000.0,팔룡동,의창구,경상남도 창원시 의창구 차룡단지로 75-20 (팔용동),1,1,0,0,12.0,756.8,False,False,False,False,False,1,1,0,0
LOC002592,35.2417911694141,128.507235261268,4812725000.0,내서읍,마산회원구,경상남도 창원시 마산회원구 내서읍 광려천남로 125,4,1,2,1,,,True,True,False,True,False,1,1,1,1
LOC002593,35.2419504689254,128.508178786077,4812725000.0,내서읍,마산회원구,경상남도 창원시 마산회원구 내서읍 중리공단로1길 34 (상석기계),1,1,0,0,,,False,False,False,False,False,1,1,0,0
LOC002594,35.2419550744824,128.619223611848,4812152000.0,팔룡동,의창구,경상남도 창원시 의창구 죽전로 10(팔용동),3,2,0,1,30.0,1575.9,False,False,False,False,False,2,2,1,0
LOC002595,35.2419600923055,128.620316417636,4812152000.0,팔룡동,의창구,"경상남도 창원시 의창구 차룡단지로 75-19 (팔용동, (주)제이오하이테크)",3,3,0,0,30.0,2784.0,False,False,False,False,False,3,3,0,0
LOC002596,35.2419755985477,128.618356402029,4812152000.0,팔룡동,의창구,경상남도 창원시 의창구 죽전로 7 (팔용동),1,1,0,0,50.0,1552.54,False,False,False,False,False,1,1,0,0
LOC002597,35.2420066575606,128.507719864331,4812725000.0,내서읍,마산회원구,경상남도 창원시 마산회원구 내서읍 중리공단로1길 46,1,0,1,0,,,False,True,False,False,False,1,0,0,1
LOC002598,35.2420250269709,128.537991085892,4812755000.0,회성동,마산회원구,"경상남도 창원시 마산회원구 마재고개길 14 (두척동, 디엠테크놀러지)",2,1,1,0,,,False,True,False,False,False,2,1,0,1
LOC002599,35.2420368888367,128.623972531285,4812152000.0,팔룡동,의창구,"경상남도 창원시 의창구 죽전로40번길 38 (팔용동, 계산산업)",1,1,0,0,19.0,984.96,False,False,False,False,False,1,1,0,0
LOC002600,35.2420456525335,128.622808814872,4812152000.0,팔룡동,의창구,"경상남도 창원시 의창구 창원대로204번길 25 (팔용동, (주)영진테크)",4,3,1,0,30.0,6036.8,False,True,False,False,False,3,3,0,1
LOC002601,35.2420782863745,128.625554139892,4812152000.0,팔룡동,의창구,경상남도 창원시 의창구 차룡로 21 (팔용동),4,1,2,1,42.0,3933.47,True,True,False,False,False,2,1,1,1
LOC002602,35.2421050464875,128.53182492453,4812725000.0,내서읍,마산회원구,경상남도 창원시 마산회원구 내서읍 윗구슬길 2-49,1,1,0,0,,,False,False,False,False,False,1,1,0,0
LOC002603,35.2421205970842,128.64914058222,4812153000.0,명곡동,의창구,경상남도 창원시 의창구 창이대로107번길 16 (명서동),1,0,1,0,,,False,True,False,False,False,1,0,0,1
LOC002604,35.2421540228401,128.616726321904,4812152000.0,팔룡동,의창구,경상남도 창원시 의창구 차룡단지로 43 (팔용동),1,1,0,0,6.0,1614.25,False,False,False,False,False,1,1,0,0
LOC002605,35.2422005856327,128.621698760745,4812152000.0,팔룡동,의창구,경상남도 창원시 의창구 창원대로204번길 30 (팔용동),4,3,1,0,60.0,1485.3000000000002,False,True,False,False,False,3,3,0,1
LOC002606,35.2422187432227,128.510846642166,4812725000.0,내서읍,마산회원구,경상남도 창원시 마산회원구 내서읍 중리공단로 126,2,0,1,1,,,True,False,False,False,False,1,0,1,1
LOC002607,35.2422406217095,128.508515152943,4812725000.0,내서읍,마산회원구,경상남도 창원시 마산회원구 내서읍 중리공단로1길 30-2 (이두정공성일ENG),1,1,0,0,,,False,False,False,False,False,1,1,0,0
LOC002608,35.2422766826841,128.553628912493,4812755000.0,회성동,마산회원구,경상남도 창원시 마산회원구 송평로 124-1(두척동),1,1,0,0,,,False,False,False,False,False,1,1,0,0
LOC002609,35.2423196458688,128.633950527939,4812152000.0,팔룡동,의창구,경상남도 창원시 의창구 사화로 286 (팔용동),1,0,1,0,,,False,True,False,False,False,1,0,0,1
LOC002610,35.2423673325248,128.509317686199,4812725000.0,내서읍,마산회원구,"경상남도 창원시 마산회원구 내서읍 중리공단로2길 13-4, 주식회사 이현",1,1,0,0,,,False,False,False,False,False,1,1,0,0
LOC002611,35.2423764414083,128.623914269264,4812152000.0,팔룡동,의창구,"경상남도 창원시 의창구 죽전로40번길 36 (팔용동, 서진정밀 2공장)",3,1,1,1,38.0,1841.2,True,False,False,False,False,1,1,1,1
LOC002612,35.242404905741,128.510026290505,4812725000.0,내서읍,마산회원구,경상남도 창원시 마산회원구 내서읍 중리공단로 125 (동건H.S),1,1,0,0,,,False,False,False,False,False,1,1,0,0
LOC002613,35.2424269471429,128.509588815597,4812725000.0,내서읍,마산회원구,경상남도 창원시 마산회원구 내서읍 중리공단로2길 13-3,1,1,0,0,,,False,False,False,False,False,1,1,0,0
LOC002614,35.2424340064335,128.509022861524,4812725000.0,내서읍,마산회원구,경상남도 창원시 마산회원구 내서읍 중리공단로1길 30-3,1,0,0,1,,,False,False,False,True,False,1,0,1,0
LOC002615,35.2424362554636,128.531098311421,4812725000.0,내서읍,마산회원구,경상남도 창원시 마산회원구 내서읍 윗구슬길 2-50,2,2,0,0,,,False,False,False,False,False,2,2,0,0
LOC002616,35.242514463044,128.509805095484,4812725000.0,내서읍,마산회원구,경상남도 창원시 마산회원구 내서읍 중리공단로2길 13-2,1,0,1,0,,,False,True,False,False,False,1,0,0,1
LOC002617,35.2425447681707,128.617712765388,4812152000.0,팔룡동,의창구,경상남도 창원시 의창구 평산로8번길 48 (팔용동),3,1,0,2,3.0,198.34,False,False,False,False,False,3,1,2,0
LOC002618,35.2425638262821,128.616704906862,4812152000.0,팔룡동,의창구,경상남도 창원시 의창구 차룡단지로 37 (팔용동),3,3,0,0,36.0,2711.46,False,False,False,False,False,3,3,0,0
LOC002619,35.2426107351347,128.624735153652,4812152000.0,팔룡동,의창구,경상남도 창원시 의창구 죽전로40번길 45 (팔용동),5,5,0,0,132.0,4181.74,False,False,False,False,False,5,5,0,0
LOC002620,35.2426264457225,128.624209378033,4812152000.0,팔룡동,의창구,경상남도 창원시 의창구 죽전로40번길 39 (팔용동),3,3,0,0,9.0,874.87,False,False,False,False,False,3,3,0,0
LOC002621,35.2426375555588,128.592243639273,4812759000.0,합성2동,마산회원구,경상남도 창원시 마산회원구 합성동 50 삼성창원병원,1,0,1,0,,,True,False,False,False,False,1,0,0,1
LOC002622,35.2426951845353,128.619417169585,4812152000.0,팔룡동,의창구,경상남도 창원시 의창구 죽전로 20 (팔용동),5,3,2,0,42.0,24797.910000000003,False,True,False,False,False,5,3,0,2
LOC002623,35.242736013232,128.684036316335,4812154000.0,봉림동,의창구,경상남도 창원시 의창구 사림로158번길 16-5 (사림동),1,0,1,0,,,False,True,False,False,False,1,0,0,1
LOC002624,35.2427862493327,128.617284847535,4812152000.0,팔룡동,의창구,경상남도 창원시 의창구 평산로8번길 44 (팔용동),1,1,0,0,9.0,1991.03,False,False,False,False,False,1,1,0,0
LOC002625,35.2427939509701,128.508445537104,4812725000.0,내서읍,마산회원구,경상남도 창원시 마산회원구 내서읍 중리 1125-13,1,0,1,0,,,True,False,False,False,False,1,0,0,1
LOC002626,35.2428099014071,128.510165297358,4812725000.0,내서읍,마산회원구,경상남도 창원시 마산회원구 내서읍 중리공단로 131,1,0,1,0,,,True,False,False,False,False,1,0,0,1
LOC002627,35.242826146243,128.509881840736,4812725000.0,내서읍,마산회원구,경상남도 창원시 마산회원구 내서읍 중리공단로2길 13,2,1,1,0,,,False,True,False,False,False,1,1,0,1
LOC002628,35.2428272634626,128.621425619911,4812152000.0,팔룡동,의창구,"경상남도 창원시 의창구 창원대로204번길 24 (팔용동, (주)경남스틸)",1,1,0,0,17.0,2082.2,False,False,False,False,False,1,1,0,0
LOC002629,35.2428292182752,128.616274604206,4812152000.0,팔룡동,의창구,"경상남도 창원시 의창구 차룡단지로 35 (팔용동, 부산정밀)",2,1,1,0,28.0,1080.0,False,True,False,False,False,1,1,0,1
LOC002630,35.2428350488469,128.618461145023,4812152000.0,팔룡동,의창구,경상남도 창원시 의창구 죽전로 15 (팔용동),5,2,3,0,94.0,8710.1,True,True,False,False,False,3,2,0,2
LOC002631,35.2428504356933,128.509126811571,4812725000.0,내서읍,마산회원구,경상남도 창원시 마산회원구 내서읍 중리공단로2길 17-2,1,1,0,0,,,False,False,False,False,False,1,1,0,0
LOC002632,35.2428532125405,128.616805895371,4812152000.0,팔룡동,의창구,경상남도 창원시 의창구 평산로8번길 38 (팔용동),2,1,1,0,0.0,425.0,False,True,False,False,False,1,1,0,1
LOC002633,35.2428576390837,128.509430806702,4812725000.0,내서읍,마산회원구,경상남도 창원시 마산회원구 내서읍 중리공단로2길 17-1 (태영정밀),1,1,0,0,,,False,False,False,False,False,1,1,0,0
LOC002634,35.2429618533061,128.624620989809,4812152000.0,팔룡동,의창구,경상남도 창원시 의창구 죽전로40번길 37 (팔용동),4,4,0,0,35.0,1225.6,False,False,False,False,False,4,4,0,0
LOC002635,35.2429650946624,128.615770653192,4812152000.0,팔룡동,의창구,경상남도 창원시 의창구 차룡단지로 27 (팔용동),1,1,0,0,6.0,1144.16,False,False,False,False,False,1,1,0,0
LOC002636,35.242986660372,128.683160588305,4812154000.0,봉림동,의창구,경상남도 창원시 의창구 사림로158번길 24 (사림동),1,0,1,0,,,False,True,False,False,False,1,0,0,1
LOC002637,35.2429963860914,128.591965801829,4812759000.0,합성2동,마산회원구,경상남도 창원시 마산회원구 팔용로 158 (합성동),3,0,1,2,,,False,True,False,True,True,1,0,1,1
LOC002638,35.2430194564458,128.624217106669,4812152000.0,팔룡동,의창구,경상남도 창원시 의창구 죽전로40번길 33 (팔용동),4,2,2,0,8.0,500.0,True,True,False,False,False,2,2,0,1
LOC002639,35.2431562036937,128.618740516054,4812152000.0,팔룡동,의창구,경상남도 창원시 의창구 죽전로 19 (팔용동),1,1,0,0,9.0,1867.57,False,False,False,False,False,1,1,0,0
LOC002640,35.243159372202,128.509553835717,4812725000.0,내서읍,마산회원구,경상남도 창원시 마산회원구 내서읍 중리공단로2길 17,2,1,0,1,,,False,False,False,False,False,2,1,1,0
LOC002641,35.2431679813709,128.622342657498,4812152000.0,팔룡동,의창구,경상남도 창원시 의창구 창원대로204번길 20 (팔용동),4,2,2,0,101.0,3714.87,True,True,False,False,False,1,1,0,1
LOC002642,35.2431844865198,128.615376673589,4812152000.0,팔룡동,의창구,경상남도 창원시 의창구 차룡단지로 23 (팔용동),2,2,0,0,24.0,2506.0,False,False,False,False,False,2,2,0,0
LOC002643,35.2432075992104,128.508953265578,4812725000.0,내서읍,마산회원구,경상남도 창원시 마산회원구 내서읍 광려천남로 107,7,2,3,2,,,True,True,False,False,True,2,2,2,2
LOC002644,35.2432277001706,128.623675393298,4812152000.0,팔룡동,의창구,"경상남도 창원시 의창구 창원대로204번길 9, 1동 2층 2호 (팔용동)",12,11,1,0,40.0,3250.0,False,True,False,False,False,10,10,0,1
LOC002645,35.2432503618629,128.632119255482,4812152000.0,팔룡동,의창구,경상남도 창원시 의창구 사화로 272 (팔용동),1,0,1,0,,,True,False,False,False,False,1,0,0,1
LOC002646,35.2432699895972,128.620036315749,4812152000.0,팔룡동,의창구,경상남도 창원시 의창구 죽전로 28 (팔용동),3,1,2,0,43.0,4506.6,True,True,False,False,False,2,1,0,1
LOC002647,35.2433166213658,128.617857836665,4812152000.0,팔룡동,의창구,경상남도 창원시 의창구 평산로8번길 43 (팔용동),1,1,0,0,,,False,False,False,False,False,1,1,0,0
LOC002648,35.2433227213042,128.508748209097,4812725000.0,내서읍,마산회원구,경상남도 창원시 마산회원구 내서읍 광려천남로 105,1,1,0,0,,,False,False,False,False,False,1,1,0,0
LOC002649,35.2433341328309,128.64790062653,4812153000.0,명곡동,의창구,경상남도 창원시 의창구 창이대로113번길 28 (명서동),1,0,0,1,,,False,False,False,False,False,1,0,1,0
LOC002650,35.2433361376841,128.510064100605,4812725000.0,내서읍,마산회원구,경상남도 창원시 마산회원구 내서읍 중리공단로2길 14 (장성사),2,1,1,0,,,True,False,False,False,False,1,1,0,1
LOC002651,35.2433378070223,128.632845388314,4812152000.0,팔룡동,의창구,경상남도 창원시 의창구 사화로 276 (팔용동),1,0,1,0,,,True,False,False,False,False,1,0,0,1
LOC002652,35.2433807519611,128.61891844025,4812152000.0,팔룡동,의창구,경상남도 창원시 의창구 죽전로 21 (팔용동),3,1,1,1,28.0,1664.29,False,True,False,False,True,1,1,1,1
LOC002653,35.2434188113405,128.585828751518,4812758000.0,합성1동,마산회원구,"경상남도 창원시 마산회원구 3·15대로 807-1 (합성동, 주택)",1,1,0,0,,,False,False,False,False,False,1,1,0,0
LOC002654,35.2434334058614,128.683794449954,4812154000.0,봉림동,의창구,경상남도 창원시 의창구 사림로158번길 20-17 (사림동),1,0,1,0,,,False,True,False,False,False,1,0,0,1
LOC002655,35.2434665531498,128.683944646184,4812154000.0,봉림동,의창구,경상남도 창원시 의창구 사림로158번길 20-21 (사림동),1,0,1,0,,,False,True,False,False,False,1,0,0,1
LOC002656,35.2434699994415,128.616570747812,4812152000.0,팔룡동,의창구,경상남도 창원시 의창구 평산로8번길 32 (팔용동),1,1,0,0,26.0,942.48,False,False,False,False,False,1,1,0,0
LOC002657,35.2434984931236,128.614916128582,4812152000.0,팔룡동,의창구,경상남도 창원시 의창구 차룡단지로 19 (팔용동),2,2,0,0,48.0,4283.92,False,False,False,False,False,2,2,0,0
LOC002658,35.2435499422104,128.509108135447,4812725000.0,내서읍,마산회원구,경상남도 창원시 마산회원구 내서읍 중리공단로2길 29,3,1,2,0,,,True,True,False,False,False,1,1,0,1
LOC002659,35.2435626805423,128.510867839958,4812725000.0,내서읍,마산회원구,경상남도 창원시 마산회원구 내서읍 중리 1123-12번지,1,1,0,0,,,False,False,False,False,False,1,1,0,0
LOC002660,35.2435680446718,128.510438179216,4812725000.0,내서읍,마산회원구,경상남도 창원시 마산회원구 내서읍 중리공단로2길 14-1,2,2,0,0,,,False,False,False,False,False,2,2,0,0
LOC002661,35.2435824885283,128.617034921427,4812152000.0,팔룡동,의창구,"경상남도 창원시 의창구 평산로8번길 33 (팔용동, (주)동서기전)",1,1,0,0,12.0,1136.85,False,False,False,False,False,1,1,0,0
LOC002662,35.2435922648081,128.627397076759,4812152000.0,팔룡동,의창구,"경상남도 창원시 의창구 차룡로 41, (팔용동)",3,3,0,0,8.0,593.85,False,False,False,False,False,3,3,0,0
LOC002663,35.243610414155,128.528194794378,4812725000.0,내서읍,마산회원구,경상남도 창원시 마산회원구 내서읍 함마대로 2910,1,0,1,0,,,False,True,False,False,False,1,0,0,1
LOC002664,35.243618864861,128.619732586134,4812152000.0,팔룡동,의창구,경상남도 창원시 의창구 죽전로 27 (팔용동),2,0,2,0,,,True,True,False,False,False,1,0,0,1
LOC002665,35.2436205627382,128.620931577958,4812152000.0,팔룡동,의창구,경상남도 창원시 의창구 죽전로40번길 8 (팔용동),1,1,0,0,,,False,False,False,False,False,1,1,0,0
LOC002666,35.2436296776814,128.684306912088,4812154000.0,봉림동,의창구,경상남도 창원시 의창구 사림로130번길 10-10 (사림동),1,0,1,0,,,False,True,False,False,False,1,0,0,1
LOC002667,35.2436547884392,128.500038295638,4812725000.0,내서읍,마산회원구,경상남도 창원시 마산회원구 내서읍 상곡로 49 (상곡주공아파트1단지),1,0,1,0,,,True,False,False,False,False,1,0,0,1
LOC002668,35.243723562826,128.5098200413,4812725000.0,내서읍,마산회원구,경상남도 창원시 마산회원구 내서읍 중리공단로2길 18-1 (태광공업),1,1,0,0,,,False,False,False,False,False,1,1,0,0
LOC002669,35.2437262562657,128.527628349252,4812725000.0,내서읍,마산회원구,경상남도 창원시 마산회원구 내서읍 함마대로 2908,1,0,1,0,,,False,True,False,False,False,1,0,0,1
LOC002670,35.243730070917,128.626665888962,4812152000.0,팔룡동,의창구,경상남도 창원시 의창구 차룡로 37 (팔용동),1,1,0,0,17.0,3614.83,False,False,False,False,False,1,1,0,0
LOC002671,35.2437458018466,128.615988497051,4812152000.0,팔룡동,의창구,경상남도 창원시 의창구 평산로8번길 26 (팔용동),2,1,1,0,5.0,2734.71,False,True,False,False,False,1,1,0,1
LOC002672,35.2437550959798,128.617619812973,4812152000.0,팔룡동,의창구,경상남도 창원시 의창구 평산로8번길 37-16 (팔용동),2,1,1,0,15.0,3136.36,True,False,False,False,False,1,1,0,1
LOC002673,35.2437784153896,128.527287452978,4812725000.0,내서읍,마산회원구,경상남도 창원시 마산회원구 내서읍 함마대로 2904-2,1,1,0,0,,,False,False,False,False,False,1,1,0,0
LOC002674,35.2438037706225,128.616776321731,4812152000.0,팔룡동,의창구,"경상남도 창원시 의창구 평산로8번길 31 (팔용동, (주)동서기전)",1,1,0,0,7.0,754.0,False,False,False,False,False,1,1,0,0
LOC002675,35.2438137423199,128.511158456269,4812725000.0,내서읍,마산회원구,경상남도 창원시 마산회원구 내서읍 중리공단로 143,1,0,1,0,,,True,False,False,False,False,1,0,0,1
LOC002676,35.243863995545,128.620365505126,4812152000.0,팔룡동,의창구,경상남도 창원시 의창구 죽전로 36 (팔용동),2,1,0,1,21.0,1399.2,False,False,False,False,False,2,1,1,0
LOC002677,35.2438947196867,128.622531586189,4812152000.0,팔룡동,의창구,경상남도 창원시 의창구 창원대로204번길 6 (팔용동),2,1,0,1,16.0,6055.76,False,False,False,False,False,1,1,1,0
LOC002678,35.2438962410918,128.615473733416,4812152000.0,팔룡동,의창구,경상남도 창원시 의창구 평산로8번길 22 (팔용동),2,2,0,0,4.0,264.0,False,False,False,False,False,2,2,0,0
LOC002679,35.2439091767646,128.616570018576,4812152000.0,팔룡동,의창구,경상남도 창원시 의창구 평산로8번길 29 (팔용동),1,1,0,0,7.0,741.87,False,False,False,False,False,1,1,0,0
LOC002680,35.2439906085635,128.615088254491,4812152000.0,팔룡동,의창구,경상남도 창원시 의창구 평산로8번길 18(팔용동),4,4,0,0,44.0,433.8,False,False,False,False,False,4,4,0,0
LOC002681,35.244031913182,128.615983848352,4812152000.0,팔룡동,의창구,경상남도 창원시 의창구 평산로8번길 21(팔용동),3,2,1,0,58.0,4853.24,False,True,False,False,False,2,2,0,1
LOC002682,35.2440325421536,128.510265090169,4812725000.0,내서읍,마산회원구,경상남도 창원시 마산회원구 내서읍 중리공단로3길 19-5,1,1,0,0,,,False,False,False,False,False,1,1,0,0
LOC002683,35.24405138602,128.510675977392,4812725000.0,내서읍,마산회원구,경상남도 창원시 마산회원구 내서읍 중리 1123-4번지,1,1,0,0,,,False,False,False,False,False,1,1,0,0
LOC002684,35.244052514779,128.619249278028,4812152000.0,팔룡동,의창구,경상남도 창원시 의창구 죽전로 31 (팔용동),4,3,1,0,3.0,1188.0,False,True,False,False,False,4,3,0,1
LOC002685,35.2440636446953,128.6251210624,4812152000.0,팔룡동,의창구,경상남도 창원시 의창구 죽전로68번길 42 (팔용동),2,1,1,0,29.0,3936.84,False,True,False,False,False,1,1,0,1
LOC002686,35.2440964360679,128.617002832594,4812152000.0,팔룡동,의창구,경상남도 창원시 의창구 평산로8번길 37-11 (팔용동),6,4,2,0,42.0,1640.58,True,True,False,False,False,4,3,0,1
LOC002687,35.2441244692495,128.617905854535,4812152000.0,팔룡동,의창구,"경상남도 창원시 의창구 평산로8번길 37-24 (팔용동, (주)신광테크)",4,2,2,0,130.0,11122.62,True,True,False,False,False,2,2,0,1
LOC002688,35.2441450996827,128.631490908166,4812152000.0,팔룡동,의창구,"경상남도 창원시 의창구 사화로 262, 영남중기 (팔용동)",1,0,0,1,,,False,False,False,False,True,1,0,1,0
LOC002689,35.2441478356061,128.630358571752,4812152000.0,팔룡동,의창구,경상남도 창원시 의창구 사화로 250-3 (팔용동),1,0,1,0,,,False,True,False,False,False,1,0,0,1
LOC002690,35.2441679702133,128.614061653454,4812152000.0,팔룡동,의창구,경상남도 창원시 의창구 평산로8번길 8 (팔용동),1,1,0,0,54.0,2341.01,False,False,False,False,False,1,1,0,0
LOC002691,35.2442132436235,128.614484837145,4812152000.0,팔룡동,의창구,경상남도 창원시 의창구 평산로8번길 14(팔용동),2,2,0,0,33.0,2709.5,False,False,False,False,False,2,2,0,0
LOC002692,35.244230735925,128.65178853469,4812154000.0,봉림동,의창구,경상남도 창원시 의창구 원이대로279번길 19 (봉곡동),1,0,1,0,,,False,True,False,False,False,1,0,0,1
LOC002693,35.2442586657078,128.630507228399,4812152000.0,팔룡동,의창구,경상남도 창원시 의창구 사화로 250-2 (팔용동),1,0,1,0,,,True,False,False,False,False,1,0,0,1
LOC002694,35.2442828323455,128.627018143019,4812152000.0,팔룡동,의창구,경상남도 창원시 의창구 죽전로68번길 47 (팔용동),1,1,0,0,,,False,False,False,False,False,1,1,0,0
LOC002695,35.2442831280924,128.588985942338,4812759000.0,합성2동,마산회원구,경상남도 창원시 마산회원구 합성옛길 314 (합성동),1,0,0,1,,,False,False,False,True,False,1,0,1,0
LOC002696,35.2442879027075,128.626151591605,4812152000.0,팔룡동,의창구,경상남도 창원시 의창구 죽전로68번길 43 (팔용동),2,2,0,0,110.0,734.16,False,False,False,False,False,2,2,0,0
LOC002697,35.2442959511037,128.618864239799,4812152000.0,팔룡동,의창구,경상남도 창원시 의창구 평산로8번길 37-36 (팔용동),3,1,1,1,49.0,5066.01,True,False,False,False,False,1,1,1,1
LOC002698,35.2443105918962,128.619871251267,4812152000.0,팔룡동,의창구,"경상남도 창원시 의창구 죽전로 37 (팔용동, (주)서진테크)",1,1,0,0,54.0,2181.3,False,False,False,False,False,1,1,0,0
LOC002699,35.2443167634352,128.510375824888,4812725000.0,내서읍,마산회원구,경상남도 창원시 마산회원구 내서읍 중리공단로3길 19-4,2,2,0,0,,,False,False,False,False,False,2,2,0,0
LOC002700,35.2443296889641,128.509332743581,4812725000.0,내서읍,마산회원구,경상남도 창원시 마산회원구 내서읍 광려천남로 93 (그린식당),1,1,0,0,,,False,False,False,False,False,1,1,0,0
LOC002701,35.2443301605019,128.510674337696,4812725000.0,내서읍,마산회원구,"경상남도 창원시 마산회원구 내서읍 중리공단로3길 17-2, B동 (내서읍, 진양전기)",1,1,0,0,,,False,False,False,False,False,1,1,0,0
LOC002702,35.2443320763367,128.622162505846,4812152000.0,팔룡동,의창구,경상남도 창원시 의창구 죽전로40번길 11 (팔용동),3,1,2,0,52.0,4975.24,True,True,False,False,False,1,1,0,1
LOC002703,35.2443328262038,128.617191755274,4812152000.0,팔룡동,의창구,경상남도 창원시 의창구 평산로8번길 37-19 (팔용동),2,1,1,0,6.0,3066.25,False,True,False,False,False,1,1,0,1
LOC002704,35.2444166100485,128.511632475495,4812725000.0,내서읍,마산회원구,경상남도 창원시 마산회원구 내서읍 중리공단로 149 (현대자동차서비스),2,1,1,0,,,True,False,False,False,False,1,1,0,1
LOC002705,35.2444347411523,128.510736370137,4812725000.0,내서읍,마산회원구,경상남도 창원시 마산회원구 내서읍 중리공단로3길 17-1,1,0,1,0,,,True,False,False,False,False,1,0,0,1
LOC002706,35.2444787676863,128.629789771564,4812152000.0,팔룡동,의창구,경상남도 창원시 의창구 사화로 250-4 1동 (팔용동),1,0,1,0,,,True,False,False,False,False,1,0,0,1
LOC002707,35.2445128329111,128.627781404944,4812152000.0,팔룡동,의창구,경상남도 창원시 의창구 차룡로 49 (팔용동),2,1,1,0,18.0,1506.98,False,True,False,False,False,1,1,0,1
LOC002708,35.2445402544198,128.625969875482,4812152000.0,팔룡동,의창구,경상남도 창원시 의창구 죽전로74번길 38 (팔용동),1,1,0,0,5.0,1998.25,False,False,False,False,False,1,1,0,0
LOC002709,35.2445505302684,128.621241538133,4812152000.0,팔룡동,의창구,경상남도 창원시 의창구 죽전로 44 (팔용동),4,2,2,0,0.0,3579.0,True,True,False,False,False,2,2,0,1
LOC002710,35.2445586282368,128.615069749364,4812152000.0,팔룡동,의창구,경상남도 창원시 의창구 평산로8번길 17 (팔용동),1,1,0,0,54.0,3851.04,False,False,False,False,False,1,1,0,0
LOC002711,35.2445765716649,128.629982219661,4812152000.0,팔룡동,의창구,경상남도 창원시 의창구 사화로 250-5 (팔용동),1,0,1,0,,,True,False,False,False,False,1,0,0,1
LOC002712,35.2445933346973,128.509713016008,4812725000.0,내서읍,마산회원구,경상남도 창원시 마산회원구 내서읍 광려천남로 89 (내서읍),2,1,1,0,,,True,False,False,False,False,2,1,0,1
LOC002713,35.2446056471799,128.627239581697,4812152000.0,팔룡동,의창구,경상남도 창원시 의창구 죽전로74번길 47 (팔용동),1,1,0,0,16.0,883.2,False,False,False,False,False,1,1,0,0
LOC002714,35.2446417571529,128.627456170929,4812152000.0,팔룡동,의창구,경상남도 창원시 의창구 죽전로74번길 49 (팔용동),2,2,0,0,2.0,66.0,False,False,False,False,False,2,2,0,0
LOC002715,35.2446715663525,128.650735389988,4812154000.0,봉림동,의창구,경상남도 창원시 의창구 지귀로24번길 10 (봉곡동),1,0,1,0,,,False,True,False,False,False,1,0,0,1
LOC002716,35.2446928950772,128.599596124773,4812759000.0,합성2동,마산회원구,"경상남도 창원시 마산회원구 팔용로 262, 제3호관 5층 3510호(합성동, 창신대학교)",2,1,1,0,,,True,False,False,False,False,2,1,0,1
LOC002717,35.2447239691906,128.630828097954,4812152000.0,팔룡동,의창구,경상남도 창원시 의창구 사화로 252 (팔용동),1,0,1,0,,,False,True,False,False,False,1,0,0,1
LOC002718,35.2447314660127,128.617567252375,4812152000.0,팔룡동,의창구,경상남도 창원시 의창구 평산로8번길 37-27 (팔용동) 외 1필지,2,2,0,0,56.0,3225.26,False,False,False,False,False,2,2,0,0
LOC002719,35.2447317185272,128.613829604993,4812152000.0,팔룡동,의창구,경상남도 창원시 의창구 평산로 6 (팔용동),1,1,0,0,1.0,99.0,False,False,False,False,False,1,1,0,0
LOC002720,35.2447583322009,128.6193721811,4812152000.0,팔룡동,의창구,"경상남도 창원시 의창구 평산로38번길 46 (팔용동, (주)창일정공)",3,2,1,0,41.0,1724.0,False,True,False,False,False,2,2,0,1
LOC002721,35.2448147382719,128.511722259841,4812725000.0,내서읍,마산회원구,경상남도 창원시 마산회원구 내서읍 중리공단로 153,2,0,2,0,,,True,True,False,False,False,1,0,0,1
LOC002722,35.2448277478969,128.617875006108,4812152000.0,팔룡동,의창구,경상남도 창원시 의창구 평산로8번길 37-39 (팔용동),2,1,0,1,29.0,4194.34,False,False,False,False,False,1,1,1,0
LOC002723,35.244844207892,128.615746199086,4812152000.0,팔룡동,의창구,"경상남도 창원시 의창구 평산로8번길 19-15(팔용동, 영창이엔지(주))",3,2,1,0,220.0,2402.1,False,True,False,False,False,2,2,0,1
LOC002724,35.2449178976654,128.630394532811,4812152000.0,팔룡동,의창구,경상남도 창원시 의창구 사화로 248 (팔용동),1,0,1,0,,,False,True,False,False,False,1,0,0,1
LOC002725,35.2449293501434,128.616213571897,4812152000.0,팔룡동,의창구,경상남도 창원시 의창구 평산로8번길 19-20 (팔용동),3,1,1,1,42.0,1353.08,False,True,False,False,False,2,1,1,1
LOC002726,35.2449312060189,128.512224938361,4812725000.0,내서읍,마산회원구,경상남도 창원시 마산회원구 내서읍 중리공단로 159,1,0,1,0,,,True,False,False,False,False,1,0,0,1
LOC002727,35.2449652740875,128.61889248676,4812152000.0,팔룡동,의창구,경상남도 창원시 의창구 평산로38번길 40 (팔용동),1,1,0,0,15.0,1532.14,False,False,False,False,False,1,1,0,0
LOC002728,35.244966751731,128.628285822796,4812152000.0,팔룡동,의창구,경상남도 창원시 의창구 차룡로 57 (팔용동),1,1,0,0,32.0,1772.0,False,False,False,False,False,1,1,0,0
LOC002729,35.2449715966,128.511156103204,4812725000.0,내서읍,마산회원구,경상남도 창원시 마산회원구 내서읍 중리공단로3길 18 (미광공업(주)),1,1,0,0,,,False,False,False,False,False,1,1,0,0
LOC002730,35.2449777637016,128.614463852027,4812152000.0,팔룡동,의창구,경상남도 창원시 의창구 평산로 14 (팔용동),1,1,0,0,8.0,2609.0,False,False,False,False,False,1,1,0,0
LOC002731,35.2449993735961,128.616908488863,4812152000.0,팔룡동,의창구,경상남도 창원시 의창구 평산로8번길 19-26 (팔용동),4,2,2,0,46.0,4560.0,True,True,False,False,False,3,2,0,1
LOC002732,35.2450146176081,128.513641139519,4812725000.0,내서읍,마산회원구,경상남도 창원시 마산회원구 내서읍 중리공단로 166,1,0,1,0,,,False,True,False,False,False,1,0,0,1
LOC002733,35.2450147906608,128.627133286992,4812152000.0,팔룡동,의창구,경상남도 창원시 의창구 죽전로74번길 43 (팔용동),2,2,0,0,20.0,1603.6,False,False,False,False,False,2,2,0,0
LOC002734,35.2450658389818,128.525215165804,4812725000.0,내서읍,마산회원구,경상남도 창원시 마산회원구 내서읍 함마대로 2878,1,0,1,0,,,False,True,False,False,False,1,0,0,1
LOC002735,35.2450657806506,128.625646294259,4812152000.0,팔룡동,의창구,"경상남도 창원시 의창구 죽전로74번길 34 (팔용동, 삼일정공(주))",2,1,1,0,29.0,2133.46,False,True,False,False,False,1,1,0,1
LOC002736,35.245071256147,128.618448024911,4812152000.0,팔룡동,의창구,경상남도 창원시 의창구 평산로8번길 37-49 (팔용동),3,2,0,1,60.0,6851.34,False,False,False,False,True,2,2,1,0
LOC002737,35.245093493967,128.626662145327,4812152000.0,팔룡동,의창구,경상남도 창원시 의창구 죽전로74번길 39 (팔용동),2,2,0,0,6.0,132.0,False,False,False,False,False,2,2,0,0
LOC002738,35.2450937467347,128.624691426646,4812152000.0,팔룡동,의창구,경상남도 창원시 의창구 죽전로68번길 21 (팔용동),3,3,0,0,24.0,5586.0,False,False,False,False,False,3,3,0,0
LOC002739,35.245100412064,128.512459443552,4812725000.0,내서읍,마산회원구,경상남도 창원시 마산회원구 내서읍 중리공단로 161,1,0,1,0,,,True,False,False,False,False,1,0,0,1
LOC002740,35.2451503895287,128.510911798829,4812725000.0,내서읍,마산회원구,경상남도 창원시 마산회원구 내서읍 중리공단로3길 20,1,0,1,0,,,True,False,False,False,False,1,0,0,1
LOC002741,35.245172104782,128.627873241504,4812152000.0,팔룡동,의창구,경상남도 창원시 의창구 죽전로82번길 49 (팔용동),1,1,0,0,14.0,1282.24,False,False,False,False,False,1,1,0,0
LOC002742,35.2451997464167,128.617364749875,4812152000.0,팔룡동,의창구,경상남도 창원시 의창구 평산로8번길 19-40 (팔용동),3,1,2,0,29.0,2287.27,True,True,False,False,False,1,1,0,1
LOC002743,35.2452147548722,128.620217271342,4812152000.0,팔룡동,의창구,경상남도 창원시 의창구 죽전로 45 (팔용동) 외 1필지,1,1,0,0,,,False,False,False,False,False,1,1,0,0
LOC002744,35.2452238159635,128.623575236631,4812152000.0,팔룡동,의창구,경상남도 창원시 의창구 죽전로68번길 18 (팔용동),2,1,0,1,244.0,3955.2,False,False,False,False,True,2,1,1,0
LOC002745,35.2452371983448,128.625095816736,4812152000.0,팔룡동,의창구,경상남도 창원시 의창구 죽전로68번길 29 (팔용동),2,2,0,0,62.0,3352.41,False,False,False,False,False,2,2,0,0
LOC002746,35.2453388586555,128.627583146484,4812152000.0,팔룡동,의창구,"경상남도 창원시 의창구 죽전로82번길 45 (팔용동, 삼광기업)",1,1,0,0,13.0,1737.45,False,False,False,False,False,1,1,0,0
LOC002747,35.2453671495515,128.626491291082,4812152000.0,팔룡동,의창구,경상남도 창원시 의창구 죽전로74번길 35 (팔용동),2,2,0,0,4.0,778.0,False,False,False,False,False,2,2,0,0
LOC002748,35.2453947483674,128.511594714407,4812725000.0,내서읍,마산회원구,경상남도 창원시 마산회원구 내서읍 중리공단로3길 18-2,4,2,2,0,,,True,False,False,False,False,3,2,0,2
LOC002749,35.2454323903569,128.626022514466,4812152000.0,팔룡동,의창구,경상남도 창원시 의창구 죽전로74번길 33 (팔용동),6,6,0,0,10.0,1325.0,False,False,False,False,False,6,6,0,0
LOC002750,35.2454325384218,128.511080175207,4812725000.0,내서읍,마산회원구,경상남도 창원시 마산회원구 내서읍 중리공단로3길 20-2,2,0,2,0,,,True,True,False,False,False,1,0,0,1
LOC002751,35.2454367679023,128.511787748402,4812725000.0,내서읍,마산회원구,경상남도 창원시 마산회원구 내서읍 중리공단로3길 18-3 ((주)헤넥스),1,1,0,0,,,False,False,False,False,False,1,1,0,0
LOC002752,35.2454695677467,128.625576356752,4812152000.0,팔룡동,의창구,경상남도 창원시 의창구 죽전로74번길 29 (팔용동),1,1,0,0,28.0,1450.4,False,False,False,False,False,1,1,0,0
LOC002753,35.24552053576,128.628521555137,4812152000.0,팔룡동,의창구,경상남도 창원시 의창구 차룡로 63 (팔용동),4,1,2,1,43.0,2360.56,True,True,False,False,True,1,1,1,1
LOC002754,35.2455375899894,128.512049547907,4812725000.0,내서읍,마산회원구,경상남도 창원시 마산회원구 내서읍 중리공단로4길 21-7,1,1,0,0,,,False,False,False,False,False,1,1,0,0
LOC002755,35.2455405631309,128.512215491042,4812725000.0,내서읍,마산회원구,경상남도 창원시 마산회원구 내서읍 중리공단로 165 (신신1급자동차정비),1,1,0,0,,,False,False,False,False,False,1,1,0,0
LOC002756,35.2455453612519,128.618901602731,4812152000.0,팔룡동,의창구,경상남도 창원시 의창구 평산로38번길 35 (팔용동),3,3,0,0,12.0,5154.78,False,False,False,False,False,3,3,0,0
LOC002757,35.2455465898447,128.511177649738,4812725000.0,내서읍,마산회원구,경상남도 창원시 마산회원구 내서읍 중리공단로3길 20-4,1,1,0,0,,,False,False,False,False,False,1,1,0,0
LOC002758,35.2455751096212,128.627539970799,4812152000.0,팔룡동,의창구,경상남도 창원시 의창구 죽전로82번길 43 (팔용동),2,1,0,1,,,False,False,False,False,False,2,1,1,0
LOC002759,35.2455758984973,128.617561725814,4812152000.0,팔룡동,의창구,"경상남도 창원시 의창구 평산로38번길 26 (팔용동, 동호산업)",2,2,0,0,2.0,332.0,False,False,False,False,False,1,1,0,0
LOC002760,35.2455968418813,128.511851582476,4812725000.0,내서읍,마산회원구,경상남도 창원시 마산회원구 내서읍 중리공단로3길 18-4,1,1,0,0,,,False,False,False,False,False,1,1,0,0
LOC002761,35.2456303717027,128.627980835457,4812152000.0,팔룡동,의창구,"경상남도 창원시 의창구 사화로 222-17 (팔용동, 으뜸정밀)",2,2,0,0,20.0,980.0,False,False,False,False,False,2,2,0,0
LOC002762,35.2456376444774,128.616083826433,4812152000.0,팔룡동,의창구,경상남도 창원시 의창구 평산로8번길 19-29 (팔용동),3,2,0,1,36.0,4554.98,False,False,False,False,True,2,2,1,0
LOC002763,35.2456588415859,128.513250698358,4812725000.0,내서읍,마산회원구,경상남도 창원시 마산회원구 내서읍 중리공단로 171 (경도차유리),1,1,0,0,,,False,False,False,False,False,1,1,0,0
LOC002764,35.2456753558384,128.59066581924,4812761000.0,구암2동,마산회원구,경상남도 창원시 마산회원구 구암남5길 15 (구암동),1,1,0,0,,,False,False,False,False,False,1,1,0,0
LOC002765,35.2456943360769,128.612706269982,4812152000.0,팔룡동,의창구,경상남도 창원시 의창구 평산로 5 (팔용동),2,1,0,1,10.0,11848.7,False,False,False,False,False,2,1,1,0
LOC002766,35.2457085769053,128.622836880336,4812152000.0,팔룡동,의창구,경상남도 창원시 의창구 죽전로 64 (팔용동),2,1,1,0,2.0,66.0,True,False,False,False,False,2,1,0,1
LOC002767,35.2457348310865,128.511353073753,4812725000.0,내서읍,마산회원구,"경상남도 창원시 마산회원구 내서읍 중리공단로3길 20-3, 3층 3층",2,2,0,0,,,False,False,False,False,False,2,2,0,0
LOC002768,35.2457572473994,128.627144607754,4812152000.0,팔룡동,의창구,경상남도 창원시 의창구 죽전로82번길 39 (팔용동),5,3,1,1,22.0,4260.78,True,False,False,False,False,3,3,1,1
LOC002769,35.2457876815216,128.624316155774,4812152000.0,팔룡동,의창구,경상남도 창원시 의창구 죽전로68번길 17 (팔용동),4,3,1,0,480.0,554.8499999999999,False,True,False,False,False,3,3,0,1
LOC002770,35.2458045846131,128.625500212033,4812152000.0,팔룡동,의창구,"경상남도 창원시 의창구 죽전로74번길 25 (팔용동, 대호정밀)",1,1,0,0,27.0,1105.97,False,False,False,False,False,1,1,0,0
LOC002771,35.2458127699504,128.513402309196,4812725000.0,내서읍,마산회원구,"경상남도 창원시 마산회원구 내서읍 중리공단로 173, 제1동 101호",1,1,0,0,,,False,False,False,False,False,1,1,0,0
LOC002772,35.2458241459901,128.51234830478,4812725000.0,내서읍,마산회원구,경상남도 창원시 마산회원구 내서읍 중리공단로4길 21-4,1,0,1,0,,,True,False,False,False,False,1,0,0,1
LOC002773,35.2458518517574,128.512914817894,4812725000.0,내서읍,마산회원구,경상남도 창원시 마산회원구 내서읍 중리공단로4길 3,2,0,2,0,,,True,True,False,False,False,1,0,0,1
LOC002774,35.2458631855114,128.628173017656,4812152000.0,팔룡동,의창구,"경상남도 창원시 의창구 사화로 222-13 (팔용동, 신영공업)",1,1,0,0,11.0,901.91,False,False,False,False,False,1,1,0,0
LOC002775,35.2459141287568,128.626509467552,4812152000.0,팔룡동,의창구,경상남도 창원시 의창구 죽전로82번길 35 (팔용동),12,12,0,0,83.0,3525.9900000000002,False,False,False,False,False,12,12,0,0
LOC002776,35.2459198125608,128.614491098965,4812152000.0,팔룡동,의창구,경상남도 창원시 의창구 평산로 16 (팔용동),4,2,2,0,15.0,3131.08,True,True,False,False,False,2,2,0,1
LOC002777,35.2459264708631,128.627401212129,4812152000.0,팔룡동,의창구,"경상남도 창원시 의창구 사화로 222-20 (팔용동, 흥진기계)",1,1,0,0,14.0,663.56,False,False,False,False,False,1,1,0,0
LOC002778,35.2459355161442,128.623783216951,4812152000.0,팔룡동,의창구,경상남도 창원시 의창구 죽전로68번길 11 (팔용동),5,5,0,0,10.0,825.0,False,False,False,False,False,5,5,0,0
LOC002779,35.2459383408308,128.615310899259,4812152000.0,팔룡동,의창구,경상남도 창원시 의창구 평산로 24 (팔용동),1,1,0,0,1.0,132.0,False,False,False,False,False,1,1,0,0
LOC002780,35.2459596336655,128.694816891338,4812154000.0,봉림동,의창구,경상남도 창원시 의창구 창원대학로 20 (퇴촌동),15,10,2,3,20.0,314.90999999999997,True,True,False,False,True,13,10,3,1
LOC002781,35.2459783884718,128.625107533176,4812152000.0,팔룡동,의창구,"경상남도 창원시 의창구 죽전로74번길 23 (팔용동, (주)호경)",1,1,0,0,35.0,1165.5,False,False,False,False,False,1,1,0,0
LOC002782,35.245988457032,128.550759779852,4812755000.0,회성동,마산회원구,경상남도 창원시 마산회원구 송정윗담2길 3 (두척동),1,1,0,0,,,False,False,False,False,False,1,1,0,0
LOC002783,35.2460286373935,128.512398793298,4812725000.0,내서읍,마산회원구,경상남도 창원시 마산회원구 내서읍 중리공단로4길 21-3,3,1,2,0,,,True,True,False,False,False,1,1,0,1
LOC002784,35.2460312164489,128.511463930719,4812725000.0,내서읍,마산회원구,경상남도 창원시 마산회원구 내서읍 중리공단로4길 27-4 (일성기계(주)),1,1,0,0,,,False,False,False,False,False,1,1,0,0
LOC002785,35.2460511474159,128.616723169824,4812152000.0,팔룡동,의창구,경상남도 창원시 의창구 평산로38번길 18 (팔용동),6,3,3,0,24.0,942.0,True,True,False,False,False,5,3,0,2
LOC002786,35.246099206308,128.616134513623,4812152000.0,팔룡동,의창구,경상남도 창원시 의창구 평산로8번길 19-39 (팔용동),2,1,0,1,10.0,4547.37,False,False,False,False,False,1,1,1,0
LOC002787,35.2461153802298,128.511630832762,4812725000.0,내서읍,마산회원구,경상남도 창원시 마산회원구 내서읍 중리공단로4길 27-3 (내서읍),2,1,1,0,,,True,False,False,False,False,1,1,0,1
LOC002788,35.246120803424,128.627566587815,4812152000.0,팔룡동,의창구,"경상남도 창원시 의창구 사화로 222-14 (팔용동, 금정기전)",4,4,0,0,14.0,1088.37,False,False,False,False,False,4,4,0,0
LOC002789,35.2461634446073,128.626178171233,4812152000.0,팔룡동,의창구,"경상남도 창원시 의창구 죽전로82번길 31 (팔용동, 영풍전자(주))",1,1,0,0,165.0,2156.09,False,False,False,False,False,1,1,0,0
LOC002790,35.246171653843,128.622821391391,4812152000.0,팔룡동,의창구,"경상남도 창원시 의창구 죽전로 72 (팔용동, 두창화학)",2,1,1,0,27.0,1559.44,True,False,False,False,False,1,1,0,1
LOC002791,35.2461831882094,128.62496353144,4812152000.0,팔룡동,의창구,경상남도 창원시 의창구 죽전로74번길 21 (팔용동),1,1,0,0,16.0,1337.82,False,False,False,False,False,1,1,0,0
LOC002792,35.2462180185129,128.624228723988,4812152000.0,팔룡동,의창구,경상남도 창원시 의창구 죽전로74번길 15 (팔용동),3,3,0,0,27.0,595.3199999999999,False,False,False,False,False,3,3,0,0
LOC002793,35.24625119571,128.623294379733,4812152000.0,팔룡동,의창구,"경상남도 창원시 의창구 죽전로68번길 7 (팔용동, (주)광진기업)",2,2,0,0,20.0,1600.0,False,False,False,False,False,2,2,0,0
LOC002794,35.2462818562692,128.628262904338,4812152000.0,팔룡동,의창구,경상남도 창원시 의창구 사화로 224 (팔용동),4,2,2,0,37.0,1197.7,True,True,False,False,False,2,2,0,1
LOC002795,35.2462884815577,128.511813338657,4812725000.0,내서읍,마산회원구,경상남도 창원시 마산회원구 내서읍 중리공단로4길 27-2,1,1,0,0,,,False,False,False,False,False,1,1,0,0
LOC002796,35.2462923284444,128.616695220621,4812152000.0,팔룡동,의창구,경상남도 창원시 의창구 팔용동 63-1,1,1,0,0,8.0,430.0,False,False,False,False,False,1,1,0,0
LOC002797,35.246298226328,128.512764253,4812725000.0,내서읍,마산회원구,경상남도 창원시 마산회원구 내서읍 중리공단로4길 17 (코래코),1,1,0,0,,,False,False,False,False,False,1,1,0,0
LOC002798,35.2463157752841,128.627731317934,4812152000.0,팔룡동,의창구,"경상남도 창원시 의창구 사화로 222-10 (팔용동, 세종NC)",1,1,0,0,4.0,921.9,False,False,False,False,False,1,1,0,0
LOC002799,35.2463229382525,128.511241055245,4812725000.0,내서읍,마산회원구,"경상남도 창원시 마산회원구 내서읍 광려천남로 59, 615호 615호",36,36,0,0,,,False,False,False,False,False,36,36,0,0
LOC002800,35.2463248365215,128.51048997331,4812725000.0,내서읍,마산회원구,경상남도 창원시 마산회원구 내서읍 광려천남로 67,3,1,2,0,,,True,True,False,False,False,1,1,0,1
LOC002801,35.2463622686226,128.625801591665,4812152000.0,팔룡동,의창구,"경상남도 창원시 의창구 죽전로82번길 27 (팔용동, (주)목련전자공장)",2,2,0,0,4.0,560.0,False,False,False,False,False,2,2,0,0
LOC002802,35.246434748684,128.61491163222,4812152000.0,팔룡동,의창구,경상남도 창원시 의창구 평산로 26 (팔용동),2,2,0,0,60.0,699.4,False,False,False,False,False,2,2,0,0
LOC002803,35.2464873715387,128.62212777277,4812152000.0,팔룡동,의창구,"경상남도 창원시 의창구 죽전로 65 (팔용동, 신화철강(주))",2,2,0,0,52.0,6687.5,False,False,False,False,False,2,2,0,0
LOC002804,35.2465120973682,128.61313982114,4812152000.0,팔룡동,의창구,경상남도 창원시 의창구 평산로 15 (팔용동),5,3,2,0,107.0,13214.725,False,True,False,False,False,5,3,0,2
LOC002805,35.2465237777578,128.624150121932,4812152000.0,팔룡동,의창구,경상남도 창원시 의창구 죽전로74번길 11 (팔용동),4,3,0,1,39.0,990.0,False,False,False,False,False,3,3,1,0
LOC002806,35.2465293004622,128.620962784802,4812152000.0,팔룡동,의창구,경상남도 창원시 의창구 평산로70번길 44-19 (팔용동),1,1,0,0,15.0,132.0,False,False,False,False,False,1,1,0,0
LOC002807,35.2465345163338,128.51436492128,4812725000.0,내서읍,마산회원구,경상남도 창원시 마산회원구 내서읍 중리공단로 183 ((13)),1,0,1,0,,,False,True,False,False,False,1,0,0,1
LOC002808,35.2465426963291,128.627591170109,4812152000.0,팔룡동,의창구,경상남도 창원시 의창구 사화로 222-4 (팔용동),2,1,1,0,,,False,True,False,False,False,1,1,0,1
LOC002809,35.2465687420169,128.513624765674,4812725000.0,내서읍,마산회원구,경상남도 창원시 마산회원구 내서읍 중리공단로 179 (대성종합정비),2,1,1,0,,,True,False,False,False,False,1,1,0,1
LOC002810,35.24657172027,128.620702494364,4812152000.0,팔룡동,의창구,경상남도 창원시 의창구 평산로70번길 44-20 (팔용동),4,4,0,0,44.0,2554.7,False,False,False,False,False,4,4,0,0
LOC002811,35.246576459798,128.618496948397,4812152000.0,팔룡동,의창구,경상남도 창원시 의창구 평산로38번길 13 (팔용동),5,2,2,1,,,True,True,False,False,True,3,1,1,1
LOC002812,35.2466513709967,128.625393195559,4812152000.0,팔룡동,의창구,경상남도 창원시 의창구 죽전로82번길 21 (팔용동),2,2,0,0,0.0,211.2,False,False,False,False,False,2,2,0,0
LOC002813,35.2466672638563,128.626725334226,4812152000.0,팔룡동,의창구,경상남도 창원시 의창구 사화로 210 3층 10호 (팔용동),100,99,1,0,220.0,8233.16,False,True,False,False,False,99,99,0,1
LOC002814,35.2466764163782,128.624836929638,4812152000.0,팔룡동,의창구,경상남도 창원시 의창구 죽전로82번길 17(팔용동),4,4,0,0,35.0,1887.4,False,False,False,False,False,4,4,0,0
LOC002815,35.2467000681037,128.611362944636,4812152000.0,팔룡동,의창구,경상남도 창원시 의창구 반계로 10 (팔용동),4,1,2,1,33.0,15118.37,True,True,False,False,True,1,1,1,1
LOC002816,35.2467384531684,128.624002139175,4812152000.0,팔룡동,의창구,"경상남도 창원시 의창구 죽전로82번길 10 (팔용동, 한국히노주식회사)",2,1,1,0,20.0,1278.77,True,False,False,False,False,1,1,0,1
LOC002817,35.2468079199829,128.51188120926,4812725000.0,내서읍,마산회원구,경상남도 창원시 마산회원구 내서읍 중리공단로4길 35 (내서읍),1,1,0,0,,,False,False,False,False,False,1,1,0,0
LOC002818,35.2468444812063,128.616171168062,4812152000.0,팔룡동,의창구,경상남도 창원시 의창구 평산로38번길 8 (팔용동),4,4,0,0,4.0,1848.0,False,False,False,False,False,4,4,0,0
LOC002819,35.2468604765139,128.513357952331,4812725000.0,내서읍,마산회원구,경상남도 창원시 마산회원구 내서읍 중리공단로4길 26-56,4,1,2,1,,,True,True,False,False,False,1,1,1,1
LOC002820,35.2468674090596,128.621388849178,4812152000.0,팔룡동,의창구,경상남도 창원시 의창구 평산로70번길 44-13 (팔용동),4,3,0,1,24.0,932.1,False,False,False,False,False,2,2,1,0
LOC002821,35.2468696746448,128.615863841751,4812152000.0,팔룡동,의창구,경상남도 창원시 의창구 평산로 34 (팔용동),1,1,0,0,,,False,False,False,False,False,1,1,0,0
LOC002822,35.2468791653002,128.613754946379,4812152000.0,팔룡동,의창구,경상남도 창원시 의창구 팔용동 23-7번지 신화테크노밸리지식산업센터 109호,14,14,0,0,59.0,5473.08,False,False,False,False,False,14,14,0,0
LOC002823,35.2468843959146,128.623516065839,4812152000.0,팔룡동,의창구,경상남도 창원시 의창구 죽전로 80 (팔용동),10,9,1,0,9.0,1574.1000000000001,False,True,False,False,False,9,9,0,1
LOC002824,35.2469138517723,128.613688180032,4812152000.0,팔룡동,의창구,경상남도 창원시 의창구 평산로 23 3층 318호 (팔용동),61,60,1,0,112.0,5747.594,False,True,False,False,False,60,60,0,1
LOC002825,35.2469936907608,128.514473544788,4812725000.0,내서읍,마산회원구,경상남도 창원시 마산회원구 내서읍 중리공단로 189 ((주)에스엘전자),1,1,0,0,,,False,False,False,False,False,1,1,0,0
LOC002826,35.2470208985486,128.620829753899,4812152000.0,팔룡동,의창구,경상남도 창원시 의창구 평산로70번길 44-14 (팔용동),3,3,0,0,0.0,495.0,False,False,False,False,False,3,3,0,0
LOC002827,35.2470676539952,128.624829027029,4812152000.0,팔룡동,의창구,경상남도 창원시 의창구 죽전로82번길 13 (팔용동),1,1,0,0,9.0,1461.6,False,False,False,False,False,1,1,0,0
LOC002828,35.2470983078796,128.59271416709,4812761000.0,구암2동,마산회원구,경상남도 창원시 마산회원구 3·15대로 882 (구암동),1,0,1,0,,,False,True,False,False,False,1,0,0,1
LOC002829,35.2470983434984,128.678829375112,4812154000.0,봉림동,의창구,경상남도 창원시 의창구 사림로 57 (사림동),1,0,1,0,,,False,True,False,False,False,1,0,0,1
LOC002830,35.2471137735747,128.625052193511,4812152000.0,팔룡동,의창구,경상남도 창원시 의창구 사화로 192 (팔용동),5,3,2,0,46.0,28686.34,False,True,False,False,False,3,3,0,2
LOC002831,35.247156540761,128.686076523523,4812154000.0,봉림동,의창구,경상남도 창원시 의창구 사림로111번길 32-5 (사림동),1,1,0,0,9.0,86.4,False,False,False,False,False,1,1,0,0
LOC002832,35.2471668717456,128.624104614194,4812152000.0,팔룡동,의창구,경상남도 창원시 의창구 죽전로82번길 11 (팔용동),1,1,0,0,76.0,2096.9,False,False,False,False,False,1,1,0,0
LOC002833,35.2471756051355,128.611596030468,4812152000.0,팔룡동,의창구,경상남도 창원시 의창구 반계로 40 (팔용동),2,1,0,1,222.0,34210.22,False,False,False,False,True,1,1,1,0
LOC002834,35.2472681858684,128.616377436168,4812152000.0,팔룡동,의창구,경상남도 창원시 의창구 평산로 42 (팔용동),2,1,0,1,21.0,5153.63,False,False,False,False,False,2,1,1,0
LOC002835,35.247390677194,128.623759833189,4812152000.0,팔룡동,의창구,경상남도 창원시 의창구 죽전로 86 (팔용동),1,1,0,0,19.0,1277.16,False,False,False,False,False,1,1,0,0
LOC002836,35.2474469117312,128.621118707428,4812152000.0,팔룡동,의창구,경상남도 창원시 의창구 평산로70번길 44-4 (팔용동),1,1,0,0,38.0,1117.02,False,False,False,False,False,1,1,0,0
LOC002837,35.2474647450728,128.622612062827,4812152000.0,팔룡동,의창구,"경상남도 창원시 의창구 죽전로 75(팔용동, 삼광기계공업사)",2,2,0,0,0.0,2212.7,False,False,False,False,False,2,2,0,0
LOC002838,35.2474688014809,128.608790395355,4812152000.0,팔룡동,의창구,경상남도 창원시 의창구 반계로 3 (팔용동),3,2,1,0,96.0,19098.5,True,False,False,False,False,2,2,0,1
LOC002839,35.247511593867,128.514879889898,4812725000.0,내서읍,마산회원구,경상남도 창원시 마산회원구 내서읍 중리공단로 195,2,0,1,1,,,True,False,False,False,False,1,0,1,1
LOC002840,35.2475260944197,128.515585914341,4812725000.0,내서읍,마산회원구,경상남도 창원시 마산회원구 내서읍 중리공단로5길 1,1,0,1,0,,,False,True,False,False,False,1,0,0,1
LOC002841,35.2476328215908,128.624479304105,4812152000.0,팔룡동,의창구,경상남도 창원시 의창구 사화로 188 (팔용동),2,1,1,0,,,False,True,False,False,False,1,1,0,1
LOC002842,35.247643483061,128.61987954985,4812152000.0,팔룡동,의창구,경상남도 창원시 의창구 평산로70번길 26 (팔용동),1,1,0,0,32.0,1230.0,False,False,False,False,False,1,1,0,0
LOC002843,35.2476611929622,128.610593824941,4812152000.0,팔룡동,의창구,경상남도 창원시 의창구 반계로 15 (팔용동),3,2,1,0,38.0,3624.29,False,True,False,False,False,3,2,0,1
LOC002844,35.2476613713063,128.614184953529,4812152000.0,팔룡동,의창구,"경상남도 창원시 의창구 평산로 33, 1동 (팔용동)",31,31,0,0,,,False,False,False,False,False,31,31,0,0
LOC002845,35.2476998930872,128.623215378941,4812152000.0,팔룡동,의창구,경상남도 창원시 의창구 죽전로 85 (팔용동),1,1,0,0,115.0,2466.0,False,False,False,False,False,1,1,0,0
LOC002846,35.2477435890844,128.621448703133,4812152000.0,팔룡동,의창구,"경상남도 창원시 의창구 평산로70번길 39 (팔용동, 이득정공 공장)",1,1,0,0,9.0,921.6,False,False,False,False,False,1,1,0,0
LOC002847,35.2477457848796,128.608523303476,4812152000.0,팔룡동,의창구,경상남도 창원시 의창구 팔용로346번길 8 (팔용동),7,3,4,0,15.0,702.0,True,True,False,False,False,3,3,0,2
LOC002848,35.2478484277163,128.622293862209,4812152000.0,팔룡동,의창구,경상남도 창원시 의창구 평산로70번길 47 (팔용동),4,4,0,0,24.0,892.54,False,False,False,False,False,4,4,0,0
LOC002849,35.2478726334825,128.621805903552,4812152000.0,팔룡동,의창구,경상남도 창원시 의창구 평산로70번길 43 (팔용동),2,2,0,0,2.0,396.0,False,False,False,False,False,2,2,0,0
LOC002850,35.2479289274491,128.516170301638,4812725000.0,내서읍,마산회원구,경상남도 창원시 마산회원구 내서읍 중리공단로 209,1,0,0,1,,,False,False,False,True,True,1,0,1,0
LOC002851,35.2479394419894,128.620700825502,4812152000.0,팔룡동,의창구,"경상남도 창원시 의창구 평산로70번길 36 (팔용동, 삼현철강(주))",1,1,0,0,124.0,5738.02,False,False,False,False,False,1,1,0,0
LOC002852,35.2479818243874,128.50961170614,4812725000.0,내서읍,마산회원구,경상남도 창원시 마산회원구 내서읍 광려천서로 67 (청아병원),3,0,2,1,,,True,True,False,False,False,2,0,1,1
LOC002853,35.2479938631355,128.622456827363,4812152000.0,팔룡동,의창구,경상남도 창원시 의창구 평산로78번길 47 (팔용동),1,1,0,0,12.0,1093.48,False,False,False,False,False,1,1,0,0
LOC002854,35.24805256843,128.619218305314,4812152000.0,팔룡동,의창구,경상남도 창원시 의창구 평산로70번길 20 (팔용동),5,3,2,0,3.0,450.0,True,True,False,False,False,4,3,0,1
LOC002855,35.2480818096081,128.620877679323,4812152000.0,팔룡동,의창구,경상남도 창원시 의창구 평산로70번길 35 (팔용동),3,3,0,0,33.0,3765.2999999999997,False,False,False,False,False,3,3,0,0
LOC002856,35.2480880794873,128.622420363308,4812152000.0,팔룡동,의창구,경상남도 창원시 의창구 평산로78번길 45 (팔용동),1,1,0,0,4.0,677.09,False,False,False,False,False,1,1,0,0
LOC002857,35.2481150656915,128.515534694829,4812725000.0,내서읍,마산회원구,경상남도 창원시 마산회원구 내서읍 중리공단로5길 14 (금성정밀),1,1,0,0,,,False,False,False,False,False,1,1,0,0
LOC002858,35.2481247881246,128.609597984029,4812152000.0,팔룡동,의창구,경상남도 창원시 의창구 반계로 19-2 (팔용동),1,1,0,0,21.0,2722.0,False,False,False,False,False,1,1,0,0
LOC002859,35.2481392448989,128.513984867821,4812725000.0,내서읍,마산회원구,경상남도 창원시 마산회원구 내서읍 중리공단로5길 29-3,1,1,0,0,,,False,False,False,False,False,1,1,0,0
LOC002860,35.2482424871555,128.622082211068,4812152000.0,팔룡동,의창구,경상남도 창원시 의창구 평산로78번길 43 (팔용동),2,2,0,0,10.0,726.0,False,False,False,False,False,2,2,0,0
LOC002861,35.2483265863356,128.60745483786,4812152000.0,팔룡동,의창구,경상남도 창원시 의창구 팔용로346번길 2 (팔용동),4,3,1,0,33.0,2190.7,False,True,False,False,False,3,3,0,1
LOC002862,35.2484000073157,128.514183845111,4812725000.0,내서읍,마산회원구,경상남도 창원시 마산회원구 내서읍 중리공단로5길 29-1,1,1,0,0,,,False,False,False,False,False,1,1,0,0
LOC002863,35.2484088735185,128.618129961787,4812152000.0,팔룡동,의창구,경상남도 창원시 의창구 평산로70번길 10 (팔용동),2,1,0,1,40.0,5013.73,False,False,False,False,False,1,1,1,0
LOC002864,35.2484184863724,128.614975476968,4812152000.0,팔룡동,의창구,"경상남도 창원시 의창구 평산로 37 (팔용동, KPE)",6,6,0,0,588.0,44679.0,False,False,False,False,False,6,6,0,0
LOC002865,35.2484393798955,128.620893806411,4812152000.0,팔룡동,의창구,경상남도 창원시 의창구 평산로70번길 33 (팔용동),1,1,0,0,6.0,1397.0,False,False,False,False,False,1,1,0,0
LOC002866,35.248468194177,128.608334550702,4812152000.0,팔룡동,의창구,"경상남도 창원시 의창구 팔용로346번길 10 (팔용동, 대신금속(주))",3,2,0,1,160.0,4638.52,False,False,False,False,False,3,2,1,0
LOC002867,35.2484874029454,128.646219349138,4812153000.0,명곡동,의창구,"경상남도 창원시 의창구 명서로116번길 20, 명서종합상가 3층 336호 (명서동, 명서상가)",2,2,0,0,10.0,61.87,False,False,False,False,False,2,2,0,0
LOC002868,35.2484996838003,128.610154484865,4812152000.0,팔룡동,의창구,경상남도 창원시 의창구 반계로 19-1 (팔용동),8,5,3,0,80.0,3958.05,True,True,False,False,False,5,5,0,2
LOC002869,35.2485540382294,128.620528821356,4812152000.0,팔룡동,의창구,경상남도 창원시 의창구 평산로70번길 29 (팔용동),1,1,0,0,2.0,1413.37,False,False,False,False,False,1,1,0,0
LOC002870,35.2486440968849,128.514850752699,4812725000.0,내서읍,마산회원구,경상남도 창원시 마산회원구 내서읍 중리공단로5길 30,1,0,0,1,,,False,False,False,True,True,1,0,1,0
LOC002871,35.2486626267143,128.617350481046,4812152000.0,팔룡동,의창구,"경상남도 창원시 의창구 평산로 60 (팔용동, 삼진산업)",4,2,1,1,162.0,7802.08,False,True,False,False,False,4,2,1,1
LOC002872,35.2486898475366,128.606628815272,4812152000.0,팔룡동,의창구,경상남도 창원시 의창구 팔용로 343 (팔용동),3,1,2,0,29.0,1810.7,True,True,False,False,False,2,1,0,1
LOC002873,35.2487193924377,128.515710958862,4812725000.0,내서읍,마산회원구,경상남도 창원시 마산회원구 내서읍 중리공단로6길 29-2,2,2,0,0,,,False,False,False,False,False,2,2,0,0
LOC002874,35.2487235831472,128.62181164796,4812152000.0,팔룡동,의창구,"경상남도 창원시 의창구 평산로78번길 37 (팔용동, 태창산업)",1,1,0,0,10.0,1022.56,False,False,False,False,False,1,1,0,0
LOC002875,35.2487287953226,128.620211832374,4812152000.0,팔룡동,의창구,경상남도 창원시 의창구 평산로70번길 25(팔용동),2,2,0,0,7.0,7476.73,False,False,False,False,False,2,2,0,0
LOC002876,35.2487714354377,128.515326305537,4812725000.0,내서읍,마산회원구,경상남도 창원시 마산회원구 내서읍 중리공단로5길 28-1,2,2,0,0,,,False,False,False,False,False,2,2,0,0
LOC002877,35.2488157309014,128.59240982547,4812760000.0,구암1동,마산회원구,경상남도 창원시 마산회원구 구암서2길 71 (구암동),1,1,0,0,,,False,False,False,False,False,1,1,0,0
LOC002878,35.2488361714768,128.516014819184,4812725000.0,내서읍,마산회원구,경상남도 창원시 마산회원구 내서읍 중리공단로6길 29-1 (에스엘전자),1,1,0,0,,,False,False,False,False,False,1,1,0,0
LOC002879,35.2488672462484,128.670769853777,4812154000.0,봉림동,의창구,경상남도 창원시 의창구 창이대로309번길 30 (봉곡동),1,0,0,1,,,False,False,False,False,True,1,0,1,0
LOC002880,35.2488898381168,128.609150917648,4812152000.0,팔룡동,의창구,경상남도 창원시 의창구 팔용로346번길 16 (팔용동),1,1,0,0,5.0,1232.92,False,False,False,False,False,1,1,0,0
LOC002881,35.2489080121979,128.621432232342,4812152000.0,팔룡동,의창구,경상남도 창원시 의창구 평산로78번길 33 (팔용동),2,2,0,0,58.0,4916.66,False,False,False,False,False,2,2,0,0
LOC002882,35.2489099703866,128.619913536434,4812152000.0,팔룡동,의창구,경상남도 창원시 의창구 평산로70번길 23 (팔용동),2,2,0,0,32.0,1774.42,False,False,False,False,False,2,2,0,0
LOC002883,35.2489477279283,128.622409149087,4812152000.0,팔룡동,의창구,경상남도 창원시 의창구 사화로 162 (팔용동),4,2,2,0,0.0,1701.89,True,True,False,False,False,3,2,0,1
LOC002884,35.2489830513359,128.622866440501,4812152000.0,팔룡동,의창구,경상남도 창원시 의창구 사화로 172 (팔용동),3,2,1,0,192.0,18507.02,False,True,False,False,False,3,2,0,1
LOC002885,35.2489895106385,128.608073378509,4812152000.0,팔룡동,의창구,경상남도 창원시 의창구 팔용로346번길 1 (팔용동) 대창산업,2,2,0,0,5.0,330.0,False,False,False,False,False,2,2,0,0
LOC002886,35.2489903378022,128.621079236401,4812152000.0,팔룡동,의창구,경상남도 창원시 의창구 평산로78번길 29 (팔용동),5,3,2,0,18.0,2081.0,True,True,False,False,False,3,3,0,1
LOC002887,35.2490583841258,128.513750040061,4812725000.0,내서읍,마산회원구,경상남도 창원시 마산회원구 내서읍 광려천남로 25 (엠에이치에탄올) 외 3필지,2,1,0,1,,,False,False,False,True,True,1,1,1,0
LOC002888,35.2490595114287,128.609369821525,4812152000.0,팔룡동,의창구,경상남도 창원시 의창구 팔용로346번길 18 (팔용동),2,1,1,0,19.0,1125.0,False,True,False,False,False,1,1,0,1
LOC002889,35.2490635850507,128.60621486701,4812152000.0,팔룡동,의창구,경상남도 창원시 의창구 팔용로345번길 7 (팔용동),10,6,4,0,5.0,1320.0,True,True,False,False,False,6,6,0,2
LOC002890,35.2490704946225,128.61952188475,4812152000.0,팔룡동,의창구,"경상남도 창원시 의창구 평산로78번길 20 (팔용동, 영진정밀)",7,7,0,0,19.0,1089.0,False,False,False,False,False,7,7,0,0
LOC002891,35.2490780248943,128.611479439591,4812152000.0,팔룡동,의창구,경상남도 창원시 의창구 반계로 19 (팔용동),3,1,1,1,101.0,4009.16,True,False,False,False,False,2,1,1,1
LOC002892,35.2490979414078,128.518138425789,4812725000.0,내서읍,마산회원구,"경상남도 창원시 마산회원구 내서읍 중리공단로 231, 3층 (기아자동차) 외 1필지",1,1,0,0,,,False,False,False,False,False,1,1,0,0
LOC002893,35.2491482050427,128.610025917035,4812152000.0,팔룡동,의창구,경상남도 창원시 의창구 반계로 21(팔용동),2,1,1,0,,,False,True,False,False,False,1,1,0,1
LOC002894,35.2491602593144,128.621997444819,4812152000.0,팔룡동,의창구,경상남도 창원시 의창구 사화로 160 (팔용동),1,1,0,0,,,False,False,False,False,False,1,1,0,0
LOC002895,35.2492103941197,128.618502725457,4812152000.0,팔룡동,의창구,경상남도 창원시 의창구 평산로70번길 12 (팔용동),1,1,0,0,24.0,1378.2,False,False,False,False,False,1,1,0,0
LOC002896,35.2492239106323,128.602789977664,4812761000.0,구암2동,마산회원구,경상남도 창원시 마산회원구 구암반계길 1 (구암동),1,0,1,0,,,False,True,False,False,False,1,0,0,1
LOC002897,35.2492245565736,128.60233977204,4812761000.0,구암2동,마산회원구,경상남도 창원시 마산회원구 팔용로 287 (구암동),1,0,1,0,,,False,True,False,False,False,1,0,0,1
LOC002898,35.2492446909983,128.608531163468,4812152000.0,팔룡동,의창구,경상남도 창원시 의창구 팔용로 356 (팔용동),1,1,0,0,15.0,1206.0,False,False,False,False,False,1,1,0,0
LOC002899,35.2492497244345,128.619180261435,4812152000.0,팔룡동,의창구,경상남도 창원시 의창구 평산로78번길 16 (팔용동),2,2,0,0,10.0,1741.68,False,False,False,False,False,2,2,0,0
LOC002900,35.249250937175,128.609532027678,4812152000.0,팔룡동,의창구,경상남도 창원시 의창구 팔용로346번길 22 (팔용동),3,3,0,0,27.0,3079.5,False,False,False,False,False,3,3,0,0
LOC002901,35.2492905828127,128.610819305929,4812152000.0,팔룡동,의창구,경상남도 창원시 의창구 반계로 29(팔용동),3,2,1,0,64.0,10114.06,False,True,False,False,False,2,2,0,1
LOC002902,35.2492916333788,128.606083026066,4812152000.0,팔룡동,의창구,경상남도 창원시 의창구 팔용로345번길 13 (팔용동),6,4,2,0,14.0,1074.0,True,True,False,False,False,4,4,0,1
LOC002903,35.2493336240439,128.60735936401,4812152000.0,팔룡동,의창구,경상남도 창원시 의창구 팔용로 349 (팔용동),4,2,2,0,98.0,2199.14,True,True,False,False,False,2,2,0,1
LOC002904,35.2493481115112,128.61881857222,4812152000.0,팔룡동,의창구,경상남도 창원시 의창구 평산로70번길 11 (팔용동),1,1,0,0,6.0,437.72,False,False,False,False,False,1,1,0,0
LOC002905,35.2493649281661,128.515201888115,4812725000.0,내서읍,마산회원구,경상남도 창원시 마산회원구 내서읍 중리공단로6길 33-2 (삼성교통),1,0,1,0,,,False,True,False,False,False,1,0,0,1
LOC002906,35.2494006006443,128.621245497768,4812152000.0,팔룡동,의창구,경상남도 창원시 의창구 사화로 156 (팔용동),3,3,0,0,27.0,2064.45,False,False,False,False,False,3,3,0,0
LOC002907,35.2494015975129,128.510214490764,4812725000.0,내서읍,마산회원구,경상남도 창원시 마산회원구 내서읍 중리2길 53,1,0,1,0,,,False,True,False,False,False,1,0,0,1
LOC002908,35.2494056821287,128.515502687094,4812725000.0,내서읍,마산회원구,경상남도 창원시 마산회원구 내서읍 중리공단로6길 39,1,0,1,0,,,False,True,False,False,False,1,0,0,1
LOC002909,35.249445251743,128.605576840615,4812152000.0,팔룡동,의창구,경상남도 창원시 의창구 팔용로345번길 17(팔용동),2,2,0,0,15.0,880.0,False,False,False,False,False,2,2,0,0
LOC002910,35.2494475573623,128.620532214038,4812152000.0,팔룡동,의창구,경상남도 창원시 의창구 평산로78번길 27 (팔용동),1,1,0,0,32.0,929.68,False,False,False,False,False,1,1,0,0
LOC002911,35.2494759266311,128.514124751618,4812725000.0,내서읍,마산회원구,경상남도 창원시 마산회원구 내서읍 중리공단로5길 50 (에스엘전자),1,1,0,0,,,False,False,False,False,False,1,1,0,0
LOC002912,35.2494796292337,128.608748939678,4812152000.0,팔룡동,의창구,경상남도 창원시 의창구 팔용로346번길 21 (팔용동),3,3,0,0,15.0,1800.0,False,False,False,False,False,3,3,0,0
LOC002913,35.2494800806891,128.61178248986,4812152000.0,팔룡동,의창구,"경상남도 창원시 의창구 반계로 33, 메카동 4층 401호 (팔용동)",7,6,1,0,28.0,930.88,False,True,False,False,False,6,6,0,1
LOC002914,35.2495319621443,128.618966697713,4812152000.0,팔룡동,의창구,경상남도 창원시 의창구 평산로78번길 12 (팔용동),1,1,0,0,6.0,876.85,False,False,False,False,False,1,1,0,0
LOC002915,35.2495379850637,128.517386585801,4812725000.0,내서읍,마산회원구,경상남도 창원시 마산회원구 내서읍 함마대로 2796 (중리탁주),1,1,0,0,,,False,False,False,False,False,1,1,0,0
LOC002916,35.2495759340175,128.606859545527,4812152000.0,팔룡동,의창구,경상남도 창원시 의창구 팔용로345번길 8 (팔용동),1,1,0,0,116.0,1323.23,False,False,False,False,False,1,1,0,0
LOC002917,35.2495952504992,128.620284556015,4812152000.0,팔룡동,의창구,경상남도 창원시 의창구 평산로78번길 21 (팔용동),2,1,1,0,7.0,412.56,False,True,False,False,False,1,1,0,1
LOC002918,35.2496121177853,128.621534694703,4812152000.0,팔룡동,의창구,경상남도 창원시 의창구 사화로 154(팔용동),2,2,0,0,25.0,1312.5,False,False,False,False,False,2,2,0,0
LOC002919,35.2496597338249,128.61864503208,4812152000.0,팔룡동,의창구,경상남도 창원시 의창구 평산로70번길 9 (팔용동),2,2,0,0,10.0,2457.6,False,False,False,False,False,2,2,0,0
LOC002920,35.2496754786478,128.609425613275,4812152000.0,팔룡동,의창구,경상남도 창원시 의창구 팔용로346번길 24 (팔용동),1,1,0,0,23.0,1302.04,False,False,False,False,False,1,1,0,0
LOC002921,35.249697987004,128.514413212218,4812725000.0,내서읍,마산회원구,경상남도 창원시 마산회원구 내서읍 광려천남로 15,1,1,0,0,,,False,False,False,False,False,1,1,0,0
LOC002922,35.2497118082553,128.514871387223,4812725000.0,내서읍,마산회원구,경상남도 창원시 마산회원구 내서읍 중리공단로6길 51-1 (내서읍),1,1,0,0,,,False,False,False,False,False,1,1,0,0
LOC002923,35.2497366901376,128.598104059646,4812761000.0,구암2동,마산회원구,경상남도 창원시 마산회원구 3·15대로 940 (구암동 KT마산지사),2,0,1,1,,,True,False,False,False,False,2,0,1,1
LOC002924,35.2497580916534,128.521546995461,4812725000.0,내서읍,마산회원구,경상남도 창원시 마산회원구 내서읍 호원로 177 내서 스포츠센터,1,0,1,0,,,True,False,False,False,False,1,0,0,1
LOC002925,35.2497595139674,128.515135292139,4812725000.0,내서읍,마산회원구,경상남도 창원시 마산회원구 내서읍 중리공단로6길 49,1,0,1,0,,,False,True,False,False,False,1,0,0,1
LOC002926,35.2497621320627,128.606132957101,4812152000.0,팔룡동,의창구,경상남도 창원시 의창구 팔용로345번길 14(팔용동),1,1,0,0,,,False,False,False,False,False,1,1,0,0
LOC002927,35.2497656566669,128.606593794592,4812152000.0,팔룡동,의창구,"경상남도 창원시 의창구 팔용로345번길 12 (팔용동, (주)성평2공장)",3,3,0,0,46.0,2911.46,False,False,False,False,False,3,3,0,0
LOC002928,35.2498028620303,128.607721180416,4812152000.0,팔룡동,의창구,"경상남도 창원시 의창구 팔용로 355, 102호 (팔용동)",3,3,0,0,33.0,1171.9099999999999,False,False,False,False,False,3,3,0,0
LOC002929,35.2498158499638,128.611148522566,4812152000.0,팔룡동,의창구,경상남도 창원시 의창구 반계로 31 (팔용동),7,7,0,0,37.0,3148.2,False,False,False,False,False,7,7,0,0
LOC002930,35.2498386966133,128.618444463769,4812152000.0,팔룡동,의창구,경상남도 창원시 의창구 평산로70번길 1 (팔용동),1,1,0,0,27.0,1163.98,False,False,False,False,False,1,1,0,0
LOC002931,35.24986254177,128.620056635359,4812152000.0,팔룡동,의창구,경상남도 창원시 의창구 평산로78번길 17 (팔용동),1,1,0,0,32.0,1059.75,False,False,False,False,False,1,1,0,0
LOC002932,35.2498775234295,128.60585200473,4812152000.0,팔룡동,의창구,경상남도 창원시 의창구 팔용로345번길 18 (팔용동),1,1,0,0,10.0,1021.76,False,False,False,False,False,1,1,0,0
LOC002933,35.2498944320478,128.604964858495,4812152000.0,팔룡동,의창구,경상남도 창원시 의창구 팔용로345번길 23 (팔용동),1,1,0,0,10.0,453.6,False,False,False,False,False,1,1,0,0
LOC002934,35.2499437873694,128.609614279919,4812152000.0,팔룡동,의창구,경상남도 창원시 의창구 팔용로346번길 30 (팔용동),10,8,2,0,155.0,6589.18,True,True,False,False,False,10,8,0,2
LOC002935,35.2499559941562,128.619774277784,4812152000.0,팔룡동,의창구,경상남도 창원시 의창구 평산로78번길 15 (팔용동),2,2,0,0,30.0,2484.5,False,False,False,False,False,2,2,0,0
LOC002936,35.2499767963297,128.6071515652,4812152000.0,팔룡동,의창구,경상남도 창원시 의창구 팔용로359번길 7 (팔용동),1,1,0,0,39.0,1954.38,False,False,False,False,False,1,1,0,0
LOC002937,35.2499858984131,128.620966563733,4812152000.0,팔룡동,의창구,경상남도 창원시 의창구 사화로 144(팔용동),2,2,0,0,138.0,2759.66,False,False,False,False,False,2,2,0,0
LOC002938,35.2500362910575,128.515501790702,4812725000.0,내서읍,마산회원구,경상남도 창원시 마산회원구 내서읍 중리공단로6길 50 ((주)세계산업) (총 2 필지) 외 1필지,1,1,0,0,,,False,False,False,False,False,1,1,0,0
LOC002939,35.2500569713964,128.61060375492,4812152000.0,팔룡동,의창구,경상남도 창원시 의창구 팔용로346번길 32 (팔용동),1,1,0,0,17.0,2794.08,False,False,False,False,False,1,1,0,0
LOC002940,35.250106107943,128.606860890707,4812152000.0,팔룡동,의창구,경상남도 창원시 의창구 팔용로359번길 11 (팔용동),1,1,0,0,17.0,660.0,False,False,False,False,False,1,1,0,0
LOC002941,35.2501470510906,128.604930507145,4812152000.0,팔룡동,의창구,경상남도 창원시 의창구 팔용로345번길 25 (팔용동),7,4,1,2,8.0,792.0,False,True,False,False,False,5,4,2,1
LOC002942,35.2502282571012,128.606424064385,4812152000.0,팔룡동,의창구,경상남도 창원시 의창구 팔용로359번길 13 (팔용동),2,2,0,0,46.0,2988.0,False,False,False,False,False,2,2,0,0
LOC002943,35.2502680623847,128.608000193549,4812152000.0,팔룡동,의창구,경상남도 창원시 의창구 팔용로 363 (팔용동),1,1,0,0,12.0,2116.0,False,False,False,False,False,1,1,0,0
LOC002944,35.2503180670505,128.60739758658,4812152000.0,팔룡동,의창구,경상남도 창원시 의창구 팔용로359번길 8 (팔용동),2,1,1,0,16.0,845.68,False,True,False,False,False,1,1,0,1
LOC002945,35.2503273515608,128.693672407217,4812154000.0,봉림동,의창구,"경상남도 창원시 의창구 창원대학로 20-1, 창원대학교 82호관 317-1(퇴촌동)",1,1,0,0,,,False,False,False,False,False,1,1,0,0
LOC002946,35.2503305917011,128.515692393039,4812725000.0,내서읍,마산회원구,경상남도 창원시 마산회원구 내서읍 광려천남로 1-26,1,0,1,0,,,True,False,False,False,False,1,0,0,1
LOC002947,35.2503315275253,128.610959323944,4812152000.0,팔룡동,의창구,경상남도 창원시 의창구 팔용로 384 (팔용동),3,1,1,1,107.0,5952.0,True,False,False,False,False,1,1,1,1
LOC002948,35.2503381842837,128.606290001601,4812152000.0,팔룡동,의창구,경상남도 창원시 의창구 팔용로359번길 15 (팔용동),3,2,1,0,17.0,1214.6,False,True,False,False,False,2,2,0,1
LOC002949,35.2503564840484,128.605515598827,4812152000.0,팔룡동,의창구,경상남도 창원시 의창구 팔용로345번길 22 (팔용동),4,1,2,1,37.0,1793.17,True,True,False,False,False,1,1,1,1
LOC002950,35.2503989440928,128.61129058066,4812152000.0,팔룡동,의창구,경상남도 창원시 의창구 반계로 43 (팔용동),1,1,0,0,44.0,5518.72,False,False,False,False,False,1,1,0,0
LOC002951,35.2504355386595,128.605174710094,4812152000.0,팔룡동,의창구,경상남도 창원시 의창구 팔용로345번길 27 (팔용동),3,3,0,0,18.0,1887.7,False,False,False,False,False,3,3,0,0
LOC002952,35.2504373986434,128.608366640226,4812152000.0,팔룡동,의창구,경상남도 창원시 의창구 팔용로 367 (팔용동),2,1,1,0,47.0,1535.23,True,False,False,False,False,2,1,0,1
LOC002953,35.2504884544566,128.60964394515,4812152000.0,팔룡동,의창구,경상남도 창원시 의창구 팔용로346번길 38 (팔용동),1,1,0,0,44.0,2536.41,False,False,False,False,False,1,1,0,0
LOC002954,35.2504964246377,128.620335450398,4812152000.0,팔룡동,의창구,"경상남도 창원시 의창구 사화로 138 (팔용동, (주)대건테크)",1,1,0,0,167.0,6750.33,False,False,False,False,False,1,1,0,0
LOC002955,35.2505162613599,128.609843459644,4812152000.0,팔룡동,의창구,경상남도 창원시 의창구 팔용로346번길 34 (팔용동),1,1,0,0,23.0,1439.51,False,False,False,False,False,1,1,0,0
LOC002956,35.250568143279,128.606068547051,4812152000.0,팔룡동,의창구,경상남도 창원시 의창구 팔용로359번길 19 (팔용동),1,1,0,0,2.0,1235.795,False,False,False,False,False,1,1,0,0
LOC002957,35.2507132501177,128.605850581219,4812152000.0,팔룡동,의창구,경상남도 창원시 의창구 팔용로359번길 21 (팔용동),4,2,1,1,32.0,1339.1,False,True,False,False,False,3,2,1,1
LOC002958,35.2507172574277,128.607496546099,4812152000.0,팔룡동,의창구,경상남도 창원시 의창구 팔용로359번길 10 (팔용동),10,4,6,0,15.0,1377.69,True,True,False,False,False,4,4,0,3
LOC002959,35.2508509929469,128.589372305391,4812760000.0,구암1동,마산회원구,"경상남도 창원시 마산회원구 3·15성역로 8 (구암동, HITE맥주생산공장) (총 19 필지) 외 18필지",2,1,0,1,,,False,False,False,True,True,1,1,1,0
LOC002960,35.2508627105176,128.613502222607,4812152000.0,팔룡동,의창구,경상남도 창원시 의창구 팔용로396번길 31 (팔용동),1,0,0,1,,,False,False,False,False,False,1,0,1,0
LOC002961,35.250874366876,128.607928671387,4812152000.0,팔룡동,의창구,경상남도 창원시 의창구 팔용로371번길 7 (팔용동),4,4,0,0,84.0,4756.72,False,False,False,False,False,4,4,0,0
LOC002962,35.2509249673817,128.607186213312,4812152000.0,팔룡동,의창구,경상남도 창원시 의창구 팔용로359번길 14 (팔용동),2,1,1,0,10.0,364.0,False,True,False,False,False,1,1,0,1
LOC002963,35.2509382916405,128.607587484224,4812152000.0,팔룡동,의창구,경상남도 창원시 의창구 팔용로371번길 11 (팔용동),2,2,0,0,4.0,198.0,False,False,False,False,False,2,2,0,0
LOC002964,35.2509411972974,128.606635999284,4812152000.0,팔룡동,의창구,경상남도 창원시 의창구 팔용로359번길 18 (팔용동),2,1,0,1,13.0,699.0,False,False,False,False,False,1,1,1,0
LOC002965,35.2510471429697,128.608856600316,4812152000.0,팔룡동,의창구,경상남도 창원시 의창구 팔용로371번길 6 (팔용동),2,1,1,0,40.0,1950.0,False,True,False,False,False,1,1,0,1
LOC002966,35.2510526828765,128.605379691847,4812152000.0,팔룡동,의창구,경상남도 창원시 의창구 팔용로345번길 31 (팔용동),2,1,1,0,0.0,1541.44,False,True,False,False,False,1,1,0,1
LOC002967,35.2510916184922,128.606024600518,4812152000.0,팔룡동,의창구,경상남도 창원시 의창구 팔용로371번길 31 (팔용동),4,4,0,0,40.0,2778.28,False,False,False,False,False,4,4,0,0
LOC002968,35.2511215914167,128.518102000184,4812725000.0,내서읍,마산회원구,경상남도 창원시 마산회원구 내서읍 광려천북로 12-45,2,1,1,0,,,False,True,False,False,False,2,1,0,1
LOC002969,35.2511343036064,128.515650334778,4812725000.0,내서읍,마산회원구,경상남도 창원시 마산회원구 내서읍 함마대로 2769,1,0,1,0,,,False,True,False,False,False,1,0,0,1
LOC002970,35.2511395728832,128.668484398259,4812154000.0,봉림동,의창구,경상남도 창원시 의창구 대봉로26번길 12-3 (봉림동),1,0,0,1,,,False,False,False,False,True,1,0,1,0
LOC002971,35.2512641632827,128.667677360312,4812154000.0,봉림동,의창구,"경상남도 창원시 의창구 대봉로26번길 4-5 (봉림동) 봉림YG빌딩 502, 503호",1,1,0,0,,,False,False,False,False,False,1,1,0,0
LOC002972,35.2512777302203,128.606675600414,4812152000.0,팔룡동,의창구,"경상남도 창원시 의창구 팔용로359번길 20 (팔용동, 주식회사서광종합산업)",1,1,0,0,14.0,1092.6,False,False,False,False,False,1,1,0,0
LOC002973,35.2512862156612,128.605846392007,4812152000.0,팔룡동,의창구,경상남도 창원시 의창구 팔용로371번길 36 (팔용동),4,4,0,0,69.0,1375.44,False,False,False,False,False,4,4,0,0
LOC002974,35.2513033439256,128.60751547962,4812152000.0,팔룡동,의창구,경상남도 창원시 의창구 팔용로371번길 13 (팔용동),1,1,0,0,11.0,412.59,False,False,False,False,False,1,1,0,0
LOC002975,35.2513142174394,128.683992152284,4812154000.0,봉림동,의창구,경상남도 창원시 의창구 사림로99번길 63 (퇴촌동),1,0,0,1,,,False,False,False,False,False,1,0,1,0
LOC002976,35.2513186241544,128.60387878673,4812152000.0,팔룡동,의창구,"경상남도 창원시 의창구 창원대로18번길 22 (팔용동, 경남테크노파크)",19,18,0,1,49.0,1825.0,False,False,False,False,False,19,18,1,0
LOC002977,35.2513270866752,128.607139328832,4812152000.0,팔룡동,의창구,경상남도 창원시 의창구 팔용로371번길 17 (팔용동),2,2,0,0,38.0,1610.28,False,False,False,False,False,2,2,0,0
LOC002978,35.2513763677174,128.60830026435,4812152000.0,팔룡동,의창구,경상남도 창원시 의창구 팔용로371번길 8 (팔용동),2,1,1,0,4.0,339.8,False,True,False,False,False,1,1,0,1
LOC002979,35.2514018392498,128.517717086919,4812725000.0,내서읍,마산회원구,경상남도 창원시 마산회원구 내서읍 광려천북로 20-36,1,1,0,0,,,False,False,False,False,False,1,1,0,0
LOC002980,35.2514317166838,128.521064863683,4812725000.0,내서읍,마산회원구,경상남도 창원시 마산회원구 내서읍 호원로 200,1,0,1,0,,,False,True,False,False,False,1,0,0,1
LOC002981,35.2514602734662,128.600484631486,4812761000.0,구암2동,마산회원구,경상남도 창원시 마산회원구 3·15대로 966 (구암동),3,0,0,3,,,False,False,False,True,False,3,0,3,0
LOC002982,35.2514863061778,128.606863192865,4812152000.0,팔룡동,의창구,경상남도 창원시 의창구 팔용로371번길 19 (팔용동),4,1,2,1,58.0,1852.89,True,True,False,False,False,2,1,1,1
LOC002983,35.2515438280877,128.60608087375,4812152000.0,팔룡동,의창구,경상남도 창원시 의창구 팔용로371번길 34 (팔용동),1,1,0,0,24.0,1243.19,False,False,False,False,False,1,1,0,0
LOC002984,35.2515993943119,128.670044016444,4812154000.0,봉림동,의창구,경상남도 창원시 의창구 대봉로26번길 25 (봉림동),1,0,1,0,,,False,True,False,False,False,1,0,0,1
LOC002985,35.2516131510196,128.605217045738,4812152000.0,팔룡동,의창구,경상남도 창원시 의창구 창원대로18번길 31 (팔용동),2,0,0,2,,,False,False,False,False,False,2,0,2,0
LOC002986,35.2516349468502,128.619682215859,4812152000.0,팔룡동,의창구,경상남도 창원시 의창구 평산로 96 (팔용동 웰빙프라자),1,0,1,0,,,True,False,False,False,False,1,0,0,1
LOC002987,35.2516949575261,128.6078319364,4812152000.0,팔룡동,의창구,"경상남도 창원시 의창구 팔용로371번길 14(팔용동, 신풍공업사)",3,2,1,0,,,False,True,False,False,False,3,2,0,1
LOC002988,35.2517836538003,128.606745352449,4812152000.0,팔룡동,의창구,경상남도 창원시 의창구 팔용로371번길 23 (팔용동),4,1,2,1,11.0,1143.93,True,True,False,False,False,1,1,1,1
LOC002989,35.2518084048775,128.606001166741,4812152000.0,팔룡동,의창구,경상남도 창원시 의창구 팔용로371번길 26 (팔용동),4,1,2,1,45.0,2187.34,True,True,False,False,False,1,1,1,1
LOC002990,35.2518911310184,128.517687644869,4812725000.0,내서읍,마산회원구,경상남도 창원시 마산회원구 내서읍 광려천북로 12-31,1,0,1,0,,,True,False,False,False,False,1,0,0,1
LOC002991,35.2519870497756,128.518073422242,4812725000.0,내서읍,마산회원구,경상남도 창원시 마산회원구 내서읍 광려천북로 36-34,1,0,1,0,,,True,False,False,False,False,1,0,0,1
LOC002992,35.2520010629161,128.608058813875,4812152000.0,팔룡동,의창구,"경상남도 창원시 의창구 팔용로 383 (팔용동, 한국열처리)",4,1,2,1,49.0,3207.6,True,True,False,False,True,1,1,1,1
LOC002993,35.252013354463,128.606828440646,4812152000.0,팔룡동,의창구,경상남도 창원시 의창구 팔용로371번길 18 (팔용동),2,1,0,1,62.0,7567.46,False,False,False,False,True,2,1,1,0
LOC002994,35.2521325854732,128.516500733533,4812725000.0,내서읍,마산회원구,경상남도 창원시 마산회원구 내서읍 광려천북로 12-11 외 3필지,1,1,0,0,,,False,False,False,False,False,1,1,0,0
LOC002995,35.2521552288306,128.516211322452,4812725000.0,내서읍,마산회원구,경상남도 창원시 마산회원구 내서읍 광려천북로 12-1,2,2,0,0,,,False,False,False,False,False,2,2,0,0
LOC002996,35.2522206754709,128.603415451077,4812152000.0,팔룡동,의창구,"경상남도 창원시 의창구 창원대로18번길 46, 본관 916호(팔용동, 경남창원과학기술진흥원)",9,9,0,0,48.0,542.25,False,False,False,False,False,9,9,0,0
LOC002997,35.2522461468226,128.516291791483,4812725000.0,내서읍,마산회원구,경상남도 창원시 마산회원구 내서읍 광려천북로 12-3,1,1,0,0,,,False,False,False,False,False,1,1,0,0
LOC002998,35.2522529619478,128.517423124888,4812725000.0,내서읍,마산회원구,"경상남도 창원시 마산회원구 내서읍 광려천북로 20-19, 1층",1,1,0,0,,,False,False,False,False,False,1,1,0,0
LOC002999,35.2522709185668,128.517227344216,4812725000.0,내서읍,마산회원구,경상남도 창원시 마산회원구 내서읍 광려천북로 20-15,1,1,0,0,,,False,False,False,False,False,1,1,0,0
LOC003000,35.2523546385285,128.516415436819,4812725000.0,내서읍,마산회원구,경상남도 창원시 마산회원구 내서읍 광려천북로 12-5,1,1,0,0,,,False,False,False,False,False,1,1,0,0
LOC003001,35.2524435074096,128.516494000341,4812725000.0,내서읍,마산회원구,경상남도 창원시 마산회원구 내서읍 광려천북로 12-7,1,1,0,0,,,False,False,False,False,False,1,1,0,0
LOC003002,35.2525015458633,128.517126717644,4812725000.0,내서읍,마산회원구,경상남도 창원시 마산회원구 내서읍 광려천북로 20-13,1,1,0,0,,,False,False,False,False,False,1,1,0,0
LOC003003,35.2525962837404,128.620180253699,4812152000.0,팔룡동,의창구,경상남도 창원시 의창구 평산로 108 (팔용동),1,0,1,0,,,False,True,False,False,False,1,0,0,1
LOC003004,35.2527065990452,128.516672164898,4812725000.0,내서읍,마산회원구,경상남도 창원시 마산회원구 내서읍 광려천북로 22 외 6필지,1,1,0,0,,,False,False,False,False,False,1,1,0,0
LOC003005,35.2527692681722,128.639411011903,4812153000.0,명곡동,의창구,경상남도 창원시 의창구 태복산로 7 (도계동),1,0,1,0,,,False,True,False,False,False,1,0,0,1
LOC003006,35.2528700291662,128.59544479826,4812760000.0,구암1동,마산회원구,경상남도 창원시 마산회원구 금강로 287 (구암동 외 1필지),1,0,1,0,,,False,True,False,False,False,1,0,0,1
LOC003007,35.2528883947431,128.639052936632,4812153000.0,명곡동,의창구,경상남도 창원시 의창구 태복산로7번길 1 (도계동),1,1,0,0,21.0,238.09,False,False,False,False,False,1,1,0,0
LOC003008,35.2529880873062,128.51684221346,4812725000.0,내서읍,마산회원구,경상남도 창원시 마산회원구 내서읍 광려천북로 24 외 2필지,2,1,0,1,,,False,False,False,True,False,1,1,1,0
LOC003009,35.253040556578,128.517293656455,4812725000.0,내서읍,마산회원구,경상남도 창원시 마산회원구 내서읍 광려천북로 28,2,1,1,0,,,True,False,False,False,False,1,1,0,1
LOC003010,35.2532236521856,128.636922650365,4812153000.0,명곡동,의창구,경상남도 창원시 의창구 원이대로114번길 6 (도계동),1,0,1,0,,,True,False,False,False,False,1,0,0,1
LOC003011,35.2534401116646,128.517197386118,4812725000.0,내서읍,마산회원구,경상남도 창원시 마산회원구 내서읍 광려천북로 34 외 3필지,1,1,0,0,,,False,False,False,False,False,1,1,0,0
LOC003012,35.2537505205772,128.668560545844,4812154000.0,봉림동,의창구,경상남도 창원시 의창구 소봉로 43 창원한들초등학교 (봉림동),1,0,1,0,,,True,False,False,False,False,1,0,0,1
LOC003013,35.2537572813789,128.515901331041,4812725000.0,내서읍,마산회원구,경상남도 창원시 마산회원구 내서읍 광려천서로 153,1,1,0,0,,,False,False,False,False,False,1,1,0,0
LOC003014,35.2539516266458,128.605110439632,4812152000.0,팔룡동,의창구,경상남도 창원시 의창구 소계로 12 (팔용동),27,24,2,1,153.0,10743.119999999999,False,True,False,False,False,24,23,1,2
LOC003015,35.2539585153666,128.605990298812,4812152000.0,팔룡동,의창구,경상남도 창원시 의창구 창원대로18번길 6 (팔용동),1,0,1,0,,,False,True,False,False,False,1,0,0,1
LOC003016,35.2540551095157,128.601892536153,4812151000.0,의창동,의창구,경상남도 창원시 의창구 구암동정길 82-1 (소계동),1,0,1,0,,,True,False,False,False,False,1,0,0,1
LOC003017,35.2543215799621,128.641667124891,4812153000.0,명곡동,의창구,경상남도 창원시 의창구 원이대로121번길 31 (도계동),1,1,0,0,11.0,128.67,False,False,False,False,False,1,1,0,0
LOC003018,35.2543430194069,128.50855217056,4812725000.0,내서읍,마산회원구,경상남도 창원시 마산회원구 내서읍 함마대로 2694-14,1,0,1,0,,,False,True,False,False,False,1,0,0,1
LOC003019,35.2543989618356,128.601876339958,4812151000.0,의창동,의창구,경상남도 창원시 의창구 구암동정길 88 (소계동) (총 3 필지),2,2,0,0,4.0,572.41,False,False,False,False,False,2,2,0,0
LOC003020,35.2547055381178,128.62941164714,4812153000.0,명곡동,의창구,경상남도 창원시 의창구 중동로 78 (중동 창원 중동 유니시티4단지),1,0,1,0,,,True,False,False,False,False,1,0,0,1
LOC003021,35.2547175932958,128.626231704119,4812151000.0,의창동,의창구,경상남도 창원시 의창구 중동로 34 (중동 창원중동유니시티1단지),1,0,1,0,,,True,False,False,False,False,1,0,0,1
LOC003022,35.2547264850096,128.601936292134,4812151000.0,의창동,의창구,경상남도 창원시 의창구 구암동정길 92 (소계동) 외 2필지,2,2,0,0,,,False,False,False,False,False,2,2,0,0
LOC003023,35.2547440531354,128.607582765704,4812152000.0,팔룡동,의창구,경상남도 창원시 의창구 사화로10번길 31-13 (팔용동),1,0,1,0,,,False,True,False,False,False,1,0,0,1
LOC003024,35.2549604456955,128.603085968785,4812151000.0,의창동,의창구,경상남도 창원시 의창구 소계로 33 (소계동),2,0,2,0,,,True,False,False,False,False,2,0,0,2
LOC003025,35.2550988824719,128.607920594269,4812152000.0,팔룡동,의창구,경상남도 창원시 의창구 사화로18번길 26 (팔용동),1,0,1,0,,,False,True,False,False,False,1,0,0,1
LOC003026,35.2551558348683,128.602602758887,4812151000.0,의창동,의창구,경상남도 창원시 의창구 소계로 41 (소계동),1,0,0,1,,,False,False,False,False,False,1,0,1,0
LOC003027,35.2553636720054,128.603268275646,4812151000.0,의창동,의창구,경상남도 창원시 의창구 소계로 34 (소계동),1,0,1,0,,,True,False,False,False,False,1,0,0,1
LOC003028,35.2554402007854,128.51135305875,4812725000.0,내서읍,마산회원구,경상남도 창원시 마산회원구 내서읍 유통단지로 33 내서농산물도매시장 관리화훼동 2층,3,0,1,2,,,False,True,False,True,False,3,0,2,1
LOC003029,35.2557051134493,128.608457975629,4812152000.0,팔룡동,의창구,경상남도 창원시 의창구 사화로18번길 16 (팔용동 MIT정비공업사),1,0,1,0,,,False,True,False,False,False,1,0,0,1
LOC003030,35.2557452338922,128.637258364799,4812153000.0,명곡동,의창구,경상남도 창원시 의창구 태복산로11번길 37 (도계동),1,1,0,0,,,False,False,False,False,False,1,1,0,0
LOC003031,35.2559350710905,128.605977766229,4812151000.0,의창동,의창구,경상남도 창원시 의창구 의창대로 45 (소계동),2,0,2,0,,,True,True,False,False,False,2,0,0,2
LOC003032,35.2559398363471,128.633863187315,4812153000.0,명곡동,의창구,경상남도 창원시 의창구 원이대로56번길 11 (도계동 서부스포츠센터),1,0,1,0,,,True,False,False,False,False,1,0,0,1
LOC003033,35.2561926085986,128.639254283571,4812153000.0,명곡동,의창구,경상남도 창원시 의창구 원이대로93번길 25 (도계동),1,1,0,0,5.0,234.6,False,False,False,False,False,1,1,0,0
LOC003034,35.2561959001531,128.606180353009,4812151000.0,의창동,의창구,경상남도 창원시 의창구 의창대로 51-3 KTX주유소 (소계동),1,0,1,0,,,False,True,False,False,False,1,0,0,1
LOC003035,35.2562853062919,128.520486643972,4812725000.0,내서읍,마산회원구,경상남도 창원시 마산회원구 내서읍 호계리 356-1번지,1,1,0,0,,,False,False,False,False,False,1,1,0,0
LOC003036,35.2563180256666,128.639143641407,4812153000.0,명곡동,의창구,경상남도 창원시 의창구 태복산로27번길 36 (도계동),1,1,0,0,3.0,54.6,False,False,False,False,False,1,1,0,0
LOC003037,35.2564097364052,128.639664853135,4812153000.0,명곡동,의창구,경상남도 창원시 의창구 원이대로93번길 29 (도계동),1,1,0,0,7.0,80.0,False,False,False,False,False,1,1,0,0
LOC003038,35.2565728445658,128.639772187883,4812153000.0,명곡동,의창구,경상남도 창원시 의창구 도계로 94 (도계동),1,0,1,0,,,False,True,False,False,False,1,0,0,1
LOC003039,35.2566260149864,128.624998278346,4812151000.0,의창동,의창구,경상남도 창원시 의창구 중동중앙로 47 어반브릭스 (중동),1,0,1,0,,,True,False,False,False,False,1,0,0,1
LOC003040,35.2566269233535,128.63948585152,4812153000.0,명곡동,의창구,경상남도 창원시 의창구 태복산로31번길 34 (도계동),1,0,1,0,,,False,True,False,False,False,1,0,0,1
LOC003041,35.2567428140913,128.639639260459,4812153000.0,명곡동,의창구,경상남도 창원시 의창구 도계로 92 (도계동),1,0,1,0,,,False,True,False,False,False,1,0,0,1
LOC003042,35.256764396981,128.619833944625,4812151000.0,의창동,의창구,경상남도 창원시 의창구 평산로159번길 30 (서상동),1,0,1,0,,,True,False,False,False,False,1,0,0,1
LOC003043,35.2569366327984,128.521138941327,4812725000.0,내서읍,마산회원구,경상남도 창원시 마산회원구 내서읍 호원로 265 (동서병원),3,0,2,1,,,True,True,False,False,False,3,0,1,2
LOC003044,35.2572888107519,128.509621684763,4812725000.0,내서읍,마산회원구,경상남도 창원시 마산회원구 내서읍 죽암로 36,1,0,0,1,,,False,False,False,True,True,1,0,1,0
LOC003045,35.2573282349764,128.609385302287,4812152000.0,팔룡동,의창구,경상남도 창원시 의창구 사화로 11 (팔용동),1,0,1,0,,,False,True,False,False,False,1,0,0,1
LOC003046,35.2581782518638,128.635446803487,4812153000.0,명곡동,의창구,경상남도 창원시 의창구 원이대로55번길 13 (도계동),1,0,1,0,,,False,True,False,False,False,1,0,0,1
LOC003047,35.2586283153461,128.610064659299,4812152000.0,팔룡동,의창구,경상남도 창원시 의창구 사화로9번길 15 (팔용동),1,0,1,0,,,False,True,False,False,False,1,0,0,1
LOC003048,35.2586845592117,128.614040849577,4812152000.0,팔룡동,의창구,"경상남도 창원시 의창구 의창대로116번길 34, 1층, 지하층 (팔용동)",1,1,0,0,5.0,399.76,False,False,False,False,False,1,1,0,0
LOC003049,35.2589170675803,128.635213880556,4812153000.0,명곡동,의창구,"경상남도 창원시 의창구 도계로18번길 16, 101호 (도계동)",1,1,0,0,3.0,99.47,False,False,False,False,False,1,1,0,0
LOC003050,35.2589906758136,128.609991838032,4812152000.0,팔룡동,의창구,경상남도 창원시 의창구 사화로1번길 20 (팔용동),1,0,1,0,,,False,True,False,False,False,1,0,0,1
LOC003051,35.2590019716648,128.633839175204,4812153000.0,명곡동,의창구,경상남도 창원시 의창구 도계로8번길 8 (도계동),1,0,1,0,,,False,True,False,False,False,1,0,0,1
LOC003052,35.2590252264907,128.634492742648,4812153000.0,명곡동,의창구,경상남도 창원시 의창구 도계로12번길 12 (도계동),1,1,0,0,15.0,78.0,False,False,False,False,False,1,1,0,0
LOC003053,35.2593922871126,128.518329762443,4812725000.0,내서읍,마산회원구,경상남도 창원시 마산회원구 내서읍 광려천서로 217,1,0,1,0,,,True,False,False,False,False,1,0,0,1
LOC003054,35.2594935712793,128.611540938706,4812152000.0,팔룡동,의창구,경상남도 창원시 의창구 남산로 12 (팔용동),1,0,1,0,,,False,True,False,False,False,1,0,0,1
LOC003055,35.2596733635822,128.633126370029,4812153000.0,명곡동,의창구,경상남도 창원시 의창구 도계로 5 (도계동),1,0,1,0,,,False,True,False,False,False,1,0,0,1
LOC003056,35.2597752207452,128.611086350737,4812152000.0,팔룡동,의창구,"경상남도 창원시 의창구 남산로 8, 3층(팔용동, 풍전빌딩)",1,1,0,0,,,False,False,False,False,False,1,1,0,0
LOC003057,35.2597892010654,128.596080479185,4812151000.0,의창동,의창구,경상남도 창원시 의창구 소계동 720-3번지,1,1,0,0,15.0,474.05,False,False,False,False,False,1,1,0,0
LOC003058,35.2598298731767,128.613625923079,4812152000.0,팔룡동,의창구,경상남도 창원시 의창구 의창대로132번길 22 (팔용동),1,1,0,0,12.0,223.28,False,False,False,False,False,1,1,0,0
LOC003059,35.259855954397,128.616788922168,4812152000.0,팔룡동,의창구,경상남도 창원시 의창구 팔용로 495 (팔용동),1,0,1,0,,,False,True,False,False,False,1,0,0,1
LOC003060,35.25987312943,128.503693849165,4812725000.0,내서읍,마산회원구,경상남도 창원시 마산회원구 내서읍 함마대로 2640 (마산대학),15,11,2,2,,,True,True,False,True,True,13,11,2,1
LOC003061,35.2599653786438,128.509168523303,4812725000.0,내서읍,마산회원구,"경상남도 창원시 마산회원구 내서읍 죽암로 89, 신세계요양병원",1,0,0,1,,,False,False,False,False,True,1,0,1,0
LOC003062,35.2600189281794,128.537623320911,4812725000.0,내서읍,마산회원구,경상남도 창원시 마산회원구 내서읍 송평로 376-1,1,1,0,0,,,False,False,False,False,False,1,1,0,0
LOC003063,35.2601811384085,128.615849666757,4812152000.0,팔룡동,의창구,"경상남도 창원시 의창구 남산로39번길 26, 3층(팔용동, 창원ICT융합빌드)",3,3,0,0,2.0,165.4,False,False,False,False,False,3,3,0,0
LOC003064,35.2602219025587,128.637868469997,4812153000.0,명곡동,의창구,경상남도 창원시 의창구 하남천서길5번길 8-1 (도계동),1,1,0,0,4.0,150.0,False,False,False,False,False,1,1,0,0
LOC003065,35.2602452309382,128.617217596602,4812152000.0,팔룡동,의창구,경상남도 창원시 의창구 팔용로 501 (팔용동),1,0,1,0,,,False,True,False,False,False,1,0,0,1
LOC003066,35.2603549181413,128.664104192699,4812154000.0,봉림동,의창구,경상남도 창원시 의창구 대봉로 137 (봉곡동),1,0,0,1,,,False,False,False,False,True,1,0,1,0
LOC003067,35.2604088819619,128.617488071396,4812152000.0,팔룡동,의창구,경상남도 창원시 의창구 팔용로 503 (팔용동),1,0,1,0,,,False,True,False,False,False,1,0,0,1
LOC003068,35.2606080470271,128.636851851757,4812153000.0,명곡동,의창구,"경상남도 창원시 의창구 도계로 41, 3층 301호 (도계동, 일호하이파이데파트)",1,1,0,0,6.0,78.0,False,False,False,False,False,1,1,0,0
LOC003069,35.2606124497925,128.615736046002,4812152000.0,팔룡동,의창구,경상남도 창원시 의창구 남산로17번길 40 (팔용동),1,0,1,0,,,False,True,False,False,False,1,0,0,1
LOC003070,35.2606341257666,128.622116655711,4812151000.0,의창동,의창구,경상남도 창원시 의창구 평산로211번길 32 (서상동),1,0,0,1,,,False,False,False,False,False,1,0,1,0
LOC003071,35.2606383766056,128.617619651717,4812152000.0,팔룡동,의창구,경상남도 창원시 의창구 팔용로 505 (팔용동),1,0,1,0,,,False,True,False,False,False,1,0,0,1
LOC003072,35.2607184241619,128.63476078863,4812153000.0,명곡동,의창구,경상남도 창원시 의창구 도계로 23-1 (도계동),1,0,1,0,,,False,True,False,False,False,1,0,0,1
LOC003073,35.2607724022596,128.61288040728,4812152000.0,팔룡동,의창구,경상남도 창원시 의창구 남산로9번길 18 (팔용동),1,0,1,0,,,False,True,False,False,False,1,0,0,1
LOC003074,35.2608495858818,128.62581066222,4812151000.0,의창동,의창구,경상남도 창원시 의창구 평산로219번길 3 (서상동 메트로병원),2,0,1,1,,,False,True,False,False,True,1,0,1,1
LOC003075,35.2608503489788,128.613712303557,4812152000.0,팔룡동,의창구,경상남도 창원시 의창구 남산로17번길 21 (팔용동),1,0,1,0,,,False,True,False,False,False,1,0,0,1
LOC003076,35.2608637594961,128.635036535352,4812153000.0,명곡동,의창구,경상남도 창원시 의창구 도계로 27 (도계동),1,0,1,0,,,False,True,False,False,False,1,0,0,1
LOC003077,35.2608949605588,128.494580669245,4812725000.0,내서읍,마산회원구,경상남도 창원시 마산회원구 내서읍 함마대로 2502-140,1,1,0,0,,,False,False,False,False,False,1,1,0,0
LOC003078,35.2609716049045,128.633431073647,4812153000.0,명곡동,의창구,"경상남도 창원시 의창구 도계로17번길 11, 1층 (도계동)",1,1,0,0,,,False,False,False,False,False,1,1,0,0
LOC003079,35.2612175421608,128.495220277167,4812725000.0,내서읍,마산회원구,경상남도 창원시 마산회원구 내서읍 함마대로 2502-189 (성실기계),2,1,1,0,,,False,False,True,False,False,1,1,0,1
LOC003080,35.2612203917415,128.521189557486,4812725000.0,내서읍,마산회원구,경상남도 창원시 마산회원구 내서읍 호계본동로 17-24 (신창정비실),1,1,0,0,,,False,False,False,False,False,1,1,0,0
LOC003081,35.2612451945194,128.499124857818,4812725000.0,내서읍,마산회원구,경상남도 창원시 마산회원구 내서읍 함마대로 2536-10,4,1,2,1,,,True,False,True,False,False,3,1,1,1
LOC003082,35.2612462437163,128.495690765735,4812725000.0,내서읍,마산회원구,경상남도 창원시 마산회원구 내서읍 함마대로 2502-79,3,0,2,1,,,True,False,True,False,False,1,0,1,1
LOC003083,35.2612486013194,128.632913281512,4812153000.0,명곡동,의창구,"경상남도 창원시 의창구 도계두리길6번길 11-24 (도계동, 유성빌라)",2,2,0,0,37.0,418.215,False,False,False,False,False,2,2,0,0
LOC003084,35.2612905417866,128.615458549244,4812152000.0,팔룡동,의창구,경상남도 창원시 의창구 남산로9번길 41 (팔용동),1,0,1,0,,,False,True,False,False,False,1,0,0,1
LOC003085,35.2613073457278,128.633795467693,4812153000.0,명곡동,의창구,경상남도 창원시 의창구 도계두리길 44 (도계동),1,1,0,0,44.0,738.9,False,False,False,False,False,1,1,0,0
LOC003086,35.2613663630764,128.509500191726,4812725000.0,내서읍,마산회원구,경상남도 창원시 마산회원구 내서읍 용담로 58-1,3,0,2,1,,,True,True,False,False,True,1,0,1,1
LOC003087,35.2614653814916,128.640504107058,4812153000.0,명곡동,의창구,"경상남도 창원시 의창구 하남천동길32번길 3-6, 1층 (도계동)",1,0,0,1,,,False,False,False,False,False,1,0,1,0
LOC003088,35.2615050000016,128.494450235307,4812725000.0,내서읍,마산회원구,경상남도 창원시 마산회원구 내서읍 함마대로 2502-130,1,1,0,0,,,False,False,False,False,False,1,1,0,0
LOC003089,35.2615517516979,128.495706379718,4812725000.0,내서읍,마산회원구,경상남도 창원시 마산회원구 내서읍 용담리 286-1,1,0,1,0,,,False,False,True,False,False,1,0,0,1
LOC003090,35.2616747160603,128.495251532082,4812725000.0,내서읍,마산회원구,경상남도 창원시 마산회원구 내서읍 용담리 718-2번지 외 3필지,1,1,0,0,,,False,False,False,False,False,1,1,0,0
LOC003091,35.2617005206817,128.495183549918,4812725000.0,내서읍,마산회원구,경상남도 창원시 마산회원구 내서읍 함마대로 2502-135 (내서읍 용담리 718-2),1,1,0,0,,,False,False,False,False,False,1,1,0,0
LOC003092,35.2617592628723,128.499830098124,4812725000.0,내서읍,마산회원구,경상남도 창원시 마산회원구 내서읍 함마대로 2536-1 (한전발전기),1,1,0,0,,,False,False,False,False,False,1,1,0,0
LOC003093,35.2617908086399,128.623557047862,4812151000.0,의창동,의창구,경상남도 창원시 의창구 의안로 1 (중동),1,0,1,0,,,False,True,False,False,False,1,0,0,1
LOC003094,35.2617976657441,128.496714779292,4812725000.0,내서읍,마산회원구,"경상남도 창원시 마산회원구 내서읍 함마대로 2502-33, 제2동호 외 1필지",3,3,0,0,,,False,False,False,False,False,3,3,0,0
LOC003095,35.2618746193262,128.498761315749,4812725000.0,내서읍,마산회원구,경상남도 창원시 마산회원구 내서읍 용담리 261번지 외 3필지,1,1,0,0,,,False,False,False,False,False,1,1,0,0
LOC003096,35.2619846186897,128.511996745941,4812725000.0,내서읍,마산회원구,경상남도 창원시 마산회원구 내서읍 수곡로 6-103,3,0,2,1,,,True,True,False,False,True,1,0,1,1
LOC003097,35.2620099091571,128.619232591627,4812151000.0,의창동,의창구,경상남도 창원시 의창구 서상로12번길 43 (서상동),1,0,1,0,,,False,True,False,False,False,1,0,0,1
LOC003098,35.2620344313577,128.49872316305,4812725000.0,내서읍,마산회원구,경상남도 창원시 마산회원구 내서읍 함마대로 2530,2,0,2,0,,,True,False,True,False,False,1,0,0,1
LOC003099,35.2620428801957,128.612594846435,4812151000.0,의창동,의창구,경상남도 창원시 의창구 동정길 3 (동정동),1,0,1,0,,,False,True,False,False,False,1,0,0,1
LOC003100,35.2620981886611,128.637133558915,4812153000.0,명곡동,의창구,경상남도 창원시 의창구 하남천서길51번길 36 (도계동),1,1,0,0,1.0,127.4,False,False,False,False,False,1,1,0,0
LOC003101,35.2621012731768,128.621084569323,4812151000.0,의창동,의창구,"경상남도 창원시 의창구 의창대로211번길 2, 지하 101호 (서상동)",2,2,0,0,15.0,456.5,False,False,False,False,False,2,2,0,0
LOC003102,35.2621266137172,128.520972338643,4812725000.0,내서읍,마산회원구,경상남도 창원시 마산회원구 내서읍 호계본동로 25 (성민섬유),1,1,0,0,,,False,False,False,False,False,1,1,0,0
LOC003103,35.2621948455874,128.52095735136,4812725000.0,내서읍,마산회원구,경상남도 창원시 마산회원구 내서읍 호계리 790-3,1,0,1,0,,,False,False,True,False,False,1,0,0,1
LOC003104,35.2622502252155,128.508053614765,4812725000.0,내서읍,마산회원구,경상남도 창원시 마산회원구 내서읍 용담로 77,1,1,0,0,,,False,False,False,False,False,1,1,0,0
LOC003105,35.2622528873348,128.493126150535,4812725000.0,내서읍,마산회원구,경상남도 창원시 마산회원구 내서읍 함마대로 2478-19,1,1,0,0,,,False,False,False,False,False,1,1,0,0
LOC003106,35.2622604048091,128.614907633234,4812151000.0,의창동,의창구,경상남도 창원시 의창구 서상로 14 (서상동),1,0,1,0,,,False,True,False,False,False,1,0,0,1
LOC003107,35.2623020694985,128.618439135583,4812151000.0,의창동,의창구,경상남도 창원시 의창구 천주로 6-2 (서상동),1,1,0,0,2.0,87.16,False,False,False,False,False,1,1,0,0
LOC003108,35.2623862316126,128.493939640709,4812725000.0,내서읍,마산회원구,경상남도 창원시 마산회원구 내서읍 함마대로 2484,1,0,1,0,,,True,False,False,False,False,1,0,0,1
LOC003109,35.2623927044415,128.617807916879,4812151000.0,의창동,의창구,경상남도 창원시 의창구 천주로 5 (서상동),1,0,1,0,,,False,True,False,False,False,1,0,0,1
LOC003110,35.2624216217436,128.496377487397,4812725000.0,내서읍,마산회원구,경상남도 창원시 마산회원구 내서읍 함마대로 2506,1,0,1,0,,,False,True,False,False,False,1,0,0,1
LOC003111,35.2624410385584,128.618492993869,4812151000.0,의창동,의창구,경상남도 창원시 의창구 천주로 6 (서상동),1,0,1,0,,,False,True,False,False,False,1,0,0,1
LOC003112,35.2627996830974,128.622021921664,4812151000.0,의창동,의창구,경상남도 창원시 의창구 천주로12번길 33 (서상동),1,0,1,0,,,False,True,False,False,False,1,0,0,1
LOC003113,35.262827172105,128.628796077916,4812151000.0,의창동,의창구,경상남도 창원시 의창구 읍성로 113 (소답동),1,0,1,0,,,False,True,False,False,False,1,0,0,1
LOC003114,35.2628617230861,128.498414133628,4812725000.0,내서읍,마산회원구,경상남도 창원시 마산회원구 내서읍 함마대로 2525-2,1,1,0,0,,,False,False,False,False,False,1,1,0,0
LOC003115,35.2630617901314,128.609090149593,4812151000.0,의창동,의창구,경상남도 창원시 의창구 정렬대로 110 (동정동),1,0,1,0,,,False,True,False,False,False,1,0,0,1
LOC003116,35.2630621249105,128.491115734438,4812725000.0,내서읍,마산회원구,경상남도 창원시 마산회원구 내서읍 함마대로 2456-22,1,1,0,0,,,False,False,False,False,False,1,1,0,0
LOC003117,35.2630986172819,128.628220569192,4812151000.0,의창동,의창구,경상남도 창원시 의창구 읍성로 110-1 (소답동),1,0,1,0,,,False,True,False,False,False,1,0,0,1
LOC003118,35.2631897244395,128.622983357349,4812151000.0,의창동,의창구,경상남도 창원시 의창구 천주로12번길 39-15 (중동),1,1,0,0,2.0,83.01,False,False,False,False,False,1,1,0,0
LOC003119,35.2633083485494,128.628353217207,4812151000.0,의창동,의창구,"경상남도 창원시 의창구 읍성로 110, 신아빌 101호 (소답동)",1,1,0,0,26.0,123.85,False,False,False,False,False,1,1,0,0
LOC003120,35.2635102340609,128.490668695201,4812725000.0,내서읍,마산회원구,경상남도 창원시 마산회원구 내서읍 함마대로 2452,1,0,1,0,,,False,True,False,False,False,1,0,0,1
LOC003121,35.2636776274228,128.508644761368,4812725000.0,내서읍,마산회원구,경상남도 창원시 마산회원구 내서읍 수곡로 6-61,1,1,0,0,,,False,False,False,False,False,1,1,0,0
LOC003122,35.2637213557538,128.629010884829,4812151000.0,의창동,의창구,"경상남도 창원시 의창구 의창대로289번길 23 (소답동, 덕성전자(주))",1,1,0,0,23.0,226.39,False,False,False,False,False,1,1,0,0
LOC003123,35.2638136386282,128.508412350295,4812725000.0,내서읍,마산회원구,경상남도 창원시 마산회원구 내서읍 수곡로 6-55,1,1,0,0,,,False,False,False,False,False,1,1,0,0
LOC003124,35.2639818561143,128.608879677157,4812151000.0,의창동,의창구,경상남도 창원시 의창구 정렬대로 119 천주산주유소 (동정동),1,0,1,0,,,False,True,False,False,False,1,0,0,1
LOC003125,35.2640677135927,128.495300776241,4812725000.0,내서읍,마산회원구,경상남도 창원시 마산회원구 내서읍 용담리 584-4번지,1,1,0,0,,,False,False,False,False,False,1,1,0,0
LOC003126,35.2645337310643,128.506408754031,4812725000.0,내서읍,마산회원구,경상남도 창원시 마산회원구 내서읍 수곡로 6-17,1,1,0,0,,,False,False,False,False,False,1,1,0,0
LOC003127,35.2645451077702,128.50714508637,4812725000.0,내서읍,마산회원구,경상남도 창원시 마산회원구 내서읍 수곡로 6-27 외 3필지,1,1,0,0,,,False,False,False,False,False,1,1,0,0
LOC003128,35.2647960511134,128.506527012225,4812725000.0,내서읍,마산회원구,경상남도 창원시 마산회원구 내서읍 수곡로 16-2,1,1,0,0,,,False,False,False,False,False,1,1,0,0
LOC003129,35.2649470348123,128.506394647933,4812725000.0,내서읍,마산회원구,경상남도 창원시 마산회원구 내서읍 수곡로 16-5,2,1,1,0,,,False,True,False,False,False,1,1,0,1
LOC003130,35.2650851002176,128.506119961357,4812725000.0,내서읍,마산회원구,경상남도 창원시 마산회원구 내서읍 수곡로 16-1,1,1,0,0,,,False,False,False,False,False,1,1,0,0
LOC003131,35.2651057663786,128.626985309349,4812151000.0,의창동,의창구,"경상남도 창원시 의창구 읍성로 81, 2층(소답동, 봉화빌딩)",1,1,0,0,,,False,False,False,False,False,1,1,0,0
LOC003132,35.2651535091425,128.624693753254,4812151000.0,의창동,의창구,"경상남도 창원시 의창구 읍성로 59 (소답동, 송원상가)",1,1,0,0,3.0,190.57,False,False,False,False,False,1,1,0,0
LOC003133,35.2652379801351,128.504154617894,4812725000.0,내서읍,마산회원구,경상남도 창원시 마산회원구 내서읍 용담리 103-14 번지,1,1,0,0,,,False,False,False,False,False,1,1,0,0
LOC003134,35.2652431857021,128.505844215815,4812725000.0,내서읍,마산회원구,경상남도 창원시 마산회원구 내서읍 수곡로 16 (주)삼광,2,1,1,0,,,False,True,False,False,False,2,1,0,1
LOC003135,35.2653000010775,128.506369644884,4812725000.0,내서읍,마산회원구,경상남도 창원시 마산회원구 내서읍 수곡로 16-4,1,1,0,0,,,False,False,False,False,False,1,1,0,0
LOC003136,35.2654051873838,128.503920463747,4812725000.0,내서읍,마산회원구,경상남도 창원시 마산회원구 내서읍 수곡로 21-33,2,2,0,0,,,False,False,False,False,False,2,2,0,0
LOC003137,35.2655429685592,128.503711698125,4812725000.0,내서읍,마산회원구,경상남도 창원시 마산회원구 내서읍 용담리 103-11 번지,1,1,0,0,,,False,False,False,False,False,1,1,0,0
LOC003138,35.2655582628172,128.505974218616,4812725000.0,내서읍,마산회원구,경상남도 창원시 마산회원구 내서읍 수곡로 22,1,1,0,0,,,False,False,False,False,False,1,1,0,0
LOC003139,35.2656576662671,128.506792297693,4812725000.0,내서읍,마산회원구,경상남도 창원시 마산회원구 내서읍 수곡로 24-55,2,0,2,0,,,True,False,True,False,False,1,0,0,1
LOC003140,35.2659352873283,128.504370579538,4812725000.0,내서읍,마산회원구,경상남도 창원시 마산회원구 내서읍 수곡로 21-21,3,0,2,1,,,True,True,False,False,True,2,0,1,2
LOC003141,35.2659840113906,128.621844310351,4812151000.0,의창동,의창구,경상남도 창원시 의창구 의안로49번길 19 (북동),1,1,0,0,3.0,57.96,False,False,False,False,False,1,1,0,0
LOC003142,35.2660667272104,128.504650035801,4812725000.0,내서읍,마산회원구,경상남도 창원시 마산회원구 내서읍 수곡로 25,1,1,0,0,,,False,False,False,False,False,1,1,0,0
LOC003143,35.2661643403922,128.639181325175,4812153000.0,명곡동,의창구,경상남도 창원시 의창구 의창대로 396 (도계동),1,0,1,0,,,False,True,False,False,False,1,0,0,1
LOC003144,35.2661692224241,128.50452490112,4812725000.0,내서읍,마산회원구,경상남도 창원시 마산회원구 내서읍 수곡로 27 (두성ENG),1,1,0,0,,,False,False,False,False,False,1,1,0,0
LOC003145,35.2661757108484,128.503916134109,4812725000.0,내서읍,마산회원구,경상남도 창원시 마산회원구 내서읍 수곡로 21-28,1,1,0,0,,,False,False,False,False,False,1,1,0,0
LOC003146,35.2661864031721,128.505744421292,4812725000.0,내서읍,마산회원구,경상남도 창원시 마산회원구 내서읍 수곡로 24-9,3,1,2,0,,,True,True,False,False,False,1,1,0,1
LOC003147,35.2663045036371,128.524986267974,4812725000.0,내서읍,마산회원구,"경상남도 창원시 마산회원구 내서읍 호원로 361-3, 코오롱하늘채1차아파트 제3상가 103호(코오롱하늘채1차아파트)",2,1,1,0,,,False,True,False,False,False,2,1,0,1
LOC003148,35.2663504873022,128.50324696098,4812725000.0,내서읍,마산회원구,경상남도 창원시 마산회원구 내서읍 수곡로 21-27,1,1,0,0,,,False,False,False,False,False,1,1,0,0
LOC003149,35.2663618928431,128.504881093642,4812725000.0,내서읍,마산회원구,경상남도 창원시 마산회원구 내서읍 수곡로 28,1,1,0,0,,,False,False,False,False,False,1,1,0,0
LOC003150,35.2663836958556,128.626797904315,4812151000.0,의창동,의창구,"경상남도 창원시 의창구 의안로56번길 26 (소답동, 북창상가)",1,1,0,0,35.0,1698.6,False,False,False,False,False,1,1,0,0
LOC003151,35.2664159474672,128.526718425751,4812725000.0,내서읍,마산회원구,경상남도 창원시 마산회원구 내서읍 호원로 377 (외 2필지(12-13 12-14)),1,0,1,0,,,False,True,False,False,False,1,0,0,1
LOC003152,35.266596673297,128.504271820599,4812725000.0,내서읍,마산회원구,경상남도 창원시 마산회원구 내서읍 수곡로 33,2,2,0,0,,,False,False,False,False,False,2,2,0,0
LOC003153,35.2666421807319,128.50523583185,4812725000.0,내서읍,마산회원구,경상남도 창원시 마산회원구 내서읍 수곡로 30 (용수자원),1,1,0,0,,,False,False,False,False,False,1,1,0,0
LOC003154,35.2667117538437,128.503714287091,4812725000.0,내서읍,마산회원구,경상남도 창원시 마산회원구 수곡로 43 (내서읍) 외 3필지,1,1,0,0,,,False,False,False,False,False,1,1,0,0
LOC003155,35.2668413166055,128.616338726252,4812151000.0,의창동,의창구,경상남도 창원시 의창구 천주로56번길 1 도경주유소 (동정동),1,0,1,0,,,False,True,False,False,False,1,0,0,1
LOC003156,35.2670461509448,128.611070425862,4812151000.0,의창동,의창구,경상남도 창원시 의창구 정렬대로 159 (동정동),1,0,1,0,,,False,True,False,False,False,1,0,0,1
LOC003157,35.2671858986721,128.50459106238,4812725000.0,내서읍,마산회원구,경상남도 창원시 마산회원구 내서읍 수곡로 38 (창일정공),1,1,0,0,,,False,False,False,False,False,1,1,0,0
LOC003158,35.2673841232287,128.504450003868,4812725000.0,내서읍,마산회원구,경상남도 창원시 마산회원구 내서읍 수곡로 40,2,1,1,0,,,False,True,False,False,False,2,1,0,1
LOC003159,35.26756484898,128.625556828088,4812151000.0,의창동,의창구,"경상남도 창원시 의창구 읍성로67번길 30, 소답대림빌라 제1층상가 (소답동)",1,1,0,0,2.0,88.0,False,False,False,False,False,1,1,0,0
LOC003160,35.2676248768078,128.521388407907,4812725000.0,내서읍,마산회원구,"경상남도 창원시 마산회원구 내서읍 호계본동1길 81, 203호",2,1,1,0,,,False,True,False,False,False,2,1,0,1
LOC003161,35.2676321306294,128.50434964511,4812725000.0,내서읍,마산회원구,경상남도 창원시 마산회원구 내서읍 수곡로 42 (대웅산업),1,1,0,0,,,False,False,False,False,False,1,1,0,0
LOC003162,35.2676948371756,128.503416083384,4812725000.0,내서읍,마산회원구,경상남도 창원시 마산회원구 내서읍 수곡로 50 (성화산업),1,1,0,0,,,False,False,False,False,False,1,1,0,0
LOC003163,35.2676957769948,128.503666758992,4812725000.0,내서읍,마산회원구,경상남도 창원시 마산회원구 내서읍 수곡로 46-1 (서경정밀),1,1,0,0,,,False,False,False,False,False,1,1,0,0
LOC003164,35.2677159208889,128.52908488779,4812725000.0,내서읍,마산회원구,경상남도 창원시 마산회원구 내서읍 호원로 403 산성교회,1,0,1,0,,,True,False,False,False,False,1,0,0,1
LOC003165,35.2677743275795,128.500578000775,4812725000.0,내서읍,마산회원구,경상남도 창원시 마산회원구 내서읍 수곡로 61-79,4,0,3,1,,,True,True,False,False,False,2,0,1,2
LOC003166,35.2678693761272,128.50268601337,4812725000.0,내서읍,마산회원구,경상남도 창원시 마산회원구 내서읍 수곡로 55,1,1,0,0,,,False,False,False,False,False,1,1,0,0
LOC003167,35.2678883394816,128.501318453945,4812725000.0,내서읍,마산회원구,경상남도 창원시 마산회원구 내서읍 용담리 51-1번지,1,1,0,0,,,False,False,False,False,False,1,1,0,0
LOC003168,35.2680155135467,128.503153767153,4812725000.0,내서읍,마산회원구,경상남도 창원시 마산회원구 내서읍 수곡로 50-9 (성인전기),1,1,0,0,,,False,False,False,False,False,1,1,0,0
LOC003169,35.2680690477563,128.529781631554,4812725000.0,내서읍,마산회원구,경상남도 창원시 마산회원구 내서읍 호원로 417 외 1필지,1,0,1,0,,,False,True,False,False,False,1,0,0,1
LOC003170,35.2682393412641,128.501640426041,4812725000.0,내서읍,마산회원구,경상남도 창원시 마산회원구 내서읍 수곡로 61-14,1,0,1,0,,,True,False,False,False,False,1,0,0,1
LOC003171,35.2682400429474,128.501431427455,4812725000.0,내서읍,마산회원구,경상남도 창원시 마산회원구 내서읍 수곡로 61-48,1,1,0,0,,,False,False,False,False,False,1,1,0,0
LOC003172,35.2682848841299,128.500839176101,4812725000.0,내서읍,마산회원구,경상남도 창원시 마산회원구 내서읍 용담리 산 70-3번지,1,1,0,0,,,False,False,False,False,False,1,1,0,0
LOC003173,35.2683080146087,128.503135324838,4812725000.0,내서읍,마산회원구,경상남도 창원시 마산회원구 내서읍 수곡로 50-25 B동 공장,1,1,0,0,,,False,False,False,False,False,1,1,0,0
LOC003174,35.2683436227663,128.502481694554,4812725000.0,내서읍,마산회원구,경상남도 창원시 마산회원구 내서읍 수곡로 59 (선진산업),2,1,1,0,,,True,False,False,False,False,1,1,0,1
LOC003175,35.2685704538361,128.502961380992,4812725000.0,내서읍,마산회원구,경상남도 창원시 마산회원구 내서읍 수곡로 60 (다록인텍),1,1,0,0,,,False,False,False,False,False,1,1,0,0
LOC003176,35.2686145137251,128.499461949651,4812725000.0,내서읍,마산회원구,경상남도 창원시 마산회원구 내서읍 수곡로 71-67,1,1,0,0,,,False,False,False,False,False,1,1,0,0
LOC003177,35.2686780469259,128.497374201728,4812725000.0,내서읍,마산회원구,경상남도 창원시 마산회원구 내서읍 용담리 842-1번지,1,1,0,0,,,False,False,False,False,False,1,1,0,0
LOC003178,35.2687183738509,128.497494615332,4812725000.0,내서읍,마산회원구,경상남도 창원시 마산회원구 내서읍 수곡로 71-140,2,0,2,0,,,True,True,False,False,False,1,0,0,1
LOC003179,35.2687216055297,128.498536332627,4812725000.0,내서읍,마산회원구,경상남도 창원시 마산회원구 내서읍 수곡로 71-113,2,1,1,0,,,False,True,False,False,False,1,1,0,1
LOC003180,35.2687248699293,128.500279704989,4812725000.0,내서읍,마산회원구,경상남도 창원시 마산회원구 내서읍 수곡로 71-61,2,2,0,0,,,False,False,False,False,False,2,2,0,0
LOC003181,35.2687856590159,128.503614922767,4812725000.0,내서읍,마산회원구,"경상남도 창원시 마산회원구 내서읍 수곡로 50-37, A, B동 (내서읍, 영창기계공업사)",1,1,0,0,,,False,False,False,False,False,1,1,0,0
LOC003182,35.2687914657702,128.502770516861,4812725000.0,내서읍,마산회원구,경상남도 창원시 마산회원구 내서읍 수곡로 62,2,1,1,0,,,False,True,False,False,False,1,1,0,1
LOC003183,35.2688452350331,128.499534334383,4812725000.0,내서읍,마산회원구,경상남도 창원시 마산회원구 내서읍 수곡로 71-81,1,0,1,0,,,False,True,False,False,False,1,0,0,1
LOC003184,35.2689379957872,128.503308174285,4812725000.0,내서읍,마산회원구,경상남도 창원시 마산회원구 내서읍 용담리 70-5,1,0,1,0,,,False,True,False,False,False,1,0,0,1
LOC003185,35.2689435487679,128.498597124456,4812725000.0,내서읍,마산회원구,경상남도 창원시 마산회원구 내서읍 수곡로 71-117,2,1,1,0,,,False,True,False,False,False,1,1,0,1
LOC003186,35.2689943253611,128.498957844381,4812725000.0,내서읍,마산회원구,경상남도 창원시 마산회원구 내서읍 수곡로 71-107,2,2,0,0,,,False,False,False,False,False,2,2,0,0
LOC003187,35.2691039334865,128.502124082004,4812725000.0,내서읍,마산회원구,경상남도 창원시 마산회원구 내서읍 수곡로 68 (세방금속),1,1,0,0,,,False,False,False,False,False,1,1,0,0
LOC003188,35.2692065430464,128.502925548387,4812725000.0,내서읍,마산회원구,경상남도 창원시 마산회원구 내서읍 수곡로 70-34 (2.5소재기술),1,1,0,0,,,False,False,False,False,False,1,1,0,0
LOC003189,35.2694022067445,128.501205067892,4812725000.0,내서읍,마산회원구,경상남도 창원시 마산회원구 내서읍 수곡로 75,3,1,2,0,,,True,True,False,False,False,1,1,0,1
LOC003190,35.2695262198567,128.503084533449,4812725000.0,내서읍,마산회원구,경상남도 창원시 마산회원구 내서읍 수곡로 70-45 (큐브텍),2,1,0,1,,,False,False,False,False,False,1,1,1,0
LOC003191,35.2696225004783,128.502480146603,4812725000.0,내서읍,마산회원구,경상남도 창원시 마산회원구 내서읍 수곡로 70-21,3,1,2,0,,,True,True,False,False,False,1,1,0,1
LOC003192,35.2696931117251,128.49711221828,4812725000.0,내서읍,마산회원구,경상남도 창원시 마산회원구 내서읍 수곡로 71-138,1,1,0,0,,,False,False,False,False,False,1,1,0,0
LOC003193,35.2697422016441,128.50157882172,4812725000.0,내서읍,마산회원구,경상남도 창원시 마산회원구 내서읍 수곡로 78,1,1,0,0,,,False,False,False,False,False,1,1,0,0
LOC003194,35.269860101441,128.502078261684,4812725000.0,내서읍,마산회원구,경상남도 창원시 마산회원구 내서읍 수곡로 70-15,4,1,3,0,,,True,True,False,False,False,2,1,0,2
LOC003195,35.2706254910155,128.499444066444,4812725000.0,내서읍,마산회원구,경상남도 창원시 마산회원구 내서읍 수곡로 116 ((주)제이더블류시스텍) (총 3 필지),2,1,0,1,,,False,False,False,True,False,1,1,1,0
LOC003196,35.2706509630855,128.500050050131,4812725000.0,내서읍,마산회원구,경상남도 창원시 마산회원구 내서읍 수곡로 121,1,0,1,0,,,False,True,False,False,False,1,0,0,1
LOC003197,35.2707354309459,128.499641264137,4812725000.0,내서읍,마산회원구,경상남도 창원시 마산회원구 내서읍 수곡로 115,1,1,0,0,,,False,False,False,False,False,1,1,0,0
LOC003198,35.2718893545646,128.635018436151,4812125000.0,동읍,의창구,경상남도 창원시 의창구 동읍 의창대로421번길 77,1,1,0,0,,,False,False,False,False,False,1,1,0,0
LOC003199,35.2721714592397,128.704879713509,4812125000.0,동읍,의창구,경상남도 창원시 의창구 동읍 자여로 134,1,1,0,0,29.0,491.04,False,False,False,False,False,1,1,0,0
LOC003200,35.272875342459,128.644613337714,4812125000.0,동읍,의창구,경상남도 창원시 의창구 동읍 의창대로491번길 57-16,1,1,0,0,0.0,332.5,False,False,False,False,False,1,1,0,0
LOC003201,35.2731128783011,128.644761003012,4812125000.0,동읍,의창구,경상남도 창원시 의창구 동읍 의창대로491번길 63-20,1,1,0,0,,,False,False,False,False,False,1,1,0,0
LOC003202,35.2734402789102,128.644920926453,4812125000.0,동읍,의창구,경상남도 창원시 의창구 동읍 의창대로491번길 69-11,1,1,0,0,,,False,False,False,False,False,1,1,0,0
LOC003203,35.2736349579576,128.706130540866,4812125000.0,동읍,의창구,"경상남도 창원시 의창구 동읍 자여로115번길 17, 지하1층",1,1,0,0,,,False,False,False,False,False,1,1,0,0
LOC003204,35.2738900860389,128.672800774374,4812125000.0,동읍,의창구,경상남도 창원시 의창구 동읍 의창대로 741,1,0,1,0,,,False,True,False,False,False,1,0,0,1
LOC003205,35.2743699293683,128.703065050291,4812125000.0,동읍,의창구,경상남도 창원시 의창구 동읍 자여로112번길 12,1,1,0,0,3.0,90.72,False,False,False,False,False,1,1,0,0
LOC003206,35.2768394720957,128.684599621137,4812125000.0,동읍,의창구,"경상남도 창원시 의창구 동읍 의창대로 854, 401호 (동읍상가)",2,2,0,0,12.0,495.0,False,False,False,False,False,2,2,0,0
LOC003207,35.2772815083518,128.698620926418,4812125000.0,동읍,의창구,경상남도 창원시 의창구 동읍 자여로 50-13,2,2,0,0,8.0,336.0,False,False,False,False,False,2,2,0,0
LOC003208,35.2773541534702,128.690896306645,4812125000.0,동읍,의창구,경상남도 창원시 의창구 동읍 의창대로 920-7 (동읍실내체육관),1,1,0,0,13.0,473.82,False,False,False,False,False,1,1,0,0
LOC003209,35.2774408718238,128.682468047111,4812125000.0,동읍,의창구,"경상남도 창원시 의창구 동읍 의창대로 835, 2층 좌현사무실",2,2,0,0,8.0,120.71,False,False,False,False,False,2,2,0,0
LOC003210,35.2775843316367,128.698221831909,4812125000.0,동읍,의창구,경상남도 창원시 의창구 동읍 자여로42번길 11,1,1,0,0,,,False,False,False,False,False,1,1,0,0
LOC003211,35.2778991897309,128.697767815923,4812125000.0,동읍,의창구,경상남도 창원시 의창구 동읍 자여로42번길 13,1,1,0,0,15.0,589.5,False,False,False,False,False,1,1,0,0
LOC003212,35.2780858145071,128.686709918301,4812125000.0,동읍,의창구,경상남도 창원시 의창구 동읍 의창대로 870-5,1,0,1,0,,,True,False,False,False,False,1,0,0,1
LOC003213,35.2783028978732,128.690422798213,4812125000.0,동읍,의창구,경상남도 창원시 의창구 동읍 의창대로 920-8,1,1,0,0,,,False,False,False,False,False,1,1,0,0
LOC003214,35.2783581481309,128.687072634026,4812125000.0,동읍,의창구,경상남도 창원시 의창구 동읍 의창대로 882,1,0,0,1,,,False,False,False,False,True,1,0,1,0
LOC003215,35.2789094250152,128.683035956887,4812125000.0,동읍,의창구,경상남도 창원시 의창구 동읍 동읍로19번길 14,1,1,0,0,,,False,False,False,False,False,1,1,0,0
LOC003216,35.2790059382296,128.687615248586,4812125000.0,동읍,의창구,경상남도 창원시 의창구 동읍 의창대로 887 (총 2 필지),1,1,0,0,3.0,132.95,False,False,False,False,False,1,1,0,0
LOC003217,35.2790904698001,128.695527834016,4812125000.0,동읍,의창구,경상남도 창원시 의창구 동읍 의창대로 950,4,1,2,1,74.0,5562.0,True,False,True,False,True,1,1,1,1
LOC003218,35.280288085596,128.693521132897,4812125000.0,동읍,의창구,경상남도 창원시 의창구 동읍 의창대로 947-6,1,0,1,0,,,False,True,False,False,False,1,0,0,1
LOC003219,35.2813608034434,128.697197802946,4812125000.0,동읍,의창구,경상남도 창원시 의창구 동읍 의창대로 986,5,2,2,1,43.0,3815.67,True,False,True,False,False,1,1,1,1
LOC003220,35.2856031085626,128.681375269491,4812125000.0,동읍,의창구,경상남도 창원시 의창구 동읍 동읍로 110-17,1,0,1,0,,,False,True,False,False,False,1,0,0,1
LOC003221,35.2857819835903,128.683209754255,4812125000.0,동읍,의창구,경상남도 창원시 의창구 동읍 신방로 17 (동읍대한아파트),1,1,0,0,37.0,427.12,False,False,False,False,False,1,1,0,0
LOC003222,35.2861941981075,128.702779301741,4812125000.0,동읍,의창구,경상남도 창원시 의창구 동읍 의창대로 1024,2,0,1,1,,,False,True,False,False,True,1,0,1,1
LOC003223,35.2862318628795,128.679658154886,4812125000.0,동읍,의창구,경상남도 창원시 의창구 동읍 동읍로 119,1,0,1,0,,,False,True,False,False,False,1,0,0,1
LOC003224,35.2864246388551,128.683759868002,4812125000.0,동읍,의창구,경상남도 창원시 의창구 동읍 신방로 31,2,2,0,0,35.0,361.08,False,False,False,False,False,2,2,0,0
LOC003225,35.2874568269084,128.611972255561,4812131000.0,북면,의창구,경상남도 창원시 의창구 북면 정렬대로 410,1,0,1,0,,,False,True,False,False,False,1,0,0,1
LOC003226,35.288966889979,128.610113611428,4812131000.0,북면,의창구,경상남도 창원시 의창구 북면 구룡로 15-66,1,0,1,0,,,False,True,False,False,False,1,0,0,1
LOC003227,35.2890538300313,128.699459971998,4812125000.0,동읍,의창구,"경상남도 창원시 의창구 동읍 무성길 32-21, 1층",1,1,0,0,,,False,False,False,False,False,1,1,0,0
LOC003228,35.2890552297962,128.696870293606,4812125000.0,동읍,의창구,경상남도 창원시 의창구 동읍 무성길47번길 30,1,1,0,0,9.0,145.88,False,False,False,False,False,1,1,0,0
LOC003229,35.2891973845836,128.699242483174,4812125000.0,동읍,의창구,"경상남도 창원시 의창구 동읍 무성길 43, 외 2필지",1,1,0,0,28.0,411.92,False,False,False,False,False,1,1,0,0
LOC003230,35.290008693875,128.701328945371,4812125000.0,동읍,의창구,경상남도 창원시 의창구 동읍 무성길 63,2,1,1,0,,,True,False,False,False,False,2,1,0,1
LOC003231,35.2900259929255,128.701002526347,4812125000.0,동읍,의창구,경상남도 창원시 의창구 동읍 무성리 166번지 외 7필지,1,1,0,0,7.0,240.0,False,False,False,False,False,1,1,0,0
LOC003232,35.2904066451926,128.686959921199,4812125000.0,동읍,의창구,경상남도 창원시 의창구 동읍 신방로39번길 46-14 (태일정밀),1,1,0,0,18.0,493.0,False,False,False,False,False,1,1,0,0
LOC003233,35.2904855277451,128.684261992051,4812125000.0,동읍,의창구,"경상남도 창원시 의창구 동읍 신방로39번길 57, 외 2필지",1,1,0,0,9.0,1860.41,False,False,False,False,False,1,1,0,0
LOC003234,35.2906304283799,128.701079695595,4812125000.0,동읍,의창구,경상남도 창원시 의창구 동읍 무성리 173번지 외 7필지,1,1,0,0,17.0,1506.0,False,False,False,False,False,1,1,0,0
LOC003235,35.2906426766049,128.687192128552,4812125000.0,동읍,의창구,경상남도 창원시 의창구 동읍 신방로39번길 46-16,1,1,0,0,7.0,271.94,False,False,False,False,False,1,1,0,0
LOC003236,35.2906628060089,128.699584620581,4812125000.0,동읍,의창구,경상남도 창원시 의창구 동읍 무성길91번길 22 (동읍),2,2,0,0,11.0,1588.9,False,False,False,False,False,2,2,0,0
LOC003237,35.2909907833385,128.683404988541,4812125000.0,동읍,의창구,경상남도 창원시 의창구 동읍 신방로39번길 67,1,1,0,0,20.0,905.19,False,False,False,False,False,1,1,0,0
LOC003238,35.2915020246196,128.683244212861,4812125000.0,동읍,의창구,경상남도 창원시 의창구 동읍 신방로39번길 72,1,1,0,0,22.0,289.5,False,False,False,False,False,1,1,0,0
LOC003239,35.2923597791807,128.675159123762,4812125000.0,동읍,의창구,경상남도 창원시 의창구 동읍 동읍로 195,1,0,1,0,,,False,True,False,False,False,1,0,0,1
LOC003240,35.2927428482345,128.688593564835,4812125000.0,동읍,의창구,경상남도 창원시 의창구 동읍 무점길 71-23,4,1,2,1,4.0,489.6,True,False,True,False,True,1,1,1,1
LOC003241,35.293791024432,128.67266987068,4812125000.0,동읍,의창구,경상남도 창원시 의창구 동읍 동읍로213번길 21-27,1,1,0,0,,,False,False,False,False,False,1,1,0,0
LOC003242,35.294521897083,128.698363612748,4812125000.0,동읍,의창구,경상남도 창원시 의창구 동읍 무성길 129,2,1,1,0,17.0,570.0,False,False,True,False,False,1,1,0,1
LOC003243,35.295069482793,128.676860196682,4812125000.0,동읍,의창구,경상남도 창원시 의창구 동읍 동읍로224번길 14,1,1,0,0,120.0,546.0,False,False,False,False,False,1,1,0,0
LOC003244,35.2957043095305,128.677430940896,4812125000.0,동읍,의창구,경상남도 창원시 의창구 동읍 신방리 313-2번지,1,1,0,0,4.0,332.23,False,False,False,False,False,1,1,0,0
LOC003245,35.2961284746596,128.677309983886,4812125000.0,동읍,의창구,경상남도 창원시 의창구 동읍 동읍로224번길 22 (총 3 필지) 외 2필지,2,2,0,0,36.0,2236.49,False,False,False,False,False,2,2,0,0
LOC003246,35.2964087606533,128.588400545591,4812131000.0,북면,의창구,경상남도 창원시 의창구 북면 감계로156번길 4,1,1,0,0,9.0,979.02,False,False,False,False,False,1,1,0,0
LOC003247,35.296426417059,128.587721761526,4812131000.0,북면,의창구,경상남도 창원시 의창구 북면 감계로156번길 3,1,1,0,0,,,False,False,False,False,False,1,1,0,0
LOC003248,35.2964566093893,128.589004650451,4812131000.0,북면,의창구,경상남도 창원시 의창구 북면 감계로156번길 6-8,3,2,0,1,29.0,2235.51,False,False,False,False,False,3,2,1,0
LOC003249,35.2965147734414,128.586991262827,4812131000.0,북면,의창구,경상남도 창원시 의창구 북면 감계로156번길 5-7,1,1,0,0,17.0,423.05,False,False,False,False,False,1,1,0,0
LOC003250,35.2965499134451,128.677560957508,4812125000.0,동읍,의창구,경상남도 창원시 의창구 동읍 동읍로224번길 32 ((주)엠스코 단조공장),2,1,1,0,12.0,345.25,True,False,False,False,False,1,1,0,1
LOC003251,35.2965582833065,128.677301925796,4812125000.0,동읍,의창구,경상남도 창원시 의창구 동읍 신방리 301-6,1,0,1,0,,,False,False,True,False,False,1,0,0,1
LOC003252,35.296935528438,128.588612997695,4812131000.0,북면,의창구,경상남도 창원시 의창구 북면 감계로156번길 6-9,1,1,0,0,5.0,472.78,False,False,False,False,False,1,1,0,0
LOC003253,35.2969376603231,128.587483092404,4812131000.0,북면,의창구,경상남도 창원시 의창구 북면 감계로156번길 5-10,2,1,0,1,7.0,492.0,False,False,False,False,False,1,1,1,0
LOC003254,35.296939289879,128.588333525058,4812131000.0,북면,의창구,경상남도 창원시 의창구 북면 감계로156번길 8,1,1,0,0,7.0,629.4,False,False,False,False,False,1,1,0,0
LOC003255,35.2969658014381,128.589224018144,4812131000.0,북면,의창구,경상남도 창원시 의창구 북면 감계로156번길 6-10,1,1,0,0,3.0,433.76,False,False,False,False,False,1,1,0,0
LOC003256,35.2971009032159,128.675689842727,4812125000.0,동읍,의창구,경상남도 창원시 의창구 동읍 동읍로 246-20 (총 2 필지),1,1,0,0,2.0,390.25,False,False,False,False,False,1,1,0,0
LOC003257,35.2971026364889,128.586758152082,4812131000.0,북면,의창구,경상남도 창원시 의창구 북면 감계로156번길 5-11,1,1,0,0,17.0,1219.15,False,False,False,False,False,1,1,0,0
LOC003258,35.2972358332884,128.588584240316,4812131000.0,북면,의창구,경상남도 창원시 의창구 북면 감계로156번길 6-13,1,1,0,0,20.0,645.3,False,False,False,False,False,1,1,0,0
LOC003259,35.2972596088753,128.587466955623,4812131000.0,북면,의창구,경상남도 창원시 의창구 북면 감계로156번길 5-12,1,1,0,0,5.0,578.98,False,False,False,False,False,1,1,0,0
LOC003260,35.2972694612013,128.589241718299,4812131000.0,북면,의창구,경상남도 창원시 의창구 북면 감계로156번길 6-14,2,1,1,0,6.0,1139.04,False,True,False,False,False,1,1,0,1
LOC003261,35.2973832802492,128.58692962316,4812131000.0,북면,의창구,경상남도 창원시 의창구 북면 감계로156번길 5-15,1,1,0,0,,,False,False,False,False,False,1,1,0,0
LOC003262,35.2974245480462,128.587712899207,4812131000.0,북면,의창구,경상남도 창원시 의창구 북면 감계로156번길 15,2,2,0,0,,,False,False,False,False,False,2,2,0,0
LOC003263,35.2974898368024,128.588313724507,4812131000.0,북면,의창구,경상남도 창원시 의창구 북면 감계로156번길 16,1,1,0,0,3.0,970.9,False,False,False,False,False,1,1,0,0
LOC003264,35.2975332554239,128.587464275933,4812131000.0,북면,의창구,경상남도 창원시 의창구 북면 감계로156번길 5-16,1,1,0,0,6.0,432.4,False,False,False,False,False,1,1,0,0
LOC003265,35.2976069927976,128.589246779634,4812131000.0,북면,의창구,경상남도 창원시 의창구 북면 감계로156번길 6-18,1,1,0,0,7.0,985.5,False,False,False,False,False,1,1,0,0
LOC003266,35.2977225851566,128.604209445832,4812131000.0,북면,의창구,경상남도 창원시 의창구 북면 천주로 456,1,1,0,0,11.0,480.0,False,False,False,False,False,1,1,0,0
LOC003267,35.2977373888592,128.586715360827,4812131000.0,북면,의창구,경상남도 창원시 의창구 북면 감계로156번길 5-19,1,1,0,0,,,False,False,False,False,False,1,1,0,0
LOC003268,35.2978203542264,128.588592038129,4812131000.0,북면,의창구,"경상남도 창원시 의창구 북면 감계로156번길 6-19, A동",1,1,0,0,,,False,False,False,False,False,1,1,0,0
LOC003269,35.2979993905501,128.589383509789,4812131000.0,북면,의창구,경상남도 창원시 의창구 북면 감계로156번길 6-20,1,1,0,0,,,False,False,False,False,False,1,1,0,0
LOC003270,35.298214244328,128.603723810108,4812131000.0,북면,의창구,경상남도 창원시 의창구 북면 천주로 463,1,1,0,0,5.0,499.36,False,False,False,False,False,1,1,0,0
LOC003271,35.298339884444,128.587571493468,4812131000.0,북면,의창구,경상남도 창원시 의창구 북면 감계로188번길 9,2,1,0,1,22.0,1148.25,False,False,False,False,False,1,1,1,0
LOC003272,35.2984019763263,128.588690141757,4812131000.0,북면,의창구,"경상남도 창원시 의창구 북면 감계로188번길 21 B, C 동",1,1,0,0,,,False,False,False,False,False,1,1,0,0
LOC003273,35.2984605262447,128.586825558107,4812131000.0,북면,의창구,경상남도 창원시 의창구 북면 감계로188번길 3,1,1,0,0,11.0,498.75,False,False,False,False,False,1,1,0,0
LOC003274,35.2993483825932,128.605445609676,4812131000.0,북면,의창구,경상남도 창원시 의창구 북면 구룡로 563,1,0,1,0,,,False,True,False,False,False,1,0,0,1
LOC003275,35.2998377926206,128.601983426201,4812131000.0,북면,의창구,경상남도 창원시 의창구 북면 천주로 487-17,1,0,1,0,,,False,True,False,False,False,1,0,0,1
LOC003276,35.2999036090832,128.593995997896,4812131000.0,북면,의창구,경상남도 창원시 의창구 북면 동전로45번길 15,2,2,0,0,15.0,485.76,False,False,False,False,False,2,2,0,0
LOC003277,35.3000210294993,128.593572755166,4812131000.0,북면,의창구,경상남도 창원시 의창구 북면 동전로45번길 19,1,1,0,0,8.0,194.4,False,False,False,False,False,1,1,0,0
LOC003278,35.3004746180496,128.595082996717,4812131000.0,북면,의창구,경상남도 창원시 의창구 북면 동전로45번길 6 감계복지센터,1,0,1,0,,,True,False,False,False,False,1,0,0,1
LOC003279,35.3007428325568,128.66725691533,4812125000.0,동읍,의창구,경상남도 창원시 의창구 동읍 동읍로 318-3,4,2,2,0,12.0,1088.3,True,False,True,False,False,3,2,0,1
LOC003280,35.3007997396669,128.667959665696,4812125000.0,동읍,의창구,경상남도 창원시 의창구 동읍 동읍로 318-8 (영광엔지니어링),1,1,0,0,8.0,171.62,False,False,False,False,False,1,1,0,0
LOC003281,35.3009042734626,128.666836111462,4812125000.0,동읍,의창구,경상남도 창원시 의창구 동읍 동읍로 330 (총 2 필지),1,1,0,0,39.0,434.36,False,False,False,False,False,1,1,0,0
LOC003282,35.3017641190601,128.602142329648,4812131000.0,북면,의창구,경상남도 창원시 의창구 북면 천주로 506,1,1,0,0,7.0,267.34,False,False,False,False,False,1,1,0,0
LOC003283,35.3024429938985,128.670356421643,4812125000.0,동읍,의창구,경상남도 창원시 의창구 동읍 주남로17번길 20,1,1,0,0,,,False,False,False,False,False,1,1,0,0
LOC003284,35.3026236084281,128.670388167721,4812125000.0,동읍,의창구,"경상남도 창원시 의창구 동읍 주남로17번길 26, 주1동",2,2,0,0,3.0,408.0,False,False,False,False,False,2,2,0,0
LOC003285,35.3033417979566,128.670413156217,4812125000.0,동읍,의창구,경상남도 창원시 의창구 동읍 주남로17번길 21-38 외 1필지,3,3,0,0,12.0,712.7,False,False,False,False,False,3,3,0,0
LOC003286,35.304309741469,128.681689301823,4812125000.0,동읍,의창구,경상남도 창원시 의창구 동읍 주남로108번길 17,1,1,0,0,15.0,2290.6,False,False,False,False,False,1,1,0,0
LOC003287,35.3046393740246,128.682973805629,4812125000.0,동읍,의창구,경상남도 창원시 의창구 동읍 주남로128번길 24-4,1,1,0,0,9.0,304.0,False,False,False,False,False,1,1,0,0
LOC003288,35.3047141637473,128.655249853351,4812125000.0,동읍,의창구,경상남도 창원시 의창구 동읍 백월로 546 (총 2 필지) 외 1필지,2,2,0,0,2.0,96.32,False,False,False,False,False,2,2,0,0
LOC003289,35.305068092183,128.597373701843,4812131000.0,북면,의창구,경상남도 창원시 의창구 북면 동전로110번길 16,1,1,0,0,35.0,792.0,False,False,False,False,False,1,1,0,0
LOC003290,35.305079586864,128.684942770874,4812125000.0,동읍,의창구,경상남도 창원시 의창구 동읍 주남로128번길 24-13 외 3필지,2,2,0,0,13.0,1161.0,False,False,False,False,False,2,2,0,0
LOC003291,35.3051868798474,128.682344103413,4812125000.0,동읍,의창구,경상남도 창원시 의창구 동읍 주남로128번길 10,1,1,0,0,15.0,1232.0,False,False,False,False,False,1,1,0,0
LOC003292,35.3052799018734,128.68282205801,4812125000.0,동읍,의창구,경상남도 창원시 의창구 동읍 주남로128번길 17 (총 2 필지),1,1,0,0,29.0,1407.39,False,False,False,False,False,1,1,0,0
LOC003293,35.3053580540039,128.599320484374,4812131000.0,북면,의창구,경상남도 창원시 의창구 북면 감계리 231-1번지,3,3,0,0,28.0,778.3,False,False,False,False,False,3,3,0,0
LOC003294,35.3060457894263,128.598072132713,4812131000.0,북면,의창구,경상남도 창원시 의창구 북면 천주로577번길 28,1,1,0,0,,,False,False,False,False,False,1,1,0,0
LOC003295,35.3061885006291,128.653389269284,4812125000.0,동읍,의창구,경상남도 창원시 의창구 동읍 백월로 523,1,1,0,0,9.0,728.56,False,False,False,False,False,1,1,0,0
LOC003296,35.3062803040381,128.653977882931,4812125000.0,동읍,의창구,경상남도 창원시 의창구 동읍 동읍로457번길 7-1,1,1,0,0,,,False,False,False,False,False,1,1,0,0
LOC003297,35.3063318707825,128.59697824731,4812131000.0,북면,의창구,경상남도 창원시 의창구 북면 동전로110번길 5,1,0,1,0,,,False,True,False,False,False,1,0,0,1
LOC003298,35.3069181940059,128.650745878757,4812125000.0,동읍,의창구,경상남도 창원시 의창구 동읍 백월로 497,3,3,0,0,48.0,442.0,False,False,False,False,False,3,3,0,0
LOC003299,35.3069746233,128.597789823951,4812131000.0,북면,의창구,경상남도 창원시 의창구 북면 동전로 130 (주식회사진강),3,3,0,0,18.0,1270.95,False,False,False,False,False,3,3,0,0
LOC003300,35.3075617357002,128.655189684058,4812125000.0,동읍,의창구,경상남도 창원시 의창구 동읍 동읍로 471-3 외 1필지,3,3,0,0,27.0,1985.33,False,False,False,False,False,3,3,0,0
LOC003301,35.3076312557818,128.687850844535,4812125000.0,동읍,의창구,경상남도 창원시 의창구 동읍 주남로184번길 11,1,1,0,0,5.0,345.0,False,False,False,False,False,1,1,0,0
LOC003302,35.3078689923802,128.655667702296,4812125000.0,동읍,의창구,경상남도 창원시 의창구 동읍 동읍로 471-4 (동읍) 외 1필지,2,2,0,0,32.0,762.94,False,False,False,False,False,2,2,0,0
LOC003303,35.3081153704772,128.654845852628,4812125000.0,동읍,의창구,경상남도 창원시 의창구 동읍 동읍로 471-6 ((주)웰텍스),1,1,0,0,14.0,875.0,False,False,False,False,False,1,1,0,0
LOC003304,35.3081247963148,128.649711547639,4812125000.0,동읍,의창구,경상남도 창원시 의창구 동읍 백월로 477-1 외 3필지,1,1,0,0,,,False,False,False,False,False,1,1,0,0
LOC003305,35.3081564913956,128.688198506754,4812125000.0,동읍,의창구,경상남도 창원시 의창구 동읍 주남로184번길 13-10,1,1,0,0,5.0,304.42,False,False,False,False,False,1,1,0,0
LOC003306,35.3082928691405,128.599150787224,4812131000.0,북면,의창구,경상남도 창원시 의창구 북면 천주로577번길 10-32,2,2,0,0,10.0,398.98,False,False,False,False,False,2,2,0,0
LOC003307,35.3083933550169,128.655743914557,4812125000.0,동읍,의창구,경상남도 창원시 의창구 동읍 동읍로 475-9 (총 2 필지),1,1,0,0,6.0,198.0,False,False,False,False,False,1,1,0,0
LOC003308,35.3084511202329,128.689757882343,4812125000.0,동읍,의창구,경상남도 창원시 의창구 동읍 주남로 216,1,1,0,0,4.0,494.72,False,False,False,False,False,1,1,0,0
LOC003309,35.3084817450168,128.656179547662,4812125000.0,동읍,의창구,경상남도 창원시 의창구 동읍 동읍로 475-11,1,1,0,0,5.0,198.0,False,False,False,False,False,1,1,0,0
LOC003310,35.3093635628915,128.710701662998,4812132000.0,대산면,의창구,경상남도 창원시 의창구 대산면 진남로76번길 18,5,3,2,0,35.0,2483.3199999999997,True,False,True,False,False,3,3,0,1
LOC003311,35.3093913316526,128.709802589806,4812132000.0,대산면,의창구,경상남도 창원시 의창구 대산면 진남로 70-5,1,1,0,0,3.0,143.0,False,False,False,False,False,1,1,0,0
LOC003312,35.3095449666129,128.70898180422,4812132000.0,대산면,의창구,경상남도 창원시 의창구 대산면 진남로 73,1,1,0,0,,,False,False,False,False,False,1,1,0,0
LOC003313,35.3096030188385,128.709943154438,4812132000.0,대산면,의창구,경상남도 창원시 의창구 대산면 제동리 408-39번지 외 1필지,1,1,0,0,10.0,888.0,False,False,False,False,False,1,1,0,0
LOC003314,35.309686452864,128.655313234749,4812125000.0,동읍,의창구,경상남도 창원시 의창구 동읍 동읍로499번길 3-10,3,1,2,0,10.0,1235.6,True,False,True,False,False,2,1,0,1
LOC003315,35.3098241532116,128.704673515756,4812132000.0,대산면,의창구,경상남도 창원시 의창구 대산면 진남로75번길 43 (강진특수강),1,1,0,0,4.0,130.0,False,False,False,False,False,1,1,0,0
LOC003316,35.3098581725793,128.705175240157,4812132000.0,대산면,의창구,경상남도 창원시 의창구 대산면 진남로75번길 37,3,3,0,0,13.0,610.0,False,False,False,False,False,3,3,0,0
LOC003317,35.309880502362,128.70377679301,4812132000.0,대산면,의창구,경상남도 창원시 의창구 대산면 진남로75번길 49-6,1,1,0,0,18.0,198.0,False,False,False,False,False,1,1,0,0
LOC003318,35.3099448937888,128.70383751291,4812132000.0,대산면,의창구,경상남도 창원시 의창구 대산면 진남로75번길 49-2,1,1,0,0,4.0,330.0,False,False,False,False,False,1,1,0,0
LOC003319,35.3099455654759,128.706888449743,4812132000.0,대산면,의창구,경상남도 창원시 의창구 대산면 진남로75번길 21 (진안정밀),1,1,0,0,15.0,492.84,False,False,False,False,False,1,1,0,0
LOC003320,35.3099637633653,128.702926809204,4812132000.0,대산면,의창구,경상남도 창원시 의창구 대산면 진남로75번길 55,1,1,0,0,3.0,165.0,False,False,False,False,False,1,1,0,0
LOC003321,35.3100710941876,128.71301855429,4812132000.0,대산면,의창구,경상남도 창원시 의창구 대산면 진남로76번길 32,4,1,2,1,11.0,459.4,True,False,True,False,False,1,1,1,1
LOC003322,35.3101437938268,128.704029028562,4812132000.0,대산면,의창구,경상남도 창원시 의창구 대산면 진남로75번길 47,1,1,0,0,0.0,610.1,False,False,False,False,False,1,1,0,0
LOC003323,35.3101616316631,128.694598113499,4812125000.0,동읍,의창구,경상남도 창원시 의창구 동읍 주남로 260,1,1,0,0,,,False,False,False,False,False,1,1,0,0
LOC003324,35.3108867181082,128.658191325325,4812125000.0,동읍,의창구,경상남도 창원시 의창구 동읍 동읍로 516,1,1,0,0,10.0,285.12,False,False,False,False,False,1,1,0,0
LOC003325,35.3109043142796,128.61698556452,4812131000.0,북면,의창구,경상남도 창원시 의창구 북면 대산길156번길 29-2,1,1,0,0,3.0,97.1,False,False,False,False,False,1,1,0,0
LOC003326,35.3113226208916,128.682560670154,4812125000.0,동읍,의창구,경상남도 창원시 의창구 동읍 월잠리 84-15번지 외 1필지,1,1,0,0,2.0,786.6,False,False,False,False,False,1,1,0,0
LOC003327,35.3115081909726,128.658946918298,4812125000.0,동읍,의창구,경상남도 창원시 의창구 동읍 동읍로 528-7,1,1,0,0,10.0,242.0,False,False,False,False,False,1,1,0,0
LOC003328,35.311520664633,128.618109837138,4812131000.0,북면,의창구,경상남도 창원시 의창구 북면 대산길156번길 41 ((주)세모),1,1,0,0,2.0,157.45,False,False,False,False,False,1,1,0,0
LOC003329,35.3117704339444,128.65855349825,4812125000.0,동읍,의창구,경상남도 창원시 의창구 동읍 동읍로 518,1,1,0,0,9.0,436.8,False,False,False,False,False,1,1,0,0
LOC003330,35.3121123194415,128.658884383009,4812125000.0,동읍,의창구,경상남도 창원시 의창구 동읍 동읍로 528-3 (총 2 필지),1,1,0,0,2.0,279.5,False,False,False,False,False,1,1,0,0
LOC003331,35.3121945664004,128.605219990374,4812131000.0,북면,의창구,경상남도 창원시 의창구 북면 천주로 643,1,0,1,0,,,True,False,False,False,False,1,0,0,1
LOC003332,35.3123207730885,128.604592700973,4812131000.0,북면,의창구,경상남도 창원시 의창구 북면 천주로633번길 2,1,1,0,0,3.0,384.0,False,False,False,False,False,1,1,0,0
LOC003333,35.3129132889846,128.599569617059,4812131000.0,북면,의창구,경상남도 창원시 의창구 북면 화천리 855번지,1,1,0,0,13.0,198.0,False,False,False,False,False,1,1,0,0
LOC003334,35.3130750222363,128.598536639252,4812131000.0,북면,의창구,경상남도 창원시 의창구 북면 동전로 203,1,1,0,0,,,False,False,False,False,False,1,1,0,0
LOC003335,35.3131526365097,128.606693334405,4812131000.0,북면,의창구,경상남도 창원시 의창구 북면 동전산단동로 8,2,2,0,0,,,False,False,False,False,False,2,2,0,0
LOC003336,35.3131548887444,128.607398484034,4812131000.0,북면,의창구,경상남도 창원시 의창구 북면 동전산단동로12번길 2,1,1,0,0,,,False,False,False,False,False,1,1,0,0
LOC003337,35.3131757803971,128.604991665807,4812131000.0,북면,의창구,경상남도 창원시 의창구 북면 동전산단서로 5,1,1,0,0,,,False,False,False,False,False,1,1,0,0
LOC003338,35.3132237706609,128.60650134046,4812131000.0,북면,의창구,경상남도 창원시 의창구 북면 동전산단동로 4,1,1,0,0,,,False,False,False,False,False,1,1,0,0
LOC003339,35.3132418492306,128.60468544261,4812131000.0,북면,의창구,경상남도 창원시 의창구 북면 동전산단서로 9,1,1,0,0,,,False,False,False,False,False,1,1,0,0
LOC003340,35.3134473871169,128.607604600937,4812131000.0,북면,의창구,경상남도 창원시 의창구 북면 동전산단동로12번길 6,1,1,0,0,,,False,False,False,False,False,1,1,0,0
LOC003341,35.3134968392738,128.709574011839,4812132000.0,대산면,의창구,경상남도 창원시 의창구 대산면 진남로114번길 12,1,1,0,0,10.0,372.0,False,False,False,False,False,1,1,0,0
LOC003342,35.3136032826494,128.598600581526,4812131000.0,북면,의창구,경상남도 창원시 의창구 북면 동전로 205,1,1,0,0,52.0,174.24,False,False,False,False,False,1,1,0,0
LOC003343,35.3140257463918,128.6046637666,4812131000.0,북면,의창구,경상남도 창원시 의창구 북면 동전산단서로 6,1,1,0,0,,,False,False,False,False,False,1,1,0,0
LOC003344,35.3141713097164,128.709420316968,4812132000.0,대산면,의창구,경상남도 창원시 의창구 대산면 진남로114번길 11,1,1,0,0,15.0,448.0,False,False,False,False,False,1,1,0,0
LOC003345,35.3142203262046,128.602665845917,4812131000.0,북면,의창구,경상남도 창원시 의창구 북면 동전산단서로35번길 17,2,1,1,0,,,False,True,False,False,False,1,1,0,1
LOC003346,35.3146937274416,128.709586671273,4812132000.0,대산면,의창구,경상남도 창원시 의창구 대산면 진남로114번길 17-2,1,1,0,0,16.0,433.8,False,False,False,False,False,1,1,0,0
LOC003347,35.3149836373793,128.603802307253,4812131000.0,북면,의창구,경상남도 창원시 의창구 북면 동전산단서로 34,2,1,1,0,,,False,True,False,False,False,2,1,0,1
LOC003348,35.3154427260823,128.699987475954,4812132000.0,대산면,의창구,경상남도 창원시 의창구 대산면 주남로394번길 61,1,1,0,0,8.0,396.75,False,False,False,False,False,1,1,0,0
LOC003349,35.3154490795492,128.699490741616,4812132000.0,대산면,의창구,경상남도 창원시 의창구 대산면 주남로394번길 62,1,1,0,0,13.0,120.0,False,False,False,False,False,1,1,0,0
LOC003350,35.3154693471812,128.700260491138,4812132000.0,대산면,의창구,경상남도 창원시 의창구 대산면 주남로394번길 63,1,1,0,0,5.0,396.75,False,False,False,False,False,1,1,0,0
LOC003351,35.3154922651332,128.607583172977,4812131000.0,북면,의창구,경상남도 창원시 의창구 북면 동전산단동로12번길 45,1,1,0,0,,,False,False,False,False,False,1,1,0,0
LOC003352,35.3155348834318,128.698823266309,4812132000.0,대산면,의창구,경상남도 창원시 의창구 대산면 주남로382번길 49,2,2,0,0,13.0,1172.4,False,False,False,False,False,2,2,0,0
LOC003353,35.3156328563738,128.608335173337,4812131000.0,북면,의창구,경상남도 창원시 의창구 북면 동전산단동로12번길 43,1,1,0,0,,,False,False,False,False,False,1,1,0,0
LOC003354,35.3157622686578,128.700014835521,4812132000.0,대산면,의창구,경상남도 창원시 의창구 대산면 주남로394번길 59-1,1,1,0,0,1.0,270.0,False,False,False,False,False,1,1,0,0
LOC003355,35.3159064662467,128.659261498334,4812125000.0,동읍,의창구,경상남도 창원시 의창구 동읍 석산길 40,1,1,0,0,,,False,False,False,False,False,1,1,0,0
LOC003356,35.3159676639274,128.691913730338,4812132000.0,대산면,의창구,경상남도 창원시 의창구 대산면 주남로327번길 23,1,1,0,0,5.0,390.95,False,False,False,False,False,1,1,0,0
LOC003357,35.3159748265556,128.690970274964,4812132000.0,대산면,의창구,경상남도 창원시 의창구 대산면 주남로327번길 35-15,2,2,0,0,16.0,715.0,False,False,False,False,False,2,2,0,0
LOC003358,35.3160173627475,128.69895331595,4812132000.0,대산면,의창구,경상남도 창원시 의창구 대산면 주남로394번길 58-8,1,1,0,0,5.0,250.75,False,False,False,False,False,1,1,0,0
LOC003359,35.3160296453405,128.698739827127,4812132000.0,대산면,의창구,경상남도 창원시 의창구 대산면 주남로382번길 43,1,1,0,0,3.0,184.586,False,False,False,False,False,1,1,0,0
LOC003360,35.316141164145,128.659627487109,4812125000.0,동읍,의창구,경상남도 창원시 의창구 동읍 석산길 42,1,1,0,0,2.0,230.4,False,False,False,False,False,1,1,0,0
LOC003361,35.3161926298449,128.690153139359,4812132000.0,대산면,의창구,경상남도 창원시 의창구 대산면 주남로327번길 35-17 (주식회사글로리아),1,1,0,0,7.0,485.25,False,False,False,False,False,1,1,0,0
LOC003362,35.3161967015382,128.698767400922,4812132000.0,대산면,의창구,경상남도 창원시 의창구 대산면 주남로382번길 41-1,1,1,0,0,3.0,331.7,False,False,False,False,False,1,1,0,0
LOC003363,35.3162373703505,128.60826237063,4812131000.0,북면,의창구,경상남도 창원시 의창구 북면 동전산단동로12번길 50,1,1,0,0,,,False,False,False,False,False,1,1,0,0
LOC003364,35.3164164728828,128.698827413884,4812132000.0,대산면,의창구,경상남도 창원시 의창구 대산면 주남로382번길 41,1,1,0,0,5.0,200.0,False,False,False,False,False,1,1,0,0
LOC003365,35.3165343477517,128.691488255758,4812132000.0,대산면,의창구,경상남도 창원시 의창구 대산면 주남로327번길 33,1,1,0,0,5.0,399.0,False,False,False,False,False,1,1,0,0
LOC003366,35.316583262537,128.707821693815,4812132000.0,대산면,의창구,"경상남도 창원시 의창구 대산면 진남로 149, 경상남도농업기술원화훼연구소",1,0,0,1,,,False,False,False,False,True,1,0,1,0
LOC003367,35.3166042575096,128.644793930764,4812131000.0,북면,의창구,경상남도 창원시 의창구 북면 백월로 359 (이안교역종합렌탈),1,1,0,0,10.0,471.0,False,False,False,False,False,1,1,0,0
LOC003368,35.3168314576538,128.644469001241,4812131000.0,북면,의창구,경상남도 창원시 의창구 북면 월백리 20-4,1,0,1,0,,,False,False,True,False,False,1,0,0,1
LOC003369,35.3168795732139,128.598764248699,4812131000.0,북면,의창구,경상남도 창원시 의창구 북면 동전무동길 6-17,1,1,0,0,3.0,321.05,False,False,False,False,False,1,1,0,0
LOC003370,35.3171023795413,128.606600272677,4812131000.0,북면,의창구,경상남도 창원시 의창구 북면 동전산단동로 49,1,0,1,0,,,False,True,False,False,False,1,0,0,1
LOC003371,35.3171402216407,128.607699139204,4812131000.0,북면,의창구,경상남도 창원시 의창구 북면 동전산단동로 50,1,1,0,0,,,False,False,False,False,False,1,1,0,0
LOC003372,35.3171669925113,128.712406908806,4812132000.0,대산면,의창구,경상남도 창원시 의창구 대산면 진남로114번길 56,1,0,0,1,,,False,False,False,False,False,1,0,1,0
LOC003373,35.3172629830364,128.698672825366,4812132000.0,대산면,의창구,경상남도 창원시 의창구 대산면 주남로382번길 31,1,1,0,0,4.0,441.0,False,False,False,False,False,1,1,0,0
LOC003374,35.3172637220227,128.599509939367,4812131000.0,북면,의창구,경상남도 창원시 의창구 북면 동전로 251,1,1,0,0,7.0,100.0,False,False,False,False,False,1,1,0,0
LOC003375,35.3173581701964,128.607500037034,4812131000.0,북면,의창구,경상남도 창원시 의창구 북면 동전산단동로 56,1,1,0,0,,,False,False,False,False,False,1,1,0,0
LOC003376,35.3173665392301,128.608307272572,4812131000.0,북면,의창구,경상남도 창원시 의창구 북면 동전산단동로12번길 64,1,1,0,0,,,False,False,False,False,False,1,1,0,0
LOC003377,35.3173966432038,128.699050342312,4812132000.0,대산면,의창구,경상남도 창원시 의창구 대산면 주남로394번길 40,1,1,0,0,6.0,492.75,False,False,False,False,False,1,1,0,0
LOC003378,35.3174242784844,128.606560789506,4812131000.0,북면,의창구,경상남도 창원시 의창구 북면 동전산단동로 55,2,1,1,0,,,False,True,False,False,False,2,1,0,1
LOC003379,35.3174905071123,128.642838966076,4812131000.0,북면,의창구,경상남도 창원시 의창구 북면 백월로327번길 10,1,1,0,0,5.0,229.35,False,False,False,False,False,1,1,0,0
LOC003380,35.3175419662605,128.60567302957,4812131000.0,북면,의창구,경상남도 창원시 의창구 북면 동전산단동로37번길 30,2,2,0,0,,,False,False,False,False,False,2,2,0,0
LOC003381,35.3175473086946,128.699000167071,4812132000.0,대산면,의창구,경상남도 창원시 의창구 대산면 주남로394번길 38,3,3,0,0,13.0,988.92,False,False,False,False,False,3,3,0,0
LOC003382,35.3176620643252,128.663396359822,4812125000.0,동읍,의창구,경상남도 창원시 의창구 동읍 석산길 92,2,1,1,0,25.0,880.0,False,False,True,False,False,1,1,0,1
LOC003383,35.317678649369,128.698734737704,4812132000.0,대산면,의창구,경상남도 창원시 의창구 대산면 주남로382번길 25,1,1,0,0,8.0,432.36,False,False,False,False,False,1,1,0,0
LOC003384,35.3178365869898,128.608377057131,4812131000.0,북면,의창구,경상남도 창원시 의창구 북면 동전산단동로12번길 68,1,1,0,0,,,False,False,False,False,False,1,1,0,0
LOC003385,35.3178551173002,128.607437852788,4812131000.0,북면,의창구,경상남도 창원시 의창구 북면 동전산단동로 58,2,1,1,0,,,False,True,False,False,False,1,1,0,1
LOC003386,35.317895325749,128.584678865891,4812131000.0,북면,의창구,경상남도 창원시 의창구 북면 무동로226번길 18 제2층 204호,1,0,1,0,,,False,True,False,False,False,1,0,0,1
LOC003387,35.317903165487,128.606406319165,4812131000.0,북면,의창구,경상남도 창원시 의창구 북면 동전산단동로 59,4,2,1,1,,,False,True,False,False,False,2,2,1,1
LOC003388,35.3179204503264,128.633790432162,4812131000.0,북면,의창구,경상남도 창원시 의창구 북면 백월로 255,1,1,0,0,30.0,391.0,False,False,False,False,False,1,1,0,0
LOC003389,35.3180614982092,128.610694434708,4812131000.0,북면,의창구,경상남도 창원시 의창구 북면 대산길 245,1,1,0,0,4.0,100.0,False,False,False,False,False,1,1,0,0
LOC003390,35.3181636513981,128.631364095477,4812131000.0,북면,의창구,경상남도 창원시 의창구 북면 백월로 233-1,1,1,0,0,11.0,360.0,False,False,False,False,False,1,1,0,0
LOC003391,35.3182228236192,128.607755647397,4812131000.0,북면,의창구,경상남도 창원시 의창구 북면 동전산단동로12번길 72,4,3,1,0,,,False,True,False,False,False,3,3,0,1
LOC003392,35.3182340089535,128.712553657315,4812132000.0,대산면,의창구,경상남도 창원시 의창구 대산면 진남로114번길 67 (세광기공),1,1,0,0,10.0,494.15,False,False,False,False,False,1,1,0,0
LOC003393,35.3182974937135,128.605989138288,4812131000.0,북면,의창구,경상남도 창원시 의창구 북면 동전산단동로37번길 42,3,3,0,0,,,False,False,False,False,False,3,3,0,0
LOC003394,35.3183421843672,128.606498570339,4812131000.0,북면,의창구,경상남도 창원시 의창구 북면 동전산단동로 65,1,1,0,0,,,False,False,False,False,False,1,1,0,0
LOC003395,35.3184386541594,128.598289251507,4812131000.0,북면,의창구,경상남도 창원시 의창구 북면 동전무동길26번길 45,1,0,1,0,,,False,True,False,False,False,1,0,0,1
LOC003396,35.3184475574279,128.631188701179,4812131000.0,북면,의창구,경상남도 창원시 의창구 북면 백월로 233-5 태양재활용산업,2,0,1,1,,,True,False,False,False,False,1,0,1,1
LOC003397,35.3184487281114,128.607222542529,4812131000.0,북면,의창구,경상남도 창원시 의창구 북면 동전산단동로 64,1,1,0,0,,,False,False,False,False,False,1,1,0,0
LOC003398,35.3184487469867,128.610708273017,4812131000.0,북면,의창구,경상남도 창원시 의창구 북면 대산길 245-10,1,1,0,0,4.0,278.22,False,False,False,False,False,1,1,0,0
LOC003399,35.3184690770024,128.728683650061,4812132000.0,대산면,의창구,경상남도 창원시 의창구 대산면 진산대로260번길 152 (신미푸드시스템),1,1,0,0,5.0,156.0,False,False,False,False,False,1,1,0,0
LOC003400,35.3184797401599,128.712676381052,4812132000.0,대산면,의창구,경상남도 창원시 의창구 대산면 진남로114번길 73 외 2필지,3,2,0,1,22.0,648.0,False,False,False,False,False,1,1,1,0
LOC003401,35.3185597646163,128.699413778992,4812132000.0,대산면,의창구,경상남도 창원시 의창구 대산면 주남로394번길 29-1,1,1,0,0,6.0,271.0,False,False,False,False,False,1,1,0,0
LOC003402,35.3186441802402,128.642445351433,4812131000.0,북면,의창구,경상남도 창원시 의창구 북면 백월로327번길 17-11 (삼현산업),1,1,0,0,12.0,985.6,False,False,False,False,False,1,1,0,0
LOC003403,35.3186459989613,128.61746649235,4812131000.0,북면,의창구,경상남도 창원시 의창구 북면 백월로74번기곡길 9,2,0,1,1,,,True,False,False,False,True,1,0,1,1
LOC003404,35.318707973267,128.712990937631,4812132000.0,대산면,의창구,경상남도 창원시 의창구 대산면 진남로114번길 77 (총 5 필지) (총 5 필지),1,1,0,0,15.0,898.8,False,False,False,False,False,1,1,0,0
LOC003405,35.3187742866694,128.642341325304,4812131000.0,북면,의창구,경상남도 창원시 의창구 북면 월백리 80-1,1,0,1,0,,,False,False,True,False,False,1,0,0,1
LOC003406,35.3188367227697,128.642939541251,4812131000.0,북면,의창구,경상남도 창원시 의창구 북면 백월로327번길 17-9,1,1,0,0,1.0,192.72,False,False,False,False,False,1,1,0,0
LOC003407,35.3188494046581,128.603836867331,4812131000.0,북면,의창구,경상남도 창원시 의창구 북면 동전산단북로 38,2,1,1,0,,,False,True,False,False,False,1,1,0,1
LOC003408,35.318973848557,128.604646081589,4812131000.0,북면,의창구,경상남도 창원시 의창구 북면 동전산단북로 41,1,1,0,0,,,False,False,False,False,False,1,1,0,0
LOC003409,35.3190329748734,128.636983088982,4812131000.0,북면,의창구,경상남도 창원시 의창구 북면 백월로277번길 15,1,1,0,0,4.0,197.0,False,False,False,False,False,1,1,0,0
LOC003410,35.3190430922926,128.617384346778,4812131000.0,북면,의창구,경상남도 창원시 의창구 북면 백월로 92-8,1,1,0,0,11.0,380.0,False,False,False,False,False,1,1,0,0
LOC003411,35.3192070549813,128.615204848759,4812131000.0,북면,의창구,경상남도 창원시 의창구 북면 백월로 63,1,0,0,1,,,False,False,False,False,False,1,0,1,0
LOC003412,35.319236870089,128.604724070899,4812131000.0,북면,의창구,경상남도 창원시 의창구 북면 동전산단북로 37,2,1,1,0,,,False,True,False,False,False,1,1,0,1
LOC003413,35.3192373746024,128.618180459269,4812131000.0,북면,의창구,"경상남도 창원시 의창구 북면 백월로74번기곡길 9-1, A동",2,2,0,0,,,False,False,False,False,False,2,2,0,0
LOC003414,35.3192393559606,128.639077862077,4812131000.0,북면,의창구,경상남도 창원시 의창구 북면 백월로295번길 14,1,1,0,0,7.0,390.0,False,False,False,False,False,1,1,0,0
LOC003415,35.3192637936025,128.631949397097,4812131000.0,북면,의창구,경상남도 창원시 의창구 북면 백월로 233-15 (영지테크),2,1,0,1,12.0,388.55,False,False,False,False,False,2,1,1,0
LOC003416,35.3193400327756,128.668019771385,4812125000.0,동읍,의창구,경상남도 창원시 의창구 동읍 석산길 143 (다인개발(주)) (총 3 필지) (총 3 필지),1,1,0,0,7.0,523.6,False,False,False,False,False,1,1,0,0
LOC003417,35.3193906432395,128.66850571986,4812125000.0,동읍,의창구,경상남도 창원시 의창구 동읍 석산길 145,1,1,0,0,3.0,258.0,False,False,False,False,False,1,1,0,0
LOC003418,35.319482696441,128.617748705774,4812131000.0,북면,의창구,경상남도 창원시 의창구 북면 백월로 92-1,2,1,1,0,6.0,288.0,False,False,True,False,False,1,1,0,1
LOC003419,35.3195109974436,128.615935956014,4812131000.0,북면,의창구,경상남도 창원시 의창구 북면 백월로 79,3,1,2,0,4.0,468.0,True,False,True,False,False,2,1,0,1
LOC003420,35.3197012251267,128.668745430425,4812125000.0,동읍,의창구,경상남도 창원시 의창구 동읍 석산길 147 (총 2 필지),1,1,0,0,12.0,490.0,False,False,False,False,False,1,1,0,0
LOC003421,35.3200413169967,128.660973468706,4812125000.0,동읍,의창구,경상남도 창원시 의창구 동읍 동읍로633번길 16,1,1,0,0,4.0,196.0,False,False,False,False,False,1,1,0,0
LOC003422,35.3205629315811,128.698620683716,4812132000.0,대산면,의창구,경상남도 창원시 의창구 대산면 주남로 390 외 1필지,1,1,0,0,,,False,False,False,False,False,1,1,0,0
LOC003423,35.3207385749643,128.598029381374,4812131000.0,북면,의창구,경상남도 창원시 의창구 북면 천주로769번길 52-2,1,1,0,0,4.0,230.09,False,False,False,False,False,1,1,0,0
LOC003424,35.3208674425891,128.596160838757,4812131000.0,북면,의창구,경상남도 창원시 의창구 북면 천주로769번길 70,2,2,0,0,1.0,384.0,False,False,False,False,False,2,2,0,0
LOC003425,35.3209659286845,128.59657842391,4812131000.0,북면,의창구,경상남도 창원시 의창구 북면 천주로769번길 68,1,1,0,0,,,False,False,False,False,False,1,1,0,0
LOC003426,35.321169828825,128.702833463017,4812132000.0,대산면,의창구,경상남도 창원시 의창구 대산면 주남로400번길 36 (세송스핀들),1,1,0,0,8.0,596.88,False,False,False,False,False,1,1,0,0
LOC003427,35.3211952716438,128.59832558574,4812131000.0,북면,의창구,경상남도 창원시 의창구 북면 천주로769번길 48,1,1,0,0,,,False,False,False,False,False,1,1,0,0
LOC003428,35.3212021554997,128.595730765351,4812131000.0,북면,의창구,경상남도 창원시 의창구 북면 천주로769번길 76,1,1,0,0,7.0,324.9,False,False,False,False,False,1,1,0,0
LOC003429,35.3212714370239,128.603408137103,4812131000.0,북면,의창구,경상남도 창원시 의창구 북면 천주로 752-21,1,1,0,0,13.0,1436.0,False,False,False,False,False,1,1,0,0
LOC003430,35.3214009024674,128.623780305846,4812131000.0,북면,의창구,경상남도 창원시 의창구 북면 백월로143번길 5,1,1,0,0,9.0,253.1,False,False,False,False,False,1,1,0,0
LOC003431,35.3214306394396,128.697823161065,4812132000.0,대산면,의창구,경상남도 창원시 의창구 대산면 가술산남로 12,1,1,0,0,3.0,216.0,False,False,False,False,False,1,1,0,0
LOC003432,35.3214550508463,128.723398845662,4812132000.0,대산면,의창구,"경상남도 창원시 의창구 대산면 진산대로260번길 92-2, 대성기계",1,0,0,1,,,False,False,False,False,False,1,0,1,0
LOC003433,35.3214740811976,128.595291647634,4812131000.0,북면,의창구,경상남도 창원시 의창구 북면 천주로769번길 84,1,1,0,0,2.0,243.0,False,False,False,False,False,1,1,0,0
LOC003434,35.3214788666258,128.598279266539,4812131000.0,북면,의창구,경상남도 창원시 의창구 북면 천주로769번길 40-2,1,1,0,0,,,False,False,False,False,False,1,1,0,0
LOC003435,35.3215067181567,128.698591715656,4812132000.0,대산면,의창구,경상남도 창원시 의창구 대산면 가술산남로 8-9,1,1,0,0,6.0,852.0,False,False,False,False,False,1,1,0,0
LOC003436,35.321535146002,128.697247951521,4812132000.0,대산면,의창구,경상남도 창원시 의창구 대산면 가술산남로 16,1,1,0,0,4.0,472.5,False,False,False,False,False,1,1,0,0
LOC003437,35.3216143895278,128.622586445451,4812131000.0,북면,의창구,경상남도 창원시 의창구 북면 백월로143번길 1,1,1,0,0,4.0,322.21,False,False,False,False,False,1,1,0,0
LOC003438,35.3216443036343,128.598063150743,4812131000.0,북면,의창구,경상남도 창원시 의창구 북면 천주로769번길 50,1,1,0,0,,,False,False,False,False,False,1,1,0,0
LOC003439,35.3217518643215,128.598407356755,4812131000.0,북면,의창구,경상남도 창원시 의창구 북면 천주로769번길 40-1,1,1,0,0,8.0,481.5,False,False,False,False,False,1,1,0,0
LOC003440,35.3217925349218,128.623085048673,4812131000.0,북면,의창구,경상남도 창원시 의창구 북면 백월로143번길 3-13,1,1,0,0,4.0,322.21,False,False,False,False,False,1,1,0,0
LOC003441,35.3218887393913,128.698213199902,4812132000.0,대산면,의창구,경상남도 창원시 의창구 대산면 가술산남로 8-3,1,1,0,0,10.0,1373.21,False,False,False,False,False,1,1,0,0
LOC003442,35.3219068065672,128.712646074833,4812132000.0,대산면,의창구,경상남도 창원시 의창구 대산면 진남로114번길 109,1,1,0,0,5.0,365.4,False,False,False,False,False,1,1,0,0
LOC003443,35.321907067991,128.622347411162,4812131000.0,북면,의창구,경상남도 창원시 의창구 북면 백월로143번길 1-1,1,1,0,0,5.0,322.21,False,False,False,False,False,1,1,0,0
LOC003444,35.321998681507,128.593364651919,4812131000.0,북면,의창구,경상남도 창원시 의창구 북면 천주로769번길 100,1,1,0,0,6.0,493.5,False,False,False,False,False,1,1,0,0
LOC003445,35.322005914519,128.623858821311,4812131000.0,북면,의창구,경상남도 창원시 의창구 북면 백월로143번길 3-24,1,1,0,0,,,False,False,False,False,False,1,1,0,0
LOC003446,35.3220161927186,128.698968319496,4812132000.0,대산면,의창구,경상남도 창원시 의창구 대산면 주남로 403,5,2,2,1,10.0,3424.68,True,False,True,False,True,2,2,1,1
LOC003447,35.322016724742,128.695618629112,4812132000.0,대산면,의창구,경상남도 창원시 의창구 대산면 가술산남로 33-3,1,1,0,0,0.0,68.6,False,False,False,False,False,1,1,0,0
LOC003448,35.3220261496031,128.697842760795,4812132000.0,대산면,의창구,경상남도 창원시 의창구 대산면 가술산남로12번길 7,3,1,2,0,2.0,190.0,False,True,True,False,False,1,1,0,1
LOC003449,35.3220416949199,128.623234628084,4812131000.0,북면,의창구,경상남도 창원시 의창구 북면 월백리 926-7번지,1,1,0,0,2.0,294.0,False,False,False,False,False,1,1,0,0
LOC003450,35.3220884207576,128.594343752274,4812131000.0,북면,의창구,경상남도 창원시 의창구 북면 천주로769번길 90-10,1,1,0,0,5.0,659.03,False,False,False,False,False,1,1,0,0
LOC003451,35.3221025618014,128.698529847858,4812132000.0,대산면,의창구,경상남도 창원시 의창구 대산면 가술리 503-48,1,0,1,0,,,False,False,True,False,False,1,0,0,1
LOC003452,35.3221318851247,128.698700569099,4812132000.0,대산면,의창구,경상남도 창원시 의창구 대산면 가술산남로12번길 14,2,1,1,0,,,False,True,False,False,False,1,1,0,1
LOC003453,35.3221712187028,128.592143832887,4812131000.0,북면,의창구,경상남도 창원시 의창구 북면 천주로769번길 114,1,1,0,0,4.0,447.5,False,False,False,False,False,1,1,0,0
LOC003454,35.3223674195429,128.697112284427,4812132000.0,대산면,의창구,경상남도 창원시 의창구 대산면 가술산남로 24-12,1,1,0,0,4.0,164.0,False,False,False,False,False,1,1,0,0
LOC003455,35.322454082838,128.703444615064,4812132000.0,대산면,의창구,경상남도 창원시 의창구 대산면 주남로400번길 37 (총 2 필지) 외 1필지,3,2,0,1,46.0,5524.4,False,False,False,False,False,1,1,1,0
LOC003456,35.3224750843515,128.571442769183,4812131000.0,북면,의창구,경상남도 창원시 의창구 북면 운무로 587,1,1,0,0,6.0,395.3,False,False,False,False,False,1,1,0,0
LOC003457,35.3225044018031,128.622017695202,4812131000.0,북면,의창구,경상남도 창원시 의창구 북면 백월로 133-7,1,1,0,0,,,False,False,False,False,False,1,1,0,0
LOC003458,35.322507635726,128.722027776411,4812132000.0,대산면,의창구,경상남도 창원시 의창구 대산면 진산대로260번길 76,1,1,0,0,5.0,362.03,False,False,False,False,False,1,1,0,0
LOC003459,35.3225333911102,128.699180039371,4812132000.0,대산면,의창구,경상남도 창원시 의창구 대산면 가술리 503-25번지 외 5필지,1,1,0,0,3.0,186.3,False,False,False,False,False,1,1,0,0
LOC003460,35.3225434391851,128.694561033383,4812132000.0,대산면,의창구,경상남도 창원시 의창구 대산면 가술산남로 45-7,3,2,0,1,12.0,970.5,False,False,False,False,False,3,2,1,0
LOC003461,35.3227018213733,128.572455407152,4812131000.0,북면,의창구,경상남도 창원시 의창구 북면 운무로 597,1,1,0,0,5.0,408.0,False,False,False,False,False,1,1,0,0
LOC003462,35.322747982306,128.57316743146,4812131000.0,북면,의창구,경상남도 창원시 의창구 북면 운무로 603,1,1,0,0,3.0,300.0,False,False,False,False,False,1,1,0,0
LOC003463,35.3227677950153,128.572967682736,4812131000.0,북면,의창구,경상남도 창원시 의창구 북면 운무로 601,1,1,0,0,1.0,330.0,False,False,False,False,False,1,1,0,0
LOC003464,35.3228800183682,128.713040029418,4812132000.0,대산면,의창구,경상남도 창원시 의창구 대산면 진남로114번길 123,1,1,0,0,5.0,302.61,False,False,False,False,False,1,1,0,0
LOC003465,35.3228943002017,128.697751393888,4812132000.0,대산면,의창구,경상남도 창원시 의창구 대산면 가술산남로 24-30,1,1,0,0,17.0,1314.9,False,False,False,False,False,1,1,0,0
LOC003466,35.3229342914108,128.702744013343,4812132000.0,대산면,의창구,"경상남도 창원시 의창구 대산면 주남로416번길 22, 2층",1,1,0,0,,,False,False,False,False,False,1,1,0,0
LOC003467,35.3230700963005,128.702040581911,4812132000.0,대산면,의창구,경상남도 창원시 의창구 대산면 주남로434번길 1-4 외 1필지,1,1,0,0,,,False,False,False,False,False,1,1,0,0
LOC003468,35.3231582782308,128.594212351076,4812131000.0,북면,의창구,경상남도 창원시 의창구 북면 천주로769번길 90-16,1,1,0,0,5.0,753.65,False,False,False,False,False,1,1,0,0
LOC003469,35.323170728444,128.702650776612,4812132000.0,대산면,의창구,경상남도 창원시 의창구 대산면 주남로434번길 1-10,2,2,0,0,,,False,False,False,False,False,2,2,0,0
LOC003470,35.3234225706666,128.701508280004,4812132000.0,대산면,의창구,경상남도 창원시 의창구 대산면 주남로434번길 1,1,0,0,1,,,False,False,False,False,False,1,0,1,0
LOC003471,35.3235111870118,128.721675193293,4812132000.0,대산면,의창구,경상남도 창원시 의창구 대산면 진산대로260번길 63,1,1,0,0,3.0,406.48,False,False,False,False,False,1,1,0,0
LOC003472,35.3235277144512,128.702822105817,4812132000.0,대산면,의창구,경상남도 창원시 의창구 대산면 주남로 442-12,1,1,0,0,9.0,483.5,False,False,False,False,False,1,1,0,0
LOC003473,35.3238189137781,128.664177537725,4812125000.0,동읍,의창구,경상남도 창원시 의창구 동읍 동읍로 674,1,1,0,0,5.0,254.38,False,False,False,False,False,1,1,0,0
LOC003474,35.3239244151261,128.714165533584,4812132000.0,대산면,의창구,경상남도 창원시 의창구 대산면 제동리 388-32,1,0,1,0,,,False,False,True,False,False,1,0,0,1
LOC003475,35.3239544795761,128.721568144123,4812132000.0,대산면,의창구,경상남도 창원시 의창구 대산면 진산대로260번길 59,2,2,0,0,7.0,486.28,False,False,False,False,False,2,2,0,0
LOC003476,35.3239840450323,128.58560098481,4812131000.0,북면,의창구,경상남도 창원시 의창구 북면 동곡로 100,4,1,3,0,10.0,997.62,True,True,True,False,False,2,1,0,2
LOC003477,35.3241637615798,128.714433286875,4812132000.0,대산면,의창구,경상남도 창원시 의창구 대산면 진남로114번길 141,2,2,0,0,22.0,1151.28,False,False,False,False,False,2,2,0,0
LOC003478,35.3242025768969,128.696872109349,4812132000.0,대산면,의창구,경상남도 창원시 의창구 대산면 가술산남로34번길 23 외 1필지,2,2,0,0,29.0,540.0,False,False,False,False,False,2,2,0,0
LOC003479,35.324643788511,128.720740336112,4812132000.0,대산면,의창구,경상남도 창원시 의창구 대산면 진산대로260번길 47,1,1,0,0,6.0,377.0,False,False,False,False,False,1,1,0,0
LOC003480,35.3247430257202,128.585087643356,4812131000.0,북면,의창구,경상남도 창원시 의창구 북면 동전무동길 302-3,1,1,0,0,2.0,396.0,False,False,False,False,False,1,1,0,0
LOC003481,35.3247791276793,128.698062087821,4812132000.0,대산면,의창구,경상남도 창원시 의창구 대산면 가술산남로34번길 34,2,2,0,0,20.0,980.5,False,False,False,False,False,2,2,0,0
LOC003482,35.3247935791051,128.697976398685,4812132000.0,대산면,의창구,경상남도 창원시 의창구 대산면 가술리 1765-12번지,1,1,0,0,5.0,490.25,False,False,False,False,False,1,1,0,0
LOC003483,35.3248050795306,128.697106168557,4812132000.0,대산면,의창구,경상남도 창원시 의창구 대산면 가술산남로34번길 29,1,1,0,0,4.0,492.75,False,False,False,False,False,1,1,0,0
LOC003484,35.324968168569,128.585443599358,4812131000.0,북면,의창구,경상남도 창원시 의창구 북면 천주로769번길 185 외 1필지,1,1,0,0,,,False,False,False,False,False,1,1,0,0
LOC003485,35.3250880329968,128.716128868639,4812132000.0,대산면,의창구,경상남도 창원시 의창구 대산면 진남로114번길 157,1,1,0,0,12.0,666.37,False,False,False,False,False,1,1,0,0
LOC003486,35.3251084645754,128.715089375578,4812132000.0,대산면,의창구,경상남도 창원시 의창구 대산면 진남로114번길 153-8,1,1,0,0,5.0,406.8,False,False,False,False,False,1,1,0,0
LOC003487,35.325166507539,128.715552558858,4812132000.0,대산면,의창구,경상남도 창원시 의창구 대산면 진산대로 269 외 1필지,4,3,1,0,71.0,1683.86,False,False,True,False,False,4,3,0,1
LOC003488,35.3252304972181,128.720396489585,4812132000.0,대산면,의창구,경상남도 창원시 의창구 대산면 진산대로260번길 37,1,1,0,0,100.0,3030.9,False,False,False,False,False,1,1,0,0
LOC003489,35.3252549729673,128.697509574409,4812132000.0,대산면,의창구,경상남도 창원시 의창구 대산면 가술산남로34번길 35,1,1,0,0,3.0,198.0,False,False,False,False,False,1,1,0,0
LOC003490,35.3253235389941,128.578155706306,4812131000.0,북면,의창구,경상남도 창원시 의창구 북면 운무로 665-11,1,1,0,0,15.0,993.59,False,False,False,False,False,1,1,0,0
LOC003491,35.3257775148188,128.697841487621,4812132000.0,대산면,의창구,경상남도 창원시 의창구 대산면 가술산남로34번길 39,1,1,0,0,5.0,479.25,False,False,False,False,False,1,1,0,0
LOC003492,35.3259876998071,128.718247662188,4812132000.0,대산면,의창구,경상남도 창원시 의창구 대산면 진산대로260번길 20 (동우엠택) 외 2필지,2,2,0,0,2.0,264.0,False,False,False,False,False,2,2,0,0
LOC003493,35.3260753918596,128.575526265617,4812131000.0,북면,의창구,경상남도 창원시 의창구 북면 운무로681번길 60,3,1,2,0,5.0,424.4,True,False,True,False,False,1,1,0,1
LOC003494,35.3261706378177,128.719534494541,4812132000.0,대산면,의창구,경상남도 창원시 의창구 대산면 진산대로260번길 27,2,2,0,0,10.0,490.0,False,False,False,False,False,2,2,0,0
LOC003495,35.3263712029864,128.719277685532,4812132000.0,대산면,의창구,경상남도 창원시 의창구 대산면 진산대로260번길 25,1,1,0,0,5.0,420.0,False,False,False,False,False,1,1,0,0
LOC003496,35.3265827592432,128.601865276446,4812131000.0,북면,의창구,경상남도 창원시 의창구 북면 천주로 821,1,0,1,0,,,False,True,False,False,False,1,0,0,1
LOC003497,35.3269506843922,128.585105893657,4812131000.0,북면,의창구,경상남도 창원시 의창구 북면 동전무동길 339,1,1,0,0,,,False,False,False,False,False,1,1,0,0
LOC003498,35.3269648307042,128.715934975408,4812132000.0,대산면,의창구,경상남도 창원시 의창구 대산면 유등로 5 창원대산미곡종합처리장,2,0,2,0,,,True,False,True,False,False,2,0,0,2
LOC003499,35.3270190425455,128.716109207955,4812132000.0,대산면,의창구,경상남도 창원시 의창구 대산면 유등로 11 (총 2 필지) 외 1필지,2,2,0,0,15.0,1111.35,False,False,False,False,False,2,2,0,0
LOC003500,35.3274386036475,128.717285703405,4812132000.0,대산면,의창구,경상남도 창원시 의창구 대산면 우암리 1042번지 외 1필지,1,1,0,0,,,False,False,False,False,False,1,1,0,0
LOC003501,35.3274739049732,128.71514858739,4812132000.0,대산면,의창구,경상남도 창원시 의창구 대산면 진산대로292번길 8,2,2,0,0,12.0,429.96,False,False,False,False,False,2,2,0,0
LOC003502,35.3276208949481,128.715326100601,4812132000.0,대산면,의창구,경상남도 창원시 의창구 대산면 우암리 365-3,1,0,1,0,,,False,False,True,False,False,1,0,0,1
LOC003503,35.3278251696543,128.714540412635,4812132000.0,대산면,의창구,경상남도 창원시 의창구 대산면 진산대로292번길 5,1,0,1,0,,,True,False,False,False,False,1,0,0,1
LOC003504,35.3279665130229,128.716690291312,4812132000.0,대산면,의창구,경상남도 창원시 의창구 대산면 유등로 19 외 1필지,2,2,0,0,4.0,881.63,False,False,False,False,False,2,2,0,0
LOC003505,35.3279795273948,128.717157158137,4812132000.0,대산면,의창구,경상남도 창원시 의창구 대산면 유등로 27,5,2,3,0,5.0,665.72,True,True,True,False,False,1,1,0,1
LOC003506,35.3280176649192,128.688091520638,4812132000.0,대산면,의창구,경상남도 창원시 의창구 대산면 가술산남로 124-5,1,1,0,0,4.0,198.0,False,False,False,False,False,1,1,0,0
LOC003507,35.3282873967632,128.714762633367,4812132000.0,대산면,의창구,경상남도 창원시 의창구 대산면 진산대로 300-14 (영성정밀),3,1,2,0,12.0,496.5,True,False,True,False,False,1,1,0,1
LOC003508,35.32840820558,128.717393420066,4812132000.0,대산면,의창구,경상남도 창원시 의창구 대산면 유등로 29,1,1,0,0,,,False,False,False,False,False,1,1,0,0
LOC003509,35.3288370101919,128.597061039357,4812131000.0,북면,의창구,경상남도 창원시 의창구 북면 천주로 829-88 외 1필지,2,2,0,0,6.0,426.325,False,False,False,False,False,2,2,0,0
LOC003510,35.3289932857042,128.597810816805,4812131000.0,북면,의창구,경상남도 창원시 의창구 북면 천주로 829-78,1,1,0,0,3.0,312.15,False,False,False,False,False,1,1,0,0
LOC003511,35.3290109567188,128.587983159532,4812131000.0,북면,의창구,경상남도 창원시 의창구 북면 운무로 767,1,1,0,0,3.0,294.0,False,False,False,False,False,1,1,0,0
LOC003512,35.3290254895138,128.596744621837,4812131000.0,북면,의창구,경상남도 창원시 의창구 북면 운무로 856-12 외 2필지,2,2,0,0,5.0,426.325,False,False,False,False,False,2,2,0,0
LOC003513,35.3291055735015,128.588450408928,4812131000.0,북면,의창구,경상남도 창원시 의창구 북면 운무로 773 (총 2 필지),1,1,0,0,1.0,478.44,False,False,False,False,False,1,1,0,0
LOC003514,35.3292262093562,128.588796100376,4812131000.0,북면,의창구,경상남도 창원시 의창구 북면 무곡리 211-4번지,1,1,0,0,4.0,385.82,False,False,False,False,False,1,1,0,0
LOC003515,35.3292279402667,128.71084791573,4812132000.0,대산면,의창구,경상남도 창원시 의창구 대산면 진산대로 329,1,1,0,0,5.0,491.91,False,False,False,False,False,1,1,0,0
LOC003516,35.3292336516488,128.589333676496,4812131000.0,북면,의창구,경상남도 창원시 의창구 북면 운무로783번길 4,1,1,0,0,,,False,False,False,False,False,1,1,0,0
LOC003517,35.329273647502,128.594597033283,4812131000.0,북면,의창구,경상남도 창원시 의창구 북면 운무로 830,1,1,0,0,5.0,188.9,False,False,False,False,False,1,1,0,0
LOC003518,35.3293085375348,128.584343422364,4812131000.0,북면,의창구,경상남도 창원시 의창구 북면 무곡리 431,1,0,1,0,,,False,False,True,False,False,1,0,0,1
LOC003519,35.3293267709146,128.584121195597,4812131000.0,북면,의창구,경상남도 창원시 의창구 북면 무릉산길 2-5,2,1,1,0,5.0,594.0,True,False,False,False,False,1,1,0,1
LOC003520,35.3293299682113,128.719167260427,4812132000.0,대산면,의창구,경상남도 창원시 의창구 대산면 유등로 46-1,1,1,0,0,4.0,100.0,False,False,False,False,False,1,1,0,0
LOC003521,35.3293377661745,128.601410582899,4812131000.0,북면,의창구,경상남도 창원시 의창구 북면 천주로 852,1,1,0,0,,,False,False,False,False,False,1,1,0,0
LOC003522,35.3293547210747,128.60130083602,4812131000.0,북면,의창구,경상남도 창원시 의창구 북면 무곡리 29,1,0,1,0,,,False,False,True,False,False,1,0,0,1
LOC003523,35.3294150597407,128.602630041666,4812131000.0,북면,의창구,경상남도 창원시 의창구 북면 천주로862번길 20 외 1필지,1,1,0,0,,,False,False,False,False,False,1,1,0,0
LOC003524,35.3295305929406,128.704876124127,4812132000.0,대산면,의창구,경상남도 창원시 의창구 대산면 주남로503번길 2 ((주) 대산티에스티),1,1,0,0,7.0,326.53,False,False,False,False,False,1,1,0,0
LOC003525,35.3295393577566,128.700120775372,4812132000.0,대산면,의창구,경상남도 창원시 의창구 대산면 주남로483번길 43-2,1,1,0,0,4.0,162.75,False,False,False,False,False,1,1,0,0
LOC003526,35.3296240713146,128.688787497753,4812132000.0,대산면,의창구,경상남도 창원시 의창구 대산면 가술산남로 124-32,1,1,0,0,3.0,235.07,False,False,False,False,False,1,1,0,0
LOC003527,35.3296689219268,128.601223235622,4812131000.0,북면,의창구,경상남도 창원시 의창구 북면 천주로 854,1,0,1,0,,,True,False,False,False,False,1,0,0,1
LOC003528,35.3298037456113,128.588505420498,4812131000.0,북면,의창구,경상남도 창원시 의창구 북면 운무로783번길 17,2,1,0,1,6.0,450.0,False,False,False,False,False,2,1,1,0
LOC003529,35.3298084782629,128.70045236367,4812132000.0,대산면,의창구,경상남도 창원시 의창구 대산면 주남로483번길 46 (합성테크) (총 2 필지) (총 2 필지),1,1,0,0,29.0,360.0,False,False,False,False,False,1,1,0,0
LOC003530,35.3298325978727,128.704268174128,4812132000.0,대산면,의창구,경상남도 창원시 의창구 대산면 주남로503번길 10,1,1,0,0,15.0,581.82,False,False,False,False,False,1,1,0,0
LOC003531,35.3298676545511,128.70510523337,4812132000.0,대산면,의창구,경상남도 창원시 의창구 대산면 주남로 509,1,1,0,0,9.0,1143.9,False,False,False,False,False,1,1,0,0
LOC003532,35.3299021671714,128.589663265919,4812131000.0,북면,의창구,경상남도 창원시 의창구 북면 운무로783번길 14,1,0,0,1,,,False,False,False,False,False,1,0,1,0
LOC003533,35.3299245714947,128.596237629647,4812131000.0,북면,의창구,경상남도 창원시 의창구 북면 운무로 850,1,1,0,0,4.0,488.48,False,False,False,False,False,1,1,0,0
LOC003534,35.3300295800304,128.704889463868,4812132000.0,대산면,의창구,경상남도 창원시 의창구 대산면 주남로503번길 8,1,1,0,0,20.0,494.13,False,False,False,False,False,1,1,0,0
LOC003535,35.3301025908107,128.594029692995,4812131000.0,북면,의창구,경상남도 창원시 의창구 북면 무곡리 170-6번지 외 1필지,1,1,0,0,3.0,464.1,False,False,False,False,False,1,1,0,0
LOC003536,35.330112957115,128.593721973414,4812131000.0,북면,의창구,경상남도 창원시 의창구 북면 운무로 825-1,1,1,0,0,2.0,273.7,False,False,False,False,False,1,1,0,0
LOC003537,35.3301633771722,128.676239040613,4812125000.0,동읍,의창구,경상남도 창원시 의창구 동읍 죽동길 52-10,1,1,0,0,9.0,264.96,False,False,False,False,False,1,1,0,0
LOC003538,35.3302801150305,128.704435708252,4812132000.0,대산면,의창구,경상남도 창원시 의창구 대산면 주남로503번길 12,1,1,0,0,7.0,985.97,False,False,False,False,False,1,1,0,0
LOC003539,35.3303704191852,128.704198967729,4812132000.0,대산면,의창구,경상남도 창원시 의창구 대산면 주남로503번길 18,3,3,0,0,26.0,4383.48,False,False,False,False,False,3,3,0,0
LOC003540,35.3303773569209,128.705368323631,4812132000.0,대산면,의창구,경상남도 창원시 의창구 대산면 주남로 515,1,1,0,0,15.0,1329.11,False,False,False,False,False,1,1,0,0
LOC003541,35.3304407475597,128.739107100976,4812132000.0,대산면,의창구,경상남도 창원시 의창구 대산면 유등남길 86-1 외 1필지,1,1,0,0,,,False,False,False,False,False,1,1,0,0
LOC003542,35.3305237668234,128.675907770463,4812125000.0,동읍,의창구,경상남도 창원시 의창구 동읍 죽동길46번길 15-13 ((주)진오텍) 외 2필지,2,2,0,0,11.0,198.35,False,False,False,False,False,2,2,0,0
LOC003543,35.3308156232485,128.704907513734,4812132000.0,대산면,의창구,경상남도 창원시 의창구 대산면 가술산단로 31,1,1,0,0,13.0,3205.65,False,False,False,False,False,1,1,0,0
LOC003544,35.3308159048459,128.675240553619,4812125000.0,동읍,의창구,경상남도 창원시 의창구 동읍 죽동길 42,2,2,0,0,5.0,481.85,False,False,False,False,False,2,2,0,0
LOC003545,35.330822328264,128.703492431596,4812132000.0,대산면,의창구,경상남도 창원시 의창구 대산면 주남로503번길 26-2 ((주)지엔티),2,1,0,1,10.0,2271.25,False,False,False,False,True,1,1,1,0
LOC003546,35.3309415769961,128.702774729894,4812132000.0,대산면,의창구,경상남도 창원시 의창구 대산면 가술리 707-5번지,1,1,0,0,35.0,2336.74,False,False,False,False,False,1,1,0,0
LOC003547,35.3309425488343,128.598804307105,4812131000.0,북면,의창구,경상남도 창원시 의창구 북면 천주로 891-27,2,2,0,0,9.0,391.7,False,False,False,False,False,2,2,0,0
LOC003548,35.3309509328845,128.700260093207,4812132000.0,대산면,의창구,경상남도 창원시 의창구 대산면 주남로483번길 52,1,1,0,0,7.0,495.0,False,False,False,False,False,1,1,0,0
LOC003549,35.3310021154367,128.702782708178,4812132000.0,대산면,의창구,경상남도 창원시 의창구 대산면 주남로503번길 26-3,3,1,1,1,,,False,True,False,False,False,2,1,1,1
LOC003550,35.3310083025324,128.704555912375,4812132000.0,대산면,의창구,경상남도 창원시 의창구 대산면 주남로 523-11,1,1,0,0,20.0,2546.288,False,False,False,False,False,1,1,0,0
LOC003551,35.3311177980717,128.705520575631,4812132000.0,대산면,의창구,경상남도 창원시 의창구 대산면 주남로 521,3,2,1,0,10.0,1325.69,True,False,False,False,False,2,2,0,1
LOC003552,35.3311427156829,128.606931683598,4812131000.0,북면,의창구,경상남도 창원시 의창구 북면 천주로862번길 55-32,2,1,1,0,5.0,494.4,True,False,False,False,False,1,1,0,1
LOC003553,35.331164195487,128.710368450846,4812132000.0,대산면,의창구,경상남도 창원시 의창구 대산면 제동길42번길 46,1,0,1,0,,,False,True,False,False,False,1,0,0,1
LOC003554,35.3312314873879,128.702986239632,4812132000.0,대산면,의창구,경상남도 창원시 의창구 대산면 가술산단남로 27,1,1,0,0,,,False,False,False,False,False,1,1,0,0
LOC003555,35.3312381317421,128.703045544011,4812132000.0,대산면,의창구,경상남도 창원시 의창구 대산면 가술리 707-4번지,1,1,0,0,18.0,973.23,False,False,False,False,False,1,1,0,0
LOC003556,35.3313213490504,128.704110720955,4812132000.0,대산면,의창구,경상남도 창원시 의창구 대산면 주남로503번길 26-14,1,1,0,0,10.0,2095.3,False,False,False,False,False,1,1,0,0
LOC003557,35.3314689442448,128.70235360193,4812132000.0,대산면,의창구,경상남도 창원시 의창구 대산면 주남로503번길 42,2,2,0,0,6.0,624.0,False,False,False,False,False,2,2,0,0
LOC003558,35.3315051761786,128.704361248578,4812132000.0,대산면,의창구,경상남도 창원시 의창구 대산면 주남로503번길 26-18,3,2,1,0,7.0,1136.44,True,False,False,False,False,2,2,0,1
LOC003559,35.3317589398337,128.710346342278,4812132000.0,대산면,의창구,경상남도 창원시 의창구 대산면 제동길42번길 42,2,0,1,1,,,False,True,False,False,False,1,0,1,1
LOC003560,35.3318440861165,128.669372255703,4812125000.0,동읍,의창구,경상남도 창원시 의창구 동읍 동읍로 809,1,1,0,0,30.0,1102.01,False,False,False,False,False,1,1,0,0
LOC003561,35.3319751442678,128.710505080307,4812132000.0,대산면,의창구,경상남도 창원시 의창구 대산면 제동길42번길 36,2,1,1,0,5.0,924.0,False,False,True,False,False,2,1,0,1
LOC003562,35.3319922286389,128.703328931341,4812132000.0,대산면,의창구,경상남도 창원시 의창구 대산면 가술산단로 51,3,1,1,1,80.0,3824.98,False,True,False,False,False,1,1,1,1
LOC003563,35.3320390567208,128.706270375325,4812132000.0,대산면,의창구,경상남도 창원시 의창구 대산면 봉강가술로 594 (총 4 필지) 외 3필지,2,2,0,0,8.0,946.31,False,False,False,False,False,2,2,0,0
LOC003564,35.332280299399,128.705479239271,4812132000.0,대산면,의창구,경상남도 창원시 의창구 대산면 가술산단로 36,1,1,0,0,13.0,1142.2,False,False,False,False,False,1,1,0,0
LOC003565,35.3322949047579,128.702711183788,4812132000.0,대산면,의창구,경상남도 창원시 의창구 대산면 가술산단로 63,1,0,0,1,,,False,False,False,False,False,1,0,1,0
LOC003566,35.3323761558322,128.704951290874,4812132000.0,대산면,의창구,경상남도 창원시 의창구 대산면 봉강가술로 580-7,3,1,2,0,18.0,1408.2,True,True,False,False,False,1,1,0,1
LOC003567,35.3323828883327,128.702626150415,4812132000.0,대산면,의창구,경상남도 창원시 의창구 대산면 가술리 706-1번지,1,1,0,0,14.0,7426.0,False,False,False,False,False,1,1,0,0
LOC003568,35.3325217022653,128.705819731831,4812132000.0,대산면,의창구,경상남도 창원시 의창구 대산면 봉강가술로 586,1,1,0,0,6.0,493.5,False,False,False,False,False,1,1,0,0
LOC003569,35.3325239045624,128.700982800355,4812132000.0,대산면,의창구,경상남도 창원시 의창구 대산면 주남로503번길 48,1,1,0,0,60.0,2373.58,False,False,False,False,False,1,1,0,0
LOC003570,35.3325363426459,128.660189762449,4812125000.0,동읍,의창구,경상남도 창원시 의창구 동읍 동읍로835번길 74,1,1,0,0,3.0,104.0,False,False,False,False,False,1,1,0,0
LOC003571,35.3326283607536,128.700168872476,4812132000.0,대산면,의창구,경상남도 창원시 의창구 대산면 가술산단남로 57,2,1,0,1,20.0,3042.21,False,False,False,False,False,1,1,1,0
LOC003572,35.3327504271793,128.70439520595,4812132000.0,대산면,의창구,경상남도 창원시 의창구 대산면 봉강가술로 580-8,2,1,1,0,23.0,1472.08,False,True,False,False,False,2,1,0,1
LOC003573,35.332759037302,128.705267041433,4812132000.0,대산면,의창구,경상남도 창원시 의창구 대산면 봉강가술로 580-3,1,1,0,0,6.0,788.5,False,False,False,False,False,1,1,0,0
LOC003574,35.3328750617907,128.701561916334,4812132000.0,대산면,의창구,경상남도 창원시 의창구 대산면 가술산단로 65,3,1,2,0,46.0,3660.37,True,True,False,False,False,1,1,0,1
LOC003575,35.3329570505138,128.703974933977,4812132000.0,대산면,의창구,경상남도 창원시 의창구 대산면 가술산단로 52,2,1,1,0,20.0,2070.0,False,True,False,False,False,1,1,0,1
LOC003576,35.3330808952714,128.735577093529,4812132000.0,대산면,의창구,경상남도 창원시 의창구 대산면 유등남길40번길 6-3,1,1,0,0,5.0,528.0,False,False,False,False,False,1,1,0,0
LOC003577,35.3331380512066,128.703492646219,4812132000.0,대산면,의창구,경상남도 창원시 의창구 대산면 가술산단로 58,3,2,1,0,20.0,4632.32,False,True,False,False,False,2,2,0,1
LOC003578,35.3331573649871,128.699566624976,4812132000.0,대산면,의창구,경상남도 창원시 의창구 대산면 가술리 705-1번지,1,1,0,0,40.0,4057.44,False,False,False,False,False,1,1,0,0
LOC003579,35.3331858643247,128.704658831588,4812132000.0,대산면,의창구,경상남도 창원시 의창구 대산면 봉강가술로 580-4,3,1,1,1,30.0,1366.4,False,True,False,False,False,2,1,1,1
LOC003580,35.3331945663506,128.699644826247,4812132000.0,대산면,의창구,경상남도 창원시 의창구 대산면 주남로503번길 70,1,1,0,0,,,False,False,False,False,False,1,1,0,0
LOC003581,35.3333126883296,128.701215982313,4812132000.0,대산면,의창구,경상남도 창원시 의창구 대산면 가술산단남로 54,1,1,0,0,13.0,1024.5,False,False,False,False,False,1,1,0,0
LOC003582,35.3333252790116,128.703054366934,4812132000.0,대산면,의창구,경상남도 창원시 의창구 대산면 가술산단로 64,1,1,0,0,34.0,1729.8,False,False,False,False,False,1,1,0,0
LOC003583,35.3333394229147,128.704441997117,4812132000.0,대산면,의창구,경상남도 창원시 의창구 대산면 가술산단북로 8,2,1,1,0,6.0,1384.48,False,True,False,False,False,1,1,0,1
LOC003584,35.3336356402831,128.700700038935,4812132000.0,대산면,의창구,"경상남도 창원시 의창구 대산면 가술산단남로 60, 가술리704-2",1,1,0,0,20.0,992.63,False,False,False,False,False,1,1,0,0
LOC003585,35.3336867978019,128.70488556461,4812132000.0,대산면,의창구,경상남도 창원시 의창구 대산면 봉강가술로 573,1,1,0,0,,,False,False,False,False,False,1,1,0,0
LOC003586,35.3337698276664,128.703924913428,4812132000.0,대산면,의창구,경상남도 창원시 의창구 대산면 가술산단북로 14,1,1,0,0,10.0,1863.7,False,False,False,False,False,1,1,0,0
LOC003587,35.3338428539198,128.702311235017,4812132000.0,대산면,의창구,경상남도 창원시 의창구 대산면 가술산단로 66,3,2,1,0,16.0,230.0,False,True,False,False,False,2,2,0,1
LOC003588,35.3339203057641,128.700349462763,4812132000.0,대산면,의창구,"경상남도 창원시 의창구 대산면 가술산단남로 70, (가술리 704-1)",1,1,0,0,10.0,3894.0,False,False,False,False,False,1,1,0,0
LOC003589,35.3339260218124,128.703450678235,4812132000.0,대산면,의창구,경상남도 창원시 의창구 대산면 가술리 701-1번지,1,1,0,0,10.0,919.07,False,False,False,False,False,1,1,0,0
LOC003590,35.3340319156312,128.701915218367,4812132000.0,대산면,의창구,경상남도 창원시 의창구 대산면 가술리 703-4번지,1,1,0,0,12.0,2980.49,False,False,False,False,False,1,1,0,0
LOC003591,35.3341645709522,128.714387621832,4812132000.0,대산면,의창구,경상남도 창원시 의창구 대산면 제동길 50,1,1,0,0,2.0,115.88,False,False,False,False,False,1,1,0,0
LOC003592,35.3343083945587,128.703003512394,4812132000.0,대산면,의창구,경상남도 창원시 의창구 대산면 가술산단북로 22,3,1,2,0,18.0,1498.03,False,True,False,False,False,2,1,0,2
LOC003593,35.3343625143207,128.707904970108,4812132000.0,대산면,의창구,경상남도 창원시 의창구 대산면 가술길 2,1,0,0,1,,,False,False,False,False,False,1,0,1,0
LOC003594,35.3343999606537,128.699199920765,4812132000.0,대산면,의창구,경상남도 창원시 의창구 대산면 가술산단남로 72,2,1,1,0,45.0,2560.96,False,True,False,False,False,2,1,0,1
LOC003595,35.3344019563844,128.701300182047,4812132000.0,대산면,의창구,경상남도 창원시 의창구 대산면 가술산단로 80,1,1,0,0,17.0,1291.91,False,False,False,False,False,1,1,0,0
LOC003596,35.3344878621132,128.70253382961,4812132000.0,대산면,의창구,경상남도 창원시 의창구 대산면 가술산단북로 30,1,1,0,0,,,False,False,False,False,False,1,1,0,0
LOC003597,35.3345270325854,128.703821486644,4812132000.0,대산면,의창구,경상남도 창원시 의창구 대산면 봉강가술로559번길 2 (대산면),2,1,1,0,10.0,768.0,False,True,False,False,False,2,1,0,1
LOC003598,35.334566152603,128.70240756924,4812132000.0,대산면,의창구,경상남도 창원시 의창구 대산면 가술리 700-5번지,1,1,0,0,6.0,927.74,False,False,False,False,False,1,1,0,0
LOC003599,35.3345929387525,128.696971983865,4812132000.0,대산면,의창구,경상남도 창원시 의창구 대산면 가술산단남로 95,3,1,1,1,,,False,True,False,False,False,1,1,1,1
LOC003600,35.3346085095668,128.70392316594,4812132000.0,대산면,의창구,경상남도 창원시 의창구 대산면 봉강가술로559번길 8 ((주)케이비아이테크),3,1,1,1,35.0,1674.0,True,False,False,False,False,1,1,1,1
LOC003601,35.3346123461667,128.705088888624,4812132000.0,대산면,의창구,경상남도 창원시 의창구 대산면 봉강가술로 567-10,1,1,0,0,20.0,780.0,False,False,False,False,False,1,1,0,0
LOC003602,35.3346227834128,128.667987827806,4812125000.0,동읍,의창구,경상남도 창원시 의창구 동읍 동읍로 849,1,1,0,0,5.0,1035.59,False,False,False,False,False,1,1,0,0
LOC003603,35.3346265147055,128.700930308861,4812132000.0,대산면,의창구,경상남도 창원시 의창구 대산면 가술리 703-2번지,1,1,0,0,12.0,2615.0,False,False,False,False,False,1,1,0,0
LOC003604,35.3346543965439,128.666009434618,4812125000.0,동읍,의창구,경상남도 창원시 의창구 동읍 동읍로835번길 18-9 (총 2 필지),1,1,0,0,2.0,196.65,False,False,False,False,False,1,1,0,0
LOC003605,35.3346854234411,128.696996133031,4812132000.0,대산면,의창구,경상남도 창원시 의창구 대산면 가술리 697-4번지,1,1,0,0,100.0,3551.07,False,False,False,False,False,1,1,0,0
LOC003606,35.3348194005766,128.70486184747,4812132000.0,대산면,의창구,경상남도 창원시 의창구 대산면 봉강가술로 567-12,1,1,0,0,5.0,592.0,False,False,False,False,False,1,1,0,0
LOC003607,35.334847391725,128.704238206421,4812132000.0,대산면,의창구,경상남도 창원시 의창구 대산면 가술리 673,1,0,1,0,,,False,False,True,False,False,1,0,0,1
LOC003608,35.3348673936894,128.701917012254,4812132000.0,대산면,의창구,경상남도 창원시 의창구 대산면 가술리 700-4번지,1,1,0,0,10.0,1293.13,False,False,False,False,False,1,1,0,0
LOC003609,35.3350155979666,128.698229833787,4812132000.0,대산면,의창구,경상남도 창원시 의창구 대산면 가술산단남로 86,3,1,1,1,47.0,2538.0,False,True,False,False,False,3,1,1,1
LOC003610,35.3351427114104,128.701468909302,4812132000.0,대산면,의창구,경상남도 창원시 의창구 대산면 가술리 700-3번지,1,1,0,0,9.0,1441.5,False,False,False,False,False,1,1,0,0
LOC003611,35.3351925015255,128.703148538896,4812132000.0,대산면,의창구,경상남도 창원시 의창구 대산면 봉강가술로559번길 1,2,2,0,0,7.0,2567.09,False,False,False,False,False,2,2,0,0
LOC003612,35.3353440918754,128.703569965168,4812132000.0,대산면,의창구,경상남도 창원시 의창구 대산면 가술리 666-2번지,1,1,0,0,16.0,2692.31,False,False,False,False,False,1,1,0,0
LOC003613,35.3353700215498,128.695965659294,4812132000.0,대산면,의창구,경상남도 창원시 의창구 대산면 주남로503번길 116 외 2필지,2,2,0,0,25.0,18000.0,False,False,False,False,False,2,2,0,0
LOC003614,35.3354790430299,128.701999895221,4812132000.0,대산면,의창구,경상남도 창원시 의창구 대산면 봉강가술로 543,2,2,0,0,7.0,990.0,False,False,False,False,False,2,2,0,0
LOC003615,35.3356074841526,128.703808537604,4812132000.0,대산면,의창구,경상남도 창원시 의창구 대산면 가술리 666-1번지,1,1,0,0,8.0,1073.13,False,False,False,False,False,1,1,0,0
LOC003616,35.3356689485215,128.697512810804,4812132000.0,대산면,의창구,경상남도 창원시 의창구 대산면 가술산단남로 94,2,1,1,0,16.0,2491.25,False,True,False,False,False,2,1,0,1
LOC003617,35.3357260456492,128.703919795173,4812132000.0,대산면,의창구,경상남도 창원시 의창구 대산면 가술리 667번지 외 1필지,1,1,0,0,10.0,720.0,False,False,False,False,False,1,1,0,0
LOC003618,35.335974055792,128.599634134217,4812131000.0,북면,의창구,경상남도 창원시 의창구 북면 천주로 929,1,0,1,0,,,True,False,False,False,False,1,0,0,1
LOC003619,35.3360135910962,128.702226994084,4812132000.0,대산면,의창구,경상남도 창원시 의창구 대산면 봉강가술로537번길 6,3,2,1,0,58.0,1989.0,True,False,False,False,False,3,2,0,1
LOC003620,35.3361165657205,128.703911277991,4812132000.0,대산면,의창구,경상남도 창원시 의창구 대산면 봉강가술로559번길 19,1,1,0,0,15.0,1400.98,False,False,False,False,False,1,1,0,0
LOC003621,35.3361444173418,128.696377106916,4812132000.0,대산면,의창구,경상남도 창원시 의창구 대산면 주남로503번길 138 부광정밀공업(주),1,0,1,0,,,False,True,False,False,False,1,0,0,1
LOC003622,35.3361891802722,128.704647790683,4812132000.0,대산면,의창구,경상남도 창원시 의창구 대산면 봉강가술로559번길 25,1,1,0,0,5.0,869.2,False,False,False,False,False,1,1,0,0
LOC003623,35.3362262034025,128.700612454974,4812132000.0,대산면,의창구,경상남도 창원시 의창구 대산면 봉강가술로471번길 45-11,1,1,0,0,,,False,False,False,False,False,1,1,0,0
LOC003624,35.3362385108279,128.701249160712,4812132000.0,대산면,의창구,경상남도 창원시 의창구 대산면 봉강가술로471번길 45-6,1,1,0,0,,,False,False,False,False,False,1,1,0,0
LOC003625,35.3362533221447,128.704221320337,4812132000.0,대산면,의창구,경상남도 창원시 의창구 대산면 봉강가술로559번길 21,3,2,0,1,17.0,1350.08,False,False,False,False,False,3,2,1,0
LOC003626,35.3363211359114,128.702415020385,4812132000.0,대산면,의창구,경상남도 창원시 의창구 대산면 봉강가술로537번길 12 (대산면),1,1,0,0,29.0,2410.56,False,False,False,False,False,1,1,0,0
LOC003627,35.336325963703,128.703447494241,4812132000.0,대산면,의창구,경상남도 창원시 의창구 대산면 봉강가술로537번길 20 ((주)에스엠엔지니어링공장),1,1,0,0,8.0,1605.2,False,False,False,False,False,1,1,0,0
LOC003628,35.3365381071289,128.701528190069,4812132000.0,대산면,의창구,경상남도 창원시 의창구 대산면 봉강가술로537번길 9,2,2,0,0,2.0,951.85,False,False,False,False,False,2,2,0,0
LOC003629,35.3365760766793,128.70223010441,4812132000.0,대산면,의창구,경상남도 창원시 의창구 대산면 봉강가술로537번길 11 외 1필지,3,2,1,0,31.0,1923.3,True,False,False,False,False,1,1,0,1
LOC003630,35.3365807395523,128.703830621169,4812132000.0,대산면,의창구,경상남도 창원시 의창구 대산면 봉강가술로537번길 24,2,0,2,0,,,True,True,False,False,False,1,0,0,1
LOC003631,35.3365979992867,128.70030141615,4812132000.0,대산면,의창구,경상남도 창원시 의창구 대산면 봉강가술로471번길 45-17,1,1,0,0,,,False,False,False,False,False,1,1,0,0
LOC003632,35.3366000390897,128.702736182116,4812132000.0,대산면,의창구,경상남도 창원시 의창구 대산면 봉강가술로537번길 16,3,1,2,0,9.0,2337.82,True,True,False,False,False,1,1,0,1
LOC003633,35.3366064384163,128.69620551879,4812132000.0,대산면,의창구,경상남도 창원시 의창구 대산면 가술리 696-1번지 외 1필지,1,1,0,0,122.0,11130.15,False,False,False,False,False,1,1,0,0
LOC003634,35.3367348589641,128.73348777461,4812132000.0,대산면,의창구,경상남도 창원시 의창구 대산면 우암로23번길 51,1,1,0,0,,,False,False,False,False,False,1,1,0,0
LOC003635,35.3368131518291,128.704904722595,4812132000.0,대산면,의창구,경상남도 창원시 의창구 대산면 봉강가술로559번길 36 외 3필지,2,2,0,0,38.0,3142.96,False,False,False,False,False,2,2,0,0
LOC003636,35.3368431175358,128.70082719597,4812132000.0,대산면,의창구,경상남도 창원시 의창구 대산면 봉강가술로471번길 45-8,2,2,0,0,12.0,1495.9,False,False,False,False,False,2,2,0,0
LOC003637,35.3369035820209,128.703559810739,4812132000.0,대산면,의창구,경상남도 창원시 의창구 대산면 가술리 658번지 외 3필지,2,1,0,1,10.0,509.49,False,False,False,False,False,1,1,1,0
LOC003638,35.336956975152,128.709301215085,4812132000.0,대산면,의창구,경상남도 창원시 의창구 대산면 진산대로 418,1,0,1,0,,,False,True,False,False,False,1,0,0,1
LOC003639,35.3370370916818,128.702328858608,4812132000.0,대산면,의창구,경상남도 창원시 의창구 대산면 봉강가술로537번길 17,3,3,0,0,18.0,2254.2,False,False,False,False,False,3,3,0,0
LOC003640,35.3370967944511,128.700776752952,4812132000.0,대산면,의창구,경상남도 창원시 의창구 대산면 봉강가술로537번길 50 ((주)월드두성),3,3,0,0,5.0,903.9,False,False,False,False,False,3,3,0,0
LOC003641,35.3371109761938,128.700524645907,4812132000.0,대산면,의창구,경상남도 창원시 의창구 대산면 봉강가술로537번길 50-1,1,1,0,0,,,False,False,False,False,False,1,1,0,0
LOC003642,35.3371879695487,128.699644768112,4812132000.0,대산면,의창구,"경상남도 창원시 의창구 대산면 봉강가술로477번길 28-3, 지하 1층",1,1,0,0,6.0,225.0,False,False,False,False,False,1,1,0,0
LOC003643,35.3372043694311,128.70008701212,4812132000.0,대산면,의창구,경상남도 창원시 의창구 대산면 봉강가술로537번길 52,1,0,1,0,,,True,False,False,False,False,1,0,0,1
LOC003644,35.3373272309952,128.700936874898,4812132000.0,대산면,의창구,경상남도 창원시 의창구 대산면 봉강가술로537번길 46-1 ((주)로켄코리아),1,1,0,0,9.0,400.0,False,False,False,False,False,1,1,0,0
LOC003645,35.3373607548302,128.702703312798,4812132000.0,대산면,의창구,경상남도 창원시 의창구 대산면 봉강가술로537번길 25,1,1,0,0,5.0,199.68,False,False,False,False,False,1,1,0,0
LOC003646,35.3374267305108,128.701525376487,4812132000.0,대산면,의창구,경상남도 창원시 의창구 대산면 봉강가술로537번길 42 (대산면),1,1,0,0,10.0,800.75,False,False,False,False,False,1,1,0,0
LOC003647,35.3376248229578,128.70439639782,4812132000.0,대산면,의창구,경상남도 창원시 의창구 대산면 봉강가술로559번길 40 외 2필지,3,2,1,0,5.0,255.84,True,False,False,False,False,3,2,0,1
LOC003648,35.3376273468078,128.703616577593,4812132000.0,대산면,의창구,경상남도 창원시 의창구 대산면 봉강가술로559번길 37,2,1,1,0,27.0,1471.23,True,False,False,False,False,2,1,0,1
LOC003649,35.3376701257708,128.710967596436,4812132000.0,대산면,의창구,경상남도 창원시 의창구 대산면 진산대로 430-27,1,1,0,0,5.0,1299.75,False,False,False,False,False,1,1,0,0
LOC003650,35.3376787283687,128.702586036398,4812132000.0,대산면,의창구,경상남도 창원시 의창구 대산면 봉강가술로537번길 32 외 1필지,1,1,0,0,,,False,False,False,False,False,1,1,0,0
LOC003651,35.3379557910309,128.700913206525,4812132000.0,대산면,의창구,경상남도 창원시 의창구 대산면 가술리 457-4번지,1,1,0,0,19.0,2797.33,False,False,False,False,False,1,1,0,0
LOC003652,35.3379757522152,128.703443852895,4812132000.0,대산면,의창구,경상남도 창원시 의창구 대산면 봉강가술로537번길 28,2,2,0,0,,,False,False,False,False,False,2,2,0,0
LOC003653,35.3380489093213,128.702102076925,4812132000.0,대산면,의창구,경상남도 창원시 의창구 대산면 가술리 458-2번지,1,1,0,0,10.0,1466.95,False,False,False,False,False,1,1,0,0
LOC003654,35.3380777421217,128.699951115961,4812132000.0,대산면,의창구,경상남도 창원시 의창구 대산면 가술리 457-5번지,1,1,0,0,28.0,4481.26,False,False,False,False,False,1,1,0,0
LOC003655,35.3380849492079,128.702269014738,4812132000.0,대산면,의창구,경상남도 창원시 의창구 대산면 봉강가술로477번길 47,4,2,2,0,,,False,True,False,False,False,2,2,0,2
LOC003656,35.3381951450152,128.698831213535,4812132000.0,대산면,의창구,경상남도 창원시 의창구 대산면 봉강가술로477번길 138,1,0,1,0,,,False,True,False,False,False,1,0,0,1
LOC003657,35.3381967644159,128.698953217013,4812132000.0,대산면,의창구,경상남도 창원시 의창구 대산면 가술리 456-3번지,1,1,0,0,17.0,2008.32,False,False,False,False,False,1,1,0,0
LOC003658,35.3382140261977,128.703009258676,4812132000.0,대산면,의창구,경상남도 창원시 의창구 대산면 가술리 458-3번지,1,1,0,0,13.0,1804.58,False,False,False,False,False,1,1,0,0
LOC003659,35.3382980330245,128.698442162559,4812132000.0,대산면,의창구,경상남도 창원시 의창구 대산면 가술리 456-2번지,1,1,0,0,4.0,1884.86,False,False,False,False,False,1,1,0,0
LOC003660,35.3383133853696,128.697439230289,4812132000.0,대산면,의창구,경상남도 창원시 의창구 대산면 봉강가술로 471 ((주)에이치에스알씨),3,3,0,0,39.0,1850.75,False,False,False,False,False,3,3,0,0
LOC003661,35.3383291275523,128.726432886176,4812132000.0,대산면,의창구,경상남도 창원시 의창구 대산면 유등로 175 외 1필지,1,1,0,0,,,False,False,False,False,False,1,1,0,0
LOC003662,35.3384256867672,128.703983300433,4812132000.0,대산면,의창구,경상남도 창원시 의창구 대산면 가술길23번길 12-64,3,1,2,0,3.0,960.0,True,False,True,False,False,1,1,0,1
LOC003663,35.3385896575359,128.69839756478,4812132000.0,대산면,의창구,경상남도 창원시 의창구 대산면 봉강가술로477번길 134,1,1,0,0,,,False,False,False,False,False,1,1,0,0
LOC003664,35.3385909593216,128.70203964902,4812132000.0,대산면,의창구,"경상남도 창원시 의창구 대산면 봉강가술로477번길 75, (가술리 458-1번지)",2,1,1,0,11.0,1705.15,False,True,False,False,False,1,1,0,1
LOC003665,35.3386268484119,128.700629771138,4812132000.0,대산면,의창구,경상남도 창원시 의창구 대산면 가술리 457-2번지,1,1,0,0,15.0,1439.76,False,False,False,False,False,1,1,0,0
LOC003666,35.3386725618809,128.697827172383,4812132000.0,대산면,의창구,경상남도 창원시 의창구 대산면 봉강가술로477번길 128,2,2,0,0,14.0,3110.4,False,False,False,False,False,2,2,0,0
LOC003667,35.3387158513026,128.701240608176,4812132000.0,대산면,의창구,경상남도 창원시 의창구 대산면 봉강가술로477번길 83,2,1,1,0,7.0,2416.22,False,True,False,False,False,2,1,0,1
LOC003668,35.3387370804987,128.69998813509,4812132000.0,대산면,의창구,경상남도 창원시 의창구 대산면 봉강가술로477번길 99,2,2,0,0,12.0,6634.0,False,False,False,False,False,2,2,0,0
LOC003669,35.3391489445727,128.698410260937,4812132000.0,대산면,의창구,경상남도 창원시 의창구 대산면 봉강가술로477번길 129,3,1,2,0,15.0,1745.53,False,True,False,False,False,2,1,0,2
LOC003670,35.3391496278229,128.698881001965,4812132000.0,대산면,의창구,경상남도 창원시 의창구 대산면 봉강가술로477번길 133 외 1필지,2,2,0,0,25.0,3329.86,False,False,False,False,False,2,2,0,0
LOC003671,35.339238677529,128.704039526872,4812132000.0,대산면,의창구,경상남도 창원시 의창구 대산면 진산대로443번길 55-12 (대산면),2,1,1,0,,,False,False,True,False,False,1,1,0,1
LOC003672,35.3393720799966,128.704561778468,4812132000.0,대산면,의창구,경상남도 창원시 의창구 대산면 진산대로443번길 55-17,1,1,0,0,,,False,False,False,False,False,1,1,0,0
LOC003673,35.3400027722312,128.704885292337,4812132000.0,대산면,의창구,경상남도 창원시 의창구 대산면 진산대로443번길 55-7,1,1,0,0,3.0,330.0,False,False,False,False,False,1,1,0,0
LOC003674,35.3406661793045,128.599318359518,4812131000.0,북면,의창구,경상남도 창원시 의창구 북면 단내로 765-3,1,1,0,0,7.0,142.57,False,False,False,False,False,1,1,0,0
LOC003675,35.3412244495636,128.577771330906,4812131000.0,북면,의창구,경상남도 창원시 의창구 북면 무릉산길223번길 4,1,1,0,0,3.0,170.08,False,False,False,False,False,1,1,0,0
LOC003676,35.3413609554143,128.71068324108,4812132000.0,대산면,의창구,경상남도 창원시 의창구 대산면 진산대로472번길 16,1,1,0,0,,,False,False,False,False,False,1,1,0,0
LOC003677,35.3415447449743,128.715690152603,4812132000.0,대산면,의창구,경상남도 창원시 의창구 대산면 북부리 573번지,1,1,0,0,5.0,990.0,False,False,False,False,False,1,1,0,0
LOC003678,35.3416030725458,128.600095303882,4812131000.0,북면,의창구,경상남도 창원시 의창구 북면 천주로 991-9,2,0,2,0,,,True,True,False,False,False,1,0,0,1
LOC003679,35.3416295651506,128.744263466968,4812132000.0,대산면,의창구,경상남도 창원시 의창구 대산면 유등로332번길 43-7,1,1,0,0,3.0,412.8,False,False,False,False,False,1,1,0,0
LOC003680,35.34181615275,128.589089225955,4812131000.0,북면,의창구,경상남도 창원시 의창구 북면 단내로 664-8 (총 2 필지),1,1,0,0,10.0,469.83,False,False,False,False,False,1,1,0,0
LOC003681,35.341819345205,128.5878727054,4812131000.0,북면,의창구,경상남도 창원시 의창구 북면 단내로 650,1,1,0,0,1.0,193.09,False,False,False,False,False,1,1,0,0
LOC003682,35.3419146959518,128.600627414061,4812131000.0,북면,의창구,경상남도 창원시 의창구 북면 천주로 991-22,4,0,3,1,,,True,True,True,False,False,1,0,1,1
LOC003683,35.3421415233176,128.744657444891,4812132000.0,대산면,의창구,경상남도 창원시 의창구 대산면 유등로332번길 43-10,2,1,0,1,8.0,220.79,False,False,False,False,False,1,1,1,0
LOC003684,35.3422985111655,128.667590944885,4812125000.0,동읍,의창구,경상남도 창원시 의창구 동읍 동읍로 967-1,1,1,0,0,5.0,304.68,False,False,False,False,False,1,1,0,0
LOC003685,35.3426396064793,128.619899182492,4812131000.0,북면,의창구,경상남도 창원시 의창구 북면 마산길42번길 2,1,1,0,0,6.0,198.92,False,False,False,False,False,1,1,0,0
LOC003686,35.3426585680512,128.58885252884,4812131000.0,북면,의창구,경상남도 창원시 의창구 북면 단내로 657,2,2,0,0,10.0,633.0,False,False,False,False,False,2,2,0,0
LOC003687,35.3427394605798,128.618654888269,4812131000.0,북면,의창구,경상남도 창원시 의창구 북면 마산길42번길 18,1,1,0,0,1.0,375.0,False,False,False,False,False,1,1,0,0
LOC003688,35.3428591636896,128.588648026148,4812131000.0,북면,의창구,경상남도 창원시 의창구 북면 내곡리 201번지,1,1,0,0,8.0,480.0,False,False,False,False,False,1,1,0,0
LOC003689,35.3428874975878,128.619188760635,4812131000.0,북면,의창구,경상남도 창원시 의창구 북면 마산길42번길 16,1,1,0,0,8.0,603.37,False,False,False,False,False,1,1,0,0
LOC003690,35.3429893338206,128.618320885474,4812131000.0,북면,의창구,경상남도 창원시 의창구 북면 마산길 14-3,1,1,0,0,5.0,364.12,False,False,False,False,False,1,1,0,0
LOC003691,35.3430930070791,128.618722106059,4812131000.0,북면,의창구,경상남도 창원시 의창구 북면 마산길 24 (한성수출포장공사),1,1,0,0,5.0,672.8,False,False,False,False,False,1,1,0,0
LOC003692,35.3432127035803,128.61831720166,4812131000.0,북면,의창구,경상남도 창원시 의창구 북면 마산길 14-1,1,1,0,0,2.0,328.95,False,False,False,False,False,1,1,0,0
LOC003693,35.3434767621305,128.69255981092,4812132000.0,대산면,의창구,경상남도 창원시 의창구 대산면 봉강가술로394번길 12-3,1,1,0,0,7.0,295.0,False,False,False,False,False,1,1,0,0
LOC003694,35.3441142658234,128.666251079124,4812125000.0,동읍,의창구,경상남도 창원시 의창구 동읍 동읍로 985,1,1,0,0,2.0,190.0,False,False,False,False,False,1,1,0,0
LOC003695,35.344248344445,128.658134555456,4812125000.0,동읍,의창구,경상남도 창원시 의창구 동읍 동읍로 1063,4,2,2,0,6.0,1492.05,True,False,True,False,False,1,1,0,1
LOC003696,35.3443802246804,128.640926205534,4812131000.0,북면,의창구,경상남도 창원시 의창구 북면 월계길 121 (동전목재),1,1,0,0,8.0,583.8,False,False,False,False,False,1,1,0,0
LOC003697,35.3444403669174,128.709108884155,4812132000.0,대산면,의창구,경상남도 창원시 의창구 대산면 진산대로 499 (숯표숯침대),1,1,0,0,4.0,493.5,False,False,False,False,False,1,1,0,0
LOC003698,35.3444615241617,128.744122633868,4812132000.0,대산면,의창구,경상남도 창원시 의창구 대산면 유등로369번길 8,1,1,0,0,2.0,198.0,False,False,False,False,False,1,1,0,0
LOC003699,35.3461974773403,128.640869028787,4812131000.0,북면,의창구,경상남도 창원시 의창구 북면 월계길 105-9,1,1,0,0,5.0,480.0,False,False,False,False,False,1,1,0,0
LOC003700,35.3466206518139,128.685715632115,4812125000.0,동읍,의창구,경상남도 창원시 의창구 동읍 봉강가술로 314 (총 2 필지),1,1,0,0,5.0,1396.64,False,False,False,False,False,1,1,0,0
LOC003701,35.3476815313791,128.721532923276,4812132000.0,대산면,의창구,경상남도 창원시 의창구 대산면 대산북로 877,1,1,0,0,10.0,495.0,False,False,False,False,False,1,1,0,0
LOC003702,35.3483781018648,128.639350638102,4812131000.0,북면,의창구,경상남도 창원시 의창구 북면 월계길 67,1,1,0,0,13.0,492.0,False,False,False,False,False,1,1,0,0
LOC003703,35.3495168341846,128.566590476419,4812131000.0,북면,의창구,경상남도 창원시 의창구 북면 단내로 443,4,0,3,1,,,True,True,True,False,False,1,0,1,1
LOC003704,35.3495778766024,128.627704182464,4812131000.0,북면,의창구,경상남도 창원시 의창구 북면 신촌본포로 219 (세광테크),1,1,0,0,3.0,250.0,False,False,False,False,False,1,1,0,0
LOC003705,35.3499203425249,128.566866009257,4812131000.0,북면,의창구,경상남도 창원시 의창구 북면 내곡리 1323-2번지,1,1,0,0,,,False,False,False,False,False,1,1,0,0
LOC003706,35.3502416209774,128.56544793089,4812131000.0,북면,의창구,경상남도 창원시 의창구 북면 단내로 415-6,5,2,2,1,26.0,4129.24,True,False,True,False,False,1,1,1,1
LOC003707,35.3503047075844,128.566984534454,4812131000.0,북면,의창구,경상남도 창원시 의창구 북면 내곡리 1336-5번지 외 1필지 외 1필지,1,1,0,0,20.0,232.21,False,False,False,False,False,1,1,0,0
LOC003708,35.3504769644609,128.564665858037,4812131000.0,북면,의창구,경상남도 창원시 의창구 북면 단내로 413-9,3,1,1,1,40.0,635.74,False,True,False,False,False,2,1,1,1
LOC003709,35.3505127713476,128.564747179297,4812131000.0,북면,의창구,경상남도 창원시 의창구 북면 내곡리 1439-10번지,1,1,0,0,8.0,538.11,False,False,False,False,False,1,1,0,0
LOC003710,35.350701188396,128.636601727769,4812131000.0,북면,의창구,경상남도 창원시 의창구 북면 월계길 29-6,1,1,0,0,4.0,460.56,False,False,False,False,False,1,1,0,0
LOC003711,35.3507115628634,128.636161718185,4812131000.0,북면,의창구,경상남도 창원시 의창구 북면 월계길 29,1,1,0,0,8.0,492.62,False,False,False,False,False,1,1,0,0
LOC003712,35.350795061643,128.636936811408,4812131000.0,북면,의창구,경상남도 창원시 의창구 북면 월계길 29-10,1,1,0,0,6.0,454.9,False,False,False,False,False,1,1,0,0
LOC003713,35.3509141267728,128.565370159109,4812131000.0,북면,의창구,경상남도 창원시 의창구 북면 단내로 415-12,2,1,1,0,8.0,692.27,False,False,True,False,False,1,1,0,1
LOC003714,35.3515022875063,128.565716026515,4812131000.0,북면,의창구,경상남도 창원시 의창구 북면 단내로 415-18,1,1,0,0,8.0,1368.2,False,False,False,False,False,1,1,0,0
LOC003715,35.3515869741355,128.564375194536,4812131000.0,북면,의창구,경상남도 창원시 의창구 북면 단내로 413-17,2,1,0,1,10.0,1949.15,False,False,False,False,False,1,1,1,0
LOC003716,35.3521964303801,128.656084795378,4812125000.0,동읍,의창구,경상남도 창원시 의창구 동읍 동읍로 1151,1,1,0,0,7.0,700.74,False,False,False,False,False,1,1,0,0
LOC003717,35.3522883586063,128.629950367269,4812131000.0,북면,의창구,경상남도 창원시 의창구 북면 신촌본포로 251,1,1,0,0,21.0,492.75,False,False,False,False,False,1,1,0,0
LOC003718,35.3523777681154,128.710299141058,4812132000.0,대산면,의창구,경상남도 창원시 의창구 대산면 모산길 14,2,1,1,0,11.0,450.0,False,False,True,False,False,1,1,0,1
LOC003719,35.3527275593376,128.710907673425,4812132000.0,대산면,의창구,경상남도 창원시 의창구 대산면 모산길 20,1,1,0,0,5.0,864.71,False,False,False,False,False,1,1,0,0
LOC003720,35.3535321746994,128.61236694092,4812131000.0,북면,의창구,경상남도 창원시 의창구 북면 천주로1170번길 25,1,0,1,0,,,False,True,False,False,False,1,0,0,1
LOC003721,35.3538544237123,128.710474275368,4812132000.0,대산면,의창구,경상남도 창원시 의창구 대산면 모산길 25,2,2,0,0,20.0,693.74,False,False,False,False,False,2,2,0,0
LOC003722,35.3545852482216,128.713346262576,4812132000.0,대산면,의창구,경상남도 창원시 의창구 대산면 모산길46번길 11,3,2,1,0,12.0,960.0,False,False,True,False,False,2,2,0,1
LOC003723,35.3548076135266,128.714131327854,4812132000.0,대산면,의창구,경상남도 창원시 의창구 대산면 대산북로 764,1,1,0,0,5.0,928.67,False,False,False,False,False,1,1,0,0
LOC003724,35.3555310377459,128.638729249314,4812131000.0,북면,의창구,경상남도 창원시 의창구 북면 신촌본포로 353,1,0,1,0,,,True,False,False,False,False,1,0,0,1
LOC003725,35.3560928494076,128.710026243929,4812132000.0,대산면,의창구,경상남도 창원시 의창구 대산면 진산대로 634,1,0,0,1,,,False,False,False,False,True,1,0,1,0
LOC003726,35.3562735094,128.60796205998,4812131000.0,북면,의창구,경상남도 창원시 의창구 북면 천주로1173번길 29 (창원단감가공센터),1,1,0,0,11.0,471.12,False,False,False,False,False,1,1,0,0
LOC003727,35.3568564488218,128.710114291065,4812132000.0,대산면,의창구,경상남도 창원시 의창구 대산면 진산대로 636,1,0,1,0,,,False,True,False,False,False,1,0,0,1
LOC003728,35.3569449193922,128.713862437686,4812132000.0,대산면,의창구,경상남도 창원시 의창구 대산면 대산북로741번길 2,1,1,0,0,2.0,458.0,False,False,False,False,False,1,1,0,0
LOC003729,35.3575356802954,128.710610889157,4812132000.0,대산면,의창구,경상남도 창원시 의창구 대산면 모산길57번길 22-1,1,1,0,0,6.0,240.0,False,False,False,False,False,1,1,0,0
LOC003730,35.3595424114519,128.664179395089,4812125000.0,동읍,의창구,경상남도 창원시 의창구 동읍 노연로 92 외 1필지,1,1,0,0,,,False,False,False,False,False,1,1,0,0
LOC003731,35.359858116123,128.709709392822,4812132000.0,대산면,의창구,경상남도 창원시 의창구 대산면 대산북로 696,1,0,1,0,,,True,False,False,False,False,1,0,0,1
LOC003732,35.3599598239227,128.618370853895,4812131000.0,북면,의창구,경상남도 창원시 의창구 북면 천주로1269번길 8-5,1,1,0,0,1.0,250.0,False,False,False,False,False,1,1,0,0
LOC003733,35.3608432039433,128.708633454601,4812132000.0,대산면,의창구,경상남도 창원시 의창구 대산면 대산북로 682,1,1,0,0,4.0,464.6,False,False,False,False,False,1,1,0,0
LOC003734,35.3608604742144,128.682887725726,4812132000.0,대산면,의창구,경상남도 창원시 의창구 대산면 죽송로 140,1,1,0,0,,,False,False,False,False,False,1,1,0,0
LOC003735,35.3609323893012,128.65410827409,4812125000.0,동읍,의창구,경상남도 창원시 의창구 동읍 동읍로 1252-12,1,1,0,0,6.0,1028.9,False,False,False,False,False,1,1,0,0
LOC003736,35.3613872746068,128.601317253206,4812131000.0,북면,의창구,경상남도 창원시 의창구 북면 하천로54번길 46-13,1,1,0,0,11.0,198.0,False,False,False,False,False,1,1,0,0
LOC003737,35.3625268614028,128.603559341382,4812131000.0,북면,의창구,경상남도 창원시 의창구 북면 하천로54번길 52,1,1,0,0,5.0,196.0,False,False,False,False,False,1,1,0,0
LOC003738,35.362584378955,128.679377395112,4812132000.0,대산면,의창구,경상남도 창원시 의창구 대산면 대산북로 362,1,1,0,0,,,False,False,False,False,False,1,1,0,0
LOC003739,35.3626343976197,128.679831033412,4812132000.0,대산면,의창구,경상남도 창원시 의창구 대산면 대산북로 364,1,1,0,0,,,False,False,False,False,False,1,1,0,0
LOC003740,35.3626746580239,128.603104485669,4812131000.0,북면,의창구,경상남도 창원시 의창구 북면 하천로54번길 46,2,1,1,0,25.0,471.0,False,False,True,False,False,1,1,0,1
LOC003741,35.3635255662123,128.602399154748,4812131000.0,북면,의창구,경상남도 창원시 의창구 북면 하천로 76-23 (명성사),1,1,0,0,2.0,333.6,False,False,False,False,False,1,1,0,0
LOC003742,35.3638648789993,128.67996192586,4812132000.0,대산면,의창구,경상남도 창원시 의창구 대산면 갈전로80번길 27-9,1,1,0,0,3.0,237.65,False,False,False,False,False,1,1,0,0
LOC003743,35.3655122326902,128.684288565135,4812132000.0,대산면,의창구,경상남도 창원시 의창구 대산면 갈전로 100-27,1,1,0,0,,,False,False,False,False,False,1,1,0,0
LOC003744,35.3659708392901,128.683804656074,4812132000.0,대산면,의창구,경상남도 창원시 의창구 대산면 갈전로 100-19,1,1,0,0,,,False,False,False,False,False,1,1,0,0
LOC003745,35.3660585627496,128.684842753601,4812132000.0,대산면,의창구,경상남도 창원시 의창구 대산면 대산북로 427,2,1,1,0,3.0,351.0,False,False,True,False,False,1,1,0,1
LOC003746,35.3661655262108,128.684979090943,4812132000.0,대산면,의창구,경상남도 창원시 의창구 대산면 대산북로 429,1,1,0,0,5.0,587.5,False,False,False,False,False,1,1,0,0
LOC003747,35.3662776602484,128.684647731235,4812132000.0,대산면,의창구,경상남도 창원시 의창구 대산면 갈전로 118-28 (인팩글로벌(주)),1,1,0,0,12.0,1402.5,False,False,False,False,False,1,1,0,0
LOC003748,35.3663709213854,128.684176803017,4812132000.0,대산면,의창구,경상남도 창원시 의창구 대산면 대산북로 425,2,2,0,0,15.0,976.0,False,False,False,False,False,2,2,0,0
LOC003749,35.3674172542912,128.689969169039,4812132000.0,대산면,의창구,경상남도 창원시 의창구 대산면 대산북로 480,1,1,0,0,10.0,312.75,False,False,False,False,False,1,1,0,0
LOC003750,35.3706590724903,128.662486452096,4812125000.0,동읍,의창구,경상남도 창원시 의창구 동읍 대산북로 179,1,1,0,0,,,False,False,False,False,False,1,1,0,0
