facility_id,facility_name,facility_type,facility_type_std,h_code,administrative_dong,gu,latitude,longitude,nearest_source_distance_m,nearest_source_location_distance_m,source_locations_within_300m,source_locations_within_500m,source_locations_within_1000m,source_sites_within_300m,source_sites_within_500m,source_sites_within_1000m,air_emission_sites_within_500m,water_emission_sites_within_500m,noise_emission_sites_within_500m,waste_sites_within_500m,designated_waste_sites_within_500m,incineration_sites_within_500m,factory_sites_within_500m,site_location_ratio_300m,site_location_ratio_500m,site_location_ratio_1000m,dong_complaint_count,top10pct_frequency,scenario_rank_mean,scenario_rank_std,scenario_rank_min,scenario_rank_max,scenario_rank_range,exposure_stability_class,map_class,exposure_reason,facility_capacity,capacity_data_available,capacity_note,exposure_score_name,analysis_basis
CC0195,대동청솔어린이집,어린이집,childcare,4812356000,성주동,성산구,35.1896814325349,128.687767457726,192.1,192.1,3,19,68,6,47,136,8,6,0,10,0,4,40,2.0,2.474,2.0,6.0,0.944,96.9,30.17,65,166,101,scenario_sensitive,sensitive,"300m 이내 배출원 위치 3개, 500m 이내 배출원 위치 19개, 500m 이내 대기 배출업소 8곳, 500m 이내 소각 처리 사업장 4곳, 최근접 배출원 192m",39.0,True,어린이집 정원(인가 기준). 실제 재원 인원·실제 노출 인원이 아님,산업·배출시설 공간 노출도,v4 (배출원: 전국 등록공장현황 2024-12-31 반영 5개 구 전역 + 배출업소·폐기물 v2 override 판 / 취약시설: 어린이집·경로당·지역아동센터 + 장애인복지관). geo_level=point 한정
SC0349,청솔(아)경로당,경로당,senior_center,4812356000,성주동,성산구,35.1896814325349,128.687767457726,192.1,192.1,3,19,68,6,47,136,8,6,0,10,0,4,40,2.0,2.474,2.0,6.0,0.944,96.9,30.17,65,166,101,scenario_sensitive,sensitive,"300m 이내 배출원 위치 3개, 500m 이내 배출원 위치 19개, 500m 이내 대기 배출업소 8곳, 500m 이내 소각 처리 사업장 4곳, 최근접 배출원 192m",,False,해당 시설 유형에 인원 자료 없음,산업·배출시설 공간 노출도,v4 (배출원: 전국 등록공장현황 2024-12-31 반영 5개 구 전역 + 배출업소·폐기물 v2 override 판 / 취약시설: 어린이집·경로당·지역아동센터 + 장애인복지관). geo_level=point 한정
SC0355,남산효성해링턴플레이스경로당,경로당,senior_center,4812356000,성주동,성산구,35.1988607714273,128.701318228821,137.6,137.6,4,11,63,6,30,111,5,5,0,4,0,3,23,1.5,2.727,1.762,6.0,0.944,116.3,21.65,87,170,83,scenario_sensitive,sensitive,"300m 이내 배출원 위치 4개, 500m 이내 배출원 위치 11개, 500m 이내 대기 배출업소 5곳, 500m 이내 소각 처리 사업장 3곳, 최근접 배출원 138m",,False,해당 시설 유형에 인원 자료 없음,산업·배출시설 공간 노출도,v4 (배출원: 전국 등록공장현황 2024-12-31 반영 5개 구 전역 + 배출업소·폐기물 v2 override 판 / 취약시설: 어린이집·경로당·지역아동센터 + 장애인복지관). geo_level=point 한정
SC0712,용담경로당,경로당,senior_center,4812725000,내서읍,마산회원구,35.2644135601922,128.49933135076,191.4,191.4,4,29,83,4,37,108,7,5,4,4,0,1,25,1.0,1.276,1.301,1.0,0.944,101.4,31.37,68,168,100,scenario_sensitive,sensitive,"300m 이내 배출원 위치 4개, 500m 이내 배출원 위치 29개, 500m 이내 대기 배출업소 7곳, 500m 이내 소각 처리 사업장 1곳, 최근접 배출원 191m",,False,해당 시설 유형에 인원 자료 없음,산업·배출시설 공간 노출도,v4 (배출원: 전국 등록공장현황 2024-12-31 반영 5개 구 전역 + 배출업소·폐기물 v2 override 판 / 취약시설: 어린이집·경로당·지역아동센터 + 장애인복지관). geo_level=point 한정
SC0616,기산아파트여성경로당,경로당,senior_center,4812563000,오동동,마산합포구,35.2052697518705,128.580814299316,71.0,71.0,14,18,50,18,22,69,0,8,3,6,0,4,9,1.286,1.222,1.38,2.0,0.917,113.4,43.71,30,171,141,scenario_sensitive,sensitive,"300m 이내 배출원 위치 14개, 500m 이내 배출원 위치 18개, 500m 이내 소각 처리 사업장 4곳, 최근접 배출원 71m",,False,해당 시설 유형에 인원 자료 없음,산업·배출시설 공간 노출도,v4 (배출원: 전국 등록공장현황 2024-12-31 반영 5개 구 전역 + 배출업소·폐기물 v2 override 판 / 취약시설: 어린이집·경로당·지역아동센터 + 장애인복지관). geo_level=point 한정
SC1010,의곡경로당,경로당,senior_center,4812964000,웅동1동,진해구,35.1171765937392,128.791964826487,185.8,185.8,6,25,102,6,29,120,2,2,0,1,1,0,24,1.0,1.16,1.176,3.0,0.917,128.2,18.84,100,165,65,scenario_sensitive,sensitive,"300m 이내 배출원 위치 6개, 500m 이내 배출원 위치 25개, 500m 이내 대기 배출업소 2곳, 500m 이내 지정폐기물 배출사업장 1곳, 최근접 배출원 186m",,False,해당 시설 유형에 인원 자료 없음,산업·배출시설 공간 노출도,v4 (배출원: 전국 등록공장현황 2024-12-31 반영 5개 구 전역 + 배출업소·폐기물 v2 override 판 / 취약시설: 어린이집·경로당·지역아동센터 + 장애인복지관). geo_level=point 한정
CC0350,창원시립 동신해나라어린이집,어린이집,childcare,4812725000,내서읍,마산회원구,35.2515522902785,128.511609603468,270.4,270.4,1,26,99,1,32,149,2,8,0,5,3,2,19,1.0,1.231,1.505,1.0,0.889,85.1,45.58,40,176,136,scenario_sensitive,sensitive,"300m 이내 배출원 위치 1개, 500m 이내 배출원 위치 26개, 500m 이내 대기 배출업소 2곳, 500m 이내 지정폐기물 배출사업장 3곳, 500m 이내 소각 처리 사업장 2곳, 최근접 배출원 270m",36.0,True,어린이집 정원(인가 기준). 실제 재원 인원·실제 노출 인원이 아님,산업·배출시설 공간 노출도,v4 (배출원: 전국 등록공장현황 2024-12-31 반영 5개 구 전역 + 배출업소·폐기물 v2 override 판 / 취약시설: 어린이집·경로당·지역아동센터 + 장애인복지관). geo_level=point 한정
SC0684,동신2차아파트경로당,경로당,senior_center,4812725000,내서읍,마산회원구,35.2515522902785,128.511609603468,270.4,270.4,1,26,99,1,32,149,2,8,0,5,3,2,19,1.0,1.231,1.505,1.0,0.889,85.1,45.58,40,176,136,scenario_sensitive,sensitive,"300m 이내 배출원 위치 1개, 500m 이내 배출원 위치 26개, 500m 이내 대기 배출업소 2곳, 500m 이내 지정폐기물 배출사업장 3곳, 500m 이내 소각 처리 사업장 2곳, 최근접 배출원 270m",,False,해당 시설 유형에 인원 자료 없음,산업·배출시설 공간 노출도,v4 (배출원: 전국 등록공장현황 2024-12-31 반영 5개 구 전역 + 배출업소·폐기물 v2 override 판 / 취약시설: 어린이집·경로당·지역아동센터 + 장애인복지관). geo_level=point 한정
CC0208,한화창원어린이집,어린이집,childcare,<NA>,성주동,성산구,35.1987076271669,128.687999877585,260.3,260.3,1,14,96,1,30,197,9,8,0,8,0,5,20,1.0,2.143,2.052,,0.833,69.2,58.47,27,196,169,scenario_sensitive,sensitive,"300m 이내 배출원 위치 1개, 500m 이내 배출원 위치 14개, 500m 이내 대기 배출업소 9곳, 500m 이내 소각 처리 사업장 5곳, 최근접 배출원 260m",60.0,True,어린이집 정원(인가 기준). 실제 재원 인원·실제 노출 인원이 아님,산업·배출시설 공간 노출도,v4 (배출원: 전국 등록공장현황 2024-12-31 반영 5개 구 전역 + 배출업소·폐기물 v2 override 판 / 취약시설: 어린이집·경로당·지역아동센터 + 장애인복지관). geo_level=point 한정
SC0963,장천동서부경로당,경로당,senior_center,4812962000,풍호동,진해구,35.1277995867639,128.699893703222,99.7,99.7,8,12,22,11,15,26,1,4,1,7,7,5,3,1.375,1.25,1.182,3.0,0.833,106.2,58.69,12,238,226,scenario_sensitive,sensitive,"300m 이내 배출원 위치 8개, 500m 이내 배출원 위치 12개, 500m 이내 대기 배출업소 1곳, 500m 이내 지정폐기물 배출사업장 7곳, 500m 이내 소각 처리 사업장 5곳, 최근접 배출원 100m",,False,해당 시설 유형에 인원 자료 없음,산업·배출시설 공간 노출도,v4 (배출원: 전국 등록공장현황 2024-12-31 반영 5개 구 전역 + 배출업소·폐기물 v2 override 판 / 취약시설: 어린이집·경로당·지역아동센터 + 장애인복지관). geo_level=point 한정
SC0964,장천서부부녀경로당,경로당,senior_center,4812962000,풍호동,진해구,35.1277995867639,128.699893703222,99.7,99.7,8,12,22,11,15,26,1,4,1,7,7,5,3,1.375,1.25,1.182,3.0,0.806,106.2,58.69,12,238,226,scenario_sensitive,sensitive,"300m 이내 배출원 위치 8개, 500m 이내 배출원 위치 12개, 500m 이내 대기 배출업소 1곳, 500m 이내 지정폐기물 배출사업장 7곳, 500m 이내 소각 처리 사업장 5곳, 최근접 배출원 100m",,False,해당 시설 유형에 인원 자료 없음,산업·배출시설 공간 노출도,v4 (배출원: 전국 등록공장현황 2024-12-31 반영 5개 구 전역 + 배출업소·폐기물 v2 override 판 / 취약시설: 어린이집·경로당·지역아동센터 + 장애인복지관). geo_level=point 한정
SC0795,탑골경로당,경로당,senior_center,4812757000,양덕2동,마산회원구,35.2252224721518,128.588640217217,91.2,91.2,7,16,79,7,18,158,3,8,1,2,0,2,5,1.0,1.125,2.0,3.0,0.778,143.3,20.21,118,185,67,scenario_sensitive,sensitive,"300m 이내 배출원 위치 7개, 500m 이내 배출원 위치 16개, 500m 이내 대기 배출업소 3곳, 500m 이내 소각 처리 사업장 2곳, 최근접 배출원 91m",,False,해당 시설 유형에 인원 자료 없음,산업·배출시설 공간 노출도,v4 (배출원: 전국 등록공장현황 2024-12-31 반영 5개 구 전역 + 배출업소·폐기물 v2 override 판 / 취약시설: 어린이집·경로당·지역아동센터 + 장애인복지관). geo_level=point 한정
CC0084,창원시립 의안어린이집,어린이집,childcare,4812151000,의창동,의창구,35.2532372194837,128.621123262704,111.5,111.5,2,24,130,2,45,465,5,5,0,0,0,0,39,1.0,1.875,3.577,4.0,0.75,114.4,66.74,56,250,194,scenario_sensitive,sensitive,"300m 이내 배출원 위치 2개, 500m 이내 배출원 위치 24개, 500m 이내 대기 배출업소 5곳, 최근접 배출원 112m",70.0,True,어린이집 정원(인가 기준). 실제 재원 인원·실제 노출 인원이 아님,산업·배출시설 공간 노출도,v4 (배출원: 전국 등록공장현황 2024-12-31 반영 5개 구 전역 + 배출업소·폐기물 v2 override 판 / 취약시설: 어린이집·경로당·지역아동센터 + 장애인복지관). geo_level=point 한정
CC0096,예명산새소리어린이집,어린이집,childcare,4812152000,팔룡동,의창구,35.254760041145,128.615225876439,448.7,448.7,0,3,150,0,3,401,1,0,0,1,0,0,1,,1.0,2.673,1.0,0.75,252.8,274.5,63,738,675,scenario_sensitive,sensitive,"500m 이내 배출원 위치 3개, 500m 이내 대기 배출업소 1곳, 최근접 배출원 449m",78.0,True,어린이집 정원(인가 기준). 실제 재원 인원·실제 노출 인원이 아님,산업·배출시설 공간 노출도,v4 (배출원: 전국 등록공장현황 2024-12-31 반영 5개 구 전역 + 배출업소·폐기물 v2 override 판 / 취약시설: 어린이집·경로당·지역아동센터 + 장애인복지관). geo_level=point 한정
CC0100,꼬망쎄어린이집,어린이집,childcare,4812152000,팔룡동,의창구,35.2532189975817,128.617940132864,215.3,215.3,2,17,152,2,27,397,2,2,0,1,0,0,23,1.0,1.588,2.612,1.0,0.75,120.2,106.37,41,329,288,scenario_sensitive,sensitive,"300m 이내 배출원 위치 2개, 500m 이내 배출원 위치 17개, 500m 이내 대기 배출업소 2곳, 최근접 배출원 215m",20.0,True,어린이집 정원(인가 기준). 실제 재원 인원·실제 노출 인원이 아님,산업·배출시설 공간 노출도,v4 (배출원: 전국 등록공장현황 2024-12-31 반영 5개 구 전역 + 배출업소·폐기물 v2 override 판 / 취약시설: 어린이집·경로당·지역아동센터 + 장애인복지관). geo_level=point 한정
CC0101,꿈나래어린이집,어린이집,childcare,4812152000,팔룡동,의창구,35.2532189975817,128.617940132864,215.3,215.3,2,17,152,2,27,397,2,2,0,1,0,0,23,1.0,1.588,2.612,1.0,0.75,120.2,106.37,41,329,288,scenario_sensitive,sensitive,"300m 이내 배출원 위치 2개, 500m 이내 배출원 위치 17개, 500m 이내 대기 배출업소 2곳, 최근접 배출원 215m",19.0,True,어린이집 정원(인가 기준). 실제 재원 인원·실제 노출 인원이 아님,산업·배출시설 공간 노출도,v4 (배출원: 전국 등록공장현황 2024-12-31 반영 5개 구 전역 + 배출업소·폐기물 v2 override 판 / 취약시설: 어린이집·경로당·지역아동센터 + 장애인복지관). geo_level=point 한정
CC0102,꿈쟁이어린이집,어린이집,childcare,4812152000,팔룡동,의창구,35.2546643402138,128.614009693406,424.4,424.4,0,2,153,0,2,434,0,0,0,1,0,0,1,,1.0,2.837,1.0,0.75,207.9,235.29,45,622,577,scenario_sensitive,sensitive,"500m 이내 배출원 위치 2개, 최근접 배출원 424m",18.0,True,어린이집 정원(인가 기준). 실제 재원 인원·실제 노출 인원이 아님,산업·배출시설 공간 노출도,v4 (배출원: 전국 등록공장현황 2024-12-31 반영 5개 구 전역 + 배출업소·폐기물 v2 override 판 / 취약시설: 어린이집·경로당·지역아동센터 + 장애인복지관). geo_level=point 한정
CC0103,누리천사어린이집,어린이집,childcare,4812152000,팔룡동,의창구,35.2546643402138,128.614009693406,424.4,424.4,0,2,153,0,2,434,0,0,0,1,0,0,1,,1.0,2.837,1.0,0.75,207.9,235.29,45,622,577,scenario_sensitive,sensitive,"500m 이내 배출원 위치 2개, 최근접 배출원 424m",20.0,True,어린이집 정원(인가 기준). 실제 재원 인원·실제 노출 인원이 아님,산업·배출시설 공간 노출도,v4 (배출원: 전국 등록공장현황 2024-12-31 반영 5개 구 전역 + 배출업소·폐기물 v2 override 판 / 취약시설: 어린이집·경로당·지역아동센터 + 장애인복지관). geo_level=point 한정
CC0104,동화어린이집,어린이집,childcare,4812152000,팔룡동,의창구,35.2534998092746,128.619644939152,111.5,111.5,2,18,128,2,31,453,2,2,0,0,0,0,28,1.0,1.722,3.539,1.0,0.75,135.4,73.79,74,291,217,scenario_sensitive,sensitive,"300m 이내 배출원 위치 2개, 500m 이내 배출원 위치 18개, 500m 이내 대기 배출업소 2곳, 최근접 배출원 112m",19.0,True,어린이집 정원(인가 기준). 실제 재원 인원·실제 노출 인원이 아님,산업·배출시설 공간 노출도,v4 (배출원: 전국 등록공장현황 2024-12-31 반영 5개 구 전역 + 배출업소·폐기물 v2 override 판 / 취약시설: 어린이집·경로당·지역아동센터 + 장애인복지관). geo_level=point 한정
CC0105,배꼽또래어린이집,어린이집,childcare,4812152000,팔룡동,의창구,35.2532189975817,128.617940132864,215.3,215.3,2,17,152,2,27,397,2,2,0,1,0,0,23,1.0,1.588,2.612,1.0,0.75,120.2,106.37,41,329,288,scenario_sensitive,sensitive,"300m 이내 배출원 위치 2개, 500m 이내 배출원 위치 17개, 500m 이내 대기 배출업소 2곳, 최근접 배출원 215m",17.0,True,어린이집 정원(인가 기준). 실제 재원 인원·실제 노출 인원이 아님,산업·배출시설 공간 노출도,v4 (배출원: 전국 등록공장현황 2024-12-31 반영 5개 구 전역 + 배출업소·폐기물 v2 override 판 / 취약시설: 어린이집·경로당·지역아동센터 + 장애인복지관). geo_level=point 한정
CC0106,벽산어린이집,어린이집,childcare,4812152000,팔룡동,의창구,35.2537225906092,128.616484712644,358.9,358.9,0,6,163,0,7,407,2,1,0,1,0,0,3,,1.167,2.497,1.0,0.75,184.8,210.35,41,557,516,scenario_sensitive,sensitive,"500m 이내 배출원 위치 6개, 500m 이내 대기 배출업소 2곳, 최근접 배출원 359m",17.0,True,어린이집 정원(인가 기준). 실제 재원 인원·실제 노출 인원이 아님,산업·배출시설 공간 노출도,v4 (배출원: 전국 등록공장현황 2024-12-31 반영 5개 구 전역 + 배출업소·폐기물 v2 override 판 / 취약시설: 어린이집·경로당·지역아동센터 + 장애인복지관). geo_level=point 한정
CC0108,큰자람어린이집,어린이집,childcare,4812152000,팔룡동,의창구,35.2537225906092,128.616484712644,358.9,358.9,0,6,163,0,7,407,2,1,0,1,0,0,3,,1.167,2.497,1.0,0.75,184.8,210.35,41,557,516,scenario_sensitive,sensitive,"500m 이내 배출원 위치 6개, 500m 이내 대기 배출업소 2곳, 최근접 배출원 359m",19.0,True,어린이집 정원(인가 기준). 실제 재원 인원·실제 노출 인원이 아님,산업·배출시설 공간 노출도,v4 (배출원: 전국 등록공장현황 2024-12-31 반영 5개 구 전역 + 배출업소·폐기물 v2 override 판 / 취약시설: 어린이집·경로당·지역아동센터 + 장애인복지관). geo_level=point 한정
CC0207,한국지엠창원어린이집,어린이집,childcare,4812356000,성주동,성산구,35.1970546385111,128.702882185216,258.9,258.9,1,7,62,3,15,113,2,2,0,4,0,2,10,3.0,2.143,1.823,6.0,0.75,163.8,77.25,97,323,226,scenario_sensitive,sensitive,"300m 이내 배출원 위치 1개, 500m 이내 배출원 위치 7개, 500m 이내 대기 배출업소 2곳, 500m 이내 소각 처리 사업장 2곳, 최근접 배출원 259m",20.0,True,어린이집 정원(인가 기준). 실제 재원 인원·실제 노출 인원이 아님,산업·배출시설 공간 노출도,v4 (배출원: 전국 등록공장현황 2024-12-31 반영 5개 구 전역 + 배출업소·폐기물 v2 override 판 / 취약시설: 어린이집·경로당·지역아동센터 + 장애인복지관). geo_level=point 한정
CC0329,칸타빌어린이집,어린이집,childcare,4812564000,합포동,마산합포구,35.2114716247245,128.585705335399,143.2,143.2,1,13,102,1,17,129,2,5,0,3,1,1,12,1.0,1.308,1.265,1.0,0.75,178.9,118.82,88,390,302,scenario_sensitive,sensitive,"300m 이내 배출원 위치 1개, 500m 이내 배출원 위치 13개, 500m 이내 대기 배출업소 2곳, 500m 이내 지정폐기물 배출사업장 1곳, 500m 이내 소각 처리 사업장 1곳, 최근접 배출원 143m",34.0,True,어린이집 정원(인가 기준). 실제 재원 인원·실제 노출 인원이 아님,산업·배출시설 공간 노출도,v4 (배출원: 전국 등록공장현황 2024-12-31 반영 5개 구 전역 + 배출업소·폐기물 v2 override 판 / 취약시설: 어린이집·경로당·지역아동센터 + 장애인복지관). geo_level=point 한정
CC0347,인애어린이집,어린이집,childcare,4812761000,구암2동,마산회원구,35.248278884796,128.600951954876,164.2,164.2,2,16,94,2,61,236,6,7,0,8,1,0,51,1.0,3.812,2.511,0.0,0.75,105.3,51.13,59,205,146,scenario_sensitive,sensitive,"300m 이내 배출원 위치 2개, 500m 이내 배출원 위치 16개, 500m 이내 대기 배출업소 6곳, 500m 이내 지정폐기물 배출사업장 1곳, 최근접 배출원 164m",120.0,True,어린이집 정원(인가 기준). 실제 재원 인원·실제 노출 인원이 아님,산업·배출시설 공간 노출도,v4 (배출원: 전국 등록공장현황 2024-12-31 반영 5개 구 전역 + 배출업소·폐기물 v2 override 판 / 취약시설: 어린이집·경로당·지역아동센터 + 장애인복지관). geo_level=point 한정
CC0362,쏠티동산어린이집,어린이집,childcare,4812725000,내서읍,마산회원구,35.2433822576014,128.502667312808,241.2,241.2,1,10,106,1,12,171,4,3,0,1,1,0,8,1.0,1.2,1.613,1.0,0.75,155.5,121.98,47,422,375,scenario_sensitive,sensitive,"300m 이내 배출원 위치 1개, 500m 이내 배출원 위치 10개, 500m 이내 대기 배출업소 4곳, 500m 이내 지정폐기물 배출사업장 1곳, 최근접 배출원 241m",99.0,True,어린이집 정원(인가 기준). 실제 재원 인원·실제 노출 인원이 아님,산업·배출시설 공간 노출도,v4 (배출원: 전국 등록공장현황 2024-12-31 반영 5개 구 전역 + 배출업소·폐기물 v2 override 판 / 취약시설: 어린이집·경로당·지역아동센터 + 장애인복지관). geo_level=point 한정
CC0391,창원시립 양덕롯데캐슬어린이집,어린이집,childcare,4812757000,양덕2동,마산회원구,35.2246437503717,128.590873091606,270.4,270.4,2,16,119,2,22,212,2,8,1,3,2,1,11,1.0,1.375,1.782,3.0,0.75,143.0,108.98,57,348,291,scenario_sensitive,sensitive,"300m 이내 배출원 위치 2개, 500m 이내 배출원 위치 16개, 500m 이내 대기 배출업소 2곳, 500m 이내 지정폐기물 배출사업장 2곳, 500m 이내 소각 처리 사업장 1곳, 최근접 배출원 270m",52.0,True,어린이집 정원(인가 기준). 실제 재원 인원·실제 노출 인원이 아님,산업·배출시설 공간 노출도,v4 (배출원: 전국 등록공장현황 2024-12-31 반영 5개 구 전역 + 배출업소·폐기물 v2 override 판 / 취약시설: 어린이집·경로당·지역아동센터 + 장애인복지관). geo_level=point 한정
CC0403,예꼬어린이집,어린이집,childcare,4812757000,양덕2동,마산회원구,35.2246437503717,128.590873091606,270.4,270.4,2,16,119,2,22,212,2,8,1,3,2,1,11,1.0,1.375,1.782,3.0,0.75,143.0,108.98,57,348,291,scenario_sensitive,sensitive,"300m 이내 배출원 위치 2개, 500m 이내 배출원 위치 16개, 500m 이내 대기 배출업소 2곳, 500m 이내 지정폐기물 배출사업장 2곳, 500m 이내 소각 처리 사업장 1곳, 최근접 배출원 270m",20.0,True,어린이집 정원(인가 기준). 실제 재원 인원·실제 노출 인원이 아님,산업·배출시설 공간 노출도,v4 (배출원: 전국 등록공장현황 2024-12-31 반영 5개 구 전역 + 배출업소·폐기물 v2 override 판 / 취약시설: 어린이집·경로당·지역아동센터 + 장애인복지관). geo_level=point 한정
CC0449,해오름아기세상어린이집,어린이집,childcare,4812964000,웅동1동,진해구,35.1189030222424,128.792033902655,60.8,60.8,3,22,106,3,25,126,2,2,0,0,0,0,21,1.0,1.136,1.189,3.0,0.75,145.7,34.61,103,220,117,scenario_sensitive,sensitive,"300m 이내 배출원 위치 3개, 500m 이내 배출원 위치 22개, 500m 이내 대기 배출업소 2곳, 최근접 배출원 61m",19.0,True,어린이집 정원(인가 기준). 실제 재원 인원·실제 노출 인원이 아님,산업·배출시설 공간 노출도,v4 (배출원: 전국 등록공장현황 2024-12-31 반영 5개 구 전역 + 배출업소·폐기물 v2 override 판 / 취약시설: 어린이집·경로당·지역아동센터 + 장애인복지관). geo_level=point 한정
CH0011,새의창지역아동센터,지역아동센터,community_child_center,4812152000,팔룡동,의창구,35.2557069677983,128.613847541079,330.9,330.9,0,6,126,0,6,351,0,4,0,0,0,0,2,,1.0,2.786,1.0,0.75,263.8,250.87,95,706,611,scenario_sensitive,sensitive,"500m 이내 배출원 위치 6개, 최근접 배출원 331m",,False,해당 시설 유형에 인원 자료 없음,산업·배출시설 공간 노출도,v4 (배출원: 전국 등록공장현황 2024-12-31 반영 5개 구 전역 + 배출업소·폐기물 v2 override 판 / 취약시설: 어린이집·경로당·지역아동센터 + 장애인복지관). geo_level=point 한정
CH0025,성주지역아동센터,지역아동센터,community_child_center,4812356000,성주동,성산구,35.1883475244037,128.693634681481,178.0,178.0,3,10,74,6,17,143,2,4,0,5,0,1,13,2.0,1.7,1.932,6.0,0.75,140.0,56.75,88,255,167,scenario_sensitive,sensitive,"300m 이내 배출원 위치 3개, 500m 이내 배출원 위치 10개, 500m 이내 대기 배출업소 2곳, 500m 이내 소각 처리 사업장 1곳, 최근접 배출원 178m",,False,해당 시설 유형에 인원 자료 없음,산업·배출시설 공간 노출도,v4 (배출원: 전국 등록공장현황 2024-12-31 반영 5개 구 전역 + 배출업소·폐기물 v2 override 판 / 취약시설: 어린이집·경로당·지역아동센터 + 장애인복지관). geo_level=point 한정
CH0041,새샘지역아동센터,지역아동센터,community_child_center,4812564000,합포동,마산합포구,35.2120304284361,128.585833154606,205.9,205.9,2,16,116,2,20,151,3,6,0,3,1,1,14,1.0,1.25,1.302,1.0,0.75,132.4,93.72,60,304,244,scenario_sensitive,sensitive,"300m 이내 배출원 위치 2개, 500m 이내 배출원 위치 16개, 500m 이내 대기 배출업소 3곳, 500m 이내 지정폐기물 배출사업장 1곳, 500m 이내 소각 처리 사업장 1곳, 최근접 배출원 206m",,False,해당 시설 유형에 인원 자료 없음,산업·배출시설 공간 노출도,v4 (배출원: 전국 등록공장현황 2024-12-31 반영 5개 구 전역 + 배출업소·폐기물 v2 override 판 / 취약시설: 어린이집·경로당·지역아동센터 + 장애인복지관). geo_level=point 한정
CH0062,중리지역아동센터,지역아동센터,community_child_center,4812725000,내서읍,마산회원구,35.2427744154999,128.503033672164,289.7,289.7,1,13,110,1,15,175,5,4,0,1,1,0,9,1.0,1.154,1.591,1.0,0.75,110.3,81.24,33,285,252,scenario_sensitive,sensitive,"300m 이내 배출원 위치 1개, 500m 이내 배출원 위치 13개, 500m 이내 대기 배출업소 5곳, 500m 이내 지정폐기물 배출사업장 1곳, 최근접 배출원 290m",,False,해당 시설 유형에 인원 자료 없음,산업·배출시설 공간 노출도,v4 (배출원: 전국 등록공장현황 2024-12-31 반영 5개 구 전역 + 배출업소·폐기물 v2 override 판 / 취약시설: 어린이집·경로당·지역아동센터 + 장애인복지관). geo_level=point 한정
SC0158,해강그린A경로당,경로당,senior_center,4812132000,대산면,의창구,35.3387566461485,128.708684730641,207.4,207.4,2,14,110,2,21,145,3,1,2,2,0,0,16,1.0,1.5,1.318,2.0,0.75,194.2,115.83,106,416,310,scenario_sensitive,sensitive,"300m 이내 배출원 위치 2개, 500m 이내 배출원 위치 14개, 500m 이내 대기 배출업소 3곳, 최근접 배출원 207m",,False,해당 시설 유형에 인원 자료 없음,산업·배출시설 공간 노출도,v4 (배출원: 전국 등록공장현황 2024-12-31 반영 5개 구 전역 + 배출업소·폐기물 v2 override 판 / 취약시설: 어린이집·경로당·지역아동센터 + 장애인복지관). geo_level=point 한정
SC0171,중앙경로당,경로당,senior_center,4812132000,대산면,의창구,35.3349248805184,128.7103126528,227.7,227.7,2,11,117,2,13,152,0,3,1,2,0,0,8,1.0,1.182,1.299,2.0,0.75,174.4,106.09,86,386,300,scenario_sensitive,sensitive,"300m 이내 배출원 위치 2개, 500m 이내 배출원 위치 11개, 최근접 배출원 228m",,False,해당 시설 유형에 인원 자료 없음,산업·배출시설 공간 노출도,v4 (배출원: 전국 등록공장현황 2024-12-31 반영 5개 구 전역 + 배출업소·폐기물 v2 override 판 / 취약시설: 어린이집·경로당·지역아동센터 + 장애인복지관). geo_level=point 한정
SC0213,팔룡제1경로당,경로당,senior_center,4812152000,팔룡동,의창구,35.2548631913407,128.611349609265,279.3,279.3,1,15,131,1,17,399,1,12,0,2,0,1,7,1.0,1.133,3.046,1.0,0.75,103.3,88.0,33,275,242,scenario_sensitive,sensitive,"300m 이내 배출원 위치 1개, 500m 이내 배출원 위치 15개, 500m 이내 대기 배출업소 1곳, 500m 이내 소각 처리 사업장 1곳, 최근접 배출원 279m",,False,해당 시설 유형에 인원 자료 없음,산업·배출시설 공간 노출도,v4 (배출원: 전국 등록공장현황 2024-12-31 반영 5개 구 전역 + 배출업소·폐기물 v2 override 판 / 취약시설: 어린이집·경로당·지역아동센터 + 장애인복지관). geo_level=point 한정
SC0214,팔룡제2경로당,경로당,senior_center,4812152000,팔룡동,의창구,35.2525516917422,128.6143809066,203.8,203.8,1,13,188,1,31,512,3,2,0,3,0,0,28,1.0,2.385,2.723,1.0,0.75,70.4,78.98,16,226,210,scenario_sensitive,sensitive,"300m 이내 배출원 위치 1개, 500m 이내 배출원 위치 13개, 500m 이내 대기 배출업소 3곳, 최근접 배출원 204m",,False,해당 시설 유형에 인원 자료 없음,산업·배출시설 공간 노출도,v4 (배출원: 전국 등록공장현황 2024-12-31 반영 5개 구 전역 + 배출업소·폐기물 v2 override 판 / 취약시설: 어린이집·경로당·지역아동센터 + 장애인복지관). geo_level=point 한정
SC0216,대동중앙(아)경로당,경로당,senior_center,4812152000,팔룡동,의창구,35.254760041145,128.615225876439,448.7,448.7,0,3,150,0,3,401,1,0,0,1,0,0,1,,1.0,2.673,1.0,0.75,252.8,274.5,63,738,675,scenario_sensitive,sensitive,"500m 이내 배출원 위치 3개, 500m 이내 대기 배출업소 1곳, 최근접 배출원 449m",,False,해당 시설 유형에 인원 자료 없음,산업·배출시설 공간 노출도,v4 (배출원: 전국 등록공장현황 2024-12-31 반영 5개 구 전역 + 배출업소·폐기물 v2 override 판 / 취약시설: 어린이집·경로당·지역아동센터 + 장애인복지관). geo_level=point 한정
SC0217,극동아파트경로당,경로당,senior_center,4812152000,팔룡동,의창구,35.2546643402138,128.614009693406,424.4,424.4,0,2,153,0,2,434,0,0,0,1,0,0,1,,1.0,2.837,1.0,0.75,207.9,235.29,45,622,577,scenario_sensitive,sensitive,"500m 이내 배출원 위치 2개, 최근접 배출원 424m",,False,해당 시설 유형에 인원 자료 없음,산업·배출시설 공간 노출도,v4 (배출원: 전국 등록공장현황 2024-12-31 반영 5개 구 전역 + 배출업소·폐기물 v2 override 판 / 취약시설: 어린이집·경로당·지역아동센터 + 장애인복지관). geo_level=point 한정
SC0218,차룡대동(아)경로당,경로당,senior_center,4812152000,팔룡동,의창구,35.2537158357236,128.615796250708,379.3,379.3,0,5,168,0,5,438,2,1,0,1,0,0,1,,1.0,2.607,1.0,0.75,180.3,217.56,34,564,530,scenario_sensitive,sensitive,"500m 이내 배출원 위치 5개, 500m 이내 대기 배출업소 2곳, 최근접 배출원 379m",,False,해당 시설 유형에 인원 자료 없음,산업·배출시설 공간 노출도,v4 (배출원: 전국 등록공장현황 2024-12-31 반영 5개 구 전역 + 배출업소·폐기물 v2 override 판 / 취약시설: 어린이집·경로당·지역아동센터 + 장애인복지관). geo_level=point 한정
SC0219,원풍벽산A단지경로당,경로당,senior_center,4812152000,팔룡동,의창구,35.2537803694922,128.617798682679,253.5,253.5,2,9,144,2,11,375,2,1,0,0,0,0,8,1.0,1.222,2.604,1.0,0.75,187.0,168.13,64,493,429,scenario_sensitive,sensitive,"300m 이내 배출원 위치 2개, 500m 이내 배출원 위치 9개, 500m 이내 대기 배출업소 2곳, 최근접 배출원 254m",,False,해당 시설 유형에 인원 자료 없음,산업·배출시설 공간 노출도,v4 (배출원: 전국 등록공장현황 2024-12-31 반영 5개 구 전역 + 배출업소·폐기물 v2 override 판 / 취약시설: 어린이집·경로당·지역아동센터 + 장애인복지관). geo_level=point 한정
SC0220,원풍벽산B단지경로당,경로당,senior_center,4812152000,팔룡동,의창구,35.2532189975817,128.617940132864,215.3,215.3,2,17,152,2,27,397,2,2,0,1,0,0,23,1.0,1.588,2.612,1.0,0.75,120.2,106.37,41,329,288,scenario_sensitive,sensitive,"300m 이내 배출원 위치 2개, 500m 이내 배출원 위치 17개, 500m 이내 대기 배출업소 2곳, 최근접 배출원 215m",,False,해당 시설 유형에 인원 자료 없음,산업·배출시설 공간 노출도,v4 (배출원: 전국 등록공장현황 2024-12-31 반영 5개 구 전역 + 배출업소·폐기물 v2 override 판 / 취약시설: 어린이집·경로당·지역아동센터 + 장애인복지관). geo_level=point 한정
SC0359,동성빌라2차경로당,경로당,senior_center,4812357000,웅남동,성산구,35.2053620636317,128.628070895903,192.1,192.1,3,10,112,3,27,240,2,4,0,1,0,1,21,1.0,2.7,2.143,2.0,0.75,153.4,83.08,80,317,237,scenario_sensitive,sensitive,"300m 이내 배출원 위치 3개, 500m 이내 배출원 위치 10개, 500m 이내 대기 배출업소 2곳, 500m 이내 소각 처리 사업장 1곳, 최근접 배출원 192m",,False,해당 시설 유형에 인원 자료 없음,산업·배출시설 공간 노출도,v4 (배출원: 전국 등록공장현황 2024-12-31 반영 5개 구 전역 + 배출업소·폐기물 v2 override 판 / 취약시설: 어린이집·경로당·지역아동센터 + 장애인복지관). geo_level=point 한정
SC0583,산호남성경로당,경로당,senior_center,4812565000,산호동,마산합포구,35.2187093792254,128.583231702651,173.4,173.4,1,18,84,1,23,122,4,4,0,3,0,2,12,1.0,1.278,1.452,0.0,0.75,181.1,100.6,101,362,261,scenario_sensitive,sensitive,"300m 이내 배출원 위치 1개, 500m 이내 배출원 위치 18개, 500m 이내 대기 배출업소 4곳, 500m 이내 소각 처리 사업장 2곳, 최근접 배출원 173m",,False,해당 시설 유형에 인원 자료 없음,산업·배출시설 공간 노출도,v4 (배출원: 전국 등록공장현황 2024-12-31 반영 5개 구 전역 + 배출업소·폐기물 v2 override 판 / 취약시설: 어린이집·경로당·지역아동센터 + 장애인복지관). geo_level=point 한정
SC0584,산호여성경로당,경로당,senior_center,4812565000,산호동,마산합포구,35.2187093792254,128.583231702651,173.4,173.4,1,18,84,1,23,122,4,4,0,3,0,2,12,1.0,1.278,1.452,0.0,0.75,181.1,100.6,101,362,261,scenario_sensitive,sensitive,"300m 이내 배출원 위치 1개, 500m 이내 배출원 위치 18개, 500m 이내 대기 배출업소 4곳, 500m 이내 소각 처리 사업장 2곳, 최근접 배출원 173m",,False,해당 시설 유형에 인원 자료 없음,산업·배출시설 공간 노출도,v4 (배출원: 전국 등록공장현황 2024-12-31 반영 5개 구 전역 + 배출업소·폐기물 v2 override 판 / 취약시설: 어린이집·경로당·지역아동센터 + 장애인복지관). geo_level=point 한정
SC0591,삼성타운경로당,경로당,senior_center,4812565000,산호동,마산합포구,35.2167495758938,128.583698477719,287.1,287.1,1,19,99,1,23,144,2,5,0,1,0,1,15,1.0,1.211,1.455,0.0,0.75,167.6,115.4,81,381,300,scenario_sensitive,sensitive,"300m 이내 배출원 위치 1개, 500m 이내 배출원 위치 19개, 500m 이내 대기 배출업소 2곳, 500m 이내 소각 처리 사업장 1곳, 최근접 배출원 287m",,False,해당 시설 유형에 인원 자료 없음,산업·배출시설 공간 노출도,v4 (배출원: 전국 등록공장현황 2024-12-31 반영 5개 구 전역 + 배출업소·폐기물 v2 override 판 / 취약시설: 어린이집·경로당·지역아동센터 + 장애인복지관). geo_level=point 한정
SC0696,상곡경로당,경로당,senior_center,4812725000,내서읍,마산회원구,35.2435753614502,128.50221991269,198.8,198.8,1,6,100,1,6,165,2,1,0,1,1,0,5,1.0,1.0,1.65,1.0,0.75,193.4,147.72,68,514,446,scenario_sensitive,sensitive,"300m 이내 배출원 위치 1개, 500m 이내 배출원 위치 6개, 500m 이내 대기 배출업소 2곳, 500m 이내 지정폐기물 배출사업장 1곳, 최근접 배출원 199m",,False,해당 시설 유형에 인원 자료 없음,산업·배출시설 공간 노출도,v4 (배출원: 전국 등록공장현황 2024-12-31 반영 5개 구 전역 + 배출업소·폐기물 v2 override 판 / 취약시설: 어린이집·경로당·지역아동센터 + 장애인복지관). geo_level=point 한정
SC0718,중리남성경로당,경로당,senior_center,4812725000,내서읍,마산회원구,35.2522065879467,128.511407838134,329.7,329.7,0,22,92,0,26,140,2,8,0,4,2,1,14,,1.182,1.522,1.0,0.75,128.3,72.45,67,275,208,scenario_sensitive,sensitive,"500m 이내 배출원 위치 22개, 500m 이내 대기 배출업소 2곳, 500m 이내 지정폐기물 배출사업장 2곳, 500m 이내 소각 처리 사업장 1곳, 최근접 배출원 330m",,False,해당 시설 유형에 인원 자료 없음,산업·배출시설 공간 노출도,v4 (배출원: 전국 등록공장현황 2024-12-31 반영 5개 구 전역 + 배출업소·폐기물 v2 override 판 / 취약시설: 어린이집·경로당·지역아동센터 + 장애인복지관). geo_level=point 한정
SC0719,중리여성경로당,경로당,senior_center,4812725000,내서읍,마산회원구,35.2513733298729,128.511160218842,235.1,235.1,1,23,100,1,28,150,2,8,0,5,3,2,15,1.0,1.217,1.5,1.0,0.75,90.0,54.33,38,195,157,scenario_sensitive,sensitive,"300m 이내 배출원 위치 1개, 500m 이내 배출원 위치 23개, 500m 이내 대기 배출업소 2곳, 500m 이내 지정폐기물 배출사업장 3곳, 500m 이내 소각 처리 사업장 2곳, 최근접 배출원 235m",,False,해당 시설 유형에 인원 자료 없음,산업·배출시설 공간 노출도,v4 (배출원: 전국 등록공장현황 2024-12-31 반영 5개 구 전역 + 배출업소·폐기물 v2 override 판 / 취약시설: 어린이집·경로당·지역아동센터 + 장애인복지관). geo_level=point 한정
SC0728,한주아파트경로당,경로당,senior_center,4812725000,내서읍,마산회원구,35.2486114034251,128.520482082514,160.0,160.0,3,19,80,3,22,125,4,5,0,1,1,1,12,1.0,1.158,1.562,1.0,0.75,157.7,49.57,110,255,145,scenario_sensitive,sensitive,"300m 이내 배출원 위치 3개, 500m 이내 배출원 위치 19개, 500m 이내 대기 배출업소 4곳, 500m 이내 지정폐기물 배출사업장 1곳, 500m 이내 소각 처리 사업장 1곳, 최근접 배출원 160m",,False,해당 시설 유형에 인원 자료 없음,산업·배출시설 공간 노출도,v4 (배출원: 전국 등록공장현황 2024-12-31 반영 5개 구 전역 + 배출업소·폐기물 v2 override 판 / 취약시설: 어린이집·경로당·지역아동센터 + 장애인복지관). geo_level=point 한정
SC0809,롯데캐슬센텀골드아파트경로당,경로당,senior_center,4812757000,양덕2동,마산회원구,35.2246437503717,128.590873091606,270.4,270.4,2,16,119,2,22,212,2,8,1,3,2,1,11,1.0,1.375,1.782,3.0,0.75,143.0,108.98,57,348,291,scenario_sensitive,sensitive,"300m 이내 배출원 위치 2개, 500m 이내 배출원 위치 16개, 500m 이내 대기 배출업소 2곳, 500m 이내 지정폐기물 배출사업장 2곳, 500m 이내 소각 처리 사업장 1곳, 최근접 배출원 270m",,False,해당 시설 유형에 인원 자료 없음,산업·배출시설 공간 노출도,v4 (배출원: 전국 등록공장현황 2024-12-31 반영 5개 구 전역 + 배출업소·폐기물 v2 override 판 / 취약시설: 어린이집·경로당·지역아동센터 + 장애인복지관). geo_level=point 한정
SC0836,신산남성경로당,경로당,senior_center,4812761000,구암2동,마산회원구,35.25380708239,128.5995296433,216.8,216.8,4,11,75,8,43,183,5,1,0,6,1,0,31,2.0,3.909,2.44,0.0,0.75,134.6,33.31,107,206,99,scenario_sensitive,sensitive,"300m 이내 배출원 위치 4개, 500m 이내 배출원 위치 11개, 500m 이내 대기 배출업소 5곳, 500m 이내 지정폐기물 배출사업장 1곳, 최근접 배출원 217m",,False,해당 시설 유형에 인원 자료 없음,산업·배출시설 공간 노출도,v4 (배출원: 전국 등록공장현황 2024-12-31 반영 5개 구 전역 + 배출업소·폐기물 v2 override 판 / 취약시설: 어린이집·경로당·지역아동센터 + 장애인복지관). geo_level=point 한정
SC0837,신산여성경로당,경로당,senior_center,4812761000,구암2동,마산회원구,35.25380708239,128.5995296433,216.8,216.8,4,11,75,8,43,183,5,1,0,6,1,0,31,2.0,3.909,2.44,0.0,0.75,134.6,33.31,107,206,99,scenario_sensitive,sensitive,"300m 이내 배출원 위치 4개, 500m 이내 배출원 위치 11개, 500m 이내 대기 배출업소 5곳, 500m 이내 지정폐기물 배출사업장 1곳, 최근접 배출원 217m",,False,해당 시설 유형에 인원 자료 없음,산업·배출시설 공간 노출도,v4 (배출원: 전국 등록공장현황 2024-12-31 반영 5개 구 전역 + 배출업소·폐기물 v2 override 판 / 취약시설: 어린이집·경로당·지역아동센터 + 장애인복지관). geo_level=point 한정
SC1002,남명플럼빌리지경로당,경로당,senior_center,4812964000,웅동1동,진해구,35.1249384262351,128.783117415769,148.5,148.5,3,34,95,3,43,116,2,3,1,0,0,0,38,1.0,1.265,1.221,3.0,0.75,163.0,36.55,131,250,119,scenario_sensitive,sensitive,"300m 이내 배출원 위치 3개, 500m 이내 배출원 위치 34개, 500m 이내 대기 배출업소 2곳, 최근접 배출원 148m",,False,해당 시설 유형에 인원 자료 없음,산업·배출시설 공간 노출도,v4 (배출원: 전국 등록공장현황 2024-12-31 반영 5개 구 전역 + 배출업소·폐기물 v2 override 판 / 취약시설: 어린이집·경로당·지역아동센터 + 장애인복지관). geo_level=point 한정
SC0366,신촌경로당,경로당,senior_center,4812357000,웅남동,성산구,35.2054599565683,128.626950000201,200.1,200.1,3,5,94,3,7,204,2,2,0,1,0,1,3,1.0,1.4,2.17,2.0,0.722,220.0,127.74,130,462,332,scenario_sensitive,sensitive,"300m 이내 배출원 위치 3개, 500m 이내 배출원 위치 5개, 500m 이내 대기 배출업소 2곳, 500m 이내 소각 처리 사업장 1곳, 최근접 배출원 200m",,False,해당 시설 유형에 인원 자료 없음,산업·배출시설 공간 노출도,v4 (배출원: 전국 등록공장현황 2024-12-31 반영 5개 구 전역 + 배출업소·폐기물 v2 override 판 / 취약시설: 어린이집·경로당·지역아동센터 + 장애인복지관). geo_level=point 한정
CC0197,사랑가득 안민어린이집,어린이집,childcare,4812356000,성주동,성산구,35.187236753034,128.692688397156,188.8,188.8,4,9,64,6,16,125,0,2,0,4,0,1,11,1.5,1.778,1.953,6.0,0.611,210.4,109.59,137,432,295,scenario_sensitive,sensitive,"300m 이내 배출원 위치 4개, 500m 이내 배출원 위치 9개, 500m 이내 소각 처리 사업장 1곳, 최근접 배출원 189m",27.0,True,어린이집 정원(인가 기준). 실제 재원 인원·실제 노출 인원이 아님,산업·배출시설 공간 노출도,v4 (배출원: 전국 등록공장현황 2024-12-31 반영 5개 구 전역 + 배출업소·폐기물 v2 override 판 / 취약시설: 어린이집·경로당·지역아동센터 + 장애인복지관). geo_level=point 한정
CC0412,삼성창원병원 직장어린이집,어린이집,childcare,4812759000,합성2동,마산회원구,35.2429963860914,128.591965801829,0.0,0.0,2,7,19,2,7,21,2,3,0,2,2,1,1,1.0,1.0,1.105,0.0,0.611,160.9,135.41,1,432,431,scenario_sensitive,sensitive,"300m 이내 배출원 위치 2개, 500m 이내 배출원 위치 7개, 500m 이내 대기 배출업소 2곳, 500m 이내 지정폐기물 배출사업장 2곳, 500m 이내 소각 처리 사업장 1곳, 최근접 배출원 0m",35.0,True,어린이집 정원(인가 기준). 실제 재원 인원·실제 노출 인원이 아님,산업·배출시설 공간 노출도,v4 (배출원: 전국 등록공장현황 2024-12-31 반영 5개 구 전역 + 배출업소·폐기물 v2 override 판 / 취약시설: 어린이집·경로당·지역아동센터 + 장애인복지관). geo_level=point 한정
SC0163,신등경로당,경로당,senior_center,4812132000,대산면,의창구,35.3212756955192,128.696849535944,46.3,46.3,14,25,46,17,32,56,1,2,3,3,0,1,29,1.214,1.28,1.217,2.0,0.611,133.2,48.69,45,204,159,scenario_sensitive,sensitive,"300m 이내 배출원 위치 14개, 500m 이내 배출원 위치 25개, 500m 이내 대기 배출업소 1곳, 500m 이내 소각 처리 사업장 1곳, 최근접 배출원 46m",,False,해당 시설 유형에 인원 자료 없음,산업·배출시설 공간 노출도,v4 (배출원: 전국 등록공장현황 2024-12-31 반영 5개 구 전역 + 배출업소·폐기물 v2 override 판 / 취약시설: 어린이집·경로당·지역아동센터 + 장애인복지관). geo_level=point 한정
SC0670,가고파아파트경로당,경로당,senior_center,4812725000,내서읍,마산회원구,35.242872713561,128.501148267993,133.2,133.2,1,1,90,1,1,155,1,0,0,0,0,0,0,1.0,1.0,1.722,1.0,0.583,235.8,156.17,105,579,474,scenario_sensitive,sensitive,"300m 이내 배출원 위치 1개, 500m 이내 배출원 위치 1개, 500m 이내 대기 배출업소 1곳, 최근접 배출원 133m",,False,해당 시설 유형에 인원 자료 없음,산업·배출시설 공간 노출도,v4 (배출원: 전국 등록공장현황 2024-12-31 반영 5개 구 전역 + 배출업소·폐기물 v2 override 판 / 취약시설: 어린이집·경로당·지역아동센터 + 장애인복지관). geo_level=point 한정
CC0213,아이파크어린이집,어린이집,childcare,4812351500,용지동,성산구,35.2292892131235,128.678406313762,87.3,87.3,7,14,36,9,16,39,5,1,0,4,0,3,9,1.286,1.143,1.083,0.0,0.556,152.7,29.61,93,198,105,scenario_sensitive,sensitive,"300m 이내 배출원 위치 7개, 500m 이내 배출원 위치 14개, 500m 이내 대기 배출업소 5곳, 500m 이내 소각 처리 사업장 3곳, 최근접 배출원 87m",63.0,True,어린이집 정원(인가 기준). 실제 재원 인원·실제 노출 인원이 아님,산업·배출시설 공간 노출도,v4 (배출원: 전국 등록공장현황 2024-12-31 반영 5개 구 전역 + 배출업소·폐기물 v2 override 판 / 취약시설: 어린이집·경로당·지역아동센터 + 장애인복지관). geo_level=point 한정
SC0417,대티경로당,경로당,senior_center,4812533000,진북면,마산합포구,35.1665720624438,128.467382412532,47.2,47.2,12,23,30,13,28,36,7,4,7,2,0,1,21,1.083,1.217,1.2,3.0,0.556,144.1,56.61,51,232,181,scenario_sensitive,sensitive,"300m 이내 배출원 위치 12개, 500m 이내 배출원 위치 23개, 500m 이내 대기 배출업소 7곳, 500m 이내 소각 처리 사업장 1곳, 최근접 배출원 47m",,False,해당 시설 유형에 인원 자료 없음,산업·배출시설 공간 노출도,v4 (배출원: 전국 등록공장현황 2024-12-31 반영 5개 구 전역 + 배출업소·폐기물 v2 override 판 / 취약시설: 어린이집·경로당·지역아동센터 + 장애인복지관). geo_level=point 한정
SC0291,용지아이파크경로당,경로당,senior_center,4812351500,용지동,성산구,35.2292892131235,128.678406313762,87.3,87.3,7,14,36,9,16,39,5,1,0,4,0,3,9,1.286,1.143,1.083,0.0,0.528,152.7,29.61,93,198,105,scenario_sensitive,sensitive,"300m 이내 배출원 위치 7개, 500m 이내 배출원 위치 14개, 500m 이내 대기 배출업소 5곳, 500m 이내 소각 처리 사업장 3곳, 최근접 배출원 87m",,False,해당 시설 유형에 인원 자료 없음,산업·배출시설 공간 노출도,v4 (배출원: 전국 등록공장현황 2024-12-31 반영 5개 구 전역 + 배출업소·폐기물 v2 override 판 / 취약시설: 어린이집·경로당·지역아동센터 + 장애인복지관). geo_level=point 한정
SC1007,금곡경로당,경로당,senior_center,4812964000,웅동1동,진해구,35.1253681572793,128.786003475261,132.3,132.3,3,28,86,5,37,105,1,3,1,0,0,0,33,1.667,1.321,1.221,3.0,0.528,177.7,38.89,141,269,128,scenario_sensitive,sensitive,"300m 이내 배출원 위치 3개, 500m 이내 배출원 위치 28개, 500m 이내 대기 배출업소 1곳, 최근접 배출원 132m",,False,해당 시설 유형에 인원 자료 없음,산업·배출시설 공간 노출도,v4 (배출원: 전국 등록공장현황 2024-12-31 반영 5개 구 전역 + 배출업소·폐기물 v2 override 판 / 취약시설: 어린이집·경로당·지역아동센터 + 장애인복지관). geo_level=point 한정
CC0107,새하얀어린이집,어린이집,childcare,4812152000,팔룡동,의창구,35.2547061407493,128.617297396425,324.8,324.8,0,3,124,0,3,335,2,1,0,0,0,0,0,,1.0,2.702,1.0,0.5,283.9,246.83,115,729,614,scenario_sensitive,sensitive,"500m 이내 배출원 위치 3개, 500m 이내 대기 배출업소 2곳, 최근접 배출원 325m",19.0,True,어린이집 정원(인가 기준). 실제 재원 인원·실제 노출 인원이 아님,산업·배출시설 공간 노출도,v4 (배출원: 전국 등록공장현황 2024-12-31 반영 5개 구 전역 + 배출업소·폐기물 v2 override 판 / 취약시설: 어린이집·경로당·지역아동센터 + 장애인복지관). geo_level=point 한정
CH0012,팔용지역아동센터,지역아동센터,community_child_center,4812152000,팔룡동,의창구,35.2560479816235,128.614098218102,292.6,292.6,1,9,116,1,11,261,0,5,0,0,0,0,6,1.0,1.222,2.25,1.0,0.5,285.3,250.29,118,725,607,scenario_sensitive,sensitive,"300m 이내 배출원 위치 1개, 500m 이내 배출원 위치 9개, 최근접 배출원 293m",,False,해당 시설 유형에 인원 자료 없음,산업·배출시설 공간 노출도,v4 (배출원: 전국 등록공장현황 2024-12-31 반영 5개 구 전역 + 배출업소·폐기물 v2 override 판 / 취약시설: 어린이집·경로당·지역아동센터 + 장애인복지관). geo_level=point 한정
SC0345,서광파크빌(아)경로당,경로당,senior_center,4812356000,성주동,성산구,35.1872085123319,128.694572034459,229.2,229.2,1,8,71,1,12,128,0,2,0,3,0,1,8,1.0,1.5,1.803,6.0,0.5,258.6,186.63,134,589,455,scenario_sensitive,sensitive,"300m 이내 배출원 위치 1개, 500m 이내 배출원 위치 8개, 500m 이내 소각 처리 사업장 1곳, 최근접 배출원 229m",,False,해당 시설 유형에 인원 자료 없음,산업·배출시설 공간 노출도,v4 (배출원: 전국 등록공장현황 2024-12-31 반영 5개 구 전역 + 배출업소·폐기물 v2 override 판 / 취약시설: 어린이집·경로당·지역아동센터 + 장애인복지관). geo_level=point 한정
SC0358,동성2차경로당,경로당,senior_center,4812357000,웅남동,성산구,35.2041086292929,128.628211892764,331.0,331.0,0,8,99,0,22,211,1,4,0,1,0,1,17,,2.75,2.131,2.0,0.5,263.4,195.23,129,608,479,scenario_sensitive,sensitive,"500m 이내 배출원 위치 8개, 500m 이내 대기 배출업소 1곳, 500m 이내 소각 처리 사업장 1곳, 최근접 배출원 331m",,False,해당 시설 유형에 인원 자료 없음,산업·배출시설 공간 노출도,v4 (배출원: 전국 등록공장현황 2024-12-31 반영 5개 구 전역 + 배출업소·폐기물 v2 override 판 / 취약시설: 어린이집·경로당·지역아동센터 + 장애인복지관). geo_level=point 한정
SC1008,금곡부녀경로당,경로당,senior_center,4812964000,웅동1동,진해구,35.1253681572793,128.786003475261,132.3,132.3,3,28,86,5,37,105,1,3,1,0,0,0,33,1.667,1.321,1.221,3.0,0.5,177.7,38.89,141,269,128,scenario_sensitive,sensitive,"300m 이내 배출원 위치 3개, 500m 이내 배출원 위치 28개, 500m 이내 대기 배출업소 1곳, 최근접 배출원 132m",,False,해당 시설 유형에 인원 자료 없음,산업·배출시설 공간 노출도,v4 (배출원: 전국 등록공장현황 2024-12-31 반영 5개 구 전역 + 배출업소·폐기물 v2 override 판 / 취약시설: 어린이집·경로당·지역아동센터 + 장애인복지관). geo_level=point 한정
SC0175,상등경로당,경로당,senior_center,4812132000,대산면,의창구,35.3215698638146,128.70199582817,88.2,88.2,9,20,51,11,22,62,1,2,3,3,0,1,20,1.222,1.1,1.216,2.0,0.472,158.9,36.49,95,228,133,scenario_sensitive,sensitive,"300m 이내 배출원 위치 9개, 500m 이내 배출원 위치 20개, 500m 이내 대기 배출업소 1곳, 500m 이내 소각 처리 사업장 1곳, 최근접 배출원 88m",,False,해당 시설 유형에 인원 자료 없음,산업·배출시설 공간 노출도,v4 (배출원: 전국 등록공장현황 2024-12-31 반영 5개 구 전역 + 배출업소·폐기물 v2 override 판 / 취약시설: 어린이집·경로당·지역아동센터 + 장애인복지관). geo_level=point 한정
SC0170,제동부인경로당,경로당,senior_center,4812132000,대산면,의창구,35.333531489827,128.712696030587,169.1,169.1,3,7,92,4,8,125,0,3,1,2,0,0,3,1.333,1.143,1.359,2.0,0.389,300.5,193.13,153,647,494,scenario_sensitive,sensitive,"300m 이내 배출원 위치 3개, 500m 이내 배출원 위치 7개, 최근접 배출원 169m",,False,해당 시설 유형에 인원 자료 없음,산업·배출시설 공간 노출도,v4 (배출원: 전국 등록공장현황 2024-12-31 반영 5개 구 전역 + 배출업소·폐기물 v2 override 판 / 취약시설: 어린이집·경로당·지역아동센터 + 장애인복지관). geo_level=point 한정
SC0176,고등포경로당,경로당,senior_center,4812132000,대산면,의창구,35.3164780525499,128.700017834287,79.4,79.4,14,15,55,17,18,67,0,0,0,0,0,0,18,1.214,1.2,1.218,2.0,0.389,162.9,59.46,63,258,195,scenario_sensitive,sensitive,"300m 이내 배출원 위치 14개, 500m 이내 배출원 위치 15개, 최근접 배출원 79m",,False,해당 시설 유형에 인원 자료 없음,산업·배출시설 공간 노출도,v4 (배출원: 전국 등록공장현황 2024-12-31 반영 5개 구 전역 + 배출업소·폐기물 v2 override 판 / 취약시설: 어린이집·경로당·지역아동센터 + 장애인복지관). geo_level=point 한정
CC0281,마린푸른숲어린이집,어린이집,childcare,4812563000,오동동,마산합포구,35.2070102185943,128.583414103644,53.8,53.8,9,15,45,10,19,55,0,6,3,4,0,2,9,1.111,1.267,1.222,2.0,0.361,162.0,41.34,90,228,138,scenario_sensitive,sensitive,"300m 이내 배출원 위치 9개, 500m 이내 배출원 위치 15개, 500m 이내 소각 처리 사업장 2곳, 최근접 배출원 54m",39.0,True,어린이집 정원(인가 기준). 실제 재원 인원·실제 노출 인원이 아님,산업·배출시설 공간 노출도,v4 (배출원: 전국 등록공장현황 2024-12-31 반영 5개 구 전역 + 배출업소·폐기물 v2 override 판 / 취약시설: 어린이집·경로당·지역아동센터 + 장애인복지관). geo_level=point 한정
CC0349,밀알재능어린이집,어린이집,childcare,4812761000,구암2동,마산회원구,35.2446561981918,128.591697352023,147.0,147.0,5,7,20,5,7,22,2,2,0,2,2,1,2,1.0,1.0,1.1,0.0,0.361,219.6,115.52,40,449,409,scenario_sensitive,sensitive,"300m 이내 배출원 위치 5개, 500m 이내 배출원 위치 7개, 500m 이내 대기 배출업소 2곳, 500m 이내 지정폐기물 배출사업장 2곳, 500m 이내 소각 처리 사업장 1곳, 최근접 배출원 147m",20.0,True,어린이집 정원(인가 기준). 실제 재원 인원·실제 노출 인원이 아님,산업·배출시설 공간 노출도,v4 (배출원: 전국 등록공장현황 2024-12-31 반영 5개 구 전역 + 배출업소·폐기물 v2 override 판 / 취약시설: 어린이집·경로당·지역아동센터 + 장애인복지관). geo_level=point 한정
CH0053,동마산지역아동센터,지역아동센터,community_child_center,4812761000,구암2동,마산회원구,35.2446561981918,128.591697352023,147.0,147.0,5,7,20,5,7,22,2,2,0,2,2,1,2,1.0,1.0,1.1,0.0,0.361,219.6,115.52,40,449,409,scenario_sensitive,sensitive,"300m 이내 배출원 위치 5개, 500m 이내 배출원 위치 7개, 500m 이내 대기 배출업소 2곳, 500m 이내 지정폐기물 배출사업장 2곳, 500m 이내 소각 처리 사업장 1곳, 최근접 배출원 147m",,False,해당 시설 유형에 인원 자료 없음,산업·배출시설 공간 노출도,v4 (배출원: 전국 등록공장현황 2024-12-31 반영 5개 구 전역 + 배출업소·폐기물 v2 override 판 / 취약시설: 어린이집·경로당·지역아동센터 + 장애인복지관). geo_level=point 한정
SC0613,오동동남성경로당,경로당,senior_center,4812563000,오동동,마산합포구,35.2071828412232,128.582549873796,59.9,59.9,8,15,40,9,19,50,0,6,3,4,0,2,9,1.125,1.267,1.25,2.0,0.361,171.6,62.78,70,271,201,scenario_sensitive,sensitive,"300m 이내 배출원 위치 8개, 500m 이내 배출원 위치 15개, 500m 이내 소각 처리 사업장 2곳, 최근접 배출원 60m",,False,해당 시설 유형에 인원 자료 없음,산업·배출시설 공간 노출도,v4 (배출원: 전국 등록공장현황 2024-12-31 반영 5개 구 전역 + 배출업소·폐기물 v2 override 판 / 취약시설: 어린이집·경로당·지역아동센터 + 장애인복지관). geo_level=point 한정
SC0806,반월경로당,경로당,senior_center,4812757000,양덕2동,마산회원구,35.2240414022142,128.580007236155,30.6,30.6,4,6,49,5,8,53,4,2,0,3,1,1,0,1.25,1.333,1.082,3.0,0.361,162.6,44.99,73,226,153,scenario_sensitive,sensitive,"300m 이내 배출원 위치 4개, 500m 이내 배출원 위치 6개, 500m 이내 대기 배출업소 4곳, 500m 이내 지정폐기물 배출사업장 1곳, 500m 이내 소각 처리 사업장 1곳, 최근접 배출원 31m",,False,해당 시설 유형에 인원 자료 없음,산업·배출시설 공간 노출도,v4 (배출원: 전국 등록공장현황 2024-12-31 반영 5개 구 전역 + 배출업소·폐기물 v2 override 판 / 취약시설: 어린이집·경로당·지역아동센터 + 장애인복지관). geo_level=point 한정
SC0838,제4남성경로당,경로당,senior_center,4812761000,구암2동,마산회원구,35.2446917140289,128.591333650498,124.9,124.9,5,7,20,5,7,22,2,2,0,2,2,1,2,1.0,1.0,1.1,0.0,0.361,220.4,113.15,47,446,399,scenario_sensitive,sensitive,"300m 이내 배출원 위치 5개, 500m 이내 배출원 위치 7개, 500m 이내 대기 배출업소 2곳, 500m 이내 지정폐기물 배출사업장 2곳, 500m 이내 소각 처리 사업장 1곳, 최근접 배출원 125m",,False,해당 시설 유형에 인원 자료 없음,산업·배출시설 공간 노출도,v4 (배출원: 전국 등록공장현황 2024-12-31 반영 5개 구 전역 + 배출업소·폐기물 v2 override 판 / 취약시설: 어린이집·경로당·지역아동센터 + 장애인복지관). geo_level=point 한정
SC0839,제4여성경로당,경로당,senior_center,4812761000,구암2동,마산회원구,35.2446917140289,128.591333650498,124.9,124.9,5,7,20,5,7,22,2,2,0,2,2,1,2,1.0,1.0,1.1,0.0,0.361,220.4,113.15,47,446,399,scenario_sensitive,sensitive,"300m 이내 배출원 위치 5개, 500m 이내 배출원 위치 7개, 500m 이내 대기 배출업소 2곳, 500m 이내 지정폐기물 배출사업장 2곳, 500m 이내 소각 처리 사업장 1곳, 최근접 배출원 125m",,False,해당 시설 유형에 인원 자료 없음,산업·배출시설 공간 노출도,v4 (배출원: 전국 등록공장현황 2024-12-31 반영 5개 구 전역 + 배출업소·폐기물 v2 override 판 / 취약시설: 어린이집·경로당·지역아동센터 + 장애인복지관). geo_level=point 한정
SC0617,마린경로당,경로당,senior_center,4812563000,오동동,마산합포구,35.2070102185943,128.583414103644,53.8,53.8,9,15,45,10,19,55,0,6,3,4,0,2,9,1.111,1.267,1.222,2.0,0.333,162.0,41.34,90,228,138,scenario_sensitive,sensitive,"300m 이내 배출원 위치 9개, 500m 이내 배출원 위치 15개, 500m 이내 소각 처리 사업장 2곳, 최근접 배출원 54m",,False,해당 시설 유형에 인원 자료 없음,산업·배출시설 공간 노출도,v4 (배출원: 전국 등록공장현황 2024-12-31 반영 5개 구 전역 + 배출업소·폐기물 v2 override 판 / 취약시설: 어린이집·경로당·지역아동센터 + 장애인복지관). geo_level=point 한정
CC0209,현대위아어린이집,어린이집,childcare,4812356000,성주동,성산구,35.2044074840449,128.691654425844,0.0,0.0,4,8,32,4,14,63,2,2,0,5,0,4,8,1.0,1.75,1.969,6.0,0.306,177.0,72.01,59,271,212,scenario_sensitive,sensitive,"300m 이내 배출원 위치 4개, 500m 이내 배출원 위치 8개, 500m 이내 대기 배출업소 2곳, 500m 이내 소각 처리 사업장 4곳, 최근접 배출원 0m",69.0,True,어린이집 정원(인가 기준). 실제 재원 인원·실제 노출 인원이 아님,산업·배출시설 공간 노출도,v4 (배출원: 전국 등록공장현황 2024-12-31 반영 5개 구 전역 + 배출업소·폐기물 v2 override 판 / 취약시설: 어린이집·경로당·지역아동센터 + 장애인복지관). geo_level=point 한정
CC0379,창원시립 근주어린이집,어린이집,childcare,4812754500,석전동,마산회원구,35.2326813589306,128.577360656688,20.3,20.3,10,13,37,10,13,39,2,10,0,2,1,0,1,1.0,1.0,1.054,3.0,0.306,178.4,68.77,69,276,207,scenario_sensitive,sensitive,"300m 이내 배출원 위치 10개, 500m 이내 배출원 위치 13개, 500m 이내 대기 배출업소 2곳, 500m 이내 지정폐기물 배출사업장 1곳, 최근접 배출원 20m",73.0,True,어린이집 정원(인가 기준). 실제 재원 인원·실제 노출 인원이 아님,산업·배출시설 공간 노출도,v4 (배출원: 전국 등록공장현황 2024-12-31 반영 5개 구 전역 + 배출업소·폐기물 v2 override 판 / 취약시설: 어린이집·경로당·지역아동센터 + 장애인복지관). geo_level=point 한정
SC0173,대진경로당,경로당,senior_center,4812132000,대산면,의창구,35.325105982525,128.716343566925,19.6,19.6,11,23,35,19,34,47,4,1,6,0,0,0,28,1.727,1.478,1.343,2.0,0.306,177.3,66.86,81,285,204,scenario_sensitive,sensitive,"300m 이내 배출원 위치 11개, 500m 이내 배출원 위치 23개, 500m 이내 대기 배출업소 4곳, 최근접 배출원 20m",,False,해당 시설 유형에 인원 자료 없음,산업·배출시설 공간 노출도,v4 (배출원: 전국 등록공장현황 2024-12-31 반영 5개 구 전역 + 배출업소·폐기물 v2 override 판 / 취약시설: 어린이집·경로당·지역아동센터 + 장애인복지관). geo_level=point 한정
SC0623,부림경로당,경로당,senior_center,4812563000,오동동,마산합포구,35.2058995748903,128.572410616668,82.2,82.2,4,14,67,6,27,88,2,5,1,1,0,1,18,1.5,1.929,1.313,2.0,0.306,189.4,45.48,146,294,148,scenario_sensitive,sensitive,"300m 이내 배출원 위치 4개, 500m 이내 배출원 위치 14개, 500m 이내 대기 배출업소 2곳, 500m 이내 소각 처리 사업장 1곳, 최근접 배출원 82m",,False,해당 시설 유형에 인원 자료 없음,산업·배출시설 공간 노출도,v4 (배출원: 전국 등록공장현황 2024-12-31 반영 5개 구 전역 + 배출업소·폐기물 v2 override 판 / 취약시설: 어린이집·경로당·지역아동센터 + 장애인복지관). geo_level=point 한정
SC0764,역전남성경로당,경로당,senior_center,4812754500,석전동,마산회원구,35.2332478780117,128.577305061522,57.3,57.3,9,14,36,9,14,38,2,10,0,2,1,0,2,1.0,1.0,1.056,3.0,0.278,193.1,78.61,65,295,230,scenario_sensitive,sensitive,"300m 이내 배출원 위치 9개, 500m 이내 배출원 위치 14개, 500m 이내 대기 배출업소 2곳, 500m 이내 지정폐기물 배출사업장 1곳, 최근접 배출원 57m",,False,해당 시설 유형에 인원 자료 없음,산업·배출시설 공간 노출도,v4 (배출원: 전국 등록공장현황 2024-12-31 반영 5개 구 전역 + 배출업소·폐기물 v2 override 판 / 취약시설: 어린이집·경로당·지역아동센터 + 장애인복지관). geo_level=point 한정
CC0042,국립창원대학교 직장어린이집,어린이집,childcare,4812154000,봉림동,의창구,35.2459596336655,128.694816891338,0.0,0.0,1,2,5,13,14,19,1,1,0,3,0,3,11,13.0,7.0,3.8,0.0,0.25,426.4,271.97,24,705,681,scenario_sensitive,sensitive,"300m 이내 배출원 위치 1개, 500m 이내 배출원 위치 2개, 500m 이내 대기 배출업소 1곳, 500m 이내 소각 처리 사업장 3곳, 최근접 배출원 0m",94.0,True,어린이집 정원(인가 기준). 실제 재원 인원·실제 노출 인원이 아님,산업·배출시설 공간 노출도,v4 (배출원: 전국 등록공장현황 2024-12-31 반영 5개 구 전역 + 배출업소·폐기물 v2 override 판 / 취약시설: 어린이집·경로당·지역아동센터 + 장애인복지관). geo_level=point 한정
CC0094,세계어린이집,어린이집,childcare,4812152000,팔룡동,의창구,35.2612430589657,128.615741094345,26.3,26.3,15,20,38,17,23,41,0,14,0,0,0,0,9,1.133,1.15,1.079,1.0,0.25,209.8,82.44,80,342,262,scenario_sensitive,sensitive,"300m 이내 배출원 위치 15개, 500m 이내 배출원 위치 20개, 최근접 배출원 26m",40.0,True,어린이집 정원(인가 기준). 실제 재원 인원·실제 노출 인원이 아님,산업·배출시설 공간 노출도,v4 (배출원: 전국 등록공장현황 2024-12-31 반영 5개 구 전역 + 배출업소·폐기물 v2 override 판 / 취약시설: 어린이집·경로당·지역아동센터 + 장애인복지관). geo_level=point 한정
CC0095,보광어린이집,어린이집,childcare,4812152000,팔룡동,의창구,35.2609575262474,128.617570506808,35.7,35.7,12,20,39,14,23,42,0,14,0,1,0,0,8,1.167,1.15,1.077,1.0,0.25,211.5,84.16,78,325,247,scenario_sensitive,sensitive,"300m 이내 배출원 위치 12개, 500m 이내 배출원 위치 20개, 최근접 배출원 36m",28.0,True,어린이집 정원(인가 기준). 실제 재원 인원·실제 노출 인원이 아님,산업·배출시설 공간 노출도,v4 (배출원: 전국 등록공장현황 2024-12-31 반영 5개 구 전역 + 배출업소·폐기물 v2 override 판 / 취약시설: 어린이집·경로당·지역아동센터 + 장애인복지관). geo_level=point 한정
CC0099,햇님어린이집,어린이집,childcare,4812152000,팔룡동,의창구,35.2610417354333,128.614424047024,68.2,68.2,13,21,38,15,23,42,0,16,0,0,0,0,7,1.154,1.095,1.105,1.0,0.25,232.1,83.71,97,367,270,scenario_sensitive,sensitive,"300m 이내 배출원 위치 13개, 500m 이내 배출원 위치 21개, 최근접 배출원 68m",92.0,True,어린이집 정원(인가 기준). 실제 재원 인원·실제 노출 인원이 아님,산업·배출시설 공간 노출도,v4 (배출원: 전국 등록공장현황 2024-12-31 반영 5개 구 전역 + 배출업소·폐기물 v2 override 판 / 취약시설: 어린이집·경로당·지역아동센터 + 장애인복지관). geo_level=point 한정
CC0154,차일드-케어센터 희연병원 직장어린이집,어린이집,childcare,4812351000,반송동,성산구,35.2399624063122,128.662558162498,0.0,0.0,5,7,14,5,7,52,1,3,0,3,0,2,0,1.0,1.0,3.714,0.0,0.25,309.1,156.18,64,502,438,scenario_sensitive,sensitive,"300m 이내 배출원 위치 5개, 500m 이내 배출원 위치 7개, 500m 이내 대기 배출업소 1곳, 500m 이내 소각 처리 사업장 2곳, 최근접 배출원 0m",20.0,True,어린이집 정원(인가 기준). 실제 재원 인원·실제 노출 인원이 아님,산업·배출시설 공간 노출도,v4 (배출원: 전국 등록공장현황 2024-12-31 반영 5개 구 전역 + 배출업소·폐기물 v2 override 판 / 취약시설: 어린이집·경로당·지역아동센터 + 장애인복지관). geo_level=point 한정
CC0203,대우예은어린이집,어린이집,childcare,4812356000,성주동,성산구,35.204845915048,128.691855233908,52.0,52.0,4,8,26,4,14,54,2,2,0,5,0,4,8,1.0,1.75,2.077,6.0,0.25,227.0,75.58,97,326,229,scenario_sensitive,sensitive,"300m 이내 배출원 위치 4개, 500m 이내 배출원 위치 8개, 500m 이내 대기 배출업소 2곳, 500m 이내 소각 처리 사업장 4곳, 최근접 배출원 52m",13.0,True,어린이집 정원(인가 기준). 실제 재원 인원·실제 노출 인원이 아님,산업·배출시설 공간 노출도,v4 (배출원: 전국 등록공장현황 2024-12-31 반영 5개 구 전역 + 배출업소·폐기물 v2 override 판 / 취약시설: 어린이집·경로당·지역아동센터 + 장애인복지관). geo_level=point 한정
CC0210,창원시립 신월어린이집,어린이집,childcare,4812351500,용지동,성산구,35.2278666031741,128.692360673035,26.3,26.3,7,8,26,7,8,28,0,7,0,0,0,0,1,1.0,1.0,1.077,0.0,0.25,373.7,157.18,111,557,446,scenario_sensitive,sensitive,"300m 이내 배출원 위치 7개, 500m 이내 배출원 위치 8개, 최근접 배출원 26m",93.0,True,어린이집 정원(인가 기준). 실제 재원 인원·실제 노출 인원이 아님,산업·배출시설 공간 노출도,v4 (배출원: 전국 등록공장현황 2024-12-31 반영 5개 구 전역 + 배출업소·폐기물 v2 override 판 / 취약시설: 어린이집·경로당·지역아동센터 + 장애인복지관). geo_level=point 한정
CC0296,예솔어린이집,어린이집,childcare,4812553000,월영동,마산합포구,35.1811542091156,128.562567932646,26.3,26.3,11,13,24,12,14,26,3,9,0,1,0,1,2,1.091,1.077,1.083,1.0,0.25,219.5,95.68,75,356,281,scenario_sensitive,sensitive,"300m 이내 배출원 위치 11개, 500m 이내 배출원 위치 13개, 500m 이내 대기 배출업소 3곳, 500m 이내 소각 처리 사업장 1곳, 최근접 배출원 26m",75.0,True,어린이집 정원(인가 기준). 실제 재원 인원·실제 노출 인원이 아님,산업·배출시설 공간 노출도,v4 (배출원: 전국 등록공장현황 2024-12-31 반영 5개 구 전역 + 배출업소·폐기물 v2 override 판 / 취약시설: 어린이집·경로당·지역아동센터 + 장애인복지관). geo_level=point 한정
CC0297,해운어린이집,어린이집,childcare,4812553000,월영동,마산합포구,35.1803462972619,128.564643819703,41.0,41.0,9,13,24,10,14,26,4,8,0,1,0,1,2,1.111,1.077,1.083,1.0,0.25,283.6,112.5,100,435,335,scenario_sensitive,sensitive,"300m 이내 배출원 위치 9개, 500m 이내 배출원 위치 13개, 500m 이내 대기 배출업소 4곳, 500m 이내 소각 처리 사업장 1곳, 최근접 배출원 41m",95.0,True,어린이집 정원(인가 기준). 실제 재원 인원·실제 노출 인원이 아님,산업·배출시설 공간 노출도,v4 (배출원: 전국 등록공장현황 2024-12-31 반영 5개 구 전역 + 배출업소·폐기물 v2 override 판 / 취약시설: 어린이집·경로당·지역아동센터 + 장애인복지관). geo_level=point 한정
CC0380,창원시립 메트로석전어린이집,어린이집,childcare,4812754500,석전동,마산회원구,35.2298010847479,128.570731134756,0.0,0.0,2,9,31,2,9,31,1,5,0,1,1,0,2,1.0,1.0,1.0,3.0,0.25,319.5,133.18,92,494,402,scenario_sensitive,sensitive,"300m 이내 배출원 위치 2개, 500m 이내 배출원 위치 9개, 500m 이내 대기 배출업소 1곳, 500m 이내 지정폐기물 배출사업장 1곳, 최근접 배출원 0m",58.0,True,어린이집 정원(인가 기준). 실제 재원 인원·실제 노출 인원이 아님,산업·배출시설 공간 노출도,v4 (배출원: 전국 등록공장현황 2024-12-31 반영 5개 구 전역 + 배출업소·폐기물 v2 override 판 / 취약시설: 어린이집·경로당·지역아동센터 + 장애인복지관). geo_level=point 한정
CC0384,금솔어린이집,어린이집,childcare,4812754500,석전동,마산회원구,35.2298010847479,128.570731134756,0.0,0.0,2,9,31,2,9,31,1,5,0,1,1,0,2,1.0,1.0,1.0,3.0,0.25,319.5,133.18,92,494,402,scenario_sensitive,sensitive,"300m 이내 배출원 위치 2개, 500m 이내 배출원 위치 9개, 500m 이내 대기 배출업소 1곳, 500m 이내 지정폐기물 배출사업장 1곳, 최근접 배출원 0m",20.0,True,어린이집 정원(인가 기준). 실제 재원 인원·실제 노출 인원이 아님,산업·배출시설 공간 노출도,v4 (배출원: 전국 등록공장현황 2024-12-31 반영 5개 구 전역 + 배출업소·폐기물 v2 override 판 / 취약시설: 어린이집·경로당·지역아동센터 + 장애인복지관). geo_level=point 한정
CC0385,삼정어린이집,어린이집,childcare,4812754500,석전동,마산회원구,35.2333697935602,128.575826312387,43.3,43.3,7,11,38,7,11,40,2,9,0,2,1,0,0,1.0,1.0,1.053,3.0,0.25,240.4,70.78,118,336,218,scenario_sensitive,sensitive,"300m 이내 배출원 위치 7개, 500m 이내 배출원 위치 11개, 500m 이내 대기 배출업소 2곳, 500m 이내 지정폐기물 배출사업장 1곳, 최근접 배출원 43m",20.0,True,어린이집 정원(인가 기준). 실제 재원 인원·실제 노출 인원이 아님,산업·배출시설 공간 노출도,v4 (배출원: 전국 등록공장현황 2024-12-31 반영 5개 구 전역 + 배출업소·폐기물 v2 override 판 / 취약시설: 어린이집·경로당·지역아동센터 + 장애인복지관). geo_level=point 한정
CC0386,계명어린이집,어린이집,childcare,4812756000,양덕1동,마산회원구,35.2319639974843,128.585978435552,50.9,50.9,6,10,40,8,12,43,0,7,0,1,1,0,5,1.333,1.2,1.075,0.0,0.25,278.6,86.82,119,383,264,scenario_sensitive,sensitive,"300m 이내 배출원 위치 6개, 500m 이내 배출원 위치 10개, 500m 이내 지정폐기물 배출사업장 1곳, 최근접 배출원 51m",39.0,True,어린이집 정원(인가 기준). 실제 재원 인원·실제 노출 인원이 아님,산업·배출시설 공간 노출도,v4 (배출원: 전국 등록공장현황 2024-12-31 반영 5개 구 전역 + 배출업소·폐기물 v2 override 판 / 취약시설: 어린이집·경로당·지역아동센터 + 장애인복지관). geo_level=point 한정
CC0388,조이어린이집,어린이집,childcare,4812756000,양덕1동,마산회원구,35.2307510045194,128.586062793838,83.2,83.2,7,10,41,9,12,45,1,6,0,1,1,0,5,1.286,1.2,1.098,0.0,0.25,230.8,70.72,91,317,226,scenario_sensitive,sensitive,"300m 이내 배출원 위치 7개, 500m 이내 배출원 위치 10개, 500m 이내 대기 배출업소 1곳, 500m 이내 지정폐기물 배출사업장 1곳, 최근접 배출원 83m",120.0,True,어린이집 정원(인가 기준). 실제 재원 인원·실제 노출 인원이 아님,산업·배출시설 공간 노출도,v4 (배출원: 전국 등록공장현황 2024-12-31 반영 5개 구 전역 + 배출업소·폐기물 v2 override 판 / 취약시설: 어린이집·경로당·지역아동센터 + 장애인복지관). geo_level=point 한정
CC0513,창원시립 보배하나어린이집,어린이집,childcare,4812962000,풍호동,진해구,35.131470934474,128.710235537961,0.0,0.0,4,5,16,6,7,19,4,2,0,1,1,1,0,1.5,1.4,1.188,3.0,0.25,307.7,179.21,32,545,513,scenario_sensitive,sensitive,"300m 이내 배출원 위치 4개, 500m 이내 배출원 위치 5개, 500m 이내 대기 배출업소 4곳, 500m 이내 지정폐기물 배출사업장 1곳, 500m 이내 소각 처리 사업장 1곳, 최근접 배출원 0m",49.0,True,어린이집 정원(인가 기준). 실제 재원 인원·실제 노출 인원이 아님,산업·배출시설 공간 노출도,v4 (배출원: 전국 등록공장현황 2024-12-31 반영 5개 구 전역 + 배출업소·폐기물 v2 override 판 / 취약시설: 어린이집·경로당·지역아동센터 + 장애인복지관). geo_level=point 한정
CH0056,석전지역아동센터,지역아동센터,community_child_center,4812754500,석전동,마산회원구,35.2334927979741,128.576311777637,29.9,29.9,9,12,35,9,12,37,2,9,0,2,1,0,1,1.0,1.0,1.057,3.0,0.25,221.9,79.46,87,337,250,scenario_sensitive,sensitive,"300m 이내 배출원 위치 9개, 500m 이내 배출원 위치 12개, 500m 이내 대기 배출업소 2곳, 500m 이내 지정폐기물 배출사업장 1곳, 최근접 배출원 30m",,False,해당 시설 유형에 인원 자료 없음,산업·배출시설 공간 노출도,v4 (배출원: 전국 등록공장현황 2024-12-31 반영 5개 구 전역 + 배출업소·폐기물 v2 override 판 / 취약시설: 어린이집·경로당·지역아동센터 + 장애인복지관). geo_level=point 한정
CH0083,해담지역아동센터,지역아동센터,community_child_center,4812962000,풍호동,진해구,35.131470934474,128.710235537961,0.0,0.0,4,5,16,6,7,19,4,2,0,1,1,1,0,1.5,1.4,1.188,3.0,0.25,307.7,179.21,32,545,513,scenario_sensitive,sensitive,"300m 이내 배출원 위치 4개, 500m 이내 배출원 위치 5개, 500m 이내 대기 배출업소 4곳, 500m 이내 지정폐기물 배출사업장 1곳, 500m 이내 소각 처리 사업장 1곳, 최근접 배출원 0m",,False,해당 시설 유형에 인원 자료 없음,산업·배출시설 공간 노출도,v4 (배출원: 전국 등록공장현황 2024-12-31 반영 5개 구 전역 + 배출업소·폐기물 v2 override 판 / 취약시설: 어린이집·경로당·지역아동센터 + 장애인복지관). geo_level=point 한정
DW0004,진해장애인복지관,장애인복지관,disability_welfare_center,4812962000,풍호동,진해구,35.131470934474,128.710235537961,0.0,0.0,4,5,16,6,7,19,4,2,0,1,1,1,0,1.5,1.4,1.188,3.0,0.25,307.7,179.21,32,545,513,scenario_sensitive,sensitive,"300m 이내 배출원 위치 4개, 500m 이내 배출원 위치 5개, 500m 이내 대기 배출업소 4곳, 500m 이내 지정폐기물 배출사업장 1곳, 500m 이내 소각 처리 사업장 1곳, 최근접 배출원 0m",,False,해당 시설 유형에 인원 자료 없음,산업·배출시설 공간 노출도,v4 (배출원: 전국 등록공장현황 2024-12-31 반영 5개 구 전역 + 배출업소·폐기물 v2 override 판 / 취약시설: 어린이집·경로당·지역아동센터 + 장애인복지관). geo_level=point 한정
SC0164,신동경로당,경로당,senior_center,4812132000,대산면,의창구,35.3226000282094,128.695049999266,44.9,44.9,9,20,49,12,25,59,1,2,3,2,0,1,23,1.333,1.25,1.204,2.0,0.25,191.9,55.33,102,287,185,scenario_sensitive,sensitive,"300m 이내 배출원 위치 9개, 500m 이내 배출원 위치 20개, 500m 이내 대기 배출업소 1곳, 500m 이내 소각 처리 사업장 1곳, 최근접 배출원 45m",,False,해당 시설 유형에 인원 자료 없음,산업·배출시설 공간 노출도,v4 (배출원: 전국 등록공장현황 2024-12-31 반영 5개 구 전역 + 배출업소·폐기물 v2 override 판 / 취약시설: 어린이집·경로당·지역아동센터 + 장애인복지관). geo_level=point 한정
SC0215,구슬비경로당,경로당,senior_center,4812152000,팔룡동,의창구,35.2599355313248,128.614224541336,55.7,55.7,13,20,39,15,22,43,0,15,0,0,0,0,7,1.154,1.1,1.103,1.0,0.25,238.0,81.53,108,370,262,scenario_sensitive,sensitive,"300m 이내 배출원 위치 13개, 500m 이내 배출원 위치 20개, 최근접 배출원 56m",,False,해당 시설 유형에 인원 자료 없음,산업·배출시설 공간 노출도,v4 (배출원: 전국 등록공장현황 2024-12-31 반영 5개 구 전역 + 배출업소·폐기물 v2 override 판 / 취약시설: 어린이집·경로당·지역아동센터 + 장애인복지관). geo_level=point 한정
SC0231,명서1경로당,경로당,senior_center,4812153000,명곡동,의창구,35.2415949855779,128.64832845978,57.9,57.9,11,13,25,11,13,80,0,12,0,1,0,0,0,1.0,1.0,3.2,1.0,0.25,218.5,86.95,77,327,250,scenario_sensitive,sensitive,"300m 이내 배출원 위치 11개, 500m 이내 배출원 위치 13개, 최근접 배출원 58m",,False,해당 시설 유형에 인원 자료 없음,산업·배출시설 공간 노출도,v4 (배출원: 전국 등록공장현황 2024-12-31 반영 5개 구 전역 + 배출업소·폐기물 v2 override 판 / 취약시설: 어린이집·경로당·지역아동센터 + 장애인복지관). geo_level=point 한정
SC0279,The City7 자이 경로당,경로당,senior_center,4812352000,중앙동,성산구,35.2398046336503,128.653017833382,127.6,127.6,2,13,26,3,14,61,4,10,0,2,0,2,0,1.5,1.077,2.346,19.0,0.25,191.3,66.88,84,296,212,scenario_sensitive,sensitive,"300m 이내 배출원 위치 2개, 500m 이내 배출원 위치 13개, 500m 이내 대기 배출업소 4곳, 500m 이내 소각 처리 사업장 2곳, 최근접 배출원 128m",,False,해당 시설 유형에 인원 자료 없음,산업·배출시설 공간 노출도,v4 (배출원: 전국 등록공장현황 2024-12-31 반영 5개 구 전역 + 배출업소·폐기물 v2 override 판 / 취약시설: 어린이집·경로당·지역아동센터 + 장애인복지관). geo_level=point 한정
SC0342,대우(아)경로당,경로당,senior_center,4812356000,성주동,성산구,35.20411532897,128.693232236543,38.9,38.9,5,7,38,5,7,71,2,2,0,3,0,3,3,1.0,1.0,1.868,6.0,0.25,172.9,28.23,110,216,106,scenario_sensitive,sensitive,"300m 이내 배출원 위치 5개, 500m 이내 배출원 위치 7개, 500m 이내 대기 배출업소 2곳, 500m 이내 소각 처리 사업장 3곳, 최근접 배출원 39m",,False,해당 시설 유형에 인원 자료 없음,산업·배출시설 공간 노출도,v4 (배출원: 전국 등록공장현황 2024-12-31 반영 5개 구 전역 + 배출업소·폐기물 v2 override 판 / 취약시설: 어린이집·경로당·지역아동센터 + 장애인복지관). geo_level=point 한정
SC0347,안민경로당,경로당,senior_center,4812356000,성주동,성산구,35.1874071880286,128.689706521561,136.3,136.3,3,8,56,5,14,116,0,2,0,2,0,1,11,1.667,1.75,2.071,6.0,0.25,205.7,75.9,145,364,219,scenario_sensitive,sensitive,"300m 이내 배출원 위치 3개, 500m 이내 배출원 위치 8개, 500m 이내 소각 처리 사업장 1곳, 최근접 배출원 136m",,False,해당 시설 유형에 인원 자료 없음,산업·배출시설 공간 노출도,v4 (배출원: 전국 등록공장현황 2024-12-31 반영 5개 구 전역 + 배출업소·폐기물 v2 override 판 / 취약시설: 어린이집·경로당·지역아동센터 + 장애인복지관). geo_level=point 한정
SC0411,경민아파트경로당,경로당,senior_center,4812554000,문화동,마산합포구,35.182130588095,128.561382302427,107.3,107.3,8,16,25,9,18,27,4,12,0,2,0,2,2,1.125,1.125,1.08,0.0,0.25,228.3,68.59,111,339,228,scenario_sensitive,sensitive,"300m 이내 배출원 위치 8개, 500m 이내 배출원 위치 16개, 500m 이내 대기 배출업소 4곳, 500m 이내 소각 처리 사업장 2곳, 최근접 배출원 107m",,False,해당 시설 유형에 인원 자료 없음,산업·배출시설 공간 노출도,v4 (배출원: 전국 등록공장현황 2024-12-31 반영 5개 구 전역 + 배출업소·폐기물 v2 override 판 / 취약시설: 어린이집·경로당·지역아동센터 + 장애인복지관). geo_level=point 한정
SC0427,부평경로당,경로당,senior_center,4812533000,진북면,마산합포구,35.1494503901921,128.481414754578,238.2,238.2,1,13,80,3,18,106,0,1,2,0,0,0,16,3.0,1.385,1.325,3.0,0.25,254.8,155.45,144,543,399,scenario_sensitive,sensitive,"300m 이내 배출원 위치 1개, 500m 이내 배출원 위치 13개, 최근접 배출원 238m",,False,해당 시설 유형에 인원 자료 없음,산업·배출시설 공간 노출도,v4 (배출원: 전국 등록공장현황 2024-12-31 반영 5개 구 전역 + 배출업소·폐기물 v2 override 판 / 취약시설: 어린이집·경로당·지역아동센터 + 장애인복지관). geo_level=point 한정
SC0562,대동씨코아경로당,경로당,senior_center,4812553000,월영동,마산합포구,35.17976174484,128.562473548907,0.0,0.0,11,12,22,12,13,24,3,8,0,1,0,1,2,1.091,1.083,1.091,1.0,0.25,253.1,111.68,76,419,343,scenario_sensitive,sensitive,"300m 이내 배출원 위치 11개, 500m 이내 배출원 위치 12개, 500m 이내 대기 배출업소 3곳, 500m 이내 소각 처리 사업장 1곳, 최근접 배출원 0m",,False,해당 시설 유형에 인원 자료 없음,산업·배출시설 공간 노출도,v4 (배출원: 전국 등록공장현황 2024-12-31 반영 5개 구 전역 + 배출업소·폐기물 v2 override 판 / 취약시설: 어린이집·경로당·지역아동센터 + 장애인복지관). geo_level=point 한정
SC0570,해운31통해운한백경로당,경로당,senior_center,4812553000,월영동,마산합포구,35.1815383776615,128.562828751502,74.1,74.1,11,13,25,12,14,27,3,9,0,1,0,1,2,1.091,1.077,1.08,1.0,0.25,221.5,83.41,89,340,251,scenario_sensitive,sensitive,"300m 이내 배출원 위치 11개, 500m 이내 배출원 위치 13개, 500m 이내 대기 배출업소 3곳, 500m 이내 소각 처리 사업장 1곳, 최근접 배출원 74m",,False,해당 시설 유형에 인원 자료 없음,산업·배출시설 공간 노출도,v4 (배출원: 전국 등록공장현황 2024-12-31 반영 5개 구 전역 + 배출업소·폐기물 v2 override 판 / 취약시설: 어린이집·경로당·지역아동센터 + 장애인복지관). geo_level=point 한정
SC0727,한일유엔아이아파트경로당,경로당,senior_center,4812725000,내서읍,마산회원구,35.2320237233054,128.506087825764,72.8,72.8,8,21,43,10,25,66,3,2,0,2,1,1,21,1.25,1.19,1.535,1.0,0.25,188.4,35.64,121,257,136,scenario_sensitive,sensitive,"300m 이내 배출원 위치 8개, 500m 이내 배출원 위치 21개, 500m 이내 대기 배출업소 3곳, 500m 이내 지정폐기물 배출사업장 1곳, 500m 이내 소각 처리 사업장 1곳, 최근접 배출원 73m",,False,해당 시설 유형에 인원 자료 없음,산업·배출시설 공간 노출도,v4 (배출원: 전국 등록공장현황 2024-12-31 반영 5개 구 전역 + 배출업소·폐기물 v2 override 판 / 취약시설: 어린이집·경로당·지역아동센터 + 장애인복지관). geo_level=point 한정
SC0770,메트로시티석전경로당,경로당,senior_center,4812754500,석전동,마산회원구,35.2298010847479,128.570731134756,0.0,0.0,2,9,31,2,9,31,1,5,0,1,1,0,2,1.0,1.0,1.0,3.0,0.25,319.5,133.18,92,494,402,scenario_sensitive,sensitive,"300m 이내 배출원 위치 2개, 500m 이내 배출원 위치 9개, 500m 이내 대기 배출업소 1곳, 500m 이내 지정폐기물 배출사업장 1곳, 최근접 배출원 0m",,False,해당 시설 유형에 인원 자료 없음,산업·배출시설 공간 노출도,v4 (배출원: 전국 등록공장현황 2024-12-31 반영 5개 구 전역 + 배출업소·폐기물 v2 override 판 / 취약시설: 어린이집·경로당·지역아동센터 + 장애인복지관). geo_level=point 한정
SC0973,벽산e-솔렌스힐아파트경로당,경로당,senior_center,4812962000,풍호동,진해구,35.1302563639384,128.709781206229,84.8,84.8,4,4,22,6,6,28,4,1,0,1,1,1,0,1.5,1.5,1.273,3.0,0.222,303.5,116.44,90,471,381,scenario_sensitive,sensitive,"300m 이내 배출원 위치 4개, 500m 이내 배출원 위치 4개, 500m 이내 대기 배출업소 4곳, 500m 이내 지정폐기물 배출사업장 1곳, 500m 이내 소각 처리 사업장 1곳, 최근접 배출원 85m",,False,해당 시설 유형에 인원 자료 없음,산업·배출시설 공간 노출도,v4 (배출원: 전국 등록공장현황 2024-12-31 반영 5개 구 전역 + 배출업소·폐기물 v2 override 판 / 취약시설: 어린이집·경로당·지역아동센터 + 장애인복지관). geo_level=point 한정
CC0097,큰한샘어린이집,어린이집,childcare,4812152000,팔룡동,의창구,35.2596119370374,128.613181435673,47.1,47.1,11,18,41,13,20,68,0,14,0,0,0,0,6,1.182,1.111,1.659,1.0,0.194,243.3,65.58,115,346,231,scenario_sensitive,sensitive,"300m 이내 배출원 위치 11개, 500m 이내 배출원 위치 18개, 최근접 배출원 47m",79.0,True,어린이집 정원(인가 기준). 실제 재원 인원·실제 노출 인원이 아님,산업·배출시설 공간 노출도,v4 (배출원: 전국 등록공장현황 2024-12-31 반영 5개 구 전역 + 배출업소·폐기물 v2 override 판 / 취약시설: 어린이집·경로당·지역아동센터 + 장애인복지관). geo_level=point 한정
CC0098,한샘어린이집,어린이집,childcare,4812152000,팔룡동,의창구,35.2586122243799,128.6123014055,119.8,119.8,8,17,67,8,19,123,0,13,0,0,0,0,6,1.0,1.118,1.836,1.0,0.194,194.0,34.04,153,267,114,scenario_sensitive,sensitive,"300m 이내 배출원 위치 8개, 500m 이내 배출원 위치 17개, 최근접 배출원 120m",57.0,True,어린이집 정원(인가 기준). 실제 재원 인원·실제 노출 인원이 아님,산업·배출시설 공간 노출도,v4 (배출원: 전국 등록공장현황 2024-12-31 반영 5개 구 전역 + 배출업소·폐기물 v2 override 판 / 취약시설: 어린이집·경로당·지역아동센터 + 장애인복지관). geo_level=point 한정
CC0390,세화어린이집,어린이집,childcare,4812756000,양덕1동,마산회원구,35.2317128992208,128.58673583422,19.4,19.4,6,9,39,8,11,42,0,6,0,1,1,0,5,1.333,1.222,1.077,0.0,0.194,301.4,91.89,132,407,275,scenario_sensitive,sensitive,"300m 이내 배출원 위치 6개, 500m 이내 배출원 위치 9개, 500m 이내 지정폐기물 배출사업장 1곳, 최근접 배출원 19m",20.0,True,어린이집 정원(인가 기준). 실제 재원 인원·실제 노출 인원이 아님,산업·배출시설 공간 노출도,v4 (배출원: 전국 등록공장현황 2024-12-31 반영 5개 구 전역 + 배출업소·폐기물 v2 override 판 / 취약시설: 어린이집·경로당·지역아동센터 + 장애인복지관). geo_level=point 한정
SC0221,원풍벽산C단지경로당,경로당,senior_center,4812152000,팔룡동,의창구,35.2586122243799,128.6123014055,119.8,119.8,8,17,67,8,19,123,0,13,0,0,0,0,6,1.0,1.118,1.836,1.0,0.194,194.0,34.04,153,267,114,scenario_sensitive,sensitive,"300m 이내 배출원 위치 8개, 500m 이내 배출원 위치 17개, 최근접 배출원 120m",,False,해당 시설 유형에 인원 자료 없음,산업·배출시설 공간 노출도,v4 (배출원: 전국 등록공장현황 2024-12-31 반영 5개 구 전역 + 배출업소·폐기물 v2 override 판 / 취약시설: 어린이집·경로당·지역아동센터 + 장애인복지관). geo_level=point 한정
CC0395,메트로사과나무어린이집,어린이집,childcare,4812757000,양덕2동,마산회원구,35.2283724648636,128.582628079245,0.0,0.0,1,6,47,1,6,52,1,4,0,1,1,0,1,1.0,1.0,1.106,3.0,0.167,234.9,83.79,126,386,260,scenario_sensitive,sensitive,"300m 이내 배출원 위치 1개, 500m 이내 배출원 위치 6개, 500m 이내 대기 배출업소 1곳, 500m 이내 지정폐기물 배출사업장 1곳, 최근접 배출원 0m",44.0,True,어린이집 정원(인가 기준). 실제 재원 인원·실제 노출 인원이 아님,산업·배출시설 공간 노출도,v4 (배출원: 전국 등록공장현황 2024-12-31 반영 5개 구 전역 + 배출업소·폐기물 v2 override 판 / 취약시설: 어린이집·경로당·지역아동센터 + 장애인복지관). geo_level=point 한정
CC0509,홍익어린이집,어린이집,childcare,4812953000,충무동,진해구,35.1512772030137,128.657262211544,20.2,20.2,6,10,19,6,10,19,1,2,0,2,2,1,5,1.0,1.0,1.0,3.0,0.167,420.7,183.53,83,661,578,scenario_sensitive,sensitive,"300m 이내 배출원 위치 6개, 500m 이내 배출원 위치 10개, 500m 이내 대기 배출업소 1곳, 500m 이내 지정폐기물 배출사업장 2곳, 500m 이내 소각 처리 사업장 1곳, 최근접 배출원 20m",113.0,True,어린이집 정원(인가 기준). 실제 재원 인원·실제 노출 인원이 아님,산업·배출시설 공간 노출도,v4 (배출원: 전국 등록공장현황 2024-12-31 반영 5개 구 전역 + 배출업소·폐기물 v2 override 판 / 취약시설: 어린이집·경로당·지역아동센터 + 장애인복지관). geo_level=point 한정
CC0515,늘푸른어린이집,어린이집,childcare,4812962000,풍호동,진해구,35.1344357190043,128.704574607152,111.6,111.6,4,8,28,4,9,35,1,5,0,1,1,1,4,1.0,1.125,1.25,3.0,0.167,250.0,74.84,121,386,265,scenario_sensitive,sensitive,"300m 이내 배출원 위치 4개, 500m 이내 배출원 위치 8개, 500m 이내 대기 배출업소 1곳, 500m 이내 지정폐기물 배출사업장 1곳, 500m 이내 소각 처리 사업장 1곳, 최근접 배출원 112m",130.0,True,어린이집 정원(인가 기준). 실제 재원 인원·실제 노출 인원이 아님,산업·배출시설 공간 노출도,v4 (배출원: 전국 등록공장현황 2024-12-31 반영 5개 구 전역 + 배출업소·폐기물 v2 override 판 / 취약시설: 어린이집·경로당·지역아동센터 + 장애인복지관). geo_level=point 한정
SC0197,서상경로당,경로당,senior_center,4812151000,의창동,의창구,35.2625220145064,128.619513087757,62.3,62.3,8,18,42,9,21,45,0,12,0,1,0,0,8,1.125,1.167,1.071,4.0,0.167,267.2,75.85,130,372,242,scenario_sensitive,sensitive,"300m 이내 배출원 위치 8개, 500m 이내 배출원 위치 18개, 최근접 배출원 62m",,False,해당 시설 유형에 인원 자료 없음,산업·배출시설 공간 노출도,v4 (배출원: 전국 등록공장현황 2024-12-31 반영 5개 구 전역 + 배출업소·폐기물 v2 override 판 / 취약시설: 어린이집·경로당·지역아동센터 + 장애인복지관). geo_level=point 한정
SC0694,상곡1주공아파트경로당,경로당,senior_center,4812725000,내서읍,마산회원구,35.2436619529233,128.500659780037,56.6,56.6,1,1,74,1,1,99,1,0,0,0,0,0,0,1.0,1.0,1.338,1.0,0.167,252.0,104.66,143,498,355,scenario_sensitive,sensitive,"300m 이내 배출원 위치 1개, 500m 이내 배출원 위치 1개, 500m 이내 대기 배출업소 1곳, 최근접 배출원 57m",,False,해당 시설 유형에 인원 자료 없음,산업·배출시설 공간 노출도,v4 (배출원: 전국 등록공장현황 2024-12-31 반영 5개 구 전역 + 배출업소·폐기물 v2 override 판 / 취약시설: 어린이집·경로당·지역아동센터 + 장애인복지관). geo_level=point 한정
SC0729,현대성우아파트경로당,경로당,senior_center,4812725000,내서읍,마산회원구,35.2552971299956,128.519063574251,169.7,169.7,4,21,51,6,25,59,5,3,0,2,1,0,17,1.5,1.19,1.157,1.0,0.167,189.0,37.58,150,261,111,scenario_sensitive,sensitive,"300m 이내 배출원 위치 4개, 500m 이내 배출원 위치 21개, 500m 이내 대기 배출업소 5곳, 500m 이내 지정폐기물 배출사업장 1곳, 최근접 배출원 170m",,False,해당 시설 유형에 인원 자료 없음,산업·배출시설 공간 노출도,v4 (배출원: 전국 등록공장현황 2024-12-31 반영 5개 구 전역 + 배출업소·폐기물 v2 override 판 / 취약시설: 어린이집·경로당·지역아동센터 + 장애인복지관). geo_level=point 한정
SC0804,메트로시티 남성노인회,경로당,senior_center,4812757000,양덕2동,마산회원구,35.2283724648636,128.582628079245,0.0,0.0,1,6,47,1,6,52,1,4,0,1,1,0,1,1.0,1.0,1.106,3.0,0.167,234.9,83.79,126,386,260,scenario_sensitive,sensitive,"300m 이내 배출원 위치 1개, 500m 이내 배출원 위치 6개, 500m 이내 대기 배출업소 1곳, 500m 이내 지정폐기물 배출사업장 1곳, 최근접 배출원 0m",,False,해당 시설 유형에 인원 자료 없음,산업·배출시설 공간 노출도,v4 (배출원: 전국 등록공장현황 2024-12-31 반영 5개 구 전역 + 배출업소·폐기물 v2 override 판 / 취약시설: 어린이집·경로당·지역아동센터 + 장애인복지관). geo_level=point 한정
SC0805,메트로시티 여성노인회,경로당,senior_center,4812757000,양덕2동,마산회원구,35.2283724648636,128.582628079245,0.0,0.0,1,6,47,1,6,52,1,4,0,1,1,0,1,1.0,1.0,1.106,3.0,0.167,234.9,83.79,126,386,260,scenario_sensitive,sensitive,"300m 이내 배출원 위치 1개, 500m 이내 배출원 위치 6개, 500m 이내 대기 배출업소 1곳, 500m 이내 지정폐기물 배출사업장 1곳, 최근접 배출원 0m",,False,해당 시설 유형에 인원 자료 없음,산업·배출시설 공간 노출도,v4 (배출원: 전국 등록공장현황 2024-12-31 반영 5개 구 전역 + 배출업소·폐기물 v2 override 판 / 취약시설: 어린이집·경로당·지역아동센터 + 장애인복지관). geo_level=point 한정
SC0974,창원마린푸르지오1단지경로당,경로당,senior_center,4812962000,풍호동,진해구,35.1344357190043,128.704574607152,111.6,111.6,4,8,28,4,9,35,1,5,0,1,1,1,4,1.0,1.125,1.25,3.0,0.167,250.0,74.84,121,386,265,scenario_sensitive,sensitive,"300m 이내 배출원 위치 4개, 500m 이내 배출원 위치 8개, 500m 이내 대기 배출업소 1곳, 500m 이내 지정폐기물 배출사업장 1곳, 500m 이내 소각 처리 사업장 1곳, 최근접 배출원 112m",,False,해당 시설 유형에 인원 자료 없음,산업·배출시설 공간 노출도,v4 (배출원: 전국 등록공장현황 2024-12-31 반영 5개 구 전역 + 배출업소·폐기물 v2 override 판 / 취약시설: 어린이집·경로당·지역아동센터 + 장애인복지관). geo_level=point 한정
CC0411,샘보아이어린이집,어린이집,childcare,4812759000,합성2동,마산회원구,35.241713048412,128.588412455679,228.2,228.2,6,13,17,6,13,17,2,6,0,2,2,1,4,1.0,1.0,1.0,0.0,0.139,298.1,107.62,126,500,374,scenario_sensitive,sensitive,"300m 이내 배출원 위치 6개, 500m 이내 배출원 위치 13개, 500m 이내 대기 배출업소 2곳, 500m 이내 지정폐기물 배출사업장 2곳, 500m 이내 소각 처리 사업장 1곳, 최근접 배출원 228m",20.0,True,어린이집 정원(인가 기준). 실제 재원 인원·실제 노출 인원이 아님,산업·배출시설 공간 노출도,v4 (배출원: 전국 등록공장현황 2024-12-31 반영 5개 구 전역 + 배출업소·폐기물 v2 override 판 / 취약시설: 어린이집·경로당·지역아동센터 + 장애인복지관). geo_level=point 한정
CC0524,바다마을해군어린이집,어린이집,childcare,4812962000,풍호동,진해구,35.1336067217052,128.704469121525,101.2,101.2,2,9,26,2,10,33,2,5,0,1,1,1,4,1.0,1.111,1.269,3.0,0.139,250.6,83.44,116,410,294,scenario_sensitive,sensitive,"300m 이내 배출원 위치 2개, 500m 이내 배출원 위치 9개, 500m 이내 대기 배출업소 2곳, 500m 이내 지정폐기물 배출사업장 1곳, 500m 이내 소각 처리 사업장 1곳, 최근접 배출원 101m",82.0,True,어린이집 정원(인가 기준). 실제 재원 인원·실제 노출 인원이 아님,산업·배출시설 공간 노출도,v4 (배출원: 전국 등록공장현황 2024-12-31 반영 5개 구 전역 + 배출업소·폐기물 v2 override 판 / 취약시설: 어린이집·경로당·지역아동센터 + 장애인복지관). geo_level=point 한정
SC0374,국제비치경로당,경로당,senior_center,4812564000,합포동,마산합포구,35.2095892863615,128.584674400013,99.8,99.8,3,8,68,3,9,85,0,5,0,2,0,2,3,1.0,1.125,1.25,1.0,0.139,243.5,107.57,152,449,297,scenario_sensitive,sensitive,"300m 이내 배출원 위치 3개, 500m 이내 배출원 위치 8개, 500m 이내 소각 처리 사업장 2곳, 최근접 배출원 100m",,False,해당 시설 유형에 인원 자료 없음,산업·배출시설 공간 노출도,v4 (배출원: 전국 등록공장현황 2024-12-31 반영 5개 구 전역 + 배출업소·폐기물 v2 override 판 / 취약시설: 어린이집·경로당·지역아동센터 + 장애인복지관). geo_level=point 한정
CC0002,한뫼누리어린이집,어린이집,childcare,4812132000,대산면,의창구,35.3389235101653,128.710120984705,159.0,159.0,3,4,89,3,4,119,0,1,0,0,0,0,3,1.0,1.0,1.337,2.0,0.111,306.6,189.58,157,644,487,scenario_sensitive,sensitive,"300m 이내 배출원 위치 3개, 500m 이내 배출원 위치 4개, 최근접 배출원 159m",39.0,True,어린이집 정원(인가 기준). 실제 재원 인원·실제 노출 인원이 아님,산업·배출시설 공간 노출도,v4 (배출원: 전국 등록공장현황 2024-12-31 반영 5개 구 전역 + 배출업소·폐기물 v2 override 판 / 취약시설: 어린이집·경로당·지역아동센터 + 장애인복지관). geo_level=point 한정
CC0227,창원시립 내동어린이집,어린이집,childcare,4812352000,중앙동,성산구,35.2175780189302,128.669520075237,67.1,67.1,5,12,36,5,17,50,5,6,0,4,0,1,14,1.0,1.417,1.389,19.0,0.111,190.9,25.29,146,245,99,scenario_sensitive,sensitive,"300m 이내 배출원 위치 5개, 500m 이내 배출원 위치 12개, 500m 이내 대기 배출업소 5곳, 500m 이내 소각 처리 사업장 1곳, 최근접 배출원 67m",75.0,True,어린이집 정원(인가 기준). 실제 재원 인원·실제 노출 인원이 아님,산업·배출시설 공간 노출도,v4 (배출원: 전국 등록공장현황 2024-12-31 반영 5개 구 전역 + 배출업소·폐기물 v2 override 판 / 취약시설: 어린이집·경로당·지역아동센터 + 장애인복지관). geo_level=point 한정
CC0448,사랑숲어린이집,어린이집,childcare,4812964000,웅동1동,진해구,35.1256753000559,128.785311876327,174.8,174.8,3,22,83,5,29,101,1,3,1,0,0,0,25,1.667,1.318,1.217,3.0,0.111,213.6,69.87,152,368,216,scenario_sensitive,sensitive,"300m 이내 배출원 위치 3개, 500m 이내 배출원 위치 22개, 500m 이내 대기 배출업소 1곳, 최근접 배출원 175m",83.0,True,어린이집 정원(인가 기준). 실제 재원 인원·실제 노출 인원이 아님,산업·배출시설 공간 노출도,v4 (배출원: 전국 등록공장현황 2024-12-31 반영 5개 구 전역 + 배출업소·폐기물 v2 override 판 / 취약시설: 어린이집·경로당·지역아동센터 + 장애인복지관). geo_level=point 한정
CH0072,다문화지역아동센터,지역아동센터,community_child_center,4812953000,충무동,진해구,35.1499665011553,128.661317956301,42.3,42.3,5,9,21,5,9,21,1,4,0,2,2,1,2,1.0,1.0,1.0,3.0,0.111,391.7,151.09,126,575,449,scenario_sensitive,sensitive,"300m 이내 배출원 위치 5개, 500m 이내 배출원 위치 9개, 500m 이내 대기 배출업소 1곳, 500m 이내 지정폐기물 배출사업장 2곳, 500m 이내 소각 처리 사업장 1곳, 최근접 배출원 42m",,False,해당 시설 유형에 인원 자료 없음,산업·배출시설 공간 노출도,v4 (배출원: 전국 등록공장현황 2024-12-31 반영 5개 구 전역 + 배출업소·폐기물 v2 override 판 / 취약시설: 어린이집·경로당·지역아동센터 + 장애인복지관). geo_level=point 한정
SC0857,그린비치경로당,경로당,senior_center,4812953000,충무동,진해구,35.1441975854456,128.671318984787,51.1,51.1,3,7,23,3,8,24,0,4,4,2,2,1,3,1.0,1.143,1.043,3.0,0.111,435.3,172.21,110,667,557,scenario_sensitive,sensitive,"300m 이내 배출원 위치 3개, 500m 이내 배출원 위치 7개, 500m 이내 지정폐기물 배출사업장 2곳, 500m 이내 소각 처리 사업장 1곳, 최근접 배출원 51m",,False,해당 시설 유형에 인원 자료 없음,산업·배출시설 공간 노출도,v4 (배출원: 전국 등록공장현황 2024-12-31 반영 5개 구 전역 + 배출업소·폐기물 v2 override 판 / 취약시설: 어린이집·경로당·지역아동센터 + 장애인복지관). geo_level=point 한정
CC0146,작은별어린이집,어린이집,childcare,4812351000,반송동,성산구,35.2402236416446,128.664461258179,14.6,14.6,5,5,15,5,5,53,0,3,0,2,0,1,0,1.0,1.0,3.533,0.0,0.083,406.4,145.98,136,563,427,scenario_sensitive,sensitive,"300m 이내 배출원 위치 5개, 500m 이내 배출원 위치 5개, 500m 이내 소각 처리 사업장 1곳, 최근접 배출원 15m",20.0,True,어린이집 정원(인가 기준). 실제 재원 인원·실제 노출 인원이 아님,산업·배출시설 공간 노출도,v4 (배출원: 전국 등록공장현황 2024-12-31 반영 5개 구 전역 + 배출업소·폐기물 v2 override 판 / 취약시설: 어린이집·경로당·지역아동센터 + 장애인복지관). geo_level=point 한정
CC0236,메르디앙어린이집,어린이집,childcare,4812352000,중앙동,성산구,35.2244231706524,128.656645093481,67.0,67.0,5,6,26,23,26,153,1,12,0,2,0,2,20,4.6,4.333,5.885,19.0,0.083,285.9,74.69,142,379,237,scenario_sensitive,sensitive,"300m 이내 배출원 위치 5개, 500m 이내 배출원 위치 6개, 500m 이내 대기 배출업소 1곳, 500m 이내 소각 처리 사업장 2곳, 최근접 배출원 67m",20.0,True,어린이집 정원(인가 기준). 실제 재원 인원·실제 노출 인원이 아님,산업·배출시설 공간 노출도,v4 (배출원: 전국 등록공장현황 2024-12-31 반영 5개 구 전역 + 배출업소·폐기물 v2 override 판 / 취약시설: 어린이집·경로당·지역아동센터 + 장애인복지관). geo_level=point 한정
CC0239,예슬어린이집,어린이집,childcare,4812352000,중앙동,성산구,35.2244231706524,128.656645093481,67.0,67.0,5,6,26,23,26,153,1,12,0,2,0,2,20,4.6,4.333,5.885,19.0,0.083,285.9,74.69,142,379,237,scenario_sensitive,sensitive,"300m 이내 배출원 위치 5개, 500m 이내 배출원 위치 6개, 500m 이내 대기 배출업소 1곳, 500m 이내 소각 처리 사업장 2곳, 최근접 배출원 67m",16.0,True,어린이집 정원(인가 기준). 실제 재원 인원·실제 노출 인원이 아님,산업·배출시설 공간 노출도,v4 (배출원: 전국 등록공장현황 2024-12-31 반영 5개 구 전역 + 배출업소·폐기물 v2 override 판 / 취약시설: 어린이집·경로당·지역아동센터 + 장애인복지관). geo_level=point 한정
CC0245,효성어린이집,어린이집,childcare,4812352000,중앙동,성산구,35.2176257565172,128.662339320919,0.0,0.0,1,4,41,2,5,93,1,0,0,4,0,0,4,2.0,1.25,2.268,19.0,0.083,216.2,36.24,141,280,139,scenario_sensitive,sensitive,"300m 이내 배출원 위치 1개, 500m 이내 배출원 위치 4개, 500m 이내 대기 배출업소 1곳, 최근접 배출원 0m",48.0,True,어린이집 정원(인가 기준). 실제 재원 인원·실제 노출 인원이 아님,산업·배출시설 공간 노출도,v4 (배출원: 전국 등록공장현황 2024-12-31 반영 5개 구 전역 + 배출업소·폐기물 v2 override 판 / 취약시설: 어린이집·경로당·지역아동센터 + 장애인복지관). geo_level=point 한정
CH0048,푸른물결행복한홈스쿨 지역아동센터,지역아동센터,community_child_center,4812564000,합포동,마산합포구,35.2083583728289,128.582939008205,99.6,99.6,7,14,55,8,16,66,0,6,2,3,0,2,8,1.143,1.143,1.2,1.0,0.083,193.8,23.27,154,235,81,scenario_sensitive,sensitive,"300m 이내 배출원 위치 7개, 500m 이내 배출원 위치 14개, 500m 이내 소각 처리 사업장 2곳, 최근접 배출원 100m",,False,해당 시설 유형에 인원 자료 없음,산업·배출시설 공간 노출도,v4 (배출원: 전국 등록공장현황 2024-12-31 반영 5개 구 전역 + 배출업소·폐기물 v2 override 판 / 취약시설: 어린이집·경로당·지역아동센터 + 장애인복지관). geo_level=point 한정
SC0177,남포경로당,경로당,senior_center,4812132000,대산면,의창구,35.3094247002328,128.709456753793,31.7,31.7,5,9,17,7,13,21,2,0,2,1,0,0,13,1.4,1.444,1.235,2.0,0.083,473.5,196.03,147,685,538,scenario_sensitive,sensitive,"300m 이내 배출원 위치 5개, 500m 이내 배출원 위치 9개, 500m 이내 대기 배출업소 2곳, 최근접 배출원 32m",,False,해당 시설 유형에 인원 자료 없음,산업·배출시설 공간 노출도,v4 (배출원: 전국 등록공장현황 2024-12-31 반영 5개 구 전역 + 배출업소·폐기물 v2 override 판 / 취약시설: 어린이집·경로당·지역아동센터 + 장애인복지관). geo_level=point 한정
SC0273,내동월드메르디앙아파트경로당,경로당,senior_center,4812352000,중앙동,성산구,35.2244231706524,128.656645093481,67.0,67.0,5,6,26,23,26,153,1,12,0,2,0,2,20,4.6,4.333,5.885,19.0,0.083,285.9,74.69,142,379,237,scenario_sensitive,sensitive,"300m 이내 배출원 위치 5개, 500m 이내 배출원 위치 6개, 500m 이내 대기 배출업소 1곳, 500m 이내 소각 처리 사업장 2곳, 최근접 배출원 67m",,False,해당 시설 유형에 인원 자료 없음,산업·배출시설 공간 노출도,v4 (배출원: 전국 등록공장현황 2024-12-31 반영 5개 구 전역 + 배출업소·폐기물 v2 override 판 / 취약시설: 어린이집·경로당·지역아동센터 + 장애인복지관). geo_level=point 한정
SC0756,근주경로당,경로당,senior_center,4812754500,석전동,마산회원구,35.2304171194296,128.568984172893,78.9,78.9,5,9,30,5,9,30,1,4,0,1,1,0,3,1.0,1.0,1.0,3.0,0.083,352.8,99.69,153,461,308,scenario_sensitive,sensitive,"300m 이내 배출원 위치 5개, 500m 이내 배출원 위치 9개, 500m 이내 대기 배출업소 1곳, 500m 이내 지정폐기물 배출사업장 1곳, 최근접 배출원 79m",,False,해당 시설 유형에 인원 자료 없음,산업·배출시설 공간 노출도,v4 (배출원: 전국 등록공장현황 2024-12-31 반영 5개 구 전역 + 배출업소·폐기물 v2 override 판 / 취약시설: 어린이집·경로당·지역아동센터 + 장애인복지관). geo_level=point 한정
CC0150,푸른초장 어린이집,어린이집,childcare,4812351000,반송동,성산구,35.2377597370357,128.67526711791,0.0,0.0,2,4,14,2,4,14,2,1,0,0,0,0,1,1.0,1.0,1.0,0.0,0.056,640.1,270.7,153,960,807,scenario_sensitive,sensitive,"300m 이내 배출원 위치 2개, 500m 이내 배출원 위치 4개, 500m 이내 대기 배출업소 2곳, 최근접 배출원 0m",19.0,True,어린이집 정원(인가 기준). 실제 재원 인원·실제 노출 인원이 아님,산업·배출시설 공간 노출도,v4 (배출원: 전국 등록공장현황 2024-12-31 반영 5개 구 전역 + 배출업소·폐기물 v2 override 판 / 취약시설: 어린이집·경로당·지역아동센터 + 장애인복지관). geo_level=point 한정
CC0408,BNK창원어린이집,어린이집,childcare,4812757000,양덕2동,마산회원구,35.2305748676787,128.584008138725,89.9,89.9,8,11,41,8,13,45,1,7,0,1,1,0,5,1.0,1.182,1.098,3.0,0.056,222.6,35.62,155,279,124,scenario_sensitive,sensitive,"300m 이내 배출원 위치 8개, 500m 이내 배출원 위치 11개, 500m 이내 대기 배출업소 1곳, 500m 이내 지정폐기물 배출사업장 1곳, 최근접 배출원 90m",49.0,True,어린이집 정원(인가 기준). 실제 재원 인원·실제 노출 인원이 아님,산업·배출시설 공간 노출도,v4 (배출원: 전국 등록공장현황 2024-12-31 반영 5개 구 전역 + 배출업소·폐기물 v2 override 판 / 취약시설: 어린이집·경로당·지역아동센터 + 장애인복지관). geo_level=point 한정
CC0520,해누리어린이집,어린이집,childcare,4812962000,풍호동,진해구,35.1292307376018,128.704756043594,133.8,133.8,1,10,29,1,10,37,2,3,1,2,2,1,3,1.0,1.0,1.276,3.0,0.056,289.2,98.67,154,482,328,scenario_sensitive,sensitive,"300m 이내 배출원 위치 1개, 500m 이내 배출원 위치 10개, 500m 이내 대기 배출업소 2곳, 500m 이내 지정폐기물 배출사업장 2곳, 500m 이내 소각 처리 사업장 1곳, 최근접 배출원 134m",39.0,True,어린이집 정원(인가 기준). 실제 재원 인원·실제 노출 인원이 아님,산업·배출시설 공간 노출도,v4 (배출원: 전국 등록공장현황 2024-12-31 반영 5개 구 전역 + 배출업소·폐기물 v2 override 판 / 취약시설: 어린이집·경로당·지역아동센터 + 장애인복지관). geo_level=point 한정
CH0018,창원좋은이웃지역아동센터,지역아동센터,community_child_center,4812351000,반송동,성산구,35.2409272994502,128.662915430982,61.5,61.5,5,5,14,5,5,52,0,3,0,2,0,1,0,1.0,1.0,3.714,0.0,0.056,400.9,142.81,139,558,419,scenario_sensitive,sensitive,"300m 이내 배출원 위치 5개, 500m 이내 배출원 위치 5개, 500m 이내 소각 처리 사업장 1곳, 최근접 배출원 62m",,False,해당 시설 유형에 인원 자료 없음,산업·배출시설 공간 노출도,v4 (배출원: 전국 등록공장현황 2024-12-31 반영 5개 구 전역 + 배출업소·폐기물 v2 override 판 / 취약시설: 어린이집·경로당·지역아동센터 + 장애인복지관). geo_level=point 한정
CH0024,샛별지역아동센터,지역아동센터,community_child_center,4812355000,가음정동,성산구,35.2051283581192,128.702628027958,34.7,34.7,3,4,18,3,4,33,2,2,0,1,0,1,0,1.0,1.0,1.833,4.0,0.056,393.3,137.52,151,571,420,scenario_sensitive,sensitive,"300m 이내 배출원 위치 3개, 500m 이내 배출원 위치 4개, 500m 이내 대기 배출업소 2곳, 500m 이내 소각 처리 사업장 1곳, 최근접 배출원 35m",,False,해당 시설 유형에 인원 자료 없음,산업·배출시설 공간 노출도,v4 (배출원: 전국 등록공장현황 2024-12-31 반영 5개 구 전역 + 배출업소·폐기물 v2 override 판 / 취약시설: 어린이집·경로당·지역아동센터 + 장애인복지관). geo_level=point 한정
SC0264,내동그라미아파트경로당,경로당,senior_center,4812352000,중앙동,성산구,35.2179656303927,128.668370077255,48.1,48.1,4,11,34,4,16,48,4,5,0,3,0,1,13,1.0,1.455,1.412,19.0,0.056,218.9,33.79,156,275,119,scenario_sensitive,sensitive,"300m 이내 배출원 위치 4개, 500m 이내 배출원 위치 11개, 500m 이내 대기 배출업소 4곳, 500m 이내 소각 처리 사업장 1곳, 최근접 배출원 48m",,False,해당 시설 유형에 인원 자료 없음,산업·배출시설 공간 노출도,v4 (배출원: 전국 등록공장현황 2024-12-31 반영 5개 구 전역 + 배출업소·폐기물 v2 override 판 / 취약시설: 어린이집·경로당·지역아동센터 + 장애인복지관). geo_level=point 한정
SC0784,남성사랑방쉼터경로당,경로당,senior_center,4812756000,양덕1동,마산회원구,35.230480178726,128.586585732255,115.5,115.5,7,10,40,9,12,44,1,6,0,1,1,0,5,1.286,1.2,1.1,0.0,0.056,270.5,60.97,148,353,205,scenario_sensitive,sensitive,"300m 이내 배출원 위치 7개, 500m 이내 배출원 위치 10개, 500m 이내 대기 배출업소 1곳, 500m 이내 지정폐기물 배출사업장 1곳, 최근접 배출원 116m",,False,해당 시설 유형에 인원 자료 없음,산업·배출시설 공간 노출도,v4 (배출원: 전국 등록공장현황 2024-12-31 반영 5개 구 전역 + 배출업소·폐기물 v2 override 판 / 취약시설: 어린이집·경로당·지역아동센터 + 장애인복지관). geo_level=point 한정
SC0785,여성사랑방쉼터경로당,경로당,senior_center,4812756000,양덕1동,마산회원구,35.230480178726,128.586585732255,115.5,115.5,7,10,40,9,12,44,1,6,0,1,1,0,5,1.286,1.2,1.1,0.0,0.056,270.5,60.97,148,353,205,scenario_sensitive,sensitive,"300m 이내 배출원 위치 7개, 500m 이내 배출원 위치 10개, 500m 이내 대기 배출업소 1곳, 500m 이내 지정폐기물 배출사업장 1곳, 최근접 배출원 116m",,False,해당 시설 유형에 인원 자료 없음,산업·배출시설 공간 노출도,v4 (배출원: 전국 등록공장현황 2024-12-31 반영 5개 구 전역 + 배출업소·폐기물 v2 override 판 / 취약시설: 어린이집·경로당·지역아동센터 + 장애인복지관). geo_level=point 한정
SC0971,장천대동다숲경로당,경로당,senior_center,4812962000,풍호동,진해구,35.1292307376018,128.704756043594,133.8,133.8,1,10,29,1,10,37,2,3,1,2,2,1,3,1.0,1.0,1.276,3.0,0.056,289.2,98.67,154,482,328,scenario_sensitive,sensitive,"300m 이내 배출원 위치 1개, 500m 이내 배출원 위치 10개, 500m 이내 대기 배출업소 2곳, 500m 이내 지정폐기물 배출사업장 2곳, 500m 이내 소각 처리 사업장 1곳, 최근접 배출원 134m",,False,해당 시설 유형에 인원 자료 없음,산업·배출시설 공간 노출도,v4 (배출원: 전국 등록공장현황 2024-12-31 반영 5개 구 전역 + 배출업소·폐기물 v2 override 판 / 취약시설: 어린이집·경로당·지역아동센터 + 장애인복지관). geo_level=point 한정
CC0001,창원시립 대산푸른숲어린이집,어린이집,childcare,4812132000,대산면,의창구,35.3293698109171,128.705930543685,93.2,93.2,14,35,126,19,45,170,3,10,0,6,0,1,39,1.357,1.286,1.349,2.0,1.0,36.5,4.92,29,50,21,scenario_stable_high_exposure,stable_high,"300m 이내 배출원 위치 14개, 500m 이내 배출원 위치 35개, 500m 이내 대기 배출업소 3곳, 500m 이내 소각 처리 사업장 1곳, 최근접 배출원 93m",72.0,True,어린이집 정원(인가 기준). 실제 재원 인원·실제 노출 인원이 아님,산업·배출시설 공간 노출도,v4 (배출원: 전국 등록공장현황 2024-12-31 반영 5개 구 전역 + 배출업소·폐기물 v2 override 판 / 취약시설: 어린이집·경로당·지역아동센터 + 장애인복지관). geo_level=point 한정
CC0030,파티마어린이집,어린이집,childcare,4812153000,명곡동,의창구,35.2372421834462,128.644485942945,0.0,0.0,3,10,69,3,63,147,2,17,0,7,0,3,49,1.0,6.3,2.13,1.0,1.0,104.6,37.25,34,138,104,scenario_stable_high_exposure,stable_high,"300m 이내 배출원 위치 3개, 500m 이내 배출원 위치 10개, 500m 이내 대기 배출업소 2곳, 500m 이내 소각 처리 사업장 3곳, 최근접 배출원 0m",60.0,True,어린이집 정원(인가 기준). 실제 재원 인원·실제 노출 인원이 아님,산업·배출시설 공간 노출도,v4 (배출원: 전국 등록공장현황 2024-12-31 반영 5개 구 전역 + 배출업소·폐기물 v2 override 판 / 취약시설: 어린이집·경로당·지역아동센터 + 장애인복지관). geo_level=point 한정
CC0093,창원시립 힐스아티움어린이집,어린이집,childcare,4812152000,팔룡동,의창구,35.2359730407647,128.641920500113,136.6,136.6,7,13,88,9,71,181,4,17,0,7,0,3,55,1.286,5.462,2.057,1.0,1.0,67.2,8.14,54,82,28,scenario_stable_high_exposure,stable_high,"300m 이내 배출원 위치 7개, 500m 이내 배출원 위치 13개, 500m 이내 대기 배출업소 4곳, 500m 이내 소각 처리 사업장 3곳, 최근접 배출원 137m",65.0,True,어린이집 정원(인가 기준). 실제 재원 인원·실제 노출 인원이 아님,산업·배출시설 공간 노출도,v4 (배출원: 전국 등록공장현황 2024-12-31 반영 5개 구 전역 + 배출업소·폐기물 v2 override 판 / 취약시설: 어린이집·경로당·지역아동센터 + 장애인복지관). geo_level=point 한정
CC0109,키콕스 꿈드림 어린이집,어린이집,childcare,4812152000,팔룡동,의창구,35.2403232181184,128.633265652012,81.2,81.2,30,59,152,163,216,542,8,17,0,9,0,2,199,5.433,3.661,3.566,1.0,1.0,8.5,2.8,5,16,11,scenario_stable_high_exposure,stable_high,"300m 이내 배출원 위치 30개, 500m 이내 배출원 위치 59개, 500m 이내 대기 배출업소 8곳, 500m 이내 소각 처리 사업장 2곳, 최근접 배출원 81m",53.0,True,어린이집 정원(인가 기준). 실제 재원 인원·실제 노출 인원이 아님,산업·배출시설 공간 노출도,v4 (배출원: 전국 등록공장현황 2024-12-31 반영 5개 구 전역 + 배출업소·폐기물 v2 override 판 / 취약시설: 어린이집·경로당·지역아동센터 + 장애인복지관). geo_level=point 한정
CC0222,창원시립 웅남어린이집,어린이집,childcare,4812357000,웅남동,성산구,35.2069975550106,128.627586145102,54.3,54.3,5,11,115,7,21,246,4,3,0,2,0,1,14,1.4,1.909,2.139,2.0,1.0,74.8,13.61,55,93,38,scenario_stable_high_exposure,stable_high,"300m 이내 배출원 위치 5개, 500m 이내 배출원 위치 11개, 500m 이내 대기 배출업소 4곳, 500m 이내 소각 처리 사업장 1곳, 최근접 배출원 54m",95.0,True,어린이집 정원(인가 기준). 실제 재원 인원·실제 노출 인원이 아님,산업·배출시설 공간 노출도,v4 (배출원: 전국 등록공장현황 2024-12-31 반영 5개 구 전역 + 배출업소·폐기물 v2 override 판 / 취약시설: 어린이집·경로당·지역아동센터 + 장애인복지관). geo_level=point 한정
CC0266,마산YWCA어린이집,어린이집,childcare,4812556500,반월중앙동,마산합포구,35.2002426969423,128.568511897995,133.3,133.3,8,33,52,10,49,70,9,16,3,6,0,4,22,1.25,1.485,1.346,0.0,1.0,87.7,25.17,52,132,80,scenario_stable_high_exposure,stable_high,"300m 이내 배출원 위치 8개, 500m 이내 배출원 위치 33개, 500m 이내 대기 배출업소 9곳, 500m 이내 소각 처리 사업장 4곳, 최근접 배출원 133m",78.0,True,어린이집 정원(인가 기준). 실제 재원 인원·실제 노출 인원이 아님,산업·배출시설 공간 노출도,v4 (배출원: 전국 등록공장현황 2024-12-31 반영 5개 구 전역 + 배출업소·폐기물 v2 override 판 / 취약시설: 어린이집·경로당·지역아동센터 + 장애인복지관). geo_level=point 한정
CC0270,혜성미어린이집,어린이집,childcare,4812556500,반월중앙동,마산합포구,35.1985353218694,128.568398806385,85.5,85.5,9,27,47,12,40,65,8,12,2,5,0,3,20,1.333,1.481,1.383,0.0,1.0,80.1,35.22,25,130,105,scenario_stable_high_exposure,stable_high,"300m 이내 배출원 위치 9개, 500m 이내 배출원 위치 27개, 500m 이내 대기 배출업소 8곳, 500m 이내 소각 처리 사업장 3곳, 최근접 배출원 86m",18.0,True,어린이집 정원(인가 기준). 실제 재원 인원·실제 노출 인원이 아님,산업·배출시설 공간 노출도,v4 (배출원: 전국 등록공장현황 2024-12-31 반영 5개 구 전역 + 배출업소·폐기물 v2 override 판 / 취약시설: 어린이집·경로당·지역아동센터 + 장애인복지관). geo_level=point 한정
CC0271,마산합포구청어린이집,어린이집,childcare,4812556500,반월중앙동,마산합포구,35.197226205009,128.569210701395,86.9,86.9,8,26,48,10,31,66,9,11,2,7,0,3,9,1.25,1.192,1.375,0.0,1.0,83.3,33.86,29,128,99,scenario_stable_high_exposure,stable_high,"300m 이내 배출원 위치 8개, 500m 이내 배출원 위치 26개, 500m 이내 대기 배출업소 9곳, 500m 이내 소각 처리 사업장 3곳, 최근접 배출원 87m",42.0,True,어린이집 정원(인가 기준). 실제 재원 인원·실제 노출 인원이 아님,산업·배출시설 공간 노출도,v4 (배출원: 전국 등록공장현황 2024-12-31 반영 5개 구 전역 + 배출업소·폐기물 v2 override 판 / 취약시설: 어린이집·경로당·지역아동센터 + 장애인복지관). geo_level=point 한정
CC0272,또래어린이집,어린이집,childcare,4812565000,산호동,마산합포구,35.2153261716897,128.585990060862,62.9,62.9,12,27,167,15,34,236,5,10,0,5,1,3,24,1.25,1.259,1.413,0.0,1.0,29.5,14.02,16,58,42,scenario_stable_high_exposure,stable_high,"300m 이내 배출원 위치 12개, 500m 이내 배출원 위치 27개, 500m 이내 대기 배출업소 5곳, 500m 이내 지정폐기물 배출사업장 1곳, 500m 이내 소각 처리 사업장 3곳, 최근접 배출원 63m",49.0,True,어린이집 정원(인가 기준). 실제 재원 인원·실제 노출 인원이 아님,산업·배출시설 공간 노출도,v4 (배출원: 전국 등록공장현황 2024-12-31 반영 5개 구 전역 + 배출업소·폐기물 v2 override 판 / 취약시설: 어린이집·경로당·지역아동센터 + 장애인복지관). geo_level=point 한정
CC0273,리인어린이집,어린이집,childcare,4812565000,산호동,마산합포구,35.2157505442249,128.588252772032,62.9,62.9,20,47,278,26,62,377,10,14,0,8,3,6,45,1.3,1.319,1.356,0.0,1.0,5.1,1.9,4,9,5,scenario_stable_high_exposure,stable_high,"300m 이내 배출원 위치 20개, 500m 이내 배출원 위치 47개, 500m 이내 대기 배출업소 10곳, 500m 이내 지정폐기물 배출사업장 3곳, 500m 이내 소각 처리 사업장 6곳, 최근접 배출원 63m",26.0,True,어린이집 정원(인가 기준). 실제 재원 인원·실제 노출 인원이 아님,산업·배출시설 공간 노출도,v4 (배출원: 전국 등록공장현황 2024-12-31 반영 5개 구 전역 + 배출업소·폐기물 v2 override 판 / 취약시설: 어린이집·경로당·지역아동센터 + 장애인복지관). geo_level=point 한정
CC0275,파스텔어린이집,어린이집,childcare,4812565000,산호동,마산합포구,35.2170351039011,128.585184286567,179.1,179.1,9,18,126,12,22,187,2,3,0,1,0,1,16,1.333,1.222,1.484,0.0,1.0,57.7,30.38,30,113,83,scenario_stable_high_exposure,stable_high,"300m 이내 배출원 위치 9개, 500m 이내 배출원 위치 18개, 500m 이내 대기 배출업소 2곳, 500m 이내 소각 처리 사업장 1곳, 최근접 배출원 179m",91.0,True,어린이집 정원(인가 기준). 실제 재원 인원·실제 노출 인원이 아님,산업·배출시설 공간 노출도,v4 (배출원: 전국 등록공장현황 2024-12-31 반영 5개 구 전역 + 배출업소·폐기물 v2 override 판 / 취약시설: 어린이집·경로당·지역아동센터 + 장애인복지관). geo_level=point 한정
CC0277,창원시립 서성어린이집,어린이집,childcare,4812563000,오동동,마산합포구,35.2015927789276,128.568537751052,82.4,82.4,7,27,55,19,42,73,6,13,2,4,0,4,21,2.714,1.556,1.327,2.0,1.0,116.4,16.17,91,141,50,scenario_stable_high_exposure,stable_high,"300m 이내 배출원 위치 7개, 500m 이내 배출원 위치 27개, 500m 이내 대기 배출업소 6곳, 500m 이내 소각 처리 사업장 4곳, 최근접 배출원 82m",99.0,True,어린이집 정원(인가 기준). 실제 재원 인원·실제 노출 인원이 아님,산업·배출시설 공간 노출도,v4 (배출원: 전국 등록공장현황 2024-12-31 반영 5개 구 전역 + 배출업소·폐기물 v2 override 판 / 취약시설: 어린이집·경로당·지역아동센터 + 장애인복지관). geo_level=point 한정
CC0278,창원시립 장미어린이집,어린이집,childcare,4812563000,오동동,마산합포구,35.2008713466214,128.568467440934,88.6,88.6,7,29,52,19,44,70,7,14,2,4,0,4,21,2.714,1.517,1.346,2.0,1.0,107.1,25.46,71,137,66,scenario_stable_high_exposure,stable_high,"300m 이내 배출원 위치 7개, 500m 이내 배출원 위치 29개, 500m 이내 대기 배출업소 7곳, 500m 이내 소각 처리 사업장 4곳, 최근접 배출원 89m",45.0,True,어린이집 정원(인가 기준). 실제 재원 인원·실제 노출 인원이 아님,산업·배출시설 공간 노출도,v4 (배출원: 전국 등록공장현황 2024-12-31 반영 5개 구 전역 + 배출업소·폐기물 v2 override 판 / 취약시설: 어린이집·경로당·지역아동센터 + 장애인복지관). geo_level=point 한정
CC0280,리틀스쿨어린이집,어린이집,childcare,4812563000,오동동,마산합포구,35.1961932910415,128.573419031417,104.9,104.9,8,23,50,11,26,68,5,9,2,6,0,1,9,1.375,1.13,1.36,2.0,1.0,95.4,31.51,44,138,94,scenario_stable_high_exposure,stable_high,"300m 이내 배출원 위치 8개, 500m 이내 배출원 위치 23개, 500m 이내 대기 배출업소 5곳, 500m 이내 소각 처리 사업장 1곳, 최근접 배출원 105m",38.0,True,어린이집 정원(인가 기준). 실제 재원 인원·실제 노출 인원이 아님,산업·배출시설 공간 노출도,v4 (배출원: 전국 등록공장현황 2024-12-31 반영 5개 구 전역 + 배출업소·폐기물 v2 override 판 / 취약시설: 어린이집·경로당·지역아동센터 + 장애인복지관). geo_level=point 한정
CC0282,아이굿맘어린이집,어린이집,childcare,4812563000,오동동,마산합포구,35.1992012412055,128.569644071374,82.6,82.6,16,32,52,19,46,70,9,15,2,6,0,4,21,1.188,1.438,1.346,2.0,1.0,61.7,28.76,21,108,87,scenario_stable_high_exposure,stable_high,"300m 이내 배출원 위치 16개, 500m 이내 배출원 위치 32개, 500m 이내 대기 배출업소 9곳, 500m 이내 소각 처리 사업장 4곳, 최근접 배출원 83m",20.0,True,어린이집 정원(인가 기준). 실제 재원 인원·실제 노출 인원이 아님,산업·배출시설 공간 노출도,v4 (배출원: 전국 등록공장현황 2024-12-31 반영 5개 구 전역 + 배출업소·폐기물 v2 override 판 / 취약시설: 어린이집·경로당·지역아동센터 + 장애인복지관). geo_level=point 한정
CC0346,창원시립 구암어린이집,어린이집,childcare,4812761000,구암2동,마산회원구,35.2525655910838,128.600283111321,124.0,124.0,5,16,86,17,72,209,5,6,0,9,1,0,55,3.4,4.5,2.43,0.0,1.0,70.2,12.43,51,90,39,scenario_stable_high_exposure,stable_high,"300m 이내 배출원 위치 5개, 500m 이내 배출원 위치 16개, 500m 이내 대기 배출업소 5곳, 500m 이내 지정폐기물 배출사업장 1곳, 최근접 배출원 124m",78.0,True,어린이집 정원(인가 기준). 실제 재원 인원·실제 노출 인원이 아님,산업·배출시설 공간 노출도,v4 (배출원: 전국 등록공장현황 2024-12-31 반영 5개 구 전역 + 배출업소·폐기물 v2 override 판 / 취약시설: 어린이집·경로당·지역아동센터 + 장애인복지관). geo_level=point 한정
CC0359,더푸른다솜어린이집,어린이집,childcare,4812725000,내서읍,마산회원구,35.2349142808915,128.502811193217,238.7,238.7,9,25,60,10,30,83,4,2,0,2,1,1,25,1.111,1.2,1.383,1.0,1.0,141.3,7.02,123,154,31,scenario_stable_high_exposure,stable_high,"300m 이내 배출원 위치 9개, 500m 이내 배출원 위치 25개, 500m 이내 대기 배출업소 4곳, 500m 이내 지정폐기물 배출사업장 1곳, 500m 이내 소각 처리 사업장 1곳, 최근접 배출원 239m",37.0,True,어린이집 정원(인가 기준). 실제 재원 인원·실제 노출 인원이 아님,산업·배출시설 공간 노출도,v4 (배출원: 전국 등록공장현황 2024-12-31 반영 5개 구 전역 + 배출업소·폐기물 v2 override 판 / 취약시설: 어린이집·경로당·지역아동센터 + 장애인복지관). geo_level=point 한정
CC0375,참좋은어린이집,어린이집,childcare,4812725000,내서읍,마산회원구,35.2349142808915,128.502811193217,238.7,238.7,9,25,60,10,30,83,4,2,0,2,1,1,25,1.111,1.2,1.383,1.0,1.0,141.3,7.02,123,154,31,scenario_stable_high_exposure,stable_high,"300m 이내 배출원 위치 9개, 500m 이내 배출원 위치 25개, 500m 이내 대기 배출업소 4곳, 500m 이내 지정폐기물 배출사업장 1곳, 500m 이내 소각 처리 사업장 1곳, 최근접 배출원 239m",14.0,True,어린이집 정원(인가 기준). 실제 재원 인원·실제 노출 인원이 아님,산업·배출시설 공간 노출도,v4 (배출원: 전국 등록공장현황 2024-12-31 반영 5개 구 전역 + 배출업소·폐기물 v2 override 판 / 취약시설: 어린이집·경로당·지역아동센터 + 장애인복지관). geo_level=point 한정
CC0376,푸른 어린이집,어린이집,childcare,4812725000,내서읍,마산회원구,35.2349142808915,128.502811193217,238.7,238.7,9,25,60,10,30,83,4,2,0,2,1,1,25,1.111,1.2,1.383,1.0,1.0,141.3,7.02,123,154,31,scenario_stable_high_exposure,stable_high,"300m 이내 배출원 위치 9개, 500m 이내 배출원 위치 25개, 500m 이내 대기 배출업소 4곳, 500m 이내 지정폐기물 배출사업장 1곳, 500m 이내 소각 처리 사업장 1곳, 최근접 배출원 239m",14.0,True,어린이집 정원(인가 기준). 실제 재원 인원·실제 노출 인원이 아님,산업·배출시설 공간 노출도,v4 (배출원: 전국 등록공장현황 2024-12-31 반영 5개 구 전역 + 배출업소·폐기물 v2 override 판 / 취약시설: 어린이집·경로당·지역아동센터 + 장애인복지관). geo_level=point 한정
CC0392,창원시립 하버팰리스어린이집,어린이집,childcare,4812757000,양덕2동,마산회원구,35.2220271776522,128.590682864277,107.7,107.7,9,37,216,20,69,329,7,13,1,6,3,3,50,2.222,1.865,1.523,3.0,1.0,13.8,10.4,6,40,34,scenario_stable_high_exposure,stable_high,"300m 이내 배출원 위치 9개, 500m 이내 배출원 위치 37개, 500m 이내 대기 배출업소 7곳, 500m 이내 지정폐기물 배출사업장 3곳, 500m 이내 소각 처리 사업장 3곳, 최근접 배출원 108m",63.0,True,어린이집 정원(인가 기준). 실제 재원 인원·실제 노출 인원이 아님,산업·배출시설 공간 노출도,v4 (배출원: 전국 등록공장현황 2024-12-31 반영 5개 구 전역 + 배출업소·폐기물 v2 override 판 / 취약시설: 어린이집·경로당·지역아동센터 + 장애인복지관). geo_level=point 한정
CC0396,메트로아이꽃뜰어린이집,어린이집,childcare,4812757000,양덕2동,마산회원구,35.2236728605877,128.584565894733,0.0,0.0,9,19,67,11,23,100,5,8,1,5,1,3,5,1.222,1.211,1.493,3.0,1.0,77.6,37.76,16,127,111,scenario_stable_high_exposure,stable_high,"300m 이내 배출원 위치 9개, 500m 이내 배출원 위치 19개, 500m 이내 대기 배출업소 5곳, 500m 이내 지정폐기물 배출사업장 1곳, 500m 이내 소각 처리 사업장 3곳, 최근접 배출원 0m",66.0,True,어린이집 정원(인가 기준). 실제 재원 인원·실제 노출 인원이 아님,산업·배출시설 공간 노출도,v4 (배출원: 전국 등록공장현황 2024-12-31 반영 5개 구 전역 + 배출업소·폐기물 v2 override 판 / 취약시설: 어린이집·경로당·지역아동센터 + 장애인복지관). geo_level=point 한정
CC0399,대림어린이집,어린이집,childcare,4812757000,양덕2동,마산회원구,35.2244480825616,128.589145164708,136.9,136.9,9,17,101,9,25,190,4,7,1,5,2,3,10,1.0,1.471,1.881,3.0,1.0,94.2,25.01,60,146,86,scenario_stable_high_exposure,stable_high,"300m 이내 배출원 위치 9개, 500m 이내 배출원 위치 17개, 500m 이내 대기 배출업소 4곳, 500m 이내 지정폐기물 배출사업장 2곳, 500m 이내 소각 처리 사업장 3곳, 최근접 배출원 137m",20.0,True,어린이집 정원(인가 기준). 실제 재원 인원·실제 노출 인원이 아님,산업·배출시설 공간 노출도,v4 (배출원: 전국 등록공장현황 2024-12-31 반영 5개 구 전역 + 배출업소·폐기물 v2 override 판 / 취약시설: 어린이집·경로당·지역아동센터 + 장애인복지관). geo_level=point 한정
CC0405,키즈누리 어린이집,어린이집,childcare,4812757000,양덕2동,마산회원구,35.2220271776522,128.590682864277,107.7,107.7,9,37,216,20,69,329,7,13,1,6,3,3,50,2.222,1.865,1.523,3.0,1.0,13.8,10.4,6,40,34,scenario_stable_high_exposure,stable_high,"300m 이내 배출원 위치 9개, 500m 이내 배출원 위치 37개, 500m 이내 대기 배출업소 7곳, 500m 이내 지정폐기물 배출사업장 3곳, 500m 이내 소각 처리 사업장 3곳, 최근접 배출원 108m",20.0,True,어린이집 정원(인가 기준). 실제 재원 인원·실제 노출 인원이 아님,산업·배출시설 공간 노출도,v4 (배출원: 전국 등록공장현황 2024-12-31 반영 5개 구 전역 + 배출업소·폐기물 v2 override 판 / 취약시설: 어린이집·경로당·지역아동센터 + 장애인복지관). geo_level=point 한정
CC0409,해솔어린이집,어린이집,childcare,4812757000,양덕2동,마산회원구,35.2229044729142,128.586643063035,0.0,0.0,14,20,95,16,23,147,4,8,1,3,0,3,8,1.143,1.15,1.547,3.0,1.0,39.8,15.73,12,63,51,scenario_stable_high_exposure,stable_high,"300m 이내 배출원 위치 14개, 500m 이내 배출원 위치 20개, 500m 이내 대기 배출업소 4곳, 500m 이내 소각 처리 사업장 3곳, 최근접 배출원 0m",60.0,True,어린이집 정원(인가 기준). 실제 재원 인원·실제 노출 인원이 아님,산업·배출시설 공간 노출도,v4 (배출원: 전국 등록공장현황 2024-12-31 반영 5개 구 전역 + 배출업소·폐기물 v2 override 판 / 취약시설: 어린이집·경로당·지역아동센터 + 장애인복지관). geo_level=point 한정
CC0445,창원시립 남양어린이집,어린이집,childcare,4812964000,웅동1동,진해구,35.1200516462816,128.779765840786,175.3,175.3,9,58,129,10,72,163,1,2,0,0,0,0,69,1.111,1.241,1.264,3.0,1.0,51.4,12.73,31,75,44,scenario_stable_high_exposure,stable_high,"300m 이내 배출원 위치 9개, 500m 이내 배출원 위치 58개, 500m 이내 대기 배출업소 1곳, 최근접 배출원 175m",49.0,True,어린이집 정원(인가 기준). 실제 재원 인원·실제 노출 인원이 아님,산업·배출시설 공간 노출도,v4 (배출원: 전국 등록공장현황 2024-12-31 반영 5개 구 전역 + 배출업소·폐기물 v2 override 판 / 취약시설: 어린이집·경로당·지역아동센터 + 장애인복지관). geo_level=point 한정
CH0005,하나지역아동센터,지역아동센터,community_child_center,4812132000,대산면,의창구,35.3314223934794,128.70584699528,45.0,45.0,29,54,132,38,69,173,5,15,2,8,0,1,58,1.31,1.278,1.311,2.0,1.0,13.1,5.39,6,22,16,scenario_stable_high_exposure,stable_high,"300m 이내 배출원 위치 29개, 500m 이내 배출원 위치 54개, 500m 이내 대기 배출업소 5곳, 500m 이내 소각 처리 사업장 1곳, 최근접 배출원 45m",,False,해당 시설 유형에 인원 자료 없음,산업·배출시설 공간 노출도,v4 (배출원: 전국 등록공장현황 2024-12-31 반영 5개 구 전역 + 배출업소·폐기물 v2 override 판 / 취약시설: 어린이집·경로당·지역아동센터 + 장애인복지관). geo_level=point 한정
CH0050,꽃누리세상지역아동센터,지역아동센터,community_child_center,4812761000,구암2동,마산회원구,35.2504161459781,128.600665926242,117.0,117.0,4,21,91,7,68,228,3,6,0,11,1,0,55,1.75,3.238,2.505,0.0,1.0,55.6,10.88,40,77,37,scenario_stable_high_exposure,stable_high,"300m 이내 배출원 위치 4개, 500m 이내 배출원 위치 21개, 500m 이내 대기 배출업소 3곳, 500m 이내 지정폐기물 배출사업장 1곳, 최근접 배출원 117m",,False,해당 시설 유형에 인원 자료 없음,산업·배출시설 공간 노출도,v4 (배출원: 전국 등록공장현황 2024-12-31 반영 5개 구 전역 + 배출업소·폐기물 v2 override 판 / 취약시설: 어린이집·경로당·지역아동센터 + 장애인복지관). geo_level=point 한정
CH0060,양덕2동지역아동센터,지역아동센터,community_child_center,4812757000,양덕2동,마산회원구,35.2244480825616,128.589145164708,136.9,136.9,9,17,101,9,25,190,4,7,1,5,2,3,10,1.0,1.471,1.881,3.0,1.0,94.2,25.01,60,146,86,scenario_stable_high_exposure,stable_high,"300m 이내 배출원 위치 9개, 500m 이내 배출원 위치 17개, 500m 이내 대기 배출업소 4곳, 500m 이내 지정폐기물 배출사업장 2곳, 500m 이내 소각 처리 사업장 3곳, 최근접 배출원 137m",,False,해당 시설 유형에 인원 자료 없음,산업·배출시설 공간 노출도,v4 (배출원: 전국 등록공장현황 2024-12-31 반영 5개 구 전역 + 배출업소·폐기물 v2 override 판 / 취약시설: 어린이집·경로당·지역아동센터 + 장애인복지관). geo_level=point 한정
CH0063,큰샘원지역아동센터,지역아동센터,community_child_center,4812725000,내서읍,마산회원구,35.2460863605366,128.507939975632,231.3,231.3,7,58,120,10,102,185,23,14,0,6,2,1,82,1.429,1.759,1.542,1.0,1.0,12.2,3.7,6,21,15,scenario_stable_high_exposure,stable_high,"300m 이내 배출원 위치 7개, 500m 이내 배출원 위치 58개, 500m 이내 대기 배출업소 23곳, 500m 이내 지정폐기물 배출사업장 2곳, 500m 이내 소각 처리 사업장 1곳, 최근접 배출원 231m",,False,해당 시설 유형에 인원 자료 없음,산업·배출시설 공간 노출도,v4 (배출원: 전국 등록공장현황 2024-12-31 반영 5개 구 전역 + 배출업소·폐기물 v2 override 판 / 취약시설: 어린이집·경로당·지역아동센터 + 장애인복지관). geo_level=point 한정
SC0157,북가술경로당,경로당,senior_center,4812132000,대산면,의창구,35.3372356815725,128.707601514357,157.6,157.6,4,35,126,7,47,169,7,6,3,4,0,0,39,1.75,1.343,1.341,2.0,1.0,57.9,22.87,35,103,68,scenario_stable_high_exposure,stable_high,"300m 이내 배출원 위치 4개, 500m 이내 배출원 위치 35개, 500m 이내 대기 배출업소 7곳, 최근접 배출원 158m",,False,해당 시설 유형에 인원 자료 없음,산업·배출시설 공간 노출도,v4 (배출원: 전국 등록공장현황 2024-12-31 반영 5개 구 전역 + 배출업소·폐기물 v2 override 판 / 취약시설: 어린이집·경로당·지역아동센터 + 장애인복지관). geo_level=point 한정
SC0159,남가술경로당,경로당,senior_center,4812132000,대산면,의창구,35.3358277299353,128.707263948992,172.7,172.7,8,52,131,11,71,174,9,12,3,5,0,0,59,1.375,1.365,1.328,2.0,1.0,31.2,9.47,22,55,33,scenario_stable_high_exposure,stable_high,"300m 이내 배출원 위치 8개, 500m 이내 배출원 위치 52개, 500m 이내 대기 배출업소 9곳, 최근접 배출원 173m",,False,해당 시설 유형에 인원 자료 없음,산업·배출시설 공간 노출도,v4 (배출원: 전국 등록공장현황 2024-12-31 반영 5개 구 전역 + 배출업소·폐기물 v2 override 판 / 취약시설: 어린이집·경로당·지역아동센터 + 장애인복지관). geo_level=point 한정
SC0160,남가술부인경로당,경로당,senior_center,4812132000,대산면,의창구,35.3347796447179,128.707716120196,49.4,49.4,5,44,129,5,60,170,8,14,2,6,0,0,46,1.0,1.364,1.318,2.0,1.0,33.8,8.2,24,54,30,scenario_stable_high_exposure,stable_high,"300m 이내 배출원 위치 5개, 500m 이내 배출원 위치 44개, 500m 이내 대기 배출업소 8곳, 최근접 배출원 49m",,False,해당 시설 유형에 인원 자료 없음,산업·배출시설 공간 노출도,v4 (배출원: 전국 등록공장현황 2024-12-31 반영 5개 구 전역 + 배출업소·폐기물 v2 override 판 / 취약시설: 어린이집·경로당·지역아동센터 + 장애인복지관). geo_level=point 한정
SC0161,가촌경로당,경로당,senior_center,4812132000,대산면,의창구,35.3368442916938,128.699558604468,38.9,38.9,41,81,125,62,114,168,10,19,3,6,0,0,97,1.512,1.407,1.344,2.0,1.0,7.9,5.19,1,18,17,scenario_stable_high_exposure,stable_high,"300m 이내 배출원 위치 41개, 500m 이내 배출원 위치 81개, 500m 이내 대기 배출업소 10곳, 최근접 배출원 39m",,False,해당 시설 유형에 인원 자료 없음,산업·배출시설 공간 노출도,v4 (배출원: 전국 등록공장현황 2024-12-31 반영 5개 구 전역 + 배출업소·폐기물 v2 override 판 / 취약시설: 어린이집·경로당·지역아동센터 + 장애인복지관). geo_level=point 한정
SC0162,장등경로당,경로당,senior_center,4812132000,대산면,의창구,35.3300589768745,128.701812338025,126.8,126.8,22,51,143,27,63,188,4,12,0,6,0,1,58,1.227,1.235,1.315,2.0,1.0,19.4,3.78,11,25,14,scenario_stable_high_exposure,stable_high,"300m 이내 배출원 위치 22개, 500m 이내 배출원 위치 51개, 500m 이내 대기 배출업소 4곳, 500m 이내 소각 처리 사업장 1곳, 최근접 배출원 127m",,False,해당 시설 유형에 인원 자료 없음,산업·배출시설 공간 노출도,v4 (배출원: 전국 등록공장현황 2024-12-31 반영 5개 구 전역 + 배출업소·폐기물 v2 override 판 / 취약시설: 어린이집·경로당·지역아동센터 + 장애인복지관). geo_level=point 한정
SC0172,삼봉경로당,경로당,senior_center,4812132000,대산면,의창구,35.3326517289803,128.708086167576,178.6,178.6,10,44,126,13,55,167,4,13,2,7,0,1,44,1.3,1.25,1.325,2.0,1.0,37.9,14.0,28,68,40,scenario_stable_high_exposure,stable_high,"300m 이내 배출원 위치 10개, 500m 이내 배출원 위치 44개, 500m 이내 대기 배출업소 4곳, 500m 이내 소각 처리 사업장 1곳, 최근접 배출원 179m",,False,해당 시설 유형에 인원 자료 없음,산업·배출시설 공간 노출도,v4 (배출원: 전국 등록공장현황 2024-12-31 반영 5개 구 전역 + 배출업소·폐기물 v2 override 판 / 취약시설: 어린이집·경로당·지역아동센터 + 장애인복지관). geo_level=point 한정
SC0191,대산NHF1단지경로당,경로당,senior_center,4812132000,대산면,의창구,35.3293698109171,128.705930543685,93.2,93.2,14,35,126,19,45,170,3,10,0,6,0,1,39,1.357,1.286,1.349,2.0,1.0,36.5,4.92,29,50,21,scenario_stable_high_exposure,stable_high,"300m 이내 배출원 위치 14개, 500m 이내 배출원 위치 35개, 500m 이내 대기 배출업소 3곳, 500m 이내 소각 처리 사업장 1곳, 최근접 배출원 93m",,False,해당 시설 유형에 인원 자료 없음,산업·배출시설 공간 노출도,v4 (배출원: 전국 등록공장현황 2024-12-31 반영 5개 구 전역 + 배출업소·폐기물 v2 override 판 / 취약시설: 어린이집·경로당·지역아동센터 + 장애인복지관). geo_level=point 한정
SC0222,힐스테이트아티움시티경로당,경로당,senior_center,4812152000,팔룡동,의창구,35.2359730407647,128.641920500113,136.6,136.6,7,13,88,9,71,181,4,17,0,7,0,3,55,1.286,5.462,2.057,1.0,1.0,67.2,8.14,54,82,28,scenario_stable_high_exposure,stable_high,"300m 이내 배출원 위치 7개, 500m 이내 배출원 위치 13개, 500m 이내 대기 배출업소 4곳, 500m 이내 소각 처리 사업장 3곳, 최근접 배출원 137m",,False,해당 시설 유형에 인원 자료 없음,산업·배출시설 공간 노출도,v4 (배출원: 전국 등록공장현황 2024-12-31 반영 5개 구 전역 + 배출업소·폐기물 v2 override 판 / 취약시설: 어린이집·경로당·지역아동센터 + 장애인복지관). geo_level=point 한정
SC0271,중앙제1경로당,경로당,senior_center,4812352000,중앙동,성산구,35.225799623564,128.677520813534,81.0,81.0,12,21,37,13,23,39,9,1,0,6,0,5,11,1.083,1.095,1.054,19.0,1.0,99.2,30.26,54,147,93,scenario_stable_high_exposure,stable_high,"300m 이내 배출원 위치 12개, 500m 이내 배출원 위치 21개, 500m 이내 대기 배출업소 9곳, 500m 이내 소각 처리 사업장 5곳, 최근접 배출원 81m",,False,해당 시설 유형에 인원 자료 없음,산업·배출시설 공간 노출도,v4 (배출원: 전국 등록공장현황 2024-12-31 반영 5개 구 전역 + 배출업소·폐기물 v2 override 판 / 취약시설: 어린이집·경로당·지역아동센터 + 장애인복지관). geo_level=point 한정
SC0354,한양아파트경로당,경로당,senior_center,4812356000,성주동,성산구,35.2014512310242,128.697820121512,111.8,111.8,8,14,61,21,29,103,5,5,0,5,0,2,20,2.625,2.071,1.689,6.0,1.0,80.6,14.3,58,107,49,scenario_stable_high_exposure,stable_high,"300m 이내 배출원 위치 8개, 500m 이내 배출원 위치 14개, 500m 이내 대기 배출업소 5곳, 500m 이내 소각 처리 사업장 2곳, 최근접 배출원 112m",,False,해당 시설 유형에 인원 자료 없음,산업·배출시설 공간 노출도,v4 (배출원: 전국 등록공장현황 2024-12-31 반영 5개 구 전역 + 배출업소·폐기물 v2 override 판 / 취약시설: 어린이집·경로당·지역아동센터 + 장애인복지관). geo_level=point 한정
SC0397,신우희가로베스트경로당,경로당,senior_center,4812556500,반월중앙동,마산합포구,35.1979031756821,128.568824402097,49.3,49.3,8,27,48,11,32,66,9,12,2,6,0,3,10,1.375,1.185,1.375,0.0,1.0,78.1,36.04,24,125,101,scenario_stable_high_exposure,stable_high,"300m 이내 배출원 위치 8개, 500m 이내 배출원 위치 27개, 500m 이내 대기 배출업소 9곳, 500m 이내 소각 처리 사업장 3곳, 최근접 배출원 49m",,False,해당 시설 유형에 인원 자료 없음,산업·배출시설 공간 노출도,v4 (배출원: 전국 등록공장현황 2024-12-31 반영 5개 구 전역 + 배출업소·폐기물 v2 override 판 / 취약시설: 어린이집·경로당·지역아동센터 + 장애인복지관). geo_level=point 한정
SC0400,혜성미경로당,경로당,senior_center,4812556500,반월중앙동,마산합포구,35.1985353218694,128.568398806385,85.5,85.5,9,27,47,12,40,65,8,12,2,5,0,3,20,1.333,1.481,1.383,0.0,1.0,80.1,35.22,25,130,105,scenario_stable_high_exposure,stable_high,"300m 이내 배출원 위치 9개, 500m 이내 배출원 위치 27개, 500m 이내 대기 배출업소 8곳, 500m 이내 소각 처리 사업장 3곳, 최근접 배출원 86m",,False,해당 시설 유형에 인원 자료 없음,산업·배출시설 공간 노출도,v4 (배출원: 전국 등록공장현황 2024-12-31 반영 5개 구 전역 + 배출업소·폐기물 v2 override 판 / 취약시설: 어린이집·경로당·지역아동센터 + 장애인복지관). geo_level=point 한정
SC0425,망곡경로당,경로당,senior_center,4812533000,진북면,마산합포구,35.1431987920335,128.483897694644,24.1,24.1,21,34,95,24,43,131,6,8,5,3,0,1,37,1.143,1.265,1.379,3.0,1.0,23.4,5.75,13,35,22,scenario_stable_high_exposure,stable_high,"300m 이내 배출원 위치 21개, 500m 이내 배출원 위치 34개, 500m 이내 대기 배출업소 6곳, 500m 이내 소각 처리 사업장 1곳, 최근접 배출원 24m",,False,해당 시설 유형에 인원 자료 없음,산업·배출시설 공간 노출도,v4 (배출원: 전국 등록공장현황 2024-12-31 반영 5개 구 전역 + 배출업소·폐기물 v2 override 판 / 취약시설: 어린이집·경로당·지역아동센터 + 장애인복지관). geo_level=point 한정
SC0432,신촌경로당,경로당,senior_center,4812533000,진북면,마산합포구,35.1345274479276,128.476672424597,70.6,70.6,15,34,74,19,46,95,5,14,2,7,0,3,37,1.267,1.353,1.284,3.0,1.0,44.9,11.64,30,71,41,scenario_stable_high_exposure,stable_high,"300m 이내 배출원 위치 15개, 500m 이내 배출원 위치 34개, 500m 이내 대기 배출업소 5곳, 500m 이내 소각 처리 사업장 3곳, 최근접 배출원 71m",,False,해당 시설 유형에 인원 자료 없음,산업·배출시설 공간 노출도,v4 (배출원: 전국 등록공장현황 2024-12-31 반영 5개 구 전역 + 배출업소·폐기물 v2 override 판 / 취약시설: 어린이집·경로당·지역아동센터 + 장애인복지관). geo_level=point 한정
SC0433,연동경로당,경로당,senior_center,4812533000,진북면,마산합포구,35.1376770538999,128.486800801489,100.7,100.7,6,12,94,8,18,123,4,1,1,4,0,1,13,1.333,1.5,1.309,3.0,1.0,84.4,30.93,41,157,116,scenario_stable_high_exposure,stable_high,"300m 이내 배출원 위치 6개, 500m 이내 배출원 위치 12개, 500m 이내 대기 배출업소 4곳, 500m 이내 소각 처리 사업장 1곳, 최근접 배출원 101m",,False,해당 시설 유형에 인원 자료 없음,산업·배출시설 공간 노출도,v4 (배출원: 전국 등록공장현황 2024-12-31 반영 5개 구 전역 + 배출업소·폐기물 v2 override 판 / 취약시설: 어린이집·경로당·지역아동센터 + 장애인복지관). geo_level=point 한정
SC0588,가고파경로당,경로당,senior_center,4812565000,산호동,마산합포구,35.2186248257733,128.585154141416,129.6,129.6,8,24,119,10,29,178,3,6,0,2,0,2,18,1.25,1.208,1.496,0.0,1.0,52.8,22.16,32,93,61,scenario_stable_high_exposure,stable_high,"300m 이내 배출원 위치 8개, 500m 이내 배출원 위치 24개, 500m 이내 대기 배출업소 3곳, 500m 이내 소각 처리 사업장 2곳, 최근접 배출원 130m",,False,해당 시설 유형에 인원 자료 없음,산업·배출시설 공간 노출도,v4 (배출원: 전국 등록공장현황 2024-12-31 반영 5개 구 전역 + 배출업소·폐기물 v2 override 판 / 취약시설: 어린이집·경로당·지역아동센터 + 장애인복지관). geo_level=point 한정
SC0589,합포남성경로당,경로당,senior_center,4812565000,산호동,마산합포구,35.2142843791164,128.586956929891,59.8,59.8,13,30,204,17,39,285,6,10,0,5,2,3,30,1.308,1.3,1.397,0.0,1.0,18.9,10.54,9,39,30,scenario_stable_high_exposure,stable_high,"300m 이내 배출원 위치 13개, 500m 이내 배출원 위치 30개, 500m 이내 대기 배출업소 6곳, 500m 이내 지정폐기물 배출사업장 2곳, 500m 이내 소각 처리 사업장 3곳, 최근접 배출원 60m",,False,해당 시설 유형에 인원 자료 없음,산업·배출시설 공간 노출도,v4 (배출원: 전국 등록공장현황 2024-12-31 반영 5개 구 전역 + 배출업소·폐기물 v2 override 판 / 취약시설: 어린이집·경로당·지역아동센터 + 장애인복지관). geo_level=point 한정
SC0590,합포여성경로당,경로당,senior_center,4812565000,산호동,마산합포구,35.2142843791164,128.586956929891,59.8,59.8,13,30,204,17,39,285,6,10,0,5,2,3,30,1.308,1.3,1.397,0.0,1.0,18.9,10.54,9,39,30,scenario_stable_high_exposure,stable_high,"300m 이내 배출원 위치 13개, 500m 이내 배출원 위치 30개, 500m 이내 대기 배출업소 6곳, 500m 이내 지정폐기물 배출사업장 2곳, 500m 이내 소각 처리 사업장 3곳, 최근접 배출원 60m",,False,해당 시설 유형에 인원 자료 없음,산업·배출시설 공간 노출도,v4 (배출원: 전국 등록공장현황 2024-12-31 반영 5개 구 전역 + 배출업소·폐기물 v2 override 판 / 취약시설: 어린이집·경로당·지역아동센터 + 장애인복지관). geo_level=point 한정
SC0592,대한아파트경로당,경로당,senior_center,4812565000,산호동,마산합포구,35.2196456131755,128.585542560649,79.2,79.2,6,25,118,7,30,176,5,5,1,3,0,3,17,1.167,1.2,1.492,0.0,1.0,40.8,9.18,31,59,28,scenario_stable_high_exposure,stable_high,"300m 이내 배출원 위치 6개, 500m 이내 배출원 위치 25개, 500m 이내 대기 배출업소 5곳, 500m 이내 소각 처리 사업장 3곳, 최근접 배출원 79m",,False,해당 시설 유형에 인원 자료 없음,산업·배출시설 공간 노출도,v4 (배출원: 전국 등록공장현황 2024-12-31 반영 5개 구 전역 + 배출업소·폐기물 v2 override 판 / 취약시설: 어린이집·경로당·지역아동센터 + 장애인복지관). geo_level=point 한정
SC0593,경동리인아파트경로당,경로당,senior_center,4812565000,산호동,마산합포구,35.2170009572531,128.588860826743,41.9,41.9,20,54,300,24,91,404,11,19,0,11,5,7,68,1.2,1.685,1.347,0.0,1.0,3.9,1.7,3,8,5,scenario_stable_high_exposure,stable_high,"300m 이내 배출원 위치 20개, 500m 이내 배출원 위치 54개, 500m 이내 대기 배출업소 11곳, 500m 이내 지정폐기물 배출사업장 5곳, 500m 이내 소각 처리 사업장 7곳, 최근접 배출원 42m",,False,해당 시설 유형에 인원 자료 없음,산업·배출시설 공간 노출도,v4 (배출원: 전국 등록공장현황 2024-12-31 반영 5개 구 전역 + 배출업소·폐기물 v2 override 판 / 취약시설: 어린이집·경로당·지역아동센터 + 장애인복지관). geo_level=point 한정
SC0618,동서남성경로당,경로당,senior_center,4812563000,오동동,마산합포구,35.2026501616994,128.576741199817,123.9,123.9,7,26,67,7,29,90,3,9,2,4,0,3,13,1.0,1.115,1.343,2.0,1.0,108.9,11.41,81,130,49,scenario_stable_high_exposure,stable_high,"300m 이내 배출원 위치 7개, 500m 이내 배출원 위치 26개, 500m 이내 대기 배출업소 3곳, 500m 이내 소각 처리 사업장 3곳, 최근접 배출원 124m",,False,해당 시설 유형에 인원 자료 없음,산업·배출시설 공간 노출도,v4 (배출원: 전국 등록공장현황 2024-12-31 반영 5개 구 전역 + 배출업소·폐기물 v2 override 판 / 취약시설: 어린이집·경로당·지역아동센터 + 장애인복지관). geo_level=point 한정
SC0619,동서여성경로당,경로당,senior_center,4812563000,오동동,마산합포구,35.2026501616994,128.576741199817,123.9,123.9,7,26,67,7,29,90,3,9,2,4,0,3,13,1.0,1.115,1.343,2.0,1.0,108.9,11.41,81,130,49,scenario_stable_high_exposure,stable_high,"300m 이내 배출원 위치 7개, 500m 이내 배출원 위치 26개, 500m 이내 대기 배출업소 3곳, 500m 이내 소각 처리 사업장 3곳, 최근접 배출원 124m",,False,해당 시설 유형에 인원 자료 없음,산업·배출시설 공간 노출도,v4 (배출원: 전국 등록공장현황 2024-12-31 반영 5개 구 전역 + 배출업소·폐기물 v2 override 판 / 취약시설: 어린이집·경로당·지역아동센터 + 장애인복지관). geo_level=point 한정
SC0620,서성경로당,경로당,senior_center,4812563000,오동동,마산합포구,35.2038040863717,128.572800638615,168.5,168.5,12,27,70,25,40,94,3,9,2,1,0,1,25,2.083,1.481,1.343,2.0,1.0,101.6,8.45,88,119,31,scenario_stable_high_exposure,stable_high,"300m 이내 배출원 위치 12개, 500m 이내 배출원 위치 27개, 500m 이내 대기 배출업소 3곳, 500m 이내 소각 처리 사업장 1곳, 최근접 배출원 168m",,False,해당 시설 유형에 인원 자료 없음,산업·배출시설 공간 노출도,v4 (배출원: 전국 등록공장현황 2024-12-31 반영 5개 구 전역 + 배출업소·폐기물 v2 override 판 / 취약시설: 어린이집·경로당·지역아동센터 + 장애인복지관). geo_level=point 한정
SC0621,센트럴남성경로당,경로당,senior_center,4812563000,오동동,마산합포구,35.1990714993666,128.570419588365,28.7,28.7,20,36,51,22,52,69,10,17,2,7,0,4,23,1.1,1.444,1.353,2.0,1.0,46.6,28.34,12,94,82,scenario_stable_high_exposure,stable_high,"300m 이내 배출원 위치 20개, 500m 이내 배출원 위치 36개, 500m 이내 대기 배출업소 10곳, 500m 이내 소각 처리 사업장 4곳, 최근접 배출원 29m",,False,해당 시설 유형에 인원 자료 없음,산업·배출시설 공간 노출도,v4 (배출원: 전국 등록공장현황 2024-12-31 반영 5개 구 전역 + 배출업소·폐기물 v2 override 판 / 취약시설: 어린이집·경로당·지역아동센터 + 장애인복지관). geo_level=point 한정
SC0622,센트럴여성경로당,경로당,senior_center,4812563000,오동동,마산합포구,35.1990714993666,128.570419588365,28.7,28.7,20,36,51,22,52,69,10,17,2,7,0,4,23,1.1,1.444,1.353,2.0,1.0,46.6,28.34,12,94,82,scenario_stable_high_exposure,stable_high,"300m 이내 배출원 위치 20개, 500m 이내 배출원 위치 36개, 500m 이내 대기 배출업소 10곳, 500m 이내 소각 처리 사업장 4곳, 최근접 배출원 29m",,False,해당 시설 유형에 인원 자료 없음,산업·배출시설 공간 노출도,v4 (배출원: 전국 등록공장현황 2024-12-31 반영 5개 구 전역 + 배출업소·폐기물 v2 override 판 / 취약시설: 어린이집·경로당·지역아동센터 + 장애인복지관). geo_level=point 한정
SC0624,신포경남경로당,경로당,senior_center,4812563000,오동동,마산합포구,35.2013512504802,128.569872433994,145.8,145.8,19,34,54,32,49,72,8,15,3,5,0,4,23,1.684,1.441,1.333,2.0,1.0,77.0,21.66,48,118,70,scenario_stable_high_exposure,stable_high,"300m 이내 배출원 위치 19개, 500m 이내 배출원 위치 34개, 500m 이내 대기 배출업소 8곳, 500m 이내 소각 처리 사업장 4곳, 최근접 배출원 146m",,False,해당 시설 유형에 인원 자료 없음,산업·배출시설 공간 노출도,v4 (배출원: 전국 등록공장현황 2024-12-31 반영 5개 구 전역 + 배출업소·폐기물 v2 override 판 / 취약시설: 어린이집·경로당·지역아동센터 + 장애인복지관). geo_level=point 한정
SC0625,마산만아이파크경로당,경로당,senior_center,4812563000,오동동,마산합포구,35.1961932910415,128.573419031417,104.9,104.9,8,23,50,11,26,68,5,9,2,6,0,1,9,1.375,1.13,1.36,2.0,1.0,95.4,31.51,44,138,94,scenario_stable_high_exposure,stable_high,"300m 이내 배출원 위치 8개, 500m 이내 배출원 위치 23개, 500m 이내 대기 배출업소 5곳, 500m 이내 소각 처리 사업장 1곳, 최근접 배출원 105m",,False,해당 시설 유형에 인원 자료 없음,산업·배출시설 공간 노출도,v4 (배출원: 전국 등록공장현황 2024-12-31 반영 5개 구 전역 + 배출업소·폐기물 v2 override 판 / 취약시설: 어린이집·경로당·지역아동센터 + 장애인복지관). geo_level=point 한정
SC0626,신포새롬미리내경로당,경로당,senior_center,4812563000,오동동,마산합포구,35.1998300816405,128.571314874082,56.7,56.7,22,37,54,23,53,72,9,17,3,5,0,3,24,1.045,1.432,1.333,2.0,1.0,42.0,26.44,9,87,78,scenario_stable_high_exposure,stable_high,"300m 이내 배출원 위치 22개, 500m 이내 배출원 위치 37개, 500m 이내 대기 배출업소 9곳, 500m 이내 소각 처리 사업장 3곳, 최근접 배출원 57m",,False,해당 시설 유형에 인원 자료 없음,산업·배출시설 공간 노출도,v4 (배출원: 전국 등록공장현황 2024-12-31 반영 5개 구 전역 + 배출업소·폐기물 v2 override 판 / 취약시설: 어린이집·경로당·지역아동센터 + 장애인복지관). geo_level=point 한정
SC0677,내서읍경로당,경로당,senior_center,4812725000,내서읍,마산회원구,35.2512366980372,128.511398621635,230.4,230.4,1,27,103,1,33,153,2,8,0,5,3,2,20,1.0,1.222,1.485,1.0,1.0,73.4,43.14,34,155,121,scenario_stable_high_exposure,stable_high,"300m 이내 배출원 위치 1개, 500m 이내 배출원 위치 27개, 500m 이내 대기 배출업소 2곳, 500m 이내 지정폐기물 배출사업장 3곳, 500m 이내 소각 처리 사업장 2곳, 최근접 배출원 230m",,False,해당 시설 유형에 인원 자료 없음,산업·배출시설 공간 노출도,v4 (배출원: 전국 등록공장현황 2024-12-31 반영 5개 구 전역 + 배출업소·폐기물 v2 override 판 / 취약시설: 어린이집·경로당·지역아동센터 + 장애인복지관). geo_level=point 한정
SC0682,더푸른아파트경로당,경로당,senior_center,4812725000,내서읍,마산회원구,35.2349142808915,128.502811193217,238.7,238.7,9,25,60,10,30,83,4,2,0,2,1,1,25,1.111,1.2,1.383,1.0,1.0,141.3,7.02,123,154,31,scenario_stable_high_exposure,stable_high,"300m 이내 배출원 위치 9개, 500m 이내 배출원 위치 25개, 500m 이내 대기 배출업소 4곳, 500m 이내 지정폐기물 배출사업장 1곳, 500m 이내 소각 처리 사업장 1곳, 최근접 배출원 239m",,False,해당 시설 유형에 인원 자료 없음,산업·배출시설 공간 노출도,v4 (배출원: 전국 등록공장현황 2024-12-31 반영 5개 구 전역 + 배출업소·폐기물 v2 override 판 / 취약시설: 어린이집·경로당·지역아동센터 + 장애인복지관). geo_level=point 한정
SC0683,동신1차아파트경로당,경로당,senior_center,4812725000,내서읍,마산회원구,35.2501577213049,128.51054075481,89.0,89.0,2,30,113,3,69,163,8,10,0,5,2,2,58,1.5,2.3,1.442,1.0,1.0,47.7,28.63,23,105,82,scenario_stable_high_exposure,stable_high,"300m 이내 배출원 위치 2개, 500m 이내 배출원 위치 30개, 500m 이내 대기 배출업소 8곳, 500m 이내 지정폐기물 배출사업장 2곳, 500m 이내 소각 처리 사업장 2곳, 최근접 배출원 89m",,False,해당 시설 유형에 인원 자료 없음,산업·배출시설 공간 노출도,v4 (배출원: 전국 등록공장현황 2024-12-31 반영 5개 구 전역 + 배출업소·폐기물 v2 override 판 / 취약시설: 어린이집·경로당·지역아동센터 + 장애인복지관). geo_level=point 한정
SC0685,백로아파트경로당,경로당,senior_center,4812725000,내서읍,마산회원구,35.2435145782712,128.505594915547,242.6,242.6,10,46,118,10,53,183,14,10,0,6,2,1,37,1.0,1.152,1.551,1.0,1.0,16.9,5.8,8,30,22,scenario_stable_high_exposure,stable_high,"300m 이내 배출원 위치 10개, 500m 이내 배출원 위치 46개, 500m 이내 대기 배출업소 14곳, 500m 이내 지정폐기물 배출사업장 2곳, 500m 이내 소각 처리 사업장 1곳, 최근접 배출원 243m",,False,해당 시설 유형에 인원 자료 없음,산업·배출시설 공간 노출도,v4 (배출원: 전국 등록공장현황 2024-12-31 반영 5개 구 전역 + 배출업소·폐기물 v2 override 판 / 취약시설: 어린이집·경로당·지역아동센터 + 장애인복지관). geo_level=point 한정
SC0693,삼정경로당,경로당,senior_center,4812725000,내서읍,마산회원구,35.249348839853,128.517456450287,21.9,21.9,21,44,96,24,48,147,8,9,0,6,4,3,33,1.143,1.091,1.531,1.0,1.0,20.9,6.97,9,31,22,scenario_stable_high_exposure,stable_high,"300m 이내 배출원 위치 21개, 500m 이내 배출원 위치 44개, 500m 이내 대기 배출업소 8곳, 500m 이내 지정폐기물 배출사업장 4곳, 500m 이내 소각 처리 사업장 3곳, 최근접 배출원 22m",,False,해당 시설 유형에 인원 자료 없음,산업·배출시설 공간 노출도,v4 (배출원: 전국 등록공장현황 2024-12-31 반영 5개 구 전역 + 배출업소·폐기물 v2 override 판 / 취약시설: 어린이집·경로당·지역아동센터 + 장애인복지관). geo_level=point 한정
SC0697,상동경로당,경로당,senior_center,4812725000,내서읍,마산회원구,35.2459217311452,128.506867108813,285.6,285.6,2,54,118,3,98,183,21,12,0,6,2,1,79,1.5,1.815,1.551,1.0,1.0,24.9,13.47,11,57,46,scenario_stable_high_exposure,stable_high,"300m 이내 배출원 위치 2개, 500m 이내 배출원 위치 54개, 500m 이내 대기 배출업소 21곳, 500m 이내 지정폐기물 배출사업장 2곳, 500m 이내 소각 처리 사업장 1곳, 최근접 배출원 286m",,False,해당 시설 유형에 인원 자료 없음,산업·배출시설 공간 노출도,v4 (배출원: 전국 등록공장현황 2024-12-31 반영 5개 구 전역 + 배출업소·폐기물 v2 override 판 / 취약시설: 어린이집·경로당·지역아동센터 + 장애인복지관). geo_level=point 한정
SC0699,서진아파트경로당,경로당,senior_center,4812725000,내서읍,마산회원구,35.2414144125114,128.504392075774,174.2,174.2,8,34,115,10,51,182,11,9,0,5,3,1,40,1.25,1.5,1.583,1.0,1.0,31.3,14.47,16,65,49,scenario_stable_high_exposure,stable_high,"300m 이내 배출원 위치 8개, 500m 이내 배출원 위치 34개, 500m 이내 대기 배출업소 11곳, 500m 이내 지정폐기물 배출사업장 3곳, 500m 이내 소각 처리 사업장 1곳, 최근접 배출원 174m",,False,해당 시설 유형에 인원 자료 없음,산업·배출시설 공간 노출도,v4 (배출원: 전국 등록공장현황 2024-12-31 반영 5개 구 전역 + 배출업소·폐기물 v2 override 판 / 취약시설: 어린이집·경로당·지역아동센터 + 장애인복지관). geo_level=point 한정
SC0700,수곡경로당,경로당,senior_center,4812725000,내서읍,마산회원구,35.2707838192469,128.500608452809,52.9,52.9,20,35,62,23,39,71,8,12,0,3,1,0,31,1.15,1.114,1.145,1.0,1.0,55.8,29.47,15,103,88,scenario_stable_high_exposure,stable_high,"300m 이내 배출원 위치 20개, 500m 이내 배출원 위치 35개, 500m 이내 대기 배출업소 8곳, 500m 이내 지정폐기물 배출사업장 1곳, 최근접 배출원 53m",,False,해당 시설 유형에 인원 자료 없음,산업·배출시설 공간 노출도,v4 (배출원: 전국 등록공장현황 2024-12-31 반영 5개 구 전역 + 배출업소·폐기물 v2 override 판 / 취약시설: 어린이집·경로당·지역아동센터 + 장애인복지관). geo_level=point 한정
SC0707,신평경로당,경로당,senior_center,4812725000,내서읍,마산회원구,35.2396597505903,128.510211795187,10.9,10.9,24,59,119,26,81,186,15,13,0,7,3,1,64,1.083,1.373,1.563,1.0,1.0,6.2,3.9,1,13,12,scenario_stable_high_exposure,stable_high,"300m 이내 배출원 위치 24개, 500m 이내 배출원 위치 59개, 500m 이내 대기 배출업소 15곳, 500m 이내 지정폐기물 배출사업장 3곳, 500m 이내 소각 처리 사업장 1곳, 최근접 배출원 11m",,False,해당 시설 유형에 인원 자료 없음,산업·배출시설 공간 노출도,v4 (배출원: 전국 등록공장현황 2024-12-31 반영 5개 구 전역 + 배출업소·폐기물 v2 override 판 / 취약시설: 어린이집·경로당·지역아동센터 + 장애인복지관). geo_level=point 한정
SC0715,장미아파트경로당,경로당,senior_center,4812725000,내서읍,마산회원구,35.2430577093079,128.504945237751,235.3,235.3,8,40,116,8,45,181,13,10,0,5,2,1,30,1.0,1.125,1.56,1.0,1.0,27.1,11.58,15,58,43,scenario_stable_high_exposure,stable_high,"300m 이내 배출원 위치 8개, 500m 이내 배출원 위치 40개, 500m 이내 대기 배출업소 13곳, 500m 이내 지정폐기물 배출사업장 2곳, 500m 이내 소각 처리 사업장 1곳, 최근접 배출원 235m",,False,해당 시설 유형에 인원 자료 없음,산업·배출시설 공간 노출도,v4 (배출원: 전국 등록공장현황 2024-12-31 반영 5개 구 전역 + 배출업소·폐기물 v2 override 판 / 취약시설: 어린이집·경로당·지역아동센터 + 장애인복지관). geo_level=point 한정
SC0794,양덕2동 삼각경로당,경로당,senior_center,4812757000,양덕2동,마산회원구,35.2227095150456,128.586596544595,22.0,22.0,14,20,96,16,23,148,4,8,1,3,0,3,8,1.143,1.15,1.542,3.0,1.0,38.9,13.73,16,62,46,scenario_stable_high_exposure,stable_high,"300m 이내 배출원 위치 14개, 500m 이내 배출원 위치 20개, 500m 이내 대기 배출업소 4곳, 500m 이내 소각 처리 사업장 3곳, 최근접 배출원 22m",,False,해당 시설 유형에 인원 자료 없음,산업·배출시설 공간 노출도,v4 (배출원: 전국 등록공장현황 2024-12-31 반영 5개 구 전역 + 배출업소·폐기물 v2 override 판 / 취약시설: 어린이집·경로당·지역아동센터 + 장애인복지관). geo_level=point 한정
SC0803,대림하이빌 아파트 경로당,경로당,senior_center,4812757000,양덕2동,마산회원구,35.2244480825616,128.589145164708,136.9,136.9,9,17,101,9,25,190,4,7,1,5,2,3,10,1.0,1.471,1.881,3.0,1.0,94.2,25.01,60,146,86,scenario_stable_high_exposure,stable_high,"300m 이내 배출원 위치 9개, 500m 이내 배출원 위치 17개, 500m 이내 대기 배출업소 4곳, 500m 이내 지정폐기물 배출사업장 2곳, 500m 이내 소각 처리 사업장 3곳, 최근접 배출원 137m",,False,해당 시설 유형에 인원 자료 없음,산업·배출시설 공간 노출도,v4 (배출원: 전국 등록공장현황 2024-12-31 반영 5개 구 전역 + 배출업소·폐기물 v2 override 판 / 취약시설: 어린이집·경로당·지역아동센터 + 장애인복지관). geo_level=point 한정
SC0807,메트로시티2단지경로당,경로당,senior_center,4812757000,양덕2동,마산회원구,35.2236728605877,128.584565894733,0.0,0.0,9,19,67,11,23,100,5,8,1,5,1,3,5,1.222,1.211,1.493,3.0,1.0,77.6,37.76,16,127,111,scenario_stable_high_exposure,stable_high,"300m 이내 배출원 위치 9개, 500m 이내 배출원 위치 19개, 500m 이내 대기 배출업소 5곳, 500m 이내 지정폐기물 배출사업장 1곳, 500m 이내 소각 처리 사업장 3곳, 최근접 배출원 0m",,False,해당 시설 유형에 인원 자료 없음,산업·배출시설 공간 노출도,v4 (배출원: 전국 등록공장현황 2024-12-31 반영 5개 구 전역 + 배출업소·폐기물 v2 override 판 / 취약시설: 어린이집·경로당·지역아동센터 + 장애인복지관). geo_level=point 한정
SC0810,롯데캐슬하버팰리스아파트경로당,경로당,senior_center,4812757000,양덕2동,마산회원구,35.2220271776522,128.590682864277,107.7,107.7,9,37,216,20,69,329,7,13,1,6,3,3,50,2.222,1.865,1.523,3.0,1.0,13.8,10.4,6,40,34,scenario_stable_high_exposure,stable_high,"300m 이내 배출원 위치 9개, 500m 이내 배출원 위치 37개, 500m 이내 대기 배출업소 7곳, 500m 이내 지정폐기물 배출사업장 3곳, 500m 이내 소각 처리 사업장 3곳, 최근접 배출원 108m",,False,해당 시설 유형에 인원 자료 없음,산업·배출시설 공간 노출도,v4 (배출원: 전국 등록공장현황 2024-12-31 반영 5개 구 전역 + 배출업소·폐기물 v2 override 판 / 취약시설: 어린이집·경로당·지역아동센터 + 장애인복지관). geo_level=point 한정
SC0834,제2남성경로당,경로당,senior_center,4812761000,구암2동,마산회원구,35.2506258912463,128.602100380627,157.0,157.0,8,46,95,42,137,237,16,22,0,17,1,1,118,5.25,2.978,2.495,0.0,1.0,22.6,2.06,17,26,9,scenario_stable_high_exposure,stable_high,"300m 이내 배출원 위치 8개, 500m 이내 배출원 위치 46개, 500m 이내 대기 배출업소 16곳, 500m 이내 지정폐기물 배출사업장 1곳, 500m 이내 소각 처리 사업장 1곳, 최근접 배출원 157m",,False,해당 시설 유형에 인원 자료 없음,산업·배출시설 공간 노출도,v4 (배출원: 전국 등록공장현황 2024-12-31 반영 5개 구 전역 + 배출업소·폐기물 v2 override 판 / 취약시설: 어린이집·경로당·지역아동센터 + 장애인복지관). geo_level=point 한정
SC0835,제2여성경로당,경로당,senior_center,4812761000,구암2동,마산회원구,35.2506258912463,128.602100380627,157.0,157.0,8,46,95,42,137,237,16,22,0,17,1,1,118,5.25,2.978,2.495,0.0,1.0,22.6,2.06,17,26,9,scenario_stable_high_exposure,stable_high,"300m 이내 배출원 위치 8개, 500m 이내 배출원 위치 46개, 500m 이내 대기 배출업소 16곳, 500m 이내 지정폐기물 배출사업장 1곳, 500m 이내 소각 처리 사업장 1곳, 최근접 배출원 157m",,False,해당 시설 유형에 인원 자료 없음,산업·배출시설 공간 노출도,v4 (배출원: 전국 등록공장현황 2024-12-31 반영 5개 구 전역 + 배출업소·폐기물 v2 override 판 / 취약시설: 어린이집·경로당·지역아동센터 + 장애인복지관). geo_level=point 한정
SC0842,봉암동제1남성경로당,경로당,senior_center,4812762000,봉암동,마산회원구,35.2232067718145,128.598442170377,165.3,165.3,1,20,250,34,57,381,6,4,1,3,1,1,49,34.0,2.85,1.524,0.0,1.0,42.3,50.06,8,133,125,scenario_stable_high_exposure,stable_high,"300m 이내 배출원 위치 1개, 500m 이내 배출원 위치 20개, 500m 이내 대기 배출업소 6곳, 500m 이내 지정폐기물 배출사업장 1곳, 500m 이내 소각 처리 사업장 1곳, 최근접 배출원 165m",,False,해당 시설 유형에 인원 자료 없음,산업·배출시설 공간 노출도,v4 (배출원: 전국 등록공장현황 2024-12-31 반영 5개 구 전역 + 배출업소·폐기물 v2 override 판 / 취약시설: 어린이집·경로당·지역아동센터 + 장애인복지관). geo_level=point 한정
SC0843,봉암동제1여성경로당,경로당,senior_center,4812762000,봉암동,마산회원구,35.2232067718145,128.598442170377,165.3,165.3,1,20,250,34,57,381,6,4,1,3,1,1,49,34.0,2.85,1.524,0.0,1.0,42.3,50.06,8,133,125,scenario_stable_high_exposure,stable_high,"300m 이내 배출원 위치 1개, 500m 이내 배출원 위치 20개, 500m 이내 대기 배출업소 6곳, 500m 이내 지정폐기물 배출사업장 1곳, 500m 이내 소각 처리 사업장 1곳, 최근접 배출원 165m",,False,해당 시설 유형에 인원 자료 없음,산업·배출시설 공간 노출도,v4 (배출원: 전국 등록공장현황 2024-12-31 반영 5개 구 전역 + 배출업소·폐기물 v2 override 판 / 취약시설: 어린이집·경로당·지역아동센터 + 장애인복지관). geo_level=point 한정
SC0844,봉암동제2남성경로당,경로당,senior_center,4812762000,봉암동,마산회원구,35.2212833430916,128.597201200198,102.3,102.3,24,84,371,30,146,539,15,16,1,6,4,1,127,1.25,1.738,1.453,0.0,1.0,2.1,1.05,1,4,3,scenario_stable_high_exposure,stable_high,"300m 이내 배출원 위치 24개, 500m 이내 배출원 위치 84개, 500m 이내 대기 배출업소 15곳, 500m 이내 지정폐기물 배출사업장 4곳, 500m 이내 소각 처리 사업장 1곳, 최근접 배출원 102m",,False,해당 시설 유형에 인원 자료 없음,산업·배출시설 공간 노출도,v4 (배출원: 전국 등록공장현황 2024-12-31 반영 5개 구 전역 + 배출업소·폐기물 v2 override 판 / 취약시설: 어린이집·경로당·지역아동센터 + 장애인복지관). geo_level=point 한정
SC0845,봉암동제2여성경로당,경로당,senior_center,4812762000,봉암동,마산회원구,35.2212833430916,128.597201200198,102.3,102.3,24,84,371,30,146,539,15,16,1,6,4,1,127,1.25,1.738,1.453,0.0,1.0,2.1,1.05,1,4,3,scenario_stable_high_exposure,stable_high,"300m 이내 배출원 위치 24개, 500m 이내 배출원 위치 84개, 500m 이내 대기 배출업소 15곳, 500m 이내 지정폐기물 배출사업장 4곳, 500m 이내 소각 처리 사업장 1곳, 최근접 배출원 102m",,False,해당 시설 유형에 인원 자료 없음,산업·배출시설 공간 노출도,v4 (배출원: 전국 등록공장현황 2024-12-31 반영 5개 구 전역 + 배출업소·폐기물 v2 override 판 / 취약시설: 어린이집·경로당·지역아동센터 + 장애인복지관). geo_level=point 한정
SC0846,봉암서광아파트경로당,경로당,senior_center,4812762000,봉암동,마산회원구,35.2168709072785,128.612914103181,196.8,196.8,5,16,99,6,21,135,6,5,0,7,4,4,15,1.2,1.312,1.364,0.0,1.0,81.3,22.07,50,132,82,scenario_stable_high_exposure,stable_high,"300m 이내 배출원 위치 5개, 500m 이내 배출원 위치 16개, 500m 이내 대기 배출업소 6곳, 500m 이내 지정폐기물 배출사업장 4곳, 500m 이내 소각 처리 사업장 4곳, 최근접 배출원 197m",,False,해당 시설 유형에 인원 자료 없음,산업·배출시설 공간 노출도,v4 (배출원: 전국 등록공장현황 2024-12-31 반영 5개 구 전역 + 배출업소·폐기물 v2 override 판 / 취약시설: 어린이집·경로당·지역아동센터 + 장애인복지관). geo_level=point 한정
SC1004,월남경로당,경로당,senior_center,4812964000,웅동1동,진해구,35.1181629354804,128.776205347829,102.8,102.8,18,34,102,23,50,129,0,0,0,0,0,0,50,1.278,1.471,1.265,3.0,1.0,87.0,21.39,47,127,80,scenario_stable_high_exposure,stable_high,"300m 이내 배출원 위치 18개, 500m 이내 배출원 위치 34개, 최근접 배출원 103m",,False,해당 시설 유형에 인원 자료 없음,산업·배출시설 공간 노출도,v4 (배출원: 전국 등록공장현황 2024-12-31 반영 5개 구 전역 + 배출업소·폐기물 v2 override 판 / 취약시설: 어린이집·경로당·지역아동센터 + 장애인복지관). geo_level=point 한정
SC1005,영길경로당,경로당,senior_center,4812964000,웅동1동,진해구,35.114620963794,128.781853335229,173.7,173.7,8,42,129,12,55,165,0,0,0,0,0,0,55,1.5,1.31,1.279,3.0,1.0,72.6,16.54,48,105,57,scenario_stable_high_exposure,stable_high,"300m 이내 배출원 위치 8개, 500m 이내 배출원 위치 42개, 최근접 배출원 174m",,False,해당 시설 유형에 인원 자료 없음,산업·배출시설 공간 노출도,v4 (배출원: 전국 등록공장현황 2024-12-31 반영 5개 구 전역 + 배출업소·폐기물 v2 override 판 / 취약시설: 어린이집·경로당·지역아동센터 + 장애인복지관). geo_level=point 한정
SC1006,영길부녀경로당,경로당,senior_center,4812964000,웅동1동,진해구,35.114620963794,128.781853335229,173.7,173.7,8,42,129,12,55,165,0,0,0,0,0,0,55,1.5,1.31,1.279,3.0,1.0,72.6,16.54,48,105,57,scenario_stable_high_exposure,stable_high,"300m 이내 배출원 위치 8개, 500m 이내 배출원 위치 42개, 최근접 배출원 174m",,False,해당 시설 유형에 인원 자료 없음,산업·배출시설 공간 노출도,v4 (배출원: 전국 등록공장현황 2024-12-31 반영 5개 구 전역 + 배출업소·폐기물 v2 override 판 / 취약시설: 어린이집·경로당·지역아동센터 + 장애인복지관). geo_level=point 한정
SC1009,청안해오름프리존빌경로당,경로당,senior_center,4812964000,웅동1동,진해구,35.1200981327355,128.790686053214,136.1,136.1,8,37,108,9,46,131,0,1,0,0,0,0,45,1.125,1.243,1.213,3.0,1.0,95.0,19.2,61,139,78,scenario_stable_high_exposure,stable_high,"300m 이내 배출원 위치 8개, 500m 이내 배출원 위치 37개, 최근접 배출원 136m",,False,해당 시설 유형에 인원 자료 없음,산업·배출시설 공간 노출도,v4 (배출원: 전국 등록공장현황 2024-12-31 반영 5개 구 전역 + 배출업소·폐기물 v2 override 판 / 취약시설: 어린이집·경로당·지역아동센터 + 장애인복지관). geo_level=point 한정
SC1011,내곡경로당,경로당,senior_center,4812964000,웅동1동,진해구,35.1231349028297,128.78965278589,95.2,95.2,8,28,101,9,36,121,1,2,1,0,0,0,33,1.125,1.286,1.198,3.0,1.0,127.5,12.78,98,157,59,scenario_stable_high_exposure,stable_high,"300m 이내 배출원 위치 8개, 500m 이내 배출원 위치 28개, 500m 이내 대기 배출업소 1곳, 최근접 배출원 95m",,False,해당 시설 유형에 인원 자료 없음,산업·배출시설 공간 노출도,v4 (배출원: 전국 등록공장현황 2024-12-31 반영 5개 구 전역 + 배출업소·폐기물 v2 override 판 / 취약시설: 어린이집·경로당·지역아동센터 + 장애인복지관). geo_level=point 한정
SC1016,우방아이유쉘경로당,경로당,senior_center,4812964000,웅동1동,진해구,35.1200516462816,128.779765840786,175.3,175.3,9,58,129,10,72,163,1,2,0,0,0,0,69,1.111,1.241,1.264,3.0,1.0,51.4,12.73,31,75,44,scenario_stable_high_exposure,stable_high,"300m 이내 배출원 위치 9개, 500m 이내 배출원 위치 58개, 500m 이내 대기 배출업소 1곳, 최근접 배출원 175m",,False,해당 시설 유형에 인원 자료 없음,산업·배출시설 공간 노출도,v4 (배출원: 전국 등록공장현황 2024-12-31 반영 5개 구 전역 + 배출업소·폐기물 v2 override 판 / 취약시설: 어린이집·경로당·지역아동센터 + 장애인복지관). geo_level=point 한정
CC0220,창원시청어린이집,어린이집,childcare,4812351500,용지동,성산구,35.2283675994713,128.681258482632,0.0,0.0,7,17,40,9,19,44,9,1,0,6,0,5,7,1.286,1.118,1.1,0.0,0.972,115.8,38.55,43,161,118,scenario_stable_high_exposure,stable_high,"300m 이내 배출원 위치 7개, 500m 이내 배출원 위치 17개, 500m 이내 대기 배출업소 9곳, 500m 이내 소각 처리 사업장 5곳, 최근접 배출원 0m",77.0,True,어린이집 정원(인가 기준). 실제 재원 인원·실제 노출 인원이 아님,산업·배출시설 공간 노출도,v4 (배출원: 전국 등록공장현황 2024-12-31 반영 5개 구 전역 + 배출업소·폐기물 v2 override 판 / 취약시설: 어린이집·경로당·지역아동센터 + 장애인복지관). geo_level=point 한정
CC0232,창원중앙어린이집,어린이집,childcare,4812352000,중앙동,성산구,35.2269916812485,128.676836941233,0.0,0.0,11,17,38,12,19,40,6,1,0,5,0,4,10,1.091,1.118,1.053,19.0,0.972,125.1,32.15,67,164,97,scenario_stable_high_exposure,stable_high,"300m 이내 배출원 위치 11개, 500m 이내 배출원 위치 17개, 500m 이내 대기 배출업소 6곳, 500m 이내 소각 처리 사업장 4곳, 최근접 배출원 0m",49.0,True,어린이집 정원(인가 기준). 실제 재원 인원·실제 노출 인원이 아님,산업·배출시설 공간 노출도,v4 (배출원: 전국 등록공장현황 2024-12-31 반영 5개 구 전역 + 배출업소·폐기물 v2 override 판 / 취약시설: 어린이집·경로당·지역아동센터 + 장애인복지관). geo_level=point 한정
CC0283,경남청사 예다움어린이집,어린이집,childcare,4812563000,오동동,마산합포구,35.1949875379581,128.572099701607,0.0,0.0,4,15,46,7,18,64,6,6,2,6,0,1,3,1.75,1.2,1.391,2.0,0.972,118.7,42.71,40,163,123,scenario_stable_high_exposure,stable_high,"300m 이내 배출원 위치 4개, 500m 이내 배출원 위치 15개, 500m 이내 대기 배출업소 6곳, 500m 이내 소각 처리 사업장 1곳, 최근접 배출원 0m",58.0,True,어린이집 정원(인가 기준). 실제 재원 인원·실제 노출 인원이 아님,산업·배출시설 공간 노출도,v4 (배출원: 전국 등록공장현황 2024-12-31 반영 5개 구 전역 + 배출업소·폐기물 v2 override 판 / 취약시설: 어린이집·경로당·지역아동센터 + 장애인복지관). geo_level=point 한정
CC0348,아마데우스어린이집,어린이집,childcare,4812761000,구암2동,마산회원구,35.2499892804064,128.599128995578,97.4,97.4,2,7,84,5,36,207,1,3,0,5,1,0,27,2.5,5.143,2.464,0.0,0.972,120.2,19.2,94,165,71,scenario_stable_high_exposure,stable_high,"300m 이내 배출원 위치 2개, 500m 이내 배출원 위치 7개, 500m 이내 대기 배출업소 1곳, 500m 이내 지정폐기물 배출사업장 1곳, 최근접 배출원 97m",45.0,True,어린이집 정원(인가 기준). 실제 재원 인원·실제 노출 인원이 아님,산업·배출시설 공간 노출도,v4 (배출원: 전국 등록공장현황 2024-12-31 반영 5개 구 전역 + 배출업소·폐기물 v2 override 판 / 취약시설: 어린이집·경로당·지역아동센터 + 장애인복지관). geo_level=point 한정
SC0270,중앙경로당,경로당,senior_center,4812352000,중앙동,성산구,35.2265222932752,128.676735243405,52.9,52.9,9,19,38,10,21,40,7,1,0,5,0,4,11,1.111,1.105,1.053,19.0,0.972,127.9,28.33,78,162,84,scenario_stable_high_exposure,stable_high,"300m 이내 배출원 위치 9개, 500m 이내 배출원 위치 19개, 500m 이내 대기 배출업소 7곳, 500m 이내 소각 처리 사업장 4곳, 최근접 배출원 53m",,False,해당 시설 유형에 인원 자료 없음,산업·배출시설 공간 노출도,v4 (배출원: 전국 등록공장현황 2024-12-31 반영 5개 구 전역 + 배출업소·폐기물 v2 override 판 / 취약시설: 어린이집·경로당·지역아동센터 + 장애인복지관). geo_level=point 한정
SC0436,외추경로당,경로당,senior_center,4812533000,진북면,마산합포구,35.1566979941188,128.478977134984,63.1,63.1,7,24,43,7,36,61,9,3,8,5,0,1,20,1.0,1.5,1.419,3.0,0.972,132.5,27.25,84,167,83,scenario_stable_high_exposure,stable_high,"300m 이내 배출원 위치 7개, 500m 이내 배출원 위치 24개, 500m 이내 대기 배출업소 9곳, 500m 이내 소각 처리 사업장 1곳, 최근접 배출원 63m",,False,해당 시설 유형에 인원 자료 없음,산업·배출시설 공간 노출도,v4 (배출원: 전국 등록공장현황 2024-12-31 반영 5개 구 전역 + 배출업소·폐기물 v2 override 판 / 취약시설: 어린이집·경로당·지역아동센터 + 장애인복지관). geo_level=point 한정
SC0832,제1남성경로당,경로당,senior_center,4812761000,구암2동,마산회원구,35.2499892804064,128.599128995578,97.4,97.4,2,7,84,5,36,207,1,3,0,5,1,0,27,2.5,5.143,2.464,0.0,0.972,120.2,19.2,94,165,71,scenario_stable_high_exposure,stable_high,"300m 이내 배출원 위치 2개, 500m 이내 배출원 위치 7개, 500m 이내 대기 배출업소 1곳, 500m 이내 지정폐기물 배출사업장 1곳, 최근접 배출원 97m",,False,해당 시설 유형에 인원 자료 없음,산업·배출시설 공간 노출도,v4 (배출원: 전국 등록공장현황 2024-12-31 반영 5개 구 전역 + 배출업소·폐기물 v2 override 판 / 취약시설: 어린이집·경로당·지역아동센터 + 장애인복지관). geo_level=point 한정
SC0833,제1여성경로당,경로당,senior_center,4812761000,구암2동,마산회원구,35.2499892804064,128.599128995578,97.4,97.4,2,7,84,5,36,207,1,3,0,5,1,0,27,2.5,5.143,2.464,0.0,0.972,120.2,19.2,94,165,71,scenario_stable_high_exposure,stable_high,"300m 이내 배출원 위치 2개, 500m 이내 배출원 위치 7개, 500m 이내 대기 배출업소 1곳, 500m 이내 지정폐기물 배출사업장 1곳, 최근접 배출원 97m",,False,해당 시설 유형에 인원 자료 없음,산업·배출시설 공간 노출도,v4 (배출원: 전국 등록공장현황 2024-12-31 반영 5개 구 전역 + 배출업소·폐기물 v2 override 판 / 취약시설: 어린이집·경로당·지역아동센터 + 장애인복지관). geo_level=point 한정
CC0080,창원시립 유니시티1단지어린이집,어린이집,childcare,4812151000,의창동,의창구,35.2547175932958,128.626231704119,0.0,0.0,3,3,93,3,3,271,3,0,0,0,0,0,0,1.0,1.0,2.914,4.0,0.028,263.2,91.22,160,424,264,scenario_stable_non_high,other,"300m 이내 배출원 위치 3개, 500m 이내 배출원 위치 3개, 500m 이내 대기 배출업소 3곳, 최근접 배출원 0m",82.0,True,어린이집 정원(인가 기준). 실제 재원 인원·실제 노출 인원이 아님,산업·배출시설 공간 노출도,v4 (배출원: 전국 등록공장현황 2024-12-31 반영 5개 구 전역 + 배출업소·폐기물 v2 override 판 / 취약시설: 어린이집·경로당·지역아동센터 + 장애인복지관). geo_level=point 한정
CC0085,다숲어린이집,어린이집,childcare,4812151000,의창동,의창구,35.2610210936584,128.619938884659,127.2,127.2,10,18,41,11,21,44,1,12,0,1,0,0,7,1.1,1.167,1.073,4.0,0.028,263.2,53.68,159,353,194,scenario_stable_non_high,other,"300m 이내 배출원 위치 10개, 500m 이내 배출원 위치 18개, 500m 이내 대기 배출업소 1곳, 최근접 배출원 127m",23.0,True,어린이집 정원(인가 기준). 실제 재원 인원·실제 노출 인원이 아님,산업·배출시설 공간 노출도,v4 (배출원: 전국 등록공장현황 2024-12-31 반영 5개 구 전역 + 배출업소·폐기물 v2 override 판 / 취약시설: 어린이집·경로당·지역아동센터 + 장애인복지관). geo_level=point 한정
CC0143,아이친구어린이집,어린이집,childcare,4812351000,반송동,성산구,35.2389088714804,128.676705701823,0.0,0.0,2,2,15,2,2,15,2,0,0,0,0,0,0,1.0,1.0,1.0,0.0,0.028,642.4,270.57,158,947,789,scenario_stable_non_high,other,"300m 이내 배출원 위치 2개, 500m 이내 배출원 위치 2개, 500m 이내 대기 배출업소 2곳, 최근접 배출원 0m",19.0,True,어린이집 정원(인가 기준). 실제 재원 인원·실제 노출 인원이 아님,산업·배출시설 공간 노출도,v4 (배출원: 전국 등록공장현황 2024-12-31 반영 5개 구 전역 + 배출업소·폐기물 v2 override 판 / 취약시설: 어린이집·경로당·지역아동센터 + 장애인복지관). geo_level=point 한정
CC0244,KIMS어린이집,어린이집,childcare,4812352000,중앙동,성산구,35.2151415907878,128.677763012734,0.0,0.0,1,3,38,1,3,64,2,2,0,2,0,1,1,1.0,1.0,1.684,19.0,0.028,278.6,63.74,157,379,222,scenario_stable_non_high,other,"300m 이내 배출원 위치 1개, 500m 이내 배출원 위치 3개, 500m 이내 대기 배출업소 2곳, 500m 이내 소각 처리 사업장 1곳, 최근접 배출원 0m",49.0,True,어린이집 정원(인가 기준). 실제 재원 인원·실제 노출 인원이 아님,산업·배출시설 공간 노출도,v4 (배출원: 전국 등록공장현황 2024-12-31 반영 5개 구 전역 + 배출업소·폐기물 v2 override 판 / 취약시설: 어린이집·경로당·지역아동센터 + 장애인복지관). geo_level=point 한정
CC0436,근로복지공단 진해어린이집,어린이집,childcare,4812958000,석동,진해구,35.1554502745728,128.698079026285,88.8,88.8,1,10,24,1,10,24,0,4,1,3,3,2,3,1.0,1.0,1.0,2.0,0.028,361.1,114.71,151,570,419,scenario_stable_non_high,other,"300m 이내 배출원 위치 1개, 500m 이내 배출원 위치 10개, 500m 이내 지정폐기물 배출사업장 3곳, 500m 이내 소각 처리 사업장 2곳, 최근접 배출원 89m",140.0,True,어린이집 정원(인가 기준). 실제 재원 인원·실제 노출 인원이 아님,산업·배출시설 공간 노출도,v4 (배출원: 전국 등록공장현황 2024-12-31 반영 5개 구 전역 + 배출업소·폐기물 v2 override 판 / 취약시설: 어린이집·경로당·지역아동센터 + 장애인복지관). geo_level=point 한정
CH0049,행복한지역아동센터,지역아동센터,community_child_center,4812563000,오동동,마산합포구,35.2065568862979,128.573240027436,45.5,45.5,4,11,66,4,14,87,1,3,1,0,0,0,9,1.0,1.273,1.318,2.0,0.028,201.8,31.48,160,269,109,scenario_stable_non_high,other,"300m 이내 배출원 위치 4개, 500m 이내 배출원 위치 11개, 500m 이내 대기 배출업소 1곳, 최근접 배출원 46m",,False,해당 시설 유형에 인원 자료 없음,산업·배출시설 공간 노출도,v4 (배출원: 전국 등록공장현황 2024-12-31 반영 5개 구 전역 + 배출업소·폐기물 v2 override 판 / 취약시설: 어린이집·경로당·지역아동센터 + 장애인복지관). geo_level=point 한정
SC0203,대동다숲아파트경로당,경로당,senior_center,4812151000,의창동,의창구,35.2610210936584,128.619938884659,127.2,127.2,10,18,41,11,21,44,1,12,0,1,0,0,7,1.1,1.167,1.073,4.0,0.028,263.2,53.68,159,353,194,scenario_stable_non_high,other,"300m 이내 배출원 위치 10개, 500m 이내 배출원 위치 18개, 500m 이내 대기 배출업소 1곳, 최근접 배출원 127m",,False,해당 시설 유형에 인원 자료 없음,산업·배출시설 공간 노출도,v4 (배출원: 전국 등록공장현황 2024-12-31 반영 5개 구 전역 + 배출업소·폐기물 v2 override 판 / 취약시설: 어린이집·경로당·지역아동센터 + 장애인복지관). geo_level=point 한정
SC0207,무학서문마을아파트경로당,경로당,senior_center,4812151000,의창동,의창구,35.2621854879976,128.622694781732,89.9,89.9,5,13,39,6,14,43,0,7,0,2,0,1,6,1.2,1.077,1.103,4.0,0.028,316.5,90.73,155,460,305,scenario_stable_non_high,other,"300m 이내 배출원 위치 5개, 500m 이내 배출원 위치 13개, 500m 이내 소각 처리 사업장 1곳, 최근접 배출원 90m",,False,해당 시설 유형에 인원 자료 없음,산업·배출시설 공간 노출도,v4 (배출원: 전국 등록공장현황 2024-12-31 반영 5개 구 전역 + 배출업소·폐기물 v2 override 판 / 취약시설: 어린이집·경로당·지역아동센터 + 장애인복지관). geo_level=point 한정
SC0208,유니시티1단지아파트경로당,경로당,senior_center,4812151000,의창동,의창구,35.2547175932958,128.626231704119,0.0,0.0,3,3,93,3,3,271,3,0,0,0,0,0,0,1.0,1.0,2.914,4.0,0.028,263.2,91.22,160,424,264,scenario_stable_non_high,other,"300m 이내 배출원 위치 3개, 500m 이내 배출원 위치 3개, 500m 이내 대기 배출업소 3곳, 최근접 배출원 0m",,False,해당 시설 유형에 인원 자료 없음,산업·배출시설 공간 노출도,v4 (배출원: 전국 등록공장현황 2024-12-31 반영 5개 구 전역 + 배출업소·폐기물 v2 override 판 / 취약시설: 어린이집·경로당·지역아동센터 + 장애인복지관). geo_level=point 한정
SC0261,현대건설A 경로당,경로당,senior_center,4812351000,반송동,성산구,35.2377597370357,128.67526711791,0.0,0.0,2,4,14,2,4,14,2,1,0,0,0,0,1,1.0,1.0,1.0,0.0,0.028,640.1,270.7,153,960,807,scenario_stable_non_high,other,"300m 이내 배출원 위치 2개, 500m 이내 배출원 위치 4개, 500m 이내 대기 배출업소 2곳, 최근접 배출원 0m",,False,해당 시설 유형에 인원 자료 없음,산업·배출시설 공간 노출도,v4 (배출원: 전국 등록공장현황 2024-12-31 반영 5개 구 전역 + 배출업소·폐기물 v2 override 판 / 취약시설: 어린이집·경로당·지역아동센터 + 장애인복지관). geo_level=point 한정
SC0262,현대산업A 경로당,경로당,senior_center,4812351000,반송동,성산구,35.2389088714804,128.676705701823,0.0,0.0,2,2,15,2,2,15,2,0,0,0,0,0,0,1.0,1.0,1.0,0.0,0.028,642.4,270.57,158,947,789,scenario_stable_non_high,other,"300m 이내 배출원 위치 2개, 500m 이내 배출원 위치 2개, 500m 이내 대기 배출업소 2곳, 최근접 배출원 0m",,False,해당 시설 유형에 인원 자료 없음,산업·배출시설 공간 노출도,v4 (배출원: 전국 등록공장현황 2024-12-31 반영 5개 구 전역 + 배출업소·폐기물 v2 override 판 / 취약시설: 어린이집·경로당·지역아동센터 + 장애인복지관). geo_level=point 한정
SC0443,중촌경로당,경로당,senior_center,4812533000,진북면,마산합포구,35.1712242265,128.470736640161,105.3,105.3,5,11,34,6,14,41,4,1,4,3,0,1,9,1.2,1.273,1.206,3.0,0.028,248.5,49.0,159,332,173,scenario_stable_non_high,other,"300m 이내 배출원 위치 5개, 500m 이내 배출원 위치 11개, 500m 이내 대기 배출업소 4곳, 500m 이내 소각 처리 사업장 1곳, 최근접 배출원 105m",,False,해당 시설 유형에 인원 자료 없음,산업·배출시설 공간 노출도,v4 (배출원: 전국 등록공장현황 2024-12-31 반영 5개 구 전역 + 배출업소·폐기물 v2 override 판 / 취약시설: 어린이집·경로당·지역아동센터 + 장애인복지관). geo_level=point 한정
SC0484,봉암경로당,경로당,senior_center,<NA>,진전면,마산합포구,35.2138397890301,128.615773123641,176.7,176.7,3,7,49,4,11,81,3,2,0,5,4,3,6,1.333,1.571,1.653,,0.028,212.7,55.57,155,335,180,scenario_stable_non_high,other,"300m 이내 배출원 위치 3개, 500m 이내 배출원 위치 7개, 500m 이내 대기 배출업소 3곳, 500m 이내 지정폐기물 배출사업장 4곳, 500m 이내 소각 처리 사업장 3곳, 최근접 배출원 177m",,False,해당 시설 유형에 인원 자료 없음,산업·배출시설 공간 노출도,v4 (배출원: 전국 등록공장현황 2024-12-31 반영 5개 구 전역 + 배출업소·폐기물 v2 override 판 / 취약시설: 어린이집·경로당·지역아동센터 + 장애인복지관). geo_level=point 한정
SC0717,죽암경로당,경로당,senior_center,4812725000,내서읍,마산회원구,35.2557436837059,128.509783878649,146.8,146.8,3,4,49,5,6,68,0,2,0,4,2,2,0,1.667,1.5,1.388,1.0,0.028,208.4,38.92,150,293,143,scenario_stable_non_high,other,"300m 이내 배출원 위치 3개, 500m 이내 배출원 위치 4개, 500m 이내 지정폐기물 배출사업장 2곳, 500m 이내 소각 처리 사업장 2곳, 최근접 배출원 147m",,False,해당 시설 유형에 인원 자료 없음,산업·배출시설 공간 노출도,v4 (배출원: 전국 등록공장현황 2024-12-31 반영 5개 구 전역 + 배출업소·폐기물 v2 override 판 / 취약시설: 어린이집·경로당·지역아동센터 + 장애인복지관). geo_level=point 한정
SC0847,봉암본동경로당,경로당,senior_center,4812762000,봉암동,마산회원구,35.214109417764,128.615794830105,175.8,175.8,3,7,48,4,11,80,3,2,0,5,4,3,6,1.333,1.571,1.667,0.0,0.028,212.2,50.78,158,324,166,scenario_stable_non_high,other,"300m 이내 배출원 위치 3개, 500m 이내 배출원 위치 7개, 500m 이내 대기 배출업소 3곳, 500m 이내 지정폐기물 배출사업장 4곳, 500m 이내 소각 처리 사업장 3곳, 최근접 배출원 176m",,False,해당 시설 유형에 인원 자료 없음,산업·배출시설 공간 노출도,v4 (배출원: 전국 등록공장현황 2024-12-31 반영 5개 구 전역 + 배출업소·폐기물 v2 override 판 / 취약시설: 어린이집·경로당·지역아동센터 + 장애인복지관). geo_level=point 한정
SC0848,봉암본동부녀경로당,경로당,senior_center,4812762000,봉암동,마산회원구,35.214109417764,128.615794830105,175.8,175.8,3,7,48,4,11,80,3,2,0,5,4,3,6,1.333,1.571,1.667,0.0,0.028,212.2,50.78,158,324,166,scenario_stable_non_high,other,"300m 이내 배출원 위치 3개, 500m 이내 배출원 위치 7개, 500m 이내 대기 배출업소 3곳, 500m 이내 지정폐기물 배출사업장 4곳, 500m 이내 소각 처리 사업장 3곳, 최근접 배출원 176m",,False,해당 시설 유형에 인원 자료 없음,산업·배출시설 공간 노출도,v4 (배출원: 전국 등록공장현황 2024-12-31 반영 5개 구 전역 + 배출업소·폐기물 v2 override 판 / 취약시설: 어린이집·경로당·지역아동센터 + 장애인복지관). geo_level=point 한정
SC0961,장천동경로당,경로당,senior_center,4812962000,풍호동,진해구,35.1299064805917,128.704800736857,140.4,140.4,2,10,29,2,10,37,3,4,1,3,3,2,2,1.0,1.0,1.276,3.0,0.028,271.4,94.4,159,467,308,scenario_stable_non_high,other,"300m 이내 배출원 위치 2개, 500m 이내 배출원 위치 10개, 500m 이내 대기 배출업소 3곳, 500m 이내 지정폐기물 배출사업장 3곳, 500m 이내 소각 처리 사업장 2곳, 최근접 배출원 140m",,False,해당 시설 유형에 인원 자료 없음,산업·배출시설 공간 노출도,v4 (배출원: 전국 등록공장현황 2024-12-31 반영 5개 구 전역 + 배출업소·폐기물 v2 override 판 / 취약시설: 어린이집·경로당·지역아동센터 + 장애인복지관). geo_level=point 한정
SC0962,장천동부녀경로당,경로당,senior_center,4812962000,풍호동,진해구,35.1299064805917,128.704800736857,140.4,140.4,2,10,29,2,10,37,3,4,1,3,3,2,2,1.0,1.0,1.276,3.0,0.028,271.4,94.4,159,467,308,scenario_stable_non_high,other,"300m 이내 배출원 위치 2개, 500m 이내 배출원 위치 10개, 500m 이내 대기 배출업소 3곳, 500m 이내 지정폐기물 배출사업장 3곳, 500m 이내 소각 처리 사업장 2곳, 최근접 배출원 140m",,False,해당 시설 유형에 인원 자료 없음,산업·배출시설 공간 노출도,v4 (배출원: 전국 등록공장현황 2024-12-31 반영 5개 구 전역 + 배출업소·폐기물 v2 override 판 / 취약시설: 어린이집·경로당·지역아동센터 + 장애인복지관). geo_level=point 한정
SC0972,장천대동다숲부녀경로당,경로당,senior_center,4812962000,풍호동,진해구,35.1292307376018,128.704756043594,133.8,133.8,1,10,29,1,10,37,2,3,1,2,2,1,3,1.0,1.0,1.276,3.0,0.028,289.2,98.67,154,482,328,scenario_stable_non_high,other,"300m 이내 배출원 위치 1개, 500m 이내 배출원 위치 10개, 500m 이내 대기 배출업소 2곳, 500m 이내 지정폐기물 배출사업장 2곳, 500m 이내 소각 처리 사업장 1곳, 최근접 배출원 134m",,False,해당 시설 유형에 인원 자료 없음,산업·배출시설 공간 노출도,v4 (배출원: 전국 등록공장현황 2024-12-31 반영 5개 구 전역 + 배출업소·폐기물 v2 override 판 / 취약시설: 어린이집·경로당·지역아동센터 + 장애인복지관). geo_level=point 한정
CC0003,청아어린이집,어린이집,childcare,4812125000,동읍,의창구,35.278350737887,128.688785283133,128.9,128.9,5,7,15,5,8,18,1,1,0,1,0,1,5,1.0,1.143,1.2,2.0,0.0,555.1,146.82,284,722,438,scenario_stable_non_high,other,"300m 이내 배출원 위치 5개, 500m 이내 배출원 위치 7개, 500m 이내 대기 배출업소 1곳, 500m 이내 소각 처리 사업장 1곳, 최근접 배출원 129m",111.0,True,어린이집 정원(인가 기준). 실제 재원 인원·실제 노출 인원이 아님,산업·배출시설 공간 노출도,v4 (배출원: 전국 등록공장현황 2024-12-31 반영 5개 구 전역 + 배출업소·폐기물 v2 override 판 / 취약시설: 어린이집·경로당·지역아동센터 + 장애인복지관). geo_level=point 한정
CC0004,청음어린이집,어린이집,childcare,4812125000,동읍,의창구,35.2784011336007,128.689009867805,129.0,129.0,5,7,15,5,8,18,1,1,0,1,0,1,5,1.0,1.143,1.2,2.0,0.0,567.8,132.36,321,724,403,scenario_stable_non_high,other,"300m 이내 배출원 위치 5개, 500m 이내 배출원 위치 7개, 500m 이내 대기 배출업소 1곳, 500m 이내 소각 처리 사업장 1곳, 최근접 배출원 129m",46.0,True,어린이집 정원(인가 기준). 실제 재원 인원·실제 노출 인원이 아님,산업·배출시설 공간 노출도,v4 (배출원: 전국 등록공장현황 2024-12-31 반영 5개 구 전역 + 배출업소·폐기물 v2 override 판 / 취약시설: 어린이집·경로당·지역아동센터 + 장애인복지관). geo_level=point 한정
CC0005,꿈샘어린이집,어린이집,childcare,4812125000,동읍,의창구,35.2731691757173,128.705596469792,71.0,71.0,3,3,6,3,3,7,0,0,0,0,0,0,3,1.0,1.0,1.167,2.0,0.0,1119.2,216.87,725,1329,604,scenario_stable_non_high,other,"300m 이내 배출원 위치 3개, 500m 이내 배출원 위치 3개, 최근접 배출원 71m",39.0,True,어린이집 정원(인가 기준). 실제 재원 인원·실제 노출 인원이 아님,산업·배출시설 공간 노출도,v4 (배출원: 전국 등록공장현황 2024-12-31 반영 5개 구 전역 + 배출업소·폐기물 v2 override 판 / 취약시설: 어린이집·경로당·지역아동센터 + 장애인복지관). geo_level=point 한정
CC0006,동읍다람어린이집,어린이집,childcare,4812125000,동읍,의창구,35.280400900251,128.68984347589,238.7,238.7,2,6,17,2,6,21,1,1,0,1,0,1,3,1.0,1.0,1.235,2.0,0.0,747.0,35.44,679,819,140,scenario_stable_non_high,other,"300m 이내 배출원 위치 2개, 500m 이내 배출원 위치 6개, 500m 이내 대기 배출업소 1곳, 500m 이내 소각 처리 사업장 1곳, 최근접 배출원 239m",29.0,True,어린이집 정원(인가 기준). 실제 재원 인원·실제 노출 인원이 아님,산업·배출시설 공간 노출도,v4 (배출원: 전국 등록공장현황 2024-12-31 반영 5개 구 전역 + 배출업소·폐기물 v2 override 판 / 취약시설: 어린이집·경로당·지역아동센터 + 장애인복지관). geo_level=point 한정
CC0007,무궁화어린이집,어린이집,childcare,4812125000,동읍,의창구,35.279884456771,128.68858886466,131.7,131.7,4,7,17,4,8,21,1,1,0,1,0,1,5,1.0,1.143,1.235,2.0,0.0,635.6,70.66,507,748,241,scenario_stable_non_high,other,"300m 이내 배출원 위치 4개, 500m 이내 배출원 위치 7개, 500m 이내 대기 배출업소 1곳, 500m 이내 소각 처리 사업장 1곳, 최근접 배출원 132m",39.0,True,어린이집 정원(인가 기준). 실제 재원 인원·실제 노출 인원이 아님,산업·배출시설 공간 노출도,v4 (배출원: 전국 등록공장현황 2024-12-31 반영 5개 구 전역 + 배출업소·폐기물 v2 override 판 / 취약시설: 어린이집·경로당·지역아동센터 + 장애인복지관). geo_level=point 한정
CC0008,햇살나무어린이집,어린이집,childcare,4812125000,동읍,의창구,35.2835337148809,128.68199335281,236.4,236.4,2,4,16,2,5,19,0,2,0,0,0,0,3,1.0,1.25,1.188,2.0,0.0,1035.1,26.64,981,1074,93,scenario_stable_non_high,other,"300m 이내 배출원 위치 2개, 500m 이내 배출원 위치 4개, 최근접 배출원 236m",60.0,True,어린이집 정원(인가 기준). 실제 재원 인원·실제 노출 인원이 아님,산업·배출시설 공간 노출도,v4 (배출원: 전국 등록공장현황 2024-12-31 반영 5개 구 전역 + 배출업소·폐기물 v2 override 판 / 취약시설: 어린이집·경로당·지역아동센터 + 장애인복지관). geo_level=point 한정
CC0009,동부산솔밭어린이집,어린이집,childcare,4812125000,동읍,의창구,35.2760857614095,128.704125661061,213.5,213.5,1,3,8,1,3,9,0,0,0,0,0,0,3,1.0,1.0,1.125,2.0,0.0,1153.1,36.24,1074,1198,124,scenario_stable_non_high,other,"300m 이내 배출원 위치 1개, 500m 이내 배출원 위치 3개, 최근접 배출원 214m",20.0,True,어린이집 정원(인가 기준). 실제 재원 인원·실제 노출 인원이 아님,산업·배출시설 공간 노출도,v4 (배출원: 전국 등록공장현황 2024-12-31 반영 5개 구 전역 + 배출업소·폐기물 v2 override 판 / 취약시설: 어린이집·경로당·지역아동센터 + 장애인복지관). geo_level=point 한정
CC0010,동창원어린이집,어린이집,childcare,4812125000,동읍,의창구,35.2774395378255,128.702796112455,341.5,341.5,0,4,10,0,5,11,0,0,0,0,0,0,5,,1.25,1.1,2.0,0.0,1104.2,30.71,1046,1157,111,scenario_stable_non_high,other,"500m 이내 배출원 위치 4개, 최근접 배출원 342m",18.0,True,어린이집 정원(인가 기준). 실제 재원 인원·실제 노출 인원이 아님,산업·배출시설 공간 노출도,v4 (배출원: 전국 등록공장현황 2024-12-31 반영 5개 구 전역 + 배출업소·폐기물 v2 override 판 / 취약시설: 어린이집·경로당·지역아동센터 + 장애인복지관). geo_level=point 한정
CC0011,칠성그린어린이집,어린이집,childcare,4812125000,동읍,의창구,35.2938808096221,128.675961463889,155.2,155.2,5,8,12,6,9,13,1,1,1,0,0,0,7,1.2,1.125,1.083,2.0,0.0,798.9,129.48,589,974,385,scenario_stable_non_high,other,"300m 이내 배출원 위치 5개, 500m 이내 배출원 위치 8개, 500m 이내 대기 배출업소 1곳, 최근접 배출원 155m",80.0,True,어린이집 정원(인가 기준). 실제 재원 인원·실제 노출 인원이 아님,산업·배출시설 공간 노출도,v4 (배출원: 전국 등록공장현황 2024-12-31 반영 5개 구 전역 + 배출업소·폐기물 v2 override 판 / 취약시설: 어린이집·경로당·지역아동센터 + 장애인복지관). geo_level=point 한정
CC0012,창원시립 명곡어린이집,어린이집,childcare,4812153000,명곡동,의창구,35.2539403841184,128.63992461167,138.1,138.1,8,11,27,8,11,28,1,4,0,0,0,0,6,1.0,1.0,1.037,1.0,0.0,484.6,91.22,319,632,313,scenario_stable_non_high,other,"300m 이내 배출원 위치 8개, 500m 이내 배출원 위치 11개, 500m 이내 대기 배출업소 1곳, 최근접 배출원 138m",45.0,True,어린이집 정원(인가 기준). 실제 재원 인원·실제 노출 인원이 아님,산업·배출시설 공간 노출도,v4 (배출원: 전국 등록공장현황 2024-12-31 반영 5개 구 전역 + 배출업소·폐기물 v2 override 판 / 취약시설: 어린이집·경로당·지역아동센터 + 장애인복지관). geo_level=point 한정
CC0013,창원시립 명곡포엘른어린이집,어린이집,childcare,4812153000,명곡동,의창구,35.2559332738204,128.647544450593,564.1,564.1,0,0,12,0,0,13,0,0,0,0,0,0,0,,,1.083,1.0,0.0,1375.9,50.53,1290,1455,165,scenario_stable_non_high,other,1km 이내 배출원 없음 (최근접 564m),47.0,True,어린이집 정원(인가 기준). 실제 재원 인원·실제 노출 인원이 아님,산업·배출시설 공간 노출도,v4 (배출원: 전국 등록공장현황 2024-12-31 반영 5개 구 전역 + 배출업소·폐기물 v2 override 판 / 취약시설: 어린이집·경로당·지역아동센터 + 장애인복지관). geo_level=point 한정
CC0014,창원시립 호산나어린이집,어린이집,childcare,4812153000,명곡동,의창구,35.2549908664663,128.635556025767,176.1,176.1,3,15,29,3,15,30,2,6,0,0,0,0,7,1.0,1.0,1.034,1.0,0.0,468.4,41.18,381,546,165,scenario_stable_non_high,other,"300m 이내 배출원 위치 3개, 500m 이내 배출원 위치 15개, 500m 이내 대기 배출업소 2곳, 최근접 배출원 176m",45.0,True,어린이집 정원(인가 기준). 실제 재원 인원·실제 노출 인원이 아님,산업·배출시설 공간 노출도,v4 (배출원: 전국 등록공장현황 2024-12-31 반영 5개 구 전역 + 배출업소·폐기물 v2 override 판 / 취약시설: 어린이집·경로당·지역아동센터 + 장애인복지관). geo_level=point 한정
CC0015,사랑의어린이집,어린이집,childcare,4812153000,명곡동,의창구,35.2509847472322,128.650329449451,465.6,465.6,0,1,6,0,2,7,0,0,0,0,0,0,2,,2.0,1.167,1.0,0.0,1451.5,16.7,1418,1476,58,scenario_stable_non_high,other,"500m 이내 배출원 위치 1개, 최근접 배출원 466m",70.0,True,어린이집 정원(인가 기준). 실제 재원 인원·실제 노출 인원이 아님,산업·배출시설 공간 노출도,v4 (배출원: 전국 등록공장현황 2024-12-31 반영 5개 구 전역 + 배출업소·폐기물 v2 override 판 / 취약시설: 어린이집·경로당·지역아동센터 + 장애인복지관). geo_level=point 한정
CC0016,무지개어린이집,어린이집,childcare,4812153000,명곡동,의창구,35.261241793333,128.638768354155,139.7,139.7,4,11,31,4,11,32,0,3,0,1,0,0,7,1.0,1.0,1.032,1.0,0.0,498.8,71.87,354,605,251,scenario_stable_non_high,other,"300m 이내 배출원 위치 4개, 500m 이내 배출원 위치 11개, 최근접 배출원 140m",35.0,True,어린이집 정원(인가 기준). 실제 재원 인원·실제 노출 인원이 아님,산업·배출시설 공간 노출도,v4 (배출원: 전국 등록공장현황 2024-12-31 반영 5개 구 전역 + 배출업소·폐기물 v2 override 판 / 취약시설: 어린이집·경로당·지역아동센터 + 장애인복지관). geo_level=point 한정
CC0017,브레인영재어린이집,어린이집,childcare,4812153000,명곡동,의창구,35.2582943006883,128.637121316625,153.0,153.0,9,21,32,9,21,33,1,8,0,1,0,0,11,1.0,1.0,1.031,1.0,0.0,335.7,62.09,218,453,235,scenario_stable_non_high,other,"300m 이내 배출원 위치 9개, 500m 이내 배출원 위치 21개, 500m 이내 대기 배출업소 1곳, 최근접 배출원 153m",62.0,True,어린이집 정원(인가 기준). 실제 재원 인원·실제 노출 인원이 아님,산업·배출시설 공간 노출도,v4 (배출원: 전국 등록공장현황 2024-12-31 반영 5개 구 전역 + 배출업소·폐기물 v2 override 판 / 취약시설: 어린이집·경로당·지역아동센터 + 장애인복지관). geo_level=point 한정
CC0018,새순어린이집,어린이집,childcare,4812153000,명곡동,의창구,35.2550207597029,128.640955424396,101.1,101.1,9,11,26,9,11,27,1,4,0,0,0,0,6,1.0,1.0,1.038,1.0,0.0,495.9,96.13,310,641,331,scenario_stable_non_high,other,"300m 이내 배출원 위치 9개, 500m 이내 배출원 위치 11개, 500m 이내 대기 배출업소 1곳, 최근접 배출원 101m",99.0,True,어린이집 정원(인가 기준). 실제 재원 인원·실제 노출 인원이 아님,산업·배출시설 공간 노출도,v4 (배출원: 전국 등록공장현황 2024-12-31 반영 5개 구 전역 + 배출업소·폐기물 v2 override 판 / 취약시설: 어린이집·경로당·지역아동센터 + 장애인복지관). geo_level=point 한정
CC0019,아이사랑어린이집,어린이집,childcare,4812153000,명곡동,의창구,35.2573113005583,128.641354186272,165.7,165.7,6,10,26,6,10,27,0,3,0,1,0,0,6,1.0,1.0,1.038,1.0,0.0,549.2,69.56,404,642,238,scenario_stable_non_high,other,"300m 이내 배출원 위치 6개, 500m 이내 배출원 위치 10개, 최근접 배출원 166m",39.0,True,어린이집 정원(인가 기준). 실제 재원 인원·실제 노출 인원이 아님,산업·배출시설 공간 노출도,v4 (배출원: 전국 등록공장현황 2024-12-31 반영 5개 구 전역 + 배출업소·폐기물 v2 override 판 / 취약시설: 어린이집·경로당·지역아동센터 + 장애인복지관). geo_level=point 한정
CC0020,양지어린이집,어린이집,childcare,4812153000,명곡동,의창구,35.258162156933,128.637815591765,215.6,215.6,11,19,29,11,19,30,1,8,0,1,0,0,9,1.0,1.0,1.034,1.0,0.0,354.2,62.32,233,470,237,scenario_stable_non_high,other,"300m 이내 배출원 위치 11개, 500m 이내 배출원 위치 19개, 500m 이내 대기 배출업소 1곳, 최근접 배출원 216m",39.0,True,어린이집 정원(인가 기준). 실제 재원 인원·실제 노출 인원이 아님,산업·배출시설 공간 노출도,v4 (배출원: 전국 등록공장현황 2024-12-31 반영 5개 구 전역 + 배출업소·폐기물 v2 override 판 / 취약시설: 어린이집·경로당·지역아동센터 + 장애인복지관). geo_level=point 한정
CC0021,예림어린이집,어린이집,childcare,4812153000,명곡동,의창구,35.2531379615303,128.643057908581,182.4,182.4,1,6,17,1,6,18,0,2,0,0,0,0,4,1.0,1.0,1.059,1.0,0.0,948.0,24.58,910,1003,93,scenario_stable_non_high,other,"300m 이내 배출원 위치 1개, 500m 이내 배출원 위치 6개, 최근접 배출원 182m",43.0,True,어린이집 정원(인가 기준). 실제 재원 인원·실제 노출 인원이 아님,산업·배출시설 공간 노출도,v4 (배출원: 전국 등록공장현황 2024-12-31 반영 5개 구 전역 + 배출업소·폐기물 v2 override 판 / 취약시설: 어린이집·경로당·지역아동센터 + 장애인복지관). geo_level=point 한정
CC0022,키즈숲어린이집,어린이집,childcare,4812153000,명곡동,의창구,35.2566278225116,128.636264194093,133.4,133.4,7,19,29,7,19,30,2,8,0,0,0,0,9,1.0,1.0,1.034,1.0,0.0,372.9,62.73,259,475,216,scenario_stable_non_high,other,"300m 이내 배출원 위치 7개, 500m 이내 배출원 위치 19개, 500m 이내 대기 배출업소 2곳, 최근접 배출원 133m",34.0,True,어린이집 정원(인가 기준). 실제 재원 인원·실제 노출 인원이 아님,산업·배출시설 공간 노출도,v4 (배출원: 전국 등록공장현황 2024-12-31 반영 5개 구 전역 + 배출업소·폐기물 v2 override 판 / 취약시설: 어린이집·경로당·지역아동센터 + 장애인복지관). geo_level=point 한정
CC0023,하버드영재어린이집,어린이집,childcare,4812153000,명곡동,의창구,35.2555312764565,128.637159022874,25.4,25.4,8,16,28,8,16,29,2,6,0,0,0,0,8,1.0,1.0,1.036,1.0,0.0,361.2,94.91,189,495,306,scenario_stable_non_high,other,"300m 이내 배출원 위치 8개, 500m 이내 배출원 위치 16개, 500m 이내 대기 배출업소 2곳, 최근접 배출원 25m",33.0,True,어린이집 정원(인가 기준). 실제 재원 인원·실제 노출 인원이 아님,산업·배출시설 공간 노출도,v4 (배출원: 전국 등록공장현황 2024-12-31 반영 5개 구 전역 + 배출업소·폐기물 v2 override 판 / 취약시설: 어린이집·경로당·지역아동센터 + 장애인복지관). geo_level=point 한정
CC0024,행복한아이어린이집,어린이집,childcare,4812153000,명곡동,의창구,35.2564094208701,128.636433401379,105.2,105.2,9,18,29,9,18,30,2,7,0,0,0,0,9,1.0,1.0,1.034,1.0,0.0,365.8,63.45,252,479,227,scenario_stable_non_high,other,"300m 이내 배출원 위치 9개, 500m 이내 배출원 위치 18개, 500m 이내 대기 배출업소 2곳, 최근접 배출원 105m",31.0,True,어린이집 정원(인가 기준). 실제 재원 인원·실제 노출 인원이 아님,산업·배출시설 공간 노출도,v4 (배출원: 전국 등록공장현황 2024-12-31 반영 5개 구 전역 + 배출업소·폐기물 v2 override 판 / 취약시설: 어린이집·경로당·지역아동센터 + 장애인복지관). geo_level=point 한정
CC0025,나무향기어린이집,어린이집,childcare,4812153000,명곡동,의창구,35.24594533264,128.648178459082,272.3,272.3,2,6,16,2,7,18,0,4,0,1,0,0,2,1.0,1.167,1.125,1.0,0.0,842.7,43.06,757,913,156,scenario_stable_non_high,other,"300m 이내 배출원 위치 2개, 500m 이내 배출원 위치 6개, 최근접 배출원 272m",20.0,True,어린이집 정원(인가 기준). 실제 재원 인원·실제 노출 인원이 아님,산업·배출시설 공간 노출도,v4 (배출원: 전국 등록공장현황 2024-12-31 반영 5개 구 전역 + 배출업소·폐기물 v2 override 판 / 취약시설: 어린이집·경로당·지역아동센터 + 장애인복지관). geo_level=point 한정
CC0026,샘물어린이집,어린이집,childcare,4812153000,명곡동,의창구,35.2508723228406,128.648124390926,316.4,316.4,0,1,10,0,2,11,0,0,0,0,0,0,2,,2.0,1.1,1.0,0.0,1376.0,16.13,1343,1405,62,scenario_stable_non_high,other,"500m 이내 배출원 위치 1개, 최근접 배출원 316m",20.0,True,어린이집 정원(인가 기준). 실제 재원 인원·실제 노출 인원이 아님,산업·배출시설 공간 노출도,v4 (배출원: 전국 등록공장현황 2024-12-31 반영 5개 구 전역 + 배출업소·폐기물 v2 override 판 / 취약시설: 어린이집·경로당·지역아동센터 + 장애인복지관). geo_level=point 한정
CC0027,성신어린이집,어린이집,childcare,4812153000,명곡동,의창구,35.246636534989,128.650587367577,218.5,218.5,2,4,16,2,5,18,0,2,0,1,0,0,2,1.0,1.25,1.125,1.0,0.0,918.8,40.11,859,987,128,scenario_stable_non_high,other,"300m 이내 배출원 위치 2개, 500m 이내 배출원 위치 4개, 최근접 배출원 218m",12.0,True,어린이집 정원(인가 기준). 실제 재원 인원·실제 노출 인원이 아님,산업·배출시설 공간 노출도,v4 (배출원: 전국 등록공장현황 2024-12-31 반영 5개 구 전역 + 배출업소·폐기물 v2 override 판 / 취약시설: 어린이집·경로당·지역아동센터 + 장애인복지관). geo_level=point 한정
CC0028,소망어린이집,어린이집,childcare,4812153000,명곡동,의창구,35.2489453723534,128.648604369323,223.0,223.0,1,1,16,2,2,17,0,0,0,0,0,0,2,2.0,2.0,1.062,1.0,0.0,1207.1,24.58,1145,1255,110,scenario_stable_non_high,other,"300m 이내 배출원 위치 1개, 500m 이내 배출원 위치 1개, 최근접 배출원 223m",20.0,True,어린이집 정원(인가 기준). 실제 재원 인원·실제 노출 인원이 아님,산업·배출시설 공간 노출도,v4 (배출원: 전국 등록공장현황 2024-12-31 반영 5개 구 전역 + 배출업소·폐기물 v2 override 판 / 취약시설: 어린이집·경로당·지역아동센터 + 장애인복지관). geo_level=point 한정
CC0029,신나는어린이집,어린이집,childcare,4812153000,명곡동,의창구,35.2458305115432,128.641071314989,553.7,553.7,0,0,54,0,0,131,0,0,0,0,0,0,0,,,2.426,1.0,0.0,810.1,318.01,489,1322,833,scenario_stable_non_high,other,1km 이내 배출원 없음 (최근접 554m),20.0,True,어린이집 정원(인가 기준). 실제 재원 인원·실제 노출 인원이 아님,산업·배출시설 공간 노출도,v4 (배출원: 전국 등록공장현황 2024-12-31 반영 5개 구 전역 + 배출업소·폐기물 v2 override 판 / 취약시설: 어린이집·경로당·지역아동센터 + 장애인복지관). geo_level=point 한정
CC0031,창원시립 봉곡어린이집,어린이집,childcare,4812154000,봉림동,의창구,35.2449763154951,128.658712188068,625.7,625.7,0,0,16,0,0,17,0,0,0,0,0,0,0,,,1.062,0.0,0.0,1044.8,158.53,841,1300,459,scenario_stable_non_high,other,1km 이내 배출원 없음 (최근접 626m),110.0,True,어린이집 정원(인가 기준). 실제 재원 인원·실제 노출 인원이 아님,산업·배출시설 공간 노출도,v4 (배출원: 전국 등록공장현황 2024-12-31 반영 5개 구 전역 + 배출업소·폐기물 v2 override 판 / 취약시설: 어린이집·경로당·지역아동센터 + 장애인복지관). geo_level=point 한정
CC0032,창원시립 사림어린이집,어린이집,childcare,4812154000,봉림동,의창구,35.2444811180359,128.680686123856,279.7,279.7,1,6,15,1,6,15,0,6,0,0,0,0,0,1.0,1.0,1.0,0.0,0.0,981.7,24.13,929,1018,89,scenario_stable_non_high,other,"300m 이내 배출원 위치 1개, 500m 이내 배출원 위치 6개, 최근접 배출원 280m",94.0,True,어린이집 정원(인가 기준). 실제 재원 인원·실제 노출 인원이 아님,산업·배출시설 공간 노출도,v4 (배출원: 전국 등록공장현황 2024-12-31 반영 5개 구 전역 + 배출업소·폐기물 v2 override 판 / 취약시설: 어린이집·경로당·지역아동센터 + 장애인복지관). geo_level=point 한정
CC0033,성아어린이집,어린이집,childcare,4812154000,봉림동,의창구,35.2496156582168,128.668533476123,169.2,169.2,4,5,6,4,5,6,1,1,0,2,0,2,1,1.0,1.0,1.0,0.0,0.0,738.3,189.55,416,1001,585,scenario_stable_non_high,other,"300m 이내 배출원 위치 4개, 500m 이내 배출원 위치 5개, 500m 이내 대기 배출업소 1곳, 500m 이내 소각 처리 사업장 2곳, 최근접 배출원 169m",135.0,True,어린이집 정원(인가 기준). 실제 재원 인원·실제 노출 인원이 아님,산업·배출시설 공간 노출도,v4 (배출원: 전국 등록공장현황 2024-12-31 반영 5개 구 전역 + 배출업소·폐기물 v2 override 판 / 취약시설: 어린이집·경로당·지역아동센터 + 장애인복지관). geo_level=point 한정
CC0034,새창원교회부설어린이집,어린이집,childcare,4812154000,봉림동,의창구,35.241434817743,128.689810193498,545.2,545.2,0,0,17,0,0,31,0,0,0,0,0,0,0,,,1.824,0.0,0.0,1036.7,137.78,849,1254,405,scenario_stable_non_high,other,1km 이내 배출원 없음 (최근접 545m),90.0,True,어린이집 정원(인가 기준). 실제 재원 인원·실제 노출 인원이 아님,산업·배출시설 공간 노출도,v4 (배출원: 전국 등록공장현황 2024-12-31 반영 5개 구 전역 + 배출업소·폐기물 v2 override 판 / 취약시설: 어린이집·경로당·지역아동센터 + 장애인복지관). geo_level=point 한정
CC0035,자연봄어린이집,어린이집,childcare,4812154000,봉림동,의창구,35.2514094216386,128.666534117493,105.3,105.3,2,5,5,2,5,5,1,1,0,2,0,2,1,1.0,1.0,1.0,0.0,0.0,848.2,185.6,528,1065,537,scenario_stable_non_high,other,"300m 이내 배출원 위치 2개, 500m 이내 배출원 위치 5개, 500m 이내 대기 배출업소 1곳, 500m 이내 소각 처리 사업장 2곳, 최근접 배출원 105m",39.0,True,어린이집 정원(인가 기준). 실제 재원 인원·실제 노출 인원이 아님,산업·배출시설 공간 노출도,v4 (배출원: 전국 등록공장현황 2024-12-31 반영 5개 구 전역 + 배출업소·폐기물 v2 override 판 / 취약시설: 어린이집·경로당·지역아동센터 + 장애인복지관). geo_level=point 한정
CC0036,꿀벌어린이집,어린이집,childcare,4812154000,봉림동,의창구,35.2481906812054,128.679214437121,126.2,126.2,1,1,10,1,1,10,0,1,0,0,0,0,0,1.0,1.0,1.0,0.0,0.0,1180.2,82.36,1027,1290,263,scenario_stable_non_high,other,"300m 이내 배출원 위치 1개, 500m 이내 배출원 위치 1개, 최근접 배출원 126m",20.0,True,어린이집 정원(인가 기준). 실제 재원 인원·실제 노출 인원이 아님,산업·배출시설 공간 노출도,v4 (배출원: 전국 등록공장현황 2024-12-31 반영 5개 구 전역 + 배출업소·폐기물 v2 override 판 / 취약시설: 어린이집·경로당·지역아동센터 + 장애인복지관). geo_level=point 한정
CC0037,다정어린이집,어린이집,childcare,4812154000,봉림동,의창구,35.2462941694763,128.655718378848,424.8,424.8,0,2,21,0,2,23,0,2,0,0,0,0,0,,1.0,1.095,0.0,0.0,1041.3,179.07,854,1325,471,scenario_stable_non_high,other,"500m 이내 배출원 위치 2개, 최근접 배출원 425m",20.0,True,어린이집 정원(인가 기준). 실제 재원 인원·실제 노출 인원이 아님,산업·배출시설 공간 노출도,v4 (배출원: 전국 등록공장현황 2024-12-31 반영 5개 구 전역 + 배출업소·폐기물 v2 override 판 / 취약시설: 어린이집·경로당·지역아동센터 + 장애인복지관). geo_level=point 한정
CC0038,은비어린이집,어린이집,childcare,4812154000,봉림동,의창구,35.2493914704161,128.66411407729,385.2,385.2,0,2,5,0,2,5,0,0,0,1,0,1,1,,1.0,1.0,0.0,0.0,1252.6,33.46,1203,1317,114,scenario_stable_non_high,other,"500m 이내 배출원 위치 2개, 500m 이내 소각 처리 사업장 1곳, 최근접 배출원 385m",20.0,True,어린이집 정원(인가 기준). 실제 재원 인원·실제 노출 인원이 아님,산업·배출시설 공간 노출도,v4 (배출원: 전국 등록공장현황 2024-12-31 반영 5개 구 전역 + 배출업소·폐기물 v2 override 판 / 취약시설: 어린이집·경로당·지역아동센터 + 장애인복지관). geo_level=point 한정
CC0039,피닉스자연숲어린이집,어린이집,childcare,4812154000,봉림동,의창구,35.2520041163671,128.666659782885,123.8,123.8,3,4,6,3,4,6,1,1,0,1,0,1,1,1.0,1.0,1.0,0.0,0.0,826.3,162.59,556,1030,474,scenario_stable_non_high,other,"300m 이내 배출원 위치 3개, 500m 이내 배출원 위치 4개, 500m 이내 대기 배출업소 1곳, 500m 이내 소각 처리 사업장 1곳, 최근접 배출원 124m",20.0,True,어린이집 정원(인가 기준). 실제 재원 인원·실제 노출 인원이 아님,산업·배출시설 공간 노출도,v4 (배출원: 전국 등록공장현황 2024-12-31 반영 5개 구 전역 + 배출업소·폐기물 v2 override 판 / 취약시설: 어린이집·경로당·지역아동센터 + 장애인복지관). geo_level=point 한정
CC0040,휴먼어린이집,어린이집,childcare,4812154000,봉림동,의창구,35.249419841172,128.665484197646,285.9,285.9,1,4,5,1,4,5,0,1,0,2,0,2,1,1.0,1.0,1.0,0.0,0.0,1091.9,68.36,973,1187,214,scenario_stable_non_high,other,"300m 이내 배출원 위치 1개, 500m 이내 배출원 위치 4개, 500m 이내 소각 처리 사업장 2곳, 최근접 배출원 286m",20.0,True,어린이집 정원(인가 기준). 실제 재원 인원·실제 노출 인원이 아님,산업·배출시설 공간 노출도,v4 (배출원: 전국 등록공장현황 2024-12-31 반영 5개 구 전역 + 배출업소·폐기물 v2 override 판 / 취약시설: 어린이집·경로당·지역아동센터 + 장애인복지관). geo_level=point 한정
CC0041,경상남도청어린이집,어린이집,childcare,4812154000,봉림동,의창구,35.2383072621417,128.69592812452,251.3,251.3,2,2,7,4,4,21,2,1,0,1,0,1,0,2.0,2.0,3.0,0.0,0.0,828.1,86.4,691,982,291,scenario_stable_non_high,other,"300m 이내 배출원 위치 2개, 500m 이내 배출원 위치 2개, 500m 이내 대기 배출업소 2곳, 500m 이내 소각 처리 사업장 1곳, 최근접 배출원 251m",133.0,True,어린이집 정원(인가 기준). 실제 재원 인원·실제 노출 인원이 아님,산업·배출시설 공간 노출도,v4 (배출원: 전국 등록공장현황 2024-12-31 반영 5개 구 전역 + 배출업소·폐기물 v2 override 판 / 취약시설: 어린이집·경로당·지역아동센터 + 장애인복지관). geo_level=point 한정
CC0043,미래나무어린이집,어린이집,childcare,4812154000,봉림동,의창구,35.2480118653948,128.664436552853,466.2,466.2,0,1,10,0,1,10,0,0,0,0,0,0,1,,1.0,1.0,0.0,0.0,1214.8,54.76,1121,1308,187,scenario_stable_non_high,other,"500m 이내 배출원 위치 1개, 최근접 배출원 466m",300.0,True,어린이집 정원(인가 기준). 실제 재원 인원·실제 노출 인원이 아님,산업·배출시설 공간 노출도,v4 (배출원: 전국 등록공장현황 2024-12-31 반영 5개 구 전역 + 배출업소·폐기물 v2 override 판 / 취약시설: 어린이집·경로당·지역아동센터 + 장애인복지관). geo_level=point 한정
CC0044,창원시립 감계아내어린이집,어린이집,childcare,4812131000,북면,의창구,35.3018875666604,128.597232463567,250.7,250.7,1,9,27,1,12,36,1,2,0,0,0,0,9,1.0,1.333,1.333,5.0,0.0,757.8,57.77,649,863,214,scenario_stable_non_high,other,"300m 이내 배출원 위치 1개, 500m 이내 배출원 위치 9개, 500m 이내 대기 배출업소 1곳, 최근접 배출원 251m",44.0,True,어린이집 정원(인가 기준). 실제 재원 인원·실제 노출 인원이 아님,산업·배출시설 공간 노출도,v4 (배출원: 전국 등록공장현황 2024-12-31 반영 5개 구 전역 + 배출업소·폐기물 v2 override 판 / 취약시설: 어린이집·경로당·지역아동센터 + 장애인복지관). geo_level=point 한정
CC0045,창원시립 감계은빛어린이집,어린이집,childcare,4812131000,북면,의창구,35.3036054414051,128.597773809206,166.3,166.3,3,7,15,5,11,21,1,1,0,0,0,0,9,1.667,1.571,1.4,5.0,0.0,861.1,66.83,746,955,209,scenario_stable_non_high,other,"300m 이내 배출원 위치 3개, 500m 이내 배출원 위치 7개, 500m 이내 대기 배출업소 1곳, 최근접 배출원 166m",20.0,True,어린이집 정원(인가 기준). 실제 재원 인원·실제 노출 인원이 아님,산업·배출시설 공간 노출도,v4 (배출원: 전국 등록공장현황 2024-12-31 반영 5개 구 전역 + 배출업소·폐기물 v2 override 판 / 취약시설: 어린이집·경로당·지역아동센터 + 장애인복지관). geo_level=point 한정
CC0046,창원시립 무동별빛어린이집,어린이집,childcare,4812131000,북면,의창구,35.3171337782027,128.577934968491,619.2,619.2,0,0,6,0,0,6,0,0,0,0,0,0,0,,,1.0,5.0,0.0,1483.5,15.7,1453,1507,54,scenario_stable_non_high,other,1km 이내 배출원 없음 (최근접 619m),80.0,True,어린이집 정원(인가 기준). 실제 재원 인원·실제 노출 인원이 아님,산업·배출시설 공간 노출도,v4 (배출원: 전국 등록공장현황 2024-12-31 반영 5개 구 전역 + 배출업소·폐기물 v2 override 판 / 취약시설: 어린이집·경로당·지역아동센터 + 장애인복지관). geo_level=point 한정
CC0047,창원시립 무동어린이집,어린이집,childcare,4812131000,북면,의창구,35.3190708265635,128.580283590605,420.5,420.5,0,1,11,0,1,12,0,1,0,0,0,0,0,,1.0,1.091,5.0,0.0,1355.4,44.49,1299,1423,124,scenario_stable_non_high,other,"500m 이내 배출원 위치 1개, 최근접 배출원 420m",69.0,True,어린이집 정원(인가 기준). 실제 재원 인원·실제 노출 인원이 아님,산업·배출시설 공간 노출도,v4 (배출원: 전국 등록공장현황 2024-12-31 반영 5개 구 전역 + 배출업소·폐기물 v2 override 판 / 취약시설: 어린이집·경로당·지역아동센터 + 장애인복지관). geo_level=point 한정
CC0048,창원시립 북면어린이집,어린이집,childcare,4812131000,북면,의창구,35.35069744182,128.60897054301,440.8,440.8,0,1,2,0,1,2,0,1,0,0,0,0,0,,1.0,1.0,5.0,0.0,1506.7,19.68,1470,1526,56,scenario_stable_non_high,other,"500m 이내 배출원 위치 1개, 최근접 배출원 441m",92.0,True,어린이집 정원(인가 기준). 실제 재원 인원·실제 노출 인원이 아님,산업·배출시설 공간 노출도,v4 (배출원: 전국 등록공장현황 2024-12-31 반영 5개 구 전역 + 배출업소·폐기물 v2 override 판 / 취약시설: 어린이집·경로당·지역아동센터 + 장애인복지관). geo_level=point 한정
CC0049,창원시립 빈세앙어린이집,어린이집,childcare,4812131000,북면,의창구,35.3012315533586,128.586966955223,307.8,307.8,0,18,26,0,19,30,0,1,0,2,0,0,19,,1.056,1.154,5.0,0.0,596.0,54.28,498,698,200,scenario_stable_non_high,other,"500m 이내 배출원 위치 18개, 최근접 배출원 308m",58.0,True,어린이집 정원(인가 기준). 실제 재원 인원·실제 노출 인원이 아님,산업·배출시설 공간 노출도,v4 (배출원: 전국 등록공장현황 2024-12-31 반영 5개 구 전역 + 배출업소·폐기물 v2 override 판 / 취약시설: 어린이집·경로당·지역아동센터 + 장애인복지관). geo_level=point 한정
CC0050,창원시립 예그린어린이집,어린이집,childcare,4812131000,북면,의창구,35.3226501680936,128.582463434212,321.5,321.5,0,4,19,0,5,21,1,1,1,0,0,0,4,,1.25,1.105,5.0,0.0,1021.7,35.24,962,1089,127,scenario_stable_non_high,other,"500m 이내 배출원 위치 4개, 500m 이내 대기 배출업소 1곳, 최근접 배출원 322m",52.0,True,어린이집 정원(인가 기준). 실제 재원 인원·실제 노출 인원이 아님,산업·배출시설 공간 노출도,v4 (배출원: 전국 등록공장현황 2024-12-31 반영 5개 구 전역 + 배출업소·폐기물 v2 override 판 / 취약시설: 어린이집·경로당·지역아동센터 + 장애인복지관). geo_level=point 한정
CC0051,창원시립 예쁜아이어린이집,어린이집,childcare,4812131000,북면,의창구,35.3039458671165,128.590114589777,537.3,537.3,0,0,32,0,0,41,0,0,0,0,0,0,0,,,1.281,5.0,0.0,965.5,175.51,733,1249,516,scenario_stable_non_high,other,1km 이내 배출원 없음 (최근접 537m),53.0,True,어린이집 정원(인가 기준). 실제 재원 인원·실제 노출 인원이 아님,산업·배출시설 공간 노출도,v4 (배출원: 전국 등록공장현황 2024-12-31 반영 5개 구 전역 + 배출업소·폐기물 v2 override 판 / 취약시설: 어린이집·경로당·지역아동센터 + 장애인복지관). geo_level=point 한정
CC0052,창원시립 포레힐스데시앙어린이집,어린이집,childcare,4812131000,북면,의창구,35.2981205228107,128.584658697606,191.9,191.9,10,23,26,11,26,30,0,1,0,3,0,0,25,1.1,1.13,1.154,5.0,0.0,324.5,80.41,190,477,287,scenario_stable_non_high,other,"300m 이내 배출원 위치 10개, 500m 이내 배출원 위치 23개, 최근접 배출원 192m",78.0,True,어린이집 정원(인가 기준). 실제 재원 인원·실제 노출 인원이 아님,산업·배출시설 공간 노출도,v4 (배출원: 전국 등록공장현황 2024-12-31 반영 5개 구 전역 + 배출업소·폐기물 v2 override 판 / 취약시설: 어린이집·경로당·지역아동센터 + 장애인복지관). geo_level=point 한정
CC0053,바른손어린이집,어린이집,childcare,4812131000,북면,의창구,35.3291380840541,128.603495434273,84.5,84.5,4,7,20,4,8,23,2,1,1,0,0,0,5,1.0,1.143,1.15,5.0,0.0,713.4,110.49,514,869,355,scenario_stable_non_high,other,"300m 이내 배출원 위치 4개, 500m 이내 배출원 위치 7개, 500m 이내 대기 배출업소 2곳, 최근접 배출원 84m",49.0,True,어린이집 정원(인가 기준). 실제 재원 인원·실제 노출 인원이 아님,산업·배출시설 공간 노출도,v4 (배출원: 전국 등록공장현황 2024-12-31 반영 5개 구 전역 + 배출업소·폐기물 v2 override 판 / 취약시설: 어린이집·경로당·지역아동센터 + 장애인복지관). geo_level=point 한정
CC0054,즐거운성아어린이집,어린이집,childcare,4812131000,북면,의창구,35.3585690833057,128.616801845879,210.2,210.2,1,1,3,1,1,3,0,0,0,0,0,0,1,1.0,1.0,1.0,5.0,0.0,1419.1,77.66,1269,1490,221,scenario_stable_non_high,other,"300m 이내 배출원 위치 1개, 500m 이내 배출원 위치 1개, 최근접 배출원 210m",108.0,True,어린이집 정원(인가 기준). 실제 재원 인원·실제 노출 인원이 아님,산업·배출시설 공간 노출도,v4 (배출원: 전국 등록공장현황 2024-12-31 반영 5개 구 전역 + 배출업소·폐기물 v2 override 판 / 취약시설: 어린이집·경로당·지역아동센터 + 장애인복지관). geo_level=point 한정
CC0055,나무와샘어린이집,어린이집,childcare,4812131000,북면,의창구,35.319148536269,128.583160831975,196.0,196.0,1,1,9,1,1,10,0,1,0,0,0,0,0,1.0,1.0,1.111,5.0,0.0,1313.9,56.54,1209,1365,156,scenario_stable_non_high,other,"300m 이내 배출원 위치 1개, 500m 이내 배출원 위치 1개, 최근접 배출원 196m",39.0,True,어린이집 정원(인가 기준). 실제 재원 인원·실제 노출 인원이 아님,산업·배출시설 공간 노출도,v4 (배출원: 전국 등록공장현황 2024-12-31 반영 5개 구 전역 + 배출업소·폐기물 v2 override 판 / 취약시설: 어린이집·경로당·지역아동센터 + 장애인복지관). geo_level=point 한정
CC0056,무동애플키즈어린이집,어린이집,childcare,4812131000,북면,의창구,35.3178613927475,128.583010939023,151.8,151.8,1,1,6,1,1,7,0,1,0,0,0,0,0,1.0,1.0,1.167,5.0,0.0,1343.0,96.2,1156,1415,259,scenario_stable_non_high,other,"300m 이내 배출원 위치 1개, 500m 이내 배출원 위치 1개, 최근접 배출원 152m",21.0,True,어린이집 정원(인가 기준). 실제 재원 인원·실제 노출 인원이 아님,산업·배출시설 공간 노출도,v4 (배출원: 전국 등록공장현황 2024-12-31 반영 5개 구 전역 + 배출업소·폐기물 v2 override 판 / 취약시설: 어린이집·경로당·지역아동센터 + 장애인복지관). geo_level=point 한정
CC0057,숲속하늘빛어린이집,어린이집,childcare,4812131000,북면,의창구,35.3202538511807,128.584442735525,262.6,262.6,1,2,11,1,3,12,1,2,1,0,0,0,1,1.0,1.5,1.091,5.0,0.0,1239.7,23.47,1193,1279,86,scenario_stable_non_high,other,"300m 이내 배출원 위치 1개, 500m 이내 배출원 위치 2개, 500m 이내 대기 배출업소 1곳, 최근접 배출원 263m",26.0,True,어린이집 정원(인가 기준). 실제 재원 인원·실제 노출 인원이 아님,산업·배출시설 공간 노출도,v4 (배출원: 전국 등록공장현황 2024-12-31 반영 5개 구 전역 + 배출업소·폐기물 v2 override 판 / 취약시설: 어린이집·경로당·지역아동센터 + 장애인복지관). geo_level=point 한정
CC0058,아라숲어린이집,어린이집,childcare,4812131000,북면,의창구,35.3026690822443,128.582815061682,592.7,592.7,0,0,23,0,0,26,0,0,0,0,0,0,0,,,1.13,5.0,0.0,1156.8,131.63,987,1376,389,scenario_stable_non_high,other,1km 이내 배출원 없음 (최근접 593m),65.0,True,어린이집 정원(인가 기준). 실제 재원 인원·실제 노출 인원이 아님,산업·배출시설 공간 노출도,v4 (배출원: 전국 등록공장현황 2024-12-31 반영 5개 구 전역 + 배출업소·폐기물 v2 override 판 / 취약시설: 어린이집·경로당·지역아동센터 + 장애인복지관). geo_level=point 한정
CC0059,지안어린이집,어린이집,childcare,4812131000,북면,의창구,35.3159126050153,128.579033758294,558.6,558.6,0,0,4,0,0,4,0,0,0,0,0,0,0,,,1.0,5.0,0.0,1514.5,5.3,1507,1525,18,scenario_stable_non_high,other,1km 이내 배출원 없음 (최근접 559m),42.0,True,어린이집 정원(인가 기준). 실제 재원 인원·실제 노출 인원이 아님,산업·배출시설 공간 노출도,v4 (배출원: 전국 등록공장현황 2024-12-31 반영 5개 구 전역 + 배출업소·폐기물 v2 override 판 / 취약시설: 어린이집·경로당·지역아동센터 + 장애인복지관). geo_level=point 한정
CC0060,키즈엘리스숲어린이집,어린이집,childcare,4812131000,북면,의창구,35.310724559835,128.595943809304,351.7,351.7,0,6,20,0,9,26,0,1,0,0,0,0,8,,1.5,1.3,5.0,0.0,1040.0,43.63,979,1120,141,scenario_stable_non_high,other,"500m 이내 배출원 위치 6개, 최근접 배출원 352m",160.0,True,어린이집 정원(인가 기준). 실제 재원 인원·실제 노출 인원이 아님,산업·배출시설 공간 노출도,v4 (배출원: 전국 등록공장현황 2024-12-31 반영 5개 구 전역 + 배출업소·폐기물 v2 override 판 / 취약시설: 어린이집·경로당·지역아동센터 + 장애인복지관). geo_level=point 한정
CC0061,키즈힐스어린이집,어린이집,childcare,4812131000,북면,의창구,35.3036054414051,128.597773809206,166.3,166.3,3,7,15,5,11,21,1,1,0,0,0,0,9,1.667,1.571,1.4,5.0,0.0,861.1,66.83,746,955,209,scenario_stable_non_high,other,"300m 이내 배출원 위치 3개, 500m 이내 배출원 위치 7개, 500m 이내 대기 배출업소 1곳, 최근접 배출원 166m",60.0,True,어린이집 정원(인가 기준). 실제 재원 인원·실제 노출 인원이 아님,산업·배출시설 공간 노출도,v4 (배출원: 전국 등록공장현황 2024-12-31 반영 5개 구 전역 + 배출업소·폐기물 v2 override 판 / 취약시설: 어린이집·경로당·지역아동센터 + 장애인복지관). geo_level=point 한정
CC0062,푸르지오어린이집,어린이집,childcare,4812131000,북면,의창구,35.3012178229264,128.58517619947,340.8,340.8,0,10,26,0,11,30,0,0,0,1,0,0,11,,1.1,1.154,5.0,0.0,724.3,80.04,603,863,260,scenario_stable_non_high,other,"500m 이내 배출원 위치 10개, 최근접 배출원 341m",45.0,True,어린이집 정원(인가 기준). 실제 재원 인원·실제 노출 인원이 아님,산업·배출시설 공간 노출도,v4 (배출원: 전국 등록공장현황 2024-12-31 반영 5개 구 전역 + 배출업소·폐기물 v2 override 판 / 취약시설: 어린이집·경로당·지역아동센터 + 장애인복지관). geo_level=point 한정
CC0063,휴먼빌어린이집,어린이집,childcare,4812131000,북면,의창구,35.3043566393246,128.595239347987,209.6,209.6,2,6,20,2,10,26,1,1,0,0,0,0,8,1.0,1.667,1.3,5.0,0.0,882.7,22.98,845,931,86,scenario_stable_non_high,other,"300m 이내 배출원 위치 2개, 500m 이내 배출원 위치 6개, 500m 이내 대기 배출업소 1곳, 최근접 배출원 210m",49.0,True,어린이집 정원(인가 기준). 실제 재원 인원·실제 노출 인원이 아님,산업·배출시설 공간 노출도,v4 (배출원: 전국 등록공장현황 2024-12-31 반영 5개 구 전역 + 배출업소·폐기물 v2 override 판 / 취약시설: 어린이집·경로당·지역아동센터 + 장애인복지관). geo_level=point 한정
CC0064,힐스뜰어린이집,어린이집,childcare,4812131000,북면,의창구,35.3025584933037,128.589609880691,457.5,457.5,0,3,31,0,4,39,0,0,0,0,0,0,4,,1.333,1.258,5.0,0.0,797.9,132.8,599,992,393,scenario_stable_non_high,other,"500m 이내 배출원 위치 3개, 최근접 배출원 458m",42.0,True,어린이집 정원(인가 기준). 실제 재원 인원·실제 노출 인원이 아님,산업·배출시설 공간 노출도,v4 (배출원: 전국 등록공장현황 2024-12-31 반영 5개 구 전역 + 배출업소·폐기물 v2 override 판 / 취약시설: 어린이집·경로당·지역아동센터 + 장애인복지관). geo_level=point 한정
CC0065,힐스아이어린이집,어린이집,childcare,4812131000,북면,의창구,35.3038179212773,128.598246428395,159.8,159.8,3,7,14,5,11,20,1,1,0,0,0,0,9,1.667,1.571,1.429,5.0,0.0,858.6,89.01,703,977,274,scenario_stable_non_high,other,"300m 이내 배출원 위치 3개, 500m 이내 배출원 위치 7개, 500m 이내 대기 배출업소 1곳, 최근접 배출원 160m",48.0,True,어린이집 정원(인가 기준). 실제 재원 인원·실제 노출 인원이 아님,산업·배출시설 공간 노출도,v4 (배출원: 전국 등록공장현황 2024-12-31 반영 5개 구 전역 + 배출업소·폐기물 v2 override 판 / 취약시설: 어린이집·경로당·지역아동센터 + 장애인복지관). geo_level=point 한정
CC0066,꼬마숲어린이집,어린이집,childcare,4812131000,북면,의창구,35.3025584933037,128.589609880691,457.5,457.5,0,3,31,0,4,39,0,0,0,0,0,0,4,,1.333,1.258,5.0,0.0,797.9,132.8,599,992,393,scenario_stable_non_high,other,"500m 이내 배출원 위치 3개, 최근접 배출원 458m",20.0,True,어린이집 정원(인가 기준). 실제 재원 인원·실제 노출 인원이 아님,산업·배출시설 공간 노출도,v4 (배출원: 전국 등록공장현황 2024-12-31 반영 5개 구 전역 + 배출업소·폐기물 v2 override 판 / 취약시설: 어린이집·경로당·지역아동센터 + 장애인복지관). geo_level=point 한정
CC0067,꿈땅어린이집,어린이집,childcare,4812131000,북면,의창구,35.3036054414051,128.597773809206,166.3,166.3,3,7,15,5,11,21,1,1,0,0,0,0,9,1.667,1.571,1.4,5.0,0.0,861.1,66.83,746,955,209,scenario_stable_non_high,other,"300m 이내 배출원 위치 3개, 500m 이내 배출원 위치 7개, 500m 이내 대기 배출업소 1곳, 최근접 배출원 166m",20.0,True,어린이집 정원(인가 기준). 실제 재원 인원·실제 노출 인원이 아님,산업·배출시설 공간 노출도,v4 (배출원: 전국 등록공장현황 2024-12-31 반영 5개 구 전역 + 배출업소·폐기물 v2 override 판 / 취약시설: 어린이집·경로당·지역아동센터 + 장애인복지관). geo_level=point 한정
CC0068,다인어린이집,어린이집,childcare,4812131000,북면,의창구,35.3036054414051,128.597773809206,166.3,166.3,3,7,15,5,11,21,1,1,0,0,0,0,9,1.667,1.571,1.4,5.0,0.0,861.1,66.83,746,955,209,scenario_stable_non_high,other,"300m 이내 배출원 위치 3개, 500m 이내 배출원 위치 7개, 500m 이내 대기 배출업소 1곳, 최근접 배출원 166m",20.0,True,어린이집 정원(인가 기준). 실제 재원 인원·실제 노출 인원이 아님,산업·배출시설 공간 노출도,v4 (배출원: 전국 등록공장현황 2024-12-31 반영 5개 구 전역 + 배출업소·폐기물 v2 override 판 / 취약시설: 어린이집·경로당·지역아동센터 + 장애인복지관). geo_level=point 한정
CC0069,다하어린이집,어린이집,childcare,4812131000,북면,의창구,35.3026690822443,128.582815061682,592.7,592.7,0,0,23,0,0,26,0,0,0,0,0,0,0,,,1.13,5.0,0.0,1156.8,131.63,987,1376,389,scenario_stable_non_high,other,1km 이내 배출원 없음 (최근접 593m),20.0,True,어린이집 정원(인가 기준). 실제 재원 인원·실제 노출 인원이 아님,산업·배출시설 공간 노출도,v4 (배출원: 전국 등록공장현황 2024-12-31 반영 5개 구 전역 + 배출업소·폐기물 v2 override 판 / 취약시설: 어린이집·경로당·지역아동센터 + 장애인복지관). geo_level=point 한정
CC0070,라니어린이집,어린이집,childcare,4812131000,북면,의창구,35.3039458671165,128.590114589777,537.3,537.3,0,0,32,0,0,41,0,0,0,0,0,0,0,,,1.281,5.0,0.0,965.5,175.51,733,1249,516,scenario_stable_non_high,other,1km 이내 배출원 없음 (최근접 537m),20.0,True,어린이집 정원(인가 기준). 실제 재원 인원·실제 노출 인원이 아님,산업·배출시설 공간 노출도,v4 (배출원: 전국 등록공장현황 2024-12-31 반영 5개 구 전역 + 배출업소·폐기물 v2 override 판 / 취약시설: 어린이집·경로당·지역아동센터 + 장애인복지관). geo_level=point 한정
CC0071,라별어린이집,어린이집,childcare,4812131000,북면,의창구,35.3038179212773,128.598246428395,159.8,159.8,3,7,14,5,11,20,1,1,0,0,0,0,9,1.667,1.571,1.429,5.0,0.0,858.6,89.01,703,977,274,scenario_stable_non_high,other,"300m 이내 배출원 위치 3개, 500m 이내 배출원 위치 7개, 500m 이내 대기 배출업소 1곳, 최근접 배출원 160m",20.0,True,어린이집 정원(인가 기준). 실제 재원 인원·실제 노출 인원이 아님,산업·배출시설 공간 노출도,v4 (배출원: 전국 등록공장현황 2024-12-31 반영 5개 구 전역 + 배출업소·폐기물 v2 override 판 / 취약시설: 어린이집·경로당·지역아동센터 + 장애인복지관). geo_level=point 한정
CC0072,무동아이별어린이집,어린이집,childcare,4812131000,북면,의창구,35.3178613927475,128.583010939023,151.8,151.8,1,1,6,1,1,7,0,1,0,0,0,0,0,1.0,1.0,1.167,5.0,0.0,1343.0,96.2,1156,1415,259,scenario_stable_non_high,other,"300m 이내 배출원 위치 1개, 500m 이내 배출원 위치 1개, 최근접 배출원 152m",20.0,True,어린이집 정원(인가 기준). 실제 재원 인원·실제 노출 인원이 아님,산업·배출시설 공간 노출도,v4 (배출원: 전국 등록공장현황 2024-12-31 반영 5개 구 전역 + 배출업소·폐기물 v2 override 판 / 취약시설: 어린이집·경로당·지역아동센터 + 장애인복지관). geo_level=point 한정
CC0073,무지개꼬마숲어린이집,어린이집,childcare,4812131000,북면,의창구,35.3043566393246,128.595239347987,209.6,209.6,2,6,20,2,10,26,1,1,0,0,0,0,8,1.0,1.667,1.3,5.0,0.0,882.7,22.98,845,931,86,scenario_stable_non_high,other,"300m 이내 배출원 위치 2개, 500m 이내 배출원 위치 6개, 500m 이내 대기 배출업소 1곳, 최근접 배출원 210m",20.0,True,어린이집 정원(인가 기준). 실제 재원 인원·실제 노출 인원이 아님,산업·배출시설 공간 노출도,v4 (배출원: 전국 등록공장현황 2024-12-31 반영 5개 구 전역 + 배출업소·폐기물 v2 override 판 / 취약시설: 어린이집·경로당·지역아동센터 + 장애인복지관). geo_level=point 한정
CC0074,별하어린이집,어린이집,childcare,4812131000,북면,의창구,35.3038179212773,128.598246428395,159.8,159.8,3,7,14,5,11,20,1,1,0,0,0,0,9,1.667,1.571,1.429,5.0,0.0,858.6,89.01,703,977,274,scenario_stable_non_high,other,"300m 이내 배출원 위치 3개, 500m 이내 배출원 위치 7개, 500m 이내 대기 배출업소 1곳, 최근접 배출원 160m",20.0,True,어린이집 정원(인가 기준). 실제 재원 인원·실제 노출 인원이 아님,산업·배출시설 공간 노출도,v4 (배출원: 전국 등록공장현황 2024-12-31 반영 5개 구 전역 + 배출업소·폐기물 v2 override 판 / 취약시설: 어린이집·경로당·지역아동센터 + 장애인복지관). geo_level=point 한정
CC0075,아가별꽃어린이집,어린이집,childcare,4812131000,북면,의창구,35.3039458671165,128.590114589777,537.3,537.3,0,0,32,0,0,41,0,0,0,0,0,0,0,,,1.281,5.0,0.0,965.5,175.51,733,1249,516,scenario_stable_non_high,other,1km 이내 배출원 없음 (최근접 537m),20.0,True,어린이집 정원(인가 기준). 실제 재원 인원·실제 노출 인원이 아님,산업·배출시설 공간 노출도,v4 (배출원: 전국 등록공장현황 2024-12-31 반영 5개 구 전역 + 배출업소·폐기물 v2 override 판 / 취약시설: 어린이집·경로당·지역아동센터 + 장애인복지관). geo_level=point 한정
CC0076,아이꽃어린이집,어린이집,childcare,4812131000,북면,의창구,35.3202538511807,128.584442735525,262.6,262.6,1,2,11,1,3,12,1,2,1,0,0,0,1,1.0,1.5,1.091,5.0,0.0,1239.7,23.47,1193,1279,86,scenario_stable_non_high,other,"300m 이내 배출원 위치 1개, 500m 이내 배출원 위치 2개, 500m 이내 대기 배출업소 1곳, 최근접 배출원 263m",20.0,True,어린이집 정원(인가 기준). 실제 재원 인원·실제 노출 인원이 아님,산업·배출시설 공간 노출도,v4 (배출원: 전국 등록공장현황 2024-12-31 반영 5개 구 전역 + 배출업소·폐기물 v2 override 판 / 취약시설: 어린이집·경로당·지역아동센터 + 장애인복지관). geo_level=point 한정
CC0077,재미난어린이집,어린이집,childcare,4812131000,북면,의창구,35.3038179212773,128.598246428395,159.8,159.8,3,7,14,5,11,20,1,1,0,0,0,0,9,1.667,1.571,1.429,5.0,0.0,858.6,89.01,703,977,274,scenario_stable_non_high,other,"300m 이내 배출원 위치 3개, 500m 이내 배출원 위치 7개, 500m 이내 대기 배출업소 1곳, 최근접 배출원 160m",15.0,True,어린이집 정원(인가 기준). 실제 재원 인원·실제 노출 인원이 아님,산업·배출시설 공간 노출도,v4 (배출원: 전국 등록공장현황 2024-12-31 반영 5개 구 전역 + 배출업소·폐기물 v2 override 판 / 취약시설: 어린이집·경로당·지역아동센터 + 장애인복지관). geo_level=point 한정
CC0078,행복한어린이집,어린이집,childcare,4812131000,북면,의창구,35.3590737945429,128.577991061244,1395.8,1395.8,0,0,0,0,0,0,0,0,0,0,0,0,0,,,,5.0,0.0,1584.0,0.0,1584,1584,0,scenario_stable_non_high,other,"1km 이내 배출원 없음 (최근접 1,396m)",20.0,True,어린이집 정원(인가 기준). 실제 재원 인원·실제 노출 인원이 아님,산업·배출시설 공간 노출도,v4 (배출원: 전국 등록공장현황 2024-12-31 반영 5개 구 전역 + 배출업소·폐기물 v2 override 판 / 취약시설: 어린이집·경로당·지역아동센터 + 장애인복지관). geo_level=point 한정
CC0079,힐스도담어린이집,어린이집,childcare,4812131000,북면,의창구,35.3026690822443,128.582815061682,592.7,592.7,0,0,23,0,0,26,0,0,0,0,0,0,0,,,1.13,5.0,0.0,1156.8,131.63,987,1376,389,scenario_stable_non_high,other,1km 이내 배출원 없음 (최근접 593m),20.0,True,어린이집 정원(인가 기준). 실제 재원 인원·실제 노출 인원이 아님,산업·배출시설 공간 노출도,v4 (배출원: 전국 등록공장현황 2024-12-31 반영 5개 구 전역 + 배출업소·폐기물 v2 override 판 / 취약시설: 어린이집·경로당·지역아동센터 + 장애인복지관). geo_level=point 한정
CC0081,창원시립 유니시티2단지어린이집,어린이집,childcare,4812151000,의창동,의창구,35.2558518094659,128.627509755732,171.4,171.4,3,3,50,3,3,67,3,0,0,0,0,0,0,1.0,1.0,1.34,4.0,0.0,535.5,100.91,383,717,334,scenario_stable_non_high,other,"300m 이내 배출원 위치 3개, 500m 이내 배출원 위치 3개, 500m 이내 대기 배출업소 3곳, 최근접 배출원 171m",80.0,True,어린이집 정원(인가 기준). 실제 재원 인원·실제 노출 인원이 아님,산업·배출시설 공간 노출도,v4 (배출원: 전국 등록공장현황 2024-12-31 반영 5개 구 전역 + 배출업소·폐기물 v2 override 판 / 취약시설: 어린이집·경로당·지역아동센터 + 장애인복지관). geo_level=point 한정
CC0082,창원시립 유니시티3단지어린이집,어린이집,childcare,4812153000,명곡동,의창구,35.2560183190756,128.632008043113,169.1,169.1,2,8,34,2,8,35,2,3,0,0,0,0,3,1.0,1.0,1.029,1.0,0.0,578.0,57.71,470,688,218,scenario_stable_non_high,other,"300m 이내 배출원 위치 2개, 500m 이내 배출원 위치 8개, 500m 이내 대기 배출업소 2곳, 최근접 배출원 169m",84.0,True,어린이집 정원(인가 기준). 실제 재원 인원·실제 노출 인원이 아님,산업·배출시설 공간 노출도,v4 (배출원: 전국 등록공장현황 2024-12-31 반영 5개 구 전역 + 배출업소·폐기물 v2 override 판 / 취약시설: 어린이집·경로당·지역아동센터 + 장애인복지관). geo_level=point 한정
CC0083,창원시립 유니시티4단지어린이집,어린이집,childcare,4812153000,명곡동,의창구,35.2547055381178,128.62941164714,0.0,0.0,2,4,67,2,4,192,4,0,0,0,0,0,0,1.0,1.0,2.866,1.0,0.0,405.3,85.48,267,558,291,scenario_stable_non_high,other,"300m 이내 배출원 위치 2개, 500m 이내 배출원 위치 4개, 500m 이내 대기 배출업소 4곳, 최근접 배출원 0m",77.0,True,어린이집 정원(인가 기준). 실제 재원 인원·실제 노출 인원이 아님,산업·배출시설 공간 노출도,v4 (배출원: 전국 등록공장현황 2024-12-31 반영 5개 구 전역 + 배출업소·폐기물 v2 override 판 / 취약시설: 어린이집·경로당·지역아동센터 + 장애인복지관). geo_level=point 한정
CC0086,소답어린이집,어린이집,childcare,4812151000,의창동,의창구,35.2664532963296,128.626085477842,65.3,65.3,4,10,24,4,10,26,0,2,0,0,0,0,8,1.0,1.0,1.083,4.0,0.0,624.6,101.82,419,753,334,scenario_stable_non_high,other,"300m 이내 배출원 위치 4개, 500m 이내 배출원 위치 10개, 최근접 배출원 65m",38.0,True,어린이집 정원(인가 기준). 실제 재원 인원·실제 노출 인원이 아님,산업·배출시설 공간 노출도,v4 (배출원: 전국 등록공장현황 2024-12-31 반영 5개 구 전역 + 배출업소·폐기물 v2 override 판 / 취약시설: 어린이집·경로당·지역아동센터 + 장애인복지관). geo_level=point 한정
CC0087,오즈놀이스쿨어린이집,어린이집,childcare,4812151000,의창동,의창구,35.2670705151491,128.621549274461,123.5,123.5,1,7,31,1,7,34,0,2,0,0,0,0,5,1.0,1.0,1.097,4.0,0.0,762.7,49.16,659,850,191,scenario_stable_non_high,other,"300m 이내 배출원 위치 1개, 500m 이내 배출원 위치 7개, 최근접 배출원 124m",70.0,True,어린이집 정원(인가 기준). 실제 재원 인원·실제 노출 인원이 아님,산업·배출시설 공간 노출도,v4 (배출원: 전국 등록공장현황 2024-12-31 반영 5개 구 전역 + 배출업소·폐기물 v2 override 판 / 취약시설: 어린이집·경로당·지역아동센터 + 장애인복지관). geo_level=point 한정
CC0088,창원어린이집,어린이집,childcare,4812151000,의창동,의창구,35.2673521627116,128.623516701617,187.2,187.2,3,6,25,3,6,26,0,0,0,0,0,0,6,1.0,1.0,1.04,4.0,0.0,783.2,27.2,721,832,111,scenario_stable_non_high,other,"300m 이내 배출원 위치 3개, 500m 이내 배출원 위치 6개, 최근접 배출원 187m",21.0,True,어린이집 정원(인가 기준). 실제 재원 인원·실제 노출 인원이 아님,산업·배출시설 공간 노출도,v4 (배출원: 전국 등록공장현황 2024-12-31 반영 5개 구 전역 + 배출업소·폐기물 v2 override 판 / 취약시설: 어린이집·경로당·지역아동센터 + 장애인복지관). geo_level=point 한정
CC0089,코끼리영재어린이집,어린이집,childcare,4812151000,의창동,의창구,35.2658113695543,128.627183585462,72.6,72.6,6,10,29,6,10,31,0,2,0,0,0,0,8,1.0,1.0,1.069,4.0,0.0,556.2,88.32,374,671,297,scenario_stable_non_high,other,"300m 이내 배출원 위치 6개, 500m 이내 배출원 위치 10개, 최근접 배출원 73m",110.0,True,어린이집 정원(인가 기준). 실제 재원 인원·실제 노출 인원이 아님,산업·배출시설 공간 노출도,v4 (배출원: 전국 등록공장현황 2024-12-31 반영 5개 구 전역 + 배출업소·폐기물 v2 override 판 / 취약시설: 어린이집·경로당·지역아동센터 + 장애인복지관). geo_level=point 한정
CC0090,큰별예나어린이집,어린이집,childcare,4812151000,의창동,의창구,35.2645826033027,128.624665541891,63.4,63.4,4,15,34,4,16,38,0,5,0,2,0,1,10,1.0,1.067,1.118,4.0,0.0,455.9,49.95,347,536,189,scenario_stable_non_high,other,"300m 이내 배출원 위치 4개, 500m 이내 배출원 위치 15개, 500m 이내 소각 처리 사업장 1곳, 최근접 배출원 63m",38.0,True,어린이집 정원(인가 기준). 실제 재원 인원·실제 노출 인원이 아님,산업·배출시설 공간 노출도,v4 (배출원: 전국 등록공장현황 2024-12-31 반영 5개 구 전역 + 배출업소·폐기물 v2 override 판 / 취약시설: 어린이집·경로당·지역아동센터 + 장애인복지관). geo_level=point 한정
CC0091,아이도담어린이집,어린이집,childcare,4812151000,의창동,의창구,35.2640686961571,128.62366095345,115.4,115.4,5,16,35,5,17,39,0,6,0,2,0,1,10,1.0,1.062,1.114,4.0,0.0,427.2,42.59,333,505,172,scenario_stable_non_high,other,"300m 이내 배출원 위치 5개, 500m 이내 배출원 위치 16개, 500m 이내 소각 처리 사업장 1곳, 최근접 배출원 115m",20.0,True,어린이집 정원(인가 기준). 실제 재원 인원·실제 노출 인원이 아님,산업·배출시설 공간 노출도,v4 (배출원: 전국 등록공장현황 2024-12-31 반영 5개 구 전역 + 배출업소·폐기물 v2 override 판 / 취약시설: 어린이집·경로당·지역아동센터 + 장애인복지관). geo_level=point 한정
CC0092,행복어린이집,어린이집,childcare,4812151000,의창동,의창구,35.2607599825505,128.598416418663,238.4,238.4,1,1,11,1,1,38,0,0,0,0,0,0,1,1.0,1.0,3.455,4.0,0.0,1197.3,51.96,1114,1264,150,scenario_stable_non_high,other,"300m 이내 배출원 위치 1개, 500m 이내 배출원 위치 1개, 최근접 배출원 238m",20.0,True,어린이집 정원(인가 기준). 실제 재원 인원·실제 노출 인원이 아님,산업·배출시설 공간 노출도,v4 (배출원: 전국 등록공장현황 2024-12-31 반영 5개 구 전역 + 배출업소·폐기물 v2 override 판 / 취약시설: 어린이집·경로당·지역아동센터 + 장애인복지관). geo_level=point 한정
CC0110,창원시립 가음꿈에그린어린이집,어린이집,childcare,4812355000,가음정동,성산구,35.2091838110034,128.692882664331,541.7,541.7,0,0,10,0,0,16,0,0,0,0,0,0,0,,,1.6,4.0,0.0,1158.9,90.11,1034,1295,261,scenario_stable_non_high,other,1km 이내 배출원 없음 (최근접 542m),65.0,True,어린이집 정원(인가 기준). 실제 재원 인원·실제 노출 인원이 아님,산업·배출시설 공간 노출도,v4 (배출원: 전국 등록공장현황 2024-12-31 반영 5개 구 전역 + 배출업소·폐기물 v2 override 판 / 취약시설: 어린이집·경로당·지역아동센터 + 장애인복지관). geo_level=point 한정
CC0111,창원시립 가음더샵어린이집,어린이집,childcare,4812355000,가음정동,성산구,35.2091374207354,128.697649307265,612.0,612.0,0,0,12,0,0,15,0,0,0,0,0,0,0,,,1.25,4.0,0.0,1209.5,117.53,1081,1406,325,scenario_stable_non_high,other,1km 이내 배출원 없음 (최근접 612m),65.0,True,어린이집 정원(인가 기준). 실제 재원 인원·실제 노출 인원이 아님,산업·배출시설 공간 노출도,v4 (배출원: 전국 등록공장현황 2024-12-31 반영 5개 구 전역 + 배출업소·폐기물 v2 override 판 / 취약시설: 어린이집·경로당·지역아동센터 + 장애인복지관). geo_level=point 한정
CC0112,창원시립 가음어린이집,어린이집,childcare,4812355000,가음정동,성산구,35.2057171926003,128.701809228081,122.1,122.1,3,4,20,3,4,33,2,2,0,1,0,1,0,1.0,1.0,1.65,4.0,0.0,503.2,46.83,414,601,187,scenario_stable_non_high,other,"300m 이내 배출원 위치 3개, 500m 이내 배출원 위치 4개, 500m 이내 대기 배출업소 2곳, 500m 이내 소각 처리 사업장 1곳, 최근접 배출원 122m",140.0,True,어린이집 정원(인가 기준). 실제 재원 인원·실제 노출 인원이 아님,산업·배출시설 공간 노출도,v4 (배출원: 전국 등록공장현황 2024-12-31 반영 5개 구 전역 + 배출업소·폐기물 v2 override 판 / 취약시설: 어린이집·경로당·지역아동센터 + 장애인복지관). geo_level=point 한정
CC0113,창원시립 센텀푸르지오어린이집,어린이집,childcare,4812355000,가음정동,성산구,35.2083863980488,128.690955810184,446.1,446.1,0,3,11,0,9,19,1,0,0,3,0,2,6,,3.0,1.727,4.0,0.0,904.5,74.05,821,1036,215,scenario_stable_non_high,other,"500m 이내 배출원 위치 3개, 500m 이내 대기 배출업소 1곳, 500m 이내 소각 처리 사업장 2곳, 최근접 배출원 446m",75.0,True,어린이집 정원(인가 기준). 실제 재원 인원·실제 노출 인원이 아님,산업·배출시설 공간 노출도,v4 (배출원: 전국 등록공장현황 2024-12-31 반영 5개 구 전역 + 배출업소·폐기물 v2 override 판 / 취약시설: 어린이집·경로당·지역아동센터 + 장애인복지관). geo_level=point 한정
CC0114,창원시립 조은어린이집,어린이집,childcare,4812355000,가음정동,성산구,35.2109673229264,128.702937401613,394.6,394.6,0,1,8,0,1,8,0,1,0,0,0,0,0,,1.0,1.0,4.0,0.0,1293.5,48.68,1208,1376,168,scenario_stable_non_high,other,"500m 이내 배출원 위치 1개, 최근접 배출원 395m",39.0,True,어린이집 정원(인가 기준). 실제 재원 인원·실제 노출 인원이 아님,산업·배출시설 공간 노출도,v4 (배출원: 전국 등록공장현황 2024-12-31 반영 5개 구 전역 + 배출업소·폐기물 v2 override 판 / 취약시설: 어린이집·경로당·지역아동센터 + 장애인복지관). geo_level=point 한정
CC0115,창원시립 창원YWCA어린이집,어린이집,childcare,4812355000,가음정동,성산구,35.2061564698212,128.699125915863,368.0,368.0,0,3,22,0,3,37,1,2,0,1,0,1,0,,1.0,1.682,4.0,0.0,713.0,151.71,515,977,462,scenario_stable_non_high,other,"500m 이내 배출원 위치 3개, 500m 이내 대기 배출업소 1곳, 500m 이내 소각 처리 사업장 1곳, 최근접 배출원 368m",114.0,True,어린이집 정원(인가 기준). 실제 재원 인원·실제 노출 인원이 아님,산업·배출시설 공간 노출도,v4 (배출원: 전국 등록공장현황 2024-12-31 반영 5개 구 전역 + 배출업소·폐기물 v2 override 판 / 취약시설: 어린이집·경로당·지역아동센터 + 장애인복지관). geo_level=point 한정
CC0116,근로복지공단 창원어린이집,어린이집,childcare,4812355000,가음정동,성산구,35.213395966518,128.700556219213,72.7,72.7,1,1,7,1,1,7,0,1,0,0,0,0,0,1.0,1.0,1.0,4.0,0.0,1247.9,151.25,974,1359,385,scenario_stable_non_high,other,"300m 이내 배출원 위치 1개, 500m 이내 배출원 위치 1개, 최근접 배출원 73m",268.0,True,어린이집 정원(인가 기준). 실제 재원 인원·실제 노출 인원이 아님,산업·배출시설 공간 노출도,v4 (배출원: 전국 등록공장현황 2024-12-31 반영 5개 구 전역 + 배출업소·폐기물 v2 override 판 / 취약시설: 어린이집·경로당·지역아동센터 + 장애인복지관). geo_level=point 한정
CC0117,더샵늘푸른어린이집,어린이집,childcare,4812355000,가음정동,성산구,35.2096723770764,128.696319143169,629.7,629.7,0,0,11,0,0,17,0,0,0,0,0,0,0,,,1.545,4.0,0.0,1237.0,122.19,1114,1432,318,scenario_stable_non_high,other,1km 이내 배출원 없음 (최근접 630m),53.0,True,어린이집 정원(인가 기준). 실제 재원 인원·실제 노출 인원이 아님,산업·배출시설 공간 노출도,v4 (배출원: 전국 등록공장현황 2024-12-31 반영 5개 구 전역 + 배출업소·폐기물 v2 override 판 / 취약시설: 어린이집·경로당·지역아동센터 + 장애인복지관). geo_level=point 한정
CC0118,더샵어린이집,어린이집,childcare,4812355000,가음정동,성산구,35.2080061926996,128.6996799968,433.4,433.4,0,2,19,0,2,32,0,2,0,0,0,0,0,,1.0,1.684,4.0,0.0,951.5,165.05,743,1225,482,scenario_stable_non_high,other,"500m 이내 배출원 위치 2개, 최근접 배출원 433m",51.0,True,어린이집 정원(인가 기준). 실제 재원 인원·실제 노출 인원이 아님,산업·배출시설 공간 노출도,v4 (배출원: 전국 등록공장현황 2024-12-31 반영 5개 구 전역 + 배출업소·폐기물 v2 override 판 / 취약시설: 어린이집·경로당·지역아동센터 + 장애인복지관). geo_level=point 한정
CC0119,솔라어린이집,어린이집,childcare,4812355000,가음정동,성산구,35.2114225475062,128.702846324091,347.4,347.4,0,1,8,0,1,8,0,1,0,0,0,0,0,,1.0,1.0,4.0,0.0,1298.7,39.3,1226,1353,127,scenario_stable_non_high,other,"500m 이내 배출원 위치 1개, 최근접 배출원 347m",27.0,True,어린이집 정원(인가 기준). 실제 재원 인원·실제 노출 인원이 아님,산업·배출시설 공간 노출도,v4 (배출원: 전국 등록공장현황 2024-12-31 반영 5개 구 전역 + 배출업소·폐기물 v2 override 판 / 취약시설: 어린이집·경로당·지역아동센터 + 장애인복지관). geo_level=point 한정
CC0120,하늘빛어린이집,어린이집,childcare,4812355000,가음정동,성산구,35.2091950057862,128.703813539868,386.4,386.4,0,2,7,0,2,7,1,1,0,0,0,0,0,,1.0,1.0,4.0,0.0,1182.8,47.85,1116,1288,172,scenario_stable_non_high,other,"500m 이내 배출원 위치 2개, 500m 이내 대기 배출업소 1곳, 최근접 배출원 386m",39.0,True,어린이집 정원(인가 기준). 실제 재원 인원·실제 노출 인원이 아님,산업·배출시설 공간 노출도,v4 (배출원: 전국 등록공장현황 2024-12-31 반영 5개 구 전역 + 배출업소·폐기물 v2 override 판 / 취약시설: 어린이집·경로당·지역아동센터 + 장애인복지관). geo_level=point 한정
CC0121,동화속어린이집,어린이집,childcare,4812355000,가음정동,성산구,35.2115144000928,128.700447461845,280.8,280.8,1,1,8,1,1,8,0,1,0,0,0,0,0,1.0,1.0,1.0,4.0,0.0,1301.3,39.84,1229,1352,123,scenario_stable_non_high,other,"300m 이내 배출원 위치 1개, 500m 이내 배출원 위치 1개, 최근접 배출원 281m",18.0,True,어린이집 정원(인가 기준). 실제 재원 인원·실제 노출 인원이 아님,산업·배출시설 공간 노출도,v4 (배출원: 전국 등록공장현황 2024-12-31 반영 5개 구 전역 + 배출업소·폐기물 v2 override 판 / 취약시설: 어린이집·경로당·지역아동센터 + 장애인복지관). geo_level=point 한정
CC0122,맑은숲어린이집,어린이집,childcare,4812355000,가음정동,성산구,35.2091976362463,128.700633691583,492.4,492.4,0,1,9,0,1,9,0,1,0,0,0,0,0,,1.0,1.0,4.0,0.0,1236.1,58.96,1147,1335,188,scenario_stable_non_high,other,"500m 이내 배출원 위치 1개, 최근접 배출원 492m",11.0,True,어린이집 정원(인가 기준). 실제 재원 인원·실제 노출 인원이 아님,산업·배출시설 공간 노출도,v4 (배출원: 전국 등록공장현황 2024-12-31 반영 5개 구 전역 + 배출업소·폐기물 v2 override 판 / 취약시설: 어린이집·경로당·지역아동센터 + 장애인복지관). geo_level=point 한정
CC0123,아기별어린이집,어린이집,childcare,4812355000,가음정동,성산구,35.2115144000928,128.700447461845,280.8,280.8,1,1,8,1,1,8,0,1,0,0,0,0,0,1.0,1.0,1.0,4.0,0.0,1301.3,39.84,1229,1352,123,scenario_stable_non_high,other,"300m 이내 배출원 위치 1개, 500m 이내 배출원 위치 1개, 최근접 배출원 281m",18.0,True,어린이집 정원(인가 기준). 실제 재원 인원·실제 노출 인원이 아님,산업·배출시설 공간 노출도,v4 (배출원: 전국 등록공장현황 2024-12-31 반영 5개 구 전역 + 배출업소·폐기물 v2 override 판 / 취약시설: 어린이집·경로당·지역아동센터 + 장애인복지관). geo_level=point 한정
CC0124,아이마중어린이집,어린이집,childcare,4812355000,가음정동,성산구,35.2050174850343,128.699936455575,276.8,276.8,2,3,24,2,3,45,1,2,0,1,0,1,0,1.0,1.0,1.875,4.0,0.0,529.6,105.31,390,730,340,scenario_stable_non_high,other,"300m 이내 배출원 위치 2개, 500m 이내 배출원 위치 3개, 500m 이내 대기 배출업소 1곳, 500m 이내 소각 처리 사업장 1곳, 최근접 배출원 277m",20.0,True,어린이집 정원(인가 기준). 실제 재원 인원·실제 노출 인원이 아님,산업·배출시설 공간 노출도,v4 (배출원: 전국 등록공장현황 2024-12-31 반영 5개 구 전역 + 배출업소·폐기물 v2 override 판 / 취약시설: 어린이집·경로당·지역아동센터 + 장애인복지관). geo_level=point 한정
CC0125,여우오줌어린이집,어린이집,childcare,4812355000,가음정동,성산구,35.214197765992,128.702512476959,162.3,162.3,1,1,6,1,1,6,0,1,0,0,0,0,0,1.0,1.0,1.0,4.0,0.0,1288.5,93.02,1118,1374,256,scenario_stable_non_high,other,"300m 이내 배출원 위치 1개, 500m 이내 배출원 위치 1개, 최근접 배출원 162m",20.0,True,어린이집 정원(인가 기준). 실제 재원 인원·실제 노출 인원이 아님,산업·배출시설 공간 노출도,v4 (배출원: 전국 등록공장현황 2024-12-31 반영 5개 구 전역 + 배출업소·폐기물 v2 override 판 / 취약시설: 어린이집·경로당·지역아동센터 + 장애인복지관). geo_level=point 한정
CC0126,존조리어린이집,어린이집,childcare,4812355000,가음정동,성산구,35.2146003695465,128.702945976602,210.4,210.4,1,3,5,1,3,5,0,2,0,0,0,0,1,1.0,1.0,1.0,4.0,0.0,1297.5,69.43,1164,1374,210,scenario_stable_non_high,other,"300m 이내 배출원 위치 1개, 500m 이내 배출원 위치 3개, 최근접 배출원 210m",20.0,True,어린이집 정원(인가 기준). 실제 재원 인원·실제 노출 인원이 아님,산업·배출시설 공간 노출도,v4 (배출원: 전국 등록공장현황 2024-12-31 반영 5개 구 전역 + 배출업소·폐기물 v2 override 판 / 취약시설: 어린이집·경로당·지역아동센터 + 장애인복지관). geo_level=point 한정
CC0127,창원코알라어린이집,어린이집,childcare,4812355000,가음정동,성산구,35.2072995436345,128.694640827176,414.6,414.6,0,5,21,0,5,40,2,2,0,1,0,1,1,,1.0,1.905,4.0,0.0,755.4,160.8,576,1032,456,scenario_stable_non_high,other,"500m 이내 배출원 위치 5개, 500m 이내 대기 배출업소 2곳, 500m 이내 소각 처리 사업장 1곳, 최근접 배출원 415m",11.0,True,어린이집 정원(인가 기준). 실제 재원 인원·실제 노출 인원이 아님,산업·배출시설 공간 노출도,v4 (배출원: 전국 등록공장현황 2024-12-31 반영 5개 구 전역 + 배출업소·폐기물 v2 override 판 / 취약시설: 어린이집·경로당·지역아동센터 + 장애인복지관). geo_level=point 한정
CC0128,청솔어린이집,어린이집,childcare,4812355000,가음정동,성산구,35.2115144000928,128.700447461845,280.8,280.8,1,1,8,1,1,8,0,1,0,0,0,0,0,1.0,1.0,1.0,4.0,0.0,1301.3,39.84,1229,1352,123,scenario_stable_non_high,other,"300m 이내 배출원 위치 1개, 500m 이내 배출원 위치 1개, 최근접 배출원 281m",19.0,True,어린이집 정원(인가 기준). 실제 재원 인원·실제 노출 인원이 아님,산업·배출시설 공간 노출도,v4 (배출원: 전국 등록공장현황 2024-12-31 반영 5개 구 전역 + 배출업소·폐기물 v2 override 판 / 취약시설: 어린이집·경로당·지역아동센터 + 장애인복지관). geo_level=point 한정
CC0129,토마토어린이집,어린이집,childcare,4812355000,가음정동,성산구,35.2114225475062,128.702846324091,347.4,347.4,0,1,8,0,1,8,0,1,0,0,0,0,0,,1.0,1.0,4.0,0.0,1298.7,39.3,1226,1353,127,scenario_stable_non_high,other,"500m 이내 배출원 위치 1개, 최근접 배출원 347m",20.0,True,어린이집 정원(인가 기준). 실제 재원 인원·실제 노출 인원이 아님,산업·배출시설 공간 노출도,v4 (배출원: 전국 등록공장현황 2024-12-31 반영 5개 구 전역 + 배출업소·폐기물 v2 override 판 / 취약시설: 어린이집·경로당·지역아동센터 + 장애인복지관). geo_level=point 한정
CC0130,팝콘어린이집,어린이집,childcare,4812355000,가음정동,성산구,35.213937217347,128.703166355558,221.1,221.1,1,2,6,1,2,6,0,1,0,0,0,0,1,1.0,1.0,1.0,4.0,0.0,1307.6,55.45,1207,1362,155,scenario_stable_non_high,other,"300m 이내 배출원 위치 1개, 500m 이내 배출원 위치 2개, 최근접 배출원 221m",19.0,True,어린이집 정원(인가 기준). 실제 재원 인원·실제 노출 인원이 아님,산업·배출시설 공간 노출도,v4 (배출원: 전국 등록공장현황 2024-12-31 반영 5개 구 전역 + 배출업소·폐기물 v2 override 판 / 취약시설: 어린이집·경로당·지역아동센터 + 장애인복지관). geo_level=point 한정
CC0131,LG전자창원어린이집,어린이집,childcare,4812355000,가음정동,성산구,35.206717250678,128.687894888884,144.2,144.2,1,4,25,7,10,53,1,0,0,4,0,3,7,7.0,2.5,2.12,4.0,0.0,374.8,34.6,318,439,121,scenario_stable_non_high,other,"300m 이내 배출원 위치 1개, 500m 이내 배출원 위치 4개, 500m 이내 대기 배출업소 1곳, 500m 이내 소각 처리 사업장 3곳, 최근접 배출원 144m",90.0,True,어린이집 정원(인가 기준). 실제 재원 인원·실제 노출 인원이 아님,산업·배출시설 공간 노출도,v4 (배출원: 전국 등록공장현황 2024-12-31 반영 5개 구 전역 + 배출업소·폐기물 v2 override 판 / 취약시설: 어린이집·경로당·지역아동센터 + 장애인복지관). geo_level=point 한정
CC0132,창원시립 반송어린이집,어린이집,childcare,4812351000,반송동,성산구,35.2358298524995,128.669543020891,121.5,121.5,2,4,15,2,7,52,4,1,0,1,0,0,1,1.0,1.75,3.467,0.0,0.0,750.5,34.85,671,827,156,scenario_stable_non_high,other,"300m 이내 배출원 위치 2개, 500m 이내 배출원 위치 4개, 500m 이내 대기 배출업소 4곳, 최근접 배출원 122m",95.0,True,어린이집 정원(인가 기준). 실제 재원 인원·실제 노출 인원이 아님,산업·배출시설 공간 노출도,v4 (배출원: 전국 등록공장현황 2024-12-31 반영 5개 구 전역 + 배출업소·폐기물 v2 override 판 / 취약시설: 어린이집·경로당·지역아동센터 + 장애인복지관). geo_level=point 한정
CC0133,노블파크어린이집,어린이집,childcare,4812351000,반송동,성산구,35.2378503860223,128.667392671865,372.0,372.0,0,7,16,0,10,53,3,3,0,3,0,1,1,,1.429,3.312,0.0,0.0,747.5,118.73,584,953,369,scenario_stable_non_high,other,"500m 이내 배출원 위치 7개, 500m 이내 대기 배출업소 3곳, 500m 이내 소각 처리 사업장 1곳, 최근접 배출원 372m",54.0,True,어린이집 정원(인가 기준). 실제 재원 인원·실제 노출 인원이 아님,산업·배출시설 공간 노출도,v4 (배출원: 전국 등록공장현황 2024-12-31 반영 5개 구 전역 + 배출업소·폐기물 v2 override 판 / 취약시설: 어린이집·경로당·지역아동센터 + 장애인복지관). geo_level=point 한정
CC0134,에덴어린이집,어린이집,childcare,4812351000,반송동,성산구,35.2392142983983,128.679175002219,227.4,227.4,1,6,16,1,6,16,2,4,0,0,0,0,0,1.0,1.0,1.0,0.0,0.0,843.2,48.07,759,932,173,scenario_stable_non_high,other,"300m 이내 배출원 위치 1개, 500m 이내 배출원 위치 6개, 500m 이내 대기 배출업소 2곳, 최근접 배출원 227m",50.0,True,어린이집 정원(인가 기준). 실제 재원 인원·실제 노출 인원이 아님,산업·배출시설 공간 노출도,v4 (배출원: 전국 등록공장현황 2024-12-31 반영 5개 구 전역 + 배출업소·폐기물 v2 override 판 / 취약시설: 어린이집·경로당·지역아동센터 + 장애인복지관). geo_level=point 한정
CC0135,트리비앙 미소어린이집,어린이집,childcare,4812351000,반송동,성산구,35.2333268971177,128.673698712421,355.0,355.0,0,2,21,0,2,26,0,1,0,0,0,0,1,,1.0,1.238,0.0,0.0,866.8,133.25,668,1098,430,scenario_stable_non_high,other,"500m 이내 배출원 위치 2개, 최근접 배출원 355m",57.0,True,어린이집 정원(인가 기준). 실제 재원 인원·실제 노출 인원이 아님,산업·배출시설 공간 노출도,v4 (배출원: 전국 등록공장현황 2024-12-31 반영 5개 구 전역 + 배출업소·폐기물 v2 override 판 / 취약시설: 어린이집·경로당·지역아동센터 + 장애인복지관). geo_level=point 한정
CC0136,럭키해뜰어린이집,어린이집,childcare,4812351000,반송동,성산구,35.2387919361731,128.668925537975,378.7,378.7,0,3,13,0,3,16,0,1,0,1,0,0,1,,1.0,1.231,0.0,0.0,955.0,83.2,795,1081,286,scenario_stable_non_high,other,"500m 이내 배출원 위치 3개, 최근접 배출원 379m",19.0,True,어린이집 정원(인가 기준). 실제 재원 인원·실제 노출 인원이 아님,산업·배출시설 공간 노출도,v4 (배출원: 전국 등록공장현황 2024-12-31 반영 5개 구 전역 + 배출업소·폐기물 v2 override 판 / 취약시설: 어린이집·경로당·지역아동센터 + 장애인복지관). geo_level=point 한정
CC0137,루리어린이집,어린이집,childcare,4812351000,반송동,성산구,35.2333268971177,128.673698712421,355.0,355.0,0,2,21,0,2,26,0,1,0,0,0,0,1,,1.0,1.238,0.0,0.0,866.8,133.25,668,1098,430,scenario_stable_non_high,other,"500m 이내 배출원 위치 2개, 최근접 배출원 355m",20.0,True,어린이집 정원(인가 기준). 실제 재원 인원·실제 노출 인원이 아님,산업·배출시설 공간 노출도,v4 (배출원: 전국 등록공장현황 2024-12-31 반영 5개 구 전역 + 배출업소·폐기물 v2 override 판 / 취약시설: 어린이집·경로당·지역아동센터 + 장애인복지관). geo_level=point 한정
CC0138,민트어린이집,어린이집,childcare,4812351000,반송동,성산구,35.2379828949569,128.666036142901,280.5,280.5,1,6,17,1,9,54,3,3,0,3,0,1,0,1.0,1.5,3.176,0.0,0.0,645.9,80.42,524,790,266,scenario_stable_non_high,other,"300m 이내 배출원 위치 1개, 500m 이내 배출원 위치 6개, 500m 이내 대기 배출업소 3곳, 500m 이내 소각 처리 사업장 1곳, 최근접 배출원 280m",20.0,True,어린이집 정원(인가 기준). 실제 재원 인원·실제 노출 인원이 아님,산업·배출시설 공간 노출도,v4 (배출원: 전국 등록공장현황 2024-12-31 반영 5개 구 전역 + 배출업소·폐기물 v2 override 판 / 취약시설: 어린이집·경로당·지역아동센터 + 장애인복지관). geo_level=point 한정
CC0139,새새순어린이집,어린이집,childcare,4812351000,반송동,성산구,35.2428929998901,128.664884373798,312.1,312.1,0,5,15,0,5,18,0,3,0,2,0,1,0,,1.0,1.2,0.0,0.0,866.4,62.81,747,958,211,scenario_stable_non_high,other,"500m 이내 배출원 위치 5개, 500m 이내 소각 처리 사업장 1곳, 최근접 배출원 312m",20.0,True,어린이집 정원(인가 기준). 실제 재원 인원·실제 노출 인원이 아님,산업·배출시설 공간 노출도,v4 (배출원: 전국 등록공장현황 2024-12-31 반영 5개 구 전역 + 배출업소·폐기물 v2 override 판 / 취약시설: 어린이집·경로당·지역아동센터 + 장애인복지관). geo_level=point 한정
CC0140,소담어린이집,어린이집,childcare,4812351000,반송동,성산구,35.2449735142223,128.669890095621,439.5,439.5,0,1,13,0,1,13,0,0,0,1,0,1,0,,1.0,1.0,0.0,0.0,1139.9,98.9,1038,1306,268,scenario_stable_non_high,other,"500m 이내 배출원 위치 1개, 500m 이내 소각 처리 사업장 1곳, 최근접 배출원 440m",16.0,True,어린이집 정원(인가 기준). 실제 재원 인원·실제 노출 인원이 아님,산업·배출시설 공간 노출도,v4 (배출원: 전국 등록공장현황 2024-12-31 반영 5개 구 전역 + 배출업소·폐기물 v2 override 판 / 취약시설: 어린이집·경로당·지역아동센터 + 장애인복지관). geo_level=point 한정
CC0141,슬기어린이집,어린이집,childcare,4812351000,반송동,성산구,35.2387919361731,128.668925537975,378.7,378.7,0,3,13,0,3,16,0,1,0,1,0,0,1,,1.0,1.231,0.0,0.0,955.0,83.2,795,1081,286,scenario_stable_non_high,other,"500m 이내 배출원 위치 3개, 최근접 배출원 379m",20.0,True,어린이집 정원(인가 기준). 실제 재원 인원·실제 노출 인원이 아님,산업·배출시설 공간 노출도,v4 (배출원: 전국 등록공장현황 2024-12-31 반영 5개 구 전역 + 배출업소·폐기물 v2 override 판 / 취약시설: 어린이집·경로당·지역아동센터 + 장애인복지관). geo_level=point 한정
CC0142,아이뽀어린이집,어린이집,childcare,4812351000,반송동,성산구,35.2379828949569,128.666036142901,280.5,280.5,1,6,17,1,9,54,3,3,0,3,0,1,0,1.0,1.5,3.176,0.0,0.0,645.9,80.42,524,790,266,scenario_stable_non_high,other,"300m 이내 배출원 위치 1개, 500m 이내 배출원 위치 6개, 500m 이내 대기 배출업소 3곳, 500m 이내 소각 처리 사업장 1곳, 최근접 배출원 280m",20.0,True,어린이집 정원(인가 기준). 실제 재원 인원·실제 노출 인원이 아님,산업·배출시설 공간 노출도,v4 (배출원: 전국 등록공장현황 2024-12-31 반영 5개 구 전역 + 배출업소·폐기물 v2 override 판 / 취약시설: 어린이집·경로당·지역아동센터 + 장애인복지관). geo_level=point 한정
CC0144,예랑어린이집,어린이집,childcare,4812351000,반송동,성산구,35.2333268971177,128.673698712421,355.0,355.0,0,2,21,0,2,26,0,1,0,0,0,0,1,,1.0,1.238,0.0,0.0,866.8,133.25,668,1098,430,scenario_stable_non_high,other,"500m 이내 배출원 위치 2개, 최근접 배출원 355m",14.0,True,어린이집 정원(인가 기준). 실제 재원 인원·실제 노출 인원이 아님,산업·배출시설 공간 노출도,v4 (배출원: 전국 등록공장현황 2024-12-31 반영 5개 구 전역 + 배출업소·폐기물 v2 override 판 / 취약시설: 어린이집·경로당·지역아동센터 + 장애인복지관). geo_level=point 한정
CC0145,웃는아이어린이집,어린이집,childcare,4812351000,반송동,성산구,35.2333268971177,128.673698712421,355.0,355.0,0,2,21,0,2,26,0,1,0,0,0,0,1,,1.0,1.238,0.0,0.0,866.8,133.25,668,1098,430,scenario_stable_non_high,other,"500m 이내 배출원 위치 2개, 최근접 배출원 355m",20.0,True,어린이집 정원(인가 기준). 실제 재원 인원·실제 노출 인원이 아님,산업·배출시설 공간 노출도,v4 (배출원: 전국 등록공장현황 2024-12-31 반영 5개 구 전역 + 배출업소·폐기물 v2 override 판 / 취약시설: 어린이집·경로당·지역아동센터 + 장애인복지관). geo_level=point 한정
CC0147,좋은어린이집,어린이집,childcare,4812351000,반송동,성산구,35.2452763456527,128.669757886977,409.0,409.0,0,1,13,0,1,13,0,0,0,1,0,1,0,,1.0,1.0,0.0,0.0,1124.5,86.13,1037,1265,228,scenario_stable_non_high,other,"500m 이내 배출원 위치 1개, 500m 이내 소각 처리 사업장 1곳, 최근접 배출원 409m",19.0,True,어린이집 정원(인가 기준). 실제 재원 인원·실제 노출 인원이 아님,산업·배출시설 공간 노출도,v4 (배출원: 전국 등록공장현황 2024-12-31 반영 5개 구 전역 + 배출업소·폐기물 v2 override 판 / 취약시설: 어린이집·경로당·지역아동센터 + 장애인복지관). geo_level=point 한정
CC0148,참빛어린이집,어린이집,childcare,4812351000,반송동,성산구,35.2380516567106,128.673859397374,132.2,132.2,2,4,12,2,4,15,2,1,0,0,0,0,1,1.0,1.0,1.25,0.0,0.0,774.1,136.06,528,998,470,scenario_stable_non_high,other,"300m 이내 배출원 위치 2개, 500m 이내 배출원 위치 4개, 500m 이내 대기 배출업소 2곳, 최근접 배출원 132m",19.0,True,어린이집 정원(인가 기준). 실제 재원 인원·실제 노출 인원이 아님,산업·배출시설 공간 노출도,v4 (배출원: 전국 등록공장현황 2024-12-31 반영 5개 구 전역 + 배출업소·폐기물 v2 override 판 / 취약시설: 어린이집·경로당·지역아동센터 + 장애인복지관). geo_level=point 한정
CC0149,트리키즈어린이집,어린이집,childcare,4812351000,반송동,성산구,35.2333268971177,128.673698712421,355.0,355.0,0,2,21,0,2,26,0,1,0,0,0,0,1,,1.0,1.238,0.0,0.0,866.8,133.25,668,1098,430,scenario_stable_non_high,other,"500m 이내 배출원 위치 2개, 최근접 배출원 355m",20.0,True,어린이집 정원(인가 기준). 실제 재원 인원·실제 노출 인원이 아님,산업·배출시설 공간 노출도,v4 (배출원: 전국 등록공장현황 2024-12-31 반영 5개 구 전역 + 배출업소·폐기물 v2 override 판 / 취약시설: 어린이집·경로당·지역아동센터 + 장애인복지관). geo_level=point 한정
CC0151,하나둘셋어린이집,어린이집,childcare,4812351000,반송동,성산구,35.2379828949569,128.666036142901,280.5,280.5,1,6,17,1,9,54,3,3,0,3,0,1,0,1.0,1.5,3.176,0.0,0.0,645.9,80.42,524,790,266,scenario_stable_non_high,other,"300m 이내 배출원 위치 1개, 500m 이내 배출원 위치 6개, 500m 이내 대기 배출업소 3곳, 500m 이내 소각 처리 사업장 1곳, 최근접 배출원 280m",20.0,True,어린이집 정원(인가 기준). 실제 재원 인원·실제 노출 인원이 아님,산업·배출시설 공간 노출도,v4 (배출원: 전국 등록공장현황 2024-12-31 반영 5개 구 전역 + 배출업소·폐기물 v2 override 판 / 취약시설: 어린이집·경로당·지역아동센터 + 장애인복지관). geo_level=point 한정
CC0152,해솔어린이집,어린이집,childcare,4812351000,반송동,성산구,35.2416554882797,128.655877163134,258.0,258.0,2,4,23,3,5,24,4,1,0,2,0,2,0,1.5,1.25,1.043,0.0,0.0,372.6,41.23,299,449,150,scenario_stable_non_high,other,"300m 이내 배출원 위치 2개, 500m 이내 배출원 위치 4개, 500m 이내 대기 배출업소 4곳, 500m 이내 소각 처리 사업장 2곳, 최근접 배출원 258m",20.0,True,어린이집 정원(인가 기준). 실제 재원 인원·실제 노출 인원이 아님,산업·배출시설 공간 노출도,v4 (배출원: 전국 등록공장현황 2024-12-31 반영 5개 구 전역 + 배출업소·폐기물 v2 override 판 / 취약시설: 어린이집·경로당·지역아동센터 + 장애인복지관). geo_level=point 한정
CC0153,햇살가득어린이집,어린이집,childcare,4812351000,반송동,성산구,35.2387919361731,128.668925537975,378.7,378.7,0,3,13,0,3,16,0,1,0,1,0,0,1,,1.0,1.231,0.0,0.0,955.0,83.2,795,1081,286,scenario_stable_non_high,other,"500m 이내 배출원 위치 3개, 최근접 배출원 379m",16.0,True,어린이집 정원(인가 기준). 실제 재원 인원·실제 노출 인원이 아님,산업·배출시설 공간 노출도,v4 (배출원: 전국 등록공장현황 2024-12-31 반영 5개 구 전역 + 배출업소·폐기물 v2 override 판 / 취약시설: 어린이집·경로당·지역아동센터 + 장애인복지관). geo_level=point 한정
CC0155,창원시립 대방어린이집,어린이집,childcare,4812354000,사파동,성산구,35.2039102156837,128.708637965722,349.7,349.7,0,2,7,0,2,8,2,0,0,1,0,1,0,,1.0,1.143,3.0,0.0,1017.0,43.8,947,1116,169,scenario_stable_non_high,other,"500m 이내 배출원 위치 2개, 500m 이내 대기 배출업소 2곳, 500m 이내 소각 처리 사업장 1곳, 최근접 배출원 350m",90.0,True,어린이집 정원(인가 기준). 실제 재원 인원·실제 노출 인원이 아님,산업·배출시설 공간 노출도,v4 (배출원: 전국 등록공장현황 2024-12-31 반영 5개 구 전역 + 배출업소·폐기물 v2 override 판 / 취약시설: 어린이집·경로당·지역아동센터 + 장애인복지관). geo_level=point 한정
CC0156,창원시립 성산반도유보라어린이집,어린이집,childcare,4812354000,사파동,성산구,35.2178319780537,128.70991152913,262.4,262.4,2,2,5,2,2,5,0,1,0,0,0,0,1,1.0,1.0,1.0,3.0,0.0,1313.1,69.82,1180,1386,206,scenario_stable_non_high,other,"300m 이내 배출원 위치 2개, 500m 이내 배출원 위치 2개, 최근접 배출원 262m",41.0,True,어린이집 정원(인가 기준). 실제 재원 인원·실제 노출 인원이 아님,산업·배출시설 공간 노출도,v4 (배출원: 전국 등록공장현황 2024-12-31 반영 5개 구 전역 + 배출업소·폐기물 v2 override 판 / 취약시설: 어린이집·경로당·지역아동센터 + 장애인복지관). geo_level=point 한정
CC0157,상록어린이집,어린이집,childcare,4812354000,사파동,성산구,35.2239880135078,128.698114029437,164.3,164.3,3,4,15,3,4,15,1,2,0,1,0,0,0,1.0,1.0,1.0,3.0,0.0,838.5,38.24,759,908,149,scenario_stable_non_high,other,"300m 이내 배출원 위치 3개, 500m 이내 배출원 위치 4개, 500m 이내 대기 배출업소 1곳, 최근접 배출원 164m",68.0,True,어린이집 정원(인가 기준). 실제 재원 인원·실제 노출 인원이 아님,산업·배출시설 공간 노출도,v4 (배출원: 전국 등록공장현황 2024-12-31 반영 5개 구 전역 + 배출업소·폐기물 v2 override 판 / 취약시설: 어린이집·경로당·지역아동센터 + 장애인복지관). geo_level=point 한정
CC0158,그린숲어린이집,어린이집,childcare,4812354000,사파동,성산구,35.2062550646981,128.707388127672,122.6,122.6,1,4,5,1,4,5,2,2,0,1,0,1,0,1.0,1.0,1.0,3.0,0.0,866.7,147.27,585,1077,492,scenario_stable_non_high,other,"300m 이내 배출원 위치 1개, 500m 이내 배출원 위치 4개, 500m 이내 대기 배출업소 2곳, 500m 이내 소각 처리 사업장 1곳, 최근접 배출원 123m",38.0,True,어린이집 정원(인가 기준). 실제 재원 인원·실제 노출 인원이 아님,산업·배출시설 공간 노출도,v4 (배출원: 전국 등록공장현황 2024-12-31 반영 5개 구 전역 + 배출업소·폐기물 v2 override 판 / 취약시설: 어린이집·경로당·지역아동센터 + 장애인복지관). geo_level=point 한정
CC0159,대동몬테소리어린이집,어린이집,childcare,4812354000,사파동,성산구,35.2101450407943,128.709204335219,521.0,521.0,0,0,7,0,0,7,0,0,0,0,0,0,0,,,1.0,3.0,0.0,1360.2,36.38,1291,1425,134,scenario_stable_non_high,other,1km 이내 배출원 없음 (최근접 521m),55.0,True,어린이집 정원(인가 기준). 실제 재원 인원·실제 노출 인원이 아님,산업·배출시설 공간 노출도,v4 (배출원: 전국 등록공장현황 2024-12-31 반영 5개 구 전역 + 배출업소·폐기물 v2 override 판 / 취약시설: 어린이집·경로당·지역아동센터 + 장애인복지관). geo_level=point 한정
CC0160,대방신비어린이집,어린이집,childcare,4812354000,사파동,성산구,35.2148401938952,128.706240813652,202.3,202.3,2,2,6,2,2,6,0,1,0,0,0,0,1,1.0,1.0,1.0,3.0,0.0,1221.6,103.57,1030,1323,293,scenario_stable_non_high,other,"300m 이내 배출원 위치 2개, 500m 이내 배출원 위치 2개, 최근접 배출원 202m",54.0,True,어린이집 정원(인가 기준). 실제 재원 인원·실제 노출 인원이 아님,산업·배출시설 공간 노출도,v4 (배출원: 전국 등록공장현황 2024-12-31 반영 5개 구 전역 + 배출업소·폐기물 v2 override 판 / 취약시설: 어린이집·경로당·지역아동센터 + 장애인복지관). geo_level=point 한정
CC0161,덕산이든어린이집,어린이집,childcare,4812354000,사파동,성산구,35.2136189737478,128.706891481493,285.5,285.5,2,2,6,2,2,6,0,1,0,0,0,0,1,1.0,1.0,1.0,3.0,0.0,1299.4,51.7,1218,1369,151,scenario_stable_non_high,other,"300m 이내 배출원 위치 2개, 500m 이내 배출원 위치 2개, 최근접 배출원 286m",22.0,True,어린이집 정원(인가 기준). 실제 재원 인원·실제 노출 인원이 아님,산업·배출시설 공간 노출도,v4 (배출원: 전국 등록공장현황 2024-12-31 반영 5개 구 전역 + 배출업소·폐기물 v2 override 판 / 취약시설: 어린이집·경로당·지역아동센터 + 장애인복지관). geo_level=point 한정
CC0162,동성피노키오어린이집,어린이집,childcare,4812354000,사파동,성산구,35.2189639383467,128.705022252354,347.7,347.7,0,3,8,0,3,8,1,1,0,0,0,0,1,,1.0,1.0,3.0,0.0,1236.5,42.48,1171,1318,147,scenario_stable_non_high,other,"500m 이내 배출원 위치 3개, 500m 이내 대기 배출업소 1곳, 최근접 배출원 348m",50.0,True,어린이집 정원(인가 기준). 실제 재원 인원·실제 노출 인원이 아님,산업·배출시설 공간 노출도,v4 (배출원: 전국 등록공장현황 2024-12-31 반영 5개 구 전역 + 배출업소·폐기물 v2 override 판 / 취약시설: 어린이집·경로당·지역아동센터 + 장애인복지관). geo_level=point 한정
CC0163,아이꿈어린이집,어린이집,childcare,4812354000,사파동,성산구,35.2035792069096,128.706880608511,304.2,304.2,0,5,15,0,5,30,3,3,0,2,0,2,0,,1.0,2.0,3.0,0.0,685.4,60.16,584,816,232,scenario_stable_non_high,other,"500m 이내 배출원 위치 5개, 500m 이내 대기 배출업소 3곳, 500m 이내 소각 처리 사업장 2곳, 최근접 배출원 304m",36.0,True,어린이집 정원(인가 기준). 실제 재원 인원·실제 노출 인원이 아님,산업·배출시설 공간 노출도,v4 (배출원: 전국 등록공장현황 2024-12-31 반영 5개 구 전역 + 배출업소·폐기물 v2 override 판 / 취약시설: 어린이집·경로당·지역아동센터 + 장애인복지관). geo_level=point 한정
CC0164,킨더하임어린이집,어린이집,childcare,4812354000,사파동,성산구,35.205515470619,128.7108643453,446.3,446.3,0,1,5,0,1,5,1,0,0,0,0,0,0,,1.0,1.0,3.0,0.0,1257.4,50.31,1181,1356,175,scenario_stable_non_high,other,"500m 이내 배출원 위치 1개, 500m 이내 대기 배출업소 1곳, 최근접 배출원 446m",39.0,True,어린이집 정원(인가 기준). 실제 재원 인원·실제 노출 인원이 아님,산업·배출시설 공간 노출도,v4 (배출원: 전국 등록공장현황 2024-12-31 반영 5개 구 전역 + 배출업소·폐기물 v2 override 판 / 취약시설: 어린이집·경로당·지역아동센터 + 장애인복지관). geo_level=point 한정
CC0165,하늘날다어린이집,어린이집,childcare,4812354000,사파동,성산구,35.2128567995496,128.707799810397,349.0,349.0,0,2,6,0,2,6,0,1,0,0,0,0,1,,1.0,1.0,3.0,0.0,1363.7,21.09,1321,1386,65,scenario_stable_non_high,other,"500m 이내 배출원 위치 2개, 최근접 배출원 349m",24.0,True,어린이집 정원(인가 기준). 실제 재원 인원·실제 노출 인원이 아님,산업·배출시설 공간 노출도,v4 (배출원: 전국 등록공장현황 2024-12-31 반영 5개 구 전역 + 배출업소·폐기물 v2 override 판 / 취약시설: 어린이집·경로당·지역아동센터 + 장애인복지관). geo_level=point 한정
CC0166,행복어린이집,어린이집,childcare,4812354000,사파동,성산구,35.2074277712935,128.708700800323,276.0,276.0,1,1,7,1,1,7,1,0,0,0,0,0,0,1.0,1.0,1.0,3.0,0.0,1099.8,46.06,1024,1180,156,scenario_stable_non_high,other,"300m 이내 배출원 위치 1개, 500m 이내 배출원 위치 1개, 500m 이내 대기 배출업소 1곳, 최근접 배출원 276m",39.0,True,어린이집 정원(인가 기준). 실제 재원 인원·실제 노출 인원이 아님,산업·배출시설 공간 노출도,v4 (배출원: 전국 등록공장현황 2024-12-31 반영 5개 구 전역 + 배출업소·폐기물 v2 override 판 / 취약시설: 어린이집·경로당·지역아동센터 + 장애인복지관). geo_level=point 한정
CC0167,동성나라어린이집,어린이집,childcare,4812354000,사파동,성산구,35.2194766939923,128.70218850738,109.2,109.2,1,2,9,1,2,9,1,1,0,0,0,0,0,1.0,1.0,1.0,3.0,0.0,1078.6,131.1,789,1231,442,scenario_stable_non_high,other,"300m 이내 배출원 위치 1개, 500m 이내 배출원 위치 2개, 500m 이내 대기 배출업소 1곳, 최근접 배출원 109m",20.0,True,어린이집 정원(인가 기준). 실제 재원 인원·실제 노출 인원이 아님,산업·배출시설 공간 노출도,v4 (배출원: 전국 등록공장현황 2024-12-31 반영 5개 구 전역 + 배출업소·폐기물 v2 override 판 / 취약시설: 어린이집·경로당·지역아동센터 + 장애인복지관). geo_level=point 한정
CC0168,디딤돌어린이집,어린이집,childcare,4812354000,사파동,성산구,35.214999992587,128.705299860616,260.3,260.3,2,3,6,2,3,6,0,2,0,0,0,0,1,1.0,1.0,1.0,3.0,0.0,1241.6,66.2,1122,1329,207,scenario_stable_non_high,other,"300m 이내 배출원 위치 2개, 500m 이내 배출원 위치 3개, 최근접 배출원 260m",19.0,True,어린이집 정원(인가 기준). 실제 재원 인원·실제 노출 인원이 아님,산업·배출시설 공간 노출도,v4 (배출원: 전국 등록공장현황 2024-12-31 반영 5개 구 전역 + 배출업소·폐기물 v2 override 판 / 취약시설: 어린이집·경로당·지역아동센터 + 장애인복지관). geo_level=point 한정
CC0169,라라어린이집,어린이집,childcare,4812354000,사파동,성산구,35.2196811136787,128.692998756678,216.9,216.9,1,1,22,1,1,23,1,0,0,1,0,1,0,1.0,1.0,1.045,3.0,0.0,708.2,32.65,649,775,126,scenario_stable_non_high,other,"300m 이내 배출원 위치 1개, 500m 이내 배출원 위치 1개, 500m 이내 대기 배출업소 1곳, 500m 이내 소각 처리 사업장 1곳, 최근접 배출원 217m",14.0,True,어린이집 정원(인가 기준). 실제 재원 인원·실제 노출 인원이 아님,산업·배출시설 공간 노출도,v4 (배출원: 전국 등록공장현황 2024-12-31 반영 5개 구 전역 + 배출업소·폐기물 v2 override 판 / 취약시설: 어린이집·경로당·지역아동센터 + 장애인복지관). geo_level=point 한정
CC0170,시온어린이집,어린이집,childcare,4812354000,사파동,성산구,35.2136189737478,128.706891481493,285.5,285.5,2,2,6,2,2,6,0,1,0,0,0,0,1,1.0,1.0,1.0,3.0,0.0,1299.4,51.7,1218,1369,151,scenario_stable_non_high,other,"300m 이내 배출원 위치 2개, 500m 이내 배출원 위치 2개, 최근접 배출원 286m",20.0,True,어린이집 정원(인가 기준). 실제 재원 인원·실제 노출 인원이 아님,산업·배출시설 공간 노출도,v4 (배출원: 전국 등록공장현황 2024-12-31 반영 5개 구 전역 + 배출업소·폐기물 v2 override 판 / 취약시설: 어린이집·경로당·지역아동센터 + 장애인복지관). geo_level=point 한정
CC0171,코코몽어린이집,어린이집,childcare,4812354000,사파동,성산구,35.2189639383467,128.705022252354,347.7,347.7,0,3,8,0,3,8,1,1,0,0,0,0,1,,1.0,1.0,3.0,0.0,1236.5,42.48,1171,1318,147,scenario_stable_non_high,other,"500m 이내 배출원 위치 3개, 500m 이내 대기 배출업소 1곳, 최근접 배출원 348m",15.0,True,어린이집 정원(인가 기준). 실제 재원 인원·실제 노출 인원이 아님,산업·배출시설 공간 노출도,v4 (배출원: 전국 등록공장현황 2024-12-31 반영 5개 구 전역 + 배출업소·폐기물 v2 override 판 / 취약시설: 어린이집·경로당·지역아동센터 + 장애인복지관). geo_level=point 한정
CC0172,텔레토비어린이집,어린이집,childcare,4812354000,사파동,성산구,35.2194766939923,128.70218850738,109.2,109.2,1,2,9,1,2,9,1,1,0,0,0,0,0,1.0,1.0,1.0,3.0,0.0,1078.6,131.1,789,1231,442,scenario_stable_non_high,other,"300m 이내 배출원 위치 1개, 500m 이내 배출원 위치 2개, 500m 이내 대기 배출업소 1곳, 최근접 배출원 109m",20.0,True,어린이집 정원(인가 기준). 실제 재원 인원·실제 노출 인원이 아님,산업·배출시설 공간 노출도,v4 (배출원: 전국 등록공장현황 2024-12-31 반영 5개 구 전역 + 배출업소·폐기물 v2 override 판 / 취약시설: 어린이집·경로당·지역아동센터 + 장애인복지관). geo_level=point 한정
CC0173,황금똥 어린이집,어린이집,childcare,4812354000,사파동,성산구,35.2101450407943,128.709204335219,521.0,521.0,0,0,7,0,0,7,0,0,0,0,0,0,0,,,1.0,3.0,0.0,1360.2,36.38,1291,1425,134,scenario_stable_non_high,other,1km 이내 배출원 없음 (최근접 521m),13.0,True,어린이집 정원(인가 기준). 실제 재원 인원·실제 노출 인원이 아님,산업·배출시설 공간 노출도,v4 (배출원: 전국 등록공장현황 2024-12-31 반영 5개 구 전역 + 배출업소·폐기물 v2 override 판 / 취약시설: 어린이집·경로당·지역아동센터 + 장애인복지관). geo_level=point 한정
CC0174,경남경찰청어린이집,어린이집,childcare,<NA>,사파동,성산구,35.22827140334608,128.7031034886183,389.8,389.8,0,2,7,0,2,7,1,1,0,0,0,0,0,,1.0,1.0,,0.0,1349.5,9.21,1327,1370,43,scenario_stable_non_high,other,"500m 이내 배출원 위치 2개, 500m 이내 대기 배출업소 1곳, 최근접 배출원 390m",80.0,True,어린이집 정원(인가 기준). 실제 재원 인원·실제 노출 인원이 아님,산업·배출시설 공간 노출도,v4 (배출원: 전국 등록공장현황 2024-12-31 반영 5개 구 전역 + 배출업소·폐기물 v2 override 판 / 취약시설: 어린이집·경로당·지역아동센터 + 장애인복지관). geo_level=point 한정
CC0175,창원법원어린이집,어린이집,childcare,4812354000,사파동,성산구,35.2241180525388,128.70148316398,0.0,0.0,3,3,13,3,3,13,1,2,0,0,0,0,0,1.0,1.0,1.0,3.0,0.0,829.5,235.86,362,1044,682,scenario_stable_non_high,other,"300m 이내 배출원 위치 3개, 500m 이내 배출원 위치 3개, 500m 이내 대기 배출업소 1곳, 최근접 배출원 0m",65.0,True,어린이집 정원(인가 기준). 실제 재원 인원·실제 노출 인원이 아님,산업·배출시설 공간 노출도,v4 (배출원: 전국 등록공장현황 2024-12-31 반영 5개 구 전역 + 배출업소·폐기물 v2 override 판 / 취약시설: 어린이집·경로당·지역아동센터 + 장애인복지관). geo_level=point 한정
CC0176,창원시립 상남어린이집,어린이집,childcare,4812353000,상남동,성산구,35.2187048393595,128.682683605382,98.0,98.0,3,9,32,3,10,34,6,3,0,0,0,0,1,1.0,1.111,1.062,2.0,0.0,346.6,59.6,249,466,217,scenario_stable_non_high,other,"300m 이내 배출원 위치 3개, 500m 이내 배출원 위치 9개, 500m 이내 대기 배출업소 6곳, 최근접 배출원 98m",98.0,True,어린이집 정원(인가 기준). 실제 재원 인원·실제 노출 인원이 아님,산업·배출시설 공간 노출도,v4 (배출원: 전국 등록공장현황 2024-12-31 반영 5개 구 전역 + 배출업소·폐기물 v2 override 판 / 취약시설: 어린이집·경로당·지역아동센터 + 장애인복지관). geo_level=point 한정
CC0177,꿈이룸어린이집,어린이집,childcare,4812353000,상남동,성산구,35.2156229329665,128.691728676136,520.7,520.7,0,0,11,0,0,12,0,0,0,0,0,0,0,,,1.091,2.0,0.0,1185.5,72.52,1066,1310,244,scenario_stable_non_high,other,1km 이내 배출원 없음 (최근접 521m),31.0,True,어린이집 정원(인가 기준). 실제 재원 인원·실제 노출 인원이 아님,산업·배출시설 공간 노출도,v4 (배출원: 전국 등록공장현황 2024-12-31 반영 5개 구 전역 + 배출업소·폐기물 v2 override 판 / 취약시설: 어린이집·경로당·지역아동센터 + 장애인복지관). geo_level=point 한정
CC0178,보아라어린이집,어린이집,childcare,4812353000,상남동,성산구,35.2156229329665,128.691728676136,520.7,520.7,0,0,11,0,0,12,0,0,0,0,0,0,0,,,1.091,2.0,0.0,1185.5,72.52,1066,1310,244,scenario_stable_non_high,other,1km 이내 배출원 없음 (최근접 521m),43.0,True,어린이집 정원(인가 기준). 실제 재원 인원·실제 노출 인원이 아님,산업·배출시설 공간 노출도,v4 (배출원: 전국 등록공장현황 2024-12-31 반영 5개 구 전역 + 배출업소·폐기물 v2 override 판 / 취약시설: 어린이집·경로당·지역아동센터 + 장애인복지관). geo_level=point 한정
CC0179,세아어린이집,어린이집,childcare,4812353000,상남동,성산구,35.2156229329665,128.691728676136,520.7,520.7,0,0,11,0,0,12,0,0,0,0,0,0,0,,,1.091,2.0,0.0,1185.5,72.52,1066,1310,244,scenario_stable_non_high,other,1km 이내 배출원 없음 (최근접 521m),46.0,True,어린이집 정원(인가 기준). 실제 재원 인원·실제 노출 인원이 아님,산업·배출시설 공간 노출도,v4 (배출원: 전국 등록공장현황 2024-12-31 반영 5개 구 전역 + 배출업소·폐기물 v2 override 판 / 취약시설: 어린이집·경로당·지역아동센터 + 장애인복지관). geo_level=point 한정
CC0180,호크마어린이집,어린이집,childcare,4812353000,상남동,성산구,35.2190579361973,128.687615914182,200.3,200.3,1,6,26,2,7,27,4,2,0,1,0,1,1,2.0,1.167,1.038,2.0,0.0,444.2,51.69,368,569,201,scenario_stable_non_high,other,"300m 이내 배출원 위치 1개, 500m 이내 배출원 위치 6개, 500m 이내 대기 배출업소 4곳, 500m 이내 소각 처리 사업장 1곳, 최근접 배출원 200m",36.0,True,어린이집 정원(인가 기준). 실제 재원 인원·실제 노출 인원이 아님,산업·배출시설 공간 노출도,v4 (배출원: 전국 등록공장현황 2024-12-31 반영 5개 구 전역 + 배출업소·폐기물 v2 override 판 / 취약시설: 어린이집·경로당·지역아동센터 + 장애인복지관). geo_level=point 한정
CC0181,대동색동어린이집,어린이집,childcare,4812353000,상남동,성산구,35.2190579361973,128.687615914182,200.3,200.3,1,6,26,2,7,27,4,2,0,1,0,1,1,2.0,1.167,1.038,2.0,0.0,444.2,51.69,368,569,201,scenario_stable_non_high,other,"300m 이내 배출원 위치 1개, 500m 이내 배출원 위치 6개, 500m 이내 대기 배출업소 4곳, 500m 이내 소각 처리 사업장 1곳, 최근접 배출원 200m",20.0,True,어린이집 정원(인가 기준). 실제 재원 인원·실제 노출 인원이 아님,산업·배출시설 공간 노출도,v4 (배출원: 전국 등록공장현황 2024-12-31 반영 5개 구 전역 + 배출업소·폐기물 v2 override 판 / 취약시설: 어린이집·경로당·지역아동센터 + 장애인복지관). geo_level=point 한정
CC0182,대동피노키오어린이집,어린이집,childcare,4812353000,상남동,성산구,35.2190579361973,128.687615914182,200.3,200.3,1,6,26,2,7,27,4,2,0,1,0,1,1,2.0,1.167,1.038,2.0,0.0,444.2,51.69,368,569,201,scenario_stable_non_high,other,"300m 이내 배출원 위치 1개, 500m 이내 배출원 위치 6개, 500m 이내 대기 배출업소 4곳, 500m 이내 소각 처리 사업장 1곳, 최근접 배출원 200m",20.0,True,어린이집 정원(인가 기준). 실제 재원 인원·실제 노출 인원이 아님,산업·배출시설 공간 노출도,v4 (배출원: 전국 등록공장현황 2024-12-31 반영 5개 구 전역 + 배출업소·폐기물 v2 override 판 / 취약시설: 어린이집·경로당·지역아동센터 + 장애인복지관). geo_level=point 한정
CC0183,목화어린이집,어린이집,childcare,4812353000,상남동,성산구,35.2190579361973,128.687615914182,200.3,200.3,1,6,26,2,7,27,4,2,0,1,0,1,1,2.0,1.167,1.038,2.0,0.0,444.2,51.69,368,569,201,scenario_stable_non_high,other,"300m 이내 배출원 위치 1개, 500m 이내 배출원 위치 6개, 500m 이내 대기 배출업소 4곳, 500m 이내 소각 처리 사업장 1곳, 최근접 배출원 200m",20.0,True,어린이집 정원(인가 기준). 실제 재원 인원·실제 노출 인원이 아님,산업·배출시설 공간 노출도,v4 (배출원: 전국 등록공장현황 2024-12-31 반영 5개 구 전역 + 배출업소·폐기물 v2 override 판 / 취약시설: 어린이집·경로당·지역아동센터 + 장애인복지관). geo_level=point 한정
CC0184,봄봄어린이집,어린이집,childcare,4812353000,상남동,성산구,35.2156229329665,128.691728676136,520.7,520.7,0,0,11,0,0,12,0,0,0,0,0,0,0,,,1.091,2.0,0.0,1185.5,72.52,1066,1310,244,scenario_stable_non_high,other,1km 이내 배출원 없음 (최근접 521m),19.0,True,어린이집 정원(인가 기준). 실제 재원 인원·실제 노출 인원이 아님,산업·배출시설 공간 노출도,v4 (배출원: 전국 등록공장현황 2024-12-31 반영 5개 구 전역 + 배출업소·폐기물 v2 override 판 / 취약시설: 어린이집·경로당·지역아동센터 + 장애인복지관). geo_level=point 한정
CC0185,새하늘어린이집,어린이집,childcare,4812353000,상남동,성산구,35.2190579361973,128.687615914182,200.3,200.3,1,6,26,2,7,27,4,2,0,1,0,1,1,2.0,1.167,1.038,2.0,0.0,444.2,51.69,368,569,201,scenario_stable_non_high,other,"300m 이내 배출원 위치 1개, 500m 이내 배출원 위치 6개, 500m 이내 대기 배출업소 4곳, 500m 이내 소각 처리 사업장 1곳, 최근접 배출원 200m",19.0,True,어린이집 정원(인가 기준). 실제 재원 인원·실제 노출 인원이 아님,산업·배출시설 공간 노출도,v4 (배출원: 전국 등록공장현황 2024-12-31 반영 5개 구 전역 + 배출업소·폐기물 v2 override 판 / 취약시설: 어린이집·경로당·지역아동센터 + 장애인복지관). geo_level=point 한정
CC0186,성원동화나라어린이집,어린이집,childcare,4812353000,상남동,성산구,35.2156229329665,128.691728676136,520.7,520.7,0,0,11,0,0,12,0,0,0,0,0,0,0,,,1.091,2.0,0.0,1185.5,72.52,1066,1310,244,scenario_stable_non_high,other,1km 이내 배출원 없음 (최근접 521m),19.0,True,어린이집 정원(인가 기준). 실제 재원 인원·실제 노출 인원이 아님,산업·배출시설 공간 노출도,v4 (배출원: 전국 등록공장현황 2024-12-31 반영 5개 구 전역 + 배출업소·폐기물 v2 override 판 / 취약시설: 어린이집·경로당·지역아동센터 + 장애인복지관). geo_level=point 한정
CC0187,성원포동이어린이집,어린이집,childcare,4812353000,상남동,성산구,35.2156229329665,128.691728676136,520.7,520.7,0,0,11,0,0,12,0,0,0,0,0,0,0,,,1.091,2.0,0.0,1185.5,72.52,1066,1310,244,scenario_stable_non_high,other,1km 이내 배출원 없음 (최근접 521m),20.0,True,어린이집 정원(인가 기준). 실제 재원 인원·실제 노출 인원이 아님,산업·배출시설 공간 노출도,v4 (배출원: 전국 등록공장현황 2024-12-31 반영 5개 구 전역 + 배출업소·폐기물 v2 override 판 / 취약시설: 어린이집·경로당·지역아동센터 + 장애인복지관). geo_level=point 한정
CC0188,애기똥풀어린이집,어린이집,childcare,4812353000,상남동,성산구,35.2156229329665,128.691728676136,520.7,520.7,0,0,11,0,0,12,0,0,0,0,0,0,0,,,1.091,2.0,0.0,1185.5,72.52,1066,1310,244,scenario_stable_non_high,other,1km 이내 배출원 없음 (최근접 521m),20.0,True,어린이집 정원(인가 기준). 실제 재원 인원·실제 노출 인원이 아님,산업·배출시설 공간 노출도,v4 (배출원: 전국 등록공장현황 2024-12-31 반영 5개 구 전역 + 배출업소·폐기물 v2 override 판 / 취약시설: 어린이집·경로당·지역아동센터 + 장애인복지관). geo_level=point 한정
CC0189,크는나무어린이집,어린이집,childcare,4812353000,상남동,성산구,35.2190579361973,128.687615914182,200.3,200.3,1,6,26,2,7,27,4,2,0,1,0,1,1,2.0,1.167,1.038,2.0,0.0,444.2,51.69,368,569,201,scenario_stable_non_high,other,"300m 이내 배출원 위치 1개, 500m 이내 배출원 위치 6개, 500m 이내 대기 배출업소 4곳, 500m 이내 소각 처리 사업장 1곳, 최근접 배출원 200m",19.0,True,어린이집 정원(인가 기준). 실제 재원 인원·실제 노출 인원이 아님,산업·배출시설 공간 노출도,v4 (배출원: 전국 등록공장현황 2024-12-31 반영 5개 구 전역 + 배출업소·폐기물 v2 override 판 / 취약시설: 어린이집·경로당·지역아동센터 + 장애인복지관). geo_level=point 한정
CC0190,한마음꿈나무어린이집,어린이집,childcare,4812353000,상남동,성산구,35.2190579361973,128.687615914182,200.3,200.3,1,6,26,2,7,27,4,2,0,1,0,1,1,2.0,1.167,1.038,2.0,0.0,444.2,51.69,368,569,201,scenario_stable_non_high,other,"300m 이내 배출원 위치 1개, 500m 이내 배출원 위치 6개, 500m 이내 대기 배출업소 4곳, 500m 이내 소각 처리 사업장 1곳, 최근접 배출원 200m",20.0,True,어린이집 정원(인가 기준). 실제 재원 인원·실제 노출 인원이 아님,산업·배출시설 공간 노출도,v4 (배출원: 전국 등록공장현황 2024-12-31 반영 5개 구 전역 + 배출업소·폐기물 v2 override 판 / 취약시설: 어린이집·경로당·지역아동센터 + 장애인복지관). geo_level=point 한정
CC0191,창원시립 남산어린이집,어린이집,childcare,4812356000,성주동,성산구,35.1968217826297,128.716378232588,822.8,822.8,0,0,4,0,0,7,0,0,0,0,0,0,0,,,1.75,6.0,0.0,1398.5,72.75,1299,1506,207,scenario_stable_non_high,other,1km 이내 배출원 없음 (최근접 823m),98.0,True,어린이집 정원(인가 기준). 실제 재원 인원·실제 노출 인원이 아님,산업·배출시설 공간 노출도,v4 (배출원: 전국 등록공장현황 2024-12-31 반영 5개 구 전역 + 배출업소·폐기물 v2 override 판 / 취약시설: 어린이집·경로당·지역아동센터 + 장애인복지관). geo_level=point 한정
CC0192,성주어린이집,어린이집,childcare,4812356000,성주동,성산구,35.1867445247067,128.690003139965,58.0,58.0,3,5,48,5,8,104,0,2,0,1,0,1,6,1.667,1.6,2.167,6.0,0.0,249.2,65.32,170,385,215,scenario_stable_non_high,other,"300m 이내 배출원 위치 3개, 500m 이내 배출원 위치 5개, 500m 이내 소각 처리 사업장 1곳, 최근접 배출원 58m",136.0,True,어린이집 정원(인가 기준). 실제 재원 인원·실제 노출 인원이 아님,산업·배출시설 공간 노출도,v4 (배출원: 전국 등록공장현황 2024-12-31 반영 5개 구 전역 + 배출업소·폐기물 v2 override 판 / 취약시설: 어린이집·경로당·지역아동센터 + 장애인복지관). geo_level=point 한정
CC0193,한사랑어린이집,어린이집,childcare,4812356000,성주동,성산구,35.1863724704527,128.692257160985,115.6,115.6,3,6,51,3,9,102,0,2,0,1,0,1,7,1.0,1.5,2.0,6.0,0.0,292.6,115.72,178,507,329,scenario_stable_non_high,other,"300m 이내 배출원 위치 3개, 500m 이내 배출원 위치 6개, 500m 이내 소각 처리 사업장 1곳, 최근접 배출원 116m",45.0,True,어린이집 정원(인가 기준). 실제 재원 인원·실제 노출 인원이 아님,산업·배출시설 공간 노출도,v4 (배출원: 전국 등록공장현황 2024-12-31 반영 5개 구 전역 + 배출업소·폐기물 v2 override 판 / 취약시설: 어린이집·경로당·지역아동센터 + 장애인복지관). geo_level=point 한정
CC0194,꽃담어린이집,어린이집,childcare,4812356000,성주동,성산구,35.2019457874446,128.712225715155,497.6,497.6,0,1,5,0,1,5,1,1,0,1,0,1,0,,1.0,1.0,6.0,0.0,1256.9,64.12,1149,1365,216,scenario_stable_non_high,other,"500m 이내 배출원 위치 1개, 500m 이내 대기 배출업소 1곳, 500m 이내 소각 처리 사업장 1곳, 최근접 배출원 498m",34.0,True,어린이집 정원(인가 기준). 실제 재원 인원·실제 노출 인원이 아님,산업·배출시설 공간 노출도,v4 (배출원: 전국 등록공장현황 2024-12-31 반영 5개 구 전역 + 배출업소·폐기물 v2 override 판 / 취약시설: 어린이집·경로당·지역아동센터 + 장애인복지관). geo_level=point 한정
CC0196,대동한솔어린이집,어린이집,childcare,4812356000,성주동,성산구,35.1857312097179,128.691440964003,110.8,110.8,3,4,39,3,6,84,0,2,0,1,0,1,4,1.0,1.5,2.154,6.0,0.0,416.1,78.81,306,556,250,scenario_stable_non_high,other,"300m 이내 배출원 위치 3개, 500m 이내 배출원 위치 4개, 500m 이내 소각 처리 사업장 1곳, 최근접 배출원 111m",39.0,True,어린이집 정원(인가 기준). 실제 재원 인원·실제 노출 인원이 아님,산업·배출시설 공간 노출도,v4 (배출원: 전국 등록공장현황 2024-12-31 반영 5개 구 전역 + 배출업소·폐기물 v2 override 판 / 취약시설: 어린이집·경로당·지역아동센터 + 장애인복지관). geo_level=point 한정
CC0198,삼정그린코아 별숲어린이집,어린이집,childcare,4812356000,성주동,성산구,35.1854791929769,128.687678129585,248.4,248.4,2,3,30,2,3,64,0,2,0,0,0,0,1,1.0,1.0,2.133,6.0,0.0,705.0,164.89,518,976,458,scenario_stable_non_high,other,"300m 이내 배출원 위치 2개, 500m 이내 배출원 위치 3개, 최근접 배출원 248m",35.0,True,어린이집 정원(인가 기준). 실제 재원 인원·실제 노출 인원이 아님,산업·배출시설 공간 노출도,v4 (배출원: 전국 등록공장현황 2024-12-31 반영 5개 구 전역 + 배출업소·폐기물 v2 override 판 / 취약시설: 어린이집·경로당·지역아동센터 + 장애인복지관). geo_level=point 한정
CC0199,아이누리어린이집,어린이집,childcare,4812356000,성주동,성산구,35.195020538797,128.716484924442,796.7,796.7,0,0,10,0,0,17,0,0,0,0,0,0,0,,,1.7,6.0,0.0,1210.2,169.51,993,1464,471,scenario_stable_non_high,other,1km 이내 배출원 없음 (최근접 797m),38.0,True,어린이집 정원(인가 기준). 실제 재원 인원·실제 노출 인원이 아님,산업·배출시설 공간 노출도,v4 (배출원: 전국 등록공장현황 2024-12-31 반영 5개 구 전역 + 배출업소·폐기물 v2 override 판 / 취약시설: 어린이집·경로당·지역아동센터 + 장애인복지관). geo_level=point 한정
CC0200,이레어린이집,어린이집,childcare,4812356000,성주동,성산구,35.1993981862755,128.715042569174,655.5,655.5,0,0,2,0,0,4,0,0,0,0,0,0,0,,,2.0,6.0,0.0,1440.0,25.93,1395,1487,92,scenario_stable_non_high,other,1km 이내 배출원 없음 (최근접 656m),39.0,True,어린이집 정원(인가 기준). 실제 재원 인원·실제 노출 인원이 아님,산업·배출시설 공간 노출도,v4 (배출원: 전국 등록공장현황 2024-12-31 반영 5개 구 전역 + 배출업소·폐기물 v2 override 판 / 취약시설: 어린이집·경로당·지역아동센터 + 장애인복지관). geo_level=point 한정
CC0201,푸르지오예은어린이집,어린이집,childcare,4812356000,성주동,성산구,35.2018652135666,128.710861991553,398.5,398.5,0,1,6,0,1,8,1,1,0,1,0,1,0,,1.0,1.333,6.0,0.0,1122.2,33.43,1060,1198,138,scenario_stable_non_high,other,"500m 이내 배출원 위치 1개, 500m 이내 대기 배출업소 1곳, 500m 이내 소각 처리 사업장 1곳, 최근접 배출원 398m",30.0,True,어린이집 정원(인가 기준). 실제 재원 인원·실제 노출 인원이 아님,산업·배출시설 공간 노출도,v4 (배출원: 전국 등록공장현황 2024-12-31 반영 5개 구 전역 + 배출업소·폐기물 v2 override 판 / 취약시설: 어린이집·경로당·지역아동센터 + 장애인복지관). geo_level=point 한정
CC0202,효성꿈송이어린이집,어린이집,childcare,4812356000,성주동,성산구,35.1977828047256,128.714797255714,653.9,653.9,0,0,5,0,0,9,0,0,0,0,0,0,0,,,1.8,6.0,0.0,1358.9,61.36,1276,1456,180,scenario_stable_non_high,other,1km 이내 배출원 없음 (최근접 654m),26.0,True,어린이집 정원(인가 기준). 실제 재원 인원·실제 노출 인원이 아님,산업·배출시설 공간 노출도,v4 (배출원: 전국 등록공장현황 2024-12-31 반영 5개 구 전역 + 배출업소·폐기물 v2 override 판 / 취약시설: 어린이집·경로당·지역아동센터 + 장애인복지관). geo_level=point 한정
CC0204,동그라미어린이집,어린이집,childcare,4812356000,성주동,성산구,35.1862734291832,128.689074994045,105.7,105.7,2,4,39,2,6,90,0,2,0,1,0,1,4,1.0,1.5,2.308,6.0,0.0,399.3,109.27,261,588,327,scenario_stable_non_high,other,"300m 이내 배출원 위치 2개, 500m 이내 배출원 위치 4개, 500m 이내 소각 처리 사업장 1곳, 최근접 배출원 106m",10.0,True,어린이집 정원(인가 기준). 실제 재원 인원·실제 노출 인원이 아님,산업·배출시설 공간 노출도,v4 (배출원: 전국 등록공장현황 2024-12-31 반영 5개 구 전역 + 배출업소·폐기물 v2 override 판 / 취약시설: 어린이집·경로당·지역아동센터 + 장애인복지관). geo_level=point 한정
CC0205,DN솔루션즈 새싹어린이집,어린이집,childcare,4812356000,성주동,성산구,35.1954832349907,128.707600371623,281.1,281.1,2,10,32,6,24,60,5,5,0,9,0,4,17,3.0,2.4,1.875,6.0,0.0,199.0,36.59,165,294,129,scenario_stable_non_high,other,"300m 이내 배출원 위치 2개, 500m 이내 배출원 위치 10개, 500m 이내 대기 배출업소 5곳, 500m 이내 소각 처리 사업장 4곳, 최근접 배출원 281m",51.0,True,어린이집 정원(인가 기준). 실제 재원 인원·실제 노출 인원이 아님,산업·배출시설 공간 노출도,v4 (배출원: 전국 등록공장현황 2024-12-31 반영 5개 구 전역 + 배출업소·폐기물 v2 override 판 / 취약시설: 어린이집·경로당·지역아동센터 + 장애인복지관). geo_level=point 한정
CC0206,KERI꿈터어린이집,어린이집,childcare,<NA>,성주동,성산구,35.19174289193808,128.71799135487285,451.2,451.2,0,1,9,0,2,16,0,0,0,2,0,0,0,,2.0,1.778,,0.0,1123.8,67.14,1035,1241,206,scenario_stable_non_high,other,"500m 이내 배출원 위치 1개, 최근접 배출원 451m",60.0,True,어린이집 정원(인가 기준). 실제 재원 인원·실제 노출 인원이 아님,산업·배출시설 공간 노출도,v4 (배출원: 전국 등록공장현황 2024-12-31 반영 5개 구 전역 + 배출업소·폐기물 v2 override 판 / 취약시설: 어린이집·경로당·지역아동센터 + 장애인복지관). geo_level=point 한정
CC0211,창원시립 용지어린이집,어린이집,childcare,4812351500,용지동,성산구,35.2360355567688,128.684509055741,177.6,177.6,6,6,23,6,6,25,0,6,0,0,0,0,0,1.0,1.0,1.087,0.0,0.0,627.1,28.69,573,679,106,scenario_stable_non_high,other,"300m 이내 배출원 위치 6개, 500m 이내 배출원 위치 6개, 최근접 배출원 178m",92.0,True,어린이집 정원(인가 기준). 실제 재원 인원·실제 노출 인원이 아님,산업·배출시설 공간 노출도,v4 (배출원: 전국 등록공장현황 2024-12-31 반영 5개 구 전역 + 배출업소·폐기물 v2 override 판 / 취약시설: 어린이집·경로당·지역아동센터 + 장애인복지관). geo_level=point 한정
CC0212,레이크파크어린이집,어린이집,childcare,4812351500,용지동,성산구,35.2325668193175,128.674603438653,420.8,420.8,0,5,25,0,5,30,0,1,0,1,0,1,3,,1.0,1.2,0.0,0.0,750.5,183.27,533,1060,527,scenario_stable_non_high,other,"500m 이내 배출원 위치 5개, 500m 이내 소각 처리 사업장 1곳, 최근접 배출원 421m",63.0,True,어린이집 정원(인가 기준). 실제 재원 인원·실제 노출 인원이 아님,산업·배출시설 공간 노출도,v4 (배출원: 전국 등록공장현황 2024-12-31 반영 5개 구 전역 + 배출업소·폐기물 v2 override 판 / 취약시설: 어린이집·경로당·지역아동센터 + 장애인복지관). geo_level=point 한정
CC0214,러블리키즈어린이집,어린이집,childcare,4812351500,용지동,성산구,35.2260601753461,128.687554662819,312.9,312.9,0,12,42,0,12,46,2,7,0,0,0,0,3,,1.0,1.095,0.0,0.0,350.8,149.07,187,630,443,scenario_stable_non_high,other,"500m 이내 배출원 위치 12개, 500m 이내 대기 배출업소 2곳, 최근접 배출원 313m",17.0,True,어린이집 정원(인가 기준). 실제 재원 인원·실제 노출 인원이 아님,산업·배출시설 공간 노출도,v4 (배출원: 전국 등록공장현황 2024-12-31 반영 5개 구 전역 + 배출업소·폐기물 v2 override 판 / 취약시설: 어린이집·경로당·지역아동센터 + 장애인복지관). geo_level=point 한정
CC0215,솔밭어린이집,어린이집,childcare,4812351500,용지동,성산구,35.2251773922819,128.692790922858,219.4,219.4,7,8,24,7,8,26,0,6,0,1,0,0,1,1.0,1.0,1.083,0.0,0.0,525.6,33.23,453,575,122,scenario_stable_non_high,other,"300m 이내 배출원 위치 7개, 500m 이내 배출원 위치 8개, 최근접 배출원 219m",20.0,True,어린이집 정원(인가 기준). 실제 재원 인원·실제 노출 인원이 아님,산업·배출시설 공간 노출도,v4 (배출원: 전국 등록공장현황 2024-12-31 반영 5개 구 전역 + 배출업소·폐기물 v2 override 판 / 취약시설: 어린이집·경로당·지역아동센터 + 장애인복지관). geo_level=point 한정
CC0216,예쁜어린이집,어린이집,childcare,4812351500,용지동,성산구,35.2283945028478,128.689647774948,190.1,190.1,7,11,34,7,12,38,2,7,0,1,0,0,3,1.0,1.091,1.118,0.0,0.0,341.2,47.24,253,423,170,scenario_stable_non_high,other,"300m 이내 배출원 위치 7개, 500m 이내 배출원 위치 11개, 500m 이내 대기 배출업소 2곳, 최근접 배출원 190m",16.0,True,어린이집 정원(인가 기준). 실제 재원 인원·실제 노출 인원이 아님,산업·배출시설 공간 노출도,v4 (배출원: 전국 등록공장현황 2024-12-31 반영 5개 구 전역 + 배출업소·폐기물 v2 override 판 / 취약시설: 어린이집·경로당·지역아동센터 + 장애인복지관). geo_level=point 한정
CC0217,튼튼아이어린이집,어린이집,childcare,4812351500,용지동,성산구,35.2350098974013,128.678807680842,443.9,443.9,0,2,27,0,2,30,2,0,0,0,0,0,0,,1.0,1.111,0.0,0.0,815.9,158.98,627,1111,484,scenario_stable_non_high,other,"500m 이내 배출원 위치 2개, 500m 이내 대기 배출업소 2곳, 최근접 배출원 444m",14.0,True,어린이집 정원(인가 기준). 실제 재원 인원·실제 노출 인원이 아님,산업·배출시설 공간 노출도,v4 (배출원: 전국 등록공장현황 2024-12-31 반영 5개 구 전역 + 배출업소·폐기물 v2 override 판 / 취약시설: 어린이집·경로당·지역아동센터 + 장애인복지관). geo_level=point 한정
CC0218,햇살닮은어린이집,어린이집,childcare,4812351500,용지동,성산구,35.2278504206149,128.690442772302,99.4,99.4,7,11,29,7,12,32,2,7,0,1,0,0,3,1.0,1.091,1.103,0.0,0.0,322.4,59.87,194,393,199,scenario_stable_non_high,other,"300m 이내 배출원 위치 7개, 500m 이내 배출원 위치 11개, 500m 이내 대기 배출업소 2곳, 최근접 배출원 99m",20.0,True,어린이집 정원(인가 기준). 실제 재원 인원·실제 노출 인원이 아님,산업·배출시설 공간 노출도,v4 (배출원: 전국 등록공장현황 2024-12-31 반영 5개 구 전역 + 배출업소·폐기물 v2 override 판 / 취약시설: 어린이집·경로당·지역아동센터 + 장애인복지관). geo_level=point 한정
CC0219,낙동강유역환경청다솜어린이집,어린이집,childcare,4812351500,용지동,성산구,35.2342701761081,128.690066540469,0.0,0.0,3,7,22,3,8,25,2,3,0,2,0,0,2,1.0,1.143,1.136,0.0,0.0,490.9,171.05,172,670,498,scenario_stable_non_high,other,"300m 이내 배출원 위치 3개, 500m 이내 배출원 위치 7개, 500m 이내 대기 배출업소 2곳, 최근접 배출원 0m",39.0,True,어린이집 정원(인가 기준). 실제 재원 인원·실제 노출 인원이 아님,산업·배출시설 공간 노출도,v4 (배출원: 전국 등록공장현황 2024-12-31 반영 5개 구 전역 + 배출업소·폐기물 v2 override 판 / 취약시설: 어린이집·경로당·지역아동센터 + 장애인복지관). geo_level=point 한정
CC0221,창원시립 동원꿈꾸는어린이집,어린이집,childcare,4812357000,웅남동,성산구,35.197803495349,128.628562970956,857.2,857.2,0,0,9,0,0,24,0,0,0,0,0,0,0,,,2.667,2.0,0.0,1474.8,42.07,1413,1532,119,scenario_stable_non_high,other,1km 이내 배출원 없음 (최근접 857m),19.0,True,어린이집 정원(인가 기준). 실제 재원 인원·실제 노출 인원이 아님,산업·배출시설 공간 노출도,v4 (배출원: 전국 등록공장현황 2024-12-31 반영 5개 구 전역 + 배출업소·폐기물 v2 override 판 / 취약시설: 어린이집·경로당·지역아동센터 + 장애인복지관). geo_level=point 한정
CC0223,새풀잎어린이집,어린이집,childcare,4812357000,웅남동,성산구,35.1966641347217,128.624304903064,1183.3,1183.3,0,0,0,0,0,0,0,0,0,0,0,0,0,,,,2.0,0.0,1584.0,0.0,1584,1584,0,scenario_stable_non_high,other,"1km 이내 배출원 없음 (최근접 1,183m)",39.0,True,어린이집 정원(인가 기준). 실제 재원 인원·실제 노출 인원이 아님,산업·배출시설 공간 노출도,v4 (배출원: 전국 등록공장현황 2024-12-31 반영 5개 구 전역 + 배출업소·폐기물 v2 override 판 / 취약시설: 어린이집·경로당·지역아동센터 + 장애인복지관). geo_level=point 한정
CC0224,은종어린이집,어린이집,childcare,4812357000,웅남동,성산구,35.1969027056834,128.626599474515,1034.5,1034.5,0,0,0,0,0,0,0,0,0,0,0,0,0,,,,2.0,0.0,1584.0,0.0,1584,1584,0,scenario_stable_non_high,other,"1km 이내 배출원 없음 (최근접 1,034m)",17.0,True,어린이집 정원(인가 기준). 실제 재원 인원·실제 노출 인원이 아님,산업·배출시설 공간 노출도,v4 (배출원: 전국 등록공장현황 2024-12-31 반영 5개 구 전역 + 배출업소·폐기물 v2 override 판 / 취약시설: 어린이집·경로당·지역아동센터 + 장애인복지관). geo_level=point 한정
CC0225,팀버어린이집,어린이집,childcare,4812357000,웅남동,성산구,35.1969518587705,128.62571783665,1076.8,1076.8,0,0,0,0,0,0,0,0,0,0,0,0,0,,,,2.0,0.0,1584.0,0.0,1584,1584,0,scenario_stable_non_high,other,"1km 이내 배출원 없음 (최근접 1,077m)",19.0,True,어린이집 정원(인가 기준). 실제 재원 인원·실제 노출 인원이 아님,산업·배출시설 공간 노출도,v4 (배출원: 전국 등록공장현황 2024-12-31 반영 5개 구 전역 + 배출업소·폐기물 v2 override 판 / 취약시설: 어린이집·경로당·지역아동센터 + 장애인복지관). geo_level=point 한정
CC0226,볼보바르미어린이집,어린이집,childcare,4812357000,웅남동,성산구,35.2001739996435,128.6279265986,673.1,673.1,0,0,38,0,0,87,0,0,0,0,0,0,0,,,2.289,2.0,0.0,990.3,260.61,705,1387,682,scenario_stable_non_high,other,1km 이내 배출원 없음 (최근접 673m),40.0,True,어린이집 정원(인가 기준). 실제 재원 인원·실제 노출 인원이 아님,산업·배출시설 공간 노출도,v4 (배출원: 전국 등록공장현황 2024-12-31 반영 5개 구 전역 + 배출업소·폐기물 v2 override 판 / 취약시설: 어린이집·경로당·지역아동센터 + 장애인복지관). geo_level=point 한정
CC0228,창원시립 대원꿈에그린어린이집,어린이집,childcare,4812352000,중앙동,성산구,35.2354006955219,128.648090955819,386.7,386.7,0,4,41,0,5,97,2,2,0,3,0,2,0,,1.25,2.366,19.0,0.0,388.7,164.31,217,697,480,scenario_stable_non_high,other,"500m 이내 배출원 위치 4개, 500m 이내 대기 배출업소 2곳, 500m 이내 소각 처리 사업장 2곳, 최근접 배출원 387m",76.0,True,어린이집 정원(인가 기준). 실제 재원 인원·실제 노출 인원이 아님,산업·배출시설 공간 노출도,v4 (배출원: 전국 등록공장현황 2024-12-31 반영 5개 구 전역 + 배출업소·폐기물 v2 override 판 / 취약시설: 어린이집·경로당·지역아동센터 + 장애인복지관). geo_level=point 한정
CC0229,창원시립 대원어린이집,어린이집,childcare,4812352000,중앙동,성산구,35.232714730377,128.649959690893,329.3,329.3,0,6,37,0,8,75,2,4,0,2,0,1,0,,1.333,2.027,19.0,0.0,476.4,195.08,266,810,544,scenario_stable_non_high,other,"500m 이내 배출원 위치 6개, 500m 이내 대기 배출업소 2곳, 500m 이내 소각 처리 사업장 1곳, 최근접 배출원 329m",95.0,True,어린이집 정원(인가 기준). 실제 재원 인원·실제 노출 인원이 아님,산업·배출시설 공간 노출도,v4 (배출원: 전국 등록공장현황 2024-12-31 반영 5개 구 전역 + 배출업소·폐기물 v2 override 판 / 취약시설: 어린이집·경로당·지역아동센터 + 장애인복지관). geo_level=point 한정
CC0230,창원시립 에일린의뜰1단지어린이집,어린이집,childcare,4812352000,중앙동,성산구,35.2348359008729,128.651950713218,470.5,470.5,0,2,33,0,2,71,0,1,0,1,0,0,0,,1.0,2.152,19.0,0.0,565.1,235.78,288,969,681,scenario_stable_non_high,other,"500m 이내 배출원 위치 2개, 최근접 배출원 470m",36.0,True,어린이집 정원(인가 기준). 실제 재원 인원·실제 노출 인원이 아님,산업·배출시설 공간 노출도,v4 (배출원: 전국 등록공장현황 2024-12-31 반영 5개 구 전역 + 배출업소·폐기물 v2 override 판 / 취약시설: 어린이집·경로당·지역아동센터 + 장애인복지관). geo_level=point 한정
CC0231,창원시립 에일린의뜰2단지어린이집,어린이집,childcare,4812352000,중앙동,성산구,35.2345185389346,128.655264476093,418.2,418.2,0,7,28,0,41,68,4,1,0,3,0,2,34,,5.857,2.429,19.0,0.0,534.9,172.88,356,853,497,scenario_stable_non_high,other,"500m 이내 배출원 위치 7개, 500m 이내 대기 배출업소 4곳, 500m 이내 소각 처리 사업장 2곳, 최근접 배출원 418m",44.0,True,어린이집 정원(인가 기준). 실제 재원 인원·실제 노출 인원이 아님,산업·배출시설 공간 노출도,v4 (배출원: 전국 등록공장현황 2024-12-31 반영 5개 구 전역 + 배출업소·폐기물 v2 override 판 / 취약시설: 어린이집·경로당·지역아동센터 + 장애인복지관). geo_level=point 한정
CC0233,킨더바움어린이집,어린이집,childcare,4812352000,중앙동,성산구,35.2145417899384,128.681110778944,312.1,312.1,0,4,25,0,4,43,1,3,0,1,0,1,0,,1.0,1.72,19.0,0.0,646.0,159.23,437,928,491,scenario_stable_non_high,other,"500m 이내 배출원 위치 4개, 500m 이내 대기 배출업소 1곳, 500m 이내 소각 처리 사업장 1곳, 최근접 배출원 312m",48.0,True,어린이집 정원(인가 기준). 실제 재원 인원·실제 노출 인원이 아님,산업·배출시설 공간 노출도,v4 (배출원: 전국 등록공장현황 2024-12-31 반영 5개 구 전역 + 배출업소·폐기물 v2 override 판 / 취약시설: 어린이집·경로당·지역아동센터 + 장애인복지관). geo_level=point 한정
CC0234,토리어린이집,어린이집,childcare,4812352000,중앙동,성산구,35.2134609469964,128.676218271373,233.6,233.6,1,2,42,1,2,72,1,2,0,2,0,1,1,1.0,1.0,1.714,19.0,0.0,366.3,150.64,203,636,433,scenario_stable_non_high,other,"300m 이내 배출원 위치 1개, 500m 이내 배출원 위치 2개, 500m 이내 대기 배출업소 1곳, 500m 이내 소각 처리 사업장 1곳, 최근접 배출원 234m",30.0,True,어린이집 정원(인가 기준). 실제 재원 인원·실제 노출 인원이 아님,산업·배출시설 공간 노출도,v4 (배출원: 전국 등록공장현황 2024-12-31 반영 5개 구 전역 + 배출업소·폐기물 v2 override 판 / 취약시설: 어린이집·경로당·지역아동센터 + 장애인복지관). geo_level=point 한정
CC0235,꿈누리어린이집,어린이집,childcare,4812352000,중앙동,성산구,35.2138421195499,128.675160365433,239.4,239.4,2,3,42,2,6,72,2,3,0,3,0,2,4,1.0,2.0,1.714,19.0,0.0,317.8,144.06,185,583,398,scenario_stable_non_high,other,"300m 이내 배출원 위치 2개, 500m 이내 배출원 위치 3개, 500m 이내 대기 배출업소 2곳, 500m 이내 소각 처리 사업장 2곳, 최근접 배출원 239m",20.0,True,어린이집 정원(인가 기준). 실제 재원 인원·실제 노출 인원이 아님,산업·배출시설 공간 노출도,v4 (배출원: 전국 등록공장현황 2024-12-31 반영 5개 구 전역 + 배출업소·폐기물 v2 override 판 / 취약시설: 어린이집·경로당·지역아동센터 + 장애인복지관). geo_level=point 한정
CC0237,수채화어린이집,어린이집,childcare,4812352000,중앙동,성산구,35.2170818246045,128.677886848644,115.3,115.3,2,7,37,2,7,55,2,3,0,1,0,1,2,1.0,1.0,1.486,19.0,0.0,285.8,37.88,218,379,161,scenario_stable_non_high,other,"300m 이내 배출원 위치 2개, 500m 이내 배출원 위치 7개, 500m 이내 대기 배출업소 2곳, 500m 이내 소각 처리 사업장 1곳, 최근접 배출원 115m",20.0,True,어린이집 정원(인가 기준). 실제 재원 인원·실제 노출 인원이 아님,산업·배출시설 공간 노출도,v4 (배출원: 전국 등록공장현황 2024-12-31 반영 5개 구 전역 + 배출업소·폐기물 v2 override 판 / 취약시설: 어린이집·경로당·지역아동센터 + 장애인복지관). geo_level=point 한정
CC0238,스마일어린이집,어린이집,childcare,4812352000,중앙동,성산구,35.2326587274639,128.652412814643,226.2,226.2,2,3,32,2,3,70,1,1,0,1,0,0,0,1.0,1.0,2.188,19.0,0.0,508.5,159.59,321,786,465,scenario_stable_non_high,other,"300m 이내 배출원 위치 2개, 500m 이내 배출원 위치 3개, 500m 이내 대기 배출업소 1곳, 최근접 배출원 226m",20.0,True,어린이집 정원(인가 기준). 실제 재원 인원·실제 노출 인원이 아님,산업·배출시설 공간 노출도,v4 (배출원: 전국 등록공장현황 2024-12-31 반영 5개 구 전역 + 배출업소·폐기물 v2 override 판 / 취약시설: 어린이집·경로당·지역아동센터 + 장애인복지관). geo_level=point 한정
CC0240,참좋은어린이집,어린이집,childcare,4812352000,중앙동,성산구,35.2120864979527,128.678897083719,354.4,354.4,0,3,32,0,12,61,2,3,0,3,0,3,9,,4.0,1.906,19.0,0.0,476.1,156.79,280,760,480,scenario_stable_non_high,other,"500m 이내 배출원 위치 3개, 500m 이내 대기 배출업소 2곳, 500m 이내 소각 처리 사업장 3곳, 최근접 배출원 354m",19.0,True,어린이집 정원(인가 기준). 실제 재원 인원·실제 노출 인원이 아님,산업·배출시설 공간 노출도,v4 (배출원: 전국 등록공장현황 2024-12-31 반영 5개 구 전역 + 배출업소·폐기물 v2 override 판 / 취약시설: 어린이집·경로당·지역아동센터 + 장애인복지관). geo_level=point 한정
CC0241,파크빌어린이집,어린이집,childcare,4812352000,중앙동,성산구,35.2251890080364,128.655757644425,60.7,60.7,4,6,26,21,24,186,2,12,0,3,0,2,19,5.25,4.0,7.154,19.0,0.0,315.3,54.23,195,384,189,scenario_stable_non_high,other,"300m 이내 배출원 위치 4개, 500m 이내 배출원 위치 6개, 500m 이내 대기 배출업소 2곳, 500m 이내 소각 처리 사업장 2곳, 최근접 배출원 61m",12.0,True,어린이집 정원(인가 기준). 실제 재원 인원·실제 노출 인원이 아님,산업·배출시설 공간 노출도,v4 (배출원: 전국 등록공장현황 2024-12-31 반영 5개 구 전역 + 배출업소·폐기물 v2 override 판 / 취약시설: 어린이집·경로당·지역아동센터 + 장애인복지관). geo_level=point 한정
CC0242,하람어린이집,어린이집,childcare,4812352000,중앙동,성산구,35.2258602623483,128.653461988768,266.0,266.0,3,9,23,3,30,147,4,13,0,4,0,3,22,1.0,3.333,6.391,19.0,0.0,401.5,51.45,303,510,207,scenario_stable_non_high,other,"300m 이내 배출원 위치 3개, 500m 이내 배출원 위치 9개, 500m 이내 대기 배출업소 4곳, 500m 이내 소각 처리 사업장 3곳, 최근접 배출원 266m",13.0,True,어린이집 정원(인가 기준). 실제 재원 인원·실제 노출 인원이 아님,산업·배출시설 공간 노출도,v4 (배출원: 전국 등록공장현황 2024-12-31 반영 5개 구 전역 + 배출업소·폐기물 v2 override 판 / 취약시설: 어린이집·경로당·지역아동센터 + 장애인복지관). geo_level=point 한정
CC0243,해뜸어린이집,어린이집,childcare,4812352000,중앙동,성산구,35.2250650559945,128.655588844203,61.9,61.9,5,6,25,23,24,185,2,12,0,3,0,2,19,4.6,4.0,7.4,19.0,0.0,304.0,56.9,187,387,200,scenario_stable_non_high,other,"300m 이내 배출원 위치 5개, 500m 이내 배출원 위치 6개, 500m 이내 대기 배출업소 2곳, 500m 이내 소각 처리 사업장 2곳, 최근접 배출원 62m",20.0,True,어린이집 정원(인가 기준). 실제 재원 인원·실제 노출 인원이 아님,산업·배출시설 공간 노출도,v4 (배출원: 전국 등록공장현황 2024-12-31 반영 5개 구 전역 + 배출업소·폐기물 v2 override 판 / 취약시설: 어린이집·경로당·지역아동센터 + 장애인복지관). geo_level=point 한정
CC0246,창원시립 가포금호어울림어린이집,어린이집,childcare,4812552000,가포동,마산합포구,35.1562651346038,128.578260052117,379.4,379.4,0,1,8,0,1,9,0,0,0,0,0,0,1,,1.0,1.125,0.0,0.0,1403.4,21.08,1370,1431,61,scenario_stable_non_high,other,"500m 이내 배출원 위치 1개, 최근접 배출원 379m",54.0,True,어린이집 정원(인가 기준). 실제 재원 인원·실제 노출 인원이 아님,산업·배출시설 공간 노출도,v4 (배출원: 전국 등록공장현황 2024-12-31 반영 5개 구 전역 + 배출업소·폐기물 v2 override 판 / 취약시설: 어린이집·경로당·지역아동센터 + 장애인복지관). geo_level=point 한정
CC0247,창원시립 가포어린이집,어린이집,childcare,4812552000,가포동,마산합포구,35.1688181210495,128.571480166081,67.9,67.9,1,6,19,1,10,27,0,3,3,1,0,0,5,1.0,1.667,1.421,0.0,0.0,705.6,56.44,644,824,180,scenario_stable_non_high,other,"300m 이내 배출원 위치 1개, 500m 이내 배출원 위치 6개, 최근접 배출원 68m",95.0,True,어린이집 정원(인가 기준). 실제 재원 인원·실제 노출 인원이 아님,산업·배출시설 공간 노출도,v4 (배출원: 전국 등록공장현황 2024-12-31 반영 5개 구 전역 + 배출업소·폐기물 v2 override 판 / 취약시설: 어린이집·경로당·지역아동센터 + 장애인복지관). geo_level=point 한정
CC0248,창원시립 가포유보라어린이집,어린이집,childcare,4812552000,가포동,마산합포구,35.1579344312701,128.574131273515,592.5,592.5,0,0,10,0,0,13,0,0,0,0,0,0,0,,,1.3,0.0,0.0,1338.8,55.93,1254,1430,176,scenario_stable_non_high,other,1km 이내 배출원 없음 (최근접 592m),51.0,True,어린이집 정원(인가 기준). 실제 재원 인원·실제 노출 인원이 아님,산업·배출시설 공간 노출도,v4 (배출원: 전국 등록공장현황 2024-12-31 반영 5개 구 전역 + 배출업소·폐기물 v2 override 판 / 취약시설: 어린이집·경로당·지역아동센터 + 장애인복지관). geo_level=point 한정
CC0249,창원시립 교방롯데캐슬어린이집,어린이집,childcare,4812561000,교방동,마산합포구,35.2153855778953,128.564779365099,366.4,366.4,0,1,11,0,1,12,0,1,0,0,0,0,0,,1.0,1.091,1.0,0.0,1272.2,48.52,1182,1351,169,scenario_stable_non_high,other,"500m 이내 배출원 위치 1개, 최근접 배출원 366m",35.0,True,어린이집 정원(인가 기준). 실제 재원 인원·실제 노출 인원이 아님,산업·배출시설 공간 노출도,v4 (배출원: 전국 등록공장현황 2024-12-31 반영 5개 구 전역 + 배출업소·폐기물 v2 override 판 / 취약시설: 어린이집·경로당·지역아동센터 + 장애인복지관). geo_level=point 한정
CC0250,창원시립 교방푸르지오어린이집,어린이집,childcare,4812561000,교방동,마산합포구,35.2114625754638,128.569485422282,148.1,148.1,2,9,25,2,11,39,2,2,0,1,0,1,6,1.0,1.222,1.56,1.0,0.0,603.7,71.96,451,706,255,scenario_stable_non_high,other,"300m 이내 배출원 위치 2개, 500m 이내 배출원 위치 9개, 500m 이내 대기 배출업소 2곳, 500m 이내 소각 처리 사업장 1곳, 최근접 배출원 148m",85.0,True,어린이집 정원(인가 기준). 실제 재원 인원·실제 노출 인원이 아님,산업·배출시설 공간 노출도,v4 (배출원: 전국 등록공장현황 2024-12-31 반영 5개 구 전역 + 배출업소·폐기물 v2 override 판 / 취약시설: 어린이집·경로당·지역아동센터 + 장애인복지관). geo_level=point 한정
CC0251,i블루밍어린이집,어린이집,childcare,4812561000,교방동,마산합포구,35.2160780521696,128.562577719698,352.8,352.8,0,1,6,0,1,6,0,1,0,0,0,0,0,,1.0,1.0,1.0,0.0,1370.4,19.46,1308,1399,91,scenario_stable_non_high,other,"500m 이내 배출원 위치 1개, 최근접 배출원 353m",23.0,True,어린이집 정원(인가 기준). 실제 재원 인원·실제 노출 인원이 아님,산업·배출시설 공간 노출도,v4 (배출원: 전국 등록공장현황 2024-12-31 반영 5개 구 전역 + 배출업소·폐기물 v2 override 판 / 취약시설: 어린이집·경로당·지역아동센터 + 장애인복지관). geo_level=point 한정
CC0252,노산어린이집,어린이집,childcare,4812561000,교방동,마산합포구,35.215876770672,128.569462672393,436.5,436.5,0,2,23,0,2,25,0,0,0,0,0,0,2,,1.0,1.087,1.0,0.0,989.6,128.9,802,1211,409,scenario_stable_non_high,other,"500m 이내 배출원 위치 2개, 최근접 배출원 436m",99.0,True,어린이집 정원(인가 기준). 실제 재원 인원·실제 노출 인원이 아님,산업·배출시설 공간 노출도,v4 (배출원: 전국 등록공장현황 2024-12-31 반영 5개 구 전역 + 배출업소·폐기물 v2 override 판 / 취약시설: 어린이집·경로당·지역아동센터 + 장애인복지관). geo_level=point 한정
CC0253,마산삼성어린이집,어린이집,childcare,4812561000,교방동,마산합포구,35.2123236754598,128.574685425086,120.7,120.7,5,9,28,7,11,31,2,3,0,0,0,0,6,1.4,1.222,1.107,1.0,0.0,476.2,82.15,287,573,286,scenario_stable_non_high,other,"300m 이내 배출원 위치 5개, 500m 이내 배출원 위치 9개, 500m 이내 대기 배출업소 2곳, 최근접 배출원 121m",130.0,True,어린이집 정원(인가 기준). 실제 재원 인원·실제 노출 인원이 아님,산업·배출시설 공간 노출도,v4 (배출원: 전국 등록공장현황 2024-12-31 반영 5개 구 전역 + 배출업소·폐기물 v2 override 판 / 취약시설: 어린이집·경로당·지역아동센터 + 장애인복지관). geo_level=point 한정
CC0254,자이별밭 어린이집,어린이집,childcare,4812561000,교방동,마산합포구,35.2150188245066,128.569550591223,426.7,426.7,0,1,22,0,1,24,0,0,0,0,0,0,1,,1.0,1.091,1.0,0.0,980.2,116.35,799,1162,363,scenario_stable_non_high,other,"500m 이내 배출원 위치 1개, 최근접 배출원 427m",47.0,True,어린이집 정원(인가 기준). 실제 재원 인원·실제 노출 인원이 아님,산업·배출시설 공간 노출도,v4 (배출원: 전국 등록공장현황 2024-12-31 반영 5개 구 전역 + 배출업소·폐기물 v2 override 판 / 취약시설: 어린이집·경로당·지역아동센터 + 장애인복지관). geo_level=point 한정
CC0255,킨더가르텐 어린이집,어린이집,childcare,4812561000,교방동,마산합포구,35.2153744230686,128.560659219625,302.0,302.0,0,1,6,0,1,6,0,1,0,0,0,0,0,,1.0,1.0,1.0,0.0,1383.4,14.63,1355,1415,60,scenario_stable_non_high,other,"500m 이내 배출원 위치 1개, 최근접 배출원 302m",70.0,True,어린이집 정원(인가 기준). 실제 재원 인원·실제 노출 인원이 아님,산업·배출시설 공간 노출도,v4 (배출원: 전국 등록공장현황 2024-12-31 반영 5개 구 전역 + 배출업소·폐기물 v2 override 판 / 취약시설: 어린이집·경로당·지역아동센터 + 장애인복지관). geo_level=point 한정
CC0256,상록엔젤어린이집,어린이집,childcare,4812561000,교방동,마산합포구,35.21397054518,128.562337349112,118.3,118.3,1,2,6,1,2,6,0,1,0,0,0,0,1,1.0,1.0,1.0,1.0,0.0,1232.9,111.27,1026,1335,309,scenario_stable_non_high,other,"300m 이내 배출원 위치 1개, 500m 이내 배출원 위치 2개, 최근접 배출원 118m",15.0,True,어린이집 정원(인가 기준). 실제 재원 인원·실제 노출 인원이 아님,산업·배출시설 공간 노출도,v4 (배출원: 전국 등록공장현황 2024-12-31 반영 5개 구 전역 + 배출업소·폐기물 v2 override 판 / 취약시설: 어린이집·경로당·지역아동센터 + 장애인복지관). geo_level=point 한정
CC0257,예림어린이집,어린이집,childcare,4812561000,교방동,마산합포구,35.2150188245066,128.569550591223,426.7,426.7,0,1,22,0,1,24,0,0,0,0,0,0,1,,1.0,1.091,1.0,0.0,980.2,116.35,799,1162,363,scenario_stable_non_high,other,"500m 이내 배출원 위치 1개, 최근접 배출원 427m",20.0,True,어린이집 정원(인가 기준). 실제 재원 인원·실제 노출 인원이 아님,산업·배출시설 공간 노출도,v4 (배출원: 전국 등록공장현황 2024-12-31 반영 5개 구 전역 + 배출업소·폐기물 v2 override 판 / 취약시설: 어린이집·경로당·지역아동센터 + 장애인복지관). geo_level=point 한정
CC0258,우리네어린이집,어린이집,childcare,4812561000,교방동,마산합포구,35.2160780521696,128.562577719698,352.8,352.8,0,1,6,0,1,6,0,1,0,0,0,0,0,,1.0,1.0,1.0,0.0,1370.4,19.46,1308,1399,91,scenario_stable_non_high,other,"500m 이내 배출원 위치 1개, 최근접 배출원 353m",20.0,True,어린이집 정원(인가 기준). 실제 재원 인원·실제 노출 인원이 아님,산업·배출시설 공간 노출도,v4 (배출원: 전국 등록공장현황 2024-12-31 반영 5개 구 전역 + 배출업소·폐기물 v2 override 판 / 취약시설: 어린이집·경로당·지역아동센터 + 장애인복지관). geo_level=point 한정
CC0259,창원시립 구산어린이집,어린이집,childcare,4812531000,구산면,마산합포구,35.1199729794482,128.58206453444,1155.2,1155.2,0,0,0,0,0,0,0,0,0,0,0,0,0,,,,2.0,0.0,1584.0,0.0,1584,1584,0,scenario_stable_non_high,other,"1km 이내 배출원 없음 (최근접 1,155m)",56.0,True,어린이집 정원(인가 기준). 실제 재원 인원·실제 노출 인원이 아님,산업·배출시설 공간 노출도,v4 (배출원: 전국 등록공장현황 2024-12-31 반영 5개 구 전역 + 배출업소·폐기물 v2 override 판 / 취약시설: 어린이집·경로당·지역아동센터 + 장애인복지관). geo_level=point 한정
CC0260,창원시립 샛별어린이집,어린이집,childcare,4812554000,문화동,마산합포구,35.1851790255161,128.558907400122,136.6,136.6,4,9,25,5,10,27,4,6,0,4,0,4,0,1.25,1.111,1.08,0.0,0.0,325.5,43.54,253,417,164,scenario_stable_non_high,other,"300m 이내 배출원 위치 4개, 500m 이내 배출원 위치 9개, 500m 이내 대기 배출업소 4곳, 500m 이내 소각 처리 사업장 4곳, 최근접 배출원 137m",88.0,True,어린이집 정원(인가 기준). 실제 재원 인원·실제 노출 인원이 아님,산업·배출시설 공간 노출도,v4 (배출원: 전국 등록공장현황 2024-12-31 반영 5개 구 전역 + 배출업소·폐기물 v2 override 판 / 취약시설: 어린이집·경로당·지역아동센터 + 장애인복지관). geo_level=point 한정
CC0261,예능어린이집,어린이집,childcare,4812554000,문화동,마산합포구,35.1833172296239,128.558775017364,239.4,239.4,3,10,24,3,11,26,4,7,0,4,0,4,0,1.0,1.1,1.083,0.0,0.0,390.0,30.11,327,446,119,scenario_stable_non_high,other,"300m 이내 배출원 위치 3개, 500m 이내 배출원 위치 10개, 500m 이내 대기 배출업소 4곳, 500m 이내 소각 처리 사업장 4곳, 최근접 배출원 239m",49.0,True,어린이집 정원(인가 기준). 실제 재원 인원·실제 노출 인원이 아님,산업·배출시설 공간 노출도,v4 (배출원: 전국 등록공장현황 2024-12-31 반영 5개 구 전역 + 배출업소·폐기물 v2 override 판 / 취약시설: 어린이집·경로당·지역아동센터 + 장애인복지관). geo_level=point 한정
CC0262,합포꿈동이어린이집,어린이집,childcare,4812554000,문화동,마산합포구,35.1840428617236,128.562261414374,201.6,201.6,5,16,25,6,18,27,4,12,0,2,0,2,2,1.2,1.125,1.08,0.0,0.0,300.3,31.47,251,370,119,scenario_stable_non_high,other,"300m 이내 배출원 위치 5개, 500m 이내 배출원 위치 16개, 500m 이내 대기 배출업소 4곳, 500m 이내 소각 처리 사업장 2곳, 최근접 배출원 202m",19.0,True,어린이집 정원(인가 기준). 실제 재원 인원·실제 노출 인원이 아님,산업·배출시설 공간 노출도,v4 (배출원: 전국 등록공장현황 2024-12-31 반영 5개 구 전역 + 배출업소·폐기물 v2 override 판 / 취약시설: 어린이집·경로당·지역아동센터 + 장애인복지관). geo_level=point 한정
CC0263,합포어린이집,어린이집,childcare,4812554000,문화동,마산합포구,35.182755243842,128.5612771231,166.4,166.4,6,16,25,6,18,27,4,12,0,2,0,2,2,1.0,1.125,1.08,0.0,0.0,265.4,49.83,173,350,177,scenario_stable_non_high,other,"300m 이내 배출원 위치 6개, 500m 이내 배출원 위치 16개, 500m 이내 대기 배출업소 4곳, 500m 이내 소각 처리 사업장 2곳, 최근접 배출원 166m",20.0,True,어린이집 정원(인가 기준). 실제 재원 인원·실제 노출 인원이 아님,산업·배출시설 공간 노출도,v4 (배출원: 전국 등록공장현황 2024-12-31 반영 5개 구 전역 + 배출업소·폐기물 v2 override 판 / 취약시설: 어린이집·경로당·지역아동센터 + 장애인복지관). geo_level=point 한정
CC0264,백양어린이집,어린이집,childcare,4812556500,반월중앙동,마산합포구,35.1923602259021,128.563805618474,184.6,184.6,4,7,25,4,7,31,1,4,0,1,0,1,1,1.0,1.0,1.24,0.0,0.0,541.3,74.04,432,671,239,scenario_stable_non_high,other,"300m 이내 배출원 위치 4개, 500m 이내 배출원 위치 7개, 500m 이내 대기 배출업소 1곳, 500m 이내 소각 처리 사업장 1곳, 최근접 배출원 185m",115.0,True,어린이집 정원(인가 기준). 실제 재원 인원·실제 노출 인원이 아님,산업·배출시설 공간 노출도,v4 (배출원: 전국 등록공장현황 2024-12-31 반영 5개 구 전역 + 배출업소·폐기물 v2 override 판 / 취약시설: 어린이집·경로당·지역아동센터 + 장애인복지관). geo_level=point 한정
CC0265,사회복지법인마산어린이집,어린이집,childcare,4812556500,반월중앙동,마산합포구,35.1945753321807,128.569055081896,281.1,281.1,4,10,47,7,13,63,4,6,0,4,0,1,2,1.75,1.3,1.34,0.0,0.0,210.1,57.9,163,356,193,scenario_stable_non_high,other,"300m 이내 배출원 위치 4개, 500m 이내 배출원 위치 10개, 500m 이내 대기 배출업소 4곳, 500m 이내 소각 처리 사업장 1곳, 최근접 배출원 281m",99.0,True,어린이집 정원(인가 기준). 실제 재원 인원·실제 노출 인원이 아님,산업·배출시설 공간 노출도,v4 (배출원: 전국 등록공장현황 2024-12-31 반영 5개 구 전역 + 배출업소·폐기물 v2 override 판 / 취약시설: 어린이집·경로당·지역아동센터 + 장애인복지관). geo_level=point 한정
CC0267,블루밍어린이집,어린이집,childcare,4812556500,반월중앙동,마산합포구,35.1919152633005,128.565836371335,121.1,121.1,3,7,30,3,7,36,1,4,0,1,0,1,1,1.0,1.0,1.2,0.0,0.0,474.7,74.54,375,601,226,scenario_stable_non_high,other,"300m 이내 배출원 위치 3개, 500m 이내 배출원 위치 7개, 500m 이내 대기 배출업소 1곳, 500m 이내 소각 처리 사업장 1곳, 최근접 배출원 121m",21.0,True,어린이집 정원(인가 기준). 실제 재원 인원·실제 노출 인원이 아님,산업·배출시설 공간 노출도,v4 (배출원: 전국 등록공장현황 2024-12-31 반영 5개 구 전역 + 배출업소·폐기물 v2 override 판 / 취약시설: 어린이집·경로당·지역아동센터 + 장애인복지관). geo_level=point 한정
CC0268,해오름어린이집,어린이집,childcare,4812556500,반월중앙동,마산합포구,35.1947969169893,128.568382706884,238.7,238.7,2,10,47,2,14,63,5,6,0,5,0,2,2,1.0,1.4,1.34,0.0,0.0,224.4,60.39,167,369,202,scenario_stable_non_high,other,"300m 이내 배출원 위치 2개, 500m 이내 배출원 위치 10개, 500m 이내 대기 배출업소 5곳, 500m 이내 소각 처리 사업장 2곳, 최근접 배출원 239m",33.0,True,어린이집 정원(인가 기준). 실제 재원 인원·실제 노출 인원이 아님,산업·배출시설 공간 노출도,v4 (배출원: 전국 등록공장현황 2024-12-31 반영 5개 구 전역 + 배출업소·폐기물 v2 override 판 / 취약시설: 어린이집·경로당·지역아동센터 + 장애인복지관). geo_level=point 한정
CC0269,경동튼튼어린이집,어린이집,childcare,4812556500,반월중앙동,마산합포구,35.1946724352687,128.567549203552,161.6,161.6,3,8,46,3,12,62,5,5,0,4,0,2,2,1.0,1.5,1.348,0.0,0.0,265.8,82.14,183,439,256,scenario_stable_non_high,other,"300m 이내 배출원 위치 3개, 500m 이내 배출원 위치 8개, 500m 이내 대기 배출업소 5곳, 500m 이내 소각 처리 사업장 2곳, 최근접 배출원 162m",19.0,True,어린이집 정원(인가 기준). 실제 재원 인원·실제 노출 인원이 아님,산업·배출시설 공간 노출도,v4 (배출원: 전국 등록공장현황 2024-12-31 반영 5개 구 전역 + 배출업소·폐기물 v2 override 판 / 취약시설: 어린이집·경로당·지역아동센터 + 장애인복지관). geo_level=point 한정
CC0274,연우어린이집,어린이집,childcare,4812565000,산호동,마산합포구,35.2184422799442,128.579504764104,65.8,65.8,2,8,53,2,9,62,1,4,0,2,1,0,2,1.0,1.125,1.17,0.0,0.0,371.2,84.05,275,530,255,scenario_stable_non_high,other,"300m 이내 배출원 위치 2개, 500m 이내 배출원 위치 8개, 500m 이내 대기 배출업소 1곳, 500m 이내 지정폐기물 배출사업장 1곳, 최근접 배출원 66m",86.0,True,어린이집 정원(인가 기준). 실제 재원 인원·실제 노출 인원이 아님,산업·배출시설 공간 노출도,v4 (배출원: 전국 등록공장현황 2024-12-31 반영 5개 구 전역 + 배출업소·폐기물 v2 override 판 / 취약시설: 어린이집·경로당·지역아동센터 + 장애인복지관). geo_level=point 한정
CC0276,통통이어린이집,어린이집,childcare,4812565000,산호동,마산합포구,35.2182834067016,128.58093946977,117.3,117.3,2,6,64,2,7,81,1,4,0,1,0,0,1,1.0,1.167,1.266,0.0,0.0,321.9,156.7,175,589,414,scenario_stable_non_high,other,"300m 이내 배출원 위치 2개, 500m 이내 배출원 위치 6개, 500m 이내 대기 배출업소 1곳, 최근접 배출원 117m",20.0,True,어린이집 정원(인가 기준). 실제 재원 인원·실제 노출 인원이 아님,산업·배출시설 공간 노출도,v4 (배출원: 전국 등록공장현황 2024-12-31 반영 5개 구 전역 + 배출업소·폐기물 v2 override 판 / 취약시설: 어린이집·경로당·지역아동센터 + 장애인복지관). geo_level=point 한정
CC0279,창원시립 추산어린이집,어린이집,childcare,4812563000,오동동,마산합포구,35.2064004814189,128.570091624974,185.0,185.0,2,11,57,4,23,74,0,4,1,1,0,1,17,2.0,2.091,1.298,2.0,0.0,348.8,129.42,214,585,371,scenario_stable_non_high,other,"300m 이내 배출원 위치 2개, 500m 이내 배출원 위치 11개, 500m 이내 소각 처리 사업장 1곳, 최근접 배출원 185m",78.0,True,어린이집 정원(인가 기준). 실제 재원 인원·실제 노출 인원이 아님,산업·배출시설 공간 노출도,v4 (배출원: 전국 등록공장현황 2024-12-31 반영 5개 구 전역 + 배출업소·폐기물 v2 override 판 / 취약시설: 어린이집·경로당·지역아동센터 + 장애인복지관). geo_level=point 한정
CC0284,노벨어린이집,어린이집,childcare,4812557000,완월동,마산합포구,35.1962694487182,128.55901873138,153.4,153.4,1,2,14,1,2,16,0,2,0,0,0,0,0,1.0,1.0,1.143,1.0,0.0,1075.3,22.25,1027,1118,91,scenario_stable_non_high,other,"300m 이내 배출원 위치 1개, 500m 이내 배출원 위치 2개, 최근접 배출원 153m",67.0,True,어린이집 정원(인가 기준). 실제 재원 인원·실제 노출 인원이 아님,산업·배출시설 공간 노출도,v4 (배출원: 전국 등록공장현황 2024-12-31 반영 5개 구 전역 + 배출업소·폐기물 v2 override 판 / 취약시설: 어린이집·경로당·지역아동센터 + 장애인복지관). geo_level=point 한정
CC0285,자연숲어린이집,어린이집,childcare,4812557000,완월동,마산합포구,35.1962360813003,128.558824420162,135.3,135.3,1,2,14,1,2,16,0,2,0,0,0,0,0,1.0,1.0,1.143,1.0,0.0,1072.4,26.95,1032,1127,95,scenario_stable_non_high,other,"300m 이내 배출원 위치 1개, 500m 이내 배출원 위치 2개, 최근접 배출원 135m",115.0,True,어린이집 정원(인가 기준). 실제 재원 인원·실제 노출 인원이 아님,산업·배출시설 공간 노출도,v4 (배출원: 전국 등록공장현황 2024-12-31 반영 5개 구 전역 + 배출업소·폐기물 v2 override 판 / 취약시설: 어린이집·경로당·지역아동센터 + 장애인복지관). geo_level=point 한정
CC0286,보노어린이집,어린이집,childcare,4812557000,완월동,마산합포구,35.1957349026827,128.562208500613,258.6,258.6,1,5,23,1,5,28,1,4,0,1,0,1,1,1.0,1.0,1.217,1.0,0.0,729.0,130.21,568,953,385,scenario_stable_non_high,other,"300m 이내 배출원 위치 1개, 500m 이내 배출원 위치 5개, 500m 이내 대기 배출업소 1곳, 500m 이내 소각 처리 사업장 1곳, 최근접 배출원 259m",20.0,True,어린이집 정원(인가 기준). 실제 재원 인원·실제 노출 인원이 아님,산업·배출시설 공간 노출도,v4 (배출원: 전국 등록공장현황 2024-12-31 반영 5개 구 전역 + 배출업소·폐기물 v2 override 판 / 취약시설: 어린이집·경로당·지역아동센터 + 장애인복지관). geo_level=point 한정
CC0287,창원시립 SK오션뷰어린이집,어린이집,childcare,4812553000,월영동,마산합포구,35.176150905453,128.559467671426,327.1,327.1,0,3,16,0,4,17,1,1,0,1,0,0,1,,1.333,1.062,1.0,0.0,945.0,54.81,847,1022,175,scenario_stable_non_high,other,"500m 이내 배출원 위치 3개, 500m 이내 대기 배출업소 1곳, 최근접 배출원 327m",71.0,True,어린이집 정원(인가 기준). 실제 재원 인원·실제 노출 인원이 아님,산업·배출시설 공간 노출도,v4 (배출원: 전국 등록공장현황 2024-12-31 반영 5개 구 전역 + 배출업소·폐기물 v2 override 판 / 취약시설: 어린이집·경로당·지역아동센터 + 장애인복지관). geo_level=point 한정
CC0288,창원시립 딩동댕어린이집,어린이집,childcare,4812553000,월영동,마산합포구,35.1725765366856,128.559197331369,629.3,629.3,0,0,13,0,0,15,0,0,0,0,0,0,0,,,1.154,1.0,0.0,1286.3,110.19,1149,1448,299,scenario_stable_non_high,other,1km 이내 배출원 없음 (최근접 629m),20.0,True,어린이집 정원(인가 기준). 실제 재원 인원·실제 노출 인원이 아님,산업·배출시설 공간 노출도,v4 (배출원: 전국 등록공장현황 2024-12-31 반영 5개 구 전역 + 배출업소·폐기물 v2 override 판 / 취약시설: 어린이집·경로당·지역아동센터 + 장애인복지관). geo_level=point 한정
CC0289,창원시립 마린애시앙어린이집,어린이집,childcare,4812553000,월영동,마산합포구,35.1750235873689,128.562589220715,481.4,481.4,0,2,17,0,2,19,1,1,0,0,0,0,0,,1.0,1.118,1.0,0.0,994.4,109.99,840,1187,347,scenario_stable_non_high,other,"500m 이내 배출원 위치 2개, 500m 이내 대기 배출업소 1곳, 최근접 배출원 481m",75.0,True,어린이집 정원(인가 기준). 실제 재원 인원·실제 노출 인원이 아님,산업·배출시설 공간 노출도,v4 (배출원: 전국 등록공장현황 2024-12-31 반영 5개 구 전역 + 배출업소·폐기물 v2 override 판 / 취약시설: 어린이집·경로당·지역아동센터 + 장애인복지관). geo_level=point 한정
CC0290,창원시립 애시앙숲어린이집,어린이집,childcare,4812553000,월영동,마산합포구,35.1750235873689,128.562589220715,481.4,481.4,0,2,17,0,2,19,1,1,0,0,0,0,0,,1.0,1.118,1.0,0.0,994.4,109.99,840,1187,347,scenario_stable_non_high,other,"500m 이내 배출원 위치 2개, 500m 이내 대기 배출업소 1곳, 최근접 배출원 481m",95.0,True,어린이집 정원(인가 기준). 실제 재원 인원·실제 노출 인원이 아님,산업·배출시설 공간 노출도,v4 (배출원: 전국 등록공장현황 2024-12-31 반영 5개 구 전역 + 배출업소·폐기물 v2 override 판 / 취약시설: 어린이집·경로당·지역아동센터 + 장애인복지관). geo_level=point 한정
CC0291,창원시립 월영어린이집,어린이집,childcare,4812553000,월영동,마산합포구,35.1825250572741,128.556349145457,229.7,229.7,1,5,22,1,5,24,3,2,0,3,0,3,0,1.0,1.0,1.091,1.0,0.0,567.9,36.95,491,638,147,scenario_stable_non_high,other,"300m 이내 배출원 위치 1개, 500m 이내 배출원 위치 5개, 500m 이내 대기 배출업소 3곳, 500m 이내 소각 처리 사업장 3곳, 최근접 배출원 230m",75.0,True,어린이집 정원(인가 기준). 실제 재원 인원·실제 노출 인원이 아님,산업·배출시설 공간 노출도,v4 (배출원: 전국 등록공장현황 2024-12-31 반영 5개 구 전역 + 배출업소·폐기물 v2 override 판 / 취약시설: 어린이집·경로당·지역아동센터 + 장애인복지관). geo_level=point 한정
CC0292,동아마을어린이집,어린이집,childcare,4812553000,월영동,마산합포구,35.1750956172328,128.559406352535,409.8,409.8,0,2,15,0,2,17,0,1,0,1,0,0,0,,1.0,1.133,1.0,0.0,1089.3,80.0,967,1218,251,scenario_stable_non_high,other,"500m 이내 배출원 위치 2개, 최근접 배출원 410m",30.0,True,어린이집 정원(인가 기준). 실제 재원 인원·실제 노출 인원이 아님,산업·배출시설 공간 노출도,v4 (배출원: 전국 등록공장현황 2024-12-31 반영 5개 구 전역 + 배출업소·폐기물 v2 override 판 / 취약시설: 어린이집·경로당·지역아동센터 + 장애인복지관). geo_level=point 한정
CC0293,동아신나는어린이집,어린이집,childcare,4812553000,월영동,마산합포구,35.1725765366856,128.559197331369,629.3,629.3,0,0,13,0,0,15,0,0,0,0,0,0,0,,,1.154,1.0,0.0,1286.3,110.19,1149,1448,299,scenario_stable_non_high,other,1km 이내 배출원 없음 (최근접 629m),36.0,True,어린이집 정원(인가 기준). 실제 재원 인원·실제 노출 인원이 아님,산업·배출시설 공간 노출도,v4 (배출원: 전국 등록공장현황 2024-12-31 반영 5개 구 전역 + 배출업소·폐기물 v2 override 판 / 취약시설: 어린이집·경로당·지역아동센터 + 장애인복지관). geo_level=point 한정
CC0294,마산가포부영사랑으로어린이집,어린이집,childcare,4812553000,월영동,마산합포구,35.1682884714862,128.560116636748,520.3,520.3,0,0,3,0,0,4,0,0,0,0,0,0,0,,,1.333,1.0,0.0,1462.9,25.31,1431,1512,81,scenario_stable_non_high,other,1km 이내 배출원 없음 (최근접 520m),49.0,True,어린이집 정원(인가 기준). 실제 재원 인원·실제 노출 인원이 아님,산업·배출시설 공간 노출도,v4 (배출원: 전국 등록공장현황 2024-12-31 반영 5개 구 전역 + 배출업소·폐기물 v2 override 판 / 취약시설: 어린이집·경로당·지역아동센터 + 장애인복지관). geo_level=point 한정
CC0295,새암어린이집,어린이집,childcare,4812553000,월영동,마산합포구,35.176470466118,128.55910529242,297.1,297.1,1,4,16,1,5,17,2,1,0,1,0,0,1,1.0,1.25,1.062,1.0,0.0,886.0,45.81,798,969,171,scenario_stable_non_high,other,"300m 이내 배출원 위치 1개, 500m 이내 배출원 위치 4개, 500m 이내 대기 배출업소 2곳, 최근접 배출원 297m",65.0,True,어린이집 정원(인가 기준). 실제 재원 인원·실제 노출 인원이 아님,산업·배출시설 공간 노출도,v4 (배출원: 전국 등록공장현황 2024-12-31 반영 5개 구 전역 + 배출업소·폐기물 v2 override 판 / 취약시설: 어린이집·경로당·지역아동센터 + 장애인복지관). geo_level=point 한정
CC0298,현대신나는어린이집,어린이집,childcare,4812553000,월영동,마산합포구,35.1743188737736,128.557309207297,387.0,387.0,0,1,12,0,1,13,0,0,0,1,0,0,0,,1.0,1.083,1.0,0.0,1233.4,65.0,1149,1337,188,scenario_stable_non_high,other,"500m 이내 배출원 위치 1개, 최근접 배출원 387m",30.0,True,어린이집 정원(인가 기준). 실제 재원 인원·실제 노출 인원이 아님,산업·배출시설 공간 노출도,v4 (배출원: 전국 등록공장현황 2024-12-31 반영 5개 구 전역 + 배출업소·폐기물 v2 override 판 / 취약시설: 어린이집·경로당·지역아동센터 + 장애인복지관). geo_level=point 한정
CC0299,고운어린이집,어린이집,childcare,4812553000,월영동,마산합포구,35.1750235873689,128.562589220715,481.4,481.4,0,2,17,0,2,19,1,1,0,0,0,0,0,,1.0,1.118,1.0,0.0,994.4,109.99,840,1187,347,scenario_stable_non_high,other,"500m 이내 배출원 위치 2개, 500m 이내 대기 배출업소 1곳, 최근접 배출원 481m",19.0,True,어린이집 정원(인가 기준). 실제 재원 인원·실제 노출 인원이 아님,산업·배출시설 공간 노출도,v4 (배출원: 전국 등록공장현황 2024-12-31 반영 5개 구 전역 + 배출업소·폐기물 v2 override 판 / 취약시설: 어린이집·경로당·지역아동센터 + 장애인복지관). geo_level=point 한정
CC0300,금빛어린이집,어린이집,childcare,4812553000,월영동,마산합포구,35.1750956172328,128.559406352535,409.8,409.8,0,2,15,0,2,17,0,1,0,1,0,0,0,,1.0,1.133,1.0,0.0,1089.3,80.0,967,1218,251,scenario_stable_non_high,other,"500m 이내 배출원 위치 2개, 최근접 배출원 410m",20.0,True,어린이집 정원(인가 기준). 실제 재원 인원·실제 노출 인원이 아님,산업·배출시설 공간 노출도,v4 (배출원: 전국 등록공장현황 2024-12-31 반영 5개 구 전역 + 배출업소·폐기물 v2 override 판 / 취약시설: 어린이집·경로당·지역아동센터 + 장애인복지관). geo_level=point 한정
CC0301,기쁨몬테소리어린이집,어린이집,childcare,4812553000,월영동,마산합포구,35.1725765366856,128.559197331369,629.3,629.3,0,0,13,0,0,15,0,0,0,0,0,0,0,,,1.154,1.0,0.0,1286.3,110.19,1149,1448,299,scenario_stable_non_high,other,1km 이내 배출원 없음 (최근접 629m),20.0,True,어린이집 정원(인가 기준). 실제 재원 인원·실제 노출 인원이 아님,산업·배출시설 공간 노출도,v4 (배출원: 전국 등록공장현황 2024-12-31 반영 5개 구 전역 + 배출업소·폐기물 v2 override 판 / 취약시설: 어린이집·경로당·지역아동센터 + 장애인복지관). geo_level=point 한정
CC0302,꼬꼬마어린이집,어린이집,childcare,4812553000,월영동,마산합포구,35.1725765366856,128.559197331369,629.3,629.3,0,0,13,0,0,15,0,0,0,0,0,0,0,,,1.154,1.0,0.0,1286.3,110.19,1149,1448,299,scenario_stable_non_high,other,1km 이내 배출원 없음 (최근접 629m),20.0,True,어린이집 정원(인가 기준). 실제 재원 인원·실제 노출 인원이 아님,산업·배출시설 공간 노출도,v4 (배출원: 전국 등록공장현황 2024-12-31 반영 5개 구 전역 + 배출업소·폐기물 v2 override 판 / 취약시설: 어린이집·경로당·지역아동센터 + 장애인복지관). geo_level=point 한정
CC0303,바른나무어린이집,어린이집,childcare,4812553000,월영동,마산합포구,35.1750235873689,128.562589220715,481.4,481.4,0,2,17,0,2,19,1,1,0,0,0,0,0,,1.0,1.118,1.0,0.0,994.4,109.99,840,1187,347,scenario_stable_non_high,other,"500m 이내 배출원 위치 2개, 500m 이내 대기 배출업소 1곳, 최근접 배출원 481m",19.0,True,어린이집 정원(인가 기준). 실제 재원 인원·실제 노출 인원이 아님,산업·배출시설 공간 노출도,v4 (배출원: 전국 등록공장현황 2024-12-31 반영 5개 구 전역 + 배출업소·폐기물 v2 override 판 / 취약시설: 어린이집·경로당·지역아동센터 + 장애인복지관). geo_level=point 한정
CC0304,보보어린이집,어린이집,childcare,4812553000,월영동,마산합포구,35.1733650311582,128.55835043192,517.9,517.9,0,0,13,0,0,15,0,0,0,0,0,0,0,,,1.154,1.0,0.0,1265.1,99.66,1149,1417,268,scenario_stable_non_high,other,1km 이내 배출원 없음 (최근접 518m),19.0,True,어린이집 정원(인가 기준). 실제 재원 인원·실제 노출 인원이 아님,산업·배출시설 공간 노출도,v4 (배출원: 전국 등록공장현황 2024-12-31 반영 5개 구 전역 + 배출업소·폐기물 v2 override 판 / 취약시설: 어린이집·경로당·지역아동센터 + 장애인복지관). geo_level=point 한정
CC0305,사랑숲 어린이집,어린이집,childcare,4812553000,월영동,마산합포구,35.1788945298273,128.563077143617,110.8,110.8,8,13,22,9,14,24,4,8,0,1,0,1,2,1.125,1.077,1.091,1.0,0.0,354.1,86.81,189,489,300,scenario_stable_non_high,other,"300m 이내 배출원 위치 8개, 500m 이내 배출원 위치 13개, 500m 이내 대기 배출업소 4곳, 500m 이내 소각 처리 사업장 1곳, 최근접 배출원 111m",20.0,True,어린이집 정원(인가 기준). 실제 재원 인원·실제 노출 인원이 아님,산업·배출시설 공간 노출도,v4 (배출원: 전국 등록공장현황 2024-12-31 반영 5개 구 전역 + 배출업소·폐기물 v2 override 판 / 취약시설: 어린이집·경로당·지역아동센터 + 장애인복지관). geo_level=point 한정
CC0306,아띠어린이집,어린이집,childcare,4812553000,월영동,마산합포구,35.177743384619,128.564332463853,280.8,280.8,3,10,18,4,11,20,2,7,0,0,0,0,2,1.333,1.1,1.111,1.0,0.0,618.5,28.46,556,670,114,scenario_stable_non_high,other,"300m 이내 배출원 위치 3개, 500m 이내 배출원 위치 10개, 500m 이내 대기 배출업소 2곳, 최근접 배출원 281m",20.0,True,어린이집 정원(인가 기준). 실제 재원 인원·실제 노출 인원이 아님,산업·배출시설 공간 노출도,v4 (배출원: 전국 등록공장현황 2024-12-31 반영 5개 구 전역 + 배출업소·폐기물 v2 override 판 / 취약시설: 어린이집·경로당·지역아동센터 + 장애인복지관). geo_level=point 한정
CC0307,애시앙키즈어린이집,어린이집,childcare,4812553000,월영동,마산합포구,35.1750235873689,128.562589220715,481.4,481.4,0,2,17,0,2,19,1,1,0,0,0,0,0,,1.0,1.118,1.0,0.0,994.4,109.99,840,1187,347,scenario_stable_non_high,other,"500m 이내 배출원 위치 2개, 500m 이내 대기 배출업소 1곳, 최근접 배출원 481m",19.0,True,어린이집 정원(인가 기준). 실제 재원 인원·실제 노출 인원이 아님,산업·배출시설 공간 노출도,v4 (배출원: 전국 등록공장현황 2024-12-31 반영 5개 구 전역 + 배출업소·폐기물 v2 override 판 / 취약시설: 어린이집·경로당·지역아동센터 + 장애인복지관). geo_level=point 한정
CC0308,예님어린이집,어린이집,childcare,4812553000,월영동,마산합포구,35.1748130298334,128.55502951587,336.1,336.1,0,1,7,0,1,8,0,0,0,1,0,0,0,,1.0,1.143,1.0,0.0,1318.0,16.89,1281,1352,71,scenario_stable_non_high,other,"500m 이내 배출원 위치 1개, 최근접 배출원 336m",19.0,True,어린이집 정원(인가 기준). 실제 재원 인원·실제 노출 인원이 아님,산업·배출시설 공간 노출도,v4 (배출원: 전국 등록공장현황 2024-12-31 반영 5개 구 전역 + 배출업소·폐기물 v2 override 판 / 취약시설: 어린이집·경로당·지역아동센터 + 장애인복지관). geo_level=point 한정
CC0309,이안어린이집,어린이집,childcare,4812553000,월영동,마산합포구,35.1750235873689,128.562589220715,481.4,481.4,0,2,17,0,2,19,1,1,0,0,0,0,0,,1.0,1.118,1.0,0.0,994.4,109.99,840,1187,347,scenario_stable_non_high,other,"500m 이내 배출원 위치 2개, 500m 이내 대기 배출업소 1곳, 최근접 배출원 481m",19.0,True,어린이집 정원(인가 기준). 실제 재원 인원·실제 노출 인원이 아님,산업·배출시설 공간 노출도,v4 (배출원: 전국 등록공장현황 2024-12-31 반영 5개 구 전역 + 배출업소·폐기물 v2 override 판 / 취약시설: 어린이집·경로당·지역아동센터 + 장애인복지관). geo_level=point 한정
CC0310,조은어린이집,어린이집,childcare,4812553000,월영동,마산합포구,35.1712067020332,128.558758810905,704.3,704.3,0,0,6,0,0,7,0,0,0,0,0,0,0,,,1.167,1.0,0.0,1433.9,43.21,1382,1502,120,scenario_stable_non_high,other,1km 이내 배출원 없음 (최근접 704m),20.0,True,어린이집 정원(인가 기준). 실제 재원 인원·실제 노출 인원이 아님,산업·배출시설 공간 노출도,v4 (배출원: 전국 등록공장현황 2024-12-31 반영 5개 구 전역 + 배출업소·폐기물 v2 override 판 / 취약시설: 어린이집·경로당·지역아동센터 + 장애인복지관). geo_level=point 한정
CC0311,해맑은어린이집,어린이집,childcare,4812553000,월영동,마산합포구,35.1792008719875,128.565490358495,179.2,179.2,7,12,20,8,13,22,3,8,0,1,0,1,2,1.143,1.083,1.1,1.0,0.0,474.8,60.23,373,594,221,scenario_stable_non_high,other,"300m 이내 배출원 위치 7개, 500m 이내 배출원 위치 12개, 500m 이내 대기 배출업소 3곳, 500m 이내 소각 처리 사업장 1곳, 최근접 배출원 179m",19.0,True,어린이집 정원(인가 기준). 실제 재원 인원·실제 노출 인원이 아님,산업·배출시설 공간 노출도,v4 (배출원: 전국 등록공장현황 2024-12-31 반영 5개 구 전역 + 배출업소·폐기물 v2 override 판 / 취약시설: 어린이집·경로당·지역아동센터 + 장애인복지관). geo_level=point 한정
CC0312,행복아이어린이집,어린이집,childcare,4812553000,월영동,마산합포구,35.1750235873689,128.562589220715,481.4,481.4,0,2,17,0,2,19,1,1,0,0,0,0,0,,1.0,1.118,1.0,0.0,994.4,109.99,840,1187,347,scenario_stable_non_high,other,"500m 이내 배출원 위치 2개, 500m 이내 대기 배출업소 1곳, 최근접 배출원 481m",19.0,True,어린이집 정원(인가 기준). 실제 재원 인원·실제 노출 인원이 아님,산업·배출시설 공간 노출도,v4 (배출원: 전국 등록공장현황 2024-12-31 반영 5개 구 전역 + 배출업소·폐기물 v2 override 판 / 취약시설: 어린이집·경로당·지역아동센터 + 장애인복지관). geo_level=point 한정
CC0313,바른아이뜰어린이집,어린이집,childcare,4812558000,자산동,마산합포구,35.2027355615222,128.564043947836,365.7,365.7,0,5,44,0,6,60,2,5,0,1,0,1,0,,1.2,1.364,1.0,0.0,548.7,182.25,355,877,522,scenario_stable_non_high,other,"500m 이내 배출원 위치 5개, 500m 이내 대기 배출업소 2곳, 500m 이내 소각 처리 사업장 1곳, 최근접 배출원 366m",39.0,True,어린이집 정원(인가 기준). 실제 재원 인원·실제 노출 인원이 아님,산업·배출시설 공간 노출도,v4 (배출원: 전국 등록공장현황 2024-12-31 반영 5개 구 전역 + 배출업소·폐기물 v2 override 판 / 취약시설: 어린이집·경로당·지역아동센터 + 장애인복지관). geo_level=point 한정
CC0314,반달어린이집,어린이집,childcare,4812558000,자산동,마산합포구,35.2002359136216,128.558345720639,471.5,471.5,0,1,10,0,1,12,0,1,0,0,0,0,0,,1.0,1.2,1.0,0.0,1268.3,74.07,1178,1389,211,scenario_stable_non_high,other,"500m 이내 배출원 위치 1개, 최근접 배출원 472m",39.0,True,어린이집 정원(인가 기준). 실제 재원 인원·실제 노출 인원이 아님,산업·배출시설 공간 노출도,v4 (배출원: 전국 등록공장현황 2024-12-31 반영 5개 구 전역 + 배출업소·폐기물 v2 override 판 / 취약시설: 어린이집·경로당·지역아동센터 + 장애인복지관). geo_level=point 한정
CC0315,샛별아이어린이집,어린이집,childcare,4812558000,자산동,마산합포구,35.2023931866126,128.5658073654,206.7,206.7,2,9,49,3,23,65,3,7,1,2,0,2,13,1.5,2.556,1.327,1.0,0.0,329.6,104.17,221,530,309,scenario_stable_non_high,other,"300m 이내 배출원 위치 2개, 500m 이내 배출원 위치 9개, 500m 이내 대기 배출업소 3곳, 500m 이내 소각 처리 사업장 2곳, 최근접 배출원 207m",49.0,True,어린이집 정원(인가 기준). 실제 재원 인원·실제 노출 인원이 아님,산업·배출시설 공간 노출도,v4 (배출원: 전국 등록공장현황 2024-12-31 반영 5개 구 전역 + 배출업소·폐기물 v2 override 판 / 취약시설: 어린이집·경로당·지역아동센터 + 장애인복지관). geo_level=point 한정
CC0316,청운어린이집,어린이집,childcare,4812558000,자산동,마산합포구,35.2057402775852,128.563528940328,123.2,123.2,1,2,26,1,2,40,0,2,0,0,0,0,0,1.0,1.0,1.538,1.0,0.0,866.8,65.1,745,963,218,scenario_stable_non_high,other,"300m 이내 배출원 위치 1개, 500m 이내 배출원 위치 2개, 최근접 배출원 123m",140.0,True,어린이집 정원(인가 기준). 실제 재원 인원·실제 노출 인원이 아님,산업·배출시설 공간 노출도,v4 (배출원: 전국 등록공장현황 2024-12-31 반영 5개 구 전역 + 배출업소·폐기물 v2 override 판 / 취약시설: 어린이집·경로당·지역아동센터 + 장애인복지관). geo_level=point 한정
CC0317,맑은숲영재스쿨어린이집,어린이집,childcare,4812558000,자산동,마산합포구,35.2074536331018,128.564183959495,76.1,76.1,1,3,25,1,3,40,0,2,0,0,0,0,1,1.0,1.0,1.6,1.0,0.0,858.0,41.54,773,936,163,scenario_stable_non_high,other,"300m 이내 배출원 위치 1개, 500m 이내 배출원 위치 3개, 최근접 배출원 76m",20.0,True,어린이집 정원(인가 기준). 실제 재원 인원·실제 노출 인원이 아님,산업·배출시설 공간 노출도,v4 (배출원: 전국 등록공장현황 2024-12-31 반영 5개 구 전역 + 배출업소·폐기물 v2 override 판 / 취약시설: 어린이집·경로당·지역아동센터 + 장애인복지관). geo_level=point 한정
CC0318,사동어린이집,어린이집,childcare,4812532000,진동면,마산합포구,35.1201142011489,128.47978194177,562.2,562.2,0,0,14,0,0,14,0,0,0,0,0,0,0,,,1.0,2.0,0.0,1301.9,64.18,1202,1406,204,scenario_stable_non_high,other,1km 이내 배출원 없음 (최근접 562m),120.0,True,어린이집 정원(인가 기준). 실제 재원 인원·실제 노출 인원이 아님,산업·배출시설 공간 노출도,v4 (배출원: 전국 등록공장현황 2024-12-31 반영 5개 구 전역 + 배출업소·폐기물 v2 override 판 / 취약시설: 어린이집·경로당·지역아동센터 + 장애인복지관). geo_level=point 한정
CC0319,꿈채움어린이집,어린이집,childcare,4812532000,진동면,마산합포구,35.1209867504771,128.487493962711,318.3,318.3,0,2,9,0,2,9,1,1,0,0,0,0,0,,1.0,1.0,2.0,0.0,1286.6,19.01,1261,1329,68,scenario_stable_non_high,other,"500m 이내 배출원 위치 2개, 500m 이내 대기 배출업소 1곳, 최근접 배출원 318m",31.0,True,어린이집 정원(인가 기준). 실제 재원 인원·실제 노출 인원이 아님,산업·배출시설 공간 노출도,v4 (배출원: 전국 등록공장현황 2024-12-31 반영 5개 구 전역 + 배출업소·폐기물 v2 override 판 / 취약시설: 어린이집·경로당·지역아동센터 + 장애인복지관). geo_level=point 한정
CC0320,밝은숲 어린이집,어린이집,childcare,4812532000,진동면,마산합포구,35.118861655881,128.486098904817,365.9,365.9,0,2,8,0,2,9,1,1,0,0,0,0,0,,1.0,1.125,2.0,0.0,1314.4,25.24,1268,1360,92,scenario_stable_non_high,other,"500m 이내 배출원 위치 2개, 500m 이내 대기 배출업소 1곳, 최근접 배출원 366m",129.0,True,어린이집 정원(인가 기준). 실제 재원 인원·실제 노출 인원이 아님,산업·배출시설 공간 노출도,v4 (배출원: 전국 등록공장현황 2024-12-31 반영 5개 구 전역 + 배출업소·폐기물 v2 override 판 / 취약시설: 어린이집·경로당·지역아동센터 + 장애인복지관). geo_level=point 한정
CC0321,재능어린이집,어린이집,childcare,4812532000,진동면,마산합포구,35.1172722094069,128.502579609565,183.4,183.4,1,1,3,1,1,3,0,0,1,0,0,0,0,1.0,1.0,1.0,2.0,0.0,1400.2,86.98,1242,1480,238,scenario_stable_non_high,other,"300m 이내 배출원 위치 1개, 500m 이내 배출원 위치 1개, 최근접 배출원 183m",99.0,True,어린이집 정원(인가 기준). 실제 재원 인원·실제 노출 인원이 아님,산업·배출시설 공간 노출도,v4 (배출원: 전국 등록공장현황 2024-12-31 반영 5개 구 전역 + 배출업소·폐기물 v2 override 판 / 취약시설: 어린이집·경로당·지역아동센터 + 장애인복지관). geo_level=point 한정
CC0322,꿈꾸는유앤아이어린이집,어린이집,childcare,4812532000,진동면,마산합포구,35.1213926238899,128.488555381395,284.5,284.5,1,2,9,1,2,9,1,1,0,0,0,0,0,1.0,1.0,1.0,2.0,0.0,1276.4,18.95,1231,1310,79,scenario_stable_non_high,other,"300m 이내 배출원 위치 1개, 500m 이내 배출원 위치 2개, 500m 이내 대기 배출업소 1곳, 최근접 배출원 284m",20.0,True,어린이집 정원(인가 기준). 실제 재원 인원·실제 노출 인원이 아님,산업·배출시설 공간 노출도,v4 (배출원: 전국 등록공장현황 2024-12-31 반영 5개 구 전역 + 배출업소·폐기물 v2 override 판 / 취약시설: 어린이집·경로당·지역아동센터 + 장애인복지관). geo_level=point 한정
CC0323,유앤아이어린이집,어린이집,childcare,4812532000,진동면,마산합포구,35.1213926238899,128.488555381395,284.5,284.5,1,2,9,1,2,9,1,1,0,0,0,0,0,1.0,1.0,1.0,2.0,0.0,1276.4,18.95,1231,1310,79,scenario_stable_non_high,other,"300m 이내 배출원 위치 1개, 500m 이내 배출원 위치 2개, 500m 이내 대기 배출업소 1곳, 최근접 배출원 284m",20.0,True,어린이집 정원(인가 기준). 실제 재원 인원·실제 노출 인원이 아님,산업·배출시설 공간 노출도,v4 (배출원: 전국 등록공장현황 2024-12-31 반영 5개 구 전역 + 배출업소·폐기물 v2 override 판 / 취약시설: 어린이집·경로당·지역아동센터 + 장애인복지관). geo_level=point 한정
CC0324,한솔어린이집,어린이집,childcare,4812532000,진동면,마산합포구,35.1107089909835,128.495084984332,298.7,298.7,1,2,8,2,3,10,1,0,1,0,0,0,1,2.0,1.5,1.25,2.0,0.0,1257.9,40.58,1168,1316,148,scenario_stable_non_high,other,"300m 이내 배출원 위치 1개, 500m 이내 배출원 위치 2개, 500m 이내 대기 배출업소 1곳, 최근접 배출원 299m",20.0,True,어린이집 정원(인가 기준). 실제 재원 인원·실제 노출 인원이 아님,산업·배출시설 공간 노출도,v4 (배출원: 전국 등록공장현황 2024-12-31 반영 5개 구 전역 + 배출업소·폐기물 v2 override 판 / 취약시설: 어린이집·경로당·지역아동센터 + 장애인복지관). geo_level=point 한정
CC0325,창원시립 진북어린이집,어린이집,childcare,4812533000,진북면,마산합포구,35.1155164836226,128.465266404143,176.4,176.4,3,7,24,3,7,27,4,0,3,3,0,0,4,1.0,1.0,1.125,3.0,0.0,483.7,32.76,419,567,148,scenario_stable_non_high,other,"300m 이내 배출원 위치 3개, 500m 이내 배출원 위치 7개, 500m 이내 대기 배출업소 4곳, 최근접 배출원 176m",39.0,True,어린이집 정원(인가 기준). 실제 재원 인원·실제 노출 인원이 아님,산업·배출시설 공간 노출도,v4 (배출원: 전국 등록공장현황 2024-12-31 반영 5개 구 전역 + 배출업소·폐기물 v2 override 판 / 취약시설: 어린이집·경로당·지역아동센터 + 장애인복지관). geo_level=point 한정
CC0327,창원시립 용마어린이집,어린이집,childcare,4812564000,합포동,마산합포구,35.2130054492715,128.582329823011,391.6,391.6,0,6,68,0,7,84,0,3,0,0,0,0,4,,1.167,1.235,1.0,0.0,422.5,268.98,190,885,695,scenario_stable_non_high,other,"500m 이내 배출원 위치 6개, 최근접 배출원 392m",67.0,True,어린이집 정원(인가 기준). 실제 재원 인원·실제 노출 인원이 아님,산업·배출시설 공간 노출도,v4 (배출원: 전국 등록공장현황 2024-12-31 반영 5개 구 전역 + 배출업소·폐기물 v2 override 판 / 취약시설: 어린이집·경로당·지역아동센터 + 장애인복지관). geo_level=point 한정
CC0328,베스티움 큰샘 어린이집,어린이집,childcare,4812564000,합포동,마산합포구,35.2092326616502,128.581877323665,130.2,130.2,3,10,55,3,11,65,0,5,0,2,0,2,5,1.0,1.1,1.182,1.0,0.0,313.6,68.13,226,452,226,scenario_stable_non_high,other,"300m 이내 배출원 위치 3개, 500m 이내 배출원 위치 10개, 500m 이내 소각 처리 사업장 2곳, 최근접 배출원 130m",32.0,True,어린이집 정원(인가 기준). 실제 재원 인원·실제 노출 인원이 아님,산업·배출시설 공간 노출도,v4 (배출원: 전국 등록공장현황 2024-12-31 반영 5개 구 전역 + 배출업소·폐기물 v2 override 판 / 취약시설: 어린이집·경로당·지역아동센터 + 장애인복지관). geo_level=point 한정
CC0330,하늘샘어린이집,어린이집,childcare,4812564000,합포동,마산합포구,35.2101288581442,128.581931936368,219.2,219.2,2,9,60,2,10,72,0,5,0,2,0,2,4,1.0,1.111,1.2,1.0,0.0,384.7,164.81,221,673,452,scenario_stable_non_high,other,"300m 이내 배출원 위치 2개, 500m 이내 배출원 위치 9개, 500m 이내 소각 처리 사업장 2곳, 최근접 배출원 219m",76.0,True,어린이집 정원(인가 기준). 실제 재원 인원·실제 노출 인원이 아님,산업·배출시설 공간 노출도,v4 (배출원: 전국 등록공장현황 2024-12-31 반영 5개 구 전역 + 배출업소·폐기물 v2 override 판 / 취약시설: 어린이집·경로당·지역아동센터 + 장애인복지관). geo_level=point 한정
CC0331,창원시립 덕동어린이집,어린이집,childcare,4812551000,현동,마산합포구,35.1409531127572,128.578983095374,1239.2,1239.2,0,0,0,0,0,0,0,0,0,0,0,0,0,,,,0.0,0.0,1584.0,0.0,1584,1584,0,scenario_stable_non_high,other,"1km 이내 배출원 없음 (최근접 1,239m)",70.0,True,어린이집 정원(인가 기준). 실제 재원 인원·실제 노출 인원이 아님,산업·배출시설 공간 노출도,v4 (배출원: 전국 등록공장현황 2024-12-31 반영 5개 구 전역 + 배출업소·폐기물 v2 override 판 / 취약시설: 어린이집·경로당·지역아동센터 + 장애인복지관). geo_level=point 한정
CC0332,신유성어린이집,어린이집,childcare,<NA>,현동,마산합포구,35.142981221937546,128.55670227601792,561.6,561.6,0,0,1,0,0,1,0,0,0,0,0,0,0,,,1.0,,0.0,1540.8,11.56,1520,1551,31,scenario_stable_non_high,other,1km 이내 배출원 없음 (최근접 562m),66.0,True,어린이집 정원(인가 기준). 실제 재원 인원·실제 노출 인원이 아님,산업·배출시설 공간 노출도,v4 (배출원: 전국 등록공장현황 2024-12-31 반영 5개 구 전역 + 배출업소·폐기물 v2 override 판 / 취약시설: 어린이집·경로당·지역아동센터 + 장애인복지관). geo_level=point 한정
CC0333,중흥누리봄어린이집,어린이집,childcare,4812551000,현동,마산합포구,35.148631512036,128.558356407781,102.3,102.3,1,1,4,1,1,5,0,1,0,0,0,0,0,1.0,1.0,1.25,0.0,0.0,1321.8,142.1,1053,1429,376,scenario_stable_non_high,other,"300m 이내 배출원 위치 1개, 500m 이내 배출원 위치 1개, 최근접 배출원 102m",79.0,True,어린이집 정원(인가 기준). 실제 재원 인원·실제 노출 인원이 아님,산업·배출시설 공간 노출도,v4 (배출원: 전국 등록공장현황 2024-12-31 반영 5개 구 전역 + 배출업소·폐기물 v2 override 판 / 취약시설: 어린이집·경로당·지역아동센터 + 장애인복지관). geo_level=point 한정
CC0334,중흥산들어린이집,어린이집,childcare,4812551000,현동,마산합포구,35.1451846205351,128.554784357204,400.7,400.7,0,1,3,0,1,3,0,1,0,0,0,0,0,,1.0,1.0,0.0,0.0,1498.6,19.58,1460,1514,54,scenario_stable_non_high,other,"500m 이내 배출원 위치 1개, 최근접 배출원 401m",45.0,True,어린이집 정원(인가 기준). 실제 재원 인원·실제 노출 인원이 아님,산업·배출시설 공간 노출도,v4 (배출원: 전국 등록공장현황 2024-12-31 반영 5개 구 전역 + 배출업소·폐기물 v2 override 판 / 취약시설: 어린이집·경로당·지역아동센터 + 장애인복지관). geo_level=point 한정
CC0335,중흥키즈어린이집,어린이집,childcare,4812551000,현동,마산합포구,35.1527900505769,128.549821054958,120.8,120.8,3,3,6,4,4,7,0,3,0,1,0,1,0,1.333,1.333,1.167,0.0,0.0,929.4,175.64,619,1132,513,scenario_stable_non_high,other,"300m 이내 배출원 위치 3개, 500m 이내 배출원 위치 3개, 500m 이내 소각 처리 사업장 1곳, 최근접 배출원 121m",45.0,True,어린이집 정원(인가 기준). 실제 재원 인원·실제 노출 인원이 아님,산업·배출시설 공간 노출도,v4 (배출원: 전국 등록공장현황 2024-12-31 반영 5개 구 전역 + 배출업소·폐기물 v2 override 판 / 취약시설: 어린이집·경로당·지역아동센터 + 장애인복지관). geo_level=point 한정
CC0336,하늘숲어린이집,어린이집,childcare,4812551000,현동,마산합포구,35.1524849386005,128.554094106993,264.0,264.0,3,3,6,4,4,7,0,3,0,1,0,1,0,1.333,1.333,1.167,0.0,0.0,1024.7,87.37,885,1159,274,scenario_stable_non_high,other,"300m 이내 배출원 위치 3개, 500m 이내 배출원 위치 3개, 500m 이내 소각 처리 사업장 1곳, 최근접 배출원 264m",80.0,True,어린이집 정원(인가 기준). 실제 재원 인원·실제 노출 인원이 아님,산업·배출시설 공간 노출도,v4 (배출원: 전국 등록공장현황 2024-12-31 반영 5개 구 전역 + 배출업소·폐기물 v2 override 판 / 취약시설: 어린이집·경로당·지역아동센터 + 장애인복지관). geo_level=point 한정
CC0337,하늘채다솜어린이집,어린이집,childcare,4812551000,현동,마산합포구,35.1453138863429,128.55703483767,301.1,301.1,0,1,1,0,1,1,0,1,0,0,0,0,0,,1.0,1.0,0.0,0.0,1494.7,55.65,1393,1537,144,scenario_stable_non_high,other,"500m 이내 배출원 위치 1개, 최근접 배출원 301m",32.0,True,어린이집 정원(인가 기준). 실제 재원 인원·실제 노출 인원이 아님,산업·배출시설 공간 노출도,v4 (배출원: 전국 등록공장현황 2024-12-31 반영 5개 구 전역 + 배출업소·폐기물 v2 override 판 / 취약시설: 어린이집·경로당·지역아동센터 + 장애인복지관). geo_level=point 한정
CC0338,보듬이어린이집,어린이집,childcare,<NA>,현동,마산합포구,35.14158975187848,128.55859036979282,717.1,717.1,0,0,2,0,0,4,0,0,0,0,0,0,0,,,2.0,,0.0,1527.3,11.38,1509,1541,32,scenario_stable_non_high,other,1km 이내 배출원 없음 (최근접 717m),19.0,True,어린이집 정원(인가 기준). 실제 재원 인원·실제 노출 인원이 아님,산업·배출시설 공간 노출도,v4 (배출원: 전국 등록공장현황 2024-12-31 반영 5개 구 전역 + 배출업소·폐기물 v2 override 판 / 취약시설: 어린이집·경로당·지역아동센터 + 장애인복지관). geo_level=point 한정
CC0339,중흥해마루어린이집,어린이집,childcare,4812551000,현동,마산합포구,35.1527900505769,128.549821054958,120.8,120.8,3,3,6,4,4,7,0,3,0,1,0,1,0,1.333,1.333,1.167,0.0,0.0,929.4,175.64,619,1132,513,scenario_stable_non_high,other,"300m 이내 배출원 위치 3개, 500m 이내 배출원 위치 3개, 500m 이내 소각 처리 사업장 1곳, 최근접 배출원 121m",19.0,True,어린이집 정원(인가 기준). 실제 재원 인원·실제 노출 인원이 아님,산업·배출시설 공간 노출도,v4 (배출원: 전국 등록공장현황 2024-12-31 반영 5개 구 전역 + 배출업소·폐기물 v2 override 판 / 취약시설: 어린이집·경로당·지역아동센터 + 장애인복지관). geo_level=point 한정
CC0340,덴소코리아어린이집,어린이집,childcare,4812551000,현동,마산합포구,35.145678469213,128.550124321551,723.6,723.6,0,0,4,0,0,5,0,0,0,0,0,0,0,,,1.25,0.0,0.0,1501.6,19.9,1470,1529,59,scenario_stable_non_high,other,1km 이내 배출원 없음 (최근접 724m),20.0,True,어린이집 정원(인가 기준). 실제 재원 인원·실제 노출 인원이 아님,산업·배출시설 공간 노출도,v4 (배출원: 전국 등록공장현황 2024-12-31 반영 5개 구 전역 + 배출업소·폐기물 v2 override 판 / 취약시설: 어린이집·경로당·지역아동센터 + 장애인복지관). geo_level=point 한정
CC0341,글로벌창의 어린이집,어린이집,childcare,4812760000,구암1동,마산회원구,35.2518420607766,128.592642389469,279.4,279.4,1,3,17,1,3,30,0,1,0,1,1,1,2,1.0,1.0,1.765,0.0,0.0,796.3,78.73,668,942,274,scenario_stable_non_high,other,"300m 이내 배출원 위치 1개, 500m 이내 배출원 위치 3개, 500m 이내 지정폐기물 배출사업장 1곳, 500m 이내 소각 처리 사업장 1곳, 최근접 배출원 279m",76.0,True,어린이집 정원(인가 기준). 실제 재원 인원·실제 노출 인원이 아님,산업·배출시설 공간 노출도,v4 (배출원: 전국 등록공장현황 2024-12-31 반영 5개 구 전역 + 배출업소·폐기물 v2 override 판 / 취약시설: 어린이집·경로당·지역아동센터 + 장애인복지관). geo_level=point 한정
CC0342,글로벌창의숲 어린이집,어린이집,childcare,4812760000,구암1동,마산회원구,35.2535757269659,128.596323407605,111.9,111.9,1,3,43,1,6,119,1,1,0,4,1,0,0,1.0,2.0,2.767,0.0,0.0,453.2,170.14,294,738,444,scenario_stable_non_high,other,"300m 이내 배출원 위치 1개, 500m 이내 배출원 위치 3개, 500m 이내 대기 배출업소 1곳, 500m 이내 지정폐기물 배출사업장 1곳, 최근접 배출원 112m",69.0,True,어린이집 정원(인가 기준). 실제 재원 인원·실제 노출 인원이 아님,산업·배출시설 공간 노출도,v4 (배출원: 전국 등록공장현황 2024-12-31 반영 5개 구 전역 + 배출업소·폐기물 v2 override 판 / 취약시설: 어린이집·경로당·지역아동센터 + 장애인복지관). geo_level=point 한정
CC0343,바른손어린이집,어린이집,childcare,4812760000,구암1동,마산회원구,35.2553043198049,128.594769336963,277.1,277.1,1,1,18,1,1,73,0,1,0,0,0,0,0,1.0,1.0,4.056,0.0,0.0,941.4,127.98,772,1158,386,scenario_stable_non_high,other,"300m 이내 배출원 위치 1개, 500m 이내 배출원 위치 1개, 최근접 배출원 277m",150.0,True,어린이집 정원(인가 기준). 실제 재원 인원·실제 노출 인원이 아님,산업·배출시설 공간 노출도,v4 (배출원: 전국 등록공장현황 2024-12-31 반영 5개 구 전역 + 배출업소·폐기물 v2 override 판 / 취약시설: 어린이집·경로당·지역아동센터 + 장애인복지관). geo_level=point 한정
CC0344,소명어린이집,어린이집,childcare,4812760000,구암1동,마산회원구,35.2590871079255,128.595926178474,79.2,79.2,1,1,11,1,1,17,0,0,0,0,0,0,1,1.0,1.0,1.545,0.0,0.0,1080.7,60.33,971,1153,182,scenario_stable_non_high,other,"300m 이내 배출원 위치 1개, 500m 이내 배출원 위치 1개, 최근접 배출원 79m",39.0,True,어린이집 정원(인가 기준). 실제 재원 인원·실제 노출 인원이 아님,산업·배출시설 공간 노출도,v4 (배출원: 전국 등록공장현황 2024-12-31 반영 5개 구 전역 + 배출업소·폐기물 v2 override 판 / 취약시설: 어린이집·경로당·지역아동센터 + 장애인복지관). geo_level=point 한정
CC0345,천사맘어린이집,어린이집,childcare,4812760000,구암1동,마산회원구,35.2494186005781,128.594548791314,205.9,205.9,1,5,23,1,6,62,1,2,0,2,1,1,2,1.0,1.2,2.696,0.0,0.0,574.2,132.54,334,793,459,scenario_stable_non_high,other,"300m 이내 배출원 위치 1개, 500m 이내 배출원 위치 5개, 500m 이내 대기 배출업소 1곳, 500m 이내 지정폐기물 배출사업장 1곳, 500m 이내 소각 처리 사업장 1곳, 최근접 배출원 206m",21.0,True,어린이집 정원(인가 기준). 실제 재원 인원·실제 노출 인원이 아님,산업·배출시설 공간 노출도,v4 (배출원: 전국 등록공장현황 2024-12-31 반영 5개 구 전역 + 배출업소·폐기물 v2 override 판 / 취약시설: 어린이집·경로당·지역아동센터 + 장애인복지관). geo_level=point 한정
CC0351,창원시립 수피아어린이집,어린이집,childcare,4812725000,내서읍,마산회원구,35.2487001877627,128.522530830103,147.7,147.7,1,6,59,1,7,65,1,3,0,0,0,0,3,1.0,1.167,1.102,1.0,0.0,376.5,149.69,214,645,431,scenario_stable_non_high,other,"300m 이내 배출원 위치 1개, 500m 이내 배출원 위치 6개, 500m 이내 대기 배출업소 1곳, 최근접 배출원 148m",59.0,True,어린이집 정원(인가 기준). 실제 재원 인원·실제 노출 인원이 아님,산업·배출시설 공간 노출도,v4 (배출원: 전국 등록공장현황 2024-12-31 반영 5개 구 전역 + 배출업소·폐기물 v2 override 판 / 취약시설: 어린이집·경로당·지역아동센터 + 장애인복지관). geo_level=point 한정
CC0352,창원시립 햇님어린이집,어린이집,childcare,4812725000,내서읍,마산회원구,35.2240127121878,128.503255721904,148.2,148.2,1,1,7,1,1,9,0,1,0,0,0,0,0,1.0,1.0,1.286,1.0,0.0,1325.1,91.66,1141,1393,252,scenario_stable_non_high,other,"300m 이내 배출원 위치 1개, 500m 이내 배출원 위치 1개, 최근접 배출원 148m",18.0,True,어린이집 정원(인가 기준). 실제 재원 인원·실제 노출 인원이 아님,산업·배출시설 공간 노출도,v4 (배출원: 전국 등록공장현황 2024-12-31 반영 5개 구 전역 + 배출업소·폐기물 v2 override 판 / 취약시설: 어린이집·경로당·지역아동센터 + 장애인복지관). geo_level=point 한정
CC0353,삼계한샘어린이집,어린이집,childcare,4812725000,내서읍,마산회원구,35.230959498244,128.497812245256,49.0,49.0,2,2,29,2,2,35,0,1,0,0,0,0,1,1.0,1.0,1.207,1.0,0.0,825.1,42.52,773,910,137,scenario_stable_non_high,other,"300m 이내 배출원 위치 2개, 500m 이내 배출원 위치 2개, 최근접 배출원 49m",49.0,True,어린이집 정원(인가 기준). 실제 재원 인원·실제 노출 인원이 아님,산업·배출시설 공간 노출도,v4 (배출원: 전국 등록공장현황 2024-12-31 반영 5개 구 전역 + 배출업소·폐기물 v2 override 판 / 취약시설: 어린이집·경로당·지역아동센터 + 장애인복지관). geo_level=point 한정
CC0354,상곡어린이집,어린이집,childcare,4812725000,내서읍,마산회원구,35.2460988298522,128.499874252405,271.6,271.6,1,1,37,1,1,44,1,0,0,0,0,0,0,1.0,1.0,1.189,1.0,0.0,703.8,230.02,379,1098,719,scenario_stable_non_high,other,"300m 이내 배출원 위치 1개, 500m 이내 배출원 위치 1개, 500m 이내 대기 배출업소 1곳, 최근접 배출원 272m",46.0,True,어린이집 정원(인가 기준). 실제 재원 인원·실제 노출 인원이 아님,산업·배출시설 공간 노출도,v4 (배출원: 전국 등록공장현황 2024-12-31 반영 5개 구 전역 + 배출업소·폐기물 v2 override 판 / 취약시설: 어린이집·경로당·지역아동센터 + 장애인복지관). geo_level=point 한정
CC0355,선재어린이집,어린이집,childcare,4812725000,내서읍,마산회원구,35.2436547884392,128.500038295638,0.0,0.0,1,1,61,1,1,84,1,0,0,0,0,0,0,1.0,1.0,1.377,1.0,0.0,269.5,75.87,167,431,264,scenario_stable_non_high,other,"300m 이내 배출원 위치 1개, 500m 이내 배출원 위치 1개, 500m 이내 대기 배출업소 1곳, 최근접 배출원 0m",63.0,True,어린이집 정원(인가 기준). 실제 재원 인원·실제 노출 인원이 아님,산업·배출시설 공간 노출도,v4 (배출원: 전국 등록공장현황 2024-12-31 반영 5개 구 전역 + 배출업소·폐기물 v2 override 판 / 취약시설: 어린이집·경로당·지역아동센터 + 장애인복지관). geo_level=point 한정
CC0356,숲속자람터어린이집,어린이집,childcare,4812725000,내서읍,마산회원구,35.2425638166461,128.479034731553,1053.8,1053.8,0,0,0,0,0,0,0,0,0,0,0,0,0,,,,1.0,0.0,1584.0,0.0,1584,1584,0,scenario_stable_non_high,other,"1km 이내 배출원 없음 (최근접 1,054m)",30.0,True,어린이집 정원(인가 기준). 실제 재원 인원·실제 노출 인원이 아님,산업·배출시설 공간 노출도,v4 (배출원: 전국 등록공장현황 2024-12-31 반영 5개 구 전역 + 배출업소·폐기물 v2 override 판 / 취약시설: 어린이집·경로당·지역아동센터 + 장애인복지관). geo_level=point 한정
CC0357,호계어린이집,어린이집,childcare,4812725000,내서읍,마산회원구,35.2528811782791,128.521638325678,169.1,169.1,1,19,49,1,22,57,5,3,0,2,1,0,14,1.0,1.158,1.163,1.0,0.0,274.7,86.93,193,437,244,scenario_stable_non_high,other,"300m 이내 배출원 위치 1개, 500m 이내 배출원 위치 19개, 500m 이내 대기 배출업소 5곳, 500m 이내 지정폐기물 배출사업장 1곳, 최근접 배출원 169m",49.0,True,어린이집 정원(인가 기준). 실제 재원 인원·실제 노출 인원이 아님,산업·배출시설 공간 노출도,v4 (배출원: 전국 등록공장현황 2024-12-31 반영 5개 구 전역 + 배출업소·폐기물 v2 override 판 / 취약시설: 어린이집·경로당·지역아동센터 + 장애인복지관). geo_level=point 한정
CC0358,대동영재 아이짐어린이집,어린이집,childcare,4812725000,내서읍,마산회원구,35.229929638338,128.503257128615,351.7,351.7,0,3,30,0,4,50,0,1,0,1,0,1,2,,1.333,1.667,1.0,0.0,759.1,114.0,605,930,325,scenario_stable_non_high,other,"500m 이내 배출원 위치 3개, 500m 이내 소각 처리 사업장 1곳, 최근접 배출원 352m",30.0,True,어린이집 정원(인가 기준). 실제 재원 인원·실제 노출 인원이 아님,산업·배출시설 공간 노출도,v4 (배출원: 전국 등록공장현황 2024-12-31 반영 5개 구 전역 + 배출업소·폐기물 v2 override 판 / 취약시설: 어린이집·경로당·지역아동센터 + 장애인복지관). geo_level=point 한정
CC0360,라파어린이집,어린이집,childcare,4812725000,내서읍,마산회원구,35.2510812153555,128.522649077581,149.4,149.4,2,8,51,2,9,57,3,2,0,0,0,0,4,1.0,1.125,1.118,1.0,0.0,359.2,103.31,237,550,313,scenario_stable_non_high,other,"300m 이내 배출원 위치 2개, 500m 이내 배출원 위치 8개, 500m 이내 대기 배출업소 3곳, 최근접 배출원 149m",35.0,True,어린이집 정원(인가 기준). 실제 재원 인원·실제 노출 인원이 아님,산업·배출시설 공간 노출도,v4 (배출원: 전국 등록공장현황 2024-12-31 반영 5개 구 전역 + 배출업소·폐기물 v2 override 판 / 취약시설: 어린이집·경로당·지역아동센터 + 장애인복지관). geo_level=point 한정
CC0361,삼계현대어린이집,어린이집,childcare,4812725000,내서읍,마산회원구,35.2340681840549,128.502383669031,192.2,192.2,1,24,51,1,28,74,4,2,0,2,1,1,23,1.0,1.167,1.451,1.0,0.0,191.1,15.56,167,227,60,scenario_stable_non_high,other,"300m 이내 배출원 위치 1개, 500m 이내 배출원 위치 24개, 500m 이내 대기 배출업소 4곳, 500m 이내 지정폐기물 배출사업장 1곳, 500m 이내 소각 처리 사업장 1곳, 최근접 배출원 192m",35.0,True,어린이집 정원(인가 기준). 실제 재원 인원·실제 노출 인원이 아님,산업·배출시설 공간 노출도,v4 (배출원: 전국 등록공장현황 2024-12-31 반영 5개 구 전역 + 배출업소·폐기물 v2 override 판 / 취약시설: 어린이집·경로당·지역아동센터 + 장애인복지관). geo_level=point 한정
CC0363,이미지은혜어린이집,어린이집,childcare,4812725000,내서읍,마산회원구,35.2237829288,128.501931761796,270.7,270.7,1,1,6,1,1,8,0,1,0,0,0,0,0,1.0,1.0,1.333,1.0,0.0,1369.4,33.84,1293,1400,107,scenario_stable_non_high,other,"300m 이내 배출원 위치 1개, 500m 이내 배출원 위치 1개, 최근접 배출원 271m",30.0,True,어린이집 정원(인가 기준). 실제 재원 인원·실제 노출 인원이 아님,산업·배출시설 공간 노출도,v4 (배출원: 전국 등록공장현황 2024-12-31 반영 5개 구 전역 + 배출업소·폐기물 v2 override 판 / 취약시설: 어린이집·경로당·지역아동센터 + 장애인복지관). geo_level=point 한정
CC0364,일화어린이집,어린이집,childcare,4812725000,내서읍,마산회원구,35.2460289841447,128.500070494928,263.5,263.5,1,1,45,1,1,53,1,0,0,0,0,0,0,1.0,1.0,1.178,1.0,0.0,629.0,251.03,295,1051,756,scenario_stable_non_high,other,"300m 이내 배출원 위치 1개, 500m 이내 배출원 위치 1개, 500m 이내 대기 배출업소 1곳, 최근접 배출원 264m",126.0,True,어린이집 정원(인가 기준). 실제 재원 인원·실제 노출 인원이 아님,산업·배출시설 공간 노출도,v4 (배출원: 전국 등록공장현황 2024-12-31 반영 5개 구 전역 + 배출업소·폐기물 v2 override 판 / 취약시설: 어린이집·경로당·지역아동센터 + 장애인복지관). geo_level=point 한정
CC0365,참좋은하늘채어린이집,어린이집,childcare,4812725000,내서읍,마산회원구,35.26531922377,128.524789896796,110.8,110.8,2,6,10,3,8,14,1,3,1,0,0,0,3,1.5,1.333,1.4,1.0,0.0,1022.4,107.82,827,1152,325,scenario_stable_non_high,other,"300m 이내 배출원 위치 2개, 500m 이내 배출원 위치 6개, 500m 이내 대기 배출업소 1곳, 최근접 배출원 111m",48.0,True,어린이집 정원(인가 기준). 실제 재원 인원·실제 노출 인원이 아님,산업·배출시설 공간 노출도,v4 (배출원: 전국 등록공장현황 2024-12-31 반영 5개 구 전역 + 배출업소·폐기물 v2 override 판 / 취약시설: 어린이집·경로당·지역아동센터 + 장애인복지관). geo_level=point 한정
CC0366,코오롱한샘어린이집,어린이집,childcare,4812725000,내서읍,마산회원구,35.2663045036371,128.524986267974,0.0,0.0,2,5,9,3,7,11,1,4,0,0,0,0,2,1.5,1.4,1.222,1.0,0.0,971.1,218.09,583,1168,585,scenario_stable_non_high,other,"300m 이내 배출원 위치 2개, 500m 이내 배출원 위치 5개, 500m 이내 대기 배출업소 1곳, 최근접 배출원 0m",60.0,True,어린이집 정원(인가 기준). 실제 재원 인원·실제 노출 인원이 아님,산업·배출시설 공간 노출도,v4 (배출원: 전국 등록공장현황 2024-12-31 반영 5개 구 전역 + 배출업소·폐기물 v2 override 판 / 취약시설: 어린이집·경로당·지역아동센터 + 장애인복지관). geo_level=point 한정
CC0367,한우리다온어린이집,어린이집,childcare,4812725000,내서읍,마산회원구,35.228858606337,128.504409770834,455.2,455.2,0,3,29,0,4,35,0,1,0,1,0,1,2,,1.333,1.207,1.0,0.0,876.9,140.36,709,1116,407,scenario_stable_non_high,other,"500m 이내 배출원 위치 3개, 500m 이내 소각 처리 사업장 1곳, 최근접 배출원 455m",26.0,True,어린이집 정원(인가 기준). 실제 재원 인원·실제 노출 인원이 아님,산업·배출시설 공간 노출도,v4 (배출원: 전국 등록공장현황 2024-12-31 반영 5개 구 전역 + 배출업소·폐기물 v2 override 판 / 취약시설: 어린이집·경로당·지역아동센터 + 장애인복지관). geo_level=point 한정
CC0368,해바라기어린이집,어린이집,childcare,4812725000,내서읍,마산회원구,35.2298482281802,128.497778635903,88.8,88.8,1,2,26,1,2,32,0,1,0,0,0,0,1,1.0,1.0,1.231,1.0,0.0,949.7,33.44,891,1018,127,scenario_stable_non_high,other,"300m 이내 배출원 위치 1개, 500m 이내 배출원 위치 2개, 최근접 배출원 89m",22.0,True,어린이집 정원(인가 기준). 실제 재원 인원·실제 노출 인원이 아님,산업·배출시설 공간 노출도,v4 (배출원: 전국 등록공장현황 2024-12-31 반영 5개 구 전역 + 배출업소·폐기물 v2 override 판 / 취약시설: 어린이집·경로당·지역아동센터 + 장애인복지관). geo_level=point 한정
CC0369,해와달아이어린이집,어린이집,childcare,4812725000,내서읍,마산회원구,35.2563400701258,128.520008616303,43.9,43.9,2,7,46,4,9,54,3,1,0,2,1,0,5,2.0,1.286,1.174,1.0,0.0,278.0,20.11,244,327,83,scenario_stable_non_high,other,"300m 이내 배출원 위치 2개, 500m 이내 배출원 위치 7개, 500m 이내 대기 배출업소 3곳, 500m 이내 지정폐기물 배출사업장 1곳, 최근접 배출원 44m",95.0,True,어린이집 정원(인가 기준). 실제 재원 인원·실제 노출 인원이 아님,산업·배출시설 공간 노출도,v4 (배출원: 전국 등록공장현황 2024-12-31 반영 5개 구 전역 + 배출업소·폐기물 v2 override 판 / 취약시설: 어린이집·경로당·지역아동센터 + 장애인복지관). geo_level=point 한정
CC0370,호계사랑어린이집,어린이집,childcare,4812725000,내서읍,마산회원구,35.2528684010353,128.522059435557,183.3,183.3,1,15,48,1,18,54,5,3,0,2,1,0,10,1.0,1.2,1.125,1.0,0.0,341.3,107.84,247,542,295,scenario_stable_non_high,other,"300m 이내 배출원 위치 1개, 500m 이내 배출원 위치 15개, 500m 이내 대기 배출업소 5곳, 500m 이내 지정폐기물 배출사업장 1곳, 최근접 배출원 183m",95.0,True,어린이집 정원(인가 기준). 실제 재원 인원·실제 노출 인원이 아님,산업·배출시설 공간 노출도,v4 (배출원: 전국 등록공장현황 2024-12-31 반영 5개 구 전역 + 배출업소·폐기물 v2 override 판 / 취약시설: 어린이집·경로당·지역아동센터 + 장애인복지관). geo_level=point 한정
CC0371,꼬마요정 어린이집,어린이집,childcare,4812725000,내서읍,마산회원구,35.26531922377,128.524789896796,110.8,110.8,2,6,10,3,8,14,1,3,1,0,0,0,3,1.5,1.333,1.4,1.0,0.0,1022.4,107.82,827,1152,325,scenario_stable_non_high,other,"300m 이내 배출원 위치 2개, 500m 이내 배출원 위치 6개, 500m 이내 대기 배출업소 1곳, 최근접 배출원 111m",20.0,True,어린이집 정원(인가 기준). 실제 재원 인원·실제 노출 인원이 아님,산업·배출시설 공간 노출도,v4 (배출원: 전국 등록공장현황 2024-12-31 반영 5개 구 전역 + 배출업소·폐기물 v2 override 판 / 취약시설: 어린이집·경로당·지역아동센터 + 장애인복지관). geo_level=point 한정
CC0372,사랑샘어린이집,어린이집,childcare,4812725000,내서읍,마산회원구,35.2245408397338,128.502014594177,265.3,265.3,1,1,9,1,1,11,0,1,0,0,0,0,0,1.0,1.0,1.222,1.0,0.0,1312.2,18.04,1279,1347,68,scenario_stable_non_high,other,"300m 이내 배출원 위치 1개, 500m 이내 배출원 위치 1개, 최근접 배출원 265m",18.0,True,어린이집 정원(인가 기준). 실제 재원 인원·실제 노출 인원이 아님,산업·배출시설 공간 노출도,v4 (배출원: 전국 등록공장현황 2024-12-31 반영 5개 구 전역 + 배출업소·폐기물 v2 override 판 / 취약시설: 어린이집·경로당·지역아동센터 + 장애인복지관). geo_level=point 한정
CC0373,숲속엄마품어린이집,어린이집,childcare,4812725000,내서읍,마산회원구,35.2298482281802,128.497778635903,88.8,88.8,1,2,26,1,2,32,0,1,0,0,0,0,1,1.0,1.0,1.231,1.0,0.0,949.7,33.44,891,1018,127,scenario_stable_non_high,other,"300m 이내 배출원 위치 1개, 500m 이내 배출원 위치 2개, 최근접 배출원 89m",16.0,True,어린이집 정원(인가 기준). 실제 재원 인원·실제 노출 인원이 아님,산업·배출시설 공간 노출도,v4 (배출원: 전국 등록공장현황 2024-12-31 반영 5개 구 전역 + 배출업소·폐기물 v2 override 판 / 취약시설: 어린이집·경로당·지역아동센터 + 장애인복지관). geo_level=point 한정
CC0374,아이자람 어린이집,어린이집,childcare,4812725000,내서읍,마산회원구,35.2313169989618,128.496524675404,117.3,117.3,2,3,25,2,3,31,0,1,0,0,0,0,2,1.0,1.0,1.24,1.0,0.0,953.7,60.02,839,1049,210,scenario_stable_non_high,other,"300m 이내 배출원 위치 2개, 500m 이내 배출원 위치 3개, 최근접 배출원 117m",19.0,True,어린이집 정원(인가 기준). 실제 재원 인원·실제 노출 인원이 아님,산업·배출시설 공간 노출도,v4 (배출원: 전국 등록공장현황 2024-12-31 반영 5개 구 전역 + 배출업소·폐기물 v2 override 판 / 취약시설: 어린이집·경로당·지역아동센터 + 장애인복지관). geo_level=point 한정
CC0377,하륜안계어린이집,어린이집,childcare,4812725000,내서읍,마산회원구,35.2316399240163,128.493576650703,222.2,222.2,1,3,8,1,3,10,0,1,0,0,0,0,2,1.0,1.0,1.25,1.0,0.0,1246.9,43.59,1158,1307,149,scenario_stable_non_high,other,"300m 이내 배출원 위치 1개, 500m 이내 배출원 위치 3개, 최근접 배출원 222m",15.0,True,어린이집 정원(인가 기준). 실제 재원 인원·실제 노출 인원이 아님,산업·배출시설 공간 노출도,v4 (배출원: 전국 등록공장현황 2024-12-31 반영 5개 구 전역 + 배출업소·폐기물 v2 override 판 / 취약시설: 어린이집·경로당·지역아동센터 + 장애인복지관). geo_level=point 한정
CC0378,해담어린이집,어린이집,childcare,4812725000,내서읍,마산회원구,35.26531922377,128.524789896796,110.8,110.8,2,6,10,3,8,14,1,3,1,0,0,0,3,1.5,1.333,1.4,1.0,0.0,1022.4,107.82,827,1152,325,scenario_stable_non_high,other,"300m 이내 배출원 위치 2개, 500m 이내 배출원 위치 6개, 500m 이내 대기 배출업소 1곳, 최근접 배출원 111m",20.0,True,어린이집 정원(인가 기준). 실제 재원 인원·실제 노출 인원이 아님,산업·배출시설 공간 노출도,v4 (배출원: 전국 등록공장현황 2024-12-31 반영 5개 구 전역 + 배출업소·폐기물 v2 override 판 / 취약시설: 어린이집·경로당·지역아동센터 + 장애인복지관). geo_level=point 한정
CC0381,창원시립 봉화어린이집,어린이집,childcare,4812754500,석전동,마산회원구,35.2311578085838,128.56707416436,45.4,45.4,8,9,28,8,9,28,1,4,0,1,1,0,3,1.0,1.0,1.0,3.0,0.0,393.5,114.47,192,532,340,scenario_stable_non_high,other,"300m 이내 배출원 위치 8개, 500m 이내 배출원 위치 9개, 500m 이내 대기 배출업소 1곳, 500m 이내 지정폐기물 배출사업장 1곳, 최근접 배출원 45m",97.0,True,어린이집 정원(인가 기준). 실제 재원 인원·실제 노출 인원이 아님,산업·배출시설 공간 노출도,v4 (배출원: 전국 등록공장현황 2024-12-31 반영 5개 구 전역 + 배출업소·폐기물 v2 override 판 / 취약시설: 어린이집·경로당·지역아동센터 + 장애인복지관). geo_level=point 한정
CC0382,창원시립 석전어린이집,어린이집,childcare,4812754500,석전동,마산회원구,35.2325392330907,128.570215937451,219.7,219.7,2,9,31,2,9,31,1,5,0,1,1,0,2,1.0,1.0,1.0,3.0,0.0,503.0,39.53,446,601,155,scenario_stable_non_high,other,"300m 이내 배출원 위치 2개, 500m 이내 배출원 위치 9개, 500m 이내 대기 배출업소 1곳, 500m 이내 지정폐기물 배출사업장 1곳, 최근접 배출원 220m",70.0,True,어린이집 정원(인가 기준). 실제 재원 인원·실제 노출 인원이 아님,산업·배출시설 공간 노출도,v4 (배출원: 전국 등록공장현황 2024-12-31 반영 5개 구 전역 + 배출업소·폐기물 v2 override 판 / 취약시설: 어린이집·경로당·지역아동센터 + 장애인복지관). geo_level=point 한정
CC0383,참빛어린이집,어린이집,childcare,4812754500,석전동,마산회원구,35.2302233775517,128.56627590287,153.2,153.2,6,9,26,6,9,26,1,4,0,1,1,0,3,1.0,1.0,1.0,3.0,0.0,517.8,48.63,414,597,183,scenario_stable_non_high,other,"300m 이내 배출원 위치 6개, 500m 이내 배출원 위치 9개, 500m 이내 대기 배출업소 1곳, 500m 이내 지정폐기물 배출사업장 1곳, 최근접 배출원 153m",39.0,True,어린이집 정원(인가 기준). 실제 재원 인원·실제 노출 인원이 아님,산업·배출시설 공간 노출도,v4 (배출원: 전국 등록공장현황 2024-12-31 반영 5개 구 전역 + 배출업소·폐기물 v2 override 판 / 취약시설: 어린이집·경로당·지역아동센터 + 장애인복지관). geo_level=point 한정
CC0387,아셀어린이집,어린이집,childcare,4812756000,양덕1동,마산회원구,35.2316484626088,128.584362594728,114.9,114.9,8,12,43,10,14,46,1,8,0,1,1,0,5,1.25,1.167,1.07,0.0,0.0,239.6,39.84,161,300,139,scenario_stable_non_high,other,"300m 이내 배출원 위치 8개, 500m 이내 배출원 위치 12개, 500m 이내 대기 배출업소 1곳, 500m 이내 지정폐기물 배출사업장 1곳, 최근접 배출원 115m",46.0,True,어린이집 정원(인가 기준). 실제 재원 인원·실제 노출 인원이 아님,산업·배출시설 공간 노출도,v4 (배출원: 전국 등록공장현황 2024-12-31 반영 5개 구 전역 + 배출업소·폐기물 v2 override 판 / 취약시설: 어린이집·경로당·지역아동센터 + 장애인복지관). geo_level=point 한정
CC0389,경남숲 어린이집,어린이집,childcare,4812756000,양덕1동,마산회원구,35.2344958496883,128.591036801224,335.8,335.8,0,3,22,0,5,24,0,1,0,1,1,0,3,,1.667,1.091,0.0,0.0,802.6,132.08,564,1037,473,scenario_stable_non_high,other,"500m 이내 배출원 위치 3개, 500m 이내 지정폐기물 배출사업장 1곳, 최근접 배출원 336m",19.0,True,어린이집 정원(인가 기준). 실제 재원 인원·실제 노출 인원이 아님,산업·배출시설 공간 노출도,v4 (배출원: 전국 등록공장현황 2024-12-31 반영 5개 구 전역 + 배출업소·폐기물 v2 override 판 / 취약시설: 어린이집·경로당·지역아동센터 + 장애인복지관). geo_level=point 한정
CC0393,사회복지법인금강어린이집,어린이집,childcare,<NA>,양덕2동,마산회원구,35.23244691517965,128.581775228812,99.6,99.6,6,19,37,6,21,39,3,13,0,3,2,0,5,1.0,1.105,1.054,,0.0,269.0,30.47,221,340,119,scenario_stable_non_high,other,"300m 이내 배출원 위치 6개, 500m 이내 배출원 위치 19개, 500m 이내 대기 배출업소 3곳, 500m 이내 지정폐기물 배출사업장 2곳, 최근접 배출원 100m",163.0,True,어린이집 정원(인가 기준). 실제 재원 인원·실제 노출 인원이 아님,산업·배출시설 공간 노출도,v4 (배출원: 전국 등록공장현황 2024-12-31 반영 5개 구 전역 + 배출업소·폐기물 v2 override 판 / 취약시설: 어린이집·경로당·지역아동센터 + 장애인복지관). geo_level=point 한정
CC0394,굿맘아이어린이집,어린이집,childcare,4812757000,양덕2동,마산회원구,35.2287858629739,128.57687676075,181.1,181.1,2,10,44,2,10,48,2,6,0,1,0,0,1,1.0,1.0,1.091,3.0,0.0,303.9,48.14,245,413,168,scenario_stable_non_high,other,"300m 이내 배출원 위치 2개, 500m 이내 배출원 위치 10개, 500m 이내 대기 배출업소 2곳, 최근접 배출원 181m",35.0,True,어린이집 정원(인가 기준). 실제 재원 인원·실제 노출 인원이 아님,산업·배출시설 공간 노출도,v4 (배출원: 전국 등록공장현황 2024-12-31 반영 5개 구 전역 + 배출업소·폐기물 v2 override 판 / 취약시설: 어린이집·경로당·지역아동센터 + 장애인복지관). geo_level=point 한정
CC0397,하늘채우솔어린이집,어린이집,childcare,4812757000,양덕2동,마산회원구,35.2272598184407,128.578838733618,224.7,224.7,2,8,52,2,8,57,3,3,0,1,1,0,1,1.0,1.0,1.096,3.0,0.0,284.1,88.89,198,476,278,scenario_stable_non_high,other,"300m 이내 배출원 위치 2개, 500m 이내 배출원 위치 8개, 500m 이내 대기 배출업소 3곳, 500m 이내 지정폐기물 배출사업장 1곳, 최근접 배출원 225m",49.0,True,어린이집 정원(인가 기준). 실제 재원 인원·실제 노출 인원이 아님,산업·배출시설 공간 노출도,v4 (배출원: 전국 등록공장현황 2024-12-31 반영 5개 구 전역 + 배출업소·폐기물 v2 override 판 / 취약시설: 어린이집·경로당·지역아동센터 + 장애인복지관). geo_level=point 한정
CC0398,한일어린이집,어린이집,childcare,4812757000,양덕2동,마산회원구,35.2288455464935,128.581005876933,156.8,156.8,1,11,49,1,11,54,3,5,0,2,1,0,1,1.0,1.0,1.102,3.0,0.0,287.6,77.67,211,463,252,scenario_stable_non_high,other,"300m 이내 배출원 위치 1개, 500m 이내 배출원 위치 11개, 500m 이내 대기 배출업소 3곳, 500m 이내 지정폐기물 배출사업장 1곳, 최근접 배출원 157m",26.0,True,어린이집 정원(인가 기준). 실제 재원 인원·실제 노출 인원이 아님,산업·배출시설 공간 노출도,v4 (배출원: 전국 등록공장현황 2024-12-31 반영 5개 구 전역 + 배출업소·폐기물 v2 override 판 / 취약시설: 어린이집·경로당·지역아동센터 + 장애인복지관). geo_level=point 한정
CC0400,라임어린이집,어린이집,childcare,4812757000,양덕2동,마산회원구,35.2316349587179,128.582556899555,148.6,148.6,5,15,41,5,17,44,2,11,0,2,2,0,5,1.0,1.133,1.073,3.0,0.0,272.5,27.83,208,322,114,scenario_stable_non_high,other,"300m 이내 배출원 위치 5개, 500m 이내 배출원 위치 15개, 500m 이내 대기 배출업소 2곳, 500m 이내 지정폐기물 배출사업장 2곳, 최근접 배출원 149m",20.0,True,어린이집 정원(인가 기준). 실제 재원 인원·실제 노출 인원이 아님,산업·배출시설 공간 노출도,v4 (배출원: 전국 등록공장현황 2024-12-31 반영 5개 구 전역 + 배출업소·폐기물 v2 override 판 / 취약시설: 어린이집·경로당·지역아동센터 + 장애인복지관). geo_level=point 한정
CC0401,반디어린이집,어린이집,childcare,4812757000,양덕2동,마산회원구,35.2287858629739,128.57687676075,181.1,181.1,2,10,44,2,10,48,2,6,0,1,0,0,1,1.0,1.0,1.091,3.0,0.0,303.9,48.14,245,413,168,scenario_stable_non_high,other,"300m 이내 배출원 위치 2개, 500m 이내 배출원 위치 10개, 500m 이내 대기 배출업소 2곳, 최근접 배출원 181m",20.0,True,어린이집 정원(인가 기준). 실제 재원 인원·실제 노출 인원이 아님,산업·배출시설 공간 노출도,v4 (배출원: 전국 등록공장현황 2024-12-31 반영 5개 구 전역 + 배출업소·폐기물 v2 override 판 / 취약시설: 어린이집·경로당·지역아동센터 + 장애인복지관). geo_level=point 한정
CC0402,새봄어린이집,어린이집,childcare,4812757000,양덕2동,마산회원구,35.2261050141865,128.575467904582,121.0,121.0,5,13,33,5,13,35,2,8,0,1,1,0,2,1.0,1.0,1.061,3.0,0.0,294.2,31.63,225,339,114,scenario_stable_non_high,other,"300m 이내 배출원 위치 5개, 500m 이내 배출원 위치 13개, 500m 이내 대기 배출업소 2곳, 500m 이내 지정폐기물 배출사업장 1곳, 최근접 배출원 121m",20.0,True,어린이집 정원(인가 기준). 실제 재원 인원·실제 노출 인원이 아님,산업·배출시설 공간 노출도,v4 (배출원: 전국 등록공장현황 2024-12-31 반영 5개 구 전역 + 배출업소·폐기물 v2 override 판 / 취약시설: 어린이집·경로당·지역아동센터 + 장애인복지관). geo_level=point 한정
CC0404,작은별어린이집,어린이집,childcare,4812757000,양덕2동,마산회원구,35.2316739466153,128.579552005031,91.1,91.1,8,15,35,8,15,38,3,11,0,2,1,0,1,1.0,1.0,1.086,3.0,0.0,222.6,31.51,180,284,104,scenario_stable_non_high,other,"300m 이내 배출원 위치 8개, 500m 이내 배출원 위치 15개, 500m 이내 대기 배출업소 3곳, 500m 이내 지정폐기물 배출사업장 1곳, 최근접 배출원 91m",20.0,True,어린이집 정원(인가 기준). 실제 재원 인원·실제 노출 인원이 아님,산업·배출시설 공간 노출도,v4 (배출원: 전국 등록공장현황 2024-12-31 반영 5개 구 전역 + 배출업소·폐기물 v2 override 판 / 취약시설: 어린이집·경로당·지역아동센터 + 장애인복지관). geo_level=point 한정
CC0406,해무리 어린이집,어린이집,childcare,4812757000,양덕2동,마산회원구,35.2316349587179,128.582556899555,148.6,148.6,5,15,41,5,17,44,2,11,0,2,2,0,5,1.0,1.133,1.073,3.0,0.0,272.5,27.83,208,322,114,scenario_stable_non_high,other,"300m 이내 배출원 위치 5개, 500m 이내 배출원 위치 15개, 500m 이내 대기 배출업소 2곳, 500m 이내 지정폐기물 배출사업장 2곳, 최근접 배출원 149m",20.0,True,어린이집 정원(인가 기준). 실제 재원 인원·실제 노출 인원이 아님,산업·배출시설 공간 노출도,v4 (배출원: 전국 등록공장현황 2024-12-31 반영 5개 구 전역 + 배출업소·폐기물 v2 override 판 / 취약시설: 어린이집·경로당·지역아동센터 + 장애인복지관). geo_level=point 한정
CC0407,행복가득하늘채어린이집,어린이집,childcare,4812757000,양덕2동,마산회원구,35.2272598184407,128.578838733618,224.7,224.7,2,8,52,2,8,57,3,3,0,1,1,0,1,1.0,1.0,1.096,3.0,0.0,284.1,88.89,198,476,278,scenario_stable_non_high,other,"300m 이내 배출원 위치 2개, 500m 이내 배출원 위치 8개, 500m 이내 대기 배출업소 3곳, 500m 이내 지정폐기물 배출사업장 1곳, 최근접 배출원 225m",20.0,True,어린이집 정원(인가 기준). 실제 재원 인원·실제 노출 인원이 아님,산업·배출시설 공간 노출도,v4 (배출원: 전국 등록공장현황 2024-12-31 반영 5개 구 전역 + 배출업소·폐기물 v2 override 판 / 취약시설: 어린이집·경로당·지역아동센터 + 장애인복지관). geo_level=point 한정
CC0410,창원시립 롯데캐슬어린이집,어린이집,childcare,4812758000,합성1동,마산회원구,35.2450833629099,128.586531628809,195.5,195.5,2,5,17,2,5,17,0,1,0,1,1,0,3,1.0,1.0,1.0,1.0,0.0,592.4,111.94,328,780,452,scenario_stable_non_high,other,"300m 이내 배출원 위치 2개, 500m 이내 배출원 위치 5개, 500m 이내 지정폐기물 배출사업장 1곳, 최근접 배출원 196m",58.0,True,어린이집 정원(인가 기준). 실제 재원 인원·실제 노출 인원이 아님,산업·배출시설 공간 노출도,v4 (배출원: 전국 등록공장현황 2024-12-31 반영 5개 구 전역 + 배출업소·폐기물 v2 override 판 / 취약시설: 어린이집·경로당·지역아동센터 + 장애인복지관). geo_level=point 한정
CC0413,창원시립 회성어린이집,어린이집,childcare,4812755000,회성동,마산회원구,35.2333256184355,128.556951614739,49.8,49.8,4,5,13,4,5,13,0,2,0,1,1,0,2,1.0,1.0,1.0,1.0,0.0,819.6,196.18,466,1044,578,scenario_stable_non_high,other,"300m 이내 배출원 위치 4개, 500m 이내 배출원 위치 5개, 500m 이내 지정폐기물 배출사업장 1곳, 최근접 배출원 50m",67.0,True,어린이집 정원(인가 기준). 실제 재원 인원·실제 노출 인원이 아님,산업·배출시설 공간 노출도,v4 (배출원: 전국 등록공장현황 2024-12-31 반영 5개 구 전역 + 배출업소·폐기물 v2 override 판 / 취약시설: 어린이집·경로당·지역아동센터 + 장애인복지관). geo_level=point 한정
CC0414,예꿈어린이집,어린이집,childcare,4812751000,회원1동,마산회원구,35.2198272312043,128.572547141532,113.1,113.1,4,7,27,4,7,29,0,4,0,1,1,0,2,1.0,1.0,1.074,0.0,0.0,579.7,32.7,505,641,136,scenario_stable_non_high,other,"300m 이내 배출원 위치 4개, 500m 이내 배출원 위치 7개, 500m 이내 지정폐기물 배출사업장 1곳, 최근접 배출원 113m",49.0,True,어린이집 정원(인가 기준). 실제 재원 인원·실제 노출 인원이 아님,산업·배출시설 공간 노출도,v4 (배출원: 전국 등록공장현황 2024-12-31 반영 5개 구 전역 + 배출업소·폐기물 v2 override 판 / 취약시설: 어린이집·경로당·지역아동센터 + 장애인복지관). geo_level=point 한정
CC0415,해든미래클어린이집,어린이집,childcare,4812751000,회원1동,마산회원구,35.2186382045474,128.575508290054,173.5,173.5,3,10,31,3,10,35,0,6,0,1,1,0,3,1.0,1.0,1.129,0.0,0.0,481.2,41.32,386,559,173,scenario_stable_non_high,other,"300m 이내 배출원 위치 3개, 500m 이내 배출원 위치 10개, 500m 이내 지정폐기물 배출사업장 1곳, 최근접 배출원 174m",20.0,True,어린이집 정원(인가 기준). 실제 재원 인원·실제 노출 인원이 아님,산업·배출시설 공간 노출도,v4 (배출원: 전국 등록공장현황 2024-12-31 반영 5개 구 전역 + 배출업소·폐기물 v2 override 판 / 취약시설: 어린이집·경로당·지역아동센터 + 장애인복지관). geo_level=point 한정
CC0416,창원시립 e편한세상어린이집,어린이집,childcare,4812752000,회원2동,마산회원구,35.2194026917238,128.569503435739,176.5,176.5,1,5,23,1,5,25,0,2,0,1,1,0,2,1.0,1.0,1.087,0.0,0.0,856.0,67.32,744,963,219,scenario_stable_non_high,other,"300m 이내 배출원 위치 1개, 500m 이내 배출원 위치 5개, 500m 이내 지정폐기물 배출사업장 1곳, 최근접 배출원 176m",65.0,True,어린이집 정원(인가 기준). 실제 재원 인원·실제 노출 인원이 아님,산업·배출시설 공간 노출도,v4 (배출원: 전국 등록공장현황 2024-12-31 반영 5개 구 전역 + 배출업소·폐기물 v2 override 판 / 취약시설: 어린이집·경로당·지역아동센터 + 장애인복지관). geo_level=point 한정
CC0417,e편한세상키즈어린이집,어린이집,childcare,4812752000,회원2동,마산회원구,35.222036895346,128.569984464304,156.6,156.6,2,9,25,2,9,26,0,5,0,1,1,0,3,1.0,1.0,1.04,0.0,0.0,675.4,54.94,578,775,197,scenario_stable_non_high,other,"300m 이내 배출원 위치 2개, 500m 이내 배출원 위치 9개, 500m 이내 지정폐기물 배출사업장 1곳, 최근접 배출원 157m",58.0,True,어린이집 정원(인가 기준). 실제 재원 인원·실제 노출 인원이 아님,산업·배출시설 공간 노출도,v4 (배출원: 전국 등록공장현황 2024-12-31 반영 5개 구 전역 + 배출업소·폐기물 v2 override 판 / 취약시설: 어린이집·경로당·지역아동센터 + 장애인복지관). geo_level=point 한정
CC0418,달나라 어린이집,어린이집,childcare,4812752000,회원2동,마산회원구,35.217208759621,128.56396523104,482.1,482.1,0,1,9,0,1,9,0,0,0,1,1,0,0,,1.0,1.0,0.0,0.0,1306.2,52.08,1189,1393,204,scenario_stable_non_high,other,"500m 이내 배출원 위치 1개, 500m 이내 지정폐기물 배출사업장 1곳, 최근접 배출원 482m",49.0,True,어린이집 정원(인가 기준). 실제 재원 인원·실제 노출 인원이 아님,산업·배출시설 공간 노출도,v4 (배출원: 전국 등록공장현황 2024-12-31 반영 5개 구 전역 + 배출업소·폐기물 v2 override 판 / 취약시설: 어린이집·경로당·지역아동센터 + 장애인복지관). geo_level=point 한정
CC0419,청우 어린이집,어린이집,childcare,4812752000,회원2동,마산회원구,35.21832837166,128.562066585691,443.1,443.1,0,1,5,0,1,5,0,0,0,1,1,0,0,,1.0,1.0,0.0,0.0,1381.4,35.05,1296,1433,137,scenario_stable_non_high,other,"500m 이내 배출원 위치 1개, 500m 이내 지정폐기물 배출사업장 1곳, 최근접 배출원 443m",61.0,True,어린이집 정원(인가 기준). 실제 재원 인원·실제 노출 인원이 아님,산업·배출시설 공간 노출도,v4 (배출원: 전국 등록공장현황 2024-12-31 반영 5개 구 전역 + 배출업소·폐기물 v2 override 판 / 취약시설: 어린이집·경로당·지역아동센터 + 장애인복지관). geo_level=point 한정
CC0420,행복가득 한마음어린이집,어린이집,childcare,4812752000,회원2동,마산회원구,35.2198829906557,128.563673123147,217.2,217.2,1,1,9,1,1,9,0,0,0,1,1,0,0,1.0,1.0,1.0,0.0,0.0,1141.2,127.36,850,1323,473,scenario_stable_non_high,other,"300m 이내 배출원 위치 1개, 500m 이내 배출원 위치 1개, 500m 이내 지정폐기물 배출사업장 1곳, 최근접 배출원 217m",75.0,True,어린이집 정원(인가 기준). 실제 재원 인원·실제 노출 인원이 아님,산업·배출시설 공간 노출도,v4 (배출원: 전국 등록공장현황 2024-12-31 반영 5개 구 전역 + 배출업소·폐기물 v2 override 판 / 취약시설: 어린이집·경로당·지역아동센터 + 장애인복지관). geo_level=point 한정
CC0421,빛나는 진명어린이집,어린이집,childcare,4812752000,회원2동,마산회원구,35.21691415716,128.562931663154,449.4,449.4,0,1,6,0,1,6,0,1,0,0,0,0,0,,1.0,1.0,0.0,0.0,1372.5,27.6,1295,1417,122,scenario_stable_non_high,other,"500m 이내 배출원 위치 1개, 최근접 배출원 449m",20.0,True,어린이집 정원(인가 기준). 실제 재원 인원·실제 노출 인원이 아님,산업·배출시설 공간 노출도,v4 (배출원: 전국 등록공장현황 2024-12-31 반영 5개 구 전역 + 배출업소·폐기물 v2 override 판 / 취약시설: 어린이집·경로당·지역아동센터 + 장애인복지관). geo_level=point 한정
CC0422,창원시립 경화어린이집,어린이집,childcare,4812956000,경화동,진해구,35.1569093262826,128.682893781274,216.2,216.2,2,8,16,2,8,16,1,4,0,0,0,0,3,1.0,1.0,1.0,4.0,0.0,921.4,35.69,865,989,124,scenario_stable_non_high,other,"300m 이내 배출원 위치 2개, 500m 이내 배출원 위치 8개, 500m 이내 대기 배출업소 1곳, 최근접 배출원 216m",143.0,True,어린이집 정원(인가 기준). 실제 재원 인원·실제 노출 인원이 아님,산업·배출시설 공간 노출도,v4 (배출원: 전국 등록공장현황 2024-12-31 반영 5개 구 전역 + 배출업소·폐기물 v2 override 판 / 취약시설: 어린이집·경로당·지역아동센터 + 장애인복지관). geo_level=point 한정
CC0423,두산위브드림어린이집,어린이집,childcare,4812956000,경화동,진해구,35.1609316532612,128.685313723902,333.2,333.2,0,1,15,0,1,15,0,0,0,0,0,0,1,,1.0,1.0,4.0,0.0,1291.8,52.34,1214,1376,162,scenario_stable_non_high,other,"500m 이내 배출원 위치 1개, 최근접 배출원 333m",49.0,True,어린이집 정원(인가 기준). 실제 재원 인원·실제 노출 인원이 아님,산업·배출시설 공간 노출도,v4 (배출원: 전국 등록공장현황 2024-12-31 반영 5개 구 전역 + 배출업소·폐기물 v2 override 판 / 취약시설: 어린이집·경로당·지역아동센터 + 장애인복지관). geo_level=point 한정
CC0424,킹스키즈어린이집,어린이집,childcare,4812956000,경화동,진해구,35.1598511236841,128.683476753426,150.6,150.6,1,1,13,1,1,13,0,0,0,0,0,0,1,1.0,1.0,1.0,4.0,0.0,1202.1,58.8,1087,1272,185,scenario_stable_non_high,other,"300m 이내 배출원 위치 1개, 500m 이내 배출원 위치 1개, 최근접 배출원 151m",98.0,True,어린이집 정원(인가 기준). 실제 재원 인원·실제 노출 인원이 아님,산업·배출시설 공간 노출도,v4 (배출원: 전국 등록공장현황 2024-12-31 반영 5개 구 전역 + 배출업소·폐기물 v2 override 판 / 취약시설: 어린이집·경로당·지역아동센터 + 장애인복지관). geo_level=point 한정
CC0425,해화어린이집,어린이집,childcare,4812956000,경화동,진해구,35.1610308401135,128.681659586198,114.5,114.5,1,1,9,1,1,9,0,0,0,0,0,0,1,1.0,1.0,1.0,4.0,0.0,1266.6,112.66,1051,1355,304,scenario_stable_non_high,other,"300m 이내 배출원 위치 1개, 500m 이내 배출원 위치 1개, 최근접 배출원 114m",86.0,True,어린이집 정원(인가 기준). 실제 재원 인원·실제 노출 인원이 아님,산업·배출시설 공간 노출도,v4 (배출원: 전국 등록공장현황 2024-12-31 반영 5개 구 전역 + 배출업소·폐기물 v2 override 판 / 취약시설: 어린이집·경로당·지역아동센터 + 장애인복지관). geo_level=point 한정
CC0426,창원시립 썬키즈어린이집,어린이집,childcare,4812961000,덕산동,진해구,35.1420231884111,128.707720293449,64.6,64.6,4,4,23,4,4,25,0,4,0,0,0,0,0,1.0,1.0,1.087,0.0,0.0,668.8,141.08,396,801,405,scenario_stable_non_high,other,"300m 이내 배출원 위치 4개, 500m 이내 배출원 위치 4개, 최근접 배출원 65m",85.0,True,어린이집 정원(인가 기준). 실제 재원 인원·실제 노출 인원이 아님,산업·배출시설 공간 노출도,v4 (배출원: 전국 등록공장현황 2024-12-31 반영 5개 구 전역 + 배출업소·폐기물 v2 override 판 / 취약시설: 어린이집·경로당·지역아동센터 + 장애인복지관). geo_level=point 한정
CC0427,창원시립 자은주공어린이집,어린이집,childcare,4812961000,덕산동,진해구,35.1440333583593,128.70959987084,180.8,180.8,3,6,19,3,6,20,0,6,0,0,0,0,0,1.0,1.0,1.053,0.0,0.0,929.5,60.83,816,1030,214,scenario_stable_non_high,other,"300m 이내 배출원 위치 3개, 500m 이내 배출원 위치 6개, 최근접 배출원 181m",20.0,True,어린이집 정원(인가 기준). 실제 재원 인원·실제 노출 인원이 아님,산업·배출시설 공간 노출도,v4 (배출원: 전국 등록공장현황 2024-12-31 반영 5개 구 전역 + 배출업소·폐기물 v2 override 판 / 취약시설: 어린이집·경로당·지역아동센터 + 장애인복지관). geo_level=point 한정
CC0428,꼬마숲해담어린이집,어린이집,childcare,4812961000,덕산동,진해구,35.1409958444106,128.704363048534,222.3,222.3,2,7,22,2,7,24,0,5,0,0,0,0,2,1.0,1.0,1.091,0.0,0.0,810.6,44.54,745,887,142,scenario_stable_non_high,other,"300m 이내 배출원 위치 2개, 500m 이내 배출원 위치 7개, 최근접 배출원 222m",26.0,True,어린이집 정원(인가 기준). 실제 재원 인원·실제 노출 인원이 아님,산업·배출시설 공간 노출도,v4 (배출원: 전국 등록공장현황 2024-12-31 반영 5개 구 전역 + 배출업소·폐기물 v2 override 판 / 취약시설: 어린이집·경로당·지역아동센터 + 장애인복지관). geo_level=point 한정
CC0429,경동큰나무어린이집,어린이집,childcare,4812961000,덕산동,진해구,35.1409388679932,128.702441515336,128.7,128.7,1,5,21,1,6,23,1,4,0,0,0,0,2,1.0,1.2,1.095,0.0,0.0,821.3,38.75,751,871,120,scenario_stable_non_high,other,"300m 이내 배출원 위치 1개, 500m 이내 배출원 위치 5개, 500m 이내 대기 배출업소 1곳, 최근접 배출원 129m",19.0,True,어린이집 정원(인가 기준). 실제 재원 인원·실제 노출 인원이 아님,산업·배출시설 공간 노출도,v4 (배출원: 전국 등록공장현황 2024-12-31 반영 5개 구 전역 + 배출업소·폐기물 v2 override 판 / 취약시설: 어린이집·경로당·지역아동센터 + 장애인복지관). geo_level=point 한정
CC0430,덕산해군어린이집,어린이집,childcare,4812961000,덕산동,진해구,35.1447193441681,128.710572186447,290.8,290.8,2,5,16,2,5,17,0,5,0,0,0,0,0,1.0,1.0,1.062,0.0,0.0,1055.4,38.45,983,1122,139,scenario_stable_non_high,other,"300m 이내 배출원 위치 2개, 500m 이내 배출원 위치 5개, 최근접 배출원 291m",55.0,True,어린이집 정원(인가 기준). 실제 재원 인원·실제 노출 인원이 아님,산업·배출시설 공간 노출도,v4 (배출원: 전국 등록공장현황 2024-12-31 반영 5개 구 전역 + 배출업소·폐기물 v2 override 판 / 취약시설: 어린이집·경로당·지역아동센터 + 장애인복지관). geo_level=point 한정
CC0431,창원시립 글로벌리더어린이집,어린이집,childcare,4812957000,병암동,진해구,35.1611250209577,128.691393504299,136.2,136.2,3,6,14,3,6,14,1,3,2,0,0,0,1,1.0,1.0,1.0,0.0,0.0,874.0,52.63,788,971,183,scenario_stable_non_high,other,"300m 이내 배출원 위치 3개, 500m 이내 배출원 위치 6개, 500m 이내 대기 배출업소 1곳, 최근접 배출원 136m",170.0,True,어린이집 정원(인가 기준). 실제 재원 인원·실제 노출 인원이 아님,산업·배출시설 공간 노출도,v4 (배출원: 전국 등록공장현황 2024-12-31 반영 5개 구 전역 + 배출업소·폐기물 v2 override 판 / 취약시설: 어린이집·경로당·지역아동센터 + 장애인복지관). geo_level=point 한정
CC0432,연꽃누리어린이집,어린이집,childcare,4812957000,병암동,진해구,35.1571791452051,128.689697898144,282.5,282.5,1,7,25,1,7,25,2,3,2,1,1,1,1,1.0,1.0,1.0,0.0,0.0,745.4,116.19,598,949,351,scenario_stable_non_high,other,"300m 이내 배출원 위치 1개, 500m 이내 배출원 위치 7개, 500m 이내 대기 배출업소 2곳, 500m 이내 지정폐기물 배출사업장 1곳, 500m 이내 소각 처리 사업장 1곳, 최근접 배출원 282m",22.0,True,어린이집 정원(인가 기준). 실제 재원 인원·실제 노출 인원이 아님,산업·배출시설 공간 노출도,v4 (배출원: 전국 등록공장현황 2024-12-31 반영 5개 구 전역 + 배출업소·폐기물 v2 override 판 / 취약시설: 어린이집·경로당·지역아동센터 + 장애인복지관). geo_level=point 한정
CC0433,슈퍼키즈어린이집,어린이집,childcare,4812957000,병암동,진해구,35.1587903890452,128.691877838602,39.4,39.4,5,7,20,5,7,20,1,4,2,0,0,0,1,1.0,1.0,1.0,0.0,0.0,592.6,83.1,435,724,289,scenario_stable_non_high,other,"300m 이내 배출원 위치 5개, 500m 이내 배출원 위치 7개, 500m 이내 대기 배출업소 1곳, 최근접 배출원 39m",98.0,True,어린이집 정원(인가 기준). 실제 재원 인원·실제 노출 인원이 아님,산업·배출시설 공간 노출도,v4 (배출원: 전국 등록공장현황 2024-12-31 반영 5개 구 전역 + 배출업소·폐기물 v2 override 판 / 취약시설: 어린이집·경로당·지역아동센터 + 장애인복지관). geo_level=point 한정
CC0434,에셀나무어린이집,어린이집,childcare,4812957000,병암동,진해구,35.1564934206568,128.688623771567,367.3,367.3,0,3,23,0,3,23,1,2,0,1,1,1,0,,1.0,1.0,0.0,0.0,812.9,112.17,657,1023,366,scenario_stable_non_high,other,"500m 이내 배출원 위치 3개, 500m 이내 대기 배출업소 1곳, 500m 이내 지정폐기물 배출사업장 1곳, 500m 이내 소각 처리 사업장 1곳, 최근접 배출원 367m",63.0,True,어린이집 정원(인가 기준). 실제 재원 인원·실제 노출 인원이 아님,산업·배출시설 공간 노출도,v4 (배출원: 전국 등록공장현황 2024-12-31 반영 5개 구 전역 + 배출업소·폐기물 v2 override 판 / 취약시설: 어린이집·경로당·지역아동센터 + 장애인복지관). geo_level=point 한정
CC0435,아이존어린이집,어린이집,childcare,4812957000,병암동,진해구,35.1546999953331,128.693109497688,91.8,91.8,3,8,24,3,8,24,2,4,2,3,3,2,0,1.0,1.0,1.0,0.0,0.0,423.0,58.2,326,535,209,scenario_stable_non_high,other,"300m 이내 배출원 위치 3개, 500m 이내 배출원 위치 8개, 500m 이내 대기 배출업소 2곳, 500m 이내 지정폐기물 배출사업장 3곳, 500m 이내 소각 처리 사업장 2곳, 최근접 배출원 92m",19.0,True,어린이집 정원(인가 기준). 실제 재원 인원·실제 노출 인원이 아님,산업·배출시설 공간 노출도,v4 (배출원: 전국 등록공장현황 2024-12-31 반영 5개 구 전역 + 배출업소·폐기물 v2 override 판 / 취약시설: 어린이집·경로당·지역아동센터 + 장애인복지관). geo_level=point 한정
CC0437,엄마사랑어린이집,어린이집,childcare,4812958000,석동,진해구,35.1588658146704,128.702855975941,60.2,60.2,3,5,19,3,5,20,0,1,1,1,1,1,2,1.0,1.0,1.053,2.0,0.0,682.5,93.29,500,826,326,scenario_stable_non_high,other,"300m 이내 배출원 위치 3개, 500m 이내 배출원 위치 5개, 500m 이내 지정폐기물 배출사업장 1곳, 500m 이내 소각 처리 사업장 1곳, 최근접 배출원 60m",80.0,True,어린이집 정원(인가 기준). 실제 재원 인원·실제 노출 인원이 아님,산업·배출시설 공간 노출도,v4 (배출원: 전국 등록공장현황 2024-12-31 반영 5개 구 전역 + 배출업소·폐기물 v2 override 판 / 취약시설: 어린이집·경로당·지역아동센터 + 장애인복지관). geo_level=point 한정
CC0438,우림큰사랑어린이집,어린이집,childcare,4812958000,석동,진해구,35.1583362044688,128.697305658077,133.7,133.7,5,11,21,5,11,21,1,5,3,2,2,2,2,1.0,1.0,1.0,2.0,0.0,398.1,96.41,203,563,360,scenario_stable_non_high,other,"300m 이내 배출원 위치 5개, 500m 이내 배출원 위치 11개, 500m 이내 대기 배출업소 1곳, 500m 이내 지정폐기물 배출사업장 2곳, 500m 이내 소각 처리 사업장 2곳, 최근접 배출원 134m",38.0,True,어린이집 정원(인가 기준). 실제 재원 인원·실제 노출 인원이 아님,산업·배출시설 공간 노출도,v4 (배출원: 전국 등록공장현황 2024-12-31 반영 5개 구 전역 + 배출업소·폐기물 v2 override 판 / 취약시설: 어린이집·경로당·지역아동센터 + 장애인복지관). geo_level=point 한정
CC0439,벚꽃그린빌어린이집,어린이집,childcare,4812958000,석동,진해구,35.1549298628343,128.706872938716,41.2,41.2,3,7,18,3,8,19,1,1,0,0,0,0,6,1.0,1.143,1.056,2.0,0.0,690.2,117.54,439,814,375,scenario_stable_non_high,other,"300m 이내 배출원 위치 3개, 500m 이내 배출원 위치 7개, 500m 이내 대기 배출업소 1곳, 최근접 배출원 41m",19.0,True,어린이집 정원(인가 기준). 실제 재원 인원·실제 노출 인원이 아님,산업·배출시설 공간 노출도,v4 (배출원: 전국 등록공장현황 2024-12-31 반영 5개 구 전역 + 배출업소·폐기물 v2 override 판 / 취약시설: 어린이집·경로당·지역아동센터 + 장애인복지관). geo_level=point 한정
CC0440,베베천사어린이집,어린이집,childcare,4812958000,석동,진해구,35.1583362044688,128.697305658077,133.7,133.7,5,11,21,5,11,21,1,5,3,2,2,2,2,1.0,1.0,1.0,2.0,0.0,398.1,96.41,203,563,360,scenario_stable_non_high,other,"300m 이내 배출원 위치 5개, 500m 이내 배출원 위치 11개, 500m 이내 대기 배출업소 1곳, 500m 이내 지정폐기물 배출사업장 2곳, 500m 이내 소각 처리 사업장 2곳, 최근접 배출원 134m",19.0,True,어린이집 정원(인가 기준). 실제 재원 인원·실제 노출 인원이 아님,산업·배출시설 공간 노출도,v4 (배출원: 전국 등록공장현황 2024-12-31 반영 5개 구 전역 + 배출업소·폐기물 v2 override 판 / 취약시설: 어린이집·경로당·지역아동센터 + 장애인복지관). geo_level=point 한정
CC0441,푸르지오어린이집,어린이집,childcare,4812958000,석동,진해구,35.160023400955,128.694910720334,100.7,100.7,6,8,17,6,8,17,1,3,2,1,1,1,2,1.0,1.0,1.0,2.0,0.0,530.7,117.76,325,710,385,scenario_stable_non_high,other,"300m 이내 배출원 위치 6개, 500m 이내 배출원 위치 8개, 500m 이내 대기 배출업소 1곳, 500m 이내 지정폐기물 배출사업장 1곳, 500m 이내 소각 처리 사업장 1곳, 최근접 배출원 101m",20.0,True,어린이집 정원(인가 기준). 실제 재원 인원·실제 노출 인원이 아님,산업·배출시설 공간 노출도,v4 (배출원: 전국 등록공장현황 2024-12-31 반영 5개 구 전역 + 배출업소·폐기물 v2 override 판 / 취약시설: 어린이집·경로당·지역아동센터 + 장애인복지관). geo_level=point 한정
CC0442,창원시립 여좌어린이집,어린이집,childcare,4812954000,여좌동,진해구,35.1580812629978,128.660267714881,417.3,417.3,0,1,12,0,1,12,1,0,0,0,0,0,0,,1.0,1.0,1.0,0.0,1181.9,55.21,1080,1291,211,scenario_stable_non_high,other,"500m 이내 배출원 위치 1개, 500m 이내 대기 배출업소 1곳, 최근접 배출원 417m",90.0,True,어린이집 정원(인가 기준). 실제 재원 인원·실제 노출 인원이 아님,산업·배출시설 공간 노출도,v4 (배출원: 전국 등록공장현황 2024-12-31 반영 5개 구 전역 + 배출업소·폐기물 v2 override 판 / 취약시설: 어린이집·경로당·지역아동센터 + 장애인복지관). geo_level=point 한정
CC0443,SK숲art 어린이집,어린이집,childcare,4812954000,여좌동,진해구,35.1579099885533,128.660730843495,372.8,372.8,0,1,12,0,1,12,1,0,0,0,0,0,0,,1.0,1.0,1.0,0.0,1160.3,46.44,1063,1254,191,scenario_stable_non_high,other,"500m 이내 배출원 위치 1개, 500m 이내 대기 배출업소 1곳, 최근접 배출원 373m",20.0,True,어린이집 정원(인가 기준). 실제 재원 인원·실제 노출 인원이 아님,산업·배출시설 공간 노출도,v4 (배출원: 전국 등록공장현황 2024-12-31 반영 5개 구 전역 + 배출업소·폐기물 v2 override 판 / 취약시설: 어린이집·경로당·지역아동센터 + 장애인복지관). geo_level=point 한정
CC0444,천사들의뜰어린이집,어린이집,childcare,4812954000,여좌동,진해구,35.1605189354407,128.661383406914,379.3,379.3,0,3,6,0,3,6,1,1,0,1,1,0,0,,1.0,1.0,1.0,0.0,1205.4,51.24,1098,1293,195,scenario_stable_non_high,other,"500m 이내 배출원 위치 3개, 500m 이내 대기 배출업소 1곳, 500m 이내 지정폐기물 배출사업장 1곳, 최근접 배출원 379m",20.0,True,어린이집 정원(인가 기준). 실제 재원 인원·실제 노출 인원이 아님,산업·배출시설 공간 노출도,v4 (배출원: 전국 등록공장현황 2024-12-31 반영 5개 구 전역 + 배출업소·폐기물 v2 override 판 / 취약시설: 어린이집·경로당·지역아동센터 + 장애인복지관). geo_level=point 한정
CC0446,창원시립 은성어린이집,어린이집,childcare,4812964000,웅동1동,진해구,35.1274641062532,128.781945867268,384.1,384.1,0,2,55,0,4,67,0,2,0,0,0,0,2,,2.0,1.218,3.0,0.0,699.1,209.34,438,1051,613,scenario_stable_non_high,other,"500m 이내 배출원 위치 2개, 최근접 배출원 384m",32.0,True,어린이집 정원(인가 기준). 실제 재원 인원·실제 노출 인원이 아님,산업·배출시설 공간 노출도,v4 (배출원: 전국 등록공장현황 2024-12-31 반영 5개 구 전역 + 배출업소·폐기물 v2 override 판 / 취약시설: 어린이집·경로당·지역아동센터 + 장애인복지관). geo_level=point 한정
CC0447,배화어린이집,어린이집,childcare,4812964000,웅동1동,진해구,35.1142211356642,128.795934803992,179.0,179.0,2,7,38,2,7,44,2,3,0,1,1,0,1,1.0,1.0,1.158,3.0,0.0,501.3,56.77,403,639,236,scenario_stable_non_high,other,"300m 이내 배출원 위치 2개, 500m 이내 배출원 위치 7개, 500m 이내 대기 배출업소 2곳, 500m 이내 지정폐기물 배출사업장 1곳, 최근접 배출원 179m",157.0,True,어린이집 정원(인가 기준). 실제 재원 인원·실제 노출 인원이 아님,산업·배출시설 공간 노출도,v4 (배출원: 전국 등록공장현황 2024-12-31 반영 5개 구 전역 + 배출업소·폐기물 v2 override 판 / 취약시설: 어린이집·경로당·지역아동센터 + 장애인복지관). geo_level=point 한정
CC0450,창원시립 용원어린이집,어린이집,childcare,4812965000,웅동2동,진해구,35.0964360429616,128.819287632432,234.1,234.1,2,5,12,2,6,13,0,3,0,3,3,2,0,1.0,1.2,1.083,5.0,0.0,810.0,78.4,679,980,301,scenario_stable_non_high,other,"300m 이내 배출원 위치 2개, 500m 이내 배출원 위치 5개, 500m 이내 지정폐기물 배출사업장 3곳, 500m 이내 소각 처리 사업장 2곳, 최근접 배출원 234m",118.0,True,어린이집 정원(인가 기준). 실제 재원 인원·실제 노출 인원이 아님,산업·배출시설 공간 노출도,v4 (배출원: 전국 등록공장현황 2024-12-31 반영 5개 구 전역 + 배출업소·폐기물 v2 override 판 / 취약시설: 어린이집·경로당·지역아동센터 + 장애인복지관). geo_level=point 한정
CC0451,꽃뜰에어린이집,어린이집,childcare,4812965000,웅동2동,진해구,35.1040563285066,128.81522551795,134.4,134.4,1,4,13,2,5,14,1,4,2,2,2,0,3,2.0,1.25,1.077,5.0,0.0,476.4,157.82,172,740,568,scenario_stable_non_high,other,"300m 이내 배출원 위치 1개, 500m 이내 배출원 위치 4개, 500m 이내 대기 배출업소 1곳, 500m 이내 지정폐기물 배출사업장 2곳, 최근접 배출원 134m",90.0,True,어린이집 정원(인가 기준). 실제 재원 인원·실제 노출 인원이 아님,산업·배출시설 공간 노출도,v4 (배출원: 전국 등록공장현황 2024-12-31 반영 5개 구 전역 + 배출업소·폐기물 v2 override 판 / 취약시설: 어린이집·경로당·지역아동센터 + 장애인복지관). geo_level=point 한정
CC0452,더푸르지오어린이집,어린이집,childcare,4812965000,웅동2동,진해구,35.0982022920565,128.806425893017,490.7,490.7,0,2,4,0,2,4,0,1,0,0,0,0,1,,1.0,1.0,5.0,0.0,1457.0,12.32,1432,1474,42,scenario_stable_non_high,other,"500m 이내 배출원 위치 2개, 최근접 배출원 491m",58.0,True,어린이집 정원(인가 기준). 실제 재원 인원·실제 노출 인원이 아님,산업·배출시설 공간 노출도,v4 (배출원: 전국 등록공장현황 2024-12-31 반영 5개 구 전역 + 배출업소·폐기물 v2 override 판 / 취약시설: 어린이집·경로당·지역아동센터 + 장애인복지관). geo_level=point 한정
CC0453,맑은샘어린이집,어린이집,childcare,4812965000,웅동2동,진해구,35.1072939783225,128.8056063021,208.0,208.0,4,6,12,4,6,13,3,3,1,1,1,0,1,1.0,1.0,1.083,5.0,0.0,622.6,95.42,414,850,436,scenario_stable_non_high,other,"300m 이내 배출원 위치 4개, 500m 이내 배출원 위치 6개, 500m 이내 대기 배출업소 3곳, 500m 이내 지정폐기물 배출사업장 1곳, 최근접 배출원 208m",26.0,True,어린이집 정원(인가 기준). 실제 재원 인원·실제 노출 인원이 아님,산업·배출시설 공간 노출도,v4 (배출원: 전국 등록공장현황 2024-12-31 반영 5개 구 전역 + 배출업소·폐기물 v2 override 판 / 취약시설: 어린이집·경로당·지역아동센터 + 장애인복지관). geo_level=point 한정
CC0454,바다별어린이집,어린이집,childcare,4812965000,웅동2동,진해구,35.0995591263729,128.802469337979,452.4,452.4,0,1,4,0,1,4,0,1,0,0,0,0,0,,1.0,1.0,5.0,0.0,1482.3,6.35,1468,1493,25,scenario_stable_non_high,other,"500m 이내 배출원 위치 1개, 최근접 배출원 452m",56.0,True,어린이집 정원(인가 기준). 실제 재원 인원·실제 노출 인원이 아님,산업·배출시설 공간 노출도,v4 (배출원: 전국 등록공장현황 2024-12-31 반영 5개 구 전역 + 배출업소·폐기물 v2 override 판 / 취약시설: 어린이집·경로당·지역아동센터 + 장애인복지관). geo_level=point 한정
CC0455,부산신항 5단지 부영사랑으로어린이집,어린이집,childcare,4812965000,웅동2동,진해구,35.0871428318353,128.805760585816,862.7,862.7,0,0,2,0,0,2,0,0,0,0,0,0,0,,,1.0,5.0,0.0,1547.4,4.11,1540,1551,11,scenario_stable_non_high,other,1km 이내 배출원 없음 (최근접 863m),27.0,True,어린이집 정원(인가 기준). 실제 재원 인원·실제 노출 인원이 아님,산업·배출시설 공간 노출도,v4 (배출원: 전국 등록공장현황 2024-12-31 반영 5개 구 전역 + 배출업소·폐기물 v2 override 판 / 취약시설: 어린이집·경로당·지역아동센터 + 장애인복지관). geo_level=point 한정
CC0456,부산신항 6단지 부영사랑으로어린이집,어린이집,childcare,4812965000,웅동2동,진해구,35.088425104509,128.807585352892,930.3,930.3,0,0,1,0,0,1,0,0,0,0,0,0,0,,,1.0,5.0,0.0,1552.6,0.66,1551,1553,2,scenario_stable_non_high,other,1km 이내 배출원 없음 (최근접 930m),40.0,True,어린이집 정원(인가 기준). 실제 재원 인원·실제 노출 인원이 아님,산업·배출시설 공간 노출도,v4 (배출원: 전국 등록공장현황 2024-12-31 반영 5개 구 전역 + 배출업소·폐기물 v2 override 판 / 취약시설: 어린이집·경로당·지역아동센터 + 장애인복지관). geo_level=point 한정
CC0457,부산신항13단지부영사랑으로어린이집,어린이집,childcare,4812965000,웅동2동,진해구,35.0902903502679,128.816141229598,373.5,373.5,0,1,3,0,2,4,0,0,0,2,2,1,0,,2.0,1.333,5.0,0.0,1203.1,111.12,979,1370,391,scenario_stable_non_high,other,"500m 이내 배출원 위치 1개, 500m 이내 지정폐기물 배출사업장 2곳, 500m 이내 소각 처리 사업장 1곳, 최근접 배출원 374m",40.0,True,어린이집 정원(인가 기준). 실제 재원 인원·실제 노출 인원이 아님,산업·배출시설 공간 노출도,v4 (배출원: 전국 등록공장현황 2024-12-31 반영 5개 구 전역 + 배출업소·폐기물 v2 override 판 / 취약시설: 어린이집·경로당·지역아동센터 + 장애인복지관). geo_level=point 한정
CC0458,부산신항2단지 부영사랑으로어린이집,어린이집,childcare,4812965000,웅동2동,진해구,35.0892769441624,128.801209394839,552.5,552.5,0,0,4,0,0,5,0,0,0,0,0,0,0,,,1.25,5.0,0.0,1367.2,80.49,1174,1449,275,scenario_stable_non_high,other,1km 이내 배출원 없음 (최근접 552m),32.0,True,어린이집 정원(인가 기준). 실제 재원 인원·실제 노출 인원이 아님,산업·배출시설 공간 노출도,v4 (배출원: 전국 등록공장현황 2024-12-31 반영 5개 구 전역 + 배출업소·폐기물 v2 override 판 / 취약시설: 어린이집·경로당·지역아동센터 + 장애인복지관). geo_level=point 한정
CC0459,부산신항3단지부영 사랑으로 어린이집,어린이집,childcare,4812965000,웅동2동,진해구,35.0881711662718,128.801966277844,552.2,552.2,0,0,4,0,0,5,0,0,0,0,0,0,0,,,1.25,5.0,0.0,1409.6,67.87,1252,1490,238,scenario_stable_non_high,other,1km 이내 배출원 없음 (최근접 552m),33.0,True,어린이집 정원(인가 기준). 실제 재원 인원·실제 노출 인원이 아님,산업·배출시설 공간 노출도,v4 (배출원: 전국 등록공장현황 2024-12-31 반영 5개 구 전역 + 배출업소·폐기물 v2 override 판 / 취약시설: 어린이집·경로당·지역아동센터 + 장애인복지관). geo_level=point 한정
CC0460,부산신항4단지부영 사랑으로 어린이집,어린이집,childcare,4812965000,웅동2동,진해구,35.0871962704687,128.801781573086,504.6,504.6,0,0,4,0,0,5,0,0,0,0,0,0,0,,,1.25,5.0,0.0,1420.5,63.36,1283,1492,209,scenario_stable_non_high,other,1km 이내 배출원 없음 (최근접 505m),33.0,True,어린이집 정원(인가 기준). 실제 재원 인원·실제 노출 인원이 아님,산업·배출시설 공간 노출도,v4 (배출원: 전국 등록공장현황 2024-12-31 반영 5개 구 전역 + 배출업소·폐기물 v2 override 판 / 취약시설: 어린이집·경로당·지역아동센터 + 장애인복지관). geo_level=point 한정
CC0461,부산신항8단지 부영사랑으로어린이집,어린이집,childcare,4812965000,웅동2동,진해구,35.0899472255603,128.811692686232,737.3,737.3,0,0,2,0,0,3,0,0,0,0,0,0,0,,,1.5,5.0,0.0,1464.7,34.25,1386,1509,123,scenario_stable_non_high,other,1km 이내 배출원 없음 (최근접 737m),40.0,True,어린이집 정원(인가 기준). 실제 재원 인원·실제 노출 인원이 아님,산업·배출시설 공간 노출도,v4 (배출원: 전국 등록공장현황 2024-12-31 반영 5개 구 전역 + 배출업소·폐기물 v2 override 판 / 취약시설: 어린이집·경로당·지역아동센터 + 장애인복지관). geo_level=point 한정
CC0462,크니크니어린이집,어린이집,childcare,4812965000,웅동2동,진해구,35.0884070696793,128.811498208724,835.9,835.9,0,0,2,0,0,3,0,0,0,0,0,0,0,,,1.5,5.0,0.0,1487.7,33.41,1425,1538,113,scenario_stable_non_high,other,1km 이내 배출원 없음 (최근접 836m),31.0,True,어린이집 정원(인가 기준). 실제 재원 인원·실제 노출 인원이 아님,산업·배출시설 공간 노출도,v4 (배출원: 전국 등록공장현황 2024-12-31 반영 5개 구 전역 + 배출업소·폐기물 v2 override 판 / 취약시설: 어린이집·경로당·지역아동센터 + 장애인복지관). geo_level=point 한정
CC0463,하늘별꽃어린이집,어린이집,childcare,4812965000,웅동2동,진해구,35.0866063758344,128.81148436633,963.1,963.1,0,0,1,0,0,2,0,0,0,0,0,0,0,,,2.0,5.0,0.0,1514.8,31.25,1438,1546,108,scenario_stable_non_high,other,1km 이내 배출원 없음 (최근접 963m),31.0,True,어린이집 정원(인가 기준). 실제 재원 인원·실제 노출 인원이 아님,산업·배출시설 공간 노출도,v4 (배출원: 전국 등록공장현황 2024-12-31 반영 5개 구 전역 + 배출업소·폐기물 v2 override 판 / 취약시설: 어린이집·경로당·지역아동센터 + 장애인복지관). geo_level=point 한정
CC0464,꼬맹이어린이집,어린이집,childcare,4812965000,웅동2동,진해구,35.1027228980049,128.818970062021,44.0,44.0,1,5,12,1,6,13,1,4,2,3,3,1,3,1.0,1.2,1.083,5.0,0.0,694.8,121.83,467,911,444,scenario_stable_non_high,other,"300m 이내 배출원 위치 1개, 500m 이내 배출원 위치 5개, 500m 이내 대기 배출업소 1곳, 500m 이내 지정폐기물 배출사업장 3곳, 500m 이내 소각 처리 사업장 1곳, 최근접 배출원 44m",20.0,True,어린이집 정원(인가 기준). 실제 재원 인원·실제 노출 인원이 아님,산업·배출시설 공간 노출도,v4 (배출원: 전국 등록공장현황 2024-12-31 반영 5개 구 전역 + 배출업소·폐기물 v2 override 판 / 취약시설: 어린이집·경로당·지역아동센터 + 장애인복지관). geo_level=point 한정
CC0465,꿈동산어린이집,어린이집,childcare,4812965000,웅동2동,진해구,35.0902903502679,128.816141229598,373.5,373.5,0,1,3,0,2,4,0,0,0,2,2,1,0,,2.0,1.333,5.0,0.0,1203.1,111.12,979,1370,391,scenario_stable_non_high,other,"500m 이내 배출원 위치 1개, 500m 이내 지정폐기물 배출사업장 2곳, 500m 이내 소각 처리 사업장 1곳, 최근접 배출원 374m",19.0,True,어린이집 정원(인가 기준). 실제 재원 인원·실제 노출 인원이 아님,산업·배출시설 공간 노출도,v4 (배출원: 전국 등록공장현황 2024-12-31 반영 5개 구 전역 + 배출업소·폐기물 v2 override 판 / 취약시설: 어린이집·경로당·지역아동센터 + 장애인복지관). geo_level=point 한정
CC0466,꿈자람어린이집,어린이집,childcare,4812965000,웅동2동,진해구,35.0899472255603,128.811692686232,737.3,737.3,0,0,2,0,0,3,0,0,0,0,0,0,0,,,1.5,5.0,0.0,1464.7,34.25,1386,1509,123,scenario_stable_non_high,other,1km 이내 배출원 없음 (최근접 737m),15.0,True,어린이집 정원(인가 기준). 실제 재원 인원·실제 노출 인원이 아님,산업·배출시설 공간 노출도,v4 (배출원: 전국 등록공장현황 2024-12-31 반영 5개 구 전역 + 배출업소·폐기물 v2 override 판 / 취약시설: 어린이집·경로당·지역아동센터 + 장애인복지관). geo_level=point 한정
CC0467,동화숲어린이집,어린이집,childcare,4812965000,웅동2동,진해구,35.1034920124458,128.809184621804,344.1,344.1,0,2,12,0,2,13,0,1,0,0,0,0,1,,1.0,1.083,5.0,0.0,952.6,133.28,677,1147,470,scenario_stable_non_high,other,"500m 이내 배출원 위치 2개, 최근접 배출원 344m",19.0,True,어린이집 정원(인가 기준). 실제 재원 인원·실제 노출 인원이 아님,산업·배출시설 공간 노출도,v4 (배출원: 전국 등록공장현황 2024-12-31 반영 5개 구 전역 + 배출업소·폐기물 v2 override 판 / 취약시설: 어린이집·경로당·지역아동센터 + 장애인복지관). geo_level=point 한정
CC0468,리온어린이집,어린이집,childcare,4812965000,웅동2동,진해구,35.1046953181316,128.808767735968,406.2,406.2,0,3,12,0,3,13,1,1,1,1,1,0,2,,1.0,1.083,5.0,0.0,868.5,130.12,617,1094,477,scenario_stable_non_high,other,"500m 이내 배출원 위치 3개, 500m 이내 대기 배출업소 1곳, 500m 이내 지정폐기물 배출사업장 1곳, 최근접 배출원 406m",20.0,True,어린이집 정원(인가 기준). 실제 재원 인원·실제 노출 인원이 아님,산업·배출시설 공간 노출도,v4 (배출원: 전국 등록공장현황 2024-12-31 반영 5개 구 전역 + 배출업소·폐기물 v2 override 판 / 취약시설: 어린이집·경로당·지역아동센터 + 장애인복지관). geo_level=point 한정
CC0469,리치어린이집,어린이집,childcare,4812965000,웅동2동,진해구,35.1034920124458,128.809184621804,344.1,344.1,0,2,12,0,2,13,0,1,0,0,0,0,1,,1.0,1.083,5.0,0.0,952.6,133.28,677,1147,470,scenario_stable_non_high,other,"500m 이내 배출원 위치 2개, 최근접 배출원 344m",19.0,True,어린이집 정원(인가 기준). 실제 재원 인원·실제 노출 인원이 아님,산업·배출시설 공간 노출도,v4 (배출원: 전국 등록공장현황 2024-12-31 반영 5개 구 전역 + 배출업소·폐기물 v2 override 판 / 취약시설: 어린이집·경로당·지역아동센터 + 장애인복지관). geo_level=point 한정
CC0470,맑은숲어린이집,어린이집,childcare,4812965000,웅동2동,진해구,35.1074137350992,128.80601252301,169.4,169.4,4,6,12,4,6,13,3,3,1,1,1,0,1,1.0,1.0,1.083,5.0,0.0,583.8,100.61,414,819,405,scenario_stable_non_high,other,"300m 이내 배출원 위치 4개, 500m 이내 배출원 위치 6개, 500m 이내 대기 배출업소 3곳, 500m 이내 지정폐기물 배출사업장 1곳, 최근접 배출원 169m",13.0,True,어린이집 정원(인가 기준). 실제 재원 인원·실제 노출 인원이 아님,산업·배출시설 공간 노출도,v4 (배출원: 전국 등록공장현황 2024-12-31 반영 5개 구 전역 + 배출업소·폐기물 v2 override 판 / 취약시설: 어린이집·경로당·지역아동센터 + 장애인복지관). geo_level=point 한정
CC0471,솔로몬어린이집,어린이집,childcare,4812965000,웅동2동,진해구,35.1074137350992,128.80601252301,169.4,169.4,4,6,12,4,6,13,3,3,1,1,1,0,1,1.0,1.0,1.083,5.0,0.0,583.8,100.61,414,819,405,scenario_stable_non_high,other,"300m 이내 배출원 위치 4개, 500m 이내 배출원 위치 6개, 500m 이내 대기 배출업소 3곳, 500m 이내 지정폐기물 배출사업장 1곳, 최근접 배출원 169m",13.0,True,어린이집 정원(인가 기준). 실제 재원 인원·실제 노출 인원이 아님,산업·배출시설 공간 노출도,v4 (배출원: 전국 등록공장현황 2024-12-31 반영 5개 구 전역 + 배출업소·폐기물 v2 override 판 / 취약시설: 어린이집·경로당·지역아동센터 + 장애인복지관). geo_level=point 한정
CC0472,아이뜰어린이집,어린이집,childcare,4812965000,웅동2동,진해구,35.1025928537448,128.806726860311,430.5,430.5,0,1,11,0,1,12,0,0,0,0,0,0,1,,1.0,1.091,5.0,0.0,1180.4,93.81,1026,1334,308,scenario_stable_non_high,other,"500m 이내 배출원 위치 1개, 최근접 배출원 430m",19.0,True,어린이집 정원(인가 기준). 실제 재원 인원·실제 노출 인원이 아님,산업·배출시설 공간 노출도,v4 (배출원: 전국 등록공장현황 2024-12-31 반영 5개 구 전역 + 배출업소·폐기물 v2 override 판 / 취약시설: 어린이집·경로당·지역아동센터 + 장애인복지관). geo_level=point 한정
CC0473,아이마음 어린이집,어린이집,childcare,4812965000,웅동2동,진해구,35.1010641938856,128.806728102456,378.5,378.5,0,1,9,0,1,10,0,0,0,0,0,0,1,,1.0,1.111,5.0,0.0,1255.7,80.73,1142,1375,233,scenario_stable_non_high,other,"500m 이내 배출원 위치 1개, 최근접 배출원 378m",19.0,True,어린이집 정원(인가 기준). 실제 재원 인원·실제 노출 인원이 아님,산업·배출시설 공간 노출도,v4 (배출원: 전국 등록공장현황 2024-12-31 반영 5개 구 전역 + 배출업소·폐기물 v2 override 판 / 취약시설: 어린이집·경로당·지역아동센터 + 장애인복지관). geo_level=point 한정
CC0474,아이원어린이집,어린이집,childcare,4812965000,웅동2동,진해구,35.1043311473356,128.806549520447,430.4,430.4,0,2,10,0,2,11,2,1,1,0,0,0,1,,1.0,1.1,5.0,0.0,1063.2,67.45,921,1196,275,scenario_stable_non_high,other,"500m 이내 배출원 위치 2개, 500m 이내 대기 배출업소 2곳, 최근접 배출원 430m",13.0,True,어린이집 정원(인가 기준). 실제 재원 인원·실제 노출 인원이 아님,산업·배출시설 공간 노출도,v4 (배출원: 전국 등록공장현황 2024-12-31 반영 5개 구 전역 + 배출업소·폐기물 v2 override 판 / 취약시설: 어린이집·경로당·지역아동센터 + 장애인복지관). geo_level=point 한정
CC0475,아이조아 어린이집,어린이집,childcare,4812965000,웅동2동,진해구,35.0881711662718,128.801966277844,552.2,552.2,0,0,4,0,0,5,0,0,0,0,0,0,0,,,1.25,5.0,0.0,1409.6,67.87,1252,1490,238,scenario_stable_non_high,other,1km 이내 배출원 없음 (최근접 552m),19.0,True,어린이집 정원(인가 기준). 실제 재원 인원·실제 노출 인원이 아님,산업·배출시설 공간 노출도,v4 (배출원: 전국 등록공장현황 2024-12-31 반영 5개 구 전역 + 배출업소·폐기물 v2 override 판 / 취약시설: 어린이집·경로당·지역아동센터 + 장애인복지관). geo_level=point 한정
CC0476,예쁜꼬마어린이집,어린이집,childcare,4812965000,웅동2동,진해구,35.1010641938856,128.806728102456,378.5,378.5,0,1,9,0,1,10,0,0,0,0,0,0,1,,1.0,1.111,5.0,0.0,1255.7,80.73,1142,1375,233,scenario_stable_non_high,other,"500m 이내 배출원 위치 1개, 최근접 배출원 378m",19.0,True,어린이집 정원(인가 기준). 실제 재원 인원·실제 노출 인원이 아님,산업·배출시설 공간 노출도,v4 (배출원: 전국 등록공장현황 2024-12-31 반영 5개 구 전역 + 배출업소·폐기물 v2 override 판 / 취약시설: 어린이집·경로당·지역아동센터 + 장애인복지관). geo_level=point 한정
CC0477,일신아이뜰어린이집,어린이집,childcare,4812965000,웅동2동,진해구,35.1025928537448,128.806726860311,430.5,430.5,0,1,11,0,1,12,0,0,0,0,0,0,1,,1.0,1.091,5.0,0.0,1180.4,93.81,1026,1334,308,scenario_stable_non_high,other,"500m 이내 배출원 위치 1개, 최근접 배출원 430m",19.0,True,어린이집 정원(인가 기준). 실제 재원 인원·실제 노출 인원이 아님,산업·배출시설 공간 노출도,v4 (배출원: 전국 등록공장현황 2024-12-31 반영 5개 구 전역 + 배출업소·폐기물 v2 override 판 / 취약시설: 어린이집·경로당·지역아동센터 + 장애인복지관). geo_level=point 한정
CC0478,재미팡팡어린이집,어린이집,childcare,4812965000,웅동2동,진해구,35.1010641938856,128.806728102456,378.5,378.5,0,1,9,0,1,10,0,0,0,0,0,0,1,,1.0,1.111,5.0,0.0,1255.7,80.73,1142,1375,233,scenario_stable_non_high,other,"500m 이내 배출원 위치 1개, 최근접 배출원 378m",19.0,True,어린이집 정원(인가 기준). 실제 재원 인원·실제 노출 인원이 아님,산업·배출시설 공간 노출도,v4 (배출원: 전국 등록공장현황 2024-12-31 반영 5개 구 전역 + 배출업소·폐기물 v2 override 판 / 취약시설: 어린이집·경로당·지역아동센터 + 장애인복지관). geo_level=point 한정
CC0479,초록어린이집,어린이집,childcare,4812965000,웅동2동,진해구,35.1013899021377,128.805814365895,465.9,465.9,0,1,9,0,1,10,0,0,0,0,0,0,1,,1.0,1.111,5.0,0.0,1276.1,90.84,1144,1412,268,scenario_stable_non_high,other,"500m 이내 배출원 위치 1개, 최근접 배출원 466m",19.0,True,어린이집 정원(인가 기준). 실제 재원 인원·실제 노출 인원이 아님,산업·배출시설 공간 노출도,v4 (배출원: 전국 등록공장현황 2024-12-31 반영 5개 구 전역 + 배출업소·폐기물 v2 override 판 / 취약시설: 어린이집·경로당·지역아동센터 + 장애인복지관). geo_level=point 한정
CC0480,키즈맘어린이집,어린이집,childcare,4812965000,웅동2동,진해구,35.1025928537448,128.806726860311,430.5,430.5,0,1,11,0,1,12,0,0,0,0,0,0,1,,1.0,1.091,5.0,0.0,1180.4,93.81,1026,1334,308,scenario_stable_non_high,other,"500m 이내 배출원 위치 1개, 최근접 배출원 430m",20.0,True,어린이집 정원(인가 기준). 실제 재원 인원·실제 노출 인원이 아님,산업·배출시설 공간 노출도,v4 (배출원: 전국 등록공장현황 2024-12-31 반영 5개 구 전역 + 배출업소·폐기물 v2 override 판 / 취약시설: 어린이집·경로당·지역아동센터 + 장애인복지관). geo_level=point 한정
CC0481,해달별어린이집,어린이집,childcare,4812965000,웅동2동,진해구,35.0902903502679,128.816141229598,373.5,373.5,0,1,3,0,2,4,0,0,0,2,2,1,0,,2.0,1.333,5.0,0.0,1203.1,111.12,979,1370,391,scenario_stable_non_high,other,"500m 이내 배출원 위치 1개, 500m 이내 지정폐기물 배출사업장 2곳, 500m 이내 소각 처리 사업장 1곳, 최근접 배출원 374m",19.0,True,어린이집 정원(인가 기준). 실제 재원 인원·실제 노출 인원이 아님,산업·배출시설 공간 노출도,v4 (배출원: 전국 등록공장현황 2024-12-31 반영 5개 구 전역 + 배출업소·폐기물 v2 override 판 / 취약시설: 어린이집·경로당·지역아동센터 + 장애인복지관). geo_level=point 한정
CC0482,해담어린이집,어린이집,childcare,4812965000,웅동2동,진해구,35.0881711662718,128.801966277844,552.2,552.2,0,0,4,0,0,5,0,0,0,0,0,0,0,,,1.25,5.0,0.0,1409.6,67.87,1252,1490,238,scenario_stable_non_high,other,1km 이내 배출원 없음 (최근접 552m),19.0,True,어린이집 정원(인가 기준). 실제 재원 인원·실제 노출 인원이 아님,산업·배출시설 공간 노출도,v4 (배출원: 전국 등록공장현황 2024-12-31 반영 5개 구 전역 + 배출업소·폐기물 v2 override 판 / 취약시설: 어린이집·경로당·지역아동센터 + 장애인복지관). geo_level=point 한정
CC0483,힐링어린이집,어린이집,childcare,4812965000,웅동2동,진해구,35.1043311473356,128.806549520447,430.4,430.4,0,2,10,0,2,11,2,1,1,0,0,0,1,,1.0,1.1,5.0,0.0,1063.2,67.45,921,1196,275,scenario_stable_non_high,other,"500m 이내 배출원 위치 2개, 500m 이내 대기 배출업소 2곳, 최근접 배출원 430m",13.0,True,어린이집 정원(인가 기준). 실제 재원 인원·실제 노출 인원이 아님,산업·배출시설 공간 노출도,v4 (배출원: 전국 등록공장현황 2024-12-31 반영 5개 구 전역 + 배출업소·폐기물 v2 override 판 / 취약시설: 어린이집·경로당·지역아동센터 + 장애인복지관). geo_level=point 한정
CC0484,창원시립 남문어린이집,어린이집,childcare,4812963000,웅천동,진해구,35.1041732778227,128.757084257176,479.8,479.8,0,2,7,0,2,7,0,0,0,0,0,0,2,,1.0,1.0,0.0,0.0,1411.5,8.34,1391,1423,32,scenario_stable_non_high,other,"500m 이내 배출원 위치 2개, 최근접 배출원 480m",65.0,True,어린이집 정원(인가 기준). 실제 재원 인원·실제 노출 인원이 아님,산업·배출시설 공간 노출도,v4 (배출원: 전국 등록공장현황 2024-12-31 반영 5개 구 전역 + 배출업소·폐기물 v2 override 판 / 취약시설: 어린이집·경로당·지역아동센터 + 장애인복지관). geo_level=point 한정
CC0485,창원시립 남문프라디움어린이집,어린이집,childcare,4812963000,웅천동,진해구,35.104397616163,128.751154542871,346.1,346.1,0,3,20,0,3,24,0,0,0,0,0,0,3,,1.0,1.2,0.0,0.0,1042.2,58.6,942,1142,200,scenario_stable_non_high,other,"500m 이내 배출원 위치 3개, 최근접 배출원 346m",73.0,True,어린이집 정원(인가 기준). 실제 재원 인원·실제 노출 인원이 아님,산업·배출시설 공간 노출도,v4 (배출원: 전국 등록공장현황 2024-12-31 반영 5개 구 전역 + 배출업소·폐기물 v2 override 판 / 취약시설: 어린이집·경로당·지역아동센터 + 장애인복지관). geo_level=point 한정
CC0486,창원시립 리젠시빌어린이집,어린이집,childcare,4812963000,웅천동,진해구,35.1057426602422,128.75840214674,395.7,395.7,0,2,7,0,2,7,0,0,0,0,0,0,2,,1.0,1.0,0.0,0.0,1394.7,13.14,1367,1411,44,scenario_stable_non_high,other,"500m 이내 배출원 위치 2개, 최근접 배출원 396m",55.0,True,어린이집 정원(인가 기준). 실제 재원 인원·실제 노출 인원이 아님,산업·배출시설 공간 노출도,v4 (배출원: 전국 등록공장현황 2024-12-31 반영 5개 구 전역 + 배출업소·폐기물 v2 override 판 / 취약시설: 어린이집·경로당·지역아동센터 + 장애인복지관). geo_level=point 한정
CC0487,남문시티이화어린이집,어린이집,childcare,4812963000,웅천동,진해구,35.1070912166273,128.754648645509,117.1,117.1,2,3,17,2,3,20,0,0,0,0,0,0,3,1.0,1.0,1.176,0.0,0.0,1055.4,80.85,899,1140,241,scenario_stable_non_high,other,"300m 이내 배출원 위치 2개, 500m 이내 배출원 위치 3개, 최근접 배출원 117m",80.0,True,어린이집 정원(인가 기준). 실제 재원 인원·실제 노출 인원이 아님,산업·배출시설 공간 노출도,v4 (배출원: 전국 등록공장현황 2024-12-31 반영 5개 구 전역 + 배출업소·폐기물 v2 override 판 / 취약시설: 어린이집·경로당·지역아동센터 + 장애인복지관). geo_level=point 한정
CC0488,더웰어린이집,어린이집,childcare,4812963000,웅천동,진해구,35.1054556542878,128.756379871654,334.2,334.2,0,2,10,0,2,11,0,0,0,0,0,0,2,,1.0,1.1,0.0,0.0,1345.9,14.32,1317,1368,51,scenario_stable_non_high,other,"500m 이내 배출원 위치 2개, 최근접 배출원 334m",39.0,True,어린이집 정원(인가 기준). 실제 재원 인원·실제 노출 인원이 아님,산업·배출시설 공간 노출도,v4 (배출원: 전국 등록공장현황 2024-12-31 반영 5개 구 전역 + 배출업소·폐기물 v2 override 판 / 취약시설: 어린이집·경로당·지역아동센터 + 장애인복지관). geo_level=point 한정
CC0489,무지개어린이집,어린이집,childcare,4812963000,웅천동,진해구,35.1102539788812,128.74743120377,391.9,391.9,0,7,21,0,9,25,1,1,0,0,0,0,7,,1.286,1.19,0.0,0.0,923.1,54.98,826,1004,178,scenario_stable_non_high,other,"500m 이내 배출원 위치 7개, 500m 이내 대기 배출업소 1곳, 최근접 배출원 392m",190.0,True,어린이집 정원(인가 기준). 실제 재원 인원·실제 노출 인원이 아님,산업·배출시설 공간 노출도,v4 (배출원: 전국 등록공장현황 2024-12-31 반영 5개 구 전역 + 배출업소·폐기물 v2 override 판 / 취약시설: 어린이집·경로당·지역아동센터 + 장애인복지관). geo_level=point 한정
CC0490,꽃길어린이집,어린이집,childcare,4812963000,웅천동,진해구,35.104397616163,128.751154542871,346.1,346.1,0,3,20,0,3,24,0,0,0,0,0,0,3,,1.0,1.2,0.0,0.0,1042.2,58.6,942,1142,200,scenario_stable_non_high,other,"500m 이내 배출원 위치 3개, 최근접 배출원 346m",19.0,True,어린이집 정원(인가 기준). 실제 재원 인원·실제 노출 인원이 아님,산업·배출시설 공간 노출도,v4 (배출원: 전국 등록공장현황 2024-12-31 반영 5개 구 전역 + 배출업소·폐기물 v2 override 판 / 취약시설: 어린이집·경로당·지역아동센터 + 장애인복지관). geo_level=point 한정
CC0491,남문시티어린이집,어린이집,childcare,4812963000,웅천동,진해구,35.1070912166273,128.754648645509,117.1,117.1,2,3,17,2,3,20,0,0,0,0,0,0,3,1.0,1.0,1.176,0.0,0.0,1055.4,80.85,899,1140,241,scenario_stable_non_high,other,"300m 이내 배출원 위치 2개, 500m 이내 배출원 위치 3개, 최근접 배출원 117m",13.0,True,어린이집 정원(인가 기준). 실제 재원 인원·실제 노출 인원이 아님,산업·배출시설 공간 노출도,v4 (배출원: 전국 등록공장현황 2024-12-31 반영 5개 구 전역 + 배출업소·폐기물 v2 override 판 / 취약시설: 어린이집·경로당·지역아동센터 + 장애인복지관). geo_level=point 한정
CC0492,남문햇살어린이집,어린이집,childcare,4812963000,웅천동,진해구,35.1070912166273,128.754648645509,117.1,117.1,2,3,17,2,3,20,0,0,0,0,0,0,3,1.0,1.0,1.176,0.0,0.0,1055.4,80.85,899,1140,241,scenario_stable_non_high,other,"300m 이내 배출원 위치 2개, 500m 이내 배출원 위치 3개, 최근접 배출원 117m",13.0,True,어린이집 정원(인가 기준). 실제 재원 인원·실제 노출 인원이 아님,산업·배출시설 공간 노출도,v4 (배출원: 전국 등록공장현황 2024-12-31 반영 5개 구 전역 + 배출업소·폐기물 v2 override 판 / 취약시설: 어린이집·경로당·지역아동센터 + 장애인복지관). geo_level=point 한정
CC0493,시티행복어린이집,어린이집,childcare,4812963000,웅천동,진해구,35.104397616163,128.751154542871,346.1,346.1,0,3,20,0,3,24,0,0,0,0,0,0,3,,1.0,1.2,0.0,0.0,1042.2,58.6,942,1142,200,scenario_stable_non_high,other,"500m 이내 배출원 위치 3개, 최근접 배출원 346m",19.0,True,어린이집 정원(인가 기준). 실제 재원 인원·실제 노출 인원이 아님,산업·배출시설 공간 노출도,v4 (배출원: 전국 등록공장현황 2024-12-31 반영 5개 구 전역 + 배출업소·폐기물 v2 override 판 / 취약시설: 어린이집·경로당·지역아동센터 + 장애인복지관). geo_level=point 한정
CC0494,아이사랑어린이집,어린이집,childcare,4812959000,이동,진해구,35.1515755669244,128.693526028803,121.7,121.7,3,9,24,3,9,24,1,4,0,4,4,1,1,1.0,1.0,1.0,1.0,0.0,402.1,83.66,250,548,298,scenario_stable_non_high,other,"300m 이내 배출원 위치 3개, 500m 이내 배출원 위치 9개, 500m 이내 대기 배출업소 1곳, 500m 이내 지정폐기물 배출사업장 4곳, 500m 이내 소각 처리 사업장 1곳, 최근접 배출원 122m",20.0,True,어린이집 정원(인가 기준). 실제 재원 인원·실제 노출 인원이 아님,산업·배출시설 공간 노출도,v4 (배출원: 전국 등록공장현황 2024-12-31 반영 5개 구 전역 + 배출업소·폐기물 v2 override 판 / 취약시설: 어린이집·경로당·지역아동센터 + 장애인복지관). geo_level=point 한정
CC0495,창원시립 자은센트럴어린이집,어린이집,childcare,4812960000,자은동,진해구,35.1568403727538,128.716966465809,135.4,135.4,1,1,7,1,1,8,1,0,0,0,0,0,0,1.0,1.0,1.143,0.0,0.0,1218.9,149.13,917,1348,431,scenario_stable_non_high,other,"300m 이내 배출원 위치 1개, 500m 이내 배출원 위치 1개, 500m 이내 대기 배출업소 1곳, 최근접 배출원 135m",73.0,True,어린이집 정원(인가 기준). 실제 재원 인원·실제 노출 인원이 아님,산업·배출시설 공간 노출도,v4 (배출원: 전국 등록공장현황 2024-12-31 반영 5개 구 전역 + 배출업소·폐기물 v2 override 판 / 취약시설: 어린이집·경로당·지역아동센터 + 장애인복지관). geo_level=point 한정
CC0496,창원시립 자은하늘닮어린이집,어린이집,childcare,4812960000,자은동,진해구,35.1558062247932,128.715108646567,311.2,311.2,0,3,9,0,4,10,1,0,0,0,0,0,3,,1.333,1.111,0.0,0.0,1239.8,49.2,1134,1318,184,scenario_stable_non_high,other,"500m 이내 배출원 위치 3개, 500m 이내 대기 배출업소 1곳, 최근접 배출원 311m",79.0,True,어린이집 정원(인가 기준). 실제 재원 인원·실제 노출 인원이 아님,산업·배출시설 공간 노출도,v4 (배출원: 전국 등록공장현황 2024-12-31 반영 5개 구 전역 + 배출업소·폐기물 v2 override 판 / 취약시설: 어린이집·경로당·지역아동센터 + 장애인복지관). geo_level=point 한정
CC0497,은혜영아전담어린이집,어린이집,childcare,4812960000,자은동,진해구,35.1485513836553,128.710333863602,81.9,81.9,2,4,19,2,4,20,0,2,0,0,0,0,2,1.0,1.0,1.053,0.0,0.0,950.5,81.9,796,1034,238,scenario_stable_non_high,other,"300m 이내 배출원 위치 2개, 500m 이내 배출원 위치 4개, 최근접 배출원 82m",39.0,True,어린이집 정원(인가 기준). 실제 재원 인원·실제 노출 인원이 아님,산업·배출시설 공간 노출도,v4 (배출원: 전국 등록공장현황 2024-12-31 반영 5개 구 전역 + 배출업소·폐기물 v2 override 판 / 취약시설: 어린이집·경로당·지역아동센터 + 장애인복지관). geo_level=point 한정
CC0498,발도르프예쁜어린이집,어린이집,childcare,4812960000,자은동,진해구,35.156451137133,128.709856400074,73.2,73.2,3,5,13,4,6,14,1,0,0,0,0,0,5,1.333,1.2,1.077,0.0,0.0,898.1,166.18,601,1058,457,scenario_stable_non_high,other,"300m 이내 배출원 위치 3개, 500m 이내 배출원 위치 5개, 500m 이내 대기 배출업소 1곳, 최근접 배출원 73m",49.0,True,어린이집 정원(인가 기준). 실제 재원 인원·실제 노출 인원이 아님,산업·배출시설 공간 노출도,v4 (배출원: 전국 등록공장현황 2024-12-31 반영 5개 구 전역 + 배출업소·폐기물 v2 override 판 / 취약시설: 어린이집·경로당·지역아동센터 + 장애인복지관). geo_level=point 한정
CC0499,에일린의뜰어린이집,어린이집,childcare,4812960000,자은동,진해구,35.1549258896153,128.72144396701,329.5,329.5,0,1,2,0,1,2,1,0,0,0,0,0,0,,1.0,1.0,0.0,0.0,1454.7,55.58,1333,1506,173,scenario_stable_non_high,other,"500m 이내 배출원 위치 1개, 500m 이내 대기 배출업소 1곳, 최근접 배출원 330m",39.0,True,어린이집 정원(인가 기준). 실제 재원 인원·실제 노출 인원이 아님,산업·배출시설 공간 노출도,v4 (배출원: 전국 등록공장현황 2024-12-31 반영 5개 구 전역 + 배출업소·폐기물 v2 override 판 / 취약시설: 어린이집·경로당·지역아동센터 + 장애인복지관). geo_level=point 한정
CC0500,예그리나어린이집,어린이집,childcare,4812960000,자은동,진해구,35.1463493290151,128.70965084018,262.6,262.6,1,7,16,1,7,16,0,6,0,0,0,0,1,1.0,1.0,1.0,0.0,0.0,1034.9,31.87,978,1100,122,scenario_stable_non_high,other,"300m 이내 배출원 위치 1개, 500m 이내 배출원 위치 7개, 최근접 배출원 263m",22.0,True,어린이집 정원(인가 기준). 실제 재원 인원·실제 노출 인원이 아님,산업·배출시설 공간 노출도,v4 (배출원: 전국 등록공장현황 2024-12-31 반영 5개 구 전역 + 배출업소·폐기물 v2 override 판 / 취약시설: 어린이집·경로당·지역아동센터 + 장애인복지관). geo_level=point 한정
CC0501,중흥솔가람어린이집,어린이집,childcare,4812960000,자은동,진해구,35.153955027922,128.717073828897,311.0,311.0,0,1,9,0,1,10,1,0,0,0,0,0,0,,1.0,1.111,0.0,0.0,1316.9,35.72,1240,1380,140,scenario_stable_non_high,other,"500m 이내 배출원 위치 1개, 500m 이내 대기 배출업소 1곳, 최근접 배출원 311m",39.0,True,어린이집 정원(인가 기준). 실제 재원 인원·실제 노출 인원이 아님,산업·배출시설 공간 노출도,v4 (배출원: 전국 등록공장현황 2024-12-31 반영 5개 구 전역 + 배출업소·폐기물 v2 override 판 / 취약시설: 어린이집·경로당·지역아동센터 + 장애인복지관). geo_level=point 한정
CC0502,프라임크로바어린이집,어린이집,childcare,4812960000,자은동,진해구,35.1523028750199,128.719274312333,476.3,476.3,0,1,8,0,1,9,1,0,0,0,0,0,0,,1.0,1.125,0.0,0.0,1417.0,27.28,1368,1461,93,scenario_stable_non_high,other,"500m 이내 배출원 위치 1개, 500m 이내 대기 배출업소 1곳, 최근접 배출원 476m",73.0,True,어린이집 정원(인가 기준). 실제 재원 인원·실제 노출 인원이 아님,산업·배출시설 공간 노출도,v4 (배출원: 전국 등록공장현황 2024-12-31 반영 5개 구 전역 + 배출업소·폐기물 v2 override 판 / 취약시설: 어린이집·경로당·지역아동센터 + 장애인복지관). geo_level=point 한정
CC0503,하늘소어린이집,어린이집,childcare,4812960000,자은동,진해구,35.1501147562851,128.709004429246,110.9,110.9,2,5,21,2,5,22,0,2,0,0,0,0,3,1.0,1.0,1.048,0.0,0.0,886.5,73.68,736,978,242,scenario_stable_non_high,other,"300m 이내 배출원 위치 2개, 500m 이내 배출원 위치 5개, 최근접 배출원 111m",79.0,True,어린이집 정원(인가 기준). 실제 재원 인원·실제 노출 인원이 아님,산업·배출시설 공간 노출도,v4 (배출원: 전국 등록공장현황 2024-12-31 반영 5개 구 전역 + 배출업소·폐기물 v2 override 판 / 취약시설: 어린이집·경로당·지역아동센터 + 장애인복지관). geo_level=point 한정
CC0504,사랑별어린이집,어린이집,childcare,4812960000,자은동,진해구,35.1523028750199,128.719274312333,476.3,476.3,0,1,8,0,1,9,1,0,0,0,0,0,0,,1.0,1.125,0.0,0.0,1417.0,27.28,1368,1461,93,scenario_stable_non_high,other,"500m 이내 배출원 위치 1개, 500m 이내 대기 배출업소 1곳, 최근접 배출원 476m",19.0,True,어린이집 정원(인가 기준). 실제 재원 인원·실제 노출 인원이 아님,산업·배출시설 공간 노출도,v4 (배출원: 전국 등록공장현황 2024-12-31 반영 5개 구 전역 + 배출업소·폐기물 v2 override 판 / 취약시설: 어린이집·경로당·지역아동센터 + 장애인복지관). geo_level=point 한정
CC0505,생태친화어린이집,어린이집,childcare,4812960000,자은동,진해구,35.1533263512442,128.715164344887,399.2,399.2,0,3,10,0,3,11,1,0,0,0,0,0,2,,1.0,1.1,0.0,0.0,1255.0,19.14,1219,1298,79,scenario_stable_non_high,other,"500m 이내 배출원 위치 3개, 500m 이내 대기 배출업소 1곳, 최근접 배출원 399m",16.0,True,어린이집 정원(인가 기준). 실제 재원 인원·실제 노출 인원이 아님,산업·배출시설 공간 노출도,v4 (배출원: 전국 등록공장현황 2024-12-31 반영 5개 구 전역 + 배출업소·폐기물 v2 override 판 / 취약시설: 어린이집·경로당·지역아동센터 + 장애인복지관). geo_level=point 한정
CC0506,아이스토리어린이집,어린이집,childcare,4812960000,자은동,진해구,35.1526905191156,128.706372639006,48.8,48.8,2,7,24,2,7,25,1,1,0,0,0,0,5,1.0,1.0,1.042,0.0,0.0,695.0,27.05,651,750,99,scenario_stable_non_high,other,"300m 이내 배출원 위치 2개, 500m 이내 배출원 위치 7개, 500m 이내 대기 배출업소 1곳, 최근접 배출원 49m",19.0,True,어린이집 정원(인가 기준). 실제 재원 인원·실제 노출 인원이 아님,산업·배출시설 공간 노출도,v4 (배출원: 전국 등록공장현황 2024-12-31 반영 5개 구 전역 + 배출업소·폐기물 v2 override 판 / 취약시설: 어린이집·경로당·지역아동센터 + 장애인복지관). geo_level=point 한정
CC0507,창원시립 신흥어린이집,어린이집,childcare,4812953000,충무동,진해구,35.1453997940548,128.656591342612,278.1,278.1,1,4,17,1,4,17,1,3,0,0,0,0,0,1.0,1.0,1.0,3.0,0.0,937.3,42.69,840,997,157,scenario_stable_non_high,other,"300m 이내 배출원 위치 1개, 500m 이내 배출원 위치 4개, 500m 이내 대기 배출업소 1곳, 최근접 배출원 278m",98.0,True,어린이집 정원(인가 기준). 실제 재원 인원·실제 노출 인원이 아님,산업·배출시설 공간 노출도,v4 (배출원: 전국 등록공장현황 2024-12-31 반영 5개 구 전역 + 배출업소·폐기물 v2 override 판 / 취약시설: 어린이집·경로당·지역아동센터 + 장애인복지관). geo_level=point 한정
CC0508,글로리아어린이집,어린이집,childcare,4812953000,충무동,진해구,35.1447703920302,128.668227458996,242.4,242.4,4,7,26,4,7,27,0,5,0,1,1,0,1,1.0,1.0,1.038,3.0,0.0,613.0,57.4,497,730,233,scenario_stable_non_high,other,"300m 이내 배출원 위치 4개, 500m 이내 배출원 위치 7개, 500m 이내 지정폐기물 배출사업장 1곳, 최근접 배출원 242m",98.0,True,어린이집 정원(인가 기준). 실제 재원 인원·실제 노출 인원이 아님,산업·배출시설 공간 노출도,v4 (배출원: 전국 등록공장현황 2024-12-31 반영 5개 구 전역 + 배출업소·폐기물 v2 override 판 / 취약시설: 어린이집·경로당·지역아동센터 + 장애인복지관). geo_level=point 한정
CC0510,궁전어린이집,어린이집,childcare,4812953000,충무동,진해구,35.1447908423591,128.664532799324,83.7,83.7,5,7,26,5,7,27,0,7,0,0,0,0,0,1.0,1.0,1.038,3.0,0.0,517.6,82.84,356,641,285,scenario_stable_non_high,other,"300m 이내 배출원 위치 5개, 500m 이내 배출원 위치 7개, 최근접 배출원 84m",20.0,True,어린이집 정원(인가 기준). 실제 재원 인원·실제 노출 인원이 아님,산업·배출시설 공간 노출도,v4 (배출원: 전국 등록공장현황 2024-12-31 반영 5개 구 전역 + 배출업소·폐기물 v2 override 판 / 취약시설: 어린이집·경로당·지역아동센터 + 장애인복지관). geo_level=point 한정
CC0511,오션빌해군어린이집,어린이집,childcare,4812953000,충무동,진해구,35.1542908334211,128.654150267553,277.3,277.3,1,4,11,1,4,11,0,0,0,1,1,0,3,1.0,1.0,1.0,3.0,0.0,1053.5,51.94,968,1158,190,scenario_stable_non_high,other,"300m 이내 배출원 위치 1개, 500m 이내 배출원 위치 4개, 500m 이내 지정폐기물 배출사업장 1곳, 최근접 배출원 277m",80.0,True,어린이집 정원(인가 기준). 실제 재원 인원·실제 노출 인원이 아님,산업·배출시설 공간 노출도,v4 (배출원: 전국 등록공장현황 2024-12-31 반영 5개 구 전역 + 배출업소·폐기물 v2 override 판 / 취약시설: 어린이집·경로당·지역아동센터 + 장애인복지관). geo_level=point 한정
CC0512,숙명어린이집,어린이집,childcare,4812955000,태백동,진해구,35.157658812662,128.674444897904,500.7,500.7,0,0,17,0,0,17,0,0,0,0,0,0,0,,,1.0,1.0,0.0,1200.8,75.01,1080,1325,245,scenario_stable_non_high,other,1km 이내 배출원 없음 (최근접 501m),93.0,True,어린이집 정원(인가 기준). 실제 재원 인원·실제 노출 인원이 아님,산업·배출시설 공간 노출도,v4 (배출원: 전국 등록공장현황 2024-12-31 반영 5개 구 전역 + 배출업소·폐기물 v2 override 판 / 취약시설: 어린이집·경로당·지역아동센터 + 장애인복지관). geo_level=point 한정
CC0514,풍호은성영아전담어린이집,어린이집,childcare,4812962000,풍호동,진해구,35.1357845492038,128.706049889867,90.4,90.4,6,8,27,7,9,34,1,5,0,1,1,1,4,1.167,1.125,1.259,3.0,0.0,358.3,46.34,279,438,159,scenario_stable_non_high,other,"300m 이내 배출원 위치 6개, 500m 이내 배출원 위치 8개, 500m 이내 대기 배출업소 1곳, 500m 이내 지정폐기물 배출사업장 1곳, 500m 이내 소각 처리 사업장 1곳, 최근접 배출원 90m",49.0,True,어린이집 정원(인가 기준). 실제 재원 인원·실제 노출 인원이 아님,산업·배출시설 공간 노출도,v4 (배출원: 전국 등록공장현황 2024-12-31 반영 5개 구 전역 + 배출업소·폐기물 v2 override 판 / 취약시설: 어린이집·경로당·지역아동센터 + 장애인복지관). geo_level=point 한정
CC0516,마린빅스맘어린이집,어린이집,childcare,4812962000,풍호동,진해구,35.1313005627606,128.706352028528,154.9,154.9,2,7,24,2,9,31,5,3,0,2,2,2,1,1.0,1.286,1.292,3.0,0.0,332.5,60.49,228,444,216,scenario_stable_non_high,other,"300m 이내 배출원 위치 2개, 500m 이내 배출원 위치 7개, 500m 이내 대기 배출업소 5곳, 500m 이내 지정폐기물 배출사업장 2곳, 500m 이내 소각 처리 사업장 2곳, 최근접 배출원 155m",33.0,True,어린이집 정원(인가 기준). 실제 재원 인원·실제 노출 인원이 아님,산업·배출시설 공간 노출도,v4 (배출원: 전국 등록공장현황 2024-12-31 반영 5개 구 전역 + 배출업소·폐기물 v2 override 판 / 취약시설: 어린이집·경로당·지역아동센터 + 장애인복지관). geo_level=point 한정
CC0517,조이어린이집,어린이집,childcare,4812962000,풍호동,진해구,35.1355659204001,128.709706170674,84.3,84.3,4,6,18,5,9,22,2,3,0,1,1,1,3,1.25,1.5,1.222,3.0,0.0,584.6,61.01,478,662,184,scenario_stable_non_high,other,"300m 이내 배출원 위치 4개, 500m 이내 배출원 위치 6개, 500m 이내 대기 배출업소 2곳, 500m 이내 지정폐기물 배출사업장 1곳, 500m 이내 소각 처리 사업장 1곳, 최근접 배출원 84m",161.0,True,어린이집 정원(인가 기준). 실제 재원 인원·실제 노출 인원이 아님,산업·배출시설 공간 노출도,v4 (배출원: 전국 등록공장현황 2024-12-31 반영 5개 구 전역 + 배출업소·폐기물 v2 override 판 / 취약시설: 어린이집·경로당·지역아동센터 + 장애인복지관). geo_level=point 한정
CC0518,파랑새어린이집,어린이집,childcare,4812962000,풍호동,진해구,35.137471381382,128.706113505562,179.9,179.9,5,9,21,6,10,25,1,6,0,1,1,1,4,1.2,1.111,1.19,3.0,0.0,566.3,20.38,525,612,87,scenario_stable_non_high,other,"300m 이내 배출원 위치 5개, 500m 이내 배출원 위치 9개, 500m 이내 대기 배출업소 1곳, 500m 이내 지정폐기물 배출사업장 1곳, 500m 이내 소각 처리 사업장 1곳, 최근접 배출원 180m",39.0,True,어린이집 정원(인가 기준). 실제 재원 인원·실제 노출 인원이 아님,산업·배출시설 공간 노출도,v4 (배출원: 전국 등록공장현황 2024-12-31 반영 5개 구 전역 + 배출업소·폐기물 v2 override 판 / 취약시설: 어린이집·경로당·지역아동센터 + 장애인복지관). geo_level=point 한정
CC0519,한신에코어린이집,어린이집,childcare,4812962000,풍호동,진해구,35.1296308710768,128.708320967188,75.4,75.4,4,5,25,6,7,31,4,1,0,1,1,1,1,1.5,1.4,1.24,3.0,0.0,262.1,57.48,172,381,209,scenario_stable_non_high,other,"300m 이내 배출원 위치 4개, 500m 이내 배출원 위치 5개, 500m 이내 대기 배출업소 4곳, 500m 이내 지정폐기물 배출사업장 1곳, 500m 이내 소각 처리 사업장 1곳, 최근접 배출원 75m",39.0,True,어린이집 정원(인가 기준). 실제 재원 인원·실제 노출 인원이 아님,산업·배출시설 공간 노출도,v4 (배출원: 전국 등록공장현황 2024-12-31 반영 5개 구 전역 + 배출업소·폐기물 v2 override 판 / 취약시설: 어린이집·경로당·지역아동센터 + 장애인복지관). geo_level=point 한정
CC0521,산새소리어린이집,어린이집,childcare,4812962000,풍호동,진해구,35.1386250695694,128.706117944269,243.9,243.9,3,10,22,4,11,26,0,7,0,0,0,0,4,1.333,1.1,1.182,3.0,0.0,677.9,40.33,638,758,120,scenario_stable_non_high,other,"300m 이내 배출원 위치 3개, 500m 이내 배출원 위치 10개, 최근접 배출원 244m",20.0,True,어린이집 정원(인가 기준). 실제 재원 인원·실제 노출 인원이 아님,산업·배출시설 공간 노출도,v4 (배출원: 전국 등록공장현황 2024-12-31 반영 5개 구 전역 + 배출업소·폐기물 v2 override 판 / 취약시설: 어린이집·경로당·지역아동센터 + 장애인복지관). geo_level=point 한정
CC0522,에코베베어린이집,어린이집,childcare,4812962000,풍호동,진해구,35.1379683321687,128.702736543517,164.2,164.2,3,7,26,4,9,33,2,6,0,1,1,1,3,1.333,1.286,1.269,3.0,0.0,579.5,64.15,460,676,216,scenario_stable_non_high,other,"300m 이내 배출원 위치 3개, 500m 이내 배출원 위치 7개, 500m 이내 대기 배출업소 2곳, 500m 이내 지정폐기물 배출사업장 1곳, 500m 이내 소각 처리 사업장 1곳, 최근접 배출원 164m",20.0,True,어린이집 정원(인가 기준). 실제 재원 인원·실제 노출 인원이 아님,산업·배출시설 공간 노출도,v4 (배출원: 전국 등록공장현황 2024-12-31 반영 5개 구 전역 + 배출업소·폐기물 v2 override 판 / 취약시설: 어린이집·경로당·지역아동센터 + 장애인복지관). geo_level=point 한정
CC0523,우성루키어린이집,어린이집,childcare,4812962000,풍호동,진해구,35.1379683321687,128.702736543517,164.2,164.2,3,7,26,4,9,33,2,6,0,1,1,1,3,1.333,1.286,1.269,3.0,0.0,579.5,64.15,460,676,216,scenario_stable_non_high,other,"300m 이내 배출원 위치 3개, 500m 이내 배출원 위치 7개, 500m 이내 대기 배출업소 2곳, 500m 이내 지정폐기물 배출사업장 1곳, 500m 이내 소각 처리 사업장 1곳, 최근접 배출원 164m",19.0,True,어린이집 정원(인가 기준). 실제 재원 인원·실제 노출 인원이 아님,산업·배출시설 공간 노출도,v4 (배출원: 전국 등록공장현황 2024-12-31 반영 5개 구 전역 + 배출업소·폐기물 v2 override 판 / 취약시설: 어린이집·경로당·지역아동센터 + 장애인복지관). geo_level=point 한정
CH0001,덕산지역아동센터,지역아동센터,community_child_center,4812125000,동읍,의창구,35.279424162655,128.688321037012,79.2,79.2,4,8,17,4,9,21,1,1,0,1,0,1,6,1.0,1.125,1.235,2.0,0.0,570.8,123.67,343,723,380,scenario_stable_non_high,other,"300m 이내 배출원 위치 4개, 500m 이내 배출원 위치 8개, 500m 이내 대기 배출업소 1곳, 500m 이내 소각 처리 사업장 1곳, 최근접 배출원 79m",,False,해당 시설 유형에 인원 자료 없음,산업·배출시설 공간 노출도,v4 (배출원: 전국 등록공장현황 2024-12-31 반영 5개 구 전역 + 배출업소·폐기물 v2 override 판 / 취약시설: 어린이집·경로당·지역아동센터 + 장애인복지관). geo_level=point 한정
CH0002,영은지역아동센터,지역아동센터,community_child_center,4812125000,동읍,의창구,35.2744169350262,128.704660612446,145.3,145.3,3,3,7,3,3,8,0,0,0,0,0,0,3,1.0,1.0,1.143,2.0,0.0,1101.8,137.56,852,1259,407,scenario_stable_non_high,other,"300m 이내 배출원 위치 3개, 500m 이내 배출원 위치 3개, 최근접 배출원 145m",,False,해당 시설 유형에 인원 자료 없음,산업·배출시설 공간 노출도,v4 (배출원: 전국 등록공장현황 2024-12-31 반영 5개 구 전역 + 배출업소·폐기물 v2 override 판 / 취약시설: 어린이집·경로당·지역아동센터 + 장애인복지관). geo_level=point 한정
CH0003,사랑샘지역아동센터,지역아동센터,community_child_center,4812131000,북면,의창구,35.3079387531437,128.600058757323,91.5,91.5,4,6,24,9,11,31,0,1,0,0,0,0,10,2.25,1.833,1.292,5.0,0.0,752.9,39.24,665,824,159,scenario_stable_non_high,other,"300m 이내 배출원 위치 4개, 500m 이내 배출원 위치 6개, 최근접 배출원 92m",,False,해당 시설 유형에 인원 자료 없음,산업·배출시설 공간 노출도,v4 (배출원: 전국 등록공장현황 2024-12-31 반영 5개 구 전역 + 배출업소·폐기물 v2 override 판 / 취약시설: 어린이집·경로당·지역아동센터 + 장애인복지관). geo_level=point 한정
CH0004,창원행복한지역아동센터,지역아동센터,community_child_center,4812131000,북면,의창구,35.34729629398,128.608981837897,757.4,757.4,0,0,4,0,0,4,0,0,0,0,0,0,0,,,1.0,5.0,0.0,1503.9,29.45,1459,1543,84,scenario_stable_non_high,other,1km 이내 배출원 없음 (최근접 757m),,False,해당 시설 유형에 인원 자료 없음,산업·배출시설 공간 노출도,v4 (배출원: 전국 등록공장현황 2024-12-31 반영 5개 구 전역 + 배출업소·폐기물 v2 override 판 / 취약시설: 어린이집·경로당·지역아동센터 + 장애인복지관). geo_level=point 한정
CH0006,굳뉴스지역아동센터,지역아동센터,community_child_center,4812151000,의창동,의창구,35.265148101175,128.625123182022,39.1,39.1,5,14,32,5,15,34,0,5,0,1,0,1,10,1.0,1.071,1.062,4.0,0.0,483.3,68.16,341,598,257,scenario_stable_non_high,other,"300m 이내 배출원 위치 5개, 500m 이내 배출원 위치 14개, 500m 이내 소각 처리 사업장 1곳, 최근접 배출원 39m",,False,해당 시설 유형에 인원 자료 없음,산업·배출시설 공간 노출도,v4 (배출원: 전국 등록공장현황 2024-12-31 반영 5개 구 전역 + 배출업소·폐기물 v2 override 판 / 취약시설: 어린이집·경로당·지역아동센터 + 장애인복지관). geo_level=point 한정
CH0007,메아리지역아동센터,지역아동센터,community_child_center,4812151000,의창동,의창구,35.2675905834228,128.62822002178,186.3,186.3,3,7,22,3,7,24,0,1,0,0,0,0,6,1.0,1.0,1.091,4.0,0.0,872.5,45.04,742,937,195,scenario_stable_non_high,other,"300m 이내 배출원 위치 3개, 500m 이내 배출원 위치 7개, 최근접 배출원 186m",,False,해당 시설 유형에 인원 자료 없음,산업·배출시설 공간 노출도,v4 (배출원: 전국 등록공장현황 2024-12-31 반영 5개 구 전역 + 배출업소·폐기물 v2 override 판 / 취약시설: 어린이집·경로당·지역아동센터 + 장애인복지관). geo_level=point 한정
CH0008,여수룬지역아동센터,지역아동센터,community_child_center,4812151000,의창동,의창구,35.2637718059872,128.618585721311,147.9,147.9,5,18,42,6,21,45,0,12,0,1,0,0,8,1.2,1.167,1.071,4.0,0.0,380.9,30.77,316,437,121,scenario_stable_non_high,other,"300m 이내 배출원 위치 5개, 500m 이내 배출원 위치 18개, 최근접 배출원 148m",,False,해당 시설 유형에 인원 자료 없음,산업·배출시설 공간 노출도,v4 (배출원: 전국 등록공장현황 2024-12-31 반영 5개 구 전역 + 배출업소·폐기물 v2 override 판 / 취약시설: 어린이집·경로당·지역아동센터 + 장애인복지관). geo_level=point 한정
CH0009,은하수지역아동센터,지역아동센터,community_child_center,4812151000,의창동,의창구,35.2577526711655,128.599330735318,372.3,372.3,0,7,38,0,10,111,4,0,0,1,0,0,5,,1.429,2.921,4.0,0.0,549.6,212.14,339,927,588,scenario_stable_non_high,other,"500m 이내 배출원 위치 7개, 500m 이내 대기 배출업소 4곳, 최근접 배출원 372m",,False,해당 시설 유형에 인원 자료 없음,산업·배출시설 공간 노출도,v4 (배출원: 전국 등록공장현황 2024-12-31 반영 5개 구 전역 + 배출업소·폐기물 v2 override 판 / 취약시설: 어린이집·경로당·지역아동센터 + 장애인복지관). geo_level=point 한정
CH0010,해솔지역아동센터,지역아동센터,community_child_center,4812151000,의창동,의창구,35.2598999805423,128.59618835387,15.7,15.7,1,1,10,1,1,14,0,0,0,0,0,0,1,1.0,1.0,1.4,4.0,0.0,1101.4,137.34,844,1211,367,scenario_stable_non_high,other,"300m 이내 배출원 위치 1개, 500m 이내 배출원 위치 1개, 최근접 배출원 16m",,False,해당 시설 유형에 인원 자료 없음,산업·배출시설 공간 노출도,v4 (배출원: 전국 등록공장현황 2024-12-31 반영 5개 구 전역 + 배출업소·폐기물 v2 override 판 / 취약시설: 어린이집·경로당·지역아동센터 + 장애인복지관). geo_level=point 한정
CH0013,에디슨지역아동센터,지역아동센터,community_child_center,4812153000,명곡동,의창구,35.260640101209,128.638877542849,102.9,102.9,4,18,29,4,18,30,0,7,0,1,0,0,10,1.0,1.0,1.034,1.0,0.0,466.0,63.87,332,572,240,scenario_stable_non_high,other,"300m 이내 배출원 위치 4개, 500m 이내 배출원 위치 18개, 최근접 배출원 103m",,False,해당 시설 유형에 인원 자료 없음,산업·배출시설 공간 노출도,v4 (배출원: 전국 등록공장현황 2024-12-31 반영 5개 구 전역 + 배출업소·폐기물 v2 override 판 / 취약시설: 어린이집·경로당·지역아동센터 + 장애인복지관). geo_level=point 한정
CH0014,해피타임지역아동센터,지역아동센터,community_child_center,4812153000,명곡동,의창구,35.252727140256,128.638635710955,42.0,42.0,3,11,24,3,11,25,1,4,0,0,0,0,6,1.0,1.0,1.042,1.0,0.0,532.6,146.99,261,685,424,scenario_stable_non_high,other,"300m 이내 배출원 위치 3개, 500m 이내 배출원 위치 11개, 500m 이내 대기 배출업소 1곳, 최근접 배출원 42m",,False,해당 시설 유형에 인원 자료 없음,산업·배출시설 공간 노출도,v4 (배출원: 전국 등록공장현황 2024-12-31 반영 5개 구 전역 + 배출업소·폐기물 v2 override 판 / 취약시설: 어린이집·경로당·지역아동센터 + 장애인복지관). geo_level=point 한정
CH0015,두레지역아동센터,지역아동센터,community_child_center,4812154000,봉림동,의창구,35.2475619103781,128.677498759919,131.6,131.6,1,1,13,1,1,13,0,1,0,0,0,0,0,1.0,1.0,1.0,0.0,0.0,1122.3,34.53,1049,1179,130,scenario_stable_non_high,other,"300m 이내 배출원 위치 1개, 500m 이내 배출원 위치 1개, 최근접 배출원 132m",,False,해당 시설 유형에 인원 자료 없음,산업·배출시설 공간 노출도,v4 (배출원: 전국 등록공장현황 2024-12-31 반영 5개 구 전역 + 배출업소·폐기물 v2 override 판 / 취약시설: 어린이집·경로당·지역아동센터 + 장애인복지관). geo_level=point 한정
CH0016,다온지역아동센터,지역아동센터,community_child_center,4812154000,봉림동,의창구,35.2476672750674,128.657481866995,643.5,643.5,0,0,10,0,0,11,0,0,0,0,0,0,0,,,1.1,0.0,0.0,1314.9,128.67,1141,1494,353,scenario_stable_non_high,other,1km 이내 배출원 없음 (최근접 644m),,False,해당 시설 유형에 인원 자료 없음,산업·배출시설 공간 노출도,v4 (배출원: 전국 등록공장현황 2024-12-31 반영 5개 구 전역 + 배출업소·폐기물 v2 override 판 / 취약시설: 어린이집·경로당·지역아동센터 + 장애인복지관). geo_level=point 한정
CH0017,무동지역아동센터,지역아동센터,community_child_center,4812131000,북면,의창구,35.3166150788285,128.585261053106,151.6,151.6,1,1,6,1,1,7,0,1,0,0,0,0,0,1.0,1.0,1.167,5.0,0.0,1353.1,96.87,1162,1434,272,scenario_stable_non_high,other,"300m 이내 배출원 위치 1개, 500m 이내 배출원 위치 1개, 최근접 배출원 152m",,False,해당 시설 유형에 인원 자료 없음,산업·배출시설 공간 노출도,v4 (배출원: 전국 등록공장현황 2024-12-31 반영 5개 구 전역 + 배출업소·폐기물 v2 override 판 / 취약시설: 어린이집·경로당·지역아동센터 + 장애인복지관). geo_level=point 한정
CH0019,상남지역아동센터,지역아동센터,community_child_center,4812353000,상남동,성산구,35.2148115128033,128.688647562435,226.0,226.0,1,2,13,1,2,14,1,1,0,0,0,0,0,1.0,1.0,1.077,2.0,0.0,1006.7,46.99,933,1092,159,scenario_stable_non_high,other,"300m 이내 배출원 위치 1개, 500m 이내 배출원 위치 2개, 500m 이내 대기 배출업소 1곳, 최근접 배출원 226m",,False,해당 시설 유형에 인원 자료 없음,산업·배출시설 공간 노출도,v4 (배출원: 전국 등록공장현황 2024-12-31 반영 5개 구 전역 + 배출업소·폐기물 v2 override 판 / 취약시설: 어린이집·경로당·지역아동센터 + 장애인복지관). geo_level=point 한정
CH0020,늘푸른지역아동센터,지역아동센터,community_child_center,4812354000,사파동,성산구,35.2241758142505,128.695518109093,49.9,49.9,1,7,18,1,7,19,0,6,0,1,0,0,0,1.0,1.0,1.056,3.0,0.0,682.5,113.19,465,830,365,scenario_stable_non_high,other,"300m 이내 배출원 위치 1개, 500m 이내 배출원 위치 7개, 최근접 배출원 50m",,False,해당 시설 유형에 인원 자료 없음,산업·배출시설 공간 노출도,v4 (배출원: 전국 등록공장현황 2024-12-31 반영 5개 구 전역 + 배출업소·폐기물 v2 override 판 / 취약시설: 어린이집·경로당·지역아동센터 + 장애인복지관). geo_level=point 한정
CH0021,민들레지역아동센터,지역아동센터,community_child_center,4812354000,사파동,성산구,35.2148989949681,128.709629167688,184.5,184.5,2,2,4,2,2,4,0,1,0,0,0,0,1,1.0,1.0,1.0,3.0,0.0,1297.1,135.02,1043,1417,374,scenario_stable_non_high,other,"300m 이내 배출원 위치 2개, 500m 이내 배출원 위치 2개, 최근접 배출원 184m",,False,해당 시설 유형에 인원 자료 없음,산업·배출시설 공간 노출도,v4 (배출원: 전국 등록공장현황 2024-12-31 반영 5개 구 전역 + 배출업소·폐기물 v2 override 판 / 취약시설: 어린이집·경로당·지역아동센터 + 장애인복지관). geo_level=point 한정
CH0022,사파보듬지역아동센터,지역아동센터,community_child_center,4812354000,사파동,성산구,35.2247230180775,128.702055039914,85.0,85.0,3,4,11,3,4,11,1,2,0,1,0,0,0,1.0,1.0,1.0,3.0,0.0,931.2,148.89,623,1121,498,scenario_stable_non_high,other,"300m 이내 배출원 위치 3개, 500m 이내 배출원 위치 4개, 500m 이내 대기 배출업소 1곳, 최근접 배출원 85m",,False,해당 시설 유형에 인원 자료 없음,산업·배출시설 공간 노출도,v4 (배출원: 전국 등록공장현황 2024-12-31 반영 5개 구 전역 + 배출업소·폐기물 v2 override 판 / 취약시설: 어린이집·경로당·지역아동센터 + 장애인복지관). geo_level=point 한정
CH0023,상남꿈자람지역아동센터,지역아동센터,community_child_center,4812354000,사파동,성산구,35.2189144665743,128.701204856913,0.0,0.0,1,2,10,1,2,10,1,1,0,0,0,0,0,1.0,1.0,1.0,3.0,0.0,937.9,221.39,468,1132,664,scenario_stable_non_high,other,"300m 이내 배출원 위치 1개, 500m 이내 배출원 위치 2개, 500m 이내 대기 배출업소 1곳, 최근접 배출원 0m",,False,해당 시설 유형에 인원 자료 없음,산업·배출시설 공간 노출도,v4 (배출원: 전국 등록공장현황 2024-12-31 반영 5개 구 전역 + 배출업소·폐기물 v2 override 판 / 취약시설: 어린이집·경로당·지역아동센터 + 장애인복지관). geo_level=point 한정
CH0026,LH행복꿈터 현동지역아동센터,지역아동센터,community_child_center,4812551000,현동,마산합포구,35.1524849386005,128.554094106993,264.0,264.0,3,3,6,4,4,7,0,3,0,1,0,1,0,1.333,1.333,1.167,0.0,0.0,1024.7,87.37,885,1159,274,scenario_stable_non_high,other,"300m 이내 배출원 위치 3개, 500m 이내 배출원 위치 3개, 500m 이내 소각 처리 사업장 1곳, 최근접 배출원 264m",,False,해당 시설 유형에 인원 자료 없음,산업·배출시설 공간 노출도,v4 (배출원: 전국 등록공장현황 2024-12-31 반영 5개 구 전역 + 배출업소·폐기물 v2 override 판 / 취약시설: 어린이집·경로당·지역아동센터 + 장애인복지관). geo_level=point 한정
CH0027,SCL지역아동센터,지역아동센터,community_child_center,4812558000,자산동,마산합포구,35.2075430444304,128.564204232036,86.1,86.1,1,3,26,1,3,42,0,2,0,0,0,0,1,1.0,1.0,1.615,1.0,0.0,854.8,49.11,765,929,164,scenario_stable_non_high,other,"300m 이내 배출원 위치 1개, 500m 이내 배출원 위치 3개, 최근접 배출원 86m",,False,해당 시설 유형에 인원 자료 없음,산업·배출시설 공간 노출도,v4 (배출원: 전국 등록공장현황 2024-12-31 반영 5개 구 전역 + 배출업소·폐기물 v2 override 판 / 취약시설: 어린이집·경로당·지역아동센터 + 장애인복지관). geo_level=point 한정
CH0028,가온지역아동센터,지역아동센터,community_child_center,4812532000,진동면,마산합포구,35.1135585049385,128.485527995065,234.4,234.4,1,3,8,1,4,10,1,2,1,0,0,0,1,1.0,1.333,1.25,2.0,0.0,1204.4,62.42,1082,1285,203,scenario_stable_non_high,other,"300m 이내 배출원 위치 1개, 500m 이내 배출원 위치 3개, 500m 이내 대기 배출업소 1곳, 최근접 배출원 234m",,False,해당 시설 유형에 인원 자료 없음,산업·배출시설 공간 노출도,v4 (배출원: 전국 등록공장현황 2024-12-31 반영 5개 구 전역 + 배출업소·폐기물 v2 override 판 / 취약시설: 어린이집·경로당·지역아동센터 + 장애인복지관). geo_level=point 한정
CH0029,가우스산호지역아동센터,지역아동센터,community_child_center,4812565000,산호동,마산합포구,35.218072893209,128.578936089798,76.8,76.8,3,7,50,3,8,59,1,4,0,2,1,0,1,1.0,1.143,1.18,0.0,0.0,375.5,59.09,293,486,193,scenario_stable_non_high,other,"300m 이내 배출원 위치 3개, 500m 이내 배출원 위치 7개, 500m 이내 대기 배출업소 1곳, 500m 이내 지정폐기물 배출사업장 1곳, 최근접 배출원 77m",,False,해당 시설 유형에 인원 자료 없음,산업·배출시설 공간 노출도,v4 (배출원: 전국 등록공장현황 2024-12-31 반영 5개 구 전역 + 배출업소·폐기물 v2 override 판 / 취약시설: 어린이집·경로당·지역아동센터 + 장애인복지관). geo_level=point 한정
CH0030,경도지역아동센터,지역아동센터,community_child_center,4812557000,완월동,마산합포구,35.1988833720699,128.560777220983,438.7,438.7,0,2,21,0,2,34,1,2,0,1,0,1,0,,1.0,1.619,1.0,0.0,895.7,128.69,730,1119,389,scenario_stable_non_high,other,"500m 이내 배출원 위치 2개, 500m 이내 대기 배출업소 1곳, 500m 이내 소각 처리 사업장 1곳, 최근접 배출원 439m",,False,해당 시설 유형에 인원 자료 없음,산업·배출시설 공간 노출도,v4 (배출원: 전국 등록공장현황 2024-12-31 반영 5개 구 전역 + 배출업소·폐기물 v2 override 판 / 취약시설: 어린이집·경로당·지역아동센터 + 장애인복지관). geo_level=point 한정
CH0031,위드지역아동센터,지역아동센터,community_child_center,4812532000,진동면,마산합포구,35.1170347980255,128.485025341371,154.2,154.2,2,2,10,2,2,12,1,1,0,0,0,0,0,1.0,1.0,1.2,2.0,0.0,1123.1,119.41,892,1265,373,scenario_stable_non_high,other,"300m 이내 배출원 위치 2개, 500m 이내 배출원 위치 2개, 500m 이내 대기 배출업소 1곳, 최근접 배출원 154m",,False,해당 시설 유형에 인원 자료 없음,산업·배출시설 공간 노출도,v4 (배출원: 전국 등록공장현황 2024-12-31 반영 5개 구 전역 + 배출업소·폐기물 v2 override 판 / 취약시설: 어린이집·경로당·지역아동센터 + 장애인복지관). geo_level=point 한정
CH0032,글로리아지역아동센터,지역아동센터,community_child_center,4812558000,자산동,마산합포구,35.2019580482935,128.566192095008,152.0,152.0,2,9,51,3,23,69,3,7,1,2,0,2,13,1.5,2.556,1.353,1.0,0.0,245.0,59.83,172,369,197,scenario_stable_non_high,other,"300m 이내 배출원 위치 2개, 500m 이내 배출원 위치 9개, 500m 이내 대기 배출업소 3곳, 500m 이내 소각 처리 사업장 2곳, 최근접 배출원 152m",,False,해당 시설 유형에 인원 자료 없음,산업·배출시설 공간 노출도,v4 (배출원: 전국 등록공장현황 2024-12-31 반영 5개 구 전역 + 배출업소·폐기물 v2 override 판 / 취약시설: 어린이집·경로당·지역아동센터 + 장애인복지관). geo_level=point 한정
CH0033,느티나무 지역아동센터,지역아동센터,community_child_center,4812532000,진동면,마산합포구,35.1156022974604,128.487570801125,218.0,218.0,1,2,6,1,2,8,1,1,0,0,0,0,0,1.0,1.0,1.333,2.0,0.0,1274.0,71.35,1131,1345,214,scenario_stable_non_high,other,"300m 이내 배출원 위치 1개, 500m 이내 배출원 위치 2개, 500m 이내 대기 배출업소 1곳, 최근접 배출원 218m",,False,해당 시설 유형에 인원 자료 없음,산업·배출시설 공간 노출도,v4 (배출원: 전국 등록공장현황 2024-12-31 반영 5개 구 전역 + 배출업소·폐기물 v2 override 판 / 취약시설: 어린이집·경로당·지역아동센터 + 장애인복지관). geo_level=point 한정
CH0034,늘푸른지역아동센터,지역아동센터,community_child_center,4812554000,문화동,마산합포구,35.1863491042742,128.555670303419,122.9,122.9,2,4,21,2,4,23,1,3,0,2,0,2,0,1.0,1.0,1.095,0.0,0.0,532.5,81.47,376,646,270,scenario_stable_non_high,other,"300m 이내 배출원 위치 2개, 500m 이내 배출원 위치 4개, 500m 이내 대기 배출업소 1곳, 500m 이내 소각 처리 사업장 2곳, 최근접 배출원 123m",,False,해당 시설 유형에 인원 자료 없음,산업·배출시설 공간 노출도,v4 (배출원: 전국 등록공장현황 2024-12-31 반영 5개 구 전역 + 배출업소·폐기물 v2 override 판 / 취약시설: 어린이집·경로당·지역아동센터 + 장애인복지관). geo_level=point 한정
CH0035,늘해랑지역아동센터,지역아동센터,community_child_center,4812557000,완월동,마산합포구,35.1982411985313,128.562729494085,280.8,280.8,1,4,39,1,6,56,4,3,0,2,0,2,0,1.0,1.5,1.436,1.0,0.0,517.0,135.13,339,769,430,scenario_stable_non_high,other,"300m 이내 배출원 위치 1개, 500m 이내 배출원 위치 4개, 500m 이내 대기 배출업소 4곳, 500m 이내 소각 처리 사업장 2곳, 최근접 배출원 281m",,False,해당 시설 유형에 인원 자료 없음,산업·배출시설 공간 노출도,v4 (배출원: 전국 등록공장현황 2024-12-31 반영 5개 구 전역 + 배출업소·폐기물 v2 override 판 / 취약시설: 어린이집·경로당·지역아동센터 + 장애인복지관). geo_level=point 한정
CH0036,도담울지역아동센터,지역아동센터,community_child_center,4812532000,진동면,마산합포구,35.1130944106904,128.485538106459,285.6,285.6,1,3,8,1,4,10,1,2,1,0,0,0,1,1.0,1.333,1.25,2.0,0.0,1224.0,40.96,1138,1289,151,scenario_stable_non_high,other,"300m 이내 배출원 위치 1개, 500m 이내 배출원 위치 3개, 500m 이내 대기 배출업소 1곳, 최근접 배출원 286m",,False,해당 시설 유형에 인원 자료 없음,산업·배출시설 공간 노출도,v4 (배출원: 전국 등록공장현황 2024-12-31 반영 5개 구 전역 + 배출업소·폐기물 v2 override 판 / 취약시설: 어린이집·경로당·지역아동센터 + 장애인복지관). geo_level=point 한정
CH0037,마산상남지역아동센터,지역아동센터,community_child_center,4812564000,합포동,마산합포구,35.2113057804295,128.576121766524,105.8,105.8,5,8,39,7,10,47,2,2,0,0,0,0,6,1.4,1.25,1.205,1.0,0.0,419.3,30.69,331,480,149,scenario_stable_non_high,other,"300m 이내 배출원 위치 5개, 500m 이내 배출원 위치 8개, 500m 이내 대기 배출업소 2곳, 최근접 배출원 106m",,False,해당 시설 유형에 인원 자료 없음,산업·배출시설 공간 노출도,v4 (배출원: 전국 등록공장현황 2024-12-31 반영 5개 구 전역 + 배출업소·폐기물 v2 override 판 / 취약시설: 어린이집·경로당·지역아동센터 + 장애인복지관). geo_level=point 한정
CH0038,명지지역아동센터,지역아동센터,community_child_center,4812556500,반월중앙동,마산합포구,35.1898685743571,128.561954559295,44.6,44.6,4,10,19,4,11,20,2,8,0,2,0,2,0,1.0,1.1,1.053,0.0,0.0,458.7,105.67,244,592,348,scenario_stable_non_high,other,"300m 이내 배출원 위치 4개, 500m 이내 배출원 위치 10개, 500m 이내 대기 배출업소 2곳, 500m 이내 소각 처리 사업장 2곳, 최근접 배출원 45m",,False,해당 시설 유형에 인원 자료 없음,산업·배출시설 공간 노출도,v4 (배출원: 전국 등록공장현황 2024-12-31 반영 5개 구 전역 + 배출업소·폐기물 v2 override 판 / 취약시설: 어린이집·경로당·지역아동센터 + 장애인복지관). geo_level=point 한정
CH0039,산호지역아동센터,지역아동센터,community_child_center,4812564000,합포동,마산합포구,35.210925040262,128.580294389083,350.3,350.3,0,6,53,0,6,64,1,3,0,0,0,0,3,,1.0,1.208,1.0,0.0,527.5,221.58,299,901,602,scenario_stable_non_high,other,"500m 이내 배출원 위치 6개, 500m 이내 대기 배출업소 1곳, 최근접 배출원 350m",,False,해당 시설 유형에 인원 자료 없음,산업·배출시설 공간 노출도,v4 (배출원: 전국 등록공장현황 2024-12-31 반영 5개 구 전역 + 배출업소·폐기물 v2 override 판 / 취약시설: 어린이집·경로당·지역아동센터 + 장애인복지관). geo_level=point 한정
CH0040,새봄지역아동센터,지역아동센터,community_child_center,4812532000,진동면,마산합포구,35.1186248331628,128.487778661113,406.2,406.2,0,1,7,0,1,8,0,1,0,0,0,0,0,,1.0,1.143,2.0,0.0,1373.2,22.8,1321,1411,90,scenario_stable_non_high,other,"500m 이내 배출원 위치 1개, 최근접 배출원 406m",,False,해당 시설 유형에 인원 자료 없음,산업·배출시설 공간 노출도,v4 (배출원: 전국 등록공장현황 2024-12-31 반영 5개 구 전역 + 배출업소·폐기물 v2 override 판 / 취약시설: 어린이집·경로당·지역아동센터 + 장애인복지관). geo_level=point 한정
CH0042,성원지역아동센터,지역아동센터,community_child_center,4812561000,교방동,마산합포구,35.2100417846019,128.565392112032,124.7,124.7,2,5,22,2,5,36,0,3,0,1,0,1,1,1.0,1.0,1.636,1.0,0.0,860.3,36.31,799,917,118,scenario_stable_non_high,other,"300m 이내 배출원 위치 2개, 500m 이내 배출원 위치 5개, 500m 이내 소각 처리 사업장 1곳, 최근접 배출원 125m",,False,해당 시설 유형에 인원 자료 없음,산업·배출시설 공간 노출도,v4 (배출원: 전국 등록공장현황 2024-12-31 반영 5개 구 전역 + 배출업소·폐기물 v2 override 판 / 취약시설: 어린이집·경로당·지역아동센터 + 장애인복지관). geo_level=point 한정
CH0043,수정지역아동센터,지역아동센터,community_child_center,4812531000,구산면,마산합포구,35.1160612396553,128.581073910443,1256.1,1256.1,0,0,0,0,0,0,0,0,0,0,0,0,0,,,,2.0,0.0,1584.0,0.0,1584,1584,0,scenario_stable_non_high,other,"1km 이내 배출원 없음 (최근접 1,256m)",,False,해당 시설 유형에 인원 자료 없음,산업·배출시설 공간 노출도,v4 (배출원: 전국 등록공장현황 2024-12-31 반영 5개 구 전역 + 배출업소·폐기물 v2 override 판 / 취약시설: 어린이집·경로당·지역아동센터 + 장애인복지관). geo_level=point 한정
CH0044,어울림지역아동센터,지역아동센터,community_child_center,4812532000,진동면,마산합포구,35.1181989560979,128.487715085375,365.1,365.1,0,2,8,0,2,10,1,1,0,0,0,0,0,,1.0,1.25,2.0,0.0,1344.9,15.47,1312,1371,59,scenario_stable_non_high,other,"500m 이내 배출원 위치 2개, 500m 이내 대기 배출업소 1곳, 최근접 배출원 365m",,False,해당 시설 유형에 인원 자료 없음,산업·배출시설 공간 노출도,v4 (배출원: 전국 등록공장현황 2024-12-31 반영 5개 구 전역 + 배출업소·폐기물 v2 override 판 / 취약시설: 어린이집·경로당·지역아동센터 + 장애인복지관). geo_level=point 한정
CH0045,완월지역아동센터,지역아동센터,community_child_center,4812557000,완월동,마산합포구,35.1973900185416,128.561203413892,380.2,380.2,0,3,20,0,3,23,1,3,0,1,0,1,0,,1.0,1.15,1.0,0.0,842.6,117.87,697,1050,353,scenario_stable_non_high,other,"500m 이내 배출원 위치 3개, 500m 이내 대기 배출업소 1곳, 500m 이내 소각 처리 사업장 1곳, 최근접 배출원 380m",,False,해당 시설 유형에 인원 자료 없음,산업·배출시설 공간 노출도,v4 (배출원: 전국 등록공장현황 2024-12-31 반영 5개 구 전역 + 배출업소·폐기물 v2 override 판 / 취약시설: 어린이집·경로당·지역아동센터 + 장애인복지관). geo_level=point 한정
CH0046,자산지역아동센터,지역아동센터,community_child_center,4812558000,자산동,마산합포구,35.2062417695349,128.564306975356,71.5,71.5,1,2,29,1,2,45,0,2,0,0,0,0,0,1.0,1.0,1.552,1.0,0.0,770.8,66.49,658,880,222,scenario_stable_non_high,other,"300m 이내 배출원 위치 1개, 500m 이내 배출원 위치 2개, 최근접 배출원 72m",,False,해당 시설 유형에 인원 자료 없음,산업·배출시설 공간 노출도,v4 (배출원: 전국 등록공장현황 2024-12-31 반영 5개 구 전역 + 배출업소·폐기물 v2 override 판 / 취약시설: 어린이집·경로당·지역아동센터 + 장애인복지관). geo_level=point 한정
CH0047,전원해운지역아동센터,지역아동센터,community_child_center,4812553000,월영동,마산합포구,35.1784781581827,128.564500658938,208.8,208.8,7,12,19,8,13,21,3,8,0,1,0,1,2,1.143,1.083,1.105,1.0,0.0,495.6,53.35,410,615,205,scenario_stable_non_high,other,"300m 이내 배출원 위치 7개, 500m 이내 배출원 위치 12개, 500m 이내 대기 배출업소 3곳, 500m 이내 소각 처리 사업장 1곳, 최근접 배출원 209m",,False,해당 시설 유형에 인원 자료 없음,산업·배출시설 공간 노출도,v4 (배출원: 전국 등록공장현황 2024-12-31 반영 5개 구 전역 + 배출업소·폐기물 v2 override 판 / 취약시설: 어린이집·경로당·지역아동센터 + 장애인복지관). geo_level=point 한정
CH0051,꽃때말지역아동센터,지역아동센터,community_child_center,4812758000,합성1동,마산회원구,35.2433068773616,128.581297677432,412.7,412.7,0,3,17,0,3,17,0,2,0,0,0,0,1,,1.0,1.0,1.0,0.0,1040.2,181.09,688,1304,616,scenario_stable_non_high,other,"500m 이내 배출원 위치 3개, 최근접 배출원 413m",,False,해당 시설 유형에 인원 자료 없음,산업·배출시설 공간 노출도,v4 (배출원: 전국 등록공장현황 2024-12-31 반영 5개 구 전역 + 배출업소·폐기물 v2 override 판 / 취약시설: 어린이집·경로당·지역아동센터 + 장애인복지관). geo_level=point 한정
CH0052,꿈쟁이지역아동센터,지역아동센터,community_child_center,4812756000,양덕1동,마산회원구,35.2345926325833,128.591448736893,346.4,346.4,0,3,21,0,5,23,0,1,0,1,1,0,3,,1.667,1.095,0.0,0.0,831.1,138.89,577,1089,512,scenario_stable_non_high,other,"500m 이내 배출원 위치 3개, 500m 이내 지정폐기물 배출사업장 1곳, 최근접 배출원 346m",,False,해당 시설 유형에 인원 자료 없음,산업·배출시설 공간 노출도,v4 (배출원: 전국 등록공장현황 2024-12-31 반영 5개 구 전역 + 배출업소·폐기물 v2 override 판 / 취약시설: 어린이집·경로당·지역아동센터 + 장애인복지관). geo_level=point 한정
CH0054,비둘기회성지역아동센터,지역아동센터,community_child_center,4812755000,회성동,마산회원구,35.2331519486289,128.558079119539,100.0,100.0,4,5,14,4,5,14,0,2,0,1,1,0,2,1.0,1.0,1.0,1.0,0.0,786.0,173.24,471,998,527,scenario_stable_non_high,other,"300m 이내 배출원 위치 4개, 500m 이내 배출원 위치 5개, 500m 이내 지정폐기물 배출사업장 1곳, 최근접 배출원 100m",,False,해당 시설 유형에 인원 자료 없음,산업·배출시설 공간 노출도,v4 (배출원: 전국 등록공장현황 2024-12-31 반영 5개 구 전역 + 배출업소·폐기물 v2 override 판 / 취약시설: 어린이집·경로당·지역아동센터 + 장애인복지관). geo_level=point 한정
CH0055,샘동네지역아동센터,지역아동센터,community_child_center,4812752000,회원2동,마산회원구,35.2223248910993,128.568263527979,286.8,286.8,1,5,18,1,5,18,0,3,0,1,1,0,1,1.0,1.0,1.0,0.0,0.0,851.8,55.58,753,953,200,scenario_stable_non_high,other,"300m 이내 배출원 위치 1개, 500m 이내 배출원 위치 5개, 500m 이내 지정폐기물 배출사업장 1곳, 최근접 배출원 287m",,False,해당 시설 유형에 인원 자료 없음,산업·배출시설 공간 노출도,v4 (배출원: 전국 등록공장현황 2024-12-31 반영 5개 구 전역 + 배출업소·폐기물 v2 override 판 / 취약시설: 어린이집·경로당·지역아동센터 + 장애인복지관). geo_level=point 한정
CH0057,성동지역아동센터,지역아동센터,community_child_center,4812725000,내서읍,마산회원구,35.227129924501,128.496231289787,206.3,206.3,2,4,9,3,6,11,1,2,4,0,0,0,2,1.5,1.5,1.222,1.0,0.0,1116.1,75.09,986,1221,235,scenario_stable_non_high,other,"300m 이내 배출원 위치 2개, 500m 이내 배출원 위치 4개, 500m 이내 대기 배출업소 1곳, 최근접 배출원 206m",,False,해당 시설 유형에 인원 자료 없음,산업·배출시설 공간 노출도,v4 (배출원: 전국 등록공장현황 2024-12-31 반영 5개 구 전역 + 배출업소·폐기물 v2 override 판 / 취약시설: 어린이집·경로당·지역아동센터 + 장애인복지관). geo_level=point 한정
CH0058,소명지역아동센터,지역아동센터,community_child_center,4812760000,구암1동,마산회원구,35.2563122883418,128.595381848582,382.0,382.0,0,2,17,0,2,73,0,1,0,0,0,0,1,,1.0,4.294,0.0,0.0,964.5,144.02,779,1204,425,scenario_stable_non_high,other,"500m 이내 배출원 위치 2개, 최근접 배출원 382m",,False,해당 시설 유형에 인원 자료 없음,산업·배출시설 공간 노출도,v4 (배출원: 전국 등록공장현황 2024-12-31 반영 5개 구 전역 + 배출업소·폐기물 v2 override 판 / 취약시설: 어린이집·경로당·지역아동센터 + 장애인복지관). geo_level=point 한정
CH0059,안영지역아동센터,지역아동센터,community_child_center,4812755000,회성동,마산회원구,35.2313557792869,128.563662513367,23.0,23.0,7,9,16,7,9,16,0,4,0,1,1,0,4,1.0,1.0,1.0,1.0,0.0,562.6,132.68,316,748,432,scenario_stable_non_high,other,"300m 이내 배출원 위치 7개, 500m 이내 배출원 위치 9개, 500m 이내 지정폐기물 배출사업장 1곳, 최근접 배출원 23m",,False,해당 시설 유형에 인원 자료 없음,산업·배출시설 공간 노출도,v4 (배출원: 전국 등록공장현황 2024-12-31 반영 5개 구 전역 + 배출업소·폐기물 v2 override 판 / 취약시설: 어린이집·경로당·지역아동센터 + 장애인복지관). geo_level=point 한정
CH0061,정지역아동센터,지역아동센터,community_child_center,4812755000,회성동,마산회원구,35.2328779106153,128.560448105741,145.8,145.8,3,9,14,3,9,14,0,4,0,1,1,0,4,1.0,1.0,1.0,1.0,0.0,657.1,149.98,334,882,548,scenario_stable_non_high,other,"300m 이내 배출원 위치 3개, 500m 이내 배출원 위치 9개, 500m 이내 지정폐기물 배출사업장 1곳, 최근접 배출원 146m",,False,해당 시설 유형에 인원 자료 없음,산업·배출시설 공간 노출도,v4 (배출원: 전국 등록공장현황 2024-12-31 반영 5개 구 전역 + 배출업소·폐기물 v2 override 판 / 취약시설: 어린이집·경로당·지역아동센터 + 장애인복지관). geo_level=point 한정
CH0064,합성지역아동센터,지역아동센터,community_child_center,4812758000,합성1동,마산회원구,35.2410389071704,128.583373679536,180.0,180.0,3,5,23,3,5,25,0,2,0,0,0,0,3,1.0,1.0,1.087,1.0,0.0,656.7,81.22,467,768,301,scenario_stable_non_high,other,"300m 이내 배출원 위치 3개, 500m 이내 배출원 위치 5개, 최근접 배출원 180m",,False,해당 시설 유형에 인원 자료 없음,산업·배출시설 공간 노출도,v4 (배출원: 전국 등록공장현황 2024-12-31 반영 5개 구 전역 + 배출업소·폐기물 v2 override 판 / 취약시설: 어린이집·경로당·지역아동센터 + 장애인복지관). geo_level=point 한정
CH0065,호계지역아동센터,지역아동센터,community_child_center,4812725000,내서읍,마산회원구,35.2662137586043,128.518300890927,321.7,321.7,0,1,12,0,2,14,0,1,0,0,0,0,1,,2.0,1.167,1.0,0.0,1181.7,55.34,1105,1271,166,scenario_stable_non_high,other,"500m 이내 배출원 위치 1개, 최근접 배출원 322m",,False,해당 시설 유형에 인원 자료 없음,산업·배출시설 공간 노출도,v4 (배출원: 전국 등록공장현황 2024-12-31 반영 5개 구 전역 + 배출업소·폐기물 v2 override 판 / 취약시설: 어린이집·경로당·지역아동센터 + 장애인복지관). geo_level=point 한정
CH0066,회원큰별지역아동센터,지역아동센터,community_child_center,4812752000,회원2동,마산회원구,35.2216825414187,128.565802368189,69.1,69.1,1,1,12,1,1,12,0,0,0,1,1,0,0,1.0,1.0,1.0,0.0,0.0,898.8,250.29,344,1190,846,scenario_stable_non_high,other,"300m 이내 배출원 위치 1개, 500m 이내 배출원 위치 1개, 500m 이내 지정폐기물 배출사업장 1곳, 최근접 배출원 69m",,False,해당 시설 유형에 인원 자료 없음,산업·배출시설 공간 노출도,v4 (배출원: 전국 등록공장현황 2024-12-31 반영 5개 구 전역 + 배출업소·폐기물 v2 override 판 / 취약시설: 어린이집·경로당·지역아동센터 + 장애인복지관). geo_level=point 한정
CH0067,회원한솔지역아동센터,지역아동센터,community_child_center,4812751000,회원1동,마산회원구,35.2159531445558,128.572896413672,136.5,136.5,2,7,24,2,7,27,0,3,0,1,1,0,3,1.0,1.0,1.125,0.0,0.0,674.4,37.6,595,763,168,scenario_stable_non_high,other,"300m 이내 배출원 위치 2개, 500m 이내 배출원 위치 7개, 500m 이내 지정폐기물 배출사업장 1곳, 최근접 배출원 136m",,False,해당 시설 유형에 인원 자료 없음,산업·배출시설 공간 노출도,v4 (배출원: 전국 등록공장현황 2024-12-31 반영 5개 구 전역 + 배출업소·폐기물 v2 override 판 / 취약시설: 어린이집·경로당·지역아동센터 + 장애인복지관). geo_level=point 한정
CH0068,1318행복지대 지역아동센터,지역아동센터,community_child_center,4812962000,풍호동,진해구,35.1386250695694,128.706117944269,243.9,243.9,3,10,22,4,11,26,0,7,0,0,0,0,4,1.333,1.1,1.182,3.0,0.0,677.9,40.33,638,758,120,scenario_stable_non_high,other,"300m 이내 배출원 위치 3개, 500m 이내 배출원 위치 10개, 최근접 배출원 244m",,False,해당 시설 유형에 인원 자료 없음,산업·배출시설 공간 노출도,v4 (배출원: 전국 등록공장현황 2024-12-31 반영 5개 구 전역 + 배출업소·폐기물 v2 override 판 / 취약시설: 어린이집·경로당·지역아동센터 + 장애인복지관). geo_level=point 한정
CH0069,경화지역아동센터,지역아동센터,community_child_center,4812957000,병암동,진해구,35.1591603646751,128.690695152364,154.5,154.5,3,7,17,3,7,17,1,4,2,0,0,0,1,1.0,1.0,1.0,0.0,0.0,764.9,34.37,687,845,158,scenario_stable_non_high,other,"300m 이내 배출원 위치 3개, 500m 이내 배출원 위치 7개, 500m 이내 대기 배출업소 1곳, 최근접 배출원 154m",,False,해당 시설 유형에 인원 자료 없음,산업·배출시설 공간 노출도,v4 (배출원: 전국 등록공장현황 2024-12-31 반영 5개 구 전역 + 배출업소·폐기물 v2 override 판 / 취약시설: 어린이집·경로당·지역아동센터 + 장애인복지관). geo_level=point 한정
CH0070,꿈나무지역아동센터,지역아동센터,community_child_center,4812953000,충무동,진해구,35.1447238325694,128.668696114375,200.2,200.2,3,8,28,3,9,29,0,6,1,2,2,1,2,1.0,1.125,1.036,3.0,0.0,560.1,71.91,399,703,304,scenario_stable_non_high,other,"300m 이내 배출원 위치 3개, 500m 이내 배출원 위치 8개, 500m 이내 지정폐기물 배출사업장 2곳, 500m 이내 소각 처리 사업장 1곳, 최근접 배출원 200m",,False,해당 시설 유형에 인원 자료 없음,산업·배출시설 공간 노출도,v4 (배출원: 전국 등록공장현황 2024-12-31 반영 5개 구 전역 + 배출업소·폐기물 v2 override 판 / 취약시설: 어린이집·경로당·지역아동센터 + 장애인복지관). geo_level=point 한정
CH0071,누리봄다문화지역아동센터,지역아동센터,community_child_center,4812954000,여좌동,진해구,35.1575756896935,128.660936939991,350.9,350.9,0,1,14,0,1,14,1,0,0,0,0,0,0,,1.0,1.0,1.0,0.0,1092.6,61.97,976,1222,246,scenario_stable_non_high,other,"500m 이내 배출원 위치 1개, 500m 이내 대기 배출업소 1곳, 최근접 배출원 351m",,False,해당 시설 유형에 인원 자료 없음,산업·배출시설 공간 노출도,v4 (배출원: 전국 등록공장현황 2024-12-31 반영 5개 구 전역 + 배출업소·폐기물 v2 override 판 / 취약시설: 어린이집·경로당·지역아동센터 + 장애인복지관). geo_level=point 한정
CH0073,동부지역아동센터,지역아동센터,community_child_center,4812958000,석동,진해구,35.1537813842259,128.702464146905,180.3,180.3,1,6,28,1,6,29,1,3,0,1,1,1,2,1.0,1.0,1.036,2.0,0.0,628.4,68.33,490,753,263,scenario_stable_non_high,other,"300m 이내 배출원 위치 1개, 500m 이내 배출원 위치 6개, 500m 이내 대기 배출업소 1곳, 500m 이내 지정폐기물 배출사업장 1곳, 500m 이내 소각 처리 사업장 1곳, 최근접 배출원 180m",,False,해당 시설 유형에 인원 자료 없음,산업·배출시설 공간 노출도,v4 (배출원: 전국 등록공장현황 2024-12-31 반영 5개 구 전역 + 배출업소·폐기물 v2 override 판 / 취약시설: 어린이집·경로당·지역아동센터 + 장애인복지관). geo_level=point 한정
CH0074,명동지역아동센터,지역아동센터,community_child_center,4812963000,웅천동,진해구,35.0972368135032,128.720026313128,390.7,390.7,0,2,5,0,2,8,0,0,0,1,1,1,2,,1.0,1.6,0.0,0.0,1118.3,79.43,980,1240,260,scenario_stable_non_high,other,"500m 이내 배출원 위치 2개, 500m 이내 지정폐기물 배출사업장 1곳, 500m 이내 소각 처리 사업장 1곳, 최근접 배출원 391m",,False,해당 시설 유형에 인원 자료 없음,산업·배출시설 공간 노출도,v4 (배출원: 전국 등록공장현황 2024-12-31 반영 5개 구 전역 + 배출업소·폐기물 v2 override 판 / 취약시설: 어린이집·경로당·지역아동센터 + 장애인복지관). geo_level=point 한정
CH0075,웅동지역아동센터,지역아동센터,community_child_center,4812965000,웅동2동,진해구,35.0992710163778,128.803377536414,435.0,435.0,0,1,5,0,1,5,0,1,0,0,0,0,0,,1.0,1.0,5.0,0.0,1464.9,7.58,1453,1483,30,scenario_stable_non_high,other,"500m 이내 배출원 위치 1개, 최근접 배출원 435m",,False,해당 시설 유형에 인원 자료 없음,산업·배출시설 공간 노출도,v4 (배출원: 전국 등록공장현황 2024-12-31 반영 5개 구 전역 + 배출업소·폐기물 v2 override 판 / 취약시설: 어린이집·경로당·지역아동센터 + 장애인복지관). geo_level=point 한정
CH0076,웅천지역아동센터,지역아동센터,community_child_center,4812963000,웅천동,진해구,35.1097310650802,128.750555243343,298.3,298.3,1,5,20,1,5,24,0,1,0,0,0,0,4,1.0,1.0,1.2,0.0,0.0,979.4,38.12,903,1038,135,scenario_stable_non_high,other,"300m 이내 배출원 위치 1개, 500m 이내 배출원 위치 5개, 최근접 배출원 298m",,False,해당 시설 유형에 인원 자료 없음,산업·배출시설 공간 노출도,v4 (배출원: 전국 등록공장현황 2024-12-31 반영 5개 구 전역 + 배출업소·폐기물 v2 override 판 / 취약시설: 어린이집·경로당·지역아동센터 + 장애인복지관). geo_level=point 한정
CH0077,은성지역아동센터,지역아동센터,community_child_center,4812964000,웅동1동,진해구,35.1274641062532,128.781945867268,384.1,384.1,0,2,55,0,4,67,0,2,0,0,0,0,2,,2.0,1.218,3.0,0.0,699.1,209.34,438,1051,613,scenario_stable_non_high,other,"500m 이내 배출원 위치 2개, 최근접 배출원 384m",,False,해당 시설 유형에 인원 자료 없음,산업·배출시설 공간 노출도,v4 (배출원: 전국 등록공장현황 2024-12-31 반영 5개 구 전역 + 배출업소·폐기물 v2 override 판 / 취약시설: 어린이집·경로당·지역아동센터 + 장애인복지관). geo_level=point 한정
CH0078,이동지역아동센터,지역아동센터,community_child_center,4812959000,이동,진해구,35.1515755669244,128.693526028803,121.7,121.7,3,9,24,3,9,24,1,4,0,4,4,1,1,1.0,1.0,1.0,1.0,0.0,402.1,83.66,250,548,298,scenario_stable_non_high,other,"300m 이내 배출원 위치 3개, 500m 이내 배출원 위치 9개, 500m 이내 대기 배출업소 1곳, 500m 이내 지정폐기물 배출사업장 4곳, 500m 이내 소각 처리 사업장 1곳, 최근접 배출원 122m",,False,해당 시설 유형에 인원 자료 없음,산업·배출시설 공간 노출도,v4 (배출원: 전국 등록공장현황 2024-12-31 반영 5개 구 전역 + 배출업소·폐기물 v2 override 판 / 취약시설: 어린이집·경로당·지역아동센터 + 장애인복지관). geo_level=point 한정
CH0079,자은지역아동센터,지역아동센터,community_child_center,4812960000,자은동,진해구,35.1482932328054,128.710151584066,78.5,78.5,2,5,19,2,5,20,0,3,0,0,0,0,2,1.0,1.0,1.053,0.0,0.0,945.9,75.54,803,1033,230,scenario_stable_non_high,other,"300m 이내 배출원 위치 2개, 500m 이내 배출원 위치 5개, 최근접 배출원 78m",,False,해당 시설 유형에 인원 자료 없음,산업·배출시설 공간 노출도,v4 (배출원: 전국 등록공장현황 2024-12-31 반영 5개 구 전역 + 배출업소·폐기물 v2 override 판 / 취약시설: 어린이집·경로당·지역아동센터 + 장애인복지관). geo_level=point 한정
CH0080,진해지역아동센터,지역아동센터,community_child_center,4812953000,충무동,진해구,35.1511129055365,128.660105707424,44.7,44.7,6,11,21,6,11,21,1,3,0,2,2,1,5,1.0,1.0,1.0,3.0,0.0,405.1,121.53,186,587,401,scenario_stable_non_high,other,"300m 이내 배출원 위치 6개, 500m 이내 배출원 위치 11개, 500m 이내 대기 배출업소 1곳, 500m 이내 지정폐기물 배출사업장 2곳, 500m 이내 소각 처리 사업장 1곳, 최근접 배출원 45m",,False,해당 시설 유형에 인원 자료 없음,산업·배출시설 공간 노출도,v4 (배출원: 전국 등록공장현황 2024-12-31 반영 5개 구 전역 + 배출업소·폐기물 v2 override 판 / 취약시설: 어린이집·경로당·지역아동센터 + 장애인복지관). geo_level=point 한정
CH0081,참살이지역아동센터,지역아동센터,community_child_center,4812961000,덕산동,진해구,35.1433214587533,128.702690388842,96.5,96.5,2,8,22,2,8,24,0,7,0,0,0,0,1,1.0,1.0,1.091,0.0,0.0,788.7,53.78,678,853,175,scenario_stable_non_high,other,"300m 이내 배출원 위치 2개, 500m 이내 배출원 위치 8개, 최근접 배출원 96m",,False,해당 시설 유형에 인원 자료 없음,산업·배출시설 공간 노출도,v4 (배출원: 전국 등록공장현황 2024-12-31 반영 5개 구 전역 + 배출업소·폐기물 v2 override 판 / 취약시설: 어린이집·경로당·지역아동센터 + 장애인복지관). geo_level=point 한정
CH0082,샘바위지역아동센터,지역아동센터,community_child_center,4812961000,덕산동,진해구,35.1444122830104,128.704076272931,191.9,191.9,3,10,23,3,10,25,0,9,0,0,0,0,1,1.0,1.0,1.087,0.0,0.0,765.1,35.07,697,828,131,scenario_stable_non_high,other,"300m 이내 배출원 위치 3개, 500m 이내 배출원 위치 10개, 최근접 배출원 192m",,False,해당 시설 유형에 인원 자료 없음,산업·배출시설 공간 노출도,v4 (배출원: 전국 등록공장현황 2024-12-31 반영 5개 구 전역 + 배출업소·폐기물 v2 override 판 / 취약시설: 어린이집·경로당·지역아동센터 + 장애인복지관). geo_level=point 한정
CH0084,햇살경화지역아동센터,지역아동센터,community_child_center,4812956000,경화동,진해구,35.1565281621757,128.683317852473,199.0,199.0,1,8,16,1,8,16,1,4,0,0,0,0,3,1.0,1.0,1.0,4.0,0.0,908.2,34.77,840,966,126,scenario_stable_non_high,other,"300m 이내 배출원 위치 1개, 500m 이내 배출원 위치 8개, 500m 이내 대기 배출업소 1곳, 최근접 배출원 199m",,False,해당 시설 유형에 인원 자료 없음,산업·배출시설 공간 노출도,v4 (배출원: 전국 등록공장현황 2024-12-31 반영 5개 구 전역 + 배출업소·폐기물 v2 override 판 / 취약시설: 어린이집·경로당·지역아동센터 + 장애인복지관). geo_level=point 한정
DW0001,창원시장애인종합복지관,장애인복지관,disability_welfare_center,4812154000,봉림동,의창구,35.250420911448,128.679539709394,374.4,374.4,0,2,10,0,2,10,0,1,0,1,0,0,0,,1.0,1.0,0.0,0.0,1280.5,24.17,1227,1318,91,scenario_stable_non_high,other,"500m 이내 배출원 위치 2개, 최근접 배출원 374m",,False,해당 시설 유형에 인원 자료 없음,산업·배출시설 공간 노출도,v4 (배출원: 전국 등록공장현황 2024-12-31 반영 5개 구 전역 + 배출업소·폐기물 v2 override 판 / 취약시설: 어린이집·경로당·지역아동센터 + 장애인복지관). geo_level=point 한정
DW0002,경상남도장애인종합복지관,장애인복지관,disability_welfare_center,4812154000,봉림동,의창구,35.2504389408392,128.67894198627,370.9,370.9,0,2,11,0,2,11,0,1,0,1,0,0,0,,1.0,1.0,0.0,0.0,1258.8,56.96,1153,1345,192,scenario_stable_non_high,other,"500m 이내 배출원 위치 2개, 최근접 배출원 371m",,False,해당 시설 유형에 인원 자료 없음,산업·배출시설 공간 노출도,v4 (배출원: 전국 등록공장현황 2024-12-31 반영 5개 구 전역 + 배출업소·폐기물 v2 override 판 / 취약시설: 어린이집·경로당·지역아동센터 + 장애인복지관). geo_level=point 한정
DW0003,마산장애인복지관,장애인복지관,disability_welfare_center,4812556500,반월중앙동,마산합포구,35.1943931697898,128.558688529701,221.9,221.9,1,2,17,1,2,20,0,2,0,0,0,0,0,1.0,1.0,1.176,0.0,0.0,988.3,98.09,847,1125,278,scenario_stable_non_high,other,"300m 이내 배출원 위치 1개, 500m 이내 배출원 위치 2개, 최근접 배출원 222m",,False,해당 시설 유형에 인원 자료 없음,산업·배출시설 공간 노출도,v4 (배출원: 전국 등록공장현황 2024-12-31 반영 5개 구 전역 + 배출업소·폐기물 v2 override 판 / 취약시설: 어린이집·경로당·지역아동센터 + 장애인복지관). geo_level=point 한정
SC0001,고양 경로당,경로당,senior_center,4812125000,동읍,의창구,35.3050439591063,128.654851782502,51.5,51.5,4,9,15,7,15,22,0,0,0,0,0,0,15,1.75,1.667,1.467,2.0,0.0,730.8,155.33,447,899,452,scenario_stable_non_high,other,"300m 이내 배출원 위치 4개, 500m 이내 배출원 위치 9개, 최근접 배출원 52m",,False,해당 시설 유형에 인원 자료 없음,산업·배출시설 공간 노출도,v4 (배출원: 전국 등록공장현황 2024-12-31 반영 5개 구 전역 + 배출업소·폐기물 v2 override 판 / 취약시설: 어린이집·경로당·지역아동센터 + 장애인복지관). geo_level=point 한정
SC0002,곡목 경로당,경로당,senior_center,4812125000,동읍,의창구,35.2984420215771,128.661136058881,586.2,586.2,0,0,6,0,0,10,0,0,0,0,0,0,0,,,1.667,2.0,0.0,1434.4,19.4,1396,1463,67,scenario_stable_non_high,other,1km 이내 배출원 없음 (최근접 586m),,False,해당 시설 유형에 인원 자료 없음,산업·배출시설 공간 노출도,v4 (배출원: 전국 등록공장현황 2024-12-31 반영 5개 구 전역 + 배출업소·폐기물 v2 override 판 / 취약시설: 어린이집·경로당·지역아동센터 + 장애인복지관). geo_level=point 한정
SC0003,금동 경로당,경로당,senior_center,4812125000,동읍,의창구,35.3332328911049,128.66622099111,158.9,158.9,2,3,7,2,3,9,0,0,0,0,0,0,3,1.0,1.0,1.286,2.0,0.0,1199.9,140.6,955,1342,387,scenario_stable_non_high,other,"300m 이내 배출원 위치 2개, 500m 이내 배출원 위치 3개, 최근접 배출원 159m",,False,해당 시설 유형에 인원 자료 없음,산업·배출시설 공간 노출도,v4 (배출원: 전국 등록공장현황 2024-12-31 반영 5개 구 전역 + 배출업소·폐기물 v2 override 판 / 취약시설: 어린이집·경로당·지역아동센터 + 장애인복지관). geo_level=point 한정
SC0004,금산 경로당,경로당,senior_center,4812125000,동읍,의창구,35.323145502127,128.664271277506,75.2,75.2,1,2,8,1,2,8,0,0,0,0,0,0,2,1.0,1.0,1.0,2.0,0.0,1209.6,153.19,947,1357,410,scenario_stable_non_high,other,"300m 이내 배출원 위치 1개, 500m 이내 배출원 위치 2개, 최근접 배출원 75m",,False,해당 시설 유형에 인원 자료 없음,산업·배출시설 공간 노출도,v4 (배출원: 전국 등록공장현황 2024-12-31 반영 5개 구 전역 + 배출업소·폐기물 v2 override 판 / 취약시설: 어린이집·경로당·지역아동센터 + 장애인복지관). geo_level=point 한정
SC0005,기로회 경로당,경로당,senior_center,4812125000,동읍,의창구,35.2795237885002,128.689182870985,153.8,153.8,5,6,17,5,6,21,1,1,0,1,0,1,3,1.0,1.0,1.235,2.0,0.0,618.2,72.46,490,731,241,scenario_stable_non_high,other,"300m 이내 배출원 위치 5개, 500m 이내 배출원 위치 6개, 500m 이내 대기 배출업소 1곳, 500m 이내 소각 처리 사업장 1곳, 최근접 배출원 154m",,False,해당 시설 유형에 인원 자료 없음,산업·배출시설 공간 노출도,v4 (배출원: 전국 등록공장현황 2024-12-31 반영 5개 구 전역 + 배출업소·폐기물 v2 override 판 / 취약시설: 어린이집·경로당·지역아동센터 + 장애인복지관). geo_level=point 한정
SC0006,남산경로당,경로당,senior_center,4812125000,동읍,의창구,35.2775505444007,128.660984875659,1149.5,1149.5,0,0,0,0,0,0,0,0,0,0,0,0,0,,,,2.0,0.0,1584.0,0.0,1584,1584,0,scenario_stable_non_high,other,"1km 이내 배출원 없음 (최근접 1,150m)",,False,해당 시설 유형에 인원 자료 없음,산업·배출시설 공간 노출도,v4 (배출원: 전국 등록공장현황 2024-12-31 반영 5개 구 전역 + 배출업소·폐기물 v2 override 판 / 취약시설: 어린이집·경로당·지역아동센터 + 장애인복지관). geo_level=point 한정
SC0007,내단 경로당,경로당,senior_center,4812125000,동읍,의창구,35.2732554683236,128.703879544617,144.2,144.2,3,3,7,3,3,8,0,0,0,0,0,0,3,1.0,1.0,1.143,2.0,0.0,1085.4,156.4,804,1256,452,scenario_stable_non_high,other,"300m 이내 배출원 위치 3개, 500m 이내 배출원 위치 3개, 최근접 배출원 144m",,False,해당 시설 유형에 인원 자료 없음,산업·배출시설 공간 노출도,v4 (배출원: 전국 등록공장현황 2024-12-31 반영 5개 구 전역 + 배출업소·폐기물 v2 override 판 / 취약시설: 어린이집·경로당·지역아동센터 + 장애인복지관). geo_level=point 한정
SC0008,노옥 경로당,경로당,senior_center,4812125000,동읍,의창구,35.3602848880452,128.668507001529,402.0,402.0,0,1,1,0,1,1,0,0,0,0,0,0,1,,1.0,1.0,2.0,0.0,1519.3,27.11,1469,1542,73,scenario_stable_non_high,other,"500m 이내 배출원 위치 1개, 최근접 배출원 402m",,False,해당 시설 유형에 인원 자료 없음,산업·배출시설 공간 노출도,v4 (배출원: 전국 등록공장현황 2024-12-31 반영 5개 구 전역 + 배출업소·폐기물 v2 override 판 / 취약시설: 어린이집·경로당·지역아동센터 + 장애인복지관). geo_level=point 한정
SC0009,다호 경로당,경로당,senior_center,4812125000,동읍,의창구,35.2950664785504,128.670507649081,242.4,242.4,1,1,14,1,1,20,0,0,0,0,0,0,1,1.0,1.0,1.429,2.0,0.0,1139.3,31.98,1087,1198,111,scenario_stable_non_high,other,"300m 이내 배출원 위치 1개, 500m 이내 배출원 위치 1개, 최근접 배출원 242m",,False,해당 시설 유형에 인원 자료 없음,산업·배출시설 공간 노출도,v4 (배출원: 전국 등록공장현황 2024-12-31 반영 5개 구 전역 + 배출업소·폐기물 v2 override 판 / 취약시설: 어린이집·경로당·지역아동센터 + 장애인복지관). geo_level=point 한정
SC0010,단산경로당,경로당,senior_center,4812125000,동읍,의창구,35.2760920699768,128.700738755499,233.6,233.6,3,4,11,4,5,12,0,0,0,0,0,0,5,1.333,1.25,1.091,2.0,0.0,979.9,29.36,926,1022,96,scenario_stable_non_high,other,"300m 이내 배출원 위치 3개, 500m 이내 배출원 위치 4개, 최근접 배출원 234m",,False,해당 시설 유형에 인원 자료 없음,산업·배출시설 공간 노출도,v4 (배출원: 전국 등록공장현황 2024-12-31 반영 5개 구 전역 + 배출업소·폐기물 v2 override 판 / 취약시설: 어린이집·경로당·지역아동센터 + 장애인복지관). geo_level=point 한정
SC0011,달천 경로당,경로당,senior_center,4812125000,동읍,의창구,35.362066865869,128.661042106432,399.8,399.8,0,1,3,0,1,3,0,0,0,0,0,0,1,,1.0,1.0,2.0,0.0,1487.6,22.59,1437,1510,73,scenario_stable_non_high,other,"500m 이내 배출원 위치 1개, 최근접 배출원 400m",,False,해당 시설 유형에 인원 자료 없음,산업·배출시설 공간 노출도,v4 (배출원: 전국 등록공장현황 2024-12-31 반영 5개 구 전역 + 배출업소·폐기물 v2 override 판 / 취약시설: 어린이집·경로당·지역아동센터 + 장애인복지관). geo_level=point 한정
SC0012,대한APT 경로당,경로당,senior_center,4812125000,동읍,의창구,35.2857819835903,128.683209754255,0.0,0.0,3,4,15,4,5,17,0,2,0,0,0,0,3,1.333,1.25,1.133,2.0,0.0,800.8,200.28,429,978,549,scenario_stable_non_high,other,"300m 이내 배출원 위치 3개, 500m 이내 배출원 위치 4개, 최근접 배출원 0m",,False,해당 시설 유형에 인원 자료 없음,산업·배출시설 공간 노출도,v4 (배출원: 전국 등록공장현황 2024-12-31 반영 5개 구 전역 + 배출업소·폐기물 v2 override 판 / 취약시설: 어린이집·경로당·지역아동센터 + 장애인복지관). geo_level=point 한정
SC0013,덕산경로당,경로당,senior_center,4812125000,동읍,의창구,35.2716264802408,128.674307327295,286.2,286.2,1,1,2,1,1,3,0,1,0,0,0,0,0,1.0,1.0,1.5,2.0,0.0,1470.8,48.92,1387,1523,136,scenario_stable_non_high,other,"300m 이내 배출원 위치 1개, 500m 이내 배출원 위치 1개, 최근접 배출원 286m",,False,해당 시설 유형에 인원 자료 없음,산업·배출시설 공간 노출도,v4 (배출원: 전국 등록공장현황 2024-12-31 반영 5개 구 전역 + 배출업소·폐기물 v2 override 판 / 취약시설: 어린이집·경로당·지역아동센터 + 장애인복지관). geo_level=point 한정
SC0014,덕천경로당,경로당,senior_center,4812125000,동읍,의창구,35.2796173469606,128.684037971978,120.4,120.4,3,6,13,4,8,16,1,0,0,1,0,1,6,1.333,1.333,1.231,2.0,0.0,821.3,108.06,639,968,329,scenario_stable_non_high,other,"300m 이내 배출원 위치 3개, 500m 이내 배출원 위치 6개, 500m 이내 대기 배출업소 1곳, 500m 이내 소각 처리 사업장 1곳, 최근접 배출원 120m",,False,해당 시설 유형에 인원 자료 없음,산업·배출시설 공간 노출도,v4 (배출원: 전국 등록공장현황 2024-12-31 반영 5개 구 전역 + 배출업소·폐기물 v2 override 판 / 취약시설: 어린이집·경로당·지역아동센터 + 장애인복지관). geo_level=point 한정
SC0015,동부산2차아파트경로당,경로당,senior_center,4812125000,동읍,의창구,35.2774395378255,128.702796112455,341.5,341.5,0,4,10,0,5,11,0,0,0,0,0,0,5,,1.25,1.1,2.0,0.0,1104.2,30.71,1046,1157,111,scenario_stable_non_high,other,"500m 이내 배출원 위치 4개, 최근접 배출원 342m",,False,해당 시설 유형에 인원 자료 없음,산업·배출시설 공간 노출도,v4 (배출원: 전국 등록공장현황 2024-12-31 반영 5개 구 전역 + 배출업소·폐기물 v2 override 판 / 취약시설: 어린이집·경로당·지역아동센터 + 장애인복지관). geo_level=point 한정
SC0016,동월 경로당,경로당,senior_center,4812125000,동읍,의창구,35.3038030099391,128.685803804121,161.9,161.9,2,6,9,3,7,10,0,0,0,0,0,0,7,1.5,1.167,1.111,2.0,0.0,1079.3,107.9,888,1213,325,scenario_stable_non_high,other,"300m 이내 배출원 위치 2개, 500m 이내 배출원 위치 6개, 최근접 배출원 162m",,False,해당 시설 유형에 인원 자료 없음,산업·배출시설 공간 노출도,v4 (배출원: 전국 등록공장현황 2024-12-31 반영 5개 구 전역 + 배출업소·폐기물 v2 override 판 / 취약시설: 어린이집·경로당·지역아동센터 + 장애인복지관). geo_level=point 한정
SC0017,마룡 경로당,경로당,senior_center,4812125000,동읍,의창구,35.3173910034582,128.660221711491,148.9,148.9,3,4,13,3,4,14,0,0,1,0,0,0,4,1.0,1.0,1.077,2.0,0.0,1008.3,106.59,811,1126,315,scenario_stable_non_high,other,"300m 이내 배출원 위치 3개, 500m 이내 배출원 위치 4개, 최근접 배출원 149m",,False,해당 시설 유형에 인원 자료 없음,산업·배출시설 공간 노출도,v4 (배출원: 전국 등록공장현황 2024-12-31 반영 5개 구 전역 + 배출업소·폐기물 v2 override 판 / 취약시설: 어린이집·경로당·지역아동센터 + 장애인복지관). geo_level=point 한정
SC0018,모암 경로당,경로당,senior_center,4812125000,동읍,의창구,35.2936939892343,128.67461491787,156.1,156.1,3,8,13,3,9,14,1,1,1,0,0,0,7,1.0,1.125,1.077,2.0,0.0,874.2,105.11,690,1020,330,scenario_stable_non_high,other,"300m 이내 배출원 위치 3개, 500m 이내 배출원 위치 8개, 500m 이내 대기 배출업소 1곳, 최근접 배출원 156m",,False,해당 시설 유형에 인원 자료 없음,산업·배출시설 공간 노출도,v4 (배출원: 전국 등록공장현황 2024-12-31 반영 5개 구 전역 + 배출업소·폐기물 v2 override 판 / 취약시설: 어린이집·경로당·지역아동센터 + 장애인복지관). geo_level=point 한정
SC0019,무성 경로당,경로당,senior_center,4812125000,동읍,의창구,35.2893461034,128.699388591706,21.2,21.2,7,8,10,9,10,12,1,1,0,1,0,1,8,1.286,1.25,1.2,2.0,0.0,586.2,230.91,182,849,667,scenario_stable_non_high,other,"300m 이내 배출원 위치 7개, 500m 이내 배출원 위치 8개, 500m 이내 대기 배출업소 1곳, 500m 이내 소각 처리 사업장 1곳, 최근접 배출원 21m",,False,해당 시설 유형에 인원 자료 없음,산업·배출시설 공간 노출도,v4 (배출원: 전국 등록공장현황 2024-12-31 반영 5개 구 전역 + 배출업소·폐기물 v2 override 판 / 취약시설: 어린이집·경로당·지역아동센터 + 장애인복지관). geo_level=point 한정
SC0020,무성1구경로당,경로당,senior_center,4812125000,동읍,의창구,35.2896309896664,128.697661614851,96.3,96.3,4,7,13,5,9,15,1,0,0,0,0,0,8,1.25,1.286,1.154,2.0,0.0,730.4,130.92,491,873,382,scenario_stable_non_high,other,"300m 이내 배출원 위치 4개, 500m 이내 배출원 위치 7개, 500m 이내 대기 배출업소 1곳, 최근접 배출원 96m",,False,해당 시설 유형에 인원 자료 없음,산업·배출시설 공간 노출도,v4 (배출원: 전국 등록공장현황 2024-12-31 반영 5개 구 전역 + 배출업소·폐기물 v2 override 판 / 취약시설: 어린이집·경로당·지역아동센터 + 장애인복지관). geo_level=point 한정
SC0021,무성1구남자경로당,경로당,senior_center,4812125000,동읍,의창구,35.2896309896664,128.697661614851,96.3,96.3,4,7,13,5,9,15,1,0,0,0,0,0,8,1.25,1.286,1.154,2.0,0.0,730.4,130.92,491,873,382,scenario_stable_non_high,other,"300m 이내 배출원 위치 4개, 500m 이내 배출원 위치 7개, 500m 이내 대기 배출업소 1곳, 최근접 배출원 96m",,False,해당 시설 유형에 인원 자료 없음,산업·배출시설 공간 노출도,v4 (배출원: 전국 등록공장현황 2024-12-31 반영 5개 구 전역 + 배출업소·폐기물 v2 override 판 / 취약시설: 어린이집·경로당·지역아동센터 + 장애인복지관). geo_level=point 한정
SC0022,무성부인 경로당,경로당,senior_center,4812125000,동읍,의창구,35.2893461034,128.699388591706,21.2,21.2,7,8,10,9,10,12,1,1,0,1,0,1,8,1.286,1.25,1.2,2.0,0.0,586.2,230.91,182,849,667,scenario_stable_non_high,other,"300m 이내 배출원 위치 7개, 500m 이내 배출원 위치 8개, 500m 이내 대기 배출업소 1곳, 500m 이내 소각 처리 사업장 1곳, 최근접 배출원 21m",,False,해당 시설 유형에 인원 자료 없음,산업·배출시설 공간 노출도,v4 (배출원: 전국 등록공장현황 2024-12-31 반영 5개 구 전역 + 배출업소·폐기물 v2 override 판 / 취약시설: 어린이집·경로당·지역아동센터 + 장애인복지관). geo_level=point 한정
SC0023,무점 경로당,경로당,senior_center,4812125000,동읍,의창구,35.2942713409088,128.695295287966,280.6,280.6,1,1,11,1,1,13,0,0,1,0,0,0,1,1.0,1.0,1.182,2.0,0.0,1220.2,26.9,1169,1256,87,scenario_stable_non_high,other,"300m 이내 배출원 위치 1개, 500m 이내 배출원 위치 1개, 최근접 배출원 281m",,False,해당 시설 유형에 인원 자료 없음,산업·배출시설 공간 노출도,v4 (배출원: 전국 등록공장현황 2024-12-31 반영 5개 구 전역 + 배출업소·폐기물 v2 override 판 / 취약시설: 어린이집·경로당·지역아동센터 + 장애인복지관). geo_level=point 한정
SC0024,본포 경로당,경로당,senior_center,4812125000,동읍,의창구,35.3685866971388,128.64631480544,1106.1,1106.1,0,0,0,0,0,0,0,0,0,0,0,0,0,,,,2.0,0.0,1584.0,0.0,1584,1584,0,scenario_stable_non_high,other,"1km 이내 배출원 없음 (최근접 1,106m)",,False,해당 시설 유형에 인원 자료 없음,산업·배출시설 공간 노출도,v4 (배출원: 전국 등록공장현황 2024-12-31 반영 5개 구 전역 + 배출업소·폐기물 v2 override 판 / 취약시설: 어린이집·경로당·지역아동센터 + 장애인복지관). geo_level=point 한정
SC0025,봉강 경로당,경로당,senior_center,4812125000,동읍,의창구,35.3509226854878,128.653701274494,258.7,258.7,1,1,2,1,1,2,0,0,0,0,0,0,1,1.0,1.0,1.0,2.0,0.0,1437.2,49.66,1343,1494,151,scenario_stable_non_high,other,"300m 이내 배출원 위치 1개, 500m 이내 배출원 위치 1개, 최근접 배출원 259m",,False,해당 시설 유형에 인원 자료 없음,산업·배출시설 공간 노출도,v4 (배출원: 전국 등록공장현황 2024-12-31 반영 5개 구 전역 + 배출업소·폐기물 v2 override 판 / 취약시설: 어린이집·경로당·지역아동센터 + 장애인복지관). geo_level=point 한정
SC0026,봉곡 경로당,경로당,senior_center,4812125000,동읍,의창구,35.3419129987195,128.65463355262,410.5,410.5,0,1,1,0,1,1,1,0,1,0,0,0,1,,1.0,1.0,2.0,0.0,1436.5,45.71,1352,1499,147,scenario_stable_non_high,other,"500m 이내 배출원 위치 1개, 500m 이내 대기 배출업소 1곳, 최근접 배출원 410m",,False,해당 시설 유형에 인원 자료 없음,산업·배출시설 공간 노출도,v4 (배출원: 전국 등록공장현황 2024-12-31 반영 5개 구 전역 + 배출업소·폐기물 v2 override 판 / 취약시설: 어린이집·경로당·지역아동센터 + 장애인복지관). geo_level=point 한정
SC0027,봉산경로당,경로당,senior_center,4812125000,동읍,의창구,35.2767436624314,128.699788682679,121.9,121.9,3,5,11,4,6,12,1,0,1,1,0,1,6,1.333,1.2,1.091,2.0,0.0,830.3,84.91,681,939,258,scenario_stable_non_high,other,"300m 이내 배출원 위치 3개, 500m 이내 배출원 위치 5개, 500m 이내 대기 배출업소 1곳, 500m 이내 소각 처리 사업장 1곳, 최근접 배출원 122m",,False,해당 시설 유형에 인원 자료 없음,산업·배출시설 공간 노출도,v4 (배출원: 전국 등록공장현황 2024-12-31 반영 5개 구 전역 + 배출업소·폐기물 v2 override 판 / 취약시설: 어린이집·경로당·지역아동센터 + 장애인복지관). geo_level=point 한정
SC0028,산남 경로당,경로당,senior_center,4812125000,동읍,의창구,35.3522847800931,128.677148219608,1001.0,1001.0,0,0,0,0,0,0,0,0,0,0,0,0,0,,,,2.0,0.0,1584.0,0.0,1584,1584,0,scenario_stable_non_high,other,"1km 이내 배출원 없음 (최근접 1,001m)",,False,해당 시설 유형에 인원 자료 없음,산업·배출시설 공간 노출도,v4 (배출원: 전국 등록공장현황 2024-12-31 반영 5개 구 전역 + 배출업소·폐기물 v2 override 판 / 취약시설: 어린이집·경로당·지역아동센터 + 장애인복지관). geo_level=point 한정
SC0029,삼운 경로당,경로당,senior_center,4812125000,동읍,의창구,35.3524124478451,128.656564853497,49.8,49.8,1,1,3,1,1,3,0,0,0,0,0,0,1,1.0,1.0,1.0,2.0,0.0,1306.9,200.63,953,1459,506,scenario_stable_non_high,other,"300m 이내 배출원 위치 1개, 500m 이내 배출원 위치 1개, 최근접 배출원 50m",,False,해당 시설 유형에 인원 자료 없음,산업·배출시설 공간 노출도,v4 (배출원: 전국 등록공장현황 2024-12-31 반영 5개 구 전역 + 배출업소·폐기물 v2 override 판 / 취약시설: 어린이집·경로당·지역아동센터 + 장애인복지관). geo_level=point 한정
SC0030,삼진아파트경로당,경로당,senior_center,4812125000,동읍,의창구,35.280028169826,128.691254687531,205.9,205.9,3,7,16,3,7,20,2,1,1,2,0,2,4,1.0,1.0,1.25,2.0,0.0,686.4,27.01,631,744,113,scenario_stable_non_high,other,"300m 이내 배출원 위치 3개, 500m 이내 배출원 위치 7개, 500m 이내 대기 배출업소 2곳, 500m 이내 소각 처리 사업장 2곳, 최근접 배출원 206m",,False,해당 시설 유형에 인원 자료 없음,산업·배출시설 공간 노출도,v4 (배출원: 전국 등록공장현황 2024-12-31 반영 5개 구 전역 + 배출업소·폐기물 v2 override 판 / 취약시설: 어린이집·경로당·지역아동센터 + 장애인복지관). geo_level=point 한정
SC0031,석산 경로당,경로당,senior_center,4812125000,동읍,의창구,35.3143210831638,128.659502554649,177.3,177.3,4,6,16,4,6,20,0,0,0,0,0,0,6,1.0,1.0,1.25,2.0,0.0,888.3,70.48,757,995,238,scenario_stable_non_high,other,"300m 이내 배출원 위치 4개, 500m 이내 배출원 위치 6개, 최근접 배출원 177m",,False,해당 시설 유형에 인원 자료 없음,산업·배출시설 공간 노출도,v4 (배출원: 전국 등록공장현황 2024-12-31 반영 5개 구 전역 + 배출업소·폐기물 v2 override 판 / 취약시설: 어린이집·경로당·지역아동센터 + 장애인복지관). geo_level=point 한정
SC0032,성진2차경로당,경로당,senior_center,4812125000,동읍,의창구,35.2756155617221,128.705579743348,225.4,225.4,2,3,8,2,3,9,0,0,0,0,0,0,3,1.0,1.0,1.125,2.0,0.0,1166.6,57.87,1073,1243,170,scenario_stable_non_high,other,"300m 이내 배출원 위치 2개, 500m 이내 배출원 위치 3개, 최근접 배출원 225m",,False,해당 시설 유형에 인원 자료 없음,산업·배출시설 공간 노출도,v4 (배출원: 전국 등록공장현황 2024-12-31 반영 5개 구 전역 + 배출업소·폐기물 v2 override 판 / 취약시설: 어린이집·경로당·지역아동센터 + 장애인복지관). geo_level=point 한정
SC0033,성진까치빌라경로당,경로당,senior_center,4812125000,동읍,의창구,35.2769742384364,128.704907522667,334.1,334.1,0,2,8,0,2,9,0,0,0,0,0,0,2,,1.0,1.125,2.0,0.0,1244.7,21.71,1201,1279,78,scenario_stable_non_high,other,"500m 이내 배출원 위치 2개, 최근접 배출원 334m",,False,해당 시설 유형에 인원 자료 없음,산업·배출시설 공간 노출도,v4 (배출원: 전국 등록공장현황 2024-12-31 반영 5개 구 전역 + 배출업소·폐기물 v2 override 판 / 취약시설: 어린이집·경로당·지역아동센터 + 장애인복지관). geo_level=point 한정
SC0034,성진정 경로당,경로당,senior_center,4812125000,동읍,의창구,35.2737238335711,128.706301861789,18.4,18.4,2,3,6,2,3,7,0,0,0,0,0,0,3,1.0,1.0,1.167,2.0,0.0,1135.9,236.67,712,1339,627,scenario_stable_non_high,other,"300m 이내 배출원 위치 2개, 500m 이내 배출원 위치 3개, 최근접 배출원 18m",,False,해당 시설 유형에 인원 자료 없음,산업·배출시설 공간 노출도,v4 (배출원: 전국 등록공장현황 2024-12-31 반영 5개 구 전역 + 배출업소·폐기물 v2 override 판 / 취약시설: 어린이집·경로당·지역아동센터 + 장애인복지관). geo_level=point 한정
SC0035,송정1구경로당,경로당,senior_center,4812125000,동읍,의창구,35.2759719313502,128.701572231753,223.8,223.8,1,5,10,1,6,11,0,0,0,0,0,0,6,1.0,1.2,1.1,2.0,0.0,1039.9,40.77,972,1105,133,scenario_stable_non_high,other,"300m 이내 배출원 위치 1개, 500m 이내 배출원 위치 5개, 최근접 배출원 224m",,False,해당 시설 유형에 인원 자료 없음,산업·배출시설 공간 노출도,v4 (배출원: 전국 등록공장현황 2024-12-31 반영 5개 구 전역 + 배출업소·폐기물 v2 override 판 / 취약시설: 어린이집·경로당·지역아동센터 + 장애인복지관). geo_level=point 한정
SC0036,송정주공APT경로당,경로당,senior_center,4812125000,동읍,의창구,35.2774809287219,128.701090792686,225.9,225.9,2,4,12,3,5,13,0,0,0,0,0,0,5,1.5,1.25,1.083,2.0,0.0,944.2,32.1,895,1013,118,scenario_stable_non_high,other,"300m 이내 배출원 위치 2개, 500m 이내 배출원 위치 4개, 최근접 배출원 226m",,False,해당 시설 유형에 인원 자료 없음,산업·배출시설 공간 노출도,v4 (배출원: 전국 등록공장현황 2024-12-31 반영 5개 구 전역 + 배출업소·폐기물 v2 override 판 / 취약시설: 어린이집·경로당·지역아동센터 + 장애인복지관). geo_level=point 한정
SC0037,신방 경로당,경로당,senior_center,4812125000,동읍,의창구,35.2861273546324,128.680421308884,70.4,70.4,3,4,12,3,5,14,0,2,0,0,0,0,3,1.0,1.25,1.167,2.0,0.0,969.1,189.21,629,1151,522,scenario_stable_non_high,other,"300m 이내 배출원 위치 3개, 500m 이내 배출원 위치 4개, 최근접 배출원 70m",,False,해당 시설 유형에 인원 자료 없음,산업·배출시설 공간 노출도,v4 (배출원: 전국 등록공장현황 2024-12-31 반영 5개 구 전역 + 배출업소·폐기물 v2 override 판 / 취약시설: 어린이집·경로당·지역아동센터 + 장애인복지관). geo_level=point 한정
SC0038,신방 부인 경로당,경로당,senior_center,4812125000,동읍,의창구,35.2861273546324,128.680421308884,70.4,70.4,3,4,12,3,5,14,0,2,0,0,0,0,3,1.0,1.25,1.167,2.0,0.0,969.1,189.21,629,1151,522,scenario_stable_non_high,other,"300m 이내 배출원 위치 3개, 500m 이내 배출원 위치 4개, 최근접 배출원 70m",,False,해당 시설 유형에 인원 자료 없음,산업·배출시설 공간 노출도,v4 (배출원: 전국 등록공장현황 2024-12-31 반영 5개 구 전역 + 배출업소·폐기물 v2 override 판 / 취약시설: 어린이집·경로당·지역아동센터 + 장애인복지관). geo_level=point 한정
SC0039,신안APT 경로당,경로당,senior_center,4812125000,동읍,의창구,35.2778402400316,128.683876766257,129.1,129.1,5,6,12,7,8,15,1,0,0,1,0,1,6,1.4,1.333,1.25,2.0,0.0,729.1,159.37,454,956,502,scenario_stable_non_high,other,"300m 이내 배출원 위치 5개, 500m 이내 배출원 위치 6개, 500m 이내 대기 배출업소 1곳, 500m 이내 소각 처리 사업장 1곳, 최근접 배출원 129m",,False,해당 시설 유형에 인원 자료 없음,산업·배출시설 공간 노출도,v4 (배출원: 전국 등록공장현황 2024-12-31 반영 5개 구 전역 + 배출업소·폐기물 v2 override 판 / 취약시설: 어린이집·경로당·지역아동센터 + 장애인복지관). geo_level=point 한정
SC0040,양교경로당,경로당,senior_center,4812125000,동읍,의창구,35.3427889245524,128.667781955609,57.1,57.1,2,2,5,2,2,5,0,0,0,0,0,0,2,1.0,1.0,1.0,2.0,0.0,1206.7,198.29,851,1376,525,scenario_stable_non_high,other,"300m 이내 배출원 위치 2개, 500m 이내 배출원 위치 2개, 최근접 배출원 57m",,False,해당 시설 유형에 인원 자료 없음,산업·배출시설 공간 노출도,v4 (배출원: 전국 등록공장현황 2024-12-31 반영 5개 구 전역 + 배출업소·폐기물 v2 override 판 / 취약시설: 어린이집·경로당·지역아동센터 + 장애인복지관). geo_level=point 한정
SC0041,외단경로당,경로당,senior_center,4812125000,동읍,의창구,35.2705500597678,128.710881649389,551.5,551.5,0,0,3,0,0,3,0,0,0,0,0,0,0,,,1.0,2.0,0.0,1508.8,13.2,1490,1532,42,scenario_stable_non_high,other,1km 이내 배출원 없음 (최근접 552m),,False,해당 시설 유형에 인원 자료 없음,산업·배출시설 공간 노출도,v4 (배출원: 전국 등록공장현황 2024-12-31 반영 5개 구 전역 + 배출업소·폐기물 v2 override 판 / 취약시설: 어린이집·경로당·지역아동센터 + 장애인복지관). geo_level=point 한정
SC0042,용강 경로당,경로당,senior_center,4812125000,동읍,의창구,35.2703829876475,128.636895866995,239.0,239.0,1,1,6,1,1,6,0,0,0,0,0,0,1,1.0,1.0,1.0,2.0,0.0,1380.4,51.88,1272,1428,156,scenario_stable_non_high,other,"300m 이내 배출원 위치 1개, 500m 이내 배출원 위치 1개, 최근접 배출원 239m",,False,해당 시설 유형에 인원 자료 없음,산업·배출시설 공간 노출도,v4 (배출원: 전국 등록공장현황 2024-12-31 반영 5개 구 전역 + 배출업소·폐기물 v2 override 판 / 취약시설: 어린이집·경로당·지역아동센터 + 장애인복지관). geo_level=point 한정
SC0043,용산 경로당,경로당,senior_center,4812125000,동읍,의창구,35.3308588358858,128.676141671023,42.8,42.8,3,3,5,5,5,7,0,0,0,0,0,0,5,1.667,1.667,1.4,2.0,0.0,1036.7,310.86,484,1299,815,scenario_stable_non_high,other,"300m 이내 배출원 위치 3개, 500m 이내 배출원 위치 3개, 최근접 배출원 43m",,False,해당 시설 유형에 인원 자료 없음,산업·배출시설 공간 노출도,v4 (배출원: 전국 등록공장현황 2024-12-31 반영 5개 구 전역 + 배출업소·폐기물 v2 override 판 / 취약시설: 어린이집·경로당·지역아동센터 + 장애인복지관). geo_level=point 한정
SC0044,용산부인경로당,경로당,senior_center,4812125000,동읍,의창구,35.3308588358858,128.676141671023,42.8,42.8,3,3,5,5,5,7,0,0,0,0,0,0,5,1.667,1.667,1.4,2.0,0.0,1036.7,310.86,484,1299,815,scenario_stable_non_high,other,"300m 이내 배출원 위치 3개, 500m 이내 배출원 위치 3개, 최근접 배출원 43m",,False,해당 시설 유형에 인원 자료 없음,산업·배출시설 공간 노출도,v4 (배출원: 전국 등록공장현황 2024-12-31 반영 5개 구 전역 + 배출업소·폐기물 v2 override 판 / 취약시설: 어린이집·경로당·지역아동센터 + 장애인복지관). geo_level=point 한정
SC0045,용암 경로당,경로당,senior_center,4812125000,동읍,의창구,35.272406170253,128.645600476199,103.8,103.8,3,3,5,3,3,5,0,0,0,0,0,0,3,1.0,1.0,1.0,2.0,0.0,1108.3,250.56,661,1343,682,scenario_stable_non_high,other,"300m 이내 배출원 위치 3개, 500m 이내 배출원 위치 3개, 최근접 배출원 104m",,False,해당 시설 유형에 인원 자료 없음,산업·배출시설 공간 노출도,v4 (배출원: 전국 등록공장현황 2024-12-31 반영 5개 구 전역 + 배출업소·폐기물 v2 override 판 / 취약시설: 어린이집·경로당·지역아동센터 + 장애인복지관). geo_level=point 한정
SC0046,용연 경로당,경로당,senior_center,4812125000,동읍,의창구,35.3544442532573,128.670126873839,782.6,782.6,0,0,1,0,0,1,0,0,0,0,0,0,0,,,1.0,2.0,0.0,1550.8,0.84,1548,1551,3,scenario_stable_non_high,other,1km 이내 배출원 없음 (최근접 783m),,False,해당 시설 유형에 인원 자료 없음,산업·배출시설 공간 노출도,v4 (배출원: 전국 등록공장현황 2024-12-31 반영 5개 구 전역 + 배출업소·폐기물 v2 override 판 / 취약시설: 어린이집·경로당·지역아동센터 + 장애인복지관). geo_level=point 한정
SC0047,용잠1구 경로당,경로당,senior_center,4812125000,동읍,의창구,35.2794091527296,128.688105097373,63.2,63.2,4,7,17,4,8,21,1,0,0,1,0,1,6,1.0,1.143,1.235,2.0,0.0,562.4,143.63,292,721,429,scenario_stable_non_high,other,"300m 이내 배출원 위치 4개, 500m 이내 배출원 위치 7개, 500m 이내 대기 배출업소 1곳, 500m 이내 소각 처리 사업장 1곳, 최근접 배출원 63m",,False,해당 시설 유형에 인원 자료 없음,산업·배출시설 공간 노출도,v4 (배출원: 전국 등록공장현황 2024-12-31 반영 5개 구 전역 + 배출업소·폐기물 v2 override 판 / 취약시설: 어린이집·경로당·지역아동센터 + 장애인복지관). geo_level=point 한정
SC0048,용잠2구 경로당,경로당,senior_center,4812125000,동읍,의창구,35.2781792902194,128.689439697085,90.5,90.5,5,7,14,5,8,17,1,1,0,1,0,1,5,1.0,1.143,1.214,2.0,0.0,586.5,122.98,362,738,376,scenario_stable_non_high,other,"300m 이내 배출원 위치 5개, 500m 이내 배출원 위치 7개, 500m 이내 대기 배출업소 1곳, 500m 이내 소각 처리 사업장 1곳, 최근접 배출원 90m",,False,해당 시설 유형에 인원 자료 없음,산업·배출시설 공간 노출도,v4 (배출원: 전국 등록공장현황 2024-12-31 반영 5개 구 전역 + 배출업소·폐기물 v2 override 판 / 취약시설: 어린이집·경로당·지역아동센터 + 장애인복지관). geo_level=point 한정
SC0049,용잠3구 경로당,경로당,senior_center,4812125000,동읍,의창구,35.2790520569916,128.685419600303,159.0,159.0,5,7,14,6,9,17,1,0,0,1,0,1,7,1.2,1.286,1.214,2.0,0.0,624.3,145.58,370,820,450,scenario_stable_non_high,other,"300m 이내 배출원 위치 5개, 500m 이내 배출원 위치 7개, 500m 이내 대기 배출업소 1곳, 500m 이내 소각 처리 사업장 1곳, 최근접 배출원 159m",,False,해당 시설 유형에 인원 자료 없음,산업·배출시설 공간 노출도,v4 (배출원: 전국 등록공장현황 2024-12-31 반영 5개 구 전역 + 배출업소·폐기물 v2 override 판 / 취약시설: 어린이집·경로당·지역아동센터 + 장애인복지관). geo_level=point 한정
SC0050,용잠6구경로당,경로당,senior_center,4812125000,동읍,의창구,35.2807766548505,128.690375855807,274.6,274.6,2,6,17,2,6,21,1,1,0,1,0,1,3,1.0,1.0,1.235,2.0,0.0,776.3,34.88,721,830,109,scenario_stable_non_high,other,"300m 이내 배출원 위치 2개, 500m 이내 배출원 위치 6개, 500m 이내 대기 배출업소 1곳, 500m 이내 소각 처리 사업장 1곳, 최근접 배출원 275m",,False,해당 시설 유형에 인원 자료 없음,산업·배출시설 공간 노출도,v4 (배출원: 전국 등록공장현황 2024-12-31 반영 5개 구 전역 + 배출업소·폐기물 v2 override 판 / 취약시설: 어린이집·경로당·지역아동센터 + 장애인복지관). geo_level=point 한정
SC0051,용잠본동경로당,경로당,senior_center,4812125000,동읍,의창구,35.2829298693522,128.679031945545,365.4,365.4,0,3,12,0,3,15,0,2,0,0,0,0,1,,1.0,1.25,2.0,0.0,1237.9,26.03,1183,1286,103,scenario_stable_non_high,other,"500m 이내 배출원 위치 3개, 최근접 배출원 365m",,False,해당 시설 유형에 인원 자료 없음,산업·배출시설 공간 노출도,v4 (배출원: 전국 등록공장현황 2024-12-31 반영 5개 구 전역 + 배출업소·폐기물 v2 override 판 / 취약시설: 어린이집·경로당·지역아동센터 + 장애인복지관). geo_level=point 한정
SC0052,용잠본동부인경로당,경로당,senior_center,4812125000,동읍,의창구,35.2829298693522,128.679031945545,365.4,365.4,0,3,12,0,3,15,0,2,0,0,0,0,1,,1.0,1.25,2.0,0.0,1237.9,26.03,1183,1286,103,scenario_stable_non_high,other,"500m 이내 배출원 위치 3개, 최근접 배출원 365m",,False,해당 시설 유형에 인원 자료 없음,산업·배출시설 공간 노출도,v4 (배출원: 전국 등록공장현황 2024-12-31 반영 5개 구 전역 + 배출업소·폐기물 v2 override 판 / 취약시설: 어린이집·경로당·지역아동센터 + 장애인복지관). geo_level=point 한정
SC0053,용전경로당,경로당,senior_center,4812125000,동읍,의창구,35.2767692077591,128.656521850291,1118.5,1118.5,0,0,0,0,0,0,0,0,0,0,0,0,0,,,,2.0,0.0,1584.0,0.0,1584,1584,0,scenario_stable_non_high,other,"1km 이내 배출원 없음 (최근접 1,118m)",,False,해당 시설 유형에 인원 자료 없음,산업·배출시설 공간 노출도,v4 (배출원: 전국 등록공장현황 2024-12-31 반영 5개 구 전역 + 배출업소·폐기물 v2 override 판 / 취약시설: 어린이집·경로당·지역아동센터 + 장애인복지관). geo_level=point 한정
SC0054,용정1구 경로당,경로당,senior_center,4812125000,동읍,의창구,35.2749829658971,128.703197013426,69.1,69.1,1,4,8,1,5,9,0,0,0,0,0,0,5,1.0,1.25,1.125,2.0,0.0,1058.6,120.74,832,1166,334,scenario_stable_non_high,other,"300m 이내 배출원 위치 1개, 500m 이내 배출원 위치 4개, 최근접 배출원 69m",,False,해당 시설 유형에 인원 자료 없음,산업·배출시설 공간 노출도,v4 (배출원: 전국 등록공장현황 2024-12-31 반영 5개 구 전역 + 배출업소·폐기물 v2 override 판 / 취약시설: 어린이집·경로당·지역아동센터 + 장애인복지관). geo_level=point 한정
SC0055,용정2구 경로당,경로당,senior_center,4812125000,동읍,의창구,35.2743399474058,128.705985431264,79.3,79.3,3,3,6,3,3,7,0,0,0,0,0,0,3,1.0,1.0,1.167,2.0,0.0,1165.6,174.89,853,1351,498,scenario_stable_non_high,other,"300m 이내 배출원 위치 3개, 500m 이내 배출원 위치 3개, 최근접 배출원 79m",,False,해당 시설 유형에 인원 자료 없음,산업·배출시설 공간 노출도,v4 (배출원: 전국 등록공장현황 2024-12-31 반영 5개 구 전역 + 배출업소·폐기물 v2 override 판 / 취약시설: 어린이집·경로당·지역아동센터 + 장애인복지관). geo_level=point 한정
SC0056,용정3구경로당,경로당,senior_center,4812125000,동읍,의창구,35.2753138017281,128.704412361144,161.3,161.3,2,3,8,2,3,9,0,0,0,0,0,0,3,1.0,1.0,1.125,2.0,0.0,1107.6,81.03,962,1203,241,scenario_stable_non_high,other,"300m 이내 배출원 위치 2개, 500m 이내 배출원 위치 3개, 최근접 배출원 161m",,False,해당 시설 유형에 인원 자료 없음,산업·배출시설 공간 노출도,v4 (배출원: 전국 등록공장현황 2024-12-31 반영 5개 구 전역 + 배출업소·폐기물 v2 override 판 / 취약시설: 어린이집·경로당·지역아동센터 + 장애인복지관). geo_level=point 한정
SC0057,원봉강 경로당,경로당,senior_center,4812125000,동읍,의창구,35.3555966768397,128.653801642276,430.7,430.7,0,1,2,0,1,2,0,0,0,0,0,0,1,,1.0,1.0,2.0,0.0,1500.8,24.95,1452,1526,74,scenario_stable_non_high,other,"500m 이내 배출원 위치 1개, 최근접 배출원 431m",,False,해당 시설 유형에 인원 자료 없음,산업·배출시설 공간 노출도,v4 (배출원: 전국 등록공장현황 2024-12-31 반영 5개 구 전역 + 배출업소·폐기물 v2 override 판 / 취약시설: 어린이집·경로당·지역아동센터 + 장애인복지관). geo_level=point 한정
SC0058,원창아파트 경로당,경로당,senior_center,4812125000,동읍,의창구,35.2771291158028,128.685039941893,51.4,51.4,5,6,12,7,8,14,1,0,0,1,0,1,6,1.4,1.333,1.167,2.0,0.0,662.5,164.01,382,879,497,scenario_stable_non_high,other,"300m 이내 배출원 위치 5개, 500m 이내 배출원 위치 6개, 500m 이내 대기 배출업소 1곳, 500m 이내 소각 처리 사업장 1곳, 최근접 배출원 51m",,False,해당 시설 유형에 인원 자료 없음,산업·배출시설 공간 노출도,v4 (배출원: 전국 등록공장현황 2024-12-31 반영 5개 구 전역 + 배출업소·폐기물 v2 override 판 / 취약시설: 어린이집·경로당·지역아동센터 + 장애인복지관). geo_level=point 한정
SC0059,월잠 경로당,경로당,senior_center,4812125000,동읍,의창구,35.3034313764458,128.674055714086,331.5,331.5,0,3,16,0,6,22,0,0,0,0,0,0,6,,2.0,1.375,2.0,0.0,1127.1,29.26,1074,1188,114,scenario_stable_non_high,other,"500m 이내 배출원 위치 3개, 최근접 배출원 332m",,False,해당 시설 유형에 인원 자료 없음,산업·배출시설 공간 노출도,v4 (배출원: 전국 등록공장현황 2024-12-31 반영 5개 구 전역 + 배출업소·폐기물 v2 override 판 / 취약시설: 어린이집·경로당·지역아동센터 + 장애인복지관). geo_level=point 한정
SC0060,이운 경로당,경로당,senior_center,4812125000,동읍,의창구,35.3046903463161,128.655672955321,38.6,38.6,3,8,15,4,12,22,0,0,0,0,0,0,12,1.333,1.5,1.467,2.0,0.0,804.0,131.93,572,938,366,scenario_stable_non_high,other,"300m 이내 배출원 위치 3개, 500m 이내 배출원 위치 8개, 최근접 배출원 39m",,False,해당 시설 유형에 인원 자료 없음,산업·배출시설 공간 노출도,v4 (배출원: 전국 등록공장현황 2024-12-31 반영 5개 구 전역 + 배출업소·폐기물 v2 override 판 / 취약시설: 어린이집·경로당·지역아동센터 + 장애인복지관). geo_level=point 한정
SC0061,전촌 경로당,경로당,senior_center,4812125000,동읍,의창구,35.3585814218634,128.652257028515,310.5,310.5,0,1,2,0,1,2,0,0,0,0,0,0,1,,1.0,1.0,2.0,0.0,1483.7,46.48,1399,1526,127,scenario_stable_non_high,other,"500m 이내 배출원 위치 1개, 최근접 배출원 310m",,False,해당 시설 유형에 인원 자료 없음,산업·배출시설 공간 노출도,v4 (배출원: 전국 등록공장현황 2024-12-31 반영 5개 구 전역 + 배출업소·폐기물 v2 override 판 / 취약시설: 어린이집·경로당·지역아동센터 + 장애인복지관). geo_level=point 한정
SC0062,죽동 경로당,경로당,senior_center,4812125000,동읍,의창구,35.3528503947903,128.680649284636,830.8,830.8,0,0,2,0,0,2,0,0,0,0,0,0,0,,,1.0,2.0,0.0,1544.9,3.25,1540,1549,9,scenario_stable_non_high,other,1km 이내 배출원 없음 (최근접 831m),,False,해당 시설 유형에 인원 자료 없음,산업·배출시설 공간 노출도,v4 (배출원: 전국 등록공장현황 2024-12-31 반영 5개 구 전역 + 배출업소·폐기물 v2 override 판 / 취약시설: 어린이집·경로당·지역아동센터 + 장애인복지관). geo_level=point 한정
SC0063,칠성그린APT 경로당,경로당,senior_center,4812125000,동읍,의창구,35.2920789078948,128.676132058973,93.9,93.9,1,5,15,1,6,17,0,1,0,0,0,0,5,1.0,1.2,1.133,2.0,0.0,973.2,95.44,818,1105,287,scenario_stable_non_high,other,"300m 이내 배출원 위치 1개, 500m 이내 배출원 위치 5개, 최근접 배출원 94m",,False,해당 시설 유형에 인원 자료 없음,산업·배출시설 공간 노출도,v4 (배출원: 전국 등록공장현황 2024-12-31 반영 5개 구 전역 + 배출업소·폐기물 v2 override 판 / 취약시설: 어린이집·경로당·지역아동센터 + 장애인복지관). geo_level=point 한정
SC0064,판신경로당,경로당,senior_center,4812125000,동읍,의창구,35.3075701022751,128.687195978994,60.0,60.0,3,5,12,3,6,14,0,0,0,0,0,0,6,1.0,1.2,1.167,2.0,0.0,936.6,190.03,593,1121,528,scenario_stable_non_high,other,"300m 이내 배출원 위치 3개, 500m 이내 배출원 위치 5개, 최근접 배출원 60m",,False,해당 시설 유형에 인원 자료 없음,산업·배출시설 공간 노출도,v4 (배출원: 전국 등록공장현황 2024-12-31 반영 5개 구 전역 + 배출업소·폐기물 v2 override 판 / 취약시설: 어린이집·경로당·지역아동센터 + 장애인복지관). geo_level=point 한정
SC0065,합산 경로당,경로당,senior_center,4812125000,동읍,의창구,35.3365888076645,128.676029714664,644.7,644.7,0,0,7,0,0,9,0,0,0,0,0,0,0,,,1.286,2.0,0.0,1469.5,19.7,1434,1504,70,scenario_stable_non_high,other,1km 이내 배출원 없음 (최근접 645m),,False,해당 시설 유형에 인원 자료 없음,산업·배출시설 공간 노출도,v4 (배출원: 전국 등록공장현황 2024-12-31 반영 5개 구 전역 + 배출업소·폐기물 v2 override 판 / 취약시설: 어린이집·경로당·지역아동센터 + 장애인복지관). geo_level=point 한정
SC0066,화목 경로당,경로당,senior_center,4812125000,동읍,의창구,35.301195888317,128.649746207228,634.9,634.9,0,0,10,0,0,16,0,0,0,0,0,0,0,,,1.6,2.0,0.0,1420.9,33.73,1374,1479,105,scenario_stable_non_high,other,1km 이내 배출원 없음 (최근접 635m),,False,해당 시설 유형에 인원 자료 없음,산업·배출시설 공간 노출도,v4 (배출원: 전국 등록공장현황 2024-12-31 반영 5개 구 전역 + 배출업소·폐기물 v2 override 판 / 취약시설: 어린이집·경로당·지역아동센터 + 장애인복지관). geo_level=point 한정
SC0067,가곡 경로당,경로당,senior_center,4812125000,동읍,의창구,35.3590351821866,128.644388950681,645.0,645.0,0,0,2,0,0,2,0,0,0,0,0,0,0,,,1.0,2.0,0.0,1529.3,7.1,1512,1537,25,scenario_stable_non_high,other,1km 이내 배출원 없음 (최근접 645m),,False,해당 시설 유형에 인원 자료 없음,산업·배출시설 공간 노출도,v4 (배출원: 전국 등록공장현황 2024-12-31 반영 5개 구 전역 + 배출업소·폐기물 v2 override 판 / 취약시설: 어린이집·경로당·지역아동센터 + 장애인복지관). geo_level=point 한정
SC0068,용잠1구여성경로당,경로당,senior_center,4812125000,동읍,의창구,35.2793249319161,128.688185995461,62.9,62.9,4,8,17,4,9,21,1,1,0,1,0,1,6,1.0,1.125,1.235,2.0,0.0,551.9,144.23,282,717,435,scenario_stable_non_high,other,"300m 이내 배출원 위치 4개, 500m 이내 배출원 위치 8개, 500m 이내 대기 배출업소 1곳, 500m 이내 소각 처리 사업장 1곳, 최근접 배출원 63m",,False,해당 시설 유형에 인원 자료 없음,산업·배출시설 공간 노출도,v4 (배출원: 전국 등록공장현황 2024-12-31 반영 5개 구 전역 + 배출업소·폐기물 v2 override 판 / 취약시설: 어린이집·경로당·지역아동센터 + 장애인복지관). geo_level=point 한정
SC0069,STX칸1차아파트경로당,경로당,senior_center,4812131000,북면,의창구,35.3226501680936,128.582463434212,321.5,321.5,0,4,19,0,5,21,1,1,1,0,0,0,4,,1.25,1.105,5.0,0.0,1021.7,35.24,962,1089,127,scenario_stable_non_high,other,"500m 이내 배출원 위치 4개, 500m 이내 대기 배출업소 1곳, 최근접 배출원 322m",,False,해당 시설 유형에 인원 자료 없음,산업·배출시설 공간 노출도,v4 (배출원: 전국 등록공장현황 2024-12-31 반영 5개 구 전역 + 배출업소·폐기물 v2 override 판 / 취약시설: 어린이집·경로당·지역아동센터 + 장애인복지관). geo_level=point 한정
SC0070,감계아내1차아파트경로당,경로당,senior_center,4812131000,북면,의창구,35.3039458671165,128.590114589777,537.3,537.3,0,0,32,0,0,41,0,0,0,0,0,0,0,,,1.281,5.0,0.0,965.5,175.51,733,1249,516,scenario_stable_non_high,other,1km 이내 배출원 없음 (최근접 537m),,False,해당 시설 유형에 인원 자료 없음,산업·배출시설 공간 노출도,v4 (배출원: 전국 등록공장현황 2024-12-31 반영 5개 구 전역 + 배출업소·폐기물 v2 override 판 / 취약시설: 어린이집·경로당·지역아동센터 + 장애인복지관). geo_level=point 한정
SC0071,감계아내2차아파트경로당,경로당,senior_center,4812131000,북면,의창구,35.3018875666604,128.597232463567,250.7,250.7,1,9,27,1,12,36,1,2,0,0,0,0,9,1.0,1.333,1.333,5.0,0.0,757.8,57.77,649,863,214,scenario_stable_non_high,other,"300m 이내 배출원 위치 1개, 500m 이내 배출원 위치 9개, 500m 이내 대기 배출업소 1곳, 최근접 배출원 251m",,False,해당 시설 유형에 인원 자료 없음,산업·배출시설 공간 노출도,v4 (배출원: 전국 등록공장현황 2024-12-31 반영 5개 구 전역 + 배출업소·폐기물 v2 override 판 / 취약시설: 어린이집·경로당·지역아동센터 + 장애인복지관). geo_level=point 한정
SC0072,감계푸르지오아파트경로당,경로당,senior_center,4812131000,북면,의창구,35.3012178229264,128.58517619947,340.8,340.8,0,10,26,0,11,30,0,0,0,1,0,0,11,,1.1,1.154,5.0,0.0,724.3,80.04,603,863,260,scenario_stable_non_high,other,"500m 이내 배출원 위치 10개, 최근접 배출원 341m",,False,해당 시설 유형에 인원 자료 없음,산업·배출시설 공간 노출도,v4 (배출원: 전국 등록공장현황 2024-12-31 반영 5개 구 전역 + 배출업소·폐기물 v2 override 판 / 취약시설: 어린이집·경로당·지역아동센터 + 장애인복지관). geo_level=point 한정
SC0073,감계휴먼빌경로당,경로당,senior_center,4812131000,북면,의창구,35.3043566393246,128.595239347987,209.6,209.6,2,6,20,2,10,26,1,1,0,0,0,0,8,1.0,1.667,1.3,5.0,0.0,882.7,22.98,845,931,86,scenario_stable_non_high,other,"300m 이내 배출원 위치 2개, 500m 이내 배출원 위치 6개, 500m 이내 대기 배출업소 1곳, 최근접 배출원 210m",,False,해당 시설 유형에 인원 자료 없음,산업·배출시설 공간 노출도,v4 (배출원: 전국 등록공장현황 2024-12-31 반영 5개 구 전역 + 배출업소·폐기물 v2 override 판 / 취약시설: 어린이집·경로당·지역아동센터 + 장애인복지관). geo_level=point 한정
SC0074,감계힐스테이트1차아파트경로당,경로당,senior_center,4812131000,북면,의창구,35.3036054414051,128.597773809206,166.3,166.3,3,7,15,5,11,21,1,1,0,0,0,0,9,1.667,1.571,1.4,5.0,0.0,861.1,66.83,746,955,209,scenario_stable_non_high,other,"300m 이내 배출원 위치 3개, 500m 이내 배출원 위치 7개, 500m 이내 대기 배출업소 1곳, 최근접 배출원 166m",,False,해당 시설 유형에 인원 자료 없음,산업·배출시설 공간 노출도,v4 (배출원: 전국 등록공장현황 2024-12-31 반영 5개 구 전역 + 배출업소·폐기물 v2 override 판 / 취약시설: 어린이집·경로당·지역아동센터 + 장애인복지관). geo_level=point 한정
SC0075,감계힐스테이트2차아파트경로당,경로당,senior_center,4812131000,북면,의창구,35.3038179212773,128.598246428395,159.8,159.8,3,7,14,5,11,20,1,1,0,0,0,0,9,1.667,1.571,1.429,5.0,0.0,858.6,89.01,703,977,274,scenario_stable_non_high,other,"300m 이내 배출원 위치 3개, 500m 이내 배출원 위치 7개, 500m 이내 대기 배출업소 1곳, 최근접 배출원 160m",,False,해당 시설 유형에 인원 자료 없음,산업·배출시설 공간 노출도,v4 (배출원: 전국 등록공장현황 2024-12-31 반영 5개 구 전역 + 배출업소·폐기물 v2 override 판 / 취약시설: 어린이집·경로당·지역아동센터 + 장애인복지관). geo_level=point 한정
SC0076,감계힐스테이트3차아파트경로당,경로당,senior_center,4812131000,북면,의창구,35.3025584933037,128.589609880691,457.5,457.5,0,3,31,0,4,39,0,0,0,0,0,0,4,,1.333,1.258,5.0,0.0,797.9,132.8,599,992,393,scenario_stable_non_high,other,"500m 이내 배출원 위치 3개, 최근접 배출원 458m",,False,해당 시설 유형에 인원 자료 없음,산업·배출시설 공간 노출도,v4 (배출원: 전국 등록공장현황 2024-12-31 반영 5개 구 전역 + 배출업소·폐기물 v2 override 판 / 취약시설: 어린이집·경로당·지역아동센터 + 장애인복지관). geo_level=point 한정
SC0077,감계힐스테이트4차아파트경로당,경로당,senior_center,4812131000,북면,의창구,35.3026690822443,128.582815061682,592.7,592.7,0,0,23,0,0,26,0,0,0,0,0,0,0,,,1.13,5.0,0.0,1156.8,131.63,987,1376,389,scenario_stable_non_high,other,1km 이내 배출원 없음 (최근접 593m),,False,해당 시설 유형에 인원 자료 없음,산업·배출시설 공간 노출도,v4 (배출원: 전국 등록공장현황 2024-12-31 반영 5개 구 전역 + 배출업소·폐기물 v2 override 판 / 취약시설: 어린이집·경로당·지역아동센터 + 장애인복지관). geo_level=point 한정
SC0078,고암경로당,경로당,senior_center,4812131000,북면,의창구,35.2952828389041,128.63003674415,1859.0,1859.0,0,0,0,0,0,0,0,0,0,0,0,0,0,,,,5.0,0.0,1584.0,0.0,1584,1584,0,scenario_stable_non_high,other,"1km 이내 배출원 없음 (최근접 1,859m)",,False,해당 시설 유형에 인원 자료 없음,산업·배출시설 공간 노출도,v4 (배출원: 전국 등록공장현황 2024-12-31 반영 5개 구 전역 + 배출업소·폐기물 v2 override 판 / 취약시설: 어린이집·경로당·지역아동센터 + 장애인복지관). geo_level=point 한정
SC0079,남백경로당,경로당,senior_center,4812131000,북면,의창구,35.3186418672503,128.637287810424,51.5,51.5,2,6,12,2,7,13,0,0,1,1,0,0,5,1.0,1.167,1.083,5.0,0.0,887.9,139.07,640,1040,400,scenario_stable_non_high,other,"300m 이내 배출원 위치 2개, 500m 이내 배출원 위치 6개, 최근접 배출원 52m",,False,해당 시설 유형에 인원 자료 없음,산업·배출시설 공간 노출도,v4 (배출원: 전국 등록공장현황 2024-12-31 반영 5개 구 전역 + 배출업소·폐기물 v2 override 판 / 취약시설: 어린이집·경로당·지역아동센터 + 장애인복지관). geo_level=point 한정
SC0080,내감경로당,경로당,senior_center,4812131000,북면,의창구,35.3010794992475,128.590802087188,278.1,278.1,1,15,31,1,17,39,1,1,0,1,0,0,16,1.0,1.133,1.258,5.0,0.0,552.0,64.47,449,660,211,scenario_stable_non_high,other,"300m 이내 배출원 위치 1개, 500m 이내 배출원 위치 15개, 500m 이내 대기 배출업소 1곳, 최근접 배출원 278m",,False,해당 시설 유형에 인원 자료 없음,산업·배출시설 공간 노출도,v4 (배출원: 전국 등록공장현황 2024-12-31 반영 5개 구 전역 + 배출업소·폐기물 v2 override 판 / 취약시설: 어린이집·경로당·지역아동센터 + 장애인복지관). geo_level=point 한정
SC0081,내감부인경로당,경로당,senior_center,4812131000,북면,의창구,35.3010794992475,128.590802087188,278.1,278.1,1,15,31,1,17,39,1,1,0,1,0,0,16,1.0,1.133,1.258,5.0,0.0,552.0,64.47,449,660,211,scenario_stable_non_high,other,"300m 이내 배출원 위치 1개, 500m 이내 배출원 위치 15개, 500m 이내 대기 배출업소 1곳, 최근접 배출원 278m",,False,해당 시설 유형에 인원 자료 없음,산업·배출시설 공간 노출도,v4 (배출원: 전국 등록공장현황 2024-12-31 반영 5개 구 전역 + 배출업소·폐기물 v2 override 판 / 취약시설: 어린이집·경로당·지역아동센터 + 장애인복지관). geo_level=point 한정
SC0082,내산경로당,경로당,senior_center,4812131000,북면,의창구,35.3761243099612,128.590253248941,1781.5,1781.5,0,0,0,0,0,0,0,0,0,0,0,0,0,,,,5.0,0.0,1584.0,0.0,1584,1584,0,scenario_stable_non_high,other,"1km 이내 배출원 없음 (최근접 1,782m)",,False,해당 시설 유형에 인원 자료 없음,산업·배출시설 공간 노출도,v4 (배출원: 전국 등록공장현황 2024-12-31 반영 5개 구 전역 + 배출업소·폐기물 v2 override 판 / 취약시설: 어린이집·경로당·지역아동센터 + 장애인복지관). geo_level=point 한정
SC0083,대천경로당,경로당,senior_center,4812131000,북면,의창구,35.3095086737663,128.602549467168,337.3,337.3,0,6,32,0,7,42,1,0,0,0,0,0,6,,1.167,1.312,5.0,0.0,762.6,93.33,634,931,297,scenario_stable_non_high,other,"500m 이내 배출원 위치 6개, 500m 이내 대기 배출업소 1곳, 최근접 배출원 337m",,False,해당 시설 유형에 인원 자료 없음,산업·배출시설 공간 노출도,v4 (배출원: 전국 등록공장현황 2024-12-31 반영 5개 구 전역 + 배출업소·폐기물 v2 override 판 / 취약시설: 어린이집·경로당·지역아동센터 + 장애인복지관). geo_level=point 한정
SC0084,대한경로당,경로당,senior_center,4812131000,북면,의창구,35.2885584875655,128.618563661406,612.1,612.1,0,0,2,0,0,2,0,0,0,0,0,0,0,,,1.0,5.0,0.0,1535.8,7.15,1522,1541,19,scenario_stable_non_high,other,1km 이내 배출원 없음 (최근접 612m),,False,해당 시설 유형에 인원 자료 없음,산업·배출시설 공간 노출도,v4 (배출원: 전국 등록공장현황 2024-12-31 반영 5개 구 전역 + 배출업소·폐기물 v2 override 판 / 취약시설: 어린이집·경로당·지역아동센터 + 장애인복지관). geo_level=point 한정
SC0085,대호아파트경로당,경로당,senior_center,4812131000,북면,의창구,35.345664562235,128.605796953863,627.8,627.8,0,0,3,0,0,3,0,0,0,0,0,0,0,,,1.0,5.0,0.0,1450.7,22.04,1407,1489,82,scenario_stable_non_high,other,1km 이내 배출원 없음 (최근접 628m),,False,해당 시설 유형에 인원 자료 없음,산업·배출시설 공간 노출도,v4 (배출원: 전국 등록공장현황 2024-12-31 반영 5개 구 전역 + 배출업소·폐기물 v2 override 판 / 취약시설: 어린이집·경로당·지역아동센터 + 장애인복지관). geo_level=point 한정
SC0086,동전경로당,경로당,senior_center,4812131000,북면,의창구,35.3165416437893,128.596764238563,185.7,185.7,3,9,44,3,10,53,0,1,0,0,0,0,9,1.0,1.111,1.205,5.0,0.0,611.9,91.08,475,775,300,scenario_stable_non_high,other,"300m 이내 배출원 위치 3개, 500m 이내 배출원 위치 9개, 최근접 배출원 186m",,False,해당 시설 유형에 인원 자료 없음,산업·배출시설 공간 노출도,v4 (배출원: 전국 등록공장현황 2024-12-31 반영 5개 구 전역 + 배출업소·폐기물 v2 override 판 / 취약시설: 어린이집·경로당·지역아동센터 + 장애인복지관). geo_level=point 한정
SC0087,마산경로당,경로당,senior_center,4812131000,북면,의창구,35.3422886807419,128.621236126665,127.7,127.7,6,6,6,6,6,6,0,0,0,0,0,0,6,1.0,1.0,1.0,5.0,0.0,984.0,183.32,663,1221,558,scenario_stable_non_high,other,"300m 이내 배출원 위치 6개, 500m 이내 배출원 위치 6개, 최근접 배출원 128m",,False,해당 시설 유형에 인원 자료 없음,산업·배출시설 공간 노출도,v4 (배출원: 전국 등록공장현황 2024-12-31 반영 5개 구 전역 + 배출업소·폐기물 v2 override 판 / 취약시설: 어린이집·경로당·지역아동센터 + 장애인복지관). geo_level=point 한정
SC0088,마산부인경로당,경로당,senior_center,4812131000,북면,의창구,35.3425243624894,128.621497000165,145.9,145.9,6,6,7,6,6,7,0,0,0,0,0,0,6,1.0,1.0,1.0,5.0,0.0,994.7,163.7,716,1220,504,scenario_stable_non_high,other,"300m 이내 배출원 위치 6개, 500m 이내 배출원 위치 6개, 최근접 배출원 146m",,False,해당 시설 유형에 인원 자료 없음,산업·배출시설 공간 노출도,v4 (배출원: 전국 등록공장현황 2024-12-31 반영 5개 구 전역 + 배출업소·폐기물 v2 override 판 / 취약시설: 어린이집·경로당·지역아동센터 + 장애인복지관). geo_level=point 한정
SC0089,명촌경로당,경로당,senior_center,4812131000,북면,의창구,35.3859725137461,128.598150717893,2520.8,2520.8,0,0,0,0,0,0,0,0,0,0,0,0,0,,,,5.0,0.0,1584.0,0.0,1584,1584,0,scenario_stable_non_high,other,"1km 이내 배출원 없음 (최근접 2,521m)",,False,해당 시설 유형에 인원 자료 없음,산업·배출시설 공간 노출도,v4 (배출원: 전국 등록공장현황 2024-12-31 반영 5개 구 전역 + 배출업소·폐기물 v2 override 판 / 취약시설: 어린이집·경로당·지역아동센터 + 장애인복지관). geo_level=point 한정
SC0090,명호경로당,경로당,senior_center,4812131000,북면,의창구,35.3211093323047,128.600584127029,205.6,205.6,6,16,54,6,17,65,0,3,0,0,0,0,16,1.0,1.062,1.204,5.0,0.0,384.2,53.26,277,486,209,scenario_stable_non_high,other,"300m 이내 배출원 위치 6개, 500m 이내 배출원 위치 16개, 최근접 배출원 206m",,False,해당 시설 유형에 인원 자료 없음,산업·배출시설 공간 노출도,v4 (배출원: 전국 등록공장현황 2024-12-31 반영 5개 구 전역 + 배출업소·폐기물 v2 override 판 / 취약시설: 어린이집·경로당·지역아동센터 + 장애인복지관). geo_level=point 한정
SC0092,무동코아루파크아파트경로당,경로당,senior_center,4812131000,북면,의창구,35.3154205786372,128.586100976992,303.6,303.6,0,1,4,0,1,5,0,1,0,0,0,0,0,,1.0,1.25,5.0,0.0,1460.0,36.41,1391,1492,101,scenario_stable_non_high,other,"500m 이내 배출원 위치 1개, 최근접 배출원 304m",,False,해당 시설 유형에 인원 자료 없음,산업·배출시설 공간 노출도,v4 (배출원: 전국 등록공장현황 2024-12-31 반영 5개 구 전역 + 배출업소·폐기물 v2 override 판 / 취약시설: 어린이집·경로당·지역아동센터 + 장애인복지관). geo_level=point 한정
SC0093,무동휴먼빌1단지아파트경로당,경로당,senior_center,4812131000,북면,의창구,35.319148536269,128.583160831975,196.0,196.0,1,1,9,1,1,10,0,1,0,0,0,0,0,1.0,1.0,1.111,5.0,0.0,1313.9,56.54,1209,1365,156,scenario_stable_non_high,other,"300m 이내 배출원 위치 1개, 500m 이내 배출원 위치 1개, 최근접 배출원 196m",,False,해당 시설 유형에 인원 자료 없음,산업·배출시설 공간 노출도,v4 (배출원: 전국 등록공장현황 2024-12-31 반영 5개 구 전역 + 배출업소·폐기물 v2 override 판 / 취약시설: 어린이집·경로당·지역아동센터 + 장애인복지관). geo_level=point 한정
SC0094,무동휴먼빌2단지아파트경로당,경로당,senior_center,4812131000,북면,의창구,35.3202538511807,128.584442735525,262.6,262.6,1,2,11,1,3,12,1,2,1,0,0,0,1,1.0,1.5,1.091,5.0,0.0,1239.7,23.47,1193,1279,86,scenario_stable_non_high,other,"300m 이내 배출원 위치 1개, 500m 이내 배출원 위치 2개, 500m 이내 대기 배출업소 1곳, 최근접 배출원 263m",,False,해당 시설 유형에 인원 자료 없음,산업·배출시설 공간 노출도,v4 (배출원: 전국 등록공장현황 2024-12-31 반영 5개 구 전역 + 배출업소·폐기물 v2 override 판 / 취약시설: 어린이집·경로당·지역아동센터 + 장애인복지관). geo_level=point 한정
SC0095,무동휴먼빌3단지아파트경로당,경로당,senior_center,4812131000,북면,의창구,35.3178613927475,128.583010939023,151.8,151.8,1,1,6,1,1,7,0,1,0,0,0,0,0,1.0,1.0,1.167,5.0,0.0,1343.0,96.2,1156,1415,259,scenario_stable_non_high,other,"300m 이내 배출원 위치 1개, 500m 이내 배출원 위치 1개, 최근접 배출원 152m",,False,해당 시설 유형에 인원 자료 없음,산업·배출시설 공간 노출도,v4 (배출원: 전국 등록공장현황 2024-12-31 반영 5개 구 전역 + 배출업소·폐기물 v2 override 판 / 취약시설: 어린이집·경로당·지역아동센터 + 장애인복지관). geo_level=point 한정
SC0096,바깥신천경로당,경로당,senior_center,4812131000,북면,의창구,35.3682206348952,128.626419961906,1173.0,1173.0,0,0,0,0,0,0,0,0,0,0,0,0,0,,,,5.0,0.0,1584.0,0.0,1584,1584,0,scenario_stable_non_high,other,"1km 이내 배출원 없음 (최근접 1,173m)",,False,해당 시설 유형에 인원 자료 없음,산업·배출시설 공간 노출도,v4 (배출원: 전국 등록공장현황 2024-12-31 반영 5개 구 전역 + 배출업소·폐기물 v2 override 판 / 취약시설: 어린이집·경로당·지역아동센터 + 장애인복지관). geo_level=point 한정
SC0097,북면갈전경로당,경로당,senior_center,4812131000,북면,의창구,35.3065943431274,128.621600822697,632.2,632.2,0,0,2,0,0,2,0,0,0,0,0,0,0,,,1.0,5.0,0.0,1530.3,9.93,1512,1541,29,scenario_stable_non_high,other,1km 이내 배출원 없음 (최근접 632m),,False,해당 시설 유형에 인원 자료 없음,산업·배출시설 공간 노출도,v4 (배출원: 전국 등록공장현황 2024-12-31 반영 5개 구 전역 + 배출업소·폐기물 v2 override 판 / 취약시설: 어린이집·경로당·지역아동센터 + 장애인복지관). geo_level=point 한정
SC0098,북면경로당,경로당,senior_center,4812131000,북면,의창구,35.3505058778176,128.608785243112,467.8,467.8,0,1,2,0,1,2,0,1,0,0,0,0,0,,1.0,1.0,5.0,0.0,1512.8,16.13,1478,1530,52,scenario_stable_non_high,other,"500m 이내 배출원 위치 1개, 최근접 배출원 468m",,False,해당 시설 유형에 인원 자료 없음,산업·배출시설 공간 노출도,v4 (배출원: 전국 등록공장현황 2024-12-31 반영 5개 구 전역 + 배출업소·폐기물 v2 override 판 / 취약시설: 어린이집·경로당·지역아동센터 + 장애인복지관). geo_level=point 한정
SC0099,상천(봉촌)경로당,경로당,senior_center,4812131000,북면,의창구,35.3595427157733,128.589773411798,1069.2,1069.2,0,0,0,0,0,0,0,0,0,0,0,0,0,,,,5.0,0.0,1584.0,0.0,1584,1584,0,scenario_stable_non_high,other,"1km 이내 배출원 없음 (최근접 1,069m)",,False,해당 시설 유형에 인원 자료 없음,산업·배출시설 공간 노출도,v4 (배출원: 전국 등록공장현황 2024-12-31 반영 5개 구 전역 + 배출업소·폐기물 v2 override 판 / 취약시설: 어린이집·경로당·지역아동센터 + 장애인복지관). geo_level=point 한정
SC0100,센텀파라디아아파트경로당,경로당,senior_center,4812131000,북면,의창구,35.3190708265635,128.580283590605,420.5,420.5,0,1,11,0,1,12,0,1,0,0,0,0,0,,1.0,1.091,5.0,0.0,1355.4,44.49,1299,1423,124,scenario_stable_non_high,other,"500m 이내 배출원 위치 1개, 최근접 배출원 420m",,False,해당 시설 유형에 인원 자료 없음,산업·배출시설 공간 노출도,v4 (배출원: 전국 등록공장현황 2024-12-31 반영 5개 구 전역 + 배출업소·폐기물 v2 override 판 / 취약시설: 어린이집·경로당·지역아동센터 + 장애인복지관). geo_level=point 한정
SC0101,소라경로당,경로당,senior_center,4812131000,북면,의창구,35.3213618662714,128.62580620043,184.3,184.3,5,7,17,5,7,20,0,0,0,0,0,0,7,1.0,1.0,1.176,5.0,0.0,739.3,47.25,647,827,180,scenario_stable_non_high,other,"300m 이내 배출원 위치 5개, 500m 이내 배출원 위치 7개, 최근접 배출원 184m",,False,해당 시설 유형에 인원 자료 없음,산업·배출시설 공간 노출도,v4 (배출원: 전국 등록공장현황 2024-12-31 반영 5개 구 전역 + 배출업소·폐기물 v2 override 판 / 취약시설: 어린이집·경로당·지역아동센터 + 장애인복지관). geo_level=point 한정
SC0102,송촌경로당,경로당,senior_center,4812131000,북면,의창구,35.3425774209986,128.577663012923,150.5,150.5,1,1,3,1,1,3,0,0,0,0,0,0,1,1.0,1.0,1.0,5.0,0.0,1396.8,118.74,1178,1498,320,scenario_stable_non_high,other,"300m 이내 배출원 위치 1개, 500m 이내 배출원 위치 1개, 최근접 배출원 150m",,False,해당 시설 유형에 인원 자료 없음,산업·배출시설 공간 노출도,v4 (배출원: 전국 등록공장현황 2024-12-31 반영 5개 구 전역 + 배출업소·폐기물 v2 override 판 / 취약시설: 어린이집·경로당·지역아동센터 + 장애인복지관). geo_level=point 한정
SC0103,승산경로당,경로당,senior_center,4812131000,북면,의창구,35.3027028060416,128.624071116738,1115.3,1115.3,0,0,0,0,0,0,0,0,0,0,0,0,0,,,,5.0,0.0,1584.0,0.0,1584,1584,0,scenario_stable_non_high,other,"1km 이내 배출원 없음 (최근접 1,115m)",,False,해당 시설 유형에 인원 자료 없음,산업·배출시설 공간 노출도,v4 (배출원: 전국 등록공장현황 2024-12-31 반영 5개 구 전역 + 배출업소·폐기물 v2 override 판 / 취약시설: 어린이집·경로당·지역아동센터 + 장애인복지관). geo_level=point 한정
SC0104,신기경로당,경로당,senior_center,4812131000,북면,의창구,35.363971464439,128.623275222247,630.1,630.1,0,0,1,0,0,1,0,0,0,0,0,0,0,,,1.0,5.0,0.0,1547.1,3.73,1541,1551,10,scenario_stable_non_high,other,1km 이내 배출원 없음 (최근접 630m),,False,해당 시설 유형에 인원 자료 없음,산업·배출시설 공간 노출도,v4 (배출원: 전국 등록공장현황 2024-12-31 반영 5개 구 전역 + 배출업소·폐기물 v2 override 판 / 취약시설: 어린이집·경로당·지역아동센터 + 장애인복지관). geo_level=point 한정
SC0105,신동경로당,경로당,senior_center,4812131000,북면,의창구,35.3293713712403,128.605385721391,241.7,241.7,2,6,14,2,6,17,2,1,1,0,0,0,3,1.0,1.0,1.214,5.0,0.0,968.6,61.41,834,1073,239,scenario_stable_non_high,other,"300m 이내 배출원 위치 2개, 500m 이내 배출원 위치 6개, 500m 이내 대기 배출업소 2곳, 최근접 배출원 242m",,False,해당 시설 유형에 인원 자료 없음,산업·배출시설 공간 노출도,v4 (배출원: 전국 등록공장현황 2024-12-31 반영 5개 구 전역 + 배출업소·폐기물 v2 override 판 / 취약시설: 어린이집·경로당·지역아동센터 + 장애인복지관). geo_level=point 한정
SC0106,신리경로당,경로당,senior_center,4812131000,북면,의창구,35.3480068042497,128.604332294973,755.4,755.4,0,0,5,0,0,5,0,0,0,0,0,0,0,,,1.0,5.0,0.0,1462.5,31.6,1418,1512,94,scenario_stable_non_high,other,1km 이내 배출원 없음 (최근접 755m),,False,해당 시설 유형에 인원 자료 없음,산업·배출시설 공간 노출도,v4 (배출원: 전국 등록공장현황 2024-12-31 반영 5개 구 전역 + 배출업소·폐기물 v2 override 판 / 취약시설: 어린이집·경로당·지역아동센터 + 장애인복지관). geo_level=point 한정
SC0107,신리부녀경로당,경로당,senior_center,4812131000,북면,의창구,35.3467257066257,128.605535051759,695.8,695.8,0,0,4,0,0,4,0,0,0,0,0,0,0,,,1.0,5.0,0.0,1461.8,23.15,1421,1500,79,scenario_stable_non_high,other,1km 이내 배출원 없음 (최근접 696m),,False,해당 시설 유형에 인원 자료 없음,산업·배출시설 공간 노출도,v4 (배출원: 전국 등록공장현황 2024-12-31 반영 5개 구 전역 + 배출업소·폐기물 v2 override 판 / 취약시설: 어린이집·경로당·지역아동센터 + 장애인복지관). geo_level=point 한정
SC0108,신목경로당,경로당,senior_center,4812131000,북면,의창구,35.3591849815126,128.618073429062,90.1,90.1,1,1,3,1,1,3,0,0,0,0,0,0,1,1.0,1.0,1.0,5.0,0.0,1351.1,173.56,1035,1481,446,scenario_stable_non_high,other,"300m 이내 배출원 위치 1개, 500m 이내 배출원 위치 1개, 최근접 배출원 90m",,False,해당 시설 유형에 인원 자료 없음,산업·배출시설 공간 노출도,v4 (배출원: 전국 등록공장현황 2024-12-31 반영 5개 구 전역 + 배출업소·폐기물 v2 override 판 / 취약시설: 어린이집·경로당·지역아동센터 + 장애인복지관). geo_level=point 한정
SC0109,신우경로당,경로당,senior_center,4812131000,북면,의창구,35.3473235219056,128.608419090312,776.9,776.9,0,0,4,0,0,4,0,0,0,0,0,0,0,,,1.0,5.0,0.0,1495.3,33.44,1440,1539,99,scenario_stable_non_high,other,1km 이내 배출원 없음 (최근접 777m),,False,해당 시설 유형에 인원 자료 없음,산업·배출시설 공간 노출도,v4 (배출원: 전국 등록공장현황 2024-12-31 반영 5개 구 전역 + 배출업소·폐기물 v2 override 판 / 취약시설: 어린이집·경로당·지역아동센터 + 장애인복지관). geo_level=point 한정
SC0110,신음경로당,경로당,senior_center,4812131000,북면,의창구,35.3289087667385,128.584555782053,48.4,48.4,3,11,17,3,12,19,1,0,1,2,0,0,9,1.0,1.091,1.118,5.0,0.0,509.3,183.77,184,693,509,scenario_stable_non_high,other,"300m 이내 배출원 위치 3개, 500m 이내 배출원 위치 11개, 500m 이내 대기 배출업소 1곳, 최근접 배출원 48m",,False,해당 시설 유형에 인원 자료 없음,산업·배출시설 공간 노출도,v4 (배출원: 전국 등록공장현황 2024-12-31 반영 5개 구 전역 + 배출업소·폐기물 v2 override 판 / 취약시설: 어린이집·경로당·지역아동센터 + 장애인복지관). geo_level=point 한정
SC0111,신천경로당,경로당,senior_center,4812131000,북면,의창구,35.3730272784689,128.612979166356,1427.2,1427.2,0,0,0,0,0,0,0,0,0,0,0,0,0,,,,5.0,0.0,1584.0,0.0,1584,1584,0,scenario_stable_non_high,other,"1km 이내 배출원 없음 (최근접 1,427m)",,False,해당 시설 유형에 인원 자료 없음,산업·배출시설 공간 노출도,v4 (배출원: 전국 등록공장현황 2024-12-31 반영 5개 구 전역 + 배출업소·폐기물 v2 override 판 / 취약시설: 어린이집·경로당·지역아동센터 + 장애인복지관). geo_level=point 한정
SC0112,신한1차아파트경로당,경로당,senior_center,4812131000,북면,의창구,35.3493354797046,128.608337876062,592.5,592.5,0,0,2,0,0,2,0,0,0,0,0,0,0,,,1.0,5.0,0.0,1533.6,8.7,1518,1541,23,scenario_stable_non_high,other,1km 이내 배출원 없음 (최근접 592m),,False,해당 시설 유형에 인원 자료 없음,산업·배출시설 공간 노출도,v4 (배출원: 전국 등록공장현황 2024-12-31 반영 5개 구 전역 + 배출업소·폐기물 v2 override 판 / 취약시설: 어린이집·경로당·지역아동센터 + 장애인복지관). geo_level=point 한정
SC0113,신한2차아파트경로당,경로당,senior_center,4812131000,북면,의창구,35.3488210586186,128.607254758913,699.6,699.6,0,0,3,0,0,3,0,0,0,0,0,0,0,,,1.0,5.0,0.0,1508.9,20.39,1475,1536,61,scenario_stable_non_high,other,1km 이내 배출원 없음 (최근접 700m),,False,해당 시설 유형에 인원 자료 없음,산업·배출시설 공간 노출도,v4 (배출원: 전국 등록공장현황 2024-12-31 반영 5개 구 전역 + 배출업소·폐기물 v2 override 판 / 취약시설: 어린이집·경로당·지역아동센터 + 장애인복지관). geo_level=point 한정
SC0114,양지경로당,경로당,senior_center,4812131000,북면,의창구,35.3039433508155,128.627072663917,1171.3,1171.3,0,0,0,0,0,0,0,0,0,0,0,0,0,,,,5.0,0.0,1584.0,0.0,1584,1584,0,scenario_stable_non_high,other,"1km 이내 배출원 없음 (최근접 1,171m)",,False,해당 시설 유형에 인원 자료 없음,산업·배출시설 공간 노출도,v4 (배출원: 전국 등록공장현황 2024-12-31 반영 5개 구 전역 + 배출업소·폐기물 v2 override 판 / 취약시설: 어린이집·경로당·지역아동센터 + 장애인복지관). geo_level=point 한정
SC0115,양촌경로당,경로당,senior_center,4812131000,북면,의창구,35.3309255260652,128.58489175009,186.2,186.2,2,9,16,2,10,18,1,0,1,2,0,0,7,1.0,1.111,1.125,5.0,0.0,700.7,75.93,561,829,268,scenario_stable_non_high,other,"300m 이내 배출원 위치 2개, 500m 이내 배출원 위치 9개, 500m 이내 대기 배출업소 1곳, 최근접 배출원 186m",,False,해당 시설 유형에 인원 자료 없음,산업·배출시설 공간 노출도,v4 (배출원: 전국 등록공장현황 2024-12-31 반영 5개 구 전역 + 배출업소·폐기물 v2 override 판 / 취약시설: 어린이집·경로당·지역아동센터 + 장애인복지관). geo_level=point 한정
SC0116,연동경로당,경로당,senior_center,4812131000,북면,의창구,35.346976974676,128.626011200629,327.1,327.1,0,1,8,0,1,8,0,0,0,0,0,0,1,,1.0,1.0,5.0,0.0,1400.9,13.15,1378,1422,44,scenario_stable_non_high,other,"500m 이내 배출원 위치 1개, 최근접 배출원 327m",,False,해당 시설 유형에 인원 자료 없음,산업·배출시설 공간 노출도,v4 (배출원: 전국 등록공장현황 2024-12-31 반영 5개 구 전역 + 배출업소·폐기물 v2 override 판 / 취약시설: 어린이집·경로당·지역아동센터 + 장애인복지관). geo_level=point 한정
SC0117,온천남자경로당,경로당,senior_center,4812131000,북면,의창구,35.3505058778176,128.608785243112,467.8,467.8,0,1,2,0,1,2,0,1,0,0,0,0,0,,1.0,1.0,5.0,0.0,1512.8,16.13,1478,1530,52,scenario_stable_non_high,other,"500m 이내 배출원 위치 1개, 최근접 배출원 468m",,False,해당 시설 유형에 인원 자료 없음,산업·배출시설 공간 노출도,v4 (배출원: 전국 등록공장현황 2024-12-31 반영 5개 구 전역 + 배출업소·폐기물 v2 override 판 / 취약시설: 어린이집·경로당·지역아동센터 + 장애인복지관). geo_level=point 한정
SC0118,온천부녀경로당,경로당,senior_center,4812131000,북면,의창구,35.3505058778176,128.608785243112,467.8,467.8,0,1,2,0,1,2,0,1,0,0,0,0,0,,1.0,1.0,5.0,0.0,1512.8,16.13,1478,1530,52,scenario_stable_non_high,other,"500m 이내 배출원 위치 1개, 최근접 배출원 468m",,False,해당 시설 유형에 인원 자료 없음,산업·배출시설 공간 노출도,v4 (배출원: 전국 등록공장현황 2024-12-31 반영 5개 구 전역 + 배출업소·폐기물 v2 override 판 / 취약시설: 어린이집·경로당·지역아동센터 + 장애인복지관). geo_level=point 한정
SC0119,외감경로당,경로당,senior_center,4812131000,북면,의창구,35.289971992152,128.599126550833,976.6,976.6,0,0,1,0,0,1,0,0,0,0,0,0,0,,,1.0,5.0,0.0,1555.2,2.2,1551,1556,5,scenario_stable_non_high,other,1km 이내 배출원 없음 (최근접 977m),,False,해당 시설 유형에 인원 자료 없음,산업·배출시설 공간 노출도,v4 (배출원: 전국 등록공장현황 2024-12-31 반영 5개 구 전역 + 배출업소·폐기물 v2 override 판 / 취약시설: 어린이집·경로당·지역아동센터 + 장애인복지관). geo_level=point 한정
SC0120,외감부인경로당,경로당,senior_center,4812131000,북면,의창구,35.289971992152,128.599126550833,976.6,976.6,0,0,1,0,0,1,0,0,0,0,0,0,0,,,1.0,5.0,0.0,1555.2,2.2,1551,1556,5,scenario_stable_non_high,other,1km 이내 배출원 없음 (최근접 977m),,False,해당 시설 유형에 인원 자료 없음,산업·배출시설 공간 노출도,v4 (배출원: 전국 등록공장현황 2024-12-31 반영 5개 구 전역 + 배출업소·폐기물 v2 override 판 / 취약시설: 어린이집·경로당·지역아동센터 + 장애인복지관). geo_level=point 한정
SC0121,월계경로당,경로당,senior_center,4812131000,북면,의창구,35.3476575101145,128.639508988361,81.3,81.3,2,6,7,2,6,7,0,0,0,0,0,0,6,1.0,1.0,1.0,5.0,0.0,1079.0,165.33,790,1253,463,scenario_stable_non_high,other,"300m 이내 배출원 위치 2개, 500m 이내 배출원 위치 6개, 최근접 배출원 81m",,False,해당 시설 유형에 인원 자료 없음,산업·배출시설 공간 노출도,v4 (배출원: 전국 등록공장현황 2024-12-31 반영 5개 구 전역 + 배출업소·폐기물 v2 override 판 / 취약시설: 어린이집·경로당·지역아동센터 + 장애인복지관). geo_level=point 한정
SC0122,월백경로당,경로당,senior_center,4812131000,북면,의창구,35.3213618662714,128.62580620043,184.3,184.3,5,7,17,5,7,20,0,0,0,0,0,0,7,1.0,1.0,1.176,5.0,0.0,739.3,47.25,647,827,180,scenario_stable_non_high,other,"300m 이내 배출원 위치 5개, 500m 이내 배출원 위치 7개, 최근접 배출원 184m",,False,해당 시설 유형에 인원 자료 없음,산업·배출시설 공간 노출도,v4 (배출원: 전국 등록공장현황 2024-12-31 반영 5개 구 전역 + 배출업소·폐기물 v2 override 판 / 취약시설: 어린이집·경로당·지역아동센터 + 장애인복지관). geo_level=point 한정
SC0123,월백부녀경로당,경로당,senior_center,4812131000,북면,의창구,35.3213618662714,128.62580620043,184.3,184.3,5,7,17,5,7,20,0,0,0,0,0,0,7,1.0,1.0,1.176,5.0,0.0,739.3,47.25,647,827,180,scenario_stable_non_high,other,"300m 이내 배출원 위치 5개, 500m 이내 배출원 위치 7개, 최근접 배출원 184m",,False,해당 시설 유형에 인원 자료 없음,산업·배출시설 공간 노출도,v4 (배출원: 전국 등록공장현황 2024-12-31 반영 5개 구 전역 + 배출업소·폐기물 v2 override 판 / 취약시설: 어린이집·경로당·지역아동센터 + 장애인복지관). geo_level=point 한정
SC0124,월촌경로당,경로당,senior_center,4812131000,북면,의창구,35.3232543444176,128.620428760042,166.8,166.8,5,9,13,5,10,15,0,0,1,0,0,0,10,1.0,1.111,1.154,5.0,0.0,760.7,62.35,651,863,212,scenario_stable_non_high,other,"300m 이내 배출원 위치 5개, 500m 이내 배출원 위치 9개, 최근접 배출원 167m",,False,해당 시설 유형에 인원 자료 없음,산업·배출시설 공간 노출도,v4 (배출원: 전국 등록공장현황 2024-12-31 반영 5개 구 전역 + 배출업소·폐기물 v2 override 판 / 취약시설: 어린이집·경로당·지역아동센터 + 장애인복지관). geo_level=point 한정
SC0125,중리경로당,경로당,senior_center,4812131000,북면,의창구,35.3410315780924,128.593187609428,382.7,382.7,0,4,8,0,5,9,0,0,0,0,0,0,5,,1.25,1.125,5.0,0.0,1230.6,20.04,1193,1265,72,scenario_stable_non_high,other,"500m 이내 배출원 위치 4개, 최근접 배출원 383m",,False,해당 시설 유형에 인원 자료 없음,산업·배출시설 공간 노출도,v4 (배출원: 전국 등록공장현황 2024-12-31 반영 5개 구 전역 + 배출업소·폐기물 v2 override 판 / 취약시설: 어린이집·경로당·지역아동센터 + 장애인복지관). geo_level=point 한정
SC0126,중방경로당,경로당,senior_center,4812131000,북면,의창구,35.2967096288904,128.59228279429,279.7,279.7,4,23,27,6,27,31,1,1,0,3,0,0,25,1.5,1.174,1.148,5.0,0.0,416.0,36.4,343,492,149,scenario_stable_non_high,other,"300m 이내 배출원 위치 4개, 500m 이내 배출원 위치 23개, 500m 이내 대기 배출업소 1곳, 최근접 배출원 280m",,False,해당 시설 유형에 인원 자료 없음,산업·배출시설 공간 노출도,v4 (배출원: 전국 등록공장현황 2024-12-31 반영 5개 구 전역 + 배출업소·폐기물 v2 override 판 / 취약시설: 어린이집·경로당·지역아동센터 + 장애인복지관). geo_level=point 한정
SC0127,중촌경로당,경로당,senior_center,4812131000,북면,의창구,35.3657413349295,128.603753849047,275.0,275.0,1,3,4,1,3,4,0,0,1,0,0,0,3,1.0,1.0,1.0,5.0,0.0,1329.6,85.26,1161,1412,251,scenario_stable_non_high,other,"300m 이내 배출원 위치 1개, 500m 이내 배출원 위치 3개, 최근접 배출원 275m",,False,해당 시설 유형에 인원 자료 없음,산업·배출시설 공간 노출도,v4 (배출원: 전국 등록공장현황 2024-12-31 반영 5개 구 전역 + 배출업소·폐기물 v2 override 판 / 취약시설: 어린이집·경로당·지역아동센터 + 장애인복지관). geo_level=point 한정
SC0128,지개경로당,경로당,senior_center,4812131000,북면,의창구,35.2846279108447,128.617357513044,582.0,582.0,0,0,2,0,0,2,0,0,0,0,0,0,0,,,1.0,5.0,0.0,1534.8,8.72,1519,1541,22,scenario_stable_non_high,other,1km 이내 배출원 없음 (최근접 582m),,False,해당 시설 유형에 인원 자료 없음,산업·배출시설 공간 노출도,v4 (배출원: 전국 등록공장현황 2024-12-31 반영 5개 구 전역 + 배출업소·폐기물 v2 override 판 / 취약시설: 어린이집·경로당·지역아동센터 + 장애인복지관). geo_level=point 한정
SC0129,천수림아파트경로당,경로당,senior_center,4812131000,북면,의창구,35.3012315533586,128.586966955223,307.8,307.8,0,18,26,0,19,30,0,1,0,2,0,0,19,,1.056,1.154,5.0,0.0,596.0,54.28,498,698,200,scenario_stable_non_high,other,"500m 이내 배출원 위치 18개, 최근접 배출원 308m",,False,해당 시설 유형에 인원 자료 없음,산업·배출시설 공간 노출도,v4 (배출원: 전국 등록공장현황 2024-12-31 반영 5개 구 전역 + 배출업소·폐기물 v2 override 판 / 취약시설: 어린이집·경로당·지역아동센터 + 장애인복지관). geo_level=point 한정
SC0130,청우아파트경로당,경로당,senior_center,4812131000,북면,의창구,35.3480511940251,128.607183846665,769.5,769.5,0,0,4,0,0,4,0,0,0,0,0,0,0,,,1.0,5.0,0.0,1489.5,31.32,1440,1537,97,scenario_stable_non_high,other,1km 이내 배출원 없음 (최근접 770m),,False,해당 시설 유형에 인원 자료 없음,산업·배출시설 공간 노출도,v4 (배출원: 전국 등록공장현황 2024-12-31 반영 5개 구 전역 + 배출업소·폐기물 v2 override 판 / 취약시설: 어린이집·경로당·지역아동센터 + 장애인복지관). geo_level=point 한정
SC0131,초소경로당,경로당,senior_center,4812131000,북면,의창구,35.3781698272186,128.594625801669,1772.1,1772.1,0,0,0,0,0,0,0,0,0,0,0,0,0,,,,5.0,0.0,1584.0,0.0,1584,1584,0,scenario_stable_non_high,other,"1km 이내 배출원 없음 (최근접 1,772m)",,False,해당 시설 유형에 인원 자료 없음,산업·배출시설 공간 노출도,v4 (배출원: 전국 등록공장현황 2024-12-31 반영 5개 구 전역 + 배출업소·폐기물 v2 override 판 / 취약시설: 어린이집·경로당·지역아동센터 + 장애인복지관). geo_level=point 한정
SC0132,춘광1차아파트경로당,경로당,senior_center,4812131000,북면,의창구,35.347108608474,128.609966973281,745.5,745.5,0,0,6,0,0,6,0,0,0,0,0,0,0,,,1.0,5.0,0.0,1505.8,22.53,1470,1537,67,scenario_stable_non_high,other,1km 이내 배출원 없음 (최근접 746m),,False,해당 시설 유형에 인원 자료 없음,산업·배출시설 공간 노출도,v4 (배출원: 전국 등록공장현황 2024-12-31 반영 5개 구 전역 + 배출업소·폐기물 v2 override 판 / 취약시설: 어린이집·경로당·지역아동센터 + 장애인복지관). geo_level=point 한정
SC0133,춘광2차아파트경로당,경로당,senior_center,4812131000,북면,의창구,35.3470942061171,128.608998068771,777.4,777.4,0,0,5,0,0,5,0,0,0,0,0,0,0,,,1.0,5.0,0.0,1491.7,36.03,1439,1539,100,scenario_stable_non_high,other,1km 이내 배출원 없음 (최근접 777m),,False,해당 시설 유형에 인원 자료 없음,산업·배출시설 공간 노출도,v4 (배출원: 전국 등록공장현황 2024-12-31 반영 5개 구 전역 + 배출업소·폐기물 v2 override 판 / 취약시설: 어린이집·경로당·지역아동센터 + 장애인복지관). geo_level=point 한정
SC0134,춘광마을경로당,경로당,senior_center,4812131000,북면,의창구,35.3468490258805,128.610003289643,772.2,772.2,0,0,6,0,0,6,0,0,0,0,0,0,0,,,1.0,5.0,0.0,1504.1,21.94,1470,1536,66,scenario_stable_non_high,other,1km 이내 배출원 없음 (최근접 772m),,False,해당 시설 유형에 인원 자료 없음,산업·배출시설 공간 노출도,v4 (배출원: 전국 등록공장현황 2024-12-31 반영 5개 구 전역 + 배출업소·폐기물 v2 override 판 / 취약시설: 어린이집·경로당·지역아동센터 + 장애인복지관). geo_level=point 한정
SC0135,하천(대촌)경로당,경로당,senior_center,4812131000,북면,의창구,35.3680760036573,128.603625541518,517.1,517.1,0,0,4,0,0,4,0,0,0,0,0,0,0,,,1.0,5.0,0.0,1483.5,18.7,1462,1517,55,scenario_stable_non_high,other,1km 이내 배출원 없음 (최근접 517m),,False,해당 시설 유형에 인원 자료 없음,산업·배출시설 공간 노출도,v4 (배출원: 전국 등록공장현황 2024-12-31 반영 5개 구 전역 + 배출업소·폐기물 v2 override 판 / 취약시설: 어린이집·경로당·지역아동센터 + 장애인복지관). geo_level=point 한정
SC0136,현도경로당,경로당,senior_center,4812131000,북면,의창구,35.3729141027505,128.592278418233,1389.9,1389.9,0,0,0,0,0,0,0,0,0,0,0,0,0,,,,5.0,0.0,1584.0,0.0,1584,1584,0,scenario_stable_non_high,other,"1km 이내 배출원 없음 (최근접 1,390m)",,False,해당 시설 유형에 인원 자료 없음,산업·배출시설 공간 노출도,v4 (배출원: 전국 등록공장현황 2024-12-31 반영 5개 구 전역 + 배출업소·폐기물 v2 override 판 / 취약시설: 어린이집·경로당·지역아동센터 + 장애인복지관). geo_level=point 한정
SC0137,현천노인당,경로당,senior_center,4812131000,북면,의창구,35.3445921995609,128.583140547314,529.0,529.0,0,0,5,0,0,6,0,0,0,0,0,0,0,,,1.2,5.0,0.0,1446.5,30.25,1415,1501,86,scenario_stable_non_high,other,1km 이내 배출원 없음 (최근접 529m),,False,해당 시설 유형에 인원 자료 없음,산업·배출시설 공간 노출도,v4 (배출원: 전국 등록공장현황 2024-12-31 반영 5개 구 전역 + 배출업소·폐기물 v2 override 판 / 취약시설: 어린이집·경로당·지역아동센터 + 장애인복지관). geo_level=point 한정
SC0138,화천경로당,경로당,senior_center,4812131000,북면,의창구,35.300412954932,128.604402938308,151.5,151.5,5,5,14,5,5,20,0,2,0,0,0,0,3,1.0,1.0,1.429,5.0,0.0,958.2,111.1,779,1119,340,scenario_stable_non_high,other,"300m 이내 배출원 위치 5개, 500m 이내 배출원 위치 5개, 최근접 배출원 152m",,False,해당 시설 유형에 인원 자료 없음,산업·배출시설 공간 노출도,v4 (배출원: 전국 등록공장현황 2024-12-31 반영 5개 구 전역 + 배출업소·폐기물 v2 override 판 / 취약시설: 어린이집·경로당·지역아동센터 + 장애인복지관). geo_level=point 한정
SC0139,화천부녀경로당,경로당,senior_center,4812131000,북면,의창구,35.300412954932,128.604402938308,151.5,151.5,5,5,14,5,5,20,0,2,0,0,0,0,3,1.0,1.0,1.429,5.0,0.0,958.2,111.1,779,1119,340,scenario_stable_non_high,other,"300m 이내 배출원 위치 5개, 500m 이내 배출원 위치 5개, 최근접 배출원 152m",,False,해당 시설 유형에 인원 자료 없음,산업·배출시설 공간 노출도,v4 (배출원: 전국 등록공장현황 2024-12-31 반영 5개 구 전역 + 배출업소·폐기물 v2 override 판 / 취약시설: 어린이집·경로당·지역아동센터 + 장애인복지관). geo_level=point 한정
SC0140,동전월드메르디앙아파트경로당,경로당,senior_center,4812131000,북면,의창구,35.3155274644094,128.600481371406,212.0,212.0,4,12,52,4,13,65,0,4,0,0,0,0,11,1.0,1.083,1.25,5.0,0.0,406.0,69.38,287,537,250,scenario_stable_non_high,other,"300m 이내 배출원 위치 4개, 500m 이내 배출원 위치 12개, 최근접 배출원 212m",,False,해당 시설 유형에 인원 자료 없음,산업·배출시설 공간 노출도,v4 (배출원: 전국 등록공장현황 2024-12-31 반영 5개 구 전역 + 배출업소·폐기물 v2 override 판 / 취약시설: 어린이집·경로당·지역아동센터 + 장애인복지관). geo_level=point 한정
SC0141,신전경로당,경로당,senior_center,4812132000,대산면,의창구,35.3675445234951,128.673771010592,695.3,695.3,0,0,7,0,0,8,0,0,0,0,0,0,0,,,1.143,2.0,0.0,1484.1,23.38,1454,1519,65,scenario_stable_non_high,other,1km 이내 배출원 없음 (최근접 695m),,False,해당 시설 유형에 인원 자료 없음,산업·배출시설 공간 노출도,v4 (배출원: 전국 등록공장현황 2024-12-31 반영 5개 구 전역 + 배출업소·폐기물 v2 override 판 / 취약시설: 어린이집·경로당·지역아동센터 + 장애인복지관). geo_level=point 한정
SC0142,상리경로당,경로당,senior_center,4812132000,대산면,의창구,35.3661284416362,128.678054112237,305.3,305.3,0,3,10,0,3,11,0,0,0,0,0,0,3,,1.0,1.1,2.0,0.0,1235.6,59.51,1153,1343,190,scenario_stable_non_high,other,"500m 이내 배출원 위치 3개, 최근접 배출원 305m",,False,해당 시설 유형에 인원 자료 없음,산업·배출시설 공간 노출도,v4 (배출원: 전국 등록공장현황 2024-12-31 반영 5개 구 전역 + 배출업소·폐기물 v2 override 판 / 취약시설: 어린이집·경로당·지역아동센터 + 장애인복지관). geo_level=point 한정
SC0143,갈전경로당,경로당,senior_center,4812132000,대산면,의창구,35.3652683460497,128.680050640453,156.0,156.0,2,9,11,2,10,12,0,0,1,0,0,0,10,1.0,1.111,1.091,2.0,0.0,981.1,106.75,798,1123,325,scenario_stable_non_high,other,"300m 이내 배출원 위치 2개, 500m 이내 배출원 위치 9개, 최근접 배출원 156m",,False,해당 시설 유형에 인원 자료 없음,산업·배출시설 공간 노출도,v4 (배출원: 전국 등록공장현황 2024-12-31 반영 5개 구 전역 + 배출업소·폐기물 v2 override 판 / 취약시설: 어린이집·경로당·지역아동센터 + 장애인복지관). geo_level=point 한정
SC0144,갈전부인경로당,경로당,senior_center,4812132000,대산면,의창구,35.3639584444567,128.681411577108,132.2,132.2,3,10,11,3,11,12,0,0,1,0,0,0,11,1.0,1.1,1.091,2.0,0.0,876.8,144.31,627,1057,430,scenario_stable_non_high,other,"300m 이내 배출원 위치 3개, 500m 이내 배출원 위치 10개, 최근접 배출원 132m",,False,해당 시설 유형에 인원 자료 없음,산업·배출시설 공간 노출도,v4 (배출원: 전국 등록공장현황 2024-12-31 반영 5개 구 전역 + 배출업소·폐기물 v2 override 판 / 취약시설: 어린이집·경로당·지역아동센터 + 장애인복지관). geo_level=point 한정
SC0145,평리경로당,경로당,senior_center,4812132000,대산면,의창구,35.3639584444567,128.681411577108,132.2,132.2,3,10,11,3,11,12,0,0,1,0,0,0,11,1.0,1.1,1.091,2.0,0.0,876.8,144.31,627,1057,430,scenario_stable_non_high,other,"300m 이내 배출원 위치 3개, 500m 이내 배출원 위치 10개, 최근접 배출원 132m",,False,해당 시설 유형에 인원 자료 없음,산업·배출시설 공간 노출도,v4 (배출원: 전국 등록공장현황 2024-12-31 반영 5개 구 전역 + 배출업소·폐기물 v2 override 판 / 취약시설: 어린이집·경로당·지역아동센터 + 장애인복지관). geo_level=point 한정
SC0146,송정경로당,경로당,senior_center,4812132000,대산면,의창구,35.3608756591758,128.682217953717,60.9,60.9,2,4,10,2,4,11,0,0,0,0,0,0,4,1.0,1.0,1.1,2.0,0.0,1054.8,154.9,782,1214,432,scenario_stable_non_high,other,"300m 이내 배출원 위치 2개, 500m 이내 배출원 위치 4개, 최근접 배출원 61m",,False,해당 시설 유형에 인원 자료 없음,산업·배출시설 공간 노출도,v4 (배출원: 전국 등록공장현황 2024-12-31 반영 5개 구 전역 + 배출업소·폐기물 v2 override 판 / 취약시설: 어린이집·경로당·지역아동센터 + 장애인복지관). geo_level=point 한정
SC0147,유목경로당,경로당,senior_center,4812132000,대산면,의창구,35.3665882950584,128.681148276083,251.0,251.0,2,9,11,3,10,12,0,0,1,0,0,0,10,1.5,1.111,1.091,2.0,0.0,981.2,98.99,809,1118,309,scenario_stable_non_high,other,"300m 이내 배출원 위치 2개, 500m 이내 배출원 위치 9개, 최근접 배출원 251m",,False,해당 시설 유형에 인원 자료 없음,산업·배출시설 공간 노출도,v4 (배출원: 전국 등록공장현황 2024-12-31 반영 5개 구 전역 + 배출업소·폐기물 v2 override 판 / 취약시설: 어린이집·경로당·지역아동센터 + 장애인복지관). geo_level=point 한정
SC0148,일동경로당,경로당,senior_center,4812132000,대산면,의창구,35.3677961698457,128.684137872045,158.2,158.2,6,6,11,7,7,12,0,0,1,0,0,0,7,1.167,1.167,1.091,2.0,0.0,863.2,168.59,566,1072,506,scenario_stable_non_high,other,"300m 이내 배출원 위치 6개, 500m 이내 배출원 위치 6개, 최근접 배출원 158m",,False,해당 시설 유형에 인원 자료 없음,산업·배출시설 공간 노출도,v4 (배출원: 전국 등록공장현황 2024-12-31 반영 5개 구 전역 + 배출업소·폐기물 v2 override 판 / 취약시설: 어린이집·경로당·지역아동센터 + 장애인복지관). geo_level=point 한정
SC0149,일동부인경로당,경로당,senior_center,4812132000,대산면,의창구,35.3677961698457,128.684137872045,158.2,158.2,6,6,11,7,7,12,0,0,1,0,0,0,7,1.167,1.167,1.091,2.0,0.0,863.2,168.59,566,1072,506,scenario_stable_non_high,other,"300m 이내 배출원 위치 6개, 500m 이내 배출원 위치 6개, 최근접 배출원 158m",,False,해당 시설 유형에 인원 자료 없음,산업·배출시설 공간 노출도,v4 (배출원: 전국 등록공장현황 2024-12-31 반영 5개 구 전역 + 배출업소·폐기물 v2 override 판 / 취약시설: 어린이집·경로당·지역아동센터 + 장애인복지관). geo_level=point 한정
SC0150,구산경로당,경로당,senior_center,4812132000,대산면,의창구,35.3577109573437,128.694873542856,1144.4,1144.4,0,0,0,0,0,0,0,0,0,0,0,0,0,,,,2.0,0.0,1584.0,0.0,1584,1584,0,scenario_stable_non_high,other,"1km 이내 배출원 없음 (최근접 1,144m)",,False,해당 시설 유형에 인원 자료 없음,산업·배출시설 공간 노출도,v4 (배출원: 전국 등록공장현황 2024-12-31 반영 5개 구 전역 + 배출업소·폐기물 v2 override 판 / 취약시설: 어린이집·경로당·지역아동센터 + 장애인복지관). geo_level=point 한정
SC0151,당리경로당,경로당,senior_center,4812132000,대산면,의창구,35.3692087744452,128.692895857481,332.1,332.1,0,1,7,0,1,8,0,0,0,0,0,0,1,,1.0,1.143,2.0,0.0,1426.0,13.86,1396,1449,53,scenario_stable_non_high,other,"500m 이내 배출원 위치 1개, 최근접 배출원 332m",,False,해당 시설 유형에 인원 자료 없음,산업·배출시설 공간 노출도,v4 (배출원: 전국 등록공장현황 2024-12-31 반영 5개 구 전역 + 배출업소·폐기물 v2 override 판 / 취약시설: 어린이집·경로당·지역아동센터 + 장애인복지관). geo_level=point 한정
SC0152,신성경로당,경로당,senior_center,4812132000,대산면,의창구,35.3667509245338,128.69366197704,343.7,343.7,0,1,7,0,1,8,0,0,0,0,0,0,1,,1.0,1.143,2.0,0.0,1429.9,11.58,1406,1453,47,scenario_stable_non_high,other,"500m 이내 배출원 위치 1개, 최근접 배출원 344m",,False,해당 시설 유형에 인원 자료 없음,산업·배출시설 공간 노출도,v4 (배출원: 전국 등록공장현황 2024-12-31 반영 5개 구 전역 + 배출업소·폐기물 v2 override 판 / 취약시설: 어린이집·경로당·지역아동센터 + 장애인복지관). geo_level=point 한정
SC0153,수성경로당,경로당,senior_center,4812132000,대산면,의창구,35.3662428738355,128.695804558228,546.2,546.2,0,0,3,0,0,3,0,0,0,0,0,0,0,,,1.0,2.0,0.0,1527.3,7.48,1513,1536,23,scenario_stable_non_high,other,1km 이내 배출원 없음 (최근접 546m),,False,해당 시설 유형에 인원 자료 없음,산업·배출시설 공간 노출도,v4 (배출원: 전국 등록공장현황 2024-12-31 반영 5개 구 전역 + 배출업소·폐기물 v2 override 판 / 취약시설: 어린이집·경로당·지역아동센터 + 장애인복지관). geo_level=point 한정
SC0154,북모산경로당,경로당,senior_center,4812132000,대산면,의창구,35.3565908964617,128.713661454257,43.3,43.3,4,8,11,5,10,13,0,1,1,1,0,1,8,1.25,1.25,1.182,2.0,0.0,737.3,156.71,456,909,453,scenario_stable_non_high,other,"300m 이내 배출원 위치 4개, 500m 이내 배출원 위치 8개, 500m 이내 소각 처리 사업장 1곳, 최근접 배출원 43m",,False,해당 시설 유형에 인원 자료 없음,산업·배출시설 공간 노출도,v4 (배출원: 전국 등록공장현황 2024-12-31 반영 5개 구 전역 + 배출업소·폐기물 v2 override 판 / 취약시설: 어린이집·경로당·지역아동센터 + 장애인복지관). geo_level=point 한정
SC0155,남모산경로당,경로당,senior_center,4812132000,대산면,의창구,35.3535094715358,128.711471649411,98.4,98.4,5,9,11,7,11,13,0,1,2,1,0,1,9,1.4,1.222,1.182,2.0,0.0,695.5,173.48,387,905,518,scenario_stable_non_high,other,"300m 이내 배출원 위치 5개, 500m 이내 배출원 위치 9개, 500m 이내 소각 처리 사업장 1곳, 최근접 배출원 98m",,False,해당 시설 유형에 인원 자료 없음,산업·배출시설 공간 노출도,v4 (배출원: 전국 등록공장현황 2024-12-31 반영 5개 구 전역 + 배출업소·폐기물 v2 override 판 / 취약시설: 어린이집·경로당·지역아동센터 + 장애인복지관). geo_level=point 한정
SC0156,송등경로당,경로당,senior_center,4812132000,대산면,의창구,35.3478013722538,128.71279510224,501.5,501.5,0,0,10,0,0,12,0,0,0,0,0,0,0,,,1.2,2.0,0.0,1364.5,37.23,1286,1419,133,scenario_stable_non_high,other,1km 이내 배출원 없음 (최근접 502m),,False,해당 시설 유형에 인원 자료 없음,산업·배출시설 공간 노출도,v4 (배출원: 전국 등록공장현황 2024-12-31 반영 5개 구 전역 + 배출업소·폐기물 v2 override 판 / 취약시설: 어린이집·경로당·지역아동센터 + 장애인복지관). geo_level=point 한정
SC0165,백양경로당,경로당,senior_center,4812132000,대산면,의창구,35.3276241603145,128.688229814334,45.4,45.4,2,2,11,2,2,15,0,0,0,0,0,0,2,1.0,1.0,1.364,2.0,0.0,1128.6,165.84,825,1290,465,scenario_stable_non_high,other,"300m 이내 배출원 위치 2개, 500m 이내 배출원 위치 2개, 최근접 배출원 45m",,False,해당 시설 유형에 인원 자료 없음,산업·배출시설 공간 노출도,v4 (배출원: 전국 등록공장현황 2024-12-31 반영 5개 구 전역 + 배출업소·폐기물 v2 override 판 / 취약시설: 어린이집·경로당·지역아동센터 + 장애인복지관). geo_level=point 한정
SC0166,주남경로당,경로당,senior_center,4812132000,대산면,의창구,35.3165234037552,128.689835004128,46.7,46.7,4,4,31,5,5,37,0,0,0,0,0,0,5,1.25,1.25,1.194,2.0,0.0,714.9,109.09,501,851,350,scenario_stable_non_high,other,"300m 이내 배출원 위치 4개, 500m 이내 배출원 위치 4개, 최근접 배출원 47m",,False,해당 시설 유형에 인원 자료 없음,산업·배출시설 공간 노출도,v4 (배출원: 전국 등록공장현황 2024-12-31 반영 5개 구 전역 + 배출업소·폐기물 v2 override 판 / 취약시설: 어린이집·경로당·지역아동센터 + 장애인복지관). geo_level=point 한정
SC0167,대방경로당,경로당,senior_center,4812132000,대산면,의창구,35.3426175937436,128.693940050575,157.6,157.6,1,1,41,1,1,59,0,0,0,0,0,0,1,1.0,1.0,1.439,2.0,0.0,829.2,130.13,655,1036,381,scenario_stable_non_high,other,"300m 이내 배출원 위치 1개, 500m 이내 배출원 위치 1개, 최근접 배출원 158m",,False,해당 시설 유형에 인원 자료 없음,산업·배출시설 공간 노출도,v4 (배출원: 전국 등록공장현황 2024-12-31 반영 5개 구 전역 + 배출업소·폐기물 v2 override 판 / 취약시설: 어린이집·경로당·지역아동센터 + 장애인복지관). geo_level=point 한정
SC0168,대방여성경로당,경로당,senior_center,4812132000,대산면,의창구,35.3444783567717,128.689262190959,319.8,319.8,0,2,2,0,2,2,0,0,0,0,0,0,2,,1.0,1.0,2.0,0.0,1450.7,58.37,1340,1501,161,scenario_stable_non_high,other,"500m 이내 배출원 위치 2개, 최근접 배출원 320m",,False,해당 시설 유형에 인원 자료 없음,산업·배출시설 공간 노출도,v4 (배출원: 전국 등록공장현황 2024-12-31 반영 5개 구 전역 + 배출업소·폐기물 v2 override 판 / 취약시설: 어린이집·경로당·지역아동센터 + 장애인복지관). geo_level=point 한정
SC0169,제동경로당,경로당,senior_center,4812132000,대산면,의창구,35.3340323477444,128.71329573988,100.4,100.4,1,7,79,1,8,104,0,3,1,2,0,0,3,1.0,1.143,1.316,2.0,0.0,377.6,202.9,187,718,531,scenario_stable_non_high,other,"300m 이내 배출원 위치 1개, 500m 이내 배출원 위치 7개, 최근접 배출원 100m",,False,해당 시설 유형에 인원 자료 없음,산업·배출시설 공간 노출도,v4 (배출원: 전국 등록공장현황 2024-12-31 반영 5개 구 전역 + 배출업소·폐기물 v2 override 판 / 취약시설: 어린이집·경로당·지역아동센터 + 장애인복지관). geo_level=point 한정
SC0174,상포부녀경로당,경로당,senior_center,4812132000,대산면,의창구,35.3228890878059,128.71232360779,65.2,65.2,4,9,41,5,13,53,0,0,2,1,0,0,11,1.25,1.444,1.293,2.0,0.0,428.4,30.96,364,499,135,scenario_stable_non_high,other,"300m 이내 배출원 위치 4개, 500m 이내 배출원 위치 9개, 최근접 배출원 65m",,False,해당 시설 유형에 인원 자료 없음,산업·배출시설 공간 노출도,v4 (배출원: 전국 등록공장현황 2024-12-31 반영 5개 구 전역 + 배출업소·폐기물 v2 override 판 / 취약시설: 어린이집·경로당·지역아동센터 + 장애인복지관). geo_level=point 한정
SC0178,우암마을경로당,경로당,senior_center,4812132000,대산면,의창구,35.3388023718671,128.726973507585,71.9,71.9,1,1,2,1,1,2,0,0,0,0,0,0,1,1.0,1.0,1.0,2.0,0.0,1343.1,198.7,990,1488,498,scenario_stable_non_high,other,"300m 이내 배출원 위치 1개, 500m 이내 배출원 위치 1개, 최근접 배출원 72m",,False,해당 시설 유형에 인원 자료 없음,산업·배출시설 공간 노출도,v4 (배출원: 전국 등록공장현황 2024-12-31 반영 5개 구 전역 + 배출업소·폐기물 v2 override 판 / 취약시설: 어린이집·경로당·지역아동센터 + 장애인복지관). geo_level=point 한정
SC0179,덕현경로당,경로당,senior_center,4812132000,대산면,의창구,35.3350697060088,128.728417141056,404.2,404.2,0,2,3,0,2,3,0,0,0,0,0,0,2,,1.0,1.0,2.0,0.0,1464.2,24.61,1419,1493,74,scenario_stable_non_high,other,"500m 이내 배출원 위치 2개, 최근접 배출원 404m",,False,해당 시설 유형에 인원 자료 없음,산업·배출시설 공간 노출도,v4 (배출원: 전국 등록공장현황 2024-12-31 반영 5개 구 전역 + 배출업소·폐기물 v2 override 판 / 취약시설: 어린이집·경로당·지역아동센터 + 장애인복지관). geo_level=point 한정
SC0180,월림경로당,경로당,senior_center,4812132000,대산면,의창구,35.3307328350933,128.731656132166,441.7,441.7,0,1,4,0,1,4,0,0,0,0,0,0,1,,1.0,1.0,2.0,0.0,1480.0,11.62,1455,1495,40,scenario_stable_non_high,other,"500m 이내 배출원 위치 1개, 최근접 배출원 442m",,False,해당 시설 유형에 인원 자료 없음,산업·배출시설 공간 노출도,v4 (배출원: 전국 등록공장현황 2024-12-31 반영 5개 구 전역 + 배출업소·폐기물 v2 override 판 / 취약시설: 어린이집·경로당·지역아동센터 + 장애인복지관). geo_level=point 한정
SC0181,신곡경로당,경로당,senior_center,4812132000,대산면,의창구,35.3280364998678,128.73493963311,463.5,463.5,0,1,3,0,1,3,0,0,0,0,0,0,1,,1.0,1.0,2.0,0.0,1494.4,14.87,1465,1510,45,scenario_stable_non_high,other,"500m 이내 배출원 위치 1개, 최근접 배출원 464m",,False,해당 시설 유형에 인원 자료 없음,산업·배출시설 공간 노출도,v4 (배출원: 전국 등록공장현황 2024-12-31 반영 5개 구 전역 + 배출업소·폐기물 v2 override 판 / 취약시설: 어린이집·경로당·지역아동센터 + 장애인복지관). geo_level=point 한정
SC0182,신곡부인경로당,경로당,senior_center,4812132000,대산면,의창구,35.327968371538,128.734688331952,486.6,486.6,0,1,3,0,1,3,0,0,0,0,0,0,1,,1.0,1.0,2.0,0.0,1498.7,10.78,1475,1510,35,scenario_stable_non_high,other,"500m 이내 배출원 위치 1개, 최근접 배출원 487m",,False,해당 시설 유형에 인원 자료 없음,산업·배출시설 공간 노출도,v4 (배출원: 전국 등록공장현황 2024-12-31 반영 5개 구 전역 + 배출업소·폐기물 v2 override 판 / 취약시설: 어린이집·경로당·지역아동센터 + 장애인복지관). geo_level=point 한정
SC0183,용등경로당,경로당,senior_center,4812132000,대산면,의창구,35.325917054869,128.737813557057,515.6,515.6,0,0,2,0,0,2,0,0,0,0,0,0,0,,,1.0,2.0,0.0,1528.6,12.8,1501,1541,40,scenario_stable_non_high,other,1km 이내 배출원 없음 (최근접 516m),,False,해당 시설 유형에 인원 자료 없음,산업·배출시설 공간 노출도,v4 (배출원: 전국 등록공장현황 2024-12-31 반영 5개 구 전역 + 배출업소·폐기물 v2 override 판 / 취약시설: 어린이집·경로당·지역아동센터 + 장애인복지관). geo_level=point 한정
SC0184,중포마을경로당,경로당,senior_center,4812132000,대산면,의창구,35.322332936011,128.722176585186,23.6,23.6,5,7,31,6,9,42,0,0,0,1,0,0,8,1.2,1.286,1.355,2.0,0.0,500.3,106.74,277,613,336,scenario_stable_non_high,other,"300m 이내 배출원 위치 5개, 500m 이내 배출원 위치 7개, 최근접 배출원 24m",,False,해당 시설 유형에 인원 자료 없음,산업·배출시설 공간 노출도,v4 (배출원: 전국 등록공장현황 2024-12-31 반영 5개 구 전역 + 배출업소·폐기물 v2 override 판 / 취약시설: 어린이집·경로당·지역아동센터 + 장애인복지관). geo_level=point 한정
SC0185,동부경로당,경로당,senior_center,4812132000,대산면,의창구,35.3481822931016,128.72738921636,535.4,535.4,0,0,1,0,0,1,0,0,0,0,0,0,0,,,1.0,2.0,0.0,1538.9,13.13,1515,1551,36,scenario_stable_non_high,other,1km 이내 배출원 없음 (최근접 535m),,False,해당 시설 유형에 인원 자료 없음,산업·배출시설 공간 노출도,v4 (배출원: 전국 등록공장현황 2024-12-31 반영 5개 구 전역 + 배출업소·폐기물 v2 override 판 / 취약시설: 어린이집·경로당·지역아동센터 + 장애인복지관). geo_level=point 한정
SC0186,서부경로당,경로당,senior_center,4812132000,대산면,의창구,35.3481840528969,128.723106282904,153.5,153.5,1,1,2,1,1,2,0,0,0,0,0,0,1,1.0,1.0,1.0,2.0,0.0,1408.9,122.86,1181,1505,324,scenario_stable_non_high,other,"300m 이내 배출원 위치 1개, 500m 이내 배출원 위치 1개, 최근접 배출원 154m",,False,해당 시설 유형에 인원 자료 없음,산업·배출시설 공간 노출도,v4 (배출원: 전국 등록공장현황 2024-12-31 반영 5개 구 전역 + 배출업소·폐기물 v2 override 판 / 취약시설: 어린이집·경로당·지역아동센터 + 장애인복지관). geo_level=point 한정
SC0187,유청경로당,경로당,senior_center,4812132000,대산면,의창구,35.3430020958436,128.743881623058,118.7,118.7,3,3,3,3,3,3,0,0,0,1,0,0,3,1.0,1.0,1.0,2.0,0.0,1048.3,259.08,591,1307,716,scenario_stable_non_high,other,"300m 이내 배출원 위치 3개, 500m 이내 배출원 위치 3개, 최근접 배출원 119m",,False,해당 시설 유형에 인원 자료 없음,산업·배출시설 공간 노출도,v4 (배출원: 전국 등록공장현황 2024-12-31 반영 5개 구 전역 + 배출업소·폐기물 v2 override 판 / 취약시설: 어린이집·경로당·지역아동센터 + 장애인복지관). geo_level=point 한정
SC0188,유등경로당,경로당,senior_center,4812132000,대산면,의창구,35.3447053672785,128.744223897157,28.6,28.6,2,3,3,2,3,3,0,0,0,1,0,0,3,1.0,1.0,1.0,2.0,0.0,1132.2,224.47,727,1359,632,scenario_stable_non_high,other,"300m 이내 배출원 위치 2개, 500m 이내 배출원 위치 3개, 최근접 배출원 29m",,False,해당 시설 유형에 인원 자료 없음,산업·배출시설 공간 노출도,v4 (배출원: 전국 등록공장현황 2024-12-31 반영 5개 구 전역 + 배출업소·폐기물 v2 override 판 / 취약시설: 어린이집·경로당·지역아동센터 + 장애인복지관). geo_level=point 한정
SC0189,유등부인경로당,경로당,senior_center,4812132000,대산면,의창구,35.3452764992843,128.747046758796,280.9,280.9,1,3,3,1,3,3,0,0,0,1,0,0,3,1.0,1.0,1.0,2.0,0.0,1342.6,65.76,1224,1422,198,scenario_stable_non_high,other,"300m 이내 배출원 위치 1개, 500m 이내 배출원 위치 3개, 최근접 배출원 281m",,False,해당 시설 유형에 인원 자료 없음,산업·배출시설 공간 노출도,v4 (배출원: 전국 등록공장현황 2024-12-31 반영 5개 구 전역 + 배출업소·폐기물 v2 override 판 / 취약시설: 어린이집·경로당·지역아동센터 + 장애인복지관). geo_level=point 한정
SC0190,동곡경로당,경로당,senior_center,4812132000,대산면,의창구,35.3322574281156,128.735548817023,91.4,91.4,1,2,3,1,2,3,0,0,0,0,0,0,2,1.0,1.0,1.0,2.0,0.0,1301.9,179.83,982,1439,457,scenario_stable_non_high,other,"300m 이내 배출원 위치 1개, 500m 이내 배출원 위치 2개, 최근접 배출원 91m",,False,해당 시설 유형에 인원 자료 없음,산업·배출시설 공간 노출도,v4 (배출원: 전국 등록공장현황 2024-12-31 반영 5개 구 전역 + 배출업소·폐기물 v2 override 판 / 취약시설: 어린이집·경로당·지역아동센터 + 장애인복지관). geo_level=point 한정
SC0192,소답경로당,경로당,senior_center,4812151000,의창동,의창구,35.264197467952,128.627464477239,109.8,109.8,7,11,33,7,11,35,0,4,0,1,0,1,7,1.0,1.0,1.061,4.0,0.0,439.2,89.22,257,558,301,scenario_stable_non_high,other,"300m 이내 배출원 위치 7개, 500m 이내 배출원 위치 11개, 500m 이내 소각 처리 사업장 1곳, 최근접 배출원 110m",,False,해당 시설 유형에 인원 자료 없음,산업·배출시설 공간 노출도,v4 (배출원: 전국 등록공장현황 2024-12-31 반영 5개 구 전역 + 배출업소·폐기물 v2 override 판 / 취약시설: 어린이집·경로당·지역아동센터 + 장애인복지관). geo_level=point 한정
SC0193,재건경로당,경로당,senior_center,4812151000,의창동,의창구,35.2654511425966,128.622998244929,120.5,120.5,3,9,30,3,10,33,0,2,0,0,0,0,8,1.0,1.111,1.1,4.0,0.0,584.5,54.68,498,693,195,scenario_stable_non_high,other,"300m 이내 배출원 위치 3개, 500m 이내 배출원 위치 9개, 최근접 배출원 120m",,False,해당 시설 유형에 인원 자료 없음,산업·배출시설 공간 노출도,v4 (배출원: 전국 등록공장현황 2024-12-31 반영 5개 구 전역 + 배출업소·폐기물 v2 override 판 / 취약시설: 어린이집·경로당·지역아동센터 + 장애인복지관). geo_level=point 한정
SC0194,중동경로당,경로당,senior_center,4812151000,의창동,의창구,35.2646307446514,128.622502240152,161.7,161.7,4,14,34,4,15,37,0,5,0,1,0,0,9,1.0,1.071,1.088,4.0,0.0,483.4,37.55,408,558,150,scenario_stable_non_high,other,"300m 이내 배출원 위치 4개, 500m 이내 배출원 위치 14개, 최근접 배출원 162m",,False,해당 시설 유형에 인원 자료 없음,산업·배출시설 공간 노출도,v4 (배출원: 전국 등록공장현황 2024-12-31 반영 5개 구 전역 + 배출업소·폐기물 v2 override 판 / 취약시설: 어린이집·경로당·지역아동센터 + 장애인복지관). geo_level=point 한정
SC0195,북동경로당,경로당,senior_center,4812151000,의창동,의창구,35.2666718801408,128.620273243225,162.1,162.1,1,7,33,1,7,36,0,3,0,0,0,0,4,1.0,1.0,1.091,4.0,0.0,753.3,81.68,624,903,279,scenario_stable_non_high,other,"300m 이내 배출원 위치 1개, 500m 이내 배출원 위치 7개, 최근접 배출원 162m",,False,해당 시설 유형에 인원 자료 없음,산업·배출시설 공간 노출도,v4 (배출원: 전국 등록공장현황 2024-12-31 반영 5개 구 전역 + 배출업소·폐기물 v2 override 판 / 취약시설: 어린이집·경로당·지역아동센터 + 장애인복지관). geo_level=point 한정
SC0196,동정경로당,경로당,senior_center,4812151000,의창동,의창구,35.264491923197,128.613611122806,274.3,274.3,2,12,32,2,12,35,0,12,0,0,0,0,0,1.0,1.0,1.094,4.0,0.0,661.2,64.83,548,789,241,scenario_stable_non_high,other,"300m 이내 배출원 위치 2개, 500m 이내 배출원 위치 12개, 최근접 배출원 274m",,False,해당 시설 유형에 인원 자료 없음,산업·배출시설 공간 노출도,v4 (배출원: 전국 등록공장현황 2024-12-31 반영 5개 구 전역 + 배출업소·폐기물 v2 override 판 / 취약시설: 어린이집·경로당·지역아동센터 + 장애인복지관). geo_level=point 한정
SC0198,무학아파트경로당,경로당,senior_center,4812151000,의창동,의창구,35.2634777739576,128.613746385451,171.5,171.5,4,21,34,4,23,37,0,17,0,0,0,0,6,1.0,1.095,1.088,4.0,0.0,488.9,36.94,401,550,149,scenario_stable_non_high,other,"300m 이내 배출원 위치 4개, 500m 이내 배출원 위치 21개, 최근접 배출원 172m",,False,해당 시설 유형에 인원 자료 없음,산업·배출시설 공간 노출도,v4 (배출원: 전국 등록공장현황 2024-12-31 반영 5개 구 전역 + 배출업소·폐기물 v2 override 판 / 취약시설: 어린이집·경로당·지역아동센터 + 장애인복지관). geo_level=point 한정
SC0199,소계경로당,경로당,senior_center,4812151000,의창동,의창구,35.259355706878,128.598497066987,225.2,225.2,1,1,17,1,1,54,0,0,0,0,0,0,1,1.0,1.0,3.176,4.0,0.0,1004.4,82.85,891,1141,250,scenario_stable_non_high,other,"300m 이내 배출원 위치 1개, 500m 이내 배출원 위치 1개, 최근접 배출원 225m",,False,해당 시설 유형에 인원 자료 없음,산업·배출시설 공간 노출도,v4 (배출원: 전국 등록공장현황 2024-12-31 반영 5개 구 전역 + 배출업소·폐기물 v2 override 판 / 취약시설: 어린이집·경로당·지역아동센터 + 장애인복지관). geo_level=point 한정
SC0200,의창경로당,경로당,senior_center,4812151000,의창동,의창구,35.2667408242378,128.626210011163,66.6,66.6,4,10,24,4,10,26,0,2,0,0,0,0,8,1.0,1.0,1.083,4.0,0.0,642.5,96.03,442,768,326,scenario_stable_non_high,other,"300m 이내 배출원 위치 4개, 500m 이내 배출원 위치 10개, 최근접 배출원 67m",,False,해당 시설 유형에 인원 자료 없음,산업·배출시설 공간 노출도,v4 (배출원: 전국 등록공장현황 2024-12-31 반영 5개 구 전역 + 배출업소·폐기물 v2 override 판 / 취약시설: 어린이집·경로당·지역아동센터 + 장애인복지관). geo_level=point 한정
SC0201,동정오성아파트경로당,경로당,senior_center,4812151000,의창동,의창구,35.2630620698574,128.615951702653,130.2,130.2,6,18,35,6,21,38,0,14,0,0,0,0,7,1.0,1.167,1.086,4.0,0.0,373.7,65.68,242,482,240,scenario_stable_non_high,other,"300m 이내 배출원 위치 6개, 500m 이내 배출원 위치 18개, 최근접 배출원 130m",,False,해당 시설 유형에 인원 자료 없음,산업·배출시설 공간 노출도,v4 (배출원: 전국 등록공장현황 2024-12-31 반영 5개 구 전역 + 배출업소·폐기물 v2 override 판 / 취약시설: 어린이집·경로당·지역아동센터 + 장애인복지관). geo_level=point 한정
SC0202,흥한웰가아파트경로당,경로당,senior_center,4812151000,의창동,의창구,35.2645549815201,128.616792179835,257.1,257.1,4,16,37,4,19,40,0,12,0,0,0,0,7,1.0,1.188,1.081,4.0,0.0,531.8,64.71,421,658,237,scenario_stable_non_high,other,"300m 이내 배출원 위치 4개, 500m 이내 배출원 위치 16개, 최근접 배출원 257m",,False,해당 시설 유형에 인원 자료 없음,산업·배출시설 공간 노출도,v4 (배출원: 전국 등록공장현황 2024-12-31 반영 5개 구 전역 + 배출업소·폐기물 v2 override 판 / 취약시설: 어린이집·경로당·지역아동센터 + 장애인복지관). geo_level=point 한정
SC0204,강무경로당,경로당,senior_center,4812151000,의창동,의창구,35.2640329904466,128.61563891825,207.7,207.7,2,16,36,2,18,39,0,14,0,0,0,0,4,1.0,1.125,1.083,4.0,0.0,513.4,47.12,414,594,180,scenario_stable_non_high,other,"300m 이내 배출원 위치 2개, 500m 이내 배출원 위치 16개, 최근접 배출원 208m",,False,해당 시설 유형에 인원 자료 없음,산업·배출시설 공간 노출도,v4 (배출원: 전국 등록공장현황 2024-12-31 반영 5개 구 전역 + 배출업소·폐기물 v2 override 판 / 취약시설: 어린이집·경로당·지역아동센터 + 장애인복지관). geo_level=point 한정
SC0205,천주경로당,경로당,senior_center,4812151000,의창동,의창구,35.2600249913056,128.596610977802,54.9,54.9,1,1,10,1,1,14,0,0,0,0,0,0,1,1.0,1.0,1.4,4.0,0.0,1126.1,100.64,944,1211,267,scenario_stable_non_high,other,"300m 이내 배출원 위치 1개, 500m 이내 배출원 위치 1개, 최근접 배출원 55m",,False,해당 시설 유형에 인원 자료 없음,산업·배출시설 공간 노출도,v4 (배출원: 전국 등록공장현황 2024-12-31 반영 5개 구 전역 + 배출업소·폐기물 v2 override 판 / 취약시설: 어린이집·경로당·지역아동센터 + 장애인복지관). geo_level=point 한정
SC0206,소답제2경로당,경로당,senior_center,4812151000,의창동,의창구,35.2629051228036,128.631083930606,208.4,208.4,5,11,34,6,12,36,0,5,0,0,0,0,7,1.2,1.091,1.059,4.0,0.0,521.5,32.69,446,568,122,scenario_stable_non_high,other,"300m 이내 배출원 위치 5개, 500m 이내 배출원 위치 11개, 최근접 배출원 208m",,False,해당 시설 유형에 인원 자료 없음,산업·배출시설 공간 노출도,v4 (배출원: 전국 등록공장현황 2024-12-31 반영 5개 구 전역 + 배출업소·폐기물 v2 override 판 / 취약시설: 어린이집·경로당·지역아동센터 + 장애인복지관). geo_level=point 한정
SC0209,유니시티2단지아파트경로당,경로당,senior_center,4812151000,의창동,의창구,35.2558518094659,128.627509755732,171.4,171.4,3,3,50,3,3,67,3,0,0,0,0,0,0,1.0,1.0,1.34,4.0,0.0,535.5,100.91,383,717,334,scenario_stable_non_high,other,"300m 이내 배출원 위치 3개, 500m 이내 배출원 위치 3개, 500m 이내 대기 배출업소 3곳, 최근접 배출원 171m",,False,해당 시설 유형에 인원 자료 없음,산업·배출시설 공간 노출도,v4 (배출원: 전국 등록공장현황 2024-12-31 반영 5개 구 전역 + 배출업소·폐기물 v2 override 판 / 취약시설: 어린이집·경로당·지역아동센터 + 장애인복지관). geo_level=point 한정
SC0210,유니시티3단지아파트경로당,경로당,senior_center,4812153000,명곡동,의창구,35.2560183190756,128.632008043113,169.1,169.1,2,8,34,2,8,35,2,3,0,0,0,0,3,1.0,1.0,1.029,1.0,0.0,578.0,57.71,470,688,218,scenario_stable_non_high,other,"300m 이내 배출원 위치 2개, 500m 이내 배출원 위치 8개, 500m 이내 대기 배출업소 2곳, 최근접 배출원 169m",,False,해당 시설 유형에 인원 자료 없음,산업·배출시설 공간 노출도,v4 (배출원: 전국 등록공장현황 2024-12-31 반영 5개 구 전역 + 배출업소·폐기물 v2 override 판 / 취약시설: 어린이집·경로당·지역아동센터 + 장애인복지관). geo_level=point 한정
SC0211,유니시티4 시니어클럽경로당,경로당,senior_center,4812153000,명곡동,의창구,35.2547055381178,128.62941164714,0.0,0.0,2,4,67,2,4,192,4,0,0,0,0,0,0,1.0,1.0,2.866,1.0,0.0,405.3,85.48,267,558,291,scenario_stable_non_high,other,"300m 이내 배출원 위치 2개, 500m 이내 배출원 위치 4개, 500m 이내 대기 배출업소 4곳, 최근접 배출원 0m",,False,해당 시설 유형에 인원 자료 없음,산업·배출시설 공간 노출도,v4 (배출원: 전국 등록공장현황 2024-12-31 반영 5개 구 전역 + 배출업소·폐기물 v2 override 판 / 취약시설: 어린이집·경로당·지역아동센터 + 장애인복지관). geo_level=point 한정
SC0212,의안경로당,경로당,senior_center,4812151000,의창동,의창구,35.2636581199909,128.624625986347,158.3,158.3,5,15,37,5,16,41,0,5,0,2,0,1,10,1.0,1.067,1.108,4.0,0.0,417.2,39.44,330,482,152,scenario_stable_non_high,other,"300m 이내 배출원 위치 5개, 500m 이내 배출원 위치 15개, 500m 이내 소각 처리 사업장 1곳, 최근접 배출원 158m",,False,해당 시설 유형에 인원 자료 없음,산업·배출시설 공간 노출도,v4 (배출원: 전국 등록공장현황 2024-12-31 반영 5개 구 전역 + 배출업소·폐기물 v2 override 판 / 취약시설: 어린이집·경로당·지역아동센터 + 장애인복지관). geo_level=point 한정
SC0223,명곡경로당,경로당,senior_center,4812153000,명곡동,의창구,35.2539403841184,128.63992461167,138.1,138.1,8,11,27,8,11,28,1,4,0,0,0,0,6,1.0,1.0,1.037,1.0,0.0,484.6,91.22,319,632,313,scenario_stable_non_high,other,"300m 이내 배출원 위치 8개, 500m 이내 배출원 위치 11개, 500m 이내 대기 배출업소 1곳, 최근접 배출원 138m",,False,해당 시설 유형에 인원 자료 없음,산업·배출시설 공간 노출도,v4 (배출원: 전국 등록공장현황 2024-12-31 반영 5개 구 전역 + 배출업소·폐기물 v2 override 판 / 취약시설: 어린이집·경로당·지역아동센터 + 장애인복지관). geo_level=point 한정
SC0224,낙원경로당,경로당,senior_center,4812153000,명곡동,의창구,35.2592540871716,128.640455357101,245.4,245.4,3,13,27,3,13,28,0,4,0,1,0,0,8,1.0,1.0,1.037,1.0,0.0,579.7,28.16,514,631,117,scenario_stable_non_high,other,"300m 이내 배출원 위치 3개, 500m 이내 배출원 위치 13개, 최근접 배출원 245m",,False,해당 시설 유형에 인원 자료 없음,산업·배출시설 공간 노출도,v4 (배출원: 전국 등록공장현황 2024-12-31 반영 5개 구 전역 + 배출업소·폐기물 v2 override 판 / 취약시설: 어린이집·경로당·지역아동센터 + 장애인복지관). geo_level=point 한정
SC0225,안골경로당,경로당,senior_center,4812153000,명곡동,의창구,35.2636103735731,128.64212492102,280.1,280.1,1,3,22,1,3,23,0,1,0,1,0,0,1,1.0,1.0,1.045,1.0,0.0,1022.5,48.08,924,1093,169,scenario_stable_non_high,other,"300m 이내 배출원 위치 1개, 500m 이내 배출원 위치 3개, 최근접 배출원 280m",,False,해당 시설 유형에 인원 자료 없음,산업·배출시설 공간 노출도,v4 (배출원: 전국 등록공장현황 2024-12-31 반영 5개 구 전역 + 배출업소·폐기물 v2 override 판 / 취약시설: 어린이집·경로당·지역아동센터 + 장애인복지관). geo_level=point 한정
SC0226,도계경로당,경로당,senior_center,4812153000,명곡동,의창구,35.2621058040272,128.638554676412,129.4,129.4,4,10,29,4,10,30,0,3,0,1,0,0,6,1.0,1.0,1.034,1.0,0.0,564.0,54.04,441,645,204,scenario_stable_non_high,other,"300m 이내 배출원 위치 4개, 500m 이내 배출원 위치 10개, 최근접 배출원 129m",,False,해당 시설 유형에 인원 자료 없음,산업·배출시설 공간 노출도,v4 (배출원: 전국 등록공장현황 2024-12-31 반영 5개 구 전역 + 배출업소·폐기물 v2 override 판 / 취약시설: 어린이집·경로당·지역아동센터 + 장애인복지관). geo_level=point 한정
SC0227,새동네경로당,경로당,senior_center,4812153000,명곡동,의창구,35.2580198983045,128.634026903097,110.3,110.3,6,14,34,6,15,35,1,5,0,0,0,0,9,1.0,1.071,1.029,1.0,0.0,343.3,89.58,184,496,312,scenario_stable_non_high,other,"300m 이내 배출원 위치 6개, 500m 이내 배출원 위치 14개, 500m 이내 대기 배출업소 1곳, 최근접 배출원 110m",,False,해당 시설 유형에 인원 자료 없음,산업·배출시설 공간 노출도,v4 (배출원: 전국 등록공장현황 2024-12-31 반영 5개 구 전역 + 배출업소·폐기물 v2 override 판 / 취약시설: 어린이집·경로당·지역아동센터 + 장애인복지관). geo_level=point 한정
SC0228,도계휴먼시아경로당,경로당,senior_center,4812153000,명곡동,의창구,35.254609239865,128.635052955641,183.1,183.1,3,15,29,3,15,30,2,6,0,0,0,0,7,1.0,1.0,1.034,1.0,0.0,510.5,31.74,449,578,129,scenario_stable_non_high,other,"300m 이내 배출원 위치 3개, 500m 이내 배출원 위치 15개, 500m 이내 대기 배출업소 2곳, 최근접 배출원 183m",,False,해당 시설 유형에 인원 자료 없음,산업·배출시설 공간 노출도,v4 (배출원: 전국 등록공장현황 2024-12-31 반영 5개 구 전역 + 배출업소·폐기물 v2 override 판 / 취약시설: 어린이집·경로당·지역아동센터 + 장애인복지관). geo_level=point 한정
SC0229,명서2경로당,경로당,senior_center,4812153000,명곡동,의창구,35.2471464925595,128.640013305846,584.2,584.2,0,0,35,0,0,49,0,0,0,0,0,0,0,,,1.4,1.0,0.0,968.0,255.64,691,1372,681,scenario_stable_non_high,other,1km 이내 배출원 없음 (최근접 584m),,False,해당 시설 유형에 인원 자료 없음,산업·배출시설 공간 노출도,v4 (배출원: 전국 등록공장현황 2024-12-31 반영 5개 구 전역 + 배출업소·폐기물 v2 override 판 / 취약시설: 어린이집·경로당·지역아동센터 + 장애인복지관). geo_level=point 한정
SC0230,명서주민복지회관경로당,경로당,senior_center,4812153000,명곡동,의창구,35.2431403772376,128.642113114862,527.3,527.3,0,0,52,0,0,129,0,0,0,0,0,0,0,,,2.481,1.0,0.0,623.0,255.14,334,1047,713,scenario_stable_non_high,other,1km 이내 배출원 없음 (최근접 527m),,False,해당 시설 유형에 인원 자료 없음,산업·배출시설 공간 노출도,v4 (배출원: 전국 등록공장현황 2024-12-31 반영 5개 구 전역 + 배출업소·폐기물 v2 override 판 / 취약시설: 어린이집·경로당·지역아동센터 + 장애인복지관). geo_level=point 한정
SC0232,명지경로당,경로당,senior_center,4812153000,명곡동,의창구,35.2459408211085,128.648628674348,238.0,238.0,2,6,16,2,7,18,0,4,0,1,0,0,2,1.0,1.167,1.125,1.0,0.0,825.8,33.82,757,889,132,scenario_stable_non_high,other,"300m 이내 배출원 위치 2개, 500m 이내 배출원 위치 6개, 최근접 배출원 238m",,False,해당 시설 유형에 인원 자료 없음,산업·배출시설 공간 노출도,v4 (배출원: 전국 등록공장현황 2024-12-31 반영 5개 구 전역 + 배출업소·폐기물 v2 override 판 / 취약시설: 어린이집·경로당·지역아동센터 + 장애인복지관). geo_level=point 한정
SC0233,서곡경로당,경로당,senior_center,4812153000,명곡동,의창구,35.2495577327737,128.650093211824,372.1,372.1,0,1,11,0,2,12,0,0,0,0,0,0,2,,2.0,1.091,1.0,0.0,1354.8,25.14,1297,1388,91,scenario_stable_non_high,other,"500m 이내 배출원 위치 1개, 최근접 배출원 372m",,False,해당 시설 유형에 인원 자료 없음,산업·배출시설 공간 노출도,v4 (배출원: 전국 등록공장현황 2024-12-31 반영 5개 구 전역 + 배출업소·폐기물 v2 override 판 / 취약시설: 어린이집·경로당·지역아동센터 + 장애인복지관). geo_level=point 한정
SC0234,두산위브경로당,경로당,senior_center,4812153000,명곡동,의창구,35.2531379615303,128.643057908581,182.4,182.4,1,6,17,1,6,18,0,2,0,0,0,0,4,1.0,1.0,1.059,1.0,0.0,948.0,24.58,910,1003,93,scenario_stable_non_high,other,"300m 이내 배출원 위치 1개, 500m 이내 배출원 위치 6개, 최근접 배출원 182m",,False,해당 시설 유형에 인원 자료 없음,산업·배출시설 공간 노출도,v4 (배출원: 전국 등록공장현황 2024-12-31 반영 5개 구 전역 + 배출업소·폐기물 v2 override 판 / 취약시설: 어린이집·경로당·지역아동센터 + 장애인복지관). geo_level=point 한정
SC0235,상강한주맨션경로당,경로당,senior_center,4812153000,명곡동,의창구,35.2591223583993,128.640300304419,252.8,252.8,5,13,27,5,13,28,0,4,0,1,0,0,8,1.0,1.0,1.037,1.0,0.0,553.3,29.67,489,619,130,scenario_stable_non_high,other,"300m 이내 배출원 위치 5개, 500m 이내 배출원 위치 13개, 최근접 배출원 253m",,False,해당 시설 유형에 인원 자료 없음,산업·배출시설 공간 노출도,v4 (배출원: 전국 등록공장현황 2024-12-31 반영 5개 구 전역 + 배출업소·폐기물 v2 override 판 / 취약시설: 어린이집·경로당·지역아동센터 + 장애인복지관). geo_level=point 한정
SC0236,동부 경로당,경로당,senior_center,4812154000,봉림동,의창구,35.2465399677255,128.674047500184,394.6,394.6,0,2,12,0,2,12,0,1,0,1,0,1,0,,1.0,1.0,0.0,0.0,1155.3,51.27,1084,1232,148,scenario_stable_non_high,other,"500m 이내 배출원 위치 2개, 500m 이내 소각 처리 사업장 1곳, 최근접 배출원 395m",,False,해당 시설 유형에 인원 자료 없음,산업·배출시설 공간 노출도,v4 (배출원: 전국 등록공장현황 2024-12-31 반영 5개 구 전역 + 배출업소·폐기물 v2 override 판 / 취약시설: 어린이집·경로당·지역아동센터 + 장애인복지관). geo_level=point 한정
SC0237,봉곡 경로당,경로당,senior_center,4812154000,봉림동,의창구,35.2483485178313,128.664747529244,419.3,419.3,0,2,9,0,2,9,0,0,0,1,0,1,1,,1.0,1.0,0.0,0.0,1176.3,39.11,1119,1245,126,scenario_stable_non_high,other,"500m 이내 배출원 위치 2개, 500m 이내 소각 처리 사업장 1곳, 최근접 배출원 419m",,False,해당 시설 유형에 인원 자료 없음,산업·배출시설 공간 노출도,v4 (배출원: 전국 등록공장현황 2024-12-31 반영 5개 구 전역 + 배출업소·폐기물 v2 override 판 / 취약시설: 어린이집·경로당·지역아동센터 + 장애인복지관). geo_level=point 한정
SC0238,봉곡복지경로당,경로당,senior_center,4812154000,봉림동,의창구,35.2447096583489,128.65522333717,317.2,317.2,0,2,24,0,2,26,0,2,0,0,0,0,0,,1.0,1.083,0.0,0.0,806.9,141.64,611,1048,437,scenario_stable_non_high,other,"500m 이내 배출원 위치 2개, 최근접 배출원 317m",,False,해당 시설 유형에 인원 자료 없음,산업·배출시설 공간 노출도,v4 (배출원: 전국 등록공장현황 2024-12-31 반영 5개 구 전역 + 배출업소·폐기물 v2 override 판 / 취약시설: 어린이집·경로당·지역아동센터 + 장애인복지관). geo_level=point 한정
SC0239,봉덕 경로당,경로당,senior_center,4812154000,봉림동,의창구,35.2472765144315,128.667875711575,317.1,317.1,0,3,11,0,3,11,0,0,0,2,0,2,1,,1.0,1.0,0.0,0.0,1031.4,21.54,986,1065,79,scenario_stable_non_high,other,"500m 이내 배출원 위치 3개, 500m 이내 소각 처리 사업장 2곳, 최근접 배출원 317m",,False,해당 시설 유형에 인원 자료 없음,산업·배출시설 공간 노출도,v4 (배출원: 전국 등록공장현황 2024-12-31 반영 5개 구 전역 + 배출업소·폐기물 v2 override 판 / 취약시설: 어린이집·경로당·지역아동센터 + 장애인복지관). geo_level=point 한정
SC0240,봉촌 경로당,경로당,senior_center,4812154000,봉림동,의창구,35.2480054291739,128.656012997468,568.7,568.7,0,0,9,0,0,11,0,0,0,0,0,0,0,,,1.222,0.0,0.0,1333.1,96.18,1203,1468,265,scenario_stable_non_high,other,1km 이내 배출원 없음 (최근접 569m),,False,해당 시설 유형에 인원 자료 없음,산업·배출시설 공간 노출도,v4 (배출원: 전국 등록공장현황 2024-12-31 반영 5개 구 전역 + 배출업소·폐기물 v2 override 판 / 취약시설: 어린이집·경로당·지역아동센터 + 장애인복지관). geo_level=point 한정
SC0241,사림제1경로당,경로당,senior_center,4812154000,봉림동,의창구,35.2442035819518,128.682829483045,122.6,122.6,5,7,15,5,7,15,0,6,0,0,0,0,1,1.0,1.0,1.0,0.0,0.0,740.8,156.16,443,919,476,scenario_stable_non_high,other,"300m 이내 배출원 위치 5개, 500m 이내 배출원 위치 7개, 최근접 배출원 123m",,False,해당 시설 유형에 인원 자료 없음,산업·배출시설 공간 노출도,v4 (배출원: 전국 등록공장현황 2024-12-31 반영 5개 구 전역 + 배출업소·폐기물 v2 override 판 / 취약시설: 어린이집·경로당·지역아동센터 + 장애인복지관). geo_level=point 한정
SC0242,사림제2경로당,경로당,senior_center,4812154000,봉림동,의창구,35.245205547363,128.678184163258,218.1,218.1,1,1,15,1,1,15,0,1,0,0,0,0,0,1.0,1.0,1.0,0.0,0.0,1112.6,32.78,1050,1177,127,scenario_stable_non_high,other,"300m 이내 배출원 위치 1개, 500m 이내 배출원 위치 1개, 최근접 배출원 218m",,False,해당 시설 유형에 인원 자료 없음,산업·배출시설 공간 노출도,v4 (배출원: 전국 등록공장현황 2024-12-31 반영 5개 구 전역 + 배출업소·폐기물 v2 override 판 / 취약시설: 어린이집·경로당·지역아동센터 + 장애인복지관). geo_level=point 한정
SC0243,연덕 경로당,경로당,senior_center,4812154000,봉림동,의창구,35.2478860001301,128.666457051308,391.0,391.0,0,3,10,0,3,10,0,0,0,2,0,2,1,,1.0,1.0,0.0,0.0,1071.5,18.24,1035,1106,71,scenario_stable_non_high,other,"500m 이내 배출원 위치 3개, 500m 이내 소각 처리 사업장 2곳, 최근접 배출원 391m",,False,해당 시설 유형에 인원 자료 없음,산업·배출시설 공간 노출도,v4 (배출원: 전국 등록공장현황 2024-12-31 반영 5개 구 전역 + 배출업소·폐기물 v2 override 판 / 취약시설: 어린이집·경로당·지역아동센터 + 장애인복지관). geo_level=point 한정
SC0244,웅남 경로당,경로당,senior_center,4812154000,봉림동,의창구,35.2475384054117,128.681166036463,218.3,218.3,1,3,9,1,3,9,0,1,0,1,0,0,1,1.0,1.0,1.0,0.0,0.0,1158.3,44.3,1070,1219,149,scenario_stable_non_high,other,"300m 이내 배출원 위치 1개, 500m 이내 배출원 위치 3개, 최근접 배출원 218m",,False,해당 시설 유형에 인원 자료 없음,산업·배출시설 공간 노출도,v4 (배출원: 전국 등록공장현황 2024-12-31 반영 5개 구 전역 + 배출업소·폐기물 v2 override 판 / 취약시설: 어린이집·경로당·지역아동센터 + 장애인복지관). geo_level=point 한정
SC0245,정병산 경로당,경로당,senior_center,4812154000,봉림동,의창구,35.238718801246,128.688423811624,386.1,386.1,0,5,20,0,5,35,0,5,0,0,0,0,0,,1.0,1.75,0.0,0.0,892.4,112.17,746,1086,340,scenario_stable_non_high,other,"500m 이내 배출원 위치 5개, 최근접 배출원 386m",,False,해당 시설 유형에 인원 자료 없음,산업·배출시설 공간 노출도,v4 (배출원: 전국 등록공장현황 2024-12-31 반영 5개 구 전역 + 배출업소·폐기물 v2 override 판 / 취약시설: 어린이집·경로당·지역아동센터 + 장애인복지관). geo_level=point 한정
SC0246,지귀 경로당,경로당,senior_center,4812154000,봉림동,의창구,35.2454587884656,128.661165341431,579.4,579.4,0,0,15,0,0,16,0,0,0,0,0,0,0,,,1.067,0.0,0.0,1076.4,181.28,897,1368,471,scenario_stable_non_high,other,1km 이내 배출원 없음 (최근접 579m),,False,해당 시설 유형에 인원 자료 없음,산업·배출시설 공간 노출도,v4 (배출원: 전국 등록공장현황 2024-12-31 반영 5개 구 전역 + 배출업소·폐기물 v2 override 판 / 취약시설: 어린이집·경로당·지역아동센터 + 장애인복지관). geo_level=point 한정
SC0247,코오롱아파트경로당,경로당,senior_center,4812154000,봉림동,의창구,35.2482025738101,128.656582239947,620.3,620.3,0,0,9,0,0,11,0,0,0,0,0,0,0,,,1.222,0.0,0.0,1353.1,104.13,1203,1497,294,scenario_stable_non_high,other,1km 이내 배출원 없음 (최근접 620m),,False,해당 시설 유형에 인원 자료 없음,산업·배출시설 공간 노출도,v4 (배출원: 전국 등록공장현황 2024-12-31 반영 5개 구 전역 + 배출업소·폐기물 v2 override 판 / 취약시설: 어린이집·경로당·지역아동센터 + 장애인복지관). geo_level=point 한정
SC0248,피닉스포레경로당,경로당,senior_center,4812154000,봉림동,의창구,35.2520041163671,128.666659782885,123.8,123.8,3,4,6,3,4,6,1,1,0,1,0,1,1,1.0,1.0,1.0,0.0,0.0,826.3,162.59,556,1030,474,scenario_stable_non_high,other,"300m 이내 배출원 위치 3개, 500m 이내 배출원 위치 4개, 500m 이내 대기 배출업소 1곳, 500m 이내 소각 처리 사업장 1곳, 최근접 배출원 124m",,False,해당 시설 유형에 인원 자료 없음,산업·배출시설 공간 노출도,v4 (배출원: 전국 등록공장현황 2024-12-31 반영 5개 구 전역 + 배출업소·폐기물 v2 override 판 / 취약시설: 어린이집·경로당·지역아동센터 + 장애인복지관). geo_level=point 한정
SC0249,휴먼시아1단지경로당,경로당,senior_center,4812154000,봉림동,의창구,35.2539878206795,128.670629942278,190.2,190.2,2,4,6,2,4,6,1,1,0,1,0,1,1,1.0,1.0,1.0,0.0,0.0,992.2,96.83,803,1123,320,scenario_stable_non_high,other,"300m 이내 배출원 위치 2개, 500m 이내 배출원 위치 4개, 500m 이내 대기 배출업소 1곳, 500m 이내 소각 처리 사업장 1곳, 최근접 배출원 190m",,False,해당 시설 유형에 인원 자료 없음,산업·배출시설 공간 노출도,v4 (배출원: 전국 등록공장현황 2024-12-31 반영 5개 구 전역 + 배출업소·폐기물 v2 override 판 / 취약시설: 어린이집·경로당·지역아동센터 + 장애인복지관). geo_level=point 한정
SC0250,휴먼시아2단지경로당,경로당,senior_center,4812154000,봉림동,의창구,35.2514094216386,128.666534117493,105.3,105.3,2,5,5,2,5,5,1,1,0,2,0,2,1,1.0,1.0,1.0,0.0,0.0,848.2,185.6,528,1065,537,scenario_stable_non_high,other,"300m 이내 배출원 위치 2개, 500m 이내 배출원 위치 5개, 500m 이내 대기 배출업소 1곳, 500m 이내 소각 처리 사업장 2곳, 최근접 배출원 105m",,False,해당 시설 유형에 인원 자료 없음,산업·배출시설 공간 노출도,v4 (배출원: 전국 등록공장현황 2024-12-31 반영 5개 구 전역 + 배출업소·폐기물 v2 override 판 / 취약시설: 어린이집·경로당·지역아동센터 + 장애인복지관). geo_level=point 한정
SC0251,까치1차A 경로당,경로당,senior_center,4812351000,반송동,성산구,35.2441220317327,128.667283465508,517.8,517.8,0,0,11,0,0,11,0,0,0,0,0,0,0,,,1.0,0.0,0.0,1217.6,71.27,1094,1329,235,scenario_stable_non_high,other,1km 이내 배출원 없음 (최근접 518m),,False,해당 시설 유형에 인원 자료 없음,산업·배출시설 공간 노출도,v4 (배출원: 전국 등록공장현황 2024-12-31 반영 5개 구 전역 + 배출업소·폐기물 v2 override 판 / 취약시설: 어린이집·경로당·지역아동센터 + 장애인복지관). geo_level=point 한정
SC0252,까치2차A 경로당,경로당,senior_center,4812351000,반송동,성산구,35.2453543166513,128.666737003802,535.5,535.5,0,0,10,0,0,10,0,0,0,0,0,0,0,,,1.0,0.0,0.0,1220.5,74.4,1096,1331,235,scenario_stable_non_high,other,1km 이내 배출원 없음 (최근접 536m),,False,해당 시설 유형에 인원 자료 없음,산업·배출시설 공간 노출도,v4 (배출원: 전국 등록공장현황 2024-12-31 반영 5개 구 전역 + 배출업소·폐기물 v2 override 판 / 취약시설: 어린이집·경로당·지역아동센터 + 장애인복지관). geo_level=point 한정
SC0253,노블파크A 경로당,경로당,senior_center,4812351000,반송동,성산구,35.2379828949569,128.666036142901,280.5,280.5,1,6,17,1,9,54,3,3,0,3,0,1,0,1.0,1.5,3.176,0.0,0.0,645.9,80.42,524,790,266,scenario_stable_non_high,other,"300m 이내 배출원 위치 1개, 500m 이내 배출원 위치 6개, 500m 이내 대기 배출업소 3곳, 500m 이내 소각 처리 사업장 1곳, 최근접 배출원 280m",,False,해당 시설 유형에 인원 자료 없음,산업·배출시설 공간 노출도,v4 (배출원: 전국 등록공장현황 2024-12-31 반영 5개 구 전역 + 배출업소·폐기물 v2 override 판 / 취약시설: 어린이집·경로당·지역아동센터 + 장애인복지관). geo_level=point 한정
SC0254,대동A 경로당,경로당,senior_center,4812351000,반송동,성산구,35.2449735142223,128.669890095621,439.5,439.5,0,1,13,0,1,13,0,0,0,1,0,1,0,,1.0,1.0,0.0,0.0,1139.9,98.9,1038,1306,268,scenario_stable_non_high,other,"500m 이내 배출원 위치 1개, 500m 이내 소각 처리 사업장 1곳, 최근접 배출원 440m",,False,해당 시설 유형에 인원 자료 없음,산업·배출시설 공간 노출도,v4 (배출원: 전국 등록공장현황 2024-12-31 반영 5개 구 전역 + 배출업소·폐기물 v2 override 판 / 취약시설: 어린이집·경로당·지역아동센터 + 장애인복지관). geo_level=point 한정
SC0255,럭키A 경로당,경로당,senior_center,4812351000,반송동,성산구,35.2387919361731,128.668925537975,378.7,378.7,0,3,13,0,3,16,0,1,0,1,0,0,1,,1.0,1.231,0.0,0.0,955.0,83.2,795,1081,286,scenario_stable_non_high,other,"500m 이내 배출원 위치 3개, 최근접 배출원 379m",,False,해당 시설 유형에 인원 자료 없음,산업·배출시설 공간 노출도,v4 (배출원: 전국 등록공장현황 2024-12-31 반영 5개 구 전역 + 배출업소·폐기물 v2 override 판 / 취약시설: 어린이집·경로당·지역아동센터 + 장애인복지관). geo_level=point 한정
SC0256,반지경로당,경로당,senior_center,4812351000,반송동,성산구,35.2417113030377,128.659834719813,300.5,300.5,0,8,18,0,8,56,3,3,0,2,0,1,0,,1.0,3.111,0.0,0.0,571.5,71.6,453,707,254,scenario_stable_non_high,other,"500m 이내 배출원 위치 8개, 500m 이내 대기 배출업소 3곳, 500m 이내 소각 처리 사업장 1곳, 최근접 배출원 300m",,False,해당 시설 유형에 인원 자료 없음,산업·배출시설 공간 노출도,v4 (배출원: 전국 등록공장현황 2024-12-31 반영 5개 구 전역 + 배출업소·폐기물 v2 override 판 / 취약시설: 어린이집·경로당·지역아동센터 + 장애인복지관). geo_level=point 한정
SC0257,반지제2경로당,경로당,senior_center,4812351000,반송동,성산구,35.2385106937103,128.662560164808,107.1,107.1,5,7,16,5,7,54,1,3,0,3,0,2,0,1.0,1.0,3.375,0.0,0.0,366.5,75.31,226,474,248,scenario_stable_non_high,other,"300m 이내 배출원 위치 5개, 500m 이내 배출원 위치 7개, 500m 이내 대기 배출업소 1곳, 500m 이내 소각 처리 사업장 2곳, 최근접 배출원 107m",,False,해당 시설 유형에 인원 자료 없음,산업·배출시설 공간 노출도,v4 (배출원: 전국 등록공장현황 2024-12-31 반영 5개 구 전역 + 배출업소·폐기물 v2 override 판 / 취약시설: 어린이집·경로당·지역아동센터 + 장애인복지관). geo_level=point 한정
SC0258,반지제3경로당,경로당,senior_center,4812351000,반송동,성산구,35.2426524719293,128.663140704053,253.3,253.3,2,5,12,2,5,16,0,3,0,2,0,1,0,1.0,1.0,1.333,0.0,0.0,728.4,32.8,661,793,132,scenario_stable_non_high,other,"300m 이내 배출원 위치 2개, 500m 이내 배출원 위치 5개, 500m 이내 소각 처리 사업장 1곳, 최근접 배출원 253m",,False,해당 시설 유형에 인원 자료 없음,산업·배출시설 공간 노출도,v4 (배출원: 전국 등록공장현황 2024-12-31 반영 5개 구 전역 + 배출업소·폐기물 v2 override 판 / 취약시설: 어린이집·경로당·지역아동센터 + 장애인복지관). geo_level=point 한정
SC0259,반지제4경로당,경로당,senior_center,4812351000,반송동,성산구,35.2419278325795,128.656555654713,314.9,314.9,0,3,23,0,4,24,4,0,0,2,0,2,0,,1.333,1.043,0.0,0.0,501.6,78.25,390,660,270,scenario_stable_non_high,other,"500m 이내 배출원 위치 3개, 500m 이내 대기 배출업소 4곳, 500m 이내 소각 처리 사업장 2곳, 최근접 배출원 315m",,False,해당 시설 유형에 인원 자료 없음,산업·배출시설 공간 노출도,v4 (배출원: 전국 등록공장현황 2024-12-31 반영 5개 구 전역 + 배출업소·폐기물 v2 override 판 / 취약시설: 어린이집·경로당·지역아동센터 + 장애인복지관). geo_level=point 한정
SC0260,트리비앙A 경로당,경로당,senior_center,4812351000,반송동,성산구,35.2333268971177,128.673698712421,355.0,355.0,0,2,21,0,2,26,0,1,0,0,0,0,1,,1.0,1.238,0.0,0.0,866.8,133.25,668,1098,430,scenario_stable_non_high,other,"500m 이내 배출원 위치 2개, 최근접 배출원 355m",,False,해당 시설 유형에 인원 자료 없음,산업·배출시설 공간 노출도,v4 (배출원: 전국 등록공장현황 2024-12-31 반영 5개 구 전역 + 배출업소·폐기물 v2 override 판 / 취약시설: 어린이집·경로당·지역아동센터 + 장애인복지관). geo_level=point 한정
SC0263,내동아파트경로당,경로당,senior_center,4812352000,중앙동,성산구,35.2220916565418,128.661041009758,402.7,402.7,0,3,21,0,22,49,0,10,0,1,0,1,19,,7.333,2.333,19.0,0.0,774.9,128.37,596,1002,406,scenario_stable_non_high,other,"500m 이내 배출원 위치 3개, 500m 이내 소각 처리 사업장 1곳, 최근접 배출원 403m",,False,해당 시설 유형에 인원 자료 없음,산업·배출시설 공간 노출도,v4 (배출원: 전국 등록공장현황 2024-12-31 반영 5개 구 전역 + 배출업소·폐기물 v2 override 판 / 취약시설: 어린이집·경로당·지역아동센터 + 장애인복지관). geo_level=point 한정
SC0265,대호타워아파트경로당,경로당,senior_center,4812352000,중앙동,성산구,35.2173585920754,128.677873657011,87.1,87.1,2,7,37,2,7,55,2,3,0,1,0,1,2,1.0,1.0,1.486,19.0,0.0,273.0,30.94,227,351,124,scenario_stable_non_high,other,"300m 이내 배출원 위치 2개, 500m 이내 배출원 위치 7개, 500m 이내 대기 배출업소 2곳, 500m 이내 소각 처리 사업장 1곳, 최근접 배출원 87m",,False,해당 시설 유형에 인원 자료 없음,산업·배출시설 공간 노출도,v4 (배출원: 전국 등록공장현황 2024-12-31 반영 5개 구 전역 + 배출업소·폐기물 v2 override 판 / 취약시설: 어린이집·경로당·지역아동센터 + 장애인복지관). geo_level=point 한정
SC0266,동성샛별아파트경로당,경로당,senior_center,4812352000,중앙동,성산구,35.2190934605548,128.666443838457,195.6,195.6,2,8,29,2,9,62,2,3,0,5,0,1,6,1.0,1.125,2.138,19.0,0.0,438.7,77.94,348,582,234,scenario_stable_non_high,other,"300m 이내 배출원 위치 2개, 500m 이내 배출원 위치 8개, 500m 이내 대기 배출업소 2곳, 500m 이내 소각 처리 사업장 1곳, 최근접 배출원 196m",,False,해당 시설 유형에 인원 자료 없음,산업·배출시설 공간 노출도,v4 (배출원: 전국 등록공장현황 2024-12-31 반영 5개 구 전역 + 배출업소·폐기물 v2 override 판 / 취약시설: 어린이집·경로당·지역아동센터 + 장애인복지관). geo_level=point 한정
SC0267,외동경로당,경로당,senior_center,4812352000,중앙동,성산구,35.2201826117151,128.672831200513,130.1,130.1,4,9,43,4,9,53,2,3,0,1,0,1,5,1.0,1.0,1.233,19.0,0.0,218.1,28.41,173,280,107,scenario_stable_non_high,other,"300m 이내 배출원 위치 4개, 500m 이내 배출원 위치 9개, 500m 이내 대기 배출업소 2곳, 500m 이내 소각 처리 사업장 1곳, 최근접 배출원 130m",,False,해당 시설 유형에 인원 자료 없음,산업·배출시설 공간 노출도,v4 (배출원: 전국 등록공장현황 2024-12-31 반영 5개 구 전역 + 배출업소·폐기물 v2 override 판 / 취약시설: 어린이집·경로당·지역아동센터 + 장애인복지관). geo_level=point 한정
SC0268,외동월드메르디앙경로당,경로당,senior_center,4812352000,중앙동,성산구,35.2134609469964,128.676218271373,233.6,233.6,1,2,42,1,2,72,1,2,0,2,0,1,1,1.0,1.0,1.714,19.0,0.0,366.3,150.64,203,636,433,scenario_stable_non_high,other,"300m 이내 배출원 위치 1개, 500m 이내 배출원 위치 2개, 500m 이내 대기 배출업소 1곳, 500m 이내 소각 처리 사업장 1곳, 최근접 배출원 234m",,False,해당 시설 유형에 인원 자료 없음,산업·배출시설 공간 노출도,v4 (배출원: 전국 등록공장현황 2024-12-31 반영 5개 구 전역 + 배출업소·폐기물 v2 override 판 / 취약시설: 어린이집·경로당·지역아동센터 + 장애인복지관). geo_level=point 한정
SC0269,장수경로당,경로당,senior_center,4812352000,중앙동,성산구,35.2297759716089,128.674111455365,147.3,147.3,2,6,29,2,6,34,1,0,0,1,0,1,4,1.0,1.0,1.172,19.0,0.0,474.8,95.49,343,642,299,scenario_stable_non_high,other,"300m 이내 배출원 위치 2개, 500m 이내 배출원 위치 6개, 500m 이내 대기 배출업소 1곳, 500m 이내 소각 처리 사업장 1곳, 최근접 배출원 147m",,False,해당 시설 유형에 인원 자료 없음,산업·배출시설 공간 노출도,v4 (배출원: 전국 등록공장현황 2024-12-31 반영 5개 구 전역 + 배출업소·폐기물 v2 override 판 / 취약시설: 어린이집·경로당·지역아동센터 + 장애인복지관). geo_level=point 한정
SC0272,송죽경로당,경로당,senior_center,4812352000,중앙동,성산구,35.2229909009032,128.674376110826,201.3,201.3,3,10,40,3,10,42,2,2,0,1,0,1,7,1.0,1.0,1.05,19.0,0.0,298.7,115.27,184,512,328,scenario_stable_non_high,other,"300m 이내 배출원 위치 3개, 500m 이내 배출원 위치 10개, 500m 이내 대기 배출업소 2곳, 500m 이내 소각 처리 사업장 1곳, 최근접 배출원 201m",,False,해당 시설 유형에 인원 자료 없음,산업·배출시설 공간 노출도,v4 (배출원: 전국 등록공장현황 2024-12-31 반영 5개 구 전역 + 배출업소·폐기물 v2 override 판 / 취약시설: 어린이집·경로당·지역아동센터 + 장애인복지관). geo_level=point 한정
SC0274,상남꿈에그린아파트경로당,경로당,senior_center,4812352000,중앙동,성산구,35.2145417899384,128.681110778944,312.1,312.1,0,4,25,0,4,43,1,3,0,1,0,1,0,,1.0,1.72,19.0,0.0,646.0,159.23,437,928,491,scenario_stable_non_high,other,"500m 이내 배출원 위치 4개, 500m 이내 대기 배출업소 1곳, 500m 이내 소각 처리 사업장 1곳, 최근접 배출원 312m",,False,해당 시설 유형에 인원 자료 없음,산업·배출시설 공간 노출도,v4 (배출원: 전국 등록공장현황 2024-12-31 반영 5개 구 전역 + 배출업소·폐기물 v2 override 판 / 취약시설: 어린이집·경로당·지역아동센터 + 장애인복지관). geo_level=point 한정
SC0275,대원경로당,경로당,senior_center,4812352000,중앙동,성산구,35.2325785531028,128.650197811088,303.3,303.3,0,5,34,0,7,72,2,3,0,2,0,1,0,,1.4,2.118,19.0,0.0,489.5,182.31,282,805,523,scenario_stable_non_high,other,"500m 이내 배출원 위치 5개, 500m 이내 대기 배출업소 2곳, 500m 이내 소각 처리 사업장 1곳, 최근접 배출원 303m",,False,해당 시설 유형에 인원 자료 없음,산업·배출시설 공간 노출도,v4 (배출원: 전국 등록공장현황 2024-12-31 반영 5개 구 전역 + 배출업소·폐기물 v2 override 판 / 취약시설: 어린이집·경로당·지역아동센터 + 장애인복지관). geo_level=point 한정
SC0276,대원파크빌 경로당,경로당,senior_center,4812352000,중앙동,성산구,35.2251890080364,128.655757644425,60.7,60.7,4,6,26,21,24,186,2,12,0,3,0,2,19,5.25,4.0,7.154,19.0,0.0,315.3,54.23,195,384,189,scenario_stable_non_high,other,"300m 이내 배출원 위치 4개, 500m 이내 배출원 위치 6개, 500m 이내 대기 배출업소 2곳, 500m 이내 소각 처리 사업장 2곳, 최근접 배출원 61m",,False,해당 시설 유형에 인원 자료 없음,산업·배출시설 공간 노출도,v4 (배출원: 전국 등록공장현황 2024-12-31 반영 5개 구 전역 + 배출업소·폐기물 v2 override 판 / 취약시설: 어린이집·경로당·지역아동센터 + 장애인복지관). geo_level=point 한정
SC0277,대동1차(아)경로당,경로당,senior_center,4812352000,중앙동,성산구,35.2258602623483,128.653461988768,266.0,266.0,3,9,23,3,30,147,4,13,0,4,0,3,22,1.0,3.333,6.391,19.0,0.0,401.5,51.45,303,510,207,scenario_stable_non_high,other,"300m 이내 배출원 위치 3개, 500m 이내 배출원 위치 9개, 500m 이내 대기 배출업소 4곳, 500m 이내 소각 처리 사업장 3곳, 최근접 배출원 266m",,False,해당 시설 유형에 인원 자료 없음,산업·배출시설 공간 노출도,v4 (배출원: 전국 등록공장현황 2024-12-31 반영 5개 구 전역 + 배출업소·폐기물 v2 override 판 / 취약시설: 어린이집·경로당·지역아동센터 + 장애인복지관). geo_level=point 한정
SC0278,대동2차(아)경로당,경로당,senior_center,4812352000,중앙동,성산구,35.2265396952593,128.653468526704,264.6,264.6,1,11,23,1,31,85,5,16,0,4,0,2,19,1.0,2.818,3.696,19.0,0.0,426.2,62.73,324,563,239,scenario_stable_non_high,other,"300m 이내 배출원 위치 1개, 500m 이내 배출원 위치 11개, 500m 이내 대기 배출업소 5곳, 500m 이내 소각 처리 사업장 2곳, 최근접 배출원 265m",,False,해당 시설 유형에 인원 자료 없음,산업·배출시설 공간 노출도,v4 (배출원: 전국 등록공장현황 2024-12-31 반영 5개 구 전역 + 배출업소·폐기물 v2 override 판 / 취약시설: 어린이집·경로당·지역아동센터 + 장애인복지관). geo_level=point 한정
SC0280,대원포레나경로당,경로당,senior_center,4812352000,중앙동,성산구,35.2354006955219,128.648090955819,386.7,386.7,0,4,41,0,5,97,2,2,0,3,0,2,0,,1.25,2.366,19.0,0.0,388.7,164.31,217,697,480,scenario_stable_non_high,other,"500m 이내 배출원 위치 4개, 500m 이내 대기 배출업소 2곳, 500m 이내 소각 처리 사업장 2곳, 최근접 배출원 387m",,False,해당 시설 유형에 인원 자료 없음,산업·배출시설 공간 노출도,v4 (배출원: 전국 등록공장현황 2024-12-31 반영 5개 구 전역 + 배출업소·폐기물 v2 override 판 / 취약시설: 어린이집·경로당·지역아동센터 + 장애인복지관). geo_level=point 한정
SC0281,용호경로당,경로당,senior_center,4812351500,용지동,성산구,35.2392214959044,128.682594828331,174.5,174.5,5,9,18,5,9,19,0,9,0,0,0,0,0,1.0,1.0,1.056,0.0,0.0,707.5,70.49,578,825,247,scenario_stable_non_high,other,"300m 이내 배출원 위치 5개, 500m 이내 배출원 위치 9개, 최근접 배출원 174m",,False,해당 시설 유형에 인원 자료 없음,산업·배출시설 공간 노출도,v4 (배출원: 전국 등록공장현황 2024-12-31 반영 5개 구 전역 + 배출업소·폐기물 v2 override 판 / 취약시설: 어린이집·경로당·지역아동센터 + 장애인복지관). geo_level=point 한정
SC0282,용지경로당,경로당,senior_center,4812351500,용지동,성산구,35.2360355567688,128.684509055741,177.6,177.6,6,6,23,6,6,25,0,6,0,0,0,0,0,1.0,1.0,1.087,0.0,0.0,627.1,28.69,573,679,106,scenario_stable_non_high,other,"300m 이내 배출원 위치 6개, 500m 이내 배출원 위치 6개, 최근접 배출원 178m",,False,해당 시설 유형에 인원 자료 없음,산업·배출시설 공간 노출도,v4 (배출원: 전국 등록공장현황 2024-12-31 반영 5개 구 전역 + 배출업소·폐기물 v2 override 판 / 취약시설: 어린이집·경로당·지역아동센터 + 장애인복지관). geo_level=point 한정
SC0283,일동아파트 1단지 경로당,경로당,senior_center,4812351500,용지동,성산구,35.236192895543,128.678803393314,356.8,356.8,0,5,22,0,5,24,2,3,0,0,0,0,0,,1.0,1.091,0.0,0.0,844.2,80.18,736,1004,268,scenario_stable_non_high,other,"500m 이내 배출원 위치 5개, 500m 이내 대기 배출업소 2곳, 최근접 배출원 357m",,False,해당 시설 유형에 인원 자료 없음,산업·배출시설 공간 노출도,v4 (배출원: 전국 등록공장현황 2024-12-31 반영 5개 구 전역 + 배출업소·폐기물 v2 override 판 / 취약시설: 어린이집·경로당·지역아동센터 + 장애인복지관). geo_level=point 한정
SC0284,일동아파트 2단지 경로당,경로당,senior_center,4812351500,용지동,성산구,35.236192895543,128.678803393314,356.8,356.8,0,5,22,0,5,24,2,3,0,0,0,0,0,,1.0,1.091,0.0,0.0,844.2,80.18,736,1004,268,scenario_stable_non_high,other,"500m 이내 배출원 위치 5개, 500m 이내 대기 배출업소 2곳, 최근접 배출원 357m",,False,해당 시설 유형에 인원 자료 없음,산업·배출시설 공간 노출도,v4 (배출원: 전국 등록공장현황 2024-12-31 반영 5개 구 전역 + 배출업소·폐기물 v2 override 판 / 취약시설: 어린이집·경로당·지역아동센터 + 장애인복지관). geo_level=point 한정
SC0285,무학아파트 1단지 경로당,경로당,senior_center,4812351500,용지동,성산구,35.2350098974013,128.678807680842,443.9,443.9,0,2,27,0,2,30,2,0,0,0,0,0,0,,1.0,1.111,0.0,0.0,815.9,158.98,627,1111,484,scenario_stable_non_high,other,"500m 이내 배출원 위치 2개, 500m 이내 대기 배출업소 2곳, 최근접 배출원 444m",,False,해당 시설 유형에 인원 자료 없음,산업·배출시설 공간 노출도,v4 (배출원: 전국 등록공장현황 2024-12-31 반영 5개 구 전역 + 배출업소·폐기물 v2 override 판 / 취약시설: 어린이집·경로당·지역아동센터 + 장애인복지관). geo_level=point 한정
SC0286,무학아파트 2단지 경로당,경로당,senior_center,4812351500,용지동,성산구,35.2350098974013,128.678807680842,443.9,443.9,0,2,27,0,2,30,2,0,0,0,0,0,0,,1.0,1.111,0.0,0.0,815.9,158.98,627,1111,484,scenario_stable_non_high,other,"500m 이내 배출원 위치 2개, 500m 이내 대기 배출업소 2곳, 최근접 배출원 444m",,False,해당 시설 유형에 인원 자료 없음,산업·배출시설 공간 노출도,v4 (배출원: 전국 등록공장현황 2024-12-31 반영 5개 구 전역 + 배출업소·폐기물 v2 override 판 / 취약시설: 어린이집·경로당·지역아동센터 + 장애인복지관). geo_level=point 한정
SC0287,롯데아파트경로당,경로당,senior_center,4812351500,용지동,성산구,35.2333587307219,128.684821995255,108.3,108.3,1,10,32,1,11,35,3,5,0,2,0,0,2,1.0,1.1,1.094,0.0,0.0,540.9,97.57,413,711,298,scenario_stable_non_high,other,"300m 이내 배출원 위치 1개, 500m 이내 배출원 위치 10개, 500m 이내 대기 배출업소 3곳, 최근접 배출원 108m",,False,해당 시설 유형에 인원 자료 없음,산업·배출시설 공간 노출도,v4 (배출원: 전국 등록공장현황 2024-12-31 반영 5개 구 전역 + 배출업소·폐기물 v2 override 판 / 취약시설: 어린이집·경로당·지역아동센터 + 장애인복지관). geo_level=point 한정
SC0288,신월제1경로당,경로당,senior_center,4812351500,용지동,성산구,35.2288032943047,128.690589949109,149.4,149.4,7,11,28,7,12,31,2,7,0,1,0,0,3,1.0,1.091,1.107,0.0,0.0,380.5,38.84,295,446,151,scenario_stable_non_high,other,"300m 이내 배출원 위치 7개, 500m 이내 배출원 위치 11개, 500m 이내 대기 배출업소 2곳, 최근접 배출원 149m",,False,해당 시설 유형에 인원 자료 없음,산업·배출시설 공간 노출도,v4 (배출원: 전국 등록공장현황 2024-12-31 반영 5개 구 전역 + 배출업소·폐기물 v2 override 판 / 취약시설: 어린이집·경로당·지역아동센터 + 장애인복지관). geo_level=point 한정
SC0289,신월제2경로당,경로당,senior_center,4812351500,용지동,성산구,35.2272911371507,128.69570484585,308.9,308.9,0,9,21,0,9,22,0,7,0,1,0,0,1,,1.0,1.048,0.0,0.0,775.8,42.36,715,854,139,scenario_stable_non_high,other,"500m 이내 배출원 위치 9개, 최근접 배출원 309m",,False,해당 시설 유형에 인원 자료 없음,산업·배출시설 공간 노출도,v4 (배출원: 전국 등록공장현황 2024-12-31 반영 5개 구 전역 + 배출업소·폐기물 v2 override 판 / 취약시설: 어린이집·경로당·지역아동센터 + 장애인복지관). geo_level=point 한정
SC0290,신월은아아파트 경로당,경로당,senior_center,4812351500,용지동,성산구,35.2260601753461,128.687554662819,312.9,312.9,0,12,42,0,12,46,2,7,0,0,0,0,3,,1.0,1.095,0.0,0.0,350.8,149.07,187,630,443,scenario_stable_non_high,other,"500m 이내 배출원 위치 12개, 500m 이내 대기 배출업소 2곳, 최근접 배출원 313m",,False,해당 시설 유형에 인원 자료 없음,산업·배출시설 공간 노출도,v4 (배출원: 전국 등록공장현황 2024-12-31 반영 5개 구 전역 + 배출업소·폐기물 v2 override 판 / 취약시설: 어린이집·경로당·지역아동센터 + 장애인복지관). geo_level=point 한정
SC0292,용지더샵레이크파크경로당,경로당,senior_center,4812351500,용지동,성산구,35.2325668193175,128.674603438653,420.8,420.8,0,5,25,0,5,30,0,1,0,1,0,1,3,,1.0,1.2,0.0,0.0,750.5,183.27,533,1060,527,scenario_stable_non_high,other,"500m 이내 배출원 위치 5개, 500m 이내 소각 처리 사업장 1곳, 최근접 배출원 421m",,False,해당 시설 유형에 인원 자료 없음,산업·배출시설 공간 노출도,v4 (배출원: 전국 등록공장현황 2024-12-31 반영 5개 구 전역 + 배출업소·폐기물 v2 override 판 / 취약시설: 어린이집·경로당·지역아동센터 + 장애인복지관). geo_level=point 한정
SC0293,성원1단지경로당,경로당,senior_center,4812353000,상남동,성산구,35.2156229329665,128.691728676136,520.7,520.7,0,0,11,0,0,12,0,0,0,0,0,0,0,,,1.091,2.0,0.0,1185.5,72.52,1066,1310,244,scenario_stable_non_high,other,1km 이내 배출원 없음 (최근접 521m),,False,해당 시설 유형에 인원 자료 없음,산업·배출시설 공간 노출도,v4 (배출원: 전국 등록공장현황 2024-12-31 반영 5개 구 전역 + 배출업소·폐기물 v2 override 판 / 취약시설: 어린이집·경로당·지역아동센터 + 장애인복지관). geo_level=point 한정
SC0294,성원2단지경로당,경로당,senior_center,4812353000,상남동,성산구,35.2156229329665,128.691728676136,520.7,520.7,0,0,11,0,0,12,0,0,0,0,0,0,0,,,1.091,2.0,0.0,1185.5,72.52,1066,1310,244,scenario_stable_non_high,other,1km 이내 배출원 없음 (최근접 521m),,False,해당 시설 유형에 인원 자료 없음,산업·배출시설 공간 노출도,v4 (배출원: 전국 등록공장현황 2024-12-31 반영 5개 구 전역 + 배출업소·폐기물 v2 override 판 / 취약시설: 어린이집·경로당·지역아동센터 + 장애인복지관). geo_level=point 한정
SC0295,성원3단지1경로당,경로당,senior_center,4812353000,상남동,성산구,35.2156229329665,128.691728676136,520.7,520.7,0,0,11,0,0,12,0,0,0,0,0,0,0,,,1.091,2.0,0.0,1185.5,72.52,1066,1310,244,scenario_stable_non_high,other,1km 이내 배출원 없음 (최근접 521m),,False,해당 시설 유형에 인원 자료 없음,산업·배출시설 공간 노출도,v4 (배출원: 전국 등록공장현황 2024-12-31 반영 5개 구 전역 + 배출업소·폐기물 v2 override 판 / 취약시설: 어린이집·경로당·지역아동센터 + 장애인복지관). geo_level=point 한정
SC0296,성원3단지2경로당,경로당,senior_center,4812353000,상남동,성산구,35.2156229329665,128.691728676136,520.7,520.7,0,0,11,0,0,12,0,0,0,0,0,0,0,,,1.091,2.0,0.0,1185.5,72.52,1066,1310,244,scenario_stable_non_high,other,1km 이내 배출원 없음 (최근접 521m),,False,해당 시설 유형에 인원 자료 없음,산업·배출시설 공간 노출도,v4 (배출원: 전국 등록공장현황 2024-12-31 반영 5개 구 전역 + 배출업소·폐기물 v2 override 판 / 취약시설: 어린이집·경로당·지역아동센터 + 장애인복지관). geo_level=point 한정
SC0297,성원5단지1경로당,경로당,senior_center,4812353000,상남동,성산구,35.2156229329665,128.691728676136,520.7,520.7,0,0,11,0,0,12,0,0,0,0,0,0,0,,,1.091,2.0,0.0,1185.5,72.52,1066,1310,244,scenario_stable_non_high,other,1km 이내 배출원 없음 (최근접 521m),,False,해당 시설 유형에 인원 자료 없음,산업·배출시설 공간 노출도,v4 (배출원: 전국 등록공장현황 2024-12-31 반영 5개 구 전역 + 배출업소·폐기물 v2 override 판 / 취약시설: 어린이집·경로당·지역아동센터 + 장애인복지관). geo_level=point 한정
SC0298,성원5단지2경로당,경로당,senior_center,4812353000,상남동,성산구,35.2156229329665,128.691728676136,520.7,520.7,0,0,11,0,0,12,0,0,0,0,0,0,0,,,1.091,2.0,0.0,1185.5,72.52,1066,1310,244,scenario_stable_non_high,other,1km 이내 배출원 없음 (최근접 521m),,False,해당 시설 유형에 인원 자료 없음,산업·배출시설 공간 노출도,v4 (배출원: 전국 등록공장현황 2024-12-31 반영 5개 구 전역 + 배출업소·폐기물 v2 override 판 / 취약시설: 어린이집·경로당·지역아동센터 + 장애인복지관). geo_level=point 한정
SC0299,대동아파트경로당,경로당,senior_center,4812353000,상남동,성산구,35.2190579361973,128.687615914182,200.3,200.3,1,6,26,2,7,27,4,2,0,1,0,1,1,2.0,1.167,1.038,2.0,0.0,444.2,51.69,368,569,201,scenario_stable_non_high,other,"300m 이내 배출원 위치 1개, 500m 이내 배출원 위치 6개, 500m 이내 대기 배출업소 4곳, 500m 이내 소각 처리 사업장 1곳, 최근접 배출원 200m",,False,해당 시설 유형에 인원 자료 없음,산업·배출시설 공간 노출도,v4 (배출원: 전국 등록공장현황 2024-12-31 반영 5개 구 전역 + 배출업소·폐기물 v2 override 판 / 취약시설: 어린이집·경로당·지역아동센터 + 장애인복지관). geo_level=point 한정
SC0300,상남경로당,경로당,senior_center,4812353000,상남동,성산구,35.2179228590563,128.685688148632,100.8,100.8,1,5,25,1,6,26,2,3,0,0,0,0,1,1.0,1.2,1.04,2.0,0.0,463.1,58.02,366,591,225,scenario_stable_non_high,other,"300m 이내 배출원 위치 1개, 500m 이내 배출원 위치 5개, 500m 이내 대기 배출업소 2곳, 최근접 배출원 101m",,False,해당 시설 유형에 인원 자료 없음,산업·배출시설 공간 노출도,v4 (배출원: 전국 등록공장현황 2024-12-31 반영 5개 구 전역 + 배출업소·폐기물 v2 override 판 / 취약시설: 어린이집·경로당·지역아동센터 + 장애인복지관). geo_level=point 한정
SC0301,동산경로당,경로당,senior_center,4812353000,상남동,성산구,35.2145967045752,128.687927341006,156.4,156.4,1,2,14,1,2,17,1,1,0,0,0,0,0,1.0,1.0,1.214,2.0,0.0,951.4,39.92,871,1028,157,scenario_stable_non_high,other,"300m 이내 배출원 위치 1개, 500m 이내 배출원 위치 2개, 500m 이내 대기 배출업소 1곳, 최근접 배출원 156m",,False,해당 시설 유형에 인원 자료 없음,산업·배출시설 공간 노출도,v4 (배출원: 전국 등록공장현황 2024-12-31 반영 5개 구 전역 + 배출업소·폐기물 v2 override 판 / 취약시설: 어린이집·경로당·지역아동센터 + 장애인복지관). geo_level=point 한정
SC0302,고산경로당,경로당,senior_center,4812354000,사파동,성산구,35.2270613285303,128.701874445933,219.4,219.4,1,3,13,1,3,13,1,2,0,0,0,0,0,1.0,1.0,1.0,3.0,0.0,1123.6,34.75,1046,1175,129,scenario_stable_non_high,other,"300m 이내 배출원 위치 1개, 500m 이내 배출원 위치 3개, 500m 이내 대기 배출업소 1곳, 최근접 배출원 219m",,False,해당 시설 유형에 인원 자료 없음,산업·배출시설 공간 노출도,v4 (배출원: 전국 등록공장현황 2024-12-31 반영 5개 구 전역 + 배출업소·폐기물 v2 override 판 / 취약시설: 어린이집·경로당·지역아동센터 + 장애인복지관). geo_level=point 한정
SC0303,사파정경로당,경로당,senior_center,4812354000,사파동,성산구,35.2200840482929,128.698318442339,293.2,293.2,1,2,14,1,2,14,1,1,0,0,0,0,0,1.0,1.0,1.0,3.0,0.0,1050.2,33.98,985,1110,125,scenario_stable_non_high,other,"300m 이내 배출원 위치 1개, 500m 이내 배출원 위치 2개, 500m 이내 대기 배출업소 1곳, 최근접 배출원 293m",,False,해당 시설 유형에 인원 자료 없음,산업·배출시설 공간 노출도,v4 (배출원: 전국 등록공장현황 2024-12-31 반영 5개 구 전역 + 배출업소·폐기물 v2 override 판 / 취약시설: 어린이집·경로당·지역아동센터 + 장애인복지관). geo_level=point 한정
SC0304,사파경로당,경로당,senior_center,4812354000,사파동,성산구,35.2223563237932,128.6968637185,227.2,227.2,2,4,19,2,4,20,1,2,0,1,0,0,0,1.0,1.0,1.053,3.0,0.0,829.9,45.61,736,904,168,scenario_stable_non_high,other,"300m 이내 배출원 위치 2개, 500m 이내 배출원 위치 4개, 500m 이내 대기 배출업소 1곳, 최근접 배출원 227m",,False,해당 시설 유형에 인원 자료 없음,산업·배출시설 공간 노출도,v4 (배출원: 전국 등록공장현황 2024-12-31 반영 5개 구 전역 + 배출업소·폐기물 v2 override 판 / 취약시설: 어린이집·경로당·지역아동센터 + 장애인복지관). geo_level=point 한정
SC0305,신덕경로당,경로당,senior_center,4812354000,사파동,성산구,35.2278772884031,128.698692952491,235.5,235.5,1,2,14,1,2,14,1,1,0,0,0,0,0,1.0,1.0,1.0,3.0,0.0,1100.4,19.29,1049,1138,89,scenario_stable_non_high,other,"300m 이내 배출원 위치 1개, 500m 이내 배출원 위치 2개, 500m 이내 대기 배출업소 1곳, 최근접 배출원 236m",,False,해당 시설 유형에 인원 자료 없음,산업·배출시설 공간 노출도,v4 (배출원: 전국 등록공장현황 2024-12-31 반영 5개 구 전역 + 배출업소·폐기물 v2 override 판 / 취약시설: 어린이집·경로당·지역아동센터 + 장애인복지관). geo_level=point 한정
SC0306,사파제2경로당,경로당,senior_center,4812354000,사파동,성산구,35.2203073108541,128.70265865123,203.5,203.5,1,3,9,1,3,9,2,1,0,0,0,0,0,1.0,1.0,1.0,3.0,0.0,1101.2,68.63,950,1184,234,scenario_stable_non_high,other,"300m 이내 배출원 위치 1개, 500m 이내 배출원 위치 3개, 500m 이내 대기 배출업소 2곳, 최근접 배출원 204m",,False,해당 시설 유형에 인원 자료 없음,산업·배출시설 공간 노출도,v4 (배출원: 전국 등록공장현황 2024-12-31 반영 5개 구 전역 + 배출업소·폐기물 v2 override 판 / 취약시설: 어린이집·경로당·지역아동센터 + 장애인복지관). geo_level=point 한정
SC0307,사파대동(아)제1경로당,경로당,senior_center,4812354000,사파동,성산구,35.2199448276616,128.696331503116,445.8,445.8,0,3,18,0,3,19,1,1,0,1,0,0,0,,1.0,1.056,3.0,0.0,1007.4,80.76,892,1157,265,scenario_stable_non_high,other,"500m 이내 배출원 위치 3개, 500m 이내 대기 배출업소 1곳, 최근접 배출원 446m",,False,해당 시설 유형에 인원 자료 없음,산업·배출시설 공간 노출도,v4 (배출원: 전국 등록공장현황 2024-12-31 반영 5개 구 전역 + 배출업소·폐기물 v2 override 판 / 취약시설: 어린이집·경로당·지역아동센터 + 장애인복지관). geo_level=point 한정
SC0308,사파대동(아)제2경로당,경로당,senior_center,4812354000,사파동,성산구,35.2199448276616,128.696331503116,445.8,445.8,0,3,18,0,3,19,1,1,0,1,0,0,0,,1.0,1.056,3.0,0.0,1007.4,80.76,892,1157,265,scenario_stable_non_high,other,"500m 이내 배출원 위치 3개, 500m 이내 대기 배출업소 1곳, 최근접 배출원 446m",,False,해당 시설 유형에 인원 자료 없음,산업·배출시설 공간 노출도,v4 (배출원: 전국 등록공장현황 2024-12-31 반영 5개 구 전역 + 배출업소·폐기물 v2 override 판 / 취약시설: 어린이집·경로당·지역아동센터 + 장애인복지관). geo_level=point 한정
SC0309,삼익(아)경로당,경로당,senior_center,4812354000,사파동,성산구,35.2187128969303,128.694720830953,403.3,403.3,0,1,17,0,1,18,1,0,0,1,0,1,0,,1.0,1.059,3.0,0.0,998.3,77.72,886,1148,262,scenario_stable_non_high,other,"500m 이내 배출원 위치 1개, 500m 이내 대기 배출업소 1곳, 500m 이내 소각 처리 사업장 1곳, 최근접 배출원 403m",,False,해당 시설 유형에 인원 자료 없음,산업·배출시설 공간 노출도,v4 (배출원: 전국 등록공장현황 2024-12-31 반영 5개 구 전역 + 배출업소·폐기물 v2 override 판 / 취약시설: 어린이집·경로당·지역아동센터 + 장애인복지관). geo_level=point 한정
SC0310,무궁화(아)경로당,경로당,senior_center,4812354000,사파동,성산구,35.2196811136787,128.692998756678,216.9,216.9,1,1,22,1,1,23,1,0,0,1,0,1,0,1.0,1.0,1.045,3.0,0.0,708.2,32.65,649,775,126,scenario_stable_non_high,other,"300m 이내 배출원 위치 1개, 500m 이내 배출원 위치 1개, 500m 이내 대기 배출업소 1곳, 500m 이내 소각 처리 사업장 1곳, 최근접 배출원 217m",,False,해당 시설 유형에 인원 자료 없음,산업·배출시설 공간 노출도,v4 (배출원: 전국 등록공장현황 2024-12-31 반영 5개 구 전역 + 배출업소·폐기물 v2 override 판 / 취약시설: 어린이집·경로당·지역아동센터 + 장애인복지관). geo_level=point 한정
SC0311,사파동성(아)경로당,경로당,senior_center,4812354000,사파동,성산구,35.2189639383467,128.705022252354,347.7,347.7,0,3,8,0,3,8,1,1,0,0,0,0,1,,1.0,1.0,3.0,0.0,1236.5,42.48,1171,1318,147,scenario_stable_non_high,other,"500m 이내 배출원 위치 3개, 500m 이내 대기 배출업소 1곳, 최근접 배출원 348m",,False,해당 시설 유형에 인원 자료 없음,산업·배출시설 공간 노출도,v4 (배출원: 전국 등록공장현황 2024-12-31 반영 5개 구 전역 + 배출업소·폐기물 v2 override 판 / 취약시설: 어린이집·경로당·지역아동센터 + 장애인복지관). geo_level=point 한정
SC0312,성원3차남산(아)경로당,경로당,senior_center,4812354000,사파동,성산구,35.2146542868272,128.70821412969,148.8,148.8,2,2,5,2,2,5,0,1,0,0,0,0,1,1.0,1.0,1.0,3.0,0.0,1227.2,154.49,957,1371,414,scenario_stable_non_high,other,"300m 이내 배출원 위치 2개, 500m 이내 배출원 위치 2개, 최근접 배출원 149m",,False,해당 시설 유형에 인원 자료 없음,산업·배출시설 공간 노출도,v4 (배출원: 전국 등록공장현황 2024-12-31 반영 5개 구 전역 + 배출업소·폐기물 v2 override 판 / 취약시설: 어린이집·경로당·지역아동센터 + 장애인복지관). geo_level=point 한정
SC0313,성원3차(아)경로당,경로당,senior_center,4812354000,사파동,성산구,35.2148401938952,128.706240813652,202.3,202.3,2,2,6,2,2,6,0,1,0,0,0,0,1,1.0,1.0,1.0,3.0,0.0,1221.6,103.57,1030,1323,293,scenario_stable_non_high,other,"300m 이내 배출원 위치 2개, 500m 이내 배출원 위치 2개, 최근접 배출원 202m",,False,해당 시설 유형에 인원 자료 없음,산업·배출시설 공간 노출도,v4 (배출원: 전국 등록공장현황 2024-12-31 반영 5개 구 전역 + 배출업소·폐기물 v2 override 판 / 취약시설: 어린이집·경로당·지역아동센터 + 장애인복지관). geo_level=point 한정
SC0314,대방대동(아)경로당,경로당,senior_center,4812354000,사파동,성산구,35.2101450407943,128.709204335219,521.0,521.0,0,0,7,0,0,7,0,0,0,0,0,0,0,,,1.0,3.0,0.0,1360.2,36.38,1291,1425,134,scenario_stable_non_high,other,1km 이내 배출원 없음 (최근접 521m),,False,해당 시설 유형에 인원 자료 없음,산업·배출시설 공간 노출도,v4 (배출원: 전국 등록공장현황 2024-12-31 반영 5개 구 전역 + 배출업소·폐기물 v2 override 판 / 취약시설: 어린이집·경로당·지역아동센터 + 장애인복지관). geo_level=point 한정
SC0315,대방개나리1차(아)경로당,경로당,senior_center,4812354000,사파동,성산구,35.2128567995496,128.707799810397,349.0,349.0,0,2,6,0,2,6,0,1,0,0,0,0,1,,1.0,1.0,3.0,0.0,1363.7,21.09,1321,1386,65,scenario_stable_non_high,other,"500m 이내 배출원 위치 2개, 최근접 배출원 349m",,False,해당 시설 유형에 인원 자료 없음,산업·배출시설 공간 노출도,v4 (배출원: 전국 등록공장현황 2024-12-31 반영 5개 구 전역 + 배출업소·폐기물 v2 override 판 / 취약시설: 어린이집·경로당·지역아동센터 + 장애인복지관). geo_level=point 한정
SC0316,대방덕산1차(아)경로당,경로당,senior_center,4812354000,사파동,성산구,35.2136189737478,128.706891481493,285.5,285.5,2,2,6,2,2,6,0,1,0,0,0,0,1,1.0,1.0,1.0,3.0,0.0,1299.4,51.7,1218,1369,151,scenario_stable_non_high,other,"300m 이내 배출원 위치 2개, 500m 이내 배출원 위치 2개, 최근접 배출원 286m",,False,해당 시설 유형에 인원 자료 없음,산업·배출시설 공간 노출도,v4 (배출원: 전국 등록공장현황 2024-12-31 반영 5개 구 전역 + 배출업소·폐기물 v2 override 판 / 취약시설: 어린이집·경로당·지역아동센터 + 장애인복지관). geo_level=point 한정
SC0317,대방덕산2차(아)경로당,경로당,senior_center,4812354000,사파동,성산구,35.2039102156837,128.708637965722,349.7,349.7,0,2,7,0,2,8,2,0,0,1,0,1,0,,1.0,1.143,3.0,0.0,1017.0,43.8,947,1116,169,scenario_stable_non_high,other,"500m 이내 배출원 위치 2개, 500m 이내 대기 배출업소 2곳, 500m 이내 소각 처리 사업장 1곳, 최근접 배출원 350m",,False,해당 시설 유형에 인원 자료 없음,산업·배출시설 공간 노출도,v4 (배출원: 전국 등록공장현황 2024-12-31 반영 5개 구 전역 + 배출업소·폐기물 v2 override 판 / 취약시설: 어린이집·경로당·지역아동센터 + 장애인복지관). geo_level=point 한정
SC0318,대방그린빌(아)경로당,경로당,senior_center,4812354000,사파동,성산구,35.205515470619,128.7108643453,446.3,446.3,0,1,5,0,1,5,1,0,0,0,0,0,0,,1.0,1.0,3.0,0.0,1257.4,50.31,1181,1356,175,scenario_stable_non_high,other,"500m 이내 배출원 위치 1개, 500m 이내 대기 배출업소 1곳, 최근접 배출원 446m",,False,해당 시설 유형에 인원 자료 없음,산업·배출시설 공간 노출도,v4 (배출원: 전국 등록공장현황 2024-12-31 반영 5개 구 전역 + 배출업소·폐기물 v2 override 판 / 취약시설: 어린이집·경로당·지역아동센터 + 장애인복지관). geo_level=point 한정
SC0319,대방동성(아)경로당,경로당,senior_center,4812354000,사파동,성산구,35.2035792069096,128.706880608511,304.2,304.2,0,5,15,0,5,30,3,3,0,2,0,2,0,,1.0,2.0,3.0,0.0,685.4,60.16,584,816,232,scenario_stable_non_high,other,"500m 이내 배출원 위치 5개, 500m 이내 대기 배출업소 3곳, 500m 이내 소각 처리 사업장 2곳, 최근접 배출원 304m",,False,해당 시설 유형에 인원 자료 없음,산업·배출시설 공간 노출도,v4 (배출원: 전국 등록공장현황 2024-12-31 반영 5개 구 전역 + 배출업소·폐기물 v2 override 판 / 취약시설: 어린이집·경로당·지역아동센터 + 장애인복지관). geo_level=point 한정
SC0320,대방대동디지털(아)경로당,경로당,senior_center,4812354000,사파동,성산구,35.2062550646981,128.707388127672,122.6,122.6,1,4,5,1,4,5,2,2,0,1,0,1,0,1.0,1.0,1.0,3.0,0.0,866.7,147.27,585,1077,492,scenario_stable_non_high,other,"300m 이내 배출원 위치 1개, 500m 이내 배출원 위치 4개, 500m 이내 대기 배출업소 2곳, 500m 이내 소각 처리 사업장 1곳, 최근접 배출원 123m",,False,해당 시설 유형에 인원 자료 없음,산업·배출시설 공간 노출도,v4 (배출원: 전국 등록공장현황 2024-12-31 반영 5개 구 전역 + 배출업소·폐기물 v2 override 판 / 취약시설: 어린이집·경로당·지역아동센터 + 장애인복지관). geo_level=point 한정
SC0321,대방대동황토방(아)경로당,경로당,senior_center,4812354000,사파동,성산구,35.2086716489103,128.708929349582,377.3,377.3,0,1,7,0,1,7,1,0,0,0,0,0,0,,1.0,1.0,3.0,0.0,1265.2,27.63,1216,1319,103,scenario_stable_non_high,other,"500m 이내 배출원 위치 1개, 500m 이내 대기 배출업소 1곳, 최근접 배출원 377m",,False,해당 시설 유형에 인원 자료 없음,산업·배출시설 공간 노출도,v4 (배출원: 전국 등록공장현황 2024-12-31 반영 5개 구 전역 + 배출업소·폐기물 v2 override 판 / 취약시설: 어린이집·경로당·지역아동센터 + 장애인복지관). geo_level=point 한정
SC0322,가음정경로당,경로당,senior_center,4812355000,가음정동,성산구,35.2109375051128,128.686050482076,365.9,365.9,0,2,15,0,2,36,0,1,0,1,0,1,1,,1.0,2.4,4.0,0.0,843.1,178.88,636,1137,501,scenario_stable_non_high,other,"500m 이내 배출원 위치 2개, 500m 이내 소각 처리 사업장 1곳, 최근접 배출원 366m",,False,해당 시설 유형에 인원 자료 없음,산업·배출시설 공간 노출도,v4 (배출원: 전국 등록공장현황 2024-12-31 반영 5개 구 전역 + 배출업소·폐기물 v2 override 판 / 취약시설: 어린이집·경로당·지역아동센터 + 장애인복지관). geo_level=point 한정
SC0323,더샾센트럴파크경로당,경로당,senior_center,4812355000,가음정동,성산구,35.2091374207354,128.697649307265,612.0,612.0,0,0,12,0,0,15,0,0,0,0,0,0,0,,,1.25,4.0,0.0,1209.5,117.53,1081,1406,325,scenario_stable_non_high,other,1km 이내 배출원 없음 (최근접 612m),,False,해당 시설 유형에 인원 자료 없음,산업·배출시설 공간 노출도,v4 (배출원: 전국 등록공장현황 2024-12-31 반영 5개 구 전역 + 배출업소·폐기물 v2 override 판 / 취약시설: 어린이집·경로당·지역아동센터 + 장애인복지관). geo_level=point 한정
SC0324,은아(아)경로당,경로당,senior_center,4812355000,가음정동,성산구,35.2072995436345,128.694640827176,414.6,414.6,0,5,21,0,5,40,2,2,0,1,0,1,1,,1.0,1.905,4.0,0.0,755.4,160.8,576,1032,456,scenario_stable_non_high,other,"500m 이내 배출원 위치 5개, 500m 이내 대기 배출업소 2곳, 500m 이내 소각 처리 사업장 1곳, 최근접 배출원 415m",,False,해당 시설 유형에 인원 자료 없음,산업·배출시설 공간 노출도,v4 (배출원: 전국 등록공장현황 2024-12-31 반영 5개 구 전역 + 배출업소·폐기물 v2 override 판 / 취약시설: 어린이집·경로당·지역아동센터 + 장애인복지관). geo_level=point 한정
SC0325,소라(아)경로당,경로당,senior_center,4812355000,가음정동,성산구,35.2073968569484,128.687481485946,215.0,215.0,1,3,25,7,9,55,0,0,0,4,0,3,7,7.0,3.0,2.2,4.0,0.0,468.2,104.71,347,651,304,scenario_stable_non_high,other,"300m 이내 배출원 위치 1개, 500m 이내 배출원 위치 3개, 500m 이내 소각 처리 사업장 3곳, 최근접 배출원 215m",,False,해당 시설 유형에 인원 자료 없음,산업·배출시설 공간 노출도,v4 (배출원: 전국 등록공장현황 2024-12-31 반영 5개 구 전역 + 배출업소·폐기물 v2 override 판 / 취약시설: 어린이집·경로당·지역아동센터 + 장애인복지관). geo_level=point 한정
SC0326,우성(아)경로당,경로당,senior_center,4812355000,가음정동,성산구,35.213598405637,128.699258169043,143.5,143.5,1,1,5,1,1,5,0,1,0,0,0,0,0,1.0,1.0,1.0,4.0,0.0,1345.1,110.94,1132,1431,299,scenario_stable_non_high,other,"300m 이내 배출원 위치 1개, 500m 이내 배출원 위치 1개, 최근접 배출원 144m",,False,해당 시설 유형에 인원 자료 없음,산업·배출시설 공간 노출도,v4 (배출원: 전국 등록공장현황 2024-12-31 반영 5개 구 전역 + 배출업소·폐기물 v2 override 판 / 취약시설: 어린이집·경로당·지역아동센터 + 장애인복지관). geo_level=point 한정
SC0327,롯데(아)경로당,경로당,senior_center,4812355000,가음정동,성산구,35.2142057158642,128.701722861892,91.4,91.4,1,1,5,1,1,5,0,1,0,0,0,0,0,1.0,1.0,1.0,4.0,0.0,1261.8,151.31,996,1386,390,scenario_stable_non_high,other,"300m 이내 배출원 위치 1개, 500m 이내 배출원 위치 1개, 최근접 배출원 91m",,False,해당 시설 유형에 인원 자료 없음,산업·배출시설 공간 노출도,v4 (배출원: 전국 등록공장현황 2024-12-31 반영 5개 구 전역 + 배출업소·폐기물 v2 override 판 / 취약시설: 어린이집·경로당·지역아동센터 + 장애인복지관). geo_level=point 한정
SC0328,동성(아)경로당,경로당,senior_center,4812355000,가음정동,성산구,35.213937217347,128.703166355558,221.1,221.1,1,2,6,1,2,6,0,1,0,0,0,0,1,1.0,1.0,1.0,4.0,0.0,1307.6,55.45,1207,1362,155,scenario_stable_non_high,other,"300m 이내 배출원 위치 1개, 500m 이내 배출원 위치 2개, 최근접 배출원 221m",,False,해당 시설 유형에 인원 자료 없음,산업·배출시설 공간 노출도,v4 (배출원: 전국 등록공장현황 2024-12-31 반영 5개 구 전역 + 배출업소·폐기물 v2 override 판 / 취약시설: 어린이집·경로당·지역아동센터 + 장애인복지관). geo_level=point 한정
SC0329,성원1차(아)경로당,경로당,senior_center,4812355000,가음정동,성산구,35.2115144000928,128.700447461845,280.8,280.8,1,1,8,1,1,8,0,1,0,0,0,0,0,1.0,1.0,1.0,4.0,0.0,1301.3,39.84,1229,1352,123,scenario_stable_non_high,other,"300m 이내 배출원 위치 1개, 500m 이내 배출원 위치 1개, 최근접 배출원 281m",,False,해당 시설 유형에 인원 자료 없음,산업·배출시설 공간 노출도,v4 (배출원: 전국 등록공장현황 2024-12-31 반영 5개 구 전역 + 배출업소·폐기물 v2 override 판 / 취약시설: 어린이집·경로당·지역아동센터 + 장애인복지관). geo_level=point 한정
SC0330,성원2차(아)경로당,경로당,senior_center,4812355000,가음정동,성산구,35.2114225475062,128.702846324091,347.4,347.4,0,1,8,0,1,8,0,1,0,0,0,0,0,,1.0,1.0,4.0,0.0,1298.7,39.3,1226,1353,127,scenario_stable_non_high,other,"500m 이내 배출원 위치 1개, 최근접 배출원 347m",,False,해당 시설 유형에 인원 자료 없음,산업·배출시설 공간 노출도,v4 (배출원: 전국 등록공장현황 2024-12-31 반영 5개 구 전역 + 배출업소·폐기물 v2 override 판 / 취약시설: 어린이집·경로당·지역아동센터 + 장애인복지관). geo_level=point 한정
SC0331,피오르빌(아)경로당,경로당,senior_center,4812355000,가음정동,성산구,35.2091976362463,128.700633691583,492.4,492.4,0,1,9,0,1,9,0,1,0,0,0,0,0,,1.0,1.0,4.0,0.0,1236.1,58.96,1147,1335,188,scenario_stable_non_high,other,"500m 이내 배출원 위치 1개, 최근접 배출원 492m",,False,해당 시설 유형에 인원 자료 없음,산업·배출시설 공간 노출도,v4 (배출원: 전국 등록공장현황 2024-12-31 반영 5개 구 전역 + 배출업소·폐기물 v2 override 판 / 취약시설: 어린이집·경로당·지역아동센터 + 장애인복지관). geo_level=point 한정
SC0332,대방경로당,경로당,senior_center,4812355000,가음정동,성산구,35.2074180356804,128.703931562781,233.0,233.0,2,4,13,2,4,19,2,2,0,1,0,1,0,1.0,1.0,1.462,4.0,0.0,795.3,70.12,689,929,240,scenario_stable_non_high,other,"300m 이내 배출원 위치 2개, 500m 이내 배출원 위치 4개, 500m 이내 대기 배출업소 2곳, 500m 이내 소각 처리 사업장 1곳, 최근접 배출원 233m",,False,해당 시설 유형에 인원 자료 없음,산업·배출시설 공간 노출도,v4 (배출원: 전국 등록공장현황 2024-12-31 반영 5개 구 전역 + 배출업소·폐기물 v2 override 판 / 취약시설: 어린이집·경로당·지역아동센터 + 장애인복지관). geo_level=point 한정
SC0333,음지경로당,경로당,senior_center,4812355000,가음정동,성산구,35.2074180356804,128.703931562781,233.0,233.0,2,4,13,2,4,19,2,2,0,1,0,1,0,1.0,1.0,1.462,4.0,0.0,795.3,70.12,689,929,240,scenario_stable_non_high,other,"300m 이내 배출원 위치 2개, 500m 이내 배출원 위치 4개, 500m 이내 대기 배출업소 2곳, 500m 이내 소각 처리 사업장 1곳, 최근접 배출원 233m",,False,해당 시설 유형에 인원 자료 없음,산업·배출시설 공간 노출도,v4 (배출원: 전국 등록공장현황 2024-12-31 반영 5개 구 전역 + 배출업소·폐기물 v2 override 판 / 취약시설: 어린이집·경로당·지역아동센터 + 장애인복지관). geo_level=point 한정
SC0334,가음동경로당,경로당,senior_center,4812355000,가음정동,성산구,35.2054029100328,128.70272764102,32.8,32.8,3,4,18,3,4,31,2,2,0,1,0,1,0,1.0,1.0,1.722,4.0,0.0,435.4,138.27,186,601,415,scenario_stable_non_high,other,"300m 이내 배출원 위치 3개, 500m 이내 배출원 위치 4개, 500m 이내 대기 배출업소 2곳, 500m 이내 소각 처리 사업장 1곳, 최근접 배출원 33m",,False,해당 시설 유형에 인원 자료 없음,산업·배출시설 공간 노출도,v4 (배출원: 전국 등록공장현황 2024-12-31 반영 5개 구 전역 + 배출업소·폐기물 v2 override 판 / 취약시설: 어린이집·경로당·지역아동센터 + 장애인복지관). geo_level=point 한정
SC0335,개나리3차(아)경로당,경로당,senior_center,4812355000,가음정동,성산구,35.2109673229264,128.702937401613,394.6,394.6,0,1,8,0,1,8,0,1,0,0,0,0,0,,1.0,1.0,4.0,0.0,1293.5,48.68,1208,1376,168,scenario_stable_non_high,other,"500m 이내 배출원 위치 1개, 최근접 배출원 395m",,False,해당 시설 유형에 인원 자료 없음,산업·배출시설 공간 노출도,v4 (배출원: 전국 등록공장현황 2024-12-31 반영 5개 구 전역 + 배출업소·폐기물 v2 override 판 / 취약시설: 어린이집·경로당·지역아동센터 + 장애인복지관). geo_level=point 한정
SC0336,한림(아)경로당,경로당,senior_center,4812355000,가음정동,성산구,35.2136945664123,128.698359156059,220.3,220.3,1,1,4,1,1,4,0,1,0,0,0,0,0,1.0,1.0,1.0,4.0,0.0,1397.3,64.47,1271,1462,191,scenario_stable_non_high,other,"300m 이내 배출원 위치 1개, 500m 이내 배출원 위치 1개, 최근접 배출원 220m",,False,해당 시설 유형에 인원 자료 없음,산업·배출시설 공간 노출도,v4 (배출원: 전국 등록공장현황 2024-12-31 반영 5개 구 전역 + 배출업소·폐기물 v2 override 판 / 취약시설: 어린이집·경로당·지역아동센터 + 장애인복지관). geo_level=point 한정
SC0337,위드파크(아)경로당,경로당,senior_center,4812355000,가음정동,성산구,35.2090324970183,128.703341049209,396.4,396.4,0,3,7,0,3,7,1,2,0,0,0,0,0,,1.0,1.0,4.0,0.0,1167.6,38.68,1107,1252,145,scenario_stable_non_high,other,"500m 이내 배출원 위치 3개, 500m 이내 대기 배출업소 1곳, 최근접 배출원 396m",,False,해당 시설 유형에 인원 자료 없음,산업·배출시설 공간 노출도,v4 (배출원: 전국 등록공장현황 2024-12-31 반영 5개 구 전역 + 배출업소·폐기물 v2 override 판 / 취약시설: 어린이집·경로당·지역아동센터 + 장애인복지관). geo_level=point 한정
SC0338,남산경로당,경로당,senior_center,4812355000,가음정동,성산구,35.2042082519615,128.70436726988,112.1,112.1,4,4,17,4,4,32,2,2,0,1,0,1,0,1.0,1.0,1.882,4.0,0.0,393.0,118.51,178,564,386,scenario_stable_non_high,other,"300m 이내 배출원 위치 4개, 500m 이내 배출원 위치 4개, 500m 이내 대기 배출업소 2곳, 500m 이내 소각 처리 사업장 1곳, 최근접 배출원 112m",,False,해당 시설 유형에 인원 자료 없음,산업·배출시설 공간 노출도,v4 (배출원: 전국 등록공장현황 2024-12-31 반영 5개 구 전역 + 배출업소·폐기물 v2 override 판 / 취약시설: 어린이집·경로당·지역아동센터 + 장애인복지관). geo_level=point 한정
SC0339,가음꿈에그린경로당,경로당,senior_center,4812355000,가음정동,성산구,35.2091838110034,128.692882664331,541.7,541.7,0,0,10,0,0,16,0,0,0,0,0,0,0,,,1.6,4.0,0.0,1158.9,90.11,1034,1295,261,scenario_stable_non_high,other,1km 이내 배출원 없음 (최근접 542m),,False,해당 시설 유형에 인원 자료 없음,산업·배출시설 공간 노출도,v4 (배출원: 전국 등록공장현황 2024-12-31 반영 5개 구 전역 + 배출업소·폐기물 v2 override 판 / 취약시설: 어린이집·경로당·지역아동센터 + 장애인복지관). geo_level=point 한정
SC0340,창원센텀푸르지오경로당,경로당,senior_center,4812355000,가음정동,성산구,35.2083863980488,128.690955810184,446.1,446.1,0,3,11,0,9,19,1,0,0,3,0,2,6,,3.0,1.727,4.0,0.0,904.5,74.05,821,1036,215,scenario_stable_non_high,other,"500m 이내 배출원 위치 3개, 500m 이내 대기 배출업소 1곳, 500m 이내 소각 처리 사업장 2곳, 최근접 배출원 446m",,False,해당 시설 유형에 인원 자료 없음,산업·배출시설 공간 노출도,v4 (배출원: 전국 등록공장현황 2024-12-31 반영 5개 구 전역 + 배출업소·폐기물 v2 override 판 / 취약시설: 어린이집·경로당·지역아동센터 + 장애인복지관). geo_level=point 한정
SC0341,성남경로당,경로당,senior_center,4812355000,가음정동,성산구,35.20705597028,128.701557936317,243.5,243.5,2,4,18,2,4,31,2,2,0,1,0,1,0,1.0,1.0,1.722,4.0,0.0,752.8,72.26,626,898,272,scenario_stable_non_high,other,"300m 이내 배출원 위치 2개, 500m 이내 배출원 위치 4개, 500m 이내 대기 배출업소 2곳, 500m 이내 소각 처리 사업장 1곳, 최근접 배출원 244m",,False,해당 시설 유형에 인원 자료 없음,산업·배출시설 공간 노출도,v4 (배출원: 전국 등록공장현황 2024-12-31 반영 5개 구 전역 + 배출업소·폐기물 v2 override 판 / 취약시설: 어린이집·경로당·지역아동센터 + 장애인복지관). geo_level=point 한정
SC0343,불모산경로당,경로당,senior_center,4812356000,성주동,성산구,35.1894411686523,128.725103625992,102.5,102.5,4,4,6,5,5,7,0,2,0,2,0,0,1,1.25,1.25,1.167,6.0,0.0,853.2,180.05,532,1075,543,scenario_stable_non_high,other,"300m 이내 배출원 위치 4개, 500m 이내 배출원 위치 4개, 최근접 배출원 102m",,False,해당 시설 유형에 인원 자료 없음,산업·배출시설 공간 노출도,v4 (배출원: 전국 등록공장현황 2024-12-31 반영 5개 구 전역 + 배출업소·폐기물 v2 override 판 / 취약시설: 어린이집·경로당·지역아동센터 + 장애인복지관). geo_level=point 한정
SC0344,삼정자경로당,경로당,senior_center,4812356000,성주동,성산구,35.1994706754015,128.711263894184,311.9,311.9,0,1,12,0,1,20,1,1,0,1,0,1,0,,1.0,1.667,6.0,0.0,908.3,64.62,806,1025,219,scenario_stable_non_high,other,"500m 이내 배출원 위치 1개, 500m 이내 대기 배출업소 1곳, 500m 이내 소각 처리 사업장 1곳, 최근접 배출원 312m",,False,해당 시설 유형에 인원 자료 없음,산업·배출시설 공간 노출도,v4 (배출원: 전국 등록공장현황 2024-12-31 반영 5개 구 전역 + 배출업소·폐기물 v2 override 판 / 취약시설: 어린이집·경로당·지역아동센터 + 장애인복지관). geo_level=point 한정
SC0346,신우에이스타운경로당,경로당,senior_center,4812356000,성주동,성산구,35.1854724973047,128.690316003113,73.5,73.5,3,4,34,3,6,69,0,2,0,1,0,1,4,1.0,1.5,2.029,6.0,0.0,484.8,58.25,383,571,188,scenario_stable_non_high,other,"300m 이내 배출원 위치 3개, 500m 이내 배출원 위치 4개, 500m 이내 소각 처리 사업장 1곳, 최근접 배출원 74m",,False,해당 시설 유형에 인원 자료 없음,산업·배출시설 공간 노출도,v4 (배출원: 전국 등록공장현황 2024-12-31 반영 5개 구 전역 + 배출업소·폐기물 v2 override 판 / 취약시설: 어린이집·경로당·지역아동센터 + 장애인복지관). geo_level=point 한정
SC0348,유니온빌리지(아)경로당,경로당,senior_center,4812356000,성주동,성산구,35.1993981862755,128.715042569174,655.5,655.5,0,0,2,0,0,4,0,0,0,0,0,0,0,,,2.0,6.0,0.0,1440.0,25.93,1395,1487,92,scenario_stable_non_high,other,1km 이내 배출원 없음 (최근접 656m),,False,해당 시설 유형에 인원 자료 없음,산업·배출시설 공간 노출도,v4 (배출원: 전국 등록공장현황 2024-12-31 반영 5개 구 전역 + 배출업소·폐기물 v2 override 판 / 취약시설: 어린이집·경로당·지역아동센터 + 장애인복지관). geo_level=point 한정
SC0350,프리빌리지경로당,경로당,senior_center,4812356000,성주동,성산구,35.2019457874446,128.712225715155,497.6,497.6,0,1,5,0,1,5,1,1,0,1,0,1,0,,1.0,1.0,6.0,0.0,1256.9,64.12,1149,1365,216,scenario_stable_non_high,other,"500m 이내 배출원 위치 1개, 500m 이내 대기 배출업소 1곳, 500m 이내 소각 처리 사업장 1곳, 최근접 배출원 498m",,False,해당 시설 유형에 인원 자료 없음,산업·배출시설 공간 노출도,v4 (배출원: 전국 등록공장현황 2024-12-31 반영 5개 구 전역 + 배출업소·폐기물 v2 override 판 / 취약시설: 어린이집·경로당·지역아동센터 + 장애인복지관). geo_level=point 한정
SC0351,프리빌리지2차(아)경로당,경로당,senior_center,4812356000,성주동,성산구,35.195020538797,128.716484924442,796.7,796.7,0,0,10,0,0,17,0,0,0,0,0,0,0,,,1.7,6.0,0.0,1210.2,169.51,993,1464,471,scenario_stable_non_high,other,1km 이내 배출원 없음 (최근접 797m),,False,해당 시설 유형에 인원 자료 없음,산업·배출시설 공간 노출도,v4 (배출원: 전국 등록공장현황 2024-12-31 반영 5개 구 전역 + 배출업소·폐기물 v2 override 판 / 취약시설: 어린이집·경로당·지역아동센터 + 장애인복지관). geo_level=point 한정
SC0352,한림푸르지오(아)경로당,경로당,senior_center,4812356000,성주동,성산구,35.2018652135666,128.710861991553,398.5,398.5,0,1,6,0,1,8,1,1,0,1,0,1,0,,1.0,1.333,6.0,0.0,1122.2,33.43,1060,1198,138,scenario_stable_non_high,other,"500m 이내 배출원 위치 1개, 500m 이내 대기 배출업소 1곳, 500m 이내 소각 처리 사업장 1곳, 최근접 배출원 398m",,False,해당 시설 유형에 인원 자료 없음,산업·배출시설 공간 노출도,v4 (배출원: 전국 등록공장현황 2024-12-31 반영 5개 구 전역 + 배출업소·폐기물 v2 override 판 / 취약시설: 어린이집·경로당·지역아동센터 + 장애인복지관). geo_level=point 한정
SC0353,한솔(아)경로당,경로당,senior_center,4812356000,성주동,성산구,35.1857312097179,128.691440964003,110.8,110.8,3,4,39,3,6,84,0,2,0,1,0,1,4,1.0,1.5,2.154,6.0,0.0,416.1,78.81,306,556,250,scenario_stable_non_high,other,"300m 이내 배출원 위치 3개, 500m 이내 배출원 위치 4개, 500m 이내 소각 처리 사업장 1곳, 최근접 배출원 111m",,False,해당 시설 유형에 인원 자료 없음,산업·배출시설 공간 노출도,v4 (배출원: 전국 등록공장현황 2024-12-31 반영 5개 구 전역 + 배출업소·폐기물 v2 override 판 / 취약시설: 어린이집·경로당·지역아동센터 + 장애인복지관). geo_level=point 한정
SC0356,양곡경로당,경로당,senior_center,4812357000,웅남동,성산구,35.2003040768841,128.627066304068,718.3,718.3,0,0,29,0,0,73,0,0,0,0,0,0,0,,,2.517,2.0,0.0,1136.5,190.18,935,1427,492,scenario_stable_non_high,other,1km 이내 배출원 없음 (최근접 718m),,False,해당 시설 유형에 인원 자료 없음,산업·배출시설 공간 노출도,v4 (배출원: 전국 등록공장현황 2024-12-31 반영 5개 구 전역 + 배출업소·폐기물 v2 override 판 / 취약시설: 어린이집·경로당·지역아동센터 + 장애인복지관). geo_level=point 한정
SC0357,동성1차경로당,경로당,senior_center,4812357000,웅남동,성산구,35.2012729324414,128.628980521891,518.4,518.4,0,0,65,0,0,135,0,0,0,0,0,0,0,,,2.077,2.0,0.0,633.7,285.04,326,1111,785,scenario_stable_non_high,other,1km 이내 배출원 없음 (최근접 518m),,False,해당 시설 유형에 인원 자료 없음,산업·배출시설 공간 노출도,v4 (배출원: 전국 등록공장현황 2024-12-31 반영 5개 구 전역 + 배출업소·폐기물 v2 override 판 / 취약시설: 어린이집·경로당·지역아동센터 + 장애인복지관). geo_level=point 한정
SC0360,성원아파트경로당,경로당,senior_center,4812357000,웅남동,성산구,35.197637835697,128.629267278758,846.5,846.5,0,0,10,0,0,29,0,0,0,0,0,0,0,,,2.9,2.0,0.0,1461.5,45.32,1397,1524,127,scenario_stable_non_high,other,1km 이내 배출원 없음 (최근접 846m),,False,해당 시설 유형에 인원 자료 없음,산업·배출시설 공간 노출도,v4 (배출원: 전국 등록공장현황 2024-12-31 반영 5개 구 전역 + 배출업소·폐기물 v2 override 판 / 취약시설: 어린이집·경로당·지역아동센터 + 장애인복지관). geo_level=point 한정
SC0361,귀산경로당,경로당,senior_center,4812357000,웅남동,성산구,35.1658903021728,128.615906154419,1685.5,1685.5,0,0,0,0,0,0,0,0,0,0,0,0,0,,,,2.0,0.0,1584.0,0.0,1584,1584,0,scenario_stable_non_high,other,"1km 이내 배출원 없음 (최근접 1,686m)",,False,해당 시설 유형에 인원 자료 없음,산업·배출시설 공간 노출도,v4 (배출원: 전국 등록공장현황 2024-12-31 반영 5개 구 전역 + 배출업소·폐기물 v2 override 판 / 취약시설: 어린이집·경로당·지역아동센터 + 장애인복지관). geo_level=point 한정
SC0362,석교경로당,경로당,senior_center,4812357000,웅남동,성산구,35.1575180802265,128.60939376943,2110.7,2110.7,0,0,0,0,0,0,0,0,0,0,0,0,0,,,,2.0,0.0,1584.0,0.0,1584,1584,0,scenario_stable_non_high,other,"1km 이내 배출원 없음 (최근접 2,111m)",,False,해당 시설 유형에 인원 자료 없음,산업·배출시설 공간 노출도,v4 (배출원: 전국 등록공장현황 2024-12-31 반영 5개 구 전역 + 배출업소·폐기물 v2 override 판 / 취약시설: 어린이집·경로당·지역아동센터 + 장애인복지관). geo_level=point 한정
SC0363,갯마을경로당,경로당,senior_center,4812357000,웅남동,성산구,35.1643877335853,128.607578016317,1341.8,1341.8,0,0,0,0,0,0,0,0,0,0,0,0,0,,,,2.0,0.0,1584.0,0.0,1584,1584,0,scenario_stable_non_high,other,"1km 이내 배출원 없음 (최근접 1,342m)",,False,해당 시설 유형에 인원 자료 없음,산업·배출시설 공간 노출도,v4 (배출원: 전국 등록공장현황 2024-12-31 반영 5개 구 전역 + 배출업소·폐기물 v2 override 판 / 취약시설: 어린이집·경로당·지역아동센터 + 장애인복지관). geo_level=point 한정
SC0364,용호마을경로당,경로당,senior_center,4812357000,웅남동,성산구,35.1698461706829,128.599450919613,642.4,642.4,0,0,1,0,0,8,0,0,0,0,0,0,0,,,8.0,2.0,0.0,1382.7,33.27,1318,1429,111,scenario_stable_non_high,other,1km 이내 배출원 없음 (최근접 642m),,False,해당 시설 유형에 인원 자료 없음,산업·배출시설 공간 노출도,v4 (배출원: 전국 등록공장현황 2024-12-31 반영 5개 구 전역 + 배출업소·폐기물 v2 override 판 / 취약시설: 어린이집·경로당·지역아동센터 + 장애인복지관). geo_level=point 한정
SC0365,동부산아이존빌경로당,경로당,senior_center,4812357000,웅남동,성산구,35.2009975030786,128.627916244418,609.3,609.3,0,0,48,0,0,111,0,0,0,0,0,0,0,,,2.312,2.0,0.0,830.0,281.88,537,1288,751,scenario_stable_non_high,other,1km 이내 배출원 없음 (최근접 609m),,False,해당 시설 유형에 인원 자료 없음,산업·배출시설 공간 노출도,v4 (배출원: 전국 등록공장현황 2024-12-31 반영 5개 구 전역 + 배출업소·폐기물 v2 override 판 / 취약시설: 어린이집·경로당·지역아동센터 + 장애인복지관). geo_level=point 한정
SC0367,동원로얄듀크경로당,경로당,senior_center,4812357000,웅남동,성산구,35.197803495349,128.628562970956,857.2,857.2,0,0,9,0,0,24,0,0,0,0,0,0,0,,,2.667,2.0,0.0,1474.8,42.07,1413,1532,119,scenario_stable_non_high,other,1km 이내 배출원 없음 (최근접 857m),,False,해당 시설 유형에 인원 자료 없음,산업·배출시설 공간 노출도,v4 (배출원: 전국 등록공장현황 2024-12-31 반영 5개 구 전역 + 배출업소·폐기물 v2 override 판 / 취약시설: 어린이집·경로당·지역아동센터 + 장애인복지관). geo_level=point 한정
SC0368,상남남성경로당,경로당,senior_center,4812564000,합포동,마산합포구,35.2100436294778,128.576624568823,187.0,187.0,4,9,44,5,11,63,2,1,0,0,0,0,8,1.25,1.222,1.432,1.0,0.0,405.3,79.0,305,565,260,scenario_stable_non_high,other,"300m 이내 배출원 위치 4개, 500m 이내 배출원 위치 9개, 500m 이내 대기 배출업소 2곳, 최근접 배출원 187m",,False,해당 시설 유형에 인원 자료 없음,산업·배출시설 공간 노출도,v4 (배출원: 전국 등록공장현황 2024-12-31 반영 5개 구 전역 + 배출업소·폐기물 v2 override 판 / 취약시설: 어린이집·경로당·지역아동센터 + 장애인복지관). geo_level=point 한정
SC0369,상남여성경로당,경로당,senior_center,4812564000,합포동,마산합포구,35.2100436294778,128.576624568823,187.0,187.0,4,9,44,5,11,63,2,1,0,0,0,0,8,1.25,1.222,1.432,1.0,0.0,405.3,79.0,305,565,260,scenario_stable_non_high,other,"300m 이내 배출원 위치 4개, 500m 이내 배출원 위치 9개, 500m 이내 대기 배출업소 2곳, 최근접 배출원 187m",,False,해당 시설 유형에 인원 자료 없음,산업·배출시설 공간 노출도,v4 (배출원: 전국 등록공장현황 2024-12-31 반영 5개 구 전역 + 배출업소·폐기물 v2 override 판 / 취약시설: 어린이집·경로당·지역아동센터 + 장애인복지관). geo_level=point 한정
SC0370,용마남성경로당,경로당,senior_center,4812564000,합포동,마산합포구,35.2096313299194,128.580362323997,224.1,224.1,1,9,49,1,10,59,0,5,0,2,0,2,4,1.0,1.111,1.204,1.0,0.0,425.2,136.51,265,668,403,scenario_stable_non_high,other,"300m 이내 배출원 위치 1개, 500m 이내 배출원 위치 9개, 500m 이내 소각 처리 사업장 2곳, 최근접 배출원 224m",,False,해당 시설 유형에 인원 자료 없음,산업·배출시설 공간 노출도,v4 (배출원: 전국 등록공장현황 2024-12-31 반영 5개 구 전역 + 배출업소·폐기물 v2 override 판 / 취약시설: 어린이집·경로당·지역아동센터 + 장애인복지관). geo_level=point 한정
SC0371,용마여성경로당,경로당,senior_center,4812564000,합포동,마산합포구,35.2096313299194,128.580362323997,224.1,224.1,1,9,49,1,10,59,0,5,0,2,0,2,4,1.0,1.111,1.204,1.0,0.0,425.2,136.51,265,668,403,scenario_stable_non_high,other,"300m 이내 배출원 위치 1개, 500m 이내 배출원 위치 9개, 500m 이내 소각 처리 사업장 2곳, 최근접 배출원 224m",,False,해당 시설 유형에 인원 자료 없음,산업·배출시설 공간 노출도,v4 (배출원: 전국 등록공장현황 2024-12-31 반영 5개 구 전역 + 배출업소·폐기물 v2 override 판 / 취약시설: 어린이집·경로당·지역아동센터 + 장애인복지관). geo_level=point 한정
SC0372,숲골남성경로당,경로당,senior_center,4812564000,합포동,마산합포구,35.2139399437414,128.578132354231,181.9,181.9,2,8,43,2,8,51,2,4,0,1,1,0,1,1.0,1.0,1.186,1.0,0.0,550.5,113.11,414,740,326,scenario_stable_non_high,other,"300m 이내 배출원 위치 2개, 500m 이내 배출원 위치 8개, 500m 이내 대기 배출업소 2곳, 500m 이내 지정폐기물 배출사업장 1곳, 최근접 배출원 182m",,False,해당 시설 유형에 인원 자료 없음,산업·배출시설 공간 노출도,v4 (배출원: 전국 등록공장현황 2024-12-31 반영 5개 구 전역 + 배출업소·폐기물 v2 override 판 / 취약시설: 어린이집·경로당·지역아동센터 + 장애인복지관). geo_level=point 한정
SC0373,숲골여성경로당,경로당,senior_center,4812564000,합포동,마산합포구,35.2139399437414,128.578132354231,181.9,181.9,2,8,43,2,8,51,2,4,0,1,1,0,1,1.0,1.0,1.186,1.0,0.0,550.5,113.11,414,740,326,scenario_stable_non_high,other,"300m 이내 배출원 위치 2개, 500m 이내 배출원 위치 8개, 500m 이내 대기 배출업소 2곳, 500m 이내 지정폐기물 배출사업장 1곳, 최근접 배출원 182m",,False,해당 시설 유형에 인원 자료 없음,산업·배출시설 공간 노출도,v4 (배출원: 전국 등록공장현황 2024-12-31 반영 5개 구 전역 + 배출업소·폐기물 v2 override 판 / 취약시설: 어린이집·경로당·지역아동센터 + 장애인복지관). geo_level=point 한정
SC0375,무학맨션경로당,경로당,senior_center,4812564000,합포동,마산합포구,35.2075416312947,128.584705541319,143.9,143.9,5,13,48,5,15,58,0,6,2,3,0,2,7,1.0,1.154,1.208,1.0,0.0,250.3,30.87,200,326,126,scenario_stable_non_high,other,"300m 이내 배출원 위치 5개, 500m 이내 배출원 위치 13개, 500m 이내 소각 처리 사업장 2곳, 최근접 배출원 144m",,False,해당 시설 유형에 인원 자료 없음,산업·배출시설 공간 노출도,v4 (배출원: 전국 등록공장현황 2024-12-31 반영 5개 구 전역 + 배출업소·폐기물 v2 override 판 / 취약시설: 어린이집·경로당·지역아동센터 + 장애인복지관). geo_level=point 한정
SC0376,무학경로당,경로당,senior_center,4812564000,합포동,마산합포구,35.2075416312947,128.584705541319,143.9,143.9,5,13,48,5,15,58,0,6,2,3,0,2,7,1.0,1.154,1.208,1.0,0.0,250.3,30.87,200,326,126,scenario_stable_non_high,other,"300m 이내 배출원 위치 5개, 500m 이내 배출원 위치 13개, 500m 이내 소각 처리 사업장 2곳, 최근접 배출원 144m",,False,해당 시설 유형에 인원 자료 없음,산업·배출시설 공간 노출도,v4 (배출원: 전국 등록공장현황 2024-12-31 반영 5개 구 전역 + 배출업소·폐기물 v2 override 판 / 취약시설: 어린이집·경로당·지역아동센터 + 장애인복지관). geo_level=point 한정
SC0377,진웅네스빌경로당,경로당,senior_center,4812564000,합포동,마산합포구,35.2097765782626,128.582489415652,155.1,155.1,4,9,62,4,10,75,0,5,0,2,0,2,4,1.0,1.111,1.21,1.0,0.0,319.5,132.03,189,558,369,scenario_stable_non_high,other,"300m 이내 배출원 위치 4개, 500m 이내 배출원 위치 9개, 500m 이내 소각 처리 사업장 2곳, 최근접 배출원 155m",,False,해당 시설 유형에 인원 자료 없음,산업·배출시설 공간 노출도,v4 (배출원: 전국 등록공장현황 2024-12-31 반영 5개 구 전역 + 배출업소·폐기물 v2 override 판 / 취약시설: 어린이집·경로당·지역아동센터 + 장애인복지관). geo_level=point 한정
SC0378,가포제2남성경로당,경로당,senior_center,4812552000,가포동,마산합포구,35.1690542062554,128.571580525804,83.8,83.8,1,6,19,1,10,27,0,3,3,1,0,0,5,1.0,1.667,1.421,0.0,0.0,717.0,50.64,649,824,175,scenario_stable_non_high,other,"300m 이내 배출원 위치 1개, 500m 이내 배출원 위치 6개, 최근접 배출원 84m",,False,해당 시설 유형에 인원 자료 없음,산업·배출시설 공간 노출도,v4 (배출원: 전국 등록공장현황 2024-12-31 반영 5개 구 전역 + 배출업소·폐기물 v2 override 판 / 취약시설: 어린이집·경로당·지역아동센터 + 장애인복지관). geo_level=point 한정
SC0379,가포제2여성경로당,경로당,senior_center,4812552000,가포동,마산합포구,35.1690542062554,128.571580525804,83.8,83.8,1,6,19,1,10,27,0,3,3,1,0,0,5,1.0,1.667,1.421,0.0,0.0,717.0,50.64,649,824,175,scenario_stable_non_high,other,"300m 이내 배출원 위치 1개, 500m 이내 배출원 위치 6개, 최근접 배출원 84m",,False,해당 시설 유형에 인원 자료 없음,산업·배출시설 공간 노출도,v4 (배출원: 전국 등록공장현황 2024-12-31 반영 5개 구 전역 + 배출업소·폐기물 v2 override 판 / 취약시설: 어린이집·경로당·지역아동센터 + 장애인복지관). geo_level=point 한정
SC0380,건화맨션경로당,경로당,senior_center,4812552000,가포동,마산합포구,35.1699233920864,128.563089354045,287.6,287.6,1,2,5,2,3,6,1,2,0,0,0,0,0,2.0,1.5,1.2,0.0,0.0,1198.3,70.8,1087,1319,232,scenario_stable_non_high,other,"300m 이내 배출원 위치 1개, 500m 이내 배출원 위치 2개, 500m 이내 대기 배출업소 1곳, 최근접 배출원 288m",,False,해당 시설 유형에 인원 자료 없음,산업·배출시설 공간 노출도,v4 (배출원: 전국 등록공장현황 2024-12-31 반영 5개 구 전역 + 배출업소·폐기물 v2 override 판 / 취약시설: 어린이집·경로당·지역아동센터 + 장애인복지관). geo_level=point 한정
SC0381,가포LH아파트1단지경로당,경로당,senior_center,4812552000,가포동,마산합포구,35.158944101097,128.584306007809,352.0,352.0,0,1,8,0,1,10,0,0,0,0,0,0,1,,1.0,1.25,0.0,0.0,1390.5,20.98,1359,1416,57,scenario_stable_non_high,other,"500m 이내 배출원 위치 1개, 최근접 배출원 352m",,False,해당 시설 유형에 인원 자료 없음,산업·배출시설 공간 노출도,v4 (배출원: 전국 등록공장현황 2024-12-31 반영 5개 구 전역 + 배출업소·폐기물 v2 override 판 / 취약시설: 어린이집·경로당·지역아동센터 + 장애인복지관). geo_level=point 한정
SC0382,마창대교반도유보라아이비파크경로당,경로당,senior_center,4812552000,가포동,마산합포구,35.1579344312701,128.574131273515,592.5,592.5,0,0,10,0,0,13,0,0,0,0,0,0,0,,,1.3,0.0,0.0,1338.8,55.93,1254,1430,176,scenario_stable_non_high,other,1km 이내 배출원 없음 (최근접 592m),,False,해당 시설 유형에 인원 자료 없음,산업·배출시설 공간 노출도,v4 (배출원: 전국 등록공장현황 2024-12-31 반영 5개 구 전역 + 배출업소·폐기물 v2 override 판 / 취약시설: 어린이집·경로당·지역아동센터 + 장애인복지관). geo_level=point 한정
SC0383,가포안단테아파트경로당,경로당,senior_center,4812552000,가포동,마산합포구,35.1573468566645,128.581483149562,155.6,155.6,1,1,9,1,1,12,0,0,0,0,0,0,1,1.0,1.0,1.333,0.0,0.0,1287.8,66.24,1154,1347,193,scenario_stable_non_high,other,"300m 이내 배출원 위치 1개, 500m 이내 배출원 위치 1개, 최근접 배출원 156m",,False,해당 시설 유형에 인원 자료 없음,산업·배출시설 공간 노출도,v4 (배출원: 전국 등록공장현황 2024-12-31 반영 5개 구 전역 + 배출업소·폐기물 v2 override 판 / 취약시설: 어린이집·경로당·지역아동센터 + 장애인복지관). geo_level=point 한정
SC0384,가포금호어울림NHF아파트경로당,경로당,senior_center,4812552000,가포동,마산합포구,35.1562651346038,128.578260052117,379.4,379.4,0,1,8,0,1,9,0,0,0,0,0,0,1,,1.0,1.125,0.0,0.0,1403.4,21.08,1370,1431,61,scenario_stable_non_high,other,"500m 이내 배출원 위치 1개, 최근접 배출원 379m",,False,해당 시설 유형에 인원 자료 없음,산업·배출시설 공간 노출도,v4 (배출원: 전국 등록공장현황 2024-12-31 반영 5개 구 전역 + 배출업소·폐기물 v2 override 판 / 취약시설: 어린이집·경로당·지역아동센터 + 장애인복지관). geo_level=point 한정
SC0385,중앙남성경로당,경로당,senior_center,4812556500,반월중앙동,마산합포구,35.1937115332602,128.564246191474,152.5,152.5,3,6,32,3,6,38,2,2,0,1,0,1,1,1.0,1.0,1.188,0.0,0.0,493.6,88.88,383,644,261,scenario_stable_non_high,other,"300m 이내 배출원 위치 3개, 500m 이내 배출원 위치 6개, 500m 이내 대기 배출업소 2곳, 500m 이내 소각 처리 사업장 1곳, 최근접 배출원 152m",,False,해당 시설 유형에 인원 자료 없음,산업·배출시설 공간 노출도,v4 (배출원: 전국 등록공장현황 2024-12-31 반영 5개 구 전역 + 배출업소·폐기물 v2 override 판 / 취약시설: 어린이집·경로당·지역아동센터 + 장애인복지관). geo_level=point 한정
SC0386,중앙여성경로당,경로당,senior_center,4812556500,반월중앙동,마산합포구,35.1937115332602,128.564246191474,152.5,152.5,3,6,32,3,6,38,2,2,0,1,0,1,1,1.0,1.0,1.188,0.0,0.0,493.6,88.88,383,644,261,scenario_stable_non_high,other,"300m 이내 배출원 위치 3개, 500m 이내 배출원 위치 6개, 500m 이내 대기 배출업소 2곳, 500m 이내 소각 처리 사업장 1곳, 최근접 배출원 152m",,False,해당 시설 유형에 인원 자료 없음,산업·배출시설 공간 노출도,v4 (배출원: 전국 등록공장현황 2024-12-31 반영 5개 구 전역 + 배출업소·폐기물 v2 override 판 / 취약시설: 어린이집·경로당·지역아동센터 + 장애인복지관). geo_level=point 한정
SC0387,신월남성경로당,경로당,senior_center,4812556500,반월중앙동,마산합포구,35.1937915891347,128.559465540839,246.6,246.6,1,3,18,1,3,21,1,2,0,0,0,0,0,1.0,1.0,1.167,0.0,0.0,928.3,102.45,785,1087,302,scenario_stable_non_high,other,"300m 이내 배출원 위치 1개, 500m 이내 배출원 위치 3개, 500m 이내 대기 배출업소 1곳, 최근접 배출원 247m",,False,해당 시설 유형에 인원 자료 없음,산업·배출시설 공간 노출도,v4 (배출원: 전국 등록공장현황 2024-12-31 반영 5개 구 전역 + 배출업소·폐기물 v2 override 판 / 취약시설: 어린이집·경로당·지역아동센터 + 장애인복지관). geo_level=point 한정
SC0388,신월여성경로당,경로당,senior_center,4812556500,반월중앙동,마산합포구,35.1937915891347,128.559465540839,246.6,246.6,1,3,18,1,3,21,1,2,0,0,0,0,0,1.0,1.0,1.167,0.0,0.0,928.3,102.45,785,1087,302,scenario_stable_non_high,other,"300m 이내 배출원 위치 1개, 500m 이내 배출원 위치 3개, 500m 이내 대기 배출업소 1곳, 최근접 배출원 247m",,False,해당 시설 유형에 인원 자료 없음,산업·배출시설 공간 노출도,v4 (배출원: 전국 등록공장현황 2024-12-31 반영 5개 구 전역 + 배출업소·폐기물 v2 override 판 / 취약시설: 어린이집·경로당·지역아동센터 + 장애인복지관). geo_level=point 한정
SC0389,반월시장경로당,경로당,senior_center,4812556500,반월중앙동,마산합포구,35.1897572454358,128.561348619057,99.6,99.6,4,9,19,4,10,20,2,7,0,2,0,2,0,1.0,1.111,1.053,0.0,0.0,503.1,68.46,352,610,258,scenario_stable_non_high,other,"300m 이내 배출원 위치 4개, 500m 이내 배출원 위치 9개, 500m 이내 대기 배출업소 2곳, 500m 이내 소각 처리 사업장 2곳, 최근접 배출원 100m",,False,해당 시설 유형에 인원 자료 없음,산업·배출시설 공간 노출도,v4 (배출원: 전국 등록공장현황 2024-12-31 반영 5개 구 전역 + 배출업소·폐기물 v2 override 판 / 취약시설: 어린이집·경로당·지역아동센터 + 장애인복지관). geo_level=point 한정
SC0390,반월월포남성경로당,경로당,senior_center,4812556500,반월중앙동,마산합포구,35.1900826884948,128.563401657573,94.5,94.5,5,10,19,5,11,23,2,8,0,2,0,2,0,1.0,1.1,1.211,0.0,0.0,452.9,74.75,297,580,283,scenario_stable_non_high,other,"300m 이내 배출원 위치 5개, 500m 이내 배출원 위치 10개, 500m 이내 대기 배출업소 2곳, 500m 이내 소각 처리 사업장 2곳, 최근접 배출원 94m",,False,해당 시설 유형에 인원 자료 없음,산업·배출시설 공간 노출도,v4 (배출원: 전국 등록공장현황 2024-12-31 반영 5개 구 전역 + 배출업소·폐기물 v2 override 판 / 취약시설: 어린이집·경로당·지역아동센터 + 장애인복지관). geo_level=point 한정
SC0391,반월월포여성경로당,경로당,senior_center,4812556500,반월중앙동,마산합포구,35.1900826884948,128.563401657573,94.5,94.5,5,10,19,5,11,23,2,8,0,2,0,2,0,1.0,1.1,1.211,0.0,0.0,452.9,74.75,297,580,283,scenario_stable_non_high,other,"300m 이내 배출원 위치 5개, 500m 이내 배출원 위치 10개, 500m 이내 대기 배출업소 2곳, 500m 이내 소각 처리 사업장 2곳, 최근접 배출원 94m",,False,해당 시설 유형에 인원 자료 없음,산업·배출시설 공간 노출도,v4 (배출원: 전국 등록공장현황 2024-12-31 반영 5개 구 전역 + 배출업소·폐기물 v2 override 판 / 취약시설: 어린이집·경로당·지역아동센터 + 장애인복지관). geo_level=point 한정
SC0392,벽산블루밍경로당,경로당,senior_center,4812556500,반월중앙동,마산합포구,35.1919152633005,128.565836371335,121.1,121.1,3,7,30,3,7,36,1,4,0,1,0,1,1,1.0,1.0,1.2,0.0,0.0,474.7,74.54,375,601,226,scenario_stable_non_high,other,"300m 이내 배출원 위치 3개, 500m 이내 배출원 위치 7개, 500m 이내 대기 배출업소 1곳, 500m 이내 소각 처리 사업장 1곳, 최근접 배출원 121m",,False,해당 시설 유형에 인원 자료 없음,산업·배출시설 공간 노출도,v4 (배출원: 전국 등록공장현황 2024-12-31 반영 5개 구 전역 + 배출업소·폐기물 v2 override 판 / 취약시설: 어린이집·경로당·지역아동센터 + 장애인복지관). geo_level=point 한정
SC0393,월포경동메르빌남자경로당,경로당,senior_center,4812556500,반월중앙동,마산합포구,35.1938456693636,128.567595458782,172.2,172.2,2,8,44,2,11,51,4,4,0,4,0,2,2,1.0,1.375,1.159,0.0,0.0,330.2,117.83,213,549,336,scenario_stable_non_high,other,"300m 이내 배출원 위치 2개, 500m 이내 배출원 위치 8개, 500m 이내 대기 배출업소 4곳, 500m 이내 소각 처리 사업장 2곳, 최근접 배출원 172m",,False,해당 시설 유형에 인원 자료 없음,산업·배출시설 공간 노출도,v4 (배출원: 전국 등록공장현황 2024-12-31 반영 5개 구 전역 + 배출업소·폐기물 v2 override 판 / 취약시설: 어린이집·경로당·지역아동센터 + 장애인복지관). geo_level=point 한정
SC0394,월포경동메르빌여성경로당,경로당,senior_center,4812556500,반월중앙동,마산합포구,35.1938456693636,128.567595458782,172.2,172.2,2,8,44,2,11,51,4,4,0,4,0,2,2,1.0,1.375,1.159,0.0,0.0,330.2,117.83,213,549,336,scenario_stable_non_high,other,"300m 이내 배출원 위치 2개, 500m 이내 배출원 위치 8개, 500m 이내 대기 배출업소 4곳, 500m 이내 소각 처리 사업장 2곳, 최근접 배출원 172m",,False,해당 시설 유형에 인원 자료 없음,산업·배출시설 공간 노출도,v4 (배출원: 전국 등록공장현황 2024-12-31 반영 5개 구 전역 + 배출업소·폐기물 v2 override 판 / 취약시설: 어린이집·경로당·지역아동센터 + 장애인복지관). geo_level=point 한정
SC0395,중앙경동메르빌아파트경로당,경로당,senior_center,4812556500,반월중앙동,마산합포구,35.1949030100955,128.567490614238,163.8,163.8,3,8,47,3,12,63,5,5,0,4,0,2,2,1.0,1.5,1.34,0.0,0.0,247.6,71.58,175,398,223,scenario_stable_non_high,other,"300m 이내 배출원 위치 3개, 500m 이내 배출원 위치 8개, 500m 이내 대기 배출업소 5곳, 500m 이내 소각 처리 사업장 2곳, 최근접 배출원 164m",,False,해당 시설 유형에 인원 자료 없음,산업·배출시설 공간 노출도,v4 (배출원: 전국 등록공장현황 2024-12-31 반영 5개 구 전역 + 배출업소·폐기물 v2 override 판 / 취약시설: 어린이집·경로당·지역아동센터 + 장애인복지관). geo_level=point 한정
SC0396,우방(아)경로당,경로당,senior_center,4812556500,반월중앙동,마산합포구,35.1950158295374,128.567853772945,199.2,199.2,3,9,48,3,13,64,5,6,0,4,0,2,2,1.0,1.444,1.333,0.0,0.0,223.1,59.34,164,364,200,scenario_stable_non_high,other,"300m 이내 배출원 위치 3개, 500m 이내 배출원 위치 9개, 500m 이내 대기 배출업소 5곳, 500m 이내 소각 처리 사업장 2곳, 최근접 배출원 199m",,False,해당 시설 유형에 인원 자료 없음,산업·배출시설 공간 노출도,v4 (배출원: 전국 등록공장현황 2024-12-31 반영 5개 구 전역 + 배출업소·폐기물 v2 override 판 / 취약시설: 어린이집·경로당·지역아동센터 + 장애인복지관). geo_level=point 한정
SC0398,신한토탈아파트경로당,경로당,senior_center,4812556500,반월중앙동,마산합포구,35.1960464449235,128.566053560268,187.6,187.6,2,10,48,2,13,66,6,7,0,4,0,3,2,1.0,1.3,1.375,0.0,0.0,238.7,65.01,177,393,216,scenario_stable_non_high,other,"300m 이내 배출원 위치 2개, 500m 이내 배출원 위치 10개, 500m 이내 대기 배출업소 6곳, 500m 이내 소각 처리 사업장 3곳, 최근접 배출원 188m",,False,해당 시설 유형에 인원 자료 없음,산업·배출시설 공간 노출도,v4 (배출원: 전국 등록공장현황 2024-12-31 반영 5개 구 전역 + 배출업소·폐기물 v2 override 판 / 취약시설: 어린이집·경로당·지역아동센터 + 장애인복지관). geo_level=point 한정
SC0399,대동한마음아파트경로당,경로당,senior_center,4812556500,반월중앙동,마산합포구,35.1951231299438,128.563165908154,212.7,212.7,2,4,29,2,4,35,1,2,0,0,0,0,1,1.0,1.0,1.207,0.0,0.0,604.1,126.42,424,817,393,scenario_stable_non_high,other,"300m 이내 배출원 위치 2개, 500m 이내 배출원 위치 4개, 500m 이내 대기 배출업소 1곳, 최근접 배출원 213m",,False,해당 시설 유형에 인원 자료 없음,산업·배출시설 공간 노출도,v4 (배출원: 전국 등록공장현황 2024-12-31 반영 5개 구 전역 + 배출업소·폐기물 v2 override 판 / 취약시설: 어린이집·경로당·지역아동센터 + 장애인복지관). geo_level=point 한정
SC0401,대창경로당,경로당,senior_center,4812554000,문화동,마산합포구,35.1870467401123,128.554120555374,280.3,280.3,1,2,12,1,2,13,1,1,0,2,0,2,0,1.0,1.0,1.083,0.0,0.0,842.6,22.45,795,891,96,scenario_stable_non_high,other,"300m 이내 배출원 위치 1개, 500m 이내 배출원 위치 2개, 500m 이내 대기 배출업소 1곳, 500m 이내 소각 처리 사업장 2곳, 최근접 배출원 280m",,False,해당 시설 유형에 인원 자료 없음,산업·배출시설 공간 노출도,v4 (배출원: 전국 등록공장현황 2024-12-31 반영 5개 구 전역 + 배출업소·폐기물 v2 override 판 / 취약시설: 어린이집·경로당·지역아동센터 + 장애인복지관). geo_level=point 한정
SC0402,대창여성경로당,경로당,senior_center,4812554000,문화동,마산합포구,35.1870467401123,128.554120555374,280.3,280.3,1,2,12,1,2,13,1,1,0,2,0,2,0,1.0,1.0,1.083,0.0,0.0,842.6,22.45,795,891,96,scenario_stable_non_high,other,"300m 이내 배출원 위치 1개, 500m 이내 배출원 위치 2개, 500m 이내 대기 배출업소 1곳, 500m 이내 소각 처리 사업장 2곳, 최근접 배출원 280m",,False,해당 시설 유형에 인원 자료 없음,산업·배출시설 공간 노출도,v4 (배출원: 전국 등록공장현황 2024-12-31 반영 5개 구 전역 + 배출업소·폐기물 v2 override 판 / 취약시설: 어린이집·경로당·지역아동센터 + 장애인복지관). geo_level=point 한정
SC0403,당산경로당,경로당,senior_center,4812554000,문화동,마산합포구,35.1851759367651,128.552610288633,245.6,245.6,1,2,11,1,2,12,1,1,0,2,0,2,0,1.0,1.0,1.091,0.0,0.0,886.0,52.16,763,954,191,scenario_stable_non_high,other,"300m 이내 배출원 위치 1개, 500m 이내 배출원 위치 2개, 500m 이내 대기 배출업소 1곳, 500m 이내 소각 처리 사업장 2곳, 최근접 배출원 246m",,False,해당 시설 유형에 인원 자료 없음,산업·배출시설 공간 노출도,v4 (배출원: 전국 등록공장현황 2024-12-31 반영 5개 구 전역 + 배출업소·폐기물 v2 override 판 / 취약시설: 어린이집·경로당·지역아동센터 + 장애인복지관). geo_level=point 한정
SC0404,당산여성경로당,경로당,senior_center,4812554000,문화동,마산합포구,35.1851759367651,128.552610288633,245.6,245.6,1,2,11,1,2,12,1,1,0,2,0,2,0,1.0,1.0,1.091,0.0,0.0,886.0,52.16,763,954,191,scenario_stable_non_high,other,"300m 이내 배출원 위치 1개, 500m 이내 배출원 위치 2개, 500m 이내 대기 배출업소 1곳, 500m 이내 소각 처리 사업장 2곳, 최근접 배출원 246m",,False,해당 시설 유형에 인원 자료 없음,산업·배출시설 공간 노출도,v4 (배출원: 전국 등록공장현황 2024-12-31 반영 5개 구 전역 + 배출업소·폐기물 v2 override 판 / 취약시설: 어린이집·경로당·지역아동센터 + 장애인복지관). geo_level=point 한정
SC0405,창포경로당,경로당,senior_center,4812554000,문화동,마산합포구,35.1836602029937,128.560492415952,150.8,150.8,2,16,24,2,18,26,5,11,0,4,0,4,2,1.0,1.125,1.083,0.0,0.0,315.7,37.57,253,389,136,scenario_stable_non_high,other,"300m 이내 배출원 위치 2개, 500m 이내 배출원 위치 16개, 500m 이내 대기 배출업소 5곳, 500m 이내 소각 처리 사업장 4곳, 최근접 배출원 151m",,False,해당 시설 유형에 인원 자료 없음,산업·배출시설 공간 노출도,v4 (배출원: 전국 등록공장현황 2024-12-31 반영 5개 구 전역 + 배출업소·폐기물 v2 override 판 / 취약시설: 어린이집·경로당·지역아동센터 + 장애인복지관). geo_level=point 한정
SC0406,창포여성경로당,경로당,senior_center,4812554000,문화동,마산합포구,35.1836602029937,128.560492415952,150.8,150.8,2,16,24,2,18,26,5,11,0,4,0,4,2,1.0,1.125,1.083,0.0,0.0,315.7,37.57,253,389,136,scenario_stable_non_high,other,"300m 이내 배출원 위치 2개, 500m 이내 배출원 위치 16개, 500m 이내 대기 배출업소 5곳, 500m 이내 소각 처리 사업장 4곳, 최근접 배출원 151m",,False,해당 시설 유형에 인원 자료 없음,산업·배출시설 공간 노출도,v4 (배출원: 전국 등록공장현황 2024-12-31 반영 5개 구 전역 + 배출업소·폐기물 v2 override 판 / 취약시설: 어린이집·경로당·지역아동센터 + 장애인복지관). geo_level=point 한정
SC0407,월남경로당,경로당,senior_center,4812554000,문화동,마산합포구,35.1863482295222,128.558758698637,161.8,161.8,4,8,26,5,9,28,2,7,0,3,0,3,0,1.25,1.125,1.077,0.0,0.0,348.2,55.98,243,447,204,scenario_stable_non_high,other,"300m 이내 배출원 위치 4개, 500m 이내 배출원 위치 8개, 500m 이내 대기 배출업소 2곳, 500m 이내 소각 처리 사업장 3곳, 최근접 배출원 162m",,False,해당 시설 유형에 인원 자료 없음,산업·배출시설 공간 노출도,v4 (배출원: 전국 등록공장현황 2024-12-31 반영 5개 구 전역 + 배출업소·폐기물 v2 override 판 / 취약시설: 어린이집·경로당·지역아동센터 + 장애인복지관). geo_level=point 한정
SC0408,월남여성경로당,경로당,senior_center,4812554000,문화동,마산합포구,35.1863482295222,128.558758698637,161.8,161.8,4,8,26,5,9,28,2,7,0,3,0,3,0,1.25,1.125,1.077,0.0,0.0,348.2,55.98,243,447,204,scenario_stable_non_high,other,"300m 이내 배출원 위치 4개, 500m 이내 배출원 위치 8개, 500m 이내 대기 배출업소 2곳, 500m 이내 소각 처리 사업장 3곳, 최근접 배출원 162m",,False,해당 시설 유형에 인원 자료 없음,산업·배출시설 공간 노출도,v4 (배출원: 전국 등록공장현황 2024-12-31 반영 5개 구 전역 + 배출업소·폐기물 v2 override 판 / 취약시설: 어린이집·경로당·지역아동센터 + 장애인복지관). geo_level=point 한정
SC0409,창포동성아파트경로당,경로당,senior_center,4812554000,문화동,마산합포구,35.1844396637072,128.561843407136,146.8,146.8,4,18,25,5,19,27,3,14,0,3,0,3,1,1.25,1.056,1.08,0.0,0.0,282.9,46.26,203,372,169,scenario_stable_non_high,other,"300m 이내 배출원 위치 4개, 500m 이내 배출원 위치 18개, 500m 이내 대기 배출업소 3곳, 500m 이내 소각 처리 사업장 3곳, 최근접 배출원 147m",,False,해당 시설 유형에 인원 자료 없음,산업·배출시설 공간 노출도,v4 (배출원: 전국 등록공장현황 2024-12-31 반영 5개 구 전역 + 배출업소·폐기물 v2 override 판 / 취약시설: 어린이집·경로당·지역아동센터 + 장애인복지관). geo_level=point 한정
SC0410,창포경남맨션경로당,경로당,senior_center,4812554000,문화동,마산합포구,35.1833715976178,128.561613078619,213.7,213.7,4,17,25,4,19,27,4,13,0,2,0,2,2,1.0,1.118,1.08,0.0,0.0,294.4,38.62,231,361,130,scenario_stable_non_high,other,"300m 이내 배출원 위치 4개, 500m 이내 배출원 위치 17개, 500m 이내 대기 배출업소 4곳, 500m 이내 소각 처리 사업장 2곳, 최근접 배출원 214m",,False,해당 시설 유형에 인원 자료 없음,산업·배출시설 공간 노출도,v4 (배출원: 전국 등록공장현황 2024-12-31 반영 5개 구 전역 + 배출업소·폐기물 v2 override 판 / 취약시설: 어린이집·경로당·지역아동센터 + 장애인복지관). geo_level=point 한정
SC0412,창포한백아파트경로당,경로당,senior_center,4812554000,문화동,마산합포구,35.1844169370464,128.562731721023,191.6,191.6,5,17,27,6,18,29,3,14,0,2,0,2,1,1.2,1.059,1.074,0.0,0.0,299.5,31.28,253,369,116,scenario_stable_non_high,other,"300m 이내 배출원 위치 5개, 500m 이내 배출원 위치 17개, 500m 이내 대기 배출업소 3곳, 500m 이내 소각 처리 사업장 2곳, 최근접 배출원 192m",,False,해당 시설 유형에 인원 자료 없음,산업·배출시설 공간 노출도,v4 (배출원: 전국 등록공장현황 2024-12-31 반영 5개 구 전역 + 배출업소·폐기물 v2 override 판 / 취약시설: 어린이집·경로당·지역아동센터 + 장애인복지관). geo_level=point 한정
SC0413,월영한백아파트경로당,경로당,senior_center,4812554000,문화동,마산합포구,35.1860909854171,128.552939358869,277.9,277.9,1,2,12,1,2,13,1,1,0,2,0,2,0,1.0,1.0,1.083,0.0,0.0,879.3,59.26,728,942,214,scenario_stable_non_high,other,"300m 이내 배출원 위치 1개, 500m 이내 배출원 위치 2개, 500m 이내 대기 배출업소 1곳, 500m 이내 소각 처리 사업장 2곳, 최근접 배출원 278m",,False,해당 시설 유형에 인원 자료 없음,산업·배출시설 공간 노출도,v4 (배출원: 전국 등록공장현황 2024-12-31 반영 5개 구 전역 + 배출업소·폐기물 v2 override 판 / 취약시설: 어린이집·경로당·지역아동센터 + 장애인복지관). geo_level=point 한정
SC0414,귀정경로당,경로당,senior_center,4812533000,진북면,마산합포구,35.1632024229469,128.474337710074,175.5,175.5,4,10,54,4,12,75,3,2,1,1,0,0,9,1.0,1.2,1.389,3.0,0.0,252.9,94.84,162,447,285,scenario_stable_non_high,other,"300m 이내 배출원 위치 4개, 500m 이내 배출원 위치 10개, 500m 이내 대기 배출업소 3곳, 최근접 배출원 176m",,False,해당 시설 유형에 인원 자료 없음,산업·배출시설 공간 노출도,v4 (배출원: 전국 등록공장현황 2024-12-31 반영 5개 구 전역 + 배출업소·폐기물 v2 override 판 / 취약시설: 어린이집·경로당·지역아동센터 + 장애인복지관). geo_level=point 한정
SC0415,금산경로당,경로당,senior_center,4812533000,진북면,마산합포구,35.1453805362901,128.450470280069,89.9,89.9,3,3,7,5,5,9,2,0,1,0,0,0,3,1.667,1.667,1.286,3.0,0.0,924.5,195.92,570,1163,593,scenario_stable_non_high,other,"300m 이내 배출원 위치 3개, 500m 이내 배출원 위치 3개, 500m 이내 대기 배출업소 2곳, 최근접 배출원 90m",,False,해당 시설 유형에 인원 자료 없음,산업·배출시설 공간 노출도,v4 (배출원: 전국 등록공장현황 2024-12-31 반영 5개 구 전역 + 배출업소·폐기물 v2 override 판 / 취약시설: 어린이집·경로당·지역아동센터 + 장애인복지관). geo_level=point 한정
SC0416,내추경로당,경로당,senior_center,4812533000,진북면,마산합포구,35.167958978612,128.489995799197,1552.6,1552.6,0,0,0,0,0,0,0,0,0,0,0,0,0,,,,3.0,0.0,1584.0,0.0,1584,1584,0,scenario_stable_non_high,other,"1km 이내 배출원 없음 (최근접 1,553m)",,False,해당 시설 유형에 인원 자료 없음,산업·배출시설 공간 노출도,v4 (배출원: 전국 등록공장현황 2024-12-31 반영 5개 구 전역 + 배출업소·폐기물 v2 override 판 / 취약시설: 어린이집·경로당·지역아동센터 + 장애인복지관). geo_level=point 한정
SC0418,대평경로당,경로당,senior_center,4812533000,진북면,마산합포구,35.128519730342,128.464306420492,301.2,301.2,0,1,4,0,2,5,0,1,0,0,0,0,1,,2.0,1.25,3.0,0.0,1441.2,32.27,1385,1476,91,scenario_stable_non_high,other,"500m 이내 배출원 위치 1개, 최근접 배출원 301m",,False,해당 시설 유형에 인원 자료 없음,산업·배출시설 공간 노출도,v4 (배출원: 전국 등록공장현황 2024-12-31 반영 5개 구 전역 + 배출업소·폐기물 v2 override 판 / 취약시설: 어린이집·경로당·지역아동센터 + 장애인복지관). geo_level=point 한정
SC0419,대현경로당,경로당,senior_center,4812533000,진북면,마산합포구,35.1748017070536,128.46850600559,259.9,259.9,3,7,28,3,7,33,2,2,2,2,0,0,3,1.0,1.0,1.179,3.0,0.0,576.8,60.19,468,692,224,scenario_stable_non_high,other,"300m 이내 배출원 위치 3개, 500m 이내 배출원 위치 7개, 500m 이내 대기 배출업소 2곳, 최근접 배출원 260m",,False,해당 시설 유형에 인원 자료 없음,산업·배출시설 공간 노출도,v4 (배출원: 전국 등록공장현황 2024-12-31 반영 5개 구 전역 + 배출업소·폐기물 v2 override 판 / 취약시설: 어린이집·경로당·지역아동센터 + 장애인복지관). geo_level=point 한정
SC0420,덕곡경로당,경로당,senior_center,4812533000,진북면,마산합포구,35.1269535417965,128.473471514964,383.5,383.5,0,2,23,0,2,27,0,0,2,1,0,0,2,,1.0,1.174,3.0,0.0,1037.0,143.95,860,1258,398,scenario_stable_non_high,other,"500m 이내 배출원 위치 2개, 최근접 배출원 384m",,False,해당 시설 유형에 인원 자료 없음,산업·배출시설 공간 노출도,v4 (배출원: 전국 등록공장현황 2024-12-31 반영 5개 구 전역 + 배출업소·폐기물 v2 override 판 / 취약시설: 어린이집·경로당·지역아동센터 + 장애인복지관). geo_level=point 한정
SC0421,덕기경로당,경로당,senior_center,4812533000,진북면,마산합포구,35.124106299766,128.483162058191,56.0,56.0,2,6,17,2,6,20,1,1,0,1,0,0,3,1.0,1.0,1.176,3.0,0.0,775.2,64.59,651,868,217,scenario_stable_non_high,other,"300m 이내 배출원 위치 2개, 500m 이내 배출원 위치 6개, 500m 이내 대기 배출업소 1곳, 최근접 배출원 56m",,False,해당 시설 유형에 인원 자료 없음,산업·배출시설 공간 노출도,v4 (배출원: 전국 등록공장현황 2024-12-31 반영 5개 구 전역 + 배출업소·폐기물 v2 override 판 / 취약시설: 어린이집·경로당·지역아동센터 + 장애인복지관). geo_level=point 한정
SC0422,동삼경로당,경로당,senior_center,4812533000,진북면,마산합포구,35.1226856627341,128.452564209511,210.6,210.6,2,4,8,2,5,9,0,0,2,0,0,0,4,1.0,1.25,1.125,3.0,0.0,1148.2,71.35,1023,1238,215,scenario_stable_non_high,other,"300m 이내 배출원 위치 2개, 500m 이내 배출원 위치 4개, 최근접 배출원 211m",,False,해당 시설 유형에 인원 자료 없음,산업·배출시설 공간 노출도,v4 (배출원: 전국 등록공장현황 2024-12-31 반영 5개 구 전역 + 배출업소·폐기물 v2 override 판 / 취약시설: 어린이집·경로당·지역아동센터 + 장애인복지관). geo_level=point 한정
SC0423,동촌남성경로당,경로당,senior_center,4812533000,진북면,마산합포구,35.1151473986955,128.468670555,157.4,157.4,2,7,19,2,7,20,1,0,1,2,0,0,4,1.0,1.0,1.053,3.0,0.0,687.7,29.19,621,738,117,scenario_stable_non_high,other,"300m 이내 배출원 위치 2개, 500m 이내 배출원 위치 7개, 500m 이내 대기 배출업소 1곳, 최근접 배출원 157m",,False,해당 시설 유형에 인원 자료 없음,산업·배출시설 공간 노출도,v4 (배출원: 전국 등록공장현황 2024-12-31 반영 5개 구 전역 + 배출업소·폐기물 v2 override 판 / 취약시설: 어린이집·경로당·지역아동센터 + 장애인복지관). geo_level=point 한정
SC0424,동촌여성경로당,경로당,senior_center,4812533000,진북면,마산합포구,35.1151473986955,128.468670555,157.4,157.4,2,7,19,2,7,20,1,0,1,2,0,0,4,1.0,1.0,1.053,3.0,0.0,687.7,29.19,621,738,117,scenario_stable_non_high,other,"300m 이내 배출원 위치 2개, 500m 이내 배출원 위치 7개, 500m 이내 대기 배출업소 1곳, 최근접 배출원 157m",,False,해당 시설 유형에 인원 자료 없음,산업·배출시설 공간 노출도,v4 (배출원: 전국 등록공장현황 2024-12-31 반영 5개 구 전역 + 배출업소·폐기물 v2 override 판 / 취약시설: 어린이집·경로당·지역아동센터 + 장애인복지관). geo_level=point 한정
SC0426,부산경로당,경로당,senior_center,4812533000,진북면,마산합포구,35.1388967732597,128.464285113357,741.6,741.6,0,0,4,0,0,5,0,0,0,0,0,0,0,,,1.25,3.0,0.0,1519.5,9.15,1506,1531,25,scenario_stable_non_high,other,1km 이내 배출원 없음 (최근접 742m),,False,해당 시설 유형에 인원 자료 없음,산업·배출시설 공간 노출도,v4 (배출원: 전국 등록공장현황 2024-12-31 반영 5개 구 전역 + 배출업소·폐기물 v2 override 판 / 취약시설: 어린이집·경로당·지역아동센터 + 장애인복지관). geo_level=point 한정
SC0429,서촌남성경로당,경로당,senior_center,4812533000,진북면,마산합포구,35.115195323591,128.464993789689,210.6,210.6,3,7,24,3,7,27,4,0,3,3,0,0,4,1.0,1.0,1.125,3.0,0.0,498.9,39.55,419,568,149,scenario_stable_non_high,other,"300m 이내 배출원 위치 3개, 500m 이내 배출원 위치 7개, 500m 이내 대기 배출업소 4곳, 최근접 배출원 211m",,False,해당 시설 유형에 인원 자료 없음,산업·배출시설 공간 노출도,v4 (배출원: 전국 등록공장현황 2024-12-31 반영 5개 구 전역 + 배출업소·폐기물 v2 override 판 / 취약시설: 어린이집·경로당·지역아동센터 + 장애인복지관). geo_level=point 한정
SC0430,서촌여성경로당,경로당,senior_center,4812533000,진북면,마산합포구,35.115195323591,128.464993789689,210.6,210.6,3,7,24,3,7,27,4,0,3,3,0,0,4,1.0,1.0,1.125,3.0,0.0,498.9,39.55,419,568,149,scenario_stable_non_high,other,"300m 이내 배출원 위치 3개, 500m 이내 배출원 위치 7개, 500m 이내 대기 배출업소 4곳, 최근접 배출원 211m",,False,해당 시설 유형에 인원 자료 없음,산업·배출시설 공간 노출도,v4 (배출원: 전국 등록공장현황 2024-12-31 반영 5개 구 전역 + 배출업소·폐기물 v2 override 판 / 취약시설: 어린이집·경로당·지역아동센터 + 장애인복지관). geo_level=point 한정
SC0431,성원아파트경로당,경로당,senior_center,4812533000,진북면,마산합포구,35.1170229980081,128.463733408134,116.6,116.6,4,8,22,4,8,25,3,0,4,3,0,0,5,1.0,1.0,1.136,3.0,0.0,363.2,105.87,177,527,350,scenario_stable_non_high,other,"300m 이내 배출원 위치 4개, 500m 이내 배출원 위치 8개, 500m 이내 대기 배출업소 3곳, 최근접 배출원 117m",,False,해당 시설 유형에 인원 자료 없음,산업·배출시설 공간 노출도,v4 (배출원: 전국 등록공장현황 2024-12-31 반영 5개 구 전역 + 배출업소·폐기물 v2 override 판 / 취약시설: 어린이집·경로당·지역아동센터 + 장애인복지관). geo_level=point 한정
SC0435,예곡경로당,경로당,senior_center,4812533000,진북면,마산합포구,35.1177331201842,128.453540698119,230.1,230.1,1,2,13,1,2,15,0,0,0,0,0,0,2,1.0,1.0,1.154,3.0,0.0,1030.9,59.41,892,1102,210,scenario_stable_non_high,other,"300m 이내 배출원 위치 1개, 500m 이내 배출원 위치 2개, 최근접 배출원 230m",,False,해당 시설 유형에 인원 자료 없음,산업·배출시설 공간 노출도,v4 (배출원: 전국 등록공장현황 2024-12-31 반영 5개 구 전역 + 배출업소·폐기물 v2 override 판 / 취약시설: 어린이집·경로당·지역아동센터 + 장애인복지관). geo_level=point 한정
SC0437,이목남성경로당,경로당,senior_center,4812533000,진북면,마산합포구,35.1347143098553,128.46297716675,445.3,445.3,0,1,5,0,2,6,0,1,0,0,0,0,1,,2.0,1.2,3.0,0.0,1471.4,15.12,1435,1491,56,scenario_stable_non_high,other,"500m 이내 배출원 위치 1개, 최근접 배출원 445m",,False,해당 시설 유형에 인원 자료 없음,산업·배출시설 공간 노출도,v4 (배출원: 전국 등록공장현황 2024-12-31 반영 5개 구 전역 + 배출업소·폐기물 v2 override 판 / 취약시설: 어린이집·경로당·지역아동센터 + 장애인복지관). geo_level=point 한정
SC0438,이목여성경로당,경로당,senior_center,4812533000,진북면,마산합포구,35.1347143098553,128.46297716675,445.3,445.3,0,1,5,0,2,6,0,1,0,0,0,0,1,,2.0,1.2,3.0,0.0,1471.4,15.12,1435,1491,56,scenario_stable_non_high,other,"500m 이내 배출원 위치 1개, 최근접 배출원 445m",,False,해당 시설 유형에 인원 자료 없음,산업·배출시설 공간 노출도,v4 (배출원: 전국 등록공장현황 2024-12-31 반영 5개 구 전역 + 배출업소·폐기물 v2 override 판 / 취약시설: 어린이집·경로당·지역아동센터 + 장애인복지관). geo_level=point 한정
SC0442,정삼경로당,경로당,senior_center,4812533000,진북면,마산합포구,35.1720876296897,128.462274115878,235.3,235.3,2,8,30,2,9,35,1,1,2,0,0,0,7,1.0,1.125,1.167,3.0,0.0,664.2,92.01,537,821,284,scenario_stable_non_high,other,"300m 이내 배출원 위치 2개, 500m 이내 배출원 위치 8개, 500m 이내 대기 배출업소 1곳, 최근접 배출원 235m",,False,해당 시설 유형에 인원 자료 없음,산업·배출시설 공간 노출도,v4 (배출원: 전국 등록공장현황 2024-12-31 반영 5개 구 전역 + 배출업소·폐기물 v2 override 판 / 취약시설: 어린이집·경로당·지역아동센터 + 장애인복지관). geo_level=point 한정
SC0444,예곡경로당,경로당,senior_center,4812551000,현동,마산합포구,35.1691719810144,128.54693437792,851.5,851.5,0,0,1,0,0,1,0,0,0,0,0,0,0,,,1.0,0.0,0.0,1551.9,0.22,1551,1552,1,scenario_stable_non_high,other,1km 이내 배출원 없음 (최근접 852m),,False,해당 시설 유형에 인원 자료 없음,산업·배출시설 공간 노출도,v4 (배출원: 전국 등록공장현황 2024-12-31 반영 5개 구 전역 + 배출업소·폐기물 v2 override 판 / 취약시설: 어린이집·경로당·지역아동센터 + 장애인복지관). geo_level=point 한정
SC0445,두릉경로당,경로당,senior_center,4812551000,현동,마산합포구,35.1773126490988,128.533621733076,2057.6,2057.6,0,0,0,0,0,0,0,0,0,0,0,0,0,,,,0.0,0.0,1584.0,0.0,1584,1584,0,scenario_stable_non_high,other,"1km 이내 배출원 없음 (최근접 2,058m)",,False,해당 시설 유형에 인원 자료 없음,산업·배출시설 공간 노출도,v4 (배출원: 전국 등록공장현황 2024-12-31 반영 5개 구 전역 + 배출업소·폐기물 v2 override 판 / 취약시설: 어린이집·경로당·지역아동센터 + 장애인복지관). geo_level=point 한정
SC0446,우산경로당,경로당,senior_center,4812551000,현동,마산합포구,35.1583540812226,128.554119273912,49.4,49.4,2,2,6,2,2,7,1,1,0,1,0,1,2,1.0,1.0,1.167,0.0,0.0,812.1,263.72,366,1073,707,scenario_stable_non_high,other,"300m 이내 배출원 위치 2개, 500m 이내 배출원 위치 2개, 500m 이내 대기 배출업소 1곳, 500m 이내 소각 처리 사업장 1곳, 최근접 배출원 49m",,False,해당 시설 유형에 인원 자료 없음,산업·배출시설 공간 노출도,v4 (배출원: 전국 등록공장현황 2024-12-31 반영 5개 구 전역 + 배출업소·폐기물 v2 override 판 / 취약시설: 어린이집·경로당·지역아동센터 + 장애인복지관). geo_level=point 한정
SC0447,옥동경로당,경로당,senior_center,4812551000,현동,마산합포구,35.1526684842808,128.54783234757,295.3,295.3,1,3,5,1,4,6,0,3,0,1,0,1,0,1.0,1.333,1.2,0.0,0.0,1187.9,56.5,1078,1265,187,scenario_stable_non_high,other,"300m 이내 배출원 위치 1개, 500m 이내 배출원 위치 3개, 500m 이내 소각 처리 사업장 1곳, 최근접 배출원 295m",,False,해당 시설 유형에 인원 자료 없음,산업·배출시설 공간 노출도,v4 (배출원: 전국 등록공장현황 2024-12-31 반영 5개 구 전역 + 배출업소·폐기물 v2 override 판 / 취약시설: 어린이집·경로당·지역아동센터 + 장애인복지관). geo_level=point 한정
SC0448,묘촌남성경로당,경로당,senior_center,4812551000,현동,마산합포구,35.1383556530836,128.557038679676,737.0,737.0,0,0,1,0,0,3,0,0,0,0,0,0,0,,,3.0,0.0,0.0,1527.3,2.91,1520,1532,12,scenario_stable_non_high,other,1km 이내 배출원 없음 (최근접 737m),,False,해당 시설 유형에 인원 자료 없음,산업·배출시설 공간 노출도,v4 (배출원: 전국 등록공장현황 2024-12-31 반영 5개 구 전역 + 배출업소·폐기물 v2 override 판 / 취약시설: 어린이집·경로당·지역아동센터 + 장애인복지관). geo_level=point 한정
SC0449,묘촌여성경로당,경로당,senior_center,4812551000,현동,마산합포구,35.1383556530836,128.557038679676,737.0,737.0,0,0,1,0,0,3,0,0,0,0,0,0,0,,,3.0,0.0,0.0,1527.3,2.91,1520,1532,12,scenario_stable_non_high,other,1km 이내 배출원 없음 (최근접 737m),,False,해당 시설 유형에 인원 자료 없음,산업·배출시설 공간 노출도,v4 (배출원: 전국 등록공장현황 2024-12-31 반영 5개 구 전역 + 배출업소·폐기물 v2 override 판 / 취약시설: 어린이집·경로당·지역아동센터 + 장애인복지관). geo_level=point 한정
SC0450,덕동남성경로당,경로당,senior_center,4812551000,현동,마산합포구,35.1384775966469,128.575346309209,808.7,808.7,0,0,1,0,0,1,0,0,0,0,0,0,0,,,1.0,0.0,0.0,1395.2,127.93,1133,1510,377,scenario_stable_non_high,other,1km 이내 배출원 없음 (최근접 809m),,False,해당 시설 유형에 인원 자료 없음,산업·배출시설 공간 노출도,v4 (배출원: 전국 등록공장현황 2024-12-31 반영 5개 구 전역 + 배출업소·폐기물 v2 override 판 / 취약시설: 어린이집·경로당·지역아동센터 + 장애인복지관). geo_level=point 한정
SC0451,덕동여성경로당,경로당,senior_center,4812551000,현동,마산합포구,35.1384775966469,128.575346309209,808.7,808.7,0,0,1,0,0,1,0,0,0,0,0,0,0,,,1.0,0.0,0.0,1395.2,127.93,1133,1510,377,scenario_stable_non_high,other,1km 이내 배출원 없음 (최근접 809m),,False,해당 시설 유형에 인원 자료 없음,산업·배출시설 공간 노출도,v4 (배출원: 전국 등록공장현황 2024-12-31 반영 5개 구 전역 + 배출업소·폐기물 v2 override 판 / 취약시설: 어린이집·경로당·지역아동센터 + 장애인복지관). geo_level=point 한정
SC0452,율곡경로당,경로당,senior_center,4812551000,현동,마산합포구,35.1673505761624,128.552638120421,424.8,424.8,0,1,2,0,1,2,0,1,0,0,0,0,0,,1.0,1.0,0.0,0.0,1515.6,19.49,1476,1534,58,scenario_stable_non_high,other,"500m 이내 배출원 위치 1개, 최근접 배출원 425m",,False,해당 시설 유형에 인원 자료 없음,산업·배출시설 공간 노출도,v4 (배출원: 전국 등록공장현황 2024-12-31 반영 5개 구 전역 + 배출업소·폐기물 v2 override 판 / 취약시설: 어린이집·경로당·지역아동센터 + 장애인복지관). geo_level=point 한정
SC0453,중흥1차경로당,경로당,senior_center,4812551000,현동,마산합포구,35.1527900505769,128.549821054958,120.8,120.8,3,3,6,4,4,7,0,3,0,1,0,1,0,1.333,1.333,1.167,0.0,0.0,929.4,175.64,619,1132,513,scenario_stable_non_high,other,"300m 이내 배출원 위치 3개, 500m 이내 배출원 위치 3개, 500m 이내 소각 처리 사업장 1곳, 최근접 배출원 121m",,False,해당 시설 유형에 인원 자료 없음,산업·배출시설 공간 노출도,v4 (배출원: 전국 등록공장현황 2024-12-31 반영 5개 구 전역 + 배출업소·폐기물 v2 override 판 / 취약시설: 어린이집·경로당·지역아동센터 + 장애인복지관). geo_level=point 한정
SC0454,창원현동LH아파트경로당,경로당,senior_center,4812551000,현동,마산합포구,35.1524849386005,128.554094106993,264.0,264.0,3,3,6,4,4,7,0,3,0,1,0,1,0,1.333,1.333,1.167,0.0,0.0,1024.7,87.37,885,1159,274,scenario_stable_non_high,other,"300m 이내 배출원 위치 3개, 500m 이내 배출원 위치 3개, 500m 이내 소각 처리 사업장 1곳, 최근접 배출원 264m",,False,해당 시설 유형에 인원 자료 없음,산업·배출시설 공간 노출도,v4 (배출원: 전국 등록공장현황 2024-12-31 반영 5개 구 전역 + 배출업소·폐기물 v2 override 판 / 취약시설: 어린이집·경로당·지역아동센터 + 장애인복지관). geo_level=point 한정
SC0455,그린경로당,경로당,senior_center,<NA>,현동,마산합포구,35.2914851368351,128.676200935434,135.7,135.7,1,4,16,1,4,18,0,1,0,0,0,0,3,1.0,1.0,1.125,,0.0,1025.6,51.08,948,1110,162,scenario_stable_non_high,other,"300m 이내 배출원 위치 1개, 500m 이내 배출원 위치 4개, 최근접 배출원 136m",,False,해당 시설 유형에 인원 자료 없음,산업·배출시설 공간 노출도,v4 (배출원: 전국 등록공장현황 2024-12-31 반영 5개 구 전역 + 배출업소·폐기물 v2 override 판 / 취약시설: 어린이집·경로당·지역아동센터 + 장애인복지관). geo_level=point 한정
SC0456,현동중흥S클래스프라디움3차경로당,경로당,senior_center,4812551000,현동,마산합포구,35.148631512036,128.558356407781,102.3,102.3,1,1,4,1,1,5,0,1,0,0,0,0,0,1.0,1.0,1.25,0.0,0.0,1321.8,142.1,1053,1429,376,scenario_stable_non_high,other,"300m 이내 배출원 위치 1개, 500m 이내 배출원 위치 1개, 최근접 배출원 102m",,False,해당 시설 유형에 인원 자료 없음,산업·배출시설 공간 노출도,v4 (배출원: 전국 등록공장현황 2024-12-31 반영 5개 구 전역 + 배출업소·폐기물 v2 override 판 / 취약시설: 어린이집·경로당·지역아동센터 + 장애인복지관). geo_level=point 한정
SC0457,현동 코오롱하늘채아파트 경로당,경로당,senior_center,4812551000,현동,마산합포구,35.1453138863429,128.55703483767,301.1,301.1,0,1,1,0,1,1,0,1,0,0,0,0,0,,1.0,1.0,0.0,0.0,1494.7,55.65,1393,1537,144,scenario_stable_non_high,other,"500m 이내 배출원 위치 1개, 최근접 배출원 301m",,False,해당 시설 유형에 인원 자료 없음,산업·배출시설 공간 노출도,v4 (배출원: 전국 등록공장현황 2024-12-31 반영 5개 구 전역 + 배출업소·폐기물 v2 override 판 / 취약시설: 어린이집·경로당·지역아동센터 + 장애인복지관). geo_level=point 한정
SC0458,현동중흥2차아파트경로당,경로당,senior_center,4812551000,현동,마산합포구,35.1451846205351,128.554784357204,400.7,400.7,0,1,3,0,1,3,0,1,0,0,0,0,0,,1.0,1.0,0.0,0.0,1498.6,19.58,1460,1514,54,scenario_stable_non_high,other,"500m 이내 배출원 위치 1개, 최근접 배출원 401m",,False,해당 시설 유형에 인원 자료 없음,산업·배출시설 공간 노출도,v4 (배출원: 전국 등록공장현황 2024-12-31 반영 5개 구 전역 + 배출업소·폐기물 v2 override 판 / 취약시설: 어린이집·경로당·지역아동센터 + 장애인복지관). geo_level=point 한정
SC0459,상춘남성경로당,경로당,senior_center,4812557000,완월동,마산합포구,35.1987935334702,128.559559185447,363.3,363.3,0,1,15,0,1,17,0,1,0,0,0,0,0,,1.0,1.133,1.0,0.0,1101.0,92.93,959,1255,296,scenario_stable_non_high,other,"500m 이내 배출원 위치 1개, 최근접 배출원 363m",,False,해당 시설 유형에 인원 자료 없음,산업·배출시설 공간 노출도,v4 (배출원: 전국 등록공장현황 2024-12-31 반영 5개 구 전역 + 배출업소·폐기물 v2 override 판 / 취약시설: 어린이집·경로당·지역아동센터 + 장애인복지관). geo_level=point 한정
SC0460,상춘여성경로당,경로당,senior_center,4812557000,완월동,마산합포구,35.1987935334702,128.559559185447,363.3,363.3,0,1,15,0,1,17,0,1,0,0,0,0,0,,1.0,1.133,1.0,0.0,1101.0,92.93,959,1255,296,scenario_stable_non_high,other,"500m 이내 배출원 위치 1개, 최근접 배출원 363m",,False,해당 시설 유형에 인원 자료 없음,산업·배출시설 공간 노출도,v4 (배출원: 전국 등록공장현황 2024-12-31 반영 5개 구 전역 + 배출업소·폐기물 v2 override 판 / 취약시설: 어린이집·경로당·지역아동센터 + 장애인복지관). geo_level=point 한정
SC0461,완월남성경로당,경로당,senior_center,4812557000,완월동,마산합포구,35.1976990572009,128.564589121995,190.5,190.5,1,8,47,1,10,65,5,4,0,3,0,3,2,1.0,1.25,1.383,1.0,0.0,252.2,45.1,195,371,176,scenario_stable_non_high,other,"300m 이내 배출원 위치 1개, 500m 이내 배출원 위치 8개, 500m 이내 대기 배출업소 5곳, 500m 이내 소각 처리 사업장 3곳, 최근접 배출원 190m",,False,해당 시설 유형에 인원 자료 없음,산업·배출시설 공간 노출도,v4 (배출원: 전국 등록공장현황 2024-12-31 반영 5개 구 전역 + 배출업소·폐기물 v2 override 판 / 취약시설: 어린이집·경로당·지역아동센터 + 장애인복지관). geo_level=point 한정
SC0462,완월여성경로당,경로당,senior_center,4812557000,완월동,마산합포구,35.1976990572009,128.564589121995,190.5,190.5,1,8,47,1,10,65,5,4,0,3,0,3,2,1.0,1.25,1.383,1.0,0.0,252.2,45.1,195,371,176,scenario_stable_non_high,other,"300m 이내 배출원 위치 1개, 500m 이내 배출원 위치 8개, 500m 이내 대기 배출업소 5곳, 500m 이내 소각 처리 사업장 3곳, 최근접 배출원 190m",,False,해당 시설 유형에 인원 자료 없음,산업·배출시설 공간 노출도,v4 (배출원: 전국 등록공장현황 2024-12-31 반영 5개 구 전역 + 배출업소·폐기물 v2 override 판 / 취약시설: 어린이집·경로당·지역아동센터 + 장애인복지관). geo_level=point 한정
SC0463,학산남성경로당,경로당,senior_center,4812557000,완월동,마산합포구,35.1967619406834,128.559343468734,197.0,197.0,1,2,14,1,2,16,0,2,0,0,0,0,0,1.0,1.0,1.143,1.0,0.0,1056.7,48.39,974,1128,154,scenario_stable_non_high,other,"300m 이내 배출원 위치 1개, 500m 이내 배출원 위치 2개, 최근접 배출원 197m",,False,해당 시설 유형에 인원 자료 없음,산업·배출시설 공간 노출도,v4 (배출원: 전국 등록공장현황 2024-12-31 반영 5개 구 전역 + 배출업소·폐기물 v2 override 판 / 취약시설: 어린이집·경로당·지역아동센터 + 장애인복지관). geo_level=point 한정
SC0464,확산여성경로당,경로당,senior_center,4812557000,완월동,마산합포구,35.1967619406834,128.559343468734,197.0,197.0,1,2,14,1,2,16,0,2,0,0,0,0,0,1.0,1.0,1.143,1.0,0.0,1056.7,48.39,974,1128,154,scenario_stable_non_high,other,"300m 이내 배출원 위치 1개, 500m 이내 배출원 위치 2개, 최근접 배출원 197m",,False,해당 시설 유형에 인원 자료 없음,산업·배출시설 공간 노출도,v4 (배출원: 전국 등록공장현황 2024-12-31 반영 5개 구 전역 + 배출업소·폐기물 v2 override 판 / 취약시설: 어린이집·경로당·지역아동센터 + 장애인복지관). geo_level=point 한정
SC0465,서광1차아파트경로당,경로당,senior_center,4812557000,완월동,마산합포구,35.196863093289,128.562563327281,378.5,378.5,0,5,33,0,5,48,2,3,0,1,0,1,1,,1.0,1.455,1.0,0.0,625.2,146.61,439,903,464,scenario_stable_non_high,other,"500m 이내 배출원 위치 5개, 500m 이내 대기 배출업소 2곳, 500m 이내 소각 처리 사업장 1곳, 최근접 배출원 378m",,False,해당 시설 유형에 인원 자료 없음,산업·배출시설 공간 노출도,v4 (배출원: 전국 등록공장현황 2024-12-31 반영 5개 구 전역 + 배출업소·폐기물 v2 override 판 / 취약시설: 어린이집·경로당·지역아동센터 + 장애인복지관). geo_level=point 한정
SC0466,화인아파트경로당,경로당,senior_center,4812557000,완월동,마산합포구,35.1951570547194,128.558304034613,132.9,132.9,1,2,13,1,2,15,0,2,0,0,0,0,0,1.0,1.0,1.154,1.0,0.0,1075.1,37.63,1018,1147,129,scenario_stable_non_high,other,"300m 이내 배출원 위치 1개, 500m 이내 배출원 위치 2개, 최근접 배출원 133m",,False,해당 시설 유형에 인원 자료 없음,산업·배출시설 공간 노출도,v4 (배출원: 전국 등록공장현황 2024-12-31 반영 5개 구 전역 + 배출업소·폐기물 v2 override 판 / 취약시설: 어린이집·경로당·지역아동센터 + 장애인복지관). geo_level=point 한정
SC0467,청구제네스아파트경로당,경로당,senior_center,4812557000,완월동,마산합포구,35.1970797231159,128.55774688891,118.1,118.1,1,1,11,1,1,13,0,1,0,0,0,0,0,1.0,1.0,1.182,1.0,0.0,1143.1,52.12,1045,1212,167,scenario_stable_non_high,other,"300m 이내 배출원 위치 1개, 500m 이내 배출원 위치 1개, 최근접 배출원 118m",,False,해당 시설 유형에 인원 자료 없음,산업·배출시설 공간 노출도,v4 (배출원: 전국 등록공장현황 2024-12-31 반영 5개 구 전역 + 배출업소·폐기물 v2 override 판 / 취약시설: 어린이집·경로당·지역아동센터 + 장애인복지관). geo_level=point 한정
SC0468,서광2차아파트경로당,경로당,senior_center,4812557000,완월동,마산합포구,35.1978582646022,128.556867260386,203.8,203.8,1,1,9,1,1,11,0,1,0,0,0,0,0,1.0,1.0,1.222,1.0,0.0,1253.0,41.84,1172,1313,141,scenario_stable_non_high,other,"300m 이내 배출원 위치 1개, 500m 이내 배출원 위치 1개, 최근접 배출원 204m",,False,해당 시설 유형에 인원 자료 없음,산업·배출시설 공간 노출도,v4 (배출원: 전국 등록공장현황 2024-12-31 반영 5개 구 전역 + 배출업소·폐기물 v2 override 판 / 취약시설: 어린이집·경로당·지역아동센터 + 장애인복지관). geo_level=point 한정
SC0469,율티경로당,경로당,senior_center,4812534000,진전면,마산합포구,35.105706305481,128.452941494986,365.5,365.5,0,3,15,0,4,18,1,1,1,3,0,0,1,,1.333,1.2,2.0,0.0,674.5,198.72,270,952,682,scenario_stable_non_high,other,"500m 이내 배출원 위치 3개, 500m 이내 대기 배출업소 1곳, 최근접 배출원 366m",,False,해당 시설 유형에 인원 자료 없음,산업·배출시설 공간 노출도,v4 (배출원: 전국 등록공장현황 2024-12-31 반영 5개 구 전역 + 배출업소·폐기물 v2 override 판 / 취약시설: 어린이집·경로당·지역아동센터 + 장애인복지관). geo_level=point 한정
SC0474,대산경로당,경로당,senior_center,<NA>,진전면,마산합포구,35.3444709420372,128.689257526975,319.9,319.9,0,2,2,0,2,2,0,0,0,0,0,0,2,,1.0,1.0,,0.0,1451.9,58.03,1341,1502,161,scenario_stable_non_high,other,"500m 이내 배출원 위치 2개, 최근접 배출원 320m",,False,해당 시설 유형에 인원 자료 없음,산업·배출시설 공간 노출도,v4 (배출원: 전국 등록공장현황 2024-12-31 반영 5개 구 전역 + 배출업소·폐기물 v2 override 판 / 취약시설: 어린이집·경로당·지역아동센터 + 장애인복지관). geo_level=point 한정
SC0475,봉곡경로당,경로당,senior_center,<NA>,진전면,마산합포구,35.2483525027003,128.66475266432,418.7,418.7,0,2,9,0,2,9,0,0,0,1,0,1,1,,1.0,1.0,,0.0,1174.8,38.05,1116,1240,124,scenario_stable_non_high,other,"500m 이내 배출원 위치 2개, 500m 이내 소각 처리 사업장 1곳, 최근접 배출원 419m",,False,해당 시설 유형에 인원 자료 없음,산업·배출시설 공간 노출도,v4 (배출원: 전국 등록공장현황 2024-12-31 반영 5개 구 전역 + 배출업소·폐기물 v2 override 판 / 취약시설: 어린이집·경로당·지역아동센터 + 장애인복지관). geo_level=point 한정
SC0479,동산경로당,경로당,senior_center,<NA>,진전면,마산합포구,35.2328276509476,128.572476869248,286.2,286.2,1,9,33,1,9,33,2,5,0,2,1,0,0,1.0,1.0,1.0,,0.0,528.2,83.37,421,697,276,scenario_stable_non_high,other,"300m 이내 배출원 위치 1개, 500m 이내 배출원 위치 9개, 500m 이내 대기 배출업소 2곳, 500m 이내 지정폐기물 배출사업장 1곳, 최근접 배출원 286m",,False,해당 시설 유형에 인원 자료 없음,산업·배출시설 공간 노출도,v4 (배출원: 전국 등록공장현황 2024-12-31 반영 5개 구 전역 + 배출업소·폐기물 v2 override 판 / 취약시설: 어린이집·경로당·지역아동센터 + 장애인복지관). geo_level=point 한정
SC0486,대방경로당,경로당,senior_center,<NA>,진전면,마산합포구,35.3444709420372,128.689257526975,319.9,319.9,0,2,2,0,2,2,0,0,0,0,0,0,2,,1.0,1.0,,0.0,1451.9,58.03,1341,1502,161,scenario_stable_non_high,other,"500m 이내 배출원 위치 2개, 최근접 배출원 320m",,False,해당 시설 유형에 인원 자료 없음,산업·배출시설 공간 노출도,v4 (배출원: 전국 등록공장현황 2024-12-31 반영 5개 구 전역 + 배출업소·폐기물 v2 override 판 / 취약시설: 어린이집·경로당·지역아동센터 + 장애인복지관). geo_level=point 한정
SC0497,창포경로당,경로당,senior_center,4812534000,진전면,마산합포구,35.0898733305171,128.459761908471,60.5,60.5,1,1,1,1,1,1,0,1,0,1,0,0,1,1.0,1.0,1.0,2.0,0.0,1196.1,284.96,687,1425,738,scenario_stable_non_high,other,"300m 이내 배출원 위치 1개, 500m 이내 배출원 위치 1개, 최근접 배출원 60m",,False,해당 시설 유형에 인원 자료 없음,산업·배출시설 공간 노출도,v4 (배출원: 전국 등록공장현황 2024-12-31 반영 5개 구 전역 + 배출업소·폐기물 v2 override 판 / 취약시설: 어린이집·경로당·지역아동센터 + 장애인복지관). geo_level=point 한정
SC0498,창포여성경로당,경로당,senior_center,4812534000,진전면,마산합포구,35.0898733305171,128.459761908471,60.5,60.5,1,1,1,1,1,1,0,1,0,1,0,0,1,1.0,1.0,1.0,2.0,0.0,1196.1,284.96,687,1425,738,scenario_stable_non_high,other,"300m 이내 배출원 위치 1개, 500m 이내 배출원 위치 1개, 최근접 배출원 60m",,False,해당 시설 유형에 인원 자료 없음,산업·배출시설 공간 노출도,v4 (배출원: 전국 등록공장현황 2024-12-31 반영 5개 구 전역 + 배출업소·폐기물 v2 override 판 / 취약시설: 어린이집·경로당·지역아동센터 + 장애인복지관). geo_level=point 한정
SC0501,소포경로당,경로당,senior_center,4812534000,진전면,마산합포구,35.0747787733546,128.45200595636,1849.6,1849.6,0,0,0,0,0,0,0,0,0,0,0,0,0,,,,2.0,0.0,1584.0,0.0,1584,1584,0,scenario_stable_non_high,other,"1km 이내 배출원 없음 (최근접 1,850m)",,False,해당 시설 유형에 인원 자료 없음,산업·배출시설 공간 노출도,v4 (배출원: 전국 등록공장현황 2024-12-31 반영 5개 구 전역 + 배출업소·폐기물 v2 override 판 / 취약시설: 어린이집·경로당·지역아동센터 + 장애인복지관). geo_level=point 한정
SC0514,진동경로당,경로당,senior_center,4812532000,진동면,마산합포구,35.1147504793412,128.488204973656,293.3,293.3,1,3,6,1,4,8,2,1,1,0,0,0,0,1.0,1.333,1.333,2.0,0.0,1280.0,34.1,1217,1342,125,scenario_stable_non_high,other,"300m 이내 배출원 위치 1개, 500m 이내 배출원 위치 3개, 500m 이내 대기 배출업소 2곳, 최근접 배출원 293m",,False,해당 시설 유형에 인원 자료 없음,산업·배출시설 공간 노출도,v4 (배출원: 전국 등록공장현황 2024-12-31 반영 5개 구 전역 + 배출업소·폐기물 v2 override 판 / 취약시설: 어린이집·경로당·지역아동센터 + 장애인복지관). geo_level=point 한정
SC0515,서촌1구경로당,경로당,senior_center,4812532000,진동면,마산합포구,35.1144039137929,128.487539363209,255.8,255.8,1,2,6,1,2,8,1,1,0,0,0,0,0,1.0,1.0,1.333,2.0,0.0,1271.6,55.33,1169,1343,174,scenario_stable_non_high,other,"300m 이내 배출원 위치 1개, 500m 이내 배출원 위치 2개, 500m 이내 대기 배출업소 1곳, 최근접 배출원 256m",,False,해당 시설 유형에 인원 자료 없음,산업·배출시설 공간 노출도,v4 (배출원: 전국 등록공장현황 2024-12-31 반영 5개 구 전역 + 배출업소·폐기물 v2 override 판 / 취약시설: 어린이집·경로당·지역아동센터 + 장애인복지관). geo_level=point 한정
SC0516,고현경로당,경로당,senior_center,4812532000,진동면,마산합포구,35.1025356625423,128.479856516783,100.1,100.1,2,4,5,2,4,6,0,0,0,1,0,0,3,1.0,1.0,1.2,2.0,0.0,1144.6,159.64,865,1319,454,scenario_stable_non_high,other,"300m 이내 배출원 위치 2개, 500m 이내 배출원 위치 4개, 최근접 배출원 100m",,False,해당 시설 유형에 인원 자료 없음,산업·배출시설 공간 노출도,v4 (배출원: 전국 등록공장현황 2024-12-31 반영 5개 구 전역 + 배출업소·폐기물 v2 override 판 / 취약시설: 어린이집·경로당·지역아동센터 + 장애인복지관). geo_level=point 한정
SC0517,광암경로당,경로당,senior_center,4812532000,진동면,마산합포구,35.1045334746148,128.498024633202,88.9,88.9,3,3,6,3,3,6,0,0,0,0,0,0,3,1.0,1.0,1.0,2.0,0.0,1099.4,197.57,742,1294,552,scenario_stable_non_high,other,"300m 이내 배출원 위치 3개, 500m 이내 배출원 위치 3개, 최근접 배출원 89m",,False,해당 시설 유형에 인원 자료 없음,산업·배출시설 공간 노출도,v4 (배출원: 전국 등록공장현황 2024-12-31 반영 5개 구 전역 + 배출업소·폐기물 v2 override 판 / 취약시설: 어린이집·경로당·지역아동센터 + 장애인복지관). geo_level=point 한정
SC0518,동촌1구경로당,경로당,senior_center,4812532000,진동면,마산합포구,35.112399521109,128.489226013285,307.1,309.0,0,3,6,0,5,8,1,2,3,1,0,0,2,,1.667,1.333,2.0,0.0,1241.7,62.51,1117,1329,212,scenario_stable_non_high,other,"500m 이내 배출원 위치 3개, 500m 이내 대기 배출업소 1곳, 최근접 배출원 307m",,False,해당 시설 유형에 인원 자료 없음,산업·배출시설 공간 노출도,v4 (배출원: 전국 등록공장현황 2024-12-31 반영 5개 구 전역 + 배출업소·폐기물 v2 override 판 / 취약시설: 어린이집·경로당·지역아동센터 + 장애인복지관). geo_level=point 한정
SC0519,서촌2구 경로당,경로당,senior_center,4812532000,진동면,마산합포구,35.1128240276934,128.486574842506,338.5,338.5,0,3,8,0,4,10,1,2,1,0,0,0,1,,1.333,1.25,2.0,0.0,1250.6,37.25,1189,1318,129,scenario_stable_non_high,other,"500m 이내 배출원 위치 3개, 500m 이내 대기 배출업소 1곳, 최근접 배출원 338m",,False,해당 시설 유형에 인원 자료 없음,산업·배출시설 공간 노출도,v4 (배출원: 전국 등록공장현황 2024-12-31 반영 5개 구 전역 + 배출업소·폐기물 v2 override 판 / 취약시설: 어린이집·경로당·지역아동센터 + 장애인복지관). geo_level=point 한정
SC0520,서촌3구경로당,경로당,senior_center,4812532000,진동면,마산합포구,35.1128069405903,128.484167135081,328.9,328.9,0,3,9,0,4,11,1,2,1,0,0,0,1,,1.333,1.222,2.0,0.0,1238.5,34.93,1167,1298,131,scenario_stable_non_high,other,"500m 이내 배출원 위치 3개, 500m 이내 대기 배출업소 1곳, 최근접 배출원 329m",,False,해당 시설 유형에 인원 자료 없음,산업·배출시설 공간 노출도,v4 (배출원: 전국 등록공장현황 2024-12-31 반영 5개 구 전역 + 배출업소·폐기물 v2 override 판 / 취약시설: 어린이집·경로당·지역아동센터 + 장애인복지관). geo_level=point 한정
SC0521,교동경로당,경로당,senior_center,4812532000,진동면,마산합포구,35.1174445938579,128.500996257639,73.0,73.0,1,1,4,1,1,5,0,0,1,0,0,0,0,1.0,1.0,1.25,2.0,0.0,1307.4,174.39,993,1435,442,scenario_stable_non_high,other,"300m 이내 배출원 위치 1개, 500m 이내 배출원 위치 1개, 최근접 배출원 73m",,False,해당 시설 유형에 인원 자료 없음,산업·배출시설 공간 노출도,v4 (배출원: 전국 등록공장현황 2024-12-31 반영 5개 구 전역 + 배출업소·폐기물 v2 override 판 / 취약시설: 어린이집·경로당·지역아동센터 + 장애인복지관). geo_level=point 한정
SC0522,입곡경로당,경로당,senior_center,4812532000,진동면,마산합포구,35.1361986126391,128.517688047393,489.4,489.4,0,2,3,0,2,3,1,1,1,0,0,0,1,,1.0,1.0,2.0,0.0,1441.7,19.42,1400,1469,69,scenario_stable_non_high,other,"500m 이내 배출원 위치 2개, 500m 이내 대기 배출업소 1곳, 최근접 배출원 489m",,False,해당 시설 유형에 인원 자료 없음,산업·배출시설 공간 노출도,v4 (배출원: 전국 등록공장현황 2024-12-31 반영 5개 구 전역 + 배출업소·폐기물 v2 override 판 / 취약시설: 어린이집·경로당·지역아동센터 + 장애인복지관). geo_level=point 한정
SC0523,죽전남성경로당,경로당,senior_center,4812532000,진동면,마산합포구,35.1063664751375,128.47798160089,266.2,266.2,1,2,8,1,2,9,0,0,0,0,0,0,2,1.0,1.0,1.125,2.0,0.0,1317.8,31.42,1256,1361,105,scenario_stable_non_high,other,"300m 이내 배출원 위치 1개, 500m 이내 배출원 위치 2개, 최근접 배출원 266m",,False,해당 시설 유형에 인원 자료 없음,산업·배출시설 공간 노출도,v4 (배출원: 전국 등록공장현황 2024-12-31 반영 5개 구 전역 + 배출업소·폐기물 v2 override 판 / 취약시설: 어린이집·경로당·지역아동센터 + 장애인복지관). geo_level=point 한정
SC0524,죽전여성경로당,경로당,senior_center,4812532000,진동면,마산합포구,35.1063664751375,128.47798160089,266.2,266.2,1,2,8,1,2,9,0,0,0,0,0,0,2,1.0,1.0,1.125,2.0,0.0,1317.8,31.42,1256,1361,105,scenario_stable_non_high,other,"300m 이내 배출원 위치 1개, 500m 이내 배출원 위치 2개, 최근접 배출원 266m",,False,해당 시설 유형에 인원 자료 없음,산업·배출시설 공간 노출도,v4 (배출원: 전국 등록공장현황 2024-12-31 반영 5개 구 전역 + 배출업소·폐기물 v2 override 판 / 취약시설: 어린이집·경로당·지역아동센터 + 장애인복지관). geo_level=point 한정
SC0525,신기경로당,경로당,senior_center,4812532000,진동면,마산합포구,35.1118973376864,128.475512659047,186.8,186.8,3,4,13,3,4,14,0,1,0,0,0,0,3,1.0,1.0,1.077,2.0,0.0,1011.0,92.86,839,1128,289,scenario_stable_non_high,other,"300m 이내 배출원 위치 3개, 500m 이내 배출원 위치 4개, 최근접 배출원 187m",,False,해당 시설 유형에 인원 자료 없음,산업·배출시설 공간 노출도,v4 (배출원: 전국 등록공장현황 2024-12-31 반영 5개 구 전역 + 배출업소·폐기물 v2 override 판 / 취약시설: 어린이집·경로당·지역아동센터 + 장애인복지관). geo_level=point 한정
SC0526,성산남자경로당,경로당,senior_center,4812532000,진동면,마산합포구,35.1151912412353,128.489162528953,366.6,366.6,0,2,7,0,3,9,1,1,1,0,0,0,0,,1.5,1.286,2.0,0.0,1327.9,21.79,1287,1367,80,scenario_stable_non_high,other,"500m 이내 배출원 위치 2개, 500m 이내 대기 배출업소 1곳, 최근접 배출원 367m",,False,해당 시설 유형에 인원 자료 없음,산업·배출시설 공간 노출도,v4 (배출원: 전국 등록공장현황 2024-12-31 반영 5개 구 전역 + 배출업소·폐기물 v2 override 판 / 취약시설: 어린이집·경로당·지역아동센터 + 장애인복지관). geo_level=point 한정
SC0527,성산여자경로당,경로당,senior_center,4812532000,진동면,마산합포구,35.1151912412353,128.489162528953,366.6,366.6,0,2,7,0,3,9,1,1,1,0,0,0,0,,1.5,1.286,2.0,0.0,1327.9,21.79,1287,1367,80,scenario_stable_non_high,other,"500m 이내 배출원 위치 2개, 500m 이내 대기 배출업소 1곳, 최근접 배출원 367m",,False,해당 시설 유형에 인원 자료 없음,산업·배출시설 공간 노출도,v4 (배출원: 전국 등록공장현황 2024-12-31 반영 5개 구 전역 + 배출업소·폐기물 v2 override 판 / 취약시설: 어린이집·경로당·지역아동센터 + 장애인복지관). geo_level=point 한정
SC0528,혜창아파트경로당,경로당,senior_center,4812532000,진동면,마산합포구,35.1116497961331,128.490931161751,176.7,178.7,1,2,6,2,3,8,1,1,2,1,0,0,1,2.0,1.5,1.333,2.0,0.0,1159.7,119.82,931,1283,352,scenario_stable_non_high,other,"300m 이내 배출원 위치 1개, 500m 이내 배출원 위치 2개, 500m 이내 대기 배출업소 1곳, 최근접 배출원 177m",,False,해당 시설 유형에 인원 자료 없음,산업·배출시설 공간 노출도,v4 (배출원: 전국 등록공장현황 2024-12-31 반영 5개 구 전역 + 배출업소·폐기물 v2 override 판 / 취약시설: 어린이집·경로당·지역아동센터 + 장애인복지관). geo_level=point 한정
SC0529,장기경로당,경로당,senior_center,4812532000,진동면,마산합포구,35.0996219474402,128.476635332779,492.2,492.2,0,1,4,0,1,4,0,0,0,0,0,0,1,,1.0,1.0,2.0,0.0,1450.7,13.93,1431,1476,45,scenario_stable_non_high,other,"500m 이내 배출원 위치 1개, 최근접 배출원 492m",,False,해당 시설 유형에 인원 자료 없음,산업·배출시설 공간 노출도,v4 (배출원: 전국 등록공장현황 2024-12-31 반영 5개 구 전역 + 배출업소·폐기물 v2 override 판 / 취약시설: 어린이집·경로당·지역아동센터 + 장애인복지관). geo_level=point 한정
SC0530,건우아파트경로당,경로당,senior_center,4812532000,진동면,마산합포구,35.1103592515322,128.483757956175,216.8,216.8,1,1,12,2,2,14,0,1,1,0,0,0,1,2.0,2.0,1.167,2.0,0.0,1213.2,14.98,1185,1239,54,scenario_stable_non_high,other,"300m 이내 배출원 위치 1개, 500m 이내 배출원 위치 1개, 최근접 배출원 217m",,False,해당 시설 유형에 인원 자료 없음,산업·배출시설 공간 노출도,v4 (배출원: 전국 등록공장현황 2024-12-31 반영 5개 구 전역 + 배출업소·폐기물 v2 override 판 / 취약시설: 어린이집·경로당·지역아동센터 + 장애인복지관). geo_level=point 한정
SC0531,사동1구경로당,경로당,senior_center,4812532000,진동면,마산합포구,35.11877936603,128.480805442935,390.7,390.7,0,1,13,0,1,13,1,0,0,0,0,0,0,,1.0,1.0,2.0,0.0,1281.1,37.83,1213,1349,136,scenario_stable_non_high,other,"500m 이내 배출원 위치 1개, 500m 이내 대기 배출업소 1곳, 최근접 배출원 391m",,False,해당 시설 유형에 인원 자료 없음,산업·배출시설 공간 노출도,v4 (배출원: 전국 등록공장현황 2024-12-31 반영 5개 구 전역 + 배출업소·폐기물 v2 override 판 / 취약시설: 어린이집·경로당·지역아동센터 + 장애인복지관). geo_level=point 한정
SC0532,동전경로당,경로당,senior_center,4812532000,진동면,마산합포구,35.1595294174722,128.517950609284,1392.5,1392.5,0,0,0,0,0,0,0,0,0,0,0,0,0,,,,2.0,0.0,1584.0,0.0,1584,1584,0,scenario_stable_non_high,other,"1km 이내 배출원 없음 (최근접 1,392m)",,False,해당 시설 유형에 인원 자료 없음,산업·배출시설 공간 노출도,v4 (배출원: 전국 등록공장현황 2024-12-31 반영 5개 구 전역 + 배출업소·폐기물 v2 override 판 / 취약시설: 어린이집·경로당·지역아동센터 + 장애인복지관). geo_level=point 한정
SC0533,묵지경로당,경로당,senior_center,4812532000,진동면,마산합포구,35.1597502964566,128.529493832841,1412.0,1412.0,0,0,0,0,0,0,0,0,0,0,0,0,0,,,,2.0,0.0,1584.0,0.0,1584,1584,0,scenario_stable_non_high,other,"1km 이내 배출원 없음 (최근접 1,412m)",,False,해당 시설 유형에 인원 자료 없음,산업·배출시설 공간 노출도,v4 (배출원: 전국 등록공장현황 2024-12-31 반영 5개 구 전역 + 배출업소·폐기물 v2 override 판 / 취약시설: 어린이집·경로당·지역아동센터 + 장애인복지관). geo_level=point 한정
SC0534,새모실경로당,경로당,senior_center,4812532000,진동면,마산합포구,35.1527128953363,128.516726404868,818.5,818.5,0,0,7,0,0,9,0,0,0,0,0,0,0,,,1.286,2.0,0.0,1502.2,31.93,1454,1543,89,scenario_stable_non_high,other,1km 이내 배출원 없음 (최근접 818m),,False,해당 시설 유형에 인원 자료 없음,산업·배출시설 공간 노출도,v4 (배출원: 전국 등록공장현황 2024-12-31 반영 5개 구 전역 + 배출업소·폐기물 v2 override 판 / 취약시설: 어린이집·경로당·지역아동센터 + 장애인복지관). geo_level=point 한정
SC0535,오산경로당,경로당,senior_center,4812532000,진동면,마산합포구,35.1417192415431,128.505937841161,92.7,92.7,4,9,26,4,9,31,1,1,0,0,0,0,7,1.0,1.0,1.192,2.0,0.0,616.5,44.43,547,695,148,scenario_stable_non_high,other,"300m 이내 배출원 위치 4개, 500m 이내 배출원 위치 9개, 500m 이내 대기 배출업소 1곳, 최근접 배출원 93m",,False,해당 시설 유형에 인원 자료 없음,산업·배출시설 공간 노출도,v4 (배출원: 전국 등록공장현황 2024-12-31 반영 5개 구 전역 + 배출업소·폐기물 v2 override 판 / 취약시설: 어린이집·경로당·지역아동센터 + 장애인복지관). geo_level=point 한정
SC0536,태봉경로당,경로당,senior_center,4812532000,진동면,마산합포구,35.1471213370323,128.509640810675,134.5,134.5,10,13,17,12,15,19,1,1,2,0,0,0,11,1.2,1.154,1.118,2.0,0.0,577.5,110.22,395,756,361,scenario_stable_non_high,other,"300m 이내 배출원 위치 10개, 500m 이내 배출원 위치 13개, 500m 이내 대기 배출업소 1곳, 최근접 배출원 134m",,False,해당 시설 유형에 인원 자료 없음,산업·배출시설 공간 노출도,v4 (배출원: 전국 등록공장현황 2024-12-31 반영 5개 구 전역 + 배출업소·폐기물 v2 override 판 / 취약시설: 어린이집·경로당·지역아동센터 + 장애인복지관). geo_level=point 한정
SC0537,다구경로당,경로당,senior_center,4812532000,진동면,마산합포구,35.1075359185424,128.520219567079,140.4,140.4,1,2,2,1,2,2,0,1,1,1,0,0,1,1.0,1.0,1.0,2.0,0.0,1221.8,198.76,872,1392,520,scenario_stable_non_high,other,"300m 이내 배출원 위치 1개, 500m 이내 배출원 위치 2개, 최근접 배출원 140m",,False,해당 시설 유형에 인원 자료 없음,산업·배출시설 공간 노출도,v4 (배출원: 전국 등록공장현황 2024-12-31 반영 5개 구 전역 + 배출업소·폐기물 v2 override 판 / 취약시설: 어린이집·경로당·지역아동센터 + 장애인복지관). geo_level=point 한정
SC0538,야촌경로당,경로당,senior_center,4812532000,진동면,마산합포구,35.1191433630586,128.494982315097,545.9,545.9,0,0,6,0,0,7,0,0,0,0,0,0,0,,,1.167,2.0,0.0,1444.6,17.48,1412,1475,63,scenario_stable_non_high,other,1km 이내 배출원 없음 (최근접 546m),,False,해당 시설 유형에 인원 자료 없음,산업·배출시설 공간 노출도,v4 (배출원: 전국 등록공장현황 2024-12-31 반영 5개 구 전역 + 배출업소·폐기물 v2 override 판 / 취약시설: 어린이집·경로당·지역아동센터 + 장애인복지관). geo_level=point 한정
SC0539,도만경로당,경로당,senior_center,4812532000,진동면,마산합포구,35.1187628407804,128.531283708579,504.0,504.0,0,0,1,0,0,1,0,0,0,0,0,0,0,,,1.0,2.0,0.0,1536.0,16.25,1504,1551,47,scenario_stable_non_high,other,1km 이내 배출원 없음 (최근접 504m),,False,해당 시설 유형에 인원 자료 없음,산업·배출시설 공간 노출도,v4 (배출원: 전국 등록공장현황 2024-12-31 반영 5개 구 전역 + 배출업소·폐기물 v2 override 판 / 취약시설: 어린이집·경로당·지역아동센터 + 장애인복지관). geo_level=point 한정
SC0540,요장1구 경로당,경로당,senior_center,4812532000,진동면,마산합포구,35.1113376651453,128.493356188264,143.3,143.3,1,3,6,2,4,8,1,1,2,1,0,0,2,2.0,1.333,1.333,2.0,0.0,1164.3,134.78,896,1312,416,scenario_stable_non_high,other,"300m 이내 배출원 위치 1개, 500m 이내 배출원 위치 3개, 500m 이내 대기 배출업소 1곳, 최근접 배출원 143m",,False,해당 시설 유형에 인원 자료 없음,산업·배출시설 공간 노출도,v4 (배출원: 전국 등록공장현황 2024-12-31 반영 5개 구 전역 + 배출업소·폐기물 v2 override 판 / 취약시설: 어린이집·경로당·지역아동센터 + 장애인복지관). geo_level=point 한정
SC0541,주도경로당,경로당,senior_center,4812532000,진동면,마산합포구,35.0998376470048,128.50483337783,211.9,211.9,1,1,4,1,1,4,0,0,0,0,0,0,1,1.0,1.0,1.0,2.0,0.0,1398.3,70.96,1261,1464,203,scenario_stable_non_high,other,"300m 이내 배출원 위치 1개, 500m 이내 배출원 위치 1개, 최근접 배출원 212m",,False,해당 시설 유형에 인원 자료 없음,산업·배출시설 공간 노출도,v4 (배출원: 전국 등록공장현황 2024-12-31 반영 5개 구 전역 + 배출업소·폐기물 v2 override 판 / 취약시설: 어린이집·경로당·지역아동센터 + 장애인복지관). geo_level=point 한정
SC0542,동촌2구경로당,경로당,senior_center,4812532000,진동면,마산합포구,35.1116374777265,128.486482325699,232.9,232.9,1,3,9,2,4,11,0,3,2,1,0,0,2,2.0,1.333,1.222,2.0,0.0,1188.2,30.51,1128,1240,112,scenario_stable_non_high,other,"300m 이내 배출원 위치 1개, 500m 이내 배출원 위치 3개, 최근접 배출원 233m",,False,해당 시설 유형에 인원 자료 없음,산업·배출시설 공간 노출도,v4 (배출원: 전국 등록공장현황 2024-12-31 반영 5개 구 전역 + 배출업소·폐기물 v2 override 판 / 취약시설: 어린이집·경로당·지역아동센터 + 장애인복지관). geo_level=point 한정
SC0543,한일유엔아이아파트경로당,경로당,senior_center,4812532000,진동면,마산합포구,35.1213926238899,128.488555381395,284.5,284.5,1,2,9,1,2,9,1,1,0,0,0,0,0,1.0,1.0,1.0,2.0,0.0,1276.4,18.95,1231,1310,79,scenario_stable_non_high,other,"300m 이내 배출원 위치 1개, 500m 이내 배출원 위치 2개, 500m 이내 대기 배출업소 1곳, 최근접 배출원 284m",,False,해당 시설 유형에 인원 자료 없음,산업·배출시설 공간 노출도,v4 (배출원: 전국 등록공장현황 2024-12-31 반영 5개 구 전역 + 배출업소·폐기물 v2 override 판 / 취약시설: 어린이집·경로당·지역아동센터 + 장애인복지관). geo_level=point 한정
SC0544,양도경로당,경로당,senior_center,4812532000,진동면,마산합포구,35.0816989456876,128.491474964018,2250.6,2250.6,0,0,0,0,0,0,0,0,0,0,0,0,0,,,,2.0,0.0,1584.0,0.0,1584,1584,0,scenario_stable_non_high,other,"1km 이내 배출원 없음 (최근접 2,251m)",,False,해당 시설 유형에 인원 자료 없음,산업·배출시설 공간 노출도,v4 (배출원: 전국 등록공장현황 2024-12-31 반영 5개 구 전역 + 배출업소·폐기물 v2 override 판 / 취약시설: 어린이집·경로당·지역아동센터 + 장애인복지관). geo_level=point 한정
SC0545,협성엠파이어아파트경로당,경로당,senior_center,4812532000,진동면,마산합포구,35.1209867504771,128.487493962711,318.3,318.3,0,2,9,0,2,9,1,1,0,0,0,0,0,,1.0,1.0,2.0,0.0,1286.6,19.01,1261,1329,68,scenario_stable_non_high,other,"500m 이내 배출원 위치 2개, 500m 이내 대기 배출업소 1곳, 최근접 배출원 318m",,False,해당 시설 유형에 인원 자료 없음,산업·배출시설 공간 노출도,v4 (배출원: 전국 등록공장현황 2024-12-31 반영 5개 구 전역 + 배출업소·폐기물 v2 override 판 / 취약시설: 어린이집·경로당·지역아동센터 + 장애인복지관). geo_level=point 한정
SC0546,동촌3구경로당,경로당,senior_center,4812532000,진동면,마산합포구,35.1116089906834,128.488436301534,319.6,319.6,0,3,7,0,5,9,1,2,3,1,0,0,2,,1.667,1.286,2.0,0.0,1204.1,53.8,1108,1289,181,scenario_stable_non_high,other,"500m 이내 배출원 위치 3개, 500m 이내 대기 배출업소 1곳, 최근접 배출원 320m",,False,해당 시설 유형에 인원 자료 없음,산업·배출시설 공간 노출도,v4 (배출원: 전국 등록공장현황 2024-12-31 반영 5개 구 전역 + 배출업소·폐기물 v2 override 판 / 취약시설: 어린이집·경로당·지역아동센터 + 장애인복지관). geo_level=point 한정
SC0547,송도경로당,경로당,senior_center,4812532000,진동면,마산합포구,35.0911208655226,128.490867337371,1292.3,1292.3,0,0,0,0,0,0,0,0,0,0,0,0,0,,,,2.0,0.0,1584.0,0.0,1584,1584,0,scenario_stable_non_high,other,"1km 이내 배출원 없음 (최근접 1,292m)",,False,해당 시설 유형에 인원 자료 없음,산업·배출시설 공간 노출도,v4 (배출원: 전국 등록공장현황 2024-12-31 반영 5개 구 전역 + 배출업소·폐기물 v2 override 판 / 취약시설: 어린이집·경로당·지역아동센터 + 장애인복지관). geo_level=point 한정
SC0548,월영대내경로당,경로당,senior_center,4812553000,월영동,마산합포구,35.1815761338702,128.555886582495,313.0,313.0,0,4,20,0,4,22,3,1,0,3,0,2,0,,1.0,1.1,1.0,0.0,685.4,68.55,573,804,231,scenario_stable_non_high,other,"500m 이내 배출원 위치 4개, 500m 이내 대기 배출업소 3곳, 500m 이내 소각 처리 사업장 2곳, 최근접 배출원 313m",,False,해당 시설 유형에 인원 자료 없음,산업·배출시설 공간 노출도,v4 (배출원: 전국 등록공장현황 2024-12-31 반영 5개 구 전역 + 배출업소·폐기물 v2 override 판 / 취약시설: 어린이집·경로당·지역아동센터 + 장애인복지관). geo_level=point 한정
SC0549,새동네남성경로당,경로당,senior_center,4812553000,월영동,마산합포구,35.1762448108404,128.556175187033,159.9,159.9,1,2,14,1,2,15,0,1,0,1,0,0,0,1.0,1.0,1.071,1.0,0.0,996.7,43.44,914,1052,138,scenario_stable_non_high,other,"300m 이내 배출원 위치 1개, 500m 이내 배출원 위치 2개, 최근접 배출원 160m",,False,해당 시설 유형에 인원 자료 없음,산업·배출시설 공간 노출도,v4 (배출원: 전국 등록공장현황 2024-12-31 반영 5개 구 전역 + 배출업소·폐기물 v2 override 판 / 취약시설: 어린이집·경로당·지역아동센터 + 장애인복지관). geo_level=point 한정
SC0550,새동네여성경로당,경로당,senior_center,4812553000,월영동,마산합포구,35.1762448108404,128.556175187033,159.9,159.9,1,2,14,1,2,15,0,1,0,1,0,0,0,1.0,1.0,1.071,1.0,0.0,996.7,43.44,914,1052,138,scenario_stable_non_high,other,"300m 이내 배출원 위치 1개, 500m 이내 배출원 위치 2개, 최근접 배출원 160m",,False,해당 시설 유형에 인원 자료 없음,산업·배출시설 공간 노출도,v4 (배출원: 전국 등록공장현황 2024-12-31 반영 5개 구 전역 + 배출업소·폐기물 v2 override 판 / 취약시설: 어린이집·경로당·지역아동센터 + 장애인복지관). geo_level=point 한정
SC0551,월영남성경로당,경로당,senior_center,4812553000,월영동,마산합포구,35.1772950522106,128.555787752432,57.3,57.3,1,2,16,1,2,17,0,1,0,1,0,0,0,1.0,1.0,1.062,1.0,0.0,833.7,121.23,603,960,357,scenario_stable_non_high,other,"300m 이내 배출원 위치 1개, 500m 이내 배출원 위치 2개, 최근접 배출원 57m",,False,해당 시설 유형에 인원 자료 없음,산업·배출시설 공간 노출도,v4 (배출원: 전국 등록공장현황 2024-12-31 반영 5개 구 전역 + 배출업소·폐기물 v2 override 판 / 취약시설: 어린이집·경로당·지역아동센터 + 장애인복지관). geo_level=point 한정
SC0552,월영여성경로당,경로당,senior_center,4812553000,월영동,마산합포구,35.1772950522106,128.555787752432,57.3,57.3,1,2,16,1,2,17,0,1,0,1,0,0,0,1.0,1.0,1.062,1.0,0.0,833.7,121.23,603,960,357,scenario_stable_non_high,other,"300m 이내 배출원 위치 1개, 500m 이내 배출원 위치 2개, 최근접 배출원 57m",,False,해당 시설 유형에 인원 자료 없음,산업·배출시설 공간 노출도,v4 (배출원: 전국 등록공장현황 2024-12-31 반영 5개 구 전역 + 배출업소·폐기물 v2 override 판 / 취약시설: 어린이집·경로당·지역아동센터 + 장애인복지관). geo_level=point 한정
SC0553,해운경로당(남자),경로당,senior_center,4812553000,월영동,마산합포구,35.1778493058388,128.563758324427,242.4,242.4,3,12,19,4,13,21,4,7,0,1,0,1,2,1.333,1.083,1.105,1.0,0.0,574.0,30.28,504,643,139,scenario_stable_non_high,other,"300m 이내 배출원 위치 3개, 500m 이내 배출원 위치 12개, 500m 이내 대기 배출업소 4곳, 500m 이내 소각 처리 사업장 1곳, 최근접 배출원 242m",,False,해당 시설 유형에 인원 자료 없음,산업·배출시설 공간 노출도,v4 (배출원: 전국 등록공장현황 2024-12-31 반영 5개 구 전역 + 배출업소·폐기물 v2 override 판 / 취약시설: 어린이집·경로당·지역아동센터 + 장애인복지관). geo_level=point 한정
SC0554,해운경로당(여자),경로당,senior_center,4812553000,월영동,마산합포구,35.1778493058388,128.563758324427,242.4,242.4,3,12,19,4,13,21,4,7,0,1,0,1,2,1.333,1.083,1.105,1.0,0.0,574.0,30.28,504,643,139,scenario_stable_non_high,other,"300m 이내 배출원 위치 3개, 500m 이내 배출원 위치 12개, 500m 이내 대기 배출업소 4곳, 500m 이내 소각 처리 사업장 1곳, 최근접 배출원 242m",,False,해당 시설 유형에 인원 자료 없음,산업·배출시설 공간 노출도,v4 (배출원: 전국 등록공장현황 2024-12-31 반영 5개 구 전역 + 배출업소·폐기물 v2 override 판 / 취약시설: 어린이집·경로당·지역아동센터 + 장애인복지관). geo_level=point 한정
SC0555,대내주공아파트경로당,경로당,senior_center,4812553000,월영동,마산합포구,35.1817136900369,128.558162488243,177.4,177.4,2,9,22,2,10,24,4,5,0,3,0,2,1,1.0,1.111,1.091,1.0,0.0,454.8,41.19,378,551,173,scenario_stable_non_high,other,"300m 이내 배출원 위치 2개, 500m 이내 배출원 위치 9개, 500m 이내 대기 배출업소 4곳, 500m 이내 소각 처리 사업장 2곳, 최근접 배출원 177m",,False,해당 시설 유형에 인원 자료 없음,산업·배출시설 공간 노출도,v4 (배출원: 전국 등록공장현황 2024-12-31 반영 5개 구 전역 + 배출업소·폐기물 v2 override 판 / 취약시설: 어린이집·경로당·지역아동센터 + 장애인복지관). geo_level=point 한정
SC0556,월영라이프경로당,경로당,senior_center,4812553000,월영동,마산합포구,35.1768755777186,128.55503268919,139.2,139.2,1,1,12,1,1,13,0,0,0,1,0,0,0,1.0,1.0,1.083,1.0,0.0,1019.9,74.56,877,1098,221,scenario_stable_non_high,other,"300m 이내 배출원 위치 1개, 500m 이내 배출원 위치 1개, 최근접 배출원 139m",,False,해당 시설 유형에 인원 자료 없음,산업·배출시설 공간 노출도,v4 (배출원: 전국 등록공장현황 2024-12-31 반영 5개 구 전역 + 배출업소·폐기물 v2 override 판 / 취약시설: 어린이집·경로당·지역아동센터 + 장애인복지관). geo_level=point 한정
SC0557,화인아트빌라남자경로당,경로당,senior_center,4812553000,월영동,마산합포구,35.1748130298334,128.55502951587,336.1,336.1,0,1,7,0,1,8,0,0,0,1,0,0,0,,1.0,1.143,1.0,0.0,1318.0,16.89,1281,1352,71,scenario_stable_non_high,other,"500m 이내 배출원 위치 1개, 최근접 배출원 336m",,False,해당 시설 유형에 인원 자료 없음,산업·배출시설 공간 노출도,v4 (배출원: 전국 등록공장현황 2024-12-31 반영 5개 구 전역 + 배출업소·폐기물 v2 override 판 / 취약시설: 어린이집·경로당·지역아동센터 + 장애인복지관). geo_level=point 한정
SC0558,화인아트빌라여자경로당,경로당,senior_center,4812553000,월영동,마산합포구,35.1748130298334,128.55502951587,336.1,336.1,0,1,7,0,1,8,0,0,0,1,0,0,0,,1.0,1.143,1.0,0.0,1318.0,16.89,1281,1352,71,scenario_stable_non_high,other,"500m 이내 배출원 위치 1개, 최근접 배출원 336m",,False,해당 시설 유형에 인원 자료 없음,산업·배출시설 공간 노출도,v4 (배출원: 전국 등록공장현황 2024-12-31 반영 5개 구 전역 + 배출업소·폐기물 v2 override 판 / 취약시설: 어린이집·경로당·지역아동센터 + 장애인복지관). geo_level=point 한정
SC0559,월영SK오션뷰경로당,경로당,senior_center,4812553000,월영동,마산합포구,35.176150905453,128.559467671426,327.1,327.1,0,3,16,0,4,17,1,1,0,1,0,0,1,,1.333,1.062,1.0,0.0,945.0,54.81,847,1022,175,scenario_stable_non_high,other,"500m 이내 배출원 위치 3개, 500m 이내 대기 배출업소 1곳, 최근접 배출원 327m",,False,해당 시설 유형에 인원 자료 없음,산업·배출시설 공간 노출도,v4 (배출원: 전국 등록공장현황 2024-12-31 반영 5개 구 전역 + 배출업소·폐기물 v2 override 판 / 취약시설: 어린이집·경로당·지역아동센터 + 장애인복지관). geo_level=point 한정
SC0560,두산1차아파트남자경로당,경로당,senior_center,4812553000,월영동,마산합포구,35.178628368348,128.561954494169,134.4,134.4,7,12,21,8,13,23,3,8,0,1,0,1,2,1.143,1.083,1.095,1.0,0.0,401.5,75.07,247,515,268,scenario_stable_non_high,other,"300m 이내 배출원 위치 7개, 500m 이내 배출원 위치 12개, 500m 이내 대기 배출업소 3곳, 500m 이내 소각 처리 사업장 1곳, 최근접 배출원 134m",,False,해당 시설 유형에 인원 자료 없음,산업·배출시설 공간 노출도,v4 (배출원: 전국 등록공장현황 2024-12-31 반영 5개 구 전역 + 배출업소·폐기물 v2 override 판 / 취약시설: 어린이집·경로당·지역아동센터 + 장애인복지관). geo_level=point 한정
SC0561,두산1차아파트여자경로당,경로당,senior_center,4812553000,월영동,마산합포구,35.178628368348,128.561954494169,134.4,134.4,7,12,21,8,13,23,3,8,0,1,0,1,2,1.143,1.083,1.095,1.0,0.0,401.5,75.07,247,515,268,scenario_stable_non_high,other,"300m 이내 배출원 위치 7개, 500m 이내 배출원 위치 12개, 500m 이내 대기 배출업소 3곳, 500m 이내 소각 처리 사업장 1곳, 최근접 배출원 134m",,False,해당 시설 유형에 인원 자료 없음,산업·배출시설 공간 노출도,v4 (배출원: 전국 등록공장현황 2024-12-31 반영 5개 구 전역 + 배출업소·폐기물 v2 override 판 / 취약시설: 어린이집·경로당·지역아동센터 + 장애인복지관). geo_level=point 한정
SC0563,평화골든타워경로당,경로당,senior_center,4812553000,월영동,마산합포구,35.1779010345969,128.565983314037,207.2,207.2,1,9,17,1,10,18,2,6,0,0,0,0,2,1.0,1.111,1.059,1.0,0.0,670.3,44.63,598,758,160,scenario_stable_non_high,other,"300m 이내 배출원 위치 1개, 500m 이내 배출원 위치 9개, 500m 이내 대기 배출업소 2곳, 최근접 배출원 207m",,False,해당 시설 유형에 인원 자료 없음,산업·배출시설 공간 노출도,v4 (배출원: 전국 등록공장현황 2024-12-31 반영 5개 구 전역 + 배출업소·폐기물 v2 override 판 / 취약시설: 어린이집·경로당·지역아동센터 + 장애인복지관). geo_level=point 한정
SC0564,한일비치맨션경로당,경로당,senior_center,4812553000,월영동,마산합포구,35.1778280700285,128.567011641805,150.9,150.9,1,8,17,1,9,18,2,5,0,0,0,0,2,1.0,1.125,1.059,1.0,0.0,693.5,56.27,580,789,209,scenario_stable_non_high,other,"300m 이내 배출원 위치 1개, 500m 이내 배출원 위치 8개, 500m 이내 대기 배출업소 2곳, 최근접 배출원 151m",,False,해당 시설 유형에 인원 자료 없음,산업·배출시설 공간 노출도,v4 (배출원: 전국 등록공장현황 2024-12-31 반영 5개 구 전역 + 배출업소·폐기물 v2 override 판 / 취약시설: 어린이집·경로당·지역아동센터 + 장애인복지관). geo_level=point 한정
SC0565,해오름아파트경로당,경로당,senior_center,4812553000,월영동,마산합포구,35.1791687502536,128.566211145379,223.9,223.9,5,10,20,5,11,22,2,7,0,0,0,0,2,1.0,1.1,1.1,1.0,0.0,573.0,30.3,526,639,113,scenario_stable_non_high,other,"300m 이내 배출원 위치 5개, 500m 이내 배출원 위치 10개, 500m 이내 대기 배출업소 2곳, 최근접 배출원 224m",,False,해당 시설 유형에 인원 자료 없음,산업·배출시설 공간 노출도,v4 (배출원: 전국 등록공장현황 2024-12-31 반영 5개 구 전역 + 배출업소·폐기물 v2 override 판 / 취약시설: 어린이집·경로당·지역아동센터 + 장애인복지관). geo_level=point 한정
SC0566,두산2차아파트남성경로당,경로당,senior_center,4812553000,월영동,마산합포구,35.1784781581827,128.564500658938,208.8,208.8,7,12,19,8,13,21,3,8,0,1,0,1,2,1.143,1.083,1.105,1.0,0.0,495.6,53.35,410,615,205,scenario_stable_non_high,other,"300m 이내 배출원 위치 7개, 500m 이내 배출원 위치 12개, 500m 이내 대기 배출업소 3곳, 500m 이내 소각 처리 사업장 1곳, 최근접 배출원 209m",,False,해당 시설 유형에 인원 자료 없음,산업·배출시설 공간 노출도,v4 (배출원: 전국 등록공장현황 2024-12-31 반영 5개 구 전역 + 배출업소·폐기물 v2 override 판 / 취약시설: 어린이집·경로당·지역아동센터 + 장애인복지관). geo_level=point 한정
SC0567,두산2차아파트여성경로당,경로당,senior_center,4812553000,월영동,마산합포구,35.1784781581827,128.564500658938,208.8,208.8,7,12,19,8,13,21,3,8,0,1,0,1,2,1.143,1.083,1.105,1.0,0.0,495.6,53.35,410,615,205,scenario_stable_non_high,other,"300m 이내 배출원 위치 7개, 500m 이내 배출원 위치 12개, 500m 이내 대기 배출업소 3곳, 500m 이내 소각 처리 사업장 1곳, 최근접 배출원 209m",,False,해당 시설 유형에 인원 자료 없음,산업·배출시설 공간 노출도,v4 (배출원: 전국 등록공장현황 2024-12-31 반영 5개 구 전역 + 배출업소·폐기물 v2 override 판 / 취약시설: 어린이집·경로당·지역아동센터 + 장애인복지관). geo_level=point 한정
SC0568,두산3차아파트남성경로당,경로당,senior_center,4812553000,월영동,마산합포구,35.1792008719875,128.565490358495,179.2,179.2,7,12,20,8,13,22,3,8,0,1,0,1,2,1.143,1.083,1.1,1.0,0.0,474.8,60.23,373,594,221,scenario_stable_non_high,other,"300m 이내 배출원 위치 7개, 500m 이내 배출원 위치 12개, 500m 이내 대기 배출업소 3곳, 500m 이내 소각 처리 사업장 1곳, 최근접 배출원 179m",,False,해당 시설 유형에 인원 자료 없음,산업·배출시설 공간 노출도,v4 (배출원: 전국 등록공장현황 2024-12-31 반영 5개 구 전역 + 배출업소·폐기물 v2 override 판 / 취약시설: 어린이집·경로당·지역아동센터 + 장애인복지관). geo_level=point 한정
SC0569,두산3차아파트여성경로당,경로당,senior_center,4812553000,월영동,마산합포구,35.1792008719875,128.565490358495,179.2,179.2,7,12,20,8,13,22,3,8,0,1,0,1,2,1.143,1.083,1.1,1.0,0.0,474.8,60.23,373,594,221,scenario_stable_non_high,other,"300m 이내 배출원 위치 7개, 500m 이내 배출원 위치 12개, 500m 이내 대기 배출업소 3곳, 500m 이내 소각 처리 사업장 1곳, 최근접 배출원 179m",,False,해당 시설 유형에 인원 자료 없음,산업·배출시설 공간 노출도,v4 (배출원: 전국 등록공장현황 2024-12-31 반영 5개 구 전역 + 배출업소·폐기물 v2 override 판 / 취약시설: 어린이집·경로당·지역아동센터 + 장애인복지관). geo_level=point 한정
SC0571,경민시티빌경로당,경로당,senior_center,4812553000,월영동,마산합포구,35.1841258523801,128.563428603293,198.8,198.8,4,17,25,5,19,27,4,13,0,2,0,2,2,1.25,1.118,1.08,1.0,0.0,346.7,33.02,276,398,122,scenario_stable_non_high,other,"300m 이내 배출원 위치 4개, 500m 이내 배출원 위치 17개, 500m 이내 대기 배출업소 4곳, 500m 이내 소각 처리 사업장 2곳, 최근접 배출원 199m",,False,해당 시설 유형에 인원 자료 없음,산업·배출시설 공간 노출도,v4 (배출원: 전국 등록공장현황 2024-12-31 반영 5개 구 전역 + 배출업소·폐기물 v2 override 판 / 취약시설: 어린이집·경로당·지역아동센터 + 장애인복지관). geo_level=point 한정
SC0572,해운동성아파트경로당,경로당,senior_center,4812553000,월영동,마산합포구,35.1831335933829,128.563888542232,81.7,81.7,6,16,25,6,18,27,4,12,0,2,0,2,2,1.0,1.125,1.08,1.0,0.0,337.4,33.16,271,405,134,scenario_stable_non_high,other,"300m 이내 배출원 위치 6개, 500m 이내 배출원 위치 16개, 500m 이내 대기 배출업소 4곳, 500m 이내 소각 처리 사업장 2곳, 최근접 배출원 82m",,False,해당 시설 유형에 인원 자료 없음,산업·배출시설 공간 노출도,v4 (배출원: 전국 등록공장현황 2024-12-31 반영 5개 구 전역 + 배출업소·폐기물 v2 override 판 / 취약시설: 어린이집·경로당·지역아동센터 + 장애인복지관). geo_level=point 한정
SC0573,동아1차아파트경로당,경로당,senior_center,4812553000,월영동,마산합포구,35.1750956172328,128.559406352535,409.8,409.8,0,2,15,0,2,17,0,1,0,1,0,0,0,,1.0,1.133,1.0,0.0,1089.3,80.0,967,1218,251,scenario_stable_non_high,other,"500m 이내 배출원 위치 2개, 최근접 배출원 410m",,False,해당 시설 유형에 인원 자료 없음,산업·배출시설 공간 노출도,v4 (배출원: 전국 등록공장현황 2024-12-31 반영 5개 구 전역 + 배출업소·폐기물 v2 override 판 / 취약시설: 어린이집·경로당·지역아동센터 + 장애인복지관). geo_level=point 한정
SC0574,대동아파트경로당,경로당,senior_center,4812553000,월영동,마산합포구,35.1748577362664,128.558562557381,380.5,380.5,0,2,15,0,2,17,0,1,0,1,0,0,0,,1.0,1.133,1.0,0.0,1119.2,80.4,1015,1252,237,scenario_stable_non_high,other,"500m 이내 배출원 위치 2개, 최근접 배출원 380m",,False,해당 시설 유형에 인원 자료 없음,산업·배출시설 공간 노출도,v4 (배출원: 전국 등록공장현황 2024-12-31 반영 5개 구 전역 + 배출업소·폐기물 v2 override 판 / 취약시설: 어린이집·경로당·지역아동센터 + 장애인복지관). geo_level=point 한정
SC0575,월영현대아파트경로당,경로당,senior_center,4812553000,월영동,마산합포구,35.1743188737736,128.557309207297,387.0,387.0,0,1,12,0,1,13,0,0,0,1,0,0,0,,1.0,1.083,1.0,0.0,1233.4,65.0,1149,1337,188,scenario_stable_non_high,other,"500m 이내 배출원 위치 1개, 최근접 배출원 387m",,False,해당 시설 유형에 인원 자료 없음,산업·배출시설 공간 노출도,v4 (배출원: 전국 등록공장현황 2024-12-31 반영 5개 구 전역 + 배출업소·폐기물 v2 override 판 / 취약시설: 어린이집·경로당·지역아동센터 + 장애인복지관). geo_level=point 한정
SC0576,현대산업1차아파트경로당,경로당,senior_center,4812553000,월영동,마산합포구,35.1737034856024,128.55811640338,475.1,475.1,0,1,13,0,1,15,0,0,0,1,0,0,0,,1.0,1.154,1.0,0.0,1236.2,105.04,1099,1392,293,scenario_stable_non_high,other,"500m 이내 배출원 위치 1개, 최근접 배출원 475m",,False,해당 시설 유형에 인원 자료 없음,산업·배출시설 공간 노출도,v4 (배출원: 전국 등록공장현황 2024-12-31 반영 5개 구 전역 + 배출업소·폐기물 v2 override 판 / 취약시설: 어린이집·경로당·지역아동센터 + 장애인복지관). geo_level=point 한정
SC0577,동아2차아파트남성경로당,경로당,senior_center,4812553000,월영동,마산합포구,35.1725765366856,128.559197331369,629.3,629.3,0,0,13,0,0,15,0,0,0,0,0,0,0,,,1.154,1.0,0.0,1286.3,110.19,1149,1448,299,scenario_stable_non_high,other,1km 이내 배출원 없음 (최근접 629m),,False,해당 시설 유형에 인원 자료 없음,산업·배출시설 공간 노출도,v4 (배출원: 전국 등록공장현황 2024-12-31 반영 5개 구 전역 + 배출업소·폐기물 v2 override 판 / 취약시설: 어린이집·경로당·지역아동센터 + 장애인복지관). geo_level=point 한정
SC0578,동아2차아파트여성경로당,경로당,senior_center,4812553000,월영동,마산합포구,35.1725765366856,128.559197331369,629.3,629.3,0,0,13,0,0,15,0,0,0,0,0,0,0,,,1.154,1.0,0.0,1286.3,110.19,1149,1448,299,scenario_stable_non_high,other,1km 이내 배출원 없음 (최근접 629m),,False,해당 시설 유형에 인원 자료 없음,산업·배출시설 공간 노출도,v4 (배출원: 전국 등록공장현황 2024-12-31 반영 5개 구 전역 + 배출업소·폐기물 v2 override 판 / 취약시설: 어린이집·경로당·지역아동센터 + 장애인복지관). geo_level=point 한정
SC0579,현대산업2차아파트경로당,경로당,senior_center,4812553000,월영동,마산합포구,35.1712067020332,128.558758810905,704.3,704.3,0,0,6,0,0,7,0,0,0,0,0,0,0,,,1.167,1.0,0.0,1433.9,43.21,1382,1502,120,scenario_stable_non_high,other,1km 이내 배출원 없음 (최근접 704m),,False,해당 시설 유형에 인원 자료 없음,산업·배출시설 공간 노출도,v4 (배출원: 전국 등록공장현황 2024-12-31 반영 5개 구 전역 + 배출업소·폐기물 v2 override 판 / 취약시설: 어린이집·경로당·지역아동센터 + 장애인복지관). geo_level=point 한정
SC0580,월영현대3차경로당,경로당,senior_center,4812553000,월영동,마산합포구,35.1720351723707,128.556919577745,630.4,630.4,0,0,5,0,0,7,0,0,0,0,0,0,0,,,1.4,1.0,0.0,1461.1,28.56,1418,1505,87,scenario_stable_non_high,other,1km 이내 배출원 없음 (최근접 630m),,False,해당 시설 유형에 인원 자료 없음,산업·배출시설 공간 노출도,v4 (배출원: 전국 등록공장현황 2024-12-31 반영 5개 구 전역 + 배출업소·폐기물 v2 override 판 / 취약시설: 어린이집·경로당·지역아동센터 + 장애인복지관). geo_level=point 한정
SC0581,월영새동네경로당,경로당,senior_center,4812553000,월영동,마산합포구,35.1754181358344,128.556964660334,261.1,261.1,1,1,13,1,1,14,0,0,0,1,0,0,0,1.0,1.0,1.077,1.0,0.0,1102.9,21.94,1055,1146,91,scenario_stable_non_high,other,"300m 이내 배출원 위치 1개, 500m 이내 배출원 위치 1개, 최근접 배출원 261m",,False,해당 시설 유형에 인원 자료 없음,산업·배출시설 공간 노출도,v4 (배출원: 전국 등록공장현황 2024-12-31 반영 5개 구 전역 + 배출업소·폐기물 v2 override 판 / 취약시설: 어린이집·경로당·지역아동센터 + 장애인복지관). geo_level=point 한정
SC0582,마린애시앙경로당,경로당,senior_center,4812553000,월영동,마산합포구,35.1750235873689,128.562589220715,481.4,481.4,0,2,17,0,2,19,1,1,0,0,0,0,0,,1.0,1.118,1.0,0.0,994.4,109.99,840,1187,347,scenario_stable_non_high,other,"500m 이내 배출원 위치 2개, 500m 이내 대기 배출업소 1곳, 최근접 배출원 481m",,False,해당 시설 유형에 인원 자료 없음,산업·배출시설 공간 노출도,v4 (배출원: 전국 등록공장현황 2024-12-31 반영 5개 구 전역 + 배출업소·폐기물 v2 override 판 / 취약시설: 어린이집·경로당·지역아동센터 + 장애인복지관). geo_level=point 한정
SC0585,산호중앙경로당,경로당,senior_center,4812565000,산호동,마산합포구,35.2153949331967,128.58159594785,314.3,314.3,0,9,66,0,10,83,0,6,0,0,0,0,4,,1.111,1.258,0.0,0.0,382.5,241.47,184,789,605,scenario_stable_non_high,other,"500m 이내 배출원 위치 9개, 최근접 배출원 314m",,False,해당 시설 유형에 인원 자료 없음,산업·배출시설 공간 노출도,v4 (배출원: 전국 등록공장현황 2024-12-31 반영 5개 구 전역 + 배출업소·폐기물 v2 override 판 / 취약시설: 어린이집·경로당·지역아동센터 + 장애인복지관). geo_level=point 한정
SC0586,산호현대남경로당,경로당,senior_center,4812565000,산호동,마산합포구,35.2170874568806,128.578046568337,63.8,63.8,5,7,44,5,7,53,0,4,0,1,1,0,2,1.0,1.0,1.205,0.0,0.0,366.7,39.39,293,438,145,scenario_stable_non_high,other,"300m 이내 배출원 위치 5개, 500m 이내 배출원 위치 7개, 500m 이내 지정폐기물 배출사업장 1곳, 최근접 배출원 64m",,False,해당 시설 유형에 인원 자료 없음,산업·배출시설 공간 노출도,v4 (배출원: 전국 등록공장현황 2024-12-31 반영 5개 구 전역 + 배출업소·폐기물 v2 override 판 / 취약시설: 어린이집·경로당·지역아동센터 + 장애인복지관). geo_level=point 한정
SC0587,산호현대여경로당,경로당,senior_center,4812565000,산호동,마산합포구,35.2170874568806,128.578046568337,63.8,63.8,5,7,44,5,7,53,0,4,0,1,1,0,2,1.0,1.0,1.205,0.0,0.0,366.7,39.39,293,438,145,scenario_stable_non_high,other,"300m 이내 배출원 위치 5개, 500m 이내 배출원 위치 7개, 500m 이내 지정폐기물 배출사업장 1곳, 최근접 배출원 64m",,False,해당 시설 유형에 인원 자료 없음,산업·배출시설 공간 노출도,v4 (배출원: 전국 등록공장현황 2024-12-31 반영 5개 구 전역 + 배출업소·폐기물 v2 override 판 / 취약시설: 어린이집·경로당·지역아동센터 + 장애인복지관). geo_level=point 한정
SC0594,자산남성경로당,경로당,senior_center,4812558000,자산동,마산합포구,35.2039559729467,128.567615072199,193.6,193.6,5,11,54,15,24,72,1,7,1,0,0,0,15,3.0,2.182,1.333,1.0,0.0,299.3,110.01,189,502,313,scenario_stable_non_high,other,"300m 이내 배출원 위치 5개, 500m 이내 배출원 위치 11개, 500m 이내 대기 배출업소 1곳, 최근접 배출원 194m",,False,해당 시설 유형에 인원 자료 없음,산업·배출시설 공간 노출도,v4 (배출원: 전국 등록공장현황 2024-12-31 반영 5개 구 전역 + 배출업소·폐기물 v2 override 판 / 취약시설: 어린이집·경로당·지역아동센터 + 장애인복지관). geo_level=point 한정
SC0595,자산여성경로당,경로당,senior_center,4812558000,자산동,마산합포구,35.2039559729467,128.567615072199,193.6,193.6,5,11,54,15,24,72,1,7,1,0,0,0,15,3.0,2.182,1.333,1.0,0.0,299.3,110.01,189,502,313,scenario_stable_non_high,other,"300m 이내 배출원 위치 5개, 500m 이내 배출원 위치 11개, 500m 이내 대기 배출업소 1곳, 최근접 배출원 194m",,False,해당 시설 유형에 인원 자료 없음,산업·배출시설 공간 노출도,v4 (배출원: 전국 등록공장현황 2024-12-31 반영 5개 구 전역 + 배출업소·폐기물 v2 override 판 / 취약시설: 어린이집·경로당·지역아동센터 + 장애인복지관). geo_level=point 한정
SC0596,상봉남성경로당,경로당,senior_center,4812558000,자산동,마산합포구,35.2068220388471,128.565125732813,109.8,109.8,1,3,33,1,3,50,0,2,0,0,0,0,1,1.0,1.0,1.515,1.0,0.0,737.7,110.9,589,919,330,scenario_stable_non_high,other,"300m 이내 배출원 위치 1개, 500m 이내 배출원 위치 3개, 최근접 배출원 110m",,False,해당 시설 유형에 인원 자료 없음,산업·배출시설 공간 노출도,v4 (배출원: 전국 등록공장현황 2024-12-31 반영 5개 구 전역 + 배출업소·폐기물 v2 override 판 / 취약시설: 어린이집·경로당·지역아동센터 + 장애인복지관). geo_level=point 한정
SC0597,상봉여성경로당,경로당,senior_center,4812558000,자산동,마산합포구,35.2068220388471,128.565125732813,109.8,109.8,1,3,33,1,3,50,0,2,0,0,0,0,1,1.0,1.0,1.515,1.0,0.0,737.7,110.9,589,919,330,scenario_stable_non_high,other,"300m 이내 배출원 위치 1개, 500m 이내 배출원 위치 3개, 최근접 배출원 110m",,False,해당 시설 유형에 인원 자료 없음,산업·배출시설 공간 노출도,v4 (배출원: 전국 등록공장현황 2024-12-31 반영 5개 구 전역 + 배출업소·폐기물 v2 override 판 / 취약시설: 어린이집·경로당·지역아동센터 + 장애인복지관). geo_level=point 한정
SC0598,학봉남성경로당,경로당,senior_center,4812558000,자산동,마산합포구,35.2038849899995,128.561832059256,163.6,163.6,1,2,24,1,2,38,0,2,0,0,0,0,0,1.0,1.0,1.583,1.0,0.0,906.8,85.43,784,1028,244,scenario_stable_non_high,other,"300m 이내 배출원 위치 1개, 500m 이내 배출원 위치 2개, 최근접 배출원 164m",,False,해당 시설 유형에 인원 자료 없음,산업·배출시설 공간 노출도,v4 (배출원: 전국 등록공장현황 2024-12-31 반영 5개 구 전역 + 배출업소·폐기물 v2 override 판 / 취약시설: 어린이집·경로당·지역아동센터 + 장애인복지관). geo_level=point 한정
SC0599,학봉여성경로당,경로당,senior_center,4812558000,자산동,마산합포구,35.2038849899995,128.561832059256,163.6,163.6,1,2,24,1,2,38,0,2,0,0,0,0,0,1.0,1.0,1.583,1.0,0.0,906.8,85.43,784,1028,244,scenario_stable_non_high,other,"300m 이내 배출원 위치 1개, 500m 이내 배출원 위치 2개, 최근접 배출원 164m",,False,해당 시설 유형에 인원 자료 없음,산업·배출시설 공간 노출도,v4 (배출원: 전국 등록공장현황 2024-12-31 반영 5개 구 전역 + 배출업소·폐기물 v2 override 판 / 취약시설: 어린이집·경로당·지역아동센터 + 장애인복지관). geo_level=point 한정
SC0600,자산아파트경로당,경로당,senior_center,4812558000,자산동,마산합포구,35.2005312902506,128.557782390375,497.1,497.1,0,1,8,0,1,10,0,1,0,0,0,0,0,,1.0,1.25,1.0,0.0,1327.8,56.77,1260,1415,155,scenario_stable_non_high,other,"500m 이내 배출원 위치 1개, 최근접 배출원 497m",,False,해당 시설 유형에 인원 자료 없음,산업·배출시설 공간 노출도,v4 (배출원: 전국 등록공장현황 2024-12-31 반영 5개 구 전역 + 배출업소·폐기물 v2 override 판 / 취약시설: 어린이집·경로당·지역아동센터 + 장애인복지관). geo_level=point 한정
SC0601,우성아파트경로당,경로당,senior_center,4812558000,자산동,마산합포구,35.2034752595126,128.559485210975,156.5,156.5,1,1,10,1,1,12,0,1,0,0,0,0,0,1.0,1.0,1.2,1.0,0.0,1182.9,32.82,1117,1230,113,scenario_stable_non_high,other,"300m 이내 배출원 위치 1개, 500m 이내 배출원 위치 1개, 최근접 배출원 156m",,False,해당 시설 유형에 인원 자료 없음,산업·배출시설 공간 노출도,v4 (배출원: 전국 등록공장현황 2024-12-31 반영 5개 구 전역 + 배출업소·폐기물 v2 override 판 / 취약시설: 어린이집·경로당·지역아동센터 + 장애인복지관). geo_level=point 한정
SC0602,한우아파트1.2동경로당,경로당,senior_center,4812558000,자산동,마산합포구,35.2025370029806,128.559098449823,265.2,265.2,1,1,9,1,1,11,0,1,0,0,0,0,0,1.0,1.0,1.222,1.0,0.0,1240.2,35.95,1181,1297,116,scenario_stable_non_high,other,"300m 이내 배출원 위치 1개, 500m 이내 배출원 위치 1개, 최근접 배출원 265m",,False,해당 시설 유형에 인원 자료 없음,산업·배출시설 공간 노출도,v4 (배출원: 전국 등록공장현황 2024-12-31 반영 5개 구 전역 + 배출업소·폐기물 v2 override 판 / 취약시설: 어린이집·경로당·지역아동센터 + 장애인복지관). geo_level=point 한정
SC0603,한우아파트3.5.6동경로당,경로당,senior_center,4812558000,자산동,마산합포구,35.2020951320956,128.560161213221,289.6,289.6,1,1,14,1,1,26,0,1,0,0,0,0,0,1.0,1.0,1.857,1.0,0.0,1131.8,62.71,1042,1239,197,scenario_stable_non_high,other,"300m 이내 배출원 위치 1개, 500m 이내 배출원 위치 1개, 최근접 배출원 290m",,False,해당 시설 유형에 인원 자료 없음,산업·배출시설 공간 노출도,v4 (배출원: 전국 등록공장현황 2024-12-31 반영 5개 구 전역 + 배출업소·폐기물 v2 override 판 / 취약시설: 어린이집·경로당·지역아동센터 + 장애인복지관). geo_level=point 한정
SC0604,한우아파트9.10동경로당,경로당,senior_center,4812558000,자산동,마산합포구,35.2032964166315,128.560082626445,157.5,157.5,1,1,14,1,1,28,0,1,0,0,0,0,0,1.0,1.0,2.0,1.0,0.0,1114.2,22.82,1081,1166,85,scenario_stable_non_high,other,"300m 이내 배출원 위치 1개, 500m 이내 배출원 위치 1개, 최근접 배출원 158m",,False,해당 시설 유형에 인원 자료 없음,산업·배출시설 공간 노출도,v4 (배출원: 전국 등록공장현황 2024-12-31 반영 5개 구 전역 + 배출업소·폐기물 v2 override 판 / 취약시설: 어린이집·경로당·지역아동센터 + 장애인복지관). geo_level=point 한정
SC0605,한우아파트11.12동경로당,경로당,senior_center,4812558000,자산동,마산합포구,35.2024052708593,128.560586034929,255.7,255.7,1,1,16,1,1,30,0,1,0,0,0,0,0,1.0,1.0,1.875,1.0,0.0,1065.2,74.71,957,1189,232,scenario_stable_non_high,other,"300m 이내 배출원 위치 1개, 500m 이내 배출원 위치 1개, 최근접 배출원 256m",,False,해당 시설 유형에 인원 자료 없음,산업·배출시설 공간 노출도,v4 (배출원: 전국 등록공장현황 2024-12-31 반영 5개 구 전역 + 배출업소·폐기물 v2 override 판 / 취약시설: 어린이집·경로당·지역아동센터 + 장애인복지관). geo_level=point 한정
SC0606,팔도아파트경로당,경로당,senior_center,4812558000,자산동,마산합포구,35.2068596160491,128.563312670644,55.7,55.7,1,3,20,1,3,34,0,2,0,0,0,0,1,1.0,1.0,1.7,1.0,0.0,913.1,40.48,834,984,150,scenario_stable_non_high,other,"300m 이내 배출원 위치 1개, 500m 이내 배출원 위치 3개, 최근접 배출원 56m",,False,해당 시설 유형에 인원 자료 없음,산업·배출시설 공간 노출도,v4 (배출원: 전국 등록공장현황 2024-12-31 반영 5개 구 전역 + 배출업소·폐기물 v2 override 판 / 취약시설: 어린이집·경로당·지역아동센터 + 장애인복지관). geo_level=point 한정
SC0607,성호남성경로당,경로당,senior_center,4812563000,오동동,마산합포구,35.2085315228684,128.570225665513,192.2,192.2,3,10,41,3,12,57,1,2,0,1,0,1,8,1.0,1.2,1.39,2.0,0.0,456.5,46.32,372,544,172,scenario_stable_non_high,other,"300m 이내 배출원 위치 3개, 500m 이내 배출원 위치 10개, 500m 이내 대기 배출업소 1곳, 500m 이내 소각 처리 사업장 1곳, 최근접 배출원 192m",,False,해당 시설 유형에 인원 자료 없음,산업·배출시설 공간 노출도,v4 (배출원: 전국 등록공장현황 2024-12-31 반영 5개 구 전역 + 배출업소·폐기물 v2 override 판 / 취약시설: 어린이집·경로당·지역아동센터 + 장애인복지관). geo_level=point 한정
SC0608,성호여성경로당,경로당,senior_center,4812563000,오동동,마산합포구,35.2085315228684,128.570225665513,192.2,192.2,3,10,41,3,12,57,1,2,0,1,0,1,8,1.0,1.2,1.39,2.0,0.0,456.5,46.32,372,544,172,scenario_stable_non_high,other,"300m 이내 배출원 위치 3개, 500m 이내 배출원 위치 10개, 500m 이내 대기 배출업소 1곳, 500m 이내 소각 처리 사업장 1곳, 최근접 배출원 192m",,False,해당 시설 유형에 인원 자료 없음,산업·배출시설 공간 노출도,v4 (배출원: 전국 등록공장현황 2024-12-31 반영 5개 구 전역 + 배출업소·폐기물 v2 override 판 / 취약시설: 어린이집·경로당·지역아동센터 + 장애인복지관). geo_level=point 한정
SC0609,추산남성경로당,경로당,senior_center,4812563000,오동동,마산합포구,35.2070829401268,128.569643686822,265.2,265.2,1,11,49,1,23,66,0,4,1,1,0,1,17,1.0,2.091,1.347,2.0,0.0,450.7,133.6,297,688,391,scenario_stable_non_high,other,"300m 이내 배출원 위치 1개, 500m 이내 배출원 위치 11개, 500m 이내 소각 처리 사업장 1곳, 최근접 배출원 265m",,False,해당 시설 유형에 인원 자료 없음,산업·배출시설 공간 노출도,v4 (배출원: 전국 등록공장현황 2024-12-31 반영 5개 구 전역 + 배출업소·폐기물 v2 override 판 / 취약시설: 어린이집·경로당·지역아동센터 + 장애인복지관). geo_level=point 한정
SC0610,추산여성경로당,경로당,senior_center,4812563000,오동동,마산합포구,35.2070829401268,128.569643686822,265.2,265.2,1,11,49,1,23,66,0,4,1,1,0,1,17,1.0,2.091,1.347,2.0,0.0,450.7,133.6,297,688,391,scenario_stable_non_high,other,"300m 이내 배출원 위치 1개, 500m 이내 배출원 위치 11개, 500m 이내 소각 처리 사업장 1곳, 최근접 배출원 265m",,False,해당 시설 유형에 인원 자료 없음,산업·배출시설 공간 노출도,v4 (배출원: 전국 등록공장현황 2024-12-31 반영 5개 구 전역 + 배출업소·폐기물 v2 override 판 / 취약시설: 어린이집·경로당·지역아동센터 + 장애인복지관). geo_level=point 한정
SC0611,신추산남성경로당,경로당,senior_center,4812563000,오동동,마산합포구,35.2094448333855,128.57230196824,103.8,103.8,6,11,39,8,13,55,2,2,0,1,0,1,8,1.333,1.182,1.41,2.0,0.0,355.8,39.66,275,423,148,scenario_stable_non_high,other,"300m 이내 배출원 위치 6개, 500m 이내 배출원 위치 11개, 500m 이내 대기 배출업소 2곳, 500m 이내 소각 처리 사업장 1곳, 최근접 배출원 104m",,False,해당 시설 유형에 인원 자료 없음,산업·배출시설 공간 노출도,v4 (배출원: 전국 등록공장현황 2024-12-31 반영 5개 구 전역 + 배출업소·폐기물 v2 override 판 / 취약시설: 어린이집·경로당·지역아동센터 + 장애인복지관). geo_level=point 한정
SC0612,신추산여성경로당,경로당,senior_center,4812563000,오동동,마산합포구,35.2094448333855,128.57230196824,103.8,103.8,6,11,39,8,13,55,2,2,0,1,0,1,8,1.333,1.182,1.41,2.0,0.0,355.8,39.66,275,423,148,scenario_stable_non_high,other,"300m 이내 배출원 위치 6개, 500m 이내 배출원 위치 11개, 500m 이내 대기 배출업소 2곳, 500m 이내 소각 처리 사업장 1곳, 최근접 배출원 104m",,False,해당 시설 유형에 인원 자료 없음,산업·배출시설 공간 노출도,v4 (배출원: 전국 등록공장현황 2024-12-31 반영 5개 구 전역 + 배출업소·폐기물 v2 override 판 / 취약시설: 어린이집·경로당·지역아동센터 + 장애인복지관). geo_level=point 한정
SC0614,오동동여성경로당,경로당,senior_center,4812563000,오동동,마산합포구,35.2076900731275,128.578061351558,198.2,198.2,2,16,56,2,18,75,1,4,1,3,0,3,11,1.0,1.125,1.339,2.0,0.0,285.1,102.23,180,484,304,scenario_stable_non_high,other,"300m 이내 배출원 위치 2개, 500m 이내 배출원 위치 16개, 500m 이내 대기 배출업소 1곳, 500m 이내 소각 처리 사업장 3곳, 최근접 배출원 198m",,False,해당 시설 유형에 인원 자료 없음,산업·배출시설 공간 노출도,v4 (배출원: 전국 등록공장현황 2024-12-31 반영 5개 구 전역 + 배출업소·폐기물 v2 override 판 / 취약시설: 어린이집·경로당·지역아동센터 + 장애인복지관). geo_level=point 한정
SC0615,중성동여성경로당,경로당,senior_center,4812563000,오동동,마산합포구,35.2094400431907,128.573329585811,92.6,92.6,6,11,46,8,13,64,2,2,0,1,0,1,8,1.333,1.182,1.391,2.0,0.0,294.7,35.2,238,370,132,scenario_stable_non_high,other,"300m 이내 배출원 위치 6개, 500m 이내 배출원 위치 11개, 500m 이내 대기 배출업소 2곳, 500m 이내 소각 처리 사업장 1곳, 최근접 배출원 93m",,False,해당 시설 유형에 인원 자료 없음,산업·배출시설 공간 노출도,v4 (배출원: 전국 등록공장현황 2024-12-31 반영 5개 구 전역 + 배출업소·폐기물 v2 override 판 / 취약시설: 어린이집·경로당·지역아동센터 + 장애인복지관). geo_level=point 한정
SC0627,교방남성경로당,경로당,senior_center,4812561000,교방동,마산합포구,35.214436323197,128.566840083846,454.0,454.0,0,3,19,0,3,21,0,2,0,0,0,0,1,,1.0,1.105,1.0,0.0,1075.4,104.73,935,1250,315,scenario_stable_non_high,other,"500m 이내 배출원 위치 3개, 최근접 배출원 454m",,False,해당 시설 유형에 인원 자료 없음,산업·배출시설 공간 노출도,v4 (배출원: 전국 등록공장현황 2024-12-31 반영 5개 구 전역 + 배출업소·폐기물 v2 override 판 / 취약시설: 어린이집·경로당·지역아동센터 + 장애인복지관). geo_level=point 한정
SC0628,교방여성경로당,경로당,senior_center,4812561000,교방동,마산합포구,35.2136701460043,128.567058606886,383.2,383.2,0,4,21,0,4,23,0,2,0,1,0,1,1,,1.0,1.095,1.0,0.0,985.5,93.06,867,1140,273,scenario_stable_non_high,other,"500m 이내 배출원 위치 4개, 500m 이내 소각 처리 사업장 1곳, 최근접 배출원 383m",,False,해당 시설 유형에 인원 자료 없음,산업·배출시설 공간 노출도,v4 (배출원: 전국 등록공장현황 2024-12-31 반영 5개 구 전역 + 배출업소·폐기물 v2 override 판 / 취약시설: 어린이집·경로당·지역아동센터 + 장애인복지관). geo_level=point 한정
SC0629,교방장수경로당,경로당,senior_center,4812561000,교방동,마산합포구,35.2132960407335,128.564836445008,252.7,252.7,2,3,14,2,3,16,0,2,0,0,0,0,1,1.0,1.0,1.143,1.0,0.0,1090.2,30.48,1023,1127,104,scenario_stable_non_high,other,"300m 이내 배출원 위치 2개, 500m 이내 배출원 위치 3개, 최근접 배출원 253m",,False,해당 시설 유형에 인원 자료 없음,산업·배출시설 공간 노출도,v4 (배출원: 전국 등록공장현황 2024-12-31 반영 5개 구 전역 + 배출업소·폐기물 v2 override 판 / 취약시설: 어린이집·경로당·지역아동센터 + 장애인복지관). geo_level=point 한정
SC0630,무학산블루밍경로당,경로당,senior_center,4812561000,교방동,마산합포구,35.2160780521696,128.562577719698,352.8,352.8,0,1,6,0,1,6,0,1,0,0,0,0,0,,1.0,1.0,1.0,0.0,1370.4,19.46,1308,1399,91,scenario_stable_non_high,other,"500m 이내 배출원 위치 1개, 최근접 배출원 353m",,False,해당 시설 유형에 인원 자료 없음,산업·배출시설 공간 노출도,v4 (배출원: 전국 등록공장현황 2024-12-31 반영 5개 구 전역 + 배출업소·폐기물 v2 override 판 / 취약시설: 어린이집·경로당·지역아동센터 + 장애인복지관). geo_level=point 한정
SC0631,무학자이아파트경로당,경로당,senior_center,4812561000,교방동,마산합포구,35.2150188245066,128.569550591223,426.7,426.7,0,1,22,0,1,24,0,0,0,0,0,0,1,,1.0,1.091,1.0,0.0,980.2,116.35,799,1162,363,scenario_stable_non_high,other,"500m 이내 배출원 위치 1개, 최근접 배출원 427m",,False,해당 시설 유형에 인원 자료 없음,산업·배출시설 공간 노출도,v4 (배출원: 전국 등록공장현황 2024-12-31 반영 5개 구 전역 + 배출업소·폐기물 v2 override 판 / 취약시설: 어린이집·경로당·지역아동센터 + 장애인복지관). geo_level=point 한정
SC0632,북마산남성경로당,경로당,senior_center,4812561000,교방동,마산합포구,35.2144016121669,128.571630822774,258.8,258.8,1,5,25,1,6,27,2,0,0,1,1,0,3,1.0,1.2,1.08,1.0,0.0,767.8,79.73,669,919,250,scenario_stable_non_high,other,"300m 이내 배출원 위치 1개, 500m 이내 배출원 위치 5개, 500m 이내 대기 배출업소 2곳, 500m 이내 지정폐기물 배출사업장 1곳, 최근접 배출원 259m",,False,해당 시설 유형에 인원 자료 없음,산업·배출시설 공간 노출도,v4 (배출원: 전국 등록공장현황 2024-12-31 반영 5개 구 전역 + 배출업소·폐기물 v2 override 판 / 취약시설: 어린이집·경로당·지역아동센터 + 장애인복지관). geo_level=point 한정
SC0633,북마산여성경로당,경로당,senior_center,4812561000,교방동,마산합포구,35.2144016121669,128.571630822774,258.8,258.8,1,5,25,1,6,27,2,0,0,1,1,0,3,1.0,1.2,1.08,1.0,0.0,767.8,79.73,669,919,250,scenario_stable_non_high,other,"300m 이내 배출원 위치 1개, 500m 이내 배출원 위치 5개, 500m 이내 대기 배출업소 2곳, 500m 이내 지정폐기물 배출사업장 1곳, 최근접 배출원 259m",,False,해당 시설 유형에 인원 자료 없음,산업·배출시설 공간 노출도,v4 (배출원: 전국 등록공장현황 2024-12-31 반영 5개 구 전역 + 배출업소·폐기물 v2 override 판 / 취약시설: 어린이집·경로당·지역아동센터 + 장애인복지관). geo_level=point 한정
SC0634,서광경로당,경로당,senior_center,4812561000,교방동,마산합포구,35.214060244559,128.572926660061,186.8,186.8,2,9,24,3,11,26,2,3,0,1,1,0,5,1.5,1.222,1.083,1.0,0.0,682.9,26.79,636,739,103,scenario_stable_non_high,other,"300m 이내 배출원 위치 2개, 500m 이내 배출원 위치 9개, 500m 이내 대기 배출업소 2곳, 500m 이내 지정폐기물 배출사업장 1곳, 최근접 배출원 187m",,False,해당 시설 유형에 인원 자료 없음,산업·배출시설 공간 노출도,v4 (배출원: 전국 등록공장현황 2024-12-31 반영 5개 구 전역 + 배출업소·폐기물 v2 override 판 / 취약시설: 어린이집·경로당·지역아동센터 + 장애인복지관). geo_level=point 한정
SC0635,회산여성경로당,경로당,senior_center,4812561000,교방동,마산합포구,35.2148826956091,128.570304281297,360.3,360.3,0,2,24,0,3,26,0,0,0,0,0,0,3,,1.5,1.083,1.0,0.0,905.5,108.71,740,1078,338,scenario_stable_non_high,other,"500m 이내 배출원 위치 2개, 최근접 배출원 360m",,False,해당 시설 유형에 인원 자료 없음,산업·배출시설 공간 노출도,v4 (배출원: 전국 등록공장현황 2024-12-31 반영 5개 구 전역 + 배출업소·폐기물 v2 override 판 / 취약시설: 어린이집·경로당·지역아동센터 + 장애인복지관). geo_level=point 한정
SC0636,교원경로당,경로당,senior_center,4812561000,교방동,마산합포구,35.2127201922265,128.570671247404,261.4,261.4,1,9,23,2,11,27,2,2,0,1,0,1,6,2.0,1.222,1.174,1.0,0.0,718.1,28.39,668,775,107,scenario_stable_non_high,other,"300m 이내 배출원 위치 1개, 500m 이내 배출원 위치 9개, 500m 이내 대기 배출업소 2곳, 500m 이내 소각 처리 사업장 1곳, 최근접 배출원 261m",,False,해당 시설 유형에 인원 자료 없음,산업·배출시설 공간 노출도,v4 (배출원: 전국 등록공장현황 2024-12-31 반영 5개 구 전역 + 배출업소·폐기물 v2 override 판 / 취약시설: 어린이집·경로당·지역아동센터 + 장애인복지관). geo_level=point 한정
SC0637,상남경로당,경로당,senior_center,4812561000,교방동,마산합포구,35.2130968002418,128.575319273365,206.4,206.4,5,9,27,6,11,30,2,3,0,1,1,0,5,1.2,1.222,1.111,1.0,0.0,555.4,28.19,496,611,115,scenario_stable_non_high,other,"300m 이내 배출원 위치 5개, 500m 이내 배출원 위치 9개, 500m 이내 대기 배출업소 2곳, 500m 이내 지정폐기물 배출사업장 1곳, 최근접 배출원 206m",,False,해당 시설 유형에 인원 자료 없음,산업·배출시설 공간 노출도,v4 (배출원: 전국 등록공장현황 2024-12-31 반영 5개 구 전역 + 배출업소·폐기물 v2 override 판 / 취약시설: 어린이집·경로당·지역아동센터 + 장애인복지관). geo_level=point 한정
SC0638,회남여성경로당,경로당,senior_center,4812561000,교방동,마산합포구,35.2130968002418,128.575319273365,206.4,206.4,5,9,27,6,11,30,2,3,0,1,1,0,5,1.2,1.222,1.111,1.0,0.0,555.4,28.19,496,611,115,scenario_stable_non_high,other,"300m 이내 배출원 위치 5개, 500m 이내 배출원 위치 9개, 500m 이내 대기 배출업소 2곳, 500m 이내 지정폐기물 배출사업장 1곳, 최근접 배출원 206m",,False,해당 시설 유형에 인원 자료 없음,산업·배출시설 공간 노출도,v4 (배출원: 전국 등록공장현황 2024-12-31 반영 5개 구 전역 + 배출업소·폐기물 v2 override 판 / 취약시설: 어린이집·경로당·지역아동센터 + 장애인복지관). geo_level=point 한정
SC0639,롯데캐슬프리미어아파트경로당,경로당,senior_center,4812561000,교방동,마산합포구,35.2153855778953,128.564779365099,366.4,366.4,0,1,11,0,1,12,0,1,0,0,0,0,0,,1.0,1.091,1.0,0.0,1272.2,48.52,1182,1351,169,scenario_stable_non_high,other,"500m 이내 배출원 위치 1개, 최근접 배출원 366m",,False,해당 시설 유형에 인원 자료 없음,산업·배출시설 공간 노출도,v4 (배출원: 전국 등록공장현황 2024-12-31 반영 5개 구 전역 + 배출업소·폐기물 v2 override 판 / 취약시설: 어린이집·경로당·지역아동센터 + 장애인복지관). geo_level=point 한정
SC0640,구복남성경로당,경로당,senior_center,4812531000,구산면,마산합포구,35.0699632611122,128.568158022598,660.1,660.1,0,0,5,0,0,12,0,0,0,0,0,0,0,,,2.4,2.0,0.0,1447.8,24.12,1406,1493,87,scenario_stable_non_high,other,1km 이내 배출원 없음 (최근접 660m),,False,해당 시설 유형에 인원 자료 없음,산업·배출시설 공간 노출도,v4 (배출원: 전국 등록공장현황 2024-12-31 반영 5개 구 전역 + 배출업소·폐기물 v2 override 판 / 취약시설: 어린이집·경로당·지역아동센터 + 장애인복지관). geo_level=point 한정
SC0641,구복여성경로당,경로당,senior_center,4812531000,구산면,마산합포구,35.070173155984,128.569391677658,547.3,547.3,0,0,5,0,0,12,0,0,0,0,0,0,0,,,2.4,2.0,0.0,1431.1,17.56,1394,1458,64,scenario_stable_non_high,other,1km 이내 배출원 없음 (최근접 547m),,False,해당 시설 유형에 인원 자료 없음,산업·배출시설 공간 노출도,v4 (배출원: 전국 등록공장현황 2024-12-31 반영 5개 구 전역 + 배출업소·폐기물 v2 override 판 / 취약시설: 어린이집·경로당·지역아동센터 + 장애인복지관). geo_level=point 한정
SC0642,구산경로당,경로당,senior_center,4812531000,구산면,마산합포구,35.0891115064713,128.583227370289,1058.2,1058.2,0,0,0,0,0,0,0,0,0,0,0,0,0,,,,2.0,0.0,1584.0,0.0,1584,1584,0,scenario_stable_non_high,other,"1km 이내 배출원 없음 (최근접 1,058m)",,False,해당 시설 유형에 인원 자료 없음,산업·배출시설 공간 노출도,v4 (배출원: 전국 등록공장현황 2024-12-31 반영 5개 구 전역 + 배출업소·폐기물 v2 override 판 / 취약시설: 어린이집·경로당·지역아동센터 + 장애인복지관). geo_level=point 한정
SC0643,구산음달경로당,경로당,senior_center,4812531000,구산면,마산합포구,35.1206134146861,128.58028183952,1327.7,1327.7,0,0,0,0,0,0,0,0,0,0,0,0,0,,,,2.0,0.0,1584.0,0.0,1584,1584,0,scenario_stable_non_high,other,"1km 이내 배출원 없음 (최근접 1,328m)",,False,해당 시설 유형에 인원 자료 없음,산업·배출시설 공간 노출도,v4 (배출원: 전국 등록공장현황 2024-12-31 반영 5개 구 전역 + 배출업소·폐기물 v2 override 판 / 취약시설: 어린이집·경로당·지역아동센터 + 장애인복지관). geo_level=point 한정
SC0644,군령경로당,경로당,senior_center,4812531000,구산면,마산합포구,35.1185743022129,128.54475472057,837.4,837.4,0,0,2,0,0,2,0,0,0,0,0,0,0,,,1.0,2.0,0.0,1530.2,11.76,1510,1545,35,scenario_stable_non_high,other,1km 이내 배출원 없음 (최근접 837m),,False,해당 시설 유형에 인원 자료 없음,산업·배출시설 공간 노출도,v4 (배출원: 전국 등록공장현황 2024-12-31 반영 5개 구 전역 + 배출업소·폐기물 v2 override 판 / 취약시설: 어린이집·경로당·지역아동센터 + 장애인복지관). geo_level=point 한정
SC0645,난포경로당,경로당,senior_center,4812531000,구산면,마산합포구,35.0812402538401,128.604968584933,109.2,109.2,2,3,4,2,3,4,1,1,0,1,0,1,1,1.0,1.0,1.0,2.0,0.0,1082.8,164.56,787,1267,480,scenario_stable_non_high,other,"300m 이내 배출원 위치 2개, 500m 이내 배출원 위치 3개, 500m 이내 대기 배출업소 1곳, 500m 이내 소각 처리 사업장 1곳, 최근접 배출원 109m",,False,해당 시설 유형에 인원 자료 없음,산업·배출시설 공간 노출도,v4 (배출원: 전국 등록공장현황 2024-12-31 반영 5개 구 전역 + 배출업소·폐기물 v2 override 판 / 취약시설: 어린이집·경로당·지역아동센터 + 장애인복지관). geo_level=point 한정
SC0646,내포남성경로당,경로당,senior_center,4812531000,구산면,마산합포구,35.0983932192016,128.57859822194,2054.9,2054.9,0,0,0,0,0,0,0,0,0,0,0,0,0,,,,2.0,0.0,1584.0,0.0,1584,1584,0,scenario_stable_non_high,other,"1km 이내 배출원 없음 (최근접 2,055m)",,False,해당 시설 유형에 인원 자료 없음,산업·배출시설 공간 노출도,v4 (배출원: 전국 등록공장현황 2024-12-31 반영 5개 구 전역 + 배출업소·폐기물 v2 override 판 / 취약시설: 어린이집·경로당·지역아동센터 + 장애인복지관). geo_level=point 한정
SC0647,내포여성경로당,경로당,senior_center,4812531000,구산면,마산합포구,35.0986488124877,128.57800308608,2106.5,2106.5,0,0,0,0,0,0,0,0,0,0,0,0,0,,,,2.0,0.0,1584.0,0.0,1584,1584,0,scenario_stable_non_high,other,"1km 이내 배출원 없음 (최근접 2,106m)",,False,해당 시설 유형에 인원 자료 없음,산업·배출시설 공간 노출도,v4 (배출원: 전국 등록공장현황 2024-12-31 반영 5개 구 전역 + 배출업소·폐기물 v2 override 판 / 취약시설: 어린이집·경로당·지역아동센터 + 장애인복지관). geo_level=point 한정
SC0648,명주경로당,경로당,senior_center,4812531000,구산면,마산합포구,35.1077509540002,128.548723607043,1909.9,1909.9,0,0,0,0,0,0,0,0,0,0,0,0,0,,,,2.0,0.0,1584.0,0.0,1584,1584,0,scenario_stable_non_high,other,"1km 이내 배출원 없음 (최근접 1,910m)",,False,해당 시설 유형에 인원 자료 없음,산업·배출시설 공간 노출도,v4 (배출원: 전국 등록공장현황 2024-12-31 반영 5개 구 전역 + 배출업소·폐기물 v2 override 판 / 취약시설: 어린이집·경로당·지역아동센터 + 장애인복지관). geo_level=point 한정
SC0649,반동남성경로당,경로당,senior_center,4812531000,구산면,마산합포구,35.0838478032167,128.582939463913,944.3,944.3,0,0,1,0,0,1,0,0,0,0,0,0,0,,,1.0,2.0,0.0,1553.4,1.1,1551,1554,3,scenario_stable_non_high,other,1km 이내 배출원 없음 (최근접 944m),,False,해당 시설 유형에 인원 자료 없음,산업·배출시설 공간 노출도,v4 (배출원: 전국 등록공장현황 2024-12-31 반영 5개 구 전역 + 배출업소·폐기물 v2 override 판 / 취약시설: 어린이집·경로당·지역아동센터 + 장애인복지관). geo_level=point 한정
SC0650,반동여성경로당,경로당,senior_center,4812531000,구산면,마산합포구,35.0837916023393,128.58272260484,964.4,964.4,0,0,1,0,0,1,0,0,0,0,0,0,0,,,1.0,2.0,0.0,1554.1,1.54,1551,1555,4,scenario_stable_non_high,other,1km 이내 배출원 없음 (최근접 964m),,False,해당 시설 유형에 인원 자료 없음,산업·배출시설 공간 노출도,v4 (배출원: 전국 등록공장현황 2024-12-31 반영 5개 구 전역 + 배출업소·폐기물 v2 override 판 / 취약시설: 어린이집·경로당·지역아동센터 + 장애인복지관). geo_level=point 한정
SC0651,상마전경로당,경로당,senior_center,4812531000,구산면,마산합포구,35.1299796730364,128.531762261237,1030.0,1030.0,0,0,0,0,0,0,0,0,0,0,0,0,0,,,,2.0,0.0,1584.0,0.0,1584,1584,0,scenario_stable_non_high,other,"1km 이내 배출원 없음 (최근접 1,030m)",,False,해당 시설 유형에 인원 자료 없음,산업·배출시설 공간 노출도,v4 (배출원: 전국 등록공장현황 2024-12-31 반영 5개 구 전역 + 배출업소·폐기물 v2 override 판 / 취약시설: 어린이집·경로당·지역아동센터 + 장애인복지관). geo_level=point 한정
SC0652,석곡경로당,경로당,senior_center,4812531000,구산면,마산합포구,35.1154168282891,128.563108700643,1430.2,1430.2,0,0,0,0,0,0,0,0,0,0,0,0,0,,,,2.0,0.0,1584.0,0.0,1584,1584,0,scenario_stable_non_high,other,"1km 이내 배출원 없음 (최근접 1,430m)",,False,해당 시설 유형에 인원 자료 없음,산업·배출시설 공간 노출도,v4 (배출원: 전국 등록공장현황 2024-12-31 반영 5개 구 전역 + 배출업소·폐기물 v2 override 판 / 취약시설: 어린이집·경로당·지역아동센터 + 장애인복지관). geo_level=point 한정
SC0653,수정남성경로당,경로당,senior_center,4812531000,구산면,마산합포구,35.1206134146861,128.58028183952,1327.7,1327.7,0,0,0,0,0,0,0,0,0,0,0,0,0,,,,2.0,0.0,1584.0,0.0,1584,1584,0,scenario_stable_non_high,other,"1km 이내 배출원 없음 (최근접 1,328m)",,False,해당 시설 유형에 인원 자료 없음,산업·배출시설 공간 노출도,v4 (배출원: 전국 등록공장현황 2024-12-31 반영 5개 구 전역 + 배출업소·폐기물 v2 override 판 / 취약시설: 어린이집·경로당·지역아동센터 + 장애인복지관). geo_level=point 한정
SC0654,수정여성경로당,경로당,senior_center,4812531000,구산면,마산합포구,35.1206134146861,128.58028183952,1327.7,1327.7,0,0,0,0,0,0,0,0,0,0,0,0,0,,,,2.0,0.0,1584.0,0.0,1584,1584,0,scenario_stable_non_high,other,"1km 이내 배출원 없음 (최근접 1,328m)",,False,해당 시설 유형에 인원 자료 없음,산업·배출시설 공간 노출도,v4 (배출원: 전국 등록공장현황 2024-12-31 반영 5개 구 전역 + 배출업소·폐기물 v2 override 판 / 취약시설: 어린이집·경로당·지역아동센터 + 장애인복지관). geo_level=point 한정
SC0655,신촌경로당,경로당,senior_center,4812531000,구산면,마산합포구,35.0950351141432,128.585176105927,1397.6,1397.6,0,0,0,0,0,0,0,0,0,0,0,0,0,,,,2.0,0.0,1584.0,0.0,1584,1584,0,scenario_stable_non_high,other,"1km 이내 배출원 없음 (최근접 1,398m)",,False,해당 시설 유형에 인원 자료 없음,산업·배출시설 공간 노출도,v4 (배출원: 전국 등록공장현황 2024-12-31 반영 5개 구 전역 + 배출업소·폐기물 v2 override 판 / 취약시설: 어린이집·경로당·지역아동센터 + 장애인복지관). geo_level=point 한정
SC0656,실리도경로당,경로당,senior_center,4812531000,구산면,마산합포구,35.063536621776,128.637681303865,669.2,669.2,0,0,3,0,0,3,0,0,0,0,0,0,0,,,1.0,2.0,0.0,1523.6,8.97,1509,1535,26,scenario_stable_non_high,other,1km 이내 배출원 없음 (최근접 669m),,False,해당 시설 유형에 인원 자료 없음,산업·배출시설 공간 노출도,v4 (배출원: 전국 등록공장현황 2024-12-31 반영 5개 구 전역 + 배출업소·폐기물 v2 override 판 / 취약시설: 어린이집·경로당·지역아동센터 + 장애인복지관). geo_level=point 한정
SC0657,심리경로당,경로당,senior_center,4812531000,구산면,마산합포구,35.0694952092055,128.607114275063,571.9,571.9,0,0,1,0,0,1,0,0,0,0,0,0,0,,,1.0,2.0,0.0,1542.2,10.36,1523,1551,28,scenario_stable_non_high,other,1km 이내 배출원 없음 (최근접 572m),,False,해당 시설 유형에 인원 자료 없음,산업·배출시설 공간 노출도,v4 (배출원: 전국 등록공장현황 2024-12-31 반영 5개 구 전역 + 배출업소·폐기물 v2 override 판 / 취약시설: 어린이집·경로당·지역아동센터 + 장애인복지관). geo_level=point 한정
SC0658,안녕경로당,경로당,senior_center,4812531000,구산면,마산합포구,35.1168597669039,128.59517772581,54.2,54.2,2,3,4,2,4,5,0,0,0,2,0,0,2,1.0,1.333,1.25,2.0,0.0,1038.2,230.42,631,1270,639,scenario_stable_non_high,other,"300m 이내 배출원 위치 2개, 500m 이내 배출원 위치 3개, 최근접 배출원 54m",,False,해당 시설 유형에 인원 자료 없음,산업·배출시설 공간 노출도,v4 (배출원: 전국 등록공장현황 2024-12-31 반영 5개 구 전역 + 배출업소·폐기물 v2 override 판 / 취약시설: 어린이집·경로당·지역아동센터 + 장애인복지관). geo_level=point 한정
SC0659,양평경로당,경로당,senior_center,4812531000,구산면,마산합포구,35.0839327609238,128.58567291986,694.9,694.9,0,0,1,0,0,1,0,0,0,0,0,0,0,,,1.0,2.0,0.0,1549.2,2.01,1545,1551,6,scenario_stable_non_high,other,1km 이내 배출원 없음 (최근접 695m),,False,해당 시설 유형에 인원 자료 없음,산업·배출시설 공간 노출도,v4 (배출원: 전국 등록공장현황 2024-12-31 반영 5개 구 전역 + 배출업소·폐기물 v2 override 판 / 취약시설: 어린이집·경로당·지역아동센터 + 장애인복지관). geo_level=point 한정
SC0660,옥계남성경로당,경로당,senior_center,4812531000,구산면,마산합포구,35.0925823707462,128.611274670389,1240.6,1240.6,0,0,0,0,0,0,0,0,0,0,0,0,0,,,,2.0,0.0,1584.0,0.0,1584,1584,0,scenario_stable_non_high,other,"1km 이내 배출원 없음 (최근접 1,241m)",,False,해당 시설 유형에 인원 자료 없음,산업·배출시설 공간 노출도,v4 (배출원: 전국 등록공장현황 2024-12-31 반영 5개 구 전역 + 배출업소·폐기물 v2 override 판 / 취약시설: 어린이집·경로당·지역아동센터 + 장애인복지관). geo_level=point 한정
SC0661,옥계여성경로당,경로당,senior_center,4812531000,구산면,마산합포구,35.0931141847312,128.61147900036,1300.4,1300.4,0,0,0,0,0,0,0,0,0,0,0,0,0,,,,2.0,0.0,1584.0,0.0,1584,1584,0,scenario_stable_non_high,other,"1km 이내 배출원 없음 (최근접 1,300m)",,False,해당 시설 유형에 인원 자료 없음,산업·배출시설 공간 노출도,v4 (배출원: 전국 등록공장현황 2024-12-31 반영 5개 구 전역 + 배출업소·폐기물 v2 override 판 / 취약시설: 어린이집·경로당·지역아동센터 + 장애인복지관). geo_level=point 한정
SC0662,용호경로당,경로당,senior_center,4812531000,구산면,마산합포구,35.0717812602193,128.597625619295,1129.8,1129.8,0,0,0,0,0,0,0,0,0,0,0,0,0,,,,2.0,0.0,1584.0,0.0,1584,1584,0,scenario_stable_non_high,other,"1km 이내 배출원 없음 (최근접 1,130m)",,False,해당 시설 유형에 인원 자료 없음,산업·배출시설 공간 노출도,v4 (배출원: 전국 등록공장현황 2024-12-31 반영 5개 구 전역 + 배출업소·폐기물 v2 override 판 / 취약시설: 어린이집·경로당·지역아동센터 + 장애인복지관). geo_level=point 한정
SC0663,욱곡남성경로당,경로당,senior_center,4812531000,구산면,마산합포구,35.0963972184433,128.557865967875,2254.1,2254.1,0,0,0,0,0,0,0,0,0,0,0,0,0,,,,2.0,0.0,1584.0,0.0,1584,1584,0,scenario_stable_non_high,other,"1km 이내 배출원 없음 (최근접 2,254m)",,False,해당 시설 유형에 인원 자료 없음,산업·배출시설 공간 노출도,v4 (배출원: 전국 등록공장현황 2024-12-31 반영 5개 구 전역 + 배출업소·폐기물 v2 override 판 / 취약시설: 어린이집·경로당·지역아동센터 + 장애인복지관). geo_level=point 한정
SC0664,욱곡여성경로당,경로당,senior_center,4812531000,구산면,마산합포구,35.0963972184433,128.557865967875,2254.1,2254.1,0,0,0,0,0,0,0,0,0,0,0,0,0,,,,2.0,0.0,1584.0,0.0,1584,1584,0,scenario_stable_non_high,other,"1km 이내 배출원 없음 (최근접 2,254m)",,False,해당 시설 유형에 인원 자료 없음,산업·배출시설 공간 노출도,v4 (배출원: 전국 등록공장현황 2024-12-31 반영 5개 구 전역 + 배출업소·폐기물 v2 override 판 / 취약시설: 어린이집·경로당·지역아동센터 + 장애인복지관). geo_level=point 한정
SC0665,원전경로당,경로당,senior_center,4812531000,구산면,마산합포구,35.0681459415782,128.630540298562,32.9,32.9,2,3,3,2,3,3,0,1,0,1,0,0,1,1.0,1.0,1.0,2.0,0.0,1155.1,227.04,758,1365,607,scenario_stable_non_high,other,"300m 이내 배출원 위치 2개, 500m 이내 배출원 위치 3개, 최근접 배출원 33m",,False,해당 시설 유형에 인원 자료 없음,산업·배출시설 공간 노출도,v4 (배출원: 전국 등록공장현황 2024-12-31 반영 5개 구 전역 + 배출업소·폐기물 v2 override 판 / 취약시설: 어린이집·경로당·지역아동센터 + 장애인복지관). geo_level=point 한정
SC0666,유산경로당,경로당,senior_center,4812531000,구산면,마산합포구,35.1302364313237,128.556592814486,405.6,405.6,0,1,3,0,1,5,0,0,0,0,0,0,1,,1.0,1.667,2.0,0.0,1442.8,8.65,1426,1460,34,scenario_stable_non_high,other,"500m 이내 배출원 위치 1개, 최근접 배출원 406m",,False,해당 시설 유형에 인원 자료 없음,산업·배출시설 공간 노출도,v4 (배출원: 전국 등록공장현황 2024-12-31 반영 5개 구 전역 + 배출업소·폐기물 v2 override 판 / 취약시설: 어린이집·경로당·지역아동센터 + 장애인복지관). geo_level=point 한정
SC0667,유천경로당,경로당,senior_center,4812531000,구산면,마산합포구,35.1314301832199,128.563519169034,333.6,333.6,0,1,3,0,3,5,0,1,0,2,0,0,0,,3.0,1.667,2.0,0.0,1037.6,191.84,680,1305,625,scenario_stable_non_high,other,"500m 이내 배출원 위치 1개, 최근접 배출원 334m",,False,해당 시설 유형에 인원 자료 없음,산업·배출시설 공간 노출도,v4 (배출원: 전국 등록공장현황 2024-12-31 반영 5개 구 전역 + 배출업소·폐기물 v2 override 판 / 취약시설: 어린이집·경로당·지역아동센터 + 장애인복지관). geo_level=point 한정
SC0668,장구경로당,경로당,senior_center,4812531000,구산면,마산합포구,35.0804581762073,128.564449556882,439.7,439.7,0,1,4,0,1,4,0,1,0,1,0,0,1,,1.0,1.0,2.0,0.0,1404.5,26.29,1361,1450,89,scenario_stable_non_high,other,"500m 이내 배출원 위치 1개, 최근접 배출원 440m",,False,해당 시설 유형에 인원 자료 없음,산업·배출시설 공간 노출도,v4 (배출원: 전국 등록공장현황 2024-12-31 반영 5개 구 전역 + 배출업소·폐기물 v2 override 판 / 취약시설: 어린이집·경로당·지역아동센터 + 장애인복지관). geo_level=point 한정
SC0669,하마전경로당,경로당,senior_center,4812531000,구산면,마산합포구,35.1236106285649,128.537069381476,277.0,277.0,1,1,1,1,1,1,0,0,0,0,0,0,1,1.0,1.0,1.0,2.0,0.0,1477.7,56.12,1378,1533,155,scenario_stable_non_high,other,"300m 이내 배출원 위치 1개, 500m 이내 배출원 위치 1개, 최근접 배출원 277m",,False,해당 시설 유형에 인원 자료 없음,산업·배출시설 공간 노출도,v4 (배출원: 전국 등록공장현황 2024-12-31 반영 5개 구 전역 + 배출업소·폐기물 v2 override 판 / 취약시설: 어린이집·경로당·지역아동센터 + 장애인복지관). geo_level=point 한정
SC0671,감나무골경로당,경로당,senior_center,4812725000,내서읍,마산회원구,35.1934978354602,128.510842947578,248.7,248.7,1,1,2,1,1,2,0,0,0,0,0,0,1,1.0,1.0,1.0,1.0,0.0,1457.8,63.69,1336,1516,180,scenario_stable_non_high,other,"300m 이내 배출원 위치 1개, 500m 이내 배출원 위치 1개, 최근접 배출원 249m",,False,해당 시설 유형에 인원 자료 없음,산업·배출시설 공간 노출도,v4 (배출원: 전국 등록공장현황 2024-12-31 반영 5개 구 전역 + 배출업소·폐기물 v2 override 판 / 취약시설: 어린이집·경로당·지역아동센터 + 장애인복지관). geo_level=point 한정
SC0672,감천남성경로당,경로당,senior_center,4812725000,내서읍,마산회원구,35.2053640137243,128.517221181286,186.9,186.9,1,1,5,1,1,7,0,1,0,0,0,0,0,1.0,1.0,1.4,1.0,0.0,1354.1,75.46,1215,1413,198,scenario_stable_non_high,other,"300m 이내 배출원 위치 1개, 500m 이내 배출원 위치 1개, 최근접 배출원 187m",,False,해당 시설 유형에 인원 자료 없음,산업·배출시설 공간 노출도,v4 (배출원: 전국 등록공장현황 2024-12-31 반영 5개 구 전역 + 배출업소·폐기물 v2 override 판 / 취약시설: 어린이집·경로당·지역아동센터 + 장애인복지관). geo_level=point 한정
SC0673,감천여성경로당,경로당,senior_center,4812725000,내서읍,마산회원구,35.2053640137243,128.517221181286,186.9,186.9,1,1,5,1,1,7,0,1,0,0,0,0,0,1.0,1.0,1.4,1.0,0.0,1354.1,75.46,1215,1413,198,scenario_stable_non_high,other,"300m 이내 배출원 위치 1개, 500m 이내 배출원 위치 1개, 최근접 배출원 187m",,False,해당 시설 유형에 인원 자료 없음,산업·배출시설 공간 노출도,v4 (배출원: 전국 등록공장현황 2024-12-31 반영 5개 구 전역 + 배출업소·폐기물 v2 override 판 / 취약시설: 어린이집·경로당·지역아동센터 + 장애인복지관). geo_level=point 한정
SC0674,구미경로당,경로당,senior_center,4812725000,내서읍,마산회원구,35.2529822689186,128.521439923225,175.4,175.4,1,20,49,1,24,57,5,3,0,2,1,0,16,1.0,1.2,1.163,1.0,0.0,255.0,76.04,185,392,207,scenario_stable_non_high,other,"300m 이내 배출원 위치 1개, 500m 이내 배출원 위치 20개, 500m 이내 대기 배출업소 5곳, 500m 이내 지정폐기물 배출사업장 1곳, 최근접 배출원 175m",,False,해당 시설 유형에 인원 자료 없음,산업·배출시설 공간 노출도,v4 (배출원: 전국 등록공장현황 2024-12-31 반영 5개 구 전역 + 배출업소·폐기물 v2 override 판 / 취약시설: 어린이집·경로당·지역아동센터 + 장애인복지관). geo_level=point 한정
SC0675,구슬골경로당,경로당,senior_center,4812725000,내서읍,마산회원구,35.2411522809201,128.531467008271,110.6,110.6,2,6,9,3,7,11,0,2,1,0,0,0,4,1.5,1.167,1.222,1.0,0.0,1042.8,152.11,776,1204,428,scenario_stable_non_high,other,"300m 이내 배출원 위치 2개, 500m 이내 배출원 위치 6개, 최근접 배출원 111m",,False,해당 시설 유형에 인원 자료 없음,산업·배출시설 공간 노출도,v4 (배출원: 전국 등록공장현황 2024-12-31 반영 5개 구 전역 + 배출업소·폐기물 v2 override 판 / 취약시설: 어린이집·경로당·지역아동센터 + 장애인복지관). geo_level=point 한정
SC0676,국제아파트경로당,경로당,senior_center,4812725000,내서읍,마산회원구,35.2638468420683,128.521349307018,186.8,186.8,3,5,12,3,7,16,0,2,1,0,0,0,4,1.0,1.4,1.333,1.0,0.0,965.1,50.33,871,1045,174,scenario_stable_non_high,other,"300m 이내 배출원 위치 3개, 500m 이내 배출원 위치 5개, 최근접 배출원 187m",,False,해당 시설 유형에 인원 자료 없음,산업·배출시설 공간 노출도,v4 (배출원: 전국 등록공장현황 2024-12-31 반영 5개 구 전역 + 배출업소·폐기물 v2 override 판 / 취약시설: 어린이집·경로당·지역아동센터 + 장애인복지관). geo_level=point 한정
SC0678,대동다숲아파트경로당,경로당,senior_center,4812725000,내서읍,마산회원구,35.2303903579434,128.504366547739,293.9,293.9,1,8,30,1,10,50,0,1,0,1,0,1,8,1.0,1.25,1.667,1.0,0.0,578.3,85.78,476,729,253,scenario_stable_non_high,other,"300m 이내 배출원 위치 1개, 500m 이내 배출원 위치 8개, 500m 이내 소각 처리 사업장 1곳, 최근접 배출원 294m",,False,해당 시설 유형에 인원 자료 없음,산업·배출시설 공간 노출도,v4 (배출원: 전국 등록공장현황 2024-12-31 반영 5개 구 전역 + 배출업소·폐기물 v2 override 판 / 취약시설: 어린이집·경로당·지역아동센터 + 장애인복지관). geo_level=point 한정
SC0679,대동이미지1단지아파트경로당,경로당,senior_center,4812725000,내서읍,마산회원구,35.2237829288,128.501931761796,270.7,270.7,1,1,6,1,1,8,0,1,0,0,0,0,0,1.0,1.0,1.333,1.0,0.0,1369.4,33.84,1293,1400,107,scenario_stable_non_high,other,"300m 이내 배출원 위치 1개, 500m 이내 배출원 위치 1개, 최근접 배출원 271m",,False,해당 시설 유형에 인원 자료 없음,산업·배출시설 공간 노출도,v4 (배출원: 전국 등록공장현황 2024-12-31 반영 5개 구 전역 + 배출업소·폐기물 v2 override 판 / 취약시설: 어린이집·경로당·지역아동센터 + 장애인복지관). geo_level=point 한정
SC0680,대동이미지1단지아파트남성경로당,경로당,senior_center,4812725000,내서읍,마산회원구,35.2237829288,128.501931761796,270.7,270.7,1,1,6,1,1,8,0,1,0,0,0,0,0,1.0,1.0,1.333,1.0,0.0,1369.4,33.84,1293,1400,107,scenario_stable_non_high,other,"300m 이내 배출원 위치 1개, 500m 이내 배출원 위치 1개, 최근접 배출원 271m",,False,해당 시설 유형에 인원 자료 없음,산업·배출시설 공간 노출도,v4 (배출원: 전국 등록공장현황 2024-12-31 반영 5개 구 전역 + 배출업소·폐기물 v2 override 판 / 취약시설: 어린이집·경로당·지역아동센터 + 장애인복지관). geo_level=point 한정
SC0681,대동이미지2단지경로당,경로당,senior_center,4812725000,내서읍,마산회원구,35.2240127121878,128.503255721904,148.2,148.2,1,1,7,1,1,9,0,1,0,0,0,0,0,1.0,1.0,1.286,1.0,0.0,1325.1,91.66,1141,1393,252,scenario_stable_non_high,other,"300m 이내 배출원 위치 1개, 500m 이내 배출원 위치 1개, 최근접 배출원 148m",,False,해당 시설 유형에 인원 자료 없음,산업·배출시설 공간 노출도,v4 (배출원: 전국 등록공장현황 2024-12-31 반영 5개 구 전역 + 배출업소·폐기물 v2 override 판 / 취약시설: 어린이집·경로당·지역아동센터 + 장애인복지관). geo_level=point 한정
SC0686,블루힐스아파트경로당,경로당,senior_center,4812725000,내서읍,마산회원구,35.2218092706202,128.502499772105,334.3,334.3,0,1,5,0,1,7,0,1,0,0,0,0,0,,1.0,1.4,1.0,0.0,1430.8,24.45,1390,1467,77,scenario_stable_non_high,other,"500m 이내 배출원 위치 1개, 최근접 배출원 334m",,False,해당 시설 유형에 인원 자료 없음,산업·배출시설 공간 노출도,v4 (배출원: 전국 등록공장현황 2024-12-31 반영 5개 구 전역 + 배출업소·폐기물 v2 override 판 / 취약시설: 어린이집·경로당·지역아동센터 + 장애인복지관). geo_level=point 한정
SC0687,삼계2주공아파트경로당,경로당,senior_center,4812725000,내서읍,마산회원구,35.2292613085929,128.50326896252,424.3,424.3,0,3,30,0,4,37,0,1,0,1,0,1,2,,1.333,1.233,1.0,0.0,828.5,132.69,670,1053,383,scenario_stable_non_high,other,"500m 이내 배출원 위치 3개, 500m 이내 소각 처리 사업장 1곳, 최근접 배출원 424m",,False,해당 시설 유형에 인원 자료 없음,산업·배출시설 공간 노출도,v4 (배출원: 전국 등록공장현황 2024-12-31 반영 5개 구 전역 + 배출업소·폐기물 v2 override 판 / 취약시설: 어린이집·경로당·지역아동센터 + 장애인복지관). geo_level=point 한정
SC0688,삼계남성경로당,경로당,senior_center,4812725000,내서읍,마산회원구,35.2313389345274,128.500234176453,210.1,210.1,2,3,32,2,3,53,0,1,0,1,0,1,1,1.0,1.0,1.656,1.0,0.0,720.5,91.9,601,878,277,scenario_stable_non_high,other,"300m 이내 배출원 위치 2개, 500m 이내 배출원 위치 3개, 500m 이내 소각 처리 사업장 1곳, 최근접 배출원 210m",,False,해당 시설 유형에 인원 자료 없음,산업·배출시설 공간 노출도,v4 (배출원: 전국 등록공장현황 2024-12-31 반영 5개 구 전역 + 배출업소·폐기물 v2 override 판 / 취약시설: 어린이집·경로당·지역아동센터 + 장애인복지관). geo_level=point 한정
SC0689,삼계대동아파트경로당,경로당,senior_center,4812725000,내서읍,마산회원구,35.229929638338,128.503257128615,351.7,351.7,0,3,30,0,4,50,0,1,0,1,0,1,2,,1.333,1.667,1.0,0.0,759.1,114.0,605,930,325,scenario_stable_non_high,other,"500m 이내 배출원 위치 3개, 500m 이내 소각 처리 사업장 1곳, 최근접 배출원 352m",,False,해당 시설 유형에 인원 자료 없음,산업·배출시설 공간 노출도,v4 (배출원: 전국 등록공장현황 2024-12-31 반영 5개 구 전역 + 배출업소·폐기물 v2 override 판 / 취약시설: 어린이집·경로당·지역아동센터 + 장애인복지관). geo_level=point 한정
SC0690,삼계여성경로당,경로당,senior_center,4812725000,내서읍,마산회원구,35.2313389345274,128.500234176453,210.1,210.1,2,3,32,2,3,53,0,1,0,1,0,1,1,1.0,1.0,1.656,1.0,0.0,720.5,91.9,601,878,277,scenario_stable_non_high,other,"300m 이내 배출원 위치 2개, 500m 이내 배출원 위치 3개, 500m 이내 소각 처리 사업장 1곳, 최근접 배출원 210m",,False,해당 시설 유형에 인원 자료 없음,산업·배출시설 공간 노출도,v4 (배출원: 전국 등록공장현황 2024-12-31 반영 5개 구 전역 + 배출업소·폐기물 v2 override 판 / 취약시설: 어린이집·경로당·지역아동센터 + 장애인복지관). geo_level=point 한정
SC0691,삼계현대아파트경로당,경로당,senior_center,4812725000,내서읍,마산회원구,35.2340681840549,128.502383669031,192.2,192.2,1,24,51,1,28,74,4,2,0,2,1,1,23,1.0,1.167,1.451,1.0,0.0,191.1,15.56,167,227,60,scenario_stable_non_high,other,"300m 이내 배출원 위치 1개, 500m 이내 배출원 위치 24개, 500m 이내 대기 배출업소 4곳, 500m 이내 지정폐기물 배출사업장 1곳, 500m 이내 소각 처리 사업장 1곳, 최근접 배출원 192m",,False,해당 시설 유형에 인원 자료 없음,산업·배출시설 공간 노출도,v4 (배출원: 전국 등록공장현황 2024-12-31 반영 5개 구 전역 + 배출업소·폐기물 v2 override 판 / 취약시설: 어린이집·경로당·지역아동센터 + 장애인복지관). geo_level=point 한정
SC0692,삼계화성아파트경로당,경로당,senior_center,4812725000,내서읍,마산회원구,35.2332550148597,128.500573066822,187.9,187.9,1,7,35,1,9,57,0,1,0,1,0,1,7,1.0,1.286,1.629,1.0,0.0,538.9,93.73,414,684,270,scenario_stable_non_high,other,"300m 이내 배출원 위치 1개, 500m 이내 배출원 위치 7개, 500m 이내 소각 처리 사업장 1곳, 최근접 배출원 188m",,False,해당 시설 유형에 인원 자료 없음,산업·배출시설 공간 노출도,v4 (배출원: 전국 등록공장현황 2024-12-31 반영 5개 구 전역 + 배출업소·폐기물 v2 override 판 / 취약시설: 어린이집·경로당·지역아동센터 + 장애인복지관). geo_level=point 한정
SC0695,상곡2주공아파트경로당,경로당,senior_center,4812725000,내서읍,마산회원구,35.2451753317295,128.499422968804,177.8,177.8,1,1,35,1,1,41,1,0,0,0,0,0,0,1.0,1.0,1.171,1.0,0.0,655.6,161.14,398,943,545,scenario_stable_non_high,other,"300m 이내 배출원 위치 1개, 500m 이내 배출원 위치 1개, 500m 이내 대기 배출업소 1곳, 최근접 배출원 178m",,False,해당 시설 유형에 인원 자료 없음,산업·배출시설 공간 노출도,v4 (배출원: 전국 등록공장현황 2024-12-31 반영 5개 구 전역 + 배출업소·폐기물 v2 override 판 / 취약시설: 어린이집·경로당·지역아동센터 + 장애인복지관). geo_level=point 한정
SC0698,서광2차아파트경로당,경로당,senior_center,4812725000,내서읍,마산회원구,35.2577323768217,128.520153392793,125.9,125.9,3,5,34,5,7,40,2,1,0,1,0,0,3,1.667,1.4,1.176,1.0,0.0,449.1,28.19,386,503,117,scenario_stable_non_high,other,"300m 이내 배출원 위치 3개, 500m 이내 배출원 위치 5개, 500m 이내 대기 배출업소 2곳, 최근접 배출원 126m",,False,해당 시설 유형에 인원 자료 없음,산업·배출시설 공간 노출도,v4 (배출원: 전국 등록공장현황 2024-12-31 반영 5개 구 전역 + 배출업소·폐기물 v2 override 판 / 취약시설: 어린이집·경로당·지역아동센터 + 장애인복지관). geo_level=point 한정
SC0701,숲속마을주공3단지아파트경로당,경로당,senior_center,4812725000,내서읍,마산회원구,35.231819471477,128.496602555824,156.3,156.3,2,3,28,2,3,34,0,1,0,0,0,0,2,1.0,1.0,1.214,1.0,0.0,901.8,84.67,748,999,251,scenario_stable_non_high,other,"300m 이내 배출원 위치 2개, 500m 이내 배출원 위치 3개, 최근접 배출원 156m",,False,해당 시설 유형에 인원 자료 없음,산업·배출시설 공간 노출도,v4 (배출원: 전국 등록공장현황 2024-12-31 반영 5개 구 전역 + 배출업소·폐기물 v2 override 판 / 취약시설: 어린이집·경로당·지역아동센터 + 장애인복지관). geo_level=point 한정
SC0702,숲속마을주공4단지아파트경로당,경로당,senior_center,4812725000,내서읍,마산회원구,35.23107095044,128.496918876222,72.4,72.4,2,2,26,2,2,32,0,1,0,0,0,0,1,1.0,1.0,1.231,1.0,0.0,900.8,51.31,830,992,162,scenario_stable_non_high,other,"300m 이내 배출원 위치 2개, 500m 이내 배출원 위치 2개, 최근접 배출원 72m",,False,해당 시설 유형에 인원 자료 없음,산업·배출시설 공간 노출도,v4 (배출원: 전국 등록공장현황 2024-12-31 반영 5개 구 전역 + 배출업소·폐기물 v2 override 판 / 취약시설: 어린이집·경로당·지역아동센터 + 장애인복지관). geo_level=point 한정
SC0703,숲속마을주공5단지아파트경로당,경로당,senior_center,4812725000,내서읍,마산회원구,35.2289727966165,128.496879560341,189.9,189.9,1,4,12,1,5,16,0,1,2,0,0,0,2,1.0,1.25,1.333,1.0,0.0,1142.5,34.62,1072,1194,122,scenario_stable_non_high,other,"300m 이내 배출원 위치 1개, 500m 이내 배출원 위치 4개, 최근접 배출원 190m",,False,해당 시설 유형에 인원 자료 없음,산업·배출시설 공간 노출도,v4 (배출원: 전국 등록공장현황 2024-12-31 반영 5개 구 전역 + 배출업소·폐기물 v2 override 판 / 취약시설: 어린이집·경로당·지역아동센터 + 장애인복지관). geo_level=point 한정
SC0704,숲속마을주공6단지아파트경로당,경로당,senior_center,4812725000,내서읍,마산회원구,35.2298482281802,128.497778635903,88.8,88.8,1,2,26,1,2,32,0,1,0,0,0,0,1,1.0,1.0,1.231,1.0,0.0,949.7,33.44,891,1018,127,scenario_stable_non_high,other,"300m 이내 배출원 위치 1개, 500m 이내 배출원 위치 2개, 최근접 배출원 89m",,False,해당 시설 유형에 인원 자료 없음,산업·배출시설 공간 노출도,v4 (배출원: 전국 등록공장현황 2024-12-31 반영 5개 구 전역 + 배출업소·폐기물 v2 override 판 / 취약시설: 어린이집·경로당·지역아동센터 + 장애인복지관). geo_level=point 한정
SC0705,신감경로당,경로당,senior_center,4812725000,내서읍,마산회원구,35.2041324055538,128.510934737661,213.2,213.2,2,3,5,4,5,7,0,1,1,1,0,0,2,2.0,1.667,1.4,1.0,0.0,1203.5,126.21,991,1366,375,scenario_stable_non_high,other,"300m 이내 배출원 위치 2개, 500m 이내 배출원 위치 3개, 최근접 배출원 213m",,False,해당 시설 유형에 인원 자료 없음,산업·배출시설 공간 노출도,v4 (배출원: 전국 등록공장현황 2024-12-31 반영 5개 구 전역 + 배출업소·폐기물 v2 override 판 / 취약시설: 어린이집·경로당·지역아동센터 + 장애인복지관). geo_level=point 한정
SC0706,신목경로당,경로당,senior_center,4812725000,내서읍,마산회원구,35.1919665097227,128.496321877345,1357.6,1357.6,0,0,0,0,0,0,0,0,0,0,0,0,0,,,,1.0,0.0,1584.0,0.0,1584,1584,0,scenario_stable_non_high,other,"1km 이내 배출원 없음 (최근접 1,358m)",,False,해당 시설 유형에 인원 자료 없음,산업·배출시설 공간 노출도,v4 (배출원: 전국 등록공장현황 2024-12-31 반영 5개 구 전역 + 배출업소·폐기물 v2 override 판 / 취약시설: 어린이집·경로당·지역아동센터 + 장애인복지관). geo_level=point 한정
SC0708,안계경로당,경로당,senior_center,4812725000,내서읍,마산회원구,35.2377032458802,128.486725130195,176.4,176.4,1,1,2,1,1,2,1,0,0,0,0,0,1,1.0,1.0,1.0,1.0,0.0,1337.1,149.96,1016,1468,452,scenario_stable_non_high,other,"300m 이내 배출원 위치 1개, 500m 이내 배출원 위치 1개, 500m 이내 대기 배출업소 1곳, 최근접 배출원 176m",,False,해당 시설 유형에 인원 자료 없음,산업·배출시설 공간 노출도,v4 (배출원: 전국 등록공장현황 2024-12-31 반영 5개 구 전역 + 배출업소·폐기물 v2 override 판 / 취약시설: 어린이집·경로당·지역아동센터 + 장애인복지관). geo_level=point 한정
SC0709,안곡경로당,경로당,senior_center,4812725000,내서읍,마산회원구,35.2624916317901,128.535353947005,343.5,343.5,0,1,4,0,1,4,0,0,0,0,0,0,1,,1.0,1.0,1.0,0.0,1461.3,22.95,1418,1486,68,scenario_stable_non_high,other,"500m 이내 배출원 위치 1개, 최근접 배출원 344m",,False,해당 시설 유형에 인원 자료 없음,산업·배출시설 공간 노출도,v4 (배출원: 전국 등록공장현황 2024-12-31 반영 5개 구 전역 + 배출업소·폐기물 v2 override 판 / 취약시설: 어린이집·경로당·지역아동센터 + 장애인복지관). geo_level=point 한정
SC0710,안성경로당,경로당,senior_center,4812725000,내서읍,마산회원구,35.2651483934764,128.551233411384,1363.3,1363.3,0,0,0,0,0,0,0,0,0,0,0,0,0,,,,1.0,0.0,1584.0,0.0,1584,1584,0,scenario_stable_non_high,other,"1km 이내 배출원 없음 (최근접 1,363m)",,False,해당 시설 유형에 인원 자료 없음,산업·배출시설 공간 노출도,v4 (배출원: 전국 등록공장현황 2024-12-31 반영 5개 구 전역 + 배출업소·폐기물 v2 override 판 / 취약시설: 어린이집·경로당·지역아동센터 + 장애인복지관). geo_level=point 한정
SC0711,옥정경로당,경로당,senior_center,4812725000,내서읍,마산회원구,35.2490738936766,128.522426416061,110.3,110.3,2,5,59,2,6,65,1,2,0,0,0,0,3,1.0,1.2,1.102,1.0,0.0,338.6,121.32,194,561,367,scenario_stable_non_high,other,"300m 이내 배출원 위치 2개, 500m 이내 배출원 위치 5개, 500m 이내 대기 배출업소 1곳, 최근접 배출원 110m",,False,해당 시설 유형에 인원 자료 없음,산업·배출시설 공간 노출도,v4 (배출원: 전국 등록공장현황 2024-12-31 반영 5개 구 전역 + 배출업소·폐기물 v2 override 판 / 취약시설: 어린이집·경로당·지역아동센터 + 장애인복지관). geo_level=point 한정
SC0713,원계경로당,경로당,senior_center,4812725000,내서읍,마산회원구,35.2307584017706,128.509124349556,332.9,332.9,0,5,38,0,7,59,0,1,0,0,0,0,6,,1.4,1.553,1.0,0.0,656.2,160.64,460,919,459,scenario_stable_non_high,other,"500m 이내 배출원 위치 5개, 최근접 배출원 333m",,False,해당 시설 유형에 인원 자료 없음,산업·배출시설 공간 노출도,v4 (배출원: 전국 등록공장현황 2024-12-31 반영 5개 구 전역 + 배출업소·폐기물 v2 override 판 / 취약시설: 어린이집·경로당·지역아동센터 + 장애인복지관). geo_level=point 한정
SC0714,원계대동다숲아파트경로당,경로당,senior_center,4812725000,내서읍,마산회원구,35.2298887144455,128.506410607402,307.5,307.5,0,6,30,0,8,49,0,1,0,1,0,1,6,,1.333,1.633,1.0,0.0,678.8,122.0,523,885,362,scenario_stable_non_high,other,"500m 이내 배출원 위치 6개, 500m 이내 소각 처리 사업장 1곳, 최근접 배출원 308m",,False,해당 시설 유형에 인원 자료 없음,산업·배출시설 공간 노출도,v4 (배출원: 전국 등록공장현황 2024-12-31 반영 5개 구 전역 + 배출업소·폐기물 v2 override 판 / 취약시설: 어린이집·경로당·지역아동센터 + 장애인복지관). geo_level=point 한정
SC0716,전안경로당,경로당,senior_center,4812725000,내서읍,마산회원구,35.215203561332,128.504729125799,987.7,987.7,0,0,1,0,0,1,0,0,0,0,0,0,0,,,1.0,1.0,0.0,1556.4,2.85,1551,1558,7,scenario_stable_non_high,other,1km 이내 배출원 없음 (최근접 988m),,False,해당 시설 유형에 인원 자료 없음,산업·배출시설 공간 노출도,v4 (배출원: 전국 등록공장현황 2024-12-31 반영 5개 구 전역 + 배출업소·폐기물 v2 override 판 / 취약시설: 어린이집·경로당·지역아동센터 + 장애인복지관). geo_level=point 한정
SC0720,중리현대아파트경로당,경로당,senior_center,4812725000,내서읍,마산회원구,35.2505019236995,128.522138572503,98.6,98.6,2,10,56,2,11,62,3,2,0,0,0,0,6,1.0,1.1,1.107,1.0,0.0,264.0,66.21,179,391,212,scenario_stable_non_high,other,"300m 이내 배출원 위치 2개, 500m 이내 배출원 위치 10개, 500m 이내 대기 배출업소 3곳, 최근접 배출원 99m",,False,해당 시설 유형에 인원 자료 없음,산업·배출시설 공간 노출도,v4 (배출원: 전국 등록공장현황 2024-12-31 반영 5개 구 전역 + 배출업소·폐기물 v2 override 판 / 취약시설: 어린이집·경로당·지역아동센터 + 장애인복지관). geo_level=point 한정
SC0721,코오롱1차아파트경로당,경로당,senior_center,4812725000,내서읍,마산회원구,35.2663045036371,128.524986267974,0.0,0.0,2,5,9,3,7,11,1,4,0,0,0,0,2,1.5,1.4,1.222,1.0,0.0,971.1,218.09,583,1168,585,scenario_stable_non_high,other,"300m 이내 배출원 위치 2개, 500m 이내 배출원 위치 5개, 500m 이내 대기 배출업소 1곳, 최근접 배출원 0m",,False,해당 시설 유형에 인원 자료 없음,산업·배출시설 공간 노출도,v4 (배출원: 전국 등록공장현황 2024-12-31 반영 5개 구 전역 + 배출업소·폐기물 v2 override 판 / 취약시설: 어린이집·경로당·지역아동센터 + 장애인복지관). geo_level=point 한정
SC0722,코오롱2차아파트경로당,경로당,senior_center,4812725000,내서읍,마산회원구,35.26531922377,128.524789896796,110.8,110.8,2,6,10,3,8,14,1,3,1,0,0,0,3,1.5,1.333,1.4,1.0,0.0,1022.4,107.82,827,1152,325,scenario_stable_non_high,other,"300m 이내 배출원 위치 2개, 500m 이내 배출원 위치 6개, 500m 이내 대기 배출업소 1곳, 최근접 배출원 111m",,False,해당 시설 유형에 인원 자료 없음,산업·배출시설 공간 노출도,v4 (배출원: 전국 등록공장현황 2024-12-31 반영 5개 구 전역 + 배출업소·폐기물 v2 override 판 / 취약시설: 어린이집·경로당·지역아동센터 + 장애인복지관). geo_level=point 한정
SC0723,평성남성경로당,경로당,senior_center,4812725000,내서읍,마산회원구,35.2588428346434,128.538281130892,143.6,143.6,1,1,1,1,1,1,0,0,0,0,0,0,1,1.0,1.0,1.0,1.0,0.0,1411.3,134.75,1159,1512,353,scenario_stable_non_high,other,"300m 이내 배출원 위치 1개, 500m 이내 배출원 위치 1개, 최근접 배출원 144m",,False,해당 시설 유형에 인원 자료 없음,산업·배출시설 공간 노출도,v4 (배출원: 전국 등록공장현황 2024-12-31 반영 5개 구 전역 + 배출업소·폐기물 v2 override 판 / 취약시설: 어린이집·경로당·지역아동센터 + 장애인복지관). geo_level=point 한정
SC0724,평성여성경로당,경로당,senior_center,4812725000,내서읍,마산회원구,35.2588428346434,128.538281130892,143.6,143.6,1,1,1,1,1,1,0,0,0,0,0,0,1,1.0,1.0,1.0,1.0,0.0,1411.3,134.75,1159,1512,353,scenario_stable_non_high,other,"300m 이내 배출원 위치 1개, 500m 이내 배출원 위치 1개, 최근접 배출원 144m",,False,해당 시설 유형에 인원 자료 없음,산업·배출시설 공간 노출도,v4 (배출원: 전국 등록공장현황 2024-12-31 반영 5개 구 전역 + 배출업소·폐기물 v2 override 판 / 취약시설: 어린이집·경로당·지역아동센터 + 장애인복지관). geo_level=point 한정
SC0725,한우리경로당,경로당,senior_center,4812725000,내서읍,마산회원구,35.2280792125087,128.504300812031,444.3,444.3,0,1,29,0,1,35,0,1,0,0,0,0,0,,1.0,1.207,1.0,0.0,981.1,162.64,791,1246,455,scenario_stable_non_high,other,"500m 이내 배출원 위치 1개, 최근접 배출원 444m",,False,해당 시설 유형에 인원 자료 없음,산업·배출시설 공간 노출도,v4 (배출원: 전국 등록공장현황 2024-12-31 반영 5개 구 전역 + 배출업소·폐기물 v2 override 판 / 취약시설: 어린이집·경로당·지역아동센터 + 장애인복지관). geo_level=point 한정
SC0726,한우리2차아파트경로당,경로당,senior_center,4812725000,내서읍,마산회원구,35.2272840788311,128.503899184121,364.1,364.1,0,1,26,0,1,32,0,1,0,0,0,0,0,,1.0,1.231,1.0,0.0,1078.4,144.1,931,1314,383,scenario_stable_non_high,other,"500m 이내 배출원 위치 1개, 최근접 배출원 364m",,False,해당 시설 유형에 인원 자료 없음,산업·배출시설 공간 노출도,v4 (배출원: 전국 등록공장현황 2024-12-31 반영 5개 구 전역 + 배출업소·폐기물 v2 override 판 / 취약시설: 어린이집·경로당·지역아동센터 + 장애인복지관). geo_level=point 한정
SC0730,호계남성경로당,경로당,senior_center,4812725000,내서읍,마산회원구,35.2661203561337,128.519681639389,228.0,228.0,1,4,10,2,6,12,0,2,1,0,0,0,3,2.0,1.5,1.2,1.0,0.0,1160.0,20.86,1120,1192,72,scenario_stable_non_high,other,"300m 이내 배출원 위치 1개, 500m 이내 배출원 위치 4개, 최근접 배출원 228m",,False,해당 시설 유형에 인원 자료 없음,산업·배출시설 공간 노출도,v4 (배출원: 전국 등록공장현황 2024-12-31 반영 5개 구 전역 + 배출업소·폐기물 v2 override 판 / 취약시설: 어린이집·경로당·지역아동센터 + 장애인복지관). geo_level=point 한정
SC0731,호계여성경로당,경로당,senior_center,4812725000,내서읍,마산회원구,35.2661203561337,128.519681639389,228.0,228.0,1,4,10,2,6,12,0,2,1,0,0,0,3,2.0,1.5,1.2,1.0,0.0,1160.0,20.86,1120,1192,72,scenario_stable_non_high,other,"300m 이내 배출원 위치 1개, 500m 이내 배출원 위치 4개, 최근접 배출원 228m",,False,해당 시설 유형에 인원 자료 없음,산업·배출시설 공간 노출도,v4 (배출원: 전국 등록공장현황 2024-12-31 반영 5개 구 전역 + 배출업소·폐기물 v2 override 판 / 취약시설: 어린이집·경로당·지역아동센터 + 장애인복지관). geo_level=point 한정
SC0732,화인태양아파트경로당,경로당,senior_center,4812725000,내서읍,마산회원구,35.268279584297,128.523890430087,239.0,239.0,2,4,8,4,6,10,1,3,0,0,0,0,2,2.0,1.5,1.25,1.0,0.0,1155.7,90.29,997,1266,269,scenario_stable_non_high,other,"300m 이내 배출원 위치 2개, 500m 이내 배출원 위치 4개, 500m 이내 대기 배출업소 1곳, 최근접 배출원 239m",,False,해당 시설 유형에 인원 자료 없음,산업·배출시설 공간 노출도,v4 (배출원: 전국 등록공장현황 2024-12-31 반영 5개 구 전역 + 배출업소·폐기물 v2 override 판 / 취약시설: 어린이집·경로당·지역아동센터 + 장애인복지관). geo_level=point 한정
SC0733,회원1동남성경로당,경로당,senior_center,4812751000,회원1동,마산회원구,35.2183801400445,128.572739525768,218.5,218.5,3,6,30,3,6,33,0,2,0,1,1,0,3,1.0,1.0,1.1,0.0,0.0,622.8,48.85,540,731,191,scenario_stable_non_high,other,"300m 이내 배출원 위치 3개, 500m 이내 배출원 위치 6개, 500m 이내 지정폐기물 배출사업장 1곳, 최근접 배출원 218m",,False,해당 시설 유형에 인원 자료 없음,산업·배출시설 공간 노출도,v4 (배출원: 전국 등록공장현황 2024-12-31 반영 5개 구 전역 + 배출업소·폐기물 v2 override 판 / 취약시설: 어린이집·경로당·지역아동센터 + 장애인복지관). geo_level=point 한정
SC0734,회원1동여성경로당,경로당,senior_center,4812751000,회원1동,마산회원구,35.2183801400445,128.572739525768,218.5,218.5,3,6,30,3,6,33,0,2,0,1,1,0,3,1.0,1.0,1.1,0.0,0.0,622.8,48.85,540,731,191,scenario_stable_non_high,other,"300m 이내 배출원 위치 3개, 500m 이내 배출원 위치 6개, 500m 이내 지정폐기물 배출사업장 1곳, 최근접 배출원 218m",,False,해당 시설 유형에 인원 자료 없음,산업·배출시설 공간 노출도,v4 (배출원: 전국 등록공장현황 2024-12-31 반영 5개 구 전역 + 배출업소·폐기물 v2 override 판 / 취약시설: 어린이집·경로당·지역아동센터 + 장애인복지관). geo_level=point 한정
SC0735,한효아파트경로당,경로당,senior_center,4812751000,회원1동,마산회원구,35.2173887271967,128.571682044036,287.9,287.9,1,5,26,1,5,29,0,1,0,1,1,0,3,1.0,1.0,1.115,0.0,0.0,770.1,82.17,658,941,283,scenario_stable_non_high,other,"300m 이내 배출원 위치 1개, 500m 이내 배출원 위치 5개, 500m 이내 지정폐기물 배출사업장 1곳, 최근접 배출원 288m",,False,해당 시설 유형에 인원 자료 없음,산업·배출시설 공간 노출도,v4 (배출원: 전국 등록공장현황 2024-12-31 반영 5개 구 전역 + 배출업소·폐기물 v2 override 판 / 취약시설: 어린이집·경로당·지역아동센터 + 장애인복지관). geo_level=point 한정
SC0736,이산남성경로당,경로당,senior_center,4812751000,회원1동,마산회원구,35.2210670272491,128.575398079307,124.7,124.7,3,9,28,3,10,31,1,4,0,2,1,0,3,1.0,1.111,1.107,0.0,0.0,483.9,30.13,428,549,121,scenario_stable_non_high,other,"300m 이내 배출원 위치 3개, 500m 이내 배출원 위치 9개, 500m 이내 대기 배출업소 1곳, 500m 이내 지정폐기물 배출사업장 1곳, 최근접 배출원 125m",,False,해당 시설 유형에 인원 자료 없음,산업·배출시설 공간 노출도,v4 (배출원: 전국 등록공장현황 2024-12-31 반영 5개 구 전역 + 배출업소·폐기물 v2 override 판 / 취약시설: 어린이집·경로당·지역아동센터 + 장애인복지관). geo_level=point 한정
SC0737,이산여성경로당,경로당,senior_center,4812751000,회원1동,마산회원구,35.2210670272491,128.575398079307,124.7,124.7,3,9,28,3,10,31,1,4,0,2,1,0,3,1.0,1.111,1.107,0.0,0.0,483.9,30.13,428,549,121,scenario_stable_non_high,other,"300m 이내 배출원 위치 3개, 500m 이내 배출원 위치 9개, 500m 이내 대기 배출업소 1곳, 500m 이내 지정폐기물 배출사업장 1곳, 최근접 배출원 125m",,False,해당 시설 유형에 인원 자료 없음,산업·배출시설 공간 노출도,v4 (배출원: 전국 등록공장현황 2024-12-31 반영 5개 구 전역 + 배출업소·폐기물 v2 override 판 / 취약시설: 어린이집·경로당·지역아동센터 + 장애인복지관). geo_level=point 한정
SC0738,봉오남성경로당,경로당,senior_center,4812751000,회원1동,마산회원구,35.2226879377983,128.571783682903,48.5,48.5,5,11,27,5,11,28,0,8,0,0,0,0,3,1.0,1.0,1.037,0.0,0.0,497.1,34.01,409,533,124,scenario_stable_non_high,other,"300m 이내 배출원 위치 5개, 500m 이내 배출원 위치 11개, 최근접 배출원 48m",,False,해당 시설 유형에 인원 자료 없음,산업·배출시설 공간 노출도,v4 (배출원: 전국 등록공장현황 2024-12-31 반영 5개 구 전역 + 배출업소·폐기물 v2 override 판 / 취약시설: 어린이집·경로당·지역아동센터 + 장애인복지관). geo_level=point 한정
SC0739,봉오여성경로당,경로당,senior_center,4812751000,회원1동,마산회원구,35.2226879377983,128.571783682903,48.5,48.5,5,11,27,5,11,28,0,8,0,0,0,0,3,1.0,1.0,1.037,0.0,0.0,497.1,34.01,409,533,124,scenario_stable_non_high,other,"300m 이내 배출원 위치 5개, 500m 이내 배출원 위치 11개, 최근접 배출원 48m",,False,해당 시설 유형에 인원 자료 없음,산업·배출시설 공간 노출도,v4 (배출원: 전국 등록공장현황 2024-12-31 반영 5개 구 전역 + 배출업소·폐기물 v2 override 판 / 취약시설: 어린이집·경로당·지역아동센터 + 장애인복지관). geo_level=point 한정
SC0740,육호경로당,경로당,senior_center,4812751000,회원1동,마산회원구,35.2176853278639,128.575944420932,72.5,72.5,5,9,29,5,9,33,0,5,0,1,1,0,3,1.0,1.0,1.138,0.0,0.0,437.7,99.39,200,546,346,scenario_stable_non_high,other,"300m 이내 배출원 위치 5개, 500m 이내 배출원 위치 9개, 500m 이내 지정폐기물 배출사업장 1곳, 최근접 배출원 72m",,False,해당 시설 유형에 인원 자료 없음,산업·배출시설 공간 노출도,v4 (배출원: 전국 등록공장현황 2024-12-31 반영 5개 구 전역 + 배출업소·폐기물 v2 override 판 / 취약시설: 어린이집·경로당·지역아동센터 + 장애인복지관). geo_level=point 한정
SC0741,화란여성경로당,경로당,senior_center,4812752000,회원2동,마산회원구,35.2187896668808,128.559421452507,595.4,595.4,0,0,3,0,0,3,0,0,0,0,0,0,0,,,1.0,0.0,0.0,1476.2,21.8,1432,1511,79,scenario_stable_non_high,other,1km 이내 배출원 없음 (최근접 595m),,False,해당 시설 유형에 인원 자료 없음,산업·배출시설 공간 노출도,v4 (배출원: 전국 등록공장현황 2024-12-31 반영 5개 구 전역 + 배출업소·폐기물 v2 override 판 / 취약시설: 어린이집·경로당·지역아동센터 + 장애인복지관). geo_level=point 한정
SC0742,화란남성경로당,경로당,senior_center,4812752000,회원2동,마산회원구,35.2187896668808,128.559421452507,595.4,595.4,0,0,3,0,0,3,0,0,0,0,0,0,0,,,1.0,0.0,0.0,1476.2,21.8,1432,1511,79,scenario_stable_non_high,other,1km 이내 배출원 없음 (최근접 595m),,False,해당 시설 유형에 인원 자료 없음,산업·배출시설 공간 노출도,v4 (배출원: 전국 등록공장현황 2024-12-31 반영 5개 구 전역 + 배출업소·폐기물 v2 override 판 / 취약시설: 어린이집·경로당·지역아동센터 + 장애인복지관). geo_level=point 한정
SC0743,연계마을여성경로당,경로당,senior_center,4812752000,회원2동,마산회원구,35.2207331281915,128.557851342908,664.7,664.7,0,0,2,0,0,2,0,0,0,0,0,0,0,,,1.0,0.0,0.0,1506.5,15.82,1471,1528,57,scenario_stable_non_high,other,1km 이내 배출원 없음 (최근접 665m),,False,해당 시설 유형에 인원 자료 없음,산업·배출시설 공간 노출도,v4 (배출원: 전국 등록공장현황 2024-12-31 반영 5개 구 전역 + 배출업소·폐기물 v2 override 판 / 취약시설: 어린이집·경로당·지역아동센터 + 장애인복지관). geo_level=point 한정
SC0744,연계마을남성경로당,경로당,senior_center,4812752000,회원2동,마산회원구,35.2207331281915,128.557851342908,664.7,664.7,0,0,2,0,0,2,0,0,0,0,0,0,0,,,1.0,0.0,0.0,1506.5,15.82,1471,1528,57,scenario_stable_non_high,other,1km 이내 배출원 없음 (최근접 665m),,False,해당 시설 유형에 인원 자료 없음,산업·배출시설 공간 노출도,v4 (배출원: 전국 등록공장현황 2024-12-31 반영 5개 구 전역 + 배출업소·폐기물 v2 override 판 / 취약시설: 어린이집·경로당·지역아동센터 + 장애인복지관). geo_level=point 한정
SC0745,봉화여성경로당,경로당,senior_center,4812752000,회원2동,마산회원구,35.2204008438143,128.56697604222,207.0,207.0,1,3,15,1,3,15,0,1,0,1,1,0,1,1.0,1.0,1.0,0.0,0.0,959.7,90.62,765,1107,342,scenario_stable_non_high,other,"300m 이내 배출원 위치 1개, 500m 이내 배출원 위치 3개, 500m 이내 지정폐기물 배출사업장 1곳, 최근접 배출원 207m",,False,해당 시설 유형에 인원 자료 없음,산업·배출시설 공간 노출도,v4 (배출원: 전국 등록공장현황 2024-12-31 반영 5개 구 전역 + 배출업소·폐기물 v2 override 판 / 취약시설: 어린이집·경로당·지역아동센터 + 장애인복지관). geo_level=point 한정
SC0746,봉화남성경로당,경로당,senior_center,4812752000,회원2동,마산회원구,35.2204008438143,128.56697604222,207.0,207.0,1,3,15,1,3,15,0,1,0,1,1,0,1,1.0,1.0,1.0,0.0,0.0,959.7,90.62,765,1107,342,scenario_stable_non_high,other,"300m 이내 배출원 위치 1개, 500m 이내 배출원 위치 3개, 500m 이내 지정폐기물 배출사업장 1곳, 최근접 배출원 207m",,False,해당 시설 유형에 인원 자료 없음,산업·배출시설 공간 노출도,v4 (배출원: 전국 등록공장현황 2024-12-31 반영 5개 구 전역 + 배출업소·폐기물 v2 override 판 / 취약시설: 어린이집·경로당·지역아동센터 + 장애인복지관). geo_level=point 한정
SC0747,회봉경로당,경로당,senior_center,4812752000,회원2동,마산회원구,35.2209536938047,128.566458410848,135.7,135.7,1,3,15,1,3,15,0,1,0,1,1,0,1,1.0,1.0,1.0,0.0,0.0,905.0,144.82,562,1106,544,scenario_stable_non_high,other,"300m 이내 배출원 위치 1개, 500m 이내 배출원 위치 3개, 500m 이내 지정폐기물 배출사업장 1곳, 최근접 배출원 136m",,False,해당 시설 유형에 인원 자료 없음,산업·배출시설 공간 노출도,v4 (배출원: 전국 등록공장현황 2024-12-31 반영 5개 구 전역 + 배출업소·폐기물 v2 override 판 / 취약시설: 어린이집·경로당·지역아동센터 + 장애인복지관). geo_level=point 한정
SC0748,팔거리거점경로당,경로당,senior_center,4812752000,회원2동,마산회원구,35.2196510654062,128.563522498398,246.0,246.0,1,1,8,1,1,8,0,0,0,1,1,0,0,1.0,1.0,1.0,0.0,0.0,1181.8,115.82,941,1354,413,scenario_stable_non_high,other,"300m 이내 배출원 위치 1개, 500m 이내 배출원 위치 1개, 500m 이내 지정폐기물 배출사업장 1곳, 최근접 배출원 246m",,False,해당 시설 유형에 인원 자료 없음,산업·배출시설 공간 노출도,v4 (배출원: 전국 등록공장현황 2024-12-31 반영 5개 구 전역 + 배출업소·폐기물 v2 override 판 / 취약시설: 어린이집·경로당·지역아동센터 + 장애인복지관). geo_level=point 한정
SC0749,회원2동제1경로당,경로당,senior_center,4812752000,회원2동,마산회원구,35.2186451502462,128.562437156945,394.6,394.6,0,1,5,0,1,5,0,0,0,1,1,0,0,,1.0,1.0,0.0,0.0,1358.4,50.36,1240,1424,184,scenario_stable_non_high,other,"500m 이내 배출원 위치 1개, 500m 이내 지정폐기물 배출사업장 1곳, 최근접 배출원 395m",,False,해당 시설 유형에 인원 자료 없음,산업·배출시설 공간 노출도,v4 (배출원: 전국 등록공장현황 2024-12-31 반영 5개 구 전역 + 배출업소·폐기물 v2 override 판 / 취약시설: 어린이집·경로당·지역아동센터 + 장애인복지관). geo_level=point 한정
SC0750,무학경로당,경로당,senior_center,4812752000,회원2동,마산회원구,35.2166237784872,128.559857623748,458.6,458.6,0,1,3,0,1,3,0,1,0,0,0,0,0,,1.0,1.0,0.0,0.0,1463.5,12.0,1441,1486,45,scenario_stable_non_high,other,"500m 이내 배출원 위치 1개, 최근접 배출원 459m",,False,해당 시설 유형에 인원 자료 없음,산업·배출시설 공간 노출도,v4 (배출원: 전국 등록공장현황 2024-12-31 반영 5개 구 전역 + 배출업소·폐기물 v2 override 판 / 취약시설: 어린이집·경로당·지역아동센터 + 장애인복지관). geo_level=point 한정
SC0751,e편한세상1단지경로당,경로당,senior_center,4812752000,회원2동,마산회원구,35.222036895346,128.569984464304,156.6,156.6,2,9,25,2,9,26,0,5,0,1,1,0,3,1.0,1.0,1.04,0.0,0.0,675.4,54.94,578,775,197,scenario_stable_non_high,other,"300m 이내 배출원 위치 2개, 500m 이내 배출원 위치 9개, 500m 이내 지정폐기물 배출사업장 1곳, 최근접 배출원 157m",,False,해당 시설 유형에 인원 자료 없음,산업·배출시설 공간 노출도,v4 (배출원: 전국 등록공장현황 2024-12-31 반영 5개 구 전역 + 배출업소·폐기물 v2 override 판 / 취약시설: 어린이집·경로당·지역아동센터 + 장애인복지관). geo_level=point 한정
SC0752,e편한세상2단지경로당,경로당,senior_center,4812752000,회원2동,마산회원구,35.2194026917238,128.569503435739,176.5,176.5,1,5,23,1,5,25,0,2,0,1,1,0,2,1.0,1.0,1.087,0.0,0.0,856.0,67.32,744,963,219,scenario_stable_non_high,other,"300m 이내 배출원 위치 1개, 500m 이내 배출원 위치 5개, 500m 이내 지정폐기물 배출사업장 1곳, 최근접 배출원 176m",,False,해당 시설 유형에 인원 자료 없음,산업·배출시설 공간 노출도,v4 (배출원: 전국 등록공장현황 2024-12-31 반영 5개 구 전역 + 배출업소·폐기물 v2 override 판 / 취약시설: 어린이집·경로당·지역아동센터 + 장애인복지관). geo_level=point 한정
SC0753,낙원경로당,경로당,senior_center,4812752000,회원2동,마산회원구,35.2233735991651,128.569512691124,173.1,173.1,2,9,24,2,9,25,0,6,0,1,1,0,2,1.0,1.0,1.042,0.0,0.0,679.4,54.79,583,780,197,scenario_stable_non_high,other,"300m 이내 배출원 위치 2개, 500m 이내 배출원 위치 9개, 500m 이내 지정폐기물 배출사업장 1곳, 최근접 배출원 173m",,False,해당 시설 유형에 인원 자료 없음,산업·배출시설 공간 노출도,v4 (배출원: 전국 등록공장현황 2024-12-31 반영 5개 구 전역 + 배출업소·폐기물 v2 override 판 / 취약시설: 어린이집·경로당·지역아동센터 + 장애인복지관). geo_level=point 한정
SC0754,성황남성경로당,경로당,senior_center,4812754500,석전동,마산회원구,35.2290960287468,128.566971573056,269.5,269.5,1,9,26,1,9,26,1,4,0,1,1,0,3,1.0,1.0,1.0,3.0,0.0,615.3,37.14,553,701,148,scenario_stable_non_high,other,"300m 이내 배출원 위치 1개, 500m 이내 배출원 위치 9개, 500m 이내 대기 배출업소 1곳, 500m 이내 지정폐기물 배출사업장 1곳, 최근접 배출원 270m",,False,해당 시설 유형에 인원 자료 없음,산업·배출시설 공간 노출도,v4 (배출원: 전국 등록공장현황 2024-12-31 반영 5개 구 전역 + 배출업소·폐기물 v2 override 판 / 취약시설: 어린이집·경로당·지역아동센터 + 장애인복지관). geo_level=point 한정
SC0755,성황여성경로당,경로당,senior_center,4812754500,석전동,마산회원구,35.2290960287468,128.566971573056,269.5,269.5,1,9,26,1,9,26,1,4,0,1,1,0,3,1.0,1.0,1.0,3.0,0.0,615.3,37.14,553,701,148,scenario_stable_non_high,other,"300m 이내 배출원 위치 1개, 500m 이내 배출원 위치 9개, 500m 이내 대기 배출업소 1곳, 500m 이내 지정폐기물 배출사업장 1곳, 최근접 배출원 270m",,False,해당 시설 유형에 인원 자료 없음,산업·배출시설 공간 노출도,v4 (배출원: 전국 등록공장현황 2024-12-31 반영 5개 구 전역 + 배출업소·폐기물 v2 override 판 / 취약시설: 어린이집·경로당·지역아동센터 + 장애인복지관). geo_level=point 한정
SC0757,봉화남성경로당,경로당,senior_center,4812754500,석전동,마산회원구,35.225649051026,128.569143438872,179.5,179.5,2,8,27,2,8,27,1,6,0,0,0,0,1,1.0,1.0,1.0,3.0,0.0,663.9,55.47,599,764,165,scenario_stable_non_high,other,"300m 이내 배출원 위치 2개, 500m 이내 배출원 위치 8개, 500m 이내 대기 배출업소 1곳, 최근접 배출원 180m",,False,해당 시설 유형에 인원 자료 없음,산업·배출시설 공간 노출도,v4 (배출원: 전국 등록공장현황 2024-12-31 반영 5개 구 전역 + 배출업소·폐기물 v2 override 판 / 취약시설: 어린이집·경로당·지역아동센터 + 장애인복지관). geo_level=point 한정
SC0758,봉화여성경로당,경로당,senior_center,4812754500,석전동,마산회원구,35.225649051026,128.569143438872,179.5,179.5,2,8,27,2,8,27,1,6,0,0,0,0,1,1.0,1.0,1.0,3.0,0.0,663.9,55.47,599,764,165,scenario_stable_non_high,other,"300m 이내 배출원 위치 2개, 500m 이내 배출원 위치 8개, 500m 이내 대기 배출업소 1곳, 최근접 배출원 180m",,False,해당 시설 유형에 인원 자료 없음,산업·배출시설 공간 노출도,v4 (배출원: 전국 등록공장현황 2024-12-31 반영 5개 구 전역 + 배출업소·폐기물 v2 override 판 / 취약시설: 어린이집·경로당·지역아동센터 + 장애인복지관). geo_level=point 한정
SC0759,장수남성경로당,경로당,senior_center,4812754500,석전동,마산회원구,35.227059574899,128.572427825763,100.0,100.0,6,11,38,6,11,39,2,6,0,1,1,0,2,1.0,1.0,1.026,3.0,0.0,333.3,18.7,297,360,63,scenario_stable_non_high,other,"300m 이내 배출원 위치 6개, 500m 이내 배출원 위치 11개, 500m 이내 대기 배출업소 2곳, 500m 이내 지정폐기물 배출사업장 1곳, 최근접 배출원 100m",,False,해당 시설 유형에 인원 자료 없음,산업·배출시설 공간 노출도,v4 (배출원: 전국 등록공장현황 2024-12-31 반영 5개 구 전역 + 배출업소·폐기물 v2 override 판 / 취약시설: 어린이집·경로당·지역아동센터 + 장애인복지관). geo_level=point 한정
SC0760,장수여성경로당,경로당,senior_center,4812754500,석전동,마산회원구,35.227059574899,128.572427825763,100.0,100.0,6,11,38,6,11,39,2,6,0,1,1,0,2,1.0,1.0,1.026,3.0,0.0,333.3,18.7,297,360,63,scenario_stable_non_high,other,"300m 이내 배출원 위치 6개, 500m 이내 배출원 위치 11개, 500m 이내 대기 배출업소 2곳, 500m 이내 지정폐기물 배출사업장 1곳, 최근접 배출원 100m",,False,해당 시설 유형에 인원 자료 없음,산업·배출시설 공간 노출도,v4 (배출원: 전국 등록공장현황 2024-12-31 반영 5개 구 전역 + 배출업소·폐기물 v2 override 판 / 취약시설: 어린이집·경로당·지역아동센터 + 장애인복지관). geo_level=point 한정
SC0761,일우경로당,경로당,senior_center,4812754500,석전동,마산회원구,35.226774333827,128.570984385267,73.6,73.6,5,10,34,5,10,35,1,6,0,1,1,0,2,1.0,1.0,1.029,3.0,0.0,427.4,13.27,402,449,47,scenario_stable_non_high,other,"300m 이내 배출원 위치 5개, 500m 이내 배출원 위치 10개, 500m 이내 대기 배출업소 1곳, 500m 이내 지정폐기물 배출사업장 1곳, 최근접 배출원 74m",,False,해당 시설 유형에 인원 자료 없음,산업·배출시설 공간 노출도,v4 (배출원: 전국 등록공장현황 2024-12-31 반영 5개 구 전역 + 배출업소·폐기물 v2 override 판 / 취약시설: 어린이집·경로당·지역아동센터 + 장애인복지관). geo_level=point 한정
SC0762,동산남성경로당,경로당,senior_center,4812754500,석전동,마산회원구,35.2328290209674,128.572475467746,286.3,286.3,1,9,33,1,9,33,2,5,0,2,1,0,0,1.0,1.0,1.0,3.0,0.0,529.8,83.44,423,699,276,scenario_stable_non_high,other,"300m 이내 배출원 위치 1개, 500m 이내 배출원 위치 9개, 500m 이내 대기 배출업소 2곳, 500m 이내 지정폐기물 배출사업장 1곳, 최근접 배출원 286m",,False,해당 시설 유형에 인원 자료 없음,산업·배출시설 공간 노출도,v4 (배출원: 전국 등록공장현황 2024-12-31 반영 5개 구 전역 + 배출업소·폐기물 v2 override 판 / 취약시설: 어린이집·경로당·지역아동센터 + 장애인복지관). geo_level=point 한정
SC0763,동산여성경로당,경로당,senior_center,4812754500,석전동,마산회원구,35.2328290209674,128.572475467746,286.3,286.3,1,9,33,1,9,33,2,5,0,2,1,0,0,1.0,1.0,1.0,3.0,0.0,529.8,83.44,423,699,276,scenario_stable_non_high,other,"300m 이내 배출원 위치 1개, 500m 이내 배출원 위치 9개, 500m 이내 대기 배출업소 2곳, 500m 이내 지정폐기물 배출사업장 1곳, 최근접 배출원 286m",,False,해당 시설 유형에 인원 자료 없음,산업·배출시설 공간 노출도,v4 (배출원: 전국 등록공장현황 2024-12-31 반영 5개 구 전역 + 배출업소·폐기물 v2 override 판 / 취약시설: 어린이집·경로당·지역아동센터 + 장애인복지관). geo_level=point 한정
SC0765,역전여성경로당,경로당,senior_center,4812754500,석전동,마산회원구,35.2332962960334,128.570095863002,266.7,266.7,1,9,29,1,9,29,1,5,0,1,1,0,2,1.0,1.0,1.0,3.0,0.0,611.2,68.4,520,763,243,scenario_stable_non_high,other,"300m 이내 배출원 위치 1개, 500m 이내 배출원 위치 9개, 500m 이내 대기 배출업소 1곳, 500m 이내 지정폐기물 배출사업장 1곳, 최근접 배출원 267m",,False,해당 시설 유형에 인원 자료 없음,산업·배출시설 공간 노출도,v4 (배출원: 전국 등록공장현황 2024-12-31 반영 5개 구 전역 + 배출업소·폐기물 v2 override 판 / 취약시설: 어린이집·경로당·지역아동센터 + 장애인복지관). geo_level=point 한정
SC0766,북성여성경로당,경로당,senior_center,4812754500,석전동,마산회원구,35.232717173047,128.568274078436,111.3,111.3,6,9,27,6,9,27,1,4,0,1,1,0,3,1.0,1.0,1.0,3.0,0.0,472.4,55.97,358,564,206,scenario_stable_non_high,other,"300m 이내 배출원 위치 6개, 500m 이내 배출원 위치 9개, 500m 이내 대기 배출업소 1곳, 500m 이내 지정폐기물 배출사업장 1곳, 최근접 배출원 111m",,False,해당 시설 유형에 인원 자료 없음,산업·배출시설 공간 노출도,v4 (배출원: 전국 등록공장현황 2024-12-31 반영 5개 구 전역 + 배출업소·폐기물 v2 override 판 / 취약시설: 어린이집·경로당·지역아동센터 + 장애인복지관). geo_level=point 한정
SC0767,중앙남성경로당,경로당,senior_center,4812754500,석전동,마산회원구,35.230513985151,128.572866513919,209.9,209.9,2,13,37,2,13,37,2,8,0,2,1,0,1,1.0,1.0,1.0,3.0,0.0,374.4,48.93,294,508,214,scenario_stable_non_high,other,"300m 이내 배출원 위치 2개, 500m 이내 배출원 위치 13개, 500m 이내 대기 배출업소 2곳, 500m 이내 지정폐기물 배출사업장 1곳, 최근접 배출원 210m",,False,해당 시설 유형에 인원 자료 없음,산업·배출시설 공간 노출도,v4 (배출원: 전국 등록공장현황 2024-12-31 반영 5개 구 전역 + 배출업소·폐기물 v2 override 판 / 취약시설: 어린이집·경로당·지역아동센터 + 장애인복지관). geo_level=point 한정
SC0768,중앙여성경로당,경로당,senior_center,4812754500,석전동,마산회원구,35.230513985151,128.572866513919,209.9,209.9,2,13,37,2,13,37,2,8,0,2,1,0,1,1.0,1.0,1.0,3.0,0.0,374.4,48.93,294,508,214,scenario_stable_non_high,other,"300m 이내 배출원 위치 2개, 500m 이내 배출원 위치 13개, 500m 이내 대기 배출업소 2곳, 500m 이내 지정폐기물 배출사업장 1곳, 최근접 배출원 210m",,False,해당 시설 유형에 인원 자료 없음,산업·배출시설 공간 노출도,v4 (배출원: 전국 등록공장현황 2024-12-31 반영 5개 구 전역 + 배출업소·폐기물 v2 override 판 / 취약시설: 어린이집·경로당·지역아동센터 + 장애인복지관). geo_level=point 한정
SC0769,대동피렌체아파트경로당,경로당,senior_center,4812754500,석전동,마산회원구,35.2271975442468,128.574799052612,44.6,44.6,6,11,38,6,11,40,3,6,0,0,0,0,2,1.0,1.0,1.053,3.0,0.0,280.5,22.22,232,313,81,scenario_stable_non_high,other,"300m 이내 배출원 위치 6개, 500m 이내 배출원 위치 11개, 500m 이내 대기 배출업소 3곳, 최근접 배출원 45m",,False,해당 시설 유형에 인원 자료 없음,산업·배출시설 공간 노출도,v4 (배출원: 전국 등록공장현황 2024-12-31 반영 5개 구 전역 + 배출업소·폐기물 v2 override 판 / 취약시설: 어린이집·경로당·지역아동센터 + 장애인복지관). geo_level=point 한정
SC0771,광명촌경로당,경로당,senior_center,4812755000,회성동,마산회원구,35.2341666170721,128.565365432016,139.4,139.4,4,8,15,4,8,15,0,4,0,1,1,0,3,1.0,1.0,1.0,1.0,0.0,681.2,97.52,488,824,336,scenario_stable_non_high,other,"300m 이내 배출원 위치 4개, 500m 이내 배출원 위치 8개, 500m 이내 지정폐기물 배출사업장 1곳, 최근접 배출원 139m",,False,해당 시설 유형에 인원 자료 없음,산업·배출시설 공간 노출도,v4 (배출원: 전국 등록공장현황 2024-12-31 반영 5개 구 전역 + 배출업소·폐기물 v2 override 판 / 취약시설: 어린이집·경로당·지역아동센터 + 장애인복지관). geo_level=point 한정
SC0772,두곡경로당,경로당,senior_center,4812755000,회성동,마산회원구,35.2383230168524,128.54770985006,181.8,181.8,2,2,8,2,2,9,0,2,0,0,0,0,0,1.0,1.0,1.125,1.0,0.0,1257.3,104.94,1060,1370,310,scenario_stable_non_high,other,"300m 이내 배출원 위치 2개, 500m 이내 배출원 위치 2개, 최근접 배출원 182m",,False,해당 시설 유형에 인원 자료 없음,산업·배출시설 공간 노출도,v4 (배출원: 전국 등록공장현황 2024-12-31 반영 5개 구 전역 + 배출업소·폐기물 v2 override 판 / 취약시설: 어린이집·경로당·지역아동센터 + 장애인복지관). geo_level=point 한정
SC0773,두척경로당,경로당,senior_center,4812755000,회성동,마산회원구,35.237101120308,128.541701586095,29.7,29.7,1,1,6,1,1,7,0,0,0,0,0,0,1,1.0,1.0,1.167,1.0,0.0,1241.2,198.94,892,1411,519,scenario_stable_non_high,other,"300m 이내 배출원 위치 1개, 500m 이내 배출원 위치 1개, 최근접 배출원 30m",,False,해당 시설 유형에 인원 자료 없음,산업·배출시설 공간 노출도,v4 (배출원: 전국 등록공장현황 2024-12-31 반영 5개 구 전역 + 배출업소·폐기물 v2 override 판 / 취약시설: 어린이집·경로당·지역아동센터 + 장애인복지관). geo_level=point 한정
SC0774,송정경로당,경로당,senior_center,4812755000,회성동,마산회원구,35.2443496035715,128.551262586147,187.5,187.5,1,2,4,1,2,4,0,0,0,0,0,0,2,1.0,1.0,1.0,1.0,0.0,1352.8,112.17,1134,1451,317,scenario_stable_non_high,other,"300m 이내 배출원 위치 1개, 500m 이내 배출원 위치 2개, 최근접 배출원 188m",,False,해당 시설 유형에 인원 자료 없음,산업·배출시설 공간 노출도,v4 (배출원: 전국 등록공장현황 2024-12-31 반영 5개 구 전역 + 배출업소·폐기물 v2 override 판 / 취약시설: 어린이집·경로당·지역아동센터 + 장애인복지관). geo_level=point 한정
SC0775,연동경로당,경로당,senior_center,4812755000,회성동,마산회원구,35.2352461391758,128.559262548803,133.8,133.8,4,5,15,4,5,15,0,2,0,1,1,0,2,1.0,1.0,1.0,1.0,0.0,816.3,129.83,576,1002,426,scenario_stable_non_high,other,"300m 이내 배출원 위치 4개, 500m 이내 배출원 위치 5개, 500m 이내 지정폐기물 배출사업장 1곳, 최근접 배출원 134m",,False,해당 시설 유형에 인원 자료 없음,산업·배출시설 공간 노출도,v4 (배출원: 전국 등록공장현황 2024-12-31 반영 5개 구 전역 + 배출업소·폐기물 v2 override 판 / 취약시설: 어린이집·경로당·지역아동센터 + 장애인복지관). geo_level=point 한정
SC0776,회성제1남성경로당,경로당,senior_center,4812755000,회성동,마산회원구,35.2320116502475,128.559454702259,229.3,229.3,4,6,13,4,6,13,0,2,0,1,1,0,3,1.0,1.0,1.0,1.0,0.0,811.7,91.64,653,1000,347,scenario_stable_non_high,other,"300m 이내 배출원 위치 4개, 500m 이내 배출원 위치 6개, 500m 이내 지정폐기물 배출사업장 1곳, 최근접 배출원 229m",,False,해당 시설 유형에 인원 자료 없음,산업·배출시설 공간 노출도,v4 (배출원: 전국 등록공장현황 2024-12-31 반영 5개 구 전역 + 배출업소·폐기물 v2 override 판 / 취약시설: 어린이집·경로당·지역아동센터 + 장애인복지관). geo_level=point 한정
SC0777,회성제1여성경로당,경로당,senior_center,4812755000,회성동,마산회원구,35.2320116502475,128.559454702259,229.3,229.3,4,6,13,4,6,13,0,2,0,1,1,0,3,1.0,1.0,1.0,1.0,0.0,811.7,91.64,653,1000,347,scenario_stable_non_high,other,"300m 이내 배출원 위치 4개, 500m 이내 배출원 위치 6개, 500m 이내 지정폐기물 배출사업장 1곳, 최근접 배출원 229m",,False,해당 시설 유형에 인원 자료 없음,산업·배출시설 공간 노출도,v4 (배출원: 전국 등록공장현황 2024-12-31 반영 5개 구 전역 + 배출업소·폐기물 v2 override 판 / 취약시설: 어린이집·경로당·지역아동센터 + 장애인복지관). geo_level=point 한정
SC0778,회성제2남성경로당,경로당,senior_center,4812755000,회성동,마산회원구,35.2310683925469,128.563305402635,64.7,64.7,4,9,16,4,9,16,0,4,0,1,1,0,4,1.0,1.0,1.0,1.0,0.0,646.4,106.21,437,779,342,scenario_stable_non_high,other,"300m 이내 배출원 위치 4개, 500m 이내 배출원 위치 9개, 500m 이내 지정폐기물 배출사업장 1곳, 최근접 배출원 65m",,False,해당 시설 유형에 인원 자료 없음,산업·배출시설 공간 노출도,v4 (배출원: 전국 등록공장현황 2024-12-31 반영 5개 구 전역 + 배출업소·폐기물 v2 override 판 / 취약시설: 어린이집·경로당·지역아동센터 + 장애인복지관). geo_level=point 한정
SC0779,회성제2여성경로당,경로당,senior_center,4812755000,회성동,마산회원구,35.2310683925469,128.563305402635,64.7,64.7,4,9,16,4,9,16,0,4,0,1,1,0,4,1.0,1.0,1.0,1.0,0.0,646.4,106.21,437,779,342,scenario_stable_non_high,other,"300m 이내 배출원 위치 4개, 500m 이내 배출원 위치 9개, 500m 이내 지정폐기물 배출사업장 1곳, 최근접 배출원 65m",,False,해당 시설 유형에 인원 자료 없음,산업·배출시설 공간 노출도,v4 (배출원: 전국 등록공장현황 2024-12-31 반영 5개 구 전역 + 배출업소·폐기물 v2 override 판 / 취약시설: 어린이집·경로당·지역아동센터 + 장애인복지관). geo_level=point 한정
SC0780,회성제3남성경로당,경로당,senior_center,4812755000,회성동,마산회원구,35.2340143055033,128.563853041563,150.7,150.7,5,10,14,5,10,14,0,4,0,1,1,0,5,1.0,1.0,1.0,1.0,0.0,627.2,112.77,388,819,431,scenario_stable_non_high,other,"300m 이내 배출원 위치 5개, 500m 이내 배출원 위치 10개, 500m 이내 지정폐기물 배출사업장 1곳, 최근접 배출원 151m",,False,해당 시설 유형에 인원 자료 없음,산업·배출시설 공간 노출도,v4 (배출원: 전국 등록공장현황 2024-12-31 반영 5개 구 전역 + 배출업소·폐기물 v2 override 판 / 취약시설: 어린이집·경로당·지역아동센터 + 장애인복지관). geo_level=point 한정
SC0781,회성제3여성경로당,경로당,senior_center,4812755000,회성동,마산회원구,35.2340143055033,128.563853041563,150.7,150.7,5,10,14,5,10,14,0,4,0,1,1,0,5,1.0,1.0,1.0,1.0,0.0,627.2,112.77,388,819,431,scenario_stable_non_high,other,"300m 이내 배출원 위치 5개, 500m 이내 배출원 위치 10개, 500m 이내 지정폐기물 배출사업장 1곳, 최근접 배출원 151m",,False,해당 시설 유형에 인원 자료 없음,산업·배출시설 공간 노출도,v4 (배출원: 전국 등록공장현황 2024-12-31 반영 5개 구 전역 + 배출업소·폐기물 v2 override 판 / 취약시설: 어린이집·경로당·지역아동센터 + 장애인복지관). geo_level=point 한정
SC0782,양덕1동남성경로당,경로당,senior_center,4812756000,양덕1동,마산회원구,35.2330844872459,128.584534634178,170.9,170.9,8,11,34,10,13,36,0,8,0,1,1,0,5,1.25,1.182,1.059,0.0,0.0,365.6,38.17,284,425,141,scenario_stable_non_high,other,"300m 이내 배출원 위치 8개, 500m 이내 배출원 위치 11개, 500m 이내 지정폐기물 배출사업장 1곳, 최근접 배출원 171m",,False,해당 시설 유형에 인원 자료 없음,산업·배출시설 공간 노출도,v4 (배출원: 전국 등록공장현황 2024-12-31 반영 5개 구 전역 + 배출업소·폐기물 v2 override 판 / 취약시설: 어린이집·경로당·지역아동센터 + 장애인복지관). geo_level=point 한정
SC0783,양덕1동여성경로당,경로당,senior_center,4812756000,양덕1동,마산회원구,35.2330844872459,128.584534634178,170.9,170.9,8,11,34,10,13,36,0,8,0,1,1,0,5,1.25,1.182,1.059,0.0,0.0,365.6,38.17,284,425,141,scenario_stable_non_high,other,"300m 이내 배출원 위치 8개, 500m 이내 배출원 위치 11개, 500m 이내 지정폐기물 배출사업장 1곳, 최근접 배출원 171m",,False,해당 시설 유형에 인원 자료 없음,산업·배출시설 공간 노출도,v4 (배출원: 전국 등록공장현황 2024-12-31 반영 5개 구 전역 + 배출업소·폐기물 v2 override 판 / 취약시설: 어린이집·경로당·지역아동센터 + 장애인복지관). geo_level=point 한정
SC0786,양덕1동행복경로당,경로당,senior_center,4812756000,양덕1동,마산회원구,35.2353298740991,128.586305065245,285.0,285.0,1,10,33,3,12,35,0,7,0,1,1,0,5,3.0,1.2,1.061,0.0,0.0,517.6,120.17,324,742,418,scenario_stable_non_high,other,"300m 이내 배출원 위치 1개, 500m 이내 배출원 위치 10개, 500m 이내 지정폐기물 배출사업장 1곳, 최근접 배출원 285m",,False,해당 시설 유형에 인원 자료 없음,산업·배출시설 공간 노출도,v4 (배출원: 전국 등록공장현황 2024-12-31 반영 5개 구 전역 + 배출업소·폐기물 v2 override 판 / 취약시설: 어린이집·경로당·지역아동센터 + 장애인복지관). geo_level=point 한정
SC0787,양덕경남아파트경로당,경로당,senior_center,4812756000,양덕1동,마산회원구,35.2342517185864,128.591124960235,363.5,363.5,0,3,22,0,5,24,0,1,0,1,1,0,3,,1.667,1.091,0.0,0.0,825.4,140.3,588,1088,500,scenario_stable_non_high,other,"500m 이내 배출원 위치 3개, 500m 이내 지정폐기물 배출사업장 1곳, 최근접 배출원 364m",,False,해당 시설 유형에 인원 자료 없음,산업·배출시설 공간 노출도,v4 (배출원: 전국 등록공장현황 2024-12-31 반영 5개 구 전역 + 배출업소·폐기물 v2 override 판 / 취약시설: 어린이집·경로당·지역아동센터 + 장애인복지관). geo_level=point 한정
SC0788,서안양덕타운경로당,경로당,senior_center,4812756000,양덕1동,마산회원구,35.2345738168088,128.588593869108,272.4,272.4,2,7,27,4,9,29,0,5,0,1,1,0,4,2.0,1.286,1.074,0.0,0.0,586.6,116.25,367,808,441,scenario_stable_non_high,other,"300m 이내 배출원 위치 2개, 500m 이내 배출원 위치 7개, 500m 이내 지정폐기물 배출사업장 1곳, 최근접 배출원 272m",,False,해당 시설 유형에 인원 자료 없음,산업·배출시설 공간 노출도,v4 (배출원: 전국 등록공장현황 2024-12-31 반영 5개 구 전역 + 배출업소·폐기물 v2 override 판 / 취약시설: 어린이집·경로당·지역아동센터 + 장애인복지관). geo_level=point 한정
SC0789,신성미소지움아파트경로당,경로당,senior_center,4812756000,양덕1동,마산회원구,35.2335819803974,128.58428585205,158.7,158.7,7,11,33,9,13,35,0,8,0,1,1,0,5,1.286,1.182,1.061,0.0,0.0,394.7,27.1,343,446,103,scenario_stable_non_high,other,"300m 이내 배출원 위치 7개, 500m 이내 배출원 위치 11개, 500m 이내 지정폐기물 배출사업장 1곳, 최근접 배출원 159m",,False,해당 시설 유형에 인원 자료 없음,산업·배출시설 공간 노출도,v4 (배출원: 전국 등록공장현황 2024-12-31 반영 5개 구 전역 + 배출업소·폐기물 v2 override 판 / 취약시설: 어린이집·경로당·지역아동센터 + 장애인복지관). geo_level=point 한정
SC0790,양덕2동 제2남성경로당,경로당,senior_center,4812757000,양덕2동,마산회원구,35.2297322749326,128.584120596208,127.2,127.2,6,10,45,6,12,50,1,6,0,1,1,0,5,1.0,1.2,1.111,3.0,0.0,218.7,24.38,163,262,99,scenario_stable_non_high,other,"300m 이내 배출원 위치 6개, 500m 이내 배출원 위치 10개, 500m 이내 대기 배출업소 1곳, 500m 이내 지정폐기물 배출사업장 1곳, 최근접 배출원 127m",,False,해당 시설 유형에 인원 자료 없음,산업·배출시설 공간 노출도,v4 (배출원: 전국 등록공장현황 2024-12-31 반영 5개 구 전역 + 배출업소·폐기물 v2 override 판 / 취약시설: 어린이집·경로당·지역아동센터 + 장애인복지관). geo_level=point 한정
SC0791,양덕2동 제2여성경로당,경로당,senior_center,4812757000,양덕2동,마산회원구,35.2297322749326,128.584120596208,127.2,127.2,6,10,45,6,12,50,1,6,0,1,1,0,5,1.0,1.2,1.111,3.0,0.0,218.7,24.38,163,262,99,scenario_stable_non_high,other,"300m 이내 배출원 위치 6개, 500m 이내 배출원 위치 10개, 500m 이내 대기 배출업소 1곳, 500m 이내 지정폐기물 배출사업장 1곳, 최근접 배출원 127m",,False,해당 시설 유형에 인원 자료 없음,산업·배출시설 공간 노출도,v4 (배출원: 전국 등록공장현황 2024-12-31 반영 5개 구 전역 + 배출업소·폐기물 v2 override 판 / 취약시설: 어린이집·경로당·지역아동센터 + 장애인복지관). geo_level=point 한정
SC0792,구열경로당 남성분회,경로당,senior_center,4812757000,양덕2동,마산회원구,35.2312162035656,128.580615488943,198.1,198.1,4,16,39,4,16,42,3,11,0,3,2,0,2,1.0,1.0,1.077,3.0,0.0,283.7,39.48,233,367,134,scenario_stable_non_high,other,"300m 이내 배출원 위치 4개, 500m 이내 배출원 위치 16개, 500m 이내 대기 배출업소 3곳, 500m 이내 지정폐기물 배출사업장 2곳, 최근접 배출원 198m",,False,해당 시설 유형에 인원 자료 없음,산업·배출시설 공간 노출도,v4 (배출원: 전국 등록공장현황 2024-12-31 반영 5개 구 전역 + 배출업소·폐기물 v2 override 판 / 취약시설: 어린이집·경로당·지역아동센터 + 장애인복지관). geo_level=point 한정
SC0793,구열경로당 여성분회,경로당,senior_center,4812757000,양덕2동,마산회원구,35.2312162035656,128.580615488943,198.1,198.1,4,16,39,4,16,42,3,11,0,3,2,0,2,1.0,1.0,1.077,3.0,0.0,283.7,39.48,233,367,134,scenario_stable_non_high,other,"300m 이내 배출원 위치 4개, 500m 이내 배출원 위치 16개, 500m 이내 대기 배출업소 3곳, 500m 이내 지정폐기물 배출사업장 2곳, 최근접 배출원 198m",,False,해당 시설 유형에 인원 자료 없음,산업·배출시설 공간 노출도,v4 (배출원: 전국 등록공장현황 2024-12-31 반영 5개 구 전역 + 배출업소·폐기물 v2 override 판 / 취약시설: 어린이집·경로당·지역아동센터 + 장애인복지관). geo_level=point 한정
SC0796,한일타운1차 여성경로당,경로당,senior_center,4812757000,양덕2동,마산회원구,35.2306399556789,128.578647650564,155.0,155.0,4,14,40,4,14,44,3,9,0,2,1,0,2,1.0,1.0,1.1,3.0,0.0,231.3,13.8,210,260,50,scenario_stable_non_high,other,"300m 이내 배출원 위치 4개, 500m 이내 배출원 위치 14개, 500m 이내 대기 배출업소 3곳, 500m 이내 지정폐기물 배출사업장 1곳, 최근접 배출원 155m",,False,해당 시설 유형에 인원 자료 없음,산업·배출시설 공간 노출도,v4 (배출원: 전국 등록공장현황 2024-12-31 반영 5개 구 전역 + 배출업소·폐기물 v2 override 판 / 취약시설: 어린이집·경로당·지역아동센터 + 장애인복지관). geo_level=point 한정
SC0797,한일타운1차 남성경로당,경로당,senior_center,4812757000,양덕2동,마산회원구,35.2306399556789,128.578647650564,155.0,155.0,4,14,40,4,14,44,3,9,0,2,1,0,2,1.0,1.0,1.1,3.0,0.0,231.3,13.8,210,260,50,scenario_stable_non_high,other,"300m 이내 배출원 위치 4개, 500m 이내 배출원 위치 14개, 500m 이내 대기 배출업소 3곳, 500m 이내 지정폐기물 배출사업장 1곳, 최근접 배출원 155m",,False,해당 시설 유형에 인원 자료 없음,산업·배출시설 공간 노출도,v4 (배출원: 전국 등록공장현황 2024-12-31 반영 5개 구 전역 + 배출업소·폐기물 v2 override 판 / 취약시설: 어린이집·경로당·지역아동센터 + 장애인복지관). geo_level=point 한정
SC0798,한일타운2차 여성경로당,경로당,senior_center,4812757000,양덕2동,마산회원구,35.2316349587179,128.582556899555,148.6,148.6,5,15,41,5,17,44,2,11,0,2,2,0,5,1.0,1.133,1.073,3.0,0.0,272.5,27.83,208,322,114,scenario_stable_non_high,other,"300m 이내 배출원 위치 5개, 500m 이내 배출원 위치 15개, 500m 이내 대기 배출업소 2곳, 500m 이내 지정폐기물 배출사업장 2곳, 최근접 배출원 149m",,False,해당 시설 유형에 인원 자료 없음,산업·배출시설 공간 노출도,v4 (배출원: 전국 등록공장현황 2024-12-31 반영 5개 구 전역 + 배출업소·폐기물 v2 override 판 / 취약시설: 어린이집·경로당·지역아동센터 + 장애인복지관). geo_level=point 한정
SC0799,한일타운2차 남성경로당,경로당,senior_center,4812757000,양덕2동,마산회원구,35.2316349587179,128.582556899555,148.6,148.6,5,15,41,5,17,44,2,11,0,2,2,0,5,1.0,1.133,1.073,3.0,0.0,272.5,27.83,208,322,114,scenario_stable_non_high,other,"300m 이내 배출원 위치 5개, 500m 이내 배출원 위치 15개, 500m 이내 대기 배출업소 2곳, 500m 이내 지정폐기물 배출사업장 2곳, 최근접 배출원 149m",,False,해당 시설 유형에 인원 자료 없음,산업·배출시설 공간 노출도,v4 (배출원: 전국 등록공장현황 2024-12-31 반영 5개 구 전역 + 배출업소·폐기물 v2 override 판 / 취약시설: 어린이집·경로당·지역아동센터 + 장애인복지관). geo_level=point 한정
SC0800,한일타운3차 경로당,경로당,senior_center,4812757000,양덕2동,마산회원구,35.2261050141865,128.575467904582,121.0,121.0,5,13,33,5,13,35,2,8,0,1,1,0,2,1.0,1.0,1.061,3.0,0.0,294.2,31.63,225,339,114,scenario_stable_non_high,other,"300m 이내 배출원 위치 5개, 500m 이내 배출원 위치 13개, 500m 이내 대기 배출업소 2곳, 500m 이내 지정폐기물 배출사업장 1곳, 최근접 배출원 121m",,False,해당 시설 유형에 인원 자료 없음,산업·배출시설 공간 노출도,v4 (배출원: 전국 등록공장현황 2024-12-31 반영 5개 구 전역 + 배출업소·폐기물 v2 override 판 / 취약시설: 어린이집·경로당·지역아동센터 + 장애인복지관). geo_level=point 한정
SC0801,한일타운4차 경로당,경로당,senior_center,4812757000,양덕2동,마산회원구,35.2288455464935,128.581005876933,156.8,156.8,1,11,49,1,11,54,3,5,0,2,1,0,1,1.0,1.0,1.102,3.0,0.0,287.6,77.67,211,463,252,scenario_stable_non_high,other,"300m 이내 배출원 위치 1개, 500m 이내 배출원 위치 11개, 500m 이내 대기 배출업소 3곳, 500m 이내 지정폐기물 배출사업장 1곳, 최근접 배출원 157m",,False,해당 시설 유형에 인원 자료 없음,산업·배출시설 공간 노출도,v4 (배출원: 전국 등록공장현황 2024-12-31 반영 5개 구 전역 + 배출업소·폐기물 v2 override 판 / 취약시설: 어린이집·경로당·지역아동센터 + 장애인복지관). geo_level=point 한정
SC0802,우성아파트 경로당,경로당,senior_center,4812757000,양덕2동,마산회원구,35.2287858629739,128.57687676075,181.1,181.1,2,10,44,2,10,48,2,6,0,1,0,0,1,1.0,1.0,1.091,3.0,0.0,303.9,48.14,245,413,168,scenario_stable_non_high,other,"300m 이내 배출원 위치 2개, 500m 이내 배출원 위치 10개, 500m 이내 대기 배출업소 2곳, 최근접 배출원 181m",,False,해당 시설 유형에 인원 자료 없음,산업·배출시설 공간 노출도,v4 (배출원: 전국 등록공장현황 2024-12-31 반영 5개 구 전역 + 배출업소·폐기물 v2 override 판 / 취약시설: 어린이집·경로당·지역아동센터 + 장애인복지관). geo_level=point 한정
SC0808,양덕코오롱하늘채아파트경로당,경로당,senior_center,4812757000,양덕2동,마산회원구,35.2272598184407,128.578838733618,224.7,224.7,2,8,52,2,8,57,3,3,0,1,1,0,1,1.0,1.0,1.096,3.0,0.0,284.1,88.89,198,476,278,scenario_stable_non_high,other,"300m 이내 배출원 위치 2개, 500m 이내 배출원 위치 8개, 500m 이내 대기 배출업소 3곳, 500m 이내 지정폐기물 배출사업장 1곳, 최근접 배출원 225m",,False,해당 시설 유형에 인원 자료 없음,산업·배출시설 공간 노출도,v4 (배출원: 전국 등록공장현황 2024-12-31 반영 5개 구 전역 + 배출업소·폐기물 v2 override 판 / 취약시설: 어린이집·경로당·지역아동센터 + 장애인복지관). geo_level=point 한정
SC0811,합성1동남성경로당,경로당,senior_center,4812758000,합성1동,마산회원구,35.2431506484129,128.583940174329,174.5,174.5,1,6,19,1,6,19,0,2,0,1,1,0,3,1.0,1.0,1.0,1.0,0.0,713.4,108.02,481,897,416,scenario_stable_non_high,other,"300m 이내 배출원 위치 1개, 500m 이내 배출원 위치 6개, 500m 이내 지정폐기물 배출사업장 1곳, 최근접 배출원 174m",,False,해당 시설 유형에 인원 자료 없음,산업·배출시설 공간 노출도,v4 (배출원: 전국 등록공장현황 2024-12-31 반영 5개 구 전역 + 배출업소·폐기물 v2 override 판 / 취약시설: 어린이집·경로당·지역아동센터 + 장애인복지관). geo_level=point 한정
SC0812,합성1동여성경로당,경로당,senior_center,4812758000,합성1동,마산회원구,35.2429524983481,128.583414509933,225.8,225.8,1,5,17,1,5,17,0,2,0,0,0,0,3,1.0,1.0,1.0,1.0,0.0,810.8,111.46,571,957,386,scenario_stable_non_high,other,"300m 이내 배출원 위치 1개, 500m 이내 배출원 위치 5개, 최근접 배출원 226m",,False,해당 시설 유형에 인원 자료 없음,산업·배출시설 공간 노출도,v4 (배출원: 전국 등록공장현황 2024-12-31 반영 5개 구 전역 + 배출업소·폐기물 v2 override 판 / 취약시설: 어린이집·경로당·지역아동센터 + 장애인복지관). geo_level=point 한정
SC0813,신성남성경로당,경로당,senior_center,4812758000,합성1동,마산회원구,35.2440047151368,128.580537839918,486.1,486.1,0,1,11,0,1,11,0,0,0,0,0,0,1,,1.0,1.0,1.0,0.0,1335.9,46.42,1249,1411,162,scenario_stable_non_high,other,"500m 이내 배출원 위치 1개, 최근접 배출원 486m",,False,해당 시설 유형에 인원 자료 없음,산업·배출시설 공간 노출도,v4 (배출원: 전국 등록공장현황 2024-12-31 반영 5개 구 전역 + 배출업소·폐기물 v2 override 판 / 취약시설: 어린이집·경로당·지역아동센터 + 장애인복지관). geo_level=point 한정
SC0814,신성여성경로당,경로당,senior_center,4812758000,합성1동,마산회원구,35.2440047151368,128.580537839918,486.1,486.1,0,1,11,0,1,11,0,0,0,0,0,0,1,,1.0,1.0,1.0,0.0,1335.9,46.42,1249,1411,162,scenario_stable_non_high,other,"500m 이내 배출원 위치 1개, 최근접 배출원 486m",,False,해당 시설 유형에 인원 자료 없음,산업·배출시설 공간 노출도,v4 (배출원: 전국 등록공장현황 2024-12-31 반영 5개 구 전역 + 배출업소·폐기물 v2 override 판 / 취약시설: 어린이집·경로당·지역아동센터 + 장애인복지관). geo_level=point 한정
SC0815,합성가고파남성경로당,경로당,senior_center,4812758000,합성1동,마산회원구,35.2396128376271,128.58098582094,326.6,326.6,0,4,27,0,4,29,0,2,0,0,0,0,2,,1.0,1.074,1.0,0.0,880.1,110.25,712,1068,356,scenario_stable_non_high,other,"500m 이내 배출원 위치 4개, 최근접 배출원 327m",,False,해당 시설 유형에 인원 자료 없음,산업·배출시설 공간 노출도,v4 (배출원: 전국 등록공장현황 2024-12-31 반영 5개 구 전역 + 배출업소·폐기물 v2 override 판 / 취약시설: 어린이집·경로당·지역아동센터 + 장애인복지관). geo_level=point 한정
SC0816,합성가고파여성경로당,경로당,senior_center,4812758000,합성1동,마산회원구,35.2396128376271,128.58098582094,326.6,326.6,0,4,27,0,4,29,0,2,0,0,0,0,2,,1.0,1.074,1.0,0.0,880.1,110.25,712,1068,356,scenario_stable_non_high,other,"500m 이내 배출원 위치 4개, 최근접 배출원 327m",,False,해당 시설 유형에 인원 자료 없음,산업·배출시설 공간 노출도,v4 (배출원: 전국 등록공장현황 2024-12-31 반영 5개 구 전역 + 배출업소·폐기물 v2 override 판 / 취약시설: 어린이집·경로당·지역아동센터 + 장애인복지관). geo_level=point 한정
SC0817,무학경로당,경로당,senior_center,4812758000,합성1동,마산회원구,35.2395759599414,128.578937165552,249.7,249.7,1,1,23,1,1,23,0,0,0,0,0,0,1,1.0,1.0,1.0,1.0,0.0,1004.5,86.21,856,1153,297,scenario_stable_non_high,other,"300m 이내 배출원 위치 1개, 500m 이내 배출원 위치 1개, 최근접 배출원 250m",,False,해당 시설 유형에 인원 자료 없음,산업·배출시설 공간 노출도,v4 (배출원: 전국 등록공장현황 2024-12-31 반영 5개 구 전역 + 배출업소·폐기물 v2 override 판 / 취약시설: 어린이집·경로당·지역아동센터 + 장애인복지관). geo_level=point 한정
SC0818,창원롯데캐슬더퍼스트경로당,경로당,senior_center,4812758000,합성1동,마산회원구,35.2450833629099,128.586531628809,195.5,195.5,2,5,17,2,5,17,0,1,0,1,1,0,3,1.0,1.0,1.0,1.0,0.0,592.4,111.94,328,780,452,scenario_stable_non_high,other,"300m 이내 배출원 위치 2개, 500m 이내 배출원 위치 5개, 500m 이내 지정폐기물 배출사업장 1곳, 최근접 배출원 196m",,False,해당 시설 유형에 인원 자료 없음,산업·배출시설 공간 노출도,v4 (배출원: 전국 등록공장현황 2024-12-31 반영 5개 구 전역 + 배출업소·폐기물 v2 override 판 / 취약시설: 어린이집·경로당·지역아동센터 + 장애인복지관). geo_level=point 한정
SC0819,남성경로당,경로당,senior_center,<NA>,합성2동,마산회원구,35.2328276509476,128.572476869248,286.2,286.2,1,9,33,1,9,33,2,5,0,2,1,0,0,1.0,1.0,1.0,,0.0,528.2,83.37,421,697,276,scenario_stable_non_high,other,"300m 이내 배출원 위치 1개, 500m 이내 배출원 위치 9개, 500m 이내 대기 배출업소 2곳, 500m 이내 지정폐기물 배출사업장 1곳, 최근접 배출원 286m",,False,해당 시설 유형에 인원 자료 없음,산업·배출시설 공간 노출도,v4 (배출원: 전국 등록공장현황 2024-12-31 반영 5개 구 전역 + 배출업소·폐기물 v2 override 판 / 취약시설: 어린이집·경로당·지역아동센터 + 장애인복지관). geo_level=point 한정
SC0820,여성경로당,경로당,senior_center,<NA>,합성2동,마산회원구,35.244264894226,128.58362623534,221.4,221.4,1,4,18,1,4,18,0,1,0,1,1,0,2,1.0,1.0,1.0,,0.0,816.8,144.57,559,1039,480,scenario_stable_non_high,other,"300m 이내 배출원 위치 1개, 500m 이내 배출원 위치 4개, 500m 이내 지정폐기물 배출사업장 1곳, 최근접 배출원 221m",,False,해당 시설 유형에 인원 자료 없음,산업·배출시설 공간 노출도,v4 (배출원: 전국 등록공장현황 2024-12-31 반영 5개 구 전역 + 배출업소·폐기물 v2 override 판 / 취약시설: 어린이집·경로당·지역아동센터 + 장애인복지관). geo_level=point 한정
SC0821,팔용경로당,경로당,senior_center,4812759000,합성2동,마산회원구,35.2384787294173,128.587456418263,122.2,122.2,7,9,27,7,9,29,1,5,0,1,1,0,2,1.0,1.0,1.074,0.0,0.0,336.8,68.52,233,467,234,scenario_stable_non_high,other,"300m 이내 배출원 위치 7개, 500m 이내 배출원 위치 9개, 500m 이내 대기 배출업소 1곳, 500m 이내 지정폐기물 배출사업장 1곳, 최근접 배출원 122m",,False,해당 시설 유형에 인원 자료 없음,산업·배출시설 공간 노출도,v4 (배출원: 전국 등록공장현황 2024-12-31 반영 5개 구 전역 + 배출업소·폐기물 v2 override 판 / 취약시설: 어린이집·경로당·지역아동센터 + 장애인복지관). geo_level=point 한정
SC0822,제2경로당,경로당,senior_center,4812759000,합성2동,마산회원구,35.2356661048311,128.590144980123,183.2,183.2,2,5,24,2,7,26,0,3,0,1,1,0,3,1.0,1.4,1.083,0.0,0.0,588.7,84.45,406,756,350,scenario_stable_non_high,other,"300m 이내 배출원 위치 2개, 500m 이내 배출원 위치 5개, 500m 이내 지정폐기물 배출사업장 1곳, 최근접 배출원 183m",,False,해당 시설 유형에 인원 자료 없음,산업·배출시설 공간 노출도,v4 (배출원: 전국 등록공장현황 2024-12-31 반영 5개 구 전역 + 배출업소·폐기물 v2 override 판 / 취약시설: 어린이집·경로당·지역아동센터 + 장애인복지관). geo_level=point 한정
SC0823,제3경로당,경로당,senior_center,<NA>,합성2동,마산회원구,35.2426537137012,128.663142157511,253.4,253.4,2,5,12,2,5,16,0,3,0,2,0,1,0,1.0,1.0,1.333,,0.0,729.3,33.24,661,794,133,scenario_stable_non_high,other,"300m 이내 배출원 위치 2개, 500m 이내 배출원 위치 5개, 500m 이내 소각 처리 사업장 1곳, 최근접 배출원 253m",,False,해당 시설 유형에 인원 자료 없음,산업·배출시설 공간 노출도,v4 (배출원: 전국 등록공장현황 2024-12-31 반영 5개 구 전역 + 배출업소·폐기물 v2 override 판 / 취약시설: 어린이집·경로당·지역아동센터 + 장애인복지관). geo_level=point 한정
SC0824,두산위브더센트럴1단지아파트경로당,경로당,senior_center,4812759000,합성2동,마산회원구,35.2373184087307,128.587434683057,168.8,168.8,5,9,30,5,9,32,1,5,0,1,1,0,2,1.0,1.0,1.067,0.0,0.0,390.6,60.3,269,498,229,scenario_stable_non_high,other,"300m 이내 배출원 위치 5개, 500m 이내 배출원 위치 9개, 500m 이내 대기 배출업소 1곳, 500m 이내 지정폐기물 배출사업장 1곳, 최근접 배출원 169m",,False,해당 시설 유형에 인원 자료 없음,산업·배출시설 공간 노출도,v4 (배출원: 전국 등록공장현황 2024-12-31 반영 5개 구 전역 + 배출업소·폐기물 v2 override 판 / 취약시설: 어린이집·경로당·지역아동센터 + 장애인복지관). geo_level=point 한정
SC0825,구암본동남성경로당,경로당,senior_center,4812760000,구암1동,마산회원구,35.2534848585706,128.593522387525,187.8,187.8,1,2,18,1,2,50,0,1,0,1,1,1,1,1.0,1.0,2.778,0.0,0.0,870.3,86.8,760,1021,261,scenario_stable_non_high,other,"300m 이내 배출원 위치 1개, 500m 이내 배출원 위치 2개, 500m 이내 지정폐기물 배출사업장 1곳, 500m 이내 소각 처리 사업장 1곳, 최근접 배출원 188m",,False,해당 시설 유형에 인원 자료 없음,산업·배출시설 공간 노출도,v4 (배출원: 전국 등록공장현황 2024-12-31 반영 5개 구 전역 + 배출업소·폐기물 v2 override 판 / 취약시설: 어린이집·경로당·지역아동센터 + 장애인복지관). geo_level=point 한정
SC0826,구암본동여성경로당,경로당,senior_center,4812760000,구암1동,마산회원구,35.2534848585706,128.593522387525,187.8,187.8,1,2,18,1,2,50,0,1,0,1,1,1,1,1.0,1.0,2.778,0.0,0.0,870.3,86.8,760,1021,261,scenario_stable_non_high,other,"300m 이내 배출원 위치 1개, 500m 이내 배출원 위치 2개, 500m 이내 지정폐기물 배출사업장 1곳, 500m 이내 소각 처리 사업장 1곳, 최근접 배출원 188m",,False,해당 시설 유형에 인원 자료 없음,산업·배출시설 공간 노출도,v4 (배출원: 전국 등록공장현황 2024-12-31 반영 5개 구 전역 + 배출업소·폐기물 v2 override 판 / 취약시설: 어린이집·경로당·지역아동센터 + 장애인복지관). geo_level=point 한정
SC0827,구암샛터남성경로당,경로당,senior_center,4812760000,구암1동,마산회원구,35.2555301848457,128.595663392428,295.9,295.9,1,2,22,1,2,79,0,1,0,0,0,0,1,1.0,1.0,3.591,0.0,0.0,828.9,156.14,655,1091,436,scenario_stable_non_high,other,"300m 이내 배출원 위치 1개, 500m 이내 배출원 위치 2개, 최근접 배출원 296m",,False,해당 시설 유형에 인원 자료 없음,산업·배출시설 공간 노출도,v4 (배출원: 전국 등록공장현황 2024-12-31 반영 5개 구 전역 + 배출업소·폐기물 v2 override 판 / 취약시설: 어린이집·경로당·지역아동센터 + 장애인복지관). geo_level=point 한정
SC0828,구암샛터여성경로당,경로당,senior_center,4812760000,구암1동,마산회원구,35.2555301848457,128.595663392428,295.9,295.9,1,2,22,1,2,79,0,1,0,0,0,0,1,1.0,1.0,3.591,0.0,0.0,828.9,156.14,655,1091,436,scenario_stable_non_high,other,"300m 이내 배출원 위치 1개, 500m 이내 배출원 위치 2개, 최근접 배출원 296m",,False,해당 시설 유형에 인원 자료 없음,산업·배출시설 공간 노출도,v4 (배출원: 전국 등록공장현황 2024-12-31 반영 5개 구 전역 + 배출업소·폐기물 v2 override 판 / 취약시설: 어린이집·경로당·지역아동센터 + 장애인복지관). geo_level=point 한정
SC0829,대한여성경로당,경로당,senior_center,4812760000,구암1동,마산회원구,35.2508857503535,128.594320112102,242.8,242.8,2,5,25,2,6,65,1,2,0,2,1,1,2,1.0,1.2,2.6,0.0,0.0,580.6,158.51,340,849,509,scenario_stable_non_high,other,"300m 이내 배출원 위치 2개, 500m 이내 배출원 위치 5개, 500m 이내 대기 배출업소 1곳, 500m 이내 지정폐기물 배출사업장 1곳, 500m 이내 소각 처리 사업장 1곳, 최근접 배출원 243m",,False,해당 시설 유형에 인원 자료 없음,산업·배출시설 공간 노출도,v4 (배출원: 전국 등록공장현황 2024-12-31 반영 5개 구 전역 + 배출업소·폐기물 v2 override 판 / 취약시설: 어린이집·경로당·지역아동센터 + 장애인복지관). geo_level=point 한정
SC0830,구암1동제1경로당,경로당,senior_center,4812760000,구암1동,마산회원구,35.2486261941467,128.590978677203,132.0,132.0,3,4,14,3,4,18,0,1,0,1,1,1,3,1.0,1.0,1.286,0.0,0.0,573.2,83.45,381,706,325,scenario_stable_non_high,other,"300m 이내 배출원 위치 3개, 500m 이내 배출원 위치 4개, 500m 이내 지정폐기물 배출사업장 1곳, 500m 이내 소각 처리 사업장 1곳, 최근접 배출원 132m",,False,해당 시설 유형에 인원 자료 없음,산업·배출시설 공간 노출도,v4 (배출원: 전국 등록공장현황 2024-12-31 반영 5개 구 전역 + 배출업소·폐기물 v2 override 판 / 취약시설: 어린이집·경로당·지역아동센터 + 장애인복지관). geo_level=point 한정
SC0831,구암1동제3경로당,경로당,senior_center,4812760000,구암1동,마산회원구,35.2576630281194,128.595854854223,236.8,236.8,1,1,15,1,1,53,0,0,0,0,0,0,1,1.0,1.0,3.533,0.0,0.0,1009.0,110.18,881,1182,301,scenario_stable_non_high,other,"300m 이내 배출원 위치 1개, 500m 이내 배출원 위치 1개, 최근접 배출원 237m",,False,해당 시설 유형에 인원 자료 없음,산업·배출시설 공간 노출도,v4 (배출원: 전국 등록공장현황 2024-12-31 반영 5개 구 전역 + 배출업소·폐기물 v2 override 판 / 취약시설: 어린이집·경로당·지역아동센터 + 장애인복지관). geo_level=point 한정
SC0840,대동2차아파트경로당,경로당,senior_center,4812761000,구암2동,마산회원구,35.2459349324951,128.593239605936,137.7,137.7,2,6,21,2,6,25,1,2,0,2,2,1,2,1.0,1.0,1.19,0.0,0.0,397.8,131.93,175,571,396,scenario_stable_non_high,other,"300m 이내 배출원 위치 2개, 500m 이내 배출원 위치 6개, 500m 이내 대기 배출업소 1곳, 500m 이내 지정폐기물 배출사업장 2곳, 500m 이내 소각 처리 사업장 1곳, 최근접 배출원 138m",,False,해당 시설 유형에 인원 자료 없음,산업·배출시설 공간 노출도,v4 (배출원: 전국 등록공장현황 2024-12-31 반영 5개 구 전역 + 배출업소·폐기물 v2 override 판 / 취약시설: 어린이집·경로당·지역아동센터 + 장애인복지관). geo_level=point 한정
SC0841,중앙하이츠아파트경로당,경로당,senior_center,4812761000,구암2동,마산회원구,35.2469856267709,128.594666263911,178.2,178.2,2,4,20,2,5,54,1,1,0,1,0,0,2,1.0,1.25,2.7,0.0,0.0,561.9,131.61,294,783,489,scenario_stable_non_high,other,"300m 이내 배출원 위치 2개, 500m 이내 배출원 위치 4개, 500m 이내 대기 배출업소 1곳, 최근접 배출원 178m",,False,해당 시설 유형에 인원 자료 없음,산업·배출시설 공간 노출도,v4 (배출원: 전국 등록공장현황 2024-12-31 반영 5개 구 전역 + 배출업소·폐기물 v2 override 판 / 취약시설: 어린이집·경로당·지역아동센터 + 장애인복지관). geo_level=point 한정
SC0849,중앙동경로당,경로당,senior_center,4812953000,충무동,진해구,35.1505908708744,128.657568371469,101.1,101.1,6,10,18,6,10,18,1,2,0,2,2,1,5,1.0,1.0,1.0,3.0,0.0,469.7,152.12,173,685,512,scenario_stable_non_high,other,"300m 이내 배출원 위치 6개, 500m 이내 배출원 위치 10개, 500m 이내 대기 배출업소 1곳, 500m 이내 지정폐기물 배출사업장 2곳, 500m 이내 소각 처리 사업장 1곳, 최근접 배출원 101m",,False,해당 시설 유형에 인원 자료 없음,산업·배출시설 공간 노출도,v4 (배출원: 전국 등록공장현황 2024-12-31 반영 5개 구 전역 + 배출업소·폐기물 v2 override 판 / 취약시설: 어린이집·경로당·지역아동센터 + 장애인복지관). geo_level=point 한정
SC0850,중앙동부녀경로당,경로당,senior_center,4812953000,충무동,진해구,35.1505908708744,128.657568371469,101.1,101.1,6,10,18,6,10,18,1,2,0,2,2,1,5,1.0,1.0,1.0,3.0,0.0,469.7,152.12,173,685,512,scenario_stable_non_high,other,"300m 이내 배출원 위치 6개, 500m 이내 배출원 위치 10개, 500m 이내 대기 배출업소 1곳, 500m 이내 지정폐기물 배출사업장 2곳, 500m 이내 소각 처리 사업장 1곳, 최근접 배출원 101m",,False,해당 시설 유형에 인원 자료 없음,산업·배출시설 공간 노출도,v4 (배출원: 전국 등록공장현황 2024-12-31 반영 5개 구 전역 + 배출업소·폐기물 v2 override 판 / 취약시설: 어린이집·경로당·지역아동센터 + 장애인복지관). geo_level=point 한정
SC0851,데시앙아파트경로당,경로당,senior_center,4812953000,충무동,진해구,35.1474534170137,128.661810553819,139.9,139.9,7,13,22,7,13,22,1,9,0,1,1,1,2,1.0,1.0,1.0,3.0,0.0,404.5,105.81,210,573,363,scenario_stable_non_high,other,"300m 이내 배출원 위치 7개, 500m 이내 배출원 위치 13개, 500m 이내 대기 배출업소 1곳, 500m 이내 지정폐기물 배출사업장 1곳, 500m 이내 소각 처리 사업장 1곳, 최근접 배출원 140m",,False,해당 시설 유형에 인원 자료 없음,산업·배출시설 공간 노출도,v4 (배출원: 전국 등록공장현황 2024-12-31 반영 5개 구 전역 + 배출업소·폐기물 v2 override 판 / 취약시설: 어린이집·경로당·지역아동센터 + 장애인복지관). geo_level=point 한정
SC0852,태평동경로당,경로당,senior_center,4812953000,충무동,진해구,35.1450527761792,128.660386271749,89.2,89.2,4,10,20,4,10,20,1,8,0,1,1,1,0,1.0,1.0,1.0,3.0,0.0,571.3,116.76,360,725,365,scenario_stable_non_high,other,"300m 이내 배출원 위치 4개, 500m 이내 배출원 위치 10개, 500m 이내 대기 배출업소 1곳, 500m 이내 지정폐기물 배출사업장 1곳, 500m 이내 소각 처리 사업장 1곳, 최근접 배출원 89m",,False,해당 시설 유형에 인원 자료 없음,산업·배출시설 공간 노출도,v4 (배출원: 전국 등록공장현황 2024-12-31 반영 5개 구 전역 + 배출업소·폐기물 v2 override 판 / 취약시설: 어린이집·경로당·지역아동센터 + 장애인복지관). geo_level=point 한정
SC0853,태평동부녀경로당,경로당,senior_center,4812953000,충무동,진해구,35.1450527761792,128.660386271749,89.2,89.2,4,10,20,4,10,20,1,8,0,1,1,1,0,1.0,1.0,1.0,3.0,0.0,571.3,116.76,360,725,365,scenario_stable_non_high,other,"300m 이내 배출원 위치 4개, 500m 이내 배출원 위치 10개, 500m 이내 대기 배출업소 1곳, 500m 이내 지정폐기물 배출사업장 1곳, 500m 이내 소각 처리 사업장 1곳, 최근접 배출원 89m",,False,해당 시설 유형에 인원 자료 없음,산업·배출시설 공간 노출도,v4 (배출원: 전국 등록공장현황 2024-12-31 반영 5개 구 전역 + 배출업소·폐기물 v2 override 판 / 취약시설: 어린이집·경로당·지역아동센터 + 장애인복지관). geo_level=point 한정
SC0854,속천동경로당,경로당,senior_center,4812953000,충무동,진해구,35.1421939827604,128.669160687525,53.1,53.1,4,11,17,5,12,18,0,6,6,2,2,1,4,1.25,1.091,1.059,3.0,0.0,478.8,118.92,244,699,455,scenario_stable_non_high,other,"300m 이내 배출원 위치 4개, 500m 이내 배출원 위치 11개, 500m 이내 지정폐기물 배출사업장 2곳, 500m 이내 소각 처리 사업장 1곳, 최근접 배출원 53m",,False,해당 시설 유형에 인원 자료 없음,산업·배출시설 공간 노출도,v4 (배출원: 전국 등록공장현황 2024-12-31 반영 5개 구 전역 + 배출업소·폐기물 v2 override 판 / 취약시설: 어린이집·경로당·지역아동센터 + 장애인복지관). geo_level=point 한정
SC0855,속천동부녀경로당,경로당,senior_center,4812953000,충무동,진해구,35.1421939827604,128.669160687525,53.1,53.1,4,11,17,5,12,18,0,6,6,2,2,1,4,1.25,1.091,1.059,3.0,0.0,478.8,118.92,244,699,455,scenario_stable_non_high,other,"300m 이내 배출원 위치 4개, 500m 이내 배출원 위치 11개, 500m 이내 지정폐기물 배출사업장 2곳, 500m 이내 소각 처리 사업장 1곳, 최근접 배출원 53m",,False,해당 시설 유형에 인원 자료 없음,산업·배출시설 공간 노출도,v4 (배출원: 전국 등록공장현황 2024-12-31 반영 5개 구 전역 + 배출업소·폐기물 v2 override 판 / 취약시설: 어린이집·경로당·지역아동센터 + 장애인복지관). geo_level=point 한정
SC0856,제황경로당,경로당,senior_center,4812953000,충무동,진해구,35.1446009086578,128.6701999612,74.2,74.2,3,8,25,3,9,26,0,5,3,2,2,1,3,1.0,1.125,1.04,3.0,0.0,484.5,100.0,256,641,385,scenario_stable_non_high,other,"300m 이내 배출원 위치 3개, 500m 이내 배출원 위치 8개, 500m 이내 지정폐기물 배출사업장 2곳, 500m 이내 소각 처리 사업장 1곳, 최근접 배출원 74m",,False,해당 시설 유형에 인원 자료 없음,산업·배출시설 공간 노출도,v4 (배출원: 전국 등록공장현황 2024-12-31 반영 5개 구 전역 + 배출업소·폐기물 v2 override 판 / 취약시설: 어린이집·경로당·지역아동센터 + 장애인복지관). geo_level=point 한정
SC0858,평화그린파크경로당,경로당,senior_center,4812953000,충무동,진해구,35.1461353382812,128.669487836582,252.1,252.1,2,6,28,2,6,29,0,4,0,1,1,0,1,1.0,1.0,1.036,3.0,0.0,662.2,87.57,523,853,330,scenario_stable_non_high,other,"300m 이내 배출원 위치 2개, 500m 이내 배출원 위치 6개, 500m 이내 지정폐기물 배출사업장 1곳, 최근접 배출원 252m",,False,해당 시설 유형에 인원 자료 없음,산업·배출시설 공간 노출도,v4 (배출원: 전국 등록공장현황 2024-12-31 반영 5개 구 전역 + 배출업소·폐기물 v2 override 판 / 취약시설: 어린이집·경로당·지역아동센터 + 장애인복지관). geo_level=point 한정
SC0859,대죽동경로당,경로당,senior_center,4812953000,충무동,진해구,35.1445460369752,128.663898674635,107.7,107.7,6,7,26,6,7,27,0,7,0,0,0,0,0,1.0,1.0,1.038,3.0,0.0,536.1,58.76,411,614,203,scenario_stable_non_high,other,"300m 이내 배출원 위치 6개, 500m 이내 배출원 위치 7개, 최근접 배출원 108m",,False,해당 시설 유형에 인원 자료 없음,산업·배출시설 공간 노출도,v4 (배출원: 전국 등록공장현황 2024-12-31 반영 5개 구 전역 + 배출업소·폐기물 v2 override 판 / 취약시설: 어린이집·경로당·지역아동센터 + 장애인복지관). geo_level=point 한정
SC0860,대죽동부녀경로당,경로당,senior_center,4812953000,충무동,진해구,35.1445460369752,128.663898674635,107.7,107.7,6,7,26,6,7,27,0,7,0,0,0,0,0,1.0,1.0,1.038,3.0,0.0,536.1,58.76,411,614,203,scenario_stable_non_high,other,"300m 이내 배출원 위치 6개, 500m 이내 배출원 위치 7개, 최근접 배출원 108m",,False,해당 시설 유형에 인원 자료 없음,산업·배출시설 공간 노출도,v4 (배출원: 전국 등록공장현황 2024-12-31 반영 5개 구 전역 + 배출업소·폐기물 v2 override 판 / 취약시설: 어린이집·경로당·지역아동센터 + 장애인복지관). geo_level=point 한정
SC0861,충무로5가경로당,경로당,senior_center,4812953000,충무동,진해구,35.1507702957758,128.660576288544,92.5,92.5,5,11,21,5,11,21,1,3,0,2,2,1,5,1.0,1.0,1.0,3.0,0.0,414.5,126.49,184,580,396,scenario_stable_non_high,other,"300m 이내 배출원 위치 5개, 500m 이내 배출원 위치 11개, 500m 이내 대기 배출업소 1곳, 500m 이내 지정폐기물 배출사업장 2곳, 500m 이내 소각 처리 사업장 1곳, 최근접 배출원 92m",,False,해당 시설 유형에 인원 자료 없음,산업·배출시설 공간 노출도,v4 (배출원: 전국 등록공장현황 2024-12-31 반영 5개 구 전역 + 배출업소·폐기물 v2 override 판 / 취약시설: 어린이집·경로당·지역아동센터 + 장애인복지관). geo_level=point 한정
SC0862,송학동부녀경로당,경로당,senior_center,4812953000,충무동,진해구,35.1507702957758,128.660576288544,92.5,92.5,5,11,21,5,11,21,1,3,0,2,2,1,5,1.0,1.0,1.0,3.0,0.0,414.5,126.49,184,580,396,scenario_stable_non_high,other,"300m 이내 배출원 위치 5개, 500m 이내 배출원 위치 11개, 500m 이내 대기 배출업소 1곳, 500m 이내 지정폐기물 배출사업장 2곳, 500m 이내 소각 처리 사업장 1곳, 최근접 배출원 92m",,False,해당 시설 유형에 인원 자료 없음,산업·배출시설 공간 노출도,v4 (배출원: 전국 등록공장현황 2024-12-31 반영 5개 구 전역 + 배출업소·폐기물 v2 override 판 / 취약시설: 어린이집·경로당·지역아동센터 + 장애인복지관). geo_level=point 한정
SC0863,화천여자경로당,경로당,senior_center,4812953000,충무동,진해구,35.1507702957758,128.660576288544,92.5,92.5,5,11,21,5,11,21,1,3,0,2,2,1,5,1.0,1.0,1.0,3.0,0.0,414.5,126.49,184,580,396,scenario_stable_non_high,other,"300m 이내 배출원 위치 5개, 500m 이내 배출원 위치 11개, 500m 이내 대기 배출업소 1곳, 500m 이내 지정폐기물 배출사업장 2곳, 500m 이내 소각 처리 사업장 1곳, 최근접 배출원 92m",,False,해당 시설 유형에 인원 자료 없음,산업·배출시설 공간 노출도,v4 (배출원: 전국 등록공장현황 2024-12-31 반영 5개 구 전역 + 배출업소·폐기물 v2 override 판 / 취약시설: 어린이집·경로당·지역아동센터 + 장애인복지관). geo_level=point 한정
SC0864,충무동경로당,경로당,senior_center,4812953000,충무동,진해구,35.1504647467152,128.667781453,248.8,248.8,1,4,27,1,4,27,0,2,0,0,0,0,2,1.0,1.0,1.0,3.0,0.0,822.2,108.72,671,1004,333,scenario_stable_non_high,other,"300m 이내 배출원 위치 1개, 500m 이내 배출원 위치 4개, 최근접 배출원 249m",,False,해당 시설 유형에 인원 자료 없음,산업·배출시설 공간 노출도,v4 (배출원: 전국 등록공장현황 2024-12-31 반영 5개 구 전역 + 배출업소·폐기물 v2 override 판 / 취약시설: 어린이집·경로당·지역아동센터 + 장애인복지관). geo_level=point 한정
SC0865,충무동부녀경로당,경로당,senior_center,4812953000,충무동,진해구,35.1504647467152,128.667781453,248.8,248.8,1,4,27,1,4,27,0,2,0,0,0,0,2,1.0,1.0,1.0,3.0,0.0,822.2,108.72,671,1004,333,scenario_stable_non_high,other,"300m 이내 배출원 위치 1개, 500m 이내 배출원 위치 4개, 최근접 배출원 249m",,False,해당 시설 유형에 인원 자료 없음,산업·배출시설 공간 노출도,v4 (배출원: 전국 등록공장현황 2024-12-31 반영 5개 구 전역 + 배출업소·폐기물 v2 override 판 / 취약시설: 어린이집·경로당·지역아동센터 + 장애인복지관). geo_level=point 한정
SC0866,제황산경로당,경로당,senior_center,4812953000,충무동,진해구,35.1501271225953,128.66562158415,324.5,324.5,0,7,29,0,7,29,0,5,0,1,1,1,1,,1.0,1.0,3.0,0.0,732.4,118.13,586,948,362,scenario_stable_non_high,other,"500m 이내 배출원 위치 7개, 500m 이내 지정폐기물 배출사업장 1곳, 500m 이내 소각 처리 사업장 1곳, 최근접 배출원 324m",,False,해당 시설 유형에 인원 자료 없음,산업·배출시설 공간 노출도,v4 (배출원: 전국 등록공장현황 2024-12-31 반영 5개 구 전역 + 배출업소·폐기물 v2 override 판 / 취약시설: 어린이집·경로당·지역아동센터 + 장애인복지관). geo_level=point 한정
SC0867,제황산부녀경로당,경로당,senior_center,4812953000,충무동,진해구,35.1501271225953,128.66562158415,324.5,324.5,0,7,29,0,7,29,0,5,0,1,1,1,1,,1.0,1.0,3.0,0.0,732.4,118.13,586,948,362,scenario_stable_non_high,other,"500m 이내 배출원 위치 7개, 500m 이내 지정폐기물 배출사업장 1곳, 500m 이내 소각 처리 사업장 1곳, 최근접 배출원 324m",,False,해당 시설 유형에 인원 자료 없음,산업·배출시설 공간 노출도,v4 (배출원: 전국 등록공장현황 2024-12-31 반영 5개 구 전역 + 배출업소·폐기물 v2 override 판 / 취약시설: 어린이집·경로당·지역아동센터 + 장애인복지관). geo_level=point 한정
SC0868,제황로경로당,경로당,senior_center,4812953000,충무동,진해구,35.1509761613775,128.669556887727,141.6,141.6,2,6,23,2,6,23,0,4,0,0,0,0,2,1.0,1.0,1.0,3.0,0.0,807.0,22.21,758,844,86,scenario_stable_non_high,other,"300m 이내 배출원 위치 2개, 500m 이내 배출원 위치 6개, 최근접 배출원 142m",,False,해당 시설 유형에 인원 자료 없음,산업·배출시설 공간 노출도,v4 (배출원: 전국 등록공장현황 2024-12-31 반영 5개 구 전역 + 배출업소·폐기물 v2 override 판 / 취약시설: 어린이집·경로당·지역아동센터 + 장애인복지관). geo_level=point 한정
SC0869,제황로부녀경로당,경로당,senior_center,4812953000,충무동,진해구,35.1509761613775,128.669556887727,141.6,141.6,2,6,23,2,6,23,0,4,0,0,0,0,2,1.0,1.0,1.0,3.0,0.0,807.0,22.21,758,844,86,scenario_stable_non_high,other,"300m 이내 배출원 위치 2개, 500m 이내 배출원 위치 6개, 최근접 배출원 142m",,False,해당 시설 유형에 인원 자료 없음,산업·배출시설 공간 노출도,v4 (배출원: 전국 등록공장현황 2024-12-31 반영 5개 구 전역 + 배출업소·폐기물 v2 override 판 / 취약시설: 어린이집·경로당·지역아동센터 + 장애인복지관). geo_level=point 한정
SC0870,중원경로당,경로당,senior_center,4812953000,충무동,진해구,35.1474781126363,128.660108017348,132.6,132.6,5,11,18,5,11,18,1,7,0,1,1,1,2,1.0,1.0,1.0,3.0,0.0,441.7,142.85,198,618,420,scenario_stable_non_high,other,"300m 이내 배출원 위치 5개, 500m 이내 배출원 위치 11개, 500m 이내 대기 배출업소 1곳, 500m 이내 지정폐기물 배출사업장 1곳, 500m 이내 소각 처리 사업장 1곳, 최근접 배출원 133m",,False,해당 시설 유형에 인원 자료 없음,산업·배출시설 공간 노출도,v4 (배출원: 전국 등록공장현황 2024-12-31 반영 5개 구 전역 + 배출업소·폐기물 v2 override 판 / 취약시설: 어린이집·경로당·지역아동센터 + 장애인복지관). geo_level=point 한정
SC0871,평지경로당,경로당,senior_center,4812954000,여좌동,진해구,35.1678429178567,128.657901245489,531.0,531.0,0,0,2,0,0,2,0,0,0,0,0,0,0,,,1.0,1.0,0.0,1463.5,38.08,1399,1528,129,scenario_stable_non_high,other,1km 이내 배출원 없음 (최근접 531m),,False,해당 시설 유형에 인원 자료 없음,산업·배출시설 공간 노출도,v4 (배출원: 전국 등록공장현황 2024-12-31 반영 5개 구 전역 + 배출업소·폐기물 v2 override 판 / 취약시설: 어린이집·경로당·지역아동센터 + 장애인복지관). geo_level=point 한정
SC0872,평지부녀경로당,경로당,senior_center,4812954000,여좌동,진해구,35.1678429178567,128.657901245489,531.0,531.0,0,0,2,0,0,2,0,0,0,0,0,0,0,,,1.0,1.0,0.0,1463.5,38.08,1399,1528,129,scenario_stable_non_high,other,1km 이내 배출원 없음 (최근접 531m),,False,해당 시설 유형에 인원 자료 없음,산업·배출시설 공간 노출도,v4 (배출원: 전국 등록공장현황 2024-12-31 반영 5개 구 전역 + 배출업소·폐기물 v2 override 판 / 취약시설: 어린이집·경로당·지역아동센터 + 장애인복지관). geo_level=point 한정
SC0873,여좌경로당,경로당,senior_center,4812954000,여좌동,진해구,35.1623664651101,128.662762067122,221.2,221.2,2,2,4,2,2,4,0,1,0,1,1,0,0,1.0,1.0,1.0,1.0,0.0,1084.0,145.91,785,1288,503,scenario_stable_non_high,other,"300m 이내 배출원 위치 2개, 500m 이내 배출원 위치 2개, 500m 이내 지정폐기물 배출사업장 1곳, 최근접 배출원 221m",,False,해당 시설 유형에 인원 자료 없음,산업·배출시설 공간 노출도,v4 (배출원: 전국 등록공장현황 2024-12-31 반영 5개 구 전역 + 배출업소·폐기물 v2 override 판 / 취약시설: 어린이집·경로당·지역아동센터 + 장애인복지관). geo_level=point 한정
SC0874,여좌부녀경로당,경로당,senior_center,4812954000,여좌동,진해구,35.1624638786509,128.66284153012,217.5,217.5,2,2,4,2,2,4,0,1,0,1,1,0,0,1.0,1.0,1.0,1.0,0.0,1078.2,152.51,760,1287,527,scenario_stable_non_high,other,"300m 이내 배출원 위치 2개, 500m 이내 배출원 위치 2개, 500m 이내 지정폐기물 배출사업장 1곳, 최근접 배출원 218m",,False,해당 시설 유형에 인원 자료 없음,산업·배출시설 공간 노출도,v4 (배출원: 전국 등록공장현황 2024-12-31 반영 5개 구 전역 + 배출업소·폐기물 v2 override 판 / 취약시설: 어린이집·경로당·지역아동센터 + 장애인복지관). geo_level=point 한정
SC0875,여좌2가부녀경로당,경로당,senior_center,4812954000,여좌동,진해구,35.1616301028129,128.665337578595,372.0,372.0,0,3,5,0,3,5,1,1,0,1,1,0,0,,1.0,1.0,1.0,0.0,1236.3,43.56,1157,1331,174,scenario_stable_non_high,other,"500m 이내 배출원 위치 3개, 500m 이내 대기 배출업소 1곳, 500m 이내 지정폐기물 배출사업장 1곳, 최근접 배출원 372m",,False,해당 시설 유형에 인원 자료 없음,산업·배출시설 공간 노출도,v4 (배출원: 전국 등록공장현황 2024-12-31 반영 5개 구 전역 + 배출업소·폐기물 v2 override 판 / 취약시설: 어린이집·경로당·지역아동센터 + 장애인복지관). geo_level=point 한정
SC0876,여좌장복경로당,경로당,senior_center,4812954000,여좌동,진해구,35.1580389638817,128.662937243657,180.0,180.0,1,2,13,1,2,13,1,0,0,0,0,0,1,1.0,1.0,1.0,1.0,0.0,988.1,81.79,823,1100,277,scenario_stable_non_high,other,"300m 이내 배출원 위치 1개, 500m 이내 배출원 위치 2개, 500m 이내 대기 배출업소 1곳, 최근접 배출원 180m",,False,해당 시설 유형에 인원 자료 없음,산업·배출시설 공간 노출도,v4 (배출원: 전국 등록공장현황 2024-12-31 반영 5개 구 전역 + 배출업소·폐기물 v2 override 판 / 취약시설: 어린이집·경로당·지역아동센터 + 장애인복지관). geo_level=point 한정
SC0877,여좌장복부녀경로당,경로당,senior_center,4812954000,여좌동,진해구,35.1580389638817,128.662937243657,180.0,180.0,1,2,13,1,2,13,1,0,0,0,0,0,1,1.0,1.0,1.0,1.0,0.0,988.1,81.79,823,1100,277,scenario_stable_non_high,other,"300m 이내 배출원 위치 1개, 500m 이내 배출원 위치 2개, 500m 이내 대기 배출업소 1곳, 최근접 배출원 180m",,False,해당 시설 유형에 인원 자료 없음,산업·배출시설 공간 노출도,v4 (배출원: 전국 등록공장현황 2024-12-31 반영 5개 구 전역 + 배출업소·폐기물 v2 override 판 / 취약시설: 어린이집·경로당·지역아동센터 + 장애인복지관). geo_level=point 한정
SC0878,여좌1가경로당,경로당,senior_center,4812954000,여좌동,진해구,35.1577461395322,128.660652341651,377.9,377.9,0,1,13,0,1,13,1,0,0,0,0,0,0,,1.0,1.0,1.0,0.0,1119.4,67.1,994,1251,257,scenario_stable_non_high,other,"500m 이내 배출원 위치 1개, 500m 이내 대기 배출업소 1곳, 최근접 배출원 378m",,False,해당 시설 유형에 인원 자료 없음,산업·배출시설 공간 노출도,v4 (배출원: 전국 등록공장현황 2024-12-31 반영 5개 구 전역 + 배출업소·폐기물 v2 override 판 / 취약시설: 어린이집·경로당·지역아동센터 + 장애인복지관). geo_level=point 한정
SC0879,여좌1가부녀경로당,경로당,senior_center,4812954000,여좌동,진해구,35.1577461395322,128.660652341651,377.9,377.9,0,1,13,0,1,13,1,0,0,0,0,0,0,,1.0,1.0,1.0,0.0,1119.4,67.1,994,1251,257,scenario_stable_non_high,other,"500m 이내 배출원 위치 1개, 500m 이내 대기 배출업소 1곳, 최근접 배출원 378m",,False,해당 시설 유형에 인원 자료 없음,산업·배출시설 공간 노출도,v4 (배출원: 전국 등록공장현황 2024-12-31 반영 5개 구 전역 + 배출업소·폐기물 v2 override 판 / 취약시설: 어린이집·경로당·지역아동센터 + 장애인복지관). geo_level=point 한정
SC0880,여좌재건경로당,경로당,senior_center,4812954000,여좌동,진해구,35.1540098948993,128.662735515725,185.4,185.4,1,6,23,1,6,23,1,2,0,0,0,0,3,1.0,1.0,1.0,1.0,0.0,801.9,61.9,714,918,204,scenario_stable_non_high,other,"300m 이내 배출원 위치 1개, 500m 이내 배출원 위치 6개, 500m 이내 대기 배출업소 1곳, 최근접 배출원 185m",,False,해당 시설 유형에 인원 자료 없음,산업·배출시설 공간 노출도,v4 (배출원: 전국 등록공장현황 2024-12-31 반영 5개 구 전역 + 배출업소·폐기물 v2 override 판 / 취약시설: 어린이집·경로당·지역아동센터 + 장애인복지관). geo_level=point 한정
SC0881,여좌재건부녀경로당,경로당,senior_center,4812954000,여좌동,진해구,35.1540098948993,128.662735515725,185.4,185.4,1,6,23,1,6,23,1,2,0,0,0,0,3,1.0,1.0,1.0,1.0,0.0,801.9,61.9,714,918,204,scenario_stable_non_high,other,"300m 이내 배출원 위치 1개, 500m 이내 배출원 위치 6개, 500m 이내 대기 배출업소 1곳, 최근접 배출원 185m",,False,해당 시설 유형에 인원 자료 없음,산업·배출시설 공간 노출도,v4 (배출원: 전국 등록공장현황 2024-12-31 반영 5개 구 전역 + 배출업소·폐기물 v2 override 판 / 취약시설: 어린이집·경로당·지역아동센터 + 장애인복지관). geo_level=point 한정
SC0883,여명경로당,경로당,senior_center,4812954000,여좌동,진해구,35.1573997002187,128.658488724888,529.2,529.2,0,0,13,0,0,13,0,0,0,0,0,0,0,,,1.0,1.0,0.0,1189.2,95.18,1031,1344,313,scenario_stable_non_high,other,1km 이내 배출원 없음 (최근접 529m),,False,해당 시설 유형에 인원 자료 없음,산업·배출시설 공간 노출도,v4 (배출원: 전국 등록공장현황 2024-12-31 반영 5개 구 전역 + 배출업소·폐기물 v2 override 판 / 취약시설: 어린이집·경로당·지역아동센터 + 장애인복지관). geo_level=point 한정
SC0884,여명부녀경로당,경로당,senior_center,4812954000,여좌동,진해구,35.1573997002187,128.658488724888,529.2,529.2,0,0,13,0,0,13,0,0,0,0,0,0,0,,,1.0,1.0,0.0,1189.2,95.18,1031,1344,313,scenario_stable_non_high,other,1km 이내 배출원 없음 (최근접 529m),,False,해당 시설 유형에 인원 자료 없음,산업·배출시설 공간 노출도,v4 (배출원: 전국 등록공장현황 2024-12-31 반영 5개 구 전역 + 배출업소·폐기물 v2 override 판 / 취약시설: 어린이집·경로당·지역아동센터 + 장애인복지관). geo_level=point 한정
SC0885,육대경로당,경로당,senior_center,4812954000,여좌동,진해구,35.155256333736,128.664839047722,245.2,245.2,3,3,18,3,3,18,1,1,0,0,0,0,1,1.0,1.0,1.0,1.0,0.0,853.6,42.02,775,914,139,scenario_stable_non_high,other,"300m 이내 배출원 위치 3개, 500m 이내 배출원 위치 3개, 500m 이내 대기 배출업소 1곳, 최근접 배출원 245m",,False,해당 시설 유형에 인원 자료 없음,산업·배출시설 공간 노출도,v4 (배출원: 전국 등록공장현황 2024-12-31 반영 5개 구 전역 + 배출업소·폐기물 v2 override 판 / 취약시설: 어린이집·경로당·지역아동센터 + 장애인복지관). geo_level=point 한정
SC0886,제광경로당,경로당,senior_center,4812955000,태백동,진해구,35.1561567533195,128.680138168864,52.7,52.7,2,9,15,2,9,15,1,5,0,0,0,0,3,1.0,1.0,1.0,1.0,0.0,825.9,140.53,580,978,398,scenario_stable_non_high,other,"300m 이내 배출원 위치 2개, 500m 이내 배출원 위치 9개, 500m 이내 대기 배출업소 1곳, 최근접 배출원 53m",,False,해당 시설 유형에 인원 자료 없음,산업·배출시설 공간 노출도,v4 (배출원: 전국 등록공장현황 2024-12-31 반영 5개 구 전역 + 배출업소·폐기물 v2 override 판 / 취약시설: 어린이집·경로당·지역아동센터 + 장애인복지관). geo_level=point 한정
SC0887,제광부녀경로당,경로당,senior_center,4812955000,태백동,진해구,35.1561567533195,128.680138168864,52.7,52.7,2,9,15,2,9,15,1,5,0,0,0,0,3,1.0,1.0,1.0,1.0,0.0,825.9,140.53,580,978,398,scenario_stable_non_high,other,"300m 이내 배출원 위치 2개, 500m 이내 배출원 위치 9개, 500m 이내 대기 배출업소 1곳, 최근접 배출원 53m",,False,해당 시설 유형에 인원 자료 없음,산업·배출시설 공간 노출도,v4 (배출원: 전국 등록공장현황 2024-12-31 반영 5개 구 전역 + 배출업소·폐기물 v2 override 판 / 취약시설: 어린이집·경로당·지역아동센터 + 장애인복지관). geo_level=point 한정
SC0888,태백동새동네경로당,경로당,senior_center,4812955000,태백동,진해구,35.1563770816921,128.674849233233,392.7,392.7,0,7,17,0,7,17,0,6,0,0,0,0,1,,1.0,1.0,1.0,0.0,1053.3,39.7,1008,1132,124,scenario_stable_non_high,other,"500m 이내 배출원 위치 7개, 최근접 배출원 393m",,False,해당 시설 유형에 인원 자료 없음,산업·배출시설 공간 노출도,v4 (배출원: 전국 등록공장현황 2024-12-31 반영 5개 구 전역 + 배출업소·폐기물 v2 override 판 / 취약시설: 어린이집·경로당·지역아동센터 + 장애인복지관). geo_level=point 한정
SC0889,태백동새동네부녀경로당,경로당,senior_center,4812955000,태백동,진해구,35.1563770816921,128.674849233233,392.7,392.7,0,7,17,0,7,17,0,6,0,0,0,0,1,,1.0,1.0,1.0,0.0,1053.3,39.7,1008,1132,124,scenario_stable_non_high,other,"500m 이내 배출원 위치 7개, 최근접 배출원 393m",,False,해당 시설 유형에 인원 자료 없음,산업·배출시설 공간 노출도,v4 (배출원: 전국 등록공장현황 2024-12-31 반영 5개 구 전역 + 배출업소·폐기물 v2 override 판 / 취약시설: 어린이집·경로당·지역아동센터 + 장애인복지관). geo_level=point 한정
SC0890,태백동경로당,경로당,senior_center,4812955000,태백동,진해구,35.153360059222,128.672656052505,86.4,86.4,5,7,17,5,7,17,0,5,0,0,0,0,2,1.0,1.0,1.0,1.0,0.0,642.8,205.72,264,833,569,scenario_stable_non_high,other,"300m 이내 배출원 위치 5개, 500m 이내 배출원 위치 7개, 최근접 배출원 86m",,False,해당 시설 유형에 인원 자료 없음,산업·배출시설 공간 노출도,v4 (배출원: 전국 등록공장현황 2024-12-31 반영 5개 구 전역 + 배출업소·폐기물 v2 override 판 / 취약시설: 어린이집·경로당·지역아동센터 + 장애인복지관). geo_level=point 한정
SC0891,태백동부녀경로당,경로당,senior_center,4812955000,태백동,진해구,35.153360059222,128.672656052505,86.4,86.4,5,7,17,5,7,17,0,5,0,0,0,0,2,1.0,1.0,1.0,1.0,0.0,642.8,205.72,264,833,569,scenario_stable_non_high,other,"300m 이내 배출원 위치 5개, 500m 이내 배출원 위치 7개, 최근접 배출원 86m",,False,해당 시설 유형에 인원 자료 없음,산업·배출시설 공간 노출도,v4 (배출원: 전국 등록공장현황 2024-12-31 반영 5개 구 전역 + 배출업소·폐기물 v2 override 판 / 취약시설: 어린이집·경로당·지역아동센터 + 장애인복지관). geo_level=point 한정
SC0892,경화동경로당,경로당,senior_center,4812956000,경화동,진해구,35.1561277689259,128.685066256222,277.3,277.3,1,6,19,1,6,19,0,4,0,0,0,0,2,1.0,1.0,1.0,4.0,0.0,924.4,32.21,862,975,113,scenario_stable_non_high,other,"300m 이내 배출원 위치 1개, 500m 이내 배출원 위치 6개, 최근접 배출원 277m",,False,해당 시설 유형에 인원 자료 없음,산업·배출시설 공간 노출도,v4 (배출원: 전국 등록공장현황 2024-12-31 반영 5개 구 전역 + 배출업소·폐기물 v2 override 판 / 취약시설: 어린이집·경로당·지역아동센터 + 장애인복지관). geo_level=point 한정
SC0893,경화동부녀경로당,경로당,senior_center,4812956000,경화동,진해구,35.1561277689259,128.685066256222,277.3,277.3,1,6,19,1,6,19,0,4,0,0,0,0,2,1.0,1.0,1.0,4.0,0.0,924.4,32.21,862,975,113,scenario_stable_non_high,other,"300m 이내 배출원 위치 1개, 500m 이내 배출원 위치 6개, 최근접 배출원 277m",,False,해당 시설 유형에 인원 자료 없음,산업·배출시설 공간 노출도,v4 (배출원: 전국 등록공장현황 2024-12-31 반영 5개 구 전역 + 배출업소·폐기물 v2 override 판 / 취약시설: 어린이집·경로당·지역아동센터 + 장애인복지관). geo_level=point 한정
SC0894,경일경로당,경로당,senior_center,4812956000,경화동,진해구,35.1548439647769,128.68334251772,127.8,127.8,5,7,17,5,7,17,1,4,0,0,0,0,2,1.0,1.0,1.0,4.0,0.0,703.5,122.44,471,851,380,scenario_stable_non_high,other,"300m 이내 배출원 위치 5개, 500m 이내 배출원 위치 7개, 500m 이내 대기 배출업소 1곳, 최근접 배출원 128m",,False,해당 시설 유형에 인원 자료 없음,산업·배출시설 공간 노출도,v4 (배출원: 전국 등록공장현황 2024-12-31 반영 5개 구 전역 + 배출업소·폐기물 v2 override 판 / 취약시설: 어린이집·경로당·지역아동센터 + 장애인복지관). geo_level=point 한정
SC0895,경일부녀경로당,경로당,senior_center,4812956000,경화동,진해구,35.1548439647769,128.68334251772,127.8,127.8,5,7,17,5,7,17,1,4,0,0,0,0,2,1.0,1.0,1.0,4.0,0.0,703.5,122.44,471,851,380,scenario_stable_non_high,other,"300m 이내 배출원 위치 5개, 500m 이내 배출원 위치 7개, 500m 이내 대기 배출업소 1곳, 최근접 배출원 128m",,False,해당 시설 유형에 인원 자료 없음,산업·배출시설 공간 노출도,v4 (배출원: 전국 등록공장현황 2024-12-31 반영 5개 구 전역 + 배출업소·폐기물 v2 override 판 / 취약시설: 어린이집·경로당·지역아동센터 + 장애인복지관). geo_level=point 한정
SC0896,조천경로당,경로당,senior_center,4812956000,경화동,진해구,35.1585991256383,128.683302583946,205.8,205.8,1,3,15,1,3,15,0,1,0,0,0,0,2,1.0,1.0,1.0,4.0,0.0,1091.2,15.36,1055,1112,57,scenario_stable_non_high,other,"300m 이내 배출원 위치 1개, 500m 이내 배출원 위치 3개, 최근접 배출원 206m",,False,해당 시설 유형에 인원 자료 없음,산업·배출시설 공간 노출도,v4 (배출원: 전국 등록공장현황 2024-12-31 반영 5개 구 전역 + 배출업소·폐기물 v2 override 판 / 취약시설: 어린이집·경로당·지역아동센터 + 장애인복지관). geo_level=point 한정
SC0897,조천부녀경로당,경로당,senior_center,4812956000,경화동,진해구,35.1585991256383,128.683302583946,205.8,205.8,1,3,15,1,3,15,0,1,0,0,0,0,2,1.0,1.0,1.0,4.0,0.0,1091.2,15.36,1055,1112,57,scenario_stable_non_high,other,"300m 이내 배출원 위치 1개, 500m 이내 배출원 위치 3개, 최근접 배출원 206m",,False,해당 시설 유형에 인원 자료 없음,산업·배출시설 공간 노출도,v4 (배출원: 전국 등록공장현황 2024-12-31 반영 5개 구 전역 + 배출업소·폐기물 v2 override 판 / 취약시설: 어린이집·경로당·지역아동센터 + 장애인복지관). geo_level=point 한정
SC0898,경화포스코경로당,경로당,senior_center,4812956000,경화동,진해구,35.1605920188221,128.678587541095,303.0,303.0,0,2,11,0,2,11,0,1,0,0,0,0,1,,1.0,1.0,4.0,0.0,1336.2,15.34,1309,1369,60,scenario_stable_non_high,other,"500m 이내 배출원 위치 2개, 최근접 배출원 303m",,False,해당 시설 유형에 인원 자료 없음,산업·배출시설 공간 노출도,v4 (배출원: 전국 등록공장현황 2024-12-31 반영 5개 구 전역 + 배출업소·폐기물 v2 override 판 / 취약시설: 어린이집·경로당·지역아동센터 + 장애인복지관). geo_level=point 한정
SC0899,삼정그린코아경로당,경로당,senior_center,4812956000,경화동,진해구,35.161831753882,128.682211734626,205.2,205.2,1,1,10,1,1,10,0,0,0,0,0,0,1,1.0,1.0,1.0,4.0,0.0,1332.8,47.93,1250,1388,138,scenario_stable_non_high,other,"300m 이내 배출원 위치 1개, 500m 이내 배출원 위치 1개, 최근접 배출원 205m",,False,해당 시설 유형에 인원 자료 없음,산업·배출시설 공간 노출도,v4 (배출원: 전국 등록공장현황 2024-12-31 반영 5개 구 전역 + 배출업소·폐기물 v2 override 판 / 취약시설: 어린이집·경로당·지역아동센터 + 장애인복지관). geo_level=point 한정
SC0901,경화대동다숲경로당,경로당,senior_center,4812956000,경화동,진해구,35.1612958520123,128.680357234988,196.3,196.3,1,1,9,1,1,9,0,0,0,0,0,0,1,1.0,1.0,1.0,4.0,0.0,1326.9,54.45,1225,1378,153,scenario_stable_non_high,other,"300m 이내 배출원 위치 1개, 500m 이내 배출원 위치 1개, 최근접 배출원 196m",,False,해당 시설 유형에 인원 자료 없음,산업·배출시설 공간 노출도,v4 (배출원: 전국 등록공장현황 2024-12-31 반영 5개 구 전역 + 배출업소·폐기물 v2 override 판 / 취약시설: 어린이집·경로당·지역아동센터 + 장애인복지관). geo_level=point 한정
SC0902,병암동경로당,경로당,senior_center,4812957000,병암동,진해구,35.1552711263447,128.688957011298,305.5,305.5,0,6,25,0,6,25,1,5,0,1,1,1,0,,1.0,1.0,0.0,0.0,696.0,82.74,555,881,326,scenario_stable_non_high,other,"500m 이내 배출원 위치 6개, 500m 이내 대기 배출업소 1곳, 500m 이내 지정폐기물 배출사업장 1곳, 500m 이내 소각 처리 사업장 1곳, 최근접 배출원 306m",,False,해당 시설 유형에 인원 자료 없음,산업·배출시설 공간 노출도,v4 (배출원: 전국 등록공장현황 2024-12-31 반영 5개 구 전역 + 배출업소·폐기물 v2 override 판 / 취약시설: 어린이집·경로당·지역아동센터 + 장애인복지관). geo_level=point 한정
SC0903,병암동부녀경로당,경로당,senior_center,4812957000,병암동,진해구,35.1552711263447,128.688957011298,305.5,305.5,0,6,25,0,6,25,1,5,0,1,1,1,0,,1.0,1.0,0.0,0.0,696.0,82.74,555,881,326,scenario_stable_non_high,other,"500m 이내 배출원 위치 6개, 500m 이내 대기 배출업소 1곳, 500m 이내 지정폐기물 배출사업장 1곳, 500m 이내 소각 처리 사업장 1곳, 최근접 배출원 306m",,False,해당 시설 유형에 인원 자료 없음,산업·배출시설 공간 노출도,v4 (배출원: 전국 등록공장현황 2024-12-31 반영 5개 구 전역 + 배출업소·폐기물 v2 override 판 / 취약시설: 어린이집·경로당·지역아동센터 + 장애인복지관). geo_level=point 한정
SC0904,상지아파트경로당,경로당,senior_center,4812957000,병암동,진해구,35.1608261388643,128.694246098028,108.6,108.6,4,6,15,4,6,15,1,3,2,0,0,0,1,1.0,1.0,1.0,0.0,0.0,674.7,95.46,515,807,292,scenario_stable_non_high,other,"300m 이내 배출원 위치 4개, 500m 이내 배출원 위치 6개, 500m 이내 대기 배출업소 1곳, 최근접 배출원 109m",,False,해당 시설 유형에 인원 자료 없음,산업·배출시설 공간 노출도,v4 (배출원: 전국 등록공장현황 2024-12-31 반영 5개 구 전역 + 배출업소·폐기물 v2 override 판 / 취약시설: 어린이집·경로당·지역아동센터 + 장애인복지관). geo_level=point 한정
SC0905,경화아파트경로당,경로당,senior_center,4812957000,병암동,진해구,35.1567650858642,128.691721328893,177.7,177.7,3,9,25,3,9,25,2,5,2,1,1,1,1,1.0,1.0,1.0,0.0,0.0,586.8,37.03,516,655,139,scenario_stable_non_high,other,"300m 이내 배출원 위치 3개, 500m 이내 배출원 위치 9개, 500m 이내 대기 배출업소 2곳, 500m 이내 지정폐기물 배출사업장 1곳, 500m 이내 소각 처리 사업장 1곳, 최근접 배출원 178m",,False,해당 시설 유형에 인원 자료 없음,산업·배출시설 공간 노출도,v4 (배출원: 전국 등록공장현황 2024-12-31 반영 5개 구 전역 + 배출업소·폐기물 v2 override 판 / 취약시설: 어린이집·경로당·지역아동센터 + 장애인복지관). geo_level=point 한정
SC0906,병암동사랑방경로당,경로당,senior_center,4812957000,병암동,진해구,35.1582271655573,128.691326259424,95.1,95.1,5,7,20,5,7,20,1,4,2,0,0,0,1,1.0,1.0,1.0,0.0,0.0,646.9,31.35,609,737,128,scenario_stable_non_high,other,"300m 이내 배출원 위치 5개, 500m 이내 배출원 위치 7개, 500m 이내 대기 배출업소 1곳, 최근접 배출원 95m",,False,해당 시설 유형에 인원 자료 없음,산업·배출시설 공간 노출도,v4 (배출원: 전국 등록공장현황 2024-12-31 반영 5개 구 전역 + 배출업소·폐기물 v2 override 판 / 취약시설: 어린이집·경로당·지역아동센터 + 장애인복지관). geo_level=point 한정
SC0907,병암동행복경로당,경로당,senior_center,4812957000,병암동,진해구,35.1517716212024,128.691001035759,159.7,159.7,4,7,24,4,7,24,1,4,0,3,3,1,0,1.0,1.0,1.0,0.0,0.0,448.2,87.22,266,607,341,scenario_stable_non_high,other,"300m 이내 배출원 위치 4개, 500m 이내 배출원 위치 7개, 500m 이내 대기 배출업소 1곳, 500m 이내 지정폐기물 배출사업장 3곳, 500m 이내 소각 처리 사업장 1곳, 최근접 배출원 160m",,False,해당 시설 유형에 인원 자료 없음,산업·배출시설 공간 노출도,v4 (배출원: 전국 등록공장현황 2024-12-31 반영 5개 구 전역 + 배출업소·폐기물 v2 override 판 / 취약시설: 어린이집·경로당·지역아동센터 + 장애인복지관). geo_level=point 한정
SC0908,경화주공아파트경로당,경로당,senior_center,4812957000,병암동,진해구,35.1586331671639,128.68882679453,312.5,312.5,0,4,20,0,4,20,0,3,0,0,0,0,1,,1.0,1.0,0.0,0.0,947.8,94.98,804,1104,300,scenario_stable_non_high,other,"500m 이내 배출원 위치 4개, 최근접 배출원 312m",,False,해당 시설 유형에 인원 자료 없음,산업·배출시설 공간 노출도,v4 (배출원: 전국 등록공장현황 2024-12-31 반영 5개 구 전역 + 배출업소·폐기물 v2 override 판 / 취약시설: 어린이집·경로당·지역아동센터 + 장애인복지관). geo_level=point 한정
SC0909,석동경로당,경로당,senior_center,4812958000,석동,진해구,35.1588809436481,128.701150832153,59.7,59.7,4,5,22,4,5,23,0,1,1,1,1,1,2,1.0,1.0,1.045,2.0,0.0,530.7,119.63,289,688,399,scenario_stable_non_high,other,"300m 이내 배출원 위치 4개, 500m 이내 배출원 위치 5개, 500m 이내 지정폐기물 배출사업장 1곳, 500m 이내 소각 처리 사업장 1곳, 최근접 배출원 60m",,False,해당 시설 유형에 인원 자료 없음,산업·배출시설 공간 노출도,v4 (배출원: 전국 등록공장현황 2024-12-31 반영 5개 구 전역 + 배출업소·폐기물 v2 override 판 / 취약시설: 어린이집·경로당·지역아동센터 + 장애인복지관). geo_level=point 한정
SC0910,석동부녀경로당,경로당,senior_center,4812958000,석동,진해구,35.1588809436481,128.701150832153,59.7,59.7,4,5,22,4,5,23,0,1,1,1,1,1,2,1.0,1.0,1.045,2.0,0.0,530.7,119.63,289,688,399,scenario_stable_non_high,other,"300m 이내 배출원 위치 4개, 500m 이내 배출원 위치 5개, 500m 이내 지정폐기물 배출사업장 1곳, 500m 이내 소각 처리 사업장 1곳, 최근접 배출원 60m",,False,해당 시설 유형에 인원 자료 없음,산업·배출시설 공간 노출도,v4 (배출원: 전국 등록공장현황 2024-12-31 반영 5개 구 전역 + 배출업소·폐기물 v2 override 판 / 취약시설: 어린이집·경로당·지역아동센터 + 장애인복지관). geo_level=point 한정
SC0911,한솔솔파크경로당,경로당,senior_center,4812958000,석동,진해구,35.1584902857874,128.702489740853,25.8,25.8,3,5,21,3,5,22,0,1,1,1,1,1,2,1.0,1.0,1.048,2.0,0.0,599.4,120.29,380,757,377,scenario_stable_non_high,other,"300m 이내 배출원 위치 3개, 500m 이내 배출원 위치 5개, 500m 이내 지정폐기물 배출사업장 1곳, 500m 이내 소각 처리 사업장 1곳, 최근접 배출원 26m",,False,해당 시설 유형에 인원 자료 없음,산업·배출시설 공간 노출도,v4 (배출원: 전국 등록공장현황 2024-12-31 반영 5개 구 전역 + 배출업소·폐기물 v2 override 판 / 취약시설: 어린이집·경로당·지역아동센터 + 장애인복지관). geo_level=point 한정
SC0912,석동그린빌2단지경로당,경로당,senior_center,4812958000,석동,진해구,35.1556233424162,128.709085196702,114.2,114.2,4,6,17,5,7,18,1,1,0,0,0,0,5,1.25,1.167,1.059,2.0,0.0,761.1,89.89,610,901,291,scenario_stable_non_high,other,"300m 이내 배출원 위치 4개, 500m 이내 배출원 위치 6개, 500m 이내 대기 배출업소 1곳, 최근접 배출원 114m",,False,해당 시설 유형에 인원 자료 없음,산업·배출시설 공간 노출도,v4 (배출원: 전국 등록공장현황 2024-12-31 반영 5개 구 전역 + 배출업소·폐기물 v2 override 판 / 취약시설: 어린이집·경로당·지역아동센터 + 장애인복지관). geo_level=point 한정
SC0913,벚꽃그린빌3단지경로당,경로당,senior_center,4812958000,석동,진해구,35.1549298628343,128.706872938716,41.2,41.2,3,7,18,3,8,19,1,1,0,0,0,0,6,1.0,1.143,1.056,2.0,0.0,690.2,117.54,439,814,375,scenario_stable_non_high,other,"300m 이내 배출원 위치 3개, 500m 이내 배출원 위치 7개, 500m 이내 대기 배출업소 1곳, 최근접 배출원 41m",,False,해당 시설 유형에 인원 자료 없음,산업·배출시설 공간 노출도,v4 (배출원: 전국 등록공장현황 2024-12-31 반영 5개 구 전역 + 배출업소·폐기물 v2 override 판 / 취약시설: 어린이집·경로당·지역아동센터 + 장애인복지관). geo_level=point 한정
SC0914,석동그린빌4단지경로당,경로당,senior_center,4812958000,석동,진해구,35.1571636373777,128.707525137699,233.8,233.8,2,7,17,3,8,18,1,1,1,0,0,0,5,1.5,1.143,1.059,2.0,0.0,880.0,39.03,787,944,157,scenario_stable_non_high,other,"300m 이내 배출원 위치 2개, 500m 이내 배출원 위치 7개, 500m 이내 대기 배출업소 1곳, 최근접 배출원 234m",,False,해당 시설 유형에 인원 자료 없음,산업·배출시설 공간 노출도,v4 (배출원: 전국 등록공장현황 2024-12-31 반영 5개 구 전역 + 배출업소·폐기물 v2 override 판 / 취약시설: 어린이집·경로당·지역아동센터 + 장애인복지관). geo_level=point 한정
SC0915,석동공원경로당,경로당,senior_center,4812958000,석동,진해구,35.1534693706143,128.703189229098,214.5,214.5,2,6,26,2,6,27,1,3,0,1,1,1,2,1.0,1.0,1.038,2.0,0.0,671.5,71.28,543,805,262,scenario_stable_non_high,other,"300m 이내 배출원 위치 2개, 500m 이내 배출원 위치 6개, 500m 이내 대기 배출업소 1곳, 500m 이내 지정폐기물 배출사업장 1곳, 500m 이내 소각 처리 사업장 1곳, 최근접 배출원 214m",,False,해당 시설 유형에 인원 자료 없음,산업·배출시설 공간 노출도,v4 (배출원: 전국 등록공장현황 2024-12-31 반영 5개 구 전역 + 배출업소·폐기물 v2 override 판 / 취약시설: 어린이집·경로당·지역아동센터 + 장애인복지관). geo_level=point 한정
SC0916,석동공원부녀경로당,경로당,senior_center,4812958000,석동,진해구,35.1534693706143,128.703189229098,214.5,214.5,2,6,26,2,6,27,1,3,0,1,1,1,2,1.0,1.0,1.038,2.0,0.0,671.5,71.28,543,805,262,scenario_stable_non_high,other,"300m 이내 배출원 위치 2개, 500m 이내 배출원 위치 6개, 500m 이내 대기 배출업소 1곳, 500m 이내 지정폐기물 배출사업장 1곳, 500m 이내 소각 처리 사업장 1곳, 최근접 배출원 214m",,False,해당 시설 유형에 인원 자료 없음,산업·배출시설 공간 노출도,v4 (배출원: 전국 등록공장현황 2024-12-31 반영 5개 구 전역 + 배출업소·폐기물 v2 override 판 / 취약시설: 어린이집·경로당·지역아동센터 + 장애인복지관). geo_level=point 한정
SC0917,이동신성미소지움아파트경로당,경로당,senior_center,4812958000,석동,진해구,35.1556426863343,128.69881814069,111.9,111.9,2,10,22,2,10,22,0,4,2,2,2,2,3,1.0,1.0,1.0,2.0,0.0,371.0,98.66,168,528,360,scenario_stable_non_high,other,"300m 이내 배출원 위치 2개, 500m 이내 배출원 위치 10개, 500m 이내 지정폐기물 배출사업장 2곳, 500m 이내 소각 처리 사업장 2곳, 최근접 배출원 112m",,False,해당 시설 유형에 인원 자료 없음,산업·배출시설 공간 노출도,v4 (배출원: 전국 등록공장현황 2024-12-31 반영 5개 구 전역 + 배출업소·폐기물 v2 override 판 / 취약시설: 어린이집·경로당·지역아동센터 + 장애인복지관). geo_level=point 한정
SC0918,우림필유아파트경로당,경로당,senior_center,4812958000,석동,진해구,35.1583362044688,128.697305658077,133.7,133.7,5,11,21,5,11,21,1,5,3,2,2,2,2,1.0,1.0,1.0,2.0,0.0,398.1,96.41,203,563,360,scenario_stable_non_high,other,"300m 이내 배출원 위치 5개, 500m 이내 배출원 위치 11개, 500m 이내 대기 배출업소 1곳, 500m 이내 지정폐기물 배출사업장 2곳, 500m 이내 소각 처리 사업장 2곳, 최근접 배출원 134m",,False,해당 시설 유형에 인원 자료 없음,산업·배출시설 공간 노출도,v4 (배출원: 전국 등록공장현황 2024-12-31 반영 5개 구 전역 + 배출업소·폐기물 v2 override 판 / 취약시설: 어린이집·경로당·지역아동센터 + 장애인복지관). geo_level=point 한정
SC0919,석동푸르지오경로당,경로당,senior_center,4812958000,석동,진해구,35.1607015898672,128.69770225042,268.0,268.0,3,8,15,3,8,15,1,3,2,1,1,1,2,1.0,1.0,1.0,2.0,0.0,722.2,55.83,626,855,229,scenario_stable_non_high,other,"300m 이내 배출원 위치 3개, 500m 이내 배출원 위치 8개, 500m 이내 대기 배출업소 1곳, 500m 이내 지정폐기물 배출사업장 1곳, 500m 이내 소각 처리 사업장 1곳, 최근접 배출원 268m",,False,해당 시설 유형에 인원 자료 없음,산업·배출시설 공간 노출도,v4 (배출원: 전국 등록공장현황 2024-12-31 반영 5개 구 전역 + 배출업소·폐기물 v2 override 판 / 취약시설: 어린이집·경로당·지역아동센터 + 장애인복지관). geo_level=point 한정
SC0920,석동자이아파트경로당,경로당,senior_center,4812958000,석동,진해구,35.1558190663401,128.699793843449,178.1,178.1,3,8,25,3,8,26,0,3,1,2,2,2,3,1.0,1.0,1.04,2.0,0.0,405.8,71.3,249,522,273,scenario_stable_non_high,other,"300m 이내 배출원 위치 3개, 500m 이내 배출원 위치 8개, 500m 이내 지정폐기물 배출사업장 2곳, 500m 이내 소각 처리 사업장 2곳, 최근접 배출원 178m",,False,해당 시설 유형에 인원 자료 없음,산업·배출시설 공간 노출도,v4 (배출원: 전국 등록공장현황 2024-12-31 반영 5개 구 전역 + 배출업소·폐기물 v2 override 판 / 취약시설: 어린이집·경로당·지역아동센터 + 장애인복지관). geo_level=point 한정
SC0921,창원석동LH아파트경로당,경로당,senior_center,4812958000,석동,진해구,35.1545283184925,128.709905151681,57.3,57.3,4,7,14,5,8,15,1,1,0,0,0,0,6,1.25,1.143,1.071,2.0,0.0,812.9,162.08,527,1001,474,scenario_stable_non_high,other,"300m 이내 배출원 위치 4개, 500m 이내 배출원 위치 7개, 500m 이내 대기 배출업소 1곳, 최근접 배출원 57m",,False,해당 시설 유형에 인원 자료 없음,산업·배출시설 공간 노출도,v4 (배출원: 전국 등록공장현황 2024-12-31 반영 5개 구 전역 + 배출업소·폐기물 v2 override 판 / 취약시설: 어린이집·경로당·지역아동센터 + 장애인복지관). geo_level=point 한정
SC0922,구이동경로당,경로당,senior_center,4812959000,이동,진해구,35.1518401061544,128.698325944422,111.6,111.6,5,7,30,5,7,30,0,3,0,3,3,1,2,1.0,1.0,1.0,1.0,0.0,359.4,77.23,214,493,279,scenario_stable_non_high,other,"300m 이내 배출원 위치 5개, 500m 이내 배출원 위치 7개, 500m 이내 지정폐기물 배출사업장 3곳, 500m 이내 소각 처리 사업장 1곳, 최근접 배출원 112m",,False,해당 시설 유형에 인원 자료 없음,산업·배출시설 공간 노출도,v4 (배출원: 전국 등록공장현황 2024-12-31 반영 5개 구 전역 + 배출업소·폐기물 v2 override 판 / 취약시설: 어린이집·경로당·지역아동센터 + 장애인복지관). geo_level=point 한정
SC0923,구이동부녀경로당,경로당,senior_center,4812959000,이동,진해구,35.1518401061544,128.698325944422,111.6,111.6,5,7,30,5,7,30,0,3,0,3,3,1,2,1.0,1.0,1.0,1.0,0.0,359.4,77.23,214,493,279,scenario_stable_non_high,other,"300m 이내 배출원 위치 5개, 500m 이내 배출원 위치 7개, 500m 이내 지정폐기물 배출사업장 3곳, 500m 이내 소각 처리 사업장 1곳, 최근접 배출원 112m",,False,해당 시설 유형에 인원 자료 없음,산업·배출시설 공간 노출도,v4 (배출원: 전국 등록공장현황 2024-12-31 반영 5개 구 전역 + 배출업소·폐기물 v2 override 판 / 취약시설: 어린이집·경로당·지역아동센터 + 장애인복지관). geo_level=point 한정
SC0924,신이동경로당,경로당,senior_center,4812959000,이동,진해구,35.1494069827187,128.700034403332,203.1,203.1,2,8,25,2,8,25,0,4,0,2,2,0,2,1.0,1.0,1.0,1.0,0.0,552.7,69.59,426,679,253,scenario_stable_non_high,other,"300m 이내 배출원 위치 2개, 500m 이내 배출원 위치 8개, 500m 이내 지정폐기물 배출사업장 2곳, 최근접 배출원 203m",,False,해당 시설 유형에 인원 자료 없음,산업·배출시설 공간 노출도,v4 (배출원: 전국 등록공장현황 2024-12-31 반영 5개 구 전역 + 배출업소·폐기물 v2 override 판 / 취약시설: 어린이집·경로당·지역아동센터 + 장애인복지관). geo_level=point 한정
SC0925,신이동부녀경로당,경로당,senior_center,4812959000,이동,진해구,35.1494069827187,128.700034403332,203.1,203.1,2,8,25,2,8,25,0,4,0,2,2,0,2,1.0,1.0,1.0,1.0,0.0,552.7,69.59,426,679,253,scenario_stable_non_high,other,"300m 이내 배출원 위치 2개, 500m 이내 배출원 위치 8개, 500m 이내 지정폐기물 배출사업장 2곳, 최근접 배출원 203m",,False,해당 시설 유형에 인원 자료 없음,산업·배출시설 공간 노출도,v4 (배출원: 전국 등록공장현황 2024-12-31 반영 5개 구 전역 + 배출업소·폐기물 v2 override 판 / 취약시설: 어린이집·경로당·지역아동센터 + 장애인복지관). geo_level=point 한정
SC0926,이동택지경로당,경로당,senior_center,4812959000,이동,진해구,35.1501352807895,128.695300321995,133.8,133.8,3,8,24,3,8,24,0,3,0,3,3,0,2,1.0,1.0,1.0,1.0,0.0,407.9,96.0,223,559,336,scenario_stable_non_high,other,"300m 이내 배출원 위치 3개, 500m 이내 배출원 위치 8개, 500m 이내 지정폐기물 배출사업장 3곳, 최근접 배출원 134m",,False,해당 시설 유형에 인원 자료 없음,산업·배출시설 공간 노출도,v4 (배출원: 전국 등록공장현황 2024-12-31 반영 5개 구 전역 + 배출업소·폐기물 v2 override 판 / 취약시설: 어린이집·경로당·지역아동센터 + 장애인복지관). geo_level=point 한정
SC0927,이동택지부녀경로당,경로당,senior_center,4812959000,이동,진해구,35.1501352807895,128.695300321995,133.8,133.8,3,8,24,3,8,24,0,3,0,3,3,0,2,1.0,1.0,1.0,1.0,0.0,407.9,96.0,223,559,336,scenario_stable_non_high,other,"300m 이내 배출원 위치 3개, 500m 이내 배출원 위치 8개, 500m 이내 지정폐기물 배출사업장 3곳, 최근접 배출원 134m",,False,해당 시설 유형에 인원 자료 없음,산업·배출시설 공간 노출도,v4 (배출원: 전국 등록공장현황 2024-12-31 반영 5개 구 전역 + 배출업소·폐기물 v2 override 판 / 취약시설: 어린이집·경로당·지역아동센터 + 장애인복지관). geo_level=point 한정
SC0928,남흥아파트경로당,경로당,senior_center,4812959000,이동,진해구,35.1539658497614,128.694366746751,177.0,177.0,2,8,24,2,8,24,1,3,1,3,3,2,2,1.0,1.0,1.0,1.0,0.0,448.4,79.37,310,608,298,scenario_stable_non_high,other,"300m 이내 배출원 위치 2개, 500m 이내 배출원 위치 8개, 500m 이내 대기 배출업소 1곳, 500m 이내 지정폐기물 배출사업장 3곳, 500m 이내 소각 처리 사업장 2곳, 최근접 배출원 177m",,False,해당 시설 유형에 인원 자료 없음,산업·배출시설 공간 노출도,v4 (배출원: 전국 등록공장현황 2024-12-31 반영 5개 구 전역 + 배출업소·폐기물 v2 override 판 / 취약시설: 어린이집·경로당·지역아동센터 + 장애인복지관). geo_level=point 한정
SC0929,석동주공아파트경로당,경로당,senior_center,4812959000,이동,진해구,35.1493307510503,128.703382328944,263.1,263.1,1,6,27,1,6,27,0,6,0,0,0,0,0,1.0,1.0,1.0,1.0,0.0,783.4,95.64,635,952,317,scenario_stable_non_high,other,"300m 이내 배출원 위치 1개, 500m 이내 배출원 위치 6개, 최근접 배출원 263m",,False,해당 시설 유형에 인원 자료 없음,산업·배출시설 공간 노출도,v4 (배출원: 전국 등록공장현황 2024-12-31 반영 5개 구 전역 + 배출업소·폐기물 v2 override 판 / 취약시설: 어린이집·경로당·지역아동센터 + 장애인복지관). geo_level=point 한정
SC0930,관사경로당,경로당,senior_center,4812960000,자은동,진해구,35.1475377939802,128.706204145725,163.8,163.8,2,5,24,2,5,24,0,4,0,0,0,0,1,1.0,1.0,1.0,0.0,0.0,852.2,22.83,798,881,83,scenario_stable_non_high,other,"300m 이내 배출원 위치 2개, 500m 이내 배출원 위치 5개, 최근접 배출원 164m",,False,해당 시설 유형에 인원 자료 없음,산업·배출시설 공간 노출도,v4 (배출원: 전국 등록공장현황 2024-12-31 반영 5개 구 전역 + 배출업소·폐기물 v2 override 판 / 취약시설: 어린이집·경로당·지역아동센터 + 장애인복지관). geo_level=point 한정
SC0931,관사부녀경로당,경로당,senior_center,4812960000,자은동,진해구,35.1475377939802,128.706204145725,163.8,163.8,2,5,24,2,5,24,0,4,0,0,0,0,1,1.0,1.0,1.0,0.0,0.0,852.2,22.83,798,881,83,scenario_stable_non_high,other,"300m 이내 배출원 위치 2개, 500m 이내 배출원 위치 5개, 최근접 배출원 164m",,False,해당 시설 유형에 인원 자료 없음,산업·배출시설 공간 노출도,v4 (배출원: 전국 등록공장현황 2024-12-31 반영 5개 구 전역 + 배출업소·폐기물 v2 override 판 / 취약시설: 어린이집·경로당·지역아동센터 + 장애인복지관). geo_level=point 한정
SC0932,하구경로당,경로당,senior_center,4812960000,자은동,진해구,35.1520296541691,128.709549018498,132.7,132.7,3,7,17,3,7,18,1,2,0,0,0,0,4,1.0,1.0,1.059,0.0,0.0,849.7,101.6,656,982,326,scenario_stable_non_high,other,"300m 이내 배출원 위치 3개, 500m 이내 배출원 위치 7개, 500m 이내 대기 배출업소 1곳, 최근접 배출원 133m",,False,해당 시설 유형에 인원 자료 없음,산업·배출시설 공간 노출도,v4 (배출원: 전국 등록공장현황 2024-12-31 반영 5개 구 전역 + 배출업소·폐기물 v2 override 판 / 취약시설: 어린이집·경로당·지역아동센터 + 장애인복지관). geo_level=point 한정
SC0933,하구부녀경로당,경로당,senior_center,4812960000,자은동,진해구,35.1520296541691,128.709549018498,132.7,132.7,3,7,17,3,7,18,1,2,0,0,0,0,4,1.0,1.0,1.059,0.0,0.0,849.7,101.6,656,982,326,scenario_stable_non_high,other,"300m 이내 배출원 위치 3개, 500m 이내 배출원 위치 7개, 500m 이내 대기 배출업소 1곳, 최근접 배출원 133m",,False,해당 시설 유형에 인원 자료 없음,산업·배출시설 공간 노출도,v4 (배출원: 전국 등록공장현황 2024-12-31 반영 5개 구 전역 + 배출업소·폐기물 v2 override 판 / 취약시설: 어린이집·경로당·지역아동센터 + 장애인복지관). geo_level=point 한정
SC0934,냉천경로당,경로당,senior_center,4812958000,석동,진해구,35.1556419894494,128.709717988715,56.5,56.5,4,6,14,5,7,15,1,1,0,0,0,0,5,1.25,1.167,1.071,2.0,0.0,828.8,160.17,553,1021,468,scenario_stable_non_high,other,"300m 이내 배출원 위치 4개, 500m 이내 배출원 위치 6개, 500m 이내 대기 배출업소 1곳, 최근접 배출원 56m",,False,해당 시설 유형에 인원 자료 없음,산업·배출시설 공간 노출도,v4 (배출원: 전국 등록공장현황 2024-12-31 반영 5개 구 전역 + 배출업소·폐기물 v2 override 판 / 취약시설: 어린이집·경로당·지역아동센터 + 장애인복지관). geo_level=point 한정
SC0935,냉천부녀경로당,경로당,senior_center,4812958000,석동,진해구,35.1556419894494,128.709717988715,56.5,56.5,4,6,14,5,7,15,1,1,0,0,0,0,5,1.25,1.167,1.071,2.0,0.0,828.8,160.17,553,1021,468,scenario_stable_non_high,other,"300m 이내 배출원 위치 4개, 500m 이내 배출원 위치 6개, 500m 이내 대기 배출업소 1곳, 최근접 배출원 56m",,False,해당 시설 유형에 인원 자료 없음,산업·배출시설 공간 노출도,v4 (배출원: 전국 등록공장현황 2024-12-31 반영 5개 구 전역 + 배출업소·폐기물 v2 override 판 / 취약시설: 어린이집·경로당·지역아동센터 + 장애인복지관). geo_level=point 한정
SC0936,벚꽃마을아파트경로당,경로당,senior_center,4812960000,자은동,진해구,35.1463493290151,128.70965084018,262.6,262.6,1,7,16,1,7,16,0,6,0,0,0,0,1,1.0,1.0,1.0,0.0,0.0,1034.9,31.87,978,1100,122,scenario_stable_non_high,other,"300m 이내 배출원 위치 1개, 500m 이내 배출원 위치 7개, 최근접 배출원 263m",,False,해당 시설 유형에 인원 자료 없음,산업·배출시설 공간 노출도,v4 (배출원: 전국 등록공장현황 2024-12-31 반영 5개 구 전역 + 배출업소·폐기물 v2 override 판 / 취약시설: 어린이집·경로당·지역아동센터 + 장애인복지관). geo_level=point 한정
SC0937,벚꽃마을아파트부녀경로당,경로당,senior_center,4812960000,자은동,진해구,35.1463493290151,128.70965084018,262.6,262.6,1,7,16,1,7,16,0,6,0,0,0,0,1,1.0,1.0,1.0,0.0,0.0,1034.9,31.87,978,1100,122,scenario_stable_non_high,other,"300m 이내 배출원 위치 1개, 500m 이내 배출원 위치 7개, 최근접 배출원 263m",,False,해당 시설 유형에 인원 자료 없음,산업·배출시설 공간 노출도,v4 (배출원: 전국 등록공장현황 2024-12-31 반영 5개 구 전역 + 배출업소·폐기물 v2 override 판 / 취약시설: 어린이집·경로당·지역아동센터 + 장애인복지관). geo_level=point 한정
SC0938,성원아파트경로당,경로당,senior_center,4812960000,자은동,진해구,35.1532129503151,128.707601131816,150.8,150.8,3,8,21,3,9,22,1,1,0,0,0,0,7,1.0,1.125,1.048,0.0,0.0,730.3,36.68,671,800,129,scenario_stable_non_high,other,"300m 이내 배출원 위치 3개, 500m 이내 배출원 위치 8개, 500m 이내 대기 배출업소 1곳, 최근접 배출원 151m",,False,해당 시설 유형에 인원 자료 없음,산업·배출시설 공간 노출도,v4 (배출원: 전국 등록공장현황 2024-12-31 반영 5개 구 전역 + 배출업소·폐기물 v2 override 판 / 취약시설: 어린이집·경로당·지역아동센터 + 장애인복지관). geo_level=point 한정
SC0939,대동빌라트경로당,경로당,senior_center,4812960000,자은동,진해구,35.1513444444056,128.707907729312,197.9,197.9,3,6,22,3,6,23,1,2,0,0,0,0,3,1.0,1.0,1.045,0.0,0.0,820.0,33.48,739,870,131,scenario_stable_non_high,other,"300m 이내 배출원 위치 3개, 500m 이내 배출원 위치 6개, 500m 이내 대기 배출업소 1곳, 최근접 배출원 198m",,False,해당 시설 유형에 인원 자료 없음,산업·배출시설 공간 노출도,v4 (배출원: 전국 등록공장현황 2024-12-31 반영 5개 구 전역 + 배출업소·폐기물 v2 override 판 / 취약시설: 어린이집·경로당·지역아동센터 + 장애인복지관). geo_level=point 한정
SC0940,삼성아파트경로당,경로당,senior_center,4812960000,자은동,진해구,35.1478771882989,128.708187039905,148.1,148.1,1,6,22,1,6,22,0,5,0,0,0,0,1,1.0,1.0,1.0,0.0,0.0,913.7,18.1,866,943,77,scenario_stable_non_high,other,"300m 이내 배출원 위치 1개, 500m 이내 배출원 위치 6개, 최근접 배출원 148m",,False,해당 시설 유형에 인원 자료 없음,산업·배출시설 공간 노출도,v4 (배출원: 전국 등록공장현황 2024-12-31 반영 5개 구 전역 + 배출업소·폐기물 v2 override 판 / 취약시설: 어린이집·경로당·지역아동센터 + 장애인복지관). geo_level=point 한정
SC0941,월드메르디앙아파트경로당,경로당,senior_center,4812960000,자은동,진해구,35.151377527243,128.711151135531,102.9,102.9,2,5,15,2,5,16,0,1,0,0,0,0,4,1.0,1.0,1.067,0.0,0.0,935.0,129.23,692,1073,381,scenario_stable_non_high,other,"300m 이내 배출원 위치 2개, 500m 이내 배출원 위치 5개, 최근접 배출원 103m",,False,해당 시설 유형에 인원 자료 없음,산업·배출시설 공간 노출도,v4 (배출원: 전국 등록공장현황 2024-12-31 반영 5개 구 전역 + 배출업소·폐기물 v2 override 판 / 취약시설: 어린이집·경로당·지역아동센터 + 장애인복지관). geo_level=point 한정
SC0942,자은프라임아파트경로당,경로당,senior_center,4812960000,자은동,진해구,35.1523028750199,128.719274312333,476.3,476.3,0,1,8,0,1,9,1,0,0,0,0,0,0,,1.0,1.125,0.0,0.0,1417.0,27.28,1368,1461,93,scenario_stable_non_high,other,"500m 이내 배출원 위치 1개, 500m 이내 대기 배출업소 1곳, 최근접 배출원 476m",,False,해당 시설 유형에 인원 자료 없음,산업·배출시설 공간 노출도,v4 (배출원: 전국 등록공장현황 2024-12-31 반영 5개 구 전역 + 배출업소·폐기물 v2 override 판 / 취약시설: 어린이집·경로당·지역아동센터 + 장애인복지관). geo_level=point 한정
SC0943,자은프라임아파트부녀경로당,경로당,senior_center,4812960000,자은동,진해구,35.1523028750199,128.719274312333,476.3,476.3,0,1,8,0,1,9,1,0,0,0,0,0,0,,1.0,1.125,0.0,0.0,1417.0,27.28,1368,1461,93,scenario_stable_non_high,other,"500m 이내 배출원 위치 1개, 500m 이내 대기 배출업소 1곳, 최근접 배출원 476m",,False,해당 시설 유형에 인원 자료 없음,산업·배출시설 공간 노출도,v4 (배출원: 전국 등록공장현황 2024-12-31 반영 5개 구 전역 + 배출업소·폐기물 v2 override 판 / 취약시설: 어린이집·경로당·지역아동센터 + 장애인복지관). geo_level=point 한정
SC0944,천년나무아파트경로당,경로당,senior_center,4812960000,자은동,진해구,35.1558062247932,128.715108646567,311.2,311.2,0,3,9,0,4,10,1,0,0,0,0,0,3,,1.333,1.111,0.0,0.0,1239.8,49.2,1134,1318,184,scenario_stable_non_high,other,"500m 이내 배출원 위치 3개, 500m 이내 대기 배출업소 1곳, 최근접 배출원 311m",,False,해당 시설 유형에 인원 자료 없음,산업·배출시설 공간 노출도,v4 (배출원: 전국 등록공장현황 2024-12-31 반영 5개 구 전역 + 배출업소·폐기물 v2 override 판 / 취약시설: 어린이집·경로당·지역아동센터 + 장애인복지관). geo_level=point 한정
SC0945,에일린의뜰아파트경로당,경로당,senior_center,4812960000,자은동,진해구,35.1549258896153,128.72144396701,329.5,329.5,0,1,2,0,1,2,1,0,0,0,0,0,0,,1.0,1.0,0.0,0.0,1454.7,55.58,1333,1506,173,scenario_stable_non_high,other,"500m 이내 배출원 위치 1개, 500m 이내 대기 배출업소 1곳, 최근접 배출원 330m",,False,해당 시설 유형에 인원 자료 없음,산업·배출시설 공간 노출도,v4 (배출원: 전국 등록공장현황 2024-12-31 반영 5개 구 전역 + 배출업소·폐기물 v2 override 판 / 취약시설: 어린이집·경로당·지역아동센터 + 장애인복지관). geo_level=point 한정
SC0946,센트럴빌리지아파트경로당,경로당,senior_center,4812960000,자은동,진해구,35.1568403727538,128.716966465809,135.4,135.4,1,1,7,1,1,8,1,0,0,0,0,0,0,1.0,1.0,1.143,0.0,0.0,1218.9,149.13,917,1348,431,scenario_stable_non_high,other,"300m 이내 배출원 위치 1개, 500m 이내 배출원 위치 1개, 500m 이내 대기 배출업소 1곳, 최근접 배출원 135m",,False,해당 시설 유형에 인원 자료 없음,산업·배출시설 공간 노출도,v4 (배출원: 전국 등록공장현황 2024-12-31 반영 5개 구 전역 + 배출업소·폐기물 v2 override 판 / 취약시설: 어린이집·경로당·지역아동센터 + 장애인복지관). geo_level=point 한정
SC0947,자은중흥S클래스경로당,경로당,senior_center,4812960000,자은동,진해구,35.153955027922,128.717073828897,311.0,311.0,0,1,9,0,1,10,1,0,0,0,0,0,0,,1.0,1.111,0.0,0.0,1316.9,35.72,1240,1380,140,scenario_stable_non_high,other,"500m 이내 배출원 위치 1개, 500m 이내 대기 배출업소 1곳, 최근접 배출원 311m",,False,해당 시설 유형에 인원 자료 없음,산업·배출시설 공간 노출도,v4 (배출원: 전국 등록공장현황 2024-12-31 반영 5개 구 전역 + 배출업소·폐기물 v2 override 판 / 취약시설: 어린이집·경로당·지역아동센터 + 장애인복지관). geo_level=point 한정
SC0948,덕산동경로당,경로당,senior_center,4812961000,덕산동,진해구,35.144048830714,128.703928034937,173.0,173.0,2,10,24,2,10,26,0,9,0,0,0,0,1,1.0,1.0,1.083,0.0,0.0,770.0,26.81,712,816,104,scenario_stable_non_high,other,"300m 이내 배출원 위치 2개, 500m 이내 배출원 위치 10개, 최근접 배출원 173m",,False,해당 시설 유형에 인원 자료 없음,산업·배출시설 공간 노출도,v4 (배출원: 전국 등록공장현황 2024-12-31 반영 5개 구 전역 + 배출업소·폐기물 v2 override 판 / 취약시설: 어린이집·경로당·지역아동센터 + 장애인복지관). geo_level=point 한정
SC0949,자은동본동경로당,경로당,senior_center,4812961000,덕산동,진해구,35.1415096819531,128.707936786832,73.5,73.5,4,5,21,4,5,23,0,4,0,0,0,0,1,1.0,1.0,1.095,0.0,0.0,700.0,125.36,448,815,367,scenario_stable_non_high,other,"300m 이내 배출원 위치 4개, 500m 이내 배출원 위치 5개, 최근접 배출원 74m",,False,해당 시설 유형에 인원 자료 없음,산업·배출시설 공간 노출도,v4 (배출원: 전국 등록공장현황 2024-12-31 반영 5개 구 전역 + 배출업소·폐기물 v2 override 판 / 취약시설: 어린이집·경로당·지역아동센터 + 장애인복지관). geo_level=point 한정
SC0950,자은동본동부녀경로당,경로당,senior_center,4812961000,덕산동,진해구,35.1415096819531,128.707936786832,73.5,73.5,4,5,21,4,5,23,0,4,0,0,0,0,1,1.0,1.0,1.095,0.0,0.0,700.0,125.36,448,815,367,scenario_stable_non_high,other,"300m 이내 배출원 위치 4개, 500m 이내 배출원 위치 5개, 최근접 배출원 74m",,False,해당 시설 유형에 인원 자료 없음,산업·배출시설 공간 노출도,v4 (배출원: 전국 등록공장현황 2024-12-31 반영 5개 구 전역 + 배출업소·폐기물 v2 override 판 / 취약시설: 어린이집·경로당·지역아동센터 + 장애인복지관). geo_level=point 한정
SC0951,풍호주공아파트경로당,경로당,senior_center,4812961000,덕산동,진해구,35.1415691503581,128.703059616729,141.5,141.5,2,6,22,2,6,24,0,5,0,0,0,0,1,1.0,1.0,1.091,0.0,0.0,798.3,27.14,747,844,97,scenario_stable_non_high,other,"300m 이내 배출원 위치 2개, 500m 이내 배출원 위치 6개, 최근접 배출원 142m",,False,해당 시설 유형에 인원 자료 없음,산업·배출시설 공간 노출도,v4 (배출원: 전국 등록공장현황 2024-12-31 반영 5개 구 전역 + 배출업소·폐기물 v2 override 판 / 취약시설: 어린이집·경로당·지역아동센터 + 장애인복지관). geo_level=point 한정
SC0952,경동윈츠빌경로당,경로당,senior_center,4812961000,덕산동,진해구,35.1409388679932,128.702441515336,128.7,128.7,1,5,21,1,6,23,1,4,0,0,0,0,2,1.0,1.2,1.095,0.0,0.0,821.3,38.75,751,871,120,scenario_stable_non_high,other,"300m 이내 배출원 위치 1개, 500m 이내 배출원 위치 5개, 500m 이내 대기 배출업소 1곳, 최근접 배출원 129m",,False,해당 시설 유형에 인원 자료 없음,산업·배출시설 공간 노출도,v4 (배출원: 전국 등록공장현황 2024-12-31 반영 5개 구 전역 + 배출업소·폐기물 v2 override 판 / 취약시설: 어린이집·경로당·지역아동센터 + 장애인복지관). geo_level=point 한정
SC0953,자은동포스코아파트경로당,경로당,senior_center,4812961000,덕산동,진해구,35.1422832256149,128.709475162388,97.0,97.0,4,4,20,4,4,21,0,4,0,0,0,0,0,1.0,1.0,1.05,0.0,0.0,837.7,126.83,595,980,385,scenario_stable_non_high,other,"300m 이내 배출원 위치 4개, 500m 이내 배출원 위치 4개, 최근접 배출원 97m",,False,해당 시설 유형에 인원 자료 없음,산업·배출시설 공간 노출도,v4 (배출원: 전국 등록공장현황 2024-12-31 반영 5개 구 전역 + 배출업소·폐기물 v2 override 판 / 취약시설: 어린이집·경로당·지역아동센터 + 장애인복지관). geo_level=point 한정
SC0954,자은주공3단지아파트경로당,경로당,senior_center,4812961000,덕산동,진해구,35.1440333583593,128.70959987084,180.8,180.8,3,6,19,3,6,20,0,6,0,0,0,0,0,1.0,1.0,1.053,0.0,0.0,929.5,60.83,816,1030,214,scenario_stable_non_high,other,"300m 이내 배출원 위치 3개, 500m 이내 배출원 위치 6개, 최근접 배출원 181m",,False,해당 시설 유형에 인원 자료 없음,산업·배출시설 공간 노출도,v4 (배출원: 전국 등록공장현황 2024-12-31 반영 5개 구 전역 + 배출업소·폐기물 v2 override 판 / 취약시설: 어린이집·경로당·지역아동센터 + 장애인복지관). geo_level=point 한정
SC0955,협성DS아이존빌경로당,경로당,senior_center,4812961000,덕산동,진해구,35.1409958444106,128.704363048534,222.3,222.3,2,7,22,2,7,24,0,5,0,0,0,0,2,1.0,1.0,1.091,0.0,0.0,810.6,44.54,745,887,142,scenario_stable_non_high,other,"300m 이내 배출원 위치 2개, 500m 이내 배출원 위치 7개, 최근접 배출원 222m",,False,해당 시설 유형에 인원 자료 없음,산업·배출시설 공간 노출도,v4 (배출원: 전국 등록공장현황 2024-12-31 반영 5개 구 전역 + 배출업소·폐기물 v2 override 판 / 취약시설: 어린이집·경로당·지역아동센터 + 장애인복지관). geo_level=point 한정
SC0956,풍호동경로당,경로당,senior_center,4812962000,풍호동,진해구,35.1367787422534,128.707223573944,55.5,55.5,6,8,20,7,9,24,1,5,0,1,1,1,4,1.167,1.125,1.2,3.0,0.0,490.8,92.2,317,576,259,scenario_stable_non_high,other,"300m 이내 배출원 위치 6개, 500m 이내 배출원 위치 8개, 500m 이내 대기 배출업소 1곳, 500m 이내 지정폐기물 배출사업장 1곳, 500m 이내 소각 처리 사업장 1곳, 최근접 배출원 56m",,False,해당 시설 유형에 인원 자료 없음,산업·배출시설 공간 노출도,v4 (배출원: 전국 등록공장현황 2024-12-31 반영 5개 구 전역 + 배출업소·폐기물 v2 override 판 / 취약시설: 어린이집·경로당·지역아동센터 + 장애인복지관). geo_level=point 한정
SC0957,풍호동부녀경로당,경로당,senior_center,4812962000,풍호동,진해구,35.1367787422534,128.707223573944,55.5,55.5,6,8,20,7,9,24,1,5,0,1,1,1,4,1.167,1.125,1.2,3.0,0.0,490.8,92.2,317,576,259,scenario_stable_non_high,other,"300m 이내 배출원 위치 6개, 500m 이내 배출원 위치 8개, 500m 이내 대기 배출업소 1곳, 500m 이내 지정폐기물 배출사업장 1곳, 500m 이내 소각 처리 사업장 1곳, 최근접 배출원 56m",,False,해당 시설 유형에 인원 자료 없음,산업·배출시설 공간 노출도,v4 (배출원: 전국 등록공장현황 2024-12-31 반영 5개 구 전역 + 배출업소·폐기물 v2 override 판 / 취약시설: 어린이집·경로당·지역아동센터 + 장애인복지관). geo_level=point 한정
SC0958,시영아파트경로당,경로당,senior_center,4812962000,풍호동,진해구,35.1373778599279,128.712206071221,332.9,332.9,0,4,17,0,5,20,0,2,0,0,0,0,3,,1.25,1.176,3.0,0.0,986.2,83.46,869,1120,251,scenario_stable_non_high,other,"500m 이내 배출원 위치 4개, 최근접 배출원 333m",,False,해당 시설 유형에 인원 자료 없음,산업·배출시설 공간 노출도,v4 (배출원: 전국 등록공장현황 2024-12-31 반영 5개 구 전역 + 배출업소·폐기물 v2 override 판 / 취약시설: 어린이집·경로당·지역아동센터 + 장애인복지관). geo_level=point 한정
SC0959,풍호우성아파트경로당,경로당,senior_center,4812962000,풍호동,진해구,35.137734867206,128.703002776552,129.5,129.5,3,8,26,4,10,33,2,7,0,1,1,1,3,1.333,1.25,1.269,3.0,0.0,545.4,48.64,446,608,162,scenario_stable_non_high,other,"300m 이내 배출원 위치 3개, 500m 이내 배출원 위치 8개, 500m 이내 대기 배출업소 2곳, 500m 이내 지정폐기물 배출사업장 1곳, 500m 이내 소각 처리 사업장 1곳, 최근접 배출원 130m",,False,해당 시설 유형에 인원 자료 없음,산업·배출시설 공간 노출도,v4 (배출원: 전국 등록공장현황 2024-12-31 반영 5개 구 전역 + 배출업소·폐기물 v2 override 판 / 취약시설: 어린이집·경로당·지역아동센터 + 장애인복지관). geo_level=point 한정
SC0960,풍호우성아파트부녀경로당,경로당,senior_center,4812962000,풍호동,진해구,35.137734867206,128.703002776552,129.5,129.5,3,8,26,4,10,33,2,7,0,1,1,1,3,1.333,1.25,1.269,3.0,0.0,545.4,48.64,446,608,162,scenario_stable_non_high,other,"300m 이내 배출원 위치 3개, 500m 이내 배출원 위치 8개, 500m 이내 대기 배출업소 2곳, 500m 이내 지정폐기물 배출사업장 1곳, 500m 이내 소각 처리 사업장 1곳, 최근접 배출원 130m",,False,해당 시설 유형에 인원 자료 없음,산업·배출시설 공간 노출도,v4 (배출원: 전국 등록공장현황 2024-12-31 반영 5개 구 전역 + 배출업소·폐기물 v2 override 판 / 취약시설: 어린이집·경로당·지역아동센터 + 장애인복지관). geo_level=point 한정
SC0965,행암동경로당,경로당,senior_center,4812962000,풍호동,진해구,35.1155820971319,128.700925187099,287.7,287.7,1,1,6,1,1,7,0,0,0,0,0,0,1,1.0,1.0,1.167,3.0,0.0,1259.6,129.5,987,1377,390,scenario_stable_non_high,other,"300m 이내 배출원 위치 1개, 500m 이내 배출원 위치 1개, 최근접 배출원 288m",,False,해당 시설 유형에 인원 자료 없음,산업·배출시설 공간 노출도,v4 (배출원: 전국 등록공장현황 2024-12-31 반영 5개 구 전역 + 배출업소·폐기물 v2 override 판 / 취약시설: 어린이집·경로당·지역아동센터 + 장애인복지관). geo_level=point 한정
SC0966,행암동부녀경로당,경로당,senior_center,4812962000,풍호동,진해구,35.1155820971319,128.700925187099,287.7,287.7,1,1,6,1,1,7,0,0,0,0,0,0,1,1.0,1.0,1.167,3.0,0.0,1259.6,129.5,987,1377,390,scenario_stable_non_high,other,"300m 이내 배출원 위치 1개, 500m 이내 배출원 위치 1개, 최근접 배출원 288m",,False,해당 시설 유형에 인원 자료 없음,산업·배출시설 공간 노출도,v4 (배출원: 전국 등록공장현황 2024-12-31 반영 5개 구 전역 + 배출업소·폐기물 v2 override 판 / 취약시설: 어린이집·경로당·지역아동센터 + 장애인복지관). geo_level=point 한정
SC0967,아이존빌아파트경로당,경로당,senior_center,4812962000,풍호동,진해구,35.1396484443989,128.706179677268,208.4,208.4,1,10,22,1,11,26,0,7,0,0,0,0,4,1.0,1.1,1.182,3.0,0.0,731.8,45.98,684,820,136,scenario_stable_non_high,other,"300m 이내 배출원 위치 1개, 500m 이내 배출원 위치 10개, 최근접 배출원 208m",,False,해당 시설 유형에 인원 자료 없음,산업·배출시설 공간 노출도,v4 (배출원: 전국 등록공장현황 2024-12-31 반영 5개 구 전역 + 배출업소·폐기물 v2 override 판 / 취약시설: 어린이집·경로당·지역아동센터 + 장애인복지관). geo_level=point 한정
SC0968,상리마을경로당,경로당,senior_center,4812962000,풍호동,진해구,35.1253914061199,128.711392813406,512.8,512.8,0,0,8,0,0,10,0,0,0,0,0,0,0,,,1.25,3.0,0.0,1062.1,155.03,720,1287,567,scenario_stable_non_high,other,1km 이내 배출원 없음 (최근접 513m),,False,해당 시설 유형에 인원 자료 없음,산업·배출시설 공간 노출도,v4 (배출원: 전국 등록공장현황 2024-12-31 반영 5개 구 전역 + 배출업소·폐기물 v2 override 판 / 취약시설: 어린이집·경로당·지역아동센터 + 장애인복지관). geo_level=point 한정
SC0969,평화마을아파트경로당,경로당,senior_center,4812962000,풍호동,진해구,35.1353737438461,128.703393631947,97.0,97.0,4,8,29,4,10,36,2,7,0,1,1,1,3,1.0,1.25,1.241,3.0,0.0,278.1,62.55,171,377,206,scenario_stable_non_high,other,"300m 이내 배출원 위치 4개, 500m 이내 배출원 위치 8개, 500m 이내 대기 배출업소 2곳, 500m 이내 지정폐기물 배출사업장 1곳, 500m 이내 소각 처리 사업장 1곳, 최근접 배출원 97m",,False,해당 시설 유형에 인원 자료 없음,산업·배출시설 공간 노출도,v4 (배출원: 전국 등록공장현황 2024-12-31 반영 5개 구 전역 + 배출업소·폐기물 v2 override 판 / 취약시설: 어린이집·경로당·지역아동센터 + 장애인복지관). geo_level=point 한정
SC0970,한림리츠빌아파트경로당,경로당,senior_center,4812962000,풍호동,진해구,35.1386607217267,128.709502537345,195.7,195.7,2,7,21,3,8,25,0,5,0,0,0,0,3,1.5,1.143,1.19,3.0,0.0,768.1,48.38,711,855,144,scenario_stable_non_high,other,"300m 이내 배출원 위치 2개, 500m 이내 배출원 위치 7개, 최근접 배출원 196m",,False,해당 시설 유형에 인원 자료 없음,산업·배출시설 공간 노출도,v4 (배출원: 전국 등록공장현황 2024-12-31 반영 5개 구 전역 + 배출업소·폐기물 v2 override 판 / 취약시설: 어린이집·경로당·지역아동센터 + 장애인복지관). geo_level=point 한정
SC0975,한신휴플러스오션파크아파트경로당,경로당,senior_center,4812962000,풍호동,진해구,35.1296308710768,128.708320967188,75.4,75.4,4,5,25,6,7,31,4,1,0,1,1,1,1,1.5,1.4,1.24,3.0,0.0,262.1,57.48,172,381,209,scenario_stable_non_high,other,"300m 이내 배출원 위치 4개, 500m 이내 배출원 위치 5개, 500m 이내 대기 배출업소 4곳, 500m 이내 지정폐기물 배출사업장 1곳, 500m 이내 소각 처리 사업장 1곳, 최근접 배출원 75m",,False,해당 시설 유형에 인원 자료 없음,산업·배출시설 공간 노출도,v4 (배출원: 전국 등록공장현황 2024-12-31 반영 5개 구 전역 + 배출업소·폐기물 v2 override 판 / 취약시설: 어린이집·경로당·지역아동센터 + 장애인복지관). geo_level=point 한정
SC0976,관정경로당,경로당,senior_center,4812963000,웅천동,진해구,35.1176119484314,128.747554785657,365.8,365.8,0,1,4,0,1,4,0,0,0,0,0,0,1,,1.0,1.0,0.0,0.0,1461.5,19.96,1425,1486,61,scenario_stable_non_high,other,"500m 이내 배출원 위치 1개, 최근접 배출원 366m",,False,해당 시설 유형에 인원 자료 없음,산업·배출시설 공간 노출도,v4 (배출원: 전국 등록공장현황 2024-12-31 반영 5개 구 전역 + 배출업소·폐기물 v2 override 판 / 취약시설: 어린이집·경로당·지역아동센터 + 장애인복지관). geo_level=point 한정
SC0977,괴정경로당,경로당,senior_center,4812963000,웅천동,진해구,35.100121518732,128.743932675984,117.4,117.4,1,2,17,1,2,21,1,0,0,1,1,0,0,1.0,1.0,1.235,0.0,0.0,807.4,136.62,472,974,502,scenario_stable_non_high,other,"300m 이내 배출원 위치 1개, 500m 이내 배출원 위치 2개, 500m 이내 대기 배출업소 1곳, 500m 이내 지정폐기물 배출사업장 1곳, 최근접 배출원 117m",,False,해당 시설 유형에 인원 자료 없음,산업·배출시설 공간 노출도,v4 (배출원: 전국 등록공장현황 2024-12-31 반영 5개 구 전역 + 배출업소·폐기물 v2 override 판 / 취약시설: 어린이집·경로당·지역아동센터 + 장애인복지관). geo_level=point 한정
SC0978,괴정부녀경로당,경로당,senior_center,4812963000,웅천동,진해구,35.100121518732,128.743932675984,117.4,117.4,1,2,17,1,2,21,1,0,0,1,1,0,0,1.0,1.0,1.235,0.0,0.0,807.4,136.62,472,974,502,scenario_stable_non_high,other,"300m 이내 배출원 위치 1개, 500m 이내 배출원 위치 2개, 500m 이내 대기 배출업소 1곳, 500m 이내 지정폐기물 배출사업장 1곳, 최근접 배출원 117m",,False,해당 시설 유형에 인원 자료 없음,산업·배출시설 공간 노출도,v4 (배출원: 전국 등록공장현황 2024-12-31 반영 5개 구 전역 + 배출업소·폐기물 v2 override 판 / 취약시설: 어린이집·경로당·지역아동센터 + 장애인복지관). geo_level=point 한정
SC0979,남문경로당,경로당,senior_center,4812963000,웅천동,진해구,35.1095305973925,128.750233235035,303.6,303.6,0,5,20,0,5,24,0,1,0,0,0,0,4,,1.0,1.2,0.0,0.0,980.7,58.44,881,1073,192,scenario_stable_non_high,other,"500m 이내 배출원 위치 5개, 최근접 배출원 304m",,False,해당 시설 유형에 인원 자료 없음,산업·배출시설 공간 노출도,v4 (배출원: 전국 등록공장현황 2024-12-31 반영 5개 구 전역 + 배출업소·폐기물 v2 override 판 / 취약시설: 어린이집·경로당·지역아동센터 + 장애인복지관). geo_level=point 한정
SC0980,남문부녀경로당,경로당,senior_center,4812963000,웅천동,진해구,35.1095305973925,128.750233235035,303.6,303.6,0,5,20,0,5,24,0,1,0,0,0,0,4,,1.0,1.2,0.0,0.0,980.7,58.44,881,1073,192,scenario_stable_non_high,other,"500m 이내 배출원 위치 5개, 최근접 배출원 304m",,False,해당 시설 유형에 인원 자료 없음,산업·배출시설 공간 노출도,v4 (배출원: 전국 등록공장현황 2024-12-31 반영 5개 구 전역 + 배출업소·폐기물 v2 override 판 / 취약시설: 어린이집·경로당·지역아동센터 + 장애인복지관). geo_level=point 한정
SC0981,명동경로당,경로당,senior_center,4812963000,웅천동,진해구,35.0963573963433,128.716879379195,169.7,169.7,1,2,3,1,2,5,0,0,0,1,1,1,2,1.0,1.0,1.667,0.0,0.0,1110.3,104.33,944,1295,351,scenario_stable_non_high,other,"300m 이내 배출원 위치 1개, 500m 이내 배출원 위치 2개, 500m 이내 지정폐기물 배출사업장 1곳, 500m 이내 소각 처리 사업장 1곳, 최근접 배출원 170m",,False,해당 시설 유형에 인원 자료 없음,산업·배출시설 공간 노출도,v4 (배출원: 전국 등록공장현황 2024-12-31 반영 5개 구 전역 + 배출업소·폐기물 v2 override 판 / 취약시설: 어린이집·경로당·지역아동센터 + 장애인복지관). geo_level=point 한정
SC0982,백일경로당,경로당,senior_center,4812963000,웅천동,진해구,35.1228181812827,128.73597742912,1275.7,1275.7,0,0,0,0,0,0,0,0,0,0,0,0,0,,,,0.0,0.0,1584.0,0.0,1584,1584,0,scenario_stable_non_high,other,"1km 이내 배출원 없음 (최근접 1,276m)",,False,해당 시설 유형에 인원 자료 없음,산업·배출시설 공간 노출도,v4 (배출원: 전국 등록공장현황 2024-12-31 반영 5개 구 전역 + 배출업소·폐기물 v2 override 판 / 취약시설: 어린이집·경로당·지역아동센터 + 장애인복지관). geo_level=point 한정
SC0983,북부경로당,경로당,senior_center,4812963000,웅천동,진해구,35.1143589550454,128.748512665289,119.2,119.2,1,2,16,1,2,20,0,1,0,0,0,0,1,1.0,1.0,1.25,0.0,0.0,1132.1,67.52,1001,1200,199,scenario_stable_non_high,other,"300m 이내 배출원 위치 1개, 500m 이내 배출원 위치 2개, 최근접 배출원 119m",,False,해당 시설 유형에 인원 자료 없음,산업·배출시설 공간 노출도,v4 (배출원: 전국 등록공장현황 2024-12-31 반영 5개 구 전역 + 배출업소·폐기물 v2 override 판 / 취약시설: 어린이집·경로당·지역아동센터 + 장애인복지관). geo_level=point 한정
SC0984,북부부녀경로당,경로당,senior_center,4812963000,웅천동,진해구,35.1143589550454,128.748512665289,119.2,119.2,1,2,16,1,2,20,0,1,0,0,0,0,1,1.0,1.0,1.25,0.0,0.0,1132.1,67.52,1001,1200,199,scenario_stable_non_high,other,"300m 이내 배출원 위치 1개, 500m 이내 배출원 위치 2개, 최근접 배출원 119m",,False,해당 시설 유형에 인원 자료 없음,산업·배출시설 공간 노출도,v4 (배출원: 전국 등록공장현황 2024-12-31 반영 5개 구 전역 + 배출업소·폐기물 v2 override 판 / 취약시설: 어린이집·경로당·지역아동센터 + 장애인복지관). geo_level=point 한정
SC0985,삼포경로당,경로당,senior_center,4812963000,웅천동,진해구,35.0949440718937,128.730165577288,886.4,886.4,0,0,1,0,0,1,0,0,0,0,0,0,0,,,1.0,0.0,0.0,1538.9,9.48,1516,1548,32,scenario_stable_non_high,other,1km 이내 배출원 없음 (최근접 886m),,False,해당 시설 유형에 인원 자료 없음,산업·배출시설 공간 노출도,v4 (배출원: 전국 등록공장현황 2024-12-31 반영 5개 구 전역 + 배출업소·폐기물 v2 override 판 / 취약시설: 어린이집·경로당·지역아동센터 + 장애인복지관). geo_level=point 한정
SC0986,서중동경로당,경로당,senior_center,4812963000,웅천동,진해구,35.1114982778161,128.748026328588,378.5,378.5,0,2,20,0,2,24,0,1,0,0,0,0,1,,1.0,1.2,0.0,0.0,1068.5,73.75,953,1170,217,scenario_stable_non_high,other,"500m 이내 배출원 위치 2개, 최근접 배출원 378m",,False,해당 시설 유형에 인원 자료 없음,산업·배출시설 공간 노출도,v4 (배출원: 전국 등록공장현황 2024-12-31 반영 5개 구 전역 + 배출업소·폐기물 v2 override 판 / 취약시설: 어린이집·경로당·지역아동센터 + 장애인복지관). geo_level=point 한정
SC0987,서중동부녀경로당,경로당,senior_center,4812963000,웅천동,진해구,35.1114982778161,128.748026328588,378.5,378.5,0,2,20,0,2,24,0,1,0,0,0,0,1,,1.0,1.2,0.0,0.0,1068.5,73.75,953,1170,217,scenario_stable_non_high,other,"500m 이내 배출원 위치 2개, 최근접 배출원 378m",,False,해당 시설 유형에 인원 자료 없음,산업·배출시설 공간 노출도,v4 (배출원: 전국 등록공장현황 2024-12-31 반영 5개 구 전역 + 배출업소·폐기물 v2 override 판 / 취약시설: 어린이집·경로당·지역아동센터 + 장애인복지관). geo_level=point 한정
SC0988,성내경로당,경로당,senior_center,4812963000,웅천동,진해구,35.111527643541,128.750156621591,212.2,212.2,1,4,20,1,4,24,0,1,0,0,0,0,3,1.0,1.0,1.2,0.0,0.0,1018.6,19.11,972,1050,78,scenario_stable_non_high,other,"300m 이내 배출원 위치 1개, 500m 이내 배출원 위치 4개, 최근접 배출원 212m",,False,해당 시설 유형에 인원 자료 없음,산업·배출시설 공간 노출도,v4 (배출원: 전국 등록공장현황 2024-12-31 반영 5개 구 전역 + 배출업소·폐기물 v2 override 판 / 취약시설: 어린이집·경로당·지역아동센터 + 장애인복지관). geo_level=point 한정
SC0989,성내부녀경로당,경로당,senior_center,4812963000,웅천동,진해구,35.111527643541,128.750156621591,212.2,212.2,1,4,20,1,4,24,0,1,0,0,0,0,3,1.0,1.0,1.2,0.0,0.0,1018.6,19.11,972,1050,78,scenario_stable_non_high,other,"300m 이내 배출원 위치 1개, 500m 이내 배출원 위치 4개, 최근접 배출원 212m",,False,해당 시설 유형에 인원 자료 없음,산업·배출시설 공간 노출도,v4 (배출원: 전국 등록공장현황 2024-12-31 반영 5개 구 전역 + 배출업소·폐기물 v2 override 판 / 취약시설: 어린이집·경로당·지역아동센터 + 장애인복지관). geo_level=point 한정
SC0990,수도경로당,경로당,senior_center,4812963000,웅천동,진해구,35.0849949967854,128.744901239528,894.1,894.1,0,0,1,0,0,1,0,0,0,0,0,0,0,,,1.0,0.0,0.0,1540.0,9.85,1516,1550,34,scenario_stable_non_high,other,1km 이내 배출원 없음 (최근접 894m),,False,해당 시설 유형에 인원 자료 없음,산업·배출시설 공간 노출도,v4 (배출원: 전국 등록공장현황 2024-12-31 반영 5개 구 전역 + 배출업소·폐기물 v2 override 판 / 취약시설: 어린이집·경로당·지역아동센터 + 장애인복지관). geo_level=point 한정
SC0991,시티프라디움1차 아파트경로당,경로당,senior_center,4812963000,웅천동,진해구,35.1070912166273,128.754648645509,117.1,117.1,2,3,17,2,3,20,0,0,0,0,0,0,3,1.0,1.0,1.176,0.0,0.0,1055.4,80.85,899,1140,241,scenario_stable_non_high,other,"300m 이내 배출원 위치 2개, 500m 이내 배출원 위치 3개, 최근접 배출원 117m",,False,해당 시설 유형에 인원 자료 없음,산업·배출시설 공간 노출도,v4 (배출원: 전국 등록공장현황 2024-12-31 반영 5개 구 전역 + 배출업소·폐기물 v2 override 판 / 취약시설: 어린이집·경로당·지역아동센터 + 장애인복지관). geo_level=point 한정
SC0992,시티프라디움2차 아파트경로당,경로당,senior_center,4812963000,웅천동,진해구,35.104397616163,128.751154542871,346.1,346.1,0,3,20,0,3,24,0,0,0,0,0,0,3,,1.0,1.2,0.0,0.0,1042.2,58.6,942,1142,200,scenario_stable_non_high,other,"500m 이내 배출원 위치 3개, 최근접 배출원 346m",,False,해당 시설 유형에 인원 자료 없음,산업·배출시설 공간 노출도,v4 (배출원: 전국 등록공장현황 2024-12-31 반영 5개 구 전역 + 배출업소·폐기물 v2 override 판 / 취약시설: 어린이집·경로당·지역아동센터 + 장애인복지관). geo_level=point 한정
SC0993,신명경로당,경로당,senior_center,4812963000,웅천동,진해구,35.0964199817259,128.720626511906,494.1,494.1,0,2,5,0,2,8,0,0,0,1,1,1,2,,1.0,1.6,0.0,0.0,1215.3,92.25,1038,1364,326,scenario_stable_non_high,other,"500m 이내 배출원 위치 2개, 500m 이내 지정폐기물 배출사업장 1곳, 500m 이내 소각 처리 사업장 1곳, 최근접 배출원 494m",,False,해당 시설 유형에 인원 자료 없음,산업·배출시설 공간 노출도,v4 (배출원: 전국 등록공장현황 2024-12-31 반영 5개 구 전역 + 배출업소·폐기물 v2 override 판 / 취약시설: 어린이집·경로당·지역아동센터 + 장애인복지관). geo_level=point 한정
SC0994,어은경로당,경로당,senior_center,4812963000,웅천동,진해구,35.1151780351623,128.728677773058,201.7,201.7,2,4,11,3,5,12,0,2,1,1,1,1,5,1.5,1.25,1.091,0.0,0.0,824.0,74.2,698,977,279,scenario_stable_non_high,other,"300m 이내 배출원 위치 2개, 500m 이내 배출원 위치 4개, 500m 이내 지정폐기물 배출사업장 1곳, 500m 이내 소각 처리 사업장 1곳, 최근접 배출원 202m",,False,해당 시설 유형에 인원 자료 없음,산업·배출시설 공간 노출도,v4 (배출원: 전국 등록공장현황 2024-12-31 반영 5개 구 전역 + 배출업소·폐기물 v2 override 판 / 취약시설: 어린이집·경로당·지역아동센터 + 장애인복지관). geo_level=point 한정
SC0995,와성경로당,경로당,senior_center,4812963000,웅천동,진해구,35.1009079874254,128.76396356464,19.3,19.3,1,2,2,1,2,2,0,0,0,0,0,0,2,1.0,1.0,1.0,0.0,0.0,1281.2,239.23,854,1463,609,scenario_stable_non_high,other,"300m 이내 배출원 위치 1개, 500m 이내 배출원 위치 2개, 최근접 배출원 19m",,False,해당 시설 유형에 인원 자료 없음,산업·배출시설 공간 노출도,v4 (배출원: 전국 등록공장현황 2024-12-31 반영 5개 구 전역 + 배출업소·폐기물 v2 override 판 / 취약시설: 어린이집·경로당·지역아동센터 + 장애인복지관). geo_level=point 한정
SC0996,제덕경로당,경로당,senior_center,4812963000,웅천동,진해구,35.1049401857801,128.742360297335,224.1,224.1,11,15,19,14,19,23,2,0,0,0,0,0,17,1.273,1.267,1.211,0.0,0.0,442.7,93.31,301,591,290,scenario_stable_non_high,other,"300m 이내 배출원 위치 11개, 500m 이내 배출원 위치 15개, 500m 이내 대기 배출업소 2곳, 최근접 배출원 224m",,False,해당 시설 유형에 인원 자료 없음,산업·배출시설 공간 노출도,v4 (배출원: 전국 등록공장현황 2024-12-31 반영 5개 구 전역 + 배출업소·폐기물 v2 override 판 / 취약시설: 어린이집·경로당·지역아동센터 + 장애인복지관). geo_level=point 한정
SC0997,죽곡경로당,경로당,senior_center,4812963000,웅천동,진해구,35.104593914331,128.718514083643,364.2,364.2,0,6,16,0,9,22,3,2,0,4,4,2,4,,1.5,1.375,0.0,0.0,448.9,123.76,250,722,472,scenario_stable_non_high,other,"500m 이내 배출원 위치 6개, 500m 이내 대기 배출업소 3곳, 500m 이내 지정폐기물 배출사업장 4곳, 500m 이내 소각 처리 사업장 2곳, 최근접 배출원 364m",,False,해당 시설 유형에 인원 자료 없음,산업·배출시설 공간 노출도,v4 (배출원: 전국 등록공장현황 2024-12-31 반영 5개 구 전역 + 배출업소·폐기물 v2 override 판 / 취약시설: 어린이집·경로당·지역아동센터 + 장애인복지관). geo_level=point 한정
SC0998,진해남문호반베르디움아파트경로당,경로당,senior_center,4812963000,웅천동,진해구,35.1041732778227,128.757084257176,479.8,479.8,0,2,7,0,2,7,0,0,0,0,0,0,2,,1.0,1.0,0.0,0.0,1411.5,8.34,1391,1423,32,scenario_stable_non_high,other,"500m 이내 배출원 위치 2개, 최근접 배출원 480m",,False,해당 시설 유형에 인원 자료 없음,산업·배출시설 공간 노출도,v4 (배출원: 전국 등록공장현황 2024-12-31 반영 5개 구 전역 + 배출업소·폐기물 v2 override 판 / 취약시설: 어린이집·경로당·지역아동센터 + 장애인복지관). geo_level=point 한정
SC0999,리젠시빌란트경로당,경로당,senior_center,4812963000,웅천동,진해구,35.1057426602422,128.75840214674,395.7,395.7,0,2,7,0,2,7,0,0,0,0,0,0,2,,1.0,1.0,0.0,0.0,1394.7,13.14,1367,1411,44,scenario_stable_non_high,other,"500m 이내 배출원 위치 2개, 최근접 배출원 396m",,False,해당 시설 유형에 인원 자료 없음,산업·배출시설 공간 노출도,v4 (배출원: 전국 등록공장현황 2024-12-31 반영 5개 구 전역 + 배출업소·폐기물 v2 override 판 / 취약시설: 어린이집·경로당·지역아동센터 + 장애인복지관). geo_level=point 한정
SC1000,마천경로당,경로당,senior_center,4812964000,웅동1동,진해구,35.1262025944133,128.781859365501,274.4,274.4,1,8,74,1,12,91,1,3,1,0,0,0,8,1.0,1.5,1.23,3.0,0.0,452.2,194.56,243,796,553,scenario_stable_non_high,other,"300m 이내 배출원 위치 1개, 500m 이내 배출원 위치 8개, 500m 이내 대기 배출업소 1곳, 최근접 배출원 274m",,False,해당 시설 유형에 인원 자료 없음,산업·배출시설 공간 노출도,v4 (배출원: 전국 등록공장현황 2024-12-31 반영 5개 구 전역 + 배출업소·폐기물 v2 override 판 / 취약시설: 어린이집·경로당·지역아동센터 + 장애인복지관). geo_level=point 한정
SC1001,마천부녀경로당,경로당,senior_center,4812964000,웅동1동,진해구,35.1262025944133,128.781859365501,274.4,274.4,1,8,74,1,12,91,1,3,1,0,0,0,8,1.0,1.5,1.23,3.0,0.0,452.2,194.56,243,796,553,scenario_stable_non_high,other,"300m 이내 배출원 위치 1개, 500m 이내 배출원 위치 8개, 500m 이내 대기 배출업소 1곳, 최근접 배출원 274m",,False,해당 시설 유형에 인원 자료 없음,산업·배출시설 공간 노출도,v4 (배출원: 전국 등록공장현황 2024-12-31 반영 5개 구 전역 + 배출업소·폐기물 v2 override 판 / 취약시설: 어린이집·경로당·지역아동센터 + 장애인복지관). geo_level=point 한정
SC1003,소사경로당,경로당,senior_center,4812964000,웅동1동,진해구,35.1282823563562,128.777525916899,666.7,666.7,0,0,25,0,0,31,0,0,0,0,0,0,0,,,1.24,3.0,0.0,1213.3,151.43,1038,1449,411,scenario_stable_non_high,other,1km 이내 배출원 없음 (최근접 667m),,False,해당 시설 유형에 인원 자료 없음,산업·배출시설 공간 노출도,v4 (배출원: 전국 등록공장현황 2024-12-31 반영 5개 구 전역 + 배출업소·폐기물 v2 override 판 / 취약시설: 어린이집·경로당·지역아동센터 + 장애인복지관). geo_level=point 한정
SC1012,대장동경로당,경로당,senior_center,4812964000,웅동1동,진해구,35.1409500420236,128.778218696178,347.8,347.8,0,1,3,0,1,3,0,0,0,1,1,0,0,,1.0,1.0,3.0,0.0,1314.8,85.71,1131,1440,309,scenario_stable_non_high,other,"500m 이내 배출원 위치 1개, 500m 이내 지정폐기물 배출사업장 1곳, 최근접 배출원 348m",,False,해당 시설 유형에 인원 자료 없음,산업·배출시설 공간 노출도,v4 (배출원: 전국 등록공장현황 2024-12-31 반영 5개 구 전역 + 배출업소·폐기물 v2 override 판 / 취약시설: 어린이집·경로당·지역아동센터 + 장애인복지관). geo_level=point 한정
SC1013,대장동부녀경로당,경로당,senior_center,4812964000,웅동1동,진해구,35.1409500420236,128.778218696178,347.8,347.8,0,1,3,0,1,3,0,0,0,1,1,0,0,,1.0,1.0,3.0,0.0,1314.8,85.71,1131,1440,309,scenario_stable_non_high,other,"500m 이내 배출원 위치 1개, 500m 이내 지정폐기물 배출사업장 1곳, 최근접 배출원 348m",,False,해당 시설 유형에 인원 자료 없음,산업·배출시설 공간 노출도,v4 (배출원: 전국 등록공장현황 2024-12-31 반영 5개 구 전역 + 배출업소·폐기물 v2 override 판 / 취약시설: 어린이집·경로당·지역아동센터 + 장애인복지관). geo_level=point 한정
SC1014,(사)대한노인회 진해지회 부암경로당,경로당,senior_center,4812964000,웅동1동,진해구,35.1337778771219,128.783799121716,650.2,650.2,0,0,4,0,0,6,0,0,0,0,0,0,0,,,1.5,3.0,0.0,1445.1,32.57,1376,1496,120,scenario_stable_non_high,other,1km 이내 배출원 없음 (최근접 650m),,False,해당 시설 유형에 인원 자료 없음,산업·배출시설 공간 노출도,v4 (배출원: 전국 등록공장현황 2024-12-31 반영 5개 구 전역 + 배출업소·폐기물 v2 override 판 / 취약시설: 어린이집·경로당·지역아동센터 + 장애인복지관). geo_level=point 한정
SC1015,경남아너스빌경로당,경로당,senior_center,4812964000,웅동1동,진해구,35.1293845297073,128.783928602368,271.1,271.1,1,1,43,3,3,55,0,1,0,0,0,0,2,3.0,3.0,1.279,3.0,0.0,920.3,211.28,674,1233,559,scenario_stable_non_high,other,"300m 이내 배출원 위치 1개, 500m 이내 배출원 위치 1개, 최근접 배출원 271m",,False,해당 시설 유형에 인원 자료 없음,산업·배출시설 공간 노출도,v4 (배출원: 전국 등록공장현황 2024-12-31 반영 5개 구 전역 + 배출업소·폐기물 v2 override 판 / 취약시설: 어린이집·경로당·지역아동센터 + 장애인복지관). geo_level=point 한정
SC1017,주포경로당,경로당,senior_center,4812965000,웅동2동,진해구,35.1176120502904,128.836330836549,566.3,566.3,0,0,4,0,0,4,0,0,0,0,0,0,0,,,1.0,5.0,0.0,1471.2,14.46,1443,1493,50,scenario_stable_non_high,other,1km 이내 배출원 없음 (최근접 566m),,False,해당 시설 유형에 인원 자료 없음,산업·배출시설 공간 노출도,v4 (배출원: 전국 등록공장현황 2024-12-31 반영 5개 구 전역 + 배출업소·폐기물 v2 override 판 / 취약시설: 어린이집·경로당·지역아동센터 + 장애인복지관). geo_level=point 한정
SC1018,가동경로당,경로당,senior_center,4812965000,웅동2동,진해구,35.1119038828833,128.838417364158,108.2,108.2,4,4,9,4,4,9,1,1,1,0,0,0,2,1.0,1.0,1.0,5.0,0.0,763.0,223.22,362,1004,642,scenario_stable_non_high,other,"300m 이내 배출원 위치 4개, 500m 이내 배출원 위치 4개, 500m 이내 대기 배출업소 1곳, 최근접 배출원 108m",,False,해당 시설 유형에 인원 자료 없음,산업·배출시설 공간 노출도,v4 (배출원: 전국 등록공장현황 2024-12-31 반영 5개 구 전역 + 배출업소·폐기물 v2 override 판 / 취약시설: 어린이집·경로당·지역아동센터 + 장애인복지관). geo_level=point 한정
SC1019,용원남자경로당,경로당,senior_center,4812965000,웅동2동,진해구,35.0951812677603,128.818261594175,157.6,157.6,2,4,10,3,5,11,0,3,0,2,2,1,0,1.5,1.25,1.1,5.0,0.0,782.2,118.12,586,1021,435,scenario_stable_non_high,other,"300m 이내 배출원 위치 2개, 500m 이내 배출원 위치 4개, 500m 이내 지정폐기물 배출사업장 2곳, 500m 이내 소각 처리 사업장 1곳, 최근접 배출원 158m",,False,해당 시설 유형에 인원 자료 없음,산업·배출시설 공간 노출도,v4 (배출원: 전국 등록공장현황 2024-12-31 반영 5개 구 전역 + 배출업소·폐기물 v2 override 판 / 취약시설: 어린이집·경로당·지역아동센터 + 장애인복지관). geo_level=point 한정
SC1020,용원여자경로당,경로당,senior_center,4812965000,웅동2동,진해구,35.0951812677603,128.818261594175,157.6,157.6,2,4,10,3,5,11,0,3,0,2,2,1,0,1.5,1.25,1.1,5.0,0.0,782.2,118.12,586,1021,435,scenario_stable_non_high,other,"300m 이내 배출원 위치 2개, 500m 이내 배출원 위치 4개, 500m 이내 지정폐기물 배출사업장 2곳, 500m 이내 소각 처리 사업장 1곳, 최근접 배출원 158m",,False,해당 시설 유형에 인원 자료 없음,산업·배출시설 공간 노출도,v4 (배출원: 전국 등록공장현황 2024-12-31 반영 5개 구 전역 + 배출업소·폐기물 v2 override 판 / 취약시설: 어린이집·경로당·지역아동센터 + 장애인복지관). geo_level=point 한정
SC1021,안골남자경로당,경로당,senior_center,4812965000,웅동2동,진해구,35.0926548383249,128.797454657998,302.6,302.6,0,2,22,0,3,25,1,1,1,1,1,0,1,,1.5,1.136,5.0,0.0,672.3,116.4,478,895,417,scenario_stable_non_high,other,"500m 이내 배출원 위치 2개, 500m 이내 대기 배출업소 1곳, 500m 이내 지정폐기물 배출사업장 1곳, 최근접 배출원 303m",,False,해당 시설 유형에 인원 자료 없음,산업·배출시설 공간 노출도,v4 (배출원: 전국 등록공장현황 2024-12-31 반영 5개 구 전역 + 배출업소·폐기물 v2 override 판 / 취약시설: 어린이집·경로당·지역아동센터 + 장애인복지관). geo_level=point 한정
SC1022,안골여자경로당,경로당,senior_center,4812965000,웅동2동,진해구,35.0926548383249,128.797454657998,302.6,302.6,0,2,22,0,3,25,1,1,1,1,1,0,1,,1.5,1.136,5.0,0.0,672.3,116.4,478,895,417,scenario_stable_non_high,other,"500m 이내 배출원 위치 2개, 500m 이내 대기 배출업소 1곳, 500m 이내 지정폐기물 배출사업장 1곳, 최근접 배출원 303m",,False,해당 시설 유형에 인원 자료 없음,산업·배출시설 공간 노출도,v4 (배출원: 전국 등록공장현황 2024-12-31 반영 5개 구 전역 + 배출업소·폐기물 v2 override 판 / 취약시설: 어린이집·경로당·지역아동센터 + 장애인복지관). geo_level=point 한정
SC1023,청천경로당,경로당,senior_center,4812965000,웅동2동,진해구,35.1008960582166,128.800937004203,608.9,608.9,0,0,3,0,0,3,0,0,0,0,0,0,0,,,1.0,5.0,0.0,1509.5,8.25,1495,1527,32,scenario_stable_non_high,other,1km 이내 배출원 없음 (최근접 609m),,False,해당 시설 유형에 인원 자료 없음,산업·배출시설 공간 노출도,v4 (배출원: 전국 등록공장현황 2024-12-31 반영 5개 구 전역 + 배출업소·폐기물 v2 override 판 / 취약시설: 어린이집·경로당·지역아동센터 + 장애인복지관). geo_level=point 한정
SC1024,안성경로당,경로당,senior_center,4812965000,웅동2동,진해구,35.1029735396129,128.79167018019,513.9,513.9,0,0,3,0,0,3,0,0,0,0,0,0,0,,,1.0,5.0,0.0,1514.5,7.66,1500,1527,27,scenario_stable_non_high,other,1km 이내 배출원 없음 (최근접 514m),,False,해당 시설 유형에 인원 자료 없음,산업·배출시설 공간 노출도,v4 (배출원: 전국 등록공장현황 2024-12-31 반영 5개 구 전역 + 배출업소·폐기물 v2 override 판 / 취약시설: 어린이집·경로당·지역아동센터 + 장애인복지관). geo_level=point 한정
SC1025,신안골경로당,경로당,senior_center,4812965000,웅동2동,진해구,35.1002511751619,128.805623552398,479.9,479.9,0,1,7,0,1,7,0,0,0,0,0,0,1,,1.0,1.0,5.0,0.0,1390.6,34.26,1343,1440,97,scenario_stable_non_high,other,"500m 이내 배출원 위치 1개, 최근접 배출원 480m",,False,해당 시설 유형에 인원 자료 없음,산업·배출시설 공간 노출도,v4 (배출원: 전국 등록공장현황 2024-12-31 반영 5개 구 전역 + 배출업소·폐기물 v2 override 판 / 취약시설: 어린이집·경로당·지역아동센터 + 장애인복지관). geo_level=point 한정
SC1026,이지더원A경로당,경로당,senior_center,4812965000,웅동2동,진해구,35.0884070696793,128.811498208724,835.9,835.9,0,0,2,0,0,3,0,0,0,0,0,0,0,,,1.5,5.0,0.0,1487.7,33.41,1425,1538,113,scenario_stable_non_high,other,1km 이내 배출원 없음 (최근접 836m),,False,해당 시설 유형에 인원 자료 없음,산업·배출시설 공간 노출도,v4 (배출원: 전국 등록공장현황 2024-12-31 반영 5개 구 전역 + 배출업소·폐기물 v2 override 판 / 취약시설: 어린이집·경로당·지역아동센터 + 장애인복지관). geo_level=point 한정
SC1027,신항부영13단지A경로당,경로당,senior_center,4812965000,웅동2동,진해구,35.0902903502679,128.816141229598,373.5,373.5,0,1,3,0,2,4,0,0,0,2,2,1,0,,2.0,1.333,5.0,0.0,1203.1,111.12,979,1370,391,scenario_stable_non_high,other,"500m 이내 배출원 위치 1개, 500m 이내 지정폐기물 배출사업장 2곳, 500m 이내 소각 처리 사업장 1곳, 최근접 배출원 374m",,False,해당 시설 유형에 인원 자료 없음,산업·배출시설 공간 노출도,v4 (배출원: 전국 등록공장현황 2024-12-31 반영 5개 구 전역 + 배출업소·폐기물 v2 override 판 / 취약시설: 어린이집·경로당·지역아동센터 + 장애인복지관). geo_level=point 한정
SC1028,용원현대A경로당,경로당,senior_center,4812965000,웅동2동,진해구,35.1046953181316,128.808767735968,406.2,406.2,0,3,12,0,3,13,1,1,1,1,1,0,2,,1.0,1.083,5.0,0.0,868.5,130.12,617,1094,477,scenario_stable_non_high,other,"500m 이내 배출원 위치 3개, 500m 이내 대기 배출업소 1곳, 500m 이내 지정폐기물 배출사업장 1곳, 최근접 배출원 406m",,False,해당 시설 유형에 인원 자료 없음,산업·배출시설 공간 노출도,v4 (배출원: 전국 등록공장현황 2024-12-31 반영 5개 구 전역 + 배출업소·폐기물 v2 override 판 / 취약시설: 어린이집·경로당·지역아동센터 + 장애인복지관). geo_level=point 한정
SC1029,풍림A남자경로당,경로당,senior_center,4812965000,웅동2동,진해구,35.1060041350786,128.806883861746,254.6,254.6,1,4,12,1,4,13,2,2,1,1,1,0,1,1.0,1.0,1.083,5.0,0.0,748.5,85.23,575,898,323,scenario_stable_non_high,other,"300m 이내 배출원 위치 1개, 500m 이내 배출원 위치 4개, 500m 이내 대기 배출업소 2곳, 500m 이내 지정폐기물 배출사업장 1곳, 최근접 배출원 255m",,False,해당 시설 유형에 인원 자료 없음,산업·배출시설 공간 노출도,v4 (배출원: 전국 등록공장현황 2024-12-31 반영 5개 구 전역 + 배출업소·폐기물 v2 override 판 / 취약시설: 어린이집·경로당·지역아동센터 + 장애인복지관). geo_level=point 한정
SC1030,풍림A여자경로당,경로당,senior_center,4812965000,웅동2동,진해구,35.1060041350786,128.806883861746,254.6,254.6,1,4,12,1,4,13,2,2,1,1,1,0,1,1.0,1.0,1.083,5.0,0.0,748.5,85.23,575,898,323,scenario_stable_non_high,other,"300m 이내 배출원 위치 1개, 500m 이내 배출원 위치 4개, 500m 이내 대기 배출업소 2곳, 500m 이내 지정폐기물 배출사업장 1곳, 최근접 배출원 255m",,False,해당 시설 유형에 인원 자료 없음,산업·배출시설 공간 노출도,v4 (배출원: 전국 등록공장현황 2024-12-31 반영 5개 구 전역 + 배출업소·폐기물 v2 override 판 / 취약시설: 어린이집·경로당·지역아동센터 + 장애인복지관). geo_level=point 한정
SC1031,부영1차A남자경로당,경로당,senior_center,4812965000,웅동2동,진해구,35.1013899021377,128.805814365895,465.9,465.9,0,1,9,0,1,10,0,0,0,0,0,0,1,,1.0,1.111,5.0,0.0,1276.1,90.84,1144,1412,268,scenario_stable_non_high,other,"500m 이내 배출원 위치 1개, 최근접 배출원 466m",,False,해당 시설 유형에 인원 자료 없음,산업·배출시설 공간 노출도,v4 (배출원: 전국 등록공장현황 2024-12-31 반영 5개 구 전역 + 배출업소·폐기물 v2 override 판 / 취약시설: 어린이집·경로당·지역아동센터 + 장애인복지관). geo_level=point 한정
SC1032,부영1차A여자경로당,경로당,senior_center,4812965000,웅동2동,진해구,35.1013899021377,128.805814365895,465.9,465.9,0,1,9,0,1,10,0,0,0,0,0,0,1,,1.0,1.111,5.0,0.0,1276.1,90.84,1144,1412,268,scenario_stable_non_high,other,"500m 이내 배출원 위치 1개, 최근접 배출원 466m",,False,해당 시설 유형에 인원 자료 없음,산업·배출시설 공간 노출도,v4 (배출원: 전국 등록공장현황 2024-12-31 반영 5개 구 전역 + 배출업소·폐기물 v2 override 판 / 취약시설: 어린이집·경로당·지역아동센터 + 장애인복지관). geo_level=point 한정
SC1033,부영2차A남자경로당,경로당,senior_center,4812965000,웅동2동,진해구,35.1033813292468,128.803689278724,382.9,382.9,0,1,10,0,1,10,1,0,0,0,0,0,0,,1.0,1.0,5.0,0.0,1272.0,43.26,1194,1352,158,scenario_stable_non_high,other,"500m 이내 배출원 위치 1개, 500m 이내 대기 배출업소 1곳, 최근접 배출원 383m",,False,해당 시설 유형에 인원 자료 없음,산업·배출시설 공간 노출도,v4 (배출원: 전국 등록공장현황 2024-12-31 반영 5개 구 전역 + 배출업소·폐기물 v2 override 판 / 취약시설: 어린이집·경로당·지역아동센터 + 장애인복지관). geo_level=point 한정
SC1034,부영2차A여자경로당,경로당,senior_center,4812965000,웅동2동,진해구,35.1033813292468,128.803689278724,382.9,382.9,0,1,10,0,1,10,1,0,0,0,0,0,0,,1.0,1.0,5.0,0.0,1272.0,43.26,1194,1352,158,scenario_stable_non_high,other,"500m 이내 배출원 위치 1개, 500m 이내 대기 배출업소 1곳, 최근접 배출원 383m",,False,해당 시설 유형에 인원 자료 없음,산업·배출시설 공간 노출도,v4 (배출원: 전국 등록공장현황 2024-12-31 반영 5개 구 전역 + 배출업소·폐기물 v2 override 판 / 취약시설: 어린이집·경로당·지역아동센터 + 장애인복지관). geo_level=point 한정
SC1035,부영3차A남자경로당,경로당,senior_center,4812965000,웅동2동,진해구,35.1044105957976,128.80536065058,345.9,345.9,0,2,10,0,2,11,2,1,1,0,0,0,1,,1.0,1.1,5.0,0.0,1082.2,56.1,958,1192,234,scenario_stable_non_high,other,"500m 이내 배출원 위치 2개, 500m 이내 대기 배출업소 2곳, 최근접 배출원 346m",,False,해당 시설 유형에 인원 자료 없음,산업·배출시설 공간 노출도,v4 (배출원: 전국 등록공장현황 2024-12-31 반영 5개 구 전역 + 배출업소·폐기물 v2 override 판 / 취약시설: 어린이집·경로당·지역아동센터 + 장애인복지관). geo_level=point 한정
SC1036,부영3차A여자경로당,경로당,senior_center,4812965000,웅동2동,진해구,35.1044105957976,128.80536065058,345.9,345.9,0,2,10,0,2,11,2,1,1,0,0,0,1,,1.0,1.1,5.0,0.0,1082.2,56.1,958,1192,234,scenario_stable_non_high,other,"500m 이내 배출원 위치 2개, 500m 이내 대기 배출업소 2곳, 최근접 배출원 346m",,False,해당 시설 유형에 인원 자료 없음,산업·배출시설 공간 노출도,v4 (배출원: 전국 등록공장현황 2024-12-31 반영 5개 구 전역 + 배출업소·폐기물 v2 override 판 / 취약시설: 어린이집·경로당·지역아동센터 + 장애인복지관). geo_level=point 한정
SC1037,해인로즈빌A남자경로당,경로당,senior_center,4812965000,웅동2동,진해구,35.1074137350992,128.80601252301,169.4,169.4,4,6,12,4,6,13,3,3,1,1,1,0,1,1.0,1.0,1.083,5.0,0.0,583.8,100.61,414,819,405,scenario_stable_non_high,other,"300m 이내 배출원 위치 4개, 500m 이내 배출원 위치 6개, 500m 이내 대기 배출업소 3곳, 500m 이내 지정폐기물 배출사업장 1곳, 최근접 배출원 169m",,False,해당 시설 유형에 인원 자료 없음,산업·배출시설 공간 노출도,v4 (배출원: 전국 등록공장현황 2024-12-31 반영 5개 구 전역 + 배출업소·폐기물 v2 override 판 / 취약시설: 어린이집·경로당·지역아동센터 + 장애인복지관). geo_level=point 한정
SC1038,해인로즈빌A여자경로당,경로당,senior_center,4812965000,웅동2동,진해구,35.1074137350992,128.80601252301,169.4,169.4,4,6,12,4,6,13,3,3,1,1,1,0,1,1.0,1.0,1.083,5.0,0.0,583.8,100.61,414,819,405,scenario_stable_non_high,other,"300m 이내 배출원 위치 4개, 500m 이내 배출원 위치 6개, 500m 이내 대기 배출업소 3곳, 500m 이내 지정폐기물 배출사업장 1곳, 최근접 배출원 169m",,False,해당 시설 유형에 인원 자료 없음,산업·배출시설 공간 노출도,v4 (배출원: 전국 등록공장현황 2024-12-31 반영 5개 구 전역 + 배출업소·폐기물 v2 override 판 / 취약시설: 어린이집·경로당·지역아동센터 + 장애인복지관). geo_level=point 한정
SC1039,일신님A남자경로당,경로당,senior_center,4812965000,웅동2동,진해구,35.1034920124458,128.809184621804,344.1,344.1,0,2,12,0,2,13,0,1,0,0,0,0,1,,1.0,1.083,5.0,0.0,952.6,133.28,677,1147,470,scenario_stable_non_high,other,"500m 이내 배출원 위치 2개, 최근접 배출원 344m",,False,해당 시설 유형에 인원 자료 없음,산업·배출시설 공간 노출도,v4 (배출원: 전국 등록공장현황 2024-12-31 반영 5개 구 전역 + 배출업소·폐기물 v2 override 판 / 취약시설: 어린이집·경로당·지역아동센터 + 장애인복지관). geo_level=point 한정
SC1040,일신님여자경로당,경로당,senior_center,4812965000,웅동2동,진해구,35.1034920124458,128.809184621804,344.1,344.1,0,2,12,0,2,13,0,1,0,0,0,0,1,,1.0,1.083,5.0,0.0,952.6,133.28,677,1147,470,scenario_stable_non_high,other,"500m 이내 배출원 위치 2개, 최근접 배출원 344m",,False,해당 시설 유형에 인원 자료 없음,산업·배출시설 공간 노출도,v4 (배출원: 전국 등록공장현황 2024-12-31 반영 5개 구 전역 + 배출업소·폐기물 v2 override 판 / 취약시설: 어린이집·경로당·지역아동센터 + 장애인복지관). geo_level=point 한정
SC1041,코아루A경로당,경로당,senior_center,4812965000,웅동2동,진해구,35.1017840781765,128.808541327813,242.3,242.3,1,3,10,1,3,11,0,2,0,0,0,0,1,1.0,1.0,1.1,5.0,0.0,1110.1,51.76,1013,1186,173,scenario_stable_non_high,other,"300m 이내 배출원 위치 1개, 500m 이내 배출원 위치 3개, 최근접 배출원 242m",,False,해당 시설 유형에 인원 자료 없음,산업·배출시설 공간 노출도,v4 (배출원: 전국 등록공장현황 2024-12-31 반영 5개 구 전역 + 배출업소·폐기물 v2 override 판 / 취약시설: 어린이집·경로당·지역아동센터 + 장애인복지관). geo_level=point 한정
SC1042,신항8단지부영A경로당,경로당,senior_center,4812965000,웅동2동,진해구,35.0899472255603,128.811692686232,737.3,737.3,0,0,2,0,0,3,0,0,0,0,0,0,0,,,1.5,5.0,0.0,1464.7,34.25,1386,1509,123,scenario_stable_non_high,other,1km 이내 배출원 없음 (최근접 737m),,False,해당 시설 유형에 인원 자료 없음,산업·배출시설 공간 노출도,v4 (배출원: 전국 등록공장현황 2024-12-31 반영 5개 구 전역 + 배출업소·폐기물 v2 override 판 / 취약시설: 어린이집·경로당·지역아동센터 + 장애인복지관). geo_level=point 한정
