facility_id,facility_name,facility_type,h_code,administrative_dong,gu,exposure_stability_class,top10pct_frequency,distance_sensitivity_score,air_sensitivity_score,waste_sensitivity_score,distance_flip_count,air_flip_count,waste_flip_count,distance_flip_rate,air_flip_rate,waste_flip_rate,distance_rank_swing,air_rank_swing,waste_rank_swing,distance_top10_rate_buffer,distance_top10_rate_decay150,distance_top10_rate_decay300,distance_top10_rate_decay500,air_top10_rate_ordinal,air_top10_rate_log_lower,air_top10_rate_capped20_lower,waste_top10_rate_equal,waste_top10_rate_moderate,waste_top10_rate_high,distance_flip_driver,dominant_sensitivity_axis,dominance_share,max_axis_score,second_axis_score,rank_mean,rank_std,rank_range,sensitivity_explanation
CC0195,대동청솔어린이집,어린이집,4812356000,성주동,성산구,scenario_sensitive,0.944,0.2222,0.0833,0.1667,2,1,2,0.2222,0.0833,0.1667,69.2,7.4,13.2,1.0,0.7778,1.0,1.0,1.0,0.9167,0.9167,1.0,1.0,0.8333,decay150_only,distance,0.471,0.2222,0.1667,96.9,30.17,101,거리 감쇠·버퍼 설정 축이 상대적으로 가장 큰 영향을 주나 다른 축도 함께 작용함 (축 기여 47%)
SC0349,청솔(아)경로당,경로당,4812356000,성주동,성산구,scenario_sensitive,0.944,0.2222,0.0833,0.1667,2,1,2,0.2222,0.0833,0.1667,69.2,7.4,13.2,1.0,0.7778,1.0,1.0,1.0,0.9167,0.9167,1.0,1.0,0.8333,decay150_only,distance,0.471,0.2222,0.1667,96.9,30.17,101,거리 감쇠·버퍼 설정 축이 상대적으로 가장 큰 영향을 주나 다른 축도 함께 작용함 (축 기여 47%)
SC0355,남산효성해링턴플레이스경로당,경로당,4812356000,성주동,성산구,scenario_sensitive,0.944,0.2222,0.0833,0.1667,2,1,2,0.2222,0.0833,0.1667,47.5,12.0,14.8,1.0,0.7778,1.0,1.0,1.0,0.9167,0.9167,1.0,1.0,0.8333,decay150_only,distance,0.471,0.2222,0.1667,116.3,21.65,83,거리 감쇠·버퍼 설정 축이 상대적으로 가장 큰 영향을 주나 다른 축도 함께 작용함 (축 기여 47%)
SC0712,용담경로당,경로당,4812725000,내서읍,마산회원구,scenario_sensitive,0.944,0.2222,0.0833,0.1667,2,1,2,0.2222,0.0833,0.1667,80.2,4.2,9.0,1.0,0.7778,1.0,1.0,1.0,0.9167,0.9167,1.0,1.0,0.8333,decay150_only,distance,0.471,0.2222,0.1667,101.4,31.37,100,거리 감쇠·버퍼 설정 축이 상대적으로 가장 큰 영향을 주나 다른 축도 함께 작용함 (축 기여 47%)
SC0616,기산아파트여성경로당,경로당,4812563000,오동동,마산합포구,scenario_sensitive,0.917,0.3333,0.1667,0.1667,3,2,2,0.3333,0.1667,0.1667,114.1,15.7,8.8,1.0,1.0,1.0,0.6667,0.9167,1.0,0.8333,1.0,0.9167,0.8333,multiple_distance_settings,distance,0.5,0.3333,0.1667,113.4,43.71,141,"거리 감쇠·버퍼 설정 변화에 따라 상위 10% 포함 여부가 크게 변함 (진입률 변동폭 0.33, 축 기여 50%)"
SC1010,의곡경로당,경로당,4812964000,웅동1동,진해구,scenario_sensitive,0.917,0.3333,0.0,0.25,3,0,3,0.3333,0.0,0.25,41.4,13.2,2.0,1.0,0.6667,1.0,1.0,0.9167,0.9167,0.9167,1.0,1.0,0.75,decay150_only,distance,0.571,0.3333,0.25,128.2,18.84,65,"거리 감쇠·버퍼 설정 변화에 따라 상위 10% 포함 여부가 크게 변함 (진입률 변동폭 0.33, 축 기여 57%) — 급감쇠 설정(D0=150m)에서만 결과가 달라짐"
CC0350,창원시립 동신해나라어린이집,어린이집,4812725000,내서읍,마산회원구,scenario_sensitive,0.889,0.4444,0.0834,0.25,4,1,3,0.4444,0.0833,0.25,110.6,0.2,13.5,1.0,0.5556,1.0,1.0,0.9167,0.9167,0.8333,0.75,0.9167,1.0,decay150_only,distance,0.571,0.4444,0.25,85.1,45.58,136,"거리 감쇠·버퍼 설정 변화에 따라 상위 10% 포함 여부가 크게 변함 (진입률 변동폭 0.44, 축 기여 57%) — 급감쇠 설정(D0=150m)에서만 결과가 달라짐"
SC0684,동신2차아파트경로당,경로당,4812725000,내서읍,마산회원구,scenario_sensitive,0.889,0.4444,0.0834,0.25,4,1,3,0.4444,0.0833,0.25,110.6,0.2,13.5,1.0,0.5556,1.0,1.0,0.9167,0.9167,0.8333,0.75,0.9167,1.0,decay150_only,distance,0.571,0.4444,0.25,85.1,45.58,136,"거리 감쇠·버퍼 설정 변화에 따라 상위 10% 포함 여부가 크게 변함 (진입률 변동폭 0.44, 축 기여 57%) — 급감쇠 설정(D0=150m)에서만 결과가 달라짐"
CC0208,한화창원어린이집,어린이집,<NA>,성주동,성산구,scenario_sensitive,0.833,0.6667,0.1667,0.1667,6,2,2,0.6667,0.1667,0.1667,137.8,8.6,9.7,1.0,0.3333,1.0,1.0,0.9167,0.75,0.8333,0.9167,0.8333,0.75,decay150_only,distance,0.667,0.6667,0.1667,69.2,58.47,169,"거리 감쇠·버퍼 설정 변화에 따라 상위 10% 포함 여부가 크게 변함 (진입률 변동폭 0.67, 축 기여 67%) — 급감쇠 설정(D0=150m)에서만 결과가 달라짐"
SC0963,장천동서부경로당,경로당,4812962000,풍호동,진해구,scenario_sensitive,0.833,0.3333,0.0,0.5,3,0,6,0.3333,0.0,0.5,133.4,18.5,67.1,0.6667,1.0,1.0,0.6667,0.8333,0.8333,0.8333,0.5,1.0,1.0,multiple_distance_settings,waste,0.6,0.5,0.3333,106.2,58.69,226,"지정폐기물 배수 변화에 따라 상위 10% 포함 여부가 크게 변함 (진입률 변동폭 0.50, 축 기여 60%)"
SC0964,장천서부부녀경로당,경로당,4812962000,풍호동,진해구,scenario_sensitive,0.806,0.4444,0.0833,0.5,4,1,6,0.4444,0.0833,0.5,133.4,18.5,67.1,0.6667,1.0,1.0,0.5556,0.75,0.8333,0.8333,0.5,0.9167,1.0,multiple_distance_settings,waste,0.487,0.5,0.4444,106.2,58.69,226,지정폐기물 배수 축이 상대적으로 가장 큰 영향을 주나 다른 축도 함께 작용함 (축 기여 49%)
SC0795,탑골경로당,경로당,4812757000,양덕2동,마산회원구,scenario_sensitive,0.778,0.8889,0.0833,0.0833,8,1,1,0.8889,0.0833,0.0833,46.1,9.5,4.6,1.0,0.1111,1.0,1.0,0.75,0.8333,0.75,0.8333,0.75,0.75,decay150_only,distance,0.842,0.8889,0.0833,143.3,20.21,67,"거리 감쇠·버퍼 설정 변화에 따라 상위 10% 포함 여부가 크게 변함 (진입률 변동폭 0.89, 축 기여 84%) — 급감쇠 설정(D0=150m)에서만 결과가 달라짐"
CC0084,창원시립 의안어린이집,어린이집,4812151000,의창동,의창구,scenario_sensitive,0.75,1.0,0.0,0.0,9,0,0,1.0,0.0,0.0,162.8,1.7,17.2,1.0,0.0,1.0,1.0,0.75,0.75,0.75,0.75,0.75,0.75,decay150_only,distance,1.0,1.0,0.0,114.4,66.74,194,"거리 감쇠·버퍼 설정 변화에 따라 상위 10% 포함 여부가 크게 변함 (진입률 변동폭 1.00, 축 기여 100%) — 급감쇠 설정(D0=150m)에서만 결과가 달라짐"
CC0096,예명산새소리어린이집,어린이집,4812152000,팔룡동,의창구,scenario_sensitive,0.75,1.0,0.0,0.0,9,0,0,1.0,0.0,0.0,647.6,5.8,14.3,1.0,0.0,1.0,1.0,0.75,0.75,0.75,0.75,0.75,0.75,decay150_only,distance,1.0,1.0,0.0,252.8,274.5,675,"거리 감쇠·버퍼 설정 변화에 따라 상위 10% 포함 여부가 크게 변함 (진입률 변동폭 1.00, 축 기여 100%) — 급감쇠 설정(D0=150m)에서만 결과가 달라짐"
CC0100,꼬망쎄어린이집,어린이집,4812152000,팔룡동,의창구,scenario_sensitive,0.75,1.0,0.0,0.0,9,0,0,1.0,0.0,0.0,254.6,1.9,14.2,1.0,0.0,1.0,1.0,0.75,0.75,0.75,0.75,0.75,0.75,decay150_only,distance,1.0,1.0,0.0,120.2,106.37,288,"거리 감쇠·버퍼 설정 변화에 따라 상위 10% 포함 여부가 크게 변함 (진입률 변동폭 1.00, 축 기여 100%) — 급감쇠 설정(D0=150m)에서만 결과가 달라짐"
CC0101,꿈나래어린이집,어린이집,4812152000,팔룡동,의창구,scenario_sensitive,0.75,1.0,0.0,0.0,9,0,0,1.0,0.0,0.0,254.6,1.9,14.2,1.0,0.0,1.0,1.0,0.75,0.75,0.75,0.75,0.75,0.75,decay150_only,distance,1.0,1.0,0.0,120.2,106.37,288,"거리 감쇠·버퍼 설정 변화에 따라 상위 10% 포함 여부가 크게 변함 (진입률 변동폭 1.00, 축 기여 100%) — 급감쇠 설정(D0=150m)에서만 결과가 달라짐"
CC0102,꿈쟁이어린이집,어린이집,4812152000,팔룡동,의창구,scenario_sensitive,0.75,1.0,0.0,0.0,9,0,0,1.0,0.0,0.0,557.4,3.9,12.9,1.0,0.0,1.0,1.0,0.75,0.75,0.75,0.75,0.75,0.75,decay150_only,distance,1.0,1.0,0.0,207.9,235.29,577,"거리 감쇠·버퍼 설정 변화에 따라 상위 10% 포함 여부가 크게 변함 (진입률 변동폭 1.00, 축 기여 100%) — 급감쇠 설정(D0=150m)에서만 결과가 달라짐"
CC0103,누리천사어린이집,어린이집,4812152000,팔룡동,의창구,scenario_sensitive,0.75,1.0,0.0,0.0,9,0,0,1.0,0.0,0.0,557.4,3.9,12.9,1.0,0.0,1.0,1.0,0.75,0.75,0.75,0.75,0.75,0.75,decay150_only,distance,1.0,1.0,0.0,207.9,235.29,577,"거리 감쇠·버퍼 설정 변화에 따라 상위 10% 포함 여부가 크게 변함 (진입률 변동폭 1.00, 축 기여 100%) — 급감쇠 설정(D0=150m)에서만 결과가 달라짐"
CC0104,동화어린이집,어린이집,4812152000,팔룡동,의창구,scenario_sensitive,0.75,1.0,0.0,0.0,9,0,0,1.0,0.0,0.0,175.8,1.6,15.7,1.0,0.0,1.0,1.0,0.75,0.75,0.75,0.75,0.75,0.75,decay150_only,distance,1.0,1.0,0.0,135.4,73.79,217,"거리 감쇠·버퍼 설정 변화에 따라 상위 10% 포함 여부가 크게 변함 (진입률 변동폭 1.00, 축 기여 100%) — 급감쇠 설정(D0=150m)에서만 결과가 달라짐"
CC0105,배꼽또래어린이집,어린이집,4812152000,팔룡동,의창구,scenario_sensitive,0.75,1.0,0.0,0.0,9,0,0,1.0,0.0,0.0,254.6,1.9,14.2,1.0,0.0,1.0,1.0,0.75,0.75,0.75,0.75,0.75,0.75,decay150_only,distance,1.0,1.0,0.0,120.2,106.37,288,"거리 감쇠·버퍼 설정 변화에 따라 상위 10% 포함 여부가 크게 변함 (진입률 변동폭 1.00, 축 기여 100%) — 급감쇠 설정(D0=150m)에서만 결과가 달라짐"
CC0106,벽산어린이집,어린이집,4812152000,팔룡동,의창구,scenario_sensitive,0.75,1.0,0.0,0.0,9,0,0,1.0,0.0,0.0,496.4,2.1,11.9,1.0,0.0,1.0,1.0,0.75,0.75,0.75,0.75,0.75,0.75,decay150_only,distance,1.0,1.0,0.0,184.8,210.35,516,"거리 감쇠·버퍼 설정 변화에 따라 상위 10% 포함 여부가 크게 변함 (진입률 변동폭 1.00, 축 기여 100%) — 급감쇠 설정(D0=150m)에서만 결과가 달라짐"
CC0108,큰자람어린이집,어린이집,4812152000,팔룡동,의창구,scenario_sensitive,0.75,1.0,0.0,0.0,9,0,0,1.0,0.0,0.0,496.4,2.1,11.9,1.0,0.0,1.0,1.0,0.75,0.75,0.75,0.75,0.75,0.75,decay150_only,distance,1.0,1.0,0.0,184.8,210.35,516,"거리 감쇠·버퍼 설정 변화에 따라 상위 10% 포함 여부가 크게 변함 (진입률 변동폭 1.00, 축 기여 100%) — 급감쇠 설정(D0=150m)에서만 결과가 달라짐"
CC0207,한국지엠창원어린이집,어린이집,4812356000,성주동,성산구,scenario_sensitive,0.75,1.0,0.0,0.0,9,0,0,1.0,0.0,0.0,190.4,7.1,15.7,1.0,0.0,1.0,1.0,0.75,0.75,0.75,0.75,0.75,0.75,decay150_only,distance,1.0,1.0,0.0,163.8,77.25,226,"거리 감쇠·버퍼 설정 변화에 따라 상위 10% 포함 여부가 크게 변함 (진입률 변동폭 1.00, 축 기여 100%) — 급감쇠 설정(D0=150m)에서만 결과가 달라짐"
CC0329,칸타빌어린이집,어린이집,4812564000,합포동,마산합포구,scenario_sensitive,0.75,1.0,0.0,0.0,9,0,0,1.0,0.0,0.0,284.1,8.0,9.6,1.0,0.0,1.0,1.0,0.75,0.75,0.75,0.75,0.75,0.75,decay150_only,distance,1.0,1.0,0.0,178.9,118.82,302,"거리 감쇠·버퍼 설정 변화에 따라 상위 10% 포함 여부가 크게 변함 (진입률 변동폭 1.00, 축 기여 100%) — 급감쇠 설정(D0=150m)에서만 결과가 달라짐"
CC0347,인애어린이집,어린이집,4812761000,구암2동,마산회원구,scenario_sensitive,0.75,1.0,0.0,0.0,9,0,0,1.0,0.0,0.0,124.9,7.9,6.9,1.0,0.0,1.0,1.0,0.75,0.75,0.75,0.75,0.75,0.75,decay150_only,distance,1.0,1.0,0.0,105.3,51.13,146,"거리 감쇠·버퍼 설정 변화에 따라 상위 10% 포함 여부가 크게 변함 (진입률 변동폭 1.00, 축 기여 100%) — 급감쇠 설정(D0=150m)에서만 결과가 달라짐"
CC0362,쏠티동산어린이집,어린이집,4812725000,내서읍,마산회원구,scenario_sensitive,0.75,1.0,0.0,0.0,9,0,0,1.0,0.0,0.0,284.0,62.0,3.3,1.0,0.0,1.0,1.0,0.75,0.75,0.75,0.75,0.75,0.75,decay150_only,distance,1.0,1.0,0.0,155.5,121.98,375,"거리 감쇠·버퍼 설정 변화에 따라 상위 10% 포함 여부가 크게 변함 (진입률 변동폭 1.00, 축 기여 100%) — 급감쇠 설정(D0=150m)에서만 결과가 달라짐"
CC0391,창원시립 양덕롯데캐슬어린이집,어린이집,4812757000,양덕2동,마산회원구,scenario_sensitive,0.75,1.0,0.0,0.0,9,0,0,1.0,0.0,0.0,256.8,6.7,21.5,1.0,0.0,1.0,1.0,0.75,0.75,0.75,0.75,0.75,0.75,decay150_only,distance,1.0,1.0,0.0,143.0,108.98,291,"거리 감쇠·버퍼 설정 변화에 따라 상위 10% 포함 여부가 크게 변함 (진입률 변동폭 1.00, 축 기여 100%) — 급감쇠 설정(D0=150m)에서만 결과가 달라짐"
CC0403,예꼬어린이집,어린이집,4812757000,양덕2동,마산회원구,scenario_sensitive,0.75,1.0,0.0,0.0,9,0,0,1.0,0.0,0.0,256.8,6.7,21.5,1.0,0.0,1.0,1.0,0.75,0.75,0.75,0.75,0.75,0.75,decay150_only,distance,1.0,1.0,0.0,143.0,108.98,291,"거리 감쇠·버퍼 설정 변화에 따라 상위 10% 포함 여부가 크게 변함 (진입률 변동폭 1.00, 축 기여 100%) — 급감쇠 설정(D0=150m)에서만 결과가 달라짐"
CC0449,해오름아기세상어린이집,어린이집,4812964000,웅동1동,진해구,scenario_sensitive,0.75,1.0,0.0,0.0,9,0,0,1.0,0.0,0.0,84.6,16.2,5.8,1.0,0.0,1.0,1.0,0.75,0.75,0.75,0.75,0.75,0.75,decay150_only,distance,1.0,1.0,0.0,145.7,34.61,117,"거리 감쇠·버퍼 설정 변화에 따라 상위 10% 포함 여부가 크게 변함 (진입률 변동폭 1.00, 축 기여 100%) — 급감쇠 설정(D0=150m)에서만 결과가 달라짐"
CH0011,새의창지역아동센터,지역아동센터,4812152000,팔룡동,의창구,scenario_sensitive,0.75,1.0,0.0,0.0,9,0,0,1.0,0.0,0.0,590.0,3.7,12.1,1.0,0.0,1.0,1.0,0.75,0.75,0.75,0.75,0.75,0.75,decay150_only,distance,1.0,1.0,0.0,263.8,250.87,611,"거리 감쇠·버퍼 설정 변화에 따라 상위 10% 포함 여부가 크게 변함 (진입률 변동폭 1.00, 축 기여 100%) — 급감쇠 설정(D0=150m)에서만 결과가 달라짐"
CH0025,성주지역아동센터,지역아동센터,4812356000,성주동,성산구,scenario_sensitive,0.75,1.0,0.0,0.0,9,0,0,1.0,0.0,0.0,139.4,3.9,16.6,1.0,0.0,1.0,1.0,0.75,0.75,0.75,0.75,0.75,0.75,decay150_only,distance,1.0,1.0,0.0,140.0,56.75,167,"거리 감쇠·버퍼 설정 변화에 따라 상위 10% 포함 여부가 크게 변함 (진입률 변동폭 1.00, 축 기여 100%) — 급감쇠 설정(D0=150m)에서만 결과가 달라짐"
CH0041,새샘지역아동센터,지역아동센터,4812564000,합포동,마산합포구,scenario_sensitive,0.75,1.0,0.0,0.0,9,0,0,1.0,0.0,0.0,224.2,8.3,12.6,1.0,0.0,1.0,1.0,0.75,0.75,0.75,0.75,0.75,0.75,decay150_only,distance,1.0,1.0,0.0,132.4,93.72,244,"거리 감쇠·버퍼 설정 변화에 따라 상위 10% 포함 여부가 크게 변함 (진입률 변동폭 1.00, 축 기여 100%) — 급감쇠 설정(D0=150m)에서만 결과가 달라짐"
CH0062,중리지역아동센터,지역아동센터,4812725000,내서읍,마산회원구,scenario_sensitive,0.75,1.0,0.0,0.0,9,0,0,1.0,0.0,0.0,190.3,48.6,1.9,1.0,0.0,1.0,1.0,0.75,0.75,0.75,0.75,0.75,0.75,decay150_only,distance,1.0,1.0,0.0,110.3,81.24,252,"거리 감쇠·버퍼 설정 변화에 따라 상위 10% 포함 여부가 크게 변함 (진입률 변동폭 1.00, 축 기여 100%) — 급감쇠 설정(D0=150m)에서만 결과가 달라짐"
SC0158,해강그린A경로당,경로당,4812132000,대산면,의창구,scenario_sensitive,0.75,1.0,0.0,0.0,9,0,0,1.0,0.0,0.0,280.1,7.6,15.1,1.0,0.0,1.0,1.0,0.75,0.75,0.75,0.75,0.75,0.75,decay150_only,distance,1.0,1.0,0.0,194.2,115.83,310,"거리 감쇠·버퍼 설정 변화에 따라 상위 10% 포함 여부가 크게 변함 (진입률 변동폭 1.00, 축 기여 100%) — 급감쇠 설정(D0=150m)에서만 결과가 달라짐"
SC0171,중앙경로당,경로당,4812132000,대산면,의창구,scenario_sensitive,0.75,1.0,0.0,0.0,9,0,0,1.0,0.0,0.0,259.2,11.7,17.9,1.0,0.0,1.0,1.0,0.75,0.75,0.75,0.75,0.75,0.75,decay150_only,distance,1.0,1.0,0.0,174.4,106.09,300,"거리 감쇠·버퍼 설정 변화에 따라 상위 10% 포함 여부가 크게 변함 (진입률 변동폭 1.00, 축 기여 100%) — 급감쇠 설정(D0=150m)에서만 결과가 달라짐"
SC0213,팔룡제1경로당,경로당,4812152000,팔룡동,의창구,scenario_sensitive,0.75,1.0,0.0,0.0,9,0,0,1.0,0.0,0.0,214.9,2.3,14.1,1.0,0.0,1.0,1.0,0.75,0.75,0.75,0.75,0.75,0.75,decay150_only,distance,1.0,1.0,0.0,103.3,88.0,242,"거리 감쇠·버퍼 설정 변화에 따라 상위 10% 포함 여부가 크게 변함 (진입률 변동폭 1.00, 축 기여 100%) — 급감쇠 설정(D0=150m)에서만 결과가 달라짐"
SC0214,팔룡제2경로당,경로당,4812152000,팔룡동,의창구,scenario_sensitive,0.75,1.0,0.0,0.0,9,0,0,1.0,0.0,0.0,186.2,2.1,10.0,1.0,0.0,1.0,1.0,0.75,0.75,0.75,0.75,0.75,0.75,decay150_only,distance,1.0,1.0,0.0,70.4,78.98,210,"거리 감쇠·버퍼 설정 변화에 따라 상위 10% 포함 여부가 크게 변함 (진입률 변동폭 1.00, 축 기여 100%) — 급감쇠 설정(D0=150m)에서만 결과가 달라짐"
SC0216,대동중앙(아)경로당,경로당,4812152000,팔룡동,의창구,scenario_sensitive,0.75,1.0,0.0,0.0,9,0,0,1.0,0.0,0.0,647.6,5.8,14.3,1.0,0.0,1.0,1.0,0.75,0.75,0.75,0.75,0.75,0.75,decay150_only,distance,1.0,1.0,0.0,252.8,274.5,675,"거리 감쇠·버퍼 설정 변화에 따라 상위 10% 포함 여부가 크게 변함 (진입률 변동폭 1.00, 축 기여 100%) — 급감쇠 설정(D0=150m)에서만 결과가 달라짐"
SC0217,극동아파트경로당,경로당,4812152000,팔룡동,의창구,scenario_sensitive,0.75,1.0,0.0,0.0,9,0,0,1.0,0.0,0.0,557.4,3.9,12.9,1.0,0.0,1.0,1.0,0.75,0.75,0.75,0.75,0.75,0.75,decay150_only,distance,1.0,1.0,0.0,207.9,235.29,577,"거리 감쇠·버퍼 설정 변화에 따라 상위 10% 포함 여부가 크게 변함 (진입률 변동폭 1.00, 축 기여 100%) — 급감쇠 설정(D0=150m)에서만 결과가 달라짐"
SC0218,차룡대동(아)경로당,경로당,4812152000,팔룡동,의창구,scenario_sensitive,0.75,1.0,0.0,0.0,9,0,0,1.0,0.0,0.0,512.0,2.4,11.1,1.0,0.0,1.0,1.0,0.75,0.75,0.75,0.75,0.75,0.75,decay150_only,distance,1.0,1.0,0.0,180.3,217.56,530,"거리 감쇠·버퍼 설정 변화에 따라 상위 10% 포함 여부가 크게 변함 (진입률 변동폭 1.00, 축 기여 100%) — 급감쇠 설정(D0=150m)에서만 결과가 달라짐"
SC0219,원풍벽산A단지경로당,경로당,4812152000,팔룡동,의창구,scenario_sensitive,0.75,1.0,0.0,0.0,9,0,0,1.0,0.0,0.0,398.6,4.0,16.6,1.0,0.0,1.0,1.0,0.75,0.75,0.75,0.75,0.75,0.75,decay150_only,distance,1.0,1.0,0.0,187.0,168.13,429,"거리 감쇠·버퍼 설정 변화에 따라 상위 10% 포함 여부가 크게 변함 (진입률 변동폭 1.00, 축 기여 100%) — 급감쇠 설정(D0=150m)에서만 결과가 달라짐"
SC0220,원풍벽산B단지경로당,경로당,4812152000,팔룡동,의창구,scenario_sensitive,0.75,1.0,0.0,0.0,9,0,0,1.0,0.0,0.0,254.6,1.9,14.2,1.0,0.0,1.0,1.0,0.75,0.75,0.75,0.75,0.75,0.75,decay150_only,distance,1.0,1.0,0.0,120.2,106.37,288,"거리 감쇠·버퍼 설정 변화에 따라 상위 10% 포함 여부가 크게 변함 (진입률 변동폭 1.00, 축 기여 100%) — 급감쇠 설정(D0=150m)에서만 결과가 달라짐"
SC0359,동성빌라2차경로당,경로당,4812357000,웅남동,성산구,scenario_sensitive,0.75,1.0,0.0,0.0,9,0,0,1.0,0.0,0.0,204.5,3.7,17.4,1.0,0.0,1.0,1.0,0.75,0.75,0.75,0.75,0.75,0.75,decay150_only,distance,1.0,1.0,0.0,153.4,83.08,237,"거리 감쇠·버퍼 설정 변화에 따라 상위 10% 포함 여부가 크게 변함 (진입률 변동폭 1.00, 축 기여 100%) — 급감쇠 설정(D0=150m)에서만 결과가 달라짐"
SC0583,산호남성경로당,경로당,4812565000,산호동,마산합포구,scenario_sensitive,0.75,1.0,0.0,0.0,9,0,0,1.0,0.0,0.0,239.2,3.7,2.1,1.0,0.0,1.0,1.0,0.75,0.75,0.75,0.75,0.75,0.75,decay150_only,distance,1.0,1.0,0.0,181.1,100.6,261,"거리 감쇠·버퍼 설정 변화에 따라 상위 10% 포함 여부가 크게 변함 (진입률 변동폭 1.00, 축 기여 100%) — 급감쇠 설정(D0=150m)에서만 결과가 달라짐"
SC0584,산호여성경로당,경로당,4812565000,산호동,마산합포구,scenario_sensitive,0.75,1.0,0.0,0.0,9,0,0,1.0,0.0,0.0,239.2,3.7,2.1,1.0,0.0,1.0,1.0,0.75,0.75,0.75,0.75,0.75,0.75,decay150_only,distance,1.0,1.0,0.0,181.1,100.6,261,"거리 감쇠·버퍼 설정 변화에 따라 상위 10% 포함 여부가 크게 변함 (진입률 변동폭 1.00, 축 기여 100%) — 급감쇠 설정(D0=150m)에서만 결과가 달라짐"
SC0591,삼성타운경로당,경로당,4812565000,산호동,마산합포구,scenario_sensitive,0.75,1.0,0.0,0.0,9,0,0,1.0,0.0,0.0,273.5,6.1,3.9,1.0,0.0,1.0,1.0,0.75,0.75,0.75,0.75,0.75,0.75,decay150_only,distance,1.0,1.0,0.0,167.6,115.4,300,"거리 감쇠·버퍼 설정 변화에 따라 상위 10% 포함 여부가 크게 변함 (진입률 변동폭 1.00, 축 기여 100%) — 급감쇠 설정(D0=150m)에서만 결과가 달라짐"
SC0696,상곡경로당,경로당,4812725000,내서읍,마산회원구,scenario_sensitive,0.75,1.0,0.0,0.0,9,0,0,1.0,0.0,0.0,345.9,65.0,2.8,1.0,0.0,1.0,1.0,0.75,0.75,0.75,0.75,0.75,0.75,decay150_only,distance,1.0,1.0,0.0,193.4,147.72,446,"거리 감쇠·버퍼 설정 변화에 따라 상위 10% 포함 여부가 크게 변함 (진입률 변동폭 1.00, 축 기여 100%) — 급감쇠 설정(D0=150m)에서만 결과가 달라짐"
SC0718,중리남성경로당,경로당,4812725000,내서읍,마산회원구,scenario_sensitive,0.75,1.0,0.0,0.0,9,0,0,1.0,0.0,0.0,173.6,1.8,22.0,1.0,0.0,1.0,1.0,0.75,0.75,0.75,0.75,0.75,0.75,decay150_only,distance,1.0,1.0,0.0,128.3,72.45,208,"거리 감쇠·버퍼 설정 변화에 따라 상위 10% 포함 여부가 크게 변함 (진입률 변동폭 1.00, 축 기여 100%) — 급감쇠 설정(D0=150m)에서만 결과가 달라짐"
SC0719,중리여성경로당,경로당,4812725000,내서읍,마산회원구,scenario_sensitive,0.75,1.0,0.0,0.0,9,0,0,1.0,0.0,0.0,132.5,3.8,12.2,1.0,0.0,1.0,1.0,0.75,0.75,0.75,0.75,0.75,0.75,decay150_only,distance,1.0,1.0,0.0,90.0,54.33,157,"거리 감쇠·버퍼 설정 변화에 따라 상위 10% 포함 여부가 크게 변함 (진입률 변동폭 1.00, 축 기여 100%) — 급감쇠 설정(D0=150m)에서만 결과가 달라짐"
SC0728,한주아파트경로당,경로당,4812725000,내서읍,마산회원구,scenario_sensitive,0.75,1.0,0.0,0.0,9,0,0,1.0,0.0,0.0,120.3,15.1,7.9,1.0,0.0,1.0,1.0,0.75,0.75,0.75,0.75,0.75,0.75,decay150_only,distance,1.0,1.0,0.0,157.7,49.57,145,"거리 감쇠·버퍼 설정 변화에 따라 상위 10% 포함 여부가 크게 변함 (진입률 변동폭 1.00, 축 기여 100%) — 급감쇠 설정(D0=150m)에서만 결과가 달라짐"
SC0809,롯데캐슬센텀골드아파트경로당,경로당,4812757000,양덕2동,마산회원구,scenario_sensitive,0.75,1.0,0.0,0.0,9,0,0,1.0,0.0,0.0,256.8,6.7,21.5,1.0,0.0,1.0,1.0,0.75,0.75,0.75,0.75,0.75,0.75,decay150_only,distance,1.0,1.0,0.0,143.0,108.98,291,"거리 감쇠·버퍼 설정 변화에 따라 상위 10% 포함 여부가 크게 변함 (진입률 변동폭 1.00, 축 기여 100%) — 급감쇠 설정(D0=150m)에서만 결과가 달라짐"
SC0836,신산남성경로당,경로당,4812761000,구암2동,마산회원구,scenario_sensitive,0.75,1.0,0.0,0.0,9,0,0,1.0,0.0,0.0,78.5,9.5,1.4,1.0,0.0,1.0,1.0,0.75,0.75,0.75,0.75,0.75,0.75,decay150_only,distance,1.0,1.0,0.0,134.6,33.31,99,"거리 감쇠·버퍼 설정 변화에 따라 상위 10% 포함 여부가 크게 변함 (진입률 변동폭 1.00, 축 기여 100%) — 급감쇠 설정(D0=150m)에서만 결과가 달라짐"
SC0837,신산여성경로당,경로당,4812761000,구암2동,마산회원구,scenario_sensitive,0.75,1.0,0.0,0.0,9,0,0,1.0,0.0,0.0,78.5,9.5,1.4,1.0,0.0,1.0,1.0,0.75,0.75,0.75,0.75,0.75,0.75,decay150_only,distance,1.0,1.0,0.0,134.6,33.31,99,"거리 감쇠·버퍼 설정 변화에 따라 상위 10% 포함 여부가 크게 변함 (진입률 변동폭 1.00, 축 기여 100%) — 급감쇠 설정(D0=150m)에서만 결과가 달라짐"
SC1002,남명플럼빌리지경로당,경로당,4812964000,웅동1동,진해구,scenario_sensitive,0.75,1.0,0.0,0.0,9,0,0,1.0,0.0,0.0,82.3,15.8,13.0,1.0,0.0,1.0,1.0,0.75,0.75,0.75,0.75,0.75,0.75,decay150_only,distance,1.0,1.0,0.0,163.0,36.55,119,"거리 감쇠·버퍼 설정 변화에 따라 상위 10% 포함 여부가 크게 변함 (진입률 변동폭 1.00, 축 기여 100%) — 급감쇠 설정(D0=150m)에서만 결과가 달라짐"
SC0366,신촌경로당,경로당,4812357000,웅남동,성산구,scenario_sensitive,0.722,1.0,0.0833,0.0833,9,1,1,1.0,0.0833,0.0833,302.8,6.2,10.8,1.0,0.0,0.8889,1.0,0.75,0.75,0.6667,0.75,0.75,0.6667,multiple_distance_settings,distance,0.857,1.0,0.0833,220.0,127.74,332,"거리 감쇠·버퍼 설정 변화에 따라 상위 10% 포함 여부가 크게 변함 (진입률 변동폭 1.00, 축 기여 86%)"
CC0197,사랑가득 안민어린이집,어린이집,4812356000,성주동,성산구,scenario_sensitive,0.611,1.0,0.25,0.0834,9,3,1,1.0,0.25,0.0833,256.2,5.9,14.2,1.0,0.0,0.4444,1.0,0.75,0.5833,0.5,0.6667,0.5833,0.5833,multiple_distance_settings,distance,0.75,1.0,0.25,210.4,109.59,295,"거리 감쇠·버퍼 설정 변화에 따라 상위 10% 포함 여부가 크게 변함 (진입률 변동폭 1.00, 축 기여 75%)"
CC0412,삼성창원병원 직장어린이집,어린이집,4812759000,합성2동,마산회원구,scenario_sensitive,0.611,0.6667,0.5833,0.1667,6,7,2,0.6667,0.5833,0.1667,267.5,136.8,67.9,0.3333,1.0,0.7778,0.3333,0.4167,0.4167,1.0,0.5,0.6667,0.6667,multiple_distance_settings,distance,0.471,0.6667,0.5833,160.9,135.41,431,거리 감쇠·버퍼 설정 축이 상대적으로 가장 큰 영향을 주나 다른 축도 함께 작용함 (축 기여 47%)
SC0163,신등경로당,경로당,4812132000,대산면,의창구,scenario_sensitive,0.611,1.0,0.25,0.0834,9,3,1,1.0,0.25,0.0833,124.6,17.1,9.9,0.4444,1.0,1.0,0.0,0.5833,0.75,0.5,0.6667,0.5833,0.5833,multiple_distance_settings,distance,0.75,1.0,0.25,133.2,48.69,159,"거리 감쇠·버퍼 설정 변화에 따라 상위 10% 포함 여부가 크게 변함 (진입률 변동폭 1.00, 축 기여 75%)"
SC0670,가고파아파트경로당,경로당,4812725000,내서읍,마산회원구,scenario_sensitive,0.583,1.0,0.25,0.0,9,3,0,1.0,0.25,0.0,366.0,65.7,2.0,1.0,0.0,0.3333,1.0,0.5,0.5,0.75,0.5833,0.5833,0.5833,multiple_distance_settings,distance,0.8,1.0,0.25,235.8,156.17,474,"거리 감쇠·버퍼 설정 변화에 따라 상위 10% 포함 여부가 크게 변함 (진입률 변동폭 1.00, 축 기여 80%)"
CC0213,아이파크어린이집,어린이집,4812351500,용지동,성산구,scenario_sensitive,0.556,1.0,0.1667,0.0833,9,2,1,1.0,0.1667,0.0833,74.3,13.1,10.0,0.2222,1.0,1.0,0.0,0.6667,0.5,0.5,0.5833,0.5833,0.5,multiple_distance_settings,distance,0.8,1.0,0.1667,152.7,29.61,105,"거리 감쇠·버퍼 설정 변화에 따라 상위 10% 포함 여부가 크게 변함 (진입률 변동폭 1.00, 축 기여 80%)"
SC0417,대티경로당,경로당,4812533000,진북면,마산합포구,scenario_sensitive,0.556,1.0,0.1667,0.0833,9,2,1,1.0,0.1667,0.0833,148.2,16.1,13.4,0.2222,1.0,1.0,0.0,0.6667,0.5,0.5,0.5833,0.5833,0.5,multiple_distance_settings,distance,0.8,1.0,0.1667,144.1,56.61,181,"거리 감쇠·버퍼 설정 변화에 따라 상위 10% 포함 여부가 크게 변함 (진입률 변동폭 1.00, 축 기여 80%)"
SC0291,용지아이파크경로당,경로당,4812351500,용지동,성산구,scenario_sensitive,0.528,1.0,0.25,0.1666,9,3,2,1.0,0.25,0.1667,74.3,13.1,10.0,0.2222,1.0,0.8889,0.0,0.6667,0.4167,0.5,0.5833,0.5833,0.4167,multiple_distance_settings,distance,0.706,1.0,0.25,152.7,29.61,105,"거리 감쇠·버퍼 설정 변화에 따라 상위 10% 포함 여부가 크게 변함 (진입률 변동폭 1.00, 축 기여 71%)"
SC1007,금곡경로당,경로당,4812964000,웅동1동,진해구,scenario_sensitive,0.528,0.8889,0.4167,0.1666,8,5,2,0.8889,0.4167,0.1667,89.0,16.0,12.6,0.3333,0.0,0.8889,0.8889,0.5,0.75,0.3333,0.5833,0.5833,0.4167,multiple_distance_settings,distance,0.604,0.8889,0.4167,177.7,38.89,128,"거리 감쇠·버퍼 설정 변화에 따라 상위 10% 포함 여부가 크게 변함 (진입률 변동폭 0.89, 축 기여 60%)"
CC0107,새하얀어린이집,어린이집,4812152000,팔룡동,의창구,scenario_sensitive,0.5,1.0,0.0,0.0,9,0,0,1.0,0.0,0.0,582.0,10.2,15.9,1.0,0.0,0.0,1.0,0.5,0.5,0.5,0.5,0.5,0.5,multiple_distance_settings,distance,1.0,1.0,0.0,283.9,246.83,614,"거리 감쇠·버퍼 설정 변화에 따라 상위 10% 포함 여부가 크게 변함 (진입률 변동폭 1.00, 축 기여 100%)"
CH0012,팔용지역아동센터,지역아동센터,4812152000,팔룡동,의창구,scenario_sensitive,0.5,1.0,0.0,0.0,9,0,0,1.0,0.0,0.0,586.7,5.6,16.3,1.0,0.0,0.0,1.0,0.5,0.5,0.5,0.5,0.5,0.5,multiple_distance_settings,distance,1.0,1.0,0.0,285.3,250.29,607,"거리 감쇠·버퍼 설정 변화에 따라 상위 10% 포함 여부가 크게 변함 (진입률 변동폭 1.00, 축 기여 100%)"
SC0345,서광파크빌(아)경로당,경로당,4812356000,성주동,성산구,scenario_sensitive,0.5,1.0,0.0,0.0,9,0,0,1.0,0.0,0.0,439.0,4.1,12.7,1.0,0.0,0.0,1.0,0.5,0.5,0.5,0.5,0.5,0.5,multiple_distance_settings,distance,1.0,1.0,0.0,258.6,186.63,455,"거리 감쇠·버퍼 설정 변화에 따라 상위 10% 포함 여부가 크게 변함 (진입률 변동폭 1.00, 축 기여 100%)"
SC0358,동성2차경로당,경로당,4812357000,웅남동,성산구,scenario_sensitive,0.5,1.0,0.0,0.0,9,0,0,1.0,0.0,0.0,460.7,8.1,10.8,1.0,0.0,0.0,1.0,0.5,0.5,0.5,0.5,0.5,0.5,multiple_distance_settings,distance,1.0,1.0,0.0,263.4,195.23,479,"거리 감쇠·버퍼 설정 변화에 따라 상위 10% 포함 여부가 크게 변함 (진입률 변동폭 1.00, 축 기여 100%)"
SC1008,금곡부녀경로당,경로당,4812964000,웅동1동,진해구,scenario_sensitive,0.5,0.8889,0.5,0.1666,8,6,2,0.8889,0.5,0.1667,89.0,16.0,12.6,0.3333,0.0,0.7778,0.8889,0.5,0.75,0.25,0.5833,0.5,0.4167,multiple_distance_settings,distance,0.571,0.8889,0.5,177.7,38.89,128,"거리 감쇠·버퍼 설정 변화에 따라 상위 10% 포함 여부가 크게 변함 (진입률 변동폭 0.89, 축 기여 57%)"
SC0175,상등경로당,경로당,4812132000,대산면,의창구,scenario_sensitive,0.472,1.0,0.0833,0.0833,9,1,1,1.0,0.0833,0.0833,89.7,20.5,11.4,0.0,1.0,0.8889,0.0,0.5,0.5,0.4167,0.5,0.5,0.4167,multiple_distance_settings,distance,0.857,1.0,0.0833,158.9,36.49,133,"거리 감쇠·버퍼 설정 변화에 따라 상위 10% 포함 여부가 크게 변함 (진입률 변동폭 1.00, 축 기여 86%)"
SC0170,제동부인경로당,경로당,4812132000,대산면,의창구,scenario_sensitive,0.389,0.8889,0.1667,0.25,8,3,3,0.8889,0.25,0.25,463.9,10.4,21.8,0.8889,0.0,0.0,0.6667,0.5,0.3333,0.3333,0.5,0.4167,0.25,multiple_distance_settings,distance,0.681,0.8889,0.25,300.5,193.13,494,"거리 감쇠·버퍼 설정 변화에 따라 상위 10% 포함 여부가 크게 변함 (진입률 변동폭 0.89, 축 기여 68%)"
SC0176,고등포경로당,경로당,4812132000,대산면,의창구,scenario_sensitive,0.389,1.0,0.25,0.0834,9,3,1,1.0,0.25,0.0833,147.4,24.2,16.1,0.0,1.0,0.5556,0.0,0.4167,0.5,0.25,0.4167,0.4167,0.3333,multiple_distance_settings,distance,0.75,1.0,0.25,162.9,59.46,195,"거리 감쇠·버퍼 설정 변화에 따라 상위 10% 포함 여부가 크게 변함 (진입률 변동폭 1.00, 축 기여 75%)"
CC0281,마린푸른숲어린이집,어린이집,4812563000,오동동,마산합포구,scenario_sensitive,0.361,1.0,0.3333,0.0834,9,4,1,1.0,0.3333,0.0833,109.0,19.6,5.7,0.1111,1.0,0.3333,0.0,0.25,0.5833,0.25,0.4167,0.3333,0.3333,multiple_distance_settings,distance,0.706,1.0,0.3333,162.0,41.34,138,"거리 감쇠·버퍼 설정 변화에 따라 상위 10% 포함 여부가 크게 변함 (진입률 변동폭 1.00, 축 기여 71%)"
CC0349,밀알재능어린이집,어린이집,4812761000,구암2동,마산회원구,scenario_sensitive,0.361,0.5556,0.75,0.25,5,9,3,0.5556,0.75,0.25,182.6,171.4,102.1,0.3333,0.6667,0.3333,0.1111,0.0833,0.1667,0.8333,0.25,0.3333,0.5,multiple_distance_settings,air,0.482,0.75,0.5556,219.6,115.52,409,대기배출 등급 weight 축이 상대적으로 가장 큰 영향을 주나 다른 축도 함께 작용함 (축 기여 48%)
CH0053,동마산지역아동센터,지역아동센터,4812761000,구암2동,마산회원구,scenario_sensitive,0.361,0.5556,0.75,0.25,5,9,3,0.5556,0.75,0.25,182.6,171.4,102.1,0.3333,0.6667,0.3333,0.1111,0.0833,0.1667,0.8333,0.25,0.3333,0.5,multiple_distance_settings,air,0.482,0.75,0.5556,219.6,115.52,409,대기배출 등급 weight 축이 상대적으로 가장 큰 영향을 주나 다른 축도 함께 작용함 (축 기여 48%)
SC0613,오동동남성경로당,경로당,4812563000,오동동,마산합포구,scenario_sensitive,0.361,1.0,0.25,0.0834,9,3,1,1.0,0.25,0.0833,162.8,22.4,13.4,0.0,1.0,0.4444,0.0,0.3333,0.5,0.25,0.4167,0.3333,0.3333,multiple_distance_settings,distance,0.75,1.0,0.25,171.6,62.78,201,"거리 감쇠·버퍼 설정 변화에 따라 상위 10% 포함 여부가 크게 변함 (진입률 변동폭 1.00, 축 기여 75%)"
SC0806,반월경로당,경로당,4812757000,양덕2동,마산회원구,scenario_sensitive,0.361,1.0,0.0834,0.25,9,1,3,1.0,0.0833,0.25,113.8,7.1,28.2,0.0,1.0,0.4444,0.0,0.4167,0.3333,0.3333,0.25,0.3333,0.5,multiple_distance_settings,distance,0.75,1.0,0.25,162.6,44.99,153,"거리 감쇠·버퍼 설정 변화에 따라 상위 10% 포함 여부가 크게 변함 (진입률 변동폭 1.00, 축 기여 75%)"
SC0838,제4남성경로당,경로당,4812761000,구암2동,마산회원구,scenario_sensitive,0.361,0.5556,0.75,0.25,5,9,3,0.5556,0.75,0.25,179.2,166.8,102.6,0.3333,0.6667,0.3333,0.1111,0.0833,0.1667,0.8333,0.25,0.3333,0.5,multiple_distance_settings,air,0.482,0.75,0.5556,220.4,113.15,399,대기배출 등급 weight 축이 상대적으로 가장 큰 영향을 주나 다른 축도 함께 작용함 (축 기여 48%)
SC0839,제4여성경로당,경로당,4812761000,구암2동,마산회원구,scenario_sensitive,0.361,0.5556,0.75,0.25,5,9,3,0.5556,0.75,0.25,179.2,166.8,102.6,0.3333,0.6667,0.3333,0.1111,0.0833,0.1667,0.8333,0.25,0.3333,0.5,multiple_distance_settings,air,0.482,0.75,0.5556,220.4,113.15,399,대기배출 등급 weight 축이 상대적으로 가장 큰 영향을 주나 다른 축도 함께 작용함 (축 기여 48%)
SC0617,마린경로당,경로당,4812563000,오동동,마산합포구,scenario_sensitive,0.333,1.0,0.25,0.0,9,3,0,1.0,0.25,0.0,109.0,19.6,5.7,0.0,1.0,0.3333,0.0,0.25,0.5,0.25,0.3333,0.3333,0.3333,multiple_distance_settings,distance,0.8,1.0,0.25,162.0,41.34,138,"거리 감쇠·버퍼 설정 변화에 따라 상위 10% 포함 여부가 크게 변함 (진입률 변동폭 1.00, 축 기여 80%)"
CC0209,현대위아어린이집,어린이집,4812356000,성주동,성산구,scenario_sensitive,0.306,1.0,0.1667,0.0833,9,2,1,1.0,0.1667,0.0833,180.9,11.5,23.0,0.0,1.0,0.2222,0.0,0.4167,0.25,0.25,0.3333,0.3333,0.25,multiple_distance_settings,distance,0.8,1.0,0.1667,177.0,72.01,212,"거리 감쇠·버퍼 설정 변화에 따라 상위 10% 포함 여부가 크게 변함 (진입률 변동폭 1.00, 축 기여 80%)"
CC0379,창원시립 근주어린이집,어린이집,4812754500,석전동,마산회원구,scenario_sensitive,0.306,1.0,0.0833,0.1667,9,1,2,1.0,0.0833,0.1667,186.9,7.1,19.9,0.0,1.0,0.2222,0.0,0.3333,0.3333,0.25,0.25,0.25,0.4167,multiple_distance_settings,distance,0.8,1.0,0.1667,178.4,68.77,207,"거리 감쇠·버퍼 설정 변화에 따라 상위 10% 포함 여부가 크게 변함 (진입률 변동폭 1.00, 축 기여 80%)"
SC0173,대진경로당,경로당,4812132000,대산면,의창구,scenario_sensitive,0.306,1.0,0.1667,0.0833,9,2,1,1.0,0.1667,0.0833,180.7,3.8,16.7,0.0,1.0,0.2222,0.0,0.4167,0.25,0.25,0.3333,0.3333,0.25,multiple_distance_settings,distance,0.8,1.0,0.1667,177.3,66.86,204,"거리 감쇠·버퍼 설정 변화에 따라 상위 10% 포함 여부가 크게 변함 (진입률 변동폭 1.00, 축 기여 80%)"
SC0623,부림경로당,경로당,4812563000,오동동,마산합포구,scenario_sensitive,0.306,0.8889,0.3333,0.25,8,4,3,0.8889,0.3333,0.25,109.1,15.8,17.1,0.1111,0.0,0.2222,0.8889,0.25,0.5,0.1667,0.4167,0.3333,0.1667,multiple_distance_settings,distance,0.604,0.8889,0.3333,189.4,45.48,148,"거리 감쇠·버퍼 설정 변화에 따라 상위 10% 포함 여부가 크게 변함 (진입률 변동폭 0.89, 축 기여 60%)"
SC0764,역전남성경로당,경로당,4812754500,석전동,마산회원구,scenario_sensitive,0.278,1.0,0.0833,0.0833,9,1,1,1.0,0.0833,0.0833,207.2,9.0,22.9,0.0,1.0,0.1111,0.0,0.3333,0.25,0.25,0.25,0.25,0.3333,multiple_distance_settings,distance,0.857,1.0,0.0833,193.1,78.61,230,"거리 감쇠·버퍼 설정 변화에 따라 상위 10% 포함 여부가 크게 변함 (진입률 변동폭 1.00, 축 기여 86%)"
CC0042,국립창원대학교 직장어린이집,어린이집,4812154000,봉림동,의창구,scenario_sensitive,0.25,1.0,0.0,0.0,9,0,0,1.0,0.0,0.0,649.0,11.3,33.8,0.0,1.0,0.0,0.0,0.25,0.25,0.25,0.25,0.25,0.25,decay150_only,distance,1.0,1.0,0.0,426.4,271.97,681,"거리 감쇠·버퍼 설정 변화에 따라 상위 10% 포함 여부가 크게 변함 (진입률 변동폭 1.00, 축 기여 100%) — 급감쇠 설정(D0=150m)에서만 결과가 달라짐"
CC0094,세계어린이집,어린이집,4812152000,팔룡동,의창구,scenario_sensitive,0.25,1.0,0.0,0.0,9,0,0,1.0,0.0,0.0,218.0,33.8,27.0,0.0,1.0,0.0,0.0,0.25,0.25,0.25,0.25,0.25,0.25,decay150_only,distance,1.0,1.0,0.0,209.8,82.44,262,"거리 감쇠·버퍼 설정 변화에 따라 상위 10% 포함 여부가 크게 변함 (진입률 변동폭 1.00, 축 기여 100%) — 급감쇠 설정(D0=150m)에서만 결과가 달라짐"
CC0095,보광어린이집,어린이집,4812152000,팔룡동,의창구,scenario_sensitive,0.25,1.0,0.0,0.0,9,0,0,1.0,0.0,0.0,210.6,31.3,26.9,0.0,1.0,0.0,0.0,0.25,0.25,0.25,0.25,0.25,0.25,decay150_only,distance,1.0,1.0,0.0,211.5,84.16,247,"거리 감쇠·버퍼 설정 변화에 따라 상위 10% 포함 여부가 크게 변함 (진입률 변동폭 1.00, 축 기여 100%) — 급감쇠 설정(D0=150m)에서만 결과가 달라짐"
CC0099,햇님어린이집,어린이집,4812152000,팔룡동,의창구,scenario_sensitive,0.25,1.0,0.0,0.0,9,0,0,1.0,0.0,0.0,220.2,37.0,30.8,0.0,1.0,0.0,0.0,0.25,0.25,0.25,0.25,0.25,0.25,decay150_only,distance,1.0,1.0,0.0,232.1,83.71,270,"거리 감쇠·버퍼 설정 변화에 따라 상위 10% 포함 여부가 크게 변함 (진입률 변동폭 1.00, 축 기여 100%) — 급감쇠 설정(D0=150m)에서만 결과가 달라짐"
CC0154,차일드-케어센터 희연병원 직장어린이집,어린이집,4812351000,반송동,성산구,scenario_sensitive,0.25,1.0,0.0,0.0,9,0,0,1.0,0.0,0.0,392.9,4.9,38.9,0.0,1.0,0.0,0.0,0.25,0.25,0.25,0.25,0.25,0.25,decay150_only,distance,1.0,1.0,0.0,309.1,156.18,438,"거리 감쇠·버퍼 설정 변화에 따라 상위 10% 포함 여부가 크게 변함 (진입률 변동폭 1.00, 축 기여 100%) — 급감쇠 설정(D0=150m)에서만 결과가 달라짐"
CC0203,대우예은어린이집,어린이집,4812356000,성주동,성산구,scenario_sensitive,0.25,1.0,0.0,0.0,9,0,0,1.0,0.0,0.0,191.2,16.6,32.3,0.0,1.0,0.0,0.0,0.25,0.25,0.25,0.25,0.25,0.25,decay150_only,distance,1.0,1.0,0.0,227.0,75.58,229,"거리 감쇠·버퍼 설정 변화에 따라 상위 10% 포함 여부가 크게 변함 (진입률 변동폭 1.00, 축 기여 100%) — 급감쇠 설정(D0=150m)에서만 결과가 달라짐"
CC0210,창원시립 신월어린이집,어린이집,4812351500,용지동,성산구,scenario_sensitive,0.25,1.0,0.0,0.0,9,0,0,1.0,0.0,0.0,401.1,10.4,45.2,0.0,1.0,0.0,0.0,0.25,0.25,0.25,0.25,0.25,0.25,decay150_only,distance,1.0,1.0,0.0,373.7,157.18,446,"거리 감쇠·버퍼 설정 변화에 따라 상위 10% 포함 여부가 크게 변함 (진입률 변동폭 1.00, 축 기여 100%) — 급감쇠 설정(D0=150m)에서만 결과가 달라짐"
CC0296,예솔어린이집,어린이집,4812553000,월영동,마산합포구,scenario_sensitive,0.25,1.0,0.0,0.0,9,0,0,1.0,0.0,0.0,243.1,25.7,27.7,0.0,1.0,0.0,0.0,0.25,0.25,0.25,0.25,0.25,0.25,decay150_only,distance,1.0,1.0,0.0,219.5,95.68,281,"거리 감쇠·버퍼 설정 변화에 따라 상위 10% 포함 여부가 크게 변함 (진입률 변동폭 1.00, 축 기여 100%) — 급감쇠 설정(D0=150m)에서만 결과가 달라짐"
CC0297,해운어린이집,어린이집,4812553000,월영동,마산합포구,scenario_sensitive,0.25,1.0,0.0,0.0,9,0,0,1.0,0.0,0.0,290.3,16.3,36.5,0.0,1.0,0.0,0.0,0.25,0.25,0.25,0.25,0.25,0.25,decay150_only,distance,1.0,1.0,0.0,283.6,112.5,335,"거리 감쇠·버퍼 설정 변화에 따라 상위 10% 포함 여부가 크게 변함 (진입률 변동폭 1.00, 축 기여 100%) — 급감쇠 설정(D0=150m)에서만 결과가 달라짐"
CC0380,창원시립 메트로석전어린이집,어린이집,4812754500,석전동,마산회원구,scenario_sensitive,0.25,1.0,0.0,0.0,9,0,0,1.0,0.0,0.0,347.8,18.9,48.4,0.0,1.0,0.0,0.0,0.25,0.25,0.25,0.25,0.25,0.25,decay150_only,distance,1.0,1.0,0.0,319.5,133.18,402,"거리 감쇠·버퍼 설정 변화에 따라 상위 10% 포함 여부가 크게 변함 (진입률 변동폭 1.00, 축 기여 100%) — 급감쇠 설정(D0=150m)에서만 결과가 달라짐"
CC0384,금솔어린이집,어린이집,4812754500,석전동,마산회원구,scenario_sensitive,0.25,1.0,0.0,0.0,9,0,0,1.0,0.0,0.0,347.8,18.9,48.4,0.0,1.0,0.0,0.0,0.25,0.25,0.25,0.25,0.25,0.25,decay150_only,distance,1.0,1.0,0.0,319.5,133.18,402,"거리 감쇠·버퍼 설정 변화에 따라 상위 10% 포함 여부가 크게 변함 (진입률 변동폭 1.00, 축 기여 100%) — 급감쇠 설정(D0=150m)에서만 결과가 달라짐"
CC0385,삼정어린이집,어린이집,4812754500,석전동,마산회원구,scenario_sensitive,0.25,1.0,0.0,0.0,9,0,0,1.0,0.0,0.0,183.1,9.1,26.9,0.0,1.0,0.0,0.0,0.25,0.25,0.25,0.25,0.25,0.25,decay150_only,distance,1.0,1.0,0.0,240.4,70.78,218,"거리 감쇠·버퍼 설정 변화에 따라 상위 10% 포함 여부가 크게 변함 (진입률 변동폭 1.00, 축 기여 100%) — 급감쇠 설정(D0=150m)에서만 결과가 달라짐"
CC0386,계명어린이집,어린이집,4812756000,양덕1동,마산회원구,scenario_sensitive,0.25,1.0,0.0,0.0,9,0,0,1.0,0.0,0.0,202.1,33.0,41.1,0.0,1.0,0.0,0.0,0.25,0.25,0.25,0.25,0.25,0.25,decay150_only,distance,1.0,1.0,0.0,278.6,86.82,264,"거리 감쇠·버퍼 설정 변화에 따라 상위 10% 포함 여부가 크게 변함 (진입률 변동폭 1.00, 축 기여 100%) — 급감쇠 설정(D0=150m)에서만 결과가 달라짐"
CC0388,조이어린이집,어린이집,4812756000,양덕1동,마산회원구,scenario_sensitive,0.25,1.0,0.0,0.0,9,0,0,1.0,0.0,0.0,172.9,18.8,46.0,0.0,1.0,0.0,0.0,0.25,0.25,0.25,0.25,0.25,0.25,decay150_only,distance,1.0,1.0,0.0,230.8,70.72,226,"거리 감쇠·버퍼 설정 변화에 따라 상위 10% 포함 여부가 크게 변함 (진입률 변동폭 1.00, 축 기여 100%) — 급감쇠 설정(D0=150m)에서만 결과가 달라짐"
CC0513,창원시립 보배하나어린이집,어린이집,4812962000,풍호동,진해구,scenario_sensitive,0.25,1.0,0.0,0.0,9,0,0,1.0,0.0,0.0,426.8,50.8,70.2,0.0,1.0,0.0,0.0,0.25,0.25,0.25,0.25,0.25,0.25,decay150_only,distance,1.0,1.0,0.0,307.7,179.21,513,"거리 감쇠·버퍼 설정 변화에 따라 상위 10% 포함 여부가 크게 변함 (진입률 변동폭 1.00, 축 기여 100%) — 급감쇠 설정(D0=150m)에서만 결과가 달라짐"
CH0056,석전지역아동센터,지역아동센터,4812754500,석전동,마산회원구,scenario_sensitive,0.25,1.0,0.0,0.0,9,0,0,1.0,0.0,0.0,210.7,11.6,27.4,0.0,1.0,0.0,0.0,0.25,0.25,0.25,0.25,0.25,0.25,decay150_only,distance,1.0,1.0,0.0,221.9,79.46,250,"거리 감쇠·버퍼 설정 변화에 따라 상위 10% 포함 여부가 크게 변함 (진입률 변동폭 1.00, 축 기여 100%) — 급감쇠 설정(D0=150m)에서만 결과가 달라짐"
CH0083,해담지역아동센터,지역아동센터,4812962000,풍호동,진해구,scenario_sensitive,0.25,1.0,0.0,0.0,9,0,0,1.0,0.0,0.0,426.8,50.8,70.2,0.0,1.0,0.0,0.0,0.25,0.25,0.25,0.25,0.25,0.25,decay150_only,distance,1.0,1.0,0.0,307.7,179.21,513,"거리 감쇠·버퍼 설정 변화에 따라 상위 10% 포함 여부가 크게 변함 (진입률 변동폭 1.00, 축 기여 100%) — 급감쇠 설정(D0=150m)에서만 결과가 달라짐"
DW0004,진해장애인복지관,장애인복지관,4812962000,풍호동,진해구,scenario_sensitive,0.25,1.0,0.0,0.0,9,0,0,1.0,0.0,0.0,426.8,50.8,70.2,0.0,1.0,0.0,0.0,0.25,0.25,0.25,0.25,0.25,0.25,decay150_only,distance,1.0,1.0,0.0,307.7,179.21,513,"거리 감쇠·버퍼 설정 변화에 따라 상위 10% 포함 여부가 크게 변함 (진입률 변동폭 1.00, 축 기여 100%) — 급감쇠 설정(D0=150m)에서만 결과가 달라짐"
SC0164,신동경로당,경로당,4812132000,대산면,의창구,scenario_sensitive,0.25,1.0,0.0,0.0,9,0,0,1.0,0.0,0.0,140.2,27.6,25.4,0.0,1.0,0.0,0.0,0.25,0.25,0.25,0.25,0.25,0.25,decay150_only,distance,1.0,1.0,0.0,191.9,55.33,185,"거리 감쇠·버퍼 설정 변화에 따라 상위 10% 포함 여부가 크게 변함 (진입률 변동폭 1.00, 축 기여 100%) — 급감쇠 설정(D0=150m)에서만 결과가 달라짐"
SC0215,구슬비경로당,경로당,4812152000,팔룡동,의창구,scenario_sensitive,0.25,1.0,0.0,0.0,9,0,0,1.0,0.0,0.0,214.3,36.3,34.6,0.0,1.0,0.0,0.0,0.25,0.25,0.25,0.25,0.25,0.25,decay150_only,distance,1.0,1.0,0.0,238.0,81.53,262,"거리 감쇠·버퍼 설정 변화에 따라 상위 10% 포함 여부가 크게 변함 (진입률 변동폭 1.00, 축 기여 100%) — 급감쇠 설정(D0=150m)에서만 결과가 달라짐"
SC0231,명서1경로당,경로당,4812153000,명곡동,의창구,scenario_sensitive,0.25,1.0,0.0,0.0,9,0,0,1.0,0.0,0.0,210.0,14.1,27.9,0.0,1.0,0.0,0.0,0.25,0.25,0.25,0.25,0.25,0.25,decay150_only,distance,1.0,1.0,0.0,218.5,86.95,250,"거리 감쇠·버퍼 설정 변화에 따라 상위 10% 포함 여부가 크게 변함 (진입률 변동폭 1.00, 축 기여 100%) — 급감쇠 설정(D0=150m)에서만 결과가 달라짐"
SC0279,The City7 자이 경로당,경로당,4812352000,중앙동,성산구,scenario_sensitive,0.25,1.0,0.0,0.0,9,0,0,1.0,0.0,0.0,171.9,29.1,24.3,0.0,1.0,0.0,0.0,0.25,0.25,0.25,0.25,0.25,0.25,decay150_only,distance,1.0,1.0,0.0,191.3,66.88,212,"거리 감쇠·버퍼 설정 변화에 따라 상위 10% 포함 여부가 크게 변함 (진입률 변동폭 1.00, 축 기여 100%) — 급감쇠 설정(D0=150m)에서만 결과가 달라짐"
SC0342,대우(아)경로당,경로당,4812356000,성주동,성산구,scenario_sensitive,0.25,1.0,0.0,0.0,9,0,0,1.0,0.0,0.0,64.6,15.0,20.2,0.0,1.0,0.0,0.0,0.25,0.25,0.25,0.25,0.25,0.25,decay150_only,distance,1.0,1.0,0.0,172.9,28.23,106,"거리 감쇠·버퍼 설정 변화에 따라 상위 10% 포함 여부가 크게 변함 (진입률 변동폭 1.00, 축 기여 100%) — 급감쇠 설정(D0=150m)에서만 결과가 달라짐"
SC0347,안민경로당,경로당,4812356000,성주동,성산구,scenario_sensitive,0.25,0.8889,0.1666,0.1666,8,2,2,0.8889,0.1667,0.1667,182.8,9.2,18.8,0.0,0.0,0.1111,0.8889,0.3333,0.25,0.1667,0.3333,0.25,0.1667,multiple_distance_settings,distance,0.727,0.8889,0.1666,205.7,75.9,219,"거리 감쇠·버퍼 설정 변화에 따라 상위 10% 포함 여부가 크게 변함 (진입률 변동폭 0.89, 축 기여 73%)"
SC0411,경민아파트경로당,경로당,4812554000,문화동,마산합포구,scenario_sensitive,0.25,1.0,0.0,0.0,9,0,0,1.0,0.0,0.0,180.0,29.2,35.4,0.0,1.0,0.0,0.0,0.25,0.25,0.25,0.25,0.25,0.25,decay150_only,distance,1.0,1.0,0.0,228.3,68.59,228,"거리 감쇠·버퍼 설정 변화에 따라 상위 10% 포함 여부가 크게 변함 (진입률 변동폭 1.00, 축 기여 100%) — 급감쇠 설정(D0=150m)에서만 결과가 달라짐"
SC0427,부평경로당,경로당,4812533000,진북면,마산합포구,scenario_sensitive,0.25,1.0,0.0,0.0,9,0,0,1.0,0.0,0.0,372.2,6.3,15.6,0.0,0.0,0.0,1.0,0.25,0.25,0.25,0.25,0.25,0.25,multiple_distance_settings,distance,1.0,1.0,0.0,254.8,155.45,399,"거리 감쇠·버퍼 설정 변화에 따라 상위 10% 포함 여부가 크게 변함 (진입률 변동폭 1.00, 축 기여 100%)"
SC0562,대동씨코아경로당,경로당,4812553000,월영동,마산합포구,scenario_sensitive,0.25,1.0,0.0,0.0,9,0,0,1.0,0.0,0.0,292.8,27.8,35.1,0.0,1.0,0.0,0.0,0.25,0.25,0.25,0.25,0.25,0.25,decay150_only,distance,1.0,1.0,0.0,253.1,111.68,343,"거리 감쇠·버퍼 설정 변화에 따라 상위 10% 포함 여부가 크게 변함 (진입률 변동폭 1.00, 축 기여 100%) — 급감쇠 설정(D0=150m)에서만 결과가 달라짐"
SC0570,해운31통해운한백경로당,경로당,4812553000,월영동,마산합포구,scenario_sensitive,0.25,1.0,0.0,0.0,9,0,0,1.0,0.0,0.0,217.1,22.7,28.4,0.0,1.0,0.0,0.0,0.25,0.25,0.25,0.25,0.25,0.25,decay150_only,distance,1.0,1.0,0.0,221.5,83.41,251,"거리 감쇠·버퍼 설정 변화에 따라 상위 10% 포함 여부가 크게 변함 (진입률 변동폭 1.00, 축 기여 100%) — 급감쇠 설정(D0=150m)에서만 결과가 달라짐"
SC0727,한일유엔아이아파트경로당,경로당,4812725000,내서읍,마산회원구,scenario_sensitive,0.25,1.0,0.0,0.0,9,0,0,1.0,0.0,0.0,95.7,15.3,4.1,0.0,1.0,0.0,0.0,0.25,0.25,0.25,0.25,0.25,0.25,decay150_only,distance,1.0,1.0,0.0,188.4,35.64,136,"거리 감쇠·버퍼 설정 변화에 따라 상위 10% 포함 여부가 크게 변함 (진입률 변동폭 1.00, 축 기여 100%) — 급감쇠 설정(D0=150m)에서만 결과가 달라짐"
SC0770,메트로시티석전경로당,경로당,4812754500,석전동,마산회원구,scenario_sensitive,0.25,1.0,0.0,0.0,9,0,0,1.0,0.0,0.0,347.8,18.9,48.4,0.0,1.0,0.0,0.0,0.25,0.25,0.25,0.25,0.25,0.25,decay150_only,distance,1.0,1.0,0.0,319.5,133.18,402,"거리 감쇠·버퍼 설정 변화에 따라 상위 10% 포함 여부가 크게 변함 (진입률 변동폭 1.00, 축 기여 100%) — 급감쇠 설정(D0=150m)에서만 결과가 달라짐"
SC0973,벽산e-솔렌스힐아파트경로당,경로당,4812962000,풍호동,진해구,scenario_sensitive,0.222,0.8889,0.0833,0.0833,8,1,1,0.8889,0.0833,0.0833,275.7,46.4,87.2,0.0,0.8889,0.0,0.0,0.25,0.1667,0.25,0.1667,0.25,0.25,decay150_only,distance,0.842,0.8889,0.0833,303.5,116.44,381,"거리 감쇠·버퍼 설정 변화에 따라 상위 10% 포함 여부가 크게 변함 (진입률 변동폭 0.89, 축 기여 84%) — 급감쇠 설정(D0=150m)에서만 결과가 달라짐"
CC0097,큰한샘어린이집,어린이집,4812152000,팔룡동,의창구,scenario_sensitive,0.194,0.7778,0.0833,0.1667,7,1,2,0.7778,0.0833,0.1667,166.0,36.3,39.2,0.0,0.7778,0.0,0.0,0.1667,0.25,0.1667,0.25,0.25,0.0833,decay150_only,distance,0.757,0.7778,0.1667,243.3,65.58,231,"거리 감쇠·버퍼 설정 변화에 따라 상위 10% 포함 여부가 크게 변함 (진입률 변동폭 0.78, 축 기여 76%) — 급감쇠 설정(D0=150m)에서만 결과가 달라짐"
CC0098,한샘어린이집,어린이집,4812152000,팔룡동,의창구,scenario_sensitive,0.194,0.7778,0.1667,0.0833,7,2,1,0.7778,0.1667,0.0833,80.0,13.3,21.0,0.7778,0.0,0.0,0.0,0.25,0.25,0.0833,0.25,0.1667,0.1667,multiple_distance_settings,distance,0.757,0.7778,0.1667,194.0,34.04,114,"거리 감쇠·버퍼 설정 변화에 따라 상위 10% 포함 여부가 크게 변함 (진입률 변동폭 0.78, 축 기여 76%)"
CC0390,세화어린이집,어린이집,4812756000,양덕1동,마산회원구,scenario_sensitive,0.194,0.7778,0.0833,0.1667,7,1,2,0.7778,0.0833,0.1667,213.4,27.1,42.3,0.0,0.7778,0.0,0.0,0.1667,0.25,0.1667,0.0833,0.25,0.25,decay150_only,distance,0.757,0.7778,0.1667,301.4,91.89,275,"거리 감쇠·버퍼 설정 변화에 따라 상위 10% 포함 여부가 크게 변함 (진입률 변동폭 0.78, 축 기여 76%) — 급감쇠 설정(D0=150m)에서만 결과가 달라짐"
SC0221,원풍벽산C단지경로당,경로당,4812152000,팔룡동,의창구,scenario_sensitive,0.194,0.7778,0.1667,0.0833,7,2,1,0.7778,0.1667,0.0833,80.0,13.3,21.0,0.7778,0.0,0.0,0.0,0.25,0.25,0.0833,0.25,0.1667,0.1667,multiple_distance_settings,distance,0.757,0.7778,0.1667,194.0,34.04,114,"거리 감쇠·버퍼 설정 변화에 따라 상위 10% 포함 여부가 크게 변함 (진입률 변동폭 0.78, 축 기여 76%)"
CC0395,메트로사과나무어린이집,어린이집,4812757000,양덕2동,마산회원구,scenario_sensitive,0.167,0.6667,0.25,0.0,6,3,0,0.6667,0.25,0.0,218.8,23.0,12.5,0.0,0.6667,0.0,0.0,0.25,0.0,0.25,0.1667,0.1667,0.1667,decay150_only,distance,0.727,0.6667,0.25,234.9,83.79,260,"거리 감쇠·버퍼 설정 변화에 따라 상위 10% 포함 여부가 크게 변함 (진입률 변동폭 0.67, 축 기여 73%) — 급감쇠 설정(D0=150m)에서만 결과가 달라짐"
CC0509,홍익어린이집,어린이집,4812953000,충무동,진해구,scenario_sensitive,0.167,0.6667,0.0,0.25,6,0,3,0.6667,0.0,0.25,457.2,32.5,99.7,0.0,0.6667,0.0,0.0,0.1667,0.1667,0.1667,0.0,0.25,0.25,decay150_only,distance,0.727,0.6667,0.25,420.7,183.53,578,"거리 감쇠·버퍼 설정 변화에 따라 상위 10% 포함 여부가 크게 변함 (진입률 변동폭 0.67, 축 기여 73%) — 급감쇠 설정(D0=150m)에서만 결과가 달라짐"
CC0515,늘푸른어린이집,어린이집,4812962000,풍호동,진해구,scenario_sensitive,0.167,0.6667,0.0,0.25,6,0,3,0.6667,0.0,0.25,165.8,5.9,89.1,0.0,0.6667,0.0,0.0,0.1667,0.1667,0.1667,0.0,0.25,0.25,decay150_only,distance,0.727,0.6667,0.25,250.0,74.84,264,"거리 감쇠·버퍼 설정 변화에 따라 상위 10% 포함 여부가 크게 변함 (진입률 변동폭 0.67, 축 기여 73%) — 급감쇠 설정(D0=150m)에서만 결과가 달라짐"
SC0197,서상경로당,경로당,4812151000,의창동,의창구,scenario_sensitive,0.167,0.6667,0.1667,0.1667,6,2,2,0.6667,0.1667,0.1667,174.8,42.1,38.5,0.0,0.6667,0.0,0.0,0.0833,0.25,0.1667,0.25,0.1667,0.0833,decay150_only,distance,0.667,0.6667,0.1667,267.2,75.85,242,"거리 감쇠·버퍼 설정 변화에 따라 상위 10% 포함 여부가 크게 변함 (진입률 변동폭 0.67, 축 기여 67%) — 급감쇠 설정(D0=150m)에서만 결과가 달라짐"
SC0694,상곡1주공아파트경로당,경로당,4812725000,내서읍,마산회원구,scenario_sensitive,0.167,0.3333,0.5,0.0,3,6,0,0.3333,0.5,0.0,233.1,89.1,9.5,0.3333,0.0,0.0,0.3333,0.0,0.0,0.5,0.1667,0.1667,0.1667,multiple_distance_settings,air,0.6,0.5,0.3333,252.0,104.66,355,"대기배출 등급 weight 변화에 따라 상위 10% 포함 여부가 크게 변함 (진입률 변동폭 0.50, 축 기여 60%)"
SC0729,현대성우아파트경로당,경로당,4812725000,내서읍,마산회원구,scenario_sensitive,0.167,0.4444,0.25,0.4167,4,3,5,0.4444,0.25,0.4167,90.0,14.0,13.2,0.4444,0.0,0.1111,0.1111,0.3333,0.0833,0.0833,0.0,0.0833,0.4167,multiple_distance_settings,distance,0.4,0.4444,0.4167,189.0,37.58,111,거리 감쇠·버퍼 설정 축이 상대적으로 가장 큰 영향을 주나 다른 축도 함께 작용함 (축 기여 40%)
SC0804,메트로시티 남성노인회,경로당,4812757000,양덕2동,마산회원구,scenario_sensitive,0.167,0.6667,0.25,0.0,6,3,0,0.6667,0.25,0.0,218.8,23.0,12.5,0.0,0.6667,0.0,0.0,0.25,0.0,0.25,0.1667,0.1667,0.1667,decay150_only,distance,0.727,0.6667,0.25,234.9,83.79,260,"거리 감쇠·버퍼 설정 변화에 따라 상위 10% 포함 여부가 크게 변함 (진입률 변동폭 0.67, 축 기여 73%) — 급감쇠 설정(D0=150m)에서만 결과가 달라짐"
SC0805,메트로시티 여성노인회,경로당,4812757000,양덕2동,마산회원구,scenario_sensitive,0.167,0.6667,0.25,0.0,6,3,0,0.6667,0.25,0.0,218.8,23.0,12.5,0.0,0.6667,0.0,0.0,0.25,0.0,0.25,0.1667,0.1667,0.1667,decay150_only,distance,0.727,0.6667,0.25,234.9,83.79,260,"거리 감쇠·버퍼 설정 변화에 따라 상위 10% 포함 여부가 크게 변함 (진입률 변동폭 0.67, 축 기여 73%) — 급감쇠 설정(D0=150m)에서만 결과가 달라짐"
SC0974,창원마린푸르지오1단지경로당,경로당,4812962000,풍호동,진해구,scenario_sensitive,0.167,0.6667,0.0,0.25,6,0,3,0.6667,0.0,0.25,165.8,5.9,89.1,0.0,0.6667,0.0,0.0,0.1667,0.1667,0.1667,0.0,0.25,0.25,decay150_only,distance,0.727,0.6667,0.25,250.0,74.84,264,"거리 감쇠·버퍼 설정 변화에 따라 상위 10% 포함 여부가 크게 변함 (진입률 변동폭 0.67, 축 기여 73%) — 급감쇠 설정(D0=150m)에서만 결과가 달라짐"
CC0411,샘보아이어린이집,어린이집,4812759000,합성2동,마산회원구,scenario_sensitive,0.139,0.3333,0.4167,0.0834,3,5,1,0.3333,0.4167,0.0833,132.8,190.7,81.3,0.0,0.3333,0.2222,0.0,0.0,0.0,0.4167,0.0833,0.1667,0.1667,multiple_distance_settings,air,0.5,0.4167,0.3333,298.1,107.62,374,"대기배출 등급 weight 변화에 따라 상위 10% 포함 여부가 크게 변함 (진입률 변동폭 0.42, 축 기여 50%)"
CC0524,바다마을해군어린이집,어린이집,4812962000,풍호동,진해구,scenario_sensitive,0.139,0.5556,0.0834,0.25,5,1,3,0.5556,0.0833,0.25,194.4,9.6,98.2,0.0,0.5556,0.0,0.0,0.1667,0.0833,0.1667,0.0,0.1667,0.25,decay150_only,distance,0.625,0.5556,0.25,250.6,83.44,294,"거리 감쇠·버퍼 설정 변화에 따라 상위 10% 포함 여부가 크게 변함 (진입률 변동폭 0.56, 축 기여 62%) — 급감쇠 설정(D0=150m)에서만 결과가 달라짐"
SC0374,국제비치경로당,경로당,4812564000,합포동,마산합포구,scenario_sensitive,0.139,0.5556,0.25,0.0834,5,3,1,0.5556,0.25,0.0833,262.7,18.2,5.2,0.0,0.0,0.0,0.5556,0.25,0.1667,0.0,0.0833,0.1667,0.1667,multiple_distance_settings,distance,0.625,0.5556,0.25,243.5,107.57,297,"거리 감쇠·버퍼 설정 변화에 따라 상위 10% 포함 여부가 크게 변함 (진입률 변동폭 0.56, 축 기여 62%)"
CC0002,한뫼누리어린이집,어린이집,4812132000,대산면,의창구,scenario_sensitive,0.111,0.4444,0.0834,0.25,4,1,3,0.4444,0.0833,0.25,462.4,11.5,23.2,0.0,0.0,0.0,0.4444,0.1667,0.0833,0.0833,0.25,0.0833,0.0,multiple_distance_settings,distance,0.571,0.4444,0.25,306.6,189.58,487,"거리 감쇠·버퍼 설정 변화에 따라 상위 10% 포함 여부가 크게 변함 (진입률 변동폭 0.44, 축 기여 57%)"
CC0227,창원시립 내동어린이집,어린이집,4812352000,중앙동,성산구,scenario_sensitive,0.111,0.4444,0.0834,0.25,4,1,3,0.4444,0.0833,0.25,60.5,7.3,24.6,0.0,0.4444,0.0,0.0,0.0833,0.0833,0.1667,0.25,0.0833,0.0,decay150_only,distance,0.571,0.4444,0.25,190.9,25.29,99,"거리 감쇠·버퍼 설정 변화에 따라 상위 10% 포함 여부가 크게 변함 (진입률 변동폭 0.44, 축 기여 57%) — 급감쇠 설정(D0=150m)에서만 결과가 달라짐"
CC0448,사랑숲어린이집,어린이집,4812964000,웅동1동,진해구,scenario_sensitive,0.111,0.4444,0.25,0.0834,4,3,1,0.4444,0.25,0.0833,166.1,21.4,21.3,0.0,0.0,0.0,0.4444,0.0833,0.25,0.0,0.1667,0.0833,0.0833,multiple_distance_settings,distance,0.571,0.4444,0.25,213.6,69.87,216,"거리 감쇠·버퍼 설정 변화에 따라 상위 10% 포함 여부가 크게 변함 (진입률 변동폭 0.44, 축 기여 57%)"
CH0072,다문화지역아동센터,지역아동센터,4812953000,충무동,진해구,scenario_sensitive,0.111,0.4444,0.0834,0.25,4,1,3,0.4444,0.0833,0.25,363.9,32.5,64.9,0.0,0.4444,0.0,0.0,0.0833,0.1667,0.0833,0.0,0.0833,0.25,decay150_only,distance,0.571,0.4444,0.25,391.7,151.09,449,"거리 감쇠·버퍼 설정 변화에 따라 상위 10% 포함 여부가 크게 변함 (진입률 변동폭 0.44, 축 기여 57%) — 급감쇠 설정(D0=150m)에서만 결과가 달라짐"
SC0857,그린비치경로당,경로당,4812953000,충무동,진해구,scenario_sensitive,0.111,0.4444,0.0834,0.25,4,1,3,0.4444,0.0833,0.25,400.1,44.9,152.6,0.0,0.4444,0.0,0.0,0.0833,0.1667,0.0833,0.0,0.0833,0.25,decay150_only,distance,0.571,0.4444,0.25,435.3,172.21,557,"거리 감쇠·버퍼 설정 변화에 따라 상위 10% 포함 여부가 크게 변함 (진입률 변동폭 0.44, 축 기여 57%) — 급감쇠 설정(D0=150m)에서만 결과가 달라짐"
CC0146,작은별어린이집,어린이집,4812351000,반송동,성산구,scenario_sensitive,0.083,0.3333,0.1667,0.1667,3,2,2,0.3333,0.1667,0.1667,346.0,8.2,48.2,0.0,0.3333,0.0,0.0,0.0,0.1667,0.0833,0.1667,0.0833,0.0,decay150_only,distance,0.5,0.3333,0.1667,406.4,145.98,427,"거리 감쇠·버퍼 설정 변화에 따라 상위 10% 포함 여부가 크게 변함 (진입률 변동폭 0.33, 축 기여 50%) — 급감쇠 설정(D0=150m)에서만 결과가 달라짐"
CC0236,메르디앙어린이집,어린이집,4812352000,중앙동,성산구,scenario_sensitive,0.083,0.3333,0.1667,0.1667,3,2,2,0.3333,0.1667,0.1667,175.8,31.2,40.1,0.0,0.3333,0.0,0.0,0.1667,0.0833,0.0,0.1667,0.0833,0.0,decay150_only,distance,0.5,0.3333,0.1667,285.9,74.69,237,"거리 감쇠·버퍼 설정 변화에 따라 상위 10% 포함 여부가 크게 변함 (진입률 변동폭 0.33, 축 기여 50%) — 급감쇠 설정(D0=150m)에서만 결과가 달라짐"
CC0239,예슬어린이집,어린이집,4812352000,중앙동,성산구,scenario_sensitive,0.083,0.3333,0.1667,0.1667,3,2,2,0.3333,0.1667,0.1667,175.8,31.2,40.1,0.0,0.3333,0.0,0.0,0.1667,0.0833,0.0,0.1667,0.0833,0.0,decay150_only,distance,0.5,0.3333,0.1667,285.9,74.69,237,"거리 감쇠·버퍼 설정 변화에 따라 상위 10% 포함 여부가 크게 변함 (진입률 변동폭 0.33, 축 기여 50%) — 급감쇠 설정(D0=150m)에서만 결과가 달라짐"
CC0245,효성어린이집,어린이집,4812352000,중앙동,성산구,scenario_sensitive,0.083,0.3333,0.0,0.25,3,0,3,0.3333,0.0,0.25,78.0,5.7,37.9,0.0,0.3333,0.0,0.0,0.0833,0.0833,0.0833,0.25,0.0,0.0,decay150_only,distance,0.571,0.3333,0.25,216.2,36.24,139,"거리 감쇠·버퍼 설정 변화에 따라 상위 10% 포함 여부가 크게 변함 (진입률 변동폭 0.33, 축 기여 57%) — 급감쇠 설정(D0=150m)에서만 결과가 달라짐"
CH0048,푸른물결행복한홈스쿨 지역아동센터,지역아동센터,4812564000,합포동,마산합포구,scenario_sensitive,0.083,0.3333,0.25,0.0,3,3,0,0.3333,0.25,0.0,43.9,24.9,12.9,0.3333,0.0,0.0,0.0,0.0,0.25,0.0,0.0833,0.0833,0.0833,multiple_distance_settings,distance,0.571,0.3333,0.25,193.8,23.27,81,"거리 감쇠·버퍼 설정 변화에 따라 상위 10% 포함 여부가 크게 변함 (진입률 변동폭 0.33, 축 기여 57%)"
SC0177,남포경로당,경로당,4812132000,대산면,의창구,scenario_sensitive,0.083,0.3333,0.1667,0.1667,3,2,2,0.3333,0.1667,0.1667,487.4,14.8,44.2,0.0,0.3333,0.0,0.0,0.1667,0.0833,0.0,0.1667,0.0833,0.0,decay150_only,distance,0.5,0.3333,0.1667,473.5,196.03,538,"거리 감쇠·버퍼 설정 변화에 따라 상위 10% 포함 여부가 크게 변함 (진입률 변동폭 0.33, 축 기여 50%) — 급감쇠 설정(D0=150m)에서만 결과가 달라짐"
SC0273,내동월드메르디앙아파트경로당,경로당,4812352000,중앙동,성산구,scenario_sensitive,0.083,0.3333,0.1667,0.1667,3,2,2,0.3333,0.1667,0.1667,175.8,31.2,40.1,0.0,0.3333,0.0,0.0,0.1667,0.0833,0.0,0.1667,0.0833,0.0,decay150_only,distance,0.5,0.3333,0.1667,285.9,74.69,237,"거리 감쇠·버퍼 설정 변화에 따라 상위 10% 포함 여부가 크게 변함 (진입률 변동폭 0.33, 축 기여 50%) — 급감쇠 설정(D0=150m)에서만 결과가 달라짐"
SC0756,근주경로당,경로당,4812754500,석전동,마산회원구,scenario_sensitive,0.083,0.3333,0.0,0.25,3,0,3,0.3333,0.0,0.25,238.6,8.6,67.5,0.0,0.3333,0.0,0.0,0.0833,0.0833,0.0833,0.0,0.0,0.25,decay150_only,distance,0.571,0.3333,0.25,352.8,99.69,308,"거리 감쇠·버퍼 설정 변화에 따라 상위 10% 포함 여부가 크게 변함 (진입률 변동폭 0.33, 축 기여 57%) — 급감쇠 설정(D0=150m)에서만 결과가 달라짐"
CC0150,푸른초장 어린이집,어린이집,4812351000,반송동,성산구,scenario_sensitive,0.056,0.2222,0.0833,0.1667,2,1,2,0.2222,0.0833,0.1667,670.9,112.2,36.6,0.0,0.2222,0.0,0.0,0.0833,0.0,0.0833,0.1667,0.0,0.0,decay150_only,distance,0.471,0.2222,0.1667,640.1,270.7,807,거리 감쇠·버퍼 설정 축이 상대적으로 가장 큰 영향을 주나 다른 축도 함께 작용함 (축 기여 47%)
CC0408,BNK창원어린이집,어린이집,4812757000,양덕2동,마산회원구,scenario_sensitive,0.056,0.2222,0.0833,0.1667,2,1,2,0.2222,0.0833,0.1667,85.1,9.9,37.5,0.0,0.2222,0.0,0.0,0.0,0.0833,0.0833,0.0,0.0,0.1667,decay150_only,distance,0.471,0.2222,0.1667,222.6,35.62,124,거리 감쇠·버퍼 설정 축이 상대적으로 가장 큰 영향을 주나 다른 축도 함께 작용함 (축 기여 47%)
CC0520,해누리어린이집,어린이집,4812962000,풍호동,진해구,scenario_sensitive,0.056,0.1111,0.1667,0.1667,1,2,2,0.1111,0.1667,0.1667,208.4,43.5,114.0,0.0,0.0,0.1111,0.1111,0.0,0.0,0.1667,0.0,0.0,0.1667,multiple_distance_settings,air,0.375,0.1667,0.1667,289.2,98.67,328,대기배출 등급 weight 및 지정폐기물 배수 변화가 비슷한 크기로 함께 영향을 줌 (상위 10% 진입률 변동폭 0.17)
CH0018,창원좋은이웃지역아동센터,지역아동센터,4812351000,반송동,성산구,scenario_sensitive,0.056,0.2222,0.1667,0.0833,2,2,1,0.2222,0.1667,0.0833,353.3,3.8,48.9,0.0,0.2222,0.0,0.0,0.0,0.1667,0.0,0.0833,0.0833,0.0,decay150_only,distance,0.471,0.2222,0.1667,400.9,142.81,419,거리 감쇠·버퍼 설정 축이 상대적으로 가장 큰 영향을 주나 다른 축도 함께 작용함 (축 기여 47%)
CH0024,샛별지역아동센터,지역아동센터,4812355000,가음정동,성산구,scenario_sensitive,0.056,0.2222,0.0833,0.1667,2,1,2,0.2222,0.0833,0.1667,337.4,41.9,48.2,0.0,0.2222,0.0,0.0,0.0833,0.0,0.0833,0.1667,0.0,0.0,decay150_only,distance,0.471,0.2222,0.1667,393.3,137.52,420,거리 감쇠·버퍼 설정 축이 상대적으로 가장 큰 영향을 주나 다른 축도 함께 작용함 (축 기여 47%)
SC0264,내동그라미아파트경로당,경로당,4812352000,중앙동,성산구,scenario_sensitive,0.056,0.2222,0.0833,0.1667,2,1,2,0.2222,0.0833,0.1667,78.7,6.1,35.0,0.0,0.2222,0.0,0.0,0.0833,0.0833,0.0,0.1667,0.0,0.0,decay150_only,distance,0.471,0.2222,0.1667,218.9,33.79,119,거리 감쇠·버퍼 설정 축이 상대적으로 가장 큰 영향을 주나 다른 축도 함께 작용함 (축 기여 47%)
SC0784,남성사랑방쉼터경로당,경로당,4812756000,양덕1동,마산회원구,scenario_sensitive,0.056,0.2222,0.0833,0.1667,2,1,2,0.2222,0.0833,0.1667,140.3,22.7,54.2,0.0,0.2222,0.0,0.0,0.0,0.0833,0.0833,0.0,0.0,0.1667,decay150_only,distance,0.471,0.2222,0.1667,270.5,60.97,205,거리 감쇠·버퍼 설정 축이 상대적으로 가장 큰 영향을 주나 다른 축도 함께 작용함 (축 기여 47%)
SC0785,여성사랑방쉼터경로당,경로당,4812756000,양덕1동,마산회원구,scenario_sensitive,0.056,0.2222,0.0833,0.1667,2,1,2,0.2222,0.0833,0.1667,140.3,22.7,54.2,0.0,0.2222,0.0,0.0,0.0,0.0833,0.0833,0.0,0.0,0.1667,decay150_only,distance,0.471,0.2222,0.1667,270.5,60.97,205,거리 감쇠·버퍼 설정 축이 상대적으로 가장 큰 영향을 주나 다른 축도 함께 작용함 (축 기여 47%)
SC0971,장천대동다숲경로당,경로당,4812962000,풍호동,진해구,scenario_sensitive,0.056,0.1111,0.1667,0.1667,1,2,2,0.1111,0.1667,0.1667,208.4,43.5,114.0,0.0,0.0,0.1111,0.1111,0.0,0.0,0.1667,0.0,0.0,0.1667,multiple_distance_settings,air,0.375,0.1667,0.1667,289.2,98.67,328,대기배출 등급 weight 및 지정폐기물 배수 변화가 비슷한 크기로 함께 영향을 줌 (상위 10% 진입률 변동폭 0.17)
CC0001,창원시립 대산푸른숲어린이집,어린이집,4812132000,대산면,의창구,scenario_stable_high_exposure,1.0,0.0,0.0,0.0,0,0,0,0.0,0.0,0.0,9.0,3.9,4.9,1.0,1.0,1.0,1.0,1.0,1.0,1.0,1.0,1.0,1.0,none,no_axis_variation,,0.0,0.0,36.5,4.92,21,36개 가정 전체에서 상위 10% 포함 여부가 바뀌지 않음
CC0030,파티마어린이집,어린이집,4812153000,명곡동,의창구,scenario_stable_high_exposure,1.0,0.0,0.0,0.0,0,0,0,0.0,0.0,0.0,88.8,5.7,8.5,1.0,1.0,1.0,1.0,1.0,1.0,1.0,1.0,1.0,1.0,none,no_axis_variation,,0.0,0.0,104.6,37.25,104,36개 가정 전체에서 상위 10% 포함 여부가 바뀌지 않음
CC0093,창원시립 힐스아티움어린이집,어린이집,4812152000,팔룡동,의창구,scenario_stable_high_exposure,1.0,0.0,0.0,0.0,0,0,0,0.0,0.0,0.0,15.2,6.6,7.6,1.0,1.0,1.0,1.0,1.0,1.0,1.0,1.0,1.0,1.0,none,no_axis_variation,,0.0,0.0,67.2,8.14,28,36개 가정 전체에서 상위 10% 포함 여부가 바뀌지 않음
CC0109,키콕스 꿈드림 어린이집,어린이집,4812152000,팔룡동,의창구,scenario_stable_high_exposure,1.0,0.0,0.0,0.0,0,0,0,0.0,0.0,0.0,6.3,1.8,2.2,1.0,1.0,1.0,1.0,1.0,1.0,1.0,1.0,1.0,1.0,none,no_axis_variation,,0.0,0.0,8.5,2.8,11,36개 가정 전체에서 상위 10% 포함 여부가 바뀌지 않음
CC0222,창원시립 웅남어린이집,어린이집,4812357000,웅남동,성산구,scenario_stable_high_exposure,1.0,0.0,0.0,0.0,0,0,0,0.0,0.0,0.0,29.6,2.1,5.6,1.0,1.0,1.0,1.0,1.0,1.0,1.0,1.0,1.0,1.0,none,no_axis_variation,,0.0,0.0,74.8,13.61,38,36개 가정 전체에서 상위 10% 포함 여부가 바뀌지 않음
CC0266,마산YWCA어린이집,어린이집,4812556500,반월중앙동,마산합포구,scenario_stable_high_exposure,1.0,0.0,0.0,0.0,0,0,0,0.0,0.0,0.0,64.5,7.2,6.8,1.0,1.0,1.0,1.0,1.0,1.0,1.0,1.0,1.0,1.0,none,no_axis_variation,,0.0,0.0,87.7,25.17,80,36개 가정 전체에서 상위 10% 포함 여부가 바뀌지 않음
CC0270,혜성미어린이집,어린이집,4812556500,반월중앙동,마산합포구,scenario_stable_high_exposure,1.0,0.0,0.0,0.0,0,0,0,0.0,0.0,0.0,90.6,8.0,7.7,1.0,1.0,1.0,1.0,1.0,1.0,1.0,1.0,1.0,1.0,none,no_axis_variation,,0.0,0.0,80.1,35.22,105,36개 가정 전체에서 상위 10% 포함 여부가 바뀌지 않음
CC0271,마산합포구청어린이집,어린이집,4812556500,반월중앙동,마산합포구,scenario_stable_high_exposure,1.0,0.0,0.0,0.0,0,0,0,0.0,0.0,0.0,84.0,6.9,7.8,1.0,1.0,1.0,1.0,1.0,1.0,1.0,1.0,1.0,1.0,none,no_axis_variation,,0.0,0.0,83.3,33.86,99,36개 가정 전체에서 상위 10% 포함 여부가 바뀌지 않음
CC0272,또래어린이집,어린이집,4812565000,산호동,마산합포구,scenario_stable_high_exposure,1.0,0.0,0.0,0.0,0,0,0,0.0,0.0,0.0,33.1,4.9,1.2,1.0,1.0,1.0,1.0,1.0,1.0,1.0,1.0,1.0,1.0,none,no_axis_variation,,0.0,0.0,29.5,14.02,42,36개 가정 전체에서 상위 10% 포함 여부가 바뀌지 않음
CC0273,리인어린이집,어린이집,4812565000,산호동,마산합포구,scenario_stable_high_exposure,1.0,0.0,0.0,0.0,0,0,0,0.0,0.0,0.0,4.3,0.4,0.1,1.0,1.0,1.0,1.0,1.0,1.0,1.0,1.0,1.0,1.0,none,no_axis_variation,,0.0,0.0,5.1,1.9,5,36개 가정 전체에서 상위 10% 포함 여부가 바뀌지 않음
CC0275,파스텔어린이집,어린이집,4812565000,산호동,마산합포구,scenario_stable_high_exposure,1.0,0.0,0.0,0.0,0,0,0,0.0,0.0,0.0,74.1,3.6,5.3,1.0,1.0,1.0,1.0,1.0,1.0,1.0,1.0,1.0,1.0,none,no_axis_variation,,0.0,0.0,57.7,30.38,83,36개 가정 전체에서 상위 10% 포함 여부가 바뀌지 않음
CC0277,창원시립 서성어린이집,어린이집,4812563000,오동동,마산합포구,scenario_stable_high_exposure,1.0,0.0,0.0,0.0,0,0,0,0.0,0.0,0.0,37.6,7.3,8.4,1.0,1.0,1.0,1.0,1.0,1.0,1.0,1.0,1.0,1.0,none,no_axis_variation,,0.0,0.0,116.4,16.17,50,36개 가정 전체에서 상위 10% 포함 여부가 바뀌지 않음
CC0278,창원시립 장미어린이집,어린이집,4812563000,오동동,마산합포구,scenario_stable_high_exposure,1.0,0.0,0.0,0.0,0,0,0,0.0,0.0,0.0,54.9,8.3,5.9,1.0,1.0,1.0,1.0,1.0,1.0,1.0,1.0,1.0,1.0,none,no_axis_variation,,0.0,0.0,107.1,25.46,66,36개 가정 전체에서 상위 10% 포함 여부가 바뀌지 않음
CC0280,리틀스쿨어린이집,어린이집,4812563000,오동동,마산합포구,scenario_stable_high_exposure,1.0,0.0,0.0,0.0,0,0,0,0.0,0.0,0.0,82.5,6.7,8.3,1.0,1.0,1.0,1.0,1.0,1.0,1.0,1.0,1.0,1.0,none,no_axis_variation,,0.0,0.0,95.4,31.51,94,36개 가정 전체에서 상위 10% 포함 여부가 바뀌지 않음
CC0282,아이굿맘어린이집,어린이집,4812563000,오동동,마산합포구,scenario_stable_high_exposure,1.0,0.0,0.0,0.0,0,0,0,0.0,0.0,0.0,76.3,3.5,8.6,1.0,1.0,1.0,1.0,1.0,1.0,1.0,1.0,1.0,1.0,none,no_axis_variation,,0.0,0.0,61.7,28.76,87,36개 가정 전체에서 상위 10% 포함 여부가 바뀌지 않음
CC0346,창원시립 구암어린이집,어린이집,4812761000,구암2동,마산회원구,scenario_stable_high_exposure,1.0,0.0,0.0,0.0,0,0,0,0.0,0.0,0.0,30.9,4.3,4.4,1.0,1.0,1.0,1.0,1.0,1.0,1.0,1.0,1.0,1.0,none,no_axis_variation,,0.0,0.0,70.2,12.43,39,36개 가정 전체에서 상위 10% 포함 여부가 바뀌지 않음
CC0359,더푸른다솜어린이집,어린이집,4812725000,내서읍,마산회원구,scenario_stable_high_exposure,1.0,0.0,0.0,0.0,0,0,0,0.0,0.0,0.0,16.7,1.5,0.7,1.0,1.0,1.0,1.0,1.0,1.0,1.0,1.0,1.0,1.0,none,no_axis_variation,,0.0,0.0,141.3,7.02,31,36개 가정 전체에서 상위 10% 포함 여부가 바뀌지 않음
CC0375,참좋은어린이집,어린이집,4812725000,내서읍,마산회원구,scenario_stable_high_exposure,1.0,0.0,0.0,0.0,0,0,0,0.0,0.0,0.0,16.7,1.5,0.7,1.0,1.0,1.0,1.0,1.0,1.0,1.0,1.0,1.0,1.0,none,no_axis_variation,,0.0,0.0,141.3,7.02,31,36개 가정 전체에서 상위 10% 포함 여부가 바뀌지 않음
CC0376,푸른 어린이집,어린이집,4812725000,내서읍,마산회원구,scenario_stable_high_exposure,1.0,0.0,0.0,0.0,0,0,0,0.0,0.0,0.0,16.7,1.5,0.7,1.0,1.0,1.0,1.0,1.0,1.0,1.0,1.0,1.0,1.0,none,no_axis_variation,,0.0,0.0,141.3,7.02,31,36개 가정 전체에서 상위 10% 포함 여부가 바뀌지 않음
CC0392,창원시립 하버팰리스어린이집,어린이집,4812757000,양덕2동,마산회원구,scenario_stable_high_exposure,1.0,0.0,0.0,0.0,0,0,0,0.0,0.0,0.0,24.4,1.9,3.4,1.0,1.0,1.0,1.0,1.0,1.0,1.0,1.0,1.0,1.0,none,no_axis_variation,,0.0,0.0,13.8,10.4,34,36개 가정 전체에서 상위 10% 포함 여부가 바뀌지 않음
CC0396,메트로아이꽃뜰어린이집,어린이집,4812757000,양덕2동,마산회원구,scenario_stable_high_exposure,1.0,0.0,0.0,0.0,0,0,0,0.0,0.0,0.0,97.2,3.3,5.2,1.0,1.0,1.0,1.0,1.0,1.0,1.0,1.0,1.0,1.0,none,no_axis_variation,,0.0,0.0,77.6,37.76,111,36개 가정 전체에서 상위 10% 포함 여부가 바뀌지 않음
CC0399,대림어린이집,어린이집,4812757000,양덕2동,마산회원구,scenario_stable_high_exposure,1.0,0.0,0.0,0.0,0,0,0,0.0,0.0,0.0,63.4,8.6,6.5,1.0,1.0,1.0,1.0,1.0,1.0,1.0,1.0,1.0,1.0,none,no_axis_variation,,0.0,0.0,94.2,25.01,86,36개 가정 전체에서 상위 10% 포함 여부가 바뀌지 않음
CC0405,키즈누리 어린이집,어린이집,4812757000,양덕2동,마산회원구,scenario_stable_high_exposure,1.0,0.0,0.0,0.0,0,0,0,0.0,0.0,0.0,24.4,1.9,3.4,1.0,1.0,1.0,1.0,1.0,1.0,1.0,1.0,1.0,1.0,none,no_axis_variation,,0.0,0.0,13.8,10.4,34,36개 가정 전체에서 상위 10% 포함 여부가 바뀌지 않음
CC0409,해솔어린이집,어린이집,4812757000,양덕2동,마산회원구,scenario_stable_high_exposure,1.0,0.0,0.0,0.0,0,0,0,0.0,0.0,0.0,41.5,2.2,6.2,1.0,1.0,1.0,1.0,1.0,1.0,1.0,1.0,1.0,1.0,none,no_axis_variation,,0.0,0.0,39.8,15.73,51,36개 가정 전체에서 상위 10% 포함 여부가 바뀌지 않음
CC0445,창원시립 남양어린이집,어린이집,4812964000,웅동1동,진해구,scenario_stable_high_exposure,1.0,0.0,0.0,0.0,0,0,0,0.0,0.0,0.0,29.8,12.7,4.3,1.0,1.0,1.0,1.0,1.0,1.0,1.0,1.0,1.0,1.0,none,no_axis_variation,,0.0,0.0,51.4,12.73,44,36개 가정 전체에서 상위 10% 포함 여부가 바뀌지 않음
CH0005,하나지역아동센터,지역아동센터,4812132000,대산면,의창구,scenario_stable_high_exposure,1.0,0.0,0.0,0.0,0,0,0,0.0,0.0,0.0,13.3,2.4,1.8,1.0,1.0,1.0,1.0,1.0,1.0,1.0,1.0,1.0,1.0,none,no_axis_variation,,0.0,0.0,13.1,5.39,16,36개 가정 전체에서 상위 10% 포함 여부가 바뀌지 않음
CH0050,꽃누리세상지역아동센터,지역아동센터,4812761000,구암2동,마산회원구,scenario_stable_high_exposure,1.0,0.0,0.0,0.0,0,0,0,0.0,0.0,0.0,22.5,5.3,6.1,1.0,1.0,1.0,1.0,1.0,1.0,1.0,1.0,1.0,1.0,none,no_axis_variation,,0.0,0.0,55.6,10.88,37,36개 가정 전체에서 상위 10% 포함 여부가 바뀌지 않음
CH0060,양덕2동지역아동센터,지역아동센터,4812757000,양덕2동,마산회원구,scenario_stable_high_exposure,1.0,0.0,0.0,0.0,0,0,0,0.0,0.0,0.0,63.4,8.6,6.5,1.0,1.0,1.0,1.0,1.0,1.0,1.0,1.0,1.0,1.0,none,no_axis_variation,,0.0,0.0,94.2,25.01,86,36개 가정 전체에서 상위 10% 포함 여부가 바뀌지 않음
CH0063,큰샘원지역아동센터,지역아동센터,4812725000,내서읍,마산회원구,scenario_stable_high_exposure,1.0,0.0,0.0,0.0,0,0,0,0.0,0.0,0.0,6.2,6.0,1.2,1.0,1.0,1.0,1.0,1.0,1.0,1.0,1.0,1.0,1.0,none,no_axis_variation,,0.0,0.0,12.2,3.7,15,36개 가정 전체에서 상위 10% 포함 여부가 바뀌지 않음
SC0157,북가술경로당,경로당,4812132000,대산면,의창구,scenario_stable_high_exposure,1.0,0.0,0.0,0.0,0,0,0,0.0,0.0,0.0,56.6,2.2,5.0,1.0,1.0,1.0,1.0,1.0,1.0,1.0,1.0,1.0,1.0,none,no_axis_variation,,0.0,0.0,57.9,22.87,68,36개 가정 전체에서 상위 10% 포함 여부가 바뀌지 않음
SC0159,남가술경로당,경로당,4812132000,대산면,의창구,scenario_stable_high_exposure,1.0,0.0,0.0,0.0,0,0,0,0.0,0.0,0.0,21.8,4.2,3.0,1.0,1.0,1.0,1.0,1.0,1.0,1.0,1.0,1.0,1.0,none,no_axis_variation,,0.0,0.0,31.2,9.47,33,36개 가정 전체에서 상위 10% 포함 여부가 바뀌지 않음
SC0160,남가술부인경로당,경로당,4812132000,대산면,의창구,scenario_stable_high_exposure,1.0,0.0,0.0,0.0,0,0,0,0.0,0.0,0.0,19.6,3.8,3.8,1.0,1.0,1.0,1.0,1.0,1.0,1.0,1.0,1.0,1.0,none,no_axis_variation,,0.0,0.0,33.8,8.2,30,36개 가정 전체에서 상위 10% 포함 여부가 바뀌지 않음
SC0161,가촌경로당,경로당,4812132000,대산면,의창구,scenario_stable_high_exposure,1.0,0.0,0.0,0.0,0,0,0,0.0,0.0,0.0,13.7,1.7,1.4,1.0,1.0,1.0,1.0,1.0,1.0,1.0,1.0,1.0,1.0,none,no_axis_variation,,0.0,0.0,7.9,5.19,17,36개 가정 전체에서 상위 10% 포함 여부가 바뀌지 않음
SC0162,장등경로당,경로당,4812132000,대산면,의창구,scenario_stable_high_exposure,1.0,0.0,0.0,0.0,0,0,0,0.0,0.0,0.0,5.9,5.0,3.7,1.0,1.0,1.0,1.0,1.0,1.0,1.0,1.0,1.0,1.0,none,no_axis_variation,,0.0,0.0,19.4,3.78,14,36개 가정 전체에서 상위 10% 포함 여부가 바뀌지 않음
SC0172,삼봉경로당,경로당,4812132000,대산면,의창구,scenario_stable_high_exposure,1.0,0.0,0.0,0.0,0,0,0,0.0,0.0,0.0,32.2,4.0,2.7,1.0,1.0,1.0,1.0,1.0,1.0,1.0,1.0,1.0,1.0,none,no_axis_variation,,0.0,0.0,37.9,14.0,40,36개 가정 전체에서 상위 10% 포함 여부가 바뀌지 않음
SC0191,대산NHF1단지경로당,경로당,4812132000,대산면,의창구,scenario_stable_high_exposure,1.0,0.0,0.0,0.0,0,0,0,0.0,0.0,0.0,9.0,3.9,4.9,1.0,1.0,1.0,1.0,1.0,1.0,1.0,1.0,1.0,1.0,none,no_axis_variation,,0.0,0.0,36.5,4.92,21,36개 가정 전체에서 상위 10% 포함 여부가 바뀌지 않음
SC0222,힐스테이트아티움시티경로당,경로당,4812152000,팔룡동,의창구,scenario_stable_high_exposure,1.0,0.0,0.0,0.0,0,0,0,0.0,0.0,0.0,15.2,6.6,7.6,1.0,1.0,1.0,1.0,1.0,1.0,1.0,1.0,1.0,1.0,none,no_axis_variation,,0.0,0.0,67.2,8.14,28,36개 가정 전체에서 상위 10% 포함 여부가 바뀌지 않음
SC0271,중앙제1경로당,경로당,4812352000,중앙동,성산구,scenario_stable_high_exposure,1.0,0.0,0.0,0.0,0,0,0,0.0,0.0,0.0,82.8,6.0,7.9,1.0,1.0,1.0,1.0,1.0,1.0,1.0,1.0,1.0,1.0,none,no_axis_variation,,0.0,0.0,99.2,30.26,93,36개 가정 전체에서 상위 10% 포함 여부가 바뀌지 않음
SC0354,한양아파트경로당,경로당,4812356000,성주동,성산구,scenario_stable_high_exposure,1.0,0.0,0.0,0.0,0,0,0,0.0,0.0,0.0,33.9,5.9,7.3,1.0,1.0,1.0,1.0,1.0,1.0,1.0,1.0,1.0,1.0,none,no_axis_variation,,0.0,0.0,80.6,14.3,49,36개 가정 전체에서 상위 10% 포함 여부가 바뀌지 않음
SC0397,신우희가로베스트경로당,경로당,4812556500,반월중앙동,마산합포구,scenario_stable_high_exposure,1.0,0.0,0.0,0.0,0,0,0,0.0,0.0,0.0,88.6,7.5,8.0,1.0,1.0,1.0,1.0,1.0,1.0,1.0,1.0,1.0,1.0,none,no_axis_variation,,0.0,0.0,78.1,36.04,101,36개 가정 전체에서 상위 10% 포함 여부가 바뀌지 않음
SC0400,혜성미경로당,경로당,4812556500,반월중앙동,마산합포구,scenario_stable_high_exposure,1.0,0.0,0.0,0.0,0,0,0,0.0,0.0,0.0,90.6,8.0,7.7,1.0,1.0,1.0,1.0,1.0,1.0,1.0,1.0,1.0,1.0,none,no_axis_variation,,0.0,0.0,80.1,35.22,105,36개 가정 전체에서 상위 10% 포함 여부가 바뀌지 않음
SC0425,망곡경로당,경로당,4812533000,진북면,마산합포구,scenario_stable_high_exposure,1.0,0.0,0.0,0.0,0,0,0,0.0,0.0,0.0,14.0,3.8,2.7,1.0,1.0,1.0,1.0,1.0,1.0,1.0,1.0,1.0,1.0,none,no_axis_variation,,0.0,0.0,23.4,5.75,22,36개 가정 전체에서 상위 10% 포함 여부가 바뀌지 않음
SC0432,신촌경로당,경로당,4812533000,진북면,마산합포구,scenario_stable_high_exposure,1.0,0.0,0.0,0.0,0,0,0,0.0,0.0,0.0,25.9,10.4,5.7,1.0,1.0,1.0,1.0,1.0,1.0,1.0,1.0,1.0,1.0,none,no_axis_variation,,0.0,0.0,44.9,11.64,41,36개 가정 전체에서 상위 10% 포함 여부가 바뀌지 않음
SC0433,연동경로당,경로당,4812533000,진북면,마산합포구,scenario_stable_high_exposure,1.0,0.0,0.0,0.0,0,0,0,0.0,0.0,0.0,70.7,22.9,12.7,1.0,1.0,1.0,1.0,1.0,1.0,1.0,1.0,1.0,1.0,none,no_axis_variation,,0.0,0.0,84.4,30.93,116,36개 가정 전체에서 상위 10% 포함 여부가 바뀌지 않음
SC0588,가고파경로당,경로당,4812565000,산호동,마산합포구,scenario_stable_high_exposure,1.0,0.0,0.0,0.0,0,0,0,0.0,0.0,0.0,54.0,2.2,3.4,1.0,1.0,1.0,1.0,1.0,1.0,1.0,1.0,1.0,1.0,none,no_axis_variation,,0.0,0.0,52.8,22.16,61,36개 가정 전체에서 상위 10% 포함 여부가 바뀌지 않음
SC0589,합포남성경로당,경로당,4812565000,산호동,마산합포구,scenario_stable_high_exposure,1.0,0.0,0.0,0.0,0,0,0,0.0,0.0,0.0,25.2,3.8,0.9,1.0,1.0,1.0,1.0,1.0,1.0,1.0,1.0,1.0,1.0,none,no_axis_variation,,0.0,0.0,18.9,10.54,30,36개 가정 전체에서 상위 10% 포함 여부가 바뀌지 않음
SC0590,합포여성경로당,경로당,4812565000,산호동,마산합포구,scenario_stable_high_exposure,1.0,0.0,0.0,0.0,0,0,0,0.0,0.0,0.0,25.2,3.8,0.9,1.0,1.0,1.0,1.0,1.0,1.0,1.0,1.0,1.0,1.0,none,no_axis_variation,,0.0,0.0,18.9,10.54,30,36개 가정 전체에서 상위 10% 포함 여부가 바뀌지 않음
SC0592,대한아파트경로당,경로당,4812565000,산호동,마산합포구,scenario_stable_high_exposure,1.0,0.0,0.0,0.0,0,0,0,0.0,0.0,0.0,20.9,1.2,3.2,1.0,1.0,1.0,1.0,1.0,1.0,1.0,1.0,1.0,1.0,none,no_axis_variation,,0.0,0.0,40.8,9.18,28,36개 가정 전체에서 상위 10% 포함 여부가 바뀌지 않음
SC0593,경동리인아파트경로당,경로당,4812565000,산호동,마산합포구,scenario_stable_high_exposure,1.0,0.0,0.0,0.0,0,0,0,0.0,0.0,0.0,3.7,0.3,0.5,1.0,1.0,1.0,1.0,1.0,1.0,1.0,1.0,1.0,1.0,none,no_axis_variation,,0.0,0.0,3.9,1.7,5,36개 가정 전체에서 상위 10% 포함 여부가 바뀌지 않음
SC0618,동서남성경로당,경로당,4812563000,오동동,마산합포구,scenario_stable_high_exposure,1.0,0.0,0.0,0.0,0,0,0,0.0,0.0,0.0,23.1,8.0,10.6,1.0,1.0,1.0,1.0,1.0,1.0,1.0,1.0,1.0,1.0,none,no_axis_variation,,0.0,0.0,108.9,11.41,49,36개 가정 전체에서 상위 10% 포함 여부가 바뀌지 않음
SC0619,동서여성경로당,경로당,4812563000,오동동,마산합포구,scenario_stable_high_exposure,1.0,0.0,0.0,0.0,0,0,0,0.0,0.0,0.0,23.1,8.0,10.6,1.0,1.0,1.0,1.0,1.0,1.0,1.0,1.0,1.0,1.0,none,no_axis_variation,,0.0,0.0,108.9,11.41,49,36개 가정 전체에서 상위 10% 포함 여부가 바뀌지 않음
SC0620,서성경로당,경로당,4812563000,오동동,마산합포구,scenario_stable_high_exposure,1.0,0.0,0.0,0.0,0,0,0,0.0,0.0,0.0,17.2,3.7,9.3,1.0,1.0,1.0,1.0,1.0,1.0,1.0,1.0,1.0,1.0,none,no_axis_variation,,0.0,0.0,101.6,8.45,31,36개 가정 전체에서 상위 10% 포함 여부가 바뀌지 않음
SC0621,센트럴남성경로당,경로당,4812563000,오동동,마산합포구,scenario_stable_high_exposure,1.0,0.0,0.0,0.0,0,0,0,0.0,0.0,0.0,76.4,4.8,3.4,1.0,1.0,1.0,1.0,1.0,1.0,1.0,1.0,1.0,1.0,none,no_axis_variation,,0.0,0.0,46.6,28.34,82,36개 가정 전체에서 상위 10% 포함 여부가 바뀌지 않음
SC0622,센트럴여성경로당,경로당,4812563000,오동동,마산합포구,scenario_stable_high_exposure,1.0,0.0,0.0,0.0,0,0,0,0.0,0.0,0.0,76.4,4.8,3.4,1.0,1.0,1.0,1.0,1.0,1.0,1.0,1.0,1.0,1.0,none,no_axis_variation,,0.0,0.0,46.6,28.34,82,36개 가정 전체에서 상위 10% 포함 여부가 바뀌지 않음
SC0624,신포경남경로당,경로당,4812563000,오동동,마산합포구,scenario_stable_high_exposure,1.0,0.0,0.0,0.0,0,0,0,0.0,0.0,0.0,54.1,5.1,8.5,1.0,1.0,1.0,1.0,1.0,1.0,1.0,1.0,1.0,1.0,none,no_axis_variation,,0.0,0.0,77.0,21.66,70,36개 가정 전체에서 상위 10% 포함 여부가 바뀌지 않음
SC0625,마산만아이파크경로당,경로당,4812563000,오동동,마산합포구,scenario_stable_high_exposure,1.0,0.0,0.0,0.0,0,0,0,0.0,0.0,0.0,82.5,6.7,8.3,1.0,1.0,1.0,1.0,1.0,1.0,1.0,1.0,1.0,1.0,none,no_axis_variation,,0.0,0.0,95.4,31.51,94,36개 가정 전체에서 상위 10% 포함 여부가 바뀌지 않음
SC0626,신포새롬미리내경로당,경로당,4812563000,오동동,마산합포구,scenario_stable_high_exposure,1.0,0.0,0.0,0.0,0,0,0,0.0,0.0,0.0,71.0,2.2,4.1,1.0,1.0,1.0,1.0,1.0,1.0,1.0,1.0,1.0,1.0,none,no_axis_variation,,0.0,0.0,42.0,26.44,78,36개 가정 전체에서 상위 10% 포함 여부가 바뀌지 않음
SC0677,내서읍경로당,경로당,4812725000,내서읍,마산회원구,scenario_stable_high_exposure,1.0,0.0,0.0,0.0,0,0,0,0.0,0.0,0.0,105.2,2.9,10.4,1.0,1.0,1.0,1.0,1.0,1.0,1.0,1.0,1.0,1.0,none,no_axis_variation,,0.0,0.0,73.4,43.14,121,36개 가정 전체에서 상위 10% 포함 여부가 바뀌지 않음
SC0682,더푸른아파트경로당,경로당,4812725000,내서읍,마산회원구,scenario_stable_high_exposure,1.0,0.0,0.0,0.0,0,0,0,0.0,0.0,0.0,16.7,1.5,0.7,1.0,1.0,1.0,1.0,1.0,1.0,1.0,1.0,1.0,1.0,none,no_axis_variation,,0.0,0.0,141.3,7.02,31,36개 가정 전체에서 상위 10% 포함 여부가 바뀌지 않음
SC0683,동신1차아파트경로당,경로당,4812725000,내서읍,마산회원구,scenario_stable_high_exposure,1.0,0.0,0.0,0.0,0,0,0,0.0,0.0,0.0,67.9,5.6,6.3,1.0,1.0,1.0,1.0,1.0,1.0,1.0,1.0,1.0,1.0,none,no_axis_variation,,0.0,0.0,47.7,28.63,82,36개 가정 전체에서 상위 10% 포함 여부가 바뀌지 않음
SC0685,백로아파트경로당,경로당,4812725000,내서읍,마산회원구,scenario_stable_high_exposure,1.0,0.0,0.0,0.0,0,0,0,0.0,0.0,0.0,10.1,8.8,0.4,1.0,1.0,1.0,1.0,1.0,1.0,1.0,1.0,1.0,1.0,none,no_axis_variation,,0.0,0.0,16.9,5.8,22,36개 가정 전체에서 상위 10% 포함 여부가 바뀌지 않음
SC0693,삼정경로당,경로당,4812725000,내서읍,마산회원구,scenario_stable_high_exposure,1.0,0.0,0.0,0.0,0,0,0,0.0,0.0,0.0,18.4,2.6,3.0,1.0,1.0,1.0,1.0,1.0,1.0,1.0,1.0,1.0,1.0,none,no_axis_variation,,0.0,0.0,20.9,6.97,22,36개 가정 전체에서 상위 10% 포함 여부가 바뀌지 않음
SC0697,상동경로당,경로당,4812725000,내서읍,마산회원구,scenario_stable_high_exposure,1.0,0.0,0.0,0.0,0,0,0,0.0,0.0,0.0,28.9,10.6,0.9,1.0,1.0,1.0,1.0,1.0,1.0,1.0,1.0,1.0,1.0,none,no_axis_variation,,0.0,0.0,24.9,13.47,46,36개 가정 전체에서 상위 10% 포함 여부가 바뀌지 않음
SC0699,서진아파트경로당,경로당,4812725000,내서읍,마산회원구,scenario_stable_high_exposure,1.0,0.0,0.0,0.0,0,0,0,0.0,0.0,0.0,30.1,11.6,3.0,1.0,1.0,1.0,1.0,1.0,1.0,1.0,1.0,1.0,1.0,none,no_axis_variation,,0.0,0.0,31.3,14.47,49,36개 가정 전체에서 상위 10% 포함 여부가 바뀌지 않음
SC0700,수곡경로당,경로당,4812725000,내서읍,마산회원구,scenario_stable_high_exposure,1.0,0.0,0.0,0.0,0,0,0,0.0,0.0,0.0,79.9,1.5,4.2,1.0,1.0,1.0,1.0,1.0,1.0,1.0,1.0,1.0,1.0,none,no_axis_variation,,0.0,0.0,55.8,29.47,88,36개 가정 전체에서 상위 10% 포함 여부가 바뀌지 않음
SC0707,신평경로당,경로당,4812725000,내서읍,마산회원구,scenario_stable_high_exposure,1.0,0.0,0.0,0.0,0,0,0,0.0,0.0,0.0,7.5,3.7,0.0,1.0,1.0,1.0,1.0,1.0,1.0,1.0,1.0,1.0,1.0,none,no_axis_variation,,0.0,0.0,6.2,3.9,12,36개 가정 전체에서 상위 10% 포함 여부가 바뀌지 않음
SC0715,장미아파트경로당,경로당,4812725000,내서읍,마산회원구,scenario_stable_high_exposure,1.0,0.0,0.0,0.0,0,0,0,0.0,0.0,0.0,22.9,11.1,2.5,1.0,1.0,1.0,1.0,1.0,1.0,1.0,1.0,1.0,1.0,none,no_axis_variation,,0.0,0.0,27.1,11.58,43,36개 가정 전체에서 상위 10% 포함 여부가 바뀌지 않음
SC0794,양덕2동 삼각경로당,경로당,4812757000,양덕2동,마산회원구,scenario_stable_high_exposure,1.0,0.0,0.0,0.0,0,0,0,0.0,0.0,0.0,35.8,2.1,6.2,1.0,1.0,1.0,1.0,1.0,1.0,1.0,1.0,1.0,1.0,none,no_axis_variation,,0.0,0.0,38.9,13.73,46,36개 가정 전체에서 상위 10% 포함 여부가 바뀌지 않음
SC0803,대림하이빌 아파트 경로당,경로당,4812757000,양덕2동,마산회원구,scenario_stable_high_exposure,1.0,0.0,0.0,0.0,0,0,0,0.0,0.0,0.0,63.4,8.6,6.5,1.0,1.0,1.0,1.0,1.0,1.0,1.0,1.0,1.0,1.0,none,no_axis_variation,,0.0,0.0,94.2,25.01,86,36개 가정 전체에서 상위 10% 포함 여부가 바뀌지 않음
SC0807,메트로시티2단지경로당,경로당,4812757000,양덕2동,마산회원구,scenario_stable_high_exposure,1.0,0.0,0.0,0.0,0,0,0,0.0,0.0,0.0,97.2,3.3,5.2,1.0,1.0,1.0,1.0,1.0,1.0,1.0,1.0,1.0,1.0,none,no_axis_variation,,0.0,0.0,77.6,37.76,111,36개 가정 전체에서 상위 10% 포함 여부가 바뀌지 않음
SC0810,롯데캐슬하버팰리스아파트경로당,경로당,4812757000,양덕2동,마산회원구,scenario_stable_high_exposure,1.0,0.0,0.0,0.0,0,0,0,0.0,0.0,0.0,24.4,1.9,3.4,1.0,1.0,1.0,1.0,1.0,1.0,1.0,1.0,1.0,1.0,none,no_axis_variation,,0.0,0.0,13.8,10.4,34,36개 가정 전체에서 상위 10% 포함 여부가 바뀌지 않음
SC0834,제2남성경로당,경로당,4812761000,구암2동,마산회원구,scenario_stable_high_exposure,1.0,0.0,0.0,0.0,0,0,0,0.0,0.0,0.0,3.8,2.4,1.2,1.0,1.0,1.0,1.0,1.0,1.0,1.0,1.0,1.0,1.0,none,no_axis_variation,,0.0,0.0,22.6,2.06,9,36개 가정 전체에서 상위 10% 포함 여부가 바뀌지 않음
SC0835,제2여성경로당,경로당,4812761000,구암2동,마산회원구,scenario_stable_high_exposure,1.0,0.0,0.0,0.0,0,0,0,0.0,0.0,0.0,3.8,2.4,1.2,1.0,1.0,1.0,1.0,1.0,1.0,1.0,1.0,1.0,1.0,none,no_axis_variation,,0.0,0.0,22.6,2.06,9,36개 가정 전체에서 상위 10% 포함 여부가 바뀌지 않음
SC0842,봉암동제1남성경로당,경로당,4812762000,봉암동,마산회원구,scenario_stable_high_exposure,1.0,0.0,0.0,0.0,0,0,0,0.0,0.0,0.0,118.6,3.9,1.8,1.0,1.0,1.0,1.0,1.0,1.0,1.0,1.0,1.0,1.0,none,no_axis_variation,,0.0,0.0,42.3,50.06,125,36개 가정 전체에서 상위 10% 포함 여부가 바뀌지 않음
SC0843,봉암동제1여성경로당,경로당,4812762000,봉암동,마산회원구,scenario_stable_high_exposure,1.0,0.0,0.0,0.0,0,0,0,0.0,0.0,0.0,118.6,3.9,1.8,1.0,1.0,1.0,1.0,1.0,1.0,1.0,1.0,1.0,1.0,none,no_axis_variation,,0.0,0.0,42.3,50.06,125,36개 가정 전체에서 상위 10% 포함 여부가 바뀌지 않음
SC0844,봉암동제2남성경로당,경로당,4812762000,봉암동,마산회원구,scenario_stable_high_exposure,1.0,0.0,0.0,0.0,0,0,0,0.0,0.0,0.0,2.3,0.2,0.0,1.0,1.0,1.0,1.0,1.0,1.0,1.0,1.0,1.0,1.0,none,no_axis_variation,,0.0,0.0,2.1,1.05,3,36개 가정 전체에서 상위 10% 포함 여부가 바뀌지 않음
SC0845,봉암동제2여성경로당,경로당,4812762000,봉암동,마산회원구,scenario_stable_high_exposure,1.0,0.0,0.0,0.0,0,0,0,0.0,0.0,0.0,2.3,0.2,0.0,1.0,1.0,1.0,1.0,1.0,1.0,1.0,1.0,1.0,1.0,none,no_axis_variation,,0.0,0.0,2.1,1.05,3,36개 가정 전체에서 상위 10% 포함 여부가 바뀌지 않음
SC0846,봉암서광아파트경로당,경로당,4812762000,봉암동,마산회원구,scenario_stable_high_exposure,1.0,0.0,0.0,0.0,0,0,0,0.0,0.0,0.0,52.2,3.5,22.1,1.0,1.0,1.0,1.0,1.0,1.0,1.0,1.0,1.0,1.0,none,no_axis_variation,,0.0,0.0,81.3,22.07,82,36개 가정 전체에서 상위 10% 포함 여부가 바뀌지 않음
SC1004,월남경로당,경로당,4812964000,웅동1동,진해구,scenario_stable_high_exposure,1.0,0.0,0.0,0.0,0,0,0,0.0,0.0,0.0,51.2,20.3,7.3,1.0,1.0,1.0,1.0,1.0,1.0,1.0,1.0,1.0,1.0,none,no_axis_variation,,0.0,0.0,87.0,21.39,80,36개 가정 전체에서 상위 10% 포함 여부가 바뀌지 않음
SC1005,영길경로당,경로당,4812964000,웅동1동,진해구,scenario_stable_high_exposure,1.0,0.0,0.0,0.0,0,0,0,0.0,0.0,0.0,38.4,17.0,5.4,1.0,1.0,1.0,1.0,1.0,1.0,1.0,1.0,1.0,1.0,none,no_axis_variation,,0.0,0.0,72.6,16.54,57,36개 가정 전체에서 상위 10% 포함 여부가 바뀌지 않음
SC1006,영길부녀경로당,경로당,4812964000,웅동1동,진해구,scenario_stable_high_exposure,1.0,0.0,0.0,0.0,0,0,0,0.0,0.0,0.0,38.4,17.0,5.4,1.0,1.0,1.0,1.0,1.0,1.0,1.0,1.0,1.0,1.0,none,no_axis_variation,,0.0,0.0,72.6,16.54,57,36개 가정 전체에서 상위 10% 포함 여부가 바뀌지 않음
SC1009,청안해오름프리존빌경로당,경로당,4812964000,웅동1동,진해구,scenario_stable_high_exposure,1.0,0.0,0.0,0.0,0,0,0,0.0,0.0,0.0,47.3,16.0,5.1,1.0,1.0,1.0,1.0,1.0,1.0,1.0,1.0,1.0,1.0,none,no_axis_variation,,0.0,0.0,95.0,19.2,78,36개 가정 전체에서 상위 10% 포함 여부가 바뀌지 않음
SC1011,내곡경로당,경로당,4812964000,웅동1동,진해구,scenario_stable_high_exposure,1.0,0.0,0.0,0.0,0,0,0,0.0,0.0,0.0,16.3,18.4,13.2,1.0,1.0,1.0,1.0,1.0,1.0,1.0,1.0,1.0,1.0,none,no_axis_variation,,0.0,0.0,127.5,12.78,59,36개 가정 전체에서 상위 10% 포함 여부가 바뀌지 않음
SC1016,우방아이유쉘경로당,경로당,4812964000,웅동1동,진해구,scenario_stable_high_exposure,1.0,0.0,0.0,0.0,0,0,0,0.0,0.0,0.0,29.8,12.7,4.3,1.0,1.0,1.0,1.0,1.0,1.0,1.0,1.0,1.0,1.0,none,no_axis_variation,,0.0,0.0,51.4,12.73,44,36개 가정 전체에서 상위 10% 포함 여부가 바뀌지 않음
CC0220,창원시청어린이집,어린이집,4812351500,용지동,성산구,scenario_stable_high_exposure,0.972,0.1111,0.0833,0.0833,1,1,1,0.1111,0.0833,0.0833,96.6,17.1,7.4,1.0,1.0,1.0,0.8889,1.0,1.0,0.9167,1.0,1.0,0.9167,multiple_distance_settings,distance,0.4,0.1111,0.0833,115.8,38.55,118,거리 감쇠·버퍼 설정 축이 상대적으로 가장 큰 영향을 주나 다른 축도 함께 작용함 (축 기여 40%)
CC0232,창원중앙어린이집,어린이집,4812352000,중앙동,성산구,scenario_stable_high_exposure,0.972,0.1111,0.0833,0.0833,1,1,1,0.1111,0.0833,0.0833,79.7,7.9,6.8,1.0,1.0,1.0,0.8889,1.0,1.0,0.9167,1.0,1.0,0.9167,multiple_distance_settings,distance,0.4,0.1111,0.0833,125.1,32.15,97,거리 감쇠·버퍼 설정 축이 상대적으로 가장 큰 영향을 주나 다른 축도 함께 작용함 (축 기여 40%)
CC0283,경남청사 예다움어린이집,어린이집,4812563000,오동동,마산합포구,scenario_stable_high_exposure,0.972,0.1111,0.0833,0.0833,1,1,1,0.1111,0.0833,0.0833,104.6,11.5,7.6,0.8889,1.0,1.0,1.0,1.0,0.9167,1.0,1.0,1.0,0.9167,multiple_distance_settings,distance,0.4,0.1111,0.0833,118.7,42.71,123,거리 감쇠·버퍼 설정 축이 상대적으로 가장 큰 영향을 주나 다른 축도 함께 작용함 (축 기여 40%)
CC0348,아마데우스어린이집,어린이집,4812761000,구암2동,마산회원구,scenario_stable_high_exposure,0.972,0.1111,0.0833,0.0833,1,1,1,0.1111,0.0833,0.0833,48.0,10.7,8.0,1.0,0.8889,1.0,1.0,1.0,1.0,0.9167,0.9167,1.0,1.0,decay150_only,distance,0.4,0.1111,0.0833,120.2,19.2,71,거리 감쇠·버퍼 설정 축이 상대적으로 가장 큰 영향을 주나 다른 축도 함께 작용함 (축 기여 40%)
SC0270,중앙경로당,경로당,4812352000,중앙동,성산구,scenario_stable_high_exposure,0.972,0.1111,0.0833,0.0833,1,1,1,0.1111,0.0833,0.0833,69.0,7.2,6.3,1.0,1.0,1.0,0.8889,1.0,1.0,0.9167,1.0,1.0,0.9167,multiple_distance_settings,distance,0.4,0.1111,0.0833,127.9,28.33,84,거리 감쇠·버퍼 설정 축이 상대적으로 가장 큰 영향을 주나 다른 축도 함께 작용함 (축 기여 40%)
SC0436,외추경로당,경로당,4812533000,진북면,마산합포구,scenario_stable_high_exposure,0.972,0.1111,0.0833,0.0833,1,1,1,0.1111,0.0833,0.0833,65.0,9.6,6.6,1.0,1.0,1.0,0.8889,1.0,1.0,0.9167,1.0,1.0,0.9167,multiple_distance_settings,distance,0.4,0.1111,0.0833,132.5,27.25,83,거리 감쇠·버퍼 설정 축이 상대적으로 가장 큰 영향을 주나 다른 축도 함께 작용함 (축 기여 40%)
SC0832,제1남성경로당,경로당,4812761000,구암2동,마산회원구,scenario_stable_high_exposure,0.972,0.1111,0.0833,0.0833,1,1,1,0.1111,0.0833,0.0833,48.0,10.7,8.0,1.0,0.8889,1.0,1.0,1.0,1.0,0.9167,0.9167,1.0,1.0,decay150_only,distance,0.4,0.1111,0.0833,120.2,19.2,71,거리 감쇠·버퍼 설정 축이 상대적으로 가장 큰 영향을 주나 다른 축도 함께 작용함 (축 기여 40%)
SC0833,제1여성경로당,경로당,4812761000,구암2동,마산회원구,scenario_stable_high_exposure,0.972,0.1111,0.0833,0.0833,1,1,1,0.1111,0.0833,0.0833,48.0,10.7,8.0,1.0,0.8889,1.0,1.0,1.0,1.0,0.9167,0.9167,1.0,1.0,decay150_only,distance,0.4,0.1111,0.0833,120.2,19.2,71,거리 감쇠·버퍼 설정 축이 상대적으로 가장 큰 영향을 주나 다른 축도 함께 작용함 (축 기여 40%)
CC0080,창원시립 유니시티1단지어린이집,어린이집,4812151000,의창동,의창구,scenario_stable_non_high,0.028,0.1111,0.0833,0.0833,1,1,1,0.1111,0.0833,0.0833,189.4,55.8,29.0,0.1111,0.0,0.0,0.0,0.0833,0.0,0.0,0.0833,0.0,0.0,multiple_distance_settings,distance,0.4,0.1111,0.0833,263.2,91.22,264,거리 감쇠·버퍼 설정 축이 상대적으로 가장 큰 영향을 주나 다른 축도 함께 작용함 (축 기여 40%)
CC0085,다숲어린이집,어린이집,4812151000,의창동,의창구,scenario_stable_non_high,0.028,0.1111,0.0833,0.0833,1,1,1,0.1111,0.0833,0.0833,131.1,36.7,39.7,0.0,0.1111,0.0,0.0,0.0,0.0833,0.0,0.0833,0.0,0.0,decay150_only,distance,0.4,0.1111,0.0833,263.2,53.68,194,거리 감쇠·버퍼 설정 축이 상대적으로 가장 큰 영향을 주나 다른 축도 함께 작용함 (축 기여 40%)
CC0143,아이친구어린이집,어린이집,4812351000,반송동,성산구,scenario_stable_non_high,0.028,0.1111,0.0833,0.0833,1,1,1,0.1111,0.0833,0.0833,653.0,108.6,36.5,0.0,0.1111,0.0,0.0,0.0,0.0,0.0833,0.0833,0.0,0.0,decay150_only,distance,0.4,0.1111,0.0833,642.4,270.57,789,거리 감쇠·버퍼 설정 축이 상대적으로 가장 큰 영향을 주나 다른 축도 함께 작용함 (축 기여 40%)
CC0244,KIMS어린이집,어린이집,4812352000,중앙동,성산구,scenario_stable_non_high,0.028,0.1111,0.0833,0.0833,1,1,1,0.1111,0.0833,0.0833,148.7,18.0,40.3,0.0,0.1111,0.0,0.0,0.0,0.0833,0.0,0.0833,0.0,0.0,decay150_only,distance,0.4,0.1111,0.0833,278.6,63.74,222,거리 감쇠·버퍼 설정 축이 상대적으로 가장 큰 영향을 주나 다른 축도 함께 작용함 (축 기여 40%)
CC0436,근로복지공단 진해어린이집,어린이집,4812958000,석동,진해구,scenario_stable_non_high,0.028,0.1111,0.0833,0.0833,1,1,1,0.1111,0.0833,0.0833,258.0,35.8,142.5,0.0,0.1111,0.0,0.0,0.0,0.0833,0.0,0.0,0.0,0.0833,decay150_only,distance,0.4,0.1111,0.0833,361.1,114.71,419,거리 감쇠·버퍼 설정 축이 상대적으로 가장 큰 영향을 주나 다른 축도 함께 작용함 (축 기여 40%)
CH0049,행복한지역아동센터,지역아동센터,4812563000,오동동,마산합포구,scenario_stable_non_high,0.028,0.1111,0.0833,0.0833,1,1,1,0.1111,0.0833,0.0833,76.0,19.5,23.8,0.0,0.0,0.0,0.1111,0.0,0.0833,0.0,0.0833,0.0,0.0,multiple_distance_settings,distance,0.4,0.1111,0.0833,201.8,31.48,109,거리 감쇠·버퍼 설정 축이 상대적으로 가장 큰 영향을 주나 다른 축도 함께 작용함 (축 기여 40%)
SC0203,대동다숲아파트경로당,경로당,4812151000,의창동,의창구,scenario_stable_non_high,0.028,0.1111,0.0833,0.0833,1,1,1,0.1111,0.0833,0.0833,131.1,36.7,39.7,0.0,0.1111,0.0,0.0,0.0,0.0833,0.0,0.0833,0.0,0.0,decay150_only,distance,0.4,0.1111,0.0833,263.2,53.68,194,거리 감쇠·버퍼 설정 축이 상대적으로 가장 큰 영향을 주나 다른 축도 함께 작용함 (축 기여 40%)
SC0207,무학서문마을아파트경로당,경로당,4812151000,의창동,의창구,scenario_stable_non_high,0.028,0.1111,0.0833,0.0833,1,1,1,0.1111,0.0833,0.0833,231.4,39.7,40.8,0.0,0.1111,0.0,0.0,0.0,0.0833,0.0,0.0833,0.0,0.0,decay150_only,distance,0.4,0.1111,0.0833,316.5,90.73,305,거리 감쇠·버퍼 설정 축이 상대적으로 가장 큰 영향을 주나 다른 축도 함께 작용함 (축 기여 40%)
SC0208,유니시티1단지아파트경로당,경로당,4812151000,의창동,의창구,scenario_stable_non_high,0.028,0.1111,0.0833,0.0833,1,1,1,0.1111,0.0833,0.0833,189.4,55.8,29.0,0.1111,0.0,0.0,0.0,0.0833,0.0,0.0,0.0833,0.0,0.0,multiple_distance_settings,distance,0.4,0.1111,0.0833,263.2,91.22,264,거리 감쇠·버퍼 설정 축이 상대적으로 가장 큰 영향을 주나 다른 축도 함께 작용함 (축 기여 40%)
SC0261,현대건설A 경로당,경로당,4812351000,반송동,성산구,scenario_stable_non_high,0.028,0.1111,0.0833,0.0833,1,1,1,0.1111,0.0833,0.0833,670.9,112.2,36.6,0.0,0.1111,0.0,0.0,0.0,0.0,0.0833,0.0833,0.0,0.0,decay150_only,distance,0.4,0.1111,0.0833,640.1,270.7,807,거리 감쇠·버퍼 설정 축이 상대적으로 가장 큰 영향을 주나 다른 축도 함께 작용함 (축 기여 40%)
SC0262,현대산업A 경로당,경로당,4812351000,반송동,성산구,scenario_stable_non_high,0.028,0.1111,0.0833,0.0833,1,1,1,0.1111,0.0833,0.0833,653.0,108.6,36.5,0.0,0.1111,0.0,0.0,0.0,0.0,0.0833,0.0833,0.0,0.0,decay150_only,distance,0.4,0.1111,0.0833,642.4,270.57,789,거리 감쇠·버퍼 설정 축이 상대적으로 가장 큰 영향을 주나 다른 축도 함께 작용함 (축 기여 40%)
SC0443,중촌경로당,경로당,4812533000,진북면,마산합포구,scenario_stable_non_high,0.028,0.1111,0.0833,0.0833,1,1,1,0.1111,0.0833,0.0833,109.3,31.6,38.7,0.0,0.1111,0.0,0.0,0.0833,0.0,0.0,0.0833,0.0,0.0,decay150_only,distance,0.4,0.1111,0.0833,248.5,49.0,173,거리 감쇠·버퍼 설정 축이 상대적으로 가장 큰 영향을 주나 다른 축도 함께 작용함 (축 기여 40%)
SC0484,봉암경로당,경로당,<NA>,진전면,마산합포구,scenario_stable_non_high,0.028,0.1111,0.0833,0.0833,1,1,1,0.1111,0.0833,0.0833,129.2,5.0,36.0,0.1111,0.0,0.0,0.0,0.0833,0.0,0.0,0.0,0.0,0.0833,multiple_distance_settings,distance,0.4,0.1111,0.0833,212.7,55.57,180,거리 감쇠·버퍼 설정 축이 상대적으로 가장 큰 영향을 주나 다른 축도 함께 작용함 (축 기여 40%)
SC0717,죽암경로당,경로당,4812725000,내서읍,마산회원구,scenario_stable_non_high,0.028,0.1111,0.0833,0.0833,1,1,1,0.1111,0.0833,0.0833,30.9,20.6,80.4,0.0,0.1111,0.0,0.0,0.0,0.0833,0.0,0.0,0.0,0.0833,decay150_only,distance,0.4,0.1111,0.0833,208.4,38.92,143,거리 감쇠·버퍼 설정 축이 상대적으로 가장 큰 영향을 주나 다른 축도 함께 작용함 (축 기여 40%)
SC0847,봉암본동경로당,경로당,4812762000,봉암동,마산회원구,scenario_stable_non_high,0.028,0.1111,0.0833,0.0833,1,1,1,0.1111,0.0833,0.0833,117.4,4.6,36.2,0.1111,0.0,0.0,0.0,0.0833,0.0,0.0,0.0,0.0,0.0833,multiple_distance_settings,distance,0.4,0.1111,0.0833,212.2,50.78,166,거리 감쇠·버퍼 설정 축이 상대적으로 가장 큰 영향을 주나 다른 축도 함께 작용함 (축 기여 40%)
SC0848,봉암본동부녀경로당,경로당,4812762000,봉암동,마산회원구,scenario_stable_non_high,0.028,0.1111,0.0833,0.0833,1,1,1,0.1111,0.0833,0.0833,117.4,4.6,36.2,0.1111,0.0,0.0,0.0,0.0833,0.0,0.0,0.0,0.0,0.0833,multiple_distance_settings,distance,0.4,0.1111,0.0833,212.2,50.78,166,거리 감쇠·버퍼 설정 축이 상대적으로 가장 큰 영향을 주나 다른 축도 함께 작용함 (축 기여 40%)
SC0961,장천동경로당,경로당,4812962000,풍호동,진해구,scenario_stable_non_high,0.028,0.1111,0.0833,0.0833,1,1,1,0.1111,0.0833,0.0833,200.2,25.6,107.9,0.0,0.0,0.0,0.1111,0.0,0.0,0.0833,0.0,0.0,0.0833,multiple_distance_settings,distance,0.4,0.1111,0.0833,271.4,94.4,308,거리 감쇠·버퍼 설정 축이 상대적으로 가장 큰 영향을 주나 다른 축도 함께 작용함 (축 기여 40%)
SC0962,장천동부녀경로당,경로당,4812962000,풍호동,진해구,scenario_stable_non_high,0.028,0.1111,0.0833,0.0833,1,1,1,0.1111,0.0833,0.0833,200.2,25.6,107.9,0.0,0.0,0.0,0.1111,0.0,0.0,0.0833,0.0,0.0,0.0833,multiple_distance_settings,distance,0.4,0.1111,0.0833,271.4,94.4,308,거리 감쇠·버퍼 설정 축이 상대적으로 가장 큰 영향을 주나 다른 축도 함께 작용함 (축 기여 40%)
SC0972,장천대동다숲부녀경로당,경로당,4812962000,풍호동,진해구,scenario_stable_non_high,0.028,0.1111,0.0833,0.0833,1,1,1,0.1111,0.0833,0.0833,208.4,43.5,114.0,0.0,0.0,0.0,0.1111,0.0,0.0,0.0833,0.0,0.0,0.0833,multiple_distance_settings,distance,0.4,0.1111,0.0833,289.2,98.67,328,거리 감쇠·버퍼 설정 축이 상대적으로 가장 큰 영향을 주나 다른 축도 함께 작용함 (축 기여 40%)
CC0003,청아어린이집,어린이집,4812125000,동읍,의창구,scenario_stable_non_high,0.0,0.0,0.0,0.0,0,0,0,0.0,0.0,0.0,373.0,16.4,47.3,0.0,0.0,0.0,0.0,0.0,0.0,0.0,0.0,0.0,0.0,none,no_axis_variation,,0.0,0.0,555.1,146.82,438,36개 가정 전체에서 상위 10% 포함 여부가 바뀌지 않음
CC0004,청음어린이집,어린이집,4812125000,동읍,의창구,scenario_stable_non_high,0.0,0.0,0.0,0.0,0,0,0,0.0,0.0,0.0,338.3,14.4,45.9,0.0,0.0,0.0,0.0,0.0,0.0,0.0,0.0,0.0,0.0,none,no_axis_variation,,0.0,0.0,567.8,132.36,403,36개 가정 전체에서 상위 10% 포함 여부가 바뀌지 않음
CC0005,꿈샘어린이집,어린이집,4812125000,동읍,의창구,scenario_stable_non_high,0.0,0.0,0.0,0.0,0,0,0,0.0,0.0,0.0,548.6,34.6,19.8,0.0,0.0,0.0,0.0,0.0,0.0,0.0,0.0,0.0,0.0,none,no_axis_variation,,0.0,0.0,1119.2,216.87,604,36개 가정 전체에서 상위 10% 포함 여부가 바뀌지 않음
CC0006,동읍다람어린이집,어린이집,4812125000,동읍,의창구,scenario_stable_non_high,0.0,0.0,0.0,0.0,0,0,0,0.0,0.0,0.0,85.7,8.4,39.5,0.0,0.0,0.0,0.0,0.0,0.0,0.0,0.0,0.0,0.0,none,no_axis_variation,,0.0,0.0,747.0,35.44,140,36개 가정 전체에서 상위 10% 포함 여부가 바뀌지 않음
CC0007,무궁화어린이집,어린이집,4812125000,동읍,의창구,scenario_stable_non_high,0.0,0.0,0.0,0.0,0,0,0,0.0,0.0,0.0,188.2,19.6,40.0,0.0,0.0,0.0,0.0,0.0,0.0,0.0,0.0,0.0,0.0,none,no_axis_variation,,0.0,0.0,635.6,70.66,241,36개 가정 전체에서 상위 10% 포함 여부가 바뀌지 않음
CC0008,햇살나무어린이집,어린이집,4812125000,동읍,의창구,scenario_stable_non_high,0.0,0.0,0.0,0.0,0,0,0,0.0,0.0,0.0,57.2,19.3,19.3,0.0,0.0,0.0,0.0,0.0,0.0,0.0,0.0,0.0,0.0,none,no_axis_variation,,0.0,0.0,1035.1,26.64,93,36개 가정 전체에서 상위 10% 포함 여부가 바뀌지 않음
CC0009,동부산솔밭어린이집,어린이집,4812125000,동읍,의창구,scenario_stable_non_high,0.0,0.0,0.0,0.0,0,0,0,0.0,0.0,0.0,82.7,14.6,19.5,0.0,0.0,0.0,0.0,0.0,0.0,0.0,0.0,0.0,0.0,none,no_axis_variation,,0.0,0.0,1153.1,36.24,124,36개 가정 전체에서 상위 10% 포함 여부가 바뀌지 않음
CC0010,동창원어린이집,어린이집,4812125000,동읍,의창구,scenario_stable_non_high,0.0,0.0,0.0,0.0,0,0,0,0.0,0.0,0.0,76.6,8.8,20.5,0.0,0.0,0.0,0.0,0.0,0.0,0.0,0.0,0.0,0.0,none,no_axis_variation,,0.0,0.0,1104.2,30.71,111,36개 가정 전체에서 상위 10% 포함 여부가 바뀌지 않음
CC0011,칠성그린어린이집,어린이집,4812125000,동읍,의창구,scenario_stable_non_high,0.0,0.0,0.0,0.0,0,0,0,0.0,0.0,0.0,349.7,9.3,29.1,0.0,0.0,0.0,0.0,0.0,0.0,0.0,0.0,0.0,0.0,none,no_axis_variation,,0.0,0.0,798.9,129.48,385,36개 가정 전체에서 상위 10% 포함 여부가 바뀌지 않음
CC0012,창원시립 명곡어린이집,어린이집,4812153000,명곡동,의창구,scenario_stable_non_high,0.0,0.0,0.0,0.0,0,0,0,0.0,0.0,0.0,242.0,10.0,53.0,0.0,0.0,0.0,0.0,0.0,0.0,0.0,0.0,0.0,0.0,none,no_axis_variation,,0.0,0.0,484.6,91.22,313,36개 가정 전체에서 상위 10% 포함 여부가 바뀌지 않음
CC0013,창원시립 명곡포엘른어린이집,어린이집,4812153000,명곡동,의창구,scenario_stable_non_high,0.0,0.0,0.0,0.0,0,0,0,0.0,0.0,0.0,134.0,18.2,8.3,0.0,0.0,0.0,0.0,0.0,0.0,0.0,0.0,0.0,0.0,none,no_axis_variation,,0.0,0.0,1375.9,50.53,165,36개 가정 전체에서 상위 10% 포함 여부가 바뀌지 않음
CC0014,창원시립 호산나어린이집,어린이집,4812153000,명곡동,의창구,scenario_stable_non_high,0.0,0.0,0.0,0.0,0,0,0,0.0,0.0,0.0,79.4,23.0,51.0,0.0,0.0,0.0,0.0,0.0,0.0,0.0,0.0,0.0,0.0,none,no_axis_variation,,0.0,0.0,468.4,41.18,165,36개 가정 전체에서 상위 10% 포함 여부가 바뀌지 않음
CC0015,사랑의어린이집,어린이집,4812153000,명곡동,의창구,scenario_stable_non_high,0.0,0.0,0.0,0.0,0,0,0,0.0,0.0,0.0,39.0,9.5,9.4,0.0,0.0,0.0,0.0,0.0,0.0,0.0,0.0,0.0,0.0,none,no_axis_variation,,0.0,0.0,1451.5,16.7,57,36개 가정 전체에서 상위 10% 포함 여부가 바뀌지 않음
CC0016,무지개어린이집,어린이집,4812153000,명곡동,의창구,scenario_stable_non_high,0.0,0.0,0.0,0.0,0,0,0,0.0,0.0,0.0,171.7,41.4,51.5,0.0,0.0,0.0,0.0,0.0,0.0,0.0,0.0,0.0,0.0,none,no_axis_variation,,0.0,0.0,498.8,71.87,251,36개 가정 전체에서 상위 10% 포함 여부가 바뀌지 않음
CC0017,브레인영재어린이집,어린이집,4812153000,명곡동,의창구,scenario_stable_non_high,0.0,0.0,0.0,0.0,0,0,0,0.0,0.0,0.0,157.1,36.7,42.2,0.0,0.0,0.0,0.0,0.0,0.0,0.0,0.0,0.0,0.0,none,no_axis_variation,,0.0,0.0,335.7,62.09,235,36개 가정 전체에서 상위 10% 포함 여부가 바뀌지 않음
CC0018,새순어린이집,어린이집,4812153000,명곡동,의창구,scenario_stable_non_high,0.0,0.0,0.0,0.0,0,0,0,0.0,0.0,0.0,252.4,29.0,50.2,0.0,0.0,0.0,0.0,0.0,0.0,0.0,0.0,0.0,0.0,none,no_axis_variation,,0.0,0.0,495.9,96.13,331,36개 가정 전체에서 상위 10% 포함 여부가 바뀌지 않음
CC0019,아이사랑어린이집,어린이집,4812153000,명곡동,의창구,scenario_stable_non_high,0.0,0.0,0.0,0.0,0,0,0,0.0,0.0,0.0,157.4,30.2,47.5,0.0,0.0,0.0,0.0,0.0,0.0,0.0,0.0,0.0,0.0,none,no_axis_variation,,0.0,0.0,549.2,69.56,238,36개 가정 전체에서 상위 10% 포함 여부가 바뀌지 않음
CC0020,양지어린이집,어린이집,4812153000,명곡동,의창구,scenario_stable_non_high,0.0,0.0,0.0,0.0,0,0,0,0.0,0.0,0.0,159.9,34.7,43.4,0.0,0.0,0.0,0.0,0.0,0.0,0.0,0.0,0.0,0.0,none,no_axis_variation,,0.0,0.0,354.2,62.32,237,36개 가정 전체에서 상위 10% 포함 여부가 바뀌지 않음
CC0021,예림어린이집,어린이집,4812153000,명곡동,의창구,scenario_stable_non_high,0.0,0.0,0.0,0.0,0,0,0,0.0,0.0,0.0,54.1,13.3,21.5,0.0,0.0,0.0,0.0,0.0,0.0,0.0,0.0,0.0,0.0,none,no_axis_variation,,0.0,0.0,948.0,24.58,93,36개 가정 전체에서 상위 10% 포함 여부가 바뀌지 않음
CC0022,키즈숲어린이집,어린이집,4812153000,명곡동,의창구,scenario_stable_non_high,0.0,0.0,0.0,0.0,0,0,0,0.0,0.0,0.0,156.3,20.8,43.4,0.0,0.0,0.0,0.0,0.0,0.0,0.0,0.0,0.0,0.0,none,no_axis_variation,,0.0,0.0,372.9,62.73,216,36개 가정 전체에서 상위 10% 포함 여부가 바뀌지 않음
CC0023,하버드영재어린이집,어린이집,4812153000,명곡동,의창구,scenario_stable_non_high,0.0,0.0,0.0,0.0,0,0,0,0.0,0.0,0.0,245.2,10.9,44.2,0.0,0.0,0.0,0.0,0.0,0.0,0.0,0.0,0.0,0.0,none,no_axis_variation,,0.0,0.0,361.2,94.91,306,36개 가정 전체에서 상위 10% 포함 여부가 바뀌지 않음
CC0024,행복한아이어린이집,어린이집,4812153000,명곡동,의창구,scenario_stable_non_high,0.0,0.0,0.0,0.0,0,0,0,0.0,0.0,0.0,166.1,17.6,43.4,0.0,0.0,0.0,0.0,0.0,0.0,0.0,0.0,0.0,0.0,none,no_axis_variation,,0.0,0.0,365.8,63.45,227,36개 가정 전체에서 상위 10% 포함 여부가 바뀌지 않음
CC0025,나무향기어린이집,어린이집,4812153000,명곡동,의창구,scenario_stable_non_high,0.0,0.0,0.0,0.0,0,0,0,0.0,0.0,0.0,106.9,27.5,33.5,0.0,0.0,0.0,0.0,0.0,0.0,0.0,0.0,0.0,0.0,none,no_axis_variation,,0.0,0.0,842.7,43.06,156,36개 가정 전체에서 상위 10% 포함 여부가 바뀌지 않음
CC0026,샘물어린이집,어린이집,4812153000,명곡동,의창구,scenario_stable_non_high,0.0,0.0,0.0,0.0,0,0,0,0.0,0.0,0.0,34.1,12.8,10.6,0.0,0.0,0.0,0.0,0.0,0.0,0.0,0.0,0.0,0.0,none,no_axis_variation,,0.0,0.0,1376.0,16.13,62,36개 가정 전체에서 상위 10% 포함 여부가 바뀌지 않음
CC0027,성신어린이집,어린이집,4812153000,명곡동,의창구,scenario_stable_non_high,0.0,0.0,0.0,0.0,0,0,0,0.0,0.0,0.0,98.0,8.9,22.9,0.0,0.0,0.0,0.0,0.0,0.0,0.0,0.0,0.0,0.0,none,no_axis_variation,,0.0,0.0,918.8,40.11,128,36개 가정 전체에서 상위 10% 포함 여부가 바뀌지 않음
CC0028,소망어린이집,어린이집,4812153000,명곡동,의창구,scenario_stable_non_high,0.0,0.0,0.0,0.0,0,0,0,0.0,0.0,0.0,45.6,31.7,16.2,0.0,0.0,0.0,0.0,0.0,0.0,0.0,0.0,0.0,0.0,none,no_axis_variation,,0.0,0.0,1207.1,24.58,109,36개 가정 전체에서 상위 10% 포함 여부가 바뀌지 않음
CC0029,신나는어린이집,어린이집,4812153000,명곡동,의창구,scenario_stable_non_high,0.0,0.0,0.0,0.0,0,0,0,0.0,0.0,0.0,772.1,22.7,41.9,0.0,0.0,0.0,0.0,0.0,0.0,0.0,0.0,0.0,0.0,none,no_axis_variation,,0.0,0.0,810.1,318.01,833,36개 가정 전체에서 상위 10% 포함 여부가 바뀌지 않음
CC0031,창원시립 봉곡어린이집,어린이집,4812154000,봉림동,의창구,scenario_stable_non_high,0.0,0.0,0.0,0.0,0,0,0,0.0,0.0,0.0,423.1,31.7,17.6,0.0,0.0,0.0,0.0,0.0,0.0,0.0,0.0,0.0,0.0,none,no_axis_variation,,0.0,0.0,1044.8,158.53,459,36개 가정 전체에서 상위 10% 포함 여부가 바뀌지 않음
CC0032,창원시립 사림어린이집,어린이집,4812154000,봉림동,의창구,scenario_stable_non_high,0.0,0.0,0.0,0.0,0,0,0,0.0,0.0,0.0,56.3,12.5,17.2,0.0,0.0,0.0,0.0,0.0,0.0,0.0,0.0,0.0,0.0,none,no_axis_variation,,0.0,0.0,981.7,24.13,89,36개 가정 전체에서 상위 10% 포함 여부가 바뀌지 않음
CC0033,성아어린이집,어린이집,4812154000,봉림동,의창구,scenario_stable_non_high,0.0,0.0,0.0,0.0,0,0,0,0.0,0.0,0.0,522.1,32.4,33.4,0.0,0.0,0.0,0.0,0.0,0.0,0.0,0.0,0.0,0.0,none,no_axis_variation,,0.0,0.0,738.3,189.55,585,36개 가정 전체에서 상위 10% 포함 여부가 바뀌지 않음
CC0034,새창원교회부설어린이집,어린이집,4812154000,봉림동,의창구,scenario_stable_non_high,0.0,0.0,0.0,0.0,0,0,0,0.0,0.0,0.0,376.2,1.8,18.0,0.0,0.0,0.0,0.0,0.0,0.0,0.0,0.0,0.0,0.0,none,no_axis_variation,,0.0,0.0,1036.7,137.78,405,36개 가정 전체에서 상위 10% 포함 여부가 바뀌지 않음
CC0035,자연봄어린이집,어린이집,4812154000,봉림동,의창구,scenario_stable_non_high,0.0,0.0,0.0,0.0,0,0,0,0.0,0.0,0.0,484.5,28.0,23.7,0.0,0.0,0.0,0.0,0.0,0.0,0.0,0.0,0.0,0.0,none,no_axis_variation,,0.0,0.0,848.2,185.6,537,36개 가정 전체에서 상위 10% 포함 여부가 바뀌지 않음
CC0036,꿀벌어린이집,어린이집,4812154000,봉림동,의창구,scenario_stable_non_high,0.0,0.0,0.0,0.0,0,0,0,0.0,0.0,0.0,218.1,36.3,16.7,0.0,0.0,0.0,0.0,0.0,0.0,0.0,0.0,0.0,0.0,none,no_axis_variation,,0.0,0.0,1180.2,82.36,263,36개 가정 전체에서 상위 10% 포함 여부가 바뀌지 않음
CC0037,다정어린이집,어린이집,4812154000,봉림동,의창구,scenario_stable_non_high,0.0,0.0,0.0,0.0,0,0,0,0.0,0.0,0.0,436.4,18.8,20.0,0.0,0.0,0.0,0.0,0.0,0.0,0.0,0.0,0.0,0.0,none,no_axis_variation,,0.0,0.0,1041.3,179.07,471,36개 가정 전체에서 상위 10% 포함 여부가 바뀌지 않음
CC0038,은비어린이집,어린이집,4812154000,봉림동,의창구,scenario_stable_non_high,0.0,0.0,0.0,0.0,0,0,0,0.0,0.0,0.0,79.4,17.4,11.8,0.0,0.0,0.0,0.0,0.0,0.0,0.0,0.0,0.0,0.0,none,no_axis_variation,,0.0,0.0,1252.6,33.46,114,36개 가정 전체에서 상위 10% 포함 여부가 바뀌지 않음
CC0039,피닉스자연숲어린이집,어린이집,4812154000,봉림동,의창구,scenario_stable_non_high,0.0,0.0,0.0,0.0,0,0,0,0.0,0.0,0.0,430.4,24.5,25.2,0.0,0.0,0.0,0.0,0.0,0.0,0.0,0.0,0.0,0.0,none,no_axis_variation,,0.0,0.0,826.3,162.59,474,36개 가정 전체에서 상위 10% 포함 여부가 바뀌지 않음
CC0040,휴먼어린이집,어린이집,4812154000,봉림동,의창구,scenario_stable_non_high,0.0,0.0,0.0,0.0,0,0,0,0.0,0.0,0.0,179.4,19.4,18.1,0.0,0.0,0.0,0.0,0.0,0.0,0.0,0.0,0.0,0.0,none,no_axis_variation,,0.0,0.0,1091.9,68.36,214,36개 가정 전체에서 상위 10% 포함 여부가 바뀌지 않음
CC0041,경상남도청어린이집,어린이집,4812154000,봉림동,의창구,scenario_stable_non_high,0.0,0.0,0.0,0.0,0,0,0,0.0,0.0,0.0,184.8,74.4,30.1,0.0,0.0,0.0,0.0,0.0,0.0,0.0,0.0,0.0,0.0,none,no_axis_variation,,0.0,0.0,828.1,86.4,291,36개 가정 전체에서 상위 10% 포함 여부가 바뀌지 않음
CC0043,미래나무어린이집,어린이집,4812154000,봉림동,의창구,scenario_stable_non_high,0.0,0.0,0.0,0.0,0,0,0,0.0,0.0,0.0,142.6,28.5,14.5,0.0,0.0,0.0,0.0,0.0,0.0,0.0,0.0,0.0,0.0,none,no_axis_variation,,0.0,0.0,1214.8,54.76,187,36개 가정 전체에서 상위 10% 포함 여부가 바뀌지 않음
CC0044,창원시립 감계아내어린이집,어린이집,4812131000,북면,의창구,scenario_stable_non_high,0.0,0.0,0.0,0.0,0,0,0,0.0,0.0,0.0,148.8,17.7,33.2,0.0,0.0,0.0,0.0,0.0,0.0,0.0,0.0,0.0,0.0,none,no_axis_variation,,0.0,0.0,757.8,57.77,214,36개 가정 전체에서 상위 10% 포함 여부가 바뀌지 않음
CC0045,창원시립 감계은빛어린이집,어린이집,4812131000,북면,의창구,scenario_stable_non_high,0.0,0.0,0.0,0.0,0,0,0,0.0,0.0,0.0,174.4,8.5,28.2,0.0,0.0,0.0,0.0,0.0,0.0,0.0,0.0,0.0,0.0,none,no_axis_variation,,0.0,0.0,861.1,66.83,209,36개 가정 전체에서 상위 10% 포함 여부가 바뀌지 않음
CC0046,창원시립 무동별빛어린이집,어린이집,4812131000,북면,의창구,scenario_stable_non_high,0.0,0.0,0.0,0.0,0,0,0,0.0,0.0,0.0,41.4,4.8,8.1,0.0,0.0,0.0,0.0,0.0,0.0,0.0,0.0,0.0,0.0,none,no_axis_variation,,0.0,0.0,1483.5,15.7,54,36개 가정 전체에서 상위 10% 포함 여부가 바뀌지 않음
CC0047,창원시립 무동어린이집,어린이집,4812131000,북면,의창구,scenario_stable_non_high,0.0,0.0,0.0,0.0,0,0,0,0.0,0.0,0.0,111.0,3.1,8.6,0.0,0.0,0.0,0.0,0.0,0.0,0.0,0.0,0.0,0.0,none,no_axis_variation,,0.0,0.0,1355.4,44.49,124,36개 가정 전체에서 상위 10% 포함 여부가 바뀌지 않음
CC0048,창원시립 북면어린이집,어린이집,4812131000,북면,의창구,scenario_stable_non_high,0.0,0.0,0.0,0.0,0,0,0,0.0,0.0,0.0,47.0,3.5,4.0,0.0,0.0,0.0,0.0,0.0,0.0,0.0,0.0,0.0,0.0,none,no_axis_variation,,0.0,0.0,1506.7,19.68,56,36개 가정 전체에서 상위 10% 포함 여부가 바뀌지 않음
CC0049,창원시립 빈세앙어린이집,어린이집,4812131000,북면,의창구,scenario_stable_non_high,0.0,0.0,0.0,0.0,0,0,0,0.0,0.0,0.0,119.1,37.9,49.2,0.0,0.0,0.0,0.0,0.0,0.0,0.0,0.0,0.0,0.0,none,no_axis_variation,,0.0,0.0,596.0,54.28,200,36개 가정 전체에서 상위 10% 포함 여부가 바뀌지 않음
CC0050,창원시립 예그린어린이집,어린이집,4812131000,북면,의창구,scenario_stable_non_high,0.0,0.0,0.0,0.0,0,0,0,0.0,0.0,0.0,81.2,32.0,18.0,0.0,0.0,0.0,0.0,0.0,0.0,0.0,0.0,0.0,0.0,none,no_axis_variation,,0.0,0.0,1021.7,35.24,127,36개 가정 전체에서 상위 10% 포함 여부가 바뀌지 않음
CC0051,창원시립 예쁜아이어린이집,어린이집,4812131000,북면,의창구,scenario_stable_non_high,0.0,0.0,0.0,0.0,0,0,0,0.0,0.0,0.0,471.8,18.7,23.3,0.0,0.0,0.0,0.0,0.0,0.0,0.0,0.0,0.0,0.0,none,no_axis_variation,,0.0,0.0,965.5,175.51,516,36개 가정 전체에서 상위 10% 포함 여부가 바뀌지 않음
CC0052,창원시립 포레힐스데시앙어린이집,어린이집,4812131000,북면,의창구,scenario_stable_non_high,0.0,0.0,0.0,0.0,0,0,0,0.0,0.0,0.0,205.5,49.9,42.8,0.0,0.0,0.0,0.0,0.0,0.0,0.0,0.0,0.0,0.0,none,no_axis_variation,,0.0,0.0,324.5,80.41,287,36개 가정 전체에서 상위 10% 포함 여부가 바뀌지 않음
CC0053,바른손어린이집,어린이집,4812131000,북면,의창구,scenario_stable_non_high,0.0,0.0,0.0,0.0,0,0,0,0.0,0.0,0.0,287.9,45.4,35.3,0.0,0.0,0.0,0.0,0.0,0.0,0.0,0.0,0.0,0.0,none,no_axis_variation,,0.0,0.0,713.4,110.49,355,36개 가정 전체에서 상위 10% 포함 여부가 바뀌지 않음
CC0054,즐거운성아어린이집,어린이집,4812131000,북면,의창구,scenario_stable_non_high,0.0,0.0,0.0,0.0,0,0,0,0.0,0.0,0.0,191.6,13.8,9.6,0.0,0.0,0.0,0.0,0.0,0.0,0.0,0.0,0.0,0.0,none,no_axis_variation,,0.0,0.0,1419.1,77.66,221,36개 가정 전체에서 상위 10% 포함 여부가 바뀌지 않음
CC0055,나무와샘어린이집,어린이집,4812131000,북면,의창구,scenario_stable_non_high,0.0,0.0,0.0,0.0,0,0,0,0.0,0.0,0.0,132.3,13.3,8.5,0.0,0.0,0.0,0.0,0.0,0.0,0.0,0.0,0.0,0.0,none,no_axis_variation,,0.0,0.0,1313.9,56.54,156,36개 가정 전체에서 상위 10% 포함 여부가 바뀌지 않음
CC0056,무동애플키즈어린이집,어린이집,4812131000,북면,의창구,scenario_stable_non_high,0.0,0.0,0.0,0.0,0,0,0,0.0,0.0,0.0,226.1,10.9,10.1,0.0,0.0,0.0,0.0,0.0,0.0,0.0,0.0,0.0,0.0,none,no_axis_variation,,0.0,0.0,1343.0,96.2,259,36개 가정 전체에서 상위 10% 포함 여부가 바뀌지 않음
CC0057,숲속하늘빛어린이집,어린이집,4812131000,북면,의창구,scenario_stable_non_high,0.0,0.0,0.0,0.0,0,0,0,0.0,0.0,0.0,55.8,15.7,15.3,0.0,0.0,0.0,0.0,0.0,0.0,0.0,0.0,0.0,0.0,none,no_axis_variation,,0.0,0.0,1239.7,23.47,86,36개 가정 전체에서 상위 10% 포함 여부가 바뀌지 않음
CC0058,아라숲어린이집,어린이집,4812131000,북면,의창구,scenario_stable_non_high,0.0,0.0,0.0,0.0,0,0,0,0.0,0.0,0.0,346.2,29.9,17.7,0.0,0.0,0.0,0.0,0.0,0.0,0.0,0.0,0.0,0.0,none,no_axis_variation,,0.0,0.0,1156.8,131.63,389,36개 가정 전체에서 상위 10% 포함 여부가 바뀌지 않음
CC0059,지안어린이집,어린이집,4812131000,북면,의창구,scenario_stable_non_high,0.0,0.0,0.0,0.0,0,0,0,0.0,0.0,0.0,13.0,1.1,4.6,0.0,0.0,0.0,0.0,0.0,0.0,0.0,0.0,0.0,0.0,none,no_axis_variation,,0.0,0.0,1514.5,5.3,18,36개 가정 전체에서 상위 10% 포함 여부가 바뀌지 않음
CC0060,키즈엘리스숲어린이집,어린이집,4812131000,북면,의창구,scenario_stable_non_high,0.0,0.0,0.0,0.0,0,0,0,0.0,0.0,0.0,102.3,27.4,16.9,0.0,0.0,0.0,0.0,0.0,0.0,0.0,0.0,0.0,0.0,none,no_axis_variation,,0.0,0.0,1040.0,43.63,141,36개 가정 전체에서 상위 10% 포함 여부가 바뀌지 않음
CC0061,키즈힐스어린이집,어린이집,4812131000,북면,의창구,scenario_stable_non_high,0.0,0.0,0.0,0.0,0,0,0,0.0,0.0,0.0,174.4,8.5,28.2,0.0,0.0,0.0,0.0,0.0,0.0,0.0,0.0,0.0,0.0,none,no_axis_variation,,0.0,0.0,861.1,66.83,209,36개 가정 전체에서 상위 10% 포함 여부가 바뀌지 않음
CC0062,푸르지오어린이집,어린이집,4812131000,북면,의창구,scenario_stable_non_high,0.0,0.0,0.0,0.0,0,0,0,0.0,0.0,0.0,189.8,32.4,35.8,0.0,0.0,0.0,0.0,0.0,0.0,0.0,0.0,0.0,0.0,none,no_axis_variation,,0.0,0.0,724.3,80.04,260,36개 가정 전체에서 상위 10% 포함 여부가 바뀌지 않음
CC0063,휴먼빌어린이집,어린이집,4812131000,북면,의창구,scenario_stable_non_high,0.0,0.0,0.0,0.0,0,0,0,0.0,0.0,0.0,47.7,8.3,25.2,0.0,0.0,0.0,0.0,0.0,0.0,0.0,0.0,0.0,0.0,none,no_axis_variation,,0.0,0.0,882.7,22.98,86,36개 가정 전체에서 상위 10% 포함 여부가 바뀌지 않음
CC0064,힐스뜰어린이집,어린이집,4812131000,북면,의창구,scenario_stable_non_high,0.0,0.0,0.0,0.0,0,0,0,0.0,0.0,0.0,337.0,23.3,32.3,0.0,0.0,0.0,0.0,0.0,0.0,0.0,0.0,0.0,0.0,none,no_axis_variation,,0.0,0.0,797.9,132.8,393,36개 가정 전체에서 상위 10% 포함 여부가 바뀌지 않음
CC0065,힐스아이어린이집,어린이집,4812131000,북면,의창구,scenario_stable_non_high,0.0,0.0,0.0,0.0,0,0,0,0.0,0.0,0.0,227.5,9.3,27.7,0.0,0.0,0.0,0.0,0.0,0.0,0.0,0.0,0.0,0.0,none,no_axis_variation,,0.0,0.0,858.6,89.01,274,36개 가정 전체에서 상위 10% 포함 여부가 바뀌지 않음
CC0066,꼬마숲어린이집,어린이집,4812131000,북면,의창구,scenario_stable_non_high,0.0,0.0,0.0,0.0,0,0,0,0.0,0.0,0.0,337.0,23.3,32.3,0.0,0.0,0.0,0.0,0.0,0.0,0.0,0.0,0.0,0.0,none,no_axis_variation,,0.0,0.0,797.9,132.8,393,36개 가정 전체에서 상위 10% 포함 여부가 바뀌지 않음
CC0067,꿈땅어린이집,어린이집,4812131000,북면,의창구,scenario_stable_non_high,0.0,0.0,0.0,0.0,0,0,0,0.0,0.0,0.0,174.4,8.5,28.2,0.0,0.0,0.0,0.0,0.0,0.0,0.0,0.0,0.0,0.0,none,no_axis_variation,,0.0,0.0,861.1,66.83,209,36개 가정 전체에서 상위 10% 포함 여부가 바뀌지 않음
CC0068,다인어린이집,어린이집,4812131000,북면,의창구,scenario_stable_non_high,0.0,0.0,0.0,0.0,0,0,0,0.0,0.0,0.0,174.4,8.5,28.2,0.0,0.0,0.0,0.0,0.0,0.0,0.0,0.0,0.0,0.0,none,no_axis_variation,,0.0,0.0,861.1,66.83,209,36개 가정 전체에서 상위 10% 포함 여부가 바뀌지 않음
CC0069,다하어린이집,어린이집,4812131000,북면,의창구,scenario_stable_non_high,0.0,0.0,0.0,0.0,0,0,0,0.0,0.0,0.0,346.2,29.9,17.7,0.0,0.0,0.0,0.0,0.0,0.0,0.0,0.0,0.0,0.0,none,no_axis_variation,,0.0,0.0,1156.8,131.63,389,36개 가정 전체에서 상위 10% 포함 여부가 바뀌지 않음
CC0070,라니어린이집,어린이집,4812131000,북면,의창구,scenario_stable_non_high,0.0,0.0,0.0,0.0,0,0,0,0.0,0.0,0.0,471.8,18.7,23.3,0.0,0.0,0.0,0.0,0.0,0.0,0.0,0.0,0.0,0.0,none,no_axis_variation,,0.0,0.0,965.5,175.51,516,36개 가정 전체에서 상위 10% 포함 여부가 바뀌지 않음
CC0071,라별어린이집,어린이집,4812131000,북면,의창구,scenario_stable_non_high,0.0,0.0,0.0,0.0,0,0,0,0.0,0.0,0.0,227.5,9.3,27.7,0.0,0.0,0.0,0.0,0.0,0.0,0.0,0.0,0.0,0.0,none,no_axis_variation,,0.0,0.0,858.6,89.01,274,36개 가정 전체에서 상위 10% 포함 여부가 바뀌지 않음
CC0072,무동아이별어린이집,어린이집,4812131000,북면,의창구,scenario_stable_non_high,0.0,0.0,0.0,0.0,0,0,0,0.0,0.0,0.0,226.1,10.9,10.1,0.0,0.0,0.0,0.0,0.0,0.0,0.0,0.0,0.0,0.0,none,no_axis_variation,,0.0,0.0,1343.0,96.2,259,36개 가정 전체에서 상위 10% 포함 여부가 바뀌지 않음
CC0073,무지개꼬마숲어린이집,어린이집,4812131000,북면,의창구,scenario_stable_non_high,0.0,0.0,0.0,0.0,0,0,0,0.0,0.0,0.0,47.7,8.3,25.2,0.0,0.0,0.0,0.0,0.0,0.0,0.0,0.0,0.0,0.0,none,no_axis_variation,,0.0,0.0,882.7,22.98,86,36개 가정 전체에서 상위 10% 포함 여부가 바뀌지 않음
CC0074,별하어린이집,어린이집,4812131000,북면,의창구,scenario_stable_non_high,0.0,0.0,0.0,0.0,0,0,0,0.0,0.0,0.0,227.5,9.3,27.7,0.0,0.0,0.0,0.0,0.0,0.0,0.0,0.0,0.0,0.0,none,no_axis_variation,,0.0,0.0,858.6,89.01,274,36개 가정 전체에서 상위 10% 포함 여부가 바뀌지 않음
CC0075,아가별꽃어린이집,어린이집,4812131000,북면,의창구,scenario_stable_non_high,0.0,0.0,0.0,0.0,0,0,0,0.0,0.0,0.0,471.8,18.7,23.3,0.0,0.0,0.0,0.0,0.0,0.0,0.0,0.0,0.0,0.0,none,no_axis_variation,,0.0,0.0,965.5,175.51,516,36개 가정 전체에서 상위 10% 포함 여부가 바뀌지 않음
CC0076,아이꽃어린이집,어린이집,4812131000,북면,의창구,scenario_stable_non_high,0.0,0.0,0.0,0.0,0,0,0,0.0,0.0,0.0,55.8,15.7,15.3,0.0,0.0,0.0,0.0,0.0,0.0,0.0,0.0,0.0,0.0,none,no_axis_variation,,0.0,0.0,1239.7,23.47,86,36개 가정 전체에서 상위 10% 포함 여부가 바뀌지 않음
CC0077,재미난어린이집,어린이집,4812131000,북면,의창구,scenario_stable_non_high,0.0,0.0,0.0,0.0,0,0,0,0.0,0.0,0.0,227.5,9.3,27.7,0.0,0.0,0.0,0.0,0.0,0.0,0.0,0.0,0.0,0.0,none,no_axis_variation,,0.0,0.0,858.6,89.01,274,36개 가정 전체에서 상위 10% 포함 여부가 바뀌지 않음
CC0078,행복한어린이집,어린이집,4812131000,북면,의창구,scenario_stable_non_high,0.0,0.0,0.0,0.0,0,0,0,0.0,0.0,0.0,0.0,0.0,0.0,0.0,0.0,0.0,0.0,0.0,0.0,0.0,0.0,0.0,0.0,none,no_axis_variation,,0.0,0.0,1584.0,0.0,0,36개 가정 전체에서 상위 10% 포함 여부가 바뀌지 않음
CC0079,힐스도담어린이집,어린이집,4812131000,북면,의창구,scenario_stable_non_high,0.0,0.0,0.0,0.0,0,0,0,0.0,0.0,0.0,346.2,29.9,17.7,0.0,0.0,0.0,0.0,0.0,0.0,0.0,0.0,0.0,0.0,none,no_axis_variation,,0.0,0.0,1156.8,131.63,389,36개 가정 전체에서 상위 10% 포함 여부가 바뀌지 않음
CC0081,창원시립 유니시티2단지어린이집,어린이집,4812151000,의창동,의창구,scenario_stable_non_high,0.0,0.0,0.0,0.0,0,0,0,0.0,0.0,0.0,223.2,75.3,43.7,0.0,0.0,0.0,0.0,0.0,0.0,0.0,0.0,0.0,0.0,none,no_axis_variation,,0.0,0.0,535.5,100.91,334,36개 가정 전체에서 상위 10% 포함 여부가 바뀌지 않음
CC0082,창원시립 유니시티3단지어린이집,어린이집,4812153000,명곡동,의창구,scenario_stable_non_high,0.0,0.0,0.0,0.0,0,0,0,0.0,0.0,0.0,132.9,51.2,45.4,0.0,0.0,0.0,0.0,0.0,0.0,0.0,0.0,0.0,0.0,none,no_axis_variation,,0.0,0.0,578.0,57.71,218,36개 가정 전체에서 상위 10% 포함 여부가 바뀌지 않음
CC0083,창원시립 유니시티4단지어린이집,어린이집,4812153000,명곡동,의창구,scenario_stable_non_high,0.0,0.0,0.0,0.0,0,0,0,0.0,0.0,0.0,194.1,71.3,42.6,0.0,0.0,0.0,0.0,0.0,0.0,0.0,0.0,0.0,0.0,none,no_axis_variation,,0.0,0.0,405.3,85.48,291,36개 가정 전체에서 상위 10% 포함 여부가 바뀌지 않음
CC0086,소답어린이집,어린이집,4812151000,의창동,의창구,scenario_stable_non_high,0.0,0.0,0.0,0.0,0,0,0,0.0,0.0,0.0,247.1,45.0,37.8,0.0,0.0,0.0,0.0,0.0,0.0,0.0,0.0,0.0,0.0,none,no_axis_variation,,0.0,0.0,624.6,101.82,334,36개 가정 전체에서 상위 10% 포함 여부가 바뀌지 않음
CC0087,오즈놀이스쿨어린이집,어린이집,4812151000,의창동,의창구,scenario_stable_non_high,0.0,0.0,0.0,0.0,0,0,0,0.0,0.0,0.0,112.1,40.6,31.9,0.0,0.0,0.0,0.0,0.0,0.0,0.0,0.0,0.0,0.0,none,no_axis_variation,,0.0,0.0,762.7,49.16,191,36개 가정 전체에서 상위 10% 포함 여부가 바뀌지 않음
CC0088,창원어린이집,어린이집,4812151000,의창동,의창구,scenario_stable_non_high,0.0,0.0,0.0,0.0,0,0,0,0.0,0.0,0.0,23.0,39.7,39.6,0.0,0.0,0.0,0.0,0.0,0.0,0.0,0.0,0.0,0.0,none,no_axis_variation,,0.0,0.0,783.2,27.2,111,36개 가정 전체에서 상위 10% 포함 여부가 바뀌지 않음
CC0089,코끼리영재어린이집,어린이집,4812151000,의창동,의창구,scenario_stable_non_high,0.0,0.0,0.0,0.0,0,0,0,0.0,0.0,0.0,216.3,44.1,45.4,0.0,0.0,0.0,0.0,0.0,0.0,0.0,0.0,0.0,0.0,none,no_axis_variation,,0.0,0.0,556.2,88.32,297,36개 가정 전체에서 상위 10% 포함 여부가 바뀌지 않음
CC0090,큰별예나어린이집,어린이집,4812151000,의창동,의창구,scenario_stable_non_high,0.0,0.0,0.0,0.0,0,0,0,0.0,0.0,0.0,101.8,45.2,52.3,0.0,0.0,0.0,0.0,0.0,0.0,0.0,0.0,0.0,0.0,none,no_axis_variation,,0.0,0.0,455.9,49.95,189,36개 가정 전체에서 상위 10% 포함 여부가 바뀌지 않음
CC0091,아이도담어린이집,어린이집,4812151000,의창동,의창구,scenario_stable_non_high,0.0,0.0,0.0,0.0,0,0,0,0.0,0.0,0.0,82.2,44.2,48.6,0.0,0.0,0.0,0.0,0.0,0.0,0.0,0.0,0.0,0.0,none,no_axis_variation,,0.0,0.0,427.2,42.59,172,36개 가정 전체에서 상위 10% 포함 여부가 바뀌지 않음
CC0092,행복어린이집,어린이집,4812151000,의창동,의창구,scenario_stable_non_high,0.0,0.0,0.0,0.0,0,0,0,0.0,0.0,0.0,124.3,22.5,13.0,0.0,0.0,0.0,0.0,0.0,0.0,0.0,0.0,0.0,0.0,none,no_axis_variation,,0.0,0.0,1197.3,51.96,149,36개 가정 전체에서 상위 10% 포함 여부가 바뀌지 않음
CC0110,창원시립 가음꿈에그린어린이집,어린이집,4812355000,가음정동,성산구,scenario_stable_non_high,0.0,0.0,0.0,0.0,0,0,0,0.0,0.0,0.0,242.4,4.6,18.7,0.0,0.0,0.0,0.0,0.0,0.0,0.0,0.0,0.0,0.0,none,no_axis_variation,,0.0,0.0,1158.9,90.11,261,36개 가정 전체에서 상위 10% 포함 여부가 바뀌지 않음
CC0111,창원시립 가음더샵어린이집,어린이집,4812355000,가음정동,성산구,scenario_stable_non_high,0.0,0.0,0.0,0.0,0,0,0,0.0,0.0,0.0,296.6,17.9,15.7,0.0,0.0,0.0,0.0,0.0,0.0,0.0,0.0,0.0,0.0,none,no_axis_variation,,0.0,0.0,1209.5,117.53,325,36개 가정 전체에서 상위 10% 포함 여부가 바뀌지 않음
CC0112,창원시립 가음어린이집,어린이집,4812355000,가음정동,성산구,scenario_stable_non_high,0.0,0.0,0.0,0.0,0,0,0,0.0,0.0,0.0,86.8,46.5,49.8,0.0,0.0,0.0,0.0,0.0,0.0,0.0,0.0,0.0,0.0,none,no_axis_variation,,0.0,0.0,503.2,46.83,187,36개 가정 전체에서 상위 10% 포함 여부가 바뀌지 않음
CC0113,창원시립 센텀푸르지오어린이집,어린이집,4812355000,가음정동,성산구,scenario_stable_non_high,0.0,0.0,0.0,0.0,0,0,0,0.0,0.0,0.0,180.7,6.5,27.5,0.0,0.0,0.0,0.0,0.0,0.0,0.0,0.0,0.0,0.0,none,no_axis_variation,,0.0,0.0,904.5,74.05,215,36개 가정 전체에서 상위 10% 포함 여부가 바뀌지 않음
CC0114,창원시립 조은어린이집,어린이집,4812355000,가음정동,성산구,scenario_stable_non_high,0.0,0.0,0.0,0.0,0,0,0,0.0,0.0,0.0,128.3,21.9,14.5,0.0,0.0,0.0,0.0,0.0,0.0,0.0,0.0,0.0,0.0,none,no_axis_variation,,0.0,0.0,1293.5,48.68,168,36개 가정 전체에서 상위 10% 포함 여부가 바뀌지 않음
CC0115,창원시립 창원YWCA어린이집,어린이집,4812355000,가음정동,성산구,scenario_stable_non_high,0.0,0.0,0.0,0.0,0,0,0,0.0,0.0,0.0,395.1,31.2,39.8,0.0,0.0,0.0,0.0,0.0,0.0,0.0,0.0,0.0,0.0,none,no_axis_variation,,0.0,0.0,713.0,151.71,462,36개 가정 전체에서 상위 10% 포함 여부가 바뀌지 않음
CC0116,근로복지공단 창원어린이집,어린이집,4812355000,가음정동,성산구,scenario_stable_non_high,0.0,0.0,0.0,0.0,0,0,0,0.0,0.0,0.0,357.7,4.8,13.5,0.0,0.0,0.0,0.0,0.0,0.0,0.0,0.0,0.0,0.0,none,no_axis_variation,,0.0,0.0,1247.9,151.25,385,36개 가정 전체에서 상위 10% 포함 여부가 바뀌지 않음
CC0117,더샵늘푸른어린이집,어린이집,4812355000,가음정동,성산구,scenario_stable_non_high,0.0,0.0,0.0,0.0,0,0,0,0.0,0.0,0.0,296.4,17.9,14.5,0.0,0.0,0.0,0.0,0.0,0.0,0.0,0.0,0.0,0.0,none,no_axis_variation,,0.0,0.0,1237.0,122.19,317,36개 가정 전체에서 상위 10% 포함 여부가 바뀌지 않음
CC0118,더샵어린이집,어린이집,4812355000,가음정동,성산구,scenario_stable_non_high,0.0,0.0,0.0,0.0,0,0,0,0.0,0.0,0.0,415.1,43.5,26.5,0.0,0.0,0.0,0.0,0.0,0.0,0.0,0.0,0.0,0.0,none,no_axis_variation,,0.0,0.0,951.5,165.05,482,36개 가정 전체에서 상위 10% 포함 여부가 바뀌지 않음
CC0119,솔라어린이집,어린이집,4812355000,가음정동,성산구,scenario_stable_non_high,0.0,0.0,0.0,0.0,0,0,0,0.0,0.0,0.0,104.4,17.1,13.5,0.0,0.0,0.0,0.0,0.0,0.0,0.0,0.0,0.0,0.0,none,no_axis_variation,,0.0,0.0,1298.7,39.3,127,36개 가정 전체에서 상위 10% 포함 여부가 바뀌지 않음
CC0120,하늘빛어린이집,어린이집,4812355000,가음정동,성산구,scenario_stable_non_high,0.0,0.0,0.0,0.0,0,0,0,0.0,0.0,0.0,107.5,48.9,17.1,0.0,0.0,0.0,0.0,0.0,0.0,0.0,0.0,0.0,0.0,none,no_axis_variation,,0.0,0.0,1182.8,47.85,172,36개 가정 전체에서 상위 10% 포함 여부가 바뀌지 않음
CC0121,동화속어린이집,어린이집,4812355000,가음정동,성산구,scenario_stable_non_high,0.0,0.0,0.0,0.0,0,0,0,0.0,0.0,0.0,92.8,10.2,13.3,0.0,0.0,0.0,0.0,0.0,0.0,0.0,0.0,0.0,0.0,none,no_axis_variation,,0.0,0.0,1301.3,39.84,123,36개 가정 전체에서 상위 10% 포함 여부가 바뀌지 않음
CC0122,맑은숲어린이집,어린이집,4812355000,가음정동,성산구,scenario_stable_non_high,0.0,0.0,0.0,0.0,0,0,0,0.0,0.0,0.0,153.1,32.9,14.9,0.0,0.0,0.0,0.0,0.0,0.0,0.0,0.0,0.0,0.0,none,no_axis_variation,,0.0,0.0,1236.1,58.96,188,36개 가정 전체에서 상위 10% 포함 여부가 바뀌지 않음
CC0123,아기별어린이집,어린이집,4812355000,가음정동,성산구,scenario_stable_non_high,0.0,0.0,0.0,0.0,0,0,0,0.0,0.0,0.0,92.8,10.2,13.3,0.0,0.0,0.0,0.0,0.0,0.0,0.0,0.0,0.0,0.0,none,no_axis_variation,,0.0,0.0,1301.3,39.84,123,36개 가정 전체에서 상위 10% 포함 여부가 바뀌지 않음
CC0124,아이마중어린이집,어린이집,4812355000,가음정동,성산구,scenario_stable_non_high,0.0,0.0,0.0,0.0,0,0,0,0.0,0.0,0.0,273.2,37.0,45.9,0.0,0.0,0.0,0.0,0.0,0.0,0.0,0.0,0.0,0.0,none,no_axis_variation,,0.0,0.0,529.6,105.31,340,36개 가정 전체에서 상위 10% 포함 여부가 바뀌지 않음
CC0125,여우오줌어린이집,어린이집,4812355000,가음정동,성산구,scenario_stable_non_high,0.0,0.0,0.0,0.0,0,0,0,0.0,0.0,0.0,229.4,9.0,13.4,0.0,0.0,0.0,0.0,0.0,0.0,0.0,0.0,0.0,0.0,none,no_axis_variation,,0.0,0.0,1288.5,93.02,256,36개 가정 전체에서 상위 10% 포함 여부가 바뀌지 않음
CC0126,존조리어린이집,어린이집,4812355000,가음정동,성산구,scenario_stable_non_high,0.0,0.0,0.0,0.0,0,0,0,0.0,0.0,0.0,178.6,7.2,11.1,0.0,0.0,0.0,0.0,0.0,0.0,0.0,0.0,0.0,0.0,none,no_axis_variation,,0.0,0.0,1297.5,69.43,210,36개 가정 전체에서 상위 10% 포함 여부가 바뀌지 않음
CC0127,창원코알라어린이집,어린이집,4812355000,가음정동,성산구,scenario_stable_non_high,0.0,0.0,0.0,0.0,0,0,0,0.0,0.0,0.0,390.0,27.3,38.2,0.0,0.0,0.0,0.0,0.0,0.0,0.0,0.0,0.0,0.0,none,no_axis_variation,,0.0,0.0,755.4,160.8,456,36개 가정 전체에서 상위 10% 포함 여부가 바뀌지 않음
CC0128,청솔어린이집,어린이집,4812355000,가음정동,성산구,scenario_stable_non_high,0.0,0.0,0.0,0.0,0,0,0,0.0,0.0,0.0,92.8,10.2,13.3,0.0,0.0,0.0,0.0,0.0,0.0,0.0,0.0,0.0,0.0,none,no_axis_variation,,0.0,0.0,1301.3,39.84,123,36개 가정 전체에서 상위 10% 포함 여부가 바뀌지 않음
CC0129,토마토어린이집,어린이집,4812355000,가음정동,성산구,scenario_stable_non_high,0.0,0.0,0.0,0.0,0,0,0,0.0,0.0,0.0,104.4,17.1,13.5,0.0,0.0,0.0,0.0,0.0,0.0,0.0,0.0,0.0,0.0,none,no_axis_variation,,0.0,0.0,1298.7,39.3,127,36개 가정 전체에서 상위 10% 포함 여부가 바뀌지 않음
CC0130,팝콘어린이집,어린이집,4812355000,가음정동,성산구,scenario_stable_non_high,0.0,0.0,0.0,0.0,0,0,0,0.0,0.0,0.0,136.1,5.6,8.6,0.0,0.0,0.0,0.0,0.0,0.0,0.0,0.0,0.0,0.0,none,no_axis_variation,,0.0,0.0,1307.6,55.45,155,36개 가정 전체에서 상위 10% 포함 여부가 바뀌지 않음
CC0131,LG전자창원어린이집,어린이집,4812355000,가음정동,성산구,scenario_stable_non_high,0.0,0.0,0.0,0.0,0,0,0,0.0,0.0,0.0,63.1,3.7,41.4,0.0,0.0,0.0,0.0,0.0,0.0,0.0,0.0,0.0,0.0,none,no_axis_variation,,0.0,0.0,374.8,34.6,121,36개 가정 전체에서 상위 10% 포함 여부가 바뀌지 않음
CC0132,창원시립 반송어린이집,어린이집,4812351000,반송동,성산구,scenario_stable_non_high,0.0,0.0,0.0,0.0,0,0,0,0.0,0.0,0.0,32.0,65.1,36.7,0.0,0.0,0.0,0.0,0.0,0.0,0.0,0.0,0.0,0.0,none,no_axis_variation,,0.0,0.0,750.5,34.85,156,36개 가정 전체에서 상위 10% 포함 여부가 바뀌지 않음
CC0133,노블파크어린이집,어린이집,4812351000,반송동,성산구,scenario_stable_non_high,0.0,0.0,0.0,0.0,0,0,0,0.0,0.0,0.0,291.3,54.7,36.1,0.0,0.0,0.0,0.0,0.0,0.0,0.0,0.0,0.0,0.0,none,no_axis_variation,,0.0,0.0,747.5,118.73,369,36개 가정 전체에서 상위 10% 포함 여부가 바뀌지 않음
CC0134,에덴어린이집,어린이집,4812351000,반송동,성산구,scenario_stable_non_high,0.0,0.0,0.0,0.0,0,0,0,0.0,0.0,0.0,84.2,70.0,30.4,0.0,0.0,0.0,0.0,0.0,0.0,0.0,0.0,0.0,0.0,none,no_axis_variation,,0.0,0.0,843.2,48.07,173,36개 가정 전체에서 상위 10% 포함 여부가 바뀌지 않음
CC0135,트리비앙 미소어린이집,어린이집,4812351000,반송동,성산구,scenario_stable_non_high,0.0,0.0,0.0,0.0,0,0,0,0.0,0.0,0.0,348.0,57.7,34.6,0.0,0.0,0.0,0.0,0.0,0.0,0.0,0.0,0.0,0.0,none,no_axis_variation,,0.0,0.0,866.8,133.25,430,36개 가정 전체에서 상위 10% 포함 여부가 바뀌지 않음
CC0136,럭키해뜰어린이집,어린이집,4812351000,반송동,성산구,scenario_stable_non_high,0.0,0.0,0.0,0.0,0,0,0,0.0,0.0,0.0,217.3,36.3,24.1,0.0,0.0,0.0,0.0,0.0,0.0,0.0,0.0,0.0,0.0,none,no_axis_variation,,0.0,0.0,955.0,83.2,286,36개 가정 전체에서 상위 10% 포함 여부가 바뀌지 않음
CC0137,루리어린이집,어린이집,4812351000,반송동,성산구,scenario_stable_non_high,0.0,0.0,0.0,0.0,0,0,0,0.0,0.0,0.0,348.0,57.7,34.6,0.0,0.0,0.0,0.0,0.0,0.0,0.0,0.0,0.0,0.0,none,no_axis_variation,,0.0,0.0,866.8,133.25,430,36개 가정 전체에서 상위 10% 포함 여부가 바뀌지 않음
CC0138,민트어린이집,어린이집,4812351000,반송동,성산구,scenario_stable_non_high,0.0,0.0,0.0,0.0,0,0,0,0.0,0.0,0.0,183.3,49.6,44.7,0.0,0.0,0.0,0.0,0.0,0.0,0.0,0.0,0.0,0.0,none,no_axis_variation,,0.0,0.0,645.9,80.42,266,36개 가정 전체에서 상위 10% 포함 여부가 바뀌지 않음
CC0139,새새순어린이집,어린이집,4812351000,반송동,성산구,scenario_stable_non_high,0.0,0.0,0.0,0.0,0,0,0,0.0,0.0,0.0,156.5,4.7,34.0,0.0,0.0,0.0,0.0,0.0,0.0,0.0,0.0,0.0,0.0,none,no_axis_variation,,0.0,0.0,866.4,62.81,211,36개 가정 전체에서 상위 10% 포함 여부가 바뀌지 않음
CC0140,소담어린이집,어린이집,4812351000,반송동,성산구,scenario_stable_non_high,0.0,0.0,0.0,0.0,0,0,0,0.0,0.0,0.0,240.4,11.3,19.2,0.0,0.0,0.0,0.0,0.0,0.0,0.0,0.0,0.0,0.0,none,no_axis_variation,,0.0,0.0,1139.9,98.9,268,36개 가정 전체에서 상위 10% 포함 여부가 바뀌지 않음
CC0141,슬기어린이집,어린이집,4812351000,반송동,성산구,scenario_stable_non_high,0.0,0.0,0.0,0.0,0,0,0,0.0,0.0,0.0,217.3,36.3,24.1,0.0,0.0,0.0,0.0,0.0,0.0,0.0,0.0,0.0,0.0,none,no_axis_variation,,0.0,0.0,955.0,83.2,286,36개 가정 전체에서 상위 10% 포함 여부가 바뀌지 않음
CC0142,아이뽀어린이집,어린이집,4812351000,반송동,성산구,scenario_stable_non_high,0.0,0.0,0.0,0.0,0,0,0,0.0,0.0,0.0,183.3,49.6,44.7,0.0,0.0,0.0,0.0,0.0,0.0,0.0,0.0,0.0,0.0,none,no_axis_variation,,0.0,0.0,645.9,80.42,266,36개 가정 전체에서 상위 10% 포함 여부가 바뀌지 않음
CC0144,예랑어린이집,어린이집,4812351000,반송동,성산구,scenario_stable_non_high,0.0,0.0,0.0,0.0,0,0,0,0.0,0.0,0.0,348.0,57.7,34.6,0.0,0.0,0.0,0.0,0.0,0.0,0.0,0.0,0.0,0.0,none,no_axis_variation,,0.0,0.0,866.8,133.25,430,36개 가정 전체에서 상위 10% 포함 여부가 바뀌지 않음
CC0145,웃는아이어린이집,어린이집,4812351000,반송동,성산구,scenario_stable_non_high,0.0,0.0,0.0,0.0,0,0,0,0.0,0.0,0.0,348.0,57.7,34.6,0.0,0.0,0.0,0.0,0.0,0.0,0.0,0.0,0.0,0.0,none,no_axis_variation,,0.0,0.0,866.8,133.25,430,36개 가정 전체에서 상위 10% 포함 여부가 바뀌지 않음
CC0147,좋은어린이집,어린이집,4812351000,반송동,성산구,scenario_stable_non_high,0.0,0.0,0.0,0.0,0,0,0,0.0,0.0,0.0,205.8,10.5,18.6,0.0,0.0,0.0,0.0,0.0,0.0,0.0,0.0,0.0,0.0,none,no_axis_variation,,0.0,0.0,1124.5,86.13,228,36개 가정 전체에서 상위 10% 포함 여부가 바뀌지 않음
CC0148,참빛어린이집,어린이집,4812351000,반송동,성산구,scenario_stable_non_high,0.0,0.0,0.0,0.0,0,0,0,0.0,0.0,0.0,333.2,126.0,28.8,0.0,0.0,0.0,0.0,0.0,0.0,0.0,0.0,0.0,0.0,none,no_axis_variation,,0.0,0.0,774.1,136.06,470,36개 가정 전체에서 상위 10% 포함 여부가 바뀌지 않음
CC0149,트리키즈어린이집,어린이집,4812351000,반송동,성산구,scenario_stable_non_high,0.0,0.0,0.0,0.0,0,0,0,0.0,0.0,0.0,348.0,57.7,34.6,0.0,0.0,0.0,0.0,0.0,0.0,0.0,0.0,0.0,0.0,none,no_axis_variation,,0.0,0.0,866.8,133.25,430,36개 가정 전체에서 상위 10% 포함 여부가 바뀌지 않음
CC0151,하나둘셋어린이집,어린이집,4812351000,반송동,성산구,scenario_stable_non_high,0.0,0.0,0.0,0.0,0,0,0,0.0,0.0,0.0,183.3,49.6,44.7,0.0,0.0,0.0,0.0,0.0,0.0,0.0,0.0,0.0,0.0,none,no_axis_variation,,0.0,0.0,645.9,80.42,266,36개 가정 전체에서 상위 10% 포함 여부가 바뀌지 않음
CC0152,해솔어린이집,어린이집,4812351000,반송동,성산구,scenario_stable_non_high,0.0,0.0,0.0,0.0,0,0,0,0.0,0.0,0.0,46.4,69.1,42.4,0.0,0.0,0.0,0.0,0.0,0.0,0.0,0.0,0.0,0.0,none,no_axis_variation,,0.0,0.0,372.6,41.23,150,36개 가정 전체에서 상위 10% 포함 여부가 바뀌지 않음
CC0153,햇살가득어린이집,어린이집,4812351000,반송동,성산구,scenario_stable_non_high,0.0,0.0,0.0,0.0,0,0,0,0.0,0.0,0.0,217.3,36.3,24.1,0.0,0.0,0.0,0.0,0.0,0.0,0.0,0.0,0.0,0.0,none,no_axis_variation,,0.0,0.0,955.0,83.2,286,36개 가정 전체에서 상위 10% 포함 여부가 바뀌지 않음
CC0155,창원시립 대방어린이집,어린이집,4812354000,사파동,성산구,scenario_stable_non_high,0.0,0.0,0.0,0.0,0,0,0,0.0,0.0,0.0,69.5,73.9,19.5,0.0,0.0,0.0,0.0,0.0,0.0,0.0,0.0,0.0,0.0,none,no_axis_variation,,0.0,0.0,1017.0,43.8,169,36개 가정 전체에서 상위 10% 포함 여부가 바뀌지 않음
CC0156,창원시립 성산반도유보라어린이집,어린이집,4812354000,사파동,성산구,scenario_stable_non_high,0.0,0.0,0.0,0.0,0,0,0,0.0,0.0,0.0,178.3,15.9,10.6,0.0,0.0,0.0,0.0,0.0,0.0,0.0,0.0,0.0,0.0,none,no_axis_variation,,0.0,0.0,1313.1,69.82,206,36개 가정 전체에서 상위 10% 포함 여부가 바뀌지 않음
CC0157,상록어린이집,어린이집,4812354000,사파동,성산구,scenario_stable_non_high,0.0,0.0,0.0,0.0,0,0,0,0.0,0.0,0.0,93.1,25.8,29.8,0.0,0.0,0.0,0.0,0.0,0.0,0.0,0.0,0.0,0.0,none,no_axis_variation,,0.0,0.0,838.5,38.24,149,36개 가정 전체에서 상위 10% 포함 여부가 바뀌지 않음
CC0158,그린숲어린이집,어린이집,4812354000,사파동,성산구,scenario_stable_non_high,0.0,0.0,0.0,0.0,0,0,0,0.0,0.0,0.0,362.3,114.8,24.5,0.0,0.0,0.0,0.0,0.0,0.0,0.0,0.0,0.0,0.0,none,no_axis_variation,,0.0,0.0,866.7,147.27,492,36개 가정 전체에서 상위 10% 포함 여부가 바뀌지 않음
CC0159,대동몬테소리어린이집,어린이집,4812354000,사파동,성산구,scenario_stable_non_high,0.0,0.0,0.0,0.0,0,0,0,0.0,0.0,0.0,94.2,26.1,8.7,0.0,0.0,0.0,0.0,0.0,0.0,0.0,0.0,0.0,0.0,none,no_axis_variation,,0.0,0.0,1360.2,36.38,134,36개 가정 전체에서 상위 10% 포함 여부가 바뀌지 않음
CC0160,대방신비어린이집,어린이집,4812354000,사파동,성산구,scenario_stable_non_high,0.0,0.0,0.0,0.0,0,0,0,0.0,0.0,0.0,265.5,7.5,15.6,0.0,0.0,0.0,0.0,0.0,0.0,0.0,0.0,0.0,0.0,none,no_axis_variation,,0.0,0.0,1221.6,103.57,293,36개 가정 전체에서 상위 10% 포함 여부가 바뀌지 않음
CC0161,덕산이든어린이집,어린이집,4812354000,사파동,성산구,scenario_stable_non_high,0.0,0.0,0.0,0.0,0,0,0,0.0,0.0,0.0,134.4,3.4,9.2,0.0,0.0,0.0,0.0,0.0,0.0,0.0,0.0,0.0,0.0,none,no_axis_variation,,0.0,0.0,1299.4,51.7,151,36개 가정 전체에서 상위 10% 포함 여부가 바뀌지 않음
CC0162,동성피노키오어린이집,어린이집,4812354000,사파동,성산구,scenario_stable_non_high,0.0,0.0,0.0,0.0,0,0,0,0.0,0.0,0.0,105.8,28.2,14.2,0.0,0.0,0.0,0.0,0.0,0.0,0.0,0.0,0.0,0.0,none,no_axis_variation,,0.0,0.0,1236.5,42.48,147,36개 가정 전체에서 상위 10% 포함 여부가 바뀌지 않음
CC0163,아이꿈어린이집,어린이집,4812354000,사파동,성산구,scenario_stable_non_high,0.0,0.0,0.0,0.0,0,0,0,0.0,0.0,0.0,131.1,63.9,39.9,0.0,0.0,0.0,0.0,0.0,0.0,0.0,0.0,0.0,0.0,none,no_axis_variation,,0.0,0.0,685.4,60.16,232,36개 가정 전체에서 상위 10% 포함 여부가 바뀌지 않음
CC0164,킨더하임어린이집,어린이집,4812354000,사파동,성산구,scenario_stable_non_high,0.0,0.0,0.0,0.0,0,0,0,0.0,0.0,0.0,115.2,56.0,16.0,0.0,0.0,0.0,0.0,0.0,0.0,0.0,0.0,0.0,0.0,none,no_axis_variation,,0.0,0.0,1257.4,50.31,175,36개 가정 전체에서 상위 10% 포함 여부가 바뀌지 않음
CC0165,하늘날다어린이집,어린이집,4812354000,사파동,성산구,scenario_stable_non_high,0.0,0.0,0.0,0.0,0,0,0,0.0,0.0,0.0,49.6,7.1,9.9,0.0,0.0,0.0,0.0,0.0,0.0,0.0,0.0,0.0,0.0,none,no_axis_variation,,0.0,0.0,1363.7,21.09,64,36개 가정 전체에서 상위 10% 포함 여부가 바뀌지 않음
CC0166,행복어린이집,어린이집,4812354000,사파동,성산구,scenario_stable_non_high,0.0,0.0,0.0,0.0,0,0,0,0.0,0.0,0.0,74.9,73.8,18.3,0.0,0.0,0.0,0.0,0.0,0.0,0.0,0.0,0.0,0.0,none,no_axis_variation,,0.0,0.0,1099.8,46.06,156,36개 가정 전체에서 상위 10% 포함 여부가 바뀌지 않음
CC0167,동성나라어린이집,어린이집,4812354000,사파동,성산구,scenario_stable_non_high,0.0,0.0,0.0,0.0,0,0,0,0.0,0.0,0.0,322.6,64.1,19.5,0.0,0.0,0.0,0.0,0.0,0.0,0.0,0.0,0.0,0.0,none,no_axis_variation,,0.0,0.0,1078.6,131.1,441,36개 가정 전체에서 상위 10% 포함 여부가 바뀌지 않음
CC0168,디딤돌어린이집,어린이집,4812354000,사파동,성산구,scenario_stable_non_high,0.0,0.0,0.0,0.0,0,0,0,0.0,0.0,0.0,173.9,8.4,18.5,0.0,0.0,0.0,0.0,0.0,0.0,0.0,0.0,0.0,0.0,none,no_axis_variation,,0.0,0.0,1241.6,66.2,207,36개 가정 전체에서 상위 10% 포함 여부가 바뀌지 않음
CC0169,라라어린이집,어린이집,4812354000,사파동,성산구,scenario_stable_non_high,0.0,0.0,0.0,0.0,0,0,0,0.0,0.0,0.0,22.7,60.4,37.1,0.0,0.0,0.0,0.0,0.0,0.0,0.0,0.0,0.0,0.0,none,no_axis_variation,,0.0,0.0,708.2,32.65,126,36개 가정 전체에서 상위 10% 포함 여부가 바뀌지 않음
CC0170,시온어린이집,어린이집,4812354000,사파동,성산구,scenario_stable_non_high,0.0,0.0,0.0,0.0,0,0,0,0.0,0.0,0.0,134.4,3.4,9.2,0.0,0.0,0.0,0.0,0.0,0.0,0.0,0.0,0.0,0.0,none,no_axis_variation,,0.0,0.0,1299.4,51.7,151,36개 가정 전체에서 상위 10% 포함 여부가 바뀌지 않음
CC0171,코코몽어린이집,어린이집,4812354000,사파동,성산구,scenario_stable_non_high,0.0,0.0,0.0,0.0,0,0,0,0.0,0.0,0.0,105.8,28.2,14.2,0.0,0.0,0.0,0.0,0.0,0.0,0.0,0.0,0.0,0.0,none,no_axis_variation,,0.0,0.0,1236.5,42.48,147,36개 가정 전체에서 상위 10% 포함 여부가 바뀌지 않음
CC0172,텔레토비어린이집,어린이집,4812354000,사파동,성산구,scenario_stable_non_high,0.0,0.0,0.0,0.0,0,0,0,0.0,0.0,0.0,322.6,64.1,19.5,0.0,0.0,0.0,0.0,0.0,0.0,0.0,0.0,0.0,0.0,none,no_axis_variation,,0.0,0.0,1078.6,131.1,441,36개 가정 전체에서 상위 10% 포함 여부가 바뀌지 않음
CC0173,황금똥 어린이집,어린이집,4812354000,사파동,성산구,scenario_stable_non_high,0.0,0.0,0.0,0.0,0,0,0,0.0,0.0,0.0,94.2,26.1,8.7,0.0,0.0,0.0,0.0,0.0,0.0,0.0,0.0,0.0,0.0,none,no_axis_variation,,0.0,0.0,1360.2,36.38,134,36개 가정 전체에서 상위 10% 포함 여부가 바뀌지 않음
CC0174,경남경찰청어린이집,어린이집,<NA>,사파동,성산구,scenario_stable_non_high,0.0,0.0,0.0,0.0,0,0,0,0.0,0.0,0.0,10.7,16.1,9.5,0.0,0.0,0.0,0.0,0.0,0.0,0.0,0.0,0.0,0.0,none,no_axis_variation,,0.0,0.0,1349.5,9.21,43,36개 가정 전체에서 상위 10% 포함 여부가 바뀌지 않음
CC0175,창원법원어린이집,어린이집,4812354000,사파동,성산구,scenario_stable_non_high,0.0,0.0,0.0,0.0,0,0,0,0.0,0.0,0.0,562.9,71.1,26.2,0.0,0.0,0.0,0.0,0.0,0.0,0.0,0.0,0.0,0.0,none,no_axis_variation,,0.0,0.0,829.5,235.86,682,36개 가정 전체에서 상위 10% 포함 여부가 바뀌지 않음
CC0176,창원시립 상남어린이집,어린이집,4812353000,상남동,성산구,scenario_stable_non_high,0.0,0.0,0.0,0.0,0,0,0,0.0,0.0,0.0,138.6,53.8,40.6,0.0,0.0,0.0,0.0,0.0,0.0,0.0,0.0,0.0,0.0,none,no_axis_variation,,0.0,0.0,346.6,59.6,217,36개 가정 전체에서 상위 10% 포함 여부가 바뀌지 않음
CC0177,꿈이룸어린이집,어린이집,4812353000,상남동,성산구,scenario_stable_non_high,0.0,0.0,0.0,0.0,0,0,0,0.0,0.0,0.0,187.3,42.7,16.9,0.0,0.0,0.0,0.0,0.0,0.0,0.0,0.0,0.0,0.0,none,no_axis_variation,,0.0,0.0,1185.5,72.52,244,36개 가정 전체에서 상위 10% 포함 여부가 바뀌지 않음
CC0178,보아라어린이집,어린이집,4812353000,상남동,성산구,scenario_stable_non_high,0.0,0.0,0.0,0.0,0,0,0,0.0,0.0,0.0,187.3,42.7,16.9,0.0,0.0,0.0,0.0,0.0,0.0,0.0,0.0,0.0,0.0,none,no_axis_variation,,0.0,0.0,1185.5,72.52,244,36개 가정 전체에서 상위 10% 포함 여부가 바뀌지 않음
CC0179,세아어린이집,어린이집,4812353000,상남동,성산구,scenario_stable_non_high,0.0,0.0,0.0,0.0,0,0,0,0.0,0.0,0.0,187.3,42.7,16.9,0.0,0.0,0.0,0.0,0.0,0.0,0.0,0.0,0.0,0.0,none,no_axis_variation,,0.0,0.0,1185.5,72.52,244,36개 가정 전체에서 상위 10% 포함 여부가 바뀌지 않음
CC0180,호크마어린이집,어린이집,4812353000,상남동,성산구,scenario_stable_non_high,0.0,0.0,0.0,0.0,0,0,0,0.0,0.0,0.0,72.0,87.1,41.7,0.0,0.0,0.0,0.0,0.0,0.0,0.0,0.0,0.0,0.0,none,no_axis_variation,,0.0,0.0,444.2,51.69,201,36개 가정 전체에서 상위 10% 포함 여부가 바뀌지 않음
CC0181,대동색동어린이집,어린이집,4812353000,상남동,성산구,scenario_stable_non_high,0.0,0.0,0.0,0.0,0,0,0,0.0,0.0,0.0,72.0,87.1,41.7,0.0,0.0,0.0,0.0,0.0,0.0,0.0,0.0,0.0,0.0,none,no_axis_variation,,0.0,0.0,444.2,51.69,201,36개 가정 전체에서 상위 10% 포함 여부가 바뀌지 않음
CC0182,대동피노키오어린이집,어린이집,4812353000,상남동,성산구,scenario_stable_non_high,0.0,0.0,0.0,0.0,0,0,0,0.0,0.0,0.0,72.0,87.1,41.7,0.0,0.0,0.0,0.0,0.0,0.0,0.0,0.0,0.0,0.0,none,no_axis_variation,,0.0,0.0,444.2,51.69,201,36개 가정 전체에서 상위 10% 포함 여부가 바뀌지 않음
CC0183,목화어린이집,어린이집,4812353000,상남동,성산구,scenario_stable_non_high,0.0,0.0,0.0,0.0,0,0,0,0.0,0.0,0.0,72.0,87.1,41.7,0.0,0.0,0.0,0.0,0.0,0.0,0.0,0.0,0.0,0.0,none,no_axis_variation,,0.0,0.0,444.2,51.69,201,36개 가정 전체에서 상위 10% 포함 여부가 바뀌지 않음
CC0184,봄봄어린이집,어린이집,4812353000,상남동,성산구,scenario_stable_non_high,0.0,0.0,0.0,0.0,0,0,0,0.0,0.0,0.0,187.3,42.7,16.9,0.0,0.0,0.0,0.0,0.0,0.0,0.0,0.0,0.0,0.0,none,no_axis_variation,,0.0,0.0,1185.5,72.52,244,36개 가정 전체에서 상위 10% 포함 여부가 바뀌지 않음
CC0185,새하늘어린이집,어린이집,4812353000,상남동,성산구,scenario_stable_non_high,0.0,0.0,0.0,0.0,0,0,0,0.0,0.0,0.0,72.0,87.1,41.7,0.0,0.0,0.0,0.0,0.0,0.0,0.0,0.0,0.0,0.0,none,no_axis_variation,,0.0,0.0,444.2,51.69,201,36개 가정 전체에서 상위 10% 포함 여부가 바뀌지 않음
CC0186,성원동화나라어린이집,어린이집,4812353000,상남동,성산구,scenario_stable_non_high,0.0,0.0,0.0,0.0,0,0,0,0.0,0.0,0.0,187.3,42.7,16.9,0.0,0.0,0.0,0.0,0.0,0.0,0.0,0.0,0.0,0.0,none,no_axis_variation,,0.0,0.0,1185.5,72.52,244,36개 가정 전체에서 상위 10% 포함 여부가 바뀌지 않음
CC0187,성원포동이어린이집,어린이집,4812353000,상남동,성산구,scenario_stable_non_high,0.0,0.0,0.0,0.0,0,0,0,0.0,0.0,0.0,187.3,42.7,16.9,0.0,0.0,0.0,0.0,0.0,0.0,0.0,0.0,0.0,0.0,none,no_axis_variation,,0.0,0.0,1185.5,72.52,244,36개 가정 전체에서 상위 10% 포함 여부가 바뀌지 않음
CC0188,애기똥풀어린이집,어린이집,4812353000,상남동,성산구,scenario_stable_non_high,0.0,0.0,0.0,0.0,0,0,0,0.0,0.0,0.0,187.3,42.7,16.9,0.0,0.0,0.0,0.0,0.0,0.0,0.0,0.0,0.0,0.0,none,no_axis_variation,,0.0,0.0,1185.5,72.52,244,36개 가정 전체에서 상위 10% 포함 여부가 바뀌지 않음
CC0189,크는나무어린이집,어린이집,4812353000,상남동,성산구,scenario_stable_non_high,0.0,0.0,0.0,0.0,0,0,0,0.0,0.0,0.0,72.0,87.1,41.7,0.0,0.0,0.0,0.0,0.0,0.0,0.0,0.0,0.0,0.0,none,no_axis_variation,,0.0,0.0,444.2,51.69,201,36개 가정 전체에서 상위 10% 포함 여부가 바뀌지 않음
CC0190,한마음꿈나무어린이집,어린이집,4812353000,상남동,성산구,scenario_stable_non_high,0.0,0.0,0.0,0.0,0,0,0,0.0,0.0,0.0,72.0,87.1,41.7,0.0,0.0,0.0,0.0,0.0,0.0,0.0,0.0,0.0,0.0,none,no_axis_variation,,0.0,0.0,444.2,51.69,201,36개 가정 전체에서 상위 10% 포함 여부가 바뀌지 않음
CC0191,창원시립 남산어린이집,어린이집,4812356000,성주동,성산구,scenario_stable_non_high,0.0,0.0,0.0,0.0,0,0,0,0.0,0.0,0.0,186.0,14.6,7.9,0.0,0.0,0.0,0.0,0.0,0.0,0.0,0.0,0.0,0.0,none,no_axis_variation,,0.0,0.0,1398.5,72.75,207,36개 가정 전체에서 상위 10% 포함 여부가 바뀌지 않음
CC0192,성주어린이집,어린이집,4812356000,성주동,성산구,scenario_stable_non_high,0.0,0.0,0.0,0.0,0,0,0,0.0,0.0,0.0,164.2,11.9,36.5,0.0,0.0,0.0,0.0,0.0,0.0,0.0,0.0,0.0,0.0,none,no_axis_variation,,0.0,0.0,249.2,65.32,215,36개 가정 전체에서 상위 10% 포함 여부가 바뀌지 않음
CC0193,한사랑어린이집,어린이집,4812356000,성주동,성산구,scenario_stable_non_high,0.0,0.0,0.0,0.0,0,0,0,0.0,0.0,0.0,281.2,12.9,34.5,0.0,0.0,0.0,0.0,0.0,0.0,0.0,0.0,0.0,0.0,none,no_axis_variation,,0.0,0.0,292.6,115.72,329,36개 가정 전체에서 상위 10% 포함 여부가 바뀌지 않음
CC0194,꽃담어린이집,어린이집,4812356000,성주동,성산구,scenario_stable_non_high,0.0,0.0,0.0,0.0,0,0,0,0.0,0.0,0.0,162.8,46.0,16.8,0.0,0.0,0.0,0.0,0.0,0.0,0.0,0.0,0.0,0.0,none,no_axis_variation,,0.0,0.0,1256.9,64.12,216,36개 가정 전체에서 상위 10% 포함 여부가 바뀌지 않음
CC0196,대동한솔어린이집,어린이집,4812356000,성주동,성산구,scenario_stable_non_high,0.0,0.0,0.0,0.0,0,0,0,0.0,0.0,0.0,200.0,14.3,38.6,0.0,0.0,0.0,0.0,0.0,0.0,0.0,0.0,0.0,0.0,none,no_axis_variation,,0.0,0.0,416.1,78.81,250,36개 가정 전체에서 상위 10% 포함 여부가 바뀌지 않음
CC0198,삼정그린코아 별숲어린이집,어린이집,4812356000,성주동,성산구,scenario_stable_non_high,0.0,0.0,0.0,0.0,0,0,0,0.0,0.0,0.0,403.0,11.7,40.5,0.0,0.0,0.0,0.0,0.0,0.0,0.0,0.0,0.0,0.0,none,no_axis_variation,,0.0,0.0,705.0,164.89,458,36개 가정 전체에서 상위 10% 포함 여부가 바뀌지 않음
CC0199,아이누리어린이집,어린이집,4812356000,성주동,성산구,scenario_stable_non_high,0.0,0.0,0.0,0.0,0,0,0,0.0,0.0,0.0,428.2,34.7,15.4,0.0,0.0,0.0,0.0,0.0,0.0,0.0,0.0,0.0,0.0,none,no_axis_variation,,0.0,0.0,1210.2,169.51,471,36개 가정 전체에서 상위 10% 포함 여부가 바뀌지 않음
CC0200,이레어린이집,어린이집,4812356000,성주동,성산구,scenario_stable_non_high,0.0,0.0,0.0,0.0,0,0,0,0.0,0.0,0.0,65.6,18.6,8.4,0.0,0.0,0.0,0.0,0.0,0.0,0.0,0.0,0.0,0.0,none,no_axis_variation,,0.0,0.0,1440.0,25.93,92,36개 가정 전체에서 상위 10% 포함 여부가 바뀌지 않음
CC0201,푸르지오예은어린이집,어린이집,4812356000,성주동,성산구,scenario_stable_non_high,0.0,0.0,0.0,0.0,0,0,0,0.0,0.0,0.0,63.0,47.2,19.2,0.0,0.0,0.0,0.0,0.0,0.0,0.0,0.0,0.0,0.0,none,no_axis_variation,,0.0,0.0,1122.2,33.43,138,36개 가정 전체에서 상위 10% 포함 여부가 바뀌지 않음
CC0202,효성꿈송이어린이집,어린이집,4812356000,성주동,성산구,scenario_stable_non_high,0.0,0.0,0.0,0.0,0,0,0,0.0,0.0,0.0,153.8,19.9,10.2,0.0,0.0,0.0,0.0,0.0,0.0,0.0,0.0,0.0,0.0,none,no_axis_variation,,0.0,0.0,1358.9,61.36,180,36개 가정 전체에서 상위 10% 포함 여부가 바뀌지 않음
CC0204,동그라미어린이집,어린이집,4812356000,성주동,성산구,scenario_stable_non_high,0.0,0.0,0.0,0.0,0,0,0,0.0,0.0,0.0,284.2,8.8,37.1,0.0,0.0,0.0,0.0,0.0,0.0,0.0,0.0,0.0,0.0,none,no_axis_variation,,0.0,0.0,399.3,109.27,327,36개 가정 전체에서 상위 10% 포함 여부가 바뀌지 않음
CC0205,DN솔루션즈 새싹어린이집,어린이집,4812356000,성주동,성산구,scenario_stable_non_high,0.0,0.0,0.0,0.0,0,0,0,0.0,0.0,0.0,85.1,15.8,20.6,0.0,0.0,0.0,0.0,0.0,0.0,0.0,0.0,0.0,0.0,none,no_axis_variation,,0.0,0.0,199.0,36.59,129,36개 가정 전체에서 상위 10% 포함 여부가 바뀌지 않음
CC0206,KERI꿈터어린이집,어린이집,<NA>,성주동,성산구,scenario_stable_non_high,0.0,0.0,0.0,0.0,0,0,0,0.0,0.0,0.0,171.6,16.6,18.1,0.0,0.0,0.0,0.0,0.0,0.0,0.0,0.0,0.0,0.0,none,no_axis_variation,,0.0,0.0,1123.8,67.14,206,36개 가정 전체에서 상위 10% 포함 여부가 바뀌지 않음
CC0211,창원시립 용지어린이집,어린이집,4812351500,용지동,성산구,scenario_stable_non_high,0.0,0.0,0.0,0.0,0,0,0,0.0,0.0,0.0,47.6,14.8,41.7,0.0,0.0,0.0,0.0,0.0,0.0,0.0,0.0,0.0,0.0,none,no_axis_variation,,0.0,0.0,627.1,28.69,106,36개 가정 전체에서 상위 10% 포함 여부가 바뀌지 않음
CC0212,레이크파크어린이집,어린이집,4812351500,용지동,성산구,scenario_stable_non_high,0.0,0.0,0.0,0.0,0,0,0,0.0,0.0,0.0,445.8,40.0,39.6,0.0,0.0,0.0,0.0,0.0,0.0,0.0,0.0,0.0,0.0,none,no_axis_variation,,0.0,0.0,750.5,183.27,527,36개 가정 전체에서 상위 10% 포함 여부가 바뀌지 않음
CC0214,러블리키즈어린이집,어린이집,4812351500,용지동,성산구,scenario_stable_non_high,0.0,0.0,0.0,0.0,0,0,0,0.0,0.0,0.0,376.3,40.7,37.6,0.0,0.0,0.0,0.0,0.0,0.0,0.0,0.0,0.0,0.0,none,no_axis_variation,,0.0,0.0,350.8,149.07,443,36개 가정 전체에서 상위 10% 포함 여부가 바뀌지 않음
CC0215,솔밭어린이집,어린이집,4812351500,용지동,성산구,scenario_stable_non_high,0.0,0.0,0.0,0.0,0,0,0,0.0,0.0,0.0,61.1,8.0,46.8,0.0,0.0,0.0,0.0,0.0,0.0,0.0,0.0,0.0,0.0,none,no_axis_variation,,0.0,0.0,525.6,33.23,122,36개 가정 전체에서 상위 10% 포함 여부가 바뀌지 않음
CC0216,예쁜어린이집,어린이집,4812351500,용지동,성산구,scenario_stable_non_high,0.0,0.0,0.0,0.0,0,0,0,0.0,0.0,0.0,110.2,13.7,42.6,0.0,0.0,0.0,0.0,0.0,0.0,0.0,0.0,0.0,0.0,none,no_axis_variation,,0.0,0.0,341.2,47.24,169,36개 가정 전체에서 상위 10% 포함 여부가 바뀌지 않음
CC0217,튼튼아이어린이집,어린이집,4812351500,용지동,성산구,scenario_stable_non_high,0.0,0.0,0.0,0.0,0,0,0,0.0,0.0,0.0,388.7,59.0,33.1,0.0,0.0,0.0,0.0,0.0,0.0,0.0,0.0,0.0,0.0,none,no_axis_variation,,0.0,0.0,815.9,158.98,484,36개 가정 전체에서 상위 10% 포함 여부가 바뀌지 않음
CC0218,햇살닮은어린이집,어린이집,4812351500,용지동,성산구,scenario_stable_non_high,0.0,0.0,0.0,0.0,0,0,0,0.0,0.0,0.0,138.2,5.2,41.3,0.0,0.0,0.0,0.0,0.0,0.0,0.0,0.0,0.0,0.0,none,no_axis_variation,,0.0,0.0,322.4,59.87,199,36개 가정 전체에서 상위 10% 포함 여부가 바뀌지 않음
CC0219,낙동강유역환경청다솜어린이집,어린이집,4812351500,용지동,성산구,scenario_stable_non_high,0.0,0.0,0.0,0.0,0,0,0,0.0,0.0,0.0,425.7,15.8,47.6,0.0,0.0,0.0,0.0,0.0,0.0,0.0,0.0,0.0,0.0,none,no_axis_variation,,0.0,0.0,490.9,171.05,498,36개 가정 전체에서 상위 10% 포함 여부가 바뀌지 않음
CC0221,창원시립 동원꿈꾸는어린이집,어린이집,4812357000,웅남동,성산구,scenario_stable_non_high,0.0,0.0,0.0,0.0,0,0,0,0.0,0.0,0.0,108.9,3.7,7.9,0.0,0.0,0.0,0.0,0.0,0.0,0.0,0.0,0.0,0.0,none,no_axis_variation,,0.0,0.0,1474.8,42.07,119,36개 가정 전체에서 상위 10% 포함 여부가 바뀌지 않음
CC0223,새풀잎어린이집,어린이집,4812357000,웅남동,성산구,scenario_stable_non_high,0.0,0.0,0.0,0.0,0,0,0,0.0,0.0,0.0,0.0,0.0,0.0,0.0,0.0,0.0,0.0,0.0,0.0,0.0,0.0,0.0,0.0,none,no_axis_variation,,0.0,0.0,1584.0,0.0,0,36개 가정 전체에서 상위 10% 포함 여부가 바뀌지 않음
CC0224,은종어린이집,어린이집,4812357000,웅남동,성산구,scenario_stable_non_high,0.0,0.0,0.0,0.0,0,0,0,0.0,0.0,0.0,0.0,0.0,0.0,0.0,0.0,0.0,0.0,0.0,0.0,0.0,0.0,0.0,0.0,none,no_axis_variation,,0.0,0.0,1584.0,0.0,0,36개 가정 전체에서 상위 10% 포함 여부가 바뀌지 않음
CC0225,팀버어린이집,어린이집,4812357000,웅남동,성산구,scenario_stable_non_high,0.0,0.0,0.0,0.0,0,0,0,0.0,0.0,0.0,0.0,0.0,0.0,0.0,0.0,0.0,0.0,0.0,0.0,0.0,0.0,0.0,0.0,none,no_axis_variation,,0.0,0.0,1584.0,0.0,0,36개 가정 전체에서 상위 10% 포함 여부가 바뀌지 않음
CC0226,볼보바르미어린이집,어린이집,4812357000,웅남동,성산구,scenario_stable_non_high,0.0,0.0,0.0,0.0,0,0,0,0.0,0.0,0.0,644.5,15.7,27.3,0.0,0.0,0.0,0.0,0.0,0.0,0.0,0.0,0.0,0.0,none,no_axis_variation,,0.0,0.0,990.3,260.61,682,36개 가정 전체에서 상위 10% 포함 여부가 바뀌지 않음
CC0228,창원시립 대원꿈에그린어린이집,어린이집,4812352000,중앙동,성산구,scenario_stable_non_high,0.0,0.0,0.0,0.0,0,0,0,0.0,0.0,0.0,416.7,27.1,38.6,0.0,0.0,0.0,0.0,0.0,0.0,0.0,0.0,0.0,0.0,none,no_axis_variation,,0.0,0.0,388.7,164.31,480,36개 가정 전체에서 상위 10% 포함 여부가 바뀌지 않음
CC0229,창원시립 대원어린이집,어린이집,4812352000,중앙동,성산구,scenario_stable_non_high,0.0,0.0,0.0,0.0,0,0,0,0.0,0.0,0.0,492.5,32.2,36.8,0.0,0.0,0.0,0.0,0.0,0.0,0.0,0.0,0.0,0.0,none,no_axis_variation,,0.0,0.0,476.4,195.08,544,36개 가정 전체에서 상위 10% 포함 여부가 바뀌지 않음
CC0230,창원시립 에일린의뜰1단지어린이집,어린이집,4812352000,중앙동,성산구,scenario_stable_non_high,0.0,0.0,0.0,0.0,0,0,0,0.0,0.0,0.0,619.9,43.8,39.3,0.0,0.0,0.0,0.0,0.0,0.0,0.0,0.0,0.0,0.0,none,no_axis_variation,,0.0,0.0,565.1,235.78,681,36개 가정 전체에서 상위 10% 포함 여부가 바뀌지 않음
CC0231,창원시립 에일린의뜰2단지어린이집,어린이집,4812352000,중앙동,성산구,scenario_stable_non_high,0.0,0.0,0.0,0.0,0,0,0,0.0,0.0,0.0,414.0,57.1,40.0,0.0,0.0,0.0,0.0,0.0,0.0,0.0,0.0,0.0,0.0,none,no_axis_variation,,0.0,0.0,534.9,172.88,497,36개 가정 전체에서 상위 10% 포함 여부가 바뀌지 않음
CC0233,킨더바움어린이집,어린이집,4812352000,중앙동,성산구,scenario_stable_non_high,0.0,0.0,0.0,0.0,0,0,0,0.0,0.0,0.0,404.5,49.5,42.9,0.0,0.0,0.0,0.0,0.0,0.0,0.0,0.0,0.0,0.0,none,no_axis_variation,,0.0,0.0,646.0,159.23,491,36개 가정 전체에서 상위 10% 포함 여부가 바뀌지 않음
CC0234,토리어린이집,어린이집,4812352000,중앙동,성산구,scenario_stable_non_high,0.0,0.0,0.0,0.0,0,0,0,0.0,0.0,0.0,381.5,23.5,36.2,0.0,0.0,0.0,0.0,0.0,0.0,0.0,0.0,0.0,0.0,none,no_axis_variation,,0.0,0.0,366.3,150.64,433,36개 가정 전체에서 상위 10% 포함 여부가 바뀌지 않음
CC0235,꿈누리어린이집,어린이집,4812352000,중앙동,성산구,scenario_stable_non_high,0.0,0.0,0.0,0.0,0,0,0,0.0,0.0,0.0,344.3,26.0,34.5,0.0,0.0,0.0,0.0,0.0,0.0,0.0,0.0,0.0,0.0,none,no_axis_variation,,0.0,0.0,317.8,144.06,398,36개 가정 전체에서 상위 10% 포함 여부가 바뀌지 않음
CC0237,수채화어린이집,어린이집,4812352000,중앙동,성산구,scenario_stable_non_high,0.0,0.0,0.0,0.0,0,0,0,0.0,0.0,0.0,53.6,47.2,41.8,0.0,0.0,0.0,0.0,0.0,0.0,0.0,0.0,0.0,0.0,none,no_axis_variation,,0.0,0.0,285.8,37.88,160,36개 가정 전체에서 상위 10% 포함 여부가 바뀌지 않음
CC0238,스마일어린이집,어린이집,4812352000,중앙동,성산구,scenario_stable_non_high,0.0,0.0,0.0,0.0,0,0,0,0.0,0.0,0.0,400.9,44.1,38.4,0.0,0.0,0.0,0.0,0.0,0.0,0.0,0.0,0.0,0.0,none,no_axis_variation,,0.0,0.0,508.5,159.59,465,36개 가정 전체에서 상위 10% 포함 여부가 바뀌지 않음
CC0240,참좋은어린이집,어린이집,4812352000,중앙동,성산구,scenario_stable_non_high,0.0,0.0,0.0,0.0,0,0,0,0.0,0.0,0.0,409.7,36.7,40.9,0.0,0.0,0.0,0.0,0.0,0.0,0.0,0.0,0.0,0.0,none,no_axis_variation,,0.0,0.0,476.1,156.79,480,36개 가정 전체에서 상위 10% 포함 여부가 바뀌지 않음
CC0241,파크빌어린이집,어린이집,4812352000,중앙동,성산구,scenario_stable_non_high,0.0,0.0,0.0,0.0,0,0,0,0.0,0.0,0.0,116.2,32.1,41.6,0.0,0.0,0.0,0.0,0.0,0.0,0.0,0.0,0.0,0.0,none,no_axis_variation,,0.0,0.0,315.3,54.23,189,36개 가정 전체에서 상위 10% 포함 여부가 바뀌지 않음
CC0242,하람어린이집,어린이집,4812352000,중앙동,성산구,scenario_stable_non_high,0.0,0.0,0.0,0.0,0,0,0,0.0,0.0,0.0,121.6,39.4,40.8,0.0,0.0,0.0,0.0,0.0,0.0,0.0,0.0,0.0,0.0,none,no_axis_variation,,0.0,0.0,401.5,51.45,207,36개 가정 전체에서 상위 10% 포함 여부가 바뀌지 않음
CC0243,해뜸어린이집,어린이집,4812352000,중앙동,성산구,scenario_stable_non_high,0.0,0.0,0.0,0.0,0,0,0,0.0,0.0,0.0,131.3,32.9,40.8,0.0,0.0,0.0,0.0,0.0,0.0,0.0,0.0,0.0,0.0,none,no_axis_variation,,0.0,0.0,304.0,56.9,200,36개 가정 전체에서 상위 10% 포함 여부가 바뀌지 않음
CC0246,창원시립 가포금호어울림어린이집,어린이집,4812552000,가포동,마산합포구,scenario_stable_non_high,0.0,0.0,0.0,0.0,0,0,0,0.0,0.0,0.0,49.0,1.9,5.3,0.0,0.0,0.0,0.0,0.0,0.0,0.0,0.0,0.0,0.0,none,no_axis_variation,,0.0,0.0,1403.4,21.08,61,36개 가정 전체에서 상위 10% 포함 여부가 바뀌지 않음
CC0247,창원시립 가포어린이집,어린이집,4812552000,가포동,마산합포구,scenario_stable_non_high,0.0,0.0,0.0,0.0,0,0,0,0.0,0.0,0.0,125.0,4.4,41.1,0.0,0.0,0.0,0.0,0.0,0.0,0.0,0.0,0.0,0.0,none,no_axis_variation,,0.0,0.0,705.6,56.44,180,36개 가정 전체에서 상위 10% 포함 여부가 바뀌지 않음
CC0248,창원시립 가포유보라어린이집,어린이집,4812552000,가포동,마산합포구,scenario_stable_non_high,0.0,0.0,0.0,0.0,0,0,0,0.0,0.0,0.0,153.6,13.2,8.3,0.0,0.0,0.0,0.0,0.0,0.0,0.0,0.0,0.0,0.0,none,no_axis_variation,,0.0,0.0,1338.8,55.93,176,36개 가정 전체에서 상위 10% 포함 여부가 바뀌지 않음
CC0249,창원시립 교방롯데캐슬어린이집,어린이집,4812561000,교방동,마산합포구,scenario_stable_non_high,0.0,0.0,0.0,0.0,0,0,0,0.0,0.0,0.0,126.4,25.0,26.2,0.0,0.0,0.0,0.0,0.0,0.0,0.0,0.0,0.0,0.0,none,no_axis_variation,,0.0,0.0,1272.2,48.52,169,36개 가정 전체에서 상위 10% 포함 여부가 바뀌지 않음
CC0250,창원시립 교방푸르지오어린이집,어린이집,4812561000,교방동,마산합포구,scenario_stable_non_high,0.0,0.0,0.0,0.0,0,0,0,0.0,0.0,0.0,182.0,35.9,29.4,0.0,0.0,0.0,0.0,0.0,0.0,0.0,0.0,0.0,0.0,none,no_axis_variation,,0.0,0.0,603.7,71.96,255,36개 가정 전체에서 상위 10% 포함 여부가 바뀌지 않음
CC0251,i블루밍어린이집,어린이집,4812561000,교방동,마산합포구,scenario_stable_non_high,0.0,0.0,0.0,0.0,0,0,0,0.0,0.0,0.0,26.3,13.2,31.1,0.0,0.0,0.0,0.0,0.0,0.0,0.0,0.0,0.0,0.0,none,no_axis_variation,,0.0,0.0,1370.4,19.46,91,36개 가정 전체에서 상위 10% 포함 여부가 바뀌지 않음
CC0252,노산어린이집,어린이집,4812561000,교방동,마산합포구,scenario_stable_non_high,0.0,0.0,0.0,0.0,0,0,0,0.0,0.0,0.0,345.7,26.7,45.5,0.0,0.0,0.0,0.0,0.0,0.0,0.0,0.0,0.0,0.0,none,no_axis_variation,,0.0,0.0,989.6,128.9,409,36개 가정 전체에서 상위 10% 포함 여부가 바뀌지 않음
CC0253,마산삼성어린이집,어린이집,4812561000,교방동,마산합포구,scenario_stable_non_high,0.0,0.0,0.0,0.0,0,0,0,0.0,0.0,0.0,192.2,47.9,27.5,0.0,0.0,0.0,0.0,0.0,0.0,0.0,0.0,0.0,0.0,none,no_axis_variation,,0.0,0.0,476.2,82.15,286,36개 가정 전체에서 상위 10% 포함 여부가 바뀌지 않음
CC0254,자이별밭 어린이집,어린이집,4812561000,교방동,마산합포구,scenario_stable_non_high,0.0,0.0,0.0,0.0,0,0,0,0.0,0.0,0.0,309.7,25.9,43.5,0.0,0.0,0.0,0.0,0.0,0.0,0.0,0.0,0.0,0.0,none,no_axis_variation,,0.0,0.0,980.2,116.35,363,36개 가정 전체에서 상위 10% 포함 여부가 바뀌지 않음
CC0255,킨더가르텐 어린이집,어린이집,4812561000,교방동,마산합포구,scenario_stable_non_high,0.0,0.0,0.0,0.0,0,0,0,0.0,0.0,0.0,29.1,10.3,12.9,0.0,0.0,0.0,0.0,0.0,0.0,0.0,0.0,0.0,0.0,none,no_axis_variation,,0.0,0.0,1383.4,14.63,60,36개 가정 전체에서 상위 10% 포함 여부가 바뀌지 않음
CC0256,상록엔젤어린이집,어린이집,4812561000,교방동,마산합포구,scenario_stable_non_high,0.0,0.0,0.0,0.0,0,0,0,0.0,0.0,0.0,260.5,32.5,13.0,0.0,0.0,0.0,0.0,0.0,0.0,0.0,0.0,0.0,0.0,none,no_axis_variation,,0.0,0.0,1232.9,111.27,309,36개 가정 전체에서 상위 10% 포함 여부가 바뀌지 않음
CC0257,예림어린이집,어린이집,4812561000,교방동,마산합포구,scenario_stable_non_high,0.0,0.0,0.0,0.0,0,0,0,0.0,0.0,0.0,309.7,25.9,43.5,0.0,0.0,0.0,0.0,0.0,0.0,0.0,0.0,0.0,0.0,none,no_axis_variation,,0.0,0.0,980.2,116.35,363,36개 가정 전체에서 상위 10% 포함 여부가 바뀌지 않음
CC0258,우리네어린이집,어린이집,4812561000,교방동,마산합포구,scenario_stable_non_high,0.0,0.0,0.0,0.0,0,0,0,0.0,0.0,0.0,26.3,13.2,31.1,0.0,0.0,0.0,0.0,0.0,0.0,0.0,0.0,0.0,0.0,none,no_axis_variation,,0.0,0.0,1370.4,19.46,91,36개 가정 전체에서 상위 10% 포함 여부가 바뀌지 않음
CC0259,창원시립 구산어린이집,어린이집,4812531000,구산면,마산합포구,scenario_stable_non_high,0.0,0.0,0.0,0.0,0,0,0,0.0,0.0,0.0,0.0,0.0,0.0,0.0,0.0,0.0,0.0,0.0,0.0,0.0,0.0,0.0,0.0,none,no_axis_variation,,0.0,0.0,1584.0,0.0,0,36개 가정 전체에서 상위 10% 포함 여부가 바뀌지 않음
CC0260,창원시립 샛별어린이집,어린이집,4812554000,문화동,마산합포구,scenario_stable_non_high,0.0,0.0,0.0,0.0,0,0,0,0.0,0.0,0.0,109.0,10.6,42.2,0.0,0.0,0.0,0.0,0.0,0.0,0.0,0.0,0.0,0.0,none,no_axis_variation,,0.0,0.0,325.5,43.54,164,36개 가정 전체에서 상위 10% 포함 여부가 바뀌지 않음
CC0261,예능어린이집,어린이집,4812554000,문화동,마산합포구,scenario_stable_non_high,0.0,0.0,0.0,0.0,0,0,0,0.0,0.0,0.0,46.7,37.1,41.6,0.0,0.0,0.0,0.0,0.0,0.0,0.0,0.0,0.0,0.0,none,no_axis_variation,,0.0,0.0,390.0,30.11,119,36개 가정 전체에서 상위 10% 포함 여부가 바뀌지 않음
CC0262,합포꿈동이어린이집,어린이집,4812554000,문화동,마산합포구,scenario_stable_non_high,0.0,0.0,0.0,0.0,0,0,0,0.0,0.0,0.0,65.1,12.5,42.9,0.0,0.0,0.0,0.0,0.0,0.0,0.0,0.0,0.0,0.0,none,no_axis_variation,,0.0,0.0,300.3,31.47,119,36개 가정 전체에서 상위 10% 포함 여부가 바뀌지 않음
CC0263,합포어린이집,어린이집,4812554000,문화동,마산합포구,scenario_stable_non_high,0.0,0.0,0.0,0.0,0,0,0,0.0,0.0,0.0,120.9,28.6,39.8,0.0,0.0,0.0,0.0,0.0,0.0,0.0,0.0,0.0,0.0,none,no_axis_variation,,0.0,0.0,265.4,49.83,177,36개 가정 전체에서 상위 10% 포함 여부가 바뀌지 않음
CC0264,백양어린이집,어린이집,4812556500,반월중앙동,마산합포구,scenario_stable_non_high,0.0,0.0,0.0,0.0,0,0,0,0.0,0.0,0.0,173.8,23.0,47.0,0.0,0.0,0.0,0.0,0.0,0.0,0.0,0.0,0.0,0.0,none,no_axis_variation,,0.0,0.0,541.3,74.04,239,36개 가정 전체에서 상위 10% 포함 여부가 바뀌지 않음
CC0265,사회복지법인마산어린이집,어린이집,4812556500,반월중앙동,마산합포구,scenario_stable_non_high,0.0,0.0,0.0,0.0,0,0,0,0.0,0.0,0.0,131.1,22.6,21.8,0.0,0.0,0.0,0.0,0.0,0.0,0.0,0.0,0.0,0.0,none,no_axis_variation,,0.0,0.0,210.1,57.9,193,36개 가정 전체에서 상위 10% 포함 여부가 바뀌지 않음
CC0267,블루밍어린이집,어린이집,4812556500,반월중앙동,마산합포구,scenario_stable_non_high,0.0,0.0,0.0,0.0,0,0,0,0.0,0.0,0.0,179.6,14.6,39.4,0.0,0.0,0.0,0.0,0.0,0.0,0.0,0.0,0.0,0.0,none,no_axis_variation,,0.0,0.0,474.7,74.54,226,36개 가정 전체에서 상위 10% 포함 여부가 바뀌지 않음
CC0268,해오름어린이집,어린이집,4812556500,반월중앙동,마산합포구,scenario_stable_non_high,0.0,0.0,0.0,0.0,0,0,0,0.0,0.0,0.0,143.2,24.2,28.0,0.0,0.0,0.0,0.0,0.0,0.0,0.0,0.0,0.0,0.0,none,no_axis_variation,,0.0,0.0,224.4,60.39,202,36개 가정 전체에서 상위 10% 포함 여부가 바뀌지 않음
CC0269,경동튼튼어린이집,어린이집,4812556500,반월중앙동,마산합포구,scenario_stable_non_high,0.0,0.0,0.0,0.0,0,0,0,0.0,0.0,0.0,195.4,25.5,37.8,0.0,0.0,0.0,0.0,0.0,0.0,0.0,0.0,0.0,0.0,none,no_axis_variation,,0.0,0.0,265.8,82.14,256,36개 가정 전체에서 상위 10% 포함 여부가 바뀌지 않음
CC0274,연우어린이집,어린이집,4812565000,산호동,마산합포구,scenario_stable_non_high,0.0,0.0,0.0,0.0,0,0,0,0.0,0.0,0.0,218.4,18.9,8.7,0.0,0.0,0.0,0.0,0.0,0.0,0.0,0.0,0.0,0.0,none,no_axis_variation,,0.0,0.0,371.2,84.05,255,36개 가정 전체에서 상위 10% 포함 여부가 바뀌지 않음
CC0276,통통이어린이집,어린이집,4812565000,산호동,마산합포구,scenario_stable_non_high,0.0,0.0,0.0,0.0,0,0,0,0.0,0.0,0.0,392.5,18.1,2.4,0.0,0.0,0.0,0.0,0.0,0.0,0.0,0.0,0.0,0.0,none,no_axis_variation,,0.0,0.0,321.9,156.7,414,36개 가정 전체에서 상위 10% 포함 여부가 바뀌지 않음
CC0279,창원시립 추산어린이집,어린이집,4812563000,오동동,마산합포구,scenario_stable_non_high,0.0,0.0,0.0,0.0,0,0,0,0.0,0.0,0.0,317.3,24.5,36.2,0.0,0.0,0.0,0.0,0.0,0.0,0.0,0.0,0.0,0.0,none,no_axis_variation,,0.0,0.0,348.8,129.42,371,36개 가정 전체에서 상위 10% 포함 여부가 바뀌지 않음
CC0284,노벨어린이집,어린이집,4812557000,완월동,마산합포구,scenario_stable_non_high,0.0,0.0,0.0,0.0,0,0,0,0.0,0.0,0.0,46.4,15.3,20.3,0.0,0.0,0.0,0.0,0.0,0.0,0.0,0.0,0.0,0.0,none,no_axis_variation,,0.0,0.0,1075.3,22.25,91,36개 가정 전체에서 상위 10% 포함 여부가 바뀌지 않음
CC0285,자연숲어린이집,어린이집,4812557000,완월동,마산합포구,scenario_stable_non_high,0.0,0.0,0.0,0.0,0,0,0,0.0,0.0,0.0,65.6,15.1,20.0,0.0,0.0,0.0,0.0,0.0,0.0,0.0,0.0,0.0,0.0,none,no_axis_variation,,0.0,0.0,1072.4,26.95,95,36개 가정 전체에서 상위 10% 포함 여부가 바뀌지 않음
CC0286,보노어린이집,어린이집,4812557000,완월동,마산합포구,scenario_stable_non_high,0.0,0.0,0.0,0.0,0,0,0,0.0,0.0,0.0,320.2,26.7,36.8,0.0,0.0,0.0,0.0,0.0,0.0,0.0,0.0,0.0,0.0,none,no_axis_variation,,0.0,0.0,729.0,130.21,385,36개 가정 전체에서 상위 10% 포함 여부가 바뀌지 않음
CC0287,창원시립 SK오션뷰어린이집,어린이집,4812553000,월영동,마산합포구,scenario_stable_non_high,0.0,0.0,0.0,0.0,0,0,0,0.0,0.0,0.0,130.7,26.2,22.7,0.0,0.0,0.0,0.0,0.0,0.0,0.0,0.0,0.0,0.0,none,no_axis_variation,,0.0,0.0,945.0,54.81,175,36개 가정 전체에서 상위 10% 포함 여부가 바뀌지 않음
CC0288,창원시립 딩동댕어린이집,어린이집,4812553000,월영동,마산합포구,scenario_stable_non_high,0.0,0.0,0.0,0.0,0,0,0,0.0,0.0,0.0,271.8,17.7,15.0,0.0,0.0,0.0,0.0,0.0,0.0,0.0,0.0,0.0,0.0,none,no_axis_variation,,0.0,0.0,1286.3,110.19,299,36개 가정 전체에서 상위 10% 포함 여부가 바뀌지 않음
CC0289,창원시립 마린애시앙어린이집,어린이집,4812553000,월영동,마산합포구,scenario_stable_non_high,0.0,0.0,0.0,0.0,0,0,0,0.0,0.0,0.0,294.9,30.5,19.3,0.0,0.0,0.0,0.0,0.0,0.0,0.0,0.0,0.0,0.0,none,no_axis_variation,,0.0,0.0,994.4,109.99,347,36개 가정 전체에서 상위 10% 포함 여부가 바뀌지 않음
CC0290,창원시립 애시앙숲어린이집,어린이집,4812553000,월영동,마산합포구,scenario_stable_non_high,0.0,0.0,0.0,0.0,0,0,0,0.0,0.0,0.0,294.9,30.5,19.3,0.0,0.0,0.0,0.0,0.0,0.0,0.0,0.0,0.0,0.0,none,no_axis_variation,,0.0,0.0,994.4,109.99,347,36개 가정 전체에서 상위 10% 포함 여부가 바뀌지 않음
CC0291,창원시립 월영어린이집,어린이집,4812553000,월영동,마산합포구,scenario_stable_non_high,0.0,0.0,0.0,0.0,0,0,0,0.0,0.0,0.0,61.9,42.1,44.9,0.0,0.0,0.0,0.0,0.0,0.0,0.0,0.0,0.0,0.0,none,no_axis_variation,,0.0,0.0,567.9,36.95,147,36개 가정 전체에서 상위 10% 포함 여부가 바뀌지 않음
CC0292,동아마을어린이집,어린이집,4812553000,월영동,마산합포구,scenario_stable_non_high,0.0,0.0,0.0,0.0,0,0,0,0.0,0.0,0.0,213.6,23.3,17.4,0.0,0.0,0.0,0.0,0.0,0.0,0.0,0.0,0.0,0.0,none,no_axis_variation,,0.0,0.0,1089.3,80.0,251,36개 가정 전체에서 상위 10% 포함 여부가 바뀌지 않음
CC0293,동아신나는어린이집,어린이집,4812553000,월영동,마산합포구,scenario_stable_non_high,0.0,0.0,0.0,0.0,0,0,0,0.0,0.0,0.0,271.8,17.7,15.0,0.0,0.0,0.0,0.0,0.0,0.0,0.0,0.0,0.0,0.0,none,no_axis_variation,,0.0,0.0,1286.3,110.19,299,36개 가정 전체에서 상위 10% 포함 여부가 바뀌지 않음
CC0294,마산가포부영사랑으로어린이집,어린이집,4812553000,월영동,마산합포구,scenario_stable_non_high,0.0,0.0,0.0,0.0,0,0,0,0.0,0.0,0.0,61.2,19.5,8.1,0.0,0.0,0.0,0.0,0.0,0.0,0.0,0.0,0.0,0.0,none,no_axis_variation,,0.0,0.0,1462.9,25.31,81,36개 가정 전체에서 상위 10% 포함 여부가 바뀌지 않음
CC0295,새암어린이집,어린이집,4812553000,월영동,마산합포구,scenario_stable_non_high,0.0,0.0,0.0,0.0,0,0,0,0.0,0.0,0.0,106.1,32.2,27.0,0.0,0.0,0.0,0.0,0.0,0.0,0.0,0.0,0.0,0.0,none,no_axis_variation,,0.0,0.0,886.0,45.81,171,36개 가정 전체에서 상위 10% 포함 여부가 바뀌지 않음
CC0298,현대신나는어린이집,어린이집,4812553000,월영동,마산합포구,scenario_stable_non_high,0.0,0.0,0.0,0.0,0,0,0,0.0,0.0,0.0,159.7,14.9,17.3,0.0,0.0,0.0,0.0,0.0,0.0,0.0,0.0,0.0,0.0,none,no_axis_variation,,0.0,0.0,1233.4,65.0,188,36개 가정 전체에서 상위 10% 포함 여부가 바뀌지 않음
CC0299,고운어린이집,어린이집,4812553000,월영동,마산합포구,scenario_stable_non_high,0.0,0.0,0.0,0.0,0,0,0,0.0,0.0,0.0,294.9,30.5,19.3,0.0,0.0,0.0,0.0,0.0,0.0,0.0,0.0,0.0,0.0,none,no_axis_variation,,0.0,0.0,994.4,109.99,347,36개 가정 전체에서 상위 10% 포함 여부가 바뀌지 않음
CC0300,금빛어린이집,어린이집,4812553000,월영동,마산합포구,scenario_stable_non_high,0.0,0.0,0.0,0.0,0,0,0,0.0,0.0,0.0,213.6,23.3,17.4,0.0,0.0,0.0,0.0,0.0,0.0,0.0,0.0,0.0,0.0,none,no_axis_variation,,0.0,0.0,1089.3,80.0,251,36개 가정 전체에서 상위 10% 포함 여부가 바뀌지 않음
CC0301,기쁨몬테소리어린이집,어린이집,4812553000,월영동,마산합포구,scenario_stable_non_high,0.0,0.0,0.0,0.0,0,0,0,0.0,0.0,0.0,271.8,17.7,15.0,0.0,0.0,0.0,0.0,0.0,0.0,0.0,0.0,0.0,0.0,none,no_axis_variation,,0.0,0.0,1286.3,110.19,299,36개 가정 전체에서 상위 10% 포함 여부가 바뀌지 않음
CC0302,꼬꼬마어린이집,어린이집,4812553000,월영동,마산합포구,scenario_stable_non_high,0.0,0.0,0.0,0.0,0,0,0,0.0,0.0,0.0,271.8,17.7,15.0,0.0,0.0,0.0,0.0,0.0,0.0,0.0,0.0,0.0,0.0,none,no_axis_variation,,0.0,0.0,1286.3,110.19,299,36개 가정 전체에서 상위 10% 포함 여부가 바뀌지 않음
CC0303,바른나무어린이집,어린이집,4812553000,월영동,마산합포구,scenario_stable_non_high,0.0,0.0,0.0,0.0,0,0,0,0.0,0.0,0.0,294.9,30.5,19.3,0.0,0.0,0.0,0.0,0.0,0.0,0.0,0.0,0.0,0.0,none,no_axis_variation,,0.0,0.0,994.4,109.99,347,36개 가정 전체에서 상위 10% 포함 여부가 바뀌지 않음
CC0304,보보어린이집,어린이집,4812553000,월영동,마산합포구,scenario_stable_non_high,0.0,0.0,0.0,0.0,0,0,0,0.0,0.0,0.0,239.9,14.6,15.5,0.0,0.0,0.0,0.0,0.0,0.0,0.0,0.0,0.0,0.0,none,no_axis_variation,,0.0,0.0,1265.1,99.66,267,36개 가정 전체에서 상위 10% 포함 여부가 바뀌지 않음
CC0305,사랑숲 어린이집,어린이집,4812553000,월영동,마산합포구,scenario_stable_non_high,0.0,0.0,0.0,0.0,0,0,0,0.0,0.0,0.0,226.2,30.0,43.4,0.0,0.0,0.0,0.0,0.0,0.0,0.0,0.0,0.0,0.0,none,no_axis_variation,,0.0,0.0,354.1,86.81,300,36개 가정 전체에서 상위 10% 포함 여부가 바뀌지 않음
CC0306,아띠어린이집,어린이집,4812553000,월영동,마산합포구,scenario_stable_non_high,0.0,0.0,0.0,0.0,0,0,0,0.0,0.0,0.0,37.6,35.1,43.0,0.0,0.0,0.0,0.0,0.0,0.0,0.0,0.0,0.0,0.0,none,no_axis_variation,,0.0,0.0,618.5,28.46,114,36개 가정 전체에서 상위 10% 포함 여부가 바뀌지 않음
CC0307,애시앙키즈어린이집,어린이집,4812553000,월영동,마산합포구,scenario_stable_non_high,0.0,0.0,0.0,0.0,0,0,0,0.0,0.0,0.0,294.9,30.5,19.3,0.0,0.0,0.0,0.0,0.0,0.0,0.0,0.0,0.0,0.0,none,no_axis_variation,,0.0,0.0,994.4,109.99,347,36개 가정 전체에서 상위 10% 포함 여부가 바뀌지 않음
CC0308,예님어린이집,어린이집,4812553000,월영동,마산합포구,scenario_stable_non_high,0.0,0.0,0.0,0.0,0,0,0,0.0,0.0,0.0,38.8,15.1,9.6,0.0,0.0,0.0,0.0,0.0,0.0,0.0,0.0,0.0,0.0,none,no_axis_variation,,0.0,0.0,1318.0,16.89,71,36개 가정 전체에서 상위 10% 포함 여부가 바뀌지 않음
CC0309,이안어린이집,어린이집,4812553000,월영동,마산합포구,scenario_stable_non_high,0.0,0.0,0.0,0.0,0,0,0,0.0,0.0,0.0,294.9,30.5,19.3,0.0,0.0,0.0,0.0,0.0,0.0,0.0,0.0,0.0,0.0,none,no_axis_variation,,0.0,0.0,994.4,109.99,347,36개 가정 전체에서 상위 10% 포함 여부가 바뀌지 않음
CC0310,조은어린이집,어린이집,4812553000,월영동,마산합포구,scenario_stable_non_high,0.0,0.0,0.0,0.0,0,0,0,0.0,0.0,0.0,100.4,19.8,8.0,0.0,0.0,0.0,0.0,0.0,0.0,0.0,0.0,0.0,0.0,none,no_axis_variation,,0.0,0.0,1433.9,43.21,120,36개 가정 전체에서 상위 10% 포함 여부가 바뀌지 않음
CC0311,해맑은어린이집,어린이집,4812553000,월영동,마산합포구,scenario_stable_non_high,0.0,0.0,0.0,0.0,0,0,0,0.0,0.0,0.0,152.6,21.3,52.2,0.0,0.0,0.0,0.0,0.0,0.0,0.0,0.0,0.0,0.0,none,no_axis_variation,,0.0,0.0,474.8,60.23,221,36개 가정 전체에서 상위 10% 포함 여부가 바뀌지 않음
CC0312,행복아이어린이집,어린이집,4812553000,월영동,마산합포구,scenario_stable_non_high,0.0,0.0,0.0,0.0,0,0,0,0.0,0.0,0.0,294.9,30.5,19.3,0.0,0.0,0.0,0.0,0.0,0.0,0.0,0.0,0.0,0.0,none,no_axis_variation,,0.0,0.0,994.4,109.99,347,36개 가정 전체에서 상위 10% 포함 여부가 바뀌지 않음
CC0313,바른아이뜰어린이집,어린이집,4812558000,자산동,마산합포구,scenario_stable_non_high,0.0,0.0,0.0,0.0,0,0,0,0.0,0.0,0.0,461.0,25.1,38.0,0.0,0.0,0.0,0.0,0.0,0.0,0.0,0.0,0.0,0.0,none,no_axis_variation,,0.0,0.0,548.7,182.25,522,36개 가정 전체에서 상위 10% 포함 여부가 바뀌지 않음
CC0314,반달어린이집,어린이집,4812558000,자산동,마산합포구,scenario_stable_non_high,0.0,0.0,0.0,0.0,0,0,0,0.0,0.0,0.0,190.1,11.4,16.0,0.0,0.0,0.0,0.0,0.0,0.0,0.0,0.0,0.0,0.0,none,no_axis_variation,,0.0,0.0,1268.3,74.07,211,36개 가정 전체에서 상위 10% 포함 여부가 바뀌지 않음
CC0315,샛별아이어린이집,어린이집,4812558000,자산동,마산합포구,scenario_stable_non_high,0.0,0.0,0.0,0.0,0,0,0,0.0,0.0,0.0,254.3,19.5,40.6,0.0,0.0,0.0,0.0,0.0,0.0,0.0,0.0,0.0,0.0,none,no_axis_variation,,0.0,0.0,329.6,104.17,309,36개 가정 전체에서 상위 10% 포함 여부가 바뀌지 않음
CC0316,청운어린이집,어린이집,4812558000,자산동,마산합포구,scenario_stable_non_high,0.0,0.0,0.0,0.0,0,0,0,0.0,0.0,0.0,168.8,17.1,32.2,0.0,0.0,0.0,0.0,0.0,0.0,0.0,0.0,0.0,0.0,none,no_axis_variation,,0.0,0.0,866.8,65.1,218,36개 가정 전체에서 상위 10% 포함 여부가 바뀌지 않음
CC0317,맑은숲영재스쿨어린이집,어린이집,4812558000,자산동,마산합포구,scenario_stable_non_high,0.0,0.0,0.0,0.0,0,0,0,0.0,0.0,0.0,91.6,23.0,31.7,0.0,0.0,0.0,0.0,0.0,0.0,0.0,0.0,0.0,0.0,none,no_axis_variation,,0.0,0.0,858.0,41.54,163,36개 가정 전체에서 상위 10% 포함 여부가 바뀌지 않음
CC0318,사동어린이집,어린이집,4812532000,진동면,마산합포구,scenario_stable_non_high,0.0,0.0,0.0,0.0,0,0,0,0.0,0.0,0.0,175.2,15.7,13.0,0.0,0.0,0.0,0.0,0.0,0.0,0.0,0.0,0.0,0.0,none,no_axis_variation,,0.0,0.0,1301.9,64.18,204,36개 가정 전체에서 상위 10% 포함 여부가 바뀌지 않음
CC0319,꿈채움어린이집,어린이집,4812532000,진동면,마산합포구,scenario_stable_non_high,0.0,0.0,0.0,0.0,0,0,0,0.0,0.0,0.0,38.6,22.2,12.2,0.0,0.0,0.0,0.0,0.0,0.0,0.0,0.0,0.0,0.0,none,no_axis_variation,,0.0,0.0,1286.6,19.01,67,36개 가정 전체에서 상위 10% 포함 여부가 바뀌지 않음
CC0320,밝은숲 어린이집,어린이집,4812532000,진동면,마산합포구,scenario_stable_non_high,0.0,0.0,0.0,0.0,0,0,0,0.0,0.0,0.0,53.1,36.3,10.2,0.0,0.0,0.0,0.0,0.0,0.0,0.0,0.0,0.0,0.0,none,no_axis_variation,,0.0,0.0,1314.4,25.24,92,36개 가정 전체에서 상위 10% 포함 여부가 바뀌지 않음
CC0321,재능어린이집,어린이집,4812532000,진동면,마산합포구,scenario_stable_non_high,0.0,0.0,0.0,0.0,0,0,0,0.0,0.0,0.0,217.8,13.0,8.7,0.0,0.0,0.0,0.0,0.0,0.0,0.0,0.0,0.0,0.0,none,no_axis_variation,,0.0,0.0,1400.2,86.98,238,36개 가정 전체에서 상위 10% 포함 여부가 바뀌지 않음
CC0322,꿈꾸는유앤아이어린이집,어린이집,4812532000,진동면,마산합포구,scenario_stable_non_high,0.0,0.0,0.0,0.0,0,0,0,0.0,0.0,0.0,35.3,22.4,13.4,0.0,0.0,0.0,0.0,0.0,0.0,0.0,0.0,0.0,0.0,none,no_axis_variation,,0.0,0.0,1276.4,18.95,78,36개 가정 전체에서 상위 10% 포함 여부가 바뀌지 않음
CC0323,유앤아이어린이집,어린이집,4812532000,진동면,마산합포구,scenario_stable_non_high,0.0,0.0,0.0,0.0,0,0,0,0.0,0.0,0.0,35.3,22.4,13.4,0.0,0.0,0.0,0.0,0.0,0.0,0.0,0.0,0.0,0.0,none,no_axis_variation,,0.0,0.0,1276.4,18.95,78,36개 가정 전체에서 상위 10% 포함 여부가 바뀌지 않음
CC0324,한솔어린이집,어린이집,4812532000,진동면,마산합포구,scenario_stable_non_high,0.0,0.0,0.0,0.0,0,0,0,0.0,0.0,0.0,99.1,33.0,14.7,0.0,0.0,0.0,0.0,0.0,0.0,0.0,0.0,0.0,0.0,none,no_axis_variation,,0.0,0.0,1257.9,40.58,148,36개 가정 전체에서 상위 10% 포함 여부가 바뀌지 않음
CC0325,창원시립 진북어린이집,어린이집,4812533000,진북면,마산합포구,scenario_stable_non_high,0.0,0.0,0.0,0.0,0,0,0,0.0,0.0,0.0,13.5,53.2,48.3,0.0,0.0,0.0,0.0,0.0,0.0,0.0,0.0,0.0,0.0,none,no_axis_variation,,0.0,0.0,483.7,32.76,148,36개 가정 전체에서 상위 10% 포함 여부가 바뀌지 않음
CC0327,창원시립 용마어린이집,어린이집,4812564000,합포동,마산합포구,scenario_stable_non_high,0.0,0.0,0.0,0.0,0,0,0,0.0,0.0,0.0,661.3,17.9,2.7,0.0,0.0,0.0,0.0,0.0,0.0,0.0,0.0,0.0,0.0,none,no_axis_variation,,0.0,0.0,422.5,268.98,695,36개 가정 전체에서 상위 10% 포함 여부가 바뀌지 않음
CC0328,베스티움 큰샘 어린이집,어린이집,4812564000,합포동,마산합포구,scenario_stable_non_high,0.0,0.0,0.0,0.0,0,0,0,0.0,0.0,0.0,159.5,36.5,30.9,0.0,0.0,0.0,0.0,0.0,0.0,0.0,0.0,0.0,0.0,none,no_axis_variation,,0.0,0.0,313.6,68.13,226,36개 가정 전체에서 상위 10% 포함 여부가 바뀌지 않음
CC0330,하늘샘어린이집,어린이집,4812564000,합포동,마산합포구,scenario_stable_non_high,0.0,0.0,0.0,0.0,0,0,0,0.0,0.0,0.0,400.8,29.2,24.0,0.0,0.0,0.0,0.0,0.0,0.0,0.0,0.0,0.0,0.0,none,no_axis_variation,,0.0,0.0,384.7,164.81,452,36개 가정 전체에서 상위 10% 포함 여부가 바뀌지 않음
CC0331,창원시립 덕동어린이집,어린이집,4812551000,현동,마산합포구,scenario_stable_non_high,0.0,0.0,0.0,0.0,0,0,0,0.0,0.0,0.0,0.0,0.0,0.0,0.0,0.0,0.0,0.0,0.0,0.0,0.0,0.0,0.0,0.0,none,no_axis_variation,,0.0,0.0,1584.0,0.0,0,36개 가정 전체에서 상위 10% 포함 여부가 바뀌지 않음
CC0332,신유성어린이집,어린이집,<NA>,현동,마산합포구,scenario_stable_non_high,0.0,0.0,0.0,0.0,0,0,0,0.0,0.0,0.0,29.8,0.3,1.0,0.0,0.0,0.0,0.0,0.0,0.0,0.0,0.0,0.0,0.0,none,no_axis_variation,,0.0,0.0,1540.8,11.56,31,36개 가정 전체에서 상위 10% 포함 여부가 바뀌지 않음
CC0333,중흥누리봄어린이집,어린이집,4812551000,현동,마산합포구,scenario_stable_non_high,0.0,0.0,0.0,0.0,0,0,0,0.0,0.0,0.0,338.1,17.2,9.4,0.0,0.0,0.0,0.0,0.0,0.0,0.0,0.0,0.0,0.0,none,no_axis_variation,,0.0,0.0,1321.8,142.1,376,36개 가정 전체에서 상위 10% 포함 여부가 바뀌지 않음
CC0334,중흥산들어린이집,어린이집,4812551000,현동,마산합포구,scenario_stable_non_high,0.0,0.0,0.0,0.0,0,0,0,0.0,0.0,0.0,47.4,3.2,4.5,0.0,0.0,0.0,0.0,0.0,0.0,0.0,0.0,0.0,0.0,none,no_axis_variation,,0.0,0.0,1498.6,19.58,54,36개 가정 전체에서 상위 10% 포함 여부가 바뀌지 않음
CC0335,중흥키즈어린이집,어린이집,4812551000,현동,마산합포구,scenario_stable_non_high,0.0,0.0,0.0,0.0,0,0,0,0.0,0.0,0.0,464.7,33.7,20.3,0.0,0.0,0.0,0.0,0.0,0.0,0.0,0.0,0.0,0.0,none,no_axis_variation,,0.0,0.0,929.4,175.64,513,36개 가정 전체에서 상위 10% 포함 여부가 바뀌지 않음
CC0336,하늘숲어린이집,어린이집,4812551000,현동,마산합포구,scenario_stable_non_high,0.0,0.0,0.0,0.0,0,0,0,0.0,0.0,0.0,235.7,30.3,14.9,0.0,0.0,0.0,0.0,0.0,0.0,0.0,0.0,0.0,0.0,none,no_axis_variation,,0.0,0.0,1024.7,87.37,273,36개 가정 전체에서 상위 10% 포함 여부가 바뀌지 않음
CC0337,하늘채다솜어린이집,어린이집,4812551000,현동,마산합포구,scenario_stable_non_high,0.0,0.0,0.0,0.0,0,0,0,0.0,0.0,0.0,134.0,3.5,3.5,0.0,0.0,0.0,0.0,0.0,0.0,0.0,0.0,0.0,0.0,none,no_axis_variation,,0.0,0.0,1494.7,55.65,144,36개 가정 전체에서 상위 10% 포함 여부가 바뀌지 않음
CC0338,보듬이어린이집,어린이집,<NA>,현동,마산합포구,scenario_stable_non_high,0.0,0.0,0.0,0.0,0,0,0,0.0,0.0,0.0,27.0,1.5,2.7,0.0,0.0,0.0,0.0,0.0,0.0,0.0,0.0,0.0,0.0,none,no_axis_variation,,0.0,0.0,1527.3,11.38,31,36개 가정 전체에서 상위 10% 포함 여부가 바뀌지 않음
CC0339,중흥해마루어린이집,어린이집,4812551000,현동,마산합포구,scenario_stable_non_high,0.0,0.0,0.0,0.0,0,0,0,0.0,0.0,0.0,464.7,33.7,20.3,0.0,0.0,0.0,0.0,0.0,0.0,0.0,0.0,0.0,0.0,none,no_axis_variation,,0.0,0.0,929.4,175.64,513,36개 가정 전체에서 상위 10% 포함 여부가 바뀌지 않음
CC0340,덴소코리아어린이집,어린이집,4812551000,현동,마산합포구,scenario_stable_non_high,0.0,0.0,0.0,0.0,0,0,0,0.0,0.0,0.0,48.3,5.0,5.9,0.0,0.0,0.0,0.0,0.0,0.0,0.0,0.0,0.0,0.0,none,no_axis_variation,,0.0,0.0,1501.6,19.9,58,36개 가정 전체에서 상위 10% 포함 여부가 바뀌지 않음
CC0341,글로벌창의 어린이집,어린이집,4812760000,구암1동,마산회원구,scenario_stable_non_high,0.0,0.0,0.0,0.0,0,0,0,0.0,0.0,0.0,133.2,25.4,133.9,0.0,0.0,0.0,0.0,0.0,0.0,0.0,0.0,0.0,0.0,none,no_axis_variation,,0.0,0.0,796.3,78.73,274,36개 가정 전체에서 상위 10% 포함 여부가 바뀌지 않음
CC0342,글로벌창의숲 어린이집,어린이집,4812760000,구암1동,마산회원구,scenario_stable_non_high,0.0,0.0,0.0,0.0,0,0,0,0.0,0.0,0.0,422.5,5.9,3.9,0.0,0.0,0.0,0.0,0.0,0.0,0.0,0.0,0.0,0.0,none,no_axis_variation,,0.0,0.0,453.2,170.14,444,36개 가정 전체에서 상위 10% 포함 여부가 바뀌지 않음
CC0343,바른손어린이집,어린이집,4812760000,구암1동,마산회원구,scenario_stable_non_high,0.0,0.0,0.0,0.0,0,0,0,0.0,0.0,0.0,339.4,11.2,32.5,0.0,0.0,0.0,0.0,0.0,0.0,0.0,0.0,0.0,0.0,none,no_axis_variation,,0.0,0.0,941.4,127.98,386,36개 가정 전체에서 상위 10% 포함 여부가 바뀌지 않음
CC0344,소명어린이집,어린이집,4812760000,구암1동,마산회원구,scenario_stable_non_high,0.0,0.0,0.0,0.0,0,0,0,0.0,0.0,0.0,156.5,13.2,3.2,0.0,0.0,0.0,0.0,0.0,0.0,0.0,0.0,0.0,0.0,none,no_axis_variation,,0.0,0.0,1080.7,60.33,182,36개 가정 전체에서 상위 10% 포함 여부가 바뀌지 않음
CC0345,천사맘어린이집,어린이집,4812760000,구암1동,마산회원구,scenario_stable_non_high,0.0,0.0,0.0,0.0,0,0,0,0.0,0.0,0.0,316.0,85.6,56.7,0.0,0.0,0.0,0.0,0.0,0.0,0.0,0.0,0.0,0.0,none,no_axis_variation,,0.0,0.0,574.2,132.54,459,36개 가정 전체에서 상위 10% 포함 여부가 바뀌지 않음
CC0351,창원시립 수피아어린이집,어린이집,4812725000,내서읍,마산회원구,scenario_stable_non_high,0.0,0.0,0.0,0.0,0,0,0,0.0,0.0,0.0,387.9,32.6,9.4,0.0,0.0,0.0,0.0,0.0,0.0,0.0,0.0,0.0,0.0,none,no_axis_variation,,0.0,0.0,376.5,149.69,431,36개 가정 전체에서 상위 10% 포함 여부가 바뀌지 않음
CC0352,창원시립 햇님어린이집,어린이집,4812725000,내서읍,마산회원구,scenario_stable_non_high,0.0,0.0,0.0,0.0,0,0,0,0.0,0.0,0.0,214.7,15.2,10.6,0.0,0.0,0.0,0.0,0.0,0.0,0.0,0.0,0.0,0.0,none,no_axis_variation,,0.0,0.0,1325.1,91.66,252,36개 가정 전체에서 상위 10% 포함 여부가 바뀌지 않음
CC0353,삼계한샘어린이집,어린이집,4812725000,내서읍,마산회원구,scenario_stable_non_high,0.0,0.0,0.0,0.0,0,0,0,0.0,0.0,0.0,97.4,30.0,13.8,0.0,0.0,0.0,0.0,0.0,0.0,0.0,0.0,0.0,0.0,none,no_axis_variation,,0.0,0.0,825.1,42.52,137,36개 가정 전체에서 상위 10% 포함 여부가 바뀌지 않음
CC0354,상곡어린이집,어린이집,4812725000,내서읍,마산회원구,scenario_stable_non_high,0.0,0.0,0.0,0.0,0,0,0,0.0,0.0,0.0,564.9,141.1,11.6,0.0,0.0,0.0,0.0,0.0,0.0,0.0,0.0,0.0,0.0,none,no_axis_variation,,0.0,0.0,703.8,230.02,718,36개 가정 전체에서 상위 10% 포함 여부가 바뀌지 않음
CC0355,선재어린이집,어린이집,4812725000,내서읍,마산회원구,scenario_stable_non_high,0.0,0.0,0.0,0.0,0,0,0,0.0,0.0,0.0,130.5,119.7,17.7,0.0,0.0,0.0,0.0,0.0,0.0,0.0,0.0,0.0,0.0,none,no_axis_variation,,0.0,0.0,269.5,75.87,264,36개 가정 전체에서 상위 10% 포함 여부가 바뀌지 않음
CC0356,숲속자람터어린이집,어린이집,4812725000,내서읍,마산회원구,scenario_stable_non_high,0.0,0.0,0.0,0.0,0,0,0,0.0,0.0,0.0,0.0,0.0,0.0,0.0,0.0,0.0,0.0,0.0,0.0,0.0,0.0,0.0,0.0,none,no_axis_variation,,0.0,0.0,1584.0,0.0,0,36개 가정 전체에서 상위 10% 포함 여부가 바뀌지 않음
CC0357,호계어린이집,어린이집,4812725000,내서읍,마산회원구,scenario_stable_non_high,0.0,0.0,0.0,0.0,0,0,0,0.0,0.0,0.0,201.8,24.0,15.1,0.0,0.0,0.0,0.0,0.0,0.0,0.0,0.0,0.0,0.0,none,no_axis_variation,,0.0,0.0,274.7,86.93,244,36개 가정 전체에서 상위 10% 포함 여부가 바뀌지 않음
CC0358,대동영재 아이짐어린이집,어린이집,4812725000,내서읍,마산회원구,scenario_stable_non_high,0.0,0.0,0.0,0.0,0,0,0,0.0,0.0,0.0,292.1,32.3,12.2,0.0,0.0,0.0,0.0,0.0,0.0,0.0,0.0,0.0,0.0,none,no_axis_variation,,0.0,0.0,759.1,114.0,325,36개 가정 전체에서 상위 10% 포함 여부가 바뀌지 않음
CC0360,라파어린이집,어린이집,4812725000,내서읍,마산회원구,scenario_stable_non_high,0.0,0.0,0.0,0.0,0,0,0,0.0,0.0,0.0,271.2,31.4,7.3,0.0,0.0,0.0,0.0,0.0,0.0,0.0,0.0,0.0,0.0,none,no_axis_variation,,0.0,0.0,359.2,103.31,313,36개 가정 전체에서 상위 10% 포함 여부가 바뀌지 않음
CC0361,삼계현대어린이집,어린이집,4812725000,내서읍,마산회원구,scenario_stable_non_high,0.0,0.0,0.0,0.0,0,0,0,0.0,0.0,0.0,38.3,8.6,1.4,0.0,0.0,0.0,0.0,0.0,0.0,0.0,0.0,0.0,0.0,none,no_axis_variation,,0.0,0.0,191.1,15.56,60,36개 가정 전체에서 상위 10% 포함 여부가 바뀌지 않음
CC0363,이미지은혜어린이집,어린이집,4812725000,내서읍,마산회원구,scenario_stable_non_high,0.0,0.0,0.0,0.0,0,0,0,0.0,0.0,0.0,78.7,13.2,7.7,0.0,0.0,0.0,0.0,0.0,0.0,0.0,0.0,0.0,0.0,none,no_axis_variation,,0.0,0.0,1369.4,33.84,107,36개 가정 전체에서 상위 10% 포함 여부가 바뀌지 않음
CC0364,일화어린이집,어린이집,4812725000,내서읍,마산회원구,scenario_stable_non_high,0.0,0.0,0.0,0.0,0,0,0,0.0,0.0,0.0,619.5,120.3,14.4,0.0,0.0,0.0,0.0,0.0,0.0,0.0,0.0,0.0,0.0,none,no_axis_variation,,0.0,0.0,629.0,251.03,755,36개 가정 전체에서 상위 10% 포함 여부가 바뀌지 않음
CC0365,참좋은하늘채어린이집,어린이집,4812725000,내서읍,마산회원구,scenario_stable_non_high,0.0,0.0,0.0,0.0,0,0,0,0.0,0.0,0.0,282.7,20.3,16.8,0.0,0.0,0.0,0.0,0.0,0.0,0.0,0.0,0.0,0.0,none,no_axis_variation,,0.0,0.0,1022.4,107.82,325,36개 가정 전체에서 상위 10% 포함 여부가 바뀌지 않음
CC0366,코오롱한샘어린이집,어린이집,4812725000,내서읍,마산회원구,scenario_stable_non_high,0.0,0.0,0.0,0.0,0,0,0,0.0,0.0,0.0,535.3,22.9,18.4,0.0,0.0,0.0,0.0,0.0,0.0,0.0,0.0,0.0,0.0,none,no_axis_variation,,0.0,0.0,971.1,218.09,585,36개 가정 전체에서 상위 10% 포함 여부가 바뀌지 않음
CC0367,한우리다온어린이집,어린이집,4812725000,내서읍,마산회원구,scenario_stable_non_high,0.0,0.0,0.0,0.0,0,0,0,0.0,0.0,0.0,367.2,33.8,9.1,0.0,0.0,0.0,0.0,0.0,0.0,0.0,0.0,0.0,0.0,none,no_axis_variation,,0.0,0.0,876.9,140.36,407,36개 가정 전체에서 상위 10% 포함 여부가 바뀌지 않음
CC0368,해바라기어린이집,어린이집,4812725000,내서읍,마산회원구,scenario_stable_non_high,0.0,0.0,0.0,0.0,0,0,0,0.0,0.0,0.0,76.0,19.3,18.7,0.0,0.0,0.0,0.0,0.0,0.0,0.0,0.0,0.0,0.0,none,no_axis_variation,,0.0,0.0,949.7,33.44,127,36개 가정 전체에서 상위 10% 포함 여부가 바뀌지 않음
CC0369,해와달아이어린이집,어린이집,4812725000,내서읍,마산회원구,scenario_stable_non_high,0.0,0.0,0.0,0.0,0,0,0,0.0,0.0,0.0,26.4,26.6,13.5,0.0,0.0,0.0,0.0,0.0,0.0,0.0,0.0,0.0,0.0,none,no_axis_variation,,0.0,0.0,278.0,20.11,83,36개 가정 전체에서 상위 10% 포함 여부가 바뀌지 않음
CC0370,호계사랑어린이집,어린이집,4812725000,내서읍,마산회원구,scenario_stable_non_high,0.0,0.0,0.0,0.0,0,0,0,0.0,0.0,0.0,261.0,22.6,10.6,0.0,0.0,0.0,0.0,0.0,0.0,0.0,0.0,0.0,0.0,none,no_axis_variation,,0.0,0.0,341.3,107.84,295,36개 가정 전체에서 상위 10% 포함 여부가 바뀌지 않음
CC0371,꼬마요정 어린이집,어린이집,4812725000,내서읍,마산회원구,scenario_stable_non_high,0.0,0.0,0.0,0.0,0,0,0,0.0,0.0,0.0,282.7,20.3,16.8,0.0,0.0,0.0,0.0,0.0,0.0,0.0,0.0,0.0,0.0,none,no_axis_variation,,0.0,0.0,1022.4,107.82,325,36개 가정 전체에서 상위 10% 포함 여부가 바뀌지 않음
CC0372,사랑샘어린이집,어린이집,4812725000,내서읍,마산회원구,scenario_stable_non_high,0.0,0.0,0.0,0.0,0,0,0,0.0,0.0,0.0,38.0,20.9,10.3,0.0,0.0,0.0,0.0,0.0,0.0,0.0,0.0,0.0,0.0,none,no_axis_variation,,0.0,0.0,1312.2,18.04,68,36개 가정 전체에서 상위 10% 포함 여부가 바뀌지 않음
CC0373,숲속엄마품어린이집,어린이집,4812725000,내서읍,마산회원구,scenario_stable_non_high,0.0,0.0,0.0,0.0,0,0,0,0.0,0.0,0.0,76.0,19.3,18.7,0.0,0.0,0.0,0.0,0.0,0.0,0.0,0.0,0.0,0.0,none,no_axis_variation,,0.0,0.0,949.7,33.44,127,36개 가정 전체에서 상위 10% 포함 여부가 바뀌지 않음
CC0374,아이자람 어린이집,어린이집,4812725000,내서읍,마산회원구,scenario_stable_non_high,0.0,0.0,0.0,0.0,0,0,0,0.0,0.0,0.0,161.8,20.5,23.2,0.0,0.0,0.0,0.0,0.0,0.0,0.0,0.0,0.0,0.0,none,no_axis_variation,,0.0,0.0,953.7,60.02,210,36개 가정 전체에서 상위 10% 포함 여부가 바뀌지 않음
CC0377,하륜안계어린이집,어린이집,4812725000,내서읍,마산회원구,scenario_stable_non_high,0.0,0.0,0.0,0.0,0,0,0,0.0,0.0,0.0,107.2,20.6,17.0,0.0,0.0,0.0,0.0,0.0,0.0,0.0,0.0,0.0,0.0,none,no_axis_variation,,0.0,0.0,1246.9,43.59,149,36개 가정 전체에서 상위 10% 포함 여부가 바뀌지 않음
CC0378,해담어린이집,어린이집,4812725000,내서읍,마산회원구,scenario_stable_non_high,0.0,0.0,0.0,0.0,0,0,0,0.0,0.0,0.0,282.7,20.3,16.8,0.0,0.0,0.0,0.0,0.0,0.0,0.0,0.0,0.0,0.0,none,no_axis_variation,,0.0,0.0,1022.4,107.82,325,36개 가정 전체에서 상위 10% 포함 여부가 바뀌지 않음
CC0381,창원시립 봉화어린이집,어린이집,4812754500,석전동,마산회원구,scenario_stable_non_high,0.0,0.0,0.0,0.0,0,0,0,0.0,0.0,0.0,298.3,23.4,29.5,0.0,0.0,0.0,0.0,0.0,0.0,0.0,0.0,0.0,0.0,none,no_axis_variation,,0.0,0.0,393.5,114.47,340,36개 가정 전체에서 상위 10% 포함 여부가 바뀌지 않음
CC0382,창원시립 석전어린이집,어린이집,4812754500,석전동,마산회원구,scenario_stable_non_high,0.0,0.0,0.0,0.0,0,0,0,0.0,0.0,0.0,59.4,9.6,73.9,0.0,0.0,0.0,0.0,0.0,0.0,0.0,0.0,0.0,0.0,none,no_axis_variation,,0.0,0.0,503.0,39.53,155,36개 가정 전체에서 상위 10% 포함 여부가 바뀌지 않음
CC0383,참빛어린이집,어린이집,4812754500,석전동,마산회원구,scenario_stable_non_high,0.0,0.0,0.0,0.0,0,0,0,0.0,0.0,0.0,117.7,24.6,41.6,0.0,0.0,0.0,0.0,0.0,0.0,0.0,0.0,0.0,0.0,none,no_axis_variation,,0.0,0.0,517.8,48.63,183,36개 가정 전체에서 상위 10% 포함 여부가 바뀌지 않음
CC0387,아셀어린이집,어린이집,4812756000,양덕1동,마산회원구,scenario_stable_non_high,0.0,0.0,0.0,0.0,0,0,0,0.0,0.0,0.0,97.7,20.0,32.8,0.0,0.0,0.0,0.0,0.0,0.0,0.0,0.0,0.0,0.0,none,no_axis_variation,,0.0,0.0,239.6,39.84,139,36개 가정 전체에서 상위 10% 포함 여부가 바뀌지 않음
CC0389,경남숲 어린이집,어린이집,4812756000,양덕1동,마산회원구,scenario_stable_non_high,0.0,0.0,0.0,0.0,0,0,0,0.0,0.0,0.0,291.6,115.6,100.1,0.0,0.0,0.0,0.0,0.0,0.0,0.0,0.0,0.0,0.0,none,no_axis_variation,,0.0,0.0,802.6,132.08,473,36개 가정 전체에서 상위 10% 포함 여부가 바뀌지 않음
CC0393,사회복지법인금강어린이집,어린이집,<NA>,양덕2동,마산회원구,scenario_stable_non_high,0.0,0.0,0.0,0.0,0,0,0,0.0,0.0,0.0,62.5,21.2,28.6,0.0,0.0,0.0,0.0,0.0,0.0,0.0,0.0,0.0,0.0,none,no_axis_variation,,0.0,0.0,269.0,30.47,119,36개 가정 전체에서 상위 10% 포함 여부가 바뀌지 않음
CC0394,굿맘아이어린이집,어린이집,4812757000,양덕2동,마산회원구,scenario_stable_non_high,0.0,0.0,0.0,0.0,0,0,0,0.0,0.0,0.0,115.0,28.4,4.0,0.0,0.0,0.0,0.0,0.0,0.0,0.0,0.0,0.0,0.0,none,no_axis_variation,,0.0,0.0,303.9,48.14,168,36개 가정 전체에서 상위 10% 포함 여부가 바뀌지 않음
CC0397,하늘채우솔어린이집,어린이집,4812757000,양덕2동,마산회원구,scenario_stable_non_high,0.0,0.0,0.0,0.0,0,0,0,0.0,0.0,0.0,218.8,24.5,15.0,0.0,0.0,0.0,0.0,0.0,0.0,0.0,0.0,0.0,0.0,none,no_axis_variation,,0.0,0.0,284.1,88.89,278,36개 가정 전체에서 상위 10% 포함 여부가 바뀌지 않음
CC0398,한일어린이집,어린이집,4812757000,양덕2동,마산회원구,scenario_stable_non_high,0.0,0.0,0.0,0.0,0,0,0,0.0,0.0,0.0,187.8,27.8,12.6,0.0,0.0,0.0,0.0,0.0,0.0,0.0,0.0,0.0,0.0,none,no_axis_variation,,0.0,0.0,287.6,77.67,252,36개 가정 전체에서 상위 10% 포함 여부가 바뀌지 않음
CC0400,라임어린이집,어린이집,4812757000,양덕2동,마산회원구,scenario_stable_non_high,0.0,0.0,0.0,0.0,0,0,0,0.0,0.0,0.0,56.2,15.2,37.3,0.0,0.0,0.0,0.0,0.0,0.0,0.0,0.0,0.0,0.0,none,no_axis_variation,,0.0,0.0,272.5,27.83,114,36개 가정 전체에서 상위 10% 포함 여부가 바뀌지 않음
CC0401,반디어린이집,어린이집,4812757000,양덕2동,마산회원구,scenario_stable_non_high,0.0,0.0,0.0,0.0,0,0,0,0.0,0.0,0.0,115.0,28.4,4.0,0.0,0.0,0.0,0.0,0.0,0.0,0.0,0.0,0.0,0.0,none,no_axis_variation,,0.0,0.0,303.9,48.14,168,36개 가정 전체에서 상위 10% 포함 여부가 바뀌지 않음
CC0402,새봄어린이집,어린이집,4812757000,양덕2동,마산회원구,scenario_stable_non_high,0.0,0.0,0.0,0.0,0,0,0,0.0,0.0,0.0,73.3,21.7,3.4,0.0,0.0,0.0,0.0,0.0,0.0,0.0,0.0,0.0,0.0,none,no_axis_variation,,0.0,0.0,294.2,31.63,114,36개 가정 전체에서 상위 10% 포함 여부가 바뀌지 않음
CC0404,작은별어린이집,어린이집,4812757000,양덕2동,마산회원구,scenario_stable_non_high,0.0,0.0,0.0,0.0,0,0,0,0.0,0.0,0.0,78.3,2.5,14.2,0.0,0.0,0.0,0.0,0.0,0.0,0.0,0.0,0.0,0.0,none,no_axis_variation,,0.0,0.0,222.6,31.51,104,36개 가정 전체에서 상위 10% 포함 여부가 바뀌지 않음
CC0406,해무리 어린이집,어린이집,4812757000,양덕2동,마산회원구,scenario_stable_non_high,0.0,0.0,0.0,0.0,0,0,0,0.0,0.0,0.0,56.2,15.2,37.3,0.0,0.0,0.0,0.0,0.0,0.0,0.0,0.0,0.0,0.0,none,no_axis_variation,,0.0,0.0,272.5,27.83,114,36개 가정 전체에서 상위 10% 포함 여부가 바뀌지 않음
CC0407,행복가득하늘채어린이집,어린이집,4812757000,양덕2동,마산회원구,scenario_stable_non_high,0.0,0.0,0.0,0.0,0,0,0,0.0,0.0,0.0,218.8,24.5,15.0,0.0,0.0,0.0,0.0,0.0,0.0,0.0,0.0,0.0,0.0,none,no_axis_variation,,0.0,0.0,284.1,88.89,278,36개 가정 전체에서 상위 10% 포함 여부가 바뀌지 않음
CC0410,창원시립 롯데캐슬어린이집,어린이집,4812758000,합성1동,마산회원구,scenario_stable_non_high,0.0,0.0,0.0,0.0,0,0,0,0.0,0.0,0.0,116.4,174.8,134.9,0.0,0.0,0.0,0.0,0.0,0.0,0.0,0.0,0.0,0.0,none,no_axis_variation,,0.0,0.0,592.4,111.94,452,36개 가정 전체에서 상위 10% 포함 여부가 바뀌지 않음
CC0413,창원시립 회성어린이집,어린이집,4812755000,회성동,마산회원구,scenario_stable_non_high,0.0,0.0,0.0,0.0,0,0,0,0.0,0.0,0.0,499.2,46.2,43.4,0.0,0.0,0.0,0.0,0.0,0.0,0.0,0.0,0.0,0.0,none,no_axis_variation,,0.0,0.0,819.6,196.18,578,36개 가정 전체에서 상위 10% 포함 여부가 바뀌지 않음
CC0414,예꿈어린이집,어린이집,4812751000,회원1동,마산회원구,scenario_stable_non_high,0.0,0.0,0.0,0.0,0,0,0,0.0,0.0,0.0,66.9,29.7,32.0,0.0,0.0,0.0,0.0,0.0,0.0,0.0,0.0,0.0,0.0,none,no_axis_variation,,0.0,0.0,579.7,32.7,136,36개 가정 전체에서 상위 10% 포함 여부가 바뀌지 않음
CC0415,해든미래클어린이집,어린이집,4812751000,회원1동,마산회원구,scenario_stable_non_high,0.0,0.0,0.0,0.0,0,0,0,0.0,0.0,0.0,32.4,31.7,79.2,0.0,0.0,0.0,0.0,0.0,0.0,0.0,0.0,0.0,0.0,none,no_axis_variation,,0.0,0.0,481.2,41.32,173,36개 가정 전체에서 상위 10% 포함 여부가 바뀌지 않음
CC0416,창원시립 e편한세상어린이집,어린이집,4812752000,회원2동,마산회원구,scenario_stable_non_high,0.0,0.0,0.0,0.0,0,0,0,0.0,0.0,0.0,148.0,25.2,70.2,0.0,0.0,0.0,0.0,0.0,0.0,0.0,0.0,0.0,0.0,none,no_axis_variation,,0.0,0.0,856.0,67.32,219,36개 가정 전체에서 상위 10% 포함 여부가 바뀌지 않음
CC0417,e편한세상키즈어린이집,어린이집,4812752000,회원2동,마산회원구,scenario_stable_non_high,0.0,0.0,0.0,0.0,0,0,0,0.0,0.0,0.0,133.2,25.1,46.1,0.0,0.0,0.0,0.0,0.0,0.0,0.0,0.0,0.0,0.0,none,no_axis_variation,,0.0,0.0,675.4,54.94,197,36개 가정 전체에서 상위 10% 포함 여부가 바뀌지 않음
CC0418,달나라 어린이집,어린이집,4812752000,회원2동,마산회원구,scenario_stable_non_high,0.0,0.0,0.0,0.0,0,0,0,0.0,0.0,0.0,99.7,26.2,77.5,0.0,0.0,0.0,0.0,0.0,0.0,0.0,0.0,0.0,0.0,none,no_axis_variation,,0.0,0.0,1306.2,52.08,204,36개 가정 전체에서 상위 10% 포함 여부가 바뀌지 않음
CC0419,청우 어린이집,어린이집,4812752000,회원2동,마산회원구,scenario_stable_non_high,0.0,0.0,0.0,0.0,0,0,0,0.0,0.0,0.0,30.7,14.9,76.1,0.0,0.0,0.0,0.0,0.0,0.0,0.0,0.0,0.0,0.0,none,no_axis_variation,,0.0,0.0,1381.4,35.05,137,36개 가정 전체에서 상위 10% 포함 여부가 바뀌지 않음
CC0420,행복가득 한마음어린이집,어린이집,4812752000,회원2동,마산회원구,scenario_stable_non_high,0.0,0.0,0.0,0.0,0,0,0,0.0,0.0,0.0,277.5,34.3,168.7,0.0,0.0,0.0,0.0,0.0,0.0,0.0,0.0,0.0,0.0,none,no_axis_variation,,0.0,0.0,1141.2,127.36,473,36개 가정 전체에서 상위 10% 포함 여부가 바뀌지 않음
CC0421,빛나는 진명어린이집,어린이집,4812752000,회원2동,마산회원구,scenario_stable_non_high,0.0,0.0,0.0,0.0,0,0,0,0.0,0.0,0.0,44.3,14.5,46.3,0.0,0.0,0.0,0.0,0.0,0.0,0.0,0.0,0.0,0.0,none,no_axis_variation,,0.0,0.0,1372.5,27.6,122,36개 가정 전체에서 상위 10% 포함 여부가 바뀌지 않음
CC0422,창원시립 경화어린이집,어린이집,4812956000,경화동,진해구,scenario_stable_non_high,0.0,0.0,0.0,0.0,0,0,0,0.0,0.0,0.0,87.2,22.3,1.2,0.0,0.0,0.0,0.0,0.0,0.0,0.0,0.0,0.0,0.0,none,no_axis_variation,,0.0,0.0,921.4,35.69,124,36개 가정 전체에서 상위 10% 포함 여부가 바뀌지 않음
CC0423,두산위브드림어린이집,어린이집,4812956000,경화동,진해구,scenario_stable_non_high,0.0,0.0,0.0,0.0,0,0,0,0.0,0.0,0.0,129.6,15.9,13.3,0.0,0.0,0.0,0.0,0.0,0.0,0.0,0.0,0.0,0.0,none,no_axis_variation,,0.0,0.0,1291.8,52.34,162,36개 가정 전체에서 상위 10% 포함 여부가 바뀌지 않음
CC0424,킹스키즈어린이집,어린이집,4812956000,경화동,진해구,scenario_stable_non_high,0.0,0.0,0.0,0.0,0,0,0,0.0,0.0,0.0,149.5,23.0,15.6,0.0,0.0,0.0,0.0,0.0,0.0,0.0,0.0,0.0,0.0,none,no_axis_variation,,0.0,0.0,1202.1,58.8,185,36개 가정 전체에서 상위 10% 포함 여부가 바뀌지 않음
CC0425,해화어린이집,어린이집,4812956000,경화동,진해구,scenario_stable_non_high,0.0,0.0,0.0,0.0,0,0,0,0.0,0.0,0.0,269.6,17.7,12.1,0.0,0.0,0.0,0.0,0.0,0.0,0.0,0.0,0.0,0.0,none,no_axis_variation,,0.0,0.0,1266.6,112.66,304,36개 가정 전체에서 상위 10% 포함 여부가 바뀌지 않음
CC0426,창원시립 썬키즈어린이집,어린이집,4812961000,덕산동,진해구,scenario_stable_non_high,0.0,0.0,0.0,0.0,0,0,0,0.0,0.0,0.0,347.3,36.9,25.1,0.0,0.0,0.0,0.0,0.0,0.0,0.0,0.0,0.0,0.0,none,no_axis_variation,,0.0,0.0,668.8,141.08,405,36개 가정 전체에서 상위 10% 포함 여부가 바뀌지 않음
CC0427,창원시립 자은주공어린이집,어린이집,4812961000,덕산동,진해구,scenario_stable_non_high,0.0,0.0,0.0,0.0,0,0,0,0.0,0.0,0.0,157.4,38.1,18.6,0.0,0.0,0.0,0.0,0.0,0.0,0.0,0.0,0.0,0.0,none,no_axis_variation,,0.0,0.0,929.5,60.83,214,36개 가정 전체에서 상위 10% 포함 여부가 바뀌지 않음
CC0428,꼬마숲해담어린이집,어린이집,4812961000,덕산동,진해구,scenario_stable_non_high,0.0,0.0,0.0,0.0,0,0,0,0.0,0.0,0.0,106.8,22.8,13.7,0.0,0.0,0.0,0.0,0.0,0.0,0.0,0.0,0.0,0.0,none,no_axis_variation,,0.0,0.0,810.6,44.54,142,36개 가정 전체에서 상위 10% 포함 여부가 바뀌지 않음
CC0429,경동큰나무어린이집,어린이집,4812961000,덕산동,진해구,scenario_stable_non_high,0.0,0.0,0.0,0.0,0,0,0,0.0,0.0,0.0,87.3,20.2,4.5,0.0,0.0,0.0,0.0,0.0,0.0,0.0,0.0,0.0,0.0,none,no_axis_variation,,0.0,0.0,821.3,38.75,119,36개 가정 전체에서 상위 10% 포함 여부가 바뀌지 않음
CC0430,덕산해군어린이집,어린이집,4812961000,덕산동,진해구,scenario_stable_non_high,0.0,0.0,0.0,0.0,0,0,0,0.0,0.0,0.0,92.0,34.7,20.8,0.0,0.0,0.0,0.0,0.0,0.0,0.0,0.0,0.0,0.0,none,no_axis_variation,,0.0,0.0,1055.4,38.45,139,36개 가정 전체에서 상위 10% 포함 여부가 바뀌지 않음
CC0431,창원시립 글로벌리더어린이집,어린이집,4812957000,병암동,진해구,scenario_stable_non_high,0.0,0.0,0.0,0.0,0,0,0,0.0,0.0,0.0,102.0,25.0,38.2,0.0,0.0,0.0,0.0,0.0,0.0,0.0,0.0,0.0,0.0,none,no_axis_variation,,0.0,0.0,874.0,52.63,183,36개 가정 전체에서 상위 10% 포함 여부가 바뀌지 않음
CC0432,연꽃누리어린이집,어린이집,4812957000,병암동,진해구,scenario_stable_non_high,0.0,0.0,0.0,0.0,0,0,0,0.0,0.0,0.0,288.1,27.1,56.1,0.0,0.0,0.0,0.0,0.0,0.0,0.0,0.0,0.0,0.0,none,no_axis_variation,,0.0,0.0,745.4,116.19,351,36개 가정 전체에서 상위 10% 포함 여부가 바뀌지 않음
CC0433,슈퍼키즈어린이집,어린이집,4812957000,병암동,진해구,scenario_stable_non_high,0.0,0.0,0.0,0.0,0,0,0,0.0,0.0,0.0,202.0,34.6,25.5,0.0,0.0,0.0,0.0,0.0,0.0,0.0,0.0,0.0,0.0,none,no_axis_variation,,0.0,0.0,592.6,83.1,289,36개 가정 전체에서 상위 10% 포함 여부가 바뀌지 않음
CC0434,에셀나무어린이집,어린이집,4812957000,병암동,진해구,scenario_stable_non_high,0.0,0.0,0.0,0.0,0,0,0,0.0,0.0,0.0,274.9,29.4,81.4,0.0,0.0,0.0,0.0,0.0,0.0,0.0,0.0,0.0,0.0,none,no_axis_variation,,0.0,0.0,812.9,112.17,366,36개 가정 전체에서 상위 10% 포함 여부가 바뀌지 않음
CC0435,아이존어린이집,어린이집,4812957000,병암동,진해구,scenario_stable_non_high,0.0,0.0,0.0,0.0,0,0,0,0.0,0.0,0.0,48.9,35.6,127.7,0.0,0.0,0.0,0.0,0.0,0.0,0.0,0.0,0.0,0.0,none,no_axis_variation,,0.0,0.0,423.0,58.2,209,36개 가정 전체에서 상위 10% 포함 여부가 바뀌지 않음
CC0437,엄마사랑어린이집,어린이집,4812958000,석동,진해구,scenario_stable_non_high,0.0,0.0,0.0,0.0,0,0,0,0.0,0.0,0.0,225.0,36.7,53.1,0.0,0.0,0.0,0.0,0.0,0.0,0.0,0.0,0.0,0.0,none,no_axis_variation,,0.0,0.0,682.5,93.29,326,36개 가정 전체에서 상위 10% 포함 여부가 바뀌지 않음
CC0438,우림큰사랑어린이집,어린이집,4812958000,석동,진해구,scenario_stable_non_high,0.0,0.0,0.0,0.0,0,0,0,0.0,0.0,0.0,230.1,35.0,100.8,0.0,0.0,0.0,0.0,0.0,0.0,0.0,0.0,0.0,0.0,none,no_axis_variation,,0.0,0.0,398.1,96.41,360,36개 가정 전체에서 상위 10% 포함 여부가 바뀌지 않음
CC0439,벚꽃그린빌어린이집,어린이집,4812958000,석동,진해구,scenario_stable_non_high,0.0,0.0,0.0,0.0,0,0,0,0.0,0.0,0.0,282.5,48.6,4.2,0.0,0.0,0.0,0.0,0.0,0.0,0.0,0.0,0.0,0.0,none,no_axis_variation,,0.0,0.0,690.2,117.54,375,36개 가정 전체에서 상위 10% 포함 여부가 바뀌지 않음
CC0440,베베천사어린이집,어린이집,4812958000,석동,진해구,scenario_stable_non_high,0.0,0.0,0.0,0.0,0,0,0,0.0,0.0,0.0,230.1,35.0,100.8,0.0,0.0,0.0,0.0,0.0,0.0,0.0,0.0,0.0,0.0,none,no_axis_variation,,0.0,0.0,398.1,96.41,360,36개 가정 전체에서 상위 10% 포함 여부가 바뀌지 않음
CC0441,푸르지오어린이집,어린이집,4812958000,석동,진해구,scenario_stable_non_high,0.0,0.0,0.0,0.0,0,0,0,0.0,0.0,0.0,299.1,34.5,44.6,0.0,0.0,0.0,0.0,0.0,0.0,0.0,0.0,0.0,0.0,none,no_axis_variation,,0.0,0.0,530.7,117.76,385,36개 가정 전체에서 상위 10% 포함 여부가 바뀌지 않음
CC0442,창원시립 여좌어린이집,어린이집,4812954000,여좌동,진해구,scenario_stable_non_high,0.0,0.0,0.0,0.0,0,0,0,0.0,0.0,0.0,133.3,16.4,50.2,0.0,0.0,0.0,0.0,0.0,0.0,0.0,0.0,0.0,0.0,none,no_axis_variation,,0.0,0.0,1181.9,55.21,211,36개 가정 전체에서 상위 10% 포함 여부가 바뀌지 않음
CC0443,SK숲art 어린이집,어린이집,4812954000,여좌동,진해구,scenario_stable_non_high,0.0,0.0,0.0,0.0,0,0,0,0.0,0.0,0.0,101.8,23.3,50.1,0.0,0.0,0.0,0.0,0.0,0.0,0.0,0.0,0.0,0.0,none,no_axis_variation,,0.0,0.0,1160.3,46.44,191,36개 가정 전체에서 상위 10% 포함 여부가 바뀌지 않음
CC0444,천사들의뜰어린이집,어린이집,4812954000,여좌동,진해구,scenario_stable_non_high,0.0,0.0,0.0,0.0,0,0,0,0.0,0.0,0.0,87.0,14.9,94.9,0.0,0.0,0.0,0.0,0.0,0.0,0.0,0.0,0.0,0.0,none,no_axis_variation,,0.0,0.0,1205.4,51.24,195,36개 가정 전체에서 상위 10% 포함 여부가 바뀌지 않음
CC0446,창원시립 은성어린이집,어린이집,4812964000,웅동1동,진해구,scenario_stable_non_high,0.0,0.0,0.0,0.0,0,0,0,0.0,0.0,0.0,548.0,33.4,26.0,0.0,0.0,0.0,0.0,0.0,0.0,0.0,0.0,0.0,0.0,none,no_axis_variation,,0.0,0.0,699.1,209.34,613,36개 가정 전체에서 상위 10% 포함 여부가 바뀌지 않음
CC0447,배화어린이집,어린이집,4812964000,웅동1동,진해구,scenario_stable_non_high,0.0,0.0,0.0,0.0,0,0,0,0.0,0.0,0.0,86.6,25.0,99.7,0.0,0.0,0.0,0.0,0.0,0.0,0.0,0.0,0.0,0.0,none,no_axis_variation,,0.0,0.0,501.3,56.77,236,36개 가정 전체에서 상위 10% 포함 여부가 바뀌지 않음
CC0450,창원시립 용원어린이집,어린이집,4812965000,웅동2동,진해구,scenario_stable_non_high,0.0,0.0,0.0,0.0,0,0,0,0.0,0.0,0.0,69.3,43.0,166.5,0.0,0.0,0.0,0.0,0.0,0.0,0.0,0.0,0.0,0.0,none,no_axis_variation,,0.0,0.0,810.0,78.4,301,36개 가정 전체에서 상위 10% 포함 여부가 바뀌지 않음
CC0451,꽃뜰에어린이집,어린이집,4812965000,웅동2동,진해구,scenario_stable_non_high,0.0,0.0,0.0,0.0,0,0,0,0.0,0.0,0.0,287.8,130.8,190.8,0.0,0.0,0.0,0.0,0.0,0.0,0.0,0.0,0.0,0.0,none,no_axis_variation,,0.0,0.0,476.4,157.82,568,36개 가정 전체에서 상위 10% 포함 여부가 바뀌지 않음
CC0452,더푸르지오어린이집,어린이집,4812965000,웅동2동,진해구,scenario_stable_non_high,0.0,0.0,0.0,0.0,0,0,0,0.0,0.0,0.0,27.9,8.5,8.3,0.0,0.0,0.0,0.0,0.0,0.0,0.0,0.0,0.0,0.0,none,no_axis_variation,,0.0,0.0,1457.0,12.32,42,36개 가정 전체에서 상위 10% 포함 여부가 바뀌지 않음
CC0453,맑은샘어린이집,어린이집,4812965000,웅동2동,진해구,scenario_stable_non_high,0.0,0.0,0.0,0.0,0,0,0,0.0,0.0,0.0,173.9,129.2,66.1,0.0,0.0,0.0,0.0,0.0,0.0,0.0,0.0,0.0,0.0,none,no_axis_variation,,0.0,0.0,622.6,95.42,436,36개 가정 전체에서 상위 10% 포함 여부가 바뀌지 않음
CC0454,바다별어린이집,어린이집,4812965000,웅동2동,진해구,scenario_stable_non_high,0.0,0.0,0.0,0.0,0,0,0,0.0,0.0,0.0,8.9,7.1,7.9,0.0,0.0,0.0,0.0,0.0,0.0,0.0,0.0,0.0,0.0,none,no_axis_variation,,0.0,0.0,1482.3,6.35,24,36개 가정 전체에서 상위 10% 포함 여부가 바뀌지 않음
CC0455,부산신항 5단지 부영사랑으로어린이집,어린이집,4812965000,웅동2동,진해구,scenario_stable_non_high,0.0,0.0,0.0,0.0,0,0,0,0.0,0.0,0.0,10.3,0.0,0.3,0.0,0.0,0.0,0.0,0.0,0.0,0.0,0.0,0.0,0.0,none,no_axis_variation,,0.0,0.0,1547.4,4.11,11,36개 가정 전체에서 상위 10% 포함 여부가 바뀌지 않음
CC0456,부산신항 6단지 부영사랑으로어린이집,어린이집,4812965000,웅동2동,진해구,scenario_stable_non_high,0.0,0.0,0.0,0.0,0,0,0,0.0,0.0,0.0,1.5,0.0,0.0,0.0,0.0,0.0,0.0,0.0,0.0,0.0,0.0,0.0,0.0,none,no_axis_variation,,0.0,0.0,1552.6,0.66,1,36개 가정 전체에서 상위 10% 포함 여부가 바뀌지 않음
CC0457,부산신항13단지부영사랑으로어린이집,어린이집,4812965000,웅동2동,진해구,scenario_stable_non_high,0.0,0.0,0.0,0.0,0,0,0,0.0,0.0,0.0,180.3,28.8,198.8,0.0,0.0,0.0,0.0,0.0,0.0,0.0,0.0,0.0,0.0,none,no_axis_variation,,0.0,0.0,1203.1,111.12,391,36개 가정 전체에서 상위 10% 포함 여부가 바뀌지 않음
CC0458,부산신항2단지 부영사랑으로어린이집,어린이집,4812965000,웅동2동,진해구,scenario_stable_non_high,0.0,0.0,0.0,0.0,0,0,0,0.0,0.0,0.0,106.7,137.1,17.6,0.0,0.0,0.0,0.0,0.0,0.0,0.0,0.0,0.0,0.0,none,no_axis_variation,,0.0,0.0,1367.2,80.49,275,36개 가정 전체에서 상위 10% 포함 여부가 바뀌지 않음
CC0459,부산신항3단지부영 사랑으로 어린이집,어린이집,4812965000,웅동2동,진해구,scenario_stable_non_high,0.0,0.0,0.0,0.0,0,0,0,0.0,0.0,0.0,109.7,103.5,18.2,0.0,0.0,0.0,0.0,0.0,0.0,0.0,0.0,0.0,0.0,none,no_axis_variation,,0.0,0.0,1409.6,67.87,238,36개 가정 전체에서 상위 10% 포함 여부가 바뀌지 않음
CC0460,부산신항4단지부영 사랑으로 어린이집,어린이집,4812965000,웅동2동,진해구,scenario_stable_non_high,0.0,0.0,0.0,0.0,0,0,0,0.0,0.0,0.0,94.6,92.5,12.3,0.0,0.0,0.0,0.0,0.0,0.0,0.0,0.0,0.0,0.0,none,no_axis_variation,,0.0,0.0,1420.5,63.36,209,36개 가정 전체에서 상위 10% 포함 여부가 바뀌지 않음
CC0461,부산신항8단지 부영사랑으로어린이집,어린이집,4812965000,웅동2동,진해구,scenario_stable_non_high,0.0,0.0,0.0,0.0,0,0,0,0.0,0.0,0.0,60.5,6.0,59.3,0.0,0.0,0.0,0.0,0.0,0.0,0.0,0.0,0.0,0.0,none,no_axis_variation,,0.0,0.0,1464.7,34.25,123,36개 가정 전체에서 상위 10% 포함 여부가 바뀌지 않음
CC0462,크니크니어린이집,어린이집,4812965000,웅동2동,진해구,scenario_stable_non_high,0.0,0.0,0.0,0.0,0,0,0,0.0,0.0,0.0,63.4,3.9,48.2,0.0,0.0,0.0,0.0,0.0,0.0,0.0,0.0,0.0,0.0,none,no_axis_variation,,0.0,0.0,1487.7,33.41,113,36개 가정 전체에서 상위 10% 포함 여부가 바뀌지 않음
CC0463,하늘별꽃어린이집,어린이집,4812965000,웅동2동,진해구,scenario_stable_non_high,0.0,0.0,0.0,0.0,0,0,0,0.0,0.0,0.0,66.1,3.0,34.3,0.0,0.0,0.0,0.0,0.0,0.0,0.0,0.0,0.0,0.0,none,no_axis_variation,,0.0,0.0,1514.8,31.25,107,36개 가정 전체에서 상위 10% 포함 여부가 바뀌지 않음
CC0464,꼬맹이어린이집,어린이집,4812965000,웅동2동,진해구,scenario_stable_non_high,0.0,0.0,0.0,0.0,0,0,0,0.0,0.0,0.0,264.3,22.5,149.9,0.0,0.0,0.0,0.0,0.0,0.0,0.0,0.0,0.0,0.0,none,no_axis_variation,,0.0,0.0,694.8,121.83,444,36개 가정 전체에서 상위 10% 포함 여부가 바뀌지 않음
CC0465,꿈동산어린이집,어린이집,4812965000,웅동2동,진해구,scenario_stable_non_high,0.0,0.0,0.0,0.0,0,0,0,0.0,0.0,0.0,180.3,28.8,198.8,0.0,0.0,0.0,0.0,0.0,0.0,0.0,0.0,0.0,0.0,none,no_axis_variation,,0.0,0.0,1203.1,111.12,391,36개 가정 전체에서 상위 10% 포함 여부가 바뀌지 않음
CC0466,꿈자람어린이집,어린이집,4812965000,웅동2동,진해구,scenario_stable_non_high,0.0,0.0,0.0,0.0,0,0,0,0.0,0.0,0.0,60.5,6.0,59.3,0.0,0.0,0.0,0.0,0.0,0.0,0.0,0.0,0.0,0.0,none,no_axis_variation,,0.0,0.0,1464.7,34.25,123,36개 가정 전체에서 상위 10% 포함 여부가 바뀌지 않음
CC0467,동화숲어린이집,어린이집,4812965000,웅동2동,진해구,scenario_stable_non_high,0.0,0.0,0.0,0.0,0,0,0,0.0,0.0,0.0,259.7,162.4,97.4,0.0,0.0,0.0,0.0,0.0,0.0,0.0,0.0,0.0,0.0,none,no_axis_variation,,0.0,0.0,952.6,133.28,470,36개 가정 전체에서 상위 10% 포함 여부가 바뀌지 않음
CC0468,리온어린이집,어린이집,4812965000,웅동2동,진해구,scenario_stable_non_high,0.0,0.0,0.0,0.0,0,0,0,0.0,0.0,0.0,236.7,174.3,104.1,0.0,0.0,0.0,0.0,0.0,0.0,0.0,0.0,0.0,0.0,none,no_axis_variation,,0.0,0.0,868.5,130.12,477,36개 가정 전체에서 상위 10% 포함 여부가 바뀌지 않음
CC0469,리치어린이집,어린이집,4812965000,웅동2동,진해구,scenario_stable_non_high,0.0,0.0,0.0,0.0,0,0,0,0.0,0.0,0.0,259.7,162.4,97.4,0.0,0.0,0.0,0.0,0.0,0.0,0.0,0.0,0.0,0.0,none,no_axis_variation,,0.0,0.0,952.6,133.28,470,36개 가정 전체에서 상위 10% 포함 여부가 바뀌지 않음
CC0470,맑은숲어린이집,어린이집,4812965000,웅동2동,진해구,scenario_stable_non_high,0.0,0.0,0.0,0.0,0,0,0,0.0,0.0,0.0,184.4,139.0,67.3,0.0,0.0,0.0,0.0,0.0,0.0,0.0,0.0,0.0,0.0,none,no_axis_variation,,0.0,0.0,583.8,100.61,405,36개 가정 전체에서 상위 10% 포함 여부가 바뀌지 않음
CC0471,솔로몬어린이집,어린이집,4812965000,웅동2동,진해구,scenario_stable_non_high,0.0,0.0,0.0,0.0,0,0,0,0.0,0.0,0.0,184.4,139.0,67.3,0.0,0.0,0.0,0.0,0.0,0.0,0.0,0.0,0.0,0.0,none,no_axis_variation,,0.0,0.0,583.8,100.61,405,36개 가정 전체에서 상위 10% 포함 여부가 바뀌지 않음
CC0472,아이뜰어린이집,어린이집,4812965000,웅동2동,진해구,scenario_stable_non_high,0.0,0.0,0.0,0.0,0,0,0,0.0,0.0,0.0,234.4,17.1,70.8,0.0,0.0,0.0,0.0,0.0,0.0,0.0,0.0,0.0,0.0,none,no_axis_variation,,0.0,0.0,1180.4,93.81,308,36개 가정 전체에서 상위 10% 포함 여부가 바뀌지 않음
CC0473,아이마음 어린이집,어린이집,4812965000,웅동2동,진해구,scenario_stable_non_high,0.0,0.0,0.0,0.0,0,0,0,0.0,0.0,0.0,188.0,7.5,58.7,0.0,0.0,0.0,0.0,0.0,0.0,0.0,0.0,0.0,0.0,none,no_axis_variation,,0.0,0.0,1255.7,80.73,233,36개 가정 전체에서 상위 10% 포함 여부가 바뀌지 않음
CC0474,아이원어린이집,어린이집,4812965000,웅동2동,진해구,scenario_stable_non_high,0.0,0.0,0.0,0.0,0,0,0,0.0,0.0,0.0,141.7,42.5,88.1,0.0,0.0,0.0,0.0,0.0,0.0,0.0,0.0,0.0,0.0,none,no_axis_variation,,0.0,0.0,1063.2,67.45,274,36개 가정 전체에서 상위 10% 포함 여부가 바뀌지 않음
CC0475,아이조아 어린이집,어린이집,4812965000,웅동2동,진해구,scenario_stable_non_high,0.0,0.0,0.0,0.0,0,0,0,0.0,0.0,0.0,109.7,103.5,18.2,0.0,0.0,0.0,0.0,0.0,0.0,0.0,0.0,0.0,0.0,none,no_axis_variation,,0.0,0.0,1409.6,67.87,238,36개 가정 전체에서 상위 10% 포함 여부가 바뀌지 않음
CC0476,예쁜꼬마어린이집,어린이집,4812965000,웅동2동,진해구,scenario_stable_non_high,0.0,0.0,0.0,0.0,0,0,0,0.0,0.0,0.0,188.0,7.5,58.7,0.0,0.0,0.0,0.0,0.0,0.0,0.0,0.0,0.0,0.0,none,no_axis_variation,,0.0,0.0,1255.7,80.73,233,36개 가정 전체에서 상위 10% 포함 여부가 바뀌지 않음
CC0477,일신아이뜰어린이집,어린이집,4812965000,웅동2동,진해구,scenario_stable_non_high,0.0,0.0,0.0,0.0,0,0,0,0.0,0.0,0.0,234.4,17.1,70.8,0.0,0.0,0.0,0.0,0.0,0.0,0.0,0.0,0.0,0.0,none,no_axis_variation,,0.0,0.0,1180.4,93.81,308,36개 가정 전체에서 상위 10% 포함 여부가 바뀌지 않음
CC0478,재미팡팡어린이집,어린이집,4812965000,웅동2동,진해구,scenario_stable_non_high,0.0,0.0,0.0,0.0,0,0,0,0.0,0.0,0.0,188.0,7.5,58.7,0.0,0.0,0.0,0.0,0.0,0.0,0.0,0.0,0.0,0.0,none,no_axis_variation,,0.0,0.0,1255.7,80.73,233,36개 가정 전체에서 상위 10% 포함 여부가 바뀌지 않음
CC0479,초록어린이집,어린이집,4812965000,웅동2동,진해구,scenario_stable_non_high,0.0,0.0,0.0,0.0,0,0,0,0.0,0.0,0.0,206.8,6.4,59.5,0.0,0.0,0.0,0.0,0.0,0.0,0.0,0.0,0.0,0.0,none,no_axis_variation,,0.0,0.0,1276.1,90.84,268,36개 가정 전체에서 상위 10% 포함 여부가 바뀌지 않음
CC0480,키즈맘어린이집,어린이집,4812965000,웅동2동,진해구,scenario_stable_non_high,0.0,0.0,0.0,0.0,0,0,0,0.0,0.0,0.0,234.4,17.1,70.8,0.0,0.0,0.0,0.0,0.0,0.0,0.0,0.0,0.0,0.0,none,no_axis_variation,,0.0,0.0,1180.4,93.81,308,36개 가정 전체에서 상위 10% 포함 여부가 바뀌지 않음
CC0481,해달별어린이집,어린이집,4812965000,웅동2동,진해구,scenario_stable_non_high,0.0,0.0,0.0,0.0,0,0,0,0.0,0.0,0.0,180.3,28.8,198.8,0.0,0.0,0.0,0.0,0.0,0.0,0.0,0.0,0.0,0.0,none,no_axis_variation,,0.0,0.0,1203.1,111.12,391,36개 가정 전체에서 상위 10% 포함 여부가 바뀌지 않음
CC0482,해담어린이집,어린이집,4812965000,웅동2동,진해구,scenario_stable_non_high,0.0,0.0,0.0,0.0,0,0,0,0.0,0.0,0.0,109.7,103.5,18.2,0.0,0.0,0.0,0.0,0.0,0.0,0.0,0.0,0.0,0.0,none,no_axis_variation,,0.0,0.0,1409.6,67.87,238,36개 가정 전체에서 상위 10% 포함 여부가 바뀌지 않음
CC0483,힐링어린이집,어린이집,4812965000,웅동2동,진해구,scenario_stable_non_high,0.0,0.0,0.0,0.0,0,0,0,0.0,0.0,0.0,141.7,42.5,88.1,0.0,0.0,0.0,0.0,0.0,0.0,0.0,0.0,0.0,0.0,none,no_axis_variation,,0.0,0.0,1063.2,67.45,274,36개 가정 전체에서 상위 10% 포함 여부가 바뀌지 않음
CC0484,창원시립 남문어린이집,어린이집,4812963000,웅천동,진해구,scenario_stable_non_high,0.0,0.0,0.0,0.0,0,0,0,0.0,0.0,0.0,12.2,9.8,5.7,0.0,0.0,0.0,0.0,0.0,0.0,0.0,0.0,0.0,0.0,none,no_axis_variation,,0.0,0.0,1411.5,8.34,32,36개 가정 전체에서 상위 10% 포함 여부가 바뀌지 않음
CC0485,창원시립 남문프라디움어린이집,어린이집,4812963000,웅천동,진해구,scenario_stable_non_high,0.0,0.0,0.0,0.0,0,0,0,0.0,0.0,0.0,158.6,20.0,5.9,0.0,0.0,0.0,0.0,0.0,0.0,0.0,0.0,0.0,0.0,none,no_axis_variation,,0.0,0.0,1042.2,58.6,200,36개 가정 전체에서 상위 10% 포함 여부가 바뀌지 않음
CC0486,창원시립 리젠시빌어린이집,어린이집,4812963000,웅천동,진해구,scenario_stable_non_high,0.0,0.0,0.0,0.0,0,0,0,0.0,0.0,0.0,30.3,7.8,7.5,0.0,0.0,0.0,0.0,0.0,0.0,0.0,0.0,0.0,0.0,none,no_axis_variation,,0.0,0.0,1394.7,13.14,44,36개 가정 전체에서 상위 10% 포함 여부가 바뀌지 않음
CC0487,남문시티이화어린이집,어린이집,4812963000,웅천동,진해구,scenario_stable_non_high,0.0,0.0,0.0,0.0,0,0,0,0.0,0.0,0.0,201.6,27.7,18.1,0.0,0.0,0.0,0.0,0.0,0.0,0.0,0.0,0.0,0.0,none,no_axis_variation,,0.0,0.0,1055.4,80.85,241,36개 가정 전체에서 상위 10% 포함 여부가 바뀌지 않음
CC0488,더웰어린이집,어린이집,4812963000,웅천동,진해구,scenario_stable_non_high,0.0,0.0,0.0,0.0,0,0,0,0.0,0.0,0.0,24.4,19.6,11.0,0.0,0.0,0.0,0.0,0.0,0.0,0.0,0.0,0.0,0.0,none,no_axis_variation,,0.0,0.0,1345.9,14.32,51,36개 가정 전체에서 상위 10% 포함 여부가 바뀌지 않음
CC0489,무지개어린이집,어린이집,4812963000,웅천동,진해구,scenario_stable_non_high,0.0,0.0,0.0,0.0,0,0,0,0.0,0.0,0.0,118.3,27.8,23.1,0.0,0.0,0.0,0.0,0.0,0.0,0.0,0.0,0.0,0.0,none,no_axis_variation,,0.0,0.0,923.1,54.98,178,36개 가정 전체에서 상위 10% 포함 여부가 바뀌지 않음
CC0490,꽃길어린이집,어린이집,4812963000,웅천동,진해구,scenario_stable_non_high,0.0,0.0,0.0,0.0,0,0,0,0.0,0.0,0.0,158.6,20.0,5.9,0.0,0.0,0.0,0.0,0.0,0.0,0.0,0.0,0.0,0.0,none,no_axis_variation,,0.0,0.0,1042.2,58.6,200,36개 가정 전체에서 상위 10% 포함 여부가 바뀌지 않음
CC0491,남문시티어린이집,어린이집,4812963000,웅천동,진해구,scenario_stable_non_high,0.0,0.0,0.0,0.0,0,0,0,0.0,0.0,0.0,201.6,27.7,18.1,0.0,0.0,0.0,0.0,0.0,0.0,0.0,0.0,0.0,0.0,none,no_axis_variation,,0.0,0.0,1055.4,80.85,241,36개 가정 전체에서 상위 10% 포함 여부가 바뀌지 않음
CC0492,남문햇살어린이집,어린이집,4812963000,웅천동,진해구,scenario_stable_non_high,0.0,0.0,0.0,0.0,0,0,0,0.0,0.0,0.0,201.6,27.7,18.1,0.0,0.0,0.0,0.0,0.0,0.0,0.0,0.0,0.0,0.0,none,no_axis_variation,,0.0,0.0,1055.4,80.85,241,36개 가정 전체에서 상위 10% 포함 여부가 바뀌지 않음
CC0493,시티행복어린이집,어린이집,4812963000,웅천동,진해구,scenario_stable_non_high,0.0,0.0,0.0,0.0,0,0,0,0.0,0.0,0.0,158.6,20.0,5.9,0.0,0.0,0.0,0.0,0.0,0.0,0.0,0.0,0.0,0.0,none,no_axis_variation,,0.0,0.0,1042.2,58.6,200,36개 가정 전체에서 상위 10% 포함 여부가 바뀌지 않음
CC0494,아이사랑어린이집,어린이집,4812959000,이동,진해구,scenario_stable_non_high,0.0,0.0,0.0,0.0,0,0,0,0.0,0.0,0.0,79.1,35.8,179.5,0.0,0.0,0.0,0.0,0.0,0.0,0.0,0.0,0.0,0.0,none,no_axis_variation,,0.0,0.0,402.1,83.66,298,36개 가정 전체에서 상위 10% 포함 여부가 바뀌지 않음
CC0495,창원시립 자은센트럴어린이집,어린이집,4812960000,자은동,진해구,scenario_stable_non_high,0.0,0.0,0.0,0.0,0,0,0,0.0,0.0,0.0,352.9,57.6,14.2,0.0,0.0,0.0,0.0,0.0,0.0,0.0,0.0,0.0,0.0,none,no_axis_variation,,0.0,0.0,1218.9,149.13,431,36개 가정 전체에서 상위 10% 포함 여부가 바뀌지 않음
CC0496,창원시립 자은하늘닮어린이집,어린이집,4812960000,자은동,진해구,scenario_stable_non_high,0.0,0.0,0.0,0.0,0,0,0,0.0,0.0,0.0,126.1,31.9,15.1,0.0,0.0,0.0,0.0,0.0,0.0,0.0,0.0,0.0,0.0,none,no_axis_variation,,0.0,0.0,1239.8,49.2,184,36개 가정 전체에서 상위 10% 포함 여부가 바뀌지 않음
CC0497,은혜영아전담어린이집,어린이집,4812960000,자은동,진해구,scenario_stable_non_high,0.0,0.0,0.0,0.0,0,0,0,0.0,0.0,0.0,192.5,33.0,16.8,0.0,0.0,0.0,0.0,0.0,0.0,0.0,0.0,0.0,0.0,none,no_axis_variation,,0.0,0.0,950.5,81.9,238,36개 가정 전체에서 상위 10% 포함 여부가 바뀌지 않음
CC0498,발도르프예쁜어린이집,어린이집,4812960000,자은동,진해구,scenario_stable_non_high,0.0,0.0,0.0,0.0,0,0,0,0.0,0.0,0.0,408.4,21.4,23.9,0.0,0.0,0.0,0.0,0.0,0.0,0.0,0.0,0.0,0.0,none,no_axis_variation,,0.0,0.0,898.1,166.18,457,36개 가정 전체에서 상위 10% 포함 여부가 바뀌지 않음
CC0499,에일린의뜰어린이집,어린이집,4812960000,자은동,진해구,scenario_stable_non_high,0.0,0.0,0.0,0.0,0,0,0,0.0,0.0,0.0,129.3,32.0,7.5,0.0,0.0,0.0,0.0,0.0,0.0,0.0,0.0,0.0,0.0,none,no_axis_variation,,0.0,0.0,1454.7,55.58,173,36개 가정 전체에서 상위 10% 포함 여부가 바뀌지 않음
CC0500,예그리나어린이집,어린이집,4812960000,자은동,진해구,scenario_stable_non_high,0.0,0.0,0.0,0.0,0,0,0,0.0,0.0,0.0,67.9,38.8,21.4,0.0,0.0,0.0,0.0,0.0,0.0,0.0,0.0,0.0,0.0,none,no_axis_variation,,0.0,0.0,1034.9,31.87,122,36개 가정 전체에서 상위 10% 포함 여부가 바뀌지 않음
CC0501,중흥솔가람어린이집,어린이집,4812960000,자은동,진해구,scenario_stable_non_high,0.0,0.0,0.0,0.0,0,0,0,0.0,0.0,0.0,88.6,35.8,10.4,0.0,0.0,0.0,0.0,0.0,0.0,0.0,0.0,0.0,0.0,none,no_axis_variation,,0.0,0.0,1316.9,35.72,140,36개 가정 전체에서 상위 10% 포함 여부가 바뀌지 않음
CC0502,프라임크로바어린이집,어린이집,4812960000,자은동,진해구,scenario_stable_non_high,0.0,0.0,0.0,0.0,0,0,0,0.0,0.0,0.0,66.3,21.1,7.5,0.0,0.0,0.0,0.0,0.0,0.0,0.0,0.0,0.0,0.0,none,no_axis_variation,,0.0,0.0,1417.0,27.28,93,36개 가정 전체에서 상위 10% 포함 여부가 바뀌지 않음
CC0503,하늘소어린이집,어린이집,4812960000,자은동,진해구,scenario_stable_non_high,0.0,0.0,0.0,0.0,0,0,0,0.0,0.0,0.0,184.3,33.0,25.9,0.0,0.0,0.0,0.0,0.0,0.0,0.0,0.0,0.0,0.0,none,no_axis_variation,,0.0,0.0,886.5,73.68,242,36개 가정 전체에서 상위 10% 포함 여부가 바뀌지 않음
CC0504,사랑별어린이집,어린이집,4812960000,자은동,진해구,scenario_stable_non_high,0.0,0.0,0.0,0.0,0,0,0,0.0,0.0,0.0,66.3,21.1,7.5,0.0,0.0,0.0,0.0,0.0,0.0,0.0,0.0,0.0,0.0,none,no_axis_variation,,0.0,0.0,1417.0,27.28,93,36개 가정 전체에서 상위 10% 포함 여부가 바뀌지 않음
CC0505,생태친화어린이집,어린이집,4812960000,자은동,진해구,scenario_stable_non_high,0.0,0.0,0.0,0.0,0,0,0,0.0,0.0,0.0,39.2,17.1,13.1,0.0,0.0,0.0,0.0,0.0,0.0,0.0,0.0,0.0,0.0,none,no_axis_variation,,0.0,0.0,1255.0,19.14,79,36개 가정 전체에서 상위 10% 포함 여부가 바뀌지 않음
CC0506,아이스토리어린이집,어린이집,4812960000,자은동,진해구,scenario_stable_non_high,0.0,0.0,0.0,0.0,0,0,0,0.0,0.0,0.0,45.4,33.5,20.2,0.0,0.0,0.0,0.0,0.0,0.0,0.0,0.0,0.0,0.0,none,no_axis_variation,,0.0,0.0,695.0,27.05,99,36개 가정 전체에서 상위 10% 포함 여부가 바뀌지 않음
CC0507,창원시립 신흥어린이집,어린이집,4812953000,충무동,진해구,scenario_stable_non_high,0.0,0.0,0.0,0.0,0,0,0,0.0,0.0,0.0,84.7,24.1,49.2,0.0,0.0,0.0,0.0,0.0,0.0,0.0,0.0,0.0,0.0,none,no_axis_variation,,0.0,0.0,937.3,42.69,157,36개 가정 전체에서 상위 10% 포함 여부가 바뀌지 않음
CC0508,글로리아어린이집,어린이집,4812953000,충무동,진해구,scenario_stable_non_high,0.0,0.0,0.0,0.0,0,0,0,0.0,0.0,0.0,97.0,39.5,89.3,0.0,0.0,0.0,0.0,0.0,0.0,0.0,0.0,0.0,0.0,none,no_axis_variation,,0.0,0.0,613.0,57.4,233,36개 가정 전체에서 상위 10% 포함 여부가 바뀌지 않음
CC0510,궁전어린이집,어린이집,4812953000,충무동,진해구,scenario_stable_non_high,0.0,0.0,0.0,0.0,0,0,0,0.0,0.0,0.0,206.7,39.4,33.3,0.0,0.0,0.0,0.0,0.0,0.0,0.0,0.0,0.0,0.0,none,no_axis_variation,,0.0,0.0,517.6,82.84,285,36개 가정 전체에서 상위 10% 포함 여부가 바뀌지 않음
CC0511,오션빌해군어린이집,어린이집,4812953000,충무동,진해구,scenario_stable_non_high,0.0,0.0,0.0,0.0,0,0,0,0.0,0.0,0.0,89.2,29.8,87.5,0.0,0.0,0.0,0.0,0.0,0.0,0.0,0.0,0.0,0.0,none,no_axis_variation,,0.0,0.0,1053.5,51.94,190,36개 가정 전체에서 상위 10% 포함 여부가 바뀌지 않음
CC0512,숙명어린이집,어린이집,4812955000,태백동,진해구,scenario_stable_non_high,0.0,0.0,0.0,0.0,0,0,0,0.0,0.0,0.0,199.6,21.1,17.6,0.0,0.0,0.0,0.0,0.0,0.0,0.0,0.0,0.0,0.0,none,no_axis_variation,,0.0,0.0,1200.8,75.01,245,36개 가정 전체에서 상위 10% 포함 여부가 바뀌지 않음
CC0514,풍호은성영아전담어린이집,어린이집,4812962000,풍호동,진해구,scenario_stable_non_high,0.0,0.0,0.0,0.0,0,0,0,0.0,0.0,0.0,93.9,7.9,57.9,0.0,0.0,0.0,0.0,0.0,0.0,0.0,0.0,0.0,0.0,none,no_axis_variation,,0.0,0.0,358.3,46.34,159,36개 가정 전체에서 상위 10% 포함 여부가 바뀌지 않음
CC0516,마린빅스맘어린이집,어린이집,4812962000,풍호동,진해구,scenario_stable_non_high,0.0,0.0,0.0,0.0,0,0,0,0.0,0.0,0.0,74.7,31.1,105.0,0.0,0.0,0.0,0.0,0.0,0.0,0.0,0.0,0.0,0.0,none,no_axis_variation,,0.0,0.0,332.5,60.49,216,36개 가정 전체에서 상위 10% 포함 여부가 바뀌지 않음
CC0517,조이어린이집,어린이집,4812962000,풍호동,진해구,scenario_stable_non_high,0.0,0.0,0.0,0.0,0,0,0,0.0,0.0,0.0,151.8,17.6,18.1,0.0,0.0,0.0,0.0,0.0,0.0,0.0,0.0,0.0,0.0,none,no_axis_variation,,0.0,0.0,584.6,61.01,184,36개 가정 전체에서 상위 10% 포함 여부가 바뀌지 않음
CC0518,파랑새어린이집,어린이집,4812962000,풍호동,진해구,scenario_stable_non_high,0.0,0.0,0.0,0.0,0,0,0,0.0,0.0,0.0,48.8,9.5,11.0,0.0,0.0,0.0,0.0,0.0,0.0,0.0,0.0,0.0,0.0,none,no_axis_variation,,0.0,0.0,566.3,20.38,87,36개 가정 전체에서 상위 10% 포함 여부가 바뀌지 않음
CC0519,한신에코어린이집,어린이집,4812962000,풍호동,진해구,scenario_stable_non_high,0.0,0.0,0.0,0.0,0,0,0,0.0,0.0,0.0,91.2,50.4,70.0,0.0,0.0,0.0,0.0,0.0,0.0,0.0,0.0,0.0,0.0,none,no_axis_variation,,0.0,0.0,262.1,57.48,209,36개 가정 전체에서 상위 10% 포함 여부가 바뀌지 않음
CC0521,산새소리어린이집,어린이집,4812962000,풍호동,진해구,scenario_stable_non_high,0.0,0.0,0.0,0.0,0,0,0,0.0,0.0,0.0,91.9,16.7,6.3,0.0,0.0,0.0,0.0,0.0,0.0,0.0,0.0,0.0,0.0,none,no_axis_variation,,0.0,0.0,677.9,40.33,120,36개 가정 전체에서 상위 10% 포함 여부가 바뀌지 않음
CC0522,에코베베어린이집,어린이집,4812962000,풍호동,진해구,scenario_stable_non_high,0.0,0.0,0.0,0.0,0,0,0,0.0,0.0,0.0,162.1,23.8,33.9,0.0,0.0,0.0,0.0,0.0,0.0,0.0,0.0,0.0,0.0,none,no_axis_variation,,0.0,0.0,579.5,64.15,216,36개 가정 전체에서 상위 10% 포함 여부가 바뀌지 않음
CC0523,우성루키어린이집,어린이집,4812962000,풍호동,진해구,scenario_stable_non_high,0.0,0.0,0.0,0.0,0,0,0,0.0,0.0,0.0,162.1,23.8,33.9,0.0,0.0,0.0,0.0,0.0,0.0,0.0,0.0,0.0,0.0,none,no_axis_variation,,0.0,0.0,579.5,64.15,216,36개 가정 전체에서 상위 10% 포함 여부가 바뀌지 않음
CH0001,덕산지역아동센터,지역아동센터,4812125000,동읍,의창구,scenario_stable_non_high,0.0,0.0,0.0,0.0,0,0,0,0.0,0.0,0.0,319.2,15.5,45.4,0.0,0.0,0.0,0.0,0.0,0.0,0.0,0.0,0.0,0.0,none,no_axis_variation,,0.0,0.0,570.8,123.67,380,36개 가정 전체에서 상위 10% 포함 여부가 바뀌지 않음
CH0002,영은지역아동센터,지역아동센터,4812125000,동읍,의창구,scenario_stable_non_high,0.0,0.0,0.0,0.0,0,0,0,0.0,0.0,0.0,358.9,27.0,20.3,0.0,0.0,0.0,0.0,0.0,0.0,0.0,0.0,0.0,0.0,none,no_axis_variation,,0.0,0.0,1101.8,137.56,407,36개 가정 전체에서 상위 10% 포함 여부가 바뀌지 않음
CH0003,사랑샘지역아동센터,지역아동센터,4812131000,북면,의창구,scenario_stable_non_high,0.0,0.0,0.0,0.0,0,0,0,0.0,0.0,0.0,92.2,19.8,38.1,0.0,0.0,0.0,0.0,0.0,0.0,0.0,0.0,0.0,0.0,none,no_axis_variation,,0.0,0.0,752.9,39.24,159,36개 가정 전체에서 상위 10% 포함 여부가 바뀌지 않음
CH0004,창원행복한지역아동센터,지역아동센터,4812131000,북면,의창구,scenario_stable_non_high,0.0,0.0,0.0,0.0,0,0,0,0.0,0.0,0.0,74.9,6.3,5.2,0.0,0.0,0.0,0.0,0.0,0.0,0.0,0.0,0.0,0.0,none,no_axis_variation,,0.0,0.0,1503.9,29.45,83,36개 가정 전체에서 상위 10% 포함 여부가 바뀌지 않음
CH0006,굳뉴스지역아동센터,지역아동센터,4812151000,의창동,의창구,scenario_stable_non_high,0.0,0.0,0.0,0.0,0,0,0,0.0,0.0,0.0,158.7,49.7,54.2,0.0,0.0,0.0,0.0,0.0,0.0,0.0,0.0,0.0,0.0,none,no_axis_variation,,0.0,0.0,483.3,68.16,257,36개 가정 전체에서 상위 10% 포함 여부가 바뀌지 않음
CH0007,메아리지역아동센터,지역아동센터,4812151000,의창동,의창구,scenario_stable_non_high,0.0,0.0,0.0,0.0,0,0,0,0.0,0.0,0.0,89.6,49.1,30.4,0.0,0.0,0.0,0.0,0.0,0.0,0.0,0.0,0.0,0.0,none,no_axis_variation,,0.0,0.0,872.5,45.04,195,36개 가정 전체에서 상위 10% 포함 여부가 바뀌지 않음
CH0008,여수룬지역아동센터,지역아동센터,4812151000,의창동,의창구,scenario_stable_non_high,0.0,0.0,0.0,0.0,0,0,0,0.0,0.0,0.0,33.7,47.2,43.4,0.0,0.0,0.0,0.0,0.0,0.0,0.0,0.0,0.0,0.0,none,no_axis_variation,,0.0,0.0,380.9,30.77,121,36개 가정 전체에서 상위 10% 포함 여부가 바뀌지 않음
CH0009,은하수지역아동센터,지역아동센터,4812151000,의창동,의창구,scenario_stable_non_high,0.0,0.0,0.0,0.0,0,0,0,0.0,0.0,0.0,518.6,43.1,20.0,0.0,0.0,0.0,0.0,0.0,0.0,0.0,0.0,0.0,0.0,none,no_axis_variation,,0.0,0.0,549.6,212.14,588,36개 가정 전체에서 상위 10% 포함 여부가 바뀌지 않음
CH0010,해솔지역아동센터,지역아동센터,4812151000,의창동,의창구,scenario_stable_non_high,0.0,0.0,0.0,0.0,0,0,0,0.0,0.0,0.0,317.9,11.2,19.5,0.0,0.0,0.0,0.0,0.0,0.0,0.0,0.0,0.0,0.0,none,no_axis_variation,,0.0,0.0,1101.4,137.34,367,36개 가정 전체에서 상위 10% 포함 여부가 바뀌지 않음
CH0013,에디슨지역아동센터,지역아동센터,4812153000,명곡동,의창구,scenario_stable_non_high,0.0,0.0,0.0,0.0,0,0,0,0.0,0.0,0.0,149.3,43.8,53.0,0.0,0.0,0.0,0.0,0.0,0.0,0.0,0.0,0.0,0.0,none,no_axis_variation,,0.0,0.0,466.0,63.87,240,36개 가정 전체에서 상위 10% 포함 여부가 바뀌지 않음
CH0014,해피타임지역아동센터,지역아동센터,4812153000,명곡동,의창구,scenario_stable_non_high,0.0,0.0,0.0,0.0,0,0,0,0.0,0.0,0.0,362.6,12.4,45.8,0.0,0.0,0.0,0.0,0.0,0.0,0.0,0.0,0.0,0.0,none,no_axis_variation,,0.0,0.0,532.6,146.99,424,36개 가정 전체에서 상위 10% 포함 여부가 바뀌지 않음
CH0015,두레지역아동센터,지역아동센터,4812154000,봉림동,의창구,scenario_stable_non_high,0.0,0.0,0.0,0.0,0,0,0,0.0,0.0,0.0,84.4,30.5,18.5,0.0,0.0,0.0,0.0,0.0,0.0,0.0,0.0,0.0,0.0,none,no_axis_variation,,0.0,0.0,1122.3,34.53,130,36개 가정 전체에서 상위 10% 포함 여부가 바뀌지 않음
CH0016,다온지역아동센터,지역아동센터,4812154000,봉림동,의창구,scenario_stable_non_high,0.0,0.0,0.0,0.0,0,0,0,0.0,0.0,0.0,326.6,12.8,15.4,0.0,0.0,0.0,0.0,0.0,0.0,0.0,0.0,0.0,0.0,none,no_axis_variation,,0.0,0.0,1314.9,128.67,353,36개 가정 전체에서 상위 10% 포함 여부가 바뀌지 않음
CH0017,무동지역아동센터,지역아동센터,4812131000,북면,의창구,scenario_stable_non_high,0.0,0.0,0.0,0.0,0,0,0,0.0,0.0,0.0,235.0,11.9,9.1,0.0,0.0,0.0,0.0,0.0,0.0,0.0,0.0,0.0,0.0,none,no_axis_variation,,0.0,0.0,1353.1,96.87,272,36개 가정 전체에서 상위 10% 포함 여부가 바뀌지 않음
CH0019,상남지역아동센터,지역아동센터,4812353000,상남동,성산구,scenario_stable_non_high,0.0,0.0,0.0,0.0,0,0,0,0.0,0.0,0.0,96.0,51.6,18.0,0.0,0.0,0.0,0.0,0.0,0.0,0.0,0.0,0.0,0.0,none,no_axis_variation,,0.0,0.0,1006.7,46.99,158,36개 가정 전체에서 상위 10% 포함 여부가 바뀌지 않음
CH0020,늘푸른지역아동센터,지역아동센터,4812354000,사파동,성산구,scenario_stable_non_high,0.0,0.0,0.0,0.0,0,0,0,0.0,0.0,0.0,295.9,15.4,40.0,0.0,0.0,0.0,0.0,0.0,0.0,0.0,0.0,0.0,0.0,none,no_axis_variation,,0.0,0.0,682.5,113.19,365,36개 가정 전체에서 상위 10% 포함 여부가 바뀌지 않음
CH0021,민들레지역아동센터,지역아동센터,4812354000,사파동,성산구,scenario_stable_non_high,0.0,0.0,0.0,0.0,0,0,0,0.0,0.0,0.0,337.0,17.7,11.9,0.0,0.0,0.0,0.0,0.0,0.0,0.0,0.0,0.0,0.0,none,no_axis_variation,,0.0,0.0,1297.1,135.02,374,36개 가정 전체에서 상위 10% 포함 여부가 바뀌지 않음
CH0022,사파보듬지역아동센터,지역아동센터,4812354000,사파동,성산구,scenario_stable_non_high,0.0,0.0,0.0,0.0,0,0,0,0.0,0.0,0.0,388.2,58.2,22.0,0.0,0.0,0.0,0.0,0.0,0.0,0.0,0.0,0.0,0.0,none,no_axis_variation,,0.0,0.0,931.2,148.89,498,36개 가정 전체에서 상위 10% 포함 여부가 바뀌지 않음
CH0023,상남꿈자람지역아동센터,지역아동센터,4812354000,사파동,성산구,scenario_stable_non_high,0.0,0.0,0.0,0.0,0,0,0,0.0,0.0,0.0,533.3,79.8,23.2,0.0,0.0,0.0,0.0,0.0,0.0,0.0,0.0,0.0,0.0,none,no_axis_variation,,0.0,0.0,937.9,221.39,664,36개 가정 전체에서 상위 10% 포함 여부가 바뀌지 않음
CH0026,LH행복꿈터 현동지역아동센터,지역아동센터,4812551000,현동,마산합포구,scenario_stable_non_high,0.0,0.0,0.0,0.0,0,0,0,0.0,0.0,0.0,235.7,30.3,14.9,0.0,0.0,0.0,0.0,0.0,0.0,0.0,0.0,0.0,0.0,none,no_axis_variation,,0.0,0.0,1024.7,87.37,273,36개 가정 전체에서 상위 10% 포함 여부가 바뀌지 않음
CH0027,SCL지역아동센터,지역아동센터,4812558000,자산동,마산합포구,scenario_stable_non_high,0.0,0.0,0.0,0.0,0,0,0,0.0,0.0,0.0,98.0,23.4,33.6,0.0,0.0,0.0,0.0,0.0,0.0,0.0,0.0,0.0,0.0,none,no_axis_variation,,0.0,0.0,854.8,49.11,164,36개 가정 전체에서 상위 10% 포함 여부가 바뀌지 않음
CH0028,가온지역아동센터,지역아동센터,4812532000,진동면,마산합포구,scenario_stable_non_high,0.0,0.0,0.0,0.0,0,0,0,0.0,0.0,0.0,154.1,29.0,16.3,0.0,0.0,0.0,0.0,0.0,0.0,0.0,0.0,0.0,0.0,none,no_axis_variation,,0.0,0.0,1204.4,62.42,203,36개 가정 전체에서 상위 10% 포함 여부가 바뀌지 않음
CH0029,가우스산호지역아동센터,지역아동센터,4812565000,산호동,마산합포구,scenario_stable_non_high,0.0,0.0,0.0,0.0,0,0,0,0.0,0.0,0.0,150.8,20.1,15.3,0.0,0.0,0.0,0.0,0.0,0.0,0.0,0.0,0.0,0.0,none,no_axis_variation,,0.0,0.0,375.5,59.09,193,36개 가정 전체에서 상위 10% 포함 여부가 바뀌지 않음
CH0030,경도지역아동센터,지역아동센터,4812557000,완월동,마산합포구,scenario_stable_non_high,0.0,0.0,0.0,0.0,0,0,0,0.0,0.0,0.0,315.6,46.3,34.3,0.0,0.0,0.0,0.0,0.0,0.0,0.0,0.0,0.0,0.0,none,no_axis_variation,,0.0,0.0,895.7,128.69,389,36개 가정 전체에서 상위 10% 포함 여부가 바뀌지 않음
CH0031,위드지역아동센터,지역아동센터,4812532000,진동면,마산합포구,scenario_stable_non_high,0.0,0.0,0.0,0.0,0,0,0,0.0,0.0,0.0,305.2,49.5,19.1,0.0,0.0,0.0,0.0,0.0,0.0,0.0,0.0,0.0,0.0,none,no_axis_variation,,0.0,0.0,1123.1,119.41,373,36개 가정 전체에서 상위 10% 포함 여부가 바뀌지 않음
CH0032,글로리아지역아동센터,지역아동센터,4812558000,자산동,마산합포구,scenario_stable_non_high,0.0,0.0,0.0,0.0,0,0,0,0.0,0.0,0.0,144.9,17.7,34.3,0.0,0.0,0.0,0.0,0.0,0.0,0.0,0.0,0.0,0.0,none,no_axis_variation,,0.0,0.0,245.0,59.83,197,36개 가정 전체에서 상위 10% 포함 여부가 바뀌지 않음
CH0033,느티나무 지역아동센터,지역아동센터,4812532000,진동면,마산합포구,scenario_stable_non_high,0.0,0.0,0.0,0.0,0,0,0,0.0,0.0,0.0,168.5,30.4,14.0,0.0,0.0,0.0,0.0,0.0,0.0,0.0,0.0,0.0,0.0,none,no_axis_variation,,0.0,0.0,1274.0,71.35,214,36개 가정 전체에서 상위 10% 포함 여부가 바뀌지 않음
CH0034,늘푸른지역아동센터,지역아동센터,4812554000,문화동,마산합포구,scenario_stable_non_high,0.0,0.0,0.0,0.0,0,0,0,0.0,0.0,0.0,195.0,28.2,47.4,0.0,0.0,0.0,0.0,0.0,0.0,0.0,0.0,0.0,0.0,none,no_axis_variation,,0.0,0.0,532.5,81.47,270,36개 가정 전체에서 상위 10% 포함 여부가 바뀌지 않음
CH0035,늘해랑지역아동센터,지역아동센터,4812557000,완월동,마산합포구,scenario_stable_non_high,0.0,0.0,0.0,0.0,0,0,0,0.0,0.0,0.0,341.5,42.0,40.3,0.0,0.0,0.0,0.0,0.0,0.0,0.0,0.0,0.0,0.0,none,no_axis_variation,,0.0,0.0,517.0,135.13,430,36개 가정 전체에서 상위 10% 포함 여부가 바뀌지 않음
CH0036,도담울지역아동센터,지역아동센터,4812532000,진동면,마산합포구,scenario_stable_non_high,0.0,0.0,0.0,0.0,0,0,0,0.0,0.0,0.0,102.1,27.2,16.2,0.0,0.0,0.0,0.0,0.0,0.0,0.0,0.0,0.0,0.0,none,no_axis_variation,,0.0,0.0,1224.0,40.96,151,36개 가정 전체에서 상위 10% 포함 여부가 바뀌지 않음
CH0037,마산상남지역아동센터,지역아동센터,4812564000,합포동,마산합포구,scenario_stable_non_high,0.0,0.0,0.0,0.0,0,0,0,0.0,0.0,0.0,52.0,38.0,29.5,0.0,0.0,0.0,0.0,0.0,0.0,0.0,0.0,0.0,0.0,none,no_axis_variation,,0.0,0.0,419.3,30.69,149,36개 가정 전체에서 상위 10% 포함 여부가 바뀌지 않음
CH0038,명지지역아동센터,지역아동센터,4812556500,반월중앙동,마산합포구,scenario_stable_non_high,0.0,0.0,0.0,0.0,0,0,0,0.0,0.0,0.0,254.0,33.1,52.7,0.0,0.0,0.0,0.0,0.0,0.0,0.0,0.0,0.0,0.0,none,no_axis_variation,,0.0,0.0,458.7,105.67,347,36개 가정 전체에서 상위 10% 포함 여부가 바뀌지 않음
CH0039,산호지역아동센터,지역아동센터,4812564000,합포동,마산합포구,scenario_stable_non_high,0.0,0.0,0.0,0.0,0,0,0,0.0,0.0,0.0,566.7,33.0,12.0,0.0,0.0,0.0,0.0,0.0,0.0,0.0,0.0,0.0,0.0,none,no_axis_variation,,0.0,0.0,527.5,221.58,602,36개 가정 전체에서 상위 10% 포함 여부가 바뀌지 않음
CH0040,새봄지역아동센터,지역아동센터,4812532000,진동면,마산합포구,scenario_stable_non_high,0.0,0.0,0.0,0.0,0,0,0,0.0,0.0,0.0,43.7,33.4,8.2,0.0,0.0,0.0,0.0,0.0,0.0,0.0,0.0,0.0,0.0,none,no_axis_variation,,0.0,0.0,1373.2,22.8,90,36개 가정 전체에서 상위 10% 포함 여부가 바뀌지 않음
CH0042,성원지역아동센터,지역아동센터,4812561000,교방동,마산합포구,scenario_stable_non_high,0.0,0.0,0.0,0.0,0,0,0,0.0,0.0,0.0,70.5,33.9,26.4,0.0,0.0,0.0,0.0,0.0,0.0,0.0,0.0,0.0,0.0,none,no_axis_variation,,0.0,0.0,860.3,36.31,118,36개 가정 전체에서 상위 10% 포함 여부가 바뀌지 않음
CH0043,수정지역아동센터,지역아동센터,4812531000,구산면,마산합포구,scenario_stable_non_high,0.0,0.0,0.0,0.0,0,0,0,0.0,0.0,0.0,0.0,0.0,0.0,0.0,0.0,0.0,0.0,0.0,0.0,0.0,0.0,0.0,0.0,none,no_axis_variation,,0.0,0.0,1584.0,0.0,0,36개 가정 전체에서 상위 10% 포함 여부가 바뀌지 않음
CH0044,어울림지역아동센터,지역아동센터,4812532000,진동면,마산합포구,scenario_stable_non_high,0.0,0.0,0.0,0.0,0,0,0,0.0,0.0,0.0,8.3,30.9,9.2,0.0,0.0,0.0,0.0,0.0,0.0,0.0,0.0,0.0,0.0,none,no_axis_variation,,0.0,0.0,1344.9,15.47,59,36개 가정 전체에서 상위 10% 포함 여부가 바뀌지 않음
CH0045,완월지역아동센터,지역아동센터,4812557000,완월동,마산합포구,scenario_stable_non_high,0.0,0.0,0.0,0.0,0,0,0,0.0,0.0,0.0,289.1,39.5,34.0,0.0,0.0,0.0,0.0,0.0,0.0,0.0,0.0,0.0,0.0,none,no_axis_variation,,0.0,0.0,842.6,117.87,353,36개 가정 전체에서 상위 10% 포함 여부가 바뀌지 않음
CH0046,자산지역아동센터,지역아동센터,4812558000,자산동,마산합포구,scenario_stable_non_high,0.0,0.0,0.0,0.0,0,0,0,0.0,0.0,0.0,164.9,17.2,34.9,0.0,0.0,0.0,0.0,0.0,0.0,0.0,0.0,0.0,0.0,none,no_axis_variation,,0.0,0.0,770.8,66.49,222,36개 가정 전체에서 상위 10% 포함 여부가 바뀌지 않음
CH0047,전원해운지역아동센터,지역아동센터,4812553000,월영동,마산합포구,scenario_stable_non_high,0.0,0.0,0.0,0.0,0,0,0,0.0,0.0,0.0,127.3,26.1,50.7,0.0,0.0,0.0,0.0,0.0,0.0,0.0,0.0,0.0,0.0,none,no_axis_variation,,0.0,0.0,495.6,53.35,205,36개 가정 전체에서 상위 10% 포함 여부가 바뀌지 않음
CH0051,꽃때말지역아동센터,지역아동센터,4812758000,합성1동,마산회원구,scenario_stable_non_high,0.0,0.0,0.0,0.0,0,0,0,0.0,0.0,0.0,415.9,139.3,64.8,0.0,0.0,0.0,0.0,0.0,0.0,0.0,0.0,0.0,0.0,none,no_axis_variation,,0.0,0.0,1040.2,181.09,615,36개 가정 전체에서 상위 10% 포함 여부가 바뀌지 않음
CH0052,꿈쟁이지역아동센터,지역아동센터,4812756000,양덕1동,마산회원구,scenario_stable_non_high,0.0,0.0,0.0,0.0,0,0,0,0.0,0.0,0.0,296.5,129.3,111.2,0.0,0.0,0.0,0.0,0.0,0.0,0.0,0.0,0.0,0.0,none,no_axis_variation,,0.0,0.0,831.1,138.89,512,36개 가정 전체에서 상위 10% 포함 여부가 바뀌지 않음
CH0054,비둘기회성지역아동센터,지역아동센터,4812755000,회성동,마산회원구,scenario_stable_non_high,0.0,0.0,0.0,0.0,0,0,0,0.0,0.0,0.0,424.5,47.0,56.9,0.0,0.0,0.0,0.0,0.0,0.0,0.0,0.0,0.0,0.0,none,no_axis_variation,,0.0,0.0,786.0,173.24,527,36개 가정 전체에서 상위 10% 포함 여부가 바뀌지 않음
CH0055,샘동네지역아동센터,지역아동센터,4812752000,회원2동,마산회원구,scenario_stable_non_high,0.0,0.0,0.0,0.0,0,0,0,0.0,0.0,0.0,69.5,21.3,114.5,0.0,0.0,0.0,0.0,0.0,0.0,0.0,0.0,0.0,0.0,none,no_axis_variation,,0.0,0.0,851.8,55.58,200,36개 가정 전체에서 상위 10% 포함 여부가 바뀌지 않음
CH0057,성동지역아동센터,지역아동센터,4812725000,내서읍,마산회원구,scenario_stable_non_high,0.0,0.0,0.0,0.0,0,0,0,0.0,0.0,0.0,198.9,21.8,20.1,0.0,0.0,0.0,0.0,0.0,0.0,0.0,0.0,0.0,0.0,none,no_axis_variation,,0.0,0.0,1116.1,75.09,235,36개 가정 전체에서 상위 10% 포함 여부가 바뀌지 않음
CH0058,소명지역아동센터,지역아동센터,4812760000,구암1동,마산회원구,scenario_stable_non_high,0.0,0.0,0.0,0.0,0,0,0,0.0,0.0,0.0,377.4,22.5,27.0,0.0,0.0,0.0,0.0,0.0,0.0,0.0,0.0,0.0,0.0,none,no_axis_variation,,0.0,0.0,964.5,144.02,425,36개 가정 전체에서 상위 10% 포함 여부가 바뀌지 않음
CH0059,안영지역아동센터,지역아동센터,4812755000,회성동,마산회원구,scenario_stable_non_high,0.0,0.0,0.0,0.0,0,0,0,0.0,0.0,0.0,349.1,38.0,53.4,0.0,0.0,0.0,0.0,0.0,0.0,0.0,0.0,0.0,0.0,none,no_axis_variation,,0.0,0.0,562.6,132.68,432,36개 가정 전체에서 상위 10% 포함 여부가 바뀌지 않음
CH0061,정지역아동센터,지역아동센터,4812755000,회성동,마산회원구,scenario_stable_non_high,0.0,0.0,0.0,0.0,0,0,0,0.0,0.0,0.0,370.5,41.9,116.3,0.0,0.0,0.0,0.0,0.0,0.0,0.0,0.0,0.0,0.0,none,no_axis_variation,,0.0,0.0,657.1,149.98,548,36개 가정 전체에서 상위 10% 포함 여부가 바뀌지 않음
CH0064,합성지역아동센터,지역아동센터,4812758000,합성1동,마산회원구,scenario_stable_non_high,0.0,0.0,0.0,0.0,0,0,0,0.0,0.0,0.0,157.0,104.5,40.3,0.0,0.0,0.0,0.0,0.0,0.0,0.0,0.0,0.0,0.0,none,no_axis_variation,,0.0,0.0,656.7,81.22,301,36개 가정 전체에서 상위 10% 포함 여부가 바뀌지 않음
CH0065,호계지역아동센터,지역아동센터,4812725000,내서읍,마산회원구,scenario_stable_non_high,0.0,0.0,0.0,0.0,0,0,0,0.0,0.0,0.0,146.5,4.7,15.7,0.0,0.0,0.0,0.0,0.0,0.0,0.0,0.0,0.0,0.0,none,no_axis_variation,,0.0,0.0,1181.7,55.34,166,36개 가정 전체에서 상위 10% 포함 여부가 바뀌지 않음
CH0066,회원큰별지역아동센터,지역아동센터,4812752000,회원2동,마산회원구,scenario_stable_non_high,0.0,0.0,0.0,0.0,0,0,0,0.0,0.0,0.0,567.1,44.0,220.9,0.0,0.0,0.0,0.0,0.0,0.0,0.0,0.0,0.0,0.0,none,no_axis_variation,,0.0,0.0,898.8,250.29,846,36개 가정 전체에서 상위 10% 포함 여부가 바뀌지 않음
CH0067,회원한솔지역아동센터,지역아동센터,4812751000,회원1동,마산회원구,scenario_stable_non_high,0.0,0.0,0.0,0.0,0,0,0,0.0,0.0,0.0,59.9,31.9,63.6,0.0,0.0,0.0,0.0,0.0,0.0,0.0,0.0,0.0,0.0,none,no_axis_variation,,0.0,0.0,674.4,37.6,168,36개 가정 전체에서 상위 10% 포함 여부가 바뀌지 않음
CH0068,1318행복지대 지역아동센터,지역아동센터,4812962000,풍호동,진해구,scenario_stable_non_high,0.0,0.0,0.0,0.0,0,0,0,0.0,0.0,0.0,91.9,16.7,6.3,0.0,0.0,0.0,0.0,0.0,0.0,0.0,0.0,0.0,0.0,none,no_axis_variation,,0.0,0.0,677.9,40.33,120,36개 가정 전체에서 상위 10% 포함 여부가 바뀌지 않음
CH0069,경화지역아동센터,지역아동센터,4812957000,병암동,진해구,scenario_stable_non_high,0.0,0.0,0.0,0.0,0,0,0,0.0,0.0,0.0,54.1,29.0,42.7,0.0,0.0,0.0,0.0,0.0,0.0,0.0,0.0,0.0,0.0,none,no_axis_variation,,0.0,0.0,764.9,34.37,158,36개 가정 전체에서 상위 10% 포함 여부가 바뀌지 않음
CH0070,꿈나무지역아동센터,지역아동센터,4812953000,충무동,진해구,scenario_stable_non_high,0.0,0.0,0.0,0.0,0,0,0,0.0,0.0,0.0,132.6,43.8,119.0,0.0,0.0,0.0,0.0,0.0,0.0,0.0,0.0,0.0,0.0,none,no_axis_variation,,0.0,0.0,560.1,71.91,304,36개 가정 전체에서 상위 10% 포함 여부가 바뀌지 않음
CH0071,누리봄다문화지역아동센터,지역아동센터,4812954000,여좌동,진해구,scenario_stable_non_high,0.0,0.0,0.0,0.0,0,0,0,0.0,0.0,0.0,146.4,29.0,61.1,0.0,0.0,0.0,0.0,0.0,0.0,0.0,0.0,0.0,0.0,none,no_axis_variation,,0.0,0.0,1092.6,61.97,246,36개 가정 전체에서 상위 10% 포함 여부가 바뀌지 않음
CH0073,동부지역아동센터,지역아동센터,4812958000,석동,진해구,scenario_stable_non_high,0.0,0.0,0.0,0.0,0,0,0,0.0,0.0,0.0,156.2,35.5,68.9,0.0,0.0,0.0,0.0,0.0,0.0,0.0,0.0,0.0,0.0,none,no_axis_variation,,0.0,0.0,628.4,68.33,263,36개 가정 전체에서 상위 10% 포함 여부가 바뀌지 않음
CH0074,명동지역아동센터,지역아동센터,4812963000,웅천동,진해구,scenario_stable_non_high,0.0,0.0,0.0,0.0,0,0,0,0.0,0.0,0.0,35.8,21.0,183.4,0.0,0.0,0.0,0.0,0.0,0.0,0.0,0.0,0.0,0.0,none,no_axis_variation,,0.0,0.0,1118.3,79.43,260,36개 가정 전체에서 상위 10% 포함 여부가 바뀌지 않음
CH0075,웅동지역아동센터,지역아동센터,4812965000,웅동2동,진해구,scenario_stable_non_high,0.0,0.0,0.0,0.0,0,0,0,0.0,0.0,0.0,13.7,6.6,8.3,0.0,0.0,0.0,0.0,0.0,0.0,0.0,0.0,0.0,0.0,none,no_axis_variation,,0.0,0.0,1464.9,7.58,29,36개 가정 전체에서 상위 10% 포함 여부가 바뀌지 않음
CH0076,웅천지역아동센터,지역아동센터,4812963000,웅천동,진해구,scenario_stable_non_high,0.0,0.0,0.0,0.0,0,0,0,0.0,0.0,0.0,91.4,29.9,17.8,0.0,0.0,0.0,0.0,0.0,0.0,0.0,0.0,0.0,0.0,none,no_axis_variation,,0.0,0.0,979.4,38.12,135,36개 가정 전체에서 상위 10% 포함 여부가 바뀌지 않음
CH0077,은성지역아동센터,지역아동센터,4812964000,웅동1동,진해구,scenario_stable_non_high,0.0,0.0,0.0,0.0,0,0,0,0.0,0.0,0.0,548.0,33.4,26.0,0.0,0.0,0.0,0.0,0.0,0.0,0.0,0.0,0.0,0.0,none,no_axis_variation,,0.0,0.0,699.1,209.34,613,36개 가정 전체에서 상위 10% 포함 여부가 바뀌지 않음
CH0078,이동지역아동센터,지역아동센터,4812959000,이동,진해구,scenario_stable_non_high,0.0,0.0,0.0,0.0,0,0,0,0.0,0.0,0.0,79.1,35.8,179.5,0.0,0.0,0.0,0.0,0.0,0.0,0.0,0.0,0.0,0.0,none,no_axis_variation,,0.0,0.0,402.1,83.66,298,36개 가정 전체에서 상위 10% 포함 여부가 바뀌지 않음
CH0079,자은지역아동센터,지역아동센터,4812960000,자은동,진해구,scenario_stable_non_high,0.0,0.0,0.0,0.0,0,0,0,0.0,0.0,0.0,184.6,31.0,18.1,0.0,0.0,0.0,0.0,0.0,0.0,0.0,0.0,0.0,0.0,none,no_axis_variation,,0.0,0.0,945.9,75.54,230,36개 가정 전체에서 상위 10% 포함 여부가 바뀌지 않음
CH0080,진해지역아동센터,지역아동센터,4812953000,충무동,진해구,scenario_stable_non_high,0.0,0.0,0.0,0.0,0,0,0,0.0,0.0,0.0,315.8,32.9,74.7,0.0,0.0,0.0,0.0,0.0,0.0,0.0,0.0,0.0,0.0,none,no_axis_variation,,0.0,0.0,405.1,121.53,401,36개 가정 전체에서 상위 10% 포함 여부가 바뀌지 않음
CH0081,참살이지역아동센터,지역아동센터,4812961000,덕산동,진해구,scenario_stable_non_high,0.0,0.0,0.0,0.0,0,0,0,0.0,0.0,0.0,123.8,36.5,12.1,0.0,0.0,0.0,0.0,0.0,0.0,0.0,0.0,0.0,0.0,none,no_axis_variation,,0.0,0.0,788.7,53.78,175,36개 가정 전체에서 상위 10% 포함 여부가 바뀌지 않음
CH0082,샘바위지역아동센터,지역아동센터,4812961000,덕산동,진해구,scenario_stable_non_high,0.0,0.0,0.0,0.0,0,0,0,0.0,0.0,0.0,83.0,33.0,14.3,0.0,0.0,0.0,0.0,0.0,0.0,0.0,0.0,0.0,0.0,none,no_axis_variation,,0.0,0.0,765.1,35.07,131,36개 가정 전체에서 상위 10% 포함 여부가 바뀌지 않음
CH0084,햇살경화지역아동센터,지역아동센터,4812956000,경화동,진해구,scenario_stable_non_high,0.0,0.0,0.0,0.0,0,0,0,0.0,0.0,0.0,86.6,24.1,5.0,0.0,0.0,0.0,0.0,0.0,0.0,0.0,0.0,0.0,0.0,none,no_axis_variation,,0.0,0.0,908.2,34.77,126,36개 가정 전체에서 상위 10% 포함 여부가 바뀌지 않음
DW0001,창원시장애인종합복지관,장애인복지관,4812154000,봉림동,의창구,scenario_stable_non_high,0.0,0.0,0.0,0.0,0,0,0,0.0,0.0,0.0,44.6,34.2,14.2,0.0,0.0,0.0,0.0,0.0,0.0,0.0,0.0,0.0,0.0,none,no_axis_variation,,0.0,0.0,1280.5,24.17,90,36개 가정 전체에서 상위 10% 포함 여부가 바뀌지 않음
DW0002,경상남도장애인종합복지관,장애인복지관,4812154000,봉림동,의창구,scenario_stable_non_high,0.0,0.0,0.0,0.0,0,0,0,0.0,0.0,0.0,139.2,36.2,18.0,0.0,0.0,0.0,0.0,0.0,0.0,0.0,0.0,0.0,0.0,none,no_axis_variation,,0.0,0.0,1258.8,56.96,191,36개 가정 전체에서 상위 10% 포함 여부가 바뀌지 않음
DW0003,마산장애인복지관,장애인복지관,4812556500,반월중앙동,마산합포구,scenario_stable_non_high,0.0,0.0,0.0,0.0,0,0,0,0.0,0.0,0.0,238.4,13.7,21.1,0.0,0.0,0.0,0.0,0.0,0.0,0.0,0.0,0.0,0.0,none,no_axis_variation,,0.0,0.0,988.3,98.09,277,36개 가정 전체에서 상위 10% 포함 여부가 바뀌지 않음
SC0001,고양 경로당,경로당,4812125000,동읍,의창구,scenario_stable_non_high,0.0,0.0,0.0,0.0,0,0,0,0.0,0.0,0.0,378.3,31.3,31.4,0.0,0.0,0.0,0.0,0.0,0.0,0.0,0.0,0.0,0.0,none,no_axis_variation,,0.0,0.0,730.8,155.33,452,36개 가정 전체에서 상위 10% 포함 여부가 바뀌지 않음
SC0002,곡목 경로당,경로당,4812125000,동읍,의창구,scenario_stable_non_high,0.0,0.0,0.0,0.0,0,0,0,0.0,0.0,0.0,46.0,13.2,6.9,0.0,0.0,0.0,0.0,0.0,0.0,0.0,0.0,0.0,0.0,none,no_axis_variation,,0.0,0.0,1434.4,19.4,67,36개 가정 전체에서 상위 10% 포함 여부가 바뀌지 않음
SC0003,금동 경로당,경로당,4812125000,동읍,의창구,scenario_stable_non_high,0.0,0.0,0.0,0.0,0,0,0,0.0,0.0,0.0,354.1,28.4,14.2,0.0,0.0,0.0,0.0,0.0,0.0,0.0,0.0,0.0,0.0,none,no_axis_variation,,0.0,0.0,1199.9,140.6,387,36개 가정 전체에서 상위 10% 포함 여부가 바뀌지 않음
SC0004,금산 경로당,경로당,4812125000,동읍,의창구,scenario_stable_non_high,0.0,0.0,0.0,0.0,0,0,0,0.0,0.0,0.0,386.7,24.1,12.6,0.0,0.0,0.0,0.0,0.0,0.0,0.0,0.0,0.0,0.0,none,no_axis_variation,,0.0,0.0,1209.6,153.19,410,36개 가정 전체에서 상위 10% 포함 여부가 바뀌지 않음
SC0005,기로회 경로당,경로당,4812125000,동읍,의창구,scenario_stable_non_high,0.0,0.0,0.0,0.0,0,0,0,0.0,0.0,0.0,192.3,15.2,41.6,0.0,0.0,0.0,0.0,0.0,0.0,0.0,0.0,0.0,0.0,none,no_axis_variation,,0.0,0.0,618.2,72.46,241,36개 가정 전체에서 상위 10% 포함 여부가 바뀌지 않음
SC0006,남산경로당,경로당,4812125000,동읍,의창구,scenario_stable_non_high,0.0,0.0,0.0,0.0,0,0,0,0.0,0.0,0.0,0.0,0.0,0.0,0.0,0.0,0.0,0.0,0.0,0.0,0.0,0.0,0.0,0.0,none,no_axis_variation,,0.0,0.0,1584.0,0.0,0,36개 가정 전체에서 상위 10% 포함 여부가 바뀌지 않음
SC0007,내단 경로당,경로당,4812125000,동읍,의창구,scenario_stable_non_high,0.0,0.0,0.0,0.0,0,0,0,0.0,0.0,0.0,405.0,28.8,20.3,0.0,0.0,0.0,0.0,0.0,0.0,0.0,0.0,0.0,0.0,none,no_axis_variation,,0.0,0.0,1085.4,156.4,452,36개 가정 전체에서 상위 10% 포함 여부가 바뀌지 않음
SC0008,노옥 경로당,경로당,4812125000,동읍,의창구,scenario_stable_non_high,0.0,0.0,0.0,0.0,0,0,0,0.0,0.0,0.0,67.3,2.4,2.5,0.0,0.0,0.0,0.0,0.0,0.0,0.0,0.0,0.0,0.0,none,no_axis_variation,,0.0,0.0,1519.3,27.11,73,36개 가정 전체에서 상위 10% 포함 여부가 바뀌지 않음
SC0009,다호 경로당,경로당,4812125000,동읍,의창구,scenario_stable_non_high,0.0,0.0,0.0,0.0,0,0,0,0.0,0.0,0.0,70.8,13.3,21.0,0.0,0.0,0.0,0.0,0.0,0.0,0.0,0.0,0.0,0.0,none,no_axis_variation,,0.0,0.0,1139.3,31.98,111,36개 가정 전체에서 상위 10% 포함 여부가 바뀌지 않음
SC0010,단산경로당,경로당,4812125000,동읍,의창구,scenario_stable_non_high,0.0,0.0,0.0,0.0,0,0,0,0.0,0.0,0.0,66.5,12.8,16.7,0.0,0.0,0.0,0.0,0.0,0.0,0.0,0.0,0.0,0.0,none,no_axis_variation,,0.0,0.0,979.9,29.36,96,36개 가정 전체에서 상위 10% 포함 여부가 바뀌지 않음
SC0011,달천 경로당,경로당,4812125000,동읍,의창구,scenario_stable_non_high,0.0,0.0,0.0,0.0,0,0,0,0.0,0.0,0.0,55.0,5.4,6.2,0.0,0.0,0.0,0.0,0.0,0.0,0.0,0.0,0.0,0.0,none,no_axis_variation,,0.0,0.0,1487.6,22.59,73,36개 가정 전체에서 상위 10% 포함 여부가 바뀌지 않음
SC0012,대한APT 경로당,경로당,4812125000,동읍,의창구,scenario_stable_non_high,0.0,0.0,0.0,0.0,0,0,0,0.0,0.0,0.0,488.2,35.0,27.8,0.0,0.0,0.0,0.0,0.0,0.0,0.0,0.0,0.0,0.0,none,no_axis_variation,,0.0,0.0,800.8,200.28,549,36개 가정 전체에서 상위 10% 포함 여부가 바뀌지 않음
SC0013,덕산경로당,경로당,4812125000,동읍,의창구,scenario_stable_non_high,0.0,0.0,0.0,0.0,0,0,0,0.0,0.0,0.0,129.3,3.8,5.8,0.0,0.0,0.0,0.0,0.0,0.0,0.0,0.0,0.0,0.0,none,no_axis_variation,,0.0,0.0,1470.8,48.92,136,36개 가정 전체에서 상위 10% 포함 여부가 바뀌지 않음
SC0014,덕천경로당,경로당,4812125000,동읍,의창구,scenario_stable_non_high,0.0,0.0,0.0,0.0,0,0,0,0.0,0.0,0.0,277.7,28.4,29.1,0.0,0.0,0.0,0.0,0.0,0.0,0.0,0.0,0.0,0.0,none,no_axis_variation,,0.0,0.0,821.3,108.06,329,36개 가정 전체에서 상위 10% 포함 여부가 바뀌지 않음
SC0015,동부산2차아파트경로당,경로당,4812125000,동읍,의창구,scenario_stable_non_high,0.0,0.0,0.0,0.0,0,0,0,0.0,0.0,0.0,76.6,8.8,20.5,0.0,0.0,0.0,0.0,0.0,0.0,0.0,0.0,0.0,0.0,none,no_axis_variation,,0.0,0.0,1104.2,30.71,111,36개 가정 전체에서 상위 10% 포함 여부가 바뀌지 않음
SC0016,동월 경로당,경로당,4812125000,동읍,의창구,scenario_stable_non_high,0.0,0.0,0.0,0.0,0,0,0,0.0,0.0,0.0,276.5,30.4,19.1,0.0,0.0,0.0,0.0,0.0,0.0,0.0,0.0,0.0,0.0,none,no_axis_variation,,0.0,0.0,1079.3,107.9,325,36개 가정 전체에서 상위 10% 포함 여부가 바뀌지 않음
SC0017,마룡 경로당,경로당,4812125000,동읍,의창구,scenario_stable_non_high,0.0,0.0,0.0,0.0,0,0,0,0.0,0.0,0.0,273.0,30.0,19.6,0.0,0.0,0.0,0.0,0.0,0.0,0.0,0.0,0.0,0.0,none,no_axis_variation,,0.0,0.0,1008.3,106.59,315,36개 가정 전체에서 상위 10% 포함 여부가 바뀌지 않음
SC0018,모암 경로당,경로당,4812125000,동읍,의창구,scenario_stable_non_high,0.0,0.0,0.0,0.0,0,0,0,0.0,0.0,0.0,286.0,8.8,26.3,0.0,0.0,0.0,0.0,0.0,0.0,0.0,0.0,0.0,0.0,none,no_axis_variation,,0.0,0.0,874.2,105.11,330,36개 가정 전체에서 상위 10% 포함 여부가 바뀌지 않음
SC0019,무성 경로당,경로당,4812125000,동읍,의창구,scenario_stable_non_high,0.0,0.0,0.0,0.0,0,0,0,0.0,0.0,0.0,604.5,21.2,39.0,0.0,0.0,0.0,0.0,0.0,0.0,0.0,0.0,0.0,0.0,none,no_axis_variation,,0.0,0.0,586.2,230.91,667,36개 가정 전체에서 상위 10% 포함 여부가 바뀌지 않음
SC0020,무성1구경로당,경로당,4812125000,동읍,의창구,scenario_stable_non_high,0.0,0.0,0.0,0.0,0,0,0,0.0,0.0,0.0,326.2,27.7,31.9,0.0,0.0,0.0,0.0,0.0,0.0,0.0,0.0,0.0,0.0,none,no_axis_variation,,0.0,0.0,730.4,130.92,382,36개 가정 전체에서 상위 10% 포함 여부가 바뀌지 않음
SC0021,무성1구남자경로당,경로당,4812125000,동읍,의창구,scenario_stable_non_high,0.0,0.0,0.0,0.0,0,0,0,0.0,0.0,0.0,326.2,27.7,31.9,0.0,0.0,0.0,0.0,0.0,0.0,0.0,0.0,0.0,0.0,none,no_axis_variation,,0.0,0.0,730.4,130.92,382,36개 가정 전체에서 상위 10% 포함 여부가 바뀌지 않음
SC0022,무성부인 경로당,경로당,4812125000,동읍,의창구,scenario_stable_non_high,0.0,0.0,0.0,0.0,0,0,0,0.0,0.0,0.0,604.5,21.2,39.0,0.0,0.0,0.0,0.0,0.0,0.0,0.0,0.0,0.0,0.0,none,no_axis_variation,,0.0,0.0,586.2,230.91,667,36개 가정 전체에서 상위 10% 포함 여부가 바뀌지 않음
SC0023,무점 경로당,경로당,4812125000,동읍,의창구,scenario_stable_non_high,0.0,0.0,0.0,0.0,0,0,0,0.0,0.0,0.0,61.0,16.3,13.8,0.0,0.0,0.0,0.0,0.0,0.0,0.0,0.0,0.0,0.0,none,no_axis_variation,,0.0,0.0,1220.2,26.9,87,36개 가정 전체에서 상위 10% 포함 여부가 바뀌지 않음
SC0024,본포 경로당,경로당,4812125000,동읍,의창구,scenario_stable_non_high,0.0,0.0,0.0,0.0,0,0,0,0.0,0.0,0.0,0.0,0.0,0.0,0.0,0.0,0.0,0.0,0.0,0.0,0.0,0.0,0.0,0.0,none,no_axis_variation,,0.0,0.0,1584.0,0.0,0,36개 가정 전체에서 상위 10% 포함 여부가 바뀌지 않음
SC0025,봉강 경로당,경로당,4812125000,동읍,의창구,scenario_stable_non_high,0.0,0.0,0.0,0.0,0,0,0,0.0,0.0,0.0,127.6,2.4,8.8,0.0,0.0,0.0,0.0,0.0,0.0,0.0,0.0,0.0,0.0,none,no_axis_variation,,0.0,0.0,1437.2,49.66,151,36개 가정 전체에서 상위 10% 포함 여부가 바뀌지 않음
SC0026,봉곡 경로당,경로당,4812125000,동읍,의창구,scenario_stable_non_high,0.0,0.0,0.0,0.0,0,0,0,0.0,0.0,0.0,105.2,38.3,6.5,0.0,0.0,0.0,0.0,0.0,0.0,0.0,0.0,0.0,0.0,none,no_axis_variation,,0.0,0.0,1436.5,45.71,147,36개 가정 전체에서 상위 10% 포함 여부가 바뀌지 않음
SC0027,봉산경로당,경로당,4812125000,동읍,의창구,scenario_stable_non_high,0.0,0.0,0.0,0.0,0,0,0,0.0,0.0,0.0,215.8,13.0,29.3,0.0,0.0,0.0,0.0,0.0,0.0,0.0,0.0,0.0,0.0,none,no_axis_variation,,0.0,0.0,830.3,84.91,258,36개 가정 전체에서 상위 10% 포함 여부가 바뀌지 않음
SC0028,산남 경로당,경로당,4812125000,동읍,의창구,scenario_stable_non_high,0.0,0.0,0.0,0.0,0,0,0,0.0,0.0,0.0,0.0,0.0,0.0,0.0,0.0,0.0,0.0,0.0,0.0,0.0,0.0,0.0,0.0,none,no_axis_variation,,0.0,0.0,1584.0,0.0,0,36개 가정 전체에서 상위 10% 포함 여부가 바뀌지 않음
SC0029,삼운 경로당,경로당,4812125000,동읍,의창구,scenario_stable_non_high,0.0,0.0,0.0,0.0,0,0,0,0.0,0.0,0.0,482.3,1.0,10.8,0.0,0.0,0.0,0.0,0.0,0.0,0.0,0.0,0.0,0.0,none,no_axis_variation,,0.0,0.0,1306.9,200.63,506,36개 가정 전체에서 상위 10% 포함 여부가 바뀌지 않음
SC0030,삼진아파트경로당,경로당,4812125000,동읍,의창구,scenario_stable_non_high,0.0,0.0,0.0,0.0,0,0,0,0.0,0.0,0.0,59.0,7.5,36.1,0.0,0.0,0.0,0.0,0.0,0.0,0.0,0.0,0.0,0.0,none,no_axis_variation,,0.0,0.0,686.4,27.01,113,36개 가정 전체에서 상위 10% 포함 여부가 바뀌지 않음
SC0031,석산 경로당,경로당,4812125000,동읍,의창구,scenario_stable_non_high,0.0,0.0,0.0,0.0,0,0,0,0.0,0.0,0.0,188.3,27.9,26.0,0.0,0.0,0.0,0.0,0.0,0.0,0.0,0.0,0.0,0.0,none,no_axis_variation,,0.0,0.0,888.3,70.48,238,36개 가정 전체에서 상위 10% 포함 여부가 바뀌지 않음
SC0032,성진2차경로당,경로당,4812125000,동읍,의창구,scenario_stable_non_high,0.0,0.0,0.0,0.0,0,0,0,0.0,0.0,0.0,130.6,17.2,16.6,0.0,0.0,0.0,0.0,0.0,0.0,0.0,0.0,0.0,0.0,none,no_axis_variation,,0.0,0.0,1166.6,57.87,170,36개 가정 전체에서 상위 10% 포함 여부가 바뀌지 않음
SC0033,성진까치빌라경로당,경로당,4812125000,동읍,의창구,scenario_stable_non_high,0.0,0.0,0.0,0.0,0,0,0,0.0,0.0,0.0,47.7,10.1,15.0,0.0,0.0,0.0,0.0,0.0,0.0,0.0,0.0,0.0,0.0,none,no_axis_variation,,0.0,0.0,1244.7,21.71,78,36개 가정 전체에서 상위 10% 포함 여부가 바뀌지 않음
SC0034,성진정 경로당,경로당,4812125000,동읍,의창구,scenario_stable_non_high,0.0,0.0,0.0,0.0,0,0,0,0.0,0.0,0.0,575.2,32.2,19.4,0.0,0.0,0.0,0.0,0.0,0.0,0.0,0.0,0.0,0.0,none,no_axis_variation,,0.0,0.0,1135.9,236.67,627,36개 가정 전체에서 상위 10% 포함 여부가 바뀌지 않음
SC0035,송정1구경로당,경로당,4812125000,동읍,의창구,scenario_stable_non_high,0.0,0.0,0.0,0.0,0,0,0,0.0,0.0,0.0,107.6,8.5,19.6,0.0,0.0,0.0,0.0,0.0,0.0,0.0,0.0,0.0,0.0,none,no_axis_variation,,0.0,0.0,1039.9,40.77,133,36개 가정 전체에서 상위 10% 포함 여부가 바뀌지 않음
SC0036,송정주공APT경로당,경로당,4812125000,동읍,의창구,scenario_stable_non_high,0.0,0.0,0.0,0.0,0,0,0,0.0,0.0,0.0,70.3,13.6,21.6,0.0,0.0,0.0,0.0,0.0,0.0,0.0,0.0,0.0,0.0,none,no_axis_variation,,0.0,0.0,944.2,32.1,118,36개 가정 전체에서 상위 10% 포함 여부가 바뀌지 않음
SC0037,신방 경로당,경로당,4812125000,동읍,의창구,scenario_stable_non_high,0.0,0.0,0.0,0.0,0,0,0,0.0,0.0,0.0,464.5,34.9,21.4,0.0,0.0,0.0,0.0,0.0,0.0,0.0,0.0,0.0,0.0,none,no_axis_variation,,0.0,0.0,969.1,189.21,522,36개 가정 전체에서 상위 10% 포함 여부가 바뀌지 않음
SC0038,신방 부인 경로당,경로당,4812125000,동읍,의창구,scenario_stable_non_high,0.0,0.0,0.0,0.0,0,0,0,0.0,0.0,0.0,464.5,34.9,21.4,0.0,0.0,0.0,0.0,0.0,0.0,0.0,0.0,0.0,0.0,none,no_axis_variation,,0.0,0.0,969.1,189.21,522,36개 가정 전체에서 상위 10% 포함 여부가 바뀌지 않음
SC0039,신안APT 경로당,경로당,4812125000,동읍,의창구,scenario_stable_non_high,0.0,0.0,0.0,0.0,0,0,0,0.0,0.0,0.0,438.1,31.7,31.6,0.0,0.0,0.0,0.0,0.0,0.0,0.0,0.0,0.0,0.0,none,no_axis_variation,,0.0,0.0,729.1,159.37,502,36개 가정 전체에서 상위 10% 포함 여부가 바뀌지 않음
SC0040,양교경로당,경로당,4812125000,동읍,의창구,scenario_stable_non_high,0.0,0.0,0.0,0.0,0,0,0,0.0,0.0,0.0,493.2,14.0,14.8,0.0,0.0,0.0,0.0,0.0,0.0,0.0,0.0,0.0,0.0,none,no_axis_variation,,0.0,0.0,1206.7,198.29,525,36개 가정 전체에서 상위 10% 포함 여부가 바뀌지 않음
SC0041,외단경로당,경로당,4812125000,동읍,의창구,scenario_stable_non_high,0.0,0.0,0.0,0.0,0,0,0,0.0,0.0,0.0,34.3,1.8,4.3,0.0,0.0,0.0,0.0,0.0,0.0,0.0,0.0,0.0,0.0,none,no_axis_variation,,0.0,0.0,1508.8,13.2,42,36개 가정 전체에서 상위 10% 포함 여부가 바뀌지 않음
SC0042,용강 경로당,경로당,4812125000,동읍,의창구,scenario_stable_non_high,0.0,0.0,0.0,0.0,0,0,0,0.0,0.0,0.0,123.1,14.5,7.0,0.0,0.0,0.0,0.0,0.0,0.0,0.0,0.0,0.0,0.0,none,no_axis_variation,,0.0,0.0,1380.4,51.88,156,36개 가정 전체에서 상위 10% 포함 여부가 바뀌지 않음
SC0043,용산 경로당,경로당,4812125000,동읍,의창구,scenario_stable_non_high,0.0,0.0,0.0,0.0,0,0,0,0.0,0.0,0.0,754.3,34.8,19.2,0.0,0.0,0.0,0.0,0.0,0.0,0.0,0.0,0.0,0.0,none,no_axis_variation,,0.0,0.0,1036.7,310.86,815,36개 가정 전체에서 상위 10% 포함 여부가 바뀌지 않음
SC0044,용산부인경로당,경로당,4812125000,동읍,의창구,scenario_stable_non_high,0.0,0.0,0.0,0.0,0,0,0,0.0,0.0,0.0,754.3,34.8,19.2,0.0,0.0,0.0,0.0,0.0,0.0,0.0,0.0,0.0,0.0,none,no_axis_variation,,0.0,0.0,1036.7,310.86,815,36개 가정 전체에서 상위 10% 포함 여부가 바뀌지 않음
SC0045,용암 경로당,경로당,4812125000,동읍,의창구,scenario_stable_non_high,0.0,0.0,0.0,0.0,0,0,0,0.0,0.0,0.0,627.2,35.1,19.0,0.0,0.0,0.0,0.0,0.0,0.0,0.0,0.0,0.0,0.0,none,no_axis_variation,,0.0,0.0,1108.3,250.56,682,36개 가정 전체에서 상위 10% 포함 여부가 바뀌지 않음
SC0046,용연 경로당,경로당,4812125000,동읍,의창구,scenario_stable_non_high,0.0,0.0,0.0,0.0,0,0,0,0.0,0.0,0.0,2.0,0.0,0.4,0.0,0.0,0.0,0.0,0.0,0.0,0.0,0.0,0.0,0.0,none,no_axis_variation,,0.0,0.0,1550.8,0.84,3,36개 가정 전체에서 상위 10% 포함 여부가 바뀌지 않음
SC0047,용잠1구 경로당,경로당,4812125000,동읍,의창구,scenario_stable_non_high,0.0,0.0,0.0,0.0,0,0,0,0.0,0.0,0.0,360.2,16.5,47.5,0.0,0.0,0.0,0.0,0.0,0.0,0.0,0.0,0.0,0.0,none,no_axis_variation,,0.0,0.0,562.4,143.63,429,36개 가정 전체에서 상위 10% 포함 여부가 바뀌지 않음
SC0048,용잠2구 경로당,경로당,4812125000,동읍,의창구,scenario_stable_non_high,0.0,0.0,0.0,0.0,0,0,0,0.0,0.0,0.0,318.0,14.5,44.3,0.0,0.0,0.0,0.0,0.0,0.0,0.0,0.0,0.0,0.0,none,no_axis_variation,,0.0,0.0,586.5,122.98,376,36개 가정 전체에서 상위 10% 포함 여부가 바뀌지 않음
SC0049,용잠3구 경로당,경로당,4812125000,동읍,의창구,scenario_stable_non_high,0.0,0.0,0.0,0.0,0,0,0,0.0,0.0,0.0,391.2,24.7,39.8,0.0,0.0,0.0,0.0,0.0,0.0,0.0,0.0,0.0,0.0,none,no_axis_variation,,0.0,0.0,624.3,145.58,450,36개 가정 전체에서 상위 10% 포함 여부가 바뀌지 않음
SC0050,용잠6구경로당,경로당,4812125000,동읍,의창구,scenario_stable_non_high,0.0,0.0,0.0,0.0,0,0,0,0.0,0.0,0.0,77.0,7.5,35.8,0.0,0.0,0.0,0.0,0.0,0.0,0.0,0.0,0.0,0.0,none,no_axis_variation,,0.0,0.0,776.3,34.88,109,36개 가정 전체에서 상위 10% 포함 여부가 바뀌지 않음
SC0051,용잠본동경로당,경로당,4812125000,동읍,의창구,scenario_stable_non_high,0.0,0.0,0.0,0.0,0,0,0,0.0,0.0,0.0,52.0,26.1,16.5,0.0,0.0,0.0,0.0,0.0,0.0,0.0,0.0,0.0,0.0,none,no_axis_variation,,0.0,0.0,1237.9,26.03,103,36개 가정 전체에서 상위 10% 포함 여부가 바뀌지 않음
SC0052,용잠본동부인경로당,경로당,4812125000,동읍,의창구,scenario_stable_non_high,0.0,0.0,0.0,0.0,0,0,0,0.0,0.0,0.0,52.0,26.1,16.5,0.0,0.0,0.0,0.0,0.0,0.0,0.0,0.0,0.0,0.0,none,no_axis_variation,,0.0,0.0,1237.9,26.03,103,36개 가정 전체에서 상위 10% 포함 여부가 바뀌지 않음
SC0053,용전경로당,경로당,4812125000,동읍,의창구,scenario_stable_non_high,0.0,0.0,0.0,0.0,0,0,0,0.0,0.0,0.0,0.0,0.0,0.0,0.0,0.0,0.0,0.0,0.0,0.0,0.0,0.0,0.0,0.0,none,no_axis_variation,,0.0,0.0,1584.0,0.0,0,36개 가정 전체에서 상위 10% 포함 여부가 바뀌지 않음
SC0054,용정1구 경로당,경로당,4812125000,동읍,의창구,scenario_stable_non_high,0.0,0.0,0.0,0.0,0,0,0,0.0,0.0,0.0,289.8,10.4,19.5,0.0,0.0,0.0,0.0,0.0,0.0,0.0,0.0,0.0,0.0,none,no_axis_variation,,0.0,0.0,1058.6,120.74,334,36개 가정 전체에서 상위 10% 포함 여부가 바뀌지 않음
SC0055,용정2구 경로당,경로당,4812125000,동읍,의창구,scenario_stable_non_high,0.0,0.0,0.0,0.0,0,0,0,0.0,0.0,0.0,453.6,34.1,14.8,0.0,0.0,0.0,0.0,0.0,0.0,0.0,0.0,0.0,0.0,none,no_axis_variation,,0.0,0.0,1165.6,174.89,498,36개 가정 전체에서 상위 10% 포함 여부가 바뀌지 않음
SC0056,용정3구경로당,경로당,4812125000,동읍,의창구,scenario_stable_non_high,0.0,0.0,0.0,0.0,0,0,0,0.0,0.0,0.0,207.4,14.8,18.5,0.0,0.0,0.0,0.0,0.0,0.0,0.0,0.0,0.0,0.0,none,no_axis_variation,,0.0,0.0,1107.6,81.03,241,36개 가정 전체에서 상위 10% 포함 여부가 바뀌지 않음
SC0057,원봉강 경로당,경로당,4812125000,동읍,의창구,scenario_stable_non_high,0.0,0.0,0.0,0.0,0,0,0,0.0,0.0,0.0,61.3,3.7,4.8,0.0,0.0,0.0,0.0,0.0,0.0,0.0,0.0,0.0,0.0,none,no_axis_variation,,0.0,0.0,1500.8,24.95,74,36개 가정 전체에서 상위 10% 포함 여부가 바뀌지 않음
SC0058,원창아파트 경로당,경로당,4812125000,동읍,의창구,scenario_stable_non_high,0.0,0.0,0.0,0.0,0,0,0,0.0,0.0,0.0,446.4,26.4,35.3,0.0,0.0,0.0,0.0,0.0,0.0,0.0,0.0,0.0,0.0,none,no_axis_variation,,0.0,0.0,662.5,164.01,497,36개 가정 전체에서 상위 10% 포함 여부가 바뀌지 않음
SC0059,월잠 경로당,경로당,4812125000,동읍,의창구,scenario_stable_non_high,0.0,0.0,0.0,0.0,0,0,0,0.0,0.0,0.0,73.8,16.4,19.3,0.0,0.0,0.0,0.0,0.0,0.0,0.0,0.0,0.0,0.0,none,no_axis_variation,,0.0,0.0,1127.1,29.26,114,36개 가정 전체에서 상위 10% 포함 여부가 바뀌지 않음
SC0060,이운 경로당,경로당,4812125000,동읍,의창구,scenario_stable_non_high,0.0,0.0,0.0,0.0,0,0,0,0.0,0.0,0.0,316.7,24.9,26.7,0.0,0.0,0.0,0.0,0.0,0.0,0.0,0.0,0.0,0.0,none,no_axis_variation,,0.0,0.0,804.0,131.93,366,36개 가정 전체에서 상위 10% 포함 여부가 바뀌지 않음
SC0061,전촌 경로당,경로당,4812125000,동읍,의창구,scenario_stable_non_high,0.0,0.0,0.0,0.0,0,0,0,0.0,0.0,0.0,114.7,2.7,6.5,0.0,0.0,0.0,0.0,0.0,0.0,0.0,0.0,0.0,0.0,none,no_axis_variation,,0.0,0.0,1483.7,46.48,127,36개 가정 전체에서 상위 10% 포함 여부가 바뀌지 않음
SC0062,죽동 경로당,경로당,4812125000,동읍,의창구,scenario_stable_non_high,0.0,0.0,0.0,0.0,0,0,0,0.0,0.0,0.0,7.6,0.0,1.7,0.0,0.0,0.0,0.0,0.0,0.0,0.0,0.0,0.0,0.0,none,no_axis_variation,,0.0,0.0,1544.9,3.25,9,36개 가정 전체에서 상위 10% 포함 여부가 바뀌지 않음
SC0063,칠성그린APT 경로당,경로당,4812125000,동읍,의창구,scenario_stable_non_high,0.0,0.0,0.0,0.0,0,0,0,0.0,0.0,0.0,255.1,14.9,19.0,0.0,0.0,0.0,0.0,0.0,0.0,0.0,0.0,0.0,0.0,none,no_axis_variation,,0.0,0.0,973.2,95.44,287,36개 가정 전체에서 상위 10% 포함 여부가 바뀌지 않음
SC0064,판신경로당,경로당,4812125000,동읍,의창구,scenario_stable_non_high,0.0,0.0,0.0,0.0,0,0,0,0.0,0.0,0.0,462.3,45.1,22.1,0.0,0.0,0.0,0.0,0.0,0.0,0.0,0.0,0.0,0.0,none,no_axis_variation,,0.0,0.0,936.6,190.03,528,36개 가정 전체에서 상위 10% 포함 여부가 바뀌지 않음
SC0065,합산 경로당,경로당,4812125000,동읍,의창구,scenario_stable_non_high,0.0,0.0,0.0,0.0,0,0,0,0.0,0.0,0.0,51.1,8.4,8.4,0.0,0.0,0.0,0.0,0.0,0.0,0.0,0.0,0.0,0.0,none,no_axis_variation,,0.0,0.0,1469.5,19.7,70,36개 가정 전체에서 상위 10% 포함 여부가 바뀌지 않음
SC0066,화목 경로당,경로당,4812125000,동읍,의창구,scenario_stable_non_high,0.0,0.0,0.0,0.0,0,0,0,0.0,0.0,0.0,89.6,9.0,4.8,0.0,0.0,0.0,0.0,0.0,0.0,0.0,0.0,0.0,0.0,none,no_axis_variation,,0.0,0.0,1420.9,33.73,105,36개 가정 전체에서 상위 10% 포함 여부가 바뀌지 않음
SC0067,가곡 경로당,경로당,4812125000,동읍,의창구,scenario_stable_non_high,0.0,0.0,0.0,0.0,0,0,0,0.0,0.0,0.0,11.9,11.3,2.3,0.0,0.0,0.0,0.0,0.0,0.0,0.0,0.0,0.0,0.0,none,no_axis_variation,,0.0,0.0,1529.3,7.1,25,36개 가정 전체에서 상위 10% 포함 여부가 바뀌지 않음
SC0068,용잠1구여성경로당,경로당,4812125000,동읍,의창구,scenario_stable_non_high,0.0,0.0,0.0,0.0,0,0,0,0.0,0.0,0.0,366.4,19.3,46.5,0.0,0.0,0.0,0.0,0.0,0.0,0.0,0.0,0.0,0.0,none,no_axis_variation,,0.0,0.0,551.9,144.23,435,36개 가정 전체에서 상위 10% 포함 여부가 바뀌지 않음
SC0069,STX칸1차아파트경로당,경로당,4812131000,북면,의창구,scenario_stable_non_high,0.0,0.0,0.0,0.0,0,0,0,0.0,0.0,0.0,81.2,32.0,18.0,0.0,0.0,0.0,0.0,0.0,0.0,0.0,0.0,0.0,0.0,none,no_axis_variation,,0.0,0.0,1021.7,35.24,127,36개 가정 전체에서 상위 10% 포함 여부가 바뀌지 않음
SC0070,감계아내1차아파트경로당,경로당,4812131000,북면,의창구,scenario_stable_non_high,0.0,0.0,0.0,0.0,0,0,0,0.0,0.0,0.0,471.8,18.7,23.3,0.0,0.0,0.0,0.0,0.0,0.0,0.0,0.0,0.0,0.0,none,no_axis_variation,,0.0,0.0,965.5,175.51,516,36개 가정 전체에서 상위 10% 포함 여부가 바뀌지 않음
SC0071,감계아내2차아파트경로당,경로당,4812131000,북면,의창구,scenario_stable_non_high,0.0,0.0,0.0,0.0,0,0,0,0.0,0.0,0.0,148.8,17.7,33.2,0.0,0.0,0.0,0.0,0.0,0.0,0.0,0.0,0.0,0.0,none,no_axis_variation,,0.0,0.0,757.8,57.77,214,36개 가정 전체에서 상위 10% 포함 여부가 바뀌지 않음
SC0072,감계푸르지오아파트경로당,경로당,4812131000,북면,의창구,scenario_stable_non_high,0.0,0.0,0.0,0.0,0,0,0,0.0,0.0,0.0,189.8,32.4,35.8,0.0,0.0,0.0,0.0,0.0,0.0,0.0,0.0,0.0,0.0,none,no_axis_variation,,0.0,0.0,724.3,80.04,260,36개 가정 전체에서 상위 10% 포함 여부가 바뀌지 않음
SC0073,감계휴먼빌경로당,경로당,4812131000,북면,의창구,scenario_stable_non_high,0.0,0.0,0.0,0.0,0,0,0,0.0,0.0,0.0,47.7,8.3,25.2,0.0,0.0,0.0,0.0,0.0,0.0,0.0,0.0,0.0,0.0,none,no_axis_variation,,0.0,0.0,882.7,22.98,86,36개 가정 전체에서 상위 10% 포함 여부가 바뀌지 않음
SC0074,감계힐스테이트1차아파트경로당,경로당,4812131000,북면,의창구,scenario_stable_non_high,0.0,0.0,0.0,0.0,0,0,0,0.0,0.0,0.0,174.4,8.5,28.2,0.0,0.0,0.0,0.0,0.0,0.0,0.0,0.0,0.0,0.0,none,no_axis_variation,,0.0,0.0,861.1,66.83,209,36개 가정 전체에서 상위 10% 포함 여부가 바뀌지 않음
SC0075,감계힐스테이트2차아파트경로당,경로당,4812131000,북면,의창구,scenario_stable_non_high,0.0,0.0,0.0,0.0,0,0,0,0.0,0.0,0.0,227.5,9.3,27.7,0.0,0.0,0.0,0.0,0.0,0.0,0.0,0.0,0.0,0.0,none,no_axis_variation,,0.0,0.0,858.6,89.01,274,36개 가정 전체에서 상위 10% 포함 여부가 바뀌지 않음
SC0076,감계힐스테이트3차아파트경로당,경로당,4812131000,북면,의창구,scenario_stable_non_high,0.0,0.0,0.0,0.0,0,0,0,0.0,0.0,0.0,337.0,23.3,32.3,0.0,0.0,0.0,0.0,0.0,0.0,0.0,0.0,0.0,0.0,none,no_axis_variation,,0.0,0.0,797.9,132.8,393,36개 가정 전체에서 상위 10% 포함 여부가 바뀌지 않음
SC0077,감계힐스테이트4차아파트경로당,경로당,4812131000,북면,의창구,scenario_stable_non_high,0.0,0.0,0.0,0.0,0,0,0,0.0,0.0,0.0,346.2,29.9,17.7,0.0,0.0,0.0,0.0,0.0,0.0,0.0,0.0,0.0,0.0,none,no_axis_variation,,0.0,0.0,1156.8,131.63,389,36개 가정 전체에서 상위 10% 포함 여부가 바뀌지 않음
SC0078,고암경로당,경로당,4812131000,북면,의창구,scenario_stable_non_high,0.0,0.0,0.0,0.0,0,0,0,0.0,0.0,0.0,0.0,0.0,0.0,0.0,0.0,0.0,0.0,0.0,0.0,0.0,0.0,0.0,0.0,none,no_axis_variation,,0.0,0.0,1584.0,0.0,0,36개 가정 전체에서 상위 10% 포함 여부가 바뀌지 않음
SC0079,남백경로당,경로당,4812131000,북면,의창구,scenario_stable_non_high,0.0,0.0,0.0,0.0,0,0,0,0.0,0.0,0.0,347.3,27.2,25.4,0.0,0.0,0.0,0.0,0.0,0.0,0.0,0.0,0.0,0.0,none,no_axis_variation,,0.0,0.0,887.9,139.07,400,36개 가정 전체에서 상위 10% 포함 여부가 바뀌지 않음
SC0080,내감경로당,경로당,4812131000,북면,의창구,scenario_stable_non_high,0.0,0.0,0.0,0.0,0,0,0,0.0,0.0,0.0,144.5,25.3,44.1,0.0,0.0,0.0,0.0,0.0,0.0,0.0,0.0,0.0,0.0,none,no_axis_variation,,0.0,0.0,552.0,64.47,211,36개 가정 전체에서 상위 10% 포함 여부가 바뀌지 않음
SC0081,내감부인경로당,경로당,4812131000,북면,의창구,scenario_stable_non_high,0.0,0.0,0.0,0.0,0,0,0,0.0,0.0,0.0,144.5,25.3,44.1,0.0,0.0,0.0,0.0,0.0,0.0,0.0,0.0,0.0,0.0,none,no_axis_variation,,0.0,0.0,552.0,64.47,211,36개 가정 전체에서 상위 10% 포함 여부가 바뀌지 않음
SC0082,내산경로당,경로당,4812131000,북면,의창구,scenario_stable_non_high,0.0,0.0,0.0,0.0,0,0,0,0.0,0.0,0.0,0.0,0.0,0.0,0.0,0.0,0.0,0.0,0.0,0.0,0.0,0.0,0.0,0.0,none,no_axis_variation,,0.0,0.0,1584.0,0.0,0,36개 가정 전체에서 상위 10% 포함 여부가 바뀌지 않음
SC0083,대천경로당,경로당,4812131000,북면,의창구,scenario_stable_non_high,0.0,0.0,0.0,0.0,0,0,0,0.0,0.0,0.0,238.2,6.6,36.2,0.0,0.0,0.0,0.0,0.0,0.0,0.0,0.0,0.0,0.0,none,no_axis_variation,,0.0,0.0,762.6,93.33,297,36개 가정 전체에서 상위 10% 포함 여부가 바뀌지 않음
SC0084,대한경로당,경로당,4812131000,북면,의창구,scenario_stable_non_high,0.0,0.0,0.0,0.0,0,0,0,0.0,0.0,0.0,17.0,0.5,1.7,0.0,0.0,0.0,0.0,0.0,0.0,0.0,0.0,0.0,0.0,none,no_axis_variation,,0.0,0.0,1535.8,7.15,19,36개 가정 전체에서 상위 10% 포함 여부가 바뀌지 않음
SC0085,대호아파트경로당,경로당,4812131000,북면,의창구,scenario_stable_non_high,0.0,0.0,0.0,0.0,0,0,0,0.0,0.0,0.0,46.3,23.8,7.5,0.0,0.0,0.0,0.0,0.0,0.0,0.0,0.0,0.0,0.0,none,no_axis_variation,,0.0,0.0,1450.7,22.04,82,36개 가정 전체에서 상위 10% 포함 여부가 바뀌지 않음
SC0086,동전경로당,경로당,4812131000,북면,의창구,scenario_stable_non_high,0.0,0.0,0.0,0.0,0,0,0,0.0,0.0,0.0,214.1,35.5,48.0,0.0,0.0,0.0,0.0,0.0,0.0,0.0,0.0,0.0,0.0,none,no_axis_variation,,0.0,0.0,611.9,91.08,300,36개 가정 전체에서 상위 10% 포함 여부가 바뀌지 않음
SC0087,마산경로당,경로당,4812131000,북면,의창구,scenario_stable_non_high,0.0,0.0,0.0,0.0,0,0,0,0.0,0.0,0.0,499.9,34.6,21.1,0.0,0.0,0.0,0.0,0.0,0.0,0.0,0.0,0.0,0.0,none,no_axis_variation,,0.0,0.0,984.0,183.32,558,36개 가정 전체에서 상위 10% 포함 여부가 바뀌지 않음
SC0088,마산부인경로당,경로당,4812131000,북면,의창구,scenario_stable_non_high,0.0,0.0,0.0,0.0,0,0,0,0.0,0.0,0.0,448.3,37.3,22.2,0.0,0.0,0.0,0.0,0.0,0.0,0.0,0.0,0.0,0.0,none,no_axis_variation,,0.0,0.0,994.7,163.7,504,36개 가정 전체에서 상위 10% 포함 여부가 바뀌지 않음
SC0089,명촌경로당,경로당,4812131000,북면,의창구,scenario_stable_non_high,0.0,0.0,0.0,0.0,0,0,0,0.0,0.0,0.0,0.0,0.0,0.0,0.0,0.0,0.0,0.0,0.0,0.0,0.0,0.0,0.0,0.0,none,no_axis_variation,,0.0,0.0,1584.0,0.0,0,36개 가정 전체에서 상위 10% 포함 여부가 바뀌지 않음
SC0090,명호경로당,경로당,4812131000,북면,의창구,scenario_stable_non_high,0.0,0.0,0.0,0.0,0,0,0,0.0,0.0,0.0,120.6,49.6,41.6,0.0,0.0,0.0,0.0,0.0,0.0,0.0,0.0,0.0,0.0,none,no_axis_variation,,0.0,0.0,384.2,53.26,209,36개 가정 전체에서 상위 10% 포함 여부가 바뀌지 않음
SC0092,무동코아루파크아파트경로당,경로당,4812131000,북면,의창구,scenario_stable_non_high,0.0,0.0,0.0,0.0,0,0,0,0.0,0.0,0.0,86.5,3.8,8.7,0.0,0.0,0.0,0.0,0.0,0.0,0.0,0.0,0.0,0.0,none,no_axis_variation,,0.0,0.0,1460.0,36.41,101,36개 가정 전체에서 상위 10% 포함 여부가 바뀌지 않음
SC0093,무동휴먼빌1단지아파트경로당,경로당,4812131000,북면,의창구,scenario_stable_non_high,0.0,0.0,0.0,0.0,0,0,0,0.0,0.0,0.0,132.3,13.3,8.5,0.0,0.0,0.0,0.0,0.0,0.0,0.0,0.0,0.0,0.0,none,no_axis_variation,,0.0,0.0,1313.9,56.54,156,36개 가정 전체에서 상위 10% 포함 여부가 바뀌지 않음
SC0094,무동휴먼빌2단지아파트경로당,경로당,4812131000,북면,의창구,scenario_stable_non_high,0.0,0.0,0.0,0.0,0,0,0,0.0,0.0,0.0,55.8,15.7,15.3,0.0,0.0,0.0,0.0,0.0,0.0,0.0,0.0,0.0,0.0,none,no_axis_variation,,0.0,0.0,1239.7,23.47,86,36개 가정 전체에서 상위 10% 포함 여부가 바뀌지 않음
SC0095,무동휴먼빌3단지아파트경로당,경로당,4812131000,북면,의창구,scenario_stable_non_high,0.0,0.0,0.0,0.0,0,0,0,0.0,0.0,0.0,226.1,10.9,10.1,0.0,0.0,0.0,0.0,0.0,0.0,0.0,0.0,0.0,0.0,none,no_axis_variation,,0.0,0.0,1343.0,96.2,259,36개 가정 전체에서 상위 10% 포함 여부가 바뀌지 않음
SC0096,바깥신천경로당,경로당,4812131000,북면,의창구,scenario_stable_non_high,0.0,0.0,0.0,0.0,0,0,0,0.0,0.0,0.0,0.0,0.0,0.0,0.0,0.0,0.0,0.0,0.0,0.0,0.0,0.0,0.0,0.0,none,no_axis_variation,,0.0,0.0,1584.0,0.0,0,36개 가정 전체에서 상위 10% 포함 여부가 바뀌지 않음
SC0097,북면갈전경로당,경로당,4812131000,북면,의창구,scenario_stable_non_high,0.0,0.0,0.0,0.0,0,0,0,0.0,0.0,0.0,26.4,0.8,2.0,0.0,0.0,0.0,0.0,0.0,0.0,0.0,0.0,0.0,0.0,none,no_axis_variation,,0.0,0.0,1530.3,9.93,29,36개 가정 전체에서 상위 10% 포함 여부가 바뀌지 않음
SC0098,북면경로당,경로당,4812131000,북면,의창구,scenario_stable_non_high,0.0,0.0,0.0,0.0,0,0,0,0.0,0.0,0.0,40.4,3.8,5.1,0.0,0.0,0.0,0.0,0.0,0.0,0.0,0.0,0.0,0.0,none,no_axis_variation,,0.0,0.0,1512.8,16.13,51,36개 가정 전체에서 상위 10% 포함 여부가 바뀌지 않음
SC0099,상천(봉촌)경로당,경로당,4812131000,북면,의창구,scenario_stable_non_high,0.0,0.0,0.0,0.0,0,0,0,0.0,0.0,0.0,0.0,0.0,0.0,0.0,0.0,0.0,0.0,0.0,0.0,0.0,0.0,0.0,0.0,none,no_axis_variation,,0.0,0.0,1584.0,0.0,0,36개 가정 전체에서 상위 10% 포함 여부가 바뀌지 않음
SC0100,센텀파라디아아파트경로당,경로당,4812131000,북면,의창구,scenario_stable_non_high,0.0,0.0,0.0,0.0,0,0,0,0.0,0.0,0.0,111.0,3.1,8.6,0.0,0.0,0.0,0.0,0.0,0.0,0.0,0.0,0.0,0.0,none,no_axis_variation,,0.0,0.0,1355.4,44.49,124,36개 가정 전체에서 상위 10% 포함 여부가 바뀌지 않음
SC0101,소라경로당,경로당,4812131000,북면,의창구,scenario_stable_non_high,0.0,0.0,0.0,0.0,0,0,0,0.0,0.0,0.0,118.2,25.7,36.0,0.0,0.0,0.0,0.0,0.0,0.0,0.0,0.0,0.0,0.0,none,no_axis_variation,,0.0,0.0,739.3,47.25,180,36개 가정 전체에서 상위 10% 포함 여부가 바뀌지 않음
SC0102,송촌경로당,경로당,4812131000,북면,의창구,scenario_stable_non_high,0.0,0.0,0.0,0.0,0,0,0,0.0,0.0,0.0,294.1,12.9,9.6,0.0,0.0,0.0,0.0,0.0,0.0,0.0,0.0,0.0,0.0,none,no_axis_variation,,0.0,0.0,1396.8,118.74,320,36개 가정 전체에서 상위 10% 포함 여부가 바뀌지 않음
SC0103,승산경로당,경로당,4812131000,북면,의창구,scenario_stable_non_high,0.0,0.0,0.0,0.0,0,0,0,0.0,0.0,0.0,0.0,0.0,0.0,0.0,0.0,0.0,0.0,0.0,0.0,0.0,0.0,0.0,0.0,none,no_axis_variation,,0.0,0.0,1584.0,0.0,0,36개 가정 전체에서 상위 10% 포함 여부가 바뀌지 않음
SC0104,신기경로당,경로당,4812131000,북면,의창구,scenario_stable_non_high,0.0,0.0,0.0,0.0,0,0,0,0.0,0.0,0.0,9.8,0.2,0.5,0.0,0.0,0.0,0.0,0.0,0.0,0.0,0.0,0.0,0.0,none,no_axis_variation,,0.0,0.0,1547.1,3.73,10,36개 가정 전체에서 상위 10% 포함 여부가 바뀌지 않음
SC0105,신동경로당,경로당,4812131000,북면,의창구,scenario_stable_non_high,0.0,0.0,0.0,0.0,0,0,0,0.0,0.0,0.0,152.7,55.3,19.0,0.0,0.0,0.0,0.0,0.0,0.0,0.0,0.0,0.0,0.0,none,no_axis_variation,,0.0,0.0,968.6,61.41,239,36개 가정 전체에서 상위 10% 포함 여부가 바뀌지 않음
SC0106,신리경로당,경로당,4812131000,북면,의창구,scenario_stable_non_high,0.0,0.0,0.0,0.0,0,0,0,0.0,0.0,0.0,75.2,15.2,8.5,0.0,0.0,0.0,0.0,0.0,0.0,0.0,0.0,0.0,0.0,none,no_axis_variation,,0.0,0.0,1462.5,31.6,93,36개 가정 전체에서 상위 10% 포함 여부가 바뀌지 않음
SC0107,신리부녀경로당,경로당,4812131000,북면,의창구,scenario_stable_non_high,0.0,0.0,0.0,0.0,0,0,0,0.0,0.0,0.0,57.4,18.8,8.8,0.0,0.0,0.0,0.0,0.0,0.0,0.0,0.0,0.0,0.0,none,no_axis_variation,,0.0,0.0,1461.8,23.15,79,36개 가정 전체에서 상위 10% 포함 여부가 바뀌지 않음
SC0108,신목경로당,경로당,4812131000,북면,의창구,scenario_stable_non_high,0.0,0.0,0.0,0.0,0,0,0,0.0,0.0,0.0,415.8,11.9,9.9,0.0,0.0,0.0,0.0,0.0,0.0,0.0,0.0,0.0,0.0,none,no_axis_variation,,0.0,0.0,1351.1,173.56,446,36개 가정 전체에서 상위 10% 포함 여부가 바뀌지 않음
SC0109,신우경로당,경로당,4812131000,북면,의창구,scenario_stable_non_high,0.0,0.0,0.0,0.0,0,0,0,0.0,0.0,0.0,84.5,14.0,6.1,0.0,0.0,0.0,0.0,0.0,0.0,0.0,0.0,0.0,0.0,none,no_axis_variation,,0.0,0.0,1495.3,33.44,99,36개 가정 전체에서 상위 10% 포함 여부가 바뀌지 않음
SC0110,신음경로당,경로당,4812131000,북면,의창구,scenario_stable_non_high,0.0,0.0,0.0,0.0,0,0,0,0.0,0.0,0.0,447.4,27.0,44.1,0.0,0.0,0.0,0.0,0.0,0.0,0.0,0.0,0.0,0.0,none,no_axis_variation,,0.0,0.0,509.3,183.77,509,36개 가정 전체에서 상위 10% 포함 여부가 바뀌지 않음
SC0111,신천경로당,경로당,4812131000,북면,의창구,scenario_stable_non_high,0.0,0.0,0.0,0.0,0,0,0,0.0,0.0,0.0,0.0,0.0,0.0,0.0,0.0,0.0,0.0,0.0,0.0,0.0,0.0,0.0,0.0,none,no_axis_variation,,0.0,0.0,1584.0,0.0,0,36개 가정 전체에서 상위 10% 포함 여부가 바뀌지 않음
SC0112,신한1차아파트경로당,경로당,4812131000,북면,의창구,scenario_stable_non_high,0.0,0.0,0.0,0.0,0,0,0,0.0,0.0,0.0,21.7,0.7,1.5,0.0,0.0,0.0,0.0,0.0,0.0,0.0,0.0,0.0,0.0,none,no_axis_variation,,0.0,0.0,1533.6,8.7,23,36개 가정 전체에서 상위 10% 포함 여부가 바뀌지 않음
SC0113,신한2차아파트경로당,경로당,4812131000,북면,의창구,scenario_stable_non_high,0.0,0.0,0.0,0.0,0,0,0,0.0,0.0,0.0,49.5,5.0,5.4,0.0,0.0,0.0,0.0,0.0,0.0,0.0,0.0,0.0,0.0,none,no_axis_variation,,0.0,0.0,1508.9,20.39,60,36개 가정 전체에서 상위 10% 포함 여부가 바뀌지 않음
SC0114,양지경로당,경로당,4812131000,북면,의창구,scenario_stable_non_high,0.0,0.0,0.0,0.0,0,0,0,0.0,0.0,0.0,0.0,0.0,0.0,0.0,0.0,0.0,0.0,0.0,0.0,0.0,0.0,0.0,0.0,none,no_axis_variation,,0.0,0.0,1584.0,0.0,0,36개 가정 전체에서 상위 10% 포함 여부가 바뀌지 않음
SC0115,양촌경로당,경로당,4812131000,북면,의창구,scenario_stable_non_high,0.0,0.0,0.0,0.0,0,0,0,0.0,0.0,0.0,201.5,24.8,35.8,0.0,0.0,0.0,0.0,0.0,0.0,0.0,0.0,0.0,0.0,none,no_axis_variation,,0.0,0.0,700.7,75.93,268,36개 가정 전체에서 상위 10% 포함 여부가 바뀌지 않음
SC0116,연동경로당,경로당,4812131000,북면,의창구,scenario_stable_non_high,0.0,0.0,0.0,0.0,0,0,0,0.0,0.0,0.0,27.9,9.0,6.1,0.0,0.0,0.0,0.0,0.0,0.0,0.0,0.0,0.0,0.0,none,no_axis_variation,,0.0,0.0,1400.9,13.15,44,36개 가정 전체에서 상위 10% 포함 여부가 바뀌지 않음
SC0117,온천남자경로당,경로당,4812131000,북면,의창구,scenario_stable_non_high,0.0,0.0,0.0,0.0,0,0,0,0.0,0.0,0.0,40.4,3.8,5.1,0.0,0.0,0.0,0.0,0.0,0.0,0.0,0.0,0.0,0.0,none,no_axis_variation,,0.0,0.0,1512.8,16.13,51,36개 가정 전체에서 상위 10% 포함 여부가 바뀌지 않음
SC0118,온천부녀경로당,경로당,4812131000,북면,의창구,scenario_stable_non_high,0.0,0.0,0.0,0.0,0,0,0,0.0,0.0,0.0,40.4,3.8,5.1,0.0,0.0,0.0,0.0,0.0,0.0,0.0,0.0,0.0,0.0,none,no_axis_variation,,0.0,0.0,1512.8,16.13,51,36개 가정 전체에서 상위 10% 포함 여부가 바뀌지 않음
SC0119,외감경로당,경로당,4812131000,북면,의창구,scenario_stable_non_high,0.0,0.0,0.0,0.0,0,0,0,0.0,0.0,0.0,5.0,0.0,0.0,0.0,0.0,0.0,0.0,0.0,0.0,0.0,0.0,0.0,0.0,none,no_axis_variation,,0.0,0.0,1555.2,2.2,5,36개 가정 전체에서 상위 10% 포함 여부가 바뀌지 않음
SC0120,외감부인경로당,경로당,4812131000,북면,의창구,scenario_stable_non_high,0.0,0.0,0.0,0.0,0,0,0,0.0,0.0,0.0,5.0,0.0,0.0,0.0,0.0,0.0,0.0,0.0,0.0,0.0,0.0,0.0,0.0,none,no_axis_variation,,0.0,0.0,1555.2,2.2,5,36개 가정 전체에서 상위 10% 포함 여부가 바뀌지 않음
SC0121,월계경로당,경로당,4812131000,북면,의창구,scenario_stable_non_high,0.0,0.0,0.0,0.0,0,0,0,0.0,0.0,0.0,423.5,27.1,20.8,0.0,0.0,0.0,0.0,0.0,0.0,0.0,0.0,0.0,0.0,none,no_axis_variation,,0.0,0.0,1079.0,165.33,463,36개 가정 전체에서 상위 10% 포함 여부가 바뀌지 않음
SC0122,월백경로당,경로당,4812131000,북면,의창구,scenario_stable_non_high,0.0,0.0,0.0,0.0,0,0,0,0.0,0.0,0.0,118.2,25.7,36.0,0.0,0.0,0.0,0.0,0.0,0.0,0.0,0.0,0.0,0.0,none,no_axis_variation,,0.0,0.0,739.3,47.25,180,36개 가정 전체에서 상위 10% 포함 여부가 바뀌지 않음
SC0123,월백부녀경로당,경로당,4812131000,북면,의창구,scenario_stable_non_high,0.0,0.0,0.0,0.0,0,0,0,0.0,0.0,0.0,118.2,25.7,36.0,0.0,0.0,0.0,0.0,0.0,0.0,0.0,0.0,0.0,0.0,none,no_axis_variation,,0.0,0.0,739.3,47.25,180,36개 가정 전체에서 상위 10% 포함 여부가 바뀌지 않음
SC0124,월촌경로당,경로당,4812131000,북면,의창구,scenario_stable_non_high,0.0,0.0,0.0,0.0,0,0,0,0.0,0.0,0.0,159.0,21.3,36.8,0.0,0.0,0.0,0.0,0.0,0.0,0.0,0.0,0.0,0.0,none,no_axis_variation,,0.0,0.0,760.7,62.35,212,36개 가정 전체에서 상위 10% 포함 여부가 바뀌지 않음
SC0125,중리경로당,경로당,4812131000,북면,의창구,scenario_stable_non_high,0.0,0.0,0.0,0.0,0,0,0,0.0,0.0,0.0,37.0,6.6,14.6,0.0,0.0,0.0,0.0,0.0,0.0,0.0,0.0,0.0,0.0,none,no_axis_variation,,0.0,0.0,1230.6,20.04,72,36개 가정 전체에서 상위 10% 포함 여부가 바뀌지 않음
SC0126,중방경로당,경로당,4812131000,북면,의창구,scenario_stable_non_high,0.0,0.0,0.0,0.0,0,0,0,0.0,0.0,0.0,66.7,36.9,44.7,0.0,0.0,0.0,0.0,0.0,0.0,0.0,0.0,0.0,0.0,none,no_axis_variation,,0.0,0.0,416.0,36.4,149,36개 가정 전체에서 상위 10% 포함 여부가 바뀌지 않음
SC0127,중촌경로당,경로당,4812131000,북면,의창구,scenario_stable_non_high,0.0,0.0,0.0,0.0,0,0,0,0.0,0.0,0.0,209.5,23.8,10.7,0.0,0.0,0.0,0.0,0.0,0.0,0.0,0.0,0.0,0.0,none,no_axis_variation,,0.0,0.0,1329.6,85.26,251,36개 가정 전체에서 상위 10% 포함 여부가 바뀌지 않음
SC0128,지개경로당,경로당,4812131000,북면,의창구,scenario_stable_non_high,0.0,0.0,0.0,0.0,0,0,0,0.0,0.0,0.0,20.7,0.5,1.5,0.0,0.0,0.0,0.0,0.0,0.0,0.0,0.0,0.0,0.0,none,no_axis_variation,,0.0,0.0,1534.8,8.72,22,36개 가정 전체에서 상위 10% 포함 여부가 바뀌지 않음
SC0129,천수림아파트경로당,경로당,4812131000,북면,의창구,scenario_stable_non_high,0.0,0.0,0.0,0.0,0,0,0,0.0,0.0,0.0,119.1,37.9,49.2,0.0,0.0,0.0,0.0,0.0,0.0,0.0,0.0,0.0,0.0,none,no_axis_variation,,0.0,0.0,596.0,54.28,200,36개 가정 전체에서 상위 10% 포함 여부가 바뀌지 않음
SC0130,청우아파트경로당,경로당,4812131000,북면,의창구,scenario_stable_non_high,0.0,0.0,0.0,0.0,0,0,0,0.0,0.0,0.0,77.8,14.1,6.3,0.0,0.0,0.0,0.0,0.0,0.0,0.0,0.0,0.0,0.0,none,no_axis_variation,,0.0,0.0,1489.5,31.32,97,36개 가정 전체에서 상위 10% 포함 여부가 바뀌지 않음
SC0131,초소경로당,경로당,4812131000,북면,의창구,scenario_stable_non_high,0.0,0.0,0.0,0.0,0,0,0,0.0,0.0,0.0,0.0,0.0,0.0,0.0,0.0,0.0,0.0,0.0,0.0,0.0,0.0,0.0,0.0,none,no_axis_variation,,0.0,0.0,1584.0,0.0,0,36개 가정 전체에서 상위 10% 포함 여부가 바뀌지 않음
SC0132,춘광1차아파트경로당,경로당,4812131000,북면,의창구,scenario_stable_non_high,0.0,0.0,0.0,0.0,0,0,0,0.0,0.0,0.0,55.7,4.5,5.9,0.0,0.0,0.0,0.0,0.0,0.0,0.0,0.0,0.0,0.0,none,no_axis_variation,,0.0,0.0,1505.8,22.53,66,36개 가정 전체에서 상위 10% 포함 여부가 바뀌지 않음
SC0133,춘광2차아파트경로당,경로당,4812131000,북면,의창구,scenario_stable_non_high,0.0,0.0,0.0,0.0,0,0,0,0.0,0.0,0.0,91.8,6.5,6.2,0.0,0.0,0.0,0.0,0.0,0.0,0.0,0.0,0.0,0.0,none,no_axis_variation,,0.0,0.0,1491.7,36.03,99,36개 가정 전체에서 상위 10% 포함 여부가 바뀌지 않음
SC0134,춘광마을경로당,경로당,4812131000,북면,의창구,scenario_stable_non_high,0.0,0.0,0.0,0.0,0,0,0,0.0,0.0,0.0,54.7,5.0,5.9,0.0,0.0,0.0,0.0,0.0,0.0,0.0,0.0,0.0,0.0,none,no_axis_variation,,0.0,0.0,1504.1,21.94,65,36개 가정 전체에서 상위 10% 포함 여부가 바뀌지 않음
SC0135,하천(대촌)경로당,경로당,4812131000,북면,의창구,scenario_stable_non_high,0.0,0.0,0.0,0.0,0,0,0,0.0,0.0,0.0,46.2,5.3,8.6,0.0,0.0,0.0,0.0,0.0,0.0,0.0,0.0,0.0,0.0,none,no_axis_variation,,0.0,0.0,1483.5,18.7,55,36개 가정 전체에서 상위 10% 포함 여부가 바뀌지 않음
SC0136,현도경로당,경로당,4812131000,북면,의창구,scenario_stable_non_high,0.0,0.0,0.0,0.0,0,0,0,0.0,0.0,0.0,0.0,0.0,0.0,0.0,0.0,0.0,0.0,0.0,0.0,0.0,0.0,0.0,0.0,none,no_axis_variation,,0.0,0.0,1584.0,0.0,0,36개 가정 전체에서 상위 10% 포함 여부가 바뀌지 않음
SC0137,현천노인당,경로당,4812131000,북면,의창구,scenario_stable_non_high,0.0,0.0,0.0,0.0,0,0,0,0.0,0.0,0.0,71.5,7.7,6.3,0.0,0.0,0.0,0.0,0.0,0.0,0.0,0.0,0.0,0.0,none,no_axis_variation,,0.0,0.0,1446.5,30.25,86,36개 가정 전체에서 상위 10% 포함 여부가 바뀌지 않음
SC0138,화천경로당,경로당,4812131000,북면,의창구,scenario_stable_non_high,0.0,0.0,0.0,0.0,0,0,0,0.0,0.0,0.0,295.8,22.9,19.9,0.0,0.0,0.0,0.0,0.0,0.0,0.0,0.0,0.0,0.0,none,no_axis_variation,,0.0,0.0,958.2,111.1,340,36개 가정 전체에서 상위 10% 포함 여부가 바뀌지 않음
SC0139,화천부녀경로당,경로당,4812131000,북면,의창구,scenario_stable_non_high,0.0,0.0,0.0,0.0,0,0,0,0.0,0.0,0.0,295.8,22.9,19.9,0.0,0.0,0.0,0.0,0.0,0.0,0.0,0.0,0.0,0.0,none,no_axis_variation,,0.0,0.0,958.2,111.1,340,36개 가정 전체에서 상위 10% 포함 여부가 바뀌지 않음
SC0140,동전월드메르디앙아파트경로당,경로당,4812131000,북면,의창구,scenario_stable_non_high,0.0,0.0,0.0,0.0,0,0,0,0.0,0.0,0.0,169.9,45.0,40.7,0.0,0.0,0.0,0.0,0.0,0.0,0.0,0.0,0.0,0.0,none,no_axis_variation,,0.0,0.0,406.0,69.38,250,36개 가정 전체에서 상위 10% 포함 여부가 바뀌지 않음
SC0141,신전경로당,경로당,4812132000,대산면,의창구,scenario_stable_non_high,0.0,0.0,0.0,0.0,0,0,0,0.0,0.0,0.0,54.3,3.8,7.8,0.0,0.0,0.0,0.0,0.0,0.0,0.0,0.0,0.0,0.0,none,no_axis_variation,,0.0,0.0,1484.1,23.38,65,36개 가정 전체에서 상위 10% 포함 여부가 바뀌지 않음
SC0142,상리경로당,경로당,4812132000,대산면,의창구,scenario_stable_non_high,0.0,0.0,0.0,0.0,0,0,0,0.0,0.0,0.0,147.6,39.0,13.7,0.0,0.0,0.0,0.0,0.0,0.0,0.0,0.0,0.0,0.0,none,no_axis_variation,,0.0,0.0,1235.6,59.51,190,36개 가정 전체에서 상위 10% 포함 여부가 바뀌지 않음
SC0143,갈전경로당,경로당,4812132000,대산면,의창구,scenario_stable_non_high,0.0,0.0,0.0,0.0,0,0,0,0.0,0.0,0.0,279.1,39.4,19.7,0.0,0.0,0.0,0.0,0.0,0.0,0.0,0.0,0.0,0.0,none,no_axis_variation,,0.0,0.0,981.1,106.75,325,36개 가정 전체에서 상위 10% 포함 여부가 바뀌지 않음
SC0144,갈전부인경로당,경로당,4812132000,대산면,의창구,scenario_stable_non_high,0.0,0.0,0.0,0.0,0,0,0,0.0,0.0,0.0,370.3,40.4,26.4,0.0,0.0,0.0,0.0,0.0,0.0,0.0,0.0,0.0,0.0,none,no_axis_variation,,0.0,0.0,876.8,144.31,430,36개 가정 전체에서 상위 10% 포함 여부가 바뀌지 않음
SC0145,평리경로당,경로당,4812132000,대산면,의창구,scenario_stable_non_high,0.0,0.0,0.0,0.0,0,0,0,0.0,0.0,0.0,370.3,40.4,26.4,0.0,0.0,0.0,0.0,0.0,0.0,0.0,0.0,0.0,0.0,none,no_axis_variation,,0.0,0.0,876.8,144.31,430,36개 가정 전체에서 상위 10% 포함 여부가 바뀌지 않음
SC0146,송정경로당,경로당,4812132000,대산면,의창구,scenario_stable_non_high,0.0,0.0,0.0,0.0,0,0,0,0.0,0.0,0.0,380.4,31.0,18.7,0.0,0.0,0.0,0.0,0.0,0.0,0.0,0.0,0.0,0.0,none,no_axis_variation,,0.0,0.0,1054.8,154.9,432,36개 가정 전체에서 상위 10% 포함 여부가 바뀌지 않음
SC0147,유목경로당,경로당,4812132000,대산면,의창구,scenario_stable_non_high,0.0,0.0,0.0,0.0,0,0,0,0.0,0.0,0.0,256.4,40.2,19.2,0.0,0.0,0.0,0.0,0.0,0.0,0.0,0.0,0.0,0.0,none,no_axis_variation,,0.0,0.0,981.2,98.99,309,36개 가정 전체에서 상위 10% 포함 여부가 바뀌지 않음
SC0148,일동경로당,경로당,4812132000,대산면,의창구,scenario_stable_non_high,0.0,0.0,0.0,0.0,0,0,0,0.0,0.0,0.0,447.5,41.4,23.4,0.0,0.0,0.0,0.0,0.0,0.0,0.0,0.0,0.0,0.0,none,no_axis_variation,,0.0,0.0,863.2,168.59,506,36개 가정 전체에서 상위 10% 포함 여부가 바뀌지 않음
SC0149,일동부인경로당,경로당,4812132000,대산면,의창구,scenario_stable_non_high,0.0,0.0,0.0,0.0,0,0,0,0.0,0.0,0.0,447.5,41.4,23.4,0.0,0.0,0.0,0.0,0.0,0.0,0.0,0.0,0.0,0.0,none,no_axis_variation,,0.0,0.0,863.2,168.59,506,36개 가정 전체에서 상위 10% 포함 여부가 바뀌지 않음
SC0150,구산경로당,경로당,4812132000,대산면,의창구,scenario_stable_non_high,0.0,0.0,0.0,0.0,0,0,0,0.0,0.0,0.0,0.0,0.0,0.0,0.0,0.0,0.0,0.0,0.0,0.0,0.0,0.0,0.0,0.0,none,no_axis_variation,,0.0,0.0,1584.0,0.0,0,36개 가정 전체에서 상위 10% 포함 여부가 바뀌지 않음
SC0151,당리경로당,경로당,4812132000,대산면,의창구,scenario_stable_non_high,0.0,0.0,0.0,0.0,0,0,0,0.0,0.0,0.0,30.0,11.5,9.3,0.0,0.0,0.0,0.0,0.0,0.0,0.0,0.0,0.0,0.0,none,no_axis_variation,,0.0,0.0,1426.0,13.86,53,36개 가정 전체에서 상위 10% 포함 여부가 바뀌지 않음
SC0152,신성경로당,경로당,4812132000,대산면,의창구,scenario_stable_non_high,0.0,0.0,0.0,0.0,0,0,0,0.0,0.0,0.0,24.7,11.5,8.2,0.0,0.0,0.0,0.0,0.0,0.0,0.0,0.0,0.0,0.0,none,no_axis_variation,,0.0,0.0,1429.9,11.58,47,36개 가정 전체에서 상위 10% 포함 여부가 바뀌지 않음
SC0153,수성경로당,경로당,4812132000,대산면,의창구,scenario_stable_non_high,0.0,0.0,0.0,0.0,0,0,0,0.0,0.0,0.0,19.4,1.4,3.0,0.0,0.0,0.0,0.0,0.0,0.0,0.0,0.0,0.0,0.0,none,no_axis_variation,,0.0,0.0,1527.3,7.48,23,36개 가정 전체에서 상위 10% 포함 여부가 바뀌지 않음
SC0154,북모산경로당,경로당,4812132000,대산면,의창구,scenario_stable_non_high,0.0,0.0,0.0,0.0,0,0,0,0.0,0.0,0.0,382.4,31.6,31.1,0.0,0.0,0.0,0.0,0.0,0.0,0.0,0.0,0.0,0.0,none,no_axis_variation,,0.0,0.0,737.3,156.71,453,36개 가정 전체에서 상위 10% 포함 여부가 바뀌지 않음
SC0155,남모산경로당,경로당,4812132000,대산면,의창구,scenario_stable_non_high,0.0,0.0,0.0,0.0,0,0,0,0.0,0.0,0.0,447.8,41.9,38.2,0.0,0.0,0.0,0.0,0.0,0.0,0.0,0.0,0.0,0.0,none,no_axis_variation,,0.0,0.0,695.5,173.48,518,36개 가정 전체에서 상위 10% 포함 여부가 바뀌지 않음
SC0156,송등경로당,경로당,4812132000,대산면,의창구,scenario_stable_non_high,0.0,0.0,0.0,0.0,0,0,0,0.0,0.0,0.0,100.2,16.4,9.8,0.0,0.0,0.0,0.0,0.0,0.0,0.0,0.0,0.0,0.0,none,no_axis_variation,,0.0,0.0,1364.5,37.23,133,36개 가정 전체에서 상위 10% 포함 여부가 바뀌지 않음
SC0165,백양경로당,경로당,4812132000,대산면,의창구,scenario_stable_non_high,0.0,0.0,0.0,0.0,0,0,0,0.0,0.0,0.0,413.0,39.2,18.7,0.0,0.0,0.0,0.0,0.0,0.0,0.0,0.0,0.0,0.0,none,no_axis_variation,,0.0,0.0,1128.6,165.84,465,36개 가정 전체에서 상위 10% 포함 여부가 바뀌지 않음
SC0166,주남경로당,경로당,4812132000,대산면,의창구,scenario_stable_non_high,0.0,0.0,0.0,0.0,0,0,0,0.0,0.0,0.0,267.9,44.2,36.7,0.0,0.0,0.0,0.0,0.0,0.0,0.0,0.0,0.0,0.0,none,no_axis_variation,,0.0,0.0,714.9,109.09,350,36개 가정 전체에서 상위 10% 포함 여부가 바뀌지 않음
SC0167,대방경로당,경로당,4812132000,대산면,의창구,scenario_stable_non_high,0.0,0.0,0.0,0.0,0,0,0,0.0,0.0,0.0,309.2,34.6,31.9,0.0,0.0,0.0,0.0,0.0,0.0,0.0,0.0,0.0,0.0,none,no_axis_variation,,0.0,0.0,829.2,130.13,381,36개 가정 전체에서 상위 10% 포함 여부가 바뀌지 않음
SC0168,대방여성경로당,경로당,4812132000,대산면,의창구,scenario_stable_non_high,0.0,0.0,0.0,0.0,0,0,0,0.0,0.0,0.0,140.6,10.1,7.4,0.0,0.0,0.0,0.0,0.0,0.0,0.0,0.0,0.0,0.0,none,no_axis_variation,,0.0,0.0,1450.7,58.37,161,36개 가정 전체에서 상위 10% 포함 여부가 바뀌지 않음
SC0169,제동경로당,경로당,4812132000,대산면,의창구,scenario_stable_non_high,0.0,0.0,0.0,0.0,0,0,0,0.0,0.0,0.0,499.3,8.9,34.0,0.0,0.0,0.0,0.0,0.0,0.0,0.0,0.0,0.0,0.0,none,no_axis_variation,,0.0,0.0,377.6,202.9,531,36개 가정 전체에서 상위 10% 포함 여부가 바뀌지 않음
SC0174,상포부녀경로당,경로당,4812132000,대산면,의창구,scenario_stable_non_high,0.0,0.0,0.0,0.0,0,0,0,0.0,0.0,0.0,56.7,29.2,44.0,0.0,0.0,0.0,0.0,0.0,0.0,0.0,0.0,0.0,0.0,none,no_axis_variation,,0.0,0.0,428.4,30.96,135,36개 가정 전체에서 상위 10% 포함 여부가 바뀌지 않음
SC0178,우암마을경로당,경로당,4812132000,대산면,의창구,scenario_stable_non_high,0.0,0.0,0.0,0.0,0,0,0,0.0,0.0,0.0,472.0,8.8,10.9,0.0,0.0,0.0,0.0,0.0,0.0,0.0,0.0,0.0,0.0,none,no_axis_variation,,0.0,0.0,1343.1,198.7,498,36개 가정 전체에서 상위 10% 포함 여부가 바뀌지 않음
SC0179,덕현경로당,경로당,4812132000,대산면,의창구,scenario_stable_non_high,0.0,0.0,0.0,0.0,0,0,0,0.0,0.0,0.0,60.3,8.6,7.2,0.0,0.0,0.0,0.0,0.0,0.0,0.0,0.0,0.0,0.0,none,no_axis_variation,,0.0,0.0,1464.2,24.61,74,36개 가정 전체에서 상위 10% 포함 여부가 바뀌지 않음
SC0180,월림경로당,경로당,4812132000,대산면,의창구,scenario_stable_non_high,0.0,0.0,0.0,0.0,0,0,0,0.0,0.0,0.0,26.9,5.0,8.2,0.0,0.0,0.0,0.0,0.0,0.0,0.0,0.0,0.0,0.0,none,no_axis_variation,,0.0,0.0,1480.0,11.62,40,36개 가정 전체에서 상위 10% 포함 여부가 바뀌지 않음
SC0181,신곡경로당,경로당,4812132000,대산면,의창구,scenario_stable_non_high,0.0,0.0,0.0,0.0,0,0,0,0.0,0.0,0.0,35.8,2.1,5.3,0.0,0.0,0.0,0.0,0.0,0.0,0.0,0.0,0.0,0.0,none,no_axis_variation,,0.0,0.0,1494.4,14.87,44,36개 가정 전체에서 상위 10% 포함 여부가 바뀌지 않음
SC0182,신곡부인경로당,경로당,4812132000,대산면,의창구,scenario_stable_non_high,0.0,0.0,0.0,0.0,0,0,0,0.0,0.0,0.0,25.4,2.7,4.3,0.0,0.0,0.0,0.0,0.0,0.0,0.0,0.0,0.0,0.0,none,no_axis_variation,,0.0,0.0,1498.7,10.78,35,36개 가정 전체에서 상위 10% 포함 여부가 바뀌지 않음
SC0183,용등경로당,경로당,4812132000,대산면,의창구,scenario_stable_non_high,0.0,0.0,0.0,0.0,0,0,0,0.0,0.0,0.0,33.0,1.6,2.3,0.0,0.0,0.0,0.0,0.0,0.0,0.0,0.0,0.0,0.0,none,no_axis_variation,,0.0,0.0,1528.6,12.8,39,36개 가정 전체에서 상위 10% 포함 여부가 바뀌지 않음
SC0184,중포마을경로당,경로당,4812132000,대산면,의창구,scenario_stable_non_high,0.0,0.0,0.0,0.0,0,0,0,0.0,0.0,0.0,248.2,26.4,51.6,0.0,0.0,0.0,0.0,0.0,0.0,0.0,0.0,0.0,0.0,none,no_axis_variation,,0.0,0.0,500.3,106.74,336,36개 가정 전체에서 상위 10% 포함 여부가 바뀌지 않음
SC0185,동부경로당,경로당,4812132000,대산면,의창구,scenario_stable_non_high,0.0,0.0,0.0,0.0,0,0,0,0.0,0.0,0.0,34.2,0.2,2.3,0.0,0.0,0.0,0.0,0.0,0.0,0.0,0.0,0.0,0.0,none,no_axis_variation,,0.0,0.0,1538.9,13.13,36,36개 가정 전체에서 상위 10% 포함 여부가 바뀌지 않음
SC0186,서부경로당,경로당,4812132000,대산면,의창구,scenario_stable_non_high,0.0,0.0,0.0,0.0,0,0,0,0.0,0.0,0.0,300.8,12.0,9.2,0.0,0.0,0.0,0.0,0.0,0.0,0.0,0.0,0.0,0.0,none,no_axis_variation,,0.0,0.0,1408.9,122.86,324,36개 가정 전체에서 상위 10% 포함 여부가 바뀌지 않음
SC0187,유청경로당,경로당,4812132000,대산면,의창구,scenario_stable_non_high,0.0,0.0,0.0,0.0,0,0,0,0.0,0.0,0.0,662.4,34.4,19.7,0.0,0.0,0.0,0.0,0.0,0.0,0.0,0.0,0.0,0.0,none,no_axis_variation,,0.0,0.0,1048.3,259.08,716,36개 가정 전체에서 상위 10% 포함 여부가 바뀌지 않음
SC0188,유등경로당,경로당,4812132000,대산면,의창구,scenario_stable_non_high,0.0,0.0,0.0,0.0,0,0,0,0.0,0.0,0.0,574.8,35.3,19.6,0.0,0.0,0.0,0.0,0.0,0.0,0.0,0.0,0.0,0.0,none,no_axis_variation,,0.0,0.0,1132.2,224.47,632,36개 가정 전체에서 상위 10% 포함 여부가 바뀌지 않음
SC0189,유등부인경로당,경로당,4812132000,대산면,의창구,scenario_stable_non_high,0.0,0.0,0.0,0.0,0,0,0,0.0,0.0,0.0,172.0,13.8,9.3,0.0,0.0,0.0,0.0,0.0,0.0,0.0,0.0,0.0,0.0,none,no_axis_variation,,0.0,0.0,1342.6,65.76,198,36개 가정 전체에서 상위 10% 포함 여부가 바뀌지 않음
SC0190,동곡경로당,경로당,4812132000,대산면,의창구,scenario_stable_non_high,0.0,0.0,0.0,0.0,0,0,0,0.0,0.0,0.0,429.0,15.9,12.4,0.0,0.0,0.0,0.0,0.0,0.0,0.0,0.0,0.0,0.0,none,no_axis_variation,,0.0,0.0,1301.9,179.83,457,36개 가정 전체에서 상위 10% 포함 여부가 바뀌지 않음
SC0192,소답경로당,경로당,4812151000,의창동,의창구,scenario_stable_non_high,0.0,0.0,0.0,0.0,0,0,0,0.0,0.0,0.0,211.1,46.5,53.1,0.0,0.0,0.0,0.0,0.0,0.0,0.0,0.0,0.0,0.0,none,no_axis_variation,,0.0,0.0,439.2,89.22,301,36개 가정 전체에서 상위 10% 포함 여부가 바뀌지 않음
SC0193,재건경로당,경로당,4812151000,의창동,의창구,scenario_stable_non_high,0.0,0.0,0.0,0.0,0,0,0,0.0,0.0,0.0,124.9,40.7,43.0,0.0,0.0,0.0,0.0,0.0,0.0,0.0,0.0,0.0,0.0,none,no_axis_variation,,0.0,0.0,584.5,54.68,195,36개 가정 전체에서 상위 10% 포함 여부가 바뀌지 않음
SC0194,중동경로당,경로당,4812151000,의창동,의창구,scenario_stable_non_high,0.0,0.0,0.0,0.0,0,0,0,0.0,0.0,0.0,59.3,46.5,47.0,0.0,0.0,0.0,0.0,0.0,0.0,0.0,0.0,0.0,0.0,none,no_axis_variation,,0.0,0.0,483.4,37.55,150,36개 가정 전체에서 상위 10% 포함 여부가 바뀌지 않음
SC0195,북동경로당,경로당,4812151000,의창동,의창구,scenario_stable_non_high,0.0,0.0,0.0,0.0,0,0,0,0.0,0.0,0.0,201.9,41.1,31.6,0.0,0.0,0.0,0.0,0.0,0.0,0.0,0.0,0.0,0.0,none,no_axis_variation,,0.0,0.0,753.3,81.68,279,36개 가정 전체에서 상위 10% 포함 여부가 바뀌지 않음
SC0196,동정경로당,경로당,4812151000,의창동,의창구,scenario_stable_non_high,0.0,0.0,0.0,0.0,0,0,0,0.0,0.0,0.0,149.1,35.5,42.2,0.0,0.0,0.0,0.0,0.0,0.0,0.0,0.0,0.0,0.0,none,no_axis_variation,,0.0,0.0,661.2,64.83,241,36개 가정 전체에서 상위 10% 포함 여부가 바뀌지 않음
SC0198,무학아파트경로당,경로당,4812151000,의창동,의창구,scenario_stable_non_high,0.0,0.0,0.0,0.0,0,0,0,0.0,0.0,0.0,45.4,52.9,48.7,0.0,0.0,0.0,0.0,0.0,0.0,0.0,0.0,0.0,0.0,none,no_axis_variation,,0.0,0.0,488.9,36.94,149,36개 가정 전체에서 상위 10% 포함 여부가 바뀌지 않음
SC0199,소계경로당,경로당,4812151000,의창동,의창구,scenario_stable_non_high,0.0,0.0,0.0,0.0,0,0,0,0.0,0.0,0.0,216.8,24.9,2.8,0.0,0.0,0.0,0.0,0.0,0.0,0.0,0.0,0.0,0.0,none,no_axis_variation,,0.0,0.0,1004.4,82.85,250,36개 가정 전체에서 상위 10% 포함 여부가 바뀌지 않음
SC0200,의창경로당,경로당,4812151000,의창동,의창구,scenario_stable_non_high,0.0,0.0,0.0,0.0,0,0,0,0.0,0.0,0.0,239.7,46.2,36.7,0.0,0.0,0.0,0.0,0.0,0.0,0.0,0.0,0.0,0.0,none,no_axis_variation,,0.0,0.0,642.5,96.03,326,36개 가정 전체에서 상위 10% 포함 여부가 바뀌지 않음
SC0201,동정오성아파트경로당,경로당,4812151000,의창동,의창구,scenario_stable_non_high,0.0,0.0,0.0,0.0,0,0,0,0.0,0.0,0.0,147.6,51.1,45.9,0.0,0.0,0.0,0.0,0.0,0.0,0.0,0.0,0.0,0.0,none,no_axis_variation,,0.0,0.0,373.7,65.68,240,36개 가정 전체에서 상위 10% 포함 여부가 바뀌지 않음
SC0202,흥한웰가아파트경로당,경로당,4812151000,의창동,의창구,scenario_stable_non_high,0.0,0.0,0.0,0.0,0,0,0,0.0,0.0,0.0,142.1,49.5,46.3,0.0,0.0,0.0,0.0,0.0,0.0,0.0,0.0,0.0,0.0,none,no_axis_variation,,0.0,0.0,531.8,64.71,237,36개 가정 전체에서 상위 10% 포함 여부가 바뀌지 않음
SC0204,강무경로당,경로당,4812151000,의창동,의창구,scenario_stable_non_high,0.0,0.0,0.0,0.0,0,0,0,0.0,0.0,0.0,84.2,48.7,44.2,0.0,0.0,0.0,0.0,0.0,0.0,0.0,0.0,0.0,0.0,none,no_axis_variation,,0.0,0.0,513.4,47.12,180,36개 가정 전체에서 상위 10% 포함 여부가 바뀌지 않음
SC0205,천주경로당,경로당,4812151000,의창동,의창구,scenario_stable_non_high,0.0,0.0,0.0,0.0,0,0,0,0.0,0.0,0.0,237.8,16.8,17.5,0.0,0.0,0.0,0.0,0.0,0.0,0.0,0.0,0.0,0.0,none,no_axis_variation,,0.0,0.0,1126.1,100.64,267,36개 가정 전체에서 상위 10% 포함 여부가 바뀌지 않음
SC0206,소답제2경로당,경로당,4812151000,의창동,의창구,scenario_stable_non_high,0.0,0.0,0.0,0.0,0,0,0,0.0,0.0,0.0,35.1,43.3,44.7,0.0,0.0,0.0,0.0,0.0,0.0,0.0,0.0,0.0,0.0,none,no_axis_variation,,0.0,0.0,521.5,32.69,122,36개 가정 전체에서 상위 10% 포함 여부가 바뀌지 않음
SC0209,유니시티2단지아파트경로당,경로당,4812151000,의창동,의창구,scenario_stable_non_high,0.0,0.0,0.0,0.0,0,0,0,0.0,0.0,0.0,223.2,75.3,43.7,0.0,0.0,0.0,0.0,0.0,0.0,0.0,0.0,0.0,0.0,none,no_axis_variation,,0.0,0.0,535.5,100.91,334,36개 가정 전체에서 상위 10% 포함 여부가 바뀌지 않음
SC0210,유니시티3단지아파트경로당,경로당,4812153000,명곡동,의창구,scenario_stable_non_high,0.0,0.0,0.0,0.0,0,0,0,0.0,0.0,0.0,132.9,51.2,45.4,0.0,0.0,0.0,0.0,0.0,0.0,0.0,0.0,0.0,0.0,none,no_axis_variation,,0.0,0.0,578.0,57.71,218,36개 가정 전체에서 상위 10% 포함 여부가 바뀌지 않음
SC0211,유니시티4 시니어클럽경로당,경로당,4812153000,명곡동,의창구,scenario_stable_non_high,0.0,0.0,0.0,0.0,0,0,0,0.0,0.0,0.0,194.1,71.3,42.6,0.0,0.0,0.0,0.0,0.0,0.0,0.0,0.0,0.0,0.0,none,no_axis_variation,,0.0,0.0,405.3,85.48,291,36개 가정 전체에서 상위 10% 포함 여부가 바뀌지 않음
SC0212,의안경로당,경로당,4812151000,의창동,의창구,scenario_stable_non_high,0.0,0.0,0.0,0.0,0,0,0,0.0,0.0,0.0,69.0,44.9,46.7,0.0,0.0,0.0,0.0,0.0,0.0,0.0,0.0,0.0,0.0,none,no_axis_variation,,0.0,0.0,417.2,39.44,152,36개 가정 전체에서 상위 10% 포함 여부가 바뀌지 않음
SC0223,명곡경로당,경로당,4812153000,명곡동,의창구,scenario_stable_non_high,0.0,0.0,0.0,0.0,0,0,0,0.0,0.0,0.0,242.0,10.0,53.0,0.0,0.0,0.0,0.0,0.0,0.0,0.0,0.0,0.0,0.0,none,no_axis_variation,,0.0,0.0,484.6,91.22,313,36개 가정 전체에서 상위 10% 포함 여부가 바뀌지 않음
SC0224,낙원경로당,경로당,4812153000,명곡동,의창구,scenario_stable_non_high,0.0,0.0,0.0,0.0,0,0,0,0.0,0.0,0.0,41.7,28.0,44.1,0.0,0.0,0.0,0.0,0.0,0.0,0.0,0.0,0.0,0.0,none,no_axis_variation,,0.0,0.0,579.7,28.16,117,36개 가정 전체에서 상위 10% 포함 여부가 바뀌지 않음
SC0225,안골경로당,경로당,4812153000,명곡동,의창구,scenario_stable_non_high,0.0,0.0,0.0,0.0,0,0,0,0.0,0.0,0.0,112.4,39.3,17.3,0.0,0.0,0.0,0.0,0.0,0.0,0.0,0.0,0.0,0.0,none,no_axis_variation,,0.0,0.0,1022.5,48.08,168,36개 가정 전체에서 상위 10% 포함 여부가 바뀌지 않음
SC0226,도계경로당,경로당,4812153000,명곡동,의창구,scenario_stable_non_high,0.0,0.0,0.0,0.0,0,0,0,0.0,0.0,0.0,117.1,35.8,47.4,0.0,0.0,0.0,0.0,0.0,0.0,0.0,0.0,0.0,0.0,none,no_axis_variation,,0.0,0.0,564.0,54.04,204,36개 가정 전체에서 상위 10% 포함 여부가 바뀌지 않음
SC0227,새동네경로당,경로당,4812153000,명곡동,의창구,scenario_stable_non_high,0.0,0.0,0.0,0.0,0,0,0,0.0,0.0,0.0,228.9,31.1,44.3,0.0,0.0,0.0,0.0,0.0,0.0,0.0,0.0,0.0,0.0,none,no_axis_variation,,0.0,0.0,343.3,89.58,312,36개 가정 전체에서 상위 10% 포함 여부가 바뀌지 않음
SC0228,도계휴먼시아경로당,경로당,4812153000,명곡동,의창구,scenario_stable_non_high,0.0,0.0,0.0,0.0,0,0,0,0.0,0.0,0.0,39.1,36.8,48.8,0.0,0.0,0.0,0.0,0.0,0.0,0.0,0.0,0.0,0.0,none,no_axis_variation,,0.0,0.0,510.5,31.74,129,36개 가정 전체에서 상위 10% 포함 여부가 바뀌지 않음
SC0229,명서2경로당,경로당,4812153000,명곡동,의창구,scenario_stable_non_high,0.0,0.0,0.0,0.0,0,0,0,0.0,0.0,0.0,626.8,25.3,27.5,0.0,0.0,0.0,0.0,0.0,0.0,0.0,0.0,0.0,0.0,none,no_axis_variation,,0.0,0.0,968.0,255.64,681,36개 가정 전체에서 상위 10% 포함 여부가 바뀌지 않음
SC0230,명서주민복지회관경로당,경로당,4812153000,명곡동,의창구,scenario_stable_non_high,0.0,0.0,0.0,0.0,0,0,0,0.0,0.0,0.0,669.0,16.3,40.4,0.0,0.0,0.0,0.0,0.0,0.0,0.0,0.0,0.0,0.0,none,no_axis_variation,,0.0,0.0,623.0,255.14,713,36개 가정 전체에서 상위 10% 포함 여부가 바뀌지 않음
SC0232,명지경로당,경로당,4812153000,명곡동,의창구,scenario_stable_non_high,0.0,0.0,0.0,0.0,0,0,0,0.0,0.0,0.0,77.9,22.9,36.0,0.0,0.0,0.0,0.0,0.0,0.0,0.0,0.0,0.0,0.0,none,no_axis_variation,,0.0,0.0,825.8,33.82,132,36개 가정 전체에서 상위 10% 포함 여부가 바뀌지 않음
SC0233,서곡경로당,경로당,4812153000,명곡동,의창구,scenario_stable_non_high,0.0,0.0,0.0,0.0,0,0,0,0.0,0.0,0.0,61.4,16.3,9.5,0.0,0.0,0.0,0.0,0.0,0.0,0.0,0.0,0.0,0.0,none,no_axis_variation,,0.0,0.0,1354.8,25.14,91,36개 가정 전체에서 상위 10% 포함 여부가 바뀌지 않음
SC0234,두산위브경로당,경로당,4812153000,명곡동,의창구,scenario_stable_non_high,0.0,0.0,0.0,0.0,0,0,0,0.0,0.0,0.0,54.1,13.3,21.5,0.0,0.0,0.0,0.0,0.0,0.0,0.0,0.0,0.0,0.0,none,no_axis_variation,,0.0,0.0,948.0,24.58,93,36개 가정 전체에서 상위 10% 포함 여부가 바뀌지 않음
SC0235,상강한주맨션경로당,경로당,4812153000,명곡동,의창구,scenario_stable_non_high,0.0,0.0,0.0,0.0,0,0,0,0.0,0.0,0.0,37.7,36.4,45.2,0.0,0.0,0.0,0.0,0.0,0.0,0.0,0.0,0.0,0.0,none,no_axis_variation,,0.0,0.0,553.3,29.67,130,36개 가정 전체에서 상위 10% 포함 여부가 바뀌지 않음
SC0236,동부 경로당,경로당,4812154000,봉림동,의창구,scenario_stable_non_high,0.0,0.0,0.0,0.0,0,0,0,0.0,0.0,0.0,132.5,8.0,14.8,0.0,0.0,0.0,0.0,0.0,0.0,0.0,0.0,0.0,0.0,none,no_axis_variation,,0.0,0.0,1155.3,51.27,148,36개 가정 전체에서 상위 10% 포함 여부가 바뀌지 않음
SC0237,봉곡 경로당,경로당,4812154000,봉림동,의창구,scenario_stable_non_high,0.0,0.0,0.0,0.0,0,0,0,0.0,0.0,0.0,89.8,23.0,14.9,0.0,0.0,0.0,0.0,0.0,0.0,0.0,0.0,0.0,0.0,none,no_axis_variation,,0.0,0.0,1176.3,39.11,126,36개 가정 전체에서 상위 10% 포함 여부가 바뀌지 않음
SC0238,봉곡복지경로당,경로당,4812154000,봉림동,의창구,scenario_stable_non_high,0.0,0.0,0.0,0.0,0,0,0,0.0,0.0,0.0,379.8,24.6,35.0,0.0,0.0,0.0,0.0,0.0,0.0,0.0,0.0,0.0,0.0,none,no_axis_variation,,0.0,0.0,806.9,141.64,437,36개 가정 전체에서 상위 10% 포함 여부가 바뀌지 않음
SC0239,봉덕 경로당,경로당,4812154000,봉림동,의창구,scenario_stable_non_high,0.0,0.0,0.0,0.0,0,0,0,0.0,0.0,0.0,42.1,21.9,20.9,0.0,0.0,0.0,0.0,0.0,0.0,0.0,0.0,0.0,0.0,none,no_axis_variation,,0.0,0.0,1031.4,21.54,79,36개 가정 전체에서 상위 10% 포함 여부가 바뀌지 않음
SC0240,봉촌 경로당,경로당,4812154000,봉림동,의창구,scenario_stable_non_high,0.0,0.0,0.0,0.0,0,0,0,0.0,0.0,0.0,237.2,17.9,12.8,0.0,0.0,0.0,0.0,0.0,0.0,0.0,0.0,0.0,0.0,none,no_axis_variation,,0.0,0.0,1333.1,96.18,265,36개 가정 전체에서 상위 10% 포함 여부가 바뀌지 않음
SC0241,사림제1경로당,경로당,4812154000,봉림동,의창구,scenario_stable_non_high,0.0,0.0,0.0,0.0,0,0,0,0.0,0.0,0.0,403.9,34.3,31.5,0.0,0.0,0.0,0.0,0.0,0.0,0.0,0.0,0.0,0.0,none,no_axis_variation,,0.0,0.0,740.8,156.16,476,36개 가정 전체에서 상위 10% 포함 여부가 바뀌지 않음
SC0242,사림제2경로당,경로당,4812154000,봉림동,의창구,scenario_stable_non_high,0.0,0.0,0.0,0.0,0,0,0,0.0,0.0,0.0,84.0,14.7,20.2,0.0,0.0,0.0,0.0,0.0,0.0,0.0,0.0,0.0,0.0,none,no_axis_variation,,0.0,0.0,1112.6,32.78,127,36개 가정 전체에서 상위 10% 포함 여부가 바뀌지 않음
SC0243,연덕 경로당,경로당,4812154000,봉림동,의창구,scenario_stable_non_high,0.0,0.0,0.0,0.0,0,0,0,0.0,0.0,0.0,16.7,31.7,19.1,0.0,0.0,0.0,0.0,0.0,0.0,0.0,0.0,0.0,0.0,none,no_axis_variation,,0.0,0.0,1071.5,18.24,71,36개 가정 전체에서 상위 10% 포함 여부가 바뀌지 않음
SC0244,웅남 경로당,경로당,4812154000,봉림동,의창구,scenario_stable_non_high,0.0,0.0,0.0,0.0,0,0,0,0.0,0.0,0.0,100.0,35.0,19.8,0.0,0.0,0.0,0.0,0.0,0.0,0.0,0.0,0.0,0.0,none,no_axis_variation,,0.0,0.0,1158.3,44.3,149,36개 가정 전체에서 상위 10% 포함 여부가 바뀌지 않음
SC0245,정병산 경로당,경로당,4812154000,봉림동,의창구,scenario_stable_non_high,0.0,0.0,0.0,0.0,0,0,0,0.0,0.0,0.0,287.7,16.8,32.9,0.0,0.0,0.0,0.0,0.0,0.0,0.0,0.0,0.0,0.0,none,no_axis_variation,,0.0,0.0,892.4,112.17,340,36개 가정 전체에서 상위 10% 포함 여부가 바뀌지 않음
SC0246,지귀 경로당,경로당,4812154000,봉림동,의창구,scenario_stable_non_high,0.0,0.0,0.0,0.0,0,0,0,0.0,0.0,0.0,440.9,18.0,17.0,0.0,0.0,0.0,0.0,0.0,0.0,0.0,0.0,0.0,0.0,none,no_axis_variation,,0.0,0.0,1076.4,181.28,471,36개 가정 전체에서 상위 10% 포함 여부가 바뀌지 않음
SC0247,코오롱아파트경로당,경로당,4812154000,봉림동,의창구,scenario_stable_non_high,0.0,0.0,0.0,0.0,0,0,0,0.0,0.0,0.0,266.2,12.2,13.5,0.0,0.0,0.0,0.0,0.0,0.0,0.0,0.0,0.0,0.0,none,no_axis_variation,,0.0,0.0,1353.1,104.13,294,36개 가정 전체에서 상위 10% 포함 여부가 바뀌지 않음
SC0248,피닉스포레경로당,경로당,4812154000,봉림동,의창구,scenario_stable_non_high,0.0,0.0,0.0,0.0,0,0,0,0.0,0.0,0.0,430.4,24.5,25.2,0.0,0.0,0.0,0.0,0.0,0.0,0.0,0.0,0.0,0.0,none,no_axis_variation,,0.0,0.0,826.3,162.59,474,36개 가정 전체에서 상위 10% 포함 여부가 바뀌지 않음
SC0249,휴먼시아1단지경로당,경로당,4812154000,봉림동,의창구,scenario_stable_non_high,0.0,0.0,0.0,0.0,0,0,0,0.0,0.0,0.0,252.5,34.0,19.5,0.0,0.0,0.0,0.0,0.0,0.0,0.0,0.0,0.0,0.0,none,no_axis_variation,,0.0,0.0,992.2,96.83,320,36개 가정 전체에서 상위 10% 포함 여부가 바뀌지 않음
SC0250,휴먼시아2단지경로당,경로당,4812154000,봉림동,의창구,scenario_stable_non_high,0.0,0.0,0.0,0.0,0,0,0,0.0,0.0,0.0,484.5,28.0,23.7,0.0,0.0,0.0,0.0,0.0,0.0,0.0,0.0,0.0,0.0,none,no_axis_variation,,0.0,0.0,848.2,185.6,537,36개 가정 전체에서 상위 10% 포함 여부가 바뀌지 않음
SC0251,까치1차A 경로당,경로당,4812351000,반송동,성산구,scenario_stable_non_high,0.0,0.0,0.0,0.0,0,0,0,0.0,0.0,0.0,181.2,38.0,14.2,0.0,0.0,0.0,0.0,0.0,0.0,0.0,0.0,0.0,0.0,none,no_axis_variation,,0.0,0.0,1217.6,71.27,235,36개 가정 전체에서 상위 10% 포함 여부가 바뀌지 않음
SC0252,까치2차A 경로당,경로당,4812351000,반송동,성산구,scenario_stable_non_high,0.0,0.0,0.0,0.0,0,0,0,0.0,0.0,0.0,187.9,28.9,14.2,0.0,0.0,0.0,0.0,0.0,0.0,0.0,0.0,0.0,0.0,none,no_axis_variation,,0.0,0.0,1220.5,74.4,235,36개 가정 전체에서 상위 10% 포함 여부가 바뀌지 않음
SC0253,노블파크A 경로당,경로당,4812351000,반송동,성산구,scenario_stable_non_high,0.0,0.0,0.0,0.0,0,0,0,0.0,0.0,0.0,183.3,49.6,44.7,0.0,0.0,0.0,0.0,0.0,0.0,0.0,0.0,0.0,0.0,none,no_axis_variation,,0.0,0.0,645.9,80.42,266,36개 가정 전체에서 상위 10% 포함 여부가 바뀌지 않음
SC0254,대동A 경로당,경로당,4812351000,반송동,성산구,scenario_stable_non_high,0.0,0.0,0.0,0.0,0,0,0,0.0,0.0,0.0,240.4,11.3,19.2,0.0,0.0,0.0,0.0,0.0,0.0,0.0,0.0,0.0,0.0,none,no_axis_variation,,0.0,0.0,1139.9,98.9,268,36개 가정 전체에서 상위 10% 포함 여부가 바뀌지 않음
SC0255,럭키A 경로당,경로당,4812351000,반송동,성산구,scenario_stable_non_high,0.0,0.0,0.0,0.0,0,0,0,0.0,0.0,0.0,217.3,36.3,24.1,0.0,0.0,0.0,0.0,0.0,0.0,0.0,0.0,0.0,0.0,none,no_axis_variation,,0.0,0.0,955.0,83.2,286,36개 가정 전체에서 상위 10% 포함 여부가 바뀌지 않음
SC0256,반지경로당,경로당,4812351000,반송동,성산구,scenario_stable_non_high,0.0,0.0,0.0,0.0,0,0,0,0.0,0.0,0.0,174.6,42.9,45.0,0.0,0.0,0.0,0.0,0.0,0.0,0.0,0.0,0.0,0.0,none,no_axis_variation,,0.0,0.0,571.5,71.6,254,36개 가정 전체에서 상위 10% 포함 여부가 바뀌지 않음
SC0257,반지제2경로당,경로당,4812351000,반송동,성산구,scenario_stable_non_high,0.0,0.0,0.0,0.0,0,0,0,0.0,0.0,0.0,184.7,14.4,43.9,0.0,0.0,0.0,0.0,0.0,0.0,0.0,0.0,0.0,0.0,none,no_axis_variation,,0.0,0.0,366.5,75.31,248,36개 가정 전체에서 상위 10% 포함 여부가 바뀌지 않음
SC0258,반지제3경로당,경로당,4812351000,반송동,성산구,scenario_stable_non_high,0.0,0.0,0.0,0.0,0,0,0,0.0,0.0,0.0,78.4,6.7,33.3,0.0,0.0,0.0,0.0,0.0,0.0,0.0,0.0,0.0,0.0,none,no_axis_variation,,0.0,0.0,728.4,32.8,131,36개 가정 전체에서 상위 10% 포함 여부가 바뀌지 않음
SC0259,반지제4경로당,경로당,4812351000,반송동,성산구,scenario_stable_non_high,0.0,0.0,0.0,0.0,0,0,0,0.0,0.0,0.0,170.1,56.4,42.6,0.0,0.0,0.0,0.0,0.0,0.0,0.0,0.0,0.0,0.0,none,no_axis_variation,,0.0,0.0,501.6,78.25,270,36개 가정 전체에서 상위 10% 포함 여부가 바뀌지 않음
SC0260,트리비앙A 경로당,경로당,4812351000,반송동,성산구,scenario_stable_non_high,0.0,0.0,0.0,0.0,0,0,0,0.0,0.0,0.0,348.0,57.7,34.6,0.0,0.0,0.0,0.0,0.0,0.0,0.0,0.0,0.0,0.0,none,no_axis_variation,,0.0,0.0,866.8,133.25,430,36개 가정 전체에서 상위 10% 포함 여부가 바뀌지 않음
SC0263,내동아파트경로당,경로당,4812352000,중앙동,성산구,scenario_stable_non_high,0.0,0.0,0.0,0.0,0,0,0,0.0,0.0,0.0,336.7,25.4,33.9,0.0,0.0,0.0,0.0,0.0,0.0,0.0,0.0,0.0,0.0,none,no_axis_variation,,0.0,0.0,774.9,128.37,406,36개 가정 전체에서 상위 10% 포함 여부가 바뀌지 않음
SC0265,대호타워아파트경로당,경로당,4812352000,중앙동,성산구,scenario_stable_non_high,0.0,0.0,0.0,0.0,0,0,0,0.0,0.0,0.0,23.5,49.2,42.1,0.0,0.0,0.0,0.0,0.0,0.0,0.0,0.0,0.0,0.0,none,no_axis_variation,,0.0,0.0,273.0,30.94,123,36개 가정 전체에서 상위 10% 포함 여부가 바뀌지 않음
SC0266,동성샛별아파트경로당,경로당,4812352000,중앙동,성산구,scenario_stable_non_high,0.0,0.0,0.0,0.0,0,0,0,0.0,0.0,0.0,188.6,10.1,37.1,0.0,0.0,0.0,0.0,0.0,0.0,0.0,0.0,0.0,0.0,none,no_axis_variation,,0.0,0.0,438.7,77.94,233,36개 가정 전체에서 상위 10% 포함 여부가 바뀌지 않음
SC0267,외동경로당,경로당,4812352000,중앙동,성산구,scenario_stable_non_high,0.0,0.0,0.0,0.0,0,0,0,0.0,0.0,0.0,55.4,19.8,31.5,0.0,0.0,0.0,0.0,0.0,0.0,0.0,0.0,0.0,0.0,none,no_axis_variation,,0.0,0.0,218.1,28.41,107,36개 가정 전체에서 상위 10% 포함 여부가 바뀌지 않음
SC0268,외동월드메르디앙경로당,경로당,4812352000,중앙동,성산구,scenario_stable_non_high,0.0,0.0,0.0,0.0,0,0,0,0.0,0.0,0.0,381.5,23.5,36.2,0.0,0.0,0.0,0.0,0.0,0.0,0.0,0.0,0.0,0.0,none,no_axis_variation,,0.0,0.0,366.3,150.64,433,36개 가정 전체에서 상위 10% 포함 여부가 바뀌지 않음
SC0269,장수경로당,경로당,4812352000,중앙동,성산구,scenario_stable_non_high,0.0,0.0,0.0,0.0,0,0,0,0.0,0.0,0.0,252.9,13.5,41.1,0.0,0.0,0.0,0.0,0.0,0.0,0.0,0.0,0.0,0.0,none,no_axis_variation,,0.0,0.0,474.8,95.49,299,36개 가정 전체에서 상위 10% 포함 여부가 바뀌지 않음
SC0272,송죽경로당,경로당,4812352000,중앙동,성산구,scenario_stable_non_high,0.0,0.0,0.0,0.0,0,0,0,0.0,0.0,0.0,286.6,15.6,37.2,0.0,0.0,0.0,0.0,0.0,0.0,0.0,0.0,0.0,0.0,none,no_axis_variation,,0.0,0.0,298.7,115.27,328,36개 가정 전체에서 상위 10% 포함 여부가 바뀌지 않음
SC0274,상남꿈에그린아파트경로당,경로당,4812352000,중앙동,성산구,scenario_stable_non_high,0.0,0.0,0.0,0.0,0,0,0,0.0,0.0,0.0,404.5,49.5,42.9,0.0,0.0,0.0,0.0,0.0,0.0,0.0,0.0,0.0,0.0,none,no_axis_variation,,0.0,0.0,646.0,159.23,491,36개 가정 전체에서 상위 10% 포함 여부가 바뀌지 않음
SC0275,대원경로당,경로당,4812352000,중앙동,성산구,scenario_stable_non_high,0.0,0.0,0.0,0.0,0,0,0,0.0,0.0,0.0,468.4,33.9,38.3,0.0,0.0,0.0,0.0,0.0,0.0,0.0,0.0,0.0,0.0,none,no_axis_variation,,0.0,0.0,489.5,182.31,523,36개 가정 전체에서 상위 10% 포함 여부가 바뀌지 않음
SC0276,대원파크빌 경로당,경로당,4812352000,중앙동,성산구,scenario_stable_non_high,0.0,0.0,0.0,0.0,0,0,0,0.0,0.0,0.0,116.2,32.1,41.6,0.0,0.0,0.0,0.0,0.0,0.0,0.0,0.0,0.0,0.0,none,no_axis_variation,,0.0,0.0,315.3,54.23,189,36개 가정 전체에서 상위 10% 포함 여부가 바뀌지 않음
SC0277,대동1차(아)경로당,경로당,4812352000,중앙동,성산구,scenario_stable_non_high,0.0,0.0,0.0,0.0,0,0,0,0.0,0.0,0.0,121.6,39.4,40.8,0.0,0.0,0.0,0.0,0.0,0.0,0.0,0.0,0.0,0.0,none,no_axis_variation,,0.0,0.0,401.5,51.45,207,36개 가정 전체에서 상위 10% 포함 여부가 바뀌지 않음
SC0278,대동2차(아)경로당,경로당,4812352000,중앙동,성산구,scenario_stable_non_high,0.0,0.0,0.0,0.0,0,0,0,0.0,0.0,0.0,148.2,44.6,40.9,0.0,0.0,0.0,0.0,0.0,0.0,0.0,0.0,0.0,0.0,none,no_axis_variation,,0.0,0.0,426.2,62.73,239,36개 가정 전체에서 상위 10% 포함 여부가 바뀌지 않음
SC0280,대원포레나경로당,경로당,4812352000,중앙동,성산구,scenario_stable_non_high,0.0,0.0,0.0,0.0,0,0,0,0.0,0.0,0.0,416.7,27.1,38.6,0.0,0.0,0.0,0.0,0.0,0.0,0.0,0.0,0.0,0.0,none,no_axis_variation,,0.0,0.0,388.7,164.31,480,36개 가정 전체에서 상위 10% 포함 여부가 바뀌지 않음
SC0281,용호경로당,경로당,4812351500,용지동,성산구,scenario_stable_non_high,0.0,0.0,0.0,0.0,0,0,0,0.0,0.0,0.0,188.5,15.9,35.2,0.0,0.0,0.0,0.0,0.0,0.0,0.0,0.0,0.0,0.0,none,no_axis_variation,,0.0,0.0,707.5,70.49,247,36개 가정 전체에서 상위 10% 포함 여부가 바뀌지 않음
SC0282,용지경로당,경로당,4812351500,용지동,성산구,scenario_stable_non_high,0.0,0.0,0.0,0.0,0,0,0,0.0,0.0,0.0,47.6,14.8,41.7,0.0,0.0,0.0,0.0,0.0,0.0,0.0,0.0,0.0,0.0,none,no_axis_variation,,0.0,0.0,627.1,28.69,106,36개 가정 전체에서 상위 10% 포함 여부가 바뀌지 않음
SC0283,일동아파트 1단지 경로당,경로당,4812351500,용지동,성산구,scenario_stable_non_high,0.0,0.0,0.0,0.0,0,0,0,0.0,0.0,0.0,178.6,60.4,34.4,0.0,0.0,0.0,0.0,0.0,0.0,0.0,0.0,0.0,0.0,none,no_axis_variation,,0.0,0.0,844.2,80.18,268,36개 가정 전체에서 상위 10% 포함 여부가 바뀌지 않음
SC0284,일동아파트 2단지 경로당,경로당,4812351500,용지동,성산구,scenario_stable_non_high,0.0,0.0,0.0,0.0,0,0,0,0.0,0.0,0.0,178.6,60.4,34.4,0.0,0.0,0.0,0.0,0.0,0.0,0.0,0.0,0.0,0.0,none,no_axis_variation,,0.0,0.0,844.2,80.18,268,36개 가정 전체에서 상위 10% 포함 여부가 바뀌지 않음
SC0285,무학아파트 1단지 경로당,경로당,4812351500,용지동,성산구,scenario_stable_non_high,0.0,0.0,0.0,0.0,0,0,0,0.0,0.0,0.0,388.7,59.0,33.1,0.0,0.0,0.0,0.0,0.0,0.0,0.0,0.0,0.0,0.0,none,no_axis_variation,,0.0,0.0,815.9,158.98,484,36개 가정 전체에서 상위 10% 포함 여부가 바뀌지 않음
SC0286,무학아파트 2단지 경로당,경로당,4812351500,용지동,성산구,scenario_stable_non_high,0.0,0.0,0.0,0.0,0,0,0,0.0,0.0,0.0,388.7,59.0,33.1,0.0,0.0,0.0,0.0,0.0,0.0,0.0,0.0,0.0,0.0,none,no_axis_variation,,0.0,0.0,815.9,158.98,484,36개 가정 전체에서 상위 10% 포함 여부가 바뀌지 않음
SC0287,롯데아파트경로당,경로당,4812351500,용지동,성산구,scenario_stable_non_high,0.0,0.0,0.0,0.0,0,0,0,0.0,0.0,0.0,239.1,28.4,45.0,0.0,0.0,0.0,0.0,0.0,0.0,0.0,0.0,0.0,0.0,none,no_axis_variation,,0.0,0.0,540.9,97.57,297,36개 가정 전체에서 상위 10% 포함 여부가 바뀌지 않음
SC0288,신월제1경로당,경로당,4812351500,용지동,성산구,scenario_stable_non_high,0.0,0.0,0.0,0.0,0,0,0,0.0,0.0,0.0,86.9,7.3,44.7,0.0,0.0,0.0,0.0,0.0,0.0,0.0,0.0,0.0,0.0,none,no_axis_variation,,0.0,0.0,380.5,38.84,151,36개 가정 전체에서 상위 10% 포함 여부가 바뀌지 않음
SC0289,신월제2경로당,경로당,4812351500,용지동,성산구,scenario_stable_non_high,0.0,0.0,0.0,0.0,0,0,0,0.0,0.0,0.0,95.3,16.6,33.8,0.0,0.0,0.0,0.0,0.0,0.0,0.0,0.0,0.0,0.0,none,no_axis_variation,,0.0,0.0,775.8,42.36,139,36개 가정 전체에서 상위 10% 포함 여부가 바뀌지 않음
SC0290,신월은아아파트 경로당,경로당,4812351500,용지동,성산구,scenario_stable_non_high,0.0,0.0,0.0,0.0,0,0,0,0.0,0.0,0.0,376.3,40.7,37.6,0.0,0.0,0.0,0.0,0.0,0.0,0.0,0.0,0.0,0.0,none,no_axis_variation,,0.0,0.0,350.8,149.07,443,36개 가정 전체에서 상위 10% 포함 여부가 바뀌지 않음
SC0292,용지더샵레이크파크경로당,경로당,4812351500,용지동,성산구,scenario_stable_non_high,0.0,0.0,0.0,0.0,0,0,0,0.0,0.0,0.0,445.8,40.0,39.6,0.0,0.0,0.0,0.0,0.0,0.0,0.0,0.0,0.0,0.0,none,no_axis_variation,,0.0,0.0,750.5,183.27,527,36개 가정 전체에서 상위 10% 포함 여부가 바뀌지 않음
SC0293,성원1단지경로당,경로당,4812353000,상남동,성산구,scenario_stable_non_high,0.0,0.0,0.0,0.0,0,0,0,0.0,0.0,0.0,187.3,42.7,16.9,0.0,0.0,0.0,0.0,0.0,0.0,0.0,0.0,0.0,0.0,none,no_axis_variation,,0.0,0.0,1185.5,72.52,244,36개 가정 전체에서 상위 10% 포함 여부가 바뀌지 않음
SC0294,성원2단지경로당,경로당,4812353000,상남동,성산구,scenario_stable_non_high,0.0,0.0,0.0,0.0,0,0,0,0.0,0.0,0.0,187.3,42.7,16.9,0.0,0.0,0.0,0.0,0.0,0.0,0.0,0.0,0.0,0.0,none,no_axis_variation,,0.0,0.0,1185.5,72.52,244,36개 가정 전체에서 상위 10% 포함 여부가 바뀌지 않음
SC0295,성원3단지1경로당,경로당,4812353000,상남동,성산구,scenario_stable_non_high,0.0,0.0,0.0,0.0,0,0,0,0.0,0.0,0.0,187.3,42.7,16.9,0.0,0.0,0.0,0.0,0.0,0.0,0.0,0.0,0.0,0.0,none,no_axis_variation,,0.0,0.0,1185.5,72.52,244,36개 가정 전체에서 상위 10% 포함 여부가 바뀌지 않음
SC0296,성원3단지2경로당,경로당,4812353000,상남동,성산구,scenario_stable_non_high,0.0,0.0,0.0,0.0,0,0,0,0.0,0.0,0.0,187.3,42.7,16.9,0.0,0.0,0.0,0.0,0.0,0.0,0.0,0.0,0.0,0.0,none,no_axis_variation,,0.0,0.0,1185.5,72.52,244,36개 가정 전체에서 상위 10% 포함 여부가 바뀌지 않음
SC0297,성원5단지1경로당,경로당,4812353000,상남동,성산구,scenario_stable_non_high,0.0,0.0,0.0,0.0,0,0,0,0.0,0.0,0.0,187.3,42.7,16.9,0.0,0.0,0.0,0.0,0.0,0.0,0.0,0.0,0.0,0.0,none,no_axis_variation,,0.0,0.0,1185.5,72.52,244,36개 가정 전체에서 상위 10% 포함 여부가 바뀌지 않음
SC0298,성원5단지2경로당,경로당,4812353000,상남동,성산구,scenario_stable_non_high,0.0,0.0,0.0,0.0,0,0,0,0.0,0.0,0.0,187.3,42.7,16.9,0.0,0.0,0.0,0.0,0.0,0.0,0.0,0.0,0.0,0.0,none,no_axis_variation,,0.0,0.0,1185.5,72.52,244,36개 가정 전체에서 상위 10% 포함 여부가 바뀌지 않음
SC0299,대동아파트경로당,경로당,4812353000,상남동,성산구,scenario_stable_non_high,0.0,0.0,0.0,0.0,0,0,0,0.0,0.0,0.0,72.0,87.1,41.7,0.0,0.0,0.0,0.0,0.0,0.0,0.0,0.0,0.0,0.0,none,no_axis_variation,,0.0,0.0,444.2,51.69,201,36개 가정 전체에서 상위 10% 포함 여부가 바뀌지 않음
SC0300,상남경로당,경로당,4812353000,상남동,성산구,scenario_stable_non_high,0.0,0.0,0.0,0.0,0,0,0,0.0,0.0,0.0,86.1,87.8,47.0,0.0,0.0,0.0,0.0,0.0,0.0,0.0,0.0,0.0,0.0,none,no_axis_variation,,0.0,0.0,463.1,58.02,225,36개 가정 전체에서 상위 10% 포함 여부가 바뀌지 않음
SC0301,동산경로당,경로당,4812353000,상남동,성산구,scenario_stable_non_high,0.0,0.0,0.0,0.0,0,0,0,0.0,0.0,0.0,73.9,51.6,19.0,0.0,0.0,0.0,0.0,0.0,0.0,0.0,0.0,0.0,0.0,none,no_axis_variation,,0.0,0.0,951.4,39.92,157,36개 가정 전체에서 상위 10% 포함 여부가 바뀌지 않음
SC0302,고산경로당,경로당,4812354000,사파동,성산구,scenario_stable_non_high,0.0,0.0,0.0,0.0,0,0,0,0.0,0.0,0.0,80.0,29.4,17.6,0.0,0.0,0.0,0.0,0.0,0.0,0.0,0.0,0.0,0.0,none,no_axis_variation,,0.0,0.0,1123.6,34.75,129,36개 가정 전체에서 상위 10% 포함 여부가 바뀌지 않음
SC0303,사파정경로당,경로당,4812354000,사파동,성산구,scenario_stable_non_high,0.0,0.0,0.0,0.0,0,0,0,0.0,0.0,0.0,55.6,48.7,19.1,0.0,0.0,0.0,0.0,0.0,0.0,0.0,0.0,0.0,0.0,none,no_axis_variation,,0.0,0.0,1050.2,33.98,124,36개 가정 전체에서 상위 10% 포함 여부가 바뀌지 않음
SC0304,사파경로당,경로당,4812354000,사파동,성산구,scenario_stable_non_high,0.0,0.0,0.0,0.0,0,0,0,0.0,0.0,0.0,106.9,27.0,35.7,0.0,0.0,0.0,0.0,0.0,0.0,0.0,0.0,0.0,0.0,none,no_axis_variation,,0.0,0.0,829.9,45.61,168,36개 가정 전체에서 상위 10% 포함 여부가 바뀌지 않음
SC0305,신덕경로당,경로당,4812354000,사파동,성산구,scenario_stable_non_high,0.0,0.0,0.0,0.0,0,0,0,0.0,0.0,0.0,32.9,20.6,19.2,0.0,0.0,0.0,0.0,0.0,0.0,0.0,0.0,0.0,0.0,none,no_axis_variation,,0.0,0.0,1100.4,19.29,89,36개 가정 전체에서 상위 10% 포함 여부가 바뀌지 않음
SC0306,사파제2경로당,경로당,4812354000,사파동,성산구,scenario_stable_non_high,0.0,0.0,0.0,0.0,0,0,0,0.0,0.0,0.0,160.7,50.0,18.0,0.0,0.0,0.0,0.0,0.0,0.0,0.0,0.0,0.0,0.0,none,no_axis_variation,,0.0,0.0,1101.2,68.63,234,36개 가정 전체에서 상위 10% 포함 여부가 바뀌지 않음
SC0307,사파대동(아)제1경로당,경로당,4812354000,사파동,성산구,scenario_stable_non_high,0.0,0.0,0.0,0.0,0,0,0,0.0,0.0,0.0,203.3,33.4,19.2,0.0,0.0,0.0,0.0,0.0,0.0,0.0,0.0,0.0,0.0,none,no_axis_variation,,0.0,0.0,1007.4,80.76,265,36개 가정 전체에서 상위 10% 포함 여부가 바뀌지 않음
SC0308,사파대동(아)제2경로당,경로당,4812354000,사파동,성산구,scenario_stable_non_high,0.0,0.0,0.0,0.0,0,0,0,0.0,0.0,0.0,203.3,33.4,19.2,0.0,0.0,0.0,0.0,0.0,0.0,0.0,0.0,0.0,0.0,none,no_axis_variation,,0.0,0.0,1007.4,80.76,265,36개 가정 전체에서 상위 10% 포함 여부가 바뀌지 않음
SC0309,삼익(아)경로당,경로당,4812354000,사파동,성산구,scenario_stable_non_high,0.0,0.0,0.0,0.0,0,0,0,0.0,0.0,0.0,186.0,51.0,18.4,0.0,0.0,0.0,0.0,0.0,0.0,0.0,0.0,0.0,0.0,none,no_axis_variation,,0.0,0.0,998.3,77.72,262,36개 가정 전체에서 상위 10% 포함 여부가 바뀌지 않음
SC0310,무궁화(아)경로당,경로당,4812354000,사파동,성산구,scenario_stable_non_high,0.0,0.0,0.0,0.0,0,0,0,0.0,0.0,0.0,22.7,60.4,37.1,0.0,0.0,0.0,0.0,0.0,0.0,0.0,0.0,0.0,0.0,none,no_axis_variation,,0.0,0.0,708.2,32.65,126,36개 가정 전체에서 상위 10% 포함 여부가 바뀌지 않음
SC0311,사파동성(아)경로당,경로당,4812354000,사파동,성산구,scenario_stable_non_high,0.0,0.0,0.0,0.0,0,0,0,0.0,0.0,0.0,105.8,28.2,14.2,0.0,0.0,0.0,0.0,0.0,0.0,0.0,0.0,0.0,0.0,none,no_axis_variation,,0.0,0.0,1236.5,42.48,147,36개 가정 전체에서 상위 10% 포함 여부가 바뀌지 않음
SC0312,성원3차남산(아)경로당,경로당,4812354000,사파동,성산구,scenario_stable_non_high,0.0,0.0,0.0,0.0,0,0,0,0.0,0.0,0.0,390.8,11.0,13.8,0.0,0.0,0.0,0.0,0.0,0.0,0.0,0.0,0.0,0.0,none,no_axis_variation,,0.0,0.0,1227.2,154.49,414,36개 가정 전체에서 상위 10% 포함 여부가 바뀌지 않음
SC0313,성원3차(아)경로당,경로당,4812354000,사파동,성산구,scenario_stable_non_high,0.0,0.0,0.0,0.0,0,0,0,0.0,0.0,0.0,265.5,7.5,15.6,0.0,0.0,0.0,0.0,0.0,0.0,0.0,0.0,0.0,0.0,none,no_axis_variation,,0.0,0.0,1221.6,103.57,293,36개 가정 전체에서 상위 10% 포함 여부가 바뀌지 않음
SC0314,대방대동(아)경로당,경로당,4812354000,사파동,성산구,scenario_stable_non_high,0.0,0.0,0.0,0.0,0,0,0,0.0,0.0,0.0,94.2,26.1,8.7,0.0,0.0,0.0,0.0,0.0,0.0,0.0,0.0,0.0,0.0,none,no_axis_variation,,0.0,0.0,1360.2,36.38,134,36개 가정 전체에서 상위 10% 포함 여부가 바뀌지 않음
SC0315,대방개나리1차(아)경로당,경로당,4812354000,사파동,성산구,scenario_stable_non_high,0.0,0.0,0.0,0.0,0,0,0,0.0,0.0,0.0,49.6,7.1,9.9,0.0,0.0,0.0,0.0,0.0,0.0,0.0,0.0,0.0,0.0,none,no_axis_variation,,0.0,0.0,1363.7,21.09,64,36개 가정 전체에서 상위 10% 포함 여부가 바뀌지 않음
SC0316,대방덕산1차(아)경로당,경로당,4812354000,사파동,성산구,scenario_stable_non_high,0.0,0.0,0.0,0.0,0,0,0,0.0,0.0,0.0,134.4,3.4,9.2,0.0,0.0,0.0,0.0,0.0,0.0,0.0,0.0,0.0,0.0,none,no_axis_variation,,0.0,0.0,1299.4,51.7,151,36개 가정 전체에서 상위 10% 포함 여부가 바뀌지 않음
SC0317,대방덕산2차(아)경로당,경로당,4812354000,사파동,성산구,scenario_stable_non_high,0.0,0.0,0.0,0.0,0,0,0,0.0,0.0,0.0,69.5,73.9,19.5,0.0,0.0,0.0,0.0,0.0,0.0,0.0,0.0,0.0,0.0,none,no_axis_variation,,0.0,0.0,1017.0,43.8,169,36개 가정 전체에서 상위 10% 포함 여부가 바뀌지 않음
SC0318,대방그린빌(아)경로당,경로당,4812354000,사파동,성산구,scenario_stable_non_high,0.0,0.0,0.0,0.0,0,0,0,0.0,0.0,0.0,115.2,56.0,16.0,0.0,0.0,0.0,0.0,0.0,0.0,0.0,0.0,0.0,0.0,none,no_axis_variation,,0.0,0.0,1257.4,50.31,175,36개 가정 전체에서 상위 10% 포함 여부가 바뀌지 않음
SC0319,대방동성(아)경로당,경로당,4812354000,사파동,성산구,scenario_stable_non_high,0.0,0.0,0.0,0.0,0,0,0,0.0,0.0,0.0,131.1,63.9,39.9,0.0,0.0,0.0,0.0,0.0,0.0,0.0,0.0,0.0,0.0,none,no_axis_variation,,0.0,0.0,685.4,60.16,232,36개 가정 전체에서 상위 10% 포함 여부가 바뀌지 않음
SC0320,대방대동디지털(아)경로당,경로당,4812354000,사파동,성산구,scenario_stable_non_high,0.0,0.0,0.0,0.0,0,0,0,0.0,0.0,0.0,362.3,114.8,24.5,0.0,0.0,0.0,0.0,0.0,0.0,0.0,0.0,0.0,0.0,none,no_axis_variation,,0.0,0.0,866.7,147.27,492,36개 가정 전체에서 상위 10% 포함 여부가 바뀌지 않음
SC0321,대방대동황토방(아)경로당,경로당,4812354000,사파동,성산구,scenario_stable_non_high,0.0,0.0,0.0,0.0,0,0,0,0.0,0.0,0.0,34.4,53.9,12.3,0.0,0.0,0.0,0.0,0.0,0.0,0.0,0.0,0.0,0.0,none,no_axis_variation,,0.0,0.0,1265.2,27.63,103,36개 가정 전체에서 상위 10% 포함 여부가 바뀌지 않음
SC0322,가음정경로당,경로당,4812355000,가음정동,성산구,scenario_stable_non_high,0.0,0.0,0.0,0.0,0,0,0,0.0,0.0,0.0,438.6,26.5,33.1,0.0,0.0,0.0,0.0,0.0,0.0,0.0,0.0,0.0,0.0,none,no_axis_variation,,0.0,0.0,843.1,178.88,501,36개 가정 전체에서 상위 10% 포함 여부가 바뀌지 않음
SC0323,더샾센트럴파크경로당,경로당,4812355000,가음정동,성산구,scenario_stable_non_high,0.0,0.0,0.0,0.0,0,0,0,0.0,0.0,0.0,296.6,17.9,15.7,0.0,0.0,0.0,0.0,0.0,0.0,0.0,0.0,0.0,0.0,none,no_axis_variation,,0.0,0.0,1209.5,117.53,325,36개 가정 전체에서 상위 10% 포함 여부가 바뀌지 않음
SC0324,은아(아)경로당,경로당,4812355000,가음정동,성산구,scenario_stable_non_high,0.0,0.0,0.0,0.0,0,0,0,0.0,0.0,0.0,390.0,27.3,38.2,0.0,0.0,0.0,0.0,0.0,0.0,0.0,0.0,0.0,0.0,none,no_axis_variation,,0.0,0.0,755.4,160.8,456,36개 가정 전체에서 상위 10% 포함 여부가 바뀌지 않음
SC0325,소라(아)경로당,경로당,4812355000,가음정동,성산구,scenario_stable_non_high,0.0,0.0,0.0,0.0,0,0,0,0.0,0.0,0.0,250.5,13.9,38.7,0.0,0.0,0.0,0.0,0.0,0.0,0.0,0.0,0.0,0.0,none,no_axis_variation,,0.0,0.0,468.2,104.71,303,36개 가정 전체에서 상위 10% 포함 여부가 바뀌지 않음
SC0326,우성(아)경로당,경로당,4812355000,가음정동,성산구,scenario_stable_non_high,0.0,0.0,0.0,0.0,0,0,0,0.0,0.0,0.0,262.8,9.4,10.2,0.0,0.0,0.0,0.0,0.0,0.0,0.0,0.0,0.0,0.0,none,no_axis_variation,,0.0,0.0,1345.1,110.94,299,36개 가정 전체에서 상위 10% 포함 여부가 바뀌지 않음
SC0327,롯데(아)경로당,경로당,4812355000,가음정동,성산구,scenario_stable_non_high,0.0,0.0,0.0,0.0,0,0,0,0.0,0.0,0.0,369.3,8.0,13.9,0.0,0.0,0.0,0.0,0.0,0.0,0.0,0.0,0.0,0.0,none,no_axis_variation,,0.0,0.0,1261.8,151.31,390,36개 가정 전체에서 상위 10% 포함 여부가 바뀌지 않음
SC0328,동성(아)경로당,경로당,4812355000,가음정동,성산구,scenario_stable_non_high,0.0,0.0,0.0,0.0,0,0,0,0.0,0.0,0.0,136.1,5.6,8.6,0.0,0.0,0.0,0.0,0.0,0.0,0.0,0.0,0.0,0.0,none,no_axis_variation,,0.0,0.0,1307.6,55.45,155,36개 가정 전체에서 상위 10% 포함 여부가 바뀌지 않음
SC0329,성원1차(아)경로당,경로당,4812355000,가음정동,성산구,scenario_stable_non_high,0.0,0.0,0.0,0.0,0,0,0,0.0,0.0,0.0,92.8,10.2,13.3,0.0,0.0,0.0,0.0,0.0,0.0,0.0,0.0,0.0,0.0,none,no_axis_variation,,0.0,0.0,1301.3,39.84,123,36개 가정 전체에서 상위 10% 포함 여부가 바뀌지 않음
SC0330,성원2차(아)경로당,경로당,4812355000,가음정동,성산구,scenario_stable_non_high,0.0,0.0,0.0,0.0,0,0,0,0.0,0.0,0.0,104.4,17.1,13.5,0.0,0.0,0.0,0.0,0.0,0.0,0.0,0.0,0.0,0.0,none,no_axis_variation,,0.0,0.0,1298.7,39.3,127,36개 가정 전체에서 상위 10% 포함 여부가 바뀌지 않음
SC0331,피오르빌(아)경로당,경로당,4812355000,가음정동,성산구,scenario_stable_non_high,0.0,0.0,0.0,0.0,0,0,0,0.0,0.0,0.0,153.1,32.9,14.9,0.0,0.0,0.0,0.0,0.0,0.0,0.0,0.0,0.0,0.0,none,no_axis_variation,,0.0,0.0,1236.1,58.96,188,36개 가정 전체에서 상위 10% 포함 여부가 바뀌지 않음
SC0332,대방경로당,경로당,4812355000,가음정동,성산구,scenario_stable_non_high,0.0,0.0,0.0,0.0,0,0,0,0.0,0.0,0.0,148.3,71.9,33.6,0.0,0.0,0.0,0.0,0.0,0.0,0.0,0.0,0.0,0.0,none,no_axis_variation,,0.0,0.0,795.3,70.12,240,36개 가정 전체에서 상위 10% 포함 여부가 바뀌지 않음
SC0333,음지경로당,경로당,4812355000,가음정동,성산구,scenario_stable_non_high,0.0,0.0,0.0,0.0,0,0,0,0.0,0.0,0.0,148.3,71.9,33.6,0.0,0.0,0.0,0.0,0.0,0.0,0.0,0.0,0.0,0.0,none,no_axis_variation,,0.0,0.0,795.3,70.12,240,36개 가정 전체에서 상위 10% 포함 여부가 바뀌지 않음
SC0334,가음동경로당,경로당,4812355000,가음정동,성산구,scenario_stable_non_high,0.0,0.0,0.0,0.0,0,0,0,0.0,0.0,0.0,328.8,41.4,48.3,0.0,0.0,0.0,0.0,0.0,0.0,0.0,0.0,0.0,0.0,none,no_axis_variation,,0.0,0.0,435.4,138.27,415,36개 가정 전체에서 상위 10% 포함 여부가 바뀌지 않음
SC0335,개나리3차(아)경로당,경로당,4812355000,가음정동,성산구,scenario_stable_non_high,0.0,0.0,0.0,0.0,0,0,0,0.0,0.0,0.0,128.3,21.9,14.5,0.0,0.0,0.0,0.0,0.0,0.0,0.0,0.0,0.0,0.0,none,no_axis_variation,,0.0,0.0,1293.5,48.68,168,36개 가정 전체에서 상위 10% 포함 여부가 바뀌지 않음
SC0336,한림(아)경로당,경로당,4812355000,가음정동,성산구,scenario_stable_non_high,0.0,0.0,0.0,0.0,0,0,0,0.0,0.0,0.0,162.2,10.9,7.5,0.0,0.0,0.0,0.0,0.0,0.0,0.0,0.0,0.0,0.0,none,no_axis_variation,,0.0,0.0,1397.3,64.47,191,36개 가정 전체에서 상위 10% 포함 여부가 바뀌지 않음
SC0337,위드파크(아)경로당,경로당,4812355000,가음정동,성산구,scenario_stable_non_high,0.0,0.0,0.0,0.0,0,0,0,0.0,0.0,0.0,83.9,41.8,18.6,0.0,0.0,0.0,0.0,0.0,0.0,0.0,0.0,0.0,0.0,none,no_axis_variation,,0.0,0.0,1167.6,38.68,145,36개 가정 전체에서 상위 10% 포함 여부가 바뀌지 않음
SC0338,남산경로당,경로당,4812355000,가음정동,성산구,scenario_stable_non_high,0.0,0.0,0.0,0.0,0,0,0,0.0,0.0,0.0,286.0,54.0,46.7,0.0,0.0,0.0,0.0,0.0,0.0,0.0,0.0,0.0,0.0,none,no_axis_variation,,0.0,0.0,393.0,118.51,386,36개 가정 전체에서 상위 10% 포함 여부가 바뀌지 않음
SC0339,가음꿈에그린경로당,경로당,4812355000,가음정동,성산구,scenario_stable_non_high,0.0,0.0,0.0,0.0,0,0,0,0.0,0.0,0.0,242.4,4.6,18.7,0.0,0.0,0.0,0.0,0.0,0.0,0.0,0.0,0.0,0.0,none,no_axis_variation,,0.0,0.0,1158.9,90.11,261,36개 가정 전체에서 상위 10% 포함 여부가 바뀌지 않음
SC0340,창원센텀푸르지오경로당,경로당,4812355000,가음정동,성산구,scenario_stable_non_high,0.0,0.0,0.0,0.0,0,0,0,0.0,0.0,0.0,180.7,6.5,27.5,0.0,0.0,0.0,0.0,0.0,0.0,0.0,0.0,0.0,0.0,none,no_axis_variation,,0.0,0.0,904.5,74.05,215,36개 가정 전체에서 상위 10% 포함 여부가 바뀌지 않음
SC0341,성남경로당,경로당,4812355000,가음정동,성산구,scenario_stable_non_high,0.0,0.0,0.0,0.0,0,0,0,0.0,0.0,0.0,181.7,51.1,33.2,0.0,0.0,0.0,0.0,0.0,0.0,0.0,0.0,0.0,0.0,none,no_axis_variation,,0.0,0.0,752.8,72.26,271,36개 가정 전체에서 상위 10% 포함 여부가 바뀌지 않음
SC0343,불모산경로당,경로당,4812356000,성주동,성산구,scenario_stable_non_high,0.0,0.0,0.0,0.0,0,0,0,0.0,0.0,0.0,485.2,35.4,24.5,0.0,0.0,0.0,0.0,0.0,0.0,0.0,0.0,0.0,0.0,none,no_axis_variation,,0.0,0.0,853.2,180.05,543,36개 가정 전체에서 상위 10% 포함 여부가 바뀌지 않음
SC0344,삼정자경로당,경로당,4812356000,성주동,성산구,scenario_stable_non_high,0.0,0.0,0.0,0.0,0,0,0,0.0,0.0,0.0,141.3,49.8,26.4,0.0,0.0,0.0,0.0,0.0,0.0,0.0,0.0,0.0,0.0,none,no_axis_variation,,0.0,0.0,908.3,64.62,219,36개 가정 전체에서 상위 10% 포함 여부가 바뀌지 않음
SC0346,신우에이스타운경로당,경로당,4812356000,성주동,성산구,scenario_stable_non_high,0.0,0.0,0.0,0.0,0,0,0,0.0,0.0,0.0,129.4,25.5,41.3,0.0,0.0,0.0,0.0,0.0,0.0,0.0,0.0,0.0,0.0,none,no_axis_variation,,0.0,0.0,484.8,58.25,188,36개 가정 전체에서 상위 10% 포함 여부가 바뀌지 않음
SC0348,유니온빌리지(아)경로당,경로당,4812356000,성주동,성산구,scenario_stable_non_high,0.0,0.0,0.0,0.0,0,0,0,0.0,0.0,0.0,65.6,18.6,8.4,0.0,0.0,0.0,0.0,0.0,0.0,0.0,0.0,0.0,0.0,none,no_axis_variation,,0.0,0.0,1440.0,25.93,92,36개 가정 전체에서 상위 10% 포함 여부가 바뀌지 않음
SC0350,프리빌리지경로당,경로당,4812356000,성주동,성산구,scenario_stable_non_high,0.0,0.0,0.0,0.0,0,0,0,0.0,0.0,0.0,162.8,46.0,16.8,0.0,0.0,0.0,0.0,0.0,0.0,0.0,0.0,0.0,0.0,none,no_axis_variation,,0.0,0.0,1256.9,64.12,216,36개 가정 전체에서 상위 10% 포함 여부가 바뀌지 않음
SC0351,프리빌리지2차(아)경로당,경로당,4812356000,성주동,성산구,scenario_stable_non_high,0.0,0.0,0.0,0.0,0,0,0,0.0,0.0,0.0,428.2,34.7,15.4,0.0,0.0,0.0,0.0,0.0,0.0,0.0,0.0,0.0,0.0,none,no_axis_variation,,0.0,0.0,1210.2,169.51,471,36개 가정 전체에서 상위 10% 포함 여부가 바뀌지 않음
SC0352,한림푸르지오(아)경로당,경로당,4812356000,성주동,성산구,scenario_stable_non_high,0.0,0.0,0.0,0.0,0,0,0,0.0,0.0,0.0,63.0,47.2,19.2,0.0,0.0,0.0,0.0,0.0,0.0,0.0,0.0,0.0,0.0,none,no_axis_variation,,0.0,0.0,1122.2,33.43,138,36개 가정 전체에서 상위 10% 포함 여부가 바뀌지 않음
SC0353,한솔(아)경로당,경로당,4812356000,성주동,성산구,scenario_stable_non_high,0.0,0.0,0.0,0.0,0,0,0,0.0,0.0,0.0,200.0,14.3,38.6,0.0,0.0,0.0,0.0,0.0,0.0,0.0,0.0,0.0,0.0,none,no_axis_variation,,0.0,0.0,416.1,78.81,250,36개 가정 전체에서 상위 10% 포함 여부가 바뀌지 않음
SC0356,양곡경로당,경로당,4812357000,웅남동,성산구,scenario_stable_non_high,0.0,0.0,0.0,0.0,0,0,0,0.0,0.0,0.0,473.1,15.1,14.6,0.0,0.0,0.0,0.0,0.0,0.0,0.0,0.0,0.0,0.0,none,no_axis_variation,,0.0,0.0,1136.5,190.18,492,36개 가정 전체에서 상위 10% 포함 여부가 바뀌지 않음
SC0357,동성1차경로당,경로당,4812357000,웅남동,성산구,scenario_stable_non_high,0.0,0.0,0.0,0.0,0,0,0,0.0,0.0,0.0,721.5,35.2,38.2,0.0,0.0,0.0,0.0,0.0,0.0,0.0,0.0,0.0,0.0,none,no_axis_variation,,0.0,0.0,633.7,285.04,785,36개 가정 전체에서 상위 10% 포함 여부가 바뀌지 않음
SC0360,성원아파트경로당,경로당,4812357000,웅남동,성산구,scenario_stable_non_high,0.0,0.0,0.0,0.0,0,0,0,0.0,0.0,0.0,117.1,4.2,7.0,0.0,0.0,0.0,0.0,0.0,0.0,0.0,0.0,0.0,0.0,none,no_axis_variation,,0.0,0.0,1461.5,45.32,126,36개 가정 전체에서 상위 10% 포함 여부가 바뀌지 않음
SC0361,귀산경로당,경로당,4812357000,웅남동,성산구,scenario_stable_non_high,0.0,0.0,0.0,0.0,0,0,0,0.0,0.0,0.0,0.0,0.0,0.0,0.0,0.0,0.0,0.0,0.0,0.0,0.0,0.0,0.0,0.0,none,no_axis_variation,,0.0,0.0,1584.0,0.0,0,36개 가정 전체에서 상위 10% 포함 여부가 바뀌지 않음
SC0362,석교경로당,경로당,4812357000,웅남동,성산구,scenario_stable_non_high,0.0,0.0,0.0,0.0,0,0,0,0.0,0.0,0.0,0.0,0.0,0.0,0.0,0.0,0.0,0.0,0.0,0.0,0.0,0.0,0.0,0.0,none,no_axis_variation,,0.0,0.0,1584.0,0.0,0,36개 가정 전체에서 상위 10% 포함 여부가 바뀌지 않음
SC0363,갯마을경로당,경로당,4812357000,웅남동,성산구,scenario_stable_non_high,0.0,0.0,0.0,0.0,0,0,0,0.0,0.0,0.0,0.0,0.0,0.0,0.0,0.0,0.0,0.0,0.0,0.0,0.0,0.0,0.0,0.0,none,no_axis_variation,,0.0,0.0,1584.0,0.0,0,36개 가정 전체에서 상위 10% 포함 여부가 바뀌지 않음
SC0364,용호마을경로당,경로당,4812357000,웅남동,성산구,scenario_stable_non_high,0.0,0.0,0.0,0.0,0,0,0,0.0,0.0,0.0,77.3,18.6,9.0,0.0,0.0,0.0,0.0,0.0,0.0,0.0,0.0,0.0,0.0,none,no_axis_variation,,0.0,0.0,1382.7,33.27,111,36개 가정 전체에서 상위 10% 포함 여부가 바뀌지 않음
SC0365,동부산아이존빌경로당,경로당,4812357000,웅남동,성산구,scenario_stable_non_high,0.0,0.0,0.0,0.0,0,0,0,0.0,0.0,0.0,689.6,26.8,38.7,0.0,0.0,0.0,0.0,0.0,0.0,0.0,0.0,0.0,0.0,none,no_axis_variation,,0.0,0.0,830.0,281.88,751,36개 가정 전체에서 상위 10% 포함 여부가 바뀌지 않음
SC0367,동원로얄듀크경로당,경로당,4812357000,웅남동,성산구,scenario_stable_non_high,0.0,0.0,0.0,0.0,0,0,0,0.0,0.0,0.0,108.9,3.7,7.9,0.0,0.0,0.0,0.0,0.0,0.0,0.0,0.0,0.0,0.0,none,no_axis_variation,,0.0,0.0,1474.8,42.07,119,36개 가정 전체에서 상위 10% 포함 여부가 바뀌지 않음
SC0368,상남남성경로당,경로당,4812564000,합포동,마산합포구,scenario_stable_non_high,0.0,0.0,0.0,0.0,0,0,0,0.0,0.0,0.0,192.6,28.2,27.6,0.0,0.0,0.0,0.0,0.0,0.0,0.0,0.0,0.0,0.0,none,no_axis_variation,,0.0,0.0,405.3,79.0,260,36개 가정 전체에서 상위 10% 포함 여부가 바뀌지 않음
SC0369,상남여성경로당,경로당,4812564000,합포동,마산합포구,scenario_stable_non_high,0.0,0.0,0.0,0.0,0,0,0,0.0,0.0,0.0,192.6,28.2,27.6,0.0,0.0,0.0,0.0,0.0,0.0,0.0,0.0,0.0,0.0,none,no_axis_variation,,0.0,0.0,405.3,79.0,260,36개 가정 전체에서 상위 10% 포함 여부가 바뀌지 않음
SC0370,용마남성경로당,경로당,4812564000,합포동,마산합포구,scenario_stable_non_high,0.0,0.0,0.0,0.0,0,0,0,0.0,0.0,0.0,350.4,29.6,22.5,0.0,0.0,0.0,0.0,0.0,0.0,0.0,0.0,0.0,0.0,none,no_axis_variation,,0.0,0.0,425.2,136.51,403,36개 가정 전체에서 상위 10% 포함 여부가 바뀌지 않음
SC0371,용마여성경로당,경로당,4812564000,합포동,마산합포구,scenario_stable_non_high,0.0,0.0,0.0,0.0,0,0,0,0.0,0.0,0.0,350.4,29.6,22.5,0.0,0.0,0.0,0.0,0.0,0.0,0.0,0.0,0.0,0.0,none,no_axis_variation,,0.0,0.0,425.2,136.51,403,36개 가정 전체에서 상위 10% 포함 여부가 바뀌지 않음
SC0372,숲골남성경로당,경로당,4812564000,합포동,마산합포구,scenario_stable_non_high,0.0,0.0,0.0,0.0,0,0,0,0.0,0.0,0.0,277.9,32.4,6.1,0.0,0.0,0.0,0.0,0.0,0.0,0.0,0.0,0.0,0.0,none,no_axis_variation,,0.0,0.0,550.5,113.11,326,36개 가정 전체에서 상위 10% 포함 여부가 바뀌지 않음
SC0373,숲골여성경로당,경로당,4812564000,합포동,마산합포구,scenario_stable_non_high,0.0,0.0,0.0,0.0,0,0,0,0.0,0.0,0.0,277.9,32.4,6.1,0.0,0.0,0.0,0.0,0.0,0.0,0.0,0.0,0.0,0.0,none,no_axis_variation,,0.0,0.0,550.5,113.11,326,36개 가정 전체에서 상위 10% 포함 여부가 바뀌지 않음
SC0375,무학맨션경로당,경로당,4812564000,합포동,마산합포구,scenario_stable_non_high,0.0,0.0,0.0,0.0,0,0,0,0.0,0.0,0.0,65.5,33.7,20.5,0.0,0.0,0.0,0.0,0.0,0.0,0.0,0.0,0.0,0.0,none,no_axis_variation,,0.0,0.0,250.3,30.87,126,36개 가정 전체에서 상위 10% 포함 여부가 바뀌지 않음
SC0376,무학경로당,경로당,4812564000,합포동,마산합포구,scenario_stable_non_high,0.0,0.0,0.0,0.0,0,0,0,0.0,0.0,0.0,65.5,33.7,20.5,0.0,0.0,0.0,0.0,0.0,0.0,0.0,0.0,0.0,0.0,none,no_axis_variation,,0.0,0.0,250.3,30.87,126,36개 가정 전체에서 상위 10% 포함 여부가 바뀌지 않음
SC0377,진웅네스빌경로당,경로당,4812564000,합포동,마산합포구,scenario_stable_non_high,0.0,0.0,0.0,0.0,0,0,0,0.0,0.0,0.0,326.9,32.6,11.1,0.0,0.0,0.0,0.0,0.0,0.0,0.0,0.0,0.0,0.0,none,no_axis_variation,,0.0,0.0,319.5,132.03,369,36개 가정 전체에서 상위 10% 포함 여부가 바뀌지 않음
SC0378,가포제2남성경로당,경로당,4812552000,가포동,마산합포구,scenario_stable_non_high,0.0,0.0,0.0,0.0,0,0,0,0.0,0.0,0.0,114.5,3.4,39.8,0.0,0.0,0.0,0.0,0.0,0.0,0.0,0.0,0.0,0.0,none,no_axis_variation,,0.0,0.0,717.0,50.64,175,36개 가정 전체에서 상위 10% 포함 여부가 바뀌지 않음
SC0379,가포제2여성경로당,경로당,4812552000,가포동,마산합포구,scenario_stable_non_high,0.0,0.0,0.0,0.0,0,0,0,0.0,0.0,0.0,114.5,3.4,39.8,0.0,0.0,0.0,0.0,0.0,0.0,0.0,0.0,0.0,0.0,none,no_axis_variation,,0.0,0.0,717.0,50.64,175,36개 가정 전체에서 상위 10% 포함 여부가 바뀌지 않음
SC0380,건화맨션경로당,경로당,4812552000,가포동,마산합포구,scenario_stable_non_high,0.0,0.0,0.0,0.0,0,0,0,0.0,0.0,0.0,151.8,68.9,16.0,0.0,0.0,0.0,0.0,0.0,0.0,0.0,0.0,0.0,0.0,none,no_axis_variation,,0.0,0.0,1198.3,70.8,232,36개 가정 전체에서 상위 10% 포함 여부가 바뀌지 않음
SC0381,가포LH아파트1단지경로당,경로당,4812552000,가포동,마산합포구,scenario_stable_non_high,0.0,0.0,0.0,0.0,0,0,0,0.0,0.0,0.0,44.8,4.5,7.5,0.0,0.0,0.0,0.0,0.0,0.0,0.0,0.0,0.0,0.0,none,no_axis_variation,,0.0,0.0,1390.5,20.98,57,36개 가정 전체에서 상위 10% 포함 여부가 바뀌지 않음
SC0382,마창대교반도유보라아이비파크경로당,경로당,4812552000,가포동,마산합포구,scenario_stable_non_high,0.0,0.0,0.0,0.0,0,0,0,0.0,0.0,0.0,153.6,13.2,8.3,0.0,0.0,0.0,0.0,0.0,0.0,0.0,0.0,0.0,0.0,none,no_axis_variation,,0.0,0.0,1338.8,55.93,176,36개 가정 전체에서 상위 10% 포함 여부가 바뀌지 않음
SC0383,가포안단테아파트경로당,경로당,4812552000,가포동,마산합포구,scenario_stable_non_high,0.0,0.0,0.0,0.0,0,0,0,0.0,0.0,0.0,161.4,13.3,12.4,0.0,0.0,0.0,0.0,0.0,0.0,0.0,0.0,0.0,0.0,none,no_axis_variation,,0.0,0.0,1287.8,66.24,193,36개 가정 전체에서 상위 10% 포함 여부가 바뀌지 않음
SC0384,가포금호어울림NHF아파트경로당,경로당,4812552000,가포동,마산합포구,scenario_stable_non_high,0.0,0.0,0.0,0.0,0,0,0,0.0,0.0,0.0,49.0,1.9,5.3,0.0,0.0,0.0,0.0,0.0,0.0,0.0,0.0,0.0,0.0,none,no_axis_variation,,0.0,0.0,1403.4,21.08,61,36개 가정 전체에서 상위 10% 포함 여부가 바뀌지 않음
SC0385,중앙남성경로당,경로당,4812556500,반월중앙동,마산합포구,scenario_stable_non_high,0.0,0.0,0.0,0.0,0,0,0,0.0,0.0,0.0,219.9,17.9,41.9,0.0,0.0,0.0,0.0,0.0,0.0,0.0,0.0,0.0,0.0,none,no_axis_variation,,0.0,0.0,493.6,88.88,261,36개 가정 전체에서 상위 10% 포함 여부가 바뀌지 않음
SC0386,중앙여성경로당,경로당,4812556500,반월중앙동,마산합포구,scenario_stable_non_high,0.0,0.0,0.0,0.0,0,0,0,0.0,0.0,0.0,219.9,17.9,41.9,0.0,0.0,0.0,0.0,0.0,0.0,0.0,0.0,0.0,0.0,none,no_axis_variation,,0.0,0.0,493.6,88.88,261,36개 가정 전체에서 상위 10% 포함 여부가 바뀌지 않음
SC0387,신월남성경로당,경로당,4812556500,반월중앙동,마산합포구,scenario_stable_non_high,0.0,0.0,0.0,0.0,0,0,0,0.0,0.0,0.0,242.2,18.9,27.0,0.0,0.0,0.0,0.0,0.0,0.0,0.0,0.0,0.0,0.0,none,no_axis_variation,,0.0,0.0,928.3,102.45,302,36개 가정 전체에서 상위 10% 포함 여부가 바뀌지 않음
SC0388,신월여성경로당,경로당,4812556500,반월중앙동,마산합포구,scenario_stable_non_high,0.0,0.0,0.0,0.0,0,0,0,0.0,0.0,0.0,242.2,18.9,27.0,0.0,0.0,0.0,0.0,0.0,0.0,0.0,0.0,0.0,0.0,none,no_axis_variation,,0.0,0.0,928.3,102.45,302,36개 가정 전체에서 상위 10% 포함 여부가 바뀌지 않음
SC0389,반월시장경로당,경로당,4812556500,반월중앙동,마산합포구,scenario_stable_non_high,0.0,0.0,0.0,0.0,0,0,0,0.0,0.0,0.0,160.7,30.6,50.1,0.0,0.0,0.0,0.0,0.0,0.0,0.0,0.0,0.0,0.0,none,no_axis_variation,,0.0,0.0,503.1,68.46,258,36개 가정 전체에서 상위 10% 포함 여부가 바뀌지 않음
SC0390,반월월포남성경로당,경로당,4812556500,반월중앙동,마산합포구,scenario_stable_non_high,0.0,0.0,0.0,0.0,0,0,0,0.0,0.0,0.0,190.9,28.6,53.1,0.0,0.0,0.0,0.0,0.0,0.0,0.0,0.0,0.0,0.0,none,no_axis_variation,,0.0,0.0,452.9,74.75,283,36개 가정 전체에서 상위 10% 포함 여부가 바뀌지 않음
SC0391,반월월포여성경로당,경로당,4812556500,반월중앙동,마산합포구,scenario_stable_non_high,0.0,0.0,0.0,0.0,0,0,0,0.0,0.0,0.0,190.9,28.6,53.1,0.0,0.0,0.0,0.0,0.0,0.0,0.0,0.0,0.0,0.0,none,no_axis_variation,,0.0,0.0,452.9,74.75,283,36개 가정 전체에서 상위 10% 포함 여부가 바뀌지 않음
SC0392,벽산블루밍경로당,경로당,4812556500,반월중앙동,마산합포구,scenario_stable_non_high,0.0,0.0,0.0,0.0,0,0,0,0.0,0.0,0.0,179.6,14.6,39.4,0.0,0.0,0.0,0.0,0.0,0.0,0.0,0.0,0.0,0.0,none,no_axis_variation,,0.0,0.0,474.7,74.54,226,36개 가정 전체에서 상위 10% 포함 여부가 바뀌지 않음
SC0393,월포경동메르빌남자경로당,경로당,4812556500,반월중앙동,마산합포구,scenario_stable_non_high,0.0,0.0,0.0,0.0,0,0,0,0.0,0.0,0.0,279.7,23.7,38.7,0.0,0.0,0.0,0.0,0.0,0.0,0.0,0.0,0.0,0.0,none,no_axis_variation,,0.0,0.0,330.2,117.83,336,36개 가정 전체에서 상위 10% 포함 여부가 바뀌지 않음
SC0394,월포경동메르빌여성경로당,경로당,4812556500,반월중앙동,마산합포구,scenario_stable_non_high,0.0,0.0,0.0,0.0,0,0,0,0.0,0.0,0.0,279.7,23.7,38.7,0.0,0.0,0.0,0.0,0.0,0.0,0.0,0.0,0.0,0.0,none,no_axis_variation,,0.0,0.0,330.2,117.83,336,36개 가정 전체에서 상위 10% 포함 여부가 바뀌지 않음
SC0395,중앙경동메르빌아파트경로당,경로당,4812556500,반월중앙동,마산합포구,scenario_stable_non_high,0.0,0.0,0.0,0.0,0,0,0,0.0,0.0,0.0,171.2,24.3,32.8,0.0,0.0,0.0,0.0,0.0,0.0,0.0,0.0,0.0,0.0,none,no_axis_variation,,0.0,0.0,247.6,71.58,223,36개 가정 전체에서 상위 10% 포함 여부가 바뀌지 않음
SC0396,우방(아)경로당,경로당,4812556500,반월중앙동,마산합포구,scenario_stable_non_high,0.0,0.0,0.0,0.0,0,0,0,0.0,0.0,0.0,142.2,23.7,28.0,0.0,0.0,0.0,0.0,0.0,0.0,0.0,0.0,0.0,0.0,none,no_axis_variation,,0.0,0.0,223.1,59.34,200,36개 가정 전체에서 상위 10% 포함 여부가 바뀌지 않음
SC0398,신한토탈아파트경로당,경로당,4812556500,반월중앙동,마산합포구,scenario_stable_non_high,0.0,0.0,0.0,0.0,0,0,0,0.0,0.0,0.0,149.2,29.1,31.7,0.0,0.0,0.0,0.0,0.0,0.0,0.0,0.0,0.0,0.0,none,no_axis_variation,,0.0,0.0,238.7,65.01,216,36개 가정 전체에서 상위 10% 포함 여부가 바뀌지 않음
SC0399,대동한마음아파트경로당,경로당,4812556500,반월중앙동,마산합포구,scenario_stable_non_high,0.0,0.0,0.0,0.0,0,0,0,0.0,0.0,0.0,332.8,26.1,41.4,0.0,0.0,0.0,0.0,0.0,0.0,0.0,0.0,0.0,0.0,none,no_axis_variation,,0.0,0.0,604.1,126.42,393,36개 가정 전체에서 상위 10% 포함 여부가 바뀌지 않음
SC0401,대창경로당,경로당,4812554000,문화동,마산합포구,scenario_stable_non_high,0.0,0.0,0.0,0.0,0,0,0,0.0,0.0,0.0,29.2,33.2,29.1,0.0,0.0,0.0,0.0,0.0,0.0,0.0,0.0,0.0,0.0,none,no_axis_variation,,0.0,0.0,842.6,22.45,96,36개 가정 전체에서 상위 10% 포함 여부가 바뀌지 않음
SC0402,대창여성경로당,경로당,4812554000,문화동,마산합포구,scenario_stable_non_high,0.0,0.0,0.0,0.0,0,0,0,0.0,0.0,0.0,29.2,33.2,29.1,0.0,0.0,0.0,0.0,0.0,0.0,0.0,0.0,0.0,0.0,none,no_axis_variation,,0.0,0.0,842.6,22.45,96,36개 가정 전체에서 상위 10% 포함 여부가 바뀌지 않음
SC0403,당산경로당,경로당,4812554000,문화동,마산합포구,scenario_stable_non_high,0.0,0.0,0.0,0.0,0,0,0,0.0,0.0,0.0,113.7,40.3,26.8,0.0,0.0,0.0,0.0,0.0,0.0,0.0,0.0,0.0,0.0,none,no_axis_variation,,0.0,0.0,886.0,52.16,191,36개 가정 전체에서 상위 10% 포함 여부가 바뀌지 않음
SC0404,당산여성경로당,경로당,4812554000,문화동,마산합포구,scenario_stable_non_high,0.0,0.0,0.0,0.0,0,0,0,0.0,0.0,0.0,113.7,40.3,26.8,0.0,0.0,0.0,0.0,0.0,0.0,0.0,0.0,0.0,0.0,none,no_axis_variation,,0.0,0.0,886.0,52.16,191,36개 가정 전체에서 상위 10% 포함 여부가 바뀌지 않음
SC0405,창포경로당,경로당,4812554000,문화동,마산합포구,scenario_stable_non_high,0.0,0.0,0.0,0.0,0,0,0,0.0,0.0,0.0,73.5,20.4,43.3,0.0,0.0,0.0,0.0,0.0,0.0,0.0,0.0,0.0,0.0,none,no_axis_variation,,0.0,0.0,315.7,37.57,136,36개 가정 전체에서 상위 10% 포함 여부가 바뀌지 않음
SC0406,창포여성경로당,경로당,4812554000,문화동,마산합포구,scenario_stable_non_high,0.0,0.0,0.0,0.0,0,0,0,0.0,0.0,0.0,73.5,20.4,43.3,0.0,0.0,0.0,0.0,0.0,0.0,0.0,0.0,0.0,0.0,none,no_axis_variation,,0.0,0.0,315.7,37.57,136,36개 가정 전체에서 상위 10% 포함 여부가 바뀌지 않음
SC0407,월남경로당,경로당,4812554000,문화동,마산합포구,scenario_stable_non_high,0.0,0.0,0.0,0.0,0,0,0,0.0,0.0,0.0,143.8,10.7,41.8,0.0,0.0,0.0,0.0,0.0,0.0,0.0,0.0,0.0,0.0,none,no_axis_variation,,0.0,0.0,348.2,55.98,204,36개 가정 전체에서 상위 10% 포함 여부가 바뀌지 않음
SC0408,월남여성경로당,경로당,4812554000,문화동,마산합포구,scenario_stable_non_high,0.0,0.0,0.0,0.0,0,0,0,0.0,0.0,0.0,143.8,10.7,41.8,0.0,0.0,0.0,0.0,0.0,0.0,0.0,0.0,0.0,0.0,none,no_axis_variation,,0.0,0.0,348.2,55.98,204,36개 가정 전체에서 상위 10% 포함 여부가 바뀌지 않음
SC0409,창포동성아파트경로당,경로당,4812554000,문화동,마산합포구,scenario_stable_non_high,0.0,0.0,0.0,0.0,0,0,0,0.0,0.0,0.0,116.2,12.2,42.4,0.0,0.0,0.0,0.0,0.0,0.0,0.0,0.0,0.0,0.0,none,no_axis_variation,,0.0,0.0,282.9,46.26,169,36개 가정 전체에서 상위 10% 포함 여부가 바뀌지 않음
SC0410,창포경남맨션경로당,경로당,4812554000,문화동,마산합포구,scenario_stable_non_high,0.0,0.0,0.0,0.0,0,0,0,0.0,0.0,0.0,74.8,24.4,41.6,0.0,0.0,0.0,0.0,0.0,0.0,0.0,0.0,0.0,0.0,none,no_axis_variation,,0.0,0.0,294.4,38.62,130,36개 가정 전체에서 상위 10% 포함 여부가 바뀌지 않음
SC0412,창포한백아파트경로당,경로당,4812554000,문화동,마산합포구,scenario_stable_non_high,0.0,0.0,0.0,0.0,0,0,0,0.0,0.0,0.0,61.8,6.3,42.6,0.0,0.0,0.0,0.0,0.0,0.0,0.0,0.0,0.0,0.0,none,no_axis_variation,,0.0,0.0,299.5,31.28,116,36개 가정 전체에서 상위 10% 포함 여부가 바뀌지 않음
SC0413,월영한백아파트경로당,경로당,4812554000,문화동,마산합포구,scenario_stable_non_high,0.0,0.0,0.0,0.0,0,0,0,0.0,0.0,0.0,130.7,38.0,29.9,0.0,0.0,0.0,0.0,0.0,0.0,0.0,0.0,0.0,0.0,none,no_axis_variation,,0.0,0.0,879.3,59.26,213,36개 가정 전체에서 상위 10% 포함 여부가 바뀌지 않음
SC0414,귀정경로당,경로당,4812533000,진북면,마산합포구,scenario_stable_non_high,0.0,0.0,0.0,0.0,0,0,0,0.0,0.0,0.0,230.3,31.2,29.1,0.0,0.0,0.0,0.0,0.0,0.0,0.0,0.0,0.0,0.0,none,no_axis_variation,,0.0,0.0,252.9,94.84,285,36개 가정 전체에서 상위 10% 포함 여부가 바뀌지 않음
SC0415,금산경로당,경로당,4812533000,진북면,마산합포구,scenario_stable_non_high,0.0,0.0,0.0,0.0,0,0,0,0.0,0.0,0.0,511.8,75.0,21.7,0.0,0.0,0.0,0.0,0.0,0.0,0.0,0.0,0.0,0.0,none,no_axis_variation,,0.0,0.0,924.5,195.92,593,36개 가정 전체에서 상위 10% 포함 여부가 바뀌지 않음
SC0416,내추경로당,경로당,4812533000,진북면,마산합포구,scenario_stable_non_high,0.0,0.0,0.0,0.0,0,0,0,0.0,0.0,0.0,0.0,0.0,0.0,0.0,0.0,0.0,0.0,0.0,0.0,0.0,0.0,0.0,0.0,none,no_axis_variation,,0.0,0.0,1584.0,0.0,0,36개 가정 전체에서 상위 10% 포함 여부가 바뀌지 않음
SC0418,대평경로당,경로당,4812533000,진북면,마산합포구,scenario_stable_non_high,0.0,0.0,0.0,0.0,0,0,0,0.0,0.0,0.0,82.1,6.5,8.3,0.0,0.0,0.0,0.0,0.0,0.0,0.0,0.0,0.0,0.0,none,no_axis_variation,,0.0,0.0,1441.2,32.27,91,36개 가정 전체에서 상위 10% 포함 여부가 바뀌지 않음
SC0419,대현경로당,경로당,4812533000,진북면,마산합포구,scenario_stable_non_high,0.0,0.0,0.0,0.0,0,0,0,0.0,0.0,0.0,140.6,34.0,49.3,0.0,0.0,0.0,0.0,0.0,0.0,0.0,0.0,0.0,0.0,none,no_axis_variation,,0.0,0.0,576.8,60.19,224,36개 가정 전체에서 상위 10% 포함 여부가 바뀌지 않음
SC0420,덕곡경로당,경로당,4812533000,진북면,마산합포구,scenario_stable_non_high,0.0,0.0,0.0,0.0,0,0,0,0.0,0.0,0.0,358.2,21.7,18.9,0.0,0.0,0.0,0.0,0.0,0.0,0.0,0.0,0.0,0.0,none,no_axis_variation,,0.0,0.0,1037.0,143.95,398,36개 가정 전체에서 상위 10% 포함 여부가 바뀌지 않음
SC0421,덕기경로당,경로당,4812533000,진북면,마산합포구,scenario_stable_non_high,0.0,0.0,0.0,0.0,0,0,0,0.0,0.0,0.0,155.0,32.4,36.4,0.0,0.0,0.0,0.0,0.0,0.0,0.0,0.0,0.0,0.0,none,no_axis_variation,,0.0,0.0,775.2,64.59,217,36개 가정 전체에서 상위 10% 포함 여부가 바뀌지 않음
SC0422,동삼경로당,경로당,4812533000,진북면,마산합포구,scenario_stable_non_high,0.0,0.0,0.0,0.0,0,0,0,0.0,0.0,0.0,184.7,11.0,18.5,0.0,0.0,0.0,0.0,0.0,0.0,0.0,0.0,0.0,0.0,none,no_axis_variation,,0.0,0.0,1148.2,71.35,215,36개 가정 전체에서 상위 10% 포함 여부가 바뀌지 않음
SC0423,동촌남성경로당,경로당,4812533000,진북면,마산합포구,scenario_stable_non_high,0.0,0.0,0.0,0.0,0,0,0,0.0,0.0,0.0,36.0,42.4,37.4,0.0,0.0,0.0,0.0,0.0,0.0,0.0,0.0,0.0,0.0,none,no_axis_variation,,0.0,0.0,687.7,29.19,117,36개 가정 전체에서 상위 10% 포함 여부가 바뀌지 않음
SC0424,동촌여성경로당,경로당,4812533000,진북면,마산합포구,scenario_stable_non_high,0.0,0.0,0.0,0.0,0,0,0,0.0,0.0,0.0,36.0,42.4,37.4,0.0,0.0,0.0,0.0,0.0,0.0,0.0,0.0,0.0,0.0,none,no_axis_variation,,0.0,0.0,687.7,29.19,117,36개 가정 전체에서 상위 10% 포함 여부가 바뀌지 않음
SC0426,부산경로당,경로당,4812533000,진북면,마산합포구,scenario_stable_non_high,0.0,0.0,0.0,0.0,0,0,0,0.0,0.0,0.0,21.7,1.1,3.6,0.0,0.0,0.0,0.0,0.0,0.0,0.0,0.0,0.0,0.0,none,no_axis_variation,,0.0,0.0,1519.5,9.15,25,36개 가정 전체에서 상위 10% 포함 여부가 바뀌지 않음
SC0429,서촌남성경로당,경로당,4812533000,진북면,마산합포구,scenario_stable_non_high,0.0,0.0,0.0,0.0,0,0,0,0.0,0.0,0.0,50.9,62.9,46.4,0.0,0.0,0.0,0.0,0.0,0.0,0.0,0.0,0.0,0.0,none,no_axis_variation,,0.0,0.0,498.9,39.55,149,36개 가정 전체에서 상위 10% 포함 여부가 바뀌지 않음
SC0430,서촌여성경로당,경로당,4812533000,진북면,마산합포구,scenario_stable_non_high,0.0,0.0,0.0,0.0,0,0,0,0.0,0.0,0.0,50.9,62.9,46.4,0.0,0.0,0.0,0.0,0.0,0.0,0.0,0.0,0.0,0.0,none,no_axis_variation,,0.0,0.0,498.9,39.55,149,36개 가정 전체에서 상위 10% 포함 여부가 바뀌지 않음
SC0431,성원아파트경로당,경로당,4812533000,진북면,마산합포구,scenario_stable_non_high,0.0,0.0,0.0,0.0,0,0,0,0.0,0.0,0.0,263.9,46.6,43.1,0.0,0.0,0.0,0.0,0.0,0.0,0.0,0.0,0.0,0.0,none,no_axis_variation,,0.0,0.0,363.2,105.87,350,36개 가정 전체에서 상위 10% 포함 여부가 바뀌지 않음
SC0435,예곡경로당,경로당,4812533000,진북면,마산합포구,scenario_stable_non_high,0.0,0.0,0.0,0.0,0,0,0,0.0,0.0,0.0,99.5,96.1,19.7,0.0,0.0,0.0,0.0,0.0,0.0,0.0,0.0,0.0,0.0,none,no_axis_variation,,0.0,0.0,1030.9,59.41,210,36개 가정 전체에서 상위 10% 포함 여부가 바뀌지 않음
SC0437,이목남성경로당,경로당,4812533000,진북면,마산합포구,scenario_stable_non_high,0.0,0.0,0.0,0.0,0,0,0,0.0,0.0,0.0,36.9,7.0,7.8,0.0,0.0,0.0,0.0,0.0,0.0,0.0,0.0,0.0,0.0,none,no_axis_variation,,0.0,0.0,1471.4,15.12,56,36개 가정 전체에서 상위 10% 포함 여부가 바뀌지 않음
SC0438,이목여성경로당,경로당,4812533000,진북면,마산합포구,scenario_stable_non_high,0.0,0.0,0.0,0.0,0,0,0,0.0,0.0,0.0,36.9,7.0,7.8,0.0,0.0,0.0,0.0,0.0,0.0,0.0,0.0,0.0,0.0,none,no_axis_variation,,0.0,0.0,1471.4,15.12,56,36개 가정 전체에서 상위 10% 포함 여부가 바뀌지 않음
SC0442,정삼경로당,경로당,4812533000,진북면,마산합포구,scenario_stable_non_high,0.0,0.0,0.0,0.0,0,0,0,0.0,0.0,0.0,215.7,24.2,42.3,0.0,0.0,0.0,0.0,0.0,0.0,0.0,0.0,0.0,0.0,none,no_axis_variation,,0.0,0.0,664.2,92.01,284,36개 가정 전체에서 상위 10% 포함 여부가 바뀌지 않음
SC0444,예곡경로당,경로당,4812551000,현동,마산합포구,scenario_stable_non_high,0.0,0.0,0.0,0.0,0,0,0,0.0,0.0,0.0,0.5,0.0,0.0,0.0,0.0,0.0,0.0,0.0,0.0,0.0,0.0,0.0,0.0,none,no_axis_variation,,0.0,0.0,1551.9,0.22,0,36개 가정 전체에서 상위 10% 포함 여부가 바뀌지 않음
SC0445,두릉경로당,경로당,4812551000,현동,마산합포구,scenario_stable_non_high,0.0,0.0,0.0,0.0,0,0,0,0.0,0.0,0.0,0.0,0.0,0.0,0.0,0.0,0.0,0.0,0.0,0.0,0.0,0.0,0.0,0.0,none,no_axis_variation,,0.0,0.0,1584.0,0.0,0,36개 가정 전체에서 상위 10% 포함 여부가 바뀌지 않음
SC0446,우산경로당,경로당,4812551000,현동,마산합포구,scenario_stable_non_high,0.0,0.0,0.0,0.0,0,0,0,0.0,0.0,0.0,640.1,34.1,27.3,0.0,0.0,0.0,0.0,0.0,0.0,0.0,0.0,0.0,0.0,none,no_axis_variation,,0.0,0.0,812.1,263.72,707,36개 가정 전체에서 상위 10% 포함 여부가 바뀌지 않음
SC0447,옥동경로당,경로당,4812551000,현동,마산합포구,scenario_stable_non_high,0.0,0.0,0.0,0.0,0,0,0,0.0,0.0,0.0,145.3,28.7,17.8,0.0,0.0,0.0,0.0,0.0,0.0,0.0,0.0,0.0,0.0,none,no_axis_variation,,0.0,0.0,1187.9,56.5,187,36개 가정 전체에서 상위 10% 포함 여부가 바뀌지 않음
SC0448,묘촌남성경로당,경로당,4812551000,현동,마산합포구,scenario_stable_non_high,0.0,0.0,0.0,0.0,0,0,0,0.0,0.0,0.0,6.5,1.1,2.5,0.0,0.0,0.0,0.0,0.0,0.0,0.0,0.0,0.0,0.0,none,no_axis_variation,,0.0,0.0,1527.3,2.91,11,36개 가정 전체에서 상위 10% 포함 여부가 바뀌지 않음
SC0449,묘촌여성경로당,경로당,4812551000,현동,마산합포구,scenario_stable_non_high,0.0,0.0,0.0,0.0,0,0,0,0.0,0.0,0.0,6.5,1.1,2.5,0.0,0.0,0.0,0.0,0.0,0.0,0.0,0.0,0.0,0.0,none,no_axis_variation,,0.0,0.0,1527.3,2.91,11,36개 가정 전체에서 상위 10% 포함 여부가 바뀌지 않음
SC0450,덕동남성경로당,경로당,4812551000,현동,마산합포구,scenario_stable_non_high,0.0,0.0,0.0,0.0,0,0,0,0.0,0.0,0.0,141.7,220.7,10.7,0.0,0.0,0.0,0.0,0.0,0.0,0.0,0.0,0.0,0.0,none,no_axis_variation,,0.0,0.0,1395.2,127.93,377,36개 가정 전체에서 상위 10% 포함 여부가 바뀌지 않음
SC0451,덕동여성경로당,경로당,4812551000,현동,마산합포구,scenario_stable_non_high,0.0,0.0,0.0,0.0,0,0,0,0.0,0.0,0.0,141.7,220.7,10.7,0.0,0.0,0.0,0.0,0.0,0.0,0.0,0.0,0.0,0.0,none,no_axis_variation,,0.0,0.0,1395.2,127.93,377,36개 가정 전체에서 상위 10% 포함 여부가 바뀌지 않음
SC0452,율곡경로당,경로당,4812551000,현동,마산합포구,scenario_stable_non_high,0.0,0.0,0.0,0.0,0,0,0,0.0,0.0,0.0,49.0,3.1,4.2,0.0,0.0,0.0,0.0,0.0,0.0,0.0,0.0,0.0,0.0,none,no_axis_variation,,0.0,0.0,1515.6,19.49,58,36개 가정 전체에서 상위 10% 포함 여부가 바뀌지 않음
SC0453,중흥1차경로당,경로당,4812551000,현동,마산합포구,scenario_stable_non_high,0.0,0.0,0.0,0.0,0,0,0,0.0,0.0,0.0,464.7,33.7,20.3,0.0,0.0,0.0,0.0,0.0,0.0,0.0,0.0,0.0,0.0,none,no_axis_variation,,0.0,0.0,929.4,175.64,513,36개 가정 전체에서 상위 10% 포함 여부가 바뀌지 않음
SC0454,창원현동LH아파트경로당,경로당,4812551000,현동,마산합포구,scenario_stable_non_high,0.0,0.0,0.0,0.0,0,0,0,0.0,0.0,0.0,235.7,30.3,14.9,0.0,0.0,0.0,0.0,0.0,0.0,0.0,0.0,0.0,0.0,none,no_axis_variation,,0.0,0.0,1024.7,87.37,273,36개 가정 전체에서 상위 10% 포함 여부가 바뀌지 않음
SC0455,그린경로당,경로당,<NA>,현동,마산합포구,scenario_stable_non_high,0.0,0.0,0.0,0.0,0,0,0,0.0,0.0,0.0,138.5,12.1,18.2,0.0,0.0,0.0,0.0,0.0,0.0,0.0,0.0,0.0,0.0,none,no_axis_variation,,0.0,0.0,1025.6,51.08,162,36개 가정 전체에서 상위 10% 포함 여부가 바뀌지 않음
SC0456,현동중흥S클래스프라디움3차경로당,경로당,4812551000,현동,마산합포구,scenario_stable_non_high,0.0,0.0,0.0,0.0,0,0,0,0.0,0.0,0.0,338.1,17.2,9.4,0.0,0.0,0.0,0.0,0.0,0.0,0.0,0.0,0.0,0.0,none,no_axis_variation,,0.0,0.0,1321.8,142.1,376,36개 가정 전체에서 상위 10% 포함 여부가 바뀌지 않음
SC0457,현동 코오롱하늘채아파트 경로당,경로당,4812551000,현동,마산합포구,scenario_stable_non_high,0.0,0.0,0.0,0.0,0,0,0,0.0,0.0,0.0,134.0,3.5,3.5,0.0,0.0,0.0,0.0,0.0,0.0,0.0,0.0,0.0,0.0,none,no_axis_variation,,0.0,0.0,1494.7,55.65,144,36개 가정 전체에서 상위 10% 포함 여부가 바뀌지 않음
SC0458,현동중흥2차아파트경로당,경로당,4812551000,현동,마산합포구,scenario_stable_non_high,0.0,0.0,0.0,0.0,0,0,0,0.0,0.0,0.0,47.4,3.2,4.5,0.0,0.0,0.0,0.0,0.0,0.0,0.0,0.0,0.0,0.0,none,no_axis_variation,,0.0,0.0,1498.6,19.58,54,36개 가정 전체에서 상위 10% 포함 여부가 바뀌지 않음
SC0459,상춘남성경로당,경로당,4812557000,완월동,마산합포구,scenario_stable_non_high,0.0,0.0,0.0,0.0,0,0,0,0.0,0.0,0.0,250.3,27.3,16.2,0.0,0.0,0.0,0.0,0.0,0.0,0.0,0.0,0.0,0.0,none,no_axis_variation,,0.0,0.0,1101.0,92.93,296,36개 가정 전체에서 상위 10% 포함 여부가 바뀌지 않음
SC0460,상춘여성경로당,경로당,4812557000,완월동,마산합포구,scenario_stable_non_high,0.0,0.0,0.0,0.0,0,0,0,0.0,0.0,0.0,250.3,27.3,16.2,0.0,0.0,0.0,0.0,0.0,0.0,0.0,0.0,0.0,0.0,none,no_axis_variation,,0.0,0.0,1101.0,92.93,296,36개 가정 전체에서 상위 10% 포함 여부가 바뀌지 않음
SC0461,완월남성경로당,경로당,4812557000,완월동,마산합포구,scenario_stable_non_high,0.0,0.0,0.0,0.0,0,0,0,0.0,0.0,0.0,97.7,33.9,38.4,0.0,0.0,0.0,0.0,0.0,0.0,0.0,0.0,0.0,0.0,none,no_axis_variation,,0.0,0.0,252.2,45.1,176,36개 가정 전체에서 상위 10% 포함 여부가 바뀌지 않음
SC0462,완월여성경로당,경로당,4812557000,완월동,마산합포구,scenario_stable_non_high,0.0,0.0,0.0,0.0,0,0,0,0.0,0.0,0.0,97.7,33.9,38.4,0.0,0.0,0.0,0.0,0.0,0.0,0.0,0.0,0.0,0.0,none,no_axis_variation,,0.0,0.0,252.2,45.1,176,36개 가정 전체에서 상위 10% 포함 여부가 바뀌지 않음
SC0463,학산남성경로당,경로당,4812557000,완월동,마산합포구,scenario_stable_non_high,0.0,0.0,0.0,0.0,0,0,0,0.0,0.0,0.0,108.8,21.8,19.1,0.0,0.0,0.0,0.0,0.0,0.0,0.0,0.0,0.0,0.0,none,no_axis_variation,,0.0,0.0,1056.7,48.39,154,36개 가정 전체에서 상위 10% 포함 여부가 바뀌지 않음
SC0464,확산여성경로당,경로당,4812557000,완월동,마산합포구,scenario_stable_non_high,0.0,0.0,0.0,0.0,0,0,0,0.0,0.0,0.0,108.8,21.8,19.1,0.0,0.0,0.0,0.0,0.0,0.0,0.0,0.0,0.0,0.0,none,no_axis_variation,,0.0,0.0,1056.7,48.39,154,36개 가정 전체에서 상위 10% 포함 여부가 바뀌지 않음
SC0465,서광1차아파트경로당,경로당,4812557000,완월동,마산합포구,scenario_stable_non_high,0.0,0.0,0.0,0.0,0,0,0,0.0,0.0,0.0,372.1,41.6,42.9,0.0,0.0,0.0,0.0,0.0,0.0,0.0,0.0,0.0,0.0,none,no_axis_variation,,0.0,0.0,625.2,146.61,464,36개 가정 전체에서 상위 10% 포함 여부가 바뀌지 않음
SC0466,화인아파트경로당,경로당,4812557000,완월동,마산합포구,scenario_stable_non_high,0.0,0.0,0.0,0.0,0,0,0,0.0,0.0,0.0,84.6,20.7,21.0,0.0,0.0,0.0,0.0,0.0,0.0,0.0,0.0,0.0,0.0,none,no_axis_variation,,0.0,0.0,1075.1,37.63,129,36개 가정 전체에서 상위 10% 포함 여부가 바뀌지 않음
SC0467,청구제네스아파트경로당,경로당,4812557000,완월동,마산합포구,scenario_stable_non_high,0.0,0.0,0.0,0.0,0,0,0,0.0,0.0,0.0,135.9,9.4,17.2,0.0,0.0,0.0,0.0,0.0,0.0,0.0,0.0,0.0,0.0,none,no_axis_variation,,0.0,0.0,1143.1,52.12,167,36개 가정 전체에서 상위 10% 포함 여부가 바뀌지 않음
SC0468,서광2차아파트경로당,경로당,4812557000,완월동,마산합포구,scenario_stable_non_high,0.0,0.0,0.0,0.0,0,0,0,0.0,0.0,0.0,113.2,8.1,14.9,0.0,0.0,0.0,0.0,0.0,0.0,0.0,0.0,0.0,0.0,none,no_axis_variation,,0.0,0.0,1253.0,41.84,140,36개 가정 전체에서 상위 10% 포함 여부가 바뀌지 않음
SC0469,율티경로당,경로당,4812534000,진전면,마산합포구,scenario_stable_non_high,0.0,0.0,0.0,0.0,0,0,0,0.0,0.0,0.0,326.5,325.0,36.0,0.0,0.0,0.0,0.0,0.0,0.0,0.0,0.0,0.0,0.0,none,no_axis_variation,,0.0,0.0,674.5,198.72,682,36개 가정 전체에서 상위 10% 포함 여부가 바뀌지 않음
SC0474,대산경로당,경로당,<NA>,진전면,마산합포구,scenario_stable_non_high,0.0,0.0,0.0,0.0,0,0,0,0.0,0.0,0.0,139.3,10.2,7.3,0.0,0.0,0.0,0.0,0.0,0.0,0.0,0.0,0.0,0.0,none,no_axis_variation,,0.0,0.0,1451.9,58.03,161,36개 가정 전체에서 상위 10% 포함 여부가 바뀌지 않음
SC0475,봉곡경로당,경로당,<NA>,진전면,마산합포구,scenario_stable_non_high,0.0,0.0,0.0,0.0,0,0,0,0.0,0.0,0.0,87.9,21.9,15.0,0.0,0.0,0.0,0.0,0.0,0.0,0.0,0.0,0.0,0.0,none,no_axis_variation,,0.0,0.0,1174.8,38.05,124,36개 가정 전체에서 상위 10% 포함 여부가 바뀌지 않음
SC0479,동산경로당,경로당,<NA>,진전면,마산합포구,scenario_stable_non_high,0.0,0.0,0.0,0.0,0,0,0,0.0,0.0,0.0,213.4,3.0,39.5,0.0,0.0,0.0,0.0,0.0,0.0,0.0,0.0,0.0,0.0,none,no_axis_variation,,0.0,0.0,528.2,83.37,276,36개 가정 전체에서 상위 10% 포함 여부가 바뀌지 않음
SC0486,대방경로당,경로당,<NA>,진전면,마산합포구,scenario_stable_non_high,0.0,0.0,0.0,0.0,0,0,0,0.0,0.0,0.0,139.3,10.2,7.3,0.0,0.0,0.0,0.0,0.0,0.0,0.0,0.0,0.0,0.0,none,no_axis_variation,,0.0,0.0,1451.9,58.03,161,36개 가정 전체에서 상위 10% 포함 여부가 바뀌지 않음
SC0497,창포경로당,경로당,4812534000,진전면,마산합포구,scenario_stable_non_high,0.0,0.0,0.0,0.0,0,0,0,0.0,0.0,0.0,689.3,20.5,15.1,0.0,0.0,0.0,0.0,0.0,0.0,0.0,0.0,0.0,0.0,none,no_axis_variation,,0.0,0.0,1196.1,284.96,738,36개 가정 전체에서 상위 10% 포함 여부가 바뀌지 않음
SC0498,창포여성경로당,경로당,4812534000,진전면,마산합포구,scenario_stable_non_high,0.0,0.0,0.0,0.0,0,0,0,0.0,0.0,0.0,689.3,20.5,15.1,0.0,0.0,0.0,0.0,0.0,0.0,0.0,0.0,0.0,0.0,none,no_axis_variation,,0.0,0.0,1196.1,284.96,738,36개 가정 전체에서 상위 10% 포함 여부가 바뀌지 않음
SC0501,소포경로당,경로당,4812534000,진전면,마산합포구,scenario_stable_non_high,0.0,0.0,0.0,0.0,0,0,0,0.0,0.0,0.0,0.0,0.0,0.0,0.0,0.0,0.0,0.0,0.0,0.0,0.0,0.0,0.0,0.0,none,no_axis_variation,,0.0,0.0,1584.0,0.0,0,36개 가정 전체에서 상위 10% 포함 여부가 바뀌지 않음
SC0514,진동경로당,경로당,4812532000,진동면,마산합포구,scenario_stable_non_high,0.0,0.0,0.0,0.0,0,0,0,0.0,0.0,0.0,79.3,36.1,12.6,0.0,0.0,0.0,0.0,0.0,0.0,0.0,0.0,0.0,0.0,none,no_axis_variation,,0.0,0.0,1280.0,34.1,125,36개 가정 전체에서 상위 10% 포함 여부가 바뀌지 않음
SC0515,서촌1구경로당,경로당,4812532000,진동면,마산합포구,scenario_stable_non_high,0.0,0.0,0.0,0.0,0,0,0,0.0,0.0,0.0,138.1,29.6,14.1,0.0,0.0,0.0,0.0,0.0,0.0,0.0,0.0,0.0,0.0,none,no_axis_variation,,0.0,0.0,1271.6,55.33,174,36개 가정 전체에서 상위 10% 포함 여부가 바뀌지 않음
SC0516,고현경로당,경로당,4812532000,진동면,마산합포구,scenario_stable_non_high,0.0,0.0,0.0,0.0,0,0,0,0.0,0.0,0.0,411.0,36.8,17.6,0.0,0.0,0.0,0.0,0.0,0.0,0.0,0.0,0.0,0.0,none,no_axis_variation,,0.0,0.0,1144.6,159.64,454,36개 가정 전체에서 상위 10% 포함 여부가 바뀌지 않음
SC0517,광암경로당,경로당,4812532000,진동면,마산합포구,scenario_stable_non_high,0.0,0.0,0.0,0.0,0,0,0,0.0,0.0,0.0,497.9,36.3,21.5,0.0,0.0,0.0,0.0,0.0,0.0,0.0,0.0,0.0,0.0,none,no_axis_variation,,0.0,0.0,1099.4,197.57,552,36개 가정 전체에서 상위 10% 포함 여부가 바뀌지 않음
SC0518,동촌1구경로당,경로당,4812532000,진동면,마산합포구,scenario_stable_non_high,0.0,0.0,0.0,0.0,0,0,0,0.0,0.0,0.0,157.5,34.0,13.6,0.0,0.0,0.0,0.0,0.0,0.0,0.0,0.0,0.0,0.0,none,no_axis_variation,,0.0,0.0,1241.7,62.51,212,36개 가정 전체에서 상위 10% 포함 여부가 바뀌지 않음
SC0519,서촌2구 경로당,경로당,4812532000,진동면,마산합포구,scenario_stable_non_high,0.0,0.0,0.0,0.0,0,0,0,0.0,0.0,0.0,94.8,22.8,12.8,0.0,0.0,0.0,0.0,0.0,0.0,0.0,0.0,0.0,0.0,none,no_axis_variation,,0.0,0.0,1250.6,37.25,129,36개 가정 전체에서 상위 10% 포함 여부가 바뀌지 않음
SC0520,서촌3구경로당,경로당,4812532000,진동면,마산합포구,scenario_stable_non_high,0.0,0.0,0.0,0.0,0,0,0,0.0,0.0,0.0,88.7,24.7,15.1,0.0,0.0,0.0,0.0,0.0,0.0,0.0,0.0,0.0,0.0,none,no_axis_variation,,0.0,0.0,1238.5,34.93,131,36개 가정 전체에서 상위 10% 포함 여부가 바뀌지 않음
SC0521,교동경로당,경로당,4812532000,진동면,마산합포구,scenario_stable_non_high,0.0,0.0,0.0,0.0,0,0,0,0.0,0.0,0.0,416.3,11.5,10.3,0.0,0.0,0.0,0.0,0.0,0.0,0.0,0.0,0.0,0.0,none,no_axis_variation,,0.0,0.0,1307.4,174.39,442,36개 가정 전체에서 상위 10% 포함 여부가 바뀌지 않음
SC0522,입곡경로당,경로당,4812532000,진동면,마산합포구,scenario_stable_non_high,0.0,0.0,0.0,0.0,0,0,0,0.0,0.0,0.0,45.7,19.9,8.0,0.0,0.0,0.0,0.0,0.0,0.0,0.0,0.0,0.0,0.0,none,no_axis_variation,,0.0,0.0,1441.7,19.42,69,36개 가정 전체에서 상위 10% 포함 여부가 바뀌지 않음
SC0523,죽전남성경로당,경로당,4812532000,진동면,마산합포구,scenario_stable_non_high,0.0,0.0,0.0,0.0,0,0,0,0.0,0.0,0.0,72.3,29.7,8.3,0.0,0.0,0.0,0.0,0.0,0.0,0.0,0.0,0.0,0.0,none,no_axis_variation,,0.0,0.0,1317.8,31.42,105,36개 가정 전체에서 상위 10% 포함 여부가 바뀌지 않음
SC0524,죽전여성경로당,경로당,4812532000,진동면,마산합포구,scenario_stable_non_high,0.0,0.0,0.0,0.0,0,0,0,0.0,0.0,0.0,72.3,29.7,8.3,0.0,0.0,0.0,0.0,0.0,0.0,0.0,0.0,0.0,0.0,none,no_axis_variation,,0.0,0.0,1317.8,31.42,105,36개 가정 전체에서 상위 10% 포함 여부가 바뀌지 않음
SC0525,신기경로당,경로당,4812532000,진동면,마산합포구,scenario_stable_non_high,0.0,0.0,0.0,0.0,0,0,0,0.0,0.0,0.0,245.9,15.0,19.8,0.0,0.0,0.0,0.0,0.0,0.0,0.0,0.0,0.0,0.0,none,no_axis_variation,,0.0,0.0,1011.0,92.86,289,36개 가정 전체에서 상위 10% 포함 여부가 바뀌지 않음
SC0526,성산남자경로당,경로당,4812532000,진동면,마산합포구,scenario_stable_non_high,0.0,0.0,0.0,0.0,0,0,0,0.0,0.0,0.0,44.7,29.7,10.6,0.0,0.0,0.0,0.0,0.0,0.0,0.0,0.0,0.0,0.0,none,no_axis_variation,,0.0,0.0,1327.9,21.79,80,36개 가정 전체에서 상위 10% 포함 여부가 바뀌지 않음
SC0527,성산여자경로당,경로당,4812532000,진동면,마산합포구,scenario_stable_non_high,0.0,0.0,0.0,0.0,0,0,0,0.0,0.0,0.0,44.7,29.7,10.6,0.0,0.0,0.0,0.0,0.0,0.0,0.0,0.0,0.0,0.0,none,no_axis_variation,,0.0,0.0,1327.9,21.79,80,36개 가정 전체에서 상위 10% 포함 여부가 바뀌지 않음
SC0528,혜창아파트경로당,경로당,4812532000,진동면,마산합포구,scenario_stable_non_high,0.0,0.0,0.0,0.0,0,0,0,0.0,0.0,0.0,283.8,50.7,18.8,0.0,0.0,0.0,0.0,0.0,0.0,0.0,0.0,0.0,0.0,none,no_axis_variation,,0.0,0.0,1159.7,119.82,352,36개 가정 전체에서 상위 10% 포함 여부가 바뀌지 않음
SC0529,장기경로당,경로당,4812532000,진동면,마산합포구,scenario_stable_non_high,0.0,0.0,0.0,0.0,0,0,0,0.0,0.0,0.0,34.4,8.8,8.4,0.0,0.0,0.0,0.0,0.0,0.0,0.0,0.0,0.0,0.0,none,no_axis_variation,,0.0,0.0,1450.7,13.93,45,36개 가정 전체에서 상위 10% 포함 여부가 바뀌지 않음
SC0530,건우아파트경로당,경로당,4812532000,진동면,마산합포구,scenario_stable_non_high,0.0,0.0,0.0,0.0,0,0,0,0.0,0.0,0.0,24.1,18.6,16.7,0.0,0.0,0.0,0.0,0.0,0.0,0.0,0.0,0.0,0.0,none,no_axis_variation,,0.0,0.0,1213.2,14.98,54,36개 가정 전체에서 상위 10% 포함 여부가 바뀌지 않음
SC0531,사동1구경로당,경로당,4812532000,진동면,마산합포구,scenario_stable_non_high,0.0,0.0,0.0,0.0,0,0,0,0.0,0.0,0.0,98.6,26.2,15.7,0.0,0.0,0.0,0.0,0.0,0.0,0.0,0.0,0.0,0.0,none,no_axis_variation,,0.0,0.0,1281.1,37.83,136,36개 가정 전체에서 상위 10% 포함 여부가 바뀌지 않음
SC0532,동전경로당,경로당,4812532000,진동면,마산합포구,scenario_stable_non_high,0.0,0.0,0.0,0.0,0,0,0,0.0,0.0,0.0,0.0,0.0,0.0,0.0,0.0,0.0,0.0,0.0,0.0,0.0,0.0,0.0,0.0,none,no_axis_variation,,0.0,0.0,1584.0,0.0,0,36개 가정 전체에서 상위 10% 포함 여부가 바뀌지 않음
SC0533,묵지경로당,경로당,4812532000,진동면,마산합포구,scenario_stable_non_high,0.0,0.0,0.0,0.0,0,0,0,0.0,0.0,0.0,0.0,0.0,0.0,0.0,0.0,0.0,0.0,0.0,0.0,0.0,0.0,0.0,0.0,none,no_axis_variation,,0.0,0.0,1584.0,0.0,0,36개 가정 전체에서 상위 10% 포함 여부가 바뀌지 않음
SC0534,새모실경로당,경로당,4812532000,진동면,마산합포구,scenario_stable_non_high,0.0,0.0,0.0,0.0,0,0,0,0.0,0.0,0.0,80.7,5.0,5.5,0.0,0.0,0.0,0.0,0.0,0.0,0.0,0.0,0.0,0.0,none,no_axis_variation,,0.0,0.0,1502.2,31.93,89,36개 가정 전체에서 상위 10% 포함 여부가 바뀌지 않음
SC0535,오산경로당,경로당,4812532000,진동면,마산합포구,scenario_stable_non_high,0.0,0.0,0.0,0.0,0,0,0,0.0,0.0,0.0,103.0,5.9,40.0,0.0,0.0,0.0,0.0,0.0,0.0,0.0,0.0,0.0,0.0,none,no_axis_variation,,0.0,0.0,616.5,44.43,148,36개 가정 전체에서 상위 10% 포함 여부가 바뀌지 않음
SC0536,태봉경로당,경로당,4812532000,진동면,마산합포구,scenario_stable_non_high,0.0,0.0,0.0,0.0,0,0,0,0.0,0.0,0.0,300.3,22.5,42.9,0.0,0.0,0.0,0.0,0.0,0.0,0.0,0.0,0.0,0.0,none,no_axis_variation,,0.0,0.0,577.5,110.22,361,36개 가정 전체에서 상위 10% 포함 여부가 바뀌지 않음
SC0537,다구경로당,경로당,4812532000,진동면,마산합포구,scenario_stable_non_high,0.0,0.0,0.0,0.0,0,0,0,0.0,0.0,0.0,489.5,19.6,12.2,0.0,0.0,0.0,0.0,0.0,0.0,0.0,0.0,0.0,0.0,none,no_axis_variation,,0.0,0.0,1221.8,198.76,520,36개 가정 전체에서 상위 10% 포함 여부가 바뀌지 않음
SC0538,야촌경로당,경로당,4812532000,진동면,마산합포구,scenario_stable_non_high,0.0,0.0,0.0,0.0,0,0,0,0.0,0.0,0.0,46.0,7.9,8.2,0.0,0.0,0.0,0.0,0.0,0.0,0.0,0.0,0.0,0.0,none,no_axis_variation,,0.0,0.0,1444.6,17.48,63,36개 가정 전체에서 상위 10% 포함 여부가 바뀌지 않음
SC0539,도만경로당,경로당,4812532000,진동면,마산합포구,scenario_stable_non_high,0.0,0.0,0.0,0.0,0,0,0,0.0,0.0,0.0,42.2,1.0,2.5,0.0,0.0,0.0,0.0,0.0,0.0,0.0,0.0,0.0,0.0,none,no_axis_variation,,0.0,0.0,1536.0,16.25,47,36개 가정 전체에서 상위 10% 포함 여부가 바뀌지 않음
SC0540,요장1구 경로당,경로당,4812532000,진동면,마산합포구,scenario_stable_non_high,0.0,0.0,0.0,0.0,0,0,0,0.0,0.0,0.0,343.9,45.3,15.6,0.0,0.0,0.0,0.0,0.0,0.0,0.0,0.0,0.0,0.0,none,no_axis_variation,,0.0,0.0,1164.3,134.78,416,36개 가정 전체에서 상위 10% 포함 여부가 바뀌지 않음
SC0541,주도경로당,경로당,4812532000,진동면,마산합포구,scenario_stable_non_high,0.0,0.0,0.0,0.0,0,0,0,0.0,0.0,0.0,174.8,13.1,7.6,0.0,0.0,0.0,0.0,0.0,0.0,0.0,0.0,0.0,0.0,none,no_axis_variation,,0.0,0.0,1398.3,70.96,203,36개 가정 전체에서 상위 10% 포함 여부가 바뀌지 않음
SC0542,동촌2구경로당,경로당,4812532000,진동면,마산합포구,scenario_stable_non_high,0.0,0.0,0.0,0.0,0,0,0,0.0,0.0,0.0,70.4,21.8,20.1,0.0,0.0,0.0,0.0,0.0,0.0,0.0,0.0,0.0,0.0,none,no_axis_variation,,0.0,0.0,1188.2,30.51,112,36개 가정 전체에서 상위 10% 포함 여부가 바뀌지 않음
SC0543,한일유엔아이아파트경로당,경로당,4812532000,진동면,마산합포구,scenario_stable_non_high,0.0,0.0,0.0,0.0,0,0,0,0.0,0.0,0.0,35.3,22.4,13.4,0.0,0.0,0.0,0.0,0.0,0.0,0.0,0.0,0.0,0.0,none,no_axis_variation,,0.0,0.0,1276.4,18.95,78,36개 가정 전체에서 상위 10% 포함 여부가 바뀌지 않음
SC0544,양도경로당,경로당,4812532000,진동면,마산합포구,scenario_stable_non_high,0.0,0.0,0.0,0.0,0,0,0,0.0,0.0,0.0,0.0,0.0,0.0,0.0,0.0,0.0,0.0,0.0,0.0,0.0,0.0,0.0,0.0,none,no_axis_variation,,0.0,0.0,1584.0,0.0,0,36개 가정 전체에서 상위 10% 포함 여부가 바뀌지 않음
SC0545,협성엠파이어아파트경로당,경로당,4812532000,진동면,마산합포구,scenario_stable_non_high,0.0,0.0,0.0,0.0,0,0,0,0.0,0.0,0.0,38.6,22.2,12.2,0.0,0.0,0.0,0.0,0.0,0.0,0.0,0.0,0.0,0.0,none,no_axis_variation,,0.0,0.0,1286.6,19.01,67,36개 가정 전체에서 상위 10% 포함 여부가 바뀌지 않음
SC0546,동촌3구경로당,경로당,4812532000,진동면,마산합포구,scenario_stable_non_high,0.0,0.0,0.0,0.0,0,0,0,0.0,0.0,0.0,139.3,27.4,17.8,0.0,0.0,0.0,0.0,0.0,0.0,0.0,0.0,0.0,0.0,none,no_axis_variation,,0.0,0.0,1204.1,53.8,181,36개 가정 전체에서 상위 10% 포함 여부가 바뀌지 않음
SC0547,송도경로당,경로당,4812532000,진동면,마산합포구,scenario_stable_non_high,0.0,0.0,0.0,0.0,0,0,0,0.0,0.0,0.0,0.0,0.0,0.0,0.0,0.0,0.0,0.0,0.0,0.0,0.0,0.0,0.0,0.0,none,no_axis_variation,,0.0,0.0,1584.0,0.0,0,36개 가정 전체에서 상위 10% 포함 여부가 바뀌지 않음
SC0548,월영대내경로당,경로당,4812553000,월영동,마산합포구,scenario_stable_non_high,0.0,0.0,0.0,0.0,0,0,0,0.0,0.0,0.0,156.7,43.0,39.4,0.0,0.0,0.0,0.0,0.0,0.0,0.0,0.0,0.0,0.0,none,no_axis_variation,,0.0,0.0,685.4,68.55,231,36개 가정 전체에서 상위 10% 포함 여부가 바뀌지 않음
SC0549,새동네남성경로당,경로당,4812553000,월영동,마산합포구,scenario_stable_non_high,0.0,0.0,0.0,0.0,0,0,0,0.0,0.0,0.0,102.2,19.1,17.5,0.0,0.0,0.0,0.0,0.0,0.0,0.0,0.0,0.0,0.0,none,no_axis_variation,,0.0,0.0,996.7,43.44,138,36개 가정 전체에서 상위 10% 포함 여부가 바뀌지 않음
SC0550,새동네여성경로당,경로당,4812553000,월영동,마산합포구,scenario_stable_non_high,0.0,0.0,0.0,0.0,0,0,0,0.0,0.0,0.0,102.2,19.1,17.5,0.0,0.0,0.0,0.0,0.0,0.0,0.0,0.0,0.0,0.0,none,no_axis_variation,,0.0,0.0,996.7,43.44,138,36개 가정 전체에서 상위 10% 포함 여부가 바뀌지 않음
SC0551,월영남성경로당,경로당,4812553000,월영동,마산합포구,scenario_stable_non_high,0.0,0.0,0.0,0.0,0,0,0,0.0,0.0,0.0,304.3,27.2,26.0,0.0,0.0,0.0,0.0,0.0,0.0,0.0,0.0,0.0,0.0,none,no_axis_variation,,0.0,0.0,833.7,121.23,356,36개 가정 전체에서 상위 10% 포함 여부가 바뀌지 않음
SC0552,월영여성경로당,경로당,4812553000,월영동,마산합포구,scenario_stable_non_high,0.0,0.0,0.0,0.0,0,0,0,0.0,0.0,0.0,304.3,27.2,26.0,0.0,0.0,0.0,0.0,0.0,0.0,0.0,0.0,0.0,0.0,none,no_axis_variation,,0.0,0.0,833.7,121.23,356,36개 가정 전체에서 상위 10% 포함 여부가 바뀌지 않음
SC0553,해운경로당(남자),경로당,4812553000,월영동,마산합포구,scenario_stable_non_high,0.0,0.0,0.0,0.0,0,0,0,0.0,0.0,0.0,47.9,31.7,44.3,0.0,0.0,0.0,0.0,0.0,0.0,0.0,0.0,0.0,0.0,none,no_axis_variation,,0.0,0.0,574.0,30.28,139,36개 가정 전체에서 상위 10% 포함 여부가 바뀌지 않음
SC0554,해운경로당(여자),경로당,4812553000,월영동,마산합포구,scenario_stable_non_high,0.0,0.0,0.0,0.0,0,0,0,0.0,0.0,0.0,47.9,31.7,44.3,0.0,0.0,0.0,0.0,0.0,0.0,0.0,0.0,0.0,0.0,none,no_axis_variation,,0.0,0.0,574.0,30.28,139,36개 가정 전체에서 상위 10% 포함 여부가 바뀌지 않음
SC0555,대내주공아파트경로당,경로당,4812553000,월영동,마산합포구,scenario_stable_non_high,0.0,0.0,0.0,0.0,0,0,0,0.0,0.0,0.0,73.7,50.4,48.1,0.0,0.0,0.0,0.0,0.0,0.0,0.0,0.0,0.0,0.0,none,no_axis_variation,,0.0,0.0,454.8,41.19,173,36개 가정 전체에서 상위 10% 포함 여부가 바뀌지 않음
SC0556,월영라이프경로당,경로당,4812553000,월영동,마산합포구,scenario_stable_non_high,0.0,0.0,0.0,0.0,0,0,0,0.0,0.0,0.0,179.7,19.3,19.4,0.0,0.0,0.0,0.0,0.0,0.0,0.0,0.0,0.0,0.0,none,no_axis_variation,,0.0,0.0,1019.9,74.56,221,36개 가정 전체에서 상위 10% 포함 여부가 바뀌지 않음
SC0557,화인아트빌라남자경로당,경로당,4812553000,월영동,마산합포구,scenario_stable_non_high,0.0,0.0,0.0,0.0,0,0,0,0.0,0.0,0.0,38.8,15.1,9.6,0.0,0.0,0.0,0.0,0.0,0.0,0.0,0.0,0.0,0.0,none,no_axis_variation,,0.0,0.0,1318.0,16.89,71,36개 가정 전체에서 상위 10% 포함 여부가 바뀌지 않음
SC0558,화인아트빌라여자경로당,경로당,4812553000,월영동,마산합포구,scenario_stable_non_high,0.0,0.0,0.0,0.0,0,0,0,0.0,0.0,0.0,38.8,15.1,9.6,0.0,0.0,0.0,0.0,0.0,0.0,0.0,0.0,0.0,0.0,none,no_axis_variation,,0.0,0.0,1318.0,16.89,71,36개 가정 전체에서 상위 10% 포함 여부가 바뀌지 않음
SC0559,월영SK오션뷰경로당,경로당,4812553000,월영동,마산합포구,scenario_stable_non_high,0.0,0.0,0.0,0.0,0,0,0,0.0,0.0,0.0,130.7,26.2,22.7,0.0,0.0,0.0,0.0,0.0,0.0,0.0,0.0,0.0,0.0,none,no_axis_variation,,0.0,0.0,945.0,54.81,175,36개 가정 전체에서 상위 10% 포함 여부가 바뀌지 않음
SC0560,두산1차아파트남자경로당,경로당,4812553000,월영동,마산합포구,scenario_stable_non_high,0.0,0.0,0.0,0.0,0,0,0,0.0,0.0,0.0,183.5,41.9,48.0,0.0,0.0,0.0,0.0,0.0,0.0,0.0,0.0,0.0,0.0,none,no_axis_variation,,0.0,0.0,401.5,75.07,268,36개 가정 전체에서 상위 10% 포함 여부가 바뀌지 않음
SC0561,두산1차아파트여자경로당,경로당,4812553000,월영동,마산합포구,scenario_stable_non_high,0.0,0.0,0.0,0.0,0,0,0,0.0,0.0,0.0,183.5,41.9,48.0,0.0,0.0,0.0,0.0,0.0,0.0,0.0,0.0,0.0,0.0,none,no_axis_variation,,0.0,0.0,401.5,75.07,268,36개 가정 전체에서 상위 10% 포함 여부가 바뀌지 않음
SC0563,평화골든타워경로당,경로당,4812553000,월영동,마산합포구,scenario_stable_non_high,0.0,0.0,0.0,0.0,0,0,0,0.0,0.0,0.0,86.6,41.0,37.4,0.0,0.0,0.0,0.0,0.0,0.0,0.0,0.0,0.0,0.0,none,no_axis_variation,,0.0,0.0,670.3,44.63,160,36개 가정 전체에서 상위 10% 포함 여부가 바뀌지 않음
SC0564,한일비치맨션경로당,경로당,4812553000,월영동,마산합포구,scenario_stable_non_high,0.0,0.0,0.0,0.0,0,0,0,0.0,0.0,0.0,114.1,51.1,37.1,0.0,0.0,0.0,0.0,0.0,0.0,0.0,0.0,0.0,0.0,none,no_axis_variation,,0.0,0.0,693.5,56.27,209,36개 가정 전체에서 상위 10% 포함 여부가 바뀌지 않음
SC0565,해오름아파트경로당,경로당,4812553000,월영동,마산합포구,scenario_stable_non_high,0.0,0.0,0.0,0.0,0,0,0,0.0,0.0,0.0,56.2,16.6,45.6,0.0,0.0,0.0,0.0,0.0,0.0,0.0,0.0,0.0,0.0,none,no_axis_variation,,0.0,0.0,573.0,30.3,113,36개 가정 전체에서 상위 10% 포함 여부가 바뀌지 않음
SC0566,두산2차아파트남성경로당,경로당,4812553000,월영동,마산합포구,scenario_stable_non_high,0.0,0.0,0.0,0.0,0,0,0,0.0,0.0,0.0,127.3,26.1,50.7,0.0,0.0,0.0,0.0,0.0,0.0,0.0,0.0,0.0,0.0,none,no_axis_variation,,0.0,0.0,495.6,53.35,205,36개 가정 전체에서 상위 10% 포함 여부가 바뀌지 않음
SC0567,두산2차아파트여성경로당,경로당,4812553000,월영동,마산합포구,scenario_stable_non_high,0.0,0.0,0.0,0.0,0,0,0,0.0,0.0,0.0,127.3,26.1,50.7,0.0,0.0,0.0,0.0,0.0,0.0,0.0,0.0,0.0,0.0,none,no_axis_variation,,0.0,0.0,495.6,53.35,205,36개 가정 전체에서 상위 10% 포함 여부가 바뀌지 않음
SC0568,두산3차아파트남성경로당,경로당,4812553000,월영동,마산합포구,scenario_stable_non_high,0.0,0.0,0.0,0.0,0,0,0,0.0,0.0,0.0,152.6,21.3,52.2,0.0,0.0,0.0,0.0,0.0,0.0,0.0,0.0,0.0,0.0,none,no_axis_variation,,0.0,0.0,474.8,60.23,221,36개 가정 전체에서 상위 10% 포함 여부가 바뀌지 않음
SC0569,두산3차아파트여성경로당,경로당,4812553000,월영동,마산합포구,scenario_stable_non_high,0.0,0.0,0.0,0.0,0,0,0,0.0,0.0,0.0,152.6,21.3,52.2,0.0,0.0,0.0,0.0,0.0,0.0,0.0,0.0,0.0,0.0,none,no_axis_variation,,0.0,0.0,474.8,60.23,221,36개 가정 전체에서 상위 10% 포함 여부가 바뀌지 않음
SC0571,경민시티빌경로당,경로당,4812553000,월영동,마산합포구,scenario_stable_non_high,0.0,0.0,0.0,0.0,0,0,0,0.0,0.0,0.0,66.5,8.8,42.5,0.0,0.0,0.0,0.0,0.0,0.0,0.0,0.0,0.0,0.0,none,no_axis_variation,,0.0,0.0,346.7,33.02,122,36개 가정 전체에서 상위 10% 포함 여부가 바뀌지 않음
SC0572,해운동성아파트경로당,경로당,4812553000,월영동,마산합포구,scenario_stable_non_high,0.0,0.0,0.0,0.0,0,0,0,0.0,0.0,0.0,72.9,14.8,43.3,0.0,0.0,0.0,0.0,0.0,0.0,0.0,0.0,0.0,0.0,none,no_axis_variation,,0.0,0.0,337.4,33.16,134,36개 가정 전체에서 상위 10% 포함 여부가 바뀌지 않음
SC0573,동아1차아파트경로당,경로당,4812553000,월영동,마산합포구,scenario_stable_non_high,0.0,0.0,0.0,0.0,0,0,0,0.0,0.0,0.0,213.6,23.3,17.4,0.0,0.0,0.0,0.0,0.0,0.0,0.0,0.0,0.0,0.0,none,no_axis_variation,,0.0,0.0,1089.3,80.0,251,36개 가정 전체에서 상위 10% 포함 여부가 바뀌지 않음
SC0574,대동아파트경로당,경로당,4812553000,월영동,마산합포구,scenario_stable_non_high,0.0,0.0,0.0,0.0,0,0,0,0.0,0.0,0.0,203.5,18.9,18.0,0.0,0.0,0.0,0.0,0.0,0.0,0.0,0.0,0.0,0.0,none,no_axis_variation,,0.0,0.0,1119.2,80.4,237,36개 가정 전체에서 상위 10% 포함 여부가 바뀌지 않음
SC0575,월영현대아파트경로당,경로당,4812553000,월영동,마산합포구,scenario_stable_non_high,0.0,0.0,0.0,0.0,0,0,0,0.0,0.0,0.0,159.7,14.9,17.3,0.0,0.0,0.0,0.0,0.0,0.0,0.0,0.0,0.0,0.0,none,no_axis_variation,,0.0,0.0,1233.4,65.0,188,36개 가정 전체에서 상위 10% 포함 여부가 바뀌지 않음
SC0576,현대산업1차아파트경로당,경로당,4812553000,월영동,마산합포구,scenario_stable_non_high,0.0,0.0,0.0,0.0,0,0,0,0.0,0.0,0.0,269.5,12.7,14.4,0.0,0.0,0.0,0.0,0.0,0.0,0.0,0.0,0.0,0.0,none,no_axis_variation,,0.0,0.0,1236.2,105.04,293,36개 가정 전체에서 상위 10% 포함 여부가 바뀌지 않음
SC0577,동아2차아파트남성경로당,경로당,4812553000,월영동,마산합포구,scenario_stable_non_high,0.0,0.0,0.0,0.0,0,0,0,0.0,0.0,0.0,271.8,17.7,15.0,0.0,0.0,0.0,0.0,0.0,0.0,0.0,0.0,0.0,0.0,none,no_axis_variation,,0.0,0.0,1286.3,110.19,299,36개 가정 전체에서 상위 10% 포함 여부가 바뀌지 않음
SC0578,동아2차아파트여성경로당,경로당,4812553000,월영동,마산합포구,scenario_stable_non_high,0.0,0.0,0.0,0.0,0,0,0,0.0,0.0,0.0,271.8,17.7,15.0,0.0,0.0,0.0,0.0,0.0,0.0,0.0,0.0,0.0,0.0,none,no_axis_variation,,0.0,0.0,1286.3,110.19,299,36개 가정 전체에서 상위 10% 포함 여부가 바뀌지 않음
SC0579,현대산업2차아파트경로당,경로당,4812553000,월영동,마산합포구,scenario_stable_non_high,0.0,0.0,0.0,0.0,0,0,0,0.0,0.0,0.0,100.4,19.8,8.0,0.0,0.0,0.0,0.0,0.0,0.0,0.0,0.0,0.0,0.0,none,no_axis_variation,,0.0,0.0,1433.9,43.21,120,36개 가정 전체에서 상위 10% 포함 여부가 바뀌지 않음
SC0580,월영현대3차경로당,경로당,4812553000,월영동,마산합포구,scenario_stable_non_high,0.0,0.0,0.0,0.0,0,0,0,0.0,0.0,0.0,69.0,7.9,8.7,0.0,0.0,0.0,0.0,0.0,0.0,0.0,0.0,0.0,0.0,none,no_axis_variation,,0.0,0.0,1461.1,28.56,86,36개 가정 전체에서 상위 10% 포함 여부가 바뀌지 않음
SC0581,월영새동네경로당,경로당,4812553000,월영동,마산합포구,scenario_stable_non_high,0.0,0.0,0.0,0.0,0,0,0,0.0,0.0,0.0,51.7,11.2,19.7,0.0,0.0,0.0,0.0,0.0,0.0,0.0,0.0,0.0,0.0,none,no_axis_variation,,0.0,0.0,1102.9,21.94,90,36개 가정 전체에서 상위 10% 포함 여부가 바뀌지 않음
SC0582,마린애시앙경로당,경로당,4812553000,월영동,마산합포구,scenario_stable_non_high,0.0,0.0,0.0,0.0,0,0,0,0.0,0.0,0.0,294.9,30.5,19.3,0.0,0.0,0.0,0.0,0.0,0.0,0.0,0.0,0.0,0.0,none,no_axis_variation,,0.0,0.0,994.4,109.99,347,36개 가정 전체에서 상위 10% 포함 여부가 바뀌지 않음
SC0585,산호중앙경로당,경로당,4812565000,산호동,마산합포구,scenario_stable_non_high,0.0,0.0,0.0,0.0,0,0,0,0.0,0.0,0.0,585.6,14.7,3.8,0.0,0.0,0.0,0.0,0.0,0.0,0.0,0.0,0.0,0.0,none,no_axis_variation,,0.0,0.0,382.5,241.47,605,36개 가정 전체에서 상위 10% 포함 여부가 바뀌지 않음
SC0586,산호현대남경로당,경로당,4812565000,산호동,마산합포구,scenario_stable_non_high,0.0,0.0,0.0,0.0,0,0,0,0.0,0.0,0.0,87.3,24.3,39.6,0.0,0.0,0.0,0.0,0.0,0.0,0.0,0.0,0.0,0.0,none,no_axis_variation,,0.0,0.0,366.7,39.39,145,36개 가정 전체에서 상위 10% 포함 여부가 바뀌지 않음
SC0587,산호현대여경로당,경로당,4812565000,산호동,마산합포구,scenario_stable_non_high,0.0,0.0,0.0,0.0,0,0,0,0.0,0.0,0.0,87.3,24.3,39.6,0.0,0.0,0.0,0.0,0.0,0.0,0.0,0.0,0.0,0.0,none,no_axis_variation,,0.0,0.0,366.7,39.39,145,36개 가정 전체에서 상위 10% 포함 여부가 바뀌지 않음
SC0594,자산남성경로당,경로당,4812558000,자산동,마산합포구,scenario_stable_non_high,0.0,0.0,0.0,0.0,0,0,0,0.0,0.0,0.0,272.6,16.2,38.0,0.0,0.0,0.0,0.0,0.0,0.0,0.0,0.0,0.0,0.0,none,no_axis_variation,,0.0,0.0,299.3,110.01,313,36개 가정 전체에서 상위 10% 포함 여부가 바뀌지 않음
SC0595,자산여성경로당,경로당,4812558000,자산동,마산합포구,scenario_stable_non_high,0.0,0.0,0.0,0.0,0,0,0,0.0,0.0,0.0,272.6,16.2,38.0,0.0,0.0,0.0,0.0,0.0,0.0,0.0,0.0,0.0,0.0,none,no_axis_variation,,0.0,0.0,299.3,110.01,313,36개 가정 전체에서 상위 10% 포함 여부가 바뀌지 않음
SC0596,상봉남성경로당,경로당,4812558000,자산동,마산합포구,scenario_stable_non_high,0.0,0.0,0.0,0.0,0,0,0,0.0,0.0,0.0,279.2,17.8,35.0,0.0,0.0,0.0,0.0,0.0,0.0,0.0,0.0,0.0,0.0,none,no_axis_variation,,0.0,0.0,737.7,110.9,330,36개 가정 전체에서 상위 10% 포함 여부가 바뀌지 않음
SC0597,상봉여성경로당,경로당,4812558000,자산동,마산합포구,scenario_stable_non_high,0.0,0.0,0.0,0.0,0,0,0,0.0,0.0,0.0,279.2,17.8,35.0,0.0,0.0,0.0,0.0,0.0,0.0,0.0,0.0,0.0,0.0,none,no_axis_variation,,0.0,0.0,737.7,110.9,330,36개 가정 전체에서 상위 10% 포함 여부가 바뀌지 않음
SC0598,학봉남성경로당,경로당,4812558000,자산동,마산합포구,scenario_stable_non_high,0.0,0.0,0.0,0.0,0,0,0,0.0,0.0,0.0,198.1,13.1,26.3,0.0,0.0,0.0,0.0,0.0,0.0,0.0,0.0,0.0,0.0,none,no_axis_variation,,0.0,0.0,906.8,85.43,244,36개 가정 전체에서 상위 10% 포함 여부가 바뀌지 않음
SC0599,학봉여성경로당,경로당,4812558000,자산동,마산합포구,scenario_stable_non_high,0.0,0.0,0.0,0.0,0,0,0,0.0,0.0,0.0,198.1,13.1,26.3,0.0,0.0,0.0,0.0,0.0,0.0,0.0,0.0,0.0,0.0,none,no_axis_variation,,0.0,0.0,906.8,85.43,244,36개 가정 전체에서 상위 10% 포함 여부가 바뀌지 않음
SC0600,자산아파트경로당,경로당,4812558000,자산동,마산합포구,scenario_stable_non_high,0.0,0.0,0.0,0.0,0,0,0,0.0,0.0,0.0,139.5,9.5,10.9,0.0,0.0,0.0,0.0,0.0,0.0,0.0,0.0,0.0,0.0,none,no_axis_variation,,0.0,0.0,1327.8,56.77,155,36개 가정 전체에서 상위 10% 포함 여부가 바뀌지 않음
SC0601,우성아파트경로당,경로당,4812558000,자산동,마산합포구,scenario_stable_non_high,0.0,0.0,0.0,0.0,0,0,0,0.0,0.0,0.0,86.3,6.8,18.3,0.0,0.0,0.0,0.0,0.0,0.0,0.0,0.0,0.0,0.0,none,no_axis_variation,,0.0,0.0,1182.9,32.82,113,36개 가정 전체에서 상위 10% 포함 여부가 바뀌지 않음
SC0602,한우아파트1.2동경로당,경로당,4812558000,자산동,마산합포구,scenario_stable_non_high,0.0,0.0,0.0,0.0,0,0,0,0.0,0.0,0.0,80.3,12.9,17.4,0.0,0.0,0.0,0.0,0.0,0.0,0.0,0.0,0.0,0.0,none,no_axis_variation,,0.0,0.0,1240.2,35.95,116,36개 가정 전체에서 상위 10% 포함 여부가 바뀌지 않음
SC0603,한우아파트3.5.6동경로당,경로당,4812558000,자산동,마산합포구,scenario_stable_non_high,0.0,0.0,0.0,0.0,0,0,0,0.0,0.0,0.0,162.9,14.2,17.8,0.0,0.0,0.0,0.0,0.0,0.0,0.0,0.0,0.0,0.0,none,no_axis_variation,,0.0,0.0,1131.8,62.71,197,36개 가정 전체에서 상위 10% 포함 여부가 바뀌지 않음
SC0604,한우아파트9.10동경로당,경로당,4812558000,자산동,마산합포구,scenario_stable_non_high,0.0,0.0,0.0,0.0,0,0,0,0.0,0.0,0.0,47.7,12.9,20.9,0.0,0.0,0.0,0.0,0.0,0.0,0.0,0.0,0.0,0.0,none,no_axis_variation,,0.0,0.0,1114.2,22.82,85,36개 가정 전체에서 상위 10% 포함 여부가 바뀌지 않음
SC0605,한우아파트11.12동경로당,경로당,4812558000,자산동,마산합포구,scenario_stable_non_high,0.0,0.0,0.0,0.0,0,0,0,0.0,0.0,0.0,190.7,16.5,18.4,0.0,0.0,0.0,0.0,0.0,0.0,0.0,0.0,0.0,0.0,none,no_axis_variation,,0.0,0.0,1065.2,74.71,232,36개 가정 전체에서 상위 10% 포함 여부가 바뀌지 않음
SC0606,팔도아파트경로당,경로당,4812558000,자산동,마산합포구,scenario_stable_non_high,0.0,0.0,0.0,0.0,0,0,0,0.0,0.0,0.0,105.2,18.5,20.5,0.0,0.0,0.0,0.0,0.0,0.0,0.0,0.0,0.0,0.0,none,no_axis_variation,,0.0,0.0,913.1,40.48,150,36개 가정 전체에서 상위 10% 포함 여부가 바뀌지 않음
SC0607,성호남성경로당,경로당,4812563000,오동동,마산합포구,scenario_stable_non_high,0.0,0.0,0.0,0.0,0,0,0,0.0,0.0,0.0,104.5,31.2,43.0,0.0,0.0,0.0,0.0,0.0,0.0,0.0,0.0,0.0,0.0,none,no_axis_variation,,0.0,0.0,456.5,46.32,172,36개 가정 전체에서 상위 10% 포함 여부가 바뀌지 않음
SC0608,성호여성경로당,경로당,4812563000,오동동,마산합포구,scenario_stable_non_high,0.0,0.0,0.0,0.0,0,0,0,0.0,0.0,0.0,104.5,31.2,43.0,0.0,0.0,0.0,0.0,0.0,0.0,0.0,0.0,0.0,0.0,none,no_axis_variation,,0.0,0.0,456.5,46.32,172,36개 가정 전체에서 상위 10% 포함 여부가 바뀌지 않음
SC0609,추산남성경로당,경로당,4812563000,오동동,마산합포구,scenario_stable_non_high,0.0,0.0,0.0,0.0,0,0,0,0.0,0.0,0.0,341.5,23.1,38.0,0.0,0.0,0.0,0.0,0.0,0.0,0.0,0.0,0.0,0.0,none,no_axis_variation,,0.0,0.0,450.7,133.6,391,36개 가정 전체에서 상위 10% 포함 여부가 바뀌지 않음
SC0610,추산여성경로당,경로당,4812563000,오동동,마산합포구,scenario_stable_non_high,0.0,0.0,0.0,0.0,0,0,0,0.0,0.0,0.0,341.5,23.1,38.0,0.0,0.0,0.0,0.0,0.0,0.0,0.0,0.0,0.0,0.0,none,no_axis_variation,,0.0,0.0,450.7,133.6,391,36개 가정 전체에서 상위 10% 포함 여부가 바뀌지 않음
SC0611,신추산남성경로당,경로당,4812563000,오동동,마산합포구,scenario_stable_non_high,0.0,0.0,0.0,0.0,0,0,0,0.0,0.0,0.0,84.3,27.0,35.3,0.0,0.0,0.0,0.0,0.0,0.0,0.0,0.0,0.0,0.0,none,no_axis_variation,,0.0,0.0,355.8,39.66,148,36개 가정 전체에서 상위 10% 포함 여부가 바뀌지 않음
SC0612,신추산여성경로당,경로당,4812563000,오동동,마산합포구,scenario_stable_non_high,0.0,0.0,0.0,0.0,0,0,0,0.0,0.0,0.0,84.3,27.0,35.3,0.0,0.0,0.0,0.0,0.0,0.0,0.0,0.0,0.0,0.0,none,no_axis_variation,,0.0,0.0,355.8,39.66,148,36개 가정 전체에서 상위 10% 포함 여부가 바뀌지 않음
SC0614,오동동여성경로당,경로당,4812563000,오동동,마산합포구,scenario_stable_non_high,0.0,0.0,0.0,0.0,0,0,0,0.0,0.0,0.0,237.0,32.0,37.4,0.0,0.0,0.0,0.0,0.0,0.0,0.0,0.0,0.0,0.0,none,no_axis_variation,,0.0,0.0,285.1,102.23,304,36개 가정 전체에서 상위 10% 포함 여부가 바뀌지 않음
SC0615,중성동여성경로당,경로당,4812563000,오동동,마산합포구,scenario_stable_non_high,0.0,0.0,0.0,0.0,0,0,0,0.0,0.0,0.0,72.2,26.1,31.7,0.0,0.0,0.0,0.0,0.0,0.0,0.0,0.0,0.0,0.0,none,no_axis_variation,,0.0,0.0,294.7,35.2,132,36개 가정 전체에서 상위 10% 포함 여부가 바뀌지 않음
SC0627,교방남성경로당,경로당,4812561000,교방동,마산합포구,scenario_stable_non_high,0.0,0.0,0.0,0.0,0,0,0,0.0,0.0,0.0,261.9,19.5,35.5,0.0,0.0,0.0,0.0,0.0,0.0,0.0,0.0,0.0,0.0,none,no_axis_variation,,0.0,0.0,1075.4,104.73,315,36개 가정 전체에서 상위 10% 포함 여부가 바뀌지 않음
SC0628,교방여성경로당,경로당,4812561000,교방동,마산합포구,scenario_stable_non_high,0.0,0.0,0.0,0.0,0,0,0,0.0,0.0,0.0,227.3,24.0,19.5,0.0,0.0,0.0,0.0,0.0,0.0,0.0,0.0,0.0,0.0,none,no_axis_variation,,0.0,0.0,985.5,93.06,273,36개 가정 전체에서 상위 10% 포함 여부가 바뀌지 않음
SC0629,교방장수경로당,경로당,4812561000,교방동,마산합포구,scenario_stable_non_high,0.0,0.0,0.0,0.0,0,0,0,0.0,0.0,0.0,68.9,25.9,1.7,0.0,0.0,0.0,0.0,0.0,0.0,0.0,0.0,0.0,0.0,none,no_axis_variation,,0.0,0.0,1090.2,30.48,104,36개 가정 전체에서 상위 10% 포함 여부가 바뀌지 않음
SC0630,무학산블루밍경로당,경로당,4812561000,교방동,마산합포구,scenario_stable_non_high,0.0,0.0,0.0,0.0,0,0,0,0.0,0.0,0.0,26.3,13.2,31.1,0.0,0.0,0.0,0.0,0.0,0.0,0.0,0.0,0.0,0.0,none,no_axis_variation,,0.0,0.0,1370.4,19.46,91,36개 가정 전체에서 상위 10% 포함 여부가 바뀌지 않음
SC0631,무학자이아파트경로당,경로당,4812561000,교방동,마산합포구,scenario_stable_non_high,0.0,0.0,0.0,0.0,0,0,0,0.0,0.0,0.0,309.7,25.9,43.5,0.0,0.0,0.0,0.0,0.0,0.0,0.0,0.0,0.0,0.0,none,no_axis_variation,,0.0,0.0,980.2,116.35,363,36개 가정 전체에서 상위 10% 포함 여부가 바뀌지 않음
SC0632,북마산남성경로당,경로당,4812561000,교방동,마산합포구,scenario_stable_non_high,0.0,0.0,0.0,0.0,0,0,0,0.0,0.0,0.0,194.6,29.1,34.9,0.0,0.0,0.0,0.0,0.0,0.0,0.0,0.0,0.0,0.0,none,no_axis_variation,,0.0,0.0,767.8,79.73,250,36개 가정 전체에서 상위 10% 포함 여부가 바뀌지 않음
SC0633,북마산여성경로당,경로당,4812561000,교방동,마산합포구,scenario_stable_non_high,0.0,0.0,0.0,0.0,0,0,0,0.0,0.0,0.0,194.6,29.1,34.9,0.0,0.0,0.0,0.0,0.0,0.0,0.0,0.0,0.0,0.0,none,no_axis_variation,,0.0,0.0,767.8,79.73,250,36개 가정 전체에서 상위 10% 포함 여부가 바뀌지 않음
SC0634,서광경로당,경로당,4812561000,교방동,마산합포구,scenario_stable_non_high,0.0,0.0,0.0,0.0,0,0,0,0.0,0.0,0.0,60.6,30.0,10.1,0.0,0.0,0.0,0.0,0.0,0.0,0.0,0.0,0.0,0.0,none,no_axis_variation,,0.0,0.0,682.9,26.79,103,36개 가정 전체에서 상위 10% 포함 여부가 바뀌지 않음
SC0635,회산여성경로당,경로당,4812561000,교방동,마산합포구,scenario_stable_non_high,0.0,0.0,0.0,0.0,0,0,0,0.0,0.0,0.0,282.1,27.0,37.9,0.0,0.0,0.0,0.0,0.0,0.0,0.0,0.0,0.0,0.0,none,no_axis_variation,,0.0,0.0,905.5,108.71,338,36개 가정 전체에서 상위 10% 포함 여부가 바뀌지 않음
SC0636,교원경로당,경로당,4812561000,교방동,마산합포구,scenario_stable_non_high,0.0,0.0,0.0,0.0,0,0,0,0.0,0.0,0.0,64.2,32.3,12.8,0.0,0.0,0.0,0.0,0.0,0.0,0.0,0.0,0.0,0.0,none,no_axis_variation,,0.0,0.0,718.1,28.39,107,36개 가정 전체에서 상위 10% 포함 여부가 바뀌지 않음
SC0637,상남경로당,경로당,4812561000,교방동,마산합포구,scenario_stable_non_high,0.0,0.0,0.0,0.0,0,0,0,0.0,0.0,0.0,55.6,38.6,5.6,0.0,0.0,0.0,0.0,0.0,0.0,0.0,0.0,0.0,0.0,none,no_axis_variation,,0.0,0.0,555.4,28.19,115,36개 가정 전체에서 상위 10% 포함 여부가 바뀌지 않음
SC0638,회남여성경로당,경로당,4812561000,교방동,마산합포구,scenario_stable_non_high,0.0,0.0,0.0,0.0,0,0,0,0.0,0.0,0.0,55.6,38.6,5.6,0.0,0.0,0.0,0.0,0.0,0.0,0.0,0.0,0.0,0.0,none,no_axis_variation,,0.0,0.0,555.4,28.19,115,36개 가정 전체에서 상위 10% 포함 여부가 바뀌지 않음
SC0639,롯데캐슬프리미어아파트경로당,경로당,4812561000,교방동,마산합포구,scenario_stable_non_high,0.0,0.0,0.0,0.0,0,0,0,0.0,0.0,0.0,126.4,25.0,26.2,0.0,0.0,0.0,0.0,0.0,0.0,0.0,0.0,0.0,0.0,none,no_axis_variation,,0.0,0.0,1272.2,48.52,169,36개 가정 전체에서 상위 10% 포함 여부가 바뀌지 않음
SC0640,구복남성경로당,경로당,4812531000,구산면,마산합포구,scenario_stable_non_high,0.0,0.0,0.0,0.0,0,0,0,0.0,0.0,0.0,64.0,12.3,8.5,0.0,0.0,0.0,0.0,0.0,0.0,0.0,0.0,0.0,0.0,none,no_axis_variation,,0.0,0.0,1447.8,24.12,87,36개 가정 전체에서 상위 10% 포함 여부가 바뀌지 않음
SC0641,구복여성경로당,경로당,4812531000,구산면,마산합포구,scenario_stable_non_high,0.0,0.0,0.0,0.0,0,0,0,0.0,0.0,0.0,38.6,13.5,7.5,0.0,0.0,0.0,0.0,0.0,0.0,0.0,0.0,0.0,0.0,none,no_axis_variation,,0.0,0.0,1431.1,17.56,64,36개 가정 전체에서 상위 10% 포함 여부가 바뀌지 않음
SC0642,구산경로당,경로당,4812531000,구산면,마산합포구,scenario_stable_non_high,0.0,0.0,0.0,0.0,0,0,0,0.0,0.0,0.0,0.0,0.0,0.0,0.0,0.0,0.0,0.0,0.0,0.0,0.0,0.0,0.0,0.0,none,no_axis_variation,,0.0,0.0,1584.0,0.0,0,36개 가정 전체에서 상위 10% 포함 여부가 바뀌지 않음
SC0643,구산음달경로당,경로당,4812531000,구산면,마산합포구,scenario_stable_non_high,0.0,0.0,0.0,0.0,0,0,0,0.0,0.0,0.0,0.0,0.0,0.0,0.0,0.0,0.0,0.0,0.0,0.0,0.0,0.0,0.0,0.0,none,no_axis_variation,,0.0,0.0,1584.0,0.0,0,36개 가정 전체에서 상위 10% 포함 여부가 바뀌지 않음
SC0644,군령경로당,경로당,4812531000,구산면,마산합포구,scenario_stable_non_high,0.0,0.0,0.0,0.0,0,0,0,0.0,0.0,0.0,26.1,8.5,2.7,0.0,0.0,0.0,0.0,0.0,0.0,0.0,0.0,0.0,0.0,none,no_axis_variation,,0.0,0.0,1530.2,11.76,35,36개 가정 전체에서 상위 10% 포함 여부가 바뀌지 않음
SC0645,난포경로당,경로당,4812531000,구산면,마산합포구,scenario_stable_non_high,0.0,0.0,0.0,0.0,0,0,0,0.0,0.0,0.0,426.3,35.1,20.1,0.0,0.0,0.0,0.0,0.0,0.0,0.0,0.0,0.0,0.0,none,no_axis_variation,,0.0,0.0,1082.8,164.56,480,36개 가정 전체에서 상위 10% 포함 여부가 바뀌지 않음
SC0646,내포남성경로당,경로당,4812531000,구산면,마산합포구,scenario_stable_non_high,0.0,0.0,0.0,0.0,0,0,0,0.0,0.0,0.0,0.0,0.0,0.0,0.0,0.0,0.0,0.0,0.0,0.0,0.0,0.0,0.0,0.0,none,no_axis_variation,,0.0,0.0,1584.0,0.0,0,36개 가정 전체에서 상위 10% 포함 여부가 바뀌지 않음
SC0647,내포여성경로당,경로당,4812531000,구산면,마산합포구,scenario_stable_non_high,0.0,0.0,0.0,0.0,0,0,0,0.0,0.0,0.0,0.0,0.0,0.0,0.0,0.0,0.0,0.0,0.0,0.0,0.0,0.0,0.0,0.0,none,no_axis_variation,,0.0,0.0,1584.0,0.0,0,36개 가정 전체에서 상위 10% 포함 여부가 바뀌지 않음
SC0648,명주경로당,경로당,4812531000,구산면,마산합포구,scenario_stable_non_high,0.0,0.0,0.0,0.0,0,0,0,0.0,0.0,0.0,0.0,0.0,0.0,0.0,0.0,0.0,0.0,0.0,0.0,0.0,0.0,0.0,0.0,none,no_axis_variation,,0.0,0.0,1584.0,0.0,0,36개 가정 전체에서 상위 10% 포함 여부가 바뀌지 않음
SC0649,반동남성경로당,경로당,4812531000,구산면,마산합포구,scenario_stable_non_high,0.0,0.0,0.0,0.0,0,0,0,0.0,0.0,0.0,2.5,0.0,0.0,0.0,0.0,0.0,0.0,0.0,0.0,0.0,0.0,0.0,0.0,none,no_axis_variation,,0.0,0.0,1553.4,1.1,2,36개 가정 전체에서 상위 10% 포함 여부가 바뀌지 않음
SC0650,반동여성경로당,경로당,4812531000,구산면,마산합포구,scenario_stable_non_high,0.0,0.0,0.0,0.0,0,0,0,0.0,0.0,0.0,3.5,0.0,0.0,0.0,0.0,0.0,0.0,0.0,0.0,0.0,0.0,0.0,0.0,none,no_axis_variation,,0.0,0.0,1554.1,1.54,3,36개 가정 전체에서 상위 10% 포함 여부가 바뀌지 않음
SC0651,상마전경로당,경로당,4812531000,구산면,마산합포구,scenario_stable_non_high,0.0,0.0,0.0,0.0,0,0,0,0.0,0.0,0.0,0.0,0.0,0.0,0.0,0.0,0.0,0.0,0.0,0.0,0.0,0.0,0.0,0.0,none,no_axis_variation,,0.0,0.0,1584.0,0.0,0,36개 가정 전체에서 상위 10% 포함 여부가 바뀌지 않음
SC0652,석곡경로당,경로당,4812531000,구산면,마산합포구,scenario_stable_non_high,0.0,0.0,0.0,0.0,0,0,0,0.0,0.0,0.0,0.0,0.0,0.0,0.0,0.0,0.0,0.0,0.0,0.0,0.0,0.0,0.0,0.0,none,no_axis_variation,,0.0,0.0,1584.0,0.0,0,36개 가정 전체에서 상위 10% 포함 여부가 바뀌지 않음
SC0653,수정남성경로당,경로당,4812531000,구산면,마산합포구,scenario_stable_non_high,0.0,0.0,0.0,0.0,0,0,0,0.0,0.0,0.0,0.0,0.0,0.0,0.0,0.0,0.0,0.0,0.0,0.0,0.0,0.0,0.0,0.0,none,no_axis_variation,,0.0,0.0,1584.0,0.0,0,36개 가정 전체에서 상위 10% 포함 여부가 바뀌지 않음
SC0654,수정여성경로당,경로당,4812531000,구산면,마산합포구,scenario_stable_non_high,0.0,0.0,0.0,0.0,0,0,0,0.0,0.0,0.0,0.0,0.0,0.0,0.0,0.0,0.0,0.0,0.0,0.0,0.0,0.0,0.0,0.0,none,no_axis_variation,,0.0,0.0,1584.0,0.0,0,36개 가정 전체에서 상위 10% 포함 여부가 바뀌지 않음
SC0655,신촌경로당,경로당,4812531000,구산면,마산합포구,scenario_stable_non_high,0.0,0.0,0.0,0.0,0,0,0,0.0,0.0,0.0,0.0,0.0,0.0,0.0,0.0,0.0,0.0,0.0,0.0,0.0,0.0,0.0,0.0,none,no_axis_variation,,0.0,0.0,1584.0,0.0,0,36개 가정 전체에서 상위 10% 포함 여부가 바뀌지 않음
SC0656,실리도경로당,경로당,4812531000,구산면,마산합포구,scenario_stable_non_high,0.0,0.0,0.0,0.0,0,0,0,0.0,0.0,0.0,20.2,1.3,3.1,0.0,0.0,0.0,0.0,0.0,0.0,0.0,0.0,0.0,0.0,none,no_axis_variation,,0.0,0.0,1523.6,8.97,25,36개 가정 전체에서 상위 10% 포함 여부가 바뀌지 않음
SC0657,심리경로당,경로당,4812531000,구산면,마산합포구,scenario_stable_non_high,0.0,0.0,0.0,0.0,0,0,0,0.0,0.0,0.0,26.5,0.3,1.0,0.0,0.0,0.0,0.0,0.0,0.0,0.0,0.0,0.0,0.0,none,no_axis_variation,,0.0,0.0,1542.2,10.36,28,36개 가정 전체에서 상위 10% 포함 여부가 바뀌지 않음
SC0658,안녕경로당,경로당,4812531000,구산면,마산합포구,scenario_stable_non_high,0.0,0.0,0.0,0.0,0,0,0,0.0,0.0,0.0,579.8,35.7,22.7,0.0,0.0,0.0,0.0,0.0,0.0,0.0,0.0,0.0,0.0,none,no_axis_variation,,0.0,0.0,1038.2,230.42,639,36개 가정 전체에서 상위 10% 포함 여부가 바뀌지 않음
SC0659,양평경로당,경로당,4812531000,구산면,마산합포구,scenario_stable_non_high,0.0,0.0,0.0,0.0,0,0,0,0.0,0.0,0.0,5.2,0.0,0.7,0.0,0.0,0.0,0.0,0.0,0.0,0.0,0.0,0.0,0.0,none,no_axis_variation,,0.0,0.0,1549.2,2.01,6,36개 가정 전체에서 상위 10% 포함 여부가 바뀌지 않음
SC0660,옥계남성경로당,경로당,4812531000,구산면,마산합포구,scenario_stable_non_high,0.0,0.0,0.0,0.0,0,0,0,0.0,0.0,0.0,0.0,0.0,0.0,0.0,0.0,0.0,0.0,0.0,0.0,0.0,0.0,0.0,0.0,none,no_axis_variation,,0.0,0.0,1584.0,0.0,0,36개 가정 전체에서 상위 10% 포함 여부가 바뀌지 않음
SC0661,옥계여성경로당,경로당,4812531000,구산면,마산합포구,scenario_stable_non_high,0.0,0.0,0.0,0.0,0,0,0,0.0,0.0,0.0,0.0,0.0,0.0,0.0,0.0,0.0,0.0,0.0,0.0,0.0,0.0,0.0,0.0,none,no_axis_variation,,0.0,0.0,1584.0,0.0,0,36개 가정 전체에서 상위 10% 포함 여부가 바뀌지 않음
SC0662,용호경로당,경로당,4812531000,구산면,마산합포구,scenario_stable_non_high,0.0,0.0,0.0,0.0,0,0,0,0.0,0.0,0.0,0.0,0.0,0.0,0.0,0.0,0.0,0.0,0.0,0.0,0.0,0.0,0.0,0.0,none,no_axis_variation,,0.0,0.0,1584.0,0.0,0,36개 가정 전체에서 상위 10% 포함 여부가 바뀌지 않음
SC0663,욱곡남성경로당,경로당,4812531000,구산면,마산합포구,scenario_stable_non_high,0.0,0.0,0.0,0.0,0,0,0,0.0,0.0,0.0,0.0,0.0,0.0,0.0,0.0,0.0,0.0,0.0,0.0,0.0,0.0,0.0,0.0,none,no_axis_variation,,0.0,0.0,1584.0,0.0,0,36개 가정 전체에서 상위 10% 포함 여부가 바뀌지 않음
SC0664,욱곡여성경로당,경로당,4812531000,구산면,마산합포구,scenario_stable_non_high,0.0,0.0,0.0,0.0,0,0,0,0.0,0.0,0.0,0.0,0.0,0.0,0.0,0.0,0.0,0.0,0.0,0.0,0.0,0.0,0.0,0.0,none,no_axis_variation,,0.0,0.0,1584.0,0.0,0,36개 가정 전체에서 상위 10% 포함 여부가 바뀌지 않음
SC0665,원전경로당,경로당,4812531000,구산면,마산합포구,scenario_stable_non_high,0.0,0.0,0.0,0.0,0,0,0,0.0,0.0,0.0,561.1,30.3,16.6,0.0,0.0,0.0,0.0,0.0,0.0,0.0,0.0,0.0,0.0,none,no_axis_variation,,0.0,0.0,1155.1,227.04,607,36개 가정 전체에서 상위 10% 포함 여부가 바뀌지 않음
SC0666,유산경로당,경로당,4812531000,구산면,마산합포구,scenario_stable_non_high,0.0,0.0,0.0,0.0,0,0,0,0.0,0.0,0.0,19.2,2.2,9.4,0.0,0.0,0.0,0.0,0.0,0.0,0.0,0.0,0.0,0.0,none,no_axis_variation,,0.0,0.0,1442.8,8.65,33,36개 가정 전체에서 상위 10% 포함 여부가 바뀌지 않음
SC0667,유천경로당,경로당,4812531000,구산면,마산합포구,scenario_stable_non_high,0.0,0.0,0.0,0.0,0,0,0,0.0,0.0,0.0,229.8,347.3,18.6,0.0,0.0,0.0,0.0,0.0,0.0,0.0,0.0,0.0,0.0,none,no_axis_variation,,0.0,0.0,1037.6,191.84,625,36개 가정 전체에서 상위 10% 포함 여부가 바뀌지 않음
SC0668,장구경로당,경로당,4812531000,구산면,마산합포구,scenario_stable_non_high,0.0,0.0,0.0,0.0,0,0,0,0.0,0.0,0.0,70.5,10.9,8.9,0.0,0.0,0.0,0.0,0.0,0.0,0.0,0.0,0.0,0.0,none,no_axis_variation,,0.0,0.0,1404.5,26.29,89,36개 가정 전체에서 상위 10% 포함 여부가 바뀌지 않음
SC0669,하마전경로당,경로당,4812531000,구산면,마산합포구,scenario_stable_non_high,0.0,0.0,0.0,0.0,0,0,0,0.0,0.0,0.0,146.0,2.6,5.6,0.0,0.0,0.0,0.0,0.0,0.0,0.0,0.0,0.0,0.0,none,no_axis_variation,,0.0,0.0,1477.7,56.12,155,36개 가정 전체에서 상위 10% 포함 여부가 바뀌지 않음
SC0671,감나무골경로당,경로당,4812725000,내서읍,마산회원구,scenario_stable_non_high,0.0,0.0,0.0,0.0,0,0,0,0.0,0.0,0.0,162.8,7.3,6.5,0.0,0.0,0.0,0.0,0.0,0.0,0.0,0.0,0.0,0.0,none,no_axis_variation,,0.0,0.0,1457.8,63.69,180,36개 가정 전체에서 상위 10% 포함 여부가 바뀌지 않음
SC0672,감천남성경로당,경로당,4812725000,내서읍,마산회원구,scenario_stable_non_high,0.0,0.0,0.0,0.0,0,0,0,0.0,0.0,0.0,179.0,13.0,6.9,0.0,0.0,0.0,0.0,0.0,0.0,0.0,0.0,0.0,0.0,none,no_axis_variation,,0.0,0.0,1354.1,75.46,198,36개 가정 전체에서 상위 10% 포함 여부가 바뀌지 않음
SC0673,감천여성경로당,경로당,4812725000,내서읍,마산회원구,scenario_stable_non_high,0.0,0.0,0.0,0.0,0,0,0,0.0,0.0,0.0,179.0,13.0,6.9,0.0,0.0,0.0,0.0,0.0,0.0,0.0,0.0,0.0,0.0,none,no_axis_variation,,0.0,0.0,1354.1,75.46,198,36개 가정 전체에서 상위 10% 포함 여부가 바뀌지 않음
SC0674,구미경로당,경로당,4812725000,내서읍,마산회원구,scenario_stable_non_high,0.0,0.0,0.0,0.0,0,0,0,0.0,0.0,0.0,174.6,21.6,12.9,0.0,0.0,0.0,0.0,0.0,0.0,0.0,0.0,0.0,0.0,none,no_axis_variation,,0.0,0.0,255.0,76.04,207,36개 가정 전체에서 상위 10% 포함 여부가 바뀌지 않음
SC0675,구슬골경로당,경로당,4812725000,내서읍,마산회원구,scenario_stable_non_high,0.0,0.0,0.0,0.0,0,0,0,0.0,0.0,0.0,381.2,32.6,18.2,0.0,0.0,0.0,0.0,0.0,0.0,0.0,0.0,0.0,0.0,none,no_axis_variation,,0.0,0.0,1042.8,152.11,428,36개 가정 전체에서 상위 10% 포함 여부가 바뀌지 않음
SC0676,국제아파트경로당,경로당,4812725000,내서읍,마산회원구,scenario_stable_non_high,0.0,0.0,0.0,0.0,0,0,0,0.0,0.0,0.0,133.2,12.6,16.9,0.0,0.0,0.0,0.0,0.0,0.0,0.0,0.0,0.0,0.0,none,no_axis_variation,,0.0,0.0,965.1,50.33,174,36개 가정 전체에서 상위 10% 포함 여부가 바뀌지 않음
SC0678,대동다숲아파트경로당,경로당,4812725000,내서읍,마산회원구,scenario_stable_non_high,0.0,0.0,0.0,0.0,0,0,0,0.0,0.0,0.0,224.3,18.4,15.8,0.0,0.0,0.0,0.0,0.0,0.0,0.0,0.0,0.0,0.0,none,no_axis_variation,,0.0,0.0,578.3,85.78,253,36개 가정 전체에서 상위 10% 포함 여부가 바뀌지 않음
SC0679,대동이미지1단지아파트경로당,경로당,4812725000,내서읍,마산회원구,scenario_stable_non_high,0.0,0.0,0.0,0.0,0,0,0,0.0,0.0,0.0,78.7,13.2,7.7,0.0,0.0,0.0,0.0,0.0,0.0,0.0,0.0,0.0,0.0,none,no_axis_variation,,0.0,0.0,1369.4,33.84,107,36개 가정 전체에서 상위 10% 포함 여부가 바뀌지 않음
SC0680,대동이미지1단지아파트남성경로당,경로당,4812725000,내서읍,마산회원구,scenario_stable_non_high,0.0,0.0,0.0,0.0,0,0,0,0.0,0.0,0.0,78.7,13.2,7.7,0.0,0.0,0.0,0.0,0.0,0.0,0.0,0.0,0.0,0.0,none,no_axis_variation,,0.0,0.0,1369.4,33.84,107,36개 가정 전체에서 상위 10% 포함 여부가 바뀌지 않음
SC0681,대동이미지2단지경로당,경로당,4812725000,내서읍,마산회원구,scenario_stable_non_high,0.0,0.0,0.0,0.0,0,0,0,0.0,0.0,0.0,214.7,15.2,10.6,0.0,0.0,0.0,0.0,0.0,0.0,0.0,0.0,0.0,0.0,none,no_axis_variation,,0.0,0.0,1325.1,91.66,252,36개 가정 전체에서 상위 10% 포함 여부가 바뀌지 않음
SC0686,블루힐스아파트경로당,경로당,4812725000,내서읍,마산회원구,scenario_stable_non_high,0.0,0.0,0.0,0.0,0,0,0,0.0,0.0,0.0,65.3,6.4,6.8,0.0,0.0,0.0,0.0,0.0,0.0,0.0,0.0,0.0,0.0,none,no_axis_variation,,0.0,0.0,1430.8,24.45,77,36개 가정 전체에서 상위 10% 포함 여부가 바뀌지 않음
SC0687,삼계2주공아파트경로당,경로당,4812725000,내서읍,마산회원구,scenario_stable_non_high,0.0,0.0,0.0,0.0,0,0,0,0.0,0.0,0.0,346.4,33.9,11.2,0.0,0.0,0.0,0.0,0.0,0.0,0.0,0.0,0.0,0.0,none,no_axis_variation,,0.0,0.0,828.5,132.69,383,36개 가정 전체에서 상위 10% 포함 여부가 바뀌지 않음
SC0688,삼계남성경로당,경로당,4812725000,내서읍,마산회원구,scenario_stable_non_high,0.0,0.0,0.0,0.0,0,0,0,0.0,0.0,0.0,239.5,28.7,14.7,0.0,0.0,0.0,0.0,0.0,0.0,0.0,0.0,0.0,0.0,none,no_axis_variation,,0.0,0.0,720.5,91.9,277,36개 가정 전체에서 상위 10% 포함 여부가 바뀌지 않음
SC0689,삼계대동아파트경로당,경로당,4812725000,내서읍,마산회원구,scenario_stable_non_high,0.0,0.0,0.0,0.0,0,0,0,0.0,0.0,0.0,292.1,32.3,12.2,0.0,0.0,0.0,0.0,0.0,0.0,0.0,0.0,0.0,0.0,none,no_axis_variation,,0.0,0.0,759.1,114.0,325,36개 가정 전체에서 상위 10% 포함 여부가 바뀌지 않음
SC0690,삼계여성경로당,경로당,4812725000,내서읍,마산회원구,scenario_stable_non_high,0.0,0.0,0.0,0.0,0,0,0,0.0,0.0,0.0,239.5,28.7,14.7,0.0,0.0,0.0,0.0,0.0,0.0,0.0,0.0,0.0,0.0,none,no_axis_variation,,0.0,0.0,720.5,91.9,277,36개 가정 전체에서 상위 10% 포함 여부가 바뀌지 않음
SC0691,삼계현대아파트경로당,경로당,4812725000,내서읍,마산회원구,scenario_stable_non_high,0.0,0.0,0.0,0.0,0,0,0,0.0,0.0,0.0,38.3,8.6,1.4,0.0,0.0,0.0,0.0,0.0,0.0,0.0,0.0,0.0,0.0,none,no_axis_variation,,0.0,0.0,191.1,15.56,60,36개 가정 전체에서 상위 10% 포함 여부가 바뀌지 않음
SC0692,삼계화성아파트경로당,경로당,4812725000,내서읍,마산회원구,scenario_stable_non_high,0.0,0.0,0.0,0.0,0,0,0,0.0,0.0,0.0,244.2,20.7,11.6,0.0,0.0,0.0,0.0,0.0,0.0,0.0,0.0,0.0,0.0,none,no_axis_variation,,0.0,0.0,538.9,93.73,270,36개 가정 전체에서 상위 10% 포함 여부가 바뀌지 않음
SC0695,상곡2주공아파트경로당,경로당,4812725000,내서읍,마산회원구,scenario_stable_non_high,0.0,0.0,0.0,0.0,0,0,0,0.0,0.0,0.0,371.3,144.8,12.6,0.0,0.0,0.0,0.0,0.0,0.0,0.0,0.0,0.0,0.0,none,no_axis_variation,,0.0,0.0,655.6,161.14,544,36개 가정 전체에서 상위 10% 포함 여부가 바뀌지 않음
SC0698,서광2차아파트경로당,경로당,4812725000,내서읍,마산회원구,scenario_stable_non_high,0.0,0.0,0.0,0.0,0,0,0,0.0,0.0,0.0,43.6,46.0,12.2,0.0,0.0,0.0,0.0,0.0,0.0,0.0,0.0,0.0,0.0,none,no_axis_variation,,0.0,0.0,449.1,28.19,117,36개 가정 전체에서 상위 10% 포함 여부가 바뀌지 않음
SC0701,숲속마을주공3단지아파트경로당,경로당,4812725000,내서읍,마산회원구,scenario_stable_non_high,0.0,0.0,0.0,0.0,0,0,0,0.0,0.0,0.0,210.7,29.4,11.5,0.0,0.0,0.0,0.0,0.0,0.0,0.0,0.0,0.0,0.0,none,no_axis_variation,,0.0,0.0,901.8,84.67,250,36개 가정 전체에서 상위 10% 포함 여부가 바뀌지 않음
SC0702,숲속마을주공4단지아파트경로당,경로당,4812725000,내서읍,마산회원구,scenario_stable_non_high,0.0,0.0,0.0,0.0,0,0,0,0.0,0.0,0.0,128.5,29.5,7.3,0.0,0.0,0.0,0.0,0.0,0.0,0.0,0.0,0.0,0.0,none,no_axis_variation,,0.0,0.0,900.8,51.31,162,36개 가정 전체에서 상위 10% 포함 여부가 바뀌지 않음
SC0703,숲속마을주공5단지아파트경로당,경로당,4812725000,내서읍,마산회원구,scenario_stable_non_high,0.0,0.0,0.0,0.0,0,0,0,0.0,0.0,0.0,82.2,24.8,18.7,0.0,0.0,0.0,0.0,0.0,0.0,0.0,0.0,0.0,0.0,none,no_axis_variation,,0.0,0.0,1142.5,34.62,122,36개 가정 전체에서 상위 10% 포함 여부가 바뀌지 않음
SC0704,숲속마을주공6단지아파트경로당,경로당,4812725000,내서읍,마산회원구,scenario_stable_non_high,0.0,0.0,0.0,0.0,0,0,0,0.0,0.0,0.0,76.0,19.3,18.7,0.0,0.0,0.0,0.0,0.0,0.0,0.0,0.0,0.0,0.0,none,no_axis_variation,,0.0,0.0,949.7,33.44,127,36개 가정 전체에서 상위 10% 포함 여부가 바뀌지 않음
SC0705,신감경로당,경로당,4812725000,내서읍,마산회원구,scenario_stable_non_high,0.0,0.0,0.0,0.0,0,0,0,0.0,0.0,0.0,340.6,29.8,17.8,0.0,0.0,0.0,0.0,0.0,0.0,0.0,0.0,0.0,0.0,none,no_axis_variation,,0.0,0.0,1203.5,126.21,375,36개 가정 전체에서 상위 10% 포함 여부가 바뀌지 않음
SC0706,신목경로당,경로당,4812725000,내서읍,마산회원구,scenario_stable_non_high,0.0,0.0,0.0,0.0,0,0,0,0.0,0.0,0.0,0.0,0.0,0.0,0.0,0.0,0.0,0.0,0.0,0.0,0.0,0.0,0.0,0.0,none,no_axis_variation,,0.0,0.0,1584.0,0.0,0,36개 가정 전체에서 상위 10% 포함 여부가 바뀌지 않음
SC0708,안계경로당,경로당,4812725000,내서읍,마산회원구,scenario_stable_non_high,0.0,0.0,0.0,0.0,0,0,0,0.0,0.0,0.0,364.5,55.5,10.5,0.0,0.0,0.0,0.0,0.0,0.0,0.0,0.0,0.0,0.0,none,no_axis_variation,,0.0,0.0,1337.1,149.96,452,36개 가정 전체에서 상위 10% 포함 여부가 바뀌지 않음
SC0709,안곡경로당,경로당,4812725000,내서읍,마산회원구,scenario_stable_non_high,0.0,0.0,0.0,0.0,0,0,0,0.0,0.0,0.0,55.2,5.4,8.1,0.0,0.0,0.0,0.0,0.0,0.0,0.0,0.0,0.0,0.0,none,no_axis_variation,,0.0,0.0,1461.3,22.95,68,36개 가정 전체에서 상위 10% 포함 여부가 바뀌지 않음
SC0710,안성경로당,경로당,4812725000,내서읍,마산회원구,scenario_stable_non_high,0.0,0.0,0.0,0.0,0,0,0,0.0,0.0,0.0,0.0,0.0,0.0,0.0,0.0,0.0,0.0,0.0,0.0,0.0,0.0,0.0,0.0,none,no_axis_variation,,0.0,0.0,1584.0,0.0,0,36개 가정 전체에서 상위 10% 포함 여부가 바뀌지 않음
SC0711,옥정경로당,경로당,4812725000,내서읍,마산회원구,scenario_stable_non_high,0.0,0.0,0.0,0.0,0,0,0,0.0,0.0,0.0,317.2,40.6,10.9,0.0,0.0,0.0,0.0,0.0,0.0,0.0,0.0,0.0,0.0,none,no_axis_variation,,0.0,0.0,338.6,121.32,367,36개 가정 전체에서 상위 10% 포함 여부가 바뀌지 않음
SC0713,원계경로당,경로당,4812725000,내서읍,마산회원구,scenario_stable_non_high,0.0,0.0,0.0,0.0,0,0,0,0.0,0.0,0.0,430.0,23.2,10.1,0.0,0.0,0.0,0.0,0.0,0.0,0.0,0.0,0.0,0.0,none,no_axis_variation,,0.0,0.0,656.2,160.64,459,36개 가정 전체에서 상위 10% 포함 여부가 바뀌지 않음
SC0714,원계대동다숲아파트경로당,경로당,4812725000,내서읍,마산회원구,scenario_stable_non_high,0.0,0.0,0.0,0.0,0,0,0,0.0,0.0,0.0,322.9,22.6,7.6,0.0,0.0,0.0,0.0,0.0,0.0,0.0,0.0,0.0,0.0,none,no_axis_variation,,0.0,0.0,678.8,122.0,362,36개 가정 전체에서 상위 10% 포함 여부가 바뀌지 않음
SC0716,전안경로당,경로당,4812725000,내서읍,마산회원구,scenario_stable_non_high,0.0,0.0,0.0,0.0,0,0,0,0.0,0.0,0.0,6.5,0.0,0.0,0.0,0.0,0.0,0.0,0.0,0.0,0.0,0.0,0.0,0.0,none,no_axis_variation,,0.0,0.0,1556.4,2.85,6,36개 가정 전체에서 상위 10% 포함 여부가 바뀌지 않음
SC0720,중리현대아파트경로당,경로당,4812725000,내서읍,마산회원구,scenario_stable_non_high,0.0,0.0,0.0,0.0,0,0,0,0.0,0.0,0.0,166.0,32.9,2.4,0.0,0.0,0.0,0.0,0.0,0.0,0.0,0.0,0.0,0.0,none,no_axis_variation,,0.0,0.0,264.0,66.21,212,36개 가정 전체에서 상위 10% 포함 여부가 바뀌지 않음
SC0721,코오롱1차아파트경로당,경로당,4812725000,내서읍,마산회원구,scenario_stable_non_high,0.0,0.0,0.0,0.0,0,0,0,0.0,0.0,0.0,535.3,22.9,18.4,0.0,0.0,0.0,0.0,0.0,0.0,0.0,0.0,0.0,0.0,none,no_axis_variation,,0.0,0.0,971.1,218.09,585,36개 가정 전체에서 상위 10% 포함 여부가 바뀌지 않음
SC0722,코오롱2차아파트경로당,경로당,4812725000,내서읍,마산회원구,scenario_stable_non_high,0.0,0.0,0.0,0.0,0,0,0,0.0,0.0,0.0,282.7,20.3,16.8,0.0,0.0,0.0,0.0,0.0,0.0,0.0,0.0,0.0,0.0,none,no_axis_variation,,0.0,0.0,1022.4,107.82,325,36개 가정 전체에서 상위 10% 포함 여부가 바뀌지 않음
SC0723,평성남성경로당,경로당,4812725000,내서읍,마산회원구,scenario_stable_non_high,0.0,0.0,0.0,0.0,0,0,0,0.0,0.0,0.0,326.6,11.3,9.2,0.0,0.0,0.0,0.0,0.0,0.0,0.0,0.0,0.0,0.0,none,no_axis_variation,,0.0,0.0,1411.3,134.75,353,36개 가정 전체에서 상위 10% 포함 여부가 바뀌지 않음
SC0724,평성여성경로당,경로당,4812725000,내서읍,마산회원구,scenario_stable_non_high,0.0,0.0,0.0,0.0,0,0,0,0.0,0.0,0.0,326.6,11.3,9.2,0.0,0.0,0.0,0.0,0.0,0.0,0.0,0.0,0.0,0.0,none,no_axis_variation,,0.0,0.0,1411.3,134.75,353,36개 가정 전체에서 상위 10% 포함 여부가 바뀌지 않음
SC0725,한우리경로당,경로당,4812725000,내서읍,마산회원구,scenario_stable_non_high,0.0,0.0,0.0,0.0,0,0,0,0.0,0.0,0.0,423.4,23.3,1.3,0.0,0.0,0.0,0.0,0.0,0.0,0.0,0.0,0.0,0.0,none,no_axis_variation,,0.0,0.0,981.1,162.64,455,36개 가정 전체에서 상위 10% 포함 여부가 바뀌지 않음
SC0726,한우리2차아파트경로당,경로당,4812725000,내서읍,마산회원구,scenario_stable_non_high,0.0,0.0,0.0,0.0,0,0,0,0.0,0.0,0.0,353.5,24.5,2.6,0.0,0.0,0.0,0.0,0.0,0.0,0.0,0.0,0.0,0.0,none,no_axis_variation,,0.0,0.0,1078.4,144.1,383,36개 가정 전체에서 상위 10% 포함 여부가 바뀌지 않음
SC0730,호계남성경로당,경로당,4812725000,내서읍,마산회원구,scenario_stable_non_high,0.0,0.0,0.0,0.0,0,0,0,0.0,0.0,0.0,43.0,10.6,18.2,0.0,0.0,0.0,0.0,0.0,0.0,0.0,0.0,0.0,0.0,none,no_axis_variation,,0.0,0.0,1160.0,20.86,72,36개 가정 전체에서 상위 10% 포함 여부가 바뀌지 않음
SC0731,호계여성경로당,경로당,4812725000,내서읍,마산회원구,scenario_stable_non_high,0.0,0.0,0.0,0.0,0,0,0,0.0,0.0,0.0,43.0,10.6,18.2,0.0,0.0,0.0,0.0,0.0,0.0,0.0,0.0,0.0,0.0,none,no_axis_variation,,0.0,0.0,1160.0,20.86,72,36개 가정 전체에서 상위 10% 포함 여부가 바뀌지 않음
SC0732,화인태양아파트경로당,경로당,4812725000,내서읍,마산회원구,scenario_stable_non_high,0.0,0.0,0.0,0.0,0,0,0,0.0,0.0,0.0,236.0,24.9,19.6,0.0,0.0,0.0,0.0,0.0,0.0,0.0,0.0,0.0,0.0,none,no_axis_variation,,0.0,0.0,1155.7,90.29,269,36개 가정 전체에서 상위 10% 포함 여부가 바뀌지 않음
SC0733,회원1동남성경로당,경로당,4812751000,회원1동,마산회원구,scenario_stable_non_high,0.0,0.0,0.0,0.0,0,0,0,0.0,0.0,0.0,107.3,28.6,48.8,0.0,0.0,0.0,0.0,0.0,0.0,0.0,0.0,0.0,0.0,none,no_axis_variation,,0.0,0.0,622.8,48.85,191,36개 가정 전체에서 상위 10% 포함 여부가 바뀌지 않음
SC0734,회원1동여성경로당,경로당,4812751000,회원1동,마산회원구,scenario_stable_non_high,0.0,0.0,0.0,0.0,0,0,0,0.0,0.0,0.0,107.3,28.6,48.8,0.0,0.0,0.0,0.0,0.0,0.0,0.0,0.0,0.0,0.0,none,no_axis_variation,,0.0,0.0,622.8,48.85,191,36개 가정 전체에서 상위 10% 포함 여부가 바뀌지 않음
SC0735,한효아파트경로당,경로당,4812751000,회원1동,마산회원구,scenario_stable_non_high,0.0,0.0,0.0,0.0,0,0,0,0.0,0.0,0.0,195.7,31.6,59.3,0.0,0.0,0.0,0.0,0.0,0.0,0.0,0.0,0.0,0.0,none,no_axis_variation,,0.0,0.0,770.1,82.17,283,36개 가정 전체에서 상위 10% 포함 여부가 바뀌지 않음
SC0736,이산남성경로당,경로당,4812751000,회원1동,마산회원구,scenario_stable_non_high,0.0,0.0,0.0,0.0,0,0,0,0.0,0.0,0.0,64.4,26.5,22.5,0.0,0.0,0.0,0.0,0.0,0.0,0.0,0.0,0.0,0.0,none,no_axis_variation,,0.0,0.0,483.9,30.13,121,36개 가정 전체에서 상위 10% 포함 여부가 바뀌지 않음
SC0737,이산여성경로당,경로당,4812751000,회원1동,마산회원구,scenario_stable_non_high,0.0,0.0,0.0,0.0,0,0,0,0.0,0.0,0.0,64.4,26.5,22.5,0.0,0.0,0.0,0.0,0.0,0.0,0.0,0.0,0.0,0.0,none,no_axis_variation,,0.0,0.0,483.9,30.13,121,36개 가정 전체에서 상위 10% 포함 여부가 바뀌지 않음
SC0738,봉오남성경로당,경로당,4812751000,회원1동,마산회원구,scenario_stable_non_high,0.0,0.0,0.0,0.0,0,0,0,0.0,0.0,0.0,73.0,27.0,11.0,0.0,0.0,0.0,0.0,0.0,0.0,0.0,0.0,0.0,0.0,none,no_axis_variation,,0.0,0.0,497.1,34.01,123,36개 가정 전체에서 상위 10% 포함 여부가 바뀌지 않음
SC0739,봉오여성경로당,경로당,4812751000,회원1동,마산회원구,scenario_stable_non_high,0.0,0.0,0.0,0.0,0,0,0,0.0,0.0,0.0,73.0,27.0,11.0,0.0,0.0,0.0,0.0,0.0,0.0,0.0,0.0,0.0,0.0,none,no_axis_variation,,0.0,0.0,497.1,34.01,123,36개 가정 전체에서 상위 10% 포함 여부가 바뀌지 않음
SC0740,육호경로당,경로당,4812751000,회원1동,마산회원구,scenario_stable_non_high,0.0,0.0,0.0,0.0,0,0,0,0.0,0.0,0.0,220.1,27.2,88.6,0.0,0.0,0.0,0.0,0.0,0.0,0.0,0.0,0.0,0.0,none,no_axis_variation,,0.0,0.0,437.7,99.39,346,36개 가정 전체에서 상위 10% 포함 여부가 바뀌지 않음
SC0741,화란여성경로당,경로당,4812752000,회원2동,마산회원구,scenario_stable_non_high,0.0,0.0,0.0,0.0,0,0,0,0.0,0.0,0.0,32.2,6.9,40.9,0.0,0.0,0.0,0.0,0.0,0.0,0.0,0.0,0.0,0.0,none,no_axis_variation,,0.0,0.0,1476.2,21.8,78,36개 가정 전체에서 상위 10% 포함 여부가 바뀌지 않음
SC0742,화란남성경로당,경로당,4812752000,회원2동,마산회원구,scenario_stable_non_high,0.0,0.0,0.0,0.0,0,0,0,0.0,0.0,0.0,32.2,6.9,40.9,0.0,0.0,0.0,0.0,0.0,0.0,0.0,0.0,0.0,0.0,none,no_axis_variation,,0.0,0.0,1476.2,21.8,78,36개 가정 전체에서 상위 10% 포함 여부가 바뀌지 않음
SC0743,연계마을여성경로당,경로당,4812752000,회원2동,마산회원구,scenario_stable_non_high,0.0,0.0,0.0,0.0,0,0,0,0.0,0.0,0.0,14.6,2.4,33.6,0.0,0.0,0.0,0.0,0.0,0.0,0.0,0.0,0.0,0.0,none,no_axis_variation,,0.0,0.0,1506.5,15.82,56,36개 가정 전체에서 상위 10% 포함 여부가 바뀌지 않음
SC0744,연계마을남성경로당,경로당,4812752000,회원2동,마산회원구,scenario_stable_non_high,0.0,0.0,0.0,0.0,0,0,0,0.0,0.0,0.0,14.6,2.4,33.6,0.0,0.0,0.0,0.0,0.0,0.0,0.0,0.0,0.0,0.0,none,no_axis_variation,,0.0,0.0,1506.5,15.82,56,36개 가정 전체에서 상위 10% 포함 여부가 바뀌지 않음
SC0745,봉화여성경로당,경로당,4812752000,회원2동,마산회원구,scenario_stable_non_high,0.0,0.0,0.0,0.0,0,0,0,0.0,0.0,0.0,140.7,39.7,171.3,0.0,0.0,0.0,0.0,0.0,0.0,0.0,0.0,0.0,0.0,none,no_axis_variation,,0.0,0.0,959.7,90.62,342,36개 가정 전체에서 상위 10% 포함 여부가 바뀌지 않음
SC0746,봉화남성경로당,경로당,4812752000,회원2동,마산회원구,scenario_stable_non_high,0.0,0.0,0.0,0.0,0,0,0,0.0,0.0,0.0,140.7,39.7,171.3,0.0,0.0,0.0,0.0,0.0,0.0,0.0,0.0,0.0,0.0,none,no_axis_variation,,0.0,0.0,959.7,90.62,342,36개 가정 전체에서 상위 10% 포함 여부가 바뀌지 않음
SC0747,회봉경로당,경로당,4812752000,회원2동,마산회원구,scenario_stable_non_high,0.0,0.0,0.0,0.0,0,0,0,0.0,0.0,0.0,292.0,41.6,207.0,0.0,0.0,0.0,0.0,0.0,0.0,0.0,0.0,0.0,0.0,none,no_axis_variation,,0.0,0.0,905.0,144.82,544,36개 가정 전체에서 상위 10% 포함 여부가 바뀌지 않음
SC0748,팔거리거점경로당,경로당,4812752000,회원2동,마산회원구,scenario_stable_non_high,0.0,0.0,0.0,0.0,0,0,0,0.0,0.0,0.0,242.2,32.3,167.6,0.0,0.0,0.0,0.0,0.0,0.0,0.0,0.0,0.0,0.0,none,no_axis_variation,,0.0,0.0,1181.8,115.82,413,36개 가정 전체에서 상위 10% 포함 여부가 바뀌지 않음
SC0749,회원2동제1경로당,경로당,4812752000,회원2동,마산회원구,scenario_stable_non_high,0.0,0.0,0.0,0.0,0,0,0,0.0,0.0,0.0,69.2,15.7,95.6,0.0,0.0,0.0,0.0,0.0,0.0,0.0,0.0,0.0,0.0,none,no_axis_variation,,0.0,0.0,1358.4,50.36,184,36개 가정 전체에서 상위 10% 포함 여부가 바뀌지 않음
SC0750,무학경로당,경로당,4812752000,회원2동,마산회원구,scenario_stable_non_high,0.0,0.0,0.0,0.0,0,0,0,0.0,0.0,0.0,10.6,7.8,24.8,0.0,0.0,0.0,0.0,0.0,0.0,0.0,0.0,0.0,0.0,none,no_axis_variation,,0.0,0.0,1463.5,12.0,45,36개 가정 전체에서 상위 10% 포함 여부가 바뀌지 않음
SC0751,e편한세상1단지경로당,경로당,4812752000,회원2동,마산회원구,scenario_stable_non_high,0.0,0.0,0.0,0.0,0,0,0,0.0,0.0,0.0,133.2,25.1,46.1,0.0,0.0,0.0,0.0,0.0,0.0,0.0,0.0,0.0,0.0,none,no_axis_variation,,0.0,0.0,675.4,54.94,197,36개 가정 전체에서 상위 10% 포함 여부가 바뀌지 않음
SC0752,e편한세상2단지경로당,경로당,4812752000,회원2동,마산회원구,scenario_stable_non_high,0.0,0.0,0.0,0.0,0,0,0,0.0,0.0,0.0,148.0,25.2,70.2,0.0,0.0,0.0,0.0,0.0,0.0,0.0,0.0,0.0,0.0,none,no_axis_variation,,0.0,0.0,856.0,67.32,219,36개 가정 전체에서 상위 10% 포함 여부가 바뀌지 않음
SC0753,낙원경로당,경로당,4812752000,회원2동,마산회원구,scenario_stable_non_high,0.0,0.0,0.0,0.0,0,0,0,0.0,0.0,0.0,131.2,21.6,45.4,0.0,0.0,0.0,0.0,0.0,0.0,0.0,0.0,0.0,0.0,none,no_axis_variation,,0.0,0.0,679.4,54.79,197,36개 가정 전체에서 상위 10% 포함 여부가 바뀌지 않음
SC0754,성황남성경로당,경로당,4812754500,석전동,마산회원구,scenario_stable_non_high,0.0,0.0,0.0,0.0,0,0,0,0.0,0.0,0.0,76.5,6.9,52.3,0.0,0.0,0.0,0.0,0.0,0.0,0.0,0.0,0.0,0.0,none,no_axis_variation,,0.0,0.0,615.3,37.14,148,36개 가정 전체에서 상위 10% 포함 여부가 바뀌지 않음
SC0755,성황여성경로당,경로당,4812754500,석전동,마산회원구,scenario_stable_non_high,0.0,0.0,0.0,0.0,0,0,0,0.0,0.0,0.0,76.5,6.9,52.3,0.0,0.0,0.0,0.0,0.0,0.0,0.0,0.0,0.0,0.0,none,no_axis_variation,,0.0,0.0,615.3,37.14,148,36개 가정 전체에서 상위 10% 포함 여부가 바뀌지 않음
SC0757,봉화남성경로당,경로당,4812754500,석전동,마산회원구,scenario_stable_non_high,0.0,0.0,0.0,0.0,0,0,0,0.0,0.0,0.0,143.6,5.2,6.1,0.0,0.0,0.0,0.0,0.0,0.0,0.0,0.0,0.0,0.0,none,no_axis_variation,,0.0,0.0,663.9,55.47,165,36개 가정 전체에서 상위 10% 포함 여부가 바뀌지 않음
SC0758,봉화여성경로당,경로당,4812754500,석전동,마산회원구,scenario_stable_non_high,0.0,0.0,0.0,0.0,0,0,0,0.0,0.0,0.0,143.6,5.2,6.1,0.0,0.0,0.0,0.0,0.0,0.0,0.0,0.0,0.0,0.0,none,no_axis_variation,,0.0,0.0,663.9,55.47,165,36개 가정 전체에서 상위 10% 포함 여부가 바뀌지 않음
SC0759,장수남성경로당,경로당,4812754500,석전동,마산회원구,scenario_stable_non_high,0.0,0.0,0.0,0.0,0,0,0,0.0,0.0,0.0,35.0,11.5,12.4,0.0,0.0,0.0,0.0,0.0,0.0,0.0,0.0,0.0,0.0,none,no_axis_variation,,0.0,0.0,333.3,18.7,63,36개 가정 전체에서 상위 10% 포함 여부가 바뀌지 않음
SC0760,장수여성경로당,경로당,4812754500,석전동,마산회원구,scenario_stable_non_high,0.0,0.0,0.0,0.0,0,0,0,0.0,0.0,0.0,35.0,11.5,12.4,0.0,0.0,0.0,0.0,0.0,0.0,0.0,0.0,0.0,0.0,none,no_axis_variation,,0.0,0.0,333.3,18.7,63,36개 가정 전체에서 상위 10% 포함 여부가 바뀌지 않음
SC0761,일우경로당,경로당,4812754500,석전동,마산회원구,scenario_stable_non_high,0.0,0.0,0.0,0.0,0,0,0,0.0,0.0,0.0,20.6,18.6,7.2,0.0,0.0,0.0,0.0,0.0,0.0,0.0,0.0,0.0,0.0,none,no_axis_variation,,0.0,0.0,427.4,13.27,47,36개 가정 전체에서 상위 10% 포함 여부가 바뀌지 않음
SC0762,동산남성경로당,경로당,4812754500,석전동,마산회원구,scenario_stable_non_high,0.0,0.0,0.0,0.0,0,0,0,0.0,0.0,0.0,213.4,3.2,39.4,0.0,0.0,0.0,0.0,0.0,0.0,0.0,0.0,0.0,0.0,none,no_axis_variation,,0.0,0.0,529.8,83.44,276,36개 가정 전체에서 상위 10% 포함 여부가 바뀌지 않음
SC0763,동산여성경로당,경로당,4812754500,석전동,마산회원구,scenario_stable_non_high,0.0,0.0,0.0,0.0,0,0,0,0.0,0.0,0.0,213.4,3.2,39.4,0.0,0.0,0.0,0.0,0.0,0.0,0.0,0.0,0.0,0.0,none,no_axis_variation,,0.0,0.0,529.8,83.44,276,36개 가정 전체에서 상위 10% 포함 여부가 바뀌지 않음
SC0765,역전여성경로당,경로당,4812754500,석전동,마산회원구,scenario_stable_non_high,0.0,0.0,0.0,0.0,0,0,0,0.0,0.0,0.0,169.5,4.8,54.6,0.0,0.0,0.0,0.0,0.0,0.0,0.0,0.0,0.0,0.0,none,no_axis_variation,,0.0,0.0,611.2,68.4,243,36개 가정 전체에서 상위 10% 포함 여부가 바뀌지 않음
SC0766,북성여성경로당,경로당,4812754500,석전동,마산회원구,scenario_stable_non_high,0.0,0.0,0.0,0.0,0,0,0,0.0,0.0,0.0,131.0,26.3,55.7,0.0,0.0,0.0,0.0,0.0,0.0,0.0,0.0,0.0,0.0,none,no_axis_variation,,0.0,0.0,472.4,55.97,206,36개 가정 전체에서 상위 10% 포함 여부가 바뀌지 않음
SC0767,중앙남성경로당,경로당,4812754500,석전동,마산회원구,scenario_stable_non_high,0.0,0.0,0.0,0.0,0,0,0,0.0,0.0,0.0,111.2,26.3,45.9,0.0,0.0,0.0,0.0,0.0,0.0,0.0,0.0,0.0,0.0,none,no_axis_variation,,0.0,0.0,374.4,48.93,214,36개 가정 전체에서 상위 10% 포함 여부가 바뀌지 않음
SC0768,중앙여성경로당,경로당,4812754500,석전동,마산회원구,scenario_stable_non_high,0.0,0.0,0.0,0.0,0,0,0,0.0,0.0,0.0,111.2,26.3,45.9,0.0,0.0,0.0,0.0,0.0,0.0,0.0,0.0,0.0,0.0,none,no_axis_variation,,0.0,0.0,374.4,48.93,214,36개 가정 전체에서 상위 10% 포함 여부가 바뀌지 않음
SC0769,대동피렌체아파트경로당,경로당,4812754500,석전동,마산회원구,scenario_stable_non_high,0.0,0.0,0.0,0.0,0,0,0,0.0,0.0,0.0,50.0,12.1,5.2,0.0,0.0,0.0,0.0,0.0,0.0,0.0,0.0,0.0,0.0,none,no_axis_variation,,0.0,0.0,280.5,22.22,81,36개 가정 전체에서 상위 10% 포함 여부가 바뀌지 않음
SC0771,광명촌경로당,경로당,4812755000,회성동,마산회원구,scenario_stable_non_high,0.0,0.0,0.0,0.0,0,0,0,0.0,0.0,0.0,222.5,37.5,65.0,0.0,0.0,0.0,0.0,0.0,0.0,0.0,0.0,0.0,0.0,none,no_axis_variation,,0.0,0.0,681.2,97.52,336,36개 가정 전체에서 상위 10% 포함 여부가 바뀌지 않음
SC0772,두곡경로당,경로당,4812755000,회성동,마산회원구,scenario_stable_non_high,0.0,0.0,0.0,0.0,0,0,0,0.0,0.0,0.0,271.1,30.3,13.4,0.0,0.0,0.0,0.0,0.0,0.0,0.0,0.0,0.0,0.0,none,no_axis_variation,,0.0,0.0,1257.3,104.94,310,36개 가정 전체에서 상위 10% 포함 여부가 바뀌지 않음
SC0773,두척경로당,경로당,4812755000,회성동,마산회원구,scenario_stable_non_high,0.0,0.0,0.0,0.0,0,0,0,0.0,0.0,0.0,493.5,18.7,12.9,0.0,0.0,0.0,0.0,0.0,0.0,0.0,0.0,0.0,0.0,none,no_axis_variation,,0.0,0.0,1241.2,198.94,519,36개 가정 전체에서 상위 10% 포함 여부가 바뀌지 않음
SC0774,송정경로당,경로당,4812755000,회성동,마산회원구,scenario_stable_non_high,0.0,0.0,0.0,0.0,0,0,0,0.0,0.0,0.0,276.1,16.7,10.6,0.0,0.0,0.0,0.0,0.0,0.0,0.0,0.0,0.0,0.0,none,no_axis_variation,,0.0,0.0,1352.8,112.17,317,36개 가정 전체에서 상위 10% 포함 여부가 바뀌지 않음
SC0775,연동경로당,경로당,4812755000,회성동,마산회원구,scenario_stable_non_high,0.0,0.0,0.0,0.0,0,0,0,0.0,0.0,0.0,322.0,41.2,70.1,0.0,0.0,0.0,0.0,0.0,0.0,0.0,0.0,0.0,0.0,none,no_axis_variation,,0.0,0.0,816.3,129.83,426,36개 가정 전체에서 상위 10% 포함 여부가 바뀌지 않음
SC0776,회성제1남성경로당,경로당,4812755000,회성동,마산회원구,scenario_stable_non_high,0.0,0.0,0.0,0.0,0,0,0,0.0,0.0,0.0,208.7,44.1,114.4,0.0,0.0,0.0,0.0,0.0,0.0,0.0,0.0,0.0,0.0,none,no_axis_variation,,0.0,0.0,811.7,91.64,347,36개 가정 전체에서 상위 10% 포함 여부가 바뀌지 않음
SC0777,회성제1여성경로당,경로당,4812755000,회성동,마산회원구,scenario_stable_non_high,0.0,0.0,0.0,0.0,0,0,0,0.0,0.0,0.0,208.7,44.1,114.4,0.0,0.0,0.0,0.0,0.0,0.0,0.0,0.0,0.0,0.0,none,no_axis_variation,,0.0,0.0,811.7,91.64,347,36개 가정 전체에서 상위 10% 포함 여부가 바뀌지 않음
SC0778,회성제2남성경로당,경로당,4812755000,회성동,마산회원구,scenario_stable_non_high,0.0,0.0,0.0,0.0,0,0,0,0.0,0.0,0.0,250.9,36.6,52.8,0.0,0.0,0.0,0.0,0.0,0.0,0.0,0.0,0.0,0.0,none,no_axis_variation,,0.0,0.0,646.4,106.21,342,36개 가정 전체에서 상위 10% 포함 여부가 바뀌지 않음
SC0779,회성제2여성경로당,경로당,4812755000,회성동,마산회원구,scenario_stable_non_high,0.0,0.0,0.0,0.0,0,0,0,0.0,0.0,0.0,250.9,36.6,52.8,0.0,0.0,0.0,0.0,0.0,0.0,0.0,0.0,0.0,0.0,none,no_axis_variation,,0.0,0.0,646.4,106.21,342,36개 가정 전체에서 상위 10% 포함 여부가 바뀌지 않음
SC0780,회성제3남성경로당,경로당,4812755000,회성동,마산회원구,scenario_stable_non_high,0.0,0.0,0.0,0.0,0,0,0,0.0,0.0,0.0,287.0,35.6,88.0,0.0,0.0,0.0,0.0,0.0,0.0,0.0,0.0,0.0,0.0,none,no_axis_variation,,0.0,0.0,627.2,112.77,431,36개 가정 전체에서 상위 10% 포함 여부가 바뀌지 않음
SC0781,회성제3여성경로당,경로당,4812755000,회성동,마산회원구,scenario_stable_non_high,0.0,0.0,0.0,0.0,0,0,0,0.0,0.0,0.0,287.0,35.6,88.0,0.0,0.0,0.0,0.0,0.0,0.0,0.0,0.0,0.0,0.0,none,no_axis_variation,,0.0,0.0,627.2,112.77,431,36개 가정 전체에서 상위 10% 포함 여부가 바뀌지 않음
SC0782,양덕1동남성경로당,경로당,4812756000,양덕1동,마산회원구,scenario_stable_non_high,0.0,0.0,0.0,0.0,0,0,0,0.0,0.0,0.0,84.1,33.0,31.4,0.0,0.0,0.0,0.0,0.0,0.0,0.0,0.0,0.0,0.0,none,no_axis_variation,,0.0,0.0,365.6,38.17,141,36개 가정 전체에서 상위 10% 포함 여부가 바뀌지 않음
SC0783,양덕1동여성경로당,경로당,4812756000,양덕1동,마산회원구,scenario_stable_non_high,0.0,0.0,0.0,0.0,0,0,0,0.0,0.0,0.0,84.1,33.0,31.4,0.0,0.0,0.0,0.0,0.0,0.0,0.0,0.0,0.0,0.0,none,no_axis_variation,,0.0,0.0,365.6,38.17,141,36개 가정 전체에서 상위 10% 포함 여부가 바뀌지 않음
SC0786,양덕1동행복경로당,경로당,4812756000,양덕1동,마산회원구,scenario_stable_non_high,0.0,0.0,0.0,0.0,0,0,0,0.0,0.0,0.0,288.0,73.5,65.5,0.0,0.0,0.0,0.0,0.0,0.0,0.0,0.0,0.0,0.0,none,no_axis_variation,,0.0,0.0,517.6,120.17,418,36개 가정 전체에서 상위 10% 포함 여부가 바뀌지 않음
SC0787,양덕경남아파트경로당,경로당,4812756000,양덕1동,마산회원구,scenario_stable_non_high,0.0,0.0,0.0,0.0,0,0,0,0.0,0.0,0.0,307.3,118.4,103.8,0.0,0.0,0.0,0.0,0.0,0.0,0.0,0.0,0.0,0.0,none,no_axis_variation,,0.0,0.0,825.4,140.3,500,36개 가정 전체에서 상위 10% 포함 여부가 바뀌지 않음
SC0788,서안양덕타운경로당,경로당,4812756000,양덕1동,마산회원구,scenario_stable_non_high,0.0,0.0,0.0,0.0,0,0,0,0.0,0.0,0.0,251.4,79.8,91.1,0.0,0.0,0.0,0.0,0.0,0.0,0.0,0.0,0.0,0.0,none,no_axis_variation,,0.0,0.0,586.6,116.25,441,36개 가정 전체에서 상위 10% 포함 여부가 바뀌지 않음
SC0789,신성미소지움아파트경로당,경로당,4812756000,양덕1동,마산회원구,scenario_stable_non_high,0.0,0.0,0.0,0.0,0,0,0,0.0,0.0,0.0,48.7,31.1,28.0,0.0,0.0,0.0,0.0,0.0,0.0,0.0,0.0,0.0,0.0,none,no_axis_variation,,0.0,0.0,394.7,27.1,103,36개 가정 전체에서 상위 10% 포함 여부가 바뀌지 않음
SC0790,양덕2동 제2남성경로당,경로당,4812757000,양덕2동,마산회원구,scenario_stable_non_high,0.0,0.0,0.0,0.0,0,0,0,0.0,0.0,0.0,47.1,5.0,40.2,0.0,0.0,0.0,0.0,0.0,0.0,0.0,0.0,0.0,0.0,none,no_axis_variation,,0.0,0.0,218.7,24.38,99,36개 가정 전체에서 상위 10% 포함 여부가 바뀌지 않음
SC0791,양덕2동 제2여성경로당,경로당,4812757000,양덕2동,마산회원구,scenario_stable_non_high,0.0,0.0,0.0,0.0,0,0,0,0.0,0.0,0.0,47.1,5.0,40.2,0.0,0.0,0.0,0.0,0.0,0.0,0.0,0.0,0.0,0.0,none,no_axis_variation,,0.0,0.0,218.7,24.38,99,36개 가정 전체에서 상위 10% 포함 여부가 바뀌지 않음
SC0792,구열경로당 남성분회,경로당,4812757000,양덕2동,마산회원구,scenario_stable_non_high,0.0,0.0,0.0,0.0,0,0,0,0.0,0.0,0.0,93.1,2.3,24.8,0.0,0.0,0.0,0.0,0.0,0.0,0.0,0.0,0.0,0.0,none,no_axis_variation,,0.0,0.0,283.7,39.48,134,36개 가정 전체에서 상위 10% 포함 여부가 바뀌지 않음
SC0793,구열경로당 여성분회,경로당,4812757000,양덕2동,마산회원구,scenario_stable_non_high,0.0,0.0,0.0,0.0,0,0,0,0.0,0.0,0.0,93.1,2.3,24.8,0.0,0.0,0.0,0.0,0.0,0.0,0.0,0.0,0.0,0.0,none,no_axis_variation,,0.0,0.0,283.7,39.48,134,36개 가정 전체에서 상위 10% 포함 여부가 바뀌지 않음
SC0796,한일타운1차 여성경로당,경로당,4812757000,양덕2동,마산회원구,scenario_stable_non_high,0.0,0.0,0.0,0.0,0,0,0,0.0,0.0,0.0,26.0,12.3,8.5,0.0,0.0,0.0,0.0,0.0,0.0,0.0,0.0,0.0,0.0,none,no_axis_variation,,0.0,0.0,231.3,13.8,50,36개 가정 전체에서 상위 10% 포함 여부가 바뀌지 않음
SC0797,한일타운1차 남성경로당,경로당,4812757000,양덕2동,마산회원구,scenario_stable_non_high,0.0,0.0,0.0,0.0,0,0,0,0.0,0.0,0.0,26.0,12.3,8.5,0.0,0.0,0.0,0.0,0.0,0.0,0.0,0.0,0.0,0.0,none,no_axis_variation,,0.0,0.0,231.3,13.8,50,36개 가정 전체에서 상위 10% 포함 여부가 바뀌지 않음
SC0798,한일타운2차 여성경로당,경로당,4812757000,양덕2동,마산회원구,scenario_stable_non_high,0.0,0.0,0.0,0.0,0,0,0,0.0,0.0,0.0,56.2,15.2,37.3,0.0,0.0,0.0,0.0,0.0,0.0,0.0,0.0,0.0,0.0,none,no_axis_variation,,0.0,0.0,272.5,27.83,114,36개 가정 전체에서 상위 10% 포함 여부가 바뀌지 않음
SC0799,한일타운2차 남성경로당,경로당,4812757000,양덕2동,마산회원구,scenario_stable_non_high,0.0,0.0,0.0,0.0,0,0,0,0.0,0.0,0.0,56.2,15.2,37.3,0.0,0.0,0.0,0.0,0.0,0.0,0.0,0.0,0.0,0.0,none,no_axis_variation,,0.0,0.0,272.5,27.83,114,36개 가정 전체에서 상위 10% 포함 여부가 바뀌지 않음
SC0800,한일타운3차 경로당,경로당,4812757000,양덕2동,마산회원구,scenario_stable_non_high,0.0,0.0,0.0,0.0,0,0,0,0.0,0.0,0.0,73.3,21.7,3.4,0.0,0.0,0.0,0.0,0.0,0.0,0.0,0.0,0.0,0.0,none,no_axis_variation,,0.0,0.0,294.2,31.63,114,36개 가정 전체에서 상위 10% 포함 여부가 바뀌지 않음
SC0801,한일타운4차 경로당,경로당,4812757000,양덕2동,마산회원구,scenario_stable_non_high,0.0,0.0,0.0,0.0,0,0,0,0.0,0.0,0.0,187.8,27.8,12.6,0.0,0.0,0.0,0.0,0.0,0.0,0.0,0.0,0.0,0.0,none,no_axis_variation,,0.0,0.0,287.6,77.67,252,36개 가정 전체에서 상위 10% 포함 여부가 바뀌지 않음
SC0802,우성아파트 경로당,경로당,4812757000,양덕2동,마산회원구,scenario_stable_non_high,0.0,0.0,0.0,0.0,0,0,0,0.0,0.0,0.0,115.0,28.4,4.0,0.0,0.0,0.0,0.0,0.0,0.0,0.0,0.0,0.0,0.0,none,no_axis_variation,,0.0,0.0,303.9,48.14,168,36개 가정 전체에서 상위 10% 포함 여부가 바뀌지 않음
SC0808,양덕코오롱하늘채아파트경로당,경로당,4812757000,양덕2동,마산회원구,scenario_stable_non_high,0.0,0.0,0.0,0.0,0,0,0,0.0,0.0,0.0,218.8,24.5,15.0,0.0,0.0,0.0,0.0,0.0,0.0,0.0,0.0,0.0,0.0,none,no_axis_variation,,0.0,0.0,284.1,88.89,278,36개 가정 전체에서 상위 10% 포함 여부가 바뀌지 않음
SC0811,합성1동남성경로당,경로당,4812758000,합성1동,마산회원구,scenario_stable_non_high,0.0,0.0,0.0,0.0,0,0,0,0.0,0.0,0.0,205.9,134.5,76.1,0.0,0.0,0.0,0.0,0.0,0.0,0.0,0.0,0.0,0.0,none,no_axis_variation,,0.0,0.0,713.4,108.02,416,36개 가정 전체에서 상위 10% 포함 여부가 바뀌지 않음
SC0812,합성1동여성경로당,경로당,4812758000,합성1동,마산회원구,scenario_stable_non_high,0.0,0.0,0.0,0.0,0,0,0,0.0,0.0,0.0,209.4,147.3,64.8,0.0,0.0,0.0,0.0,0.0,0.0,0.0,0.0,0.0,0.0,none,no_axis_variation,,0.0,0.0,810.8,111.46,386,36개 가정 전체에서 상위 10% 포함 여부가 바뀌지 않음
SC0813,신성남성경로당,경로당,4812758000,합성1동,마산회원구,scenario_stable_non_high,0.0,0.0,0.0,0.0,0,0,0,0.0,0.0,0.0,118.6,17.9,25.9,0.0,0.0,0.0,0.0,0.0,0.0,0.0,0.0,0.0,0.0,none,no_axis_variation,,0.0,0.0,1335.9,46.42,162,36개 가정 전체에서 상위 10% 포함 여부가 바뀌지 않음
SC0814,신성여성경로당,경로당,4812758000,합성1동,마산회원구,scenario_stable_non_high,0.0,0.0,0.0,0.0,0,0,0,0.0,0.0,0.0,118.6,17.9,25.9,0.0,0.0,0.0,0.0,0.0,0.0,0.0,0.0,0.0,0.0,none,no_axis_variation,,0.0,0.0,1335.9,46.42,162,36개 가정 전체에서 상위 10% 포함 여부가 바뀌지 않음
SC0815,합성가고파남성경로당,경로당,4812758000,합성1동,마산회원구,scenario_stable_non_high,0.0,0.0,0.0,0.0,0,0,0,0.0,0.0,0.0,292.0,31.8,38.1,0.0,0.0,0.0,0.0,0.0,0.0,0.0,0.0,0.0,0.0,none,no_axis_variation,,0.0,0.0,880.1,110.25,356,36개 가정 전체에서 상위 10% 포함 여부가 바뀌지 않음
SC0816,합성가고파여성경로당,경로당,4812758000,합성1동,마산회원구,scenario_stable_non_high,0.0,0.0,0.0,0.0,0,0,0,0.0,0.0,0.0,292.0,31.8,38.1,0.0,0.0,0.0,0.0,0.0,0.0,0.0,0.0,0.0,0.0,none,no_axis_variation,,0.0,0.0,880.1,110.25,356,36개 가정 전체에서 상위 10% 포함 여부가 바뀌지 않음
SC0817,무학경로당,경로당,4812758000,합성1동,마산회원구,scenario_stable_non_high,0.0,0.0,0.0,0.0,0,0,0,0.0,0.0,0.0,228.2,29.4,31.2,0.0,0.0,0.0,0.0,0.0,0.0,0.0,0.0,0.0,0.0,none,no_axis_variation,,0.0,0.0,1004.5,86.21,297,36개 가정 전체에서 상위 10% 포함 여부가 바뀌지 않음
SC0818,창원롯데캐슬더퍼스트경로당,경로당,4812758000,합성1동,마산회원구,scenario_stable_non_high,0.0,0.0,0.0,0.0,0,0,0,0.0,0.0,0.0,116.4,174.8,134.9,0.0,0.0,0.0,0.0,0.0,0.0,0.0,0.0,0.0,0.0,none,no_axis_variation,,0.0,0.0,592.4,111.94,452,36개 가정 전체에서 상위 10% 포함 여부가 바뀌지 않음
SC0819,남성경로당,경로당,<NA>,합성2동,마산회원구,scenario_stable_non_high,0.0,0.0,0.0,0.0,0,0,0,0.0,0.0,0.0,213.4,3.0,39.5,0.0,0.0,0.0,0.0,0.0,0.0,0.0,0.0,0.0,0.0,none,no_axis_variation,,0.0,0.0,528.2,83.37,276,36개 가정 전체에서 상위 10% 포함 여부가 바뀌지 않음
SC0820,여성경로당,경로당,<NA>,합성2동,마산회원구,scenario_stable_non_high,0.0,0.0,0.0,0.0,0,0,0,0.0,0.0,0.0,287.4,146.1,97.4,0.0,0.0,0.0,0.0,0.0,0.0,0.0,0.0,0.0,0.0,none,no_axis_variation,,0.0,0.0,816.8,144.57,480,36개 가정 전체에서 상위 10% 포함 여부가 바뀌지 않음
SC0821,팔용경로당,경로당,4812759000,합성2동,마산회원구,scenario_stable_non_high,0.0,0.0,0.0,0.0,0,0,0,0.0,0.0,0.0,92.9,103.2,71.0,0.0,0.0,0.0,0.0,0.0,0.0,0.0,0.0,0.0,0.0,none,no_axis_variation,,0.0,0.0,336.8,68.52,234,36개 가정 전체에서 상위 10% 포함 여부가 바뀌지 않음
SC0822,제2경로당,경로당,4812759000,합성2동,마산회원구,scenario_stable_non_high,0.0,0.0,0.0,0.0,0,0,0,0.0,0.0,0.0,98.8,109.9,125.5,0.0,0.0,0.0,0.0,0.0,0.0,0.0,0.0,0.0,0.0,none,no_axis_variation,,0.0,0.0,588.7,84.45,350,36개 가정 전체에서 상위 10% 포함 여부가 바뀌지 않음
SC0823,제3경로당,경로당,<NA>,합성2동,마산회원구,scenario_stable_non_high,0.0,0.0,0.0,0.0,0,0,0,0.0,0.0,0.0,79.8,6.7,33.3,0.0,0.0,0.0,0.0,0.0,0.0,0.0,0.0,0.0,0.0,none,no_axis_variation,,0.0,0.0,729.3,33.24,132,36개 가정 전체에서 상위 10% 포함 여부가 바뀌지 않음
SC0824,두산위브더센트럴1단지아파트경로당,경로당,4812759000,합성2동,마산회원구,scenario_stable_non_high,0.0,0.0,0.0,0.0,0,0,0,0.0,0.0,0.0,24.0,95.2,96.1,0.0,0.0,0.0,0.0,0.0,0.0,0.0,0.0,0.0,0.0,none,no_axis_variation,,0.0,0.0,390.6,60.3,228,36개 가정 전체에서 상위 10% 포함 여부가 바뀌지 않음
SC0825,구암본동남성경로당,경로당,4812760000,구암1동,마산회원구,scenario_stable_non_high,0.0,0.0,0.0,0.0,0,0,0,0.0,0.0,0.0,204.3,11.5,65.5,0.0,0.0,0.0,0.0,0.0,0.0,0.0,0.0,0.0,0.0,none,no_axis_variation,,0.0,0.0,870.3,86.8,261,36개 가정 전체에서 상위 10% 포함 여부가 바뀌지 않음
SC0826,구암본동여성경로당,경로당,4812760000,구암1동,마산회원구,scenario_stable_non_high,0.0,0.0,0.0,0.0,0,0,0,0.0,0.0,0.0,204.3,11.5,65.5,0.0,0.0,0.0,0.0,0.0,0.0,0.0,0.0,0.0,0.0,none,no_axis_variation,,0.0,0.0,870.3,86.8,261,36개 가정 전체에서 상위 10% 포함 여부가 바뀌지 않음
SC0827,구암샛터남성경로당,경로당,4812760000,구암1동,마산회원구,scenario_stable_non_high,0.0,0.0,0.0,0.0,0,0,0,0.0,0.0,0.0,397.7,15.7,21.7,0.0,0.0,0.0,0.0,0.0,0.0,0.0,0.0,0.0,0.0,none,no_axis_variation,,0.0,0.0,828.9,156.14,436,36개 가정 전체에서 상위 10% 포함 여부가 바뀌지 않음
SC0828,구암샛터여성경로당,경로당,4812760000,구암1동,마산회원구,scenario_stable_non_high,0.0,0.0,0.0,0.0,0,0,0,0.0,0.0,0.0,397.7,15.7,21.7,0.0,0.0,0.0,0.0,0.0,0.0,0.0,0.0,0.0,0.0,none,no_axis_variation,,0.0,0.0,828.9,156.14,436,36개 가정 전체에서 상위 10% 포함 여부가 바뀌지 않음
SC0829,대한여성경로당,경로당,4812760000,구암1동,마산회원구,scenario_stable_non_high,0.0,0.0,0.0,0.0,0,0,0,0.0,0.0,0.0,380.6,61.7,50.6,0.0,0.0,0.0,0.0,0.0,0.0,0.0,0.0,0.0,0.0,none,no_axis_variation,,0.0,0.0,580.6,158.51,509,36개 가정 전체에서 상위 10% 포함 여부가 바뀌지 않음
SC0830,구암1동제1경로당,경로당,4812760000,구암1동,마산회원구,scenario_stable_non_high,0.0,0.0,0.0,0.0,0,0,0,0.0,0.0,0.0,38.9,137.2,116.2,0.0,0.0,0.0,0.0,0.0,0.0,0.0,0.0,0.0,0.0,none,no_axis_variation,,0.0,0.0,573.2,83.45,325,36개 가정 전체에서 상위 10% 포함 여부가 바뀌지 않음
SC0831,구암1동제3경로당,경로당,4812760000,구암1동,마산회원구,scenario_stable_non_high,0.0,0.0,0.0,0.0,0,0,0,0.0,0.0,0.0,266.3,20.9,23.3,0.0,0.0,0.0,0.0,0.0,0.0,0.0,0.0,0.0,0.0,none,no_axis_variation,,0.0,0.0,1009.0,110.18,301,36개 가정 전체에서 상위 10% 포함 여부가 바뀌지 않음
SC0840,대동2차아파트경로당,경로당,4812761000,구암2동,마산회원구,scenario_stable_non_high,0.0,0.0,0.0,0.0,0,0,0,0.0,0.0,0.0,43.7,263.8,93.8,0.0,0.0,0.0,0.0,0.0,0.0,0.0,0.0,0.0,0.0,none,no_axis_variation,,0.0,0.0,397.8,131.93,396,36개 가정 전체에서 상위 10% 포함 여부가 바뀌지 않음
SC0841,중앙하이츠아파트경로당,경로당,4812761000,구암2동,마산회원구,scenario_stable_non_high,0.0,0.0,0.0,0.0,0,0,0,0.0,0.0,0.0,254.5,171.9,63.4,0.0,0.0,0.0,0.0,0.0,0.0,0.0,0.0,0.0,0.0,none,no_axis_variation,,0.0,0.0,561.9,131.61,489,36개 가정 전체에서 상위 10% 포함 여부가 바뀌지 않음
SC0849,중앙동경로당,경로당,4812953000,충무동,진해구,scenario_stable_non_high,0.0,0.0,0.0,0.0,0,0,0,0.0,0.0,0.0,376.2,36.1,103.1,0.0,0.0,0.0,0.0,0.0,0.0,0.0,0.0,0.0,0.0,none,no_axis_variation,,0.0,0.0,469.7,152.12,512,36개 가정 전체에서 상위 10% 포함 여부가 바뀌지 않음
SC0850,중앙동부녀경로당,경로당,4812953000,충무동,진해구,scenario_stable_non_high,0.0,0.0,0.0,0.0,0,0,0,0.0,0.0,0.0,376.2,36.1,103.1,0.0,0.0,0.0,0.0,0.0,0.0,0.0,0.0,0.0,0.0,none,no_axis_variation,,0.0,0.0,469.7,152.12,512,36개 가정 전체에서 상위 10% 포함 여부가 바뀌지 않음
SC0851,데시앙아파트경로당,경로당,4812953000,충무동,진해구,scenario_stable_non_high,0.0,0.0,0.0,0.0,0,0,0,0.0,0.0,0.0,277.9,35.3,57.3,0.0,0.0,0.0,0.0,0.0,0.0,0.0,0.0,0.0,0.0,none,no_axis_variation,,0.0,0.0,404.5,105.81,363,36개 가정 전체에서 상위 10% 포함 여부가 바뀌지 않음
SC0852,태평동경로당,경로당,4812953000,충무동,진해구,scenario_stable_non_high,0.0,0.0,0.0,0.0,0,0,0,0.0,0.0,0.0,297.4,34.5,16.3,0.0,0.0,0.0,0.0,0.0,0.0,0.0,0.0,0.0,0.0,none,no_axis_variation,,0.0,0.0,571.3,116.76,365,36개 가정 전체에서 상위 10% 포함 여부가 바뀌지 않음
SC0853,태평동부녀경로당,경로당,4812953000,충무동,진해구,scenario_stable_non_high,0.0,0.0,0.0,0.0,0,0,0,0.0,0.0,0.0,297.4,34.5,16.3,0.0,0.0,0.0,0.0,0.0,0.0,0.0,0.0,0.0,0.0,none,no_axis_variation,,0.0,0.0,571.3,116.76,365,36개 가정 전체에서 상위 10% 포함 여부가 바뀌지 않음
SC0854,속천동경로당,경로당,4812953000,충무동,진해구,scenario_stable_non_high,0.0,0.0,0.0,0.0,0,0,0,0.0,0.0,0.0,279.4,47.8,141.7,0.0,0.0,0.0,0.0,0.0,0.0,0.0,0.0,0.0,0.0,none,no_axis_variation,,0.0,0.0,478.8,118.92,455,36개 가정 전체에서 상위 10% 포함 여부가 바뀌지 않음
SC0855,속천동부녀경로당,경로당,4812953000,충무동,진해구,scenario_stable_non_high,0.0,0.0,0.0,0.0,0,0,0,0.0,0.0,0.0,279.4,47.8,141.7,0.0,0.0,0.0,0.0,0.0,0.0,0.0,0.0,0.0,0.0,none,no_axis_variation,,0.0,0.0,478.8,118.92,455,36개 가정 전체에서 상위 10% 포함 여부가 바뀌지 않음
SC0856,제황경로당,경로당,4812953000,충무동,진해구,scenario_stable_non_high,0.0,0.0,0.0,0.0,0,0,0,0.0,0.0,0.0,185.7,48.0,153.2,0.0,0.0,0.0,0.0,0.0,0.0,0.0,0.0,0.0,0.0,none,no_axis_variation,,0.0,0.0,484.5,100.0,385,36개 가정 전체에서 상위 10% 포함 여부가 바뀌지 않음
SC0858,평화그린파크경로당,경로당,4812953000,충무동,진해구,scenario_stable_non_high,0.0,0.0,0.0,0.0,0,0,0,0.0,0.0,0.0,174.6,38.5,110.5,0.0,0.0,0.0,0.0,0.0,0.0,0.0,0.0,0.0,0.0,none,no_axis_variation,,0.0,0.0,662.2,87.57,330,36개 가정 전체에서 상위 10% 포함 여부가 바뀌지 않음
SC0859,대죽동경로당,경로당,4812953000,충무동,진해구,scenario_stable_non_high,0.0,0.0,0.0,0.0,0,0,0,0.0,0.0,0.0,128.3,39.3,33.0,0.0,0.0,0.0,0.0,0.0,0.0,0.0,0.0,0.0,0.0,none,no_axis_variation,,0.0,0.0,536.1,58.76,203,36개 가정 전체에서 상위 10% 포함 여부가 바뀌지 않음
SC0860,대죽동부녀경로당,경로당,4812953000,충무동,진해구,scenario_stable_non_high,0.0,0.0,0.0,0.0,0,0,0,0.0,0.0,0.0,128.3,39.3,33.0,0.0,0.0,0.0,0.0,0.0,0.0,0.0,0.0,0.0,0.0,none,no_axis_variation,,0.0,0.0,536.1,58.76,203,36개 가정 전체에서 상위 10% 포함 여부가 바뀌지 않음
SC0861,충무로5가경로당,경로당,4812953000,충무동,진해구,scenario_stable_non_high,0.0,0.0,0.0,0.0,0,0,0,0.0,0.0,0.0,309.7,33.5,65.8,0.0,0.0,0.0,0.0,0.0,0.0,0.0,0.0,0.0,0.0,none,no_axis_variation,,0.0,0.0,414.5,126.49,396,36개 가정 전체에서 상위 10% 포함 여부가 바뀌지 않음
SC0862,송학동부녀경로당,경로당,4812953000,충무동,진해구,scenario_stable_non_high,0.0,0.0,0.0,0.0,0,0,0,0.0,0.0,0.0,309.7,33.5,65.8,0.0,0.0,0.0,0.0,0.0,0.0,0.0,0.0,0.0,0.0,none,no_axis_variation,,0.0,0.0,414.5,126.49,396,36개 가정 전체에서 상위 10% 포함 여부가 바뀌지 않음
SC0863,화천여자경로당,경로당,4812953000,충무동,진해구,scenario_stable_non_high,0.0,0.0,0.0,0.0,0,0,0,0.0,0.0,0.0,309.7,33.5,65.8,0.0,0.0,0.0,0.0,0.0,0.0,0.0,0.0,0.0,0.0,none,no_axis_variation,,0.0,0.0,414.5,126.49,396,36개 가정 전체에서 상위 10% 포함 여부가 바뀌지 않음
SC0864,충무동경로당,경로당,4812953000,충무동,진해구,scenario_stable_non_high,0.0,0.0,0.0,0.0,0,0,0,0.0,0.0,0.0,282.2,28.6,34.2,0.0,0.0,0.0,0.0,0.0,0.0,0.0,0.0,0.0,0.0,none,no_axis_variation,,0.0,0.0,822.2,108.72,333,36개 가정 전체에서 상위 10% 포함 여부가 바뀌지 않음
SC0865,충무동부녀경로당,경로당,4812953000,충무동,진해구,scenario_stable_non_high,0.0,0.0,0.0,0.0,0,0,0,0.0,0.0,0.0,282.2,28.6,34.2,0.0,0.0,0.0,0.0,0.0,0.0,0.0,0.0,0.0,0.0,none,no_axis_variation,,0.0,0.0,822.2,108.72,333,36개 가정 전체에서 상위 10% 포함 여부가 바뀌지 않음
SC0866,제황산경로당,경로당,4812953000,충무동,진해구,scenario_stable_non_high,0.0,0.0,0.0,0.0,0,0,0,0.0,0.0,0.0,296.9,26.0,41.8,0.0,0.0,0.0,0.0,0.0,0.0,0.0,0.0,0.0,0.0,none,no_axis_variation,,0.0,0.0,732.4,118.13,362,36개 가정 전체에서 상위 10% 포함 여부가 바뀌지 않음
SC0867,제황산부녀경로당,경로당,4812953000,충무동,진해구,scenario_stable_non_high,0.0,0.0,0.0,0.0,0,0,0,0.0,0.0,0.0,296.9,26.0,41.8,0.0,0.0,0.0,0.0,0.0,0.0,0.0,0.0,0.0,0.0,none,no_axis_variation,,0.0,0.0,732.4,118.13,362,36개 가정 전체에서 상위 10% 포함 여부가 바뀌지 않음
SC0868,제황로경로당,경로당,4812953000,충무동,진해구,scenario_stable_non_high,0.0,0.0,0.0,0.0,0,0,0,0.0,0.0,0.0,31.0,35.7,14.9,0.0,0.0,0.0,0.0,0.0,0.0,0.0,0.0,0.0,0.0,none,no_axis_variation,,0.0,0.0,807.0,22.21,86,36개 가정 전체에서 상위 10% 포함 여부가 바뀌지 않음
SC0869,제황로부녀경로당,경로당,4812953000,충무동,진해구,scenario_stable_non_high,0.0,0.0,0.0,0.0,0,0,0,0.0,0.0,0.0,31.0,35.7,14.9,0.0,0.0,0.0,0.0,0.0,0.0,0.0,0.0,0.0,0.0,none,no_axis_variation,,0.0,0.0,807.0,22.21,86,36개 가정 전체에서 상위 10% 포함 여부가 바뀌지 않음
SC0870,중원경로당,경로당,4812953000,충무동,진해구,scenario_stable_non_high,0.0,0.0,0.0,0.0,0,0,0,0.0,0.0,0.0,346.8,33.3,50.6,0.0,0.0,0.0,0.0,0.0,0.0,0.0,0.0,0.0,0.0,none,no_axis_variation,,0.0,0.0,441.7,142.85,420,36개 가정 전체에서 상위 10% 포함 여부가 바뀌지 않음
SC0871,평지경로당,경로당,4812954000,여좌동,진해구,scenario_stable_non_high,0.0,0.0,0.0,0.0,0,0,0,0.0,0.0,0.0,80.5,5.6,51.0,0.0,0.0,0.0,0.0,0.0,0.0,0.0,0.0,0.0,0.0,none,no_axis_variation,,0.0,0.0,1463.5,38.08,128,36개 가정 전체에서 상위 10% 포함 여부가 바뀌지 않음
SC0872,평지부녀경로당,경로당,4812954000,여좌동,진해구,scenario_stable_non_high,0.0,0.0,0.0,0.0,0,0,0,0.0,0.0,0.0,80.5,5.6,51.0,0.0,0.0,0.0,0.0,0.0,0.0,0.0,0.0,0.0,0.0,none,no_axis_variation,,0.0,0.0,1463.5,38.08,128,36개 가정 전체에서 상위 10% 포함 여부가 바뀌지 않음
SC0873,여좌경로당,경로당,4812954000,여좌동,진해구,scenario_stable_non_high,0.0,0.0,0.0,0.0,0,0,0,0.0,0.0,0.0,353.3,12.4,147.5,0.0,0.0,0.0,0.0,0.0,0.0,0.0,0.0,0.0,0.0,none,no_axis_variation,,0.0,0.0,1084.0,145.91,503,36개 가정 전체에서 상위 10% 포함 여부가 바뀌지 않음
SC0874,여좌부녀경로당,경로당,4812954000,여좌동,진해구,scenario_stable_non_high,0.0,0.0,0.0,0.0,0,0,0,0.0,0.0,0.0,368.5,14.9,151.8,0.0,0.0,0.0,0.0,0.0,0.0,0.0,0.0,0.0,0.0,none,no_axis_variation,,0.0,0.0,1078.2,152.51,527,36개 가정 전체에서 상위 10% 포함 여부가 바뀌지 않음
SC0875,여좌2가부녀경로당,경로당,4812954000,여좌동,진해구,scenario_stable_non_high,0.0,0.0,0.0,0.0,0,0,0,0.0,0.0,0.0,73.8,19.5,80.0,0.0,0.0,0.0,0.0,0.0,0.0,0.0,0.0,0.0,0.0,none,no_axis_variation,,0.0,0.0,1236.3,43.56,174,36개 가정 전체에서 상위 10% 포함 여부가 바뀌지 않음
SC0876,여좌장복경로당,경로당,4812954000,여좌동,진해구,scenario_stable_non_high,0.0,0.0,0.0,0.0,0,0,0,0.0,0.0,0.0,186.5,66.6,36.5,0.0,0.0,0.0,0.0,0.0,0.0,0.0,0.0,0.0,0.0,none,no_axis_variation,,0.0,0.0,988.1,81.79,277,36개 가정 전체에서 상위 10% 포함 여부가 바뀌지 않음
SC0877,여좌장복부녀경로당,경로당,4812954000,여좌동,진해구,scenario_stable_non_high,0.0,0.0,0.0,0.0,0,0,0,0.0,0.0,0.0,186.5,66.6,36.5,0.0,0.0,0.0,0.0,0.0,0.0,0.0,0.0,0.0,0.0,none,no_axis_variation,,0.0,0.0,988.1,81.79,277,36개 가정 전체에서 상위 10% 포함 여부가 바뀌지 않음
SC0878,여좌1가경로당,경로당,4812954000,여좌동,진해구,scenario_stable_non_high,0.0,0.0,0.0,0.0,0,0,0,0.0,0.0,0.0,160.0,22.9,60.8,0.0,0.0,0.0,0.0,0.0,0.0,0.0,0.0,0.0,0.0,none,no_axis_variation,,0.0,0.0,1119.4,67.1,257,36개 가정 전체에서 상위 10% 포함 여부가 바뀌지 않음
SC0879,여좌1가부녀경로당,경로당,4812954000,여좌동,진해구,scenario_stable_non_high,0.0,0.0,0.0,0.0,0,0,0,0.0,0.0,0.0,160.0,22.9,60.8,0.0,0.0,0.0,0.0,0.0,0.0,0.0,0.0,0.0,0.0,none,no_axis_variation,,0.0,0.0,1119.4,67.1,257,36개 가정 전체에서 상위 10% 포함 여부가 바뀌지 않음
SC0880,여좌재건경로당,경로당,4812954000,여좌동,진해구,scenario_stable_non_high,0.0,0.0,0.0,0.0,0,0,0,0.0,0.0,0.0,154.8,6.8,32.4,0.0,0.0,0.0,0.0,0.0,0.0,0.0,0.0,0.0,0.0,none,no_axis_variation,,0.0,0.0,801.9,61.9,204,36개 가정 전체에서 상위 10% 포함 여부가 바뀌지 않음
SC0881,여좌재건부녀경로당,경로당,4812954000,여좌동,진해구,scenario_stable_non_high,0.0,0.0,0.0,0.0,0,0,0,0.0,0.0,0.0,154.8,6.8,32.4,0.0,0.0,0.0,0.0,0.0,0.0,0.0,0.0,0.0,0.0,none,no_axis_variation,,0.0,0.0,801.9,61.9,204,36개 가정 전체에서 상위 10% 포함 여부가 바뀌지 않음
SC0883,여명경로당,경로당,4812954000,여좌동,진해구,scenario_stable_non_high,0.0,0.0,0.0,0.0,0,0,0,0.0,0.0,0.0,240.2,12.3,75.5,0.0,0.0,0.0,0.0,0.0,0.0,0.0,0.0,0.0,0.0,none,no_axis_variation,,0.0,0.0,1189.2,95.18,313,36개 가정 전체에서 상위 10% 포함 여부가 바뀌지 않음
SC0884,여명부녀경로당,경로당,4812954000,여좌동,진해구,scenario_stable_non_high,0.0,0.0,0.0,0.0,0,0,0,0.0,0.0,0.0,240.2,12.3,75.5,0.0,0.0,0.0,0.0,0.0,0.0,0.0,0.0,0.0,0.0,none,no_axis_variation,,0.0,0.0,1189.2,95.18,313,36개 가정 전체에서 상위 10% 포함 여부가 바뀌지 않음
SC0885,육대경로당,경로당,4812954000,여좌동,진해구,scenario_stable_non_high,0.0,0.0,0.0,0.0,0,0,0,0.0,0.0,0.0,81.5,40.3,19.9,0.0,0.0,0.0,0.0,0.0,0.0,0.0,0.0,0.0,0.0,none,no_axis_variation,,0.0,0.0,853.6,42.02,138,36개 가정 전체에서 상위 10% 포함 여부가 바뀌지 않음
SC0886,제광경로당,경로당,4812955000,태백동,진해구,scenario_stable_non_high,0.0,0.0,0.0,0.0,0,0,0,0.0,0.0,0.0,342.6,25.3,26.2,0.0,0.0,0.0,0.0,0.0,0.0,0.0,0.0,0.0,0.0,none,no_axis_variation,,0.0,0.0,825.9,140.53,398,36개 가정 전체에서 상위 10% 포함 여부가 바뀌지 않음
SC0887,제광부녀경로당,경로당,4812955000,태백동,진해구,scenario_stable_non_high,0.0,0.0,0.0,0.0,0,0,0,0.0,0.0,0.0,342.6,25.3,26.2,0.0,0.0,0.0,0.0,0.0,0.0,0.0,0.0,0.0,0.0,none,no_axis_variation,,0.0,0.0,825.9,140.53,398,36개 가정 전체에서 상위 10% 포함 여부가 바뀌지 않음
SC0888,태백동새동네경로당,경로당,4812955000,태백동,진해구,scenario_stable_non_high,0.0,0.0,0.0,0.0,0,0,0,0.0,0.0,0.0,93.1,14.2,17.7,0.0,0.0,0.0,0.0,0.0,0.0,0.0,0.0,0.0,0.0,none,no_axis_variation,,0.0,0.0,1053.3,39.7,124,36개 가정 전체에서 상위 10% 포함 여부가 바뀌지 않음
SC0889,태백동새동네부녀경로당,경로당,4812955000,태백동,진해구,scenario_stable_non_high,0.0,0.0,0.0,0.0,0,0,0,0.0,0.0,0.0,93.1,14.2,17.7,0.0,0.0,0.0,0.0,0.0,0.0,0.0,0.0,0.0,0.0,none,no_axis_variation,,0.0,0.0,1053.3,39.7,124,36개 가정 전체에서 상위 10% 포함 여부가 바뀌지 않음
SC0890,태백동경로당,경로당,4812955000,태백동,진해구,scenario_stable_non_high,0.0,0.0,0.0,0.0,0,0,0,0.0,0.0,0.0,509.7,32.0,28.0,0.0,0.0,0.0,0.0,0.0,0.0,0.0,0.0,0.0,0.0,none,no_axis_variation,,0.0,0.0,642.8,205.72,569,36개 가정 전체에서 상위 10% 포함 여부가 바뀌지 않음
SC0891,태백동부녀경로당,경로당,4812955000,태백동,진해구,scenario_stable_non_high,0.0,0.0,0.0,0.0,0,0,0,0.0,0.0,0.0,509.7,32.0,28.0,0.0,0.0,0.0,0.0,0.0,0.0,0.0,0.0,0.0,0.0,none,no_axis_variation,,0.0,0.0,642.8,205.72,569,36개 가정 전체에서 상위 10% 포함 여부가 바뀌지 않음
SC0892,경화동경로당,경로당,4812956000,경화동,진해구,scenario_stable_non_high,0.0,0.0,0.0,0.0,0,0,0,0.0,0.0,0.0,80.1,23.5,9.8,0.0,0.0,0.0,0.0,0.0,0.0,0.0,0.0,0.0,0.0,none,no_axis_variation,,0.0,0.0,924.4,32.21,113,36개 가정 전체에서 상위 10% 포함 여부가 바뀌지 않음
SC0893,경화동부녀경로당,경로당,4812956000,경화동,진해구,scenario_stable_non_high,0.0,0.0,0.0,0.0,0,0,0,0.0,0.0,0.0,80.1,23.5,9.8,0.0,0.0,0.0,0.0,0.0,0.0,0.0,0.0,0.0,0.0,none,no_axis_variation,,0.0,0.0,924.4,32.21,113,36개 가정 전체에서 상위 10% 포함 여부가 바뀌지 않음
SC0894,경일경로당,경로당,4812956000,경화동,진해구,scenario_stable_non_high,0.0,0.0,0.0,0.0,0,0,0,0.0,0.0,0.0,319.4,31.2,15.2,0.0,0.0,0.0,0.0,0.0,0.0,0.0,0.0,0.0,0.0,none,no_axis_variation,,0.0,0.0,703.5,122.44,380,36개 가정 전체에서 상위 10% 포함 여부가 바뀌지 않음
SC0895,경일부녀경로당,경로당,4812956000,경화동,진해구,scenario_stable_non_high,0.0,0.0,0.0,0.0,0,0,0,0.0,0.0,0.0,319.4,31.2,15.2,0.0,0.0,0.0,0.0,0.0,0.0,0.0,0.0,0.0,0.0,none,no_axis_variation,,0.0,0.0,703.5,122.44,380,36개 가정 전체에서 상위 10% 포함 여부가 바뀌지 않음
SC0896,조천경로당,경로당,4812956000,경화동,진해구,scenario_stable_non_high,0.0,0.0,0.0,0.0,0,0,0,0.0,0.0,0.0,24.3,25.5,2.2,0.0,0.0,0.0,0.0,0.0,0.0,0.0,0.0,0.0,0.0,none,no_axis_variation,,0.0,0.0,1091.2,15.36,57,36개 가정 전체에서 상위 10% 포함 여부가 바뀌지 않음
SC0897,조천부녀경로당,경로당,4812956000,경화동,진해구,scenario_stable_non_high,0.0,0.0,0.0,0.0,0,0,0,0.0,0.0,0.0,24.3,25.5,2.2,0.0,0.0,0.0,0.0,0.0,0.0,0.0,0.0,0.0,0.0,none,no_axis_variation,,0.0,0.0,1091.2,15.36,57,36개 가정 전체에서 상위 10% 포함 여부가 바뀌지 않음
SC0898,경화포스코경로당,경로당,4812956000,경화동,진해구,scenario_stable_non_high,0.0,0.0,0.0,0.0,0,0,0,0.0,0.0,0.0,31.3,14.8,10.9,0.0,0.0,0.0,0.0,0.0,0.0,0.0,0.0,0.0,0.0,none,no_axis_variation,,0.0,0.0,1336.2,15.34,60,36개 가정 전체에서 상위 10% 포함 여부가 바뀌지 않음
SC0899,삼정그린코아경로당,경로당,4812956000,경화동,진해구,scenario_stable_non_high,0.0,0.0,0.0,0.0,0,0,0,0.0,0.0,0.0,117.9,14.7,9.0,0.0,0.0,0.0,0.0,0.0,0.0,0.0,0.0,0.0,0.0,none,no_axis_variation,,0.0,0.0,1332.8,47.93,138,36개 가정 전체에서 상위 10% 포함 여부가 바뀌지 않음
SC0901,경화대동다숲경로당,경로당,4812956000,경화동,진해구,scenario_stable_non_high,0.0,0.0,0.0,0.0,0,0,0,0.0,0.0,0.0,129.5,11.8,8.9,0.0,0.0,0.0,0.0,0.0,0.0,0.0,0.0,0.0,0.0,none,no_axis_variation,,0.0,0.0,1326.9,54.45,153,36개 가정 전체에서 상위 10% 포함 여부가 바뀌지 않음
SC0902,병암동경로당,경로당,4812957000,병암동,진해구,scenario_stable_non_high,0.0,0.0,0.0,0.0,0,0,0,0.0,0.0,0.0,192.8,30.1,88.3,0.0,0.0,0.0,0.0,0.0,0.0,0.0,0.0,0.0,0.0,none,no_axis_variation,,0.0,0.0,696.0,82.74,326,36개 가정 전체에서 상위 10% 포함 여부가 바뀌지 않음
SC0903,병암동부녀경로당,경로당,4812957000,병암동,진해구,scenario_stable_non_high,0.0,0.0,0.0,0.0,0,0,0,0.0,0.0,0.0,192.8,30.1,88.3,0.0,0.0,0.0,0.0,0.0,0.0,0.0,0.0,0.0,0.0,none,no_axis_variation,,0.0,0.0,696.0,82.74,326,36개 가정 전체에서 상위 10% 포함 여부가 바뀌지 않음
SC0904,상지아파트경로당,경로당,4812957000,병암동,진해구,scenario_stable_non_high,0.0,0.0,0.0,0.0,0,0,0,0.0,0.0,0.0,228.8,32.1,30.4,0.0,0.0,0.0,0.0,0.0,0.0,0.0,0.0,0.0,0.0,none,no_axis_variation,,0.0,0.0,674.7,95.46,292,36개 가정 전체에서 상위 10% 포함 여부가 바뀌지 않음
SC0905,경화아파트경로당,경로당,4812957000,병암동,진해구,scenario_stable_non_high,0.0,0.0,0.0,0.0,0,0,0,0.0,0.0,0.0,52.5,33.1,60.0,0.0,0.0,0.0,0.0,0.0,0.0,0.0,0.0,0.0,0.0,none,no_axis_variation,,0.0,0.0,586.8,37.03,139,36개 가정 전체에서 상위 10% 포함 여부가 바뀌지 않음
SC0906,병암동사랑방경로당,경로당,4812957000,병암동,진해구,scenario_stable_non_high,0.0,0.0,0.0,0.0,0,0,0,0.0,0.0,0.0,53.4,30.0,37.5,0.0,0.0,0.0,0.0,0.0,0.0,0.0,0.0,0.0,0.0,none,no_axis_variation,,0.0,0.0,646.9,31.35,128,36개 가정 전체에서 상위 10% 포함 여부가 바뀌지 않음
SC0907,병암동행복경로당,경로당,4812957000,병암동,진해구,scenario_stable_non_high,0.0,0.0,0.0,0.0,0,0,0,0.0,0.0,0.0,157.5,34.7,150.0,0.0,0.0,0.0,0.0,0.0,0.0,0.0,0.0,0.0,0.0,none,no_axis_variation,,0.0,0.0,448.2,87.22,341,36개 가정 전체에서 상위 10% 포함 여부가 바뀌지 않음
SC0908,경화주공아파트경로당,경로당,4812957000,병암동,진해구,scenario_stable_non_high,0.0,0.0,0.0,0.0,0,0,0,0.0,0.0,0.0,244.9,24.9,48.6,0.0,0.0,0.0,0.0,0.0,0.0,0.0,0.0,0.0,0.0,none,no_axis_variation,,0.0,0.0,947.8,94.98,300,36개 가정 전체에서 상위 10% 포함 여부가 바뀌지 않음
SC0909,석동경로당,경로당,4812958000,석동,진해구,scenario_stable_non_high,0.0,0.0,0.0,0.0,0,0,0,0.0,0.0,0.0,283.2,36.5,77.6,0.0,0.0,0.0,0.0,0.0,0.0,0.0,0.0,0.0,0.0,none,no_axis_variation,,0.0,0.0,530.7,119.63,399,36개 가정 전체에서 상위 10% 포함 여부가 바뀌지 않음
SC0910,석동부녀경로당,경로당,4812958000,석동,진해구,scenario_stable_non_high,0.0,0.0,0.0,0.0,0,0,0,0.0,0.0,0.0,283.2,36.5,77.6,0.0,0.0,0.0,0.0,0.0,0.0,0.0,0.0,0.0,0.0,none,no_axis_variation,,0.0,0.0,530.7,119.63,399,36개 가정 전체에서 상위 10% 포함 여부가 바뀌지 않음
SC0911,한솔솔파크경로당,경로당,4812958000,석동,진해구,scenario_stable_non_high,0.0,0.0,0.0,0.0,0,0,0,0.0,0.0,0.0,300.0,33.5,50.3,0.0,0.0,0.0,0.0,0.0,0.0,0.0,0.0,0.0,0.0,none,no_axis_variation,,0.0,0.0,599.4,120.29,377,36개 가정 전체에서 상위 10% 포함 여부가 바뀌지 않음
SC0912,석동그린빌2단지경로당,경로당,4812958000,석동,진해구,scenario_stable_non_high,0.0,0.0,0.0,0.0,0,0,0,0.0,0.0,0.0,241.6,30.0,1.8,0.0,0.0,0.0,0.0,0.0,0.0,0.0,0.0,0.0,0.0,none,no_axis_variation,,0.0,0.0,761.1,89.89,291,36개 가정 전체에서 상위 10% 포함 여부가 바뀌지 않음
SC0913,벚꽃그린빌3단지경로당,경로당,4812958000,석동,진해구,scenario_stable_non_high,0.0,0.0,0.0,0.0,0,0,0,0.0,0.0,0.0,282.5,48.6,4.2,0.0,0.0,0.0,0.0,0.0,0.0,0.0,0.0,0.0,0.0,none,no_axis_variation,,0.0,0.0,690.2,117.54,375,36개 가정 전체에서 상위 10% 포함 여부가 바뀌지 않음
SC0914,석동그린빌4단지경로당,경로당,4812958000,석동,진해구,scenario_stable_non_high,0.0,0.0,0.0,0.0,0,0,0,0.0,0.0,0.0,76.3,34.6,17.3,0.0,0.0,0.0,0.0,0.0,0.0,0.0,0.0,0.0,0.0,none,no_axis_variation,,0.0,0.0,880.0,39.03,156,36개 가정 전체에서 상위 10% 포함 여부가 바뀌지 않음
SC0915,석동공원경로당,경로당,4812958000,석동,진해구,scenario_stable_non_high,0.0,0.0,0.0,0.0,0,0,0,0.0,0.0,0.0,169.6,31.0,56.9,0.0,0.0,0.0,0.0,0.0,0.0,0.0,0.0,0.0,0.0,none,no_axis_variation,,0.0,0.0,671.5,71.28,262,36개 가정 전체에서 상위 10% 포함 여부가 바뀌지 않음
SC0916,석동공원부녀경로당,경로당,4812958000,석동,진해구,scenario_stable_non_high,0.0,0.0,0.0,0.0,0,0,0,0.0,0.0,0.0,169.6,31.0,56.9,0.0,0.0,0.0,0.0,0.0,0.0,0.0,0.0,0.0,0.0,none,no_axis_variation,,0.0,0.0,671.5,71.28,262,36개 가정 전체에서 상위 10% 포함 여부가 바뀌지 않음
SC0917,이동신성미소지움아파트경로당,경로당,4812958000,석동,진해구,scenario_stable_non_high,0.0,0.0,0.0,0.0,0,0,0,0.0,0.0,0.0,184.9,37.5,144.8,0.0,0.0,0.0,0.0,0.0,0.0,0.0,0.0,0.0,0.0,none,no_axis_variation,,0.0,0.0,371.0,98.66,360,36개 가정 전체에서 상위 10% 포함 여부가 바뀌지 않음
SC0918,우림필유아파트경로당,경로당,4812958000,석동,진해구,scenario_stable_non_high,0.0,0.0,0.0,0.0,0,0,0,0.0,0.0,0.0,230.1,35.0,100.8,0.0,0.0,0.0,0.0,0.0,0.0,0.0,0.0,0.0,0.0,none,no_axis_variation,,0.0,0.0,398.1,96.41,360,36개 가정 전체에서 상위 10% 포함 여부가 바뀌지 않음
SC0919,석동푸르지오경로당,경로당,4812958000,석동,진해구,scenario_stable_non_high,0.0,0.0,0.0,0.0,0,0,0,0.0,0.0,0.0,115.3,31.2,79.4,0.0,0.0,0.0,0.0,0.0,0.0,0.0,0.0,0.0,0.0,none,no_axis_variation,,0.0,0.0,722.2,55.83,229,36개 가정 전체에서 상위 10% 포함 여부가 바뀌지 않음
SC0920,석동자이아파트경로당,경로당,4812958000,석동,진해구,scenario_stable_non_high,0.0,0.0,0.0,0.0,0,0,0,0.0,0.0,0.0,94.4,38.8,142.5,0.0,0.0,0.0,0.0,0.0,0.0,0.0,0.0,0.0,0.0,none,no_axis_variation,,0.0,0.0,405.8,71.3,273,36개 가정 전체에서 상위 10% 포함 여부가 바뀌지 않음
SC0921,창원석동LH아파트경로당,경로당,4812958000,석동,진해구,scenario_stable_non_high,0.0,0.0,0.0,0.0,0,0,0,0.0,0.0,0.0,421.4,24.9,24.5,0.0,0.0,0.0,0.0,0.0,0.0,0.0,0.0,0.0,0.0,none,no_axis_variation,,0.0,0.0,812.9,162.08,474,36개 가정 전체에서 상위 10% 포함 여부가 바뀌지 않음
SC0922,구이동경로당,경로당,4812959000,이동,진해구,scenario_stable_non_high,0.0,0.0,0.0,0.0,0,0,0,0.0,0.0,0.0,89.8,41.6,160.2,0.0,0.0,0.0,0.0,0.0,0.0,0.0,0.0,0.0,0.0,none,no_axis_variation,,0.0,0.0,359.4,77.23,279,36개 가정 전체에서 상위 10% 포함 여부가 바뀌지 않음
SC0923,구이동부녀경로당,경로당,4812959000,이동,진해구,scenario_stable_non_high,0.0,0.0,0.0,0.0,0,0,0,0.0,0.0,0.0,89.8,41.6,160.2,0.0,0.0,0.0,0.0,0.0,0.0,0.0,0.0,0.0,0.0,none,no_axis_variation,,0.0,0.0,359.4,77.23,279,36개 가정 전체에서 상위 10% 포함 여부가 바뀌지 않음
SC0924,신이동경로당,경로당,4812959000,이동,진해구,scenario_stable_non_high,0.0,0.0,0.0,0.0,0,0,0,0.0,0.0,0.0,40.3,41.2,155.7,0.0,0.0,0.0,0.0,0.0,0.0,0.0,0.0,0.0,0.0,none,no_axis_variation,,0.0,0.0,552.7,69.59,253,36개 가정 전체에서 상위 10% 포함 여부가 바뀌지 않음
SC0925,신이동부녀경로당,경로당,4812959000,이동,진해구,scenario_stable_non_high,0.0,0.0,0.0,0.0,0,0,0,0.0,0.0,0.0,40.3,41.2,155.7,0.0,0.0,0.0,0.0,0.0,0.0,0.0,0.0,0.0,0.0,none,no_axis_variation,,0.0,0.0,552.7,69.59,253,36개 가정 전체에서 상위 10% 포함 여부가 바뀌지 않음
SC0926,이동택지경로당,경로당,4812959000,이동,진해구,scenario_stable_non_high,0.0,0.0,0.0,0.0,0,0,0,0.0,0.0,0.0,97.6,43.7,205.5,0.0,0.0,0.0,0.0,0.0,0.0,0.0,0.0,0.0,0.0,none,no_axis_variation,,0.0,0.0,407.9,96.0,336,36개 가정 전체에서 상위 10% 포함 여부가 바뀌지 않음
SC0927,이동택지부녀경로당,경로당,4812959000,이동,진해구,scenario_stable_non_high,0.0,0.0,0.0,0.0,0,0,0,0.0,0.0,0.0,97.6,43.7,205.5,0.0,0.0,0.0,0.0,0.0,0.0,0.0,0.0,0.0,0.0,none,no_axis_variation,,0.0,0.0,407.9,96.0,336,36개 가정 전체에서 상위 10% 포함 여부가 바뀌지 않음
SC0928,남흥아파트경로당,경로당,4812959000,이동,진해구,scenario_stable_non_high,0.0,0.0,0.0,0.0,0,0,0,0.0,0.0,0.0,126.1,37.5,145.0,0.0,0.0,0.0,0.0,0.0,0.0,0.0,0.0,0.0,0.0,none,no_axis_variation,,0.0,0.0,448.4,79.37,298,36개 가정 전체에서 상위 10% 포함 여부가 바뀌지 않음
SC0929,석동주공아파트경로당,경로당,4812959000,이동,진해구,scenario_stable_non_high,0.0,0.0,0.0,0.0,0,0,0,0.0,0.0,0.0,239.2,34.0,48.1,0.0,0.0,0.0,0.0,0.0,0.0,0.0,0.0,0.0,0.0,none,no_axis_variation,,0.0,0.0,783.4,95.64,317,36개 가정 전체에서 상위 10% 포함 여부가 바뀌지 않음
SC0930,관사경로당,경로당,4812960000,자은동,진해구,scenario_stable_non_high,0.0,0.0,0.0,0.0,0,0,0,0.0,0.0,0.0,32.0,39.4,6.0,0.0,0.0,0.0,0.0,0.0,0.0,0.0,0.0,0.0,0.0,none,no_axis_variation,,0.0,0.0,852.2,22.83,83,36개 가정 전체에서 상위 10% 포함 여부가 바뀌지 않음
SC0931,관사부녀경로당,경로당,4812960000,자은동,진해구,scenario_stable_non_high,0.0,0.0,0.0,0.0,0,0,0,0.0,0.0,0.0,32.0,39.4,6.0,0.0,0.0,0.0,0.0,0.0,0.0,0.0,0.0,0.0,0.0,none,no_axis_variation,,0.0,0.0,852.2,22.83,83,36개 가정 전체에서 상위 10% 포함 여부가 바뀌지 않음
SC0932,하구경로당,경로당,4812960000,자은동,진해구,scenario_stable_non_high,0.0,0.0,0.0,0.0,0,0,0,0.0,0.0,0.0,265.3,32.8,27.9,0.0,0.0,0.0,0.0,0.0,0.0,0.0,0.0,0.0,0.0,none,no_axis_variation,,0.0,0.0,849.7,101.6,326,36개 가정 전체에서 상위 10% 포함 여부가 바뀌지 않음
SC0933,하구부녀경로당,경로당,4812960000,자은동,진해구,scenario_stable_non_high,0.0,0.0,0.0,0.0,0,0,0,0.0,0.0,0.0,265.3,32.8,27.9,0.0,0.0,0.0,0.0,0.0,0.0,0.0,0.0,0.0,0.0,none,no_axis_variation,,0.0,0.0,849.7,101.6,326,36개 가정 전체에서 상위 10% 포함 여부가 바뀌지 않음
SC0934,냉천경로당,경로당,4812958000,석동,진해구,scenario_stable_non_high,0.0,0.0,0.0,0.0,0,0,0,0.0,0.0,0.0,419.7,27.7,25.5,0.0,0.0,0.0,0.0,0.0,0.0,0.0,0.0,0.0,0.0,none,no_axis_variation,,0.0,0.0,828.8,160.17,468,36개 가정 전체에서 상위 10% 포함 여부가 바뀌지 않음
SC0935,냉천부녀경로당,경로당,4812958000,석동,진해구,scenario_stable_non_high,0.0,0.0,0.0,0.0,0,0,0,0.0,0.0,0.0,419.7,27.7,25.5,0.0,0.0,0.0,0.0,0.0,0.0,0.0,0.0,0.0,0.0,none,no_axis_variation,,0.0,0.0,828.8,160.17,468,36개 가정 전체에서 상위 10% 포함 여부가 바뀌지 않음
SC0936,벚꽃마을아파트경로당,경로당,4812960000,자은동,진해구,scenario_stable_non_high,0.0,0.0,0.0,0.0,0,0,0,0.0,0.0,0.0,67.9,38.8,21.4,0.0,0.0,0.0,0.0,0.0,0.0,0.0,0.0,0.0,0.0,none,no_axis_variation,,0.0,0.0,1034.9,31.87,122,36개 가정 전체에서 상위 10% 포함 여부가 바뀌지 않음
SC0937,벚꽃마을아파트부녀경로당,경로당,4812960000,자은동,진해구,scenario_stable_non_high,0.0,0.0,0.0,0.0,0,0,0,0.0,0.0,0.0,67.9,38.8,21.4,0.0,0.0,0.0,0.0,0.0,0.0,0.0,0.0,0.0,0.0,none,no_axis_variation,,0.0,0.0,1034.9,31.87,122,36개 가정 전체에서 상위 10% 포함 여부가 바뀌지 않음
SC0938,성원아파트경로당,경로당,4812960000,자은동,진해구,scenario_stable_non_high,0.0,0.0,0.0,0.0,0,0,0,0.0,0.0,0.0,79.7,27.4,5.5,0.0,0.0,0.0,0.0,0.0,0.0,0.0,0.0,0.0,0.0,none,no_axis_variation,,0.0,0.0,730.3,36.68,129,36개 가정 전체에서 상위 10% 포함 여부가 바뀌지 않음
SC0939,대동빌라트경로당,경로당,4812960000,자은동,진해구,scenario_stable_non_high,0.0,0.0,0.0,0.0,0,0,0,0.0,0.0,0.0,67.9,35.0,7.4,0.0,0.0,0.0,0.0,0.0,0.0,0.0,0.0,0.0,0.0,none,no_axis_variation,,0.0,0.0,820.0,33.48,131,36개 가정 전체에서 상위 10% 포함 여부가 바뀌지 않음
SC0940,삼성아파트경로당,경로당,4812960000,자은동,진해구,scenario_stable_non_high,0.0,0.0,0.0,0.0,0,0,0,0.0,0.0,0.0,19.9,31.4,4.1,0.0,0.0,0.0,0.0,0.0,0.0,0.0,0.0,0.0,0.0,none,no_axis_variation,,0.0,0.0,913.7,18.1,77,36개 가정 전체에서 상위 10% 포함 여부가 바뀌지 않음
SC0941,월드메르디앙아파트경로당,경로당,4812960000,자은동,진해구,scenario_stable_non_high,0.0,0.0,0.0,0.0,0,0,0,0.0,0.0,0.0,320.2,27.0,24.4,0.0,0.0,0.0,0.0,0.0,0.0,0.0,0.0,0.0,0.0,none,no_axis_variation,,0.0,0.0,935.0,129.23,381,36개 가정 전체에서 상위 10% 포함 여부가 바뀌지 않음
SC0942,자은프라임아파트경로당,경로당,4812960000,자은동,진해구,scenario_stable_non_high,0.0,0.0,0.0,0.0,0,0,0,0.0,0.0,0.0,66.3,21.1,7.5,0.0,0.0,0.0,0.0,0.0,0.0,0.0,0.0,0.0,0.0,none,no_axis_variation,,0.0,0.0,1417.0,27.28,93,36개 가정 전체에서 상위 10% 포함 여부가 바뀌지 않음
SC0943,자은프라임아파트부녀경로당,경로당,4812960000,자은동,진해구,scenario_stable_non_high,0.0,0.0,0.0,0.0,0,0,0,0.0,0.0,0.0,66.3,21.1,7.5,0.0,0.0,0.0,0.0,0.0,0.0,0.0,0.0,0.0,0.0,none,no_axis_variation,,0.0,0.0,1417.0,27.28,93,36개 가정 전체에서 상위 10% 포함 여부가 바뀌지 않음
SC0944,천년나무아파트경로당,경로당,4812960000,자은동,진해구,scenario_stable_non_high,0.0,0.0,0.0,0.0,0,0,0,0.0,0.0,0.0,126.1,31.9,15.1,0.0,0.0,0.0,0.0,0.0,0.0,0.0,0.0,0.0,0.0,none,no_axis_variation,,0.0,0.0,1239.8,49.2,184,36개 가정 전체에서 상위 10% 포함 여부가 바뀌지 않음
SC0945,에일린의뜰아파트경로당,경로당,4812960000,자은동,진해구,scenario_stable_non_high,0.0,0.0,0.0,0.0,0,0,0,0.0,0.0,0.0,129.3,32.0,7.5,0.0,0.0,0.0,0.0,0.0,0.0,0.0,0.0,0.0,0.0,none,no_axis_variation,,0.0,0.0,1454.7,55.58,173,36개 가정 전체에서 상위 10% 포함 여부가 바뀌지 않음
SC0946,센트럴빌리지아파트경로당,경로당,4812960000,자은동,진해구,scenario_stable_non_high,0.0,0.0,0.0,0.0,0,0,0,0.0,0.0,0.0,352.9,57.6,14.2,0.0,0.0,0.0,0.0,0.0,0.0,0.0,0.0,0.0,0.0,none,no_axis_variation,,0.0,0.0,1218.9,149.13,431,36개 가정 전체에서 상위 10% 포함 여부가 바뀌지 않음
SC0947,자은중흥S클래스경로당,경로당,4812960000,자은동,진해구,scenario_stable_non_high,0.0,0.0,0.0,0.0,0,0,0,0.0,0.0,0.0,88.6,35.8,10.4,0.0,0.0,0.0,0.0,0.0,0.0,0.0,0.0,0.0,0.0,none,no_axis_variation,,0.0,0.0,1316.9,35.72,140,36개 가정 전체에서 상위 10% 포함 여부가 바뀌지 않음
SC0948,덕산동경로당,경로당,4812961000,덕산동,진해구,scenario_stable_non_high,0.0,0.0,0.0,0.0,0,0,0,0.0,0.0,0.0,55.6,34.0,16.9,0.0,0.0,0.0,0.0,0.0,0.0,0.0,0.0,0.0,0.0,none,no_axis_variation,,0.0,0.0,770.0,26.81,104,36개 가정 전체에서 상위 10% 포함 여부가 바뀌지 않음
SC0949,자은동본동경로당,경로당,4812961000,덕산동,진해구,scenario_stable_non_high,0.0,0.0,0.0,0.0,0,0,0,0.0,0.0,0.0,302.3,36.7,22.6,0.0,0.0,0.0,0.0,0.0,0.0,0.0,0.0,0.0,0.0,none,no_axis_variation,,0.0,0.0,700.0,125.36,367,36개 가정 전체에서 상위 10% 포함 여부가 바뀌지 않음
SC0950,자은동본동부녀경로당,경로당,4812961000,덕산동,진해구,scenario_stable_non_high,0.0,0.0,0.0,0.0,0,0,0,0.0,0.0,0.0,302.3,36.7,22.6,0.0,0.0,0.0,0.0,0.0,0.0,0.0,0.0,0.0,0.0,none,no_axis_variation,,0.0,0.0,700.0,125.36,367,36개 가정 전체에서 상위 10% 포함 여부가 바뀌지 않음
SC0951,풍호주공아파트경로당,경로당,4812961000,덕산동,진해구,scenario_stable_non_high,0.0,0.0,0.0,0.0,0,0,0,0.0,0.0,0.0,61.2,24.2,1.9,0.0,0.0,0.0,0.0,0.0,0.0,0.0,0.0,0.0,0.0,none,no_axis_variation,,0.0,0.0,798.3,27.14,97,36개 가정 전체에서 상위 10% 포함 여부가 바뀌지 않음
SC0952,경동윈츠빌경로당,경로당,4812961000,덕산동,진해구,scenario_stable_non_high,0.0,0.0,0.0,0.0,0,0,0,0.0,0.0,0.0,87.3,20.2,4.5,0.0,0.0,0.0,0.0,0.0,0.0,0.0,0.0,0.0,0.0,none,no_axis_variation,,0.0,0.0,821.3,38.75,119,36개 가정 전체에서 상위 10% 포함 여부가 바뀌지 않음
SC0953,자은동포스코아파트경로당,경로당,4812961000,덕산동,진해구,scenario_stable_non_high,0.0,0.0,0.0,0.0,0,0,0,0.0,0.0,0.0,310.8,50.0,26.7,0.0,0.0,0.0,0.0,0.0,0.0,0.0,0.0,0.0,0.0,none,no_axis_variation,,0.0,0.0,837.7,126.83,385,36개 가정 전체에서 상위 10% 포함 여부가 바뀌지 않음
SC0954,자은주공3단지아파트경로당,경로당,4812961000,덕산동,진해구,scenario_stable_non_high,0.0,0.0,0.0,0.0,0,0,0,0.0,0.0,0.0,157.4,38.1,18.6,0.0,0.0,0.0,0.0,0.0,0.0,0.0,0.0,0.0,0.0,none,no_axis_variation,,0.0,0.0,929.5,60.83,214,36개 가정 전체에서 상위 10% 포함 여부가 바뀌지 않음
SC0955,협성DS아이존빌경로당,경로당,4812961000,덕산동,진해구,scenario_stable_non_high,0.0,0.0,0.0,0.0,0,0,0,0.0,0.0,0.0,106.8,22.8,13.7,0.0,0.0,0.0,0.0,0.0,0.0,0.0,0.0,0.0,0.0,none,no_axis_variation,,0.0,0.0,810.6,44.54,142,36개 가정 전체에서 상위 10% 포함 여부가 바뀌지 않음
SC0956,풍호동경로당,경로당,4812962000,풍호동,진해구,scenario_stable_non_high,0.0,0.0,0.0,0.0,0,0,0,0.0,0.0,0.0,220.6,10.7,8.4,0.0,0.0,0.0,0.0,0.0,0.0,0.0,0.0,0.0,0.0,none,no_axis_variation,,0.0,0.0,490.8,92.2,259,36개 가정 전체에서 상위 10% 포함 여부가 바뀌지 않음
SC0957,풍호동부녀경로당,경로당,4812962000,풍호동,진해구,scenario_stable_non_high,0.0,0.0,0.0,0.0,0,0,0,0.0,0.0,0.0,220.6,10.7,8.4,0.0,0.0,0.0,0.0,0.0,0.0,0.0,0.0,0.0,0.0,none,no_axis_variation,,0.0,0.0,490.8,92.2,259,36개 가정 전체에서 상위 10% 포함 여부가 바뀌지 않음
SC0958,시영아파트경로당,경로당,4812962000,풍호동,진해구,scenario_stable_non_high,0.0,0.0,0.0,0.0,0,0,0,0.0,0.0,0.0,218.3,7.0,32.6,0.0,0.0,0.0,0.0,0.0,0.0,0.0,0.0,0.0,0.0,none,no_axis_variation,,0.0,0.0,986.2,83.46,251,36개 가정 전체에서 상위 10% 포함 여부가 바뀌지 않음
SC0959,풍호우성아파트경로당,경로당,4812962000,풍호동,진해구,scenario_stable_non_high,0.0,0.0,0.0,0.0,0,0,0,0.0,0.0,0.0,115.3,19.3,36.6,0.0,0.0,0.0,0.0,0.0,0.0,0.0,0.0,0.0,0.0,none,no_axis_variation,,0.0,0.0,545.4,48.64,162,36개 가정 전체에서 상위 10% 포함 여부가 바뀌지 않음
SC0960,풍호우성아파트부녀경로당,경로당,4812962000,풍호동,진해구,scenario_stable_non_high,0.0,0.0,0.0,0.0,0,0,0,0.0,0.0,0.0,115.3,19.3,36.6,0.0,0.0,0.0,0.0,0.0,0.0,0.0,0.0,0.0,0.0,none,no_axis_variation,,0.0,0.0,545.4,48.64,162,36개 가정 전체에서 상위 10% 포함 여부가 바뀌지 않음
SC0965,행암동경로당,경로당,4812962000,풍호동,진해구,scenario_stable_non_high,0.0,0.0,0.0,0.0,0,0,0,0.0,0.0,0.0,150.1,225.5,13.8,0.0,0.0,0.0,0.0,0.0,0.0,0.0,0.0,0.0,0.0,none,no_axis_variation,,0.0,0.0,1259.6,129.5,390,36개 가정 전체에서 상위 10% 포함 여부가 바뀌지 않음
SC0966,행암동부녀경로당,경로당,4812962000,풍호동,진해구,scenario_stable_non_high,0.0,0.0,0.0,0.0,0,0,0,0.0,0.0,0.0,150.1,225.5,13.8,0.0,0.0,0.0,0.0,0.0,0.0,0.0,0.0,0.0,0.0,none,no_axis_variation,,0.0,0.0,1259.6,129.5,390,36개 가정 전체에서 상위 10% 포함 여부가 바뀌지 않음
SC0967,아이존빌아파트경로당,경로당,4812962000,풍호동,진해구,scenario_stable_non_high,0.0,0.0,0.0,0.0,0,0,0,0.0,0.0,0.0,106.6,17.3,3.6,0.0,0.0,0.0,0.0,0.0,0.0,0.0,0.0,0.0,0.0,none,no_axis_variation,,0.0,0.0,731.8,45.98,136,36개 가정 전체에서 상위 10% 포함 여부가 바뀌지 않음
SC0968,상리마을경로당,경로당,4812962000,풍호동,진해구,scenario_stable_non_high,0.0,0.0,0.0,0.0,0,0,0,0.0,0.0,0.0,298.5,218.9,66.2,0.0,0.0,0.0,0.0,0.0,0.0,0.0,0.0,0.0,0.0,none,no_axis_variation,,0.0,0.0,1062.1,155.03,567,36개 가정 전체에서 상위 10% 포함 여부가 바뀌지 않음
SC0969,평화마을아파트경로당,경로당,4812962000,풍호동,진해구,scenario_stable_non_high,0.0,0.0,0.0,0.0,0,0,0,0.0,0.0,0.0,123.5,6.3,85.5,0.0,0.0,0.0,0.0,0.0,0.0,0.0,0.0,0.0,0.0,none,no_axis_variation,,0.0,0.0,278.1,62.55,206,36개 가정 전체에서 상위 10% 포함 여부가 바뀌지 않음
SC0970,한림리츠빌아파트경로당,경로당,4812962000,풍호동,진해구,scenario_stable_non_high,0.0,0.0,0.0,0.0,0,0,0,0.0,0.0,0.0,121.6,14.0,4.1,0.0,0.0,0.0,0.0,0.0,0.0,0.0,0.0,0.0,0.0,none,no_axis_variation,,0.0,0.0,768.1,48.38,143,36개 가정 전체에서 상위 10% 포함 여부가 바뀌지 않음
SC0975,한신휴플러스오션파크아파트경로당,경로당,4812962000,풍호동,진해구,scenario_stable_non_high,0.0,0.0,0.0,0.0,0,0,0,0.0,0.0,0.0,91.2,50.4,70.0,0.0,0.0,0.0,0.0,0.0,0.0,0.0,0.0,0.0,0.0,none,no_axis_variation,,0.0,0.0,262.1,57.48,209,36개 가정 전체에서 상위 10% 포함 여부가 바뀌지 않음
SC0976,관정경로당,경로당,4812963000,웅천동,진해구,scenario_stable_non_high,0.0,0.0,0.0,0.0,0,0,0,0.0,0.0,0.0,49.6,5.2,7.9,0.0,0.0,0.0,0.0,0.0,0.0,0.0,0.0,0.0,0.0,none,no_axis_variation,,0.0,0.0,1461.5,19.96,61,36개 가정 전체에서 상위 10% 포함 여부가 바뀌지 않음
SC0977,괴정경로당,경로당,4812963000,웅천동,진해구,scenario_stable_non_high,0.0,0.0,0.0,0.0,0,0,0,0.0,0.0,0.0,275.3,12.4,175.8,0.0,0.0,0.0,0.0,0.0,0.0,0.0,0.0,0.0,0.0,none,no_axis_variation,,0.0,0.0,807.4,136.62,502,36개 가정 전체에서 상위 10% 포함 여부가 바뀌지 않음
SC0978,괴정부녀경로당,경로당,4812963000,웅천동,진해구,scenario_stable_non_high,0.0,0.0,0.0,0.0,0,0,0,0.0,0.0,0.0,275.3,12.4,175.8,0.0,0.0,0.0,0.0,0.0,0.0,0.0,0.0,0.0,0.0,none,no_axis_variation,,0.0,0.0,807.4,136.62,502,36개 가정 전체에서 상위 10% 포함 여부가 바뀌지 않음
SC0979,남문경로당,경로당,4812963000,웅천동,진해구,scenario_stable_non_high,0.0,0.0,0.0,0.0,0,0,0,0.0,0.0,0.0,132.6,26.0,21.3,0.0,0.0,0.0,0.0,0.0,0.0,0.0,0.0,0.0,0.0,none,no_axis_variation,,0.0,0.0,980.7,58.44,192,36개 가정 전체에서 상위 10% 포함 여부가 바뀌지 않음
SC0980,남문부녀경로당,경로당,4812963000,웅천동,진해구,scenario_stable_non_high,0.0,0.0,0.0,0.0,0,0,0,0.0,0.0,0.0,132.6,26.0,21.3,0.0,0.0,0.0,0.0,0.0,0.0,0.0,0.0,0.0,0.0,none,no_axis_variation,,0.0,0.0,980.7,58.44,192,36개 가정 전체에서 상위 10% 포함 여부가 바뀌지 않음
SC0981,명동경로당,경로당,4812963000,웅천동,진해구,scenario_stable_non_high,0.0,0.0,0.0,0.0,0,0,0,0.0,0.0,0.0,207.5,32.8,146.0,0.0,0.0,0.0,0.0,0.0,0.0,0.0,0.0,0.0,0.0,none,no_axis_variation,,0.0,0.0,1110.3,104.33,351,36개 가정 전체에서 상위 10% 포함 여부가 바뀌지 않음
SC0982,백일경로당,경로당,4812963000,웅천동,진해구,scenario_stable_non_high,0.0,0.0,0.0,0.0,0,0,0,0.0,0.0,0.0,0.0,0.0,0.0,0.0,0.0,0.0,0.0,0.0,0.0,0.0,0.0,0.0,0.0,none,no_axis_variation,,0.0,0.0,1584.0,0.0,0,36개 가정 전체에서 상위 10% 포함 여부가 바뀌지 않음
SC0983,북부경로당,경로당,4812963000,웅천동,진해구,scenario_stable_non_high,0.0,0.0,0.0,0.0,0,0,0,0.0,0.0,0.0,161.3,21.1,18.0,0.0,0.0,0.0,0.0,0.0,0.0,0.0,0.0,0.0,0.0,none,no_axis_variation,,0.0,0.0,1132.1,67.52,199,36개 가정 전체에서 상위 10% 포함 여부가 바뀌지 않음
SC0984,북부부녀경로당,경로당,4812963000,웅천동,진해구,scenario_stable_non_high,0.0,0.0,0.0,0.0,0,0,0,0.0,0.0,0.0,161.3,21.1,18.0,0.0,0.0,0.0,0.0,0.0,0.0,0.0,0.0,0.0,0.0,none,no_axis_variation,,0.0,0.0,1132.1,67.52,199,36개 가정 전체에서 상위 10% 포함 여부가 바뀌지 않음
SC0985,삼포경로당,경로당,4812963000,웅천동,진해구,scenario_stable_non_high,0.0,0.0,0.0,0.0,0,0,0,0.0,0.0,0.0,18.1,0.4,12.8,0.0,0.0,0.0,0.0,0.0,0.0,0.0,0.0,0.0,0.0,none,no_axis_variation,,0.0,0.0,1538.9,9.48,32,36개 가정 전체에서 상위 10% 포함 여부가 바뀌지 않음
SC0986,서중동경로당,경로당,4812963000,웅천동,진해구,scenario_stable_non_high,0.0,0.0,0.0,0.0,0,0,0,0.0,0.0,0.0,176.9,19.4,20.3,0.0,0.0,0.0,0.0,0.0,0.0,0.0,0.0,0.0,0.0,none,no_axis_variation,,0.0,0.0,1068.5,73.75,217,36개 가정 전체에서 상위 10% 포함 여부가 바뀌지 않음
SC0987,서중동부녀경로당,경로당,4812963000,웅천동,진해구,scenario_stable_non_high,0.0,0.0,0.0,0.0,0,0,0,0.0,0.0,0.0,176.9,19.4,20.3,0.0,0.0,0.0,0.0,0.0,0.0,0.0,0.0,0.0,0.0,none,no_axis_variation,,0.0,0.0,1068.5,73.75,217,36개 가정 전체에서 상위 10% 포함 여부가 바뀌지 않음
SC0988,성내경로당,경로당,4812963000,웅천동,진해구,scenario_stable_non_high,0.0,0.0,0.0,0.0,0,0,0,0.0,0.0,0.0,38.0,22.0,18.5,0.0,0.0,0.0,0.0,0.0,0.0,0.0,0.0,0.0,0.0,none,no_axis_variation,,0.0,0.0,1018.6,19.11,77,36개 가정 전체에서 상위 10% 포함 여부가 바뀌지 않음
SC0989,성내부녀경로당,경로당,4812963000,웅천동,진해구,scenario_stable_non_high,0.0,0.0,0.0,0.0,0,0,0,0.0,0.0,0.0,38.0,22.0,18.5,0.0,0.0,0.0,0.0,0.0,0.0,0.0,0.0,0.0,0.0,none,no_axis_variation,,0.0,0.0,1018.6,19.11,77,36개 가정 전체에서 상위 10% 포함 여부가 바뀌지 않음
SC0990,수도경로당,경로당,4812963000,웅천동,진해구,scenario_stable_non_high,0.0,0.0,0.0,0.0,0,0,0,0.0,0.0,0.0,19.2,0.4,12.7,0.0,0.0,0.0,0.0,0.0,0.0,0.0,0.0,0.0,0.0,none,no_axis_variation,,0.0,0.0,1540.0,9.85,34,36개 가정 전체에서 상위 10% 포함 여부가 바뀌지 않음
SC0991,시티프라디움1차 아파트경로당,경로당,4812963000,웅천동,진해구,scenario_stable_non_high,0.0,0.0,0.0,0.0,0,0,0,0.0,0.0,0.0,201.6,27.7,18.1,0.0,0.0,0.0,0.0,0.0,0.0,0.0,0.0,0.0,0.0,none,no_axis_variation,,0.0,0.0,1055.4,80.85,241,36개 가정 전체에서 상위 10% 포함 여부가 바뀌지 않음
SC0992,시티프라디움2차 아파트경로당,경로당,4812963000,웅천동,진해구,scenario_stable_non_high,0.0,0.0,0.0,0.0,0,0,0,0.0,0.0,0.0,158.6,20.0,5.9,0.0,0.0,0.0,0.0,0.0,0.0,0.0,0.0,0.0,0.0,none,no_axis_variation,,0.0,0.0,1042.2,58.6,200,36개 가정 전체에서 상위 10% 포함 여부가 바뀌지 않음
SC0993,신명경로당,경로당,4812963000,웅천동,진해구,scenario_stable_non_high,0.0,0.0,0.0,0.0,0,0,0,0.0,0.0,0.0,175.8,19.9,150.9,0.0,0.0,0.0,0.0,0.0,0.0,0.0,0.0,0.0,0.0,none,no_axis_variation,,0.0,0.0,1215.3,92.25,326,36개 가정 전체에서 상위 10% 포함 여부가 바뀌지 않음
SC0994,어은경로당,경로당,4812963000,웅천동,진해구,scenario_stable_non_high,0.0,0.0,0.0,0.0,0,0,0,0.0,0.0,0.0,119.6,27.2,136.5,0.0,0.0,0.0,0.0,0.0,0.0,0.0,0.0,0.0,0.0,none,no_axis_variation,,0.0,0.0,824.0,74.2,279,36개 가정 전체에서 상위 10% 포함 여부가 바뀌지 않음
SC0995,와성경로당,경로당,4812963000,웅천동,진해구,scenario_stable_non_high,0.0,0.0,0.0,0.0,0,0,0,0.0,0.0,0.0,572.6,21.0,11.6,0.0,0.0,0.0,0.0,0.0,0.0,0.0,0.0,0.0,0.0,none,no_axis_variation,,0.0,0.0,1281.2,239.23,609,36개 가정 전체에서 상위 10% 포함 여부가 바뀌지 않음
SC0996,제덕경로당,경로당,4812963000,웅천동,진해구,scenario_stable_non_high,0.0,0.0,0.0,0.0,0,0,0,0.0,0.0,0.0,251.5,6.9,24.5,0.0,0.0,0.0,0.0,0.0,0.0,0.0,0.0,0.0,0.0,none,no_axis_variation,,0.0,0.0,442.7,93.31,290,36개 가정 전체에서 상위 10% 포함 여부가 바뀌지 않음
SC0997,죽곡경로당,경로당,4812963000,웅천동,진해구,scenario_stable_non_high,0.0,0.0,0.0,0.0,0,0,0,0.0,0.0,0.0,230.2,58.6,195.2,0.0,0.0,0.0,0.0,0.0,0.0,0.0,0.0,0.0,0.0,none,no_axis_variation,,0.0,0.0,448.9,123.76,472,36개 가정 전체에서 상위 10% 포함 여부가 바뀌지 않음
SC0998,진해남문호반베르디움아파트경로당,경로당,4812963000,웅천동,진해구,scenario_stable_non_high,0.0,0.0,0.0,0.0,0,0,0,0.0,0.0,0.0,12.2,9.8,5.7,0.0,0.0,0.0,0.0,0.0,0.0,0.0,0.0,0.0,0.0,none,no_axis_variation,,0.0,0.0,1411.5,8.34,32,36개 가정 전체에서 상위 10% 포함 여부가 바뀌지 않음
SC0999,리젠시빌란트경로당,경로당,4812963000,웅천동,진해구,scenario_stable_non_high,0.0,0.0,0.0,0.0,0,0,0,0.0,0.0,0.0,30.3,7.8,7.5,0.0,0.0,0.0,0.0,0.0,0.0,0.0,0.0,0.0,0.0,none,no_axis_variation,,0.0,0.0,1394.7,13.14,44,36개 가정 전체에서 상위 10% 포함 여부가 바뀌지 않음
SC1000,마천경로당,경로당,4812964000,웅동1동,진해구,scenario_stable_non_high,0.0,0.0,0.0,0.0,0,0,0,0.0,0.0,0.0,496.1,30.4,39.1,0.0,0.0,0.0,0.0,0.0,0.0,0.0,0.0,0.0,0.0,none,no_axis_variation,,0.0,0.0,452.2,194.56,553,36개 가정 전체에서 상위 10% 포함 여부가 바뀌지 않음
SC1001,마천부녀경로당,경로당,4812964000,웅동1동,진해구,scenario_stable_non_high,0.0,0.0,0.0,0.0,0,0,0,0.0,0.0,0.0,496.1,30.4,39.1,0.0,0.0,0.0,0.0,0.0,0.0,0.0,0.0,0.0,0.0,none,no_axis_variation,,0.0,0.0,452.2,194.56,553,36개 가정 전체에서 상위 10% 포함 여부가 바뀌지 않음
SC1003,소사경로당,경로당,4812964000,웅동1동,진해구,scenario_stable_non_high,0.0,0.0,0.0,0.0,0,0,0,0.0,0.0,0.0,378.4,21.9,18.0,0.0,0.0,0.0,0.0,0.0,0.0,0.0,0.0,0.0,0.0,none,no_axis_variation,,0.0,0.0,1213.3,151.43,411,36개 가정 전체에서 상위 10% 포함 여부가 바뀌지 않음
SC1012,대장동경로당,경로당,4812964000,웅동1동,진해구,scenario_stable_non_high,0.0,0.0,0.0,0.0,0,0,0,0.0,0.0,0.0,147.9,20.5,152.9,0.0,0.0,0.0,0.0,0.0,0.0,0.0,0.0,0.0,0.0,none,no_axis_variation,,0.0,0.0,1314.8,85.71,308,36개 가정 전체에서 상위 10% 포함 여부가 바뀌지 않음
SC1013,대장동부녀경로당,경로당,4812964000,웅동1동,진해구,scenario_stable_non_high,0.0,0.0,0.0,0.0,0,0,0,0.0,0.0,0.0,147.9,20.5,152.9,0.0,0.0,0.0,0.0,0.0,0.0,0.0,0.0,0.0,0.0,none,no_axis_variation,,0.0,0.0,1314.8,85.71,308,36개 가정 전체에서 상위 10% 포함 여부가 바뀌지 않음
SC1014,(사)대한노인회 진해지회 부암경로당,경로당,4812964000,웅동1동,진해구,scenario_stable_non_high,0.0,0.0,0.0,0.0,0,0,0,0.0,0.0,0.0,58.9,8.3,56.4,0.0,0.0,0.0,0.0,0.0,0.0,0.0,0.0,0.0,0.0,none,no_axis_variation,,0.0,0.0,1445.1,32.57,120,36개 가정 전체에서 상위 10% 포함 여부가 바뀌지 않음
SC1015,경남아너스빌경로당,경로당,4812964000,웅동1동,진해구,scenario_stable_non_high,0.0,0.0,0.0,0.0,0,0,0,0.0,0.0,0.0,526.6,26.7,9.9,0.0,0.0,0.0,0.0,0.0,0.0,0.0,0.0,0.0,0.0,none,no_axis_variation,,0.0,0.0,920.3,211.28,559,36개 가정 전체에서 상위 10% 포함 여부가 바뀌지 않음
SC1017,주포경로당,경로당,4812965000,웅동2동,진해구,scenario_stable_non_high,0.0,0.0,0.0,0.0,0,0,0,0.0,0.0,0.0,32.5,7.3,8.6,0.0,0.0,0.0,0.0,0.0,0.0,0.0,0.0,0.0,0.0,none,no_axis_variation,,0.0,0.0,1471.2,14.46,50,36개 가정 전체에서 상위 10% 포함 여부가 바뀌지 않음
SC1018,가동경로당,경로당,4812965000,웅동2동,진해구,scenario_stable_non_high,0.0,0.0,0.0,0.0,0,0,0,0.0,0.0,0.0,563.4,44.4,3.3,0.0,0.0,0.0,0.0,0.0,0.0,0.0,0.0,0.0,0.0,none,no_axis_variation,,0.0,0.0,763.0,223.22,642,36개 가정 전체에서 상위 10% 포함 여부가 바뀌지 않음
SC1019,용원남자경로당,경로당,4812965000,웅동2동,진해구,scenario_stable_non_high,0.0,0.0,0.0,0.0,0,0,0,0.0,0.0,0.0,192.2,39.8,217.5,0.0,0.0,0.0,0.0,0.0,0.0,0.0,0.0,0.0,0.0,none,no_axis_variation,,0.0,0.0,782.2,118.12,435,36개 가정 전체에서 상위 10% 포함 여부가 바뀌지 않음
SC1020,용원여자경로당,경로당,4812965000,웅동2동,진해구,scenario_stable_non_high,0.0,0.0,0.0,0.0,0,0,0,0.0,0.0,0.0,192.2,39.8,217.5,0.0,0.0,0.0,0.0,0.0,0.0,0.0,0.0,0.0,0.0,none,no_axis_variation,,0.0,0.0,782.2,118.12,435,36개 가정 전체에서 상위 10% 포함 여부가 바뀌지 않음
SC1021,안골남자경로당,경로당,4812965000,웅동2동,진해구,scenario_stable_non_high,0.0,0.0,0.0,0.0,0,0,0,0.0,0.0,0.0,130.4,221.9,55.2,0.0,0.0,0.0,0.0,0.0,0.0,0.0,0.0,0.0,0.0,none,no_axis_variation,,0.0,0.0,672.3,116.4,417,36개 가정 전체에서 상위 10% 포함 여부가 바뀌지 않음
SC1022,안골여자경로당,경로당,4812965000,웅동2동,진해구,scenario_stable_non_high,0.0,0.0,0.0,0.0,0,0,0,0.0,0.0,0.0,130.4,221.9,55.2,0.0,0.0,0.0,0.0,0.0,0.0,0.0,0.0,0.0,0.0,none,no_axis_variation,,0.0,0.0,672.3,116.4,417,36개 가정 전체에서 상위 10% 포함 여부가 바뀌지 않음
SC1023,청천경로당,경로당,4812965000,웅동2동,진해구,scenario_stable_non_high,0.0,0.0,0.0,0.0,0,0,0,0.0,0.0,0.0,17.4,8.7,4.7,0.0,0.0,0.0,0.0,0.0,0.0,0.0,0.0,0.0,0.0,none,no_axis_variation,,0.0,0.0,1509.5,8.25,32,36개 가정 전체에서 상위 10% 포함 여부가 바뀌지 않음
SC1024,안성경로당,경로당,4812965000,웅동2동,진해구,scenario_stable_non_high,0.0,0.0,0.0,0.0,0,0,0,0.0,0.0,0.0,15.7,4.1,4.8,0.0,0.0,0.0,0.0,0.0,0.0,0.0,0.0,0.0,0.0,none,no_axis_variation,,0.0,0.0,1514.5,7.66,27,36개 가정 전체에서 상위 10% 포함 여부가 바뀌지 않음
SC1025,신안골경로당,경로당,4812965000,웅동2동,진해구,scenario_stable_non_high,0.0,0.0,0.0,0.0,0,0,0,0.0,0.0,0.0,80.7,7.2,9.6,0.0,0.0,0.0,0.0,0.0,0.0,0.0,0.0,0.0,0.0,none,no_axis_variation,,0.0,0.0,1390.6,34.26,97,36개 가정 전체에서 상위 10% 포함 여부가 바뀌지 않음
SC1026,이지더원A경로당,경로당,4812965000,웅동2동,진해구,scenario_stable_non_high,0.0,0.0,0.0,0.0,0,0,0,0.0,0.0,0.0,63.4,3.9,48.2,0.0,0.0,0.0,0.0,0.0,0.0,0.0,0.0,0.0,0.0,none,no_axis_variation,,0.0,0.0,1487.7,33.41,113,36개 가정 전체에서 상위 10% 포함 여부가 바뀌지 않음
SC1027,신항부영13단지A경로당,경로당,4812965000,웅동2동,진해구,scenario_stable_non_high,0.0,0.0,0.0,0.0,0,0,0,0.0,0.0,0.0,180.3,28.8,198.8,0.0,0.0,0.0,0.0,0.0,0.0,0.0,0.0,0.0,0.0,none,no_axis_variation,,0.0,0.0,1203.1,111.12,391,36개 가정 전체에서 상위 10% 포함 여부가 바뀌지 않음
SC1028,용원현대A경로당,경로당,4812965000,웅동2동,진해구,scenario_stable_non_high,0.0,0.0,0.0,0.0,0,0,0,0.0,0.0,0.0,236.7,174.3,104.1,0.0,0.0,0.0,0.0,0.0,0.0,0.0,0.0,0.0,0.0,none,no_axis_variation,,0.0,0.0,868.5,130.12,477,36개 가정 전체에서 상위 10% 포함 여부가 바뀌지 않음
SC1029,풍림A남자경로당,경로당,4812965000,웅동2동,진해구,scenario_stable_non_high,0.0,0.0,0.0,0.0,0,0,0,0.0,0.0,0.0,67.5,159.0,85.7,0.0,0.0,0.0,0.0,0.0,0.0,0.0,0.0,0.0,0.0,none,no_axis_variation,,0.0,0.0,748.5,85.23,323,36개 가정 전체에서 상위 10% 포함 여부가 바뀌지 않음
SC1030,풍림A여자경로당,경로당,4812965000,웅동2동,진해구,scenario_stable_non_high,0.0,0.0,0.0,0.0,0,0,0,0.0,0.0,0.0,67.5,159.0,85.7,0.0,0.0,0.0,0.0,0.0,0.0,0.0,0.0,0.0,0.0,none,no_axis_variation,,0.0,0.0,748.5,85.23,323,36개 가정 전체에서 상위 10% 포함 여부가 바뀌지 않음
SC1031,부영1차A남자경로당,경로당,4812965000,웅동2동,진해구,scenario_stable_non_high,0.0,0.0,0.0,0.0,0,0,0,0.0,0.0,0.0,206.8,6.4,59.5,0.0,0.0,0.0,0.0,0.0,0.0,0.0,0.0,0.0,0.0,none,no_axis_variation,,0.0,0.0,1276.1,90.84,268,36개 가정 전체에서 상위 10% 포함 여부가 바뀌지 않음
SC1032,부영1차A여자경로당,경로당,4812965000,웅동2동,진해구,scenario_stable_non_high,0.0,0.0,0.0,0.0,0,0,0,0.0,0.0,0.0,206.8,6.4,59.5,0.0,0.0,0.0,0.0,0.0,0.0,0.0,0.0,0.0,0.0,none,no_axis_variation,,0.0,0.0,1276.1,90.84,268,36개 가정 전체에서 상위 10% 포함 여부가 바뀌지 않음
SC1033,부영2차A남자경로당,경로당,4812965000,웅동2동,진해구,scenario_stable_non_high,0.0,0.0,0.0,0.0,0,0,0,0.0,0.0,0.0,107.8,32.4,24.7,0.0,0.0,0.0,0.0,0.0,0.0,0.0,0.0,0.0,0.0,none,no_axis_variation,,0.0,0.0,1272.0,43.26,158,36개 가정 전체에서 상위 10% 포함 여부가 바뀌지 않음
SC1034,부영2차A여자경로당,경로당,4812965000,웅동2동,진해구,scenario_stable_non_high,0.0,0.0,0.0,0.0,0,0,0,0.0,0.0,0.0,107.8,32.4,24.7,0.0,0.0,0.0,0.0,0.0,0.0,0.0,0.0,0.0,0.0,none,no_axis_variation,,0.0,0.0,1272.0,43.26,158,36개 가정 전체에서 상위 10% 포함 여부가 바뀌지 않음
SC1035,부영3차A남자경로당,경로당,4812965000,웅동2동,진해구,scenario_stable_non_high,0.0,0.0,0.0,0.0,0,0,0,0.0,0.0,0.0,107.2,49.9,75.1,0.0,0.0,0.0,0.0,0.0,0.0,0.0,0.0,0.0,0.0,none,no_axis_variation,,0.0,0.0,1082.2,56.1,234,36개 가정 전체에서 상위 10% 포함 여부가 바뀌지 않음
SC1036,부영3차A여자경로당,경로당,4812965000,웅동2동,진해구,scenario_stable_non_high,0.0,0.0,0.0,0.0,0,0,0,0.0,0.0,0.0,107.2,49.9,75.1,0.0,0.0,0.0,0.0,0.0,0.0,0.0,0.0,0.0,0.0,none,no_axis_variation,,0.0,0.0,1082.2,56.1,234,36개 가정 전체에서 상위 10% 포함 여부가 바뀌지 않음
SC1037,해인로즈빌A남자경로당,경로당,4812965000,웅동2동,진해구,scenario_stable_non_high,0.0,0.0,0.0,0.0,0,0,0,0.0,0.0,0.0,184.4,139.0,67.3,0.0,0.0,0.0,0.0,0.0,0.0,0.0,0.0,0.0,0.0,none,no_axis_variation,,0.0,0.0,583.8,100.61,405,36개 가정 전체에서 상위 10% 포함 여부가 바뀌지 않음
SC1038,해인로즈빌A여자경로당,경로당,4812965000,웅동2동,진해구,scenario_stable_non_high,0.0,0.0,0.0,0.0,0,0,0,0.0,0.0,0.0,184.4,139.0,67.3,0.0,0.0,0.0,0.0,0.0,0.0,0.0,0.0,0.0,0.0,none,no_axis_variation,,0.0,0.0,583.8,100.61,405,36개 가정 전체에서 상위 10% 포함 여부가 바뀌지 않음
SC1039,일신님A남자경로당,경로당,4812965000,웅동2동,진해구,scenario_stable_non_high,0.0,0.0,0.0,0.0,0,0,0,0.0,0.0,0.0,259.7,162.4,97.4,0.0,0.0,0.0,0.0,0.0,0.0,0.0,0.0,0.0,0.0,none,no_axis_variation,,0.0,0.0,952.6,133.28,470,36개 가정 전체에서 상위 10% 포함 여부가 바뀌지 않음
SC1040,일신님여자경로당,경로당,4812965000,웅동2동,진해구,scenario_stable_non_high,0.0,0.0,0.0,0.0,0,0,0,0.0,0.0,0.0,259.7,162.4,97.4,0.0,0.0,0.0,0.0,0.0,0.0,0.0,0.0,0.0,0.0,none,no_axis_variation,,0.0,0.0,952.6,133.28,470,36개 가정 전체에서 상위 10% 포함 여부가 바뀌지 않음
SC1041,코아루A경로당,경로당,4812965000,웅동2동,진해구,scenario_stable_non_high,0.0,0.0,0.0,0.0,0,0,0,0.0,0.0,0.0,92.4,4.7,73.9,0.0,0.0,0.0,0.0,0.0,0.0,0.0,0.0,0.0,0.0,none,no_axis_variation,,0.0,0.0,1110.1,51.76,173,36개 가정 전체에서 상위 10% 포함 여부가 바뀌지 않음
SC1042,신항8단지부영A경로당,경로당,4812965000,웅동2동,진해구,scenario_stable_non_high,0.0,0.0,0.0,0.0,0,0,0,0.0,0.0,0.0,60.5,6.0,59.3,0.0,0.0,0.0,0.0,0.0,0.0,0.0,0.0,0.0,0.0,none,no_axis_variation,,0.0,0.0,1464.7,34.25,123,36개 가정 전체에서 상위 10% 포함 여부가 바뀌지 않음
