{
"type": "FeatureCollection",
"name": "changwon_dong_boundary",
"crs": { "type": "name", "properties": { "name": "urn:ogc:def:crs:OGC:1.3:CRS84" } },
"features": [
{ "type": "Feature", "properties": { "gu": "마산합포구", "emd": "가포동", "adm_cd": "4812552000", "adm_nm": "경상남도 창원시마산합포구 가포동", "area_km2": 5.41 }, "geometry": { "type": "Polygon", "coordinates": [ [ [ 128.588771817639611, 35.14855289896807 ], [ 128.586772716628474, 35.150633059179107 ], [ 128.584162019456244, 35.150742675871662 ], [ 128.579113463047747, 35.150544191800861 ], [ 128.575988081326102, 35.150245129111489 ], [ 128.574779202307411, 35.150129433702404 ], [ 128.571618662238649, 35.150929746574299 ], [ 128.571151370238653, 35.151052916238982 ], [ 128.570816797074514, 35.151189026761195 ], [ 128.570626561769188, 35.151291328759939 ], [ 128.570292522418868, 35.151555774763459 ], [ 128.570234159574881, 35.151601980567527 ], [ 128.564529651919884, 35.157008114616161 ], [ 128.56442644188192, 35.157151292974625 ], [ 128.563064383964843, 35.159268314644464 ], [ 128.563114737440145, 35.161196964371278 ], [ 128.562740193435445, 35.165233535194446 ], [ 128.560692643892423, 35.165354636990266 ], [ 128.558568226477774, 35.165570987928113 ], [ 128.558248860176008, 35.165685265080647 ], [ 128.557811541007908, 35.165861540441959 ], [ 128.557468859356533, 35.166078713650471 ], [ 128.556058966972017, 35.167858463721252 ], [ 128.555925124112036, 35.168042183889696 ], [ 128.55587669957464, 35.168229453988907 ], [ 128.555868308769988, 35.168458830094863 ], [ 128.555888508163463, 35.168700088900835 ], [ 128.555961148546885, 35.168988172150364 ], [ 128.556764301656585, 35.169111629057404 ], [ 128.561306433730778, 35.170018733721882 ], [ 128.561917748770156, 35.17024043341241 ], [ 128.562568843579214, 35.170655434557467 ], [ 128.563114748418513, 35.171042934908719 ], [ 128.564365289579172, 35.172022494466319 ], [ 128.566940341244504, 35.17390838212475 ], [ 128.567397358157507, 35.174123923497113 ], [ 128.567513098351696, 35.174178508235471 ], [ 128.568930233104226, 35.174700683470107 ], [ 128.569863432197479, 35.174851375870269 ], [ 128.573587418790055, 35.17529404274952 ], [ 128.574028674026323, 35.175339547261039 ], [ 128.576415348968283, 35.174520784364418 ], [ 128.576580764743568, 35.174443945847564 ], [ 128.576774306813263, 35.174354029985764 ], [ 128.577718924391121, 35.1737867779038 ], [ 128.579433591533302, 35.172755069105008 ], [ 128.579540835722185, 35.172377771301456 ], [ 128.579313853189177, 35.171874491599048 ], [ 128.579265037383436, 35.17176626341444 ], [ 128.580730685384566, 35.168226318316123 ], [ 128.582156978558203, 35.164598701013531 ], [ 128.585328615208795, 35.161813566874756 ], [ 128.586337234810657, 35.161123006020389 ], [ 128.586677656656434, 35.160889930745753 ], [ 128.58855051175496, 35.160468501722988 ], [ 128.590242033757647, 35.159403844921513 ], [ 128.591663970277523, 35.157929522642711 ], [ 128.591798416162817, 35.157536490678275 ], [ 128.591631833868462, 35.157194179756885 ], [ 128.591229786486963, 35.156902468728283 ], [ 128.591038951806667, 35.15632859780235 ], [ 128.591112229213167, 35.155760182610734 ], [ 128.591793204928877, 35.152932030890533 ], [ 128.591924755238409, 35.151632134556579 ], [ 128.591916330540528, 35.1511992809967 ], [ 128.591863646292239, 35.150244464084217 ], [ 128.591760828172539, 35.149797788247689 ], [ 128.591011493759822, 35.149119913073022 ], [ 128.588771817639611, 35.14855289896807 ] ] ] } },
{ "type": "Feature", "properties": { "gu": "마산합포구", "emd": "교방동", "adm_cd": "4812561000", "adm_nm": "경상남도 창원시마산합포구 교방동", "area_km2": 2.998 }, "geometry": { "type": "Polygon", "coordinates": [ [ [ 128.569966212537793, 35.216169185083473 ], [ 128.570545836632988, 35.216392165884159 ], [ 128.570785074082238, 35.216469520373771 ], [ 128.570963523019714, 35.216514617960009 ], [ 128.571080215641359, 35.216528079704517 ], [ 128.571157713819105, 35.216525799857457 ], [ 128.574984824679063, 35.215564767668297 ], [ 128.576033275541789, 35.215284448678432 ], [ 128.576772447152706, 35.214885050740335 ], [ 128.574801596228156, 35.209839088247712 ], [ 128.572346222199741, 35.210937526057158 ], [ 128.570920958897034, 35.211534932344591 ], [ 128.569675510567635, 35.212162764765409 ], [ 128.56942517934624, 35.211857875655852 ], [ 128.568335027265533, 35.210663306274398 ], [ 128.567285365247244, 35.209748284566992 ], [ 128.567090885994986, 35.20945335092334 ], [ 128.566928676347203, 35.209149418918486 ], [ 128.566791781746332, 35.208635845810299 ], [ 128.563314848094024, 35.208092287960241 ], [ 128.561965128109165, 35.209035151667038 ], [ 128.56173891940233, 35.209173047509267 ], [ 128.561528675650209, 35.209263226826387 ], [ 128.561348356074546, 35.209281957340693 ], [ 128.561208394698923, 35.209271706108218 ], [ 128.560860686846468, 35.209170398824689 ], [ 128.560555125265012, 35.209075894949962 ], [ 128.560339779573269, 35.208993368614159 ], [ 128.55825815582682, 35.208074604776421 ], [ 128.556316827021078, 35.206975410559608 ], [ 128.556108864266491, 35.20684855861743 ], [ 128.552782587886526, 35.205545191099105 ], [ 128.551606545851143, 35.205732521500622 ], [ 128.550759658455149, 35.20557081273131 ], [ 128.550218466779285, 35.2054431723123 ], [ 128.550131003481198, 35.205343238720808 ], [ 128.54939306800452, 35.205087949293016 ], [ 128.54894400422387, 35.205003703169091 ], [ 128.548193481791088, 35.204884340053994 ], [ 128.541169842045832, 35.204993779175702 ], [ 128.539103393861069, 35.205310054613221 ], [ 128.538103733599741, 35.205559951211939 ], [ 128.538016043013755, 35.205589911542987 ], [ 128.537921268970109, 35.205629293605732 ], [ 128.536087233920057, 35.206473391335983 ], [ 128.535974021361426, 35.207009794957322 ], [ 128.535539445742046, 35.209904128976071 ], [ 128.535766787070202, 35.210146925315271 ], [ 128.535870098619597, 35.210248984270109 ], [ 128.536600332464474, 35.210900489887841 ], [ 128.536708828790211, 35.210979600565572 ], [ 128.540253111679874, 35.213458840830391 ], [ 128.540366679339201, 35.213535241950694 ], [ 128.541556819080114, 35.214285723406732 ], [ 128.543487105098052, 35.215039707452384 ], [ 128.543559842438896, 35.215055126428069 ], [ 128.543646625561223, 35.215051840125334 ], [ 128.543736407354316, 35.21502180355963 ], [ 128.545676554076067, 35.214352862731793 ], [ 128.547663179035851, 35.213595355900431 ], [ 128.547782881301146, 35.213537119438662 ], [ 128.548355426624482, 35.213297996741261 ], [ 128.548431700629493, 35.213266990793343 ], [ 128.548488815363726, 35.213267203951254 ], [ 128.555614182580427, 35.214292237350051 ], [ 128.560749528560166, 35.216673815104372 ], [ 128.560717417571453, 35.216802509037628 ], [ 128.560693704374955, 35.216963916428377 ], [ 128.562194466215345, 35.217021476337806 ], [ 128.562750671438835, 35.217040707741894 ], [ 128.562971317480702, 35.216534654492555 ], [ 128.565485885408691, 35.215827290968811 ], [ 128.565910270029832, 35.216558916704777 ], [ 128.566288135280985, 35.216632632138499 ], [ 128.567101524796954, 35.216369912159479 ], [ 128.568265086411458, 35.215849260365765 ], [ 128.56836028766773, 35.215814637767231 ], [ 128.568456008132443, 35.21580186672675 ], [ 128.568563844873466, 35.215804258257272 ], [ 128.568623943859563, 35.215817683629986 ], [ 128.568701628588144, 35.215835044552364 ], [ 128.569966212537793, 35.216169185083473 ] ] ] } },
{ "type": "Feature", "properties": { "gu": "마산합포구", "emd": "구산면", "adm_cd": "4812531000", "adm_nm": "경상남도 창원시마산합포구 구산면", "area_km2": 51.828 }, "geometry": { "type": "MultiPolygon", "coordinates": [ [ [ [ 128.569987844156401, 35.057062333067229 ], [ 128.569817132910629, 35.057557973944739 ], [ 128.569333650215015, 35.058970486334708 ], [ 128.569385529846301, 35.061683654186758 ], [ 128.569450294859593, 35.061929535130119 ], [ 128.569545541989925, 35.062199685578449 ], [ 128.569789044436533, 35.062369224443032 ], [ 128.570969419374109, 35.06284739585373 ], [ 128.574166166911368, 35.063546125034996 ], [ 128.574585083590307, 35.063466687456369 ], [ 128.575202802166643, 35.062792535821032 ], [ 128.575582711768249, 35.062244837327711 ], [ 128.575705837999237, 35.060836982233049 ], [ 128.575367997640143, 35.060446619843184 ], [ 128.572944176443883, 35.057764199749961 ], [ 128.572333807596209, 35.057254011457253 ], [ 128.570646437502461, 35.05695513202005 ], [ 128.570256146988783, 35.056960181379019 ], [ 128.569987844156401, 35.057062333067229 ] ] ], [ [ [ 128.560495815074688, 35.063893059151845 ], [ 128.561299245101196, 35.062885163890066 ], [ 128.565048509283343, 35.058733295953118 ], [ 128.566397618249852, 35.0575895978739 ], [ 128.567316557522702, 35.056483611057857 ], [ 128.568425110851223, 35.055053371403673 ], [ 128.568612913847289, 35.054632616073832 ], [ 128.568482528835034, 35.053958511036058 ], [ 128.568043200795501, 35.053513657846622 ], [ 128.567409914759281, 35.053167857354225 ], [ 128.564227147860635, 35.052629676828893 ], [ 128.562265606252481, 35.052461853857565 ], [ 128.558080078282245, 35.052740883169186 ], [ 128.55652048963762, 35.053114878055844 ], [ 128.555314533931153, 35.053548678377787 ], [ 128.554043029826033, 35.054659090887412 ], [ 128.550620295263684, 35.058004206462741 ], [ 128.549631291554562, 35.059561479751522 ], [ 128.549300098346521, 35.060692005877009 ], [ 128.549197186706323, 35.061465637751738 ], [ 128.548852018126979, 35.061856207995106 ], [ 128.546844712171861, 35.06342645466362 ], [ 128.544289634431664, 35.065035801534748 ], [ 128.54262677835888, 35.066183256673554 ], [ 128.542247230171768, 35.066831683125869 ], [ 128.54185028534306, 35.068638801374746 ], [ 128.541936480722001, 35.069056041358692 ], [ 128.542490839578591, 35.069370816651357 ], [ 128.5460272582622, 35.069937239488858 ], [ 128.547673426714312, 35.069980623944097 ], [ 128.551053832450663, 35.070031755806454 ], [ 128.552428889860209, 35.070239425579693 ], [ 128.553244065417772, 35.069842845803606 ], [ 128.555892672908868, 35.069036589009805 ], [ 128.558583456607977, 35.068390666439917 ], [ 128.561768016900771, 35.066933806180081 ], [ 128.56368206794923, 35.064592212756374 ], [ 128.563756102574871, 35.064365991636095 ], [ 128.563786075238937, 35.063882907251802 ], [ 128.563153346289283, 35.063569245562086 ], [ 128.561670068304437, 35.063845789138853 ], [ 128.560495815074688, 35.063893059151845 ] ] ], [ [ [ 128.631261914081136, 35.060923723744146 ], [ 128.6311788139285, 35.061217048989242 ], [ 128.632355213242732, 35.063733696985366 ], [ 128.632780251106283, 35.064239324423781 ], [ 128.634528574129718, 35.065701178586174 ], [ 128.635006594493149, 35.065889542421552 ], [ 128.635661461799003, 35.066026825052155 ], [ 128.636878887626835, 35.066132160499919 ], [ 128.637380724069374, 35.066027988946836 ], [ 128.63745409605616, 35.065247793290496 ], [ 128.638909030713108, 35.063888873084451 ], [ 128.638229394482465, 35.062510075034183 ], [ 128.63480081517568, 35.060023849681976 ], [ 128.634205757772236, 35.059910125914364 ], [ 128.633463982182803, 35.059871393937648 ], [ 128.631700588396825, 35.060625630423225 ], [ 128.631261914081136, 35.060923723744146 ] ] ], [ [ [ 128.57080632612508, 35.064948585021895 ], [ 128.570188865771655, 35.065838665599202 ], [ 128.570169838848614, 35.066119576198034 ], [ 128.570275477195736, 35.06653918683655 ], [ 128.571439848647344, 35.067446306011078 ], [ 128.57202502519408, 35.067418692074121 ], [ 128.572533939241112, 35.06723167992574 ], [ 128.572991737375702, 35.066925034863836 ], [ 128.573303543296333, 35.066640325935474 ], [ 128.573517739439552, 35.066356876078032 ], [ 128.573556538692628, 35.065835144260319 ], [ 128.573498138350658, 35.065334714753071 ], [ 128.573316975632281, 35.064795772543242 ], [ 128.57311757154315, 35.064577845329538 ], [ 128.572627308655683, 35.064463915062298 ], [ 128.57192132473611, 35.064553249222662 ], [ 128.57080632612508, 35.064948585021895 ] ] ], [ [ [ 128.56085783622018, 35.073359420712947 ], [ 128.561214625032136, 35.073580087985988 ], [ 128.561958801613457, 35.073570513271576 ], [ 128.562622809500766, 35.073465442549249 ], [ 128.563318620395791, 35.072973768133593 ], [ 128.563468547670936, 35.07261785513937 ], [ 128.563188866996398, 35.072331838279219 ], [ 128.562480806588667, 35.072180061226312 ], [ 128.561067131111969, 35.072005166484175 ], [ 128.560046357185456, 35.071889573959368 ], [ 128.555380668700934, 35.071692011115793 ], [ 128.55342965717557, 35.072103152993279 ], [ 128.553157321260585, 35.072203178502662 ], [ 128.552846428536526, 35.072335892272832 ], [ 128.552657283692014, 35.072692293477566 ], [ 128.552940591453051, 35.073171356080586 ], [ 128.553178030505848, 35.073297048066038 ], [ 128.554283249186312, 35.073733408063923 ], [ 128.55459781103221, 35.073793741940577 ], [ 128.555499874562656, 35.07384654468602 ], [ 128.556200616497392, 35.073612295868543 ], [ 128.558502310633997, 35.073100069601544 ], [ 128.560102042544742, 35.072757714818756 ], [ 128.560495538361579, 35.072849211458475 ], [ 128.56085783622018, 35.073359420712947 ] ] ], [ [ [ 128.546999065852589, 35.073877631457542 ], [ 128.547002099144919, 35.074038497724104 ], [ 128.547286588579368, 35.074581930923436 ], [ 128.548041710713164, 35.075151550149108 ], [ 128.549065545251125, 35.075428107584266 ], [ 128.549844656790953, 35.075192894495174 ], [ 128.550503827442697, 35.074830495534052 ], [ 128.550536915203082, 35.074508272673334 ], [ 128.548835690507644, 35.073628953090946 ], [ 128.548402418791142, 35.073505754515963 ], [ 128.547734144108745, 35.073385565961992 ], [ 128.547265957378471, 35.073488075431115 ], [ 128.546999065852589, 35.073877631457542 ] ] ], [ [ [ 128.542157533178283, 35.078909711730297 ], [ 128.541859676067048, 35.081980066395822 ], [ 128.542821224610805, 35.085837557942881 ], [ 128.543897415447873, 35.08633497591812 ], [ 128.544612594339014, 35.08654492225174 ], [ 128.545139002761999, 35.086173151551783 ], [ 128.546827742479422, 35.086151638877134 ], [ 128.547527762794857, 35.085558596078791 ], [ 128.548383489849641, 35.08379535719385 ], [ 128.548622550472999, 35.082332045271983 ], [ 128.548501972302063, 35.080654275463573 ], [ 128.544730733639483, 35.07865795138369 ], [ 128.543654640236269, 35.078160558341295 ], [ 128.54250204414231, 35.078321228337693 ], [ 128.542157533178283, 35.078909711730297 ] ] ], [ [ [ 128.575770365539086, 35.133259859983788 ], [ 128.57655150590341, 35.133174873477635 ], [ 128.578176243479959, 35.132921862077687 ], [ 128.578879929251968, 35.132781461334105 ], [ 128.579300784637837, 35.132659975454857 ], [ 128.57978184773475, 35.132479489186707 ], [ 128.581826268765241, 35.131617229209567 ], [ 128.584557122447052, 35.130286064827416 ], [ 128.585295995374821, 35.129911660677841 ], [ 128.585931204954449, 35.129681028040856 ], [ 128.58661175908648, 35.129554010247574 ], [ 128.587397129674031, 35.129482611712227 ], [ 128.587638615244401, 35.129480910789077 ], [ 128.587816571121749, 35.129503886707894 ], [ 128.588035429264153, 35.129551390234482 ], [ 128.588417949680263, 35.129694040137416 ], [ 128.588752168172675, 35.129861467853665 ], [ 128.589019963064658, 35.130016154969745 ], [ 128.589095428261714, 35.130069678829507 ], [ 128.589290659668933, 35.130208165243658 ], [ 128.589605726738114, 35.130476115776197 ], [ 128.58986994927136, 35.13075483062277 ], [ 128.590121902752003, 35.131073220470412 ], [ 128.590408986140318, 35.131585351758083 ], [ 128.590459828006743, 35.131684751397266 ], [ 128.59052844895993, 35.131851197810946 ], [ 128.59065283499487, 35.132230277876623 ], [ 128.590777586867887, 35.132557449925834 ], [ 128.59088220237976, 35.132743828089986 ], [ 128.591170011050309, 35.133134285055156 ], [ 128.591507251655599, 35.133470902840671 ], [ 128.591823684601252, 35.133733194140653 ], [ 128.592219551319403, 35.133995640564002 ], [ 128.592535150746386, 35.134184373041059 ], [ 128.592658540509575, 35.134247629707076 ], [ 128.59708114370892, 35.13392509062021 ], [ 128.599677435359354, 35.133613984125937 ], [ 128.600973641772867, 35.133359539555606 ], [ 128.601711228282568, 35.131648915854129 ], [ 128.601774316585477, 35.129947200638298 ], [ 128.600795773323597, 35.12426411061513 ], [ 128.599412521445004, 35.122522442307258 ], [ 128.597658253119477, 35.121517132107996 ], [ 128.595337500596997, 35.121112551953175 ], [ 128.591914199127814, 35.120999302753468 ], [ 128.591765834451508, 35.120803486402636 ], [ 128.596371841391289, 35.11979360878383 ], [ 128.597248958700447, 35.120296284192477 ], [ 128.598501407063907, 35.120279785932148 ], [ 128.600677527031309, 35.119697312750198 ], [ 128.600849334590521, 35.11862703848319 ], [ 128.601188073248494, 35.116237563073824 ], [ 128.601345962750315, 35.114455472411052 ], [ 128.603071474884217, 35.104148204197379 ], [ 128.60582999029171, 35.102331709383826 ], [ 128.608344798044271, 35.100376389090236 ], [ 128.609941825137724, 35.098298308587708 ], [ 128.611077415117478, 35.097254779085553 ], [ 128.618070717175556, 35.095251382989154 ], [ 128.61872304144336, 35.094135115831961 ], [ 128.618544215598348, 35.092397069947701 ], [ 128.615634442746256, 35.091395715142497 ], [ 128.614192151764087, 35.091533583767401 ], [ 128.614141661108363, 35.091415581548127 ], [ 128.616387750949997, 35.09051547020352 ], [ 128.617637410247966, 35.090380132331831 ], [ 128.619426893455795, 35.090751843710741 ], [ 128.62116277511484, 35.090847320097673 ], [ 128.623130028514851, 35.09046502387644 ], [ 128.624167461741393, 35.089343585283501 ], [ 128.625433098430619, 35.087586175419908 ], [ 128.625357433118296, 35.085488266430254 ], [ 128.625326149825042, 35.084620939131625 ], [ 128.624815658513398, 35.083164208569862 ], [ 128.623006739955059, 35.081803958207935 ], [ 128.62042596591715, 35.080374881744575 ], [ 128.617911368474836, 35.079854660828111 ], [ 128.60836343260948, 35.079230001114219 ], [ 128.607001350281706, 35.07853604423839 ], [ 128.606657019065835, 35.076383770845048 ], [ 128.60670752306163, 35.075431671056336 ], [ 128.610090967637774, 35.076779630283099 ], [ 128.611507885181027, 35.076370666285555 ], [ 128.612683534372223, 35.075769847746081 ], [ 128.613680980039248, 35.072147798700612 ], [ 128.611768226706914, 35.071490458680934 ], [ 128.61011106208062, 35.07036430565914 ], [ 128.614021647527352, 35.069859492090472 ], [ 128.615434729264166, 35.070758972510809 ], [ 128.616901488295383, 35.072885209329058 ], [ 128.61870219978951, 35.073629684971102 ], [ 128.619415548303664, 35.073924575242884 ], [ 128.622881317621278, 35.075048711145392 ], [ 128.625977496359525, 35.075494933459204 ], [ 128.628336256909506, 35.074683037878707 ], [ 128.631736204513174, 35.072491605996085 ], [ 128.634357494154244, 35.072944015986941 ], [ 128.636718042016696, 35.072229455866918 ], [ 128.637169523626909, 35.071052964813575 ], [ 128.637134497269045, 35.069297801104824 ], [ 128.63674726508151, 35.067742473664133 ], [ 128.634834445466083, 35.067085521080827 ], [ 128.631032168642008, 35.066941586462562 ], [ 128.629220686632351, 35.065405363293102 ], [ 128.628002748082906, 35.06386114245786 ], [ 128.625609516370474, 35.062917876130903 ], [ 128.621336506221951, 35.06297502554289 ], [ 128.619176910462073, 35.061833426659142 ], [ 128.616962059141656, 35.060887586962806 ], [ 128.61412111566699, 35.061315555696979 ], [ 128.609807998115286, 35.059324574450187 ], [ 128.609545764118081, 35.058060095171427 ], [ 128.609287347787529, 35.05699064452817 ], [ 128.607970334325472, 35.056422883271637 ], [ 128.604145697181934, 35.055107988790411 ], [ 128.594875017028215, 35.054547390194188 ], [ 128.592503223241664, 35.054676055501496 ], [ 128.589767818073966, 35.054419290621055 ], [ 128.58700037320699, 35.052504781402632 ], [ 128.577603878853836, 35.05155437976191 ], [ 128.574403230007107, 35.051790986056965 ], [ 128.572059479964082, 35.05338192608518 ], [ 128.571835984116916, 35.054726742727432 ], [ 128.572471419887165, 35.055649038723509 ], [ 128.57509029241524, 35.057983699457921 ], [ 128.576235624466705, 35.058645555262629 ], [ 128.577382599726064, 35.059392014452612 ], [ 128.577508298925039, 35.060574652023639 ], [ 128.577622620359818, 35.061165334377812 ], [ 128.580521333446001, 35.061973542634021 ], [ 128.583193002538138, 35.061684951811003 ], [ 128.584024715206994, 35.062097060953647 ], [ 128.586733986524024, 35.063753539885461 ], [ 128.587472601927061, 35.064674397274828 ], [ 128.588214515520264, 35.065764394128109 ], [ 128.589163982077622, 35.066936260272783 ], [ 128.590103643511327, 35.067600687191756 ], [ 128.59342107760591, 35.068741476147764 ], [ 128.59291780772574, 35.06934022982648 ], [ 128.591493431795641, 35.070547064639989 ], [ 128.589262271078127, 35.072010509018064 ], [ 128.588337305865821, 35.072107225679979 ], [ 128.586993957162548, 35.071871007712488 ], [ 128.588324206413375, 35.071430648516632 ], [ 128.588804580667386, 35.069647921281231 ], [ 128.586488910806167, 35.067055839562954 ], [ 128.582728846896657, 35.064313384988452 ], [ 128.580862746743151, 35.063660943721978 ], [ 128.579710148541778, 35.063750822809972 ], [ 128.573984760747379, 35.064765454372449 ], [ 128.573693756985136, 35.06569974423752 ], [ 128.573914256070736, 35.066458214830355 ], [ 128.573933724368999, 35.067473058997194 ], [ 128.571262775721635, 35.067640855008158 ], [ 128.569543205403448, 35.066851011615569 ], [ 128.568970997792803, 35.06643760906006 ], [ 128.567585119157371, 35.066064224230395 ], [ 128.565368854309639, 35.066036833359078 ], [ 128.563101179616581, 35.066428745690949 ], [ 128.562184285749879, 35.066948110053346 ], [ 128.561378366017408, 35.067888997102628 ], [ 128.560170269884026, 35.069342613194429 ], [ 128.560704349455392, 35.070350863526748 ], [ 128.561670847558361, 35.071028538515357 ], [ 128.5628904227693, 35.070780756316609 ], [ 128.563747400323052, 35.071272567806837 ], [ 128.564093902623995, 35.072157742509411 ], [ 128.564200590761772, 35.072813932753526 ], [ 128.56247931414245, 35.073919161990631 ], [ 128.561316324248139, 35.074669045253579 ], [ 128.560632212335577, 35.075838260868458 ], [ 128.560544822607682, 35.076403631891267 ], [ 128.560506415204372, 35.076652163280009 ], [ 128.560825333578407, 35.081037933657591 ], [ 128.561031335784492, 35.081963615555409 ], [ 128.561527944273365, 35.083311048083175 ], [ 128.562385780677261, 35.083841517249617 ], [ 128.565549314814575, 35.084264901473794 ], [ 128.565917133131109, 35.083796005016886 ], [ 128.566561535458845, 35.083014072010378 ], [ 128.567695248971773, 35.083192842954965 ], [ 128.56902249288143, 35.083639839747256 ], [ 128.569318320595386, 35.084332276181819 ], [ 128.573189311841276, 35.087260517698674 ], [ 128.576920292142802, 35.087792296994152 ], [ 128.580841163708016, 35.088398837786563 ], [ 128.580951734416345, 35.089248363416552 ], [ 128.580361228815462, 35.090377777508181 ], [ 128.579651172191632, 35.090193634211282 ], [ 128.577717589038343, 35.090064050186371 ], [ 128.576445470219625, 35.090041914167216 ], [ 128.574615728907332, 35.090413796186937 ], [ 128.573256092967654, 35.090740864313432 ], [ 128.571338070401623, 35.091423278395688 ], [ 128.568952083967844, 35.092266432912929 ], [ 128.56765198255917, 35.091738306079456 ], [ 128.562390853750884, 35.092283653327371 ], [ 128.558162975694728, 35.093195978900269 ], [ 128.556237297671743, 35.09374104276182 ], [ 128.555614376508856, 35.093949253551557 ], [ 128.553590980968039, 35.094562251803985 ], [ 128.553294529064004, 35.094652049678636 ], [ 128.549923724257923, 35.09553220306956 ], [ 128.549866698573226, 35.095499228408997 ], [ 128.549856574955299, 35.094963772400817 ], [ 128.549880621181018, 35.09443090672638 ], [ 128.549903554032625, 35.093801450229016 ], [ 128.549921543354401, 35.092667927829098 ], [ 128.549091065509629, 35.091971956042165 ], [ 128.548009647455672, 35.091528782887764 ], [ 128.546790987818923, 35.091509826617177 ], [ 128.545062459703303, 35.092465905288762 ], [ 128.544851136429259, 35.093978662943428 ], [ 128.545101767128898, 35.094930958626811 ], [ 128.545070993721538, 35.099389848804968 ], [ 128.544849561305455, 35.100049273722028 ], [ 128.5432903591296, 35.10015652964541 ], [ 128.541677034896566, 35.100331418256488 ], [ 128.54101386658067, 35.10080686028023 ], [ 128.541005101308258, 35.100986435350165 ], [ 128.540978361912181, 35.101534382192582 ], [ 128.541496062141135, 35.102505794797139 ], [ 128.54271398810215, 35.104195664029533 ], [ 128.543324893373466, 35.104875489772844 ], [ 128.544422636584613, 35.105292422162329 ], [ 128.545559279147852, 35.105368160576404 ], [ 128.546520378590202, 35.105464571755235 ], [ 128.546924709267358, 35.105569537807732 ], [ 128.547171091857138, 35.106125962524075 ], [ 128.547374628277879, 35.107087476303448 ], [ 128.547036814769541, 35.107833132815088 ], [ 128.544037626909386, 35.109605780214608 ], [ 128.543741447882098, 35.109701325268873 ], [ 128.543508650739852, 35.10956564801868 ], [ 128.543252845810201, 35.108777485006691 ], [ 128.542955443622589, 35.107768850381383 ], [ 128.540450009083145, 35.106337364624551 ], [ 128.539767261329587, 35.105964553294541 ], [ 128.538314169576239, 35.105883669281148 ], [ 128.537290872185167, 35.10626896244402 ], [ 128.535863471039733, 35.107539840292581 ], [ 128.535334665528126, 35.108542148300273 ], [ 128.535244932536898, 35.109652042232369 ], [ 128.535552552080304, 35.110895284939645 ], [ 128.536596945103923, 35.111192245782824 ], [ 128.537850473201473, 35.113489848495952 ], [ 128.539048449339589, 35.116405401667613 ], [ 128.539311869090369, 35.117220646995825 ], [ 128.537594667596466, 35.118405208588051 ], [ 128.537555670450018, 35.118432107607887 ], [ 128.53721338227632, 35.118611284283261 ], [ 128.537018980100726, 35.1186941734383 ], [ 128.536842586127506, 35.118704945461083 ], [ 128.53675863011361, 35.118706008982095 ], [ 128.536599013698378, 35.118687377745182 ], [ 128.536562507602468, 35.118661553975272 ], [ 128.53649989718815, 35.118599297592716 ], [ 128.535474407185063, 35.11694358367869 ], [ 128.535463570907012, 35.116982631383991 ], [ 128.53536938711062, 35.11724294927776 ], [ 128.535310782973113, 35.117382694872319 ], [ 128.535154697247435, 35.117707216818907 ], [ 128.535128279760755, 35.117760553882668 ], [ 128.535110865669594, 35.11779510426431 ], [ 128.534631170696002, 35.118713893910147 ], [ 128.534059381799295, 35.119796732987218 ], [ 128.533540116419687, 35.120475432892036 ], [ 128.530994850217468, 35.122948716399129 ], [ 128.530467361128643, 35.123447368767884 ], [ 128.529212458690893, 35.124619914722921 ], [ 128.528977102762269, 35.124836490444459 ], [ 128.528841070295073, 35.124948462209716 ], [ 128.528764688687147, 35.125009448057817 ], [ 128.528721292435279, 35.125030511690184 ], [ 128.528673353667955, 35.125038395293132 ], [ 128.528635405847041, 35.125036985262156 ], [ 128.528576090166894, 35.125030522341497 ], [ 128.528489532172301, 35.125011439894763 ], [ 128.528290746171621, 35.124953801817114 ], [ 128.528154212591204, 35.124905749406594 ], [ 128.528054066192254, 35.124864077719337 ], [ 128.527951063342783, 35.12480617566095 ], [ 128.527885890308738, 35.124768417114353 ], [ 128.527831417060213, 35.124721344544028 ], [ 128.527734827012324, 35.124597216603519 ], [ 128.526990550258375, 35.123956675875014 ], [ 128.525250803767932, 35.122734297318154 ], [ 128.525194743174183, 35.122715335900146 ], [ 128.525071630047023, 35.122701066766069 ], [ 128.522377639094856, 35.122448969435858 ], [ 128.522173372652929, 35.122430039461662 ], [ 128.521947064404117, 35.122429148206791 ], [ 128.521758281397069, 35.122443914289498 ], [ 128.521657622714287, 35.122453876099328 ], [ 128.521613603535542, 35.122458932271897 ], [ 128.521528502043083, 35.122490851220526 ], [ 128.521408719834113, 35.122544646735854 ], [ 128.520222369484799, 35.123252096203124 ], [ 128.52010236966629, 35.123342111735703 ], [ 128.520032707183333, 35.123416836652801 ], [ 128.519969176881659, 35.123531588566451 ], [ 128.519933970882903, 35.123621956976812 ], [ 128.519914526091327, 35.123720118481572 ], [ 128.519910675921949, 35.123851880485617 ], [ 128.519934863771283, 35.124012242163616 ], [ 128.5199520731272, 35.124106073717101 ], [ 128.520228758389948, 35.125525424180388 ], [ 128.520274592171177, 35.125753013768772 ], [ 128.520842115867225, 35.128459846302761 ], [ 128.520910657742633, 35.128708706828107 ], [ 128.521715811034454, 35.13151941438251 ], [ 128.521773641994116, 35.131631777819379 ], [ 128.521970064168187, 35.131945236421267 ], [ 128.522325610285804, 35.132478703810065 ], [ 128.522434033738733, 35.132604147179904 ], [ 128.52499249415763, 35.135517199692394 ], [ 128.525157796959206, 35.135695691795341 ], [ 128.525339904570131, 35.135852250695351 ], [ 128.525555288310386, 35.136003532414115 ], [ 128.526606195978133, 35.136559715029016 ], [ 128.52689225752124, 35.136622184698091 ], [ 128.527203333851787, 35.136664316267286 ], [ 128.527483884364386, 35.136649518074485 ], [ 128.527805885357424, 35.136599215884281 ], [ 128.527965366749385, 35.136588485662422 ], [ 128.52906887477468, 35.136568365086511 ], [ 128.529752577419316, 35.136561553380389 ], [ 128.52995176133939, 35.136572543511015 ], [ 128.533096123525951, 35.136808510248777 ], [ 128.533186521664931, 35.136829952254686 ], [ 128.533314255848097, 35.136866054425752 ], [ 128.53401092579827, 35.137072266473062 ], [ 128.534077266110188, 35.137098119403532 ], [ 128.537164027362621, 35.138470752398867 ], [ 128.53707771987564, 35.137750329184762 ], [ 128.537444114323222, 35.136298041328331 ], [ 128.542247595395025, 35.132055744048984 ], [ 128.546862979513179, 35.127142681319349 ], [ 128.546916440705871, 35.127116648027751 ], [ 128.547152824146309, 35.127006046937396 ], [ 128.547207804358266, 35.126983805457058 ], [ 128.547268795515265, 35.126966359407497 ], [ 128.547609938584287, 35.126897697846147 ], [ 128.547783680295112, 35.126864372165819 ], [ 128.548895529942655, 35.12709620179205 ], [ 128.552832385979031, 35.128042203269572 ], [ 128.552903248688096, 35.128083830114413 ], [ 128.553050891881327, 35.128210028540849 ], [ 128.553827194334616, 35.12891621622731 ], [ 128.553927142433309, 35.129057293822619 ], [ 128.553955324061917, 35.129120940376652 ], [ 128.554118974896426, 35.129568441912646 ], [ 128.55418619591228, 35.130156180667193 ], [ 128.554190542693846, 35.130284460808383 ], [ 128.554134073930783, 35.130499413978747 ], [ 128.554123548840579, 35.130577964583992 ], [ 128.554143217088722, 35.130652483558379 ], [ 128.554252501156554, 35.13083414595102 ], [ 128.555369822751402, 35.132548672573989 ], [ 128.555484717873753, 35.132706294091754 ], [ 128.555519691990952, 35.132751935077053 ], [ 128.555549857045662, 35.132772784083315 ], [ 128.555600016627864, 35.132789453685085 ], [ 128.5572268832872, 35.133100903857994 ], [ 128.557302375480816, 35.133101169427448 ], [ 128.562380726798665, 35.133061266454696 ], [ 128.567209907341919, 35.132754721224579 ], [ 128.567571327171663, 35.13267093377759 ], [ 128.567815535505389, 35.132635293165769 ], [ 128.568454980048472, 35.132612700958248 ], [ 128.56874676005566, 35.132626185846682 ], [ 128.569003234011689, 35.132676762450515 ], [ 128.569329887218686, 35.132777172246996 ], [ 128.572550713614987, 35.133118665388977 ], [ 128.574668947687286, 35.133267624721903 ], [ 128.575020520945799, 35.133273686244387 ], [ 128.575739341588644, 35.133263231728314 ], [ 128.575770365539086, 35.133259859983788 ] ] ] ] } },
{ "type": "Feature", "properties": { "gu": "마산합포구", "emd": "문화동", "adm_cd": "4812554000", "adm_nm": "경상남도 창원시마산합포구 문화동", "area_km2": 1.866 }, "geometry": { "type": "Polygon", "coordinates": [ [ [ 128.553089042338257, 35.193424665302203 ], [ 128.553886675529355, 35.192033238281667 ], [ 128.554129962083465, 35.19169948509586 ], [ 128.554334528672683, 35.19157729504991 ], [ 128.555569579150188, 35.19097538749385 ], [ 128.557426590612778, 35.190088016343481 ], [ 128.565025577551182, 35.186897071485838 ], [ 128.565040718373837, 35.18622428106476 ], [ 128.563344945483493, 35.184959206980388 ], [ 128.561758907013171, 35.181746013713848 ], [ 128.561287895241691, 35.180750414206791 ], [ 128.559862050325734, 35.180359017768957 ], [ 128.55864280121213, 35.180610162848161 ], [ 128.557782317417235, 35.181209672372944 ], [ 128.557705703576147, 35.181299016658016 ], [ 128.557778832468358, 35.181413832566442 ], [ 128.558105656889012, 35.181553483045164 ], [ 128.558427994803424, 35.181688119809863 ], [ 128.558472321883897, 35.181672781897817 ], [ 128.558476321446307, 35.18170308706538 ], [ 128.558509000172052, 35.181950872009814 ], [ 128.558528889165359, 35.182101699089692 ], [ 128.558570802541567, 35.182436733128398 ], [ 128.558564118133006, 35.182520457934679 ], [ 128.558327907513274, 35.183198490526657 ], [ 128.558306181805591, 35.183239496941638 ], [ 128.558060368579902, 35.183703361130561 ], [ 128.557770260043412, 35.184195932996673 ], [ 128.556112390104317, 35.184511292132505 ], [ 128.553673353615153, 35.184056184444032 ], [ 128.551457640996318, 35.183508554199186 ], [ 128.551171866161809, 35.183204461549934 ], [ 128.550863091852591, 35.182937330471077 ], [ 128.550610104734517, 35.18272484516821 ], [ 128.550513092594599, 35.182678422308882 ], [ 128.549997651809463, 35.18243719470545 ], [ 128.547508350560776, 35.181493507974899 ], [ 128.547199727886408, 35.181458152798093 ], [ 128.546682855955595, 35.181422757405329 ], [ 128.546553263596564, 35.181522109354148 ], [ 128.545984860379065, 35.182044220047814 ], [ 128.545255230435401, 35.183569808803846 ], [ 128.544928044824047, 35.184389247667973 ], [ 128.545183463124545, 35.185188420677669 ], [ 128.545176309033479, 35.185322493390473 ], [ 128.544740621287303, 35.185941396192661 ], [ 128.543807921625785, 35.187263109903149 ], [ 128.543660006330185, 35.187378247078115 ], [ 128.543072103553726, 35.187731005365876 ], [ 128.542328217532116, 35.187922758617049 ], [ 128.541547949132394, 35.188322097848719 ], [ 128.541284286825004, 35.188520943711723 ], [ 128.540997843309896, 35.188782787656002 ], [ 128.540749085650191, 35.189176257694946 ], [ 128.540227054895411, 35.189570460973037 ], [ 128.540640426831516, 35.192208858287245 ], [ 128.541746682657475, 35.192223382951383 ], [ 128.541871928483829, 35.192230553844311 ], [ 128.543472995767303, 35.192322213921663 ], [ 128.544347795559673, 35.192403212360446 ], [ 128.54581238284166, 35.192772966502893 ], [ 128.546514854391262, 35.193003867610564 ], [ 128.547275390383646, 35.193429236529404 ], [ 128.547829487151063, 35.193756691915404 ], [ 128.548964028899206, 35.193926067620531 ], [ 128.550698642126122, 35.193955882083813 ], [ 128.552132623831085, 35.193810919712526 ], [ 128.553089042338257, 35.193424665302203 ] ] ] } },
{ "type": "Feature", "properties": { "gu": "마산합포구", "emd": "반월중앙동", "adm_cd": "4812556500", "adm_nm": "경상남도 창원시마산합포구 반월중앙동", "area_km2": 1.098 }, "geometry": { "type": "Polygon", "coordinates": [ [ [ 128.570681178320683, 35.192734466683341 ], [ 128.565025577551182, 35.186897071485838 ], [ 128.557426590612778, 35.190088016343481 ], [ 128.555569579150188, 35.19097538749385 ], [ 128.554334528672683, 35.19157729504991 ], [ 128.554129962083465, 35.19169948509586 ], [ 128.553886675529355, 35.192033238281667 ], [ 128.553089042338257, 35.193424665302203 ], [ 128.555986958280755, 35.194521213940817 ], [ 128.557140902066095, 35.194936911450036 ], [ 128.557844478512521, 35.195023137831008 ], [ 128.558934589100318, 35.194687923478604 ], [ 128.559375423321228, 35.194549398755115 ], [ 128.559591214592388, 35.194438870190808 ], [ 128.559881193325765, 35.19425640463448 ], [ 128.560143431719268, 35.194087643990436 ], [ 128.560777502493664, 35.193667133106636 ], [ 128.561281513160878, 35.193327422620825 ], [ 128.562106192001011, 35.195608023272754 ], [ 128.564614938835803, 35.19656187642142 ], [ 128.565265923531229, 35.196774378535991 ], [ 128.56561062895625, 35.196741065836903 ], [ 128.56566282570472, 35.196735926843076 ], [ 128.565898300370179, 35.196712680492894 ], [ 128.566169597619592, 35.196683241236848 ], [ 128.566325242048322, 35.196665233206112 ], [ 128.567158535484168, 35.197489883392187 ], [ 128.567449318763977, 35.201308901612038 ], [ 128.568025401472255, 35.200830919037571 ], [ 128.570447739116219, 35.198282015407919 ], [ 128.570282591312434, 35.1971691678132 ], [ 128.569224191966214, 35.193825568883845 ], [ 128.570681178320683, 35.192734466683341 ] ] ] } },
{ "type": "Feature", "properties": { "gu": "마산합포구", "emd": "산호동", "adm_cd": "4812565000", "adm_nm": "경상남도 창원시마산합포구 산호동", "area_km2": 0.874 }, "geometry": { "type": "Polygon", "coordinates": [ [ [ 128.589598407774957, 35.21890523956472 ], [ 128.589961036854675, 35.21833998510764 ], [ 128.589974341708029, 35.218073591709278 ], [ 128.589983020884659, 35.217411513679913 ], [ 128.590003896659653, 35.215818912415159 ], [ 128.590012389110541, 35.215170972009133 ], [ 128.590012050392119, 35.215043157068003 ], [ 128.589988739100562, 35.214873085431812 ], [ 128.589950309661077, 35.214805716095576 ], [ 128.589856479057801, 35.214726166420597 ], [ 128.589378522038942, 35.214420449840034 ], [ 128.588997964200615, 35.214177033418764 ], [ 128.5885818501568, 35.213869430037768 ], [ 128.588487259746017, 35.213767431225612 ], [ 128.588428063014135, 35.213679990566419 ], [ 128.588404216669176, 35.213633423373089 ], [ 128.588117895923261, 35.213074221390357 ], [ 128.587714489662886, 35.212212046176532 ], [ 128.586012165976086, 35.21268952529504 ], [ 128.582984896100754, 35.213140950212086 ], [ 128.581593940209132, 35.213289991155101 ], [ 128.579537343242038, 35.213984170610075 ], [ 128.579371208455285, 35.214041096755324 ], [ 128.579319103374075, 35.214072017526355 ], [ 128.579255040938762, 35.214119920311596 ], [ 128.579006106927778, 35.214365026211148 ], [ 128.578986613341357, 35.214396593892054 ], [ 128.578671674254281, 35.215044293479863 ], [ 128.578450128601247, 35.215864455324514 ], [ 128.578442132398607, 35.21589536326406 ], [ 128.578439854112617, 35.2159228047841 ], [ 128.578485786542956, 35.215992423754656 ], [ 128.578557113650874, 35.21609960674342 ], [ 128.576772447152706, 35.214885050740335 ], [ 128.57706360462106, 35.215707535644292 ], [ 128.577141584285982, 35.215961903784077 ], [ 128.577175958008496, 35.216107665642966 ], [ 128.577188546474275, 35.216161184253124 ], [ 128.577236559256846, 35.216386823435421 ], [ 128.577268623903677, 35.216538491826427 ], [ 128.577287266709874, 35.216712600191883 ], [ 128.577294748812619, 35.216920377499605 ], [ 128.577290805965589, 35.217131105712213 ], [ 128.577256443931816, 35.21744393606312 ], [ 128.577208722536312, 35.218213870714536 ], [ 128.57924038186809, 35.220190186884089 ], [ 128.580569592264169, 35.219673860615387 ], [ 128.580611176101769, 35.219675810273003 ], [ 128.580941574723369, 35.219771290694531 ], [ 128.581774730746474, 35.220013961404177 ], [ 128.582779754198469, 35.220583406744765 ], [ 128.583176751344183, 35.220978355749452 ], [ 128.584125543634997, 35.221922201672115 ], [ 128.58471353699295, 35.222490379468866 ], [ 128.584756273381259, 35.222531674662605 ], [ 128.584790644389159, 35.22253785496234 ], [ 128.58713180843975, 35.220673901884815 ], [ 128.589598407774957, 35.21890523956472 ] ] ] } },
{ "type": "Feature", "properties": { "gu": "마산합포구", "emd": "오동동", "adm_cd": "4812563000", "adm_nm": "경상남도 창원시마산합포구 오동동", "area_km2": 1.758 }, "geometry": { "type": "Polygon", "coordinates": [ [ [ 128.570681178320683, 35.192734466683341 ], [ 128.569224191966214, 35.193825568883845 ], [ 128.570282591312434, 35.1971691678132 ], [ 128.570447739116219, 35.198282015407919 ], [ 128.568025401472255, 35.200830919037571 ], [ 128.567449318763977, 35.201308901612038 ], [ 128.56749683572491, 35.201847905992516 ], [ 128.569023686143453, 35.203223819300192 ], [ 128.568826680502781, 35.205295923829503 ], [ 128.568642344150078, 35.206126514196981 ], [ 128.568291168376618, 35.207570004927128 ], [ 128.56824780756321, 35.207711193492855 ], [ 128.568184309564458, 35.207839056448961 ], [ 128.568108844926314, 35.207945486086473 ], [ 128.567970772989042, 35.208074702003678 ], [ 128.567781237141361, 35.208176416596864 ], [ 128.566791781746332, 35.208635845810299 ], [ 128.566928676347203, 35.209149418918486 ], [ 128.567090885994986, 35.20945335092334 ], [ 128.567285365247244, 35.209748284566992 ], [ 128.568335027265533, 35.210663306274398 ], [ 128.56942517934624, 35.211857875655852 ], [ 128.569675510567635, 35.212162764765409 ], [ 128.570920958897034, 35.211534932344591 ], [ 128.572346222199741, 35.210937526057158 ], [ 128.574801596228156, 35.209839088247712 ], [ 128.575179039031781, 35.209610663703273 ], [ 128.575206145810171, 35.209594882869617 ], [ 128.575327261523967, 35.209554400144739 ], [ 128.575396740001878, 35.209540401481938 ], [ 128.575726252568046, 35.209491097223982 ], [ 128.576298663330476, 35.209424056749725 ], [ 128.577170944564955, 35.209329583628758 ], [ 128.577417615314573, 35.209302876156627 ], [ 128.577631389347488, 35.20928973613259 ], [ 128.577780381741917, 35.209298551697437 ], [ 128.57835747487394, 35.209398585023585 ], [ 128.578391675066854, 35.209404516265366 ], [ 128.578613878312723, 35.209465178650461 ], [ 128.579514797265233, 35.209666027934659 ], [ 128.579594709890443, 35.20965726984533 ], [ 128.580760050130891, 35.209322078713576 ], [ 128.581289023135099, 35.209124064131665 ], [ 128.581445027840459, 35.209057481675075 ], [ 128.581653050041524, 35.208968693493226 ], [ 128.583336574480711, 35.207805053753056 ], [ 128.583506726987736, 35.207674965377926 ], [ 128.583534911570069, 35.207653408744477 ], [ 128.584825475813091, 35.206453908243809 ], [ 128.581167296312458, 35.202857034859264 ], [ 128.580892669992039, 35.202694877173855 ], [ 128.577370685309546, 35.200394368272285 ], [ 128.575940145738997, 35.199431874361373 ], [ 128.576313748426202, 35.19736255157153 ], [ 128.572642532151974, 35.193463742393341 ], [ 128.572512292692068, 35.193526894280062 ], [ 128.571682462104832, 35.193932192543464 ], [ 128.571316770743351, 35.193985743017826 ], [ 128.570447177869738, 35.193037401192313 ], [ 128.570681178320683, 35.192734466683341 ] ] ] } },
{ "type": "Feature", "properties": { "gu": "마산합포구", "emd": "완월동", "adm_cd": "4812557000", "adm_nm": "경상남도 창원시마산합포구 완월동", "area_km2": 2.487 }, "geometry": { "type": "Polygon", "coordinates": [ [ [ 128.56749683572491, 35.201847905992516 ], [ 128.567449318763977, 35.201308901612038 ], [ 128.567158535484168, 35.197489883392187 ], [ 128.566325242048322, 35.196665233206112 ], [ 128.566169597619592, 35.196683241236848 ], [ 128.565898300370179, 35.196712680492894 ], [ 128.56566282570472, 35.196735926843076 ], [ 128.56561062895625, 35.196741065836903 ], [ 128.565265923531229, 35.196774378535991 ], [ 128.564614938835803, 35.19656187642142 ], [ 128.562106192001011, 35.195608023272754 ], [ 128.561281513160878, 35.193327422620825 ], [ 128.560777502493664, 35.193667133106636 ], [ 128.560143431719268, 35.194087643990436 ], [ 128.559881193325765, 35.19425640463448 ], [ 128.559591214592388, 35.194438870190808 ], [ 128.559375423321228, 35.194549398755115 ], [ 128.558934589100318, 35.194687923478604 ], [ 128.557844478512521, 35.195023137831008 ], [ 128.557140902066095, 35.194936911450036 ], [ 128.555986958280755, 35.194521213940817 ], [ 128.553089042338257, 35.193424665302203 ], [ 128.552132623831085, 35.193810919712526 ], [ 128.550698642126122, 35.193955882083813 ], [ 128.548964028899206, 35.193926067620531 ], [ 128.547829487151063, 35.193756691915404 ], [ 128.547275390383646, 35.193429236529404 ], [ 128.546514854391262, 35.193003867610564 ], [ 128.54581238284166, 35.192772966502893 ], [ 128.544347795559673, 35.192403212360446 ], [ 128.543472995767303, 35.192322213921663 ], [ 128.541871928483829, 35.192230553844311 ], [ 128.541746682657475, 35.192223382951383 ], [ 128.540640426831516, 35.192208858287245 ], [ 128.539433747629971, 35.194463884089977 ], [ 128.538059565070199, 35.199359110995722 ], [ 128.538059159664328, 35.199430327021709 ], [ 128.538101459534346, 35.199966971296114 ], [ 128.538117936785028, 35.200120705345562 ], [ 128.53827009758308, 35.201404804064296 ], [ 128.538303837284587, 35.201572933859417 ], [ 128.538368764428014, 35.20174110454964 ], [ 128.539176139007481, 35.204875711211514 ], [ 128.539178064100497, 35.204942050808022 ], [ 128.539170787390134, 35.205006383835176 ], [ 128.539131560158893, 35.205222988999097 ], [ 128.539103393861069, 35.205310054613221 ], [ 128.541169842045832, 35.204993779175702 ], [ 128.548193481791088, 35.204884340053994 ], [ 128.54894400422387, 35.205003703169091 ], [ 128.54939306800452, 35.205087949293016 ], [ 128.550131003481198, 35.205343238720808 ], [ 128.550234016003742, 35.205204219540548 ], [ 128.550815149316179, 35.204366924794499 ], [ 128.55189560405779, 35.203156569783836 ], [ 128.552348713091391, 35.202652701112669 ], [ 128.552793119941953, 35.202282911507176 ], [ 128.553755822767897, 35.201680591882806 ], [ 128.554197726547017, 35.201433458577554 ], [ 128.55749307657598, 35.20011009012746 ], [ 128.558243973434031, 35.199871198294908 ], [ 128.565092441085767, 35.201007114049801 ], [ 128.56749683572491, 35.201847905992516 ] ] ] } },
{ "type": "Feature", "properties": { "gu": "마산합포구", "emd": "월영동", "adm_cd": "4812553000", "adm_nm": "경상남도 창원시마산합포구 월영동", "area_km2": 2.671 }, "geometry": { "type": "MultiPolygon", "coordinates": [ [ [ [ 128.569863432197479, 35.174851375870269 ], [ 128.568930233104226, 35.174700683470107 ], [ 128.567513098351696, 35.174178508235471 ], [ 128.567397358157507, 35.174123923497113 ], [ 128.566940341244504, 35.17390838212475 ], [ 128.564365289579172, 35.172022494466319 ], [ 128.563114748418513, 35.171042934908719 ], [ 128.562568843579214, 35.170655434557467 ], [ 128.561917748770156, 35.17024043341241 ], [ 128.561306433730778, 35.170018733721882 ], [ 128.556764301656585, 35.169111629057404 ], [ 128.555961148546885, 35.168988172150364 ], [ 128.555173867840494, 35.169313618057224 ], [ 128.550974870838076, 35.171500599660142 ], [ 128.549457197733346, 35.172505409713182 ], [ 128.549090980111004, 35.172850417777823 ], [ 128.548746995619638, 35.173292234484911 ], [ 128.546865913079756, 35.176489943263356 ], [ 128.546788904946908, 35.176689357862976 ], [ 128.546297184681549, 35.179121498436416 ], [ 128.54629217241731, 35.179339924457793 ], [ 128.546682855955595, 35.181422757405329 ], [ 128.547199727886408, 35.181458152798093 ], [ 128.547508350560776, 35.181493507974899 ], [ 128.549997651809463, 35.18243719470545 ], [ 128.550513092594599, 35.182678422308882 ], [ 128.550610104734517, 35.18272484516821 ], [ 128.550863091852591, 35.182937330471077 ], [ 128.551171866161809, 35.183204461549934 ], [ 128.551457640996318, 35.183508554199186 ], [ 128.553673353615153, 35.184056184444032 ], [ 128.556112390104317, 35.184511292132505 ], [ 128.557770260043412, 35.184195932996673 ], [ 128.558060368579902, 35.183703361130561 ], [ 128.558306181805591, 35.183239496941638 ], [ 128.558327907513274, 35.183198490526657 ], [ 128.558564118133006, 35.182520457934679 ], [ 128.558570802541567, 35.182436733128398 ], [ 128.558528889165359, 35.182101699089692 ], [ 128.558509000172052, 35.181950872009814 ], [ 128.558476321446307, 35.18170308706538 ], [ 128.558472321883897, 35.181672781897817 ], [ 128.558427994803424, 35.181688119809863 ], [ 128.558105656889012, 35.181553483045164 ], [ 128.557778832468358, 35.181413832566442 ], [ 128.557705703576147, 35.181299016658016 ], [ 128.557782317417235, 35.181209672372944 ], [ 128.55864280121213, 35.180610162848161 ], [ 128.559862050325734, 35.180359017768957 ], [ 128.561287895241691, 35.180750414206791 ], [ 128.561758907013171, 35.181746013713848 ], [ 128.563344945483493, 35.184959206980388 ], [ 128.565040718373837, 35.18622428106476 ], [ 128.565919467886232, 35.1852908016483 ], [ 128.564763713718889, 35.184527546835021 ], [ 128.566163562756344, 35.182036394562523 ], [ 128.566794951003715, 35.180964640120507 ], [ 128.567994559172689, 35.178928299217219 ], [ 128.56801071520411, 35.178900876892364 ], [ 128.568492644646824, 35.178105145092118 ], [ 128.570440519993127, 35.175035965565847 ], [ 128.573587418790055, 35.17529404274952 ], [ 128.569863432197479, 35.174851375870269 ] ] ], [ [ [ 128.583911643926143, 35.176906319377238 ], [ 128.583817559718426, 35.176910504711039 ], [ 128.578857687352325, 35.178365839467297 ], [ 128.578736598869142, 35.178402197433201 ], [ 128.578577081126696, 35.178471636917749 ], [ 128.578455176578245, 35.178534778569748 ], [ 128.57840597134944, 35.17859018932608 ], [ 128.578402344015757, 35.178694282596311 ], [ 128.578416868890258, 35.178828395611276 ], [ 128.578425363985446, 35.178901514294324 ], [ 128.578483483479687, 35.179000401538737 ], [ 128.578533034934054, 35.179064124444622 ], [ 128.578611024292144, 35.179133405285995 ], [ 128.579909530637053, 35.180107394053458 ], [ 128.580650015529784, 35.180238264704663 ], [ 128.581056439055658, 35.180293784829068 ], [ 128.581260636704314, 35.180313297082058 ], [ 128.581435416454298, 35.18029674638629 ], [ 128.581522750553233, 35.180286998575845 ], [ 128.583278309348856, 35.180034860099276 ], [ 128.5833818210169, 35.180012140999111 ], [ 128.583509942187163, 35.179974668645578 ], [ 128.583635540931397, 35.179910411393699 ], [ 128.583719192375327, 35.179851548027379 ], [ 128.583770710286075, 35.179780129777342 ], [ 128.584147377022049, 35.177637861094063 ], [ 128.584184215014147, 35.177359783071353 ], [ 128.584182283316409, 35.177283533198775 ], [ 128.584152500452149, 35.177168968510472 ], [ 128.58406249095259, 35.177024912109751 ], [ 128.583996623631378, 35.176949564490585 ], [ 128.583911643926143, 35.176906319377238 ] ] ] ] } },
{ "type": "Feature", "properties": { "gu": "마산합포구", "emd": "자산동", "adm_cd": "4812558000", "adm_nm": "경상남도 창원시마산합포구 자산동", "area_km2": 1.175 }, "geometry": { "type": "Polygon", "coordinates": [ [ [ 128.566791781746332, 35.208635845810299 ], [ 128.567781237141361, 35.208176416596864 ], [ 128.567970772989042, 35.208074702003678 ], [ 128.568108844926314, 35.207945486086473 ], [ 128.568184309564458, 35.207839056448961 ], [ 128.56824780756321, 35.207711193492855 ], [ 128.568291168376618, 35.207570004927128 ], [ 128.568642344150078, 35.206126514196981 ], [ 128.568826680502781, 35.205295923829503 ], [ 128.569023686143453, 35.203223819300192 ], [ 128.56749683572491, 35.201847905992516 ], [ 128.565092441085767, 35.201007114049801 ], [ 128.558243973434031, 35.199871198294908 ], [ 128.55749307657598, 35.20011009012746 ], [ 128.554197726547017, 35.201433458577554 ], [ 128.553755822767897, 35.201680591882806 ], [ 128.552793119941953, 35.202282911507176 ], [ 128.552348713091391, 35.202652701112669 ], [ 128.55189560405779, 35.203156569783836 ], [ 128.550815149316179, 35.204366924794499 ], [ 128.550234016003742, 35.205204219540548 ], [ 128.550131003481198, 35.205343238720808 ], [ 128.550218466779285, 35.2054431723123 ], [ 128.550759658455149, 35.20557081273131 ], [ 128.551606545851143, 35.205732521500622 ], [ 128.552782587886526, 35.205545191099105 ], [ 128.556108864266491, 35.20684855861743 ], [ 128.556316827021078, 35.206975410559608 ], [ 128.55825815582682, 35.208074604776421 ], [ 128.560339779573269, 35.208993368614159 ], [ 128.560555125265012, 35.209075894949962 ], [ 128.560860686846468, 35.209170398824689 ], [ 128.561208394698923, 35.209271706108218 ], [ 128.561348356074546, 35.209281957340693 ], [ 128.561528675650209, 35.209263226826387 ], [ 128.56173891940233, 35.209173047509267 ], [ 128.561965128109165, 35.209035151667038 ], [ 128.563314848094024, 35.208092287960241 ], [ 128.566791781746332, 35.208635845810299 ] ] ] } },
{ "type": "Feature", "properties": { "gu": "마산합포구", "emd": "진동면", "adm_cd": "4812532000", "adm_nm": "경상남도 창원시마산합포구 진동면", "area_km2": 33.782 }, "geometry": { "type": "MultiPolygon", "coordinates": [ [ [ [ 128.495625233966933, 35.069253395638817 ], [ 128.495518012939385, 35.069271321304079 ], [ 128.495387784367892, 35.069319497059659 ], [ 128.495263809446698, 35.069388013914462 ], [ 128.49383779300129, 35.07086958624145 ], [ 128.4938013167652, 35.070916070467987 ], [ 128.493759624675363, 35.070978418425533 ], [ 128.493742355985091, 35.071122702727273 ], [ 128.493743301468214, 35.07119164609071 ], [ 128.49376581954408, 35.07155716330589 ], [ 128.493777240436941, 35.071603771697674 ], [ 128.493798925337387, 35.071657651040375 ], [ 128.494179644571489, 35.072474060338784 ], [ 128.494626336288576, 35.072762468417224 ], [ 128.495192223922686, 35.073025965958706 ], [ 128.495269845069288, 35.073054080141475 ], [ 128.49537165167709, 35.073083466420876 ], [ 128.49548912419155, 35.073108007296227 ], [ 128.495584745160187, 35.073123136207151 ], [ 128.495656574358065, 35.073123439178246 ], [ 128.496012838917011, 35.073122503734027 ], [ 128.496098196686091, 35.073117002985484 ], [ 128.496240078714862, 35.073100681080106 ], [ 128.496329000098058, 35.073076066698356 ], [ 128.496384002420257, 35.073050574974083 ], [ 128.496451834234222, 35.073013747304913 ], [ 128.496758134556075, 35.072775378727293 ], [ 128.496829292417459, 35.07271004374082 ], [ 128.49688613849321, 35.072649419549826 ], [ 128.496949047322005, 35.072564884160478 ], [ 128.497006581392327, 35.072442444542496 ], [ 128.497060824067916, 35.07229657908762 ], [ 128.497083625349916, 35.072231869634187 ], [ 128.497480897105532, 35.070698410637149 ], [ 128.497521006851457, 35.070527907183894 ], [ 128.497516794321967, 35.070278981583577 ], [ 128.497482578389906, 35.070131840808408 ], [ 128.497423805022578, 35.070003065570269 ], [ 128.497353434950327, 35.069894130808393 ], [ 128.497265943878347, 35.069807923145511 ], [ 128.497026427500856, 35.069615111821129 ], [ 128.496827427112635, 35.069466146962128 ], [ 128.496662686050456, 35.069431455066066 ], [ 128.495755008528704, 35.069250479037457 ], [ 128.495625233966933, 35.069253395638817 ] ] ], [ [ [ 128.489807769134984, 35.076833767252033 ], [ 128.489628870979573, 35.076864367125303 ], [ 128.489348715031554, 35.076936173112983 ], [ 128.48896649075806, 35.077052245140464 ], [ 128.48878742414368, 35.077124949412024 ], [ 128.488649713296098, 35.077190248848204 ], [ 128.488447514430646, 35.07731258429714 ], [ 128.488292984861403, 35.077414979655813 ], [ 128.488150858648396, 35.077544984385689 ], [ 128.488034957777757, 35.077672355151293 ], [ 128.487942193892934, 35.07780675711966 ], [ 128.487883035859056, 35.077911825696475 ], [ 128.487817338098125, 35.078197056718558 ], [ 128.487806230718206, 35.078272899694689 ], [ 128.487799291621684, 35.078338388010309 ], [ 128.487795458204886, 35.07842930383643 ], [ 128.488250212432973, 35.083812188006313 ], [ 128.488285733488993, 35.083874219417226 ], [ 128.48833372412733, 35.083932031182187 ], [ 128.488435335944871, 35.083970165671225 ], [ 128.48858257710728, 35.083965840992931 ], [ 128.488711257626136, 35.083922299879539 ], [ 128.489426514908104, 35.083622749675058 ], [ 128.490819175897656, 35.082875205743093 ], [ 128.493701816634456, 35.08150232763245 ], [ 128.494017440383715, 35.081383681199902 ], [ 128.49444866928053, 35.081052047360124 ], [ 128.494559542558733, 35.080965655550997 ], [ 128.494622919419299, 35.080914091308927 ], [ 128.494749434782648, 35.080720689720941 ], [ 128.495014238464393, 35.079944611183272 ], [ 128.495037160167442, 35.079646981321886 ], [ 128.49205172599622, 35.077170624141566 ], [ 128.490996157211299, 35.076868287522231 ], [ 128.490910487530812, 35.076849979128667 ], [ 128.490217785604898, 35.076815053390831 ], [ 128.490031307444809, 35.076821052818552 ], [ 128.489807769134984, 35.076833767252033 ] ] ], [ [ [ 128.488347488980764, 35.091725356327004 ], [ 128.48830049182618, 35.091788005253932 ], [ 128.488259691733873, 35.091875198902244 ], [ 128.488223435189127, 35.091987279869414 ], [ 128.488191888235974, 35.092105277164634 ], [ 128.488172464290528, 35.092223425411902 ], [ 128.488184133840662, 35.092342474391387 ], [ 128.48823535569008, 35.092422451098194 ], [ 128.489249285807773, 35.09358322171326 ], [ 128.489342634763858, 35.093659393522614 ], [ 128.489409392783273, 35.093696845729802 ], [ 128.489521030422367, 35.093737627625188 ], [ 128.49255736496093, 35.094277667455678 ], [ 128.492660923213919, 35.094284270231917 ], [ 128.492736007560069, 35.094274815348101 ], [ 128.492822571927263, 35.094247734069953 ], [ 128.493209850249684, 35.094012190062358 ], [ 128.493717268736958, 35.092963337690627 ], [ 128.493290778519849, 35.089022243303049 ], [ 128.492628766618168, 35.088392164653655 ], [ 128.488407821096587, 35.091678205031805 ], [ 128.488347488980764, 35.091725356327004 ] ] ], [ [ [ 128.52102780542748, 35.096582356681132 ], [ 128.521078441594682, 35.096586095089336 ], [ 128.521119815963829, 35.096588860124392 ], [ 128.521152260148938, 35.096588387587211 ], [ 128.521408000183357, 35.096533860950117 ], [ 128.521553548711523, 35.096495029134353 ], [ 128.521639590836458, 35.096463004060702 ], [ 128.521694366705731, 35.096432038602543 ], [ 128.521747567093797, 35.096401776183264 ], [ 128.52179912685807, 35.096359697516057 ], [ 128.521834590128805, 35.096315787027933 ], [ 128.521968809624013, 35.09613938428128 ], [ 128.521985967938662, 35.096096197910718 ], [ 128.521992502656332, 35.096050692701787 ], [ 128.521981315150981, 35.095996678944545 ], [ 128.521964906927167, 35.095933636480716 ], [ 128.521935378064683, 35.095855868353567 ], [ 128.521902667619003, 35.09579602990879 ], [ 128.521840076346592, 35.095735446045182 ], [ 128.52181050889314, 35.095707942410471 ], [ 128.521749909455593, 35.095674393039772 ], [ 128.521691613847707, 35.095657631555802 ], [ 128.521648264276905, 35.095651540825017 ], [ 128.521537648568227, 35.095664686175702 ], [ 128.521391113334147, 35.095687797355119 ], [ 128.52131712681728, 35.095697307610521 ], [ 128.521278232752394, 35.095698008545419 ], [ 128.521218533996887, 35.095693208630664 ], [ 128.521161445935888, 35.095682130834724 ], [ 128.520839696164018, 35.095593173733754 ], [ 128.520763100993605, 35.095565292165666 ], [ 128.52052302249237, 35.095471312179235 ], [ 128.520422601072823, 35.09542802645516 ], [ 128.520177474231645, 35.095297029171604 ], [ 128.520099066246331, 35.095245996440802 ], [ 128.519881353014824, 35.095077802564731 ], [ 128.519828072968949, 35.095031791628962 ], [ 128.51842460764334, 35.093244167374358 ], [ 128.518398973937536, 35.093190887727872 ], [ 128.517059273149556, 35.0900403243784 ], [ 128.516952470444664, 35.089754861289094 ], [ 128.516931490850283, 35.089675746021733 ], [ 128.51691320201175, 35.089553046109032 ], [ 128.516917476228713, 35.089476012907767 ], [ 128.516931114793437, 35.089429402371373 ], [ 128.516954991126113, 35.089389726463672 ], [ 128.516988072169028, 35.089355598039553 ], [ 128.517103022536418, 35.089229840091868 ], [ 128.517179814762272, 35.089135382158823 ], [ 128.517222666066118, 35.089060838555191 ], [ 128.517255511209356, 35.089001726421053 ], [ 128.517270684304634, 35.088928533999947 ], [ 128.517269461619435, 35.088861789109821 ], [ 128.517262691331069, 35.08879936563865 ], [ 128.517233507633023, 35.088734414341339 ], [ 128.517177931639367, 35.088665952384673 ], [ 128.517107614744162, 35.08860918715019 ], [ 128.517031131241936, 35.08857880092107 ], [ 128.516958427186637, 35.088559656678541 ], [ 128.516884658615851, 35.088557707386421 ], [ 128.516790299559489, 35.088568846420685 ], [ 128.516677209329146, 35.088600760314456 ], [ 128.516612270684107, 35.08864161361965 ], [ 128.516553941196179, 35.088684131889316 ], [ 128.51638138112358, 35.088810537268735 ], [ 128.516318955517363, 35.088863072288284 ], [ 128.516181023319376, 35.088995458326913 ], [ 128.516101280707289, 35.089078369974821 ], [ 128.516005710738199, 35.089198369650461 ], [ 128.515848014317129, 35.089410850560782 ], [ 128.515785755541231, 35.089508661890079 ], [ 128.515687134344233, 35.089670638550366 ], [ 128.515598209717808, 35.089843181875814 ], [ 128.514954590943915, 35.091458882958776 ], [ 128.514932554752818, 35.091518195231899 ], [ 128.51488725992175, 35.091652647306077 ], [ 128.514291868806453, 35.094612084410223 ], [ 128.514290151510693, 35.094655549018157 ], [ 128.514290718189812, 35.094752418260526 ], [ 128.514304449645834, 35.094881959807083 ], [ 128.514447460790905, 35.096081632793158 ], [ 128.517456080022384, 35.096644938529963 ], [ 128.517573500770993, 35.096658183376597 ], [ 128.517694673182433, 35.096663003768576 ], [ 128.519828962444137, 35.096716854731753 ], [ 128.520649554507543, 35.096543460177955 ], [ 128.52102780542748, 35.096582356681132 ] ] ], [ [ [ 128.511044150755197, 35.094258008879407 ], [ 128.510989199567575, 35.094278897426456 ], [ 128.510777883125769, 35.094378317832764 ], [ 128.510714972212213, 35.09440851575966 ], [ 128.510666984498556, 35.094438070787334 ], [ 128.510467935072086, 35.094626080558825 ], [ 128.51043559150628, 35.094670666894729 ], [ 128.510407798498704, 35.094725383567329 ], [ 128.510394409081783, 35.09476490046535 ], [ 128.510380298685106, 35.094821742880264 ], [ 128.510377378064874, 35.094861921829342 ], [ 128.510380727219285, 35.094907877902415 ], [ 128.510392056309684, 35.094970354815629 ], [ 128.510468203398176, 35.095192719695156 ], [ 128.510488068235219, 35.095250420477299 ], [ 128.510522928133781, 35.095305014410798 ], [ 128.510562466905782, 35.095340294978875 ], [ 128.510637918218634, 35.09539126029231 ], [ 128.512087038111076, 35.09621861422481 ], [ 128.512164279343182, 35.096260871411594 ], [ 128.512238389655636, 35.096288759340176 ], [ 128.512371080753098, 35.096322506810736 ], [ 128.512484354677326, 35.09634083703763 ], [ 128.513236616683514, 35.096421493427307 ], [ 128.513577267061947, 35.09644743216348 ], [ 128.513718076034678, 35.096448002340054 ], [ 128.513963011471191, 35.096124492883774 ], [ 128.514132574457193, 35.095792629975954 ], [ 128.512135310661904, 35.094469138661573 ], [ 128.512029198200707, 35.094398901585535 ], [ 128.511928215372535, 35.094347362159624 ], [ 128.511836791964441, 35.09430696339998 ], [ 128.511731253550806, 35.094280227426168 ], [ 128.511633437522732, 35.094263707903423 ], [ 128.511531533940513, 35.094251903937945 ], [ 128.511420725413586, 35.094243027997919 ], [ 128.511289605197248, 35.09423686322306 ], [ 128.511182920744233, 35.094237950516927 ], [ 128.511044150755197, 35.094258008879407 ] ] ], [ [ [ 128.522125779206732, 35.175432238695322 ], [ 128.522102160768185, 35.175322815753653 ], [ 128.522091086216989, 35.175151244882962 ], [ 128.522101039840777, 35.175007888322085 ], [ 128.52215353253672, 35.174819174052864 ], [ 128.522239548651754, 35.174600758057501 ], [ 128.522343523230319, 35.174412237649825 ], [ 128.523945768353116, 35.172051006179075 ], [ 128.524000530525257, 35.171976153670499 ], [ 128.52440822411927, 35.1715641236758 ], [ 128.524500181121766, 35.171474167174651 ], [ 128.525100832492711, 35.170911669417372 ], [ 128.528873871196652, 35.168518949288448 ], [ 128.533657820607601, 35.164687967030325 ], [ 128.533732278183976, 35.164625071349391 ], [ 128.533801437989865, 35.164584059278774 ], [ 128.533997981158535, 35.164495488738176 ], [ 128.534081565082118, 35.164466429448133 ], [ 128.534203600526979, 35.164432106081286 ], [ 128.534447579270932, 35.16439600553808 ], [ 128.534581373808891, 35.164378041354844 ], [ 128.534785454620248, 35.164372339849272 ], [ 128.535031683151317, 35.164386359865375 ], [ 128.537746435648501, 35.163066757924398 ], [ 128.540839384859083, 35.160899636885823 ], [ 128.540874073471684, 35.160860565235879 ], [ 128.54089552374964, 35.160810621384144 ], [ 128.54095624552096, 35.160613814244144 ], [ 128.540999842616117, 35.16039463683159 ], [ 128.541000102781851, 35.160348446564676 ], [ 128.540979313652286, 35.160278699821639 ], [ 128.540943901006187, 35.160212234576534 ], [ 128.539845998375426, 35.158253751818997 ], [ 128.539010757951587, 35.156782356589254 ], [ 128.538971414945848, 35.15671470264806 ], [ 128.538842527323794, 35.156546657269651 ], [ 128.5385178306162, 35.156128628797575 ], [ 128.537359238414808, 35.154924779161291 ], [ 128.537248555753678, 35.154837280152542 ], [ 128.535346931666453, 35.153896184538169 ], [ 128.535185811666793, 35.153821563998079 ], [ 128.534460034543912, 35.153595680336117 ], [ 128.534208820824773, 35.153518459077155 ], [ 128.534064608290322, 35.153499428608129 ], [ 128.532986315743159, 35.152547598808276 ], [ 128.530375493272203, 35.149314934880159 ], [ 128.530377186826314, 35.149279028508232 ], [ 128.530430278262514, 35.148940326318197 ], [ 128.530439701918738, 35.148885912294496 ], [ 128.530458247738892, 35.148810555986039 ], [ 128.530491786269096, 35.14872162281133 ], [ 128.530552685921378, 35.148608021578156 ], [ 128.530661913374445, 35.148450078830024 ], [ 128.530846695263108, 35.148261516170855 ], [ 128.530904161454231, 35.148212249448321 ], [ 128.530958521746754, 35.148185249779822 ], [ 128.53100973964456, 35.148170657691828 ], [ 128.531076066120505, 35.148163437119123 ], [ 128.5311664509899, 35.148151452899484 ], [ 128.531238731021631, 35.148139380162327 ], [ 128.531314179516357, 35.148109926824681 ], [ 128.531410792346179, 35.148065776347423 ], [ 128.53150738650632, 35.148004322858938 ], [ 128.531667602633206, 35.14788866093182 ], [ 128.531964080402929, 35.14762877442358 ], [ 128.532227383749529, 35.147392289612981 ], [ 128.532336513842438, 35.147270219234123 ], [ 128.535946961062365, 35.142325735294918 ], [ 128.535977269080036, 35.142282607034886 ], [ 128.536065334245734, 35.142156753260146 ], [ 128.536192924283228, 35.141949393736418 ], [ 128.536341878652593, 35.141690188202418 ], [ 128.537090040255947, 35.140353206307338 ], [ 128.537129551759676, 35.140274221502445 ], [ 128.537157095672939, 35.140197615845281 ], [ 128.537169535904411, 35.140126933613814 ], [ 128.537175805287148, 35.140091236816488 ], [ 128.537289327310134, 35.139171306018682 ], [ 128.537292688732492, 35.139121843013655 ], [ 128.537292989214933, 35.139067398318616 ], [ 128.53728428090713, 35.139015358862189 ], [ 128.537164027362621, 35.138470752398867 ], [ 128.534077266110188, 35.137098119403532 ], [ 128.53401092579827, 35.137072266473062 ], [ 128.533314255848097, 35.136866054425752 ], [ 128.533186521664931, 35.136829952254686 ], [ 128.533096123525951, 35.136808510248777 ], [ 128.52995176133939, 35.136572543511015 ], [ 128.529752577419316, 35.136561553380389 ], [ 128.52906887477468, 35.136568365086511 ], [ 128.527965366749385, 35.136588485662422 ], [ 128.527805885357424, 35.136599215884281 ], [ 128.527483884364386, 35.136649518074485 ], [ 128.527203333851787, 35.136664316267286 ], [ 128.52689225752124, 35.136622184698091 ], [ 128.526606195978133, 35.136559715029016 ], [ 128.525555288310386, 35.136003532414115 ], [ 128.525339904570131, 35.135852250695351 ], [ 128.525157796959206, 35.135695691795341 ], [ 128.52499249415763, 35.135517199692394 ], [ 128.522434033738733, 35.132604147179904 ], [ 128.522325610285804, 35.132478703810065 ], [ 128.521970064168187, 35.131945236421267 ], [ 128.521773641994116, 35.131631777819379 ], [ 128.521715811034454, 35.13151941438251 ], [ 128.520910657742633, 35.128708706828107 ], [ 128.520842115867225, 35.128459846302761 ], [ 128.520274592171177, 35.125753013768772 ], [ 128.520228758389948, 35.125525424180388 ], [ 128.5199520731272, 35.124106073717101 ], [ 128.519934863771283, 35.124012242163616 ], [ 128.519910675921949, 35.123851880485617 ], [ 128.519914526091327, 35.123720118481572 ], [ 128.519933970882903, 35.123621956976812 ], [ 128.519969176881659, 35.123531588566451 ], [ 128.520032707183333, 35.123416836652801 ], [ 128.52010236966629, 35.123342111735703 ], [ 128.520222369484799, 35.123252096203124 ], [ 128.521408719834113, 35.122544646735854 ], [ 128.521528502043083, 35.122490851220526 ], [ 128.521613603535542, 35.122458932271897 ], [ 128.521657622714287, 35.122453876099328 ], [ 128.521758281397069, 35.122443914289498 ], [ 128.521947064404117, 35.122429148206791 ], [ 128.522173372652929, 35.122430039461662 ], [ 128.522377639094856, 35.122448969435858 ], [ 128.525071630047023, 35.122701066766069 ], [ 128.525194743174183, 35.122715335900146 ], [ 128.525250803767932, 35.122734297318154 ], [ 128.526990550258375, 35.123956675875014 ], [ 128.527734827012324, 35.124597216603519 ], [ 128.527831417060213, 35.124721344544028 ], [ 128.527885890308738, 35.124768417114353 ], [ 128.527951063342783, 35.12480617566095 ], [ 128.528054066192254, 35.124864077719337 ], [ 128.528154212591204, 35.124905749406594 ], [ 128.528290746171621, 35.124953801817114 ], [ 128.528489532172301, 35.125011439894763 ], [ 128.528576090166894, 35.125030522341497 ], [ 128.528635405847041, 35.125036985262156 ], [ 128.528673353667955, 35.125038395293132 ], [ 128.528721292435279, 35.125030511690184 ], [ 128.528764688687147, 35.125009448057817 ], [ 128.528841070295073, 35.124948462209716 ], [ 128.528977102762269, 35.124836490444459 ], [ 128.529212458690893, 35.124619914722921 ], [ 128.530467361128643, 35.123447368767884 ], [ 128.530994850217468, 35.122948716399129 ], [ 128.533540116419687, 35.120475432892036 ], [ 128.534059381799295, 35.119796732987218 ], [ 128.534631170696002, 35.118713893910147 ], [ 128.535110865669594, 35.11779510426431 ], [ 128.535128279760755, 35.117760553882668 ], [ 128.535154697247435, 35.117707216818907 ], [ 128.535310782973113, 35.117382694872319 ], [ 128.53536938711062, 35.11724294927776 ], [ 128.535463570907012, 35.116982631383991 ], [ 128.535474407185063, 35.11694358367869 ], [ 128.535011207495415, 35.116965044201123 ], [ 128.534724784729377, 35.116915526986304 ], [ 128.53432180539491, 35.116536219200086 ], [ 128.53406323095129, 35.116147901170173 ], [ 128.534068031095018, 35.115899814345163 ], [ 128.534667247027272, 35.115636458695519 ], [ 128.535010193230988, 35.114795060552531 ], [ 128.535051454526837, 35.114417732433303 ], [ 128.534904208837048, 35.113438516970007 ], [ 128.534202467785235, 35.112300860503112 ], [ 128.531886896909214, 35.109140796914609 ], [ 128.531979301062478, 35.108544341935612 ], [ 128.53171383550972, 35.106914360315535 ], [ 128.531120243052527, 35.106153321485621 ], [ 128.530212177753981, 35.105148822163898 ], [ 128.528631591703515, 35.103882947642788 ], [ 128.527195231005834, 35.103398715627129 ], [ 128.5261667466539, 35.103472049330342 ], [ 128.525441935236728, 35.103814750665123 ], [ 128.524671544551211, 35.104118547701255 ], [ 128.524073879562252, 35.10430431354947 ], [ 128.522053813920053, 35.104394454461371 ], [ 128.52170879776412, 35.104351668392923 ], [ 128.52099536348868, 35.102302526295553 ], [ 128.520972943001993, 35.102054167016902 ], [ 128.521015658609656, 35.100892444145366 ], [ 128.52097066969597, 35.100104405518749 ], [ 128.520623772847671, 35.098998373117183 ], [ 128.520589768771202, 35.098889963595006 ], [ 128.520078305324461, 35.098221325904419 ], [ 128.518681115524174, 35.096895900047336 ], [ 128.516749804895369, 35.096891235720967 ], [ 128.515420900571172, 35.097624453170695 ], [ 128.511989356547673, 35.097854088273898 ], [ 128.510861046518841, 35.09784981295023 ], [ 128.50988047730749, 35.097784190439114 ], [ 128.50739684342696, 35.097498406892392 ], [ 128.506545068468398, 35.097354017068056 ], [ 128.505578207639161, 35.097366016842422 ], [ 128.504232443862946, 35.097598289383384 ], [ 128.503855131106974, 35.098384267360238 ], [ 128.499205656113759, 35.101420911796808 ], [ 128.498332190518738, 35.101611731928038 ], [ 128.496689944087734, 35.103333443984823 ], [ 128.496485219047088, 35.103608710886419 ], [ 128.494100150407263, 35.106079551780425 ], [ 128.489754771218003, 35.106803863037797 ], [ 128.488528581351289, 35.106863418566462 ], [ 128.486249063940846, 35.104693422285948 ], [ 128.485914599081326, 35.10327061532179 ], [ 128.48588035371813, 35.101871505706029 ], [ 128.485510085807476, 35.101228185958043 ], [ 128.483545764196776, 35.099883296478545 ], [ 128.481880658778437, 35.099020215284042 ], [ 128.480795033758, 35.098473955827153 ], [ 128.480262598929386, 35.098774927948256 ], [ 128.480594302469513, 35.099271492716348 ], [ 128.481109501876006, 35.100001390038649 ], [ 128.480982059586694, 35.100886378273046 ], [ 128.480739611610318, 35.101360503979812 ], [ 128.478347546236563, 35.09927183097853 ], [ 128.478434881637298, 35.098463215934615 ], [ 128.47623638033059, 35.097429137260264 ], [ 128.471139923795107, 35.097077764869795 ], [ 128.467877806022926, 35.097577635713897 ], [ 128.466754986115063, 35.098243521127266 ], [ 128.465636078117512, 35.099756624927664 ], [ 128.465859860163931, 35.101084538852007 ], [ 128.466871468470771, 35.102227228231953 ], [ 128.470194735769638, 35.105519059139347 ], [ 128.470224692696377, 35.105567053180359 ], [ 128.470240643613295, 35.105609313694188 ], [ 128.470235701730246, 35.105662921408687 ], [ 128.469184792811546, 35.1081155629508 ], [ 128.469099909019889, 35.108264634426867 ], [ 128.469010551093248, 35.108394495163004 ], [ 128.46885609303834, 35.108565606131968 ], [ 128.468710817721131, 35.108708649841944 ], [ 128.468477019695797, 35.108885007352647 ], [ 128.467728761497625, 35.109441749819986 ], [ 128.468253664805985, 35.109800334496995 ], [ 128.470937036669966, 35.113172963985434 ], [ 128.470979649831918, 35.113249409974109 ], [ 128.47100885225251, 35.113331285110839 ], [ 128.471014677420328, 35.11346479213875 ], [ 128.47099064474483, 35.113584571276846 ], [ 128.470976760144538, 35.114491358116858 ], [ 128.470988222157388, 35.114517273539285 ], [ 128.471036130421851, 35.11453921361624 ], [ 128.471663512737706, 35.11470103786688 ], [ 128.471986181735502, 35.114759593935915 ], [ 128.472172259052911, 35.114787542488891 ], [ 128.472511786279313, 35.114819043102237 ], [ 128.47279032408008, 35.114815468085268 ], [ 128.473522450919177, 35.114742237118037 ], [ 128.477157816239156, 35.114352127739345 ], [ 128.477289618712462, 35.114324406888635 ], [ 128.477418198573559, 35.114288907820644 ], [ 128.47817303734405, 35.115877925992677 ], [ 128.4779833279907, 35.116912673508374 ], [ 128.478122028847423, 35.120183960938547 ], [ 128.478146411201891, 35.120299979183315 ], [ 128.47819271611715, 35.120400692981683 ], [ 128.478545328372206, 35.121084077515313 ], [ 128.478576225847718, 35.121140899068401 ], [ 128.4786293137808, 35.121177188689877 ], [ 128.478698002561543, 35.121208402081493 ], [ 128.478842034790006, 35.121227043462014 ], [ 128.479998941933161, 35.121350100997233 ], [ 128.481422246449029, 35.121505207581087 ], [ 128.481509846745269, 35.121528843590497 ], [ 128.483576609876479, 35.122248044225763 ], [ 128.484474605461202, 35.123686804451985 ], [ 128.484475279201121, 35.123724188057153 ], [ 128.484479337304833, 35.123946141580419 ], [ 128.484514457980993, 35.124436085436344 ], [ 128.484545293360014, 35.124595995898886 ], [ 128.485002363856239, 35.125510417760637 ], [ 128.485451580365634, 35.126214047304998 ], [ 128.486985027219504, 35.126295199202339 ], [ 128.487132292722833, 35.126290668991579 ], [ 128.487367405629215, 35.126271037537414 ], [ 128.488309810177469, 35.126167576029218 ], [ 128.488410245847291, 35.126142229462516 ], [ 128.488639033253577, 35.126029893154104 ], [ 128.488752011907195, 35.12599945589367 ], [ 128.488836649871359, 35.125989548379685 ], [ 128.489717889390363, 35.126052494853333 ], [ 128.490580562857303, 35.126241075188439 ], [ 128.490843305096462, 35.126314289724945 ], [ 128.491493611582683, 35.126533444303931 ], [ 128.491946017683318, 35.126699306652135 ], [ 128.492223999962505, 35.126844778429792 ], [ 128.492532820931984, 35.127057348825112 ], [ 128.493582175670696, 35.12785899002111 ], [ 128.493697490166142, 35.127962509469796 ], [ 128.493763771894265, 35.128083378840692 ], [ 128.493817077045577, 35.128952686669841 ], [ 128.493816306523712, 35.129077791895469 ], [ 128.493786401040552, 35.129210698417779 ], [ 128.493619238494318, 35.129644803628757 ], [ 128.493402361208041, 35.130154783922805 ], [ 128.493199715414619, 35.13151408060628 ], [ 128.4931860061225, 35.131636410062562 ], [ 128.493170063102866, 35.133707998653193 ], [ 128.493179434957028, 35.133771849018203 ], [ 128.493204863206444, 35.133846505139687 ], [ 128.493483623589697, 35.134205969718629 ], [ 128.493650555104523, 35.134376379714169 ], [ 128.493998607523537, 35.13463859513994 ], [ 128.494483631754775, 35.135071029560926 ], [ 128.494795605249124, 35.135367427359689 ], [ 128.498191657346126, 35.139889209843204 ], [ 128.498268106416333, 35.140037165553522 ], [ 128.498332908855588, 35.140222483464299 ], [ 128.499173791826706, 35.143075841397803 ], [ 128.499663814913248, 35.147321231919427 ], [ 128.499637521516348, 35.147886445936656 ], [ 128.496521214525075, 35.153436873057366 ], [ 128.496470745791214, 35.153488212968824 ], [ 128.494329048741236, 35.154300664856827 ], [ 128.4939937471826, 35.154426451698662 ], [ 128.493541517278857, 35.154544785766184 ], [ 128.493093656211073, 35.154611674238097 ], [ 128.492796823887517, 35.154607000064338 ], [ 128.492646170805585, 35.154620073528989 ], [ 128.492516001453993, 35.154708941520667 ], [ 128.492414577082656, 35.154887158939587 ], [ 128.491860152413693, 35.155957163678423 ], [ 128.491834619860896, 35.156022309545598 ], [ 128.491834114778044, 35.156101359921387 ], [ 128.491948299712647, 35.15723941897555 ], [ 128.491968443439163, 35.157370115905323 ], [ 128.492263572056487, 35.158319925172087 ], [ 128.493042492621726, 35.160154997271945 ], [ 128.493274399199123, 35.160509936323173 ], [ 128.493527492505052, 35.160827176160673 ], [ 128.49383471322048, 35.161196208974545 ], [ 128.496487608610892, 35.169032752363556 ], [ 128.499625097746161, 35.17451792170187 ], [ 128.499811177448464, 35.17480135731153 ], [ 128.499969984868102, 35.174987429869411 ], [ 128.500029556527551, 35.175046336539957 ], [ 128.502821354802734, 35.177619747182369 ], [ 128.503114084221465, 35.177754163338285 ], [ 128.504290963311092, 35.178161086806348 ], [ 128.506289705030468, 35.178798145469649 ], [ 128.50632739870548, 35.178791633297344 ], [ 128.506913838109313, 35.17844880503219 ], [ 128.507545332920216, 35.178078225335177 ], [ 128.508653217988041, 35.177407186874412 ], [ 128.511603255542212, 35.17814734436471 ], [ 128.51171050691994, 35.178165001267253 ], [ 128.511791816627692, 35.178172727400359 ], [ 128.513468497815609, 35.178280157403051 ], [ 128.513598193351584, 35.178273286044785 ], [ 128.513807181578557, 35.178242223573449 ], [ 128.514121050939792, 35.178166691370443 ], [ 128.514346409897684, 35.178096589256924 ], [ 128.514382195053173, 35.178078236316814 ], [ 128.515103815863171, 35.177720511193009 ], [ 128.515597673150637, 35.177506535354503 ], [ 128.515879767374656, 35.177403197890165 ], [ 128.51626608046044, 35.177290734152862 ], [ 128.517158647214472, 35.177058159487032 ], [ 128.517243475308845, 35.177043532488327 ], [ 128.517297897512464, 35.177048698200601 ], [ 128.520298078544755, 35.177802911230565 ], [ 128.520887745269306, 35.17807781319744 ], [ 128.52151414502697, 35.177273508502367 ], [ 128.52216452080927, 35.175526861135417 ], [ 128.522125779206732, 35.175432238695322 ] ] ] ] } },
{ "type": "Feature", "properties": { "gu": "마산합포구", "emd": "진북면", "adm_cd": "4812533000", "adm_nm": "경상남도 창원시마산합포구 진북면", "area_km2": 46.623 }, "geometry": { "type": "Polygon", "coordinates": [ [ [ 128.478969284147809, 35.18771903293861 ], [ 128.479845921517864, 35.185974671617672 ], [ 128.479921894972847, 35.185855125486626 ], [ 128.480091122580376, 35.185659718987388 ], [ 128.480174662565588, 35.185573911530582 ], [ 128.48462507322273, 35.182004388446799 ], [ 128.484878125020629, 35.181831157468736 ], [ 128.486593570628003, 35.180689694168443 ], [ 128.486753267859712, 35.18061042737704 ], [ 128.487743881232774, 35.180288350519788 ], [ 128.487943060770647, 35.180249164077239 ], [ 128.490544635044188, 35.180045834450191 ], [ 128.490650606603538, 35.180057183538985 ], [ 128.490738761831352, 35.180093885411566 ], [ 128.493587395718833, 35.180461618419919 ], [ 128.497064728911852, 35.180860037919992 ], [ 128.497148720725335, 35.18086038153357 ], [ 128.49733008971441, 35.180839408425612 ], [ 128.497449649716856, 35.180803588655209 ], [ 128.497529484207462, 35.180763989763165 ], [ 128.497613898521621, 35.180695294044341 ], [ 128.497676263356368, 35.180622904524107 ], [ 128.497787517244689, 35.180491321458042 ], [ 128.498069226415225, 35.180239947920541 ], [ 128.498316470769396, 35.180041585739993 ], [ 128.499355571612142, 35.179362324411876 ], [ 128.501943614991234, 35.178060309524284 ], [ 128.502821354802734, 35.177619747182369 ], [ 128.500029556527551, 35.175046336539957 ], [ 128.499969984868102, 35.174987429869411 ], [ 128.499811177448464, 35.17480135731153 ], [ 128.499625097746161, 35.17451792170187 ], [ 128.496487608610892, 35.169032752363556 ], [ 128.49383471322048, 35.161196208974545 ], [ 128.493527492505052, 35.160827176160673 ], [ 128.493274399199123, 35.160509936323173 ], [ 128.493042492621726, 35.160154997271945 ], [ 128.492263572056487, 35.158319925172087 ], [ 128.491968443439163, 35.157370115905323 ], [ 128.491948299712647, 35.15723941897555 ], [ 128.491834114778044, 35.156101359921387 ], [ 128.491834619860896, 35.156022309545598 ], [ 128.491860152413693, 35.155957163678423 ], [ 128.492414577082656, 35.154887158939587 ], [ 128.492516001453993, 35.154708941520667 ], [ 128.492646170805585, 35.154620073528989 ], [ 128.492796823887517, 35.154607000064338 ], [ 128.493093656211073, 35.154611674238097 ], [ 128.493541517278857, 35.154544785766184 ], [ 128.4939937471826, 35.154426451698662 ], [ 128.494329048741236, 35.154300664856827 ], [ 128.496470745791214, 35.153488212968824 ], [ 128.496521214525075, 35.153436873057366 ], [ 128.499637521516348, 35.147886445936656 ], [ 128.499663814913248, 35.147321231919427 ], [ 128.499173791826706, 35.143075841397803 ], [ 128.498332908855588, 35.140222483464299 ], [ 128.498268106416333, 35.140037165553522 ], [ 128.498191657346126, 35.139889209843204 ], [ 128.494795605249124, 35.135367427359689 ], [ 128.494483631754775, 35.135071029560926 ], [ 128.493998607523537, 35.13463859513994 ], [ 128.493650555104523, 35.134376379714169 ], [ 128.493483623589697, 35.134205969718629 ], [ 128.493204863206444, 35.133846505139687 ], [ 128.493179434957028, 35.133771849018203 ], [ 128.493170063102866, 35.133707998653193 ], [ 128.4931860061225, 35.131636410062562 ], [ 128.493199715414619, 35.13151408060628 ], [ 128.493402361208041, 35.130154783922805 ], [ 128.493619238494318, 35.129644803628757 ], [ 128.493786401040552, 35.129210698417779 ], [ 128.493816306523712, 35.129077791895469 ], [ 128.493817077045577, 35.128952686669841 ], [ 128.493763771894265, 35.128083378840692 ], [ 128.493697490166142, 35.127962509469796 ], [ 128.493582175670696, 35.12785899002111 ], [ 128.492532820931984, 35.127057348825112 ], [ 128.492223999962505, 35.126844778429792 ], [ 128.491946017683318, 35.126699306652135 ], [ 128.491493611582683, 35.126533444303931 ], [ 128.490843305096462, 35.126314289724945 ], [ 128.490580562857303, 35.126241075188439 ], [ 128.489717889390363, 35.126052494853333 ], [ 128.488836649871359, 35.125989548379685 ], [ 128.488752011907195, 35.12599945589367 ], [ 128.488639033253577, 35.126029893154104 ], [ 128.488410245847291, 35.126142229462516 ], [ 128.488309810177469, 35.126167576029218 ], [ 128.487367405629215, 35.126271037537414 ], [ 128.487132292722833, 35.126290668991579 ], [ 128.486985027219504, 35.126295199202339 ], [ 128.485451580365634, 35.126214047304998 ], [ 128.485002363856239, 35.125510417760637 ], [ 128.484545293360014, 35.124595995898886 ], [ 128.484514457980993, 35.124436085436344 ], [ 128.484479337304833, 35.123946141580419 ], [ 128.484475279201121, 35.123724188057153 ], [ 128.484474605461202, 35.123686804451985 ], [ 128.483576609876479, 35.122248044225763 ], [ 128.481509846745269, 35.121528843590497 ], [ 128.481422246449029, 35.121505207581087 ], [ 128.479998941933161, 35.121350100997233 ], [ 128.478842034790006, 35.121227043462014 ], [ 128.478698002561543, 35.121208402081493 ], [ 128.4786293137808, 35.121177188689877 ], [ 128.478576225847718, 35.121140899068401 ], [ 128.478545328372206, 35.121084077515313 ], [ 128.47819271611715, 35.120400692981683 ], [ 128.478146411201891, 35.120299979183315 ], [ 128.478122028847423, 35.120183960938547 ], [ 128.4779833279907, 35.116912673508374 ], [ 128.47817303734405, 35.115877925992677 ], [ 128.477418198573559, 35.114288907820644 ], [ 128.477289618712462, 35.114324406888635 ], [ 128.477157816239156, 35.114352127739345 ], [ 128.473522450919177, 35.114742237118037 ], [ 128.47279032408008, 35.114815468085268 ], [ 128.472511786279313, 35.114819043102237 ], [ 128.472172259052911, 35.114787542488891 ], [ 128.471986181735502, 35.114759593935915 ], [ 128.471663512737706, 35.11470103786688 ], [ 128.471036130421851, 35.11453921361624 ], [ 128.470988222157388, 35.114517273539285 ], [ 128.470976760144538, 35.114491358116858 ], [ 128.47099064474483, 35.113584571276846 ], [ 128.471014677420328, 35.11346479213875 ], [ 128.47100885225251, 35.113331285110839 ], [ 128.470979649831918, 35.113249409974109 ], [ 128.470937036669966, 35.113172963985434 ], [ 128.468253664805985, 35.109800334496995 ], [ 128.467728761497625, 35.109441749819986 ], [ 128.467303509857345, 35.109772805126099 ], [ 128.467235707456808, 35.109808827422718 ], [ 128.467165697195327, 35.109829614411865 ], [ 128.465031759853076, 35.110259969911944 ], [ 128.459912856728465, 35.110886492643615 ], [ 128.45958263042013, 35.110736614362473 ], [ 128.459119800507636, 35.110605947986159 ], [ 128.458777071614577, 35.110525264301927 ], [ 128.458452289832479, 35.11046446325205 ], [ 128.455155484761804, 35.109871903783329 ], [ 128.454777711962635, 35.110104274884954 ], [ 128.454180506061931, 35.111016186054997 ], [ 128.452884477565931, 35.113526623386257 ], [ 128.450397333217182, 35.116571177626582 ], [ 128.44954584086625, 35.118655558388525 ], [ 128.449484342278737, 35.118779737718292 ], [ 128.449394862763938, 35.11892112212017 ], [ 128.449324441507457, 35.119001196845886 ], [ 128.44854685384604, 35.119802461113039 ], [ 128.448431942220452, 35.119907307416831 ], [ 128.445953549875441, 35.121995305331332 ], [ 128.445769251792484, 35.122076490357664 ], [ 128.443528346386699, 35.122636120913839 ], [ 128.443386439110213, 35.122661322175411 ], [ 128.440041106447353, 35.123075541775549 ], [ 128.439273777332062, 35.123162672247382 ], [ 128.436594549682241, 35.123305598053449 ], [ 128.4363425016397, 35.123313086409581 ], [ 128.436072205269795, 35.12327946490813 ], [ 128.435615914087606, 35.123203870754537 ], [ 128.434858012417578, 35.123068645121499 ], [ 128.43411898091361, 35.122870949329638 ], [ 128.432643360954756, 35.122490523049741 ], [ 128.432460021100837, 35.122476223662751 ], [ 128.430729760573058, 35.122414655329614 ], [ 128.430535385338317, 35.122426618204585 ], [ 128.430380350840011, 35.122445354304993 ], [ 128.429210675336009, 35.122619029417045 ], [ 128.429016158700676, 35.122652625084015 ], [ 128.428858325001841, 35.122695055353006 ], [ 128.421839225794201, 35.124966891111576 ], [ 128.421615071814216, 35.125063165558501 ], [ 128.421529153234388, 35.125127556341639 ], [ 128.421462707932363, 35.125229897036292 ], [ 128.420598361559769, 35.126598424971959 ], [ 128.420425483822129, 35.126889454140411 ], [ 128.42012442131562, 35.127617560160274 ], [ 128.419952923980759, 35.128082899209026 ], [ 128.420090106140748, 35.128385876375567 ], [ 128.420122717689424, 35.128567193058515 ], [ 128.420121731388292, 35.128706556924612 ], [ 128.420069337303516, 35.128915309848104 ], [ 128.420004724919465, 35.129068333061689 ], [ 128.418912228723599, 35.130728404587032 ], [ 128.418612933063145, 35.131096325913838 ], [ 128.417497421832877, 35.132407910787038 ], [ 128.417335460201087, 35.132532517165387 ], [ 128.417173868328604, 35.132622312781855 ], [ 128.416765987394342, 35.132752759399921 ], [ 128.416468581478057, 35.132869847526948 ], [ 128.416204866093096, 35.133000893481146 ], [ 128.415936275572619, 35.133215650284917 ], [ 128.415853371887522, 35.133316558667332 ], [ 128.415833679343962, 35.133340537225777 ], [ 128.414221645033678, 35.139457712898214 ], [ 128.414204156869744, 35.139541180306466 ], [ 128.415792658411902, 35.143221034612139 ], [ 128.415884467912917, 35.143409664488686 ], [ 128.416962435245296, 35.144996636438051 ], [ 128.417063322035062, 35.145129442855087 ], [ 128.417143199600417, 35.145206529998248 ], [ 128.417658969379175, 35.145404067221087 ], [ 128.418191998332844, 35.145553007770957 ], [ 128.419000201159605, 35.145751944885205 ], [ 128.420548733311875, 35.146748869054463 ], [ 128.421255408662404, 35.149908754064988 ], [ 128.421171037699622, 35.1504449154234 ], [ 128.420039168035458, 35.153884865625905 ], [ 128.418808011889496, 35.156828136492543 ], [ 128.418173831218752, 35.15772652342045 ], [ 128.418064881473214, 35.157843429749455 ], [ 128.41746773490496, 35.158441023577616 ], [ 128.417032501722076, 35.158818660914292 ], [ 128.416226332817018, 35.159865198031106 ], [ 128.415662270026019, 35.160712337203236 ], [ 128.416281443596404, 35.162406334094456 ], [ 128.418155829181444, 35.165628204611814 ], [ 128.418841613968965, 35.166800900907432 ], [ 128.419556152914765, 35.167851856190502 ], [ 128.419645574915251, 35.168025706450614 ], [ 128.419740570125185, 35.168404538240068 ], [ 128.419780309242185, 35.168697038017633 ], [ 128.419776011502023, 35.168807333441315 ], [ 128.419749483832391, 35.169111062750801 ], [ 128.419738394773816, 35.169188337931445 ], [ 128.421520200031011, 35.168791363681727 ], [ 128.426290192648793, 35.166955730189031 ], [ 128.426760667187239, 35.166734977502678 ], [ 128.427309859292905, 35.166416514075934 ], [ 128.427524775551717, 35.166275570928043 ], [ 128.427607603757309, 35.166188089642404 ], [ 128.427682924998322, 35.166012770994712 ], [ 128.427750284397717, 35.165783249312653 ], [ 128.427808710122434, 35.165668602336616 ], [ 128.42794122111863, 35.16554088154215 ], [ 128.429912142168263, 35.164249116839841 ], [ 128.430011055486347, 35.16421577891397 ], [ 128.431341296319488, 35.163955066115619 ], [ 128.43151415711165, 35.163942366815135 ], [ 128.434289424421195, 35.16407021470684 ], [ 128.434453670913854, 35.164111548549059 ], [ 128.436333234588574, 35.164694839051627 ], [ 128.436979849519389, 35.164947256812709 ], [ 128.437311942094311, 35.165097525776979 ], [ 128.437451223534509, 35.165179194122999 ], [ 128.443866567782607, 35.169957242270911 ], [ 128.44391969907872, 35.170021655237669 ], [ 128.443947857988263, 35.170109669431817 ], [ 128.445200478412232, 35.175211602750274 ], [ 128.446294592271357, 35.180268170267759 ], [ 128.448283304380482, 35.18067186391275 ], [ 128.448861464438863, 35.180811692083047 ], [ 128.449405982529839, 35.180974154467741 ], [ 128.45016480424195, 35.181201236160511 ], [ 128.454415944977995, 35.182562338915197 ], [ 128.457407844782608, 35.183793339608407 ], [ 128.457507203677295, 35.183875801153498 ], [ 128.457585068104038, 35.183987644106004 ], [ 128.457641227279822, 35.184128595162043 ], [ 128.457675392064317, 35.184338044462564 ], [ 128.457673214690402, 35.184666481101551 ], [ 128.45770736777834, 35.184895311044357 ], [ 128.457840476123891, 35.185283021356021 ], [ 128.458016776422994, 35.185618030523116 ], [ 128.458107093332018, 35.185722734312826 ], [ 128.458220831753266, 35.185805254580259 ], [ 128.458598248296056, 35.185977030139142 ], [ 128.458940136645907, 35.186107630485594 ], [ 128.459139750344178, 35.186155395609013 ], [ 128.459915248871852, 35.186246393000644 ], [ 128.46175634179977, 35.186576826432365 ], [ 128.461866970707661, 35.18659778092659 ], [ 128.46218420450063, 35.18667084182912 ], [ 128.462315237425599, 35.186718745307829 ], [ 128.462528652168231, 35.186906351056507 ], [ 128.463231900857693, 35.187695923424542 ], [ 128.463691312649672, 35.18823984088489 ], [ 128.463822307184216, 35.188404647592058 ], [ 128.463882672997556, 35.188457646252893 ], [ 128.463943216816403, 35.188484327241959 ], [ 128.464876240601512, 35.188769584381561 ], [ 128.465070567768635, 35.18882011832256 ], [ 128.465184615322812, 35.188841074060583 ], [ 128.465384559415412, 35.188856662584065 ], [ 128.465613104115391, 35.188845942747854 ], [ 128.467629476739688, 35.188576879292427 ], [ 128.468037024257882, 35.188493591524711 ], [ 128.470125795687039, 35.188517651960332 ], [ 128.476004862658584, 35.188764558475711 ], [ 128.476124266923421, 35.188754263774015 ], [ 128.476243749368933, 35.18873296973311 ], [ 128.476394309535436, 35.188693692732024 ], [ 128.478969284147809, 35.18771903293861 ] ] ] } },
{ "type": "Feature", "properties": { "gu": "마산합포구", "emd": "진전면", "adm_cd": "4812534000", "adm_nm": "경상남도 창원시마산합포구 진전면", "area_km2": 78.824 }, "geometry": { "type": "Polygon", "coordinates": [ [ [ 128.405581801560771, 35.198344759416102 ], [ 128.405779271748287, 35.197831294268482 ], [ 128.407884976123995, 35.192355450625087 ], [ 128.405191692032474, 35.190183747451499 ], [ 128.403709263499678, 35.186022117002345 ], [ 128.403648058569161, 35.184069666829132 ], [ 128.40607818356952, 35.179742106511497 ], [ 128.406305263002963, 35.179337710354822 ], [ 128.409421854517944, 35.179281831583467 ], [ 128.409900140982643, 35.17927324311654 ], [ 128.414059200133721, 35.17504599506811 ], [ 128.416441747376325, 35.170475988887283 ], [ 128.419738394773816, 35.169188337931445 ], [ 128.419749483832391, 35.169111062750801 ], [ 128.419776011502023, 35.168807333441315 ], [ 128.419780309242185, 35.168697038017633 ], [ 128.419740570125185, 35.168404538240068 ], [ 128.419645574915251, 35.168025706450614 ], [ 128.419556152914765, 35.167851856190502 ], [ 128.418841613968965, 35.166800900907432 ], [ 128.418155829181444, 35.165628204611814 ], [ 128.416281443596404, 35.162406334094456 ], [ 128.415662270026019, 35.160712337203236 ], [ 128.416226332817018, 35.159865198031106 ], [ 128.417032501722076, 35.158818660914292 ], [ 128.41746773490496, 35.158441023577616 ], [ 128.418064881473214, 35.157843429749455 ], [ 128.418173831218752, 35.15772652342045 ], [ 128.418808011889496, 35.156828136492543 ], [ 128.420039168035458, 35.153884865625905 ], [ 128.421171037699622, 35.1504449154234 ], [ 128.421255408662404, 35.149908754064988 ], [ 128.420548733311875, 35.146748869054463 ], [ 128.419000201159605, 35.145751944885205 ], [ 128.418191998332844, 35.145553007770957 ], [ 128.417658969379175, 35.145404067221087 ], [ 128.417143199600417, 35.145206529998248 ], [ 128.417063322035062, 35.145129442855087 ], [ 128.416962435245296, 35.144996636438051 ], [ 128.415884467912917, 35.143409664488686 ], [ 128.415792658411902, 35.143221034612139 ], [ 128.414204156869744, 35.139541180306466 ], [ 128.414221645033678, 35.139457712898214 ], [ 128.415833679343962, 35.133340537225777 ], [ 128.415853371887522, 35.133316558667332 ], [ 128.415936275572619, 35.133215650284917 ], [ 128.416204866093096, 35.133000893481146 ], [ 128.416468581478057, 35.132869847526948 ], [ 128.416765987394342, 35.132752759399921 ], [ 128.417173868328604, 35.132622312781855 ], [ 128.417335460201087, 35.132532517165387 ], [ 128.417497421832877, 35.132407910787038 ], [ 128.418612933063145, 35.131096325913838 ], [ 128.418912228723599, 35.130728404587032 ], [ 128.420004724919465, 35.129068333061689 ], [ 128.420069337303516, 35.128915309848104 ], [ 128.420121731388292, 35.128706556924612 ], [ 128.420122717689424, 35.128567193058515 ], [ 128.420090106140748, 35.128385876375567 ], [ 128.419952923980759, 35.128082899209026 ], [ 128.42012442131562, 35.127617560160274 ], [ 128.420425483822129, 35.126889454140411 ], [ 128.420598361559769, 35.126598424971959 ], [ 128.421462707932363, 35.125229897036292 ], [ 128.421529153234388, 35.125127556341639 ], [ 128.421615071814216, 35.125063165558501 ], [ 128.421839225794201, 35.124966891111576 ], [ 128.428858325001841, 35.122695055353006 ], [ 128.429016158700676, 35.122652625084015 ], [ 128.429210675336009, 35.122619029417045 ], [ 128.430380350840011, 35.122445354304993 ], [ 128.430535385338317, 35.122426618204585 ], [ 128.430729760573058, 35.122414655329614 ], [ 128.432460021100837, 35.122476223662751 ], [ 128.432643360954756, 35.122490523049741 ], [ 128.43411898091361, 35.122870949329638 ], [ 128.434858012417578, 35.123068645121499 ], [ 128.435615914087606, 35.123203870754537 ], [ 128.436072205269795, 35.12327946490813 ], [ 128.4363425016397, 35.123313086409581 ], [ 128.436594549682241, 35.123305598053449 ], [ 128.439273777332062, 35.123162672247382 ], [ 128.440041106447353, 35.123075541775549 ], [ 128.443386439110213, 35.122661322175411 ], [ 128.443528346386699, 35.122636120913839 ], [ 128.445769251792484, 35.122076490357664 ], [ 128.445953549875441, 35.121995305331332 ], [ 128.448431942220452, 35.119907307416831 ], [ 128.44854685384604, 35.119802461113039 ], [ 128.449324441507457, 35.119001196845886 ], [ 128.449394862763938, 35.11892112212017 ], [ 128.449484342278737, 35.118779737718292 ], [ 128.44954584086625, 35.118655558388525 ], [ 128.450397333217182, 35.116571177626582 ], [ 128.452884477565931, 35.113526623386257 ], [ 128.454180506061931, 35.111016186054997 ], [ 128.454777711962635, 35.110104274884954 ], [ 128.455155484761804, 35.109871903783329 ], [ 128.458452289832479, 35.11046446325205 ], [ 128.458777071614577, 35.110525264301927 ], [ 128.459119800507636, 35.110605947986159 ], [ 128.45958263042013, 35.110736614362473 ], [ 128.459912856728465, 35.110886492643615 ], [ 128.465031759853076, 35.110259969911944 ], [ 128.467165697195327, 35.109829614411865 ], [ 128.467235707456808, 35.109808827422718 ], [ 128.467303509857345, 35.109772805126099 ], [ 128.467728761497625, 35.109441749819986 ], [ 128.468477019695797, 35.108885007352647 ], [ 128.468710817721131, 35.108708649841944 ], [ 128.46885609303834, 35.108565606131968 ], [ 128.469010551093248, 35.108394495163004 ], [ 128.469099909019889, 35.108264634426867 ], [ 128.469184792811546, 35.1081155629508 ], [ 128.470235701730246, 35.105662921408687 ], [ 128.470240643613295, 35.105609313694188 ], [ 128.470224692696377, 35.105567053180359 ], [ 128.470194735769638, 35.105519059139347 ], [ 128.466871468470771, 35.102227228231953 ], [ 128.465859860163931, 35.101084538852007 ], [ 128.46377417489424, 35.101752510775086 ], [ 128.462930933031004, 35.102161832147594 ], [ 128.461320266672033, 35.103827678557955 ], [ 128.458601524827088, 35.104683628963237 ], [ 128.451692702828922, 35.105664544399723 ], [ 128.451115197063586, 35.105646504901614 ], [ 128.450832136151917, 35.105101071968072 ], [ 128.450960157590742, 35.104865733072366 ], [ 128.451214600944837, 35.104397998798902 ], [ 128.45232243380525, 35.103486675359825 ], [ 128.452649011957504, 35.103058692993415 ], [ 128.451181379480147, 35.10080610120022 ], [ 128.450633828266064, 35.10076277342921 ], [ 128.449657320093223, 35.100796739725745 ], [ 128.449540941151128, 35.100800780161464 ], [ 128.449016269774688, 35.100333056433151 ], [ 128.448273282229877, 35.099543632770001 ], [ 128.447862627547948, 35.098650460624377 ], [ 128.447784708060539, 35.097678480033075 ], [ 128.448637191739039, 35.096071733928525 ], [ 128.452153648102978, 35.093619951934734 ], [ 128.454465842550547, 35.092120410791871 ], [ 128.455874178519394, 35.091570283496615 ], [ 128.457993425071578, 35.090906452343098 ], [ 128.461281189280726, 35.089369273862864 ], [ 128.461444805166622, 35.088997917738851 ], [ 128.461693899447312, 35.088601922903123 ], [ 128.462737500899777, 35.087580537512977 ], [ 128.465964616661125, 35.085638231958654 ], [ 128.470491528022563, 35.084036775927899 ], [ 128.473360405098646, 35.083128865809918 ], [ 128.477382989102097, 35.082206823706976 ], [ 128.478320635037022, 35.081995837351357 ], [ 128.479200719056905, 35.081960163736767 ], [ 128.47999066649237, 35.08063841483866 ], [ 128.479685893076407, 35.078895888335374 ], [ 128.47822608151543, 35.077092585193988 ], [ 128.476227942963362, 35.075744851561559 ], [ 128.475011267582204, 35.075634912706882 ], [ 128.474282629262603, 35.0756437659903 ], [ 128.473771866717357, 35.075949327118984 ], [ 128.473485721978278, 35.076925710130617 ], [ 128.473381753263794, 35.077899886324445 ], [ 128.471726721653681, 35.080439545973228 ], [ 128.470895805760421, 35.081522312766708 ], [ 128.470172451325624, 35.08183044898464 ], [ 128.469321854768737, 35.081815804743073 ], [ 128.468055916728872, 35.081332183096883 ], [ 128.466797915366499, 35.080443683591938 ], [ 128.465902897490338, 35.079811528006879 ], [ 128.465620711633733, 35.079315990137175 ], [ 128.465230989548928, 35.077898759192486 ], [ 128.464965800345055, 35.076654626579128 ], [ 128.46507390546904, 35.075904937941282 ], [ 128.465103000993849, 35.074133393002718 ], [ 128.464974410267729, 35.073735790237265 ], [ 128.461594388345361, 35.071506426177386 ], [ 128.46016882979373, 35.071598399698289 ], [ 128.459474570984355, 35.071831267192806 ], [ 128.458093117692187, 35.072696058658209 ], [ 128.457369358611516, 35.072979169400362 ], [ 128.455433838141033, 35.073426475638009 ], [ 128.453163920407462, 35.073852802422167 ], [ 128.450308285818181, 35.073098710383704 ], [ 128.447432885005327, 35.071910657899309 ], [ 128.446484721002946, 35.071522813152448 ], [ 128.446090046113909, 35.07152751482819 ], [ 128.444851892427465, 35.071916458553588 ], [ 128.444185313549099, 35.071999213478897 ], [ 128.440539083043348, 35.071867912372781 ], [ 128.439836880693434, 35.071651721182612 ], [ 128.439161960454101, 35.071260589246222 ], [ 128.439309382380713, 35.071009380374385 ], [ 128.439944305143399, 35.070852155463648 ], [ 128.440428310592836, 35.070746641040941 ], [ 128.440813343096352, 35.070193248434947 ], [ 128.440675255708896, 35.069246919746476 ], [ 128.439019008999622, 35.066572333929408 ], [ 128.438380188878909, 35.066505048974655 ], [ 128.437347157056138, 35.066467393459071 ], [ 128.43598453755402, 35.065296112721789 ], [ 128.431627940701475, 35.059235654228225 ], [ 128.432347755689904, 35.058728206977605 ], [ 128.432240146523128, 35.057781504588895 ], [ 128.432053672661254, 35.05753424570559 ], [ 128.428095008327489, 35.055111149007118 ], [ 128.427424189404974, 35.05494442372099 ], [ 128.426762043205287, 35.055276492370396 ], [ 128.423717956886179, 35.056559584856309 ], [ 128.422422501112067, 35.056291899300319 ], [ 128.422656916686407, 35.057098907677641 ], [ 128.423510474003535, 35.060525596867421 ], [ 128.423532641817218, 35.060662261196427 ], [ 128.423535809425516, 35.06077341245841 ], [ 128.423507967656633, 35.06088126607996 ], [ 128.423400514235709, 35.061071297630328 ], [ 128.423388477006796, 35.061131630603604 ], [ 128.423403501916994, 35.061191999208425 ], [ 128.424571662988058, 35.064119298341545 ], [ 128.425983965440054, 35.067479760648176 ], [ 128.42736716866915, 35.070878018772781 ], [ 128.426938444812862, 35.072559189277619 ], [ 128.4263372860174, 35.074061677496296 ], [ 128.424971856024854, 35.075820937149764 ], [ 128.425473930279651, 35.078563447940937 ], [ 128.4263484936574, 35.079372581653246 ], [ 128.426486412194379, 35.079453099577236 ], [ 128.426607561891785, 35.079532457859763 ], [ 128.426718299439187, 35.079611749515323 ], [ 128.426798016472219, 35.079688837273245 ], [ 128.426882683820168, 35.079795688957837 ], [ 128.426973649986166, 35.079927095994442 ], [ 128.427029867199735, 35.08004020006814 ], [ 128.428102162962659, 35.082744461056556 ], [ 128.428221884805566, 35.083390301687778 ], [ 128.428279640578921, 35.084586310854391 ], [ 128.42828179928992, 35.084637422917076 ], [ 128.428255558012694, 35.084690578316192 ], [ 128.427113224818044, 35.086436769103194 ], [ 128.427054426356051, 35.086501382085132 ], [ 128.426963168931081, 35.086598924069285 ], [ 128.426778216688035, 35.086766243562209 ], [ 128.426554344519815, 35.086931295776026 ], [ 128.42639955065323, 35.087033861041562 ], [ 128.426209944926427, 35.087128785102934 ], [ 128.423793575367881, 35.088322658628556 ], [ 128.423606656659217, 35.088391983514136 ], [ 128.423408154463658, 35.088458202540082 ], [ 128.423286229794115, 35.088487368365662 ], [ 128.423169682544426, 35.088499595439018 ], [ 128.423063532954046, 35.088499094325059 ], [ 128.422979398724152, 35.088486969553337 ], [ 128.422899266911116, 35.08846749072481 ], [ 128.422832278435152, 35.088435166409212 ], [ 128.42279489413005, 35.088417679503131 ], [ 128.422357361092395, 35.088340331587013 ], [ 128.421917975640554, 35.088275133832468 ], [ 128.421525060199883, 35.088245857248275 ], [ 128.421278487017275, 35.088237836716054 ], [ 128.421008652151897, 35.088233832678299 ], [ 128.420618665345813, 35.088253874154454 ], [ 128.420295251201111, 35.088289364539676 ], [ 128.420168348302383, 35.088324369207619 ], [ 128.419931258748164, 35.088402720908654 ], [ 128.419760860892154, 35.088478609603833 ], [ 128.419560213877759, 35.088581762880153 ], [ 128.419332513595066, 35.088728658208716 ], [ 128.419151589715767, 35.088881288552862 ], [ 128.418970000765142, 35.08911061972163 ], [ 128.418686768042363, 35.089586171955688 ], [ 128.418335400905931, 35.09026688739997 ], [ 128.418213870941969, 35.090485613091516 ], [ 128.418059126091663, 35.090687660005457 ], [ 128.417776994856155, 35.091006915236008 ], [ 128.417535497611198, 35.091225056870798 ], [ 128.417321344175889, 35.091361025636552 ], [ 128.41713399793295, 35.091458828259476 ], [ 128.413285385732138, 35.092404925797211 ], [ 128.412564650829665, 35.092546735202305 ], [ 128.411964076684143, 35.092660261244951 ], [ 128.411484145889403, 35.092679833698874 ], [ 128.411280949536206, 35.092663787126895 ], [ 128.411158032477431, 35.092646617568953 ], [ 128.411097886850541, 35.092638203215579 ], [ 128.41062219995797, 35.092526292691019 ], [ 128.410416001889871, 35.09246912483065 ], [ 128.4102798381073, 35.092419163746072 ], [ 128.410070668636479, 35.092302953200416 ], [ 128.409656510541907, 35.09197761278061 ], [ 128.409513979222652, 35.091882363342549 ], [ 128.409430836610142, 35.091854562067972 ], [ 128.40841982275694, 35.091585072884065 ], [ 128.408349965000355, 35.091571026722747 ], [ 128.404145981146314, 35.090977674476257 ], [ 128.399865085509418, 35.090426156972981 ], [ 128.399818535863147, 35.090417735279736 ], [ 128.399795388931039, 35.090390212467454 ], [ 128.399249943667684, 35.089344647116327 ], [ 128.399220489920424, 35.089278797615691 ], [ 128.399214156131279, 35.089229364190835 ], [ 128.399228407803719, 35.089096579797463 ], [ 128.399457008014878, 35.087921905197163 ], [ 128.400017809058568, 35.086876431718153 ], [ 128.401075736945756, 35.085727851583918 ], [ 128.401105942556967, 35.085692396158841 ], [ 128.401112949117902, 35.085648532618414 ], [ 128.400874676408193, 35.084061872814239 ], [ 128.400868190242448, 35.084034444597584 ], [ 128.400835055467013, 35.084006871712859 ], [ 128.400665955123969, 35.083904636870912 ], [ 128.400529916049976, 35.083824464162539 ], [ 128.399805522119777, 35.08355911719984 ], [ 128.39971905864158, 35.083536801649146 ], [ 128.399675734627436, 35.083539366509591 ], [ 128.399508666571421, 35.083607042732709 ], [ 128.398384584843512, 35.084238621306952 ], [ 128.398304207684305, 35.084298519371607 ], [ 128.398173429124597, 35.084412984315804 ], [ 128.397985148480899, 35.084635495714956 ], [ 128.397461884559817, 35.085187299140379 ], [ 128.395782406255165, 35.086285509430226 ], [ 128.395561387108813, 35.08638364307464 ], [ 128.395288848747413, 35.08646430048293 ], [ 128.39442898325558, 35.086692193290268 ], [ 128.393169706251967, 35.087207402545879 ], [ 128.393107556424894, 35.087233679428515 ], [ 128.39299650482883, 35.087317313394841 ], [ 128.392453757929729, 35.088033138789896 ], [ 128.39050774243745, 35.091374289805856 ], [ 128.390485514218199, 35.091458361031791 ], [ 128.3898765862414, 35.09489015273423 ], [ 128.38984518725357, 35.096247422672718 ], [ 128.389844843405939, 35.096293929093441 ], [ 128.38990838511225, 35.096433788629362 ], [ 128.390089692832078, 35.096680571931827 ], [ 128.390289536719251, 35.096897914725787 ], [ 128.390353500324892, 35.096982415102694 ], [ 128.390372002463238, 35.097031281705284 ], [ 128.390385022081063, 35.097093346966943 ], [ 128.390357095432279, 35.097221661820818 ], [ 128.389979744789457, 35.098716348318931 ], [ 128.389933475311665, 35.098787054229227 ], [ 128.387039512164534, 35.102007892529983 ], [ 128.386779000329199, 35.102261291117877 ], [ 128.386581020433738, 35.102437575413212 ], [ 128.386330056192548, 35.102601711448195 ], [ 128.386113984603696, 35.10267586996703 ], [ 128.385749745199803, 35.10274936868295 ], [ 128.385305038826544, 35.102786960674251 ], [ 128.384727451282004, 35.102790239449874 ], [ 128.384533501491461, 35.102795928736036 ], [ 128.384312353779393, 35.102830219412098 ], [ 128.384028829167136, 35.10291747731037 ], [ 128.383552986016554, 35.103085849554226 ], [ 128.382883632791021, 35.103373941307254 ], [ 128.382557664313396, 35.103534246195437 ], [ 128.379212206215954, 35.105198665866197 ], [ 128.377464637245879, 35.106741627489434 ], [ 128.3761574410984, 35.1081044753846 ], [ 128.376035579911587, 35.108220303797971 ], [ 128.375127080148758, 35.108777417357011 ], [ 128.374739525297116, 35.108982001539296 ], [ 128.37406051992636, 35.109316226162932 ], [ 128.373866504374973, 35.109386259043596 ], [ 128.3731593604154, 35.109715000832594 ], [ 128.373017446384353, 35.109754103224347 ], [ 128.372799020525321, 35.109774521470932 ], [ 128.369809105484791, 35.109441520906309 ], [ 128.369142731103238, 35.109330965989365 ], [ 128.366832114639351, 35.108815675330725 ], [ 128.36523578429788, 35.108387912094237 ], [ 128.365092884826396, 35.108357695517284 ], [ 128.364959364116203, 35.108362393930818 ], [ 128.363001676492331, 35.108801688014594 ], [ 128.362769865552281, 35.108891417274222 ], [ 128.362069373748284, 35.109247641845712 ], [ 128.361425824518079, 35.109544039793171 ], [ 128.361004629836714, 35.109713142968673 ], [ 128.360838471101204, 35.10973904295782 ], [ 128.36060726330021, 35.109751254283182 ], [ 128.360229127271822, 35.109701836635736 ], [ 128.357891844870579, 35.10915162382986 ], [ 128.357739270300925, 35.109097274612132 ], [ 128.357655121025374, 35.109043288697414 ], [ 128.357497844190902, 35.108888413782473 ], [ 128.353117706011261, 35.109670862424316 ], [ 128.352902201041218, 35.109750104889422 ], [ 128.352748582611099, 35.109840243223132 ], [ 128.352477821228348, 35.110027794651032 ], [ 128.35213720991203, 35.110293670718505 ], [ 128.350242323733994, 35.111801462444646 ], [ 128.35014733080024, 35.111883887067414 ], [ 128.35011743848608, 35.111945367693096 ], [ 128.351635714199091, 35.113624416061207 ], [ 128.351922730200215, 35.113865530856273 ], [ 128.352362494163714, 35.114223915461366 ], [ 128.352672923212737, 35.114487877697087 ], [ 128.352808552656086, 35.114619846619945 ], [ 128.352939665415619, 35.114865074557663 ], [ 128.353804014608983, 35.118307769833727 ], [ 128.35379651667742, 35.1184388863431 ], [ 128.353767344816532, 35.118506686295092 ], [ 128.353717487453793, 35.118553631523014 ], [ 128.353633058484633, 35.118605024805312 ], [ 128.353372039330566, 35.118694669615181 ], [ 128.353166226665877, 35.118779194105834 ], [ 128.353038548571988, 35.118874867833554 ], [ 128.352786074399773, 35.119103806002101 ], [ 128.352608551214502, 35.119355855205292 ], [ 128.352089149252834, 35.120887244950517 ], [ 128.352015710192802, 35.121114449328992 ], [ 128.351994697191088, 35.121301717991585 ], [ 128.351026704460509, 35.123644969385147 ], [ 128.350720291579051, 35.124101122361544 ], [ 128.350300726242239, 35.124563233346834 ], [ 128.35007107911386, 35.124786878659776 ], [ 128.349805671061688, 35.124996914385079 ], [ 128.348998356774473, 35.125558346292237 ], [ 128.348325928045142, 35.126194584408033 ], [ 128.347947353359416, 35.126835558348397 ], [ 128.348199625861099, 35.129041682822788 ], [ 128.348806527189055, 35.131010860402277 ], [ 128.352195292017058, 35.13391641530292 ], [ 128.352608022829003, 35.134141430621668 ], [ 128.353281095017053, 35.134480871084584 ], [ 128.353739106755683, 35.134683597575105 ], [ 128.353929270621592, 35.134723375684921 ], [ 128.354027498501893, 35.134733548838469 ], [ 128.354145410707758, 35.134724535872394 ], [ 128.354346180413302, 35.134670721600337 ], [ 128.354748067904296, 35.134521069953884 ], [ 128.354992145254982, 35.1344577546134 ], [ 128.355281149554145, 35.134430264147625 ], [ 128.355567720400416, 35.134460811214353 ], [ 128.355846202266719, 35.134513939843927 ], [ 128.357526383361289, 35.134913707804778 ], [ 128.357734190614764, 35.134969697295958 ], [ 128.357835775307166, 35.135041351453246 ], [ 128.357933234400178, 35.135135522870101 ], [ 128.358020596507231, 35.135271641062673 ], [ 128.358063015433487, 35.135375167561669 ], [ 128.358109070150931, 35.135504559411388 ], [ 128.358112212297357, 35.1356079744764 ], [ 128.358031796634975, 35.135843338427932 ], [ 128.35792475963467, 35.135962186927543 ], [ 128.35786958245356, 35.135987760836983 ], [ 128.357477183654709, 35.136172978718818 ], [ 128.357315351777203, 35.136269006714819 ], [ 128.357169119222362, 35.136390991097151 ], [ 128.35710148601882, 35.136494021330101 ], [ 128.357024904505153, 35.136745454448409 ], [ 128.35697778713822, 35.136987468388924 ], [ 128.356882377699066, 35.137871901447753 ], [ 128.35686538929582, 35.138036490602943 ], [ 128.356875275495184, 35.138272329656218 ], [ 128.35699108540004, 35.138544258145515 ], [ 128.357144414584553, 35.138774366776467 ], [ 128.357233907801429, 35.13887813038118 ], [ 128.357869573060526, 35.13948865232129 ], [ 128.358026014400423, 35.139576736155846 ], [ 128.359448113939294, 35.140339956400943 ], [ 128.359841691540055, 35.1405100486419 ], [ 128.360921499461568, 35.14058354442583 ], [ 128.361123875113691, 35.14057820931869 ], [ 128.361257699808561, 35.14055629576707 ], [ 128.362112212093166, 35.141939399137094 ], [ 128.360948359571978, 35.144481351166633 ], [ 128.360772699287111, 35.144772457598897 ], [ 128.360377314790583, 35.145305752222377 ], [ 128.360129610219275, 35.14560332310397 ], [ 128.359959555152045, 35.14572409938441 ], [ 128.359713476377181, 35.145830599228233 ], [ 128.359531256010797, 35.145864435719623 ], [ 128.359311284945647, 35.14587362062337 ], [ 128.359154634210228, 35.145893706607552 ], [ 128.359027412868897, 35.145941700183023 ], [ 128.358972021970203, 35.145993504413987 ], [ 128.358635293252064, 35.146866021715972 ], [ 128.358632722834528, 35.146914677875046 ], [ 128.358692807452542, 35.147074894069355 ], [ 128.359260824882568, 35.148511664001262 ], [ 128.359330785753457, 35.148643269565717 ], [ 128.36051196787804, 35.150008209419816 ], [ 128.360670104919137, 35.150189753588478 ], [ 128.360839563588002, 35.150298541115404 ], [ 128.360989684971088, 35.150369359616569 ], [ 128.36133643870923, 35.150484858223635 ], [ 128.361633539068691, 35.150594318696122 ], [ 128.361742600233555, 35.150723147038292 ], [ 128.361815909118491, 35.150863518713088 ], [ 128.362194701380503, 35.152200661909127 ], [ 128.361738689182658, 35.154532089968605 ], [ 128.361415282695617, 35.156057887301714 ], [ 128.361310353324541, 35.162307092548112 ], [ 128.361465447706991, 35.163244494454901 ], [ 128.36316336029671, 35.16815527955211 ], [ 128.364318265074417, 35.170327791897463 ], [ 128.364529407403865, 35.170573979493263 ], [ 128.364735280842098, 35.170820136690054 ], [ 128.36491599242072, 35.171210654231494 ], [ 128.365056890218938, 35.171583368034447 ], [ 128.365108520482011, 35.171789320758954 ], [ 128.365107662342922, 35.171898742596177 ], [ 128.365095137810698, 35.172139418379643 ], [ 128.364814584733324, 35.174995800844634 ], [ 128.36450019706092, 35.178077263915782 ], [ 128.366275990771499, 35.182013502956181 ], [ 128.36683683513931, 35.183120582335356 ], [ 128.366738302560151, 35.186854552471864 ], [ 128.366716830227318, 35.186934302067677 ], [ 128.36669881640492, 35.187019834637375 ], [ 128.366704710933448, 35.187165344558139 ], [ 128.366806910853796, 35.187859178181363 ], [ 128.366938072386233, 35.188416159941163 ], [ 128.366971716943368, 35.188550459824967 ], [ 128.3670694411162, 35.188930437300158 ], [ 128.367225949958481, 35.189347766933409 ], [ 128.367548786283891, 35.189808775236394 ], [ 128.367741384284358, 35.19004656437474 ], [ 128.367854770329103, 35.19020695705418 ], [ 128.367978229486567, 35.19039869197907 ], [ 128.368101377558446, 35.190644662387342 ], [ 128.368159183880266, 35.190807657775807 ], [ 128.368185281331222, 35.191024566528483 ], [ 128.368170046718717, 35.191189971840892 ], [ 128.368063413008514, 35.191956892440444 ], [ 128.367972846789201, 35.192435657690872 ], [ 128.36791189776369, 35.192692129399163 ], [ 128.36777927639767, 35.193213488284627 ], [ 128.367568130534437, 35.194019795047552 ], [ 128.367536060730316, 35.19413374111025 ], [ 128.36947880613792, 35.194284136804221 ], [ 128.371444030086082, 35.193883548324607 ], [ 128.374186037531132, 35.19337929321599 ], [ 128.374323357987294, 35.193376894299242 ], [ 128.374462393963199, 35.193402766730053 ], [ 128.375636329095158, 35.193866443759909 ], [ 128.375807105682156, 35.194018744046438 ], [ 128.375971540935666, 35.194211391424879 ], [ 128.376099312618976, 35.19437356918322 ], [ 128.376805638504408, 35.195465672688847 ], [ 128.37687191801632, 35.195629147800105 ], [ 128.376883316792998, 35.195747013919863 ], [ 128.376878383781985, 35.195859662165482 ], [ 128.376796391776537, 35.196143598654643 ], [ 128.376704666296632, 35.196349990811612 ], [ 128.376572918996601, 35.196705960930721 ], [ 128.376537066355723, 35.196842060226572 ], [ 128.376515852679034, 35.196944604857634 ], [ 128.376426103410239, 35.197423569981559 ], [ 128.376412829442813, 35.197551393399074 ], [ 128.376422491416491, 35.197637170523144 ], [ 128.3764885365282, 35.198103576440026 ], [ 128.37652873315011, 35.198201314201754 ], [ 128.376603650704567, 35.198312747762941 ], [ 128.380231711169131, 35.201376375590669 ], [ 128.380418890207665, 35.201527044864996 ], [ 128.380645442147198, 35.201640963623156 ], [ 128.380974505127341, 35.201718363869098 ], [ 128.381475681112704, 35.201789880244185 ], [ 128.381788779229339, 35.201828442901203 ], [ 128.382183782523072, 35.201857410183287 ], [ 128.382396594433601, 35.201885445342484 ], [ 128.382615306056493, 35.201947129216677 ], [ 128.382805079832679, 35.202032204916712 ], [ 128.38494547637336, 35.203272346802947 ], [ 128.385193615692941, 35.203438464072811 ], [ 128.386919244900781, 35.20461463790555 ], [ 128.387097036630564, 35.204744695345575 ], [ 128.388621482670061, 35.206032132423417 ], [ 128.388854102306169, 35.206248106816858 ], [ 128.389032088025374, 35.206457030468819 ], [ 128.389296681634733, 35.206860542451082 ], [ 128.392346592968778, 35.205764217441967 ], [ 128.393154585796736, 35.205489587203708 ], [ 128.393438824276842, 35.205406531282819 ], [ 128.393709262182227, 35.20532751598968 ], [ 128.394007771262778, 35.205264118150062 ], [ 128.394653074064621, 35.205202362991479 ], [ 128.396687069894028, 35.205090727098295 ], [ 128.398133654786989, 35.205561449715155 ], [ 128.398447748186356, 35.205647387163886 ], [ 128.398721461413714, 35.205654337357586 ], [ 128.398981730272965, 35.205610655760374 ], [ 128.400800715848277, 35.204849766888813 ], [ 128.400917663536404, 35.204760501857152 ], [ 128.402846651751503, 35.202788097945749 ], [ 128.403019845499585, 35.202605892297669 ], [ 128.403143653793904, 35.202465362364109 ], [ 128.403210619670972, 35.202382432519585 ], [ 128.403300900655722, 35.202270628352181 ], [ 128.403440044713989, 35.202088252331123 ], [ 128.403502623981353, 35.201993161688556 ], [ 128.403565197642337, 35.201898073760169 ], [ 128.405110622213613, 35.199502734759754 ], [ 128.405581801560771, 35.198344759416102 ] ] ] } },
{ "type": "Feature", "properties": { "gu": "마산합포구", "emd": "합포동", "adm_cd": "4812564000", "adm_nm": "경상남도 창원시마산합포구 합포동", "area_km2": 0.575 }, "geometry": { "type": "Polygon", "coordinates": [ [ [ 128.587714489662886, 35.212212046176532 ], [ 128.586496516351929, 35.209580141819664 ], [ 128.584825475813091, 35.206453908243809 ], [ 128.583534911570069, 35.207653408744477 ], [ 128.583506726987736, 35.207674965377926 ], [ 128.583336574480711, 35.207805053753056 ], [ 128.581653050041524, 35.208968693493226 ], [ 128.581445027840459, 35.209057481675075 ], [ 128.581289023135099, 35.209124064131665 ], [ 128.580760050130891, 35.209322078713576 ], [ 128.579594709890443, 35.20965726984533 ], [ 128.579514797265233, 35.209666027934659 ], [ 128.578613878312723, 35.209465178650461 ], [ 128.578391675066854, 35.209404516265366 ], [ 128.57835747487394, 35.209398585023585 ], [ 128.577780381741917, 35.209298551697437 ], [ 128.577631389347488, 35.20928973613259 ], [ 128.577417615314573, 35.209302876156627 ], [ 128.577170944564955, 35.209329583628758 ], [ 128.576298663330476, 35.209424056749725 ], [ 128.575726252568046, 35.209491097223982 ], [ 128.575396740001878, 35.209540401481938 ], [ 128.575327261523967, 35.209554400144739 ], [ 128.575206145810171, 35.209594882869617 ], [ 128.575179039031781, 35.209610663703273 ], [ 128.574801596228156, 35.209839088247712 ], [ 128.576772447152706, 35.214885050740335 ], [ 128.578557113650874, 35.21609960674342 ], [ 128.578485786542956, 35.215992423754656 ], [ 128.578439854112617, 35.2159228047841 ], [ 128.578442132398607, 35.21589536326406 ], [ 128.578450128601247, 35.215864455324514 ], [ 128.578671674254281, 35.215044293479863 ], [ 128.578986613341357, 35.214396593892054 ], [ 128.579006106927778, 35.214365026211148 ], [ 128.579255040938762, 35.214119920311596 ], [ 128.579319103374075, 35.214072017526355 ], [ 128.579371208455285, 35.214041096755324 ], [ 128.579537343242038, 35.213984170610075 ], [ 128.581593940209132, 35.213289991155101 ], [ 128.582984896100754, 35.213140950212086 ], [ 128.586012165976086, 35.21268952529504 ], [ 128.587714489662886, 35.212212046176532 ] ] ] } },
{ "type": "Feature", "properties": { "gu": "마산합포구", "emd": "현동", "adm_cd": "4812551000", "adm_nm": "경상남도 창원시마산합포구 현동", "area_km2": 19.93 }, "geometry": { "type": "Polygon", "coordinates": [ [ [ 128.546682855955595, 35.181422757405329 ], [ 128.54629217241731, 35.179339924457793 ], [ 128.546297184681549, 35.179121498436416 ], [ 128.546788904946908, 35.176689357862976 ], [ 128.546865913079756, 35.176489943263356 ], [ 128.548746995619638, 35.173292234484911 ], [ 128.549090980111004, 35.172850417777823 ], [ 128.549457197733346, 35.172505409713182 ], [ 128.550974870838076, 35.171500599660142 ], [ 128.555173867840494, 35.169313618057224 ], [ 128.555961148546885, 35.168988172150364 ], [ 128.555888508163463, 35.168700088900835 ], [ 128.555868308769988, 35.168458830094863 ], [ 128.55587669957464, 35.168229453988907 ], [ 128.555925124112036, 35.168042183889696 ], [ 128.556058966972017, 35.167858463721252 ], [ 128.557468859356533, 35.166078713650471 ], [ 128.557811541007908, 35.165861540441959 ], [ 128.558248860176008, 35.165685265080647 ], [ 128.558568226477774, 35.165570987928113 ], [ 128.560692643892423, 35.165354636990266 ], [ 128.562740193435445, 35.165233535194446 ], [ 128.563114737440145, 35.161196964371278 ], [ 128.563064383964843, 35.159268314644464 ], [ 128.56442644188192, 35.157151292974625 ], [ 128.564529651919884, 35.157008114616161 ], [ 128.570234159574881, 35.151601980567527 ], [ 128.570292522418868, 35.151555774763459 ], [ 128.570626561769188, 35.151291328759939 ], [ 128.570816797074514, 35.151189026761195 ], [ 128.571151370238653, 35.151052916238982 ], [ 128.571618662238649, 35.150929746574299 ], [ 128.574779202307411, 35.150129433702404 ], [ 128.575988081326102, 35.150245129111489 ], [ 128.579113463047747, 35.150544191800861 ], [ 128.584162019456244, 35.150742675871662 ], [ 128.586772716628474, 35.150633059179107 ], [ 128.588771817639611, 35.14855289896807 ], [ 128.58789954434306, 35.148436659714349 ], [ 128.587413827963672, 35.148321762944143 ], [ 128.586817723056441, 35.148053984114931 ], [ 128.586381871813842, 35.147740042789408 ], [ 128.585932166721165, 35.147404206210716 ], [ 128.585764858581115, 35.147086740899724 ], [ 128.585499717824888, 35.14657213762726 ], [ 128.585564284516067, 35.146439016756354 ], [ 128.586257539483881, 35.146176420619391 ], [ 128.586645832519139, 35.146116236536635 ], [ 128.586863647081714, 35.146267698811819 ], [ 128.587148594421478, 35.146418290537682 ], [ 128.590835771033937, 35.146799856360275 ], [ 128.591076161719485, 35.14673056813767 ], [ 128.596353064653727, 35.143788687888225 ], [ 128.596789023300801, 35.14341920129398 ], [ 128.5975849669247, 35.142229291200387 ], [ 128.597411811027257, 35.141614294483418 ], [ 128.594296406989685, 35.137070929338797 ], [ 128.594050047372406, 35.136831658417677 ], [ 128.589921390186987, 35.134438788851533 ], [ 128.588718000491383, 35.131934772748345 ], [ 128.588342726516089, 35.131278315730256 ], [ 128.588164144310923, 35.131071216378487 ], [ 128.587356537230903, 35.130277127661671 ], [ 128.587222095249075, 35.130267856500367 ], [ 128.586996022610151, 35.130381063078936 ], [ 128.585623254799401, 35.132294925594088 ], [ 128.585334513668471, 35.133054868209022 ], [ 128.585297894650438, 35.133937146759223 ], [ 128.58491883812917, 35.134471200382364 ], [ 128.583318774500071, 35.135054268413732 ], [ 128.580910648334282, 35.136210016184272 ], [ 128.58071536347245, 35.136527797580719 ], [ 128.580625864871564, 35.136760439249095 ], [ 128.580220533639022, 35.138022328050738 ], [ 128.576492446179856, 35.137028095436854 ], [ 128.574713437532409, 35.136102914952836 ], [ 128.574668947687286, 35.133267624721903 ], [ 128.572550713614987, 35.133118665388977 ], [ 128.569329887218686, 35.132777172246996 ], [ 128.569003234011689, 35.132676762450515 ], [ 128.56874676005566, 35.132626185846682 ], [ 128.568454980048472, 35.132612700958248 ], [ 128.567815535505389, 35.132635293165769 ], [ 128.567571327171663, 35.13267093377759 ], [ 128.567209907341919, 35.132754721224579 ], [ 128.562380726798665, 35.133061266454696 ], [ 128.557302375480816, 35.133101169427448 ], [ 128.5572268832872, 35.133100903857994 ], [ 128.555600016627864, 35.132789453685085 ], [ 128.555549857045662, 35.132772784083315 ], [ 128.555519691990952, 35.132751935077053 ], [ 128.555484717873753, 35.132706294091754 ], [ 128.555369822751402, 35.132548672573989 ], [ 128.554252501156554, 35.13083414595102 ], [ 128.554143217088722, 35.130652483558379 ], [ 128.554123548840579, 35.130577964583992 ], [ 128.554134073930783, 35.130499413978747 ], [ 128.554190542693846, 35.130284460808383 ], [ 128.55418619591228, 35.130156180667193 ], [ 128.554118974896426, 35.129568441912646 ], [ 128.553955324061917, 35.129120940376652 ], [ 128.553927142433309, 35.129057293822619 ], [ 128.553827194334616, 35.12891621622731 ], [ 128.553050891881327, 35.128210028540849 ], [ 128.552903248688096, 35.128083830114413 ], [ 128.552832385979031, 35.128042203269572 ], [ 128.548895529942655, 35.12709620179205 ], [ 128.547783680295112, 35.126864372165819 ], [ 128.547609938584287, 35.126897697846147 ], [ 128.547268795515265, 35.126966359407497 ], [ 128.547207804358266, 35.126983805457058 ], [ 128.547152824146309, 35.127006046937396 ], [ 128.546916440705871, 35.127116648027751 ], [ 128.546862979513179, 35.127142681319349 ], [ 128.542247595395025, 35.132055744048984 ], [ 128.537444114323222, 35.136298041328331 ], [ 128.53707771987564, 35.137750329184762 ], [ 128.537164027362621, 35.138470752398867 ], [ 128.53728428090713, 35.139015358862189 ], [ 128.537292989214933, 35.139067398318616 ], [ 128.537292688732492, 35.139121843013655 ], [ 128.537289327310134, 35.139171306018682 ], [ 128.537175805287148, 35.140091236816488 ], [ 128.537169535904411, 35.140126933613814 ], [ 128.537157095672939, 35.140197615845281 ], [ 128.537129551759676, 35.140274221502445 ], [ 128.537090040255947, 35.140353206307338 ], [ 128.536341878652593, 35.141690188202418 ], [ 128.536192924283228, 35.141949393736418 ], [ 128.536065334245734, 35.142156753260146 ], [ 128.535977269080036, 35.142282607034886 ], [ 128.535946961062365, 35.142325735294918 ], [ 128.532336513842438, 35.147270219234123 ], [ 128.532227383749529, 35.147392289612981 ], [ 128.531964080402929, 35.14762877442358 ], [ 128.531667602633206, 35.14788866093182 ], [ 128.53150738650632, 35.148004322858938 ], [ 128.531410792346179, 35.148065776347423 ], [ 128.531314179516357, 35.148109926824681 ], [ 128.531238731021631, 35.148139380162327 ], [ 128.5311664509899, 35.148151452899484 ], [ 128.531076066120505, 35.148163437119123 ], [ 128.53100973964456, 35.148170657691828 ], [ 128.530958521746754, 35.148185249779822 ], [ 128.530904161454231, 35.148212249448321 ], [ 128.530846695263108, 35.148261516170855 ], [ 128.530661913374445, 35.148450078830024 ], [ 128.530552685921378, 35.148608021578156 ], [ 128.530491786269096, 35.14872162281133 ], [ 128.530458247738892, 35.148810555986039 ], [ 128.530439701918738, 35.148885912294496 ], [ 128.530430278262514, 35.148940326318197 ], [ 128.530377186826314, 35.149279028508232 ], [ 128.530375493272203, 35.149314934880159 ], [ 128.532986315743159, 35.152547598808276 ], [ 128.534064608290322, 35.153499428608129 ], [ 128.534208820824773, 35.153518459077155 ], [ 128.534460034543912, 35.153595680336117 ], [ 128.535185811666793, 35.153821563998079 ], [ 128.535346931666453, 35.153896184538169 ], [ 128.537248555753678, 35.154837280152542 ], [ 128.537359238414808, 35.154924779161291 ], [ 128.5385178306162, 35.156128628797575 ], [ 128.538842527323794, 35.156546657269651 ], [ 128.538971414945848, 35.15671470264806 ], [ 128.539010757951587, 35.156782356589254 ], [ 128.539845998375426, 35.158253751818997 ], [ 128.540943901006187, 35.160212234576534 ], [ 128.540979313652286, 35.160278699821639 ], [ 128.541000102781851, 35.160348446564676 ], [ 128.540999842616117, 35.16039463683159 ], [ 128.54095624552096, 35.160613814244144 ], [ 128.54089552374964, 35.160810621384144 ], [ 128.540874073471684, 35.160860565235879 ], [ 128.540839384859083, 35.160899636885823 ], [ 128.537746435648501, 35.163066757924398 ], [ 128.535031683151317, 35.164386359865375 ], [ 128.534785454620248, 35.164372339849272 ], [ 128.534581373808891, 35.164378041354844 ], [ 128.534447579270932, 35.16439600553808 ], [ 128.534203600526979, 35.164432106081286 ], [ 128.534081565082118, 35.164466429448133 ], [ 128.533997981158535, 35.164495488738176 ], [ 128.533801437989865, 35.164584059278774 ], [ 128.533732278183976, 35.164625071349391 ], [ 128.533657820607601, 35.164687967030325 ], [ 128.528873871196652, 35.168518949288448 ], [ 128.525100832492711, 35.170911669417372 ], [ 128.524500181121766, 35.171474167174651 ], [ 128.52440822411927, 35.1715641236758 ], [ 128.524000530525257, 35.171976153670499 ], [ 128.523945768353116, 35.172051006179075 ], [ 128.522343523230319, 35.174412237649825 ], [ 128.522239548651754, 35.174600758057501 ], [ 128.52215353253672, 35.174819174052864 ], [ 128.522101039840777, 35.175007888322085 ], [ 128.522091086216989, 35.175151244882962 ], [ 128.522102160768185, 35.175322815753653 ], [ 128.522125779206732, 35.175432238695322 ], [ 128.52216452080927, 35.175526861135417 ], [ 128.52151414502697, 35.177273508502367 ], [ 128.520887745269306, 35.17807781319744 ], [ 128.523297552073302, 35.17985352688325 ], [ 128.523577038574359, 35.180062394511154 ], [ 128.523770130218622, 35.180233954025844 ], [ 128.528964713948227, 35.184920307024711 ], [ 128.529002591743875, 35.184957512583139 ], [ 128.529043867044265, 35.18501453044928 ], [ 128.529067147196827, 35.185185427607728 ], [ 128.529079456744796, 35.185467230179974 ], [ 128.529032456287496, 35.185774050346005 ], [ 128.528925659380633, 35.186205012443097 ], [ 128.528928747707482, 35.186259107872509 ], [ 128.528945868091682, 35.186299009956159 ], [ 128.529004575980935, 35.186341970583143 ], [ 128.529104858046537, 35.186390759726919 ], [ 128.531265595991755, 35.187296808256008 ], [ 128.531348617610121, 35.187331289680429 ], [ 128.531480174413701, 35.187365973493719 ], [ 128.531563325242388, 35.18737773076532 ], [ 128.534282158244082, 35.187694977330743 ], [ 128.540071897879614, 35.189416200458538 ], [ 128.540109922554876, 35.189430586346191 ], [ 128.540147904194725, 35.189450643166396 ], [ 128.540227054895411, 35.189570460973037 ], [ 128.540749085650191, 35.189176257694946 ], [ 128.540997843309896, 35.188782787656002 ], [ 128.541284286825004, 35.188520943711723 ], [ 128.541547949132394, 35.188322097848719 ], [ 128.542328217532116, 35.187922758617049 ], [ 128.543072103553726, 35.187731005365876 ], [ 128.543660006330185, 35.187378247078115 ], [ 128.543807921625785, 35.187263109903149 ], [ 128.544740621287303, 35.185941396192661 ], [ 128.545176309033479, 35.185322493390473 ], [ 128.545183463124545, 35.185188420677669 ], [ 128.544928044824047, 35.184389247667973 ], [ 128.545255230435401, 35.183569808803846 ], [ 128.545984860379065, 35.182044220047814 ], [ 128.546553263596564, 35.181522109354148 ], [ 128.546682855955595, 35.181422757405329 ] ] ] } },
{ "type": "Feature", "properties": { "gu": "마산회원구", "emd": "구암1동", "adm_cd": "4812760000", "adm_nm": "경상남도 창원시마산회원구 구암1동", "area_km2": 3.473 }, "geometry": { "type": "Polygon", "coordinates": [ [ [ 128.600160583211306, 35.255500776634506 ], [ 128.597828118676205, 35.254168443048229 ], [ 128.597758325657765, 35.254121597145335 ], [ 128.597462203866399, 35.253922744578013 ], [ 128.597025905809858, 35.253617658417433 ], [ 128.596372074123138, 35.252910273191574 ], [ 128.596248769408476, 35.252602813867995 ], [ 128.596094178855964, 35.252169160507812 ], [ 128.596004077866269, 35.251771114170523 ], [ 128.595960626969088, 35.25134123259469 ], [ 128.595917739269453, 35.25073927564803 ], [ 128.596254199240917, 35.249934756408173 ], [ 128.596399847952085, 35.249586487685654 ], [ 128.596451812950363, 35.249462201167184 ], [ 128.596007894431864, 35.249220758063139 ], [ 128.595880239583181, 35.249151335646665 ], [ 128.595629346842401, 35.249015427662385 ], [ 128.594423397738694, 35.248362180393009 ], [ 128.591345117940051, 35.246705913839094 ], [ 128.589878809743311, 35.245919014296227 ], [ 128.587139261564374, 35.247471298976606 ], [ 128.587045565876679, 35.249059429596365 ], [ 128.586473504693089, 35.250980113152373 ], [ 128.586253782888264, 35.251589002278287 ], [ 128.58498619681842, 35.254824704908486 ], [ 128.58378285995596, 35.256260951037483 ], [ 128.582568908313675, 35.257515587506035 ], [ 128.582326988295904, 35.257752010791982 ], [ 128.581809953894748, 35.25804776809494 ], [ 128.57964321687254, 35.259287148323864 ], [ 128.579124929070048, 35.259436932538478 ], [ 128.575185092104135, 35.259482437126493 ], [ 128.57427049270234, 35.259466020011175 ], [ 128.570860818336399, 35.259401208178147 ], [ 128.569894425307496, 35.259315382455334 ], [ 128.569815682633134, 35.259775087519444 ], [ 128.569510282681051, 35.260270273731358 ], [ 128.568468650945277, 35.260940041043341 ], [ 128.567890494142432, 35.26120974705934 ], [ 128.566905994712869, 35.261385607051338 ], [ 128.568666667726347, 35.26358210088177 ], [ 128.569034760463012, 35.263714388916689 ], [ 128.569281863393257, 35.263825912594442 ], [ 128.572422572271336, 35.26530701352938 ], [ 128.574865280400189, 35.266766784212571 ], [ 128.575327291903932, 35.267072710350057 ], [ 128.577422722614216, 35.268546255689806 ], [ 128.578188175481841, 35.26913369958983 ], [ 128.580534606325983, 35.269818610712633 ], [ 128.581427665675875, 35.270306236223448 ], [ 128.581617572566955, 35.270390985040166 ], [ 128.581827065750872, 35.270463786464397 ], [ 128.585721581030214, 35.271458274888566 ], [ 128.58589463123576, 35.271498918853851 ], [ 128.587619719240195, 35.271544890721586 ], [ 128.591237343938985, 35.271585427825102 ], [ 128.591200180457577, 35.271545921898444 ], [ 128.590925523883499, 35.271298857810535 ], [ 128.590788475413746, 35.271159000902344 ], [ 128.590656334491541, 35.270955107763591 ], [ 128.590263524054166, 35.27008349271658 ], [ 128.590182057500272, 35.269845859725386 ], [ 128.590183108400112, 35.269638656702853 ], [ 128.590232557638728, 35.269393930889365 ], [ 128.590275075485067, 35.269156724154954 ], [ 128.590290410595145, 35.268851615734604 ], [ 128.59021238462023, 35.268387945194327 ], [ 128.589404998974402, 35.266418579925286 ], [ 128.588859323587059, 35.265365597486962 ], [ 128.588352126569532, 35.264422016791677 ], [ 128.588251998345243, 35.264248359834951 ], [ 128.58813590437714, 35.264052065291466 ], [ 128.587990572074546, 35.263735078994863 ], [ 128.587945253881259, 35.263618139453634 ], [ 128.587909044390472, 35.263516290054788 ], [ 128.587911925933241, 35.263457007691031 ], [ 128.587921867096185, 35.263252629600295 ], [ 128.587974119814533, 35.262909961806407 ], [ 128.588002352650136, 35.262774423404885 ], [ 128.588111184717604, 35.262590196853139 ], [ 128.589105385932385, 35.261203378114402 ], [ 128.589294388036876, 35.261057096983841 ], [ 128.589446358744738, 35.260967191097393 ], [ 128.58971789953867, 35.260840022211148 ], [ 128.591074336166571, 35.260452806621188 ], [ 128.591267306263262, 35.260427087797474 ], [ 128.591404977447752, 35.260442627513378 ], [ 128.59156999790693, 35.260495939316691 ], [ 128.591744102119549, 35.260571873381394 ], [ 128.592076389955366, 35.260689793958029 ], [ 128.592168053837895, 35.260720250202922 ], [ 128.592282790837345, 35.260731932199086 ], [ 128.592370123329118, 35.260713386639985 ], [ 128.596053760031481, 35.259233767333996 ], [ 128.596174575402898, 35.259164380043188 ], [ 128.596348305043364, 35.259064599128443 ], [ 128.596453717052384, 35.259004042139715 ], [ 128.598929547304607, 35.256443738725274 ], [ 128.600160583211306, 35.255500776634506 ] ] ] } },
{ "type": "Feature", "properties": { "gu": "마산회원구", "emd": "구암2동", "adm_cd": "4812761000", "adm_nm": "경상남도 창원시마산회원구 구암2동", "area_km2": 0.764 }, "geometry": { "type": "Polygon", "coordinates": [ [ [ 128.602297782284836, 35.253335483868554 ], [ 128.60302297864331, 35.251302609148631 ], [ 128.602145489182249, 35.245873892300196 ], [ 128.601421412664536, 35.245641443550632 ], [ 128.600823712487227, 35.246069124678108 ], [ 128.600730448089365, 35.246096364394297 ], [ 128.600575855973176, 35.246111333123295 ], [ 128.597452693280758, 35.245964426271996 ], [ 128.596898833089995, 35.24582605556472 ], [ 128.595053512695415, 35.24519793460663 ], [ 128.594616563321182, 35.244983449040731 ], [ 128.594555660766446, 35.244953530382979 ], [ 128.592785913990639, 35.244007064789777 ], [ 128.591056856633969, 35.243001404655104 ], [ 128.590565315471991, 35.242114854292922 ], [ 128.590407756859406, 35.242138349224469 ], [ 128.590367024919004, 35.242310509081356 ], [ 128.59035969158802, 35.242341509066577 ], [ 128.590249130731564, 35.243066803906792 ], [ 128.589878809743311, 35.245919014296227 ], [ 128.591345117940051, 35.246705913839094 ], [ 128.594423397738694, 35.248362180393009 ], [ 128.595629346842401, 35.249015427662385 ], [ 128.595880239583181, 35.249151335646665 ], [ 128.596007894431864, 35.249220758063139 ], [ 128.596451812950363, 35.249462201167184 ], [ 128.596399847952085, 35.249586487685654 ], [ 128.596254199240917, 35.249934756408173 ], [ 128.595917739269453, 35.25073927564803 ], [ 128.595960626969088, 35.25134123259469 ], [ 128.596004077866269, 35.251771114170523 ], [ 128.596094178855964, 35.252169160507812 ], [ 128.596248769408476, 35.252602813867995 ], [ 128.596372074123138, 35.252910273191574 ], [ 128.597025905809858, 35.253617658417433 ], [ 128.597462203866399, 35.253922744578013 ], [ 128.597758325657765, 35.254121597145335 ], [ 128.597828118676205, 35.254168443048229 ], [ 128.600160583211306, 35.255500776634506 ], [ 128.602297782284836, 35.253335483868554 ] ] ] } },
{ "type": "Feature", "properties": { "gu": "마산회원구", "emd": "내서읍", "adm_cd": "4812725000", "adm_nm": "경상남도 창원시마산회원구 내서읍", "area_km2": 56.291 }, "geometry": { "type": "Polygon", "coordinates": [ [ [ 128.578188175481841, 35.26913369958983 ], [ 128.577422722614216, 35.268546255689806 ], [ 128.575327291903932, 35.267072710350057 ], [ 128.574865280400189, 35.266766784212571 ], [ 128.572422572271336, 35.26530701352938 ], [ 128.569281863393257, 35.263825912594442 ], [ 128.569034760463012, 35.263714388916689 ], [ 128.568666667726347, 35.26358210088177 ], [ 128.566905994712869, 35.261385607051338 ], [ 128.566947628095448, 35.260803199681597 ], [ 128.566915409345285, 35.26065406551637 ], [ 128.566893761217585, 35.260581723859303 ], [ 128.566844552060189, 35.260522849762644 ], [ 128.563297203563963, 35.256926704592381 ], [ 128.558408664287953, 35.254086488164752 ], [ 128.554877629486242, 35.251888264241948 ], [ 128.552603384974645, 35.250007151146782 ], [ 128.552552345594933, 35.249976130035783 ], [ 128.552429901544173, 35.249925301137722 ], [ 128.55230727661575, 35.249885639791202 ], [ 128.551794983750113, 35.249759397836527 ], [ 128.551574372918083, 35.249709197680055 ], [ 128.551343446371618, 35.249708343300895 ], [ 128.551071853475293, 35.249797859429925 ], [ 128.549363275586984, 35.250474425175192 ], [ 128.54884919836465, 35.250684306430145 ], [ 128.548342872501621, 35.250923249062275 ], [ 128.548171722928402, 35.251034564228178 ], [ 128.544988066885566, 35.250906770592415 ], [ 128.539156957971954, 35.249065127462309 ], [ 128.539122435901533, 35.249050919858874 ], [ 128.539100136916971, 35.249030465198146 ], [ 128.539067906580243, 35.248978613551635 ], [ 128.536712830809677, 35.243627934605328 ], [ 128.535802732716036, 35.241470515100453 ], [ 128.535290177684772, 35.24128024368531 ], [ 128.534859300741203, 35.240982207808642 ], [ 128.534532590198779, 35.240478888331531 ], [ 128.534382583383433, 35.239876729963797 ], [ 128.534388019989336, 35.239370571526948 ], [ 128.534802131060189, 35.238597916291098 ], [ 128.53499944036443, 35.237581418076779 ], [ 128.535001720922025, 35.237529787603535 ], [ 128.535001990230512, 35.23748273492194 ], [ 128.53498407133597, 35.237407407567161 ], [ 128.534931680634827, 35.237310041796441 ], [ 128.534794679912864, 35.237119068773708 ], [ 128.534727928257809, 35.237034179327807 ], [ 128.531762958380995, 35.234133932856039 ], [ 128.530196230788107, 35.232628019160735 ], [ 128.529180900351491, 35.230952907005872 ], [ 128.529449937034428, 35.226076012504727 ], [ 128.529468479942267, 35.226003979765991 ], [ 128.529529744618941, 35.225894891454374 ], [ 128.529627288081031, 35.225761165891967 ], [ 128.5301518833393, 35.22507779917548 ], [ 128.529007884064413, 35.222463911519299 ], [ 128.528209348098471, 35.221082109530698 ], [ 128.528132654441663, 35.220991050180729 ], [ 128.528052489643812, 35.220931418842589 ], [ 128.527932610608218, 35.220864353273399 ], [ 128.527649520847405, 35.220720104209015 ], [ 128.52746438062988, 35.220617610442488 ], [ 128.52737535108642, 35.220554083867967 ], [ 128.527333303903504, 35.220511747909953 ], [ 128.527300400548995, 35.220446992947927 ], [ 128.527252746485004, 35.220312584402592 ], [ 128.527176828597533, 35.220088668699702 ], [ 128.526756731515547, 35.218442083751007 ], [ 128.52675103208162, 35.21838492069174 ], [ 128.526762038343492, 35.2183054629865 ], [ 128.526977850906064, 35.217364591108108 ], [ 128.527001124203224, 35.217270228507502 ], [ 128.527069188053957, 35.217012085648818 ], [ 128.527106331078585, 35.216875576137383 ], [ 128.527135481464086, 35.216832169810516 ], [ 128.527191205101559, 35.216766504063472 ], [ 128.532000965821197, 35.211958212428272 ], [ 128.532209227722717, 35.21180003264152 ], [ 128.532432103453829, 35.211659936059391 ], [ 128.533177169732056, 35.211235848359799 ], [ 128.535539445742046, 35.209904128976071 ], [ 128.535974021361426, 35.207009794957322 ], [ 128.536087233920057, 35.206473391335983 ], [ 128.537921268970109, 35.205629293605732 ], [ 128.538016043013755, 35.205589911542987 ], [ 128.538103733599741, 35.205559951211939 ], [ 128.539103393861069, 35.205310054613221 ], [ 128.539131560158893, 35.205222988999097 ], [ 128.539170787390134, 35.205006383835176 ], [ 128.539178064100497, 35.204942050808022 ], [ 128.539176139007481, 35.204875711211514 ], [ 128.538368764428014, 35.20174110454964 ], [ 128.538303837284587, 35.201572933859417 ], [ 128.53827009758308, 35.201404804064296 ], [ 128.538117936785028, 35.200120705345562 ], [ 128.538101459534346, 35.199966971296114 ], [ 128.538059159664328, 35.199430327021709 ], [ 128.538059565070199, 35.199359110995722 ], [ 128.539433747629971, 35.194463884089977 ], [ 128.540640426831516, 35.192208858287245 ], [ 128.540227054895411, 35.189570460973037 ], [ 128.540147904194725, 35.189450643166396 ], [ 128.540109922554876, 35.189430586346191 ], [ 128.540071897879614, 35.189416200458538 ], [ 128.534282158244082, 35.187694977330743 ], [ 128.531563325242388, 35.18737773076532 ], [ 128.531480174413701, 35.187365973493719 ], [ 128.531348617610121, 35.187331289680429 ], [ 128.531265595991755, 35.187296808256008 ], [ 128.529104858046537, 35.186390759726919 ], [ 128.529004575980935, 35.186341970583143 ], [ 128.528945868091682, 35.186299009956159 ], [ 128.528928747707482, 35.186259107872509 ], [ 128.528925659380633, 35.186205012443097 ], [ 128.529032456287496, 35.185774050346005 ], [ 128.529079456744796, 35.185467230179974 ], [ 128.529067147196827, 35.185185427607728 ], [ 128.529043867044265, 35.18501453044928 ], [ 128.529002591743875, 35.184957512583139 ], [ 128.528964713948227, 35.184920307024711 ], [ 128.523770130218622, 35.180233954025844 ], [ 128.523577038574359, 35.180062394511154 ], [ 128.523297552073302, 35.17985352688325 ], [ 128.520887745269306, 35.17807781319744 ], [ 128.520298078544755, 35.177802911230565 ], [ 128.517297897512464, 35.177048698200601 ], [ 128.517243475308845, 35.177043532488327 ], [ 128.517158647214472, 35.177058159487032 ], [ 128.51626608046044, 35.177290734152862 ], [ 128.515879767374656, 35.177403197890165 ], [ 128.515597673150637, 35.177506535354503 ], [ 128.515103815863171, 35.177720511193009 ], [ 128.514382195053173, 35.178078236316814 ], [ 128.514346409897684, 35.178096589256924 ], [ 128.514121050939792, 35.178166691370443 ], [ 128.513807181578557, 35.178242223573449 ], [ 128.513598193351584, 35.178273286044785 ], [ 128.513468497815609, 35.178280157403051 ], [ 128.511791816627692, 35.178172727400359 ], [ 128.51171050691994, 35.178165001267253 ], [ 128.511603255542212, 35.17814734436471 ], [ 128.508653217988041, 35.177407186874412 ], [ 128.507545332920216, 35.178078225335177 ], [ 128.506913838109313, 35.17844880503219 ], [ 128.50632739870548, 35.178791633297344 ], [ 128.506289705030468, 35.178798145469649 ], [ 128.504290963311092, 35.178161086806348 ], [ 128.503114084221465, 35.177754163338285 ], [ 128.502821354802734, 35.177619747182369 ], [ 128.501943614991234, 35.178060309524284 ], [ 128.499355571612142, 35.179362324411876 ], [ 128.498316470769396, 35.180041585739993 ], [ 128.498069226415225, 35.180239947920541 ], [ 128.497787517244689, 35.180491321458042 ], [ 128.497676263356368, 35.180622904524107 ], [ 128.497613898521621, 35.180695294044341 ], [ 128.497529484207462, 35.180763989763165 ], [ 128.497449649716856, 35.180803588655209 ], [ 128.49733008971441, 35.180839408425612 ], [ 128.497148720725335, 35.18086038153357 ], [ 128.497064728911852, 35.180860037919992 ], [ 128.493587395718833, 35.180461618419919 ], [ 128.490738761831352, 35.180093885411566 ], [ 128.490650606603538, 35.180057183538985 ], [ 128.490544635044188, 35.180045834450191 ], [ 128.487943060770647, 35.180249164077239 ], [ 128.487743881232774, 35.180288350519788 ], [ 128.486753267859712, 35.18061042737704 ], [ 128.486593570628003, 35.180689694168443 ], [ 128.484878125020629, 35.181831157468736 ], [ 128.48462507322273, 35.182004388446799 ], [ 128.480174662565588, 35.185573911530582 ], [ 128.480091122580376, 35.185659718987388 ], [ 128.479921894972847, 35.185855125486626 ], [ 128.479845921517864, 35.185974671617672 ], [ 128.478969284147809, 35.18771903293861 ], [ 128.480730920953818, 35.18931749323972 ], [ 128.482456473780246, 35.191627268232736 ], [ 128.483834920051095, 35.193576988348298 ], [ 128.484029721252483, 35.194127905745759 ], [ 128.484077750574841, 35.194226176187144 ], [ 128.485047406750681, 35.195924297750004 ], [ 128.485269730084809, 35.196293707326106 ], [ 128.485466949268272, 35.196570534444596 ], [ 128.487027757424954, 35.198339557637489 ], [ 128.487115600405218, 35.198427103255746 ], [ 128.487278062745418, 35.198558290734994 ], [ 128.487436562133553, 35.198653342550209 ], [ 128.487568401795869, 35.198729970484287 ], [ 128.487749232399949, 35.198803392642262 ], [ 128.48806687320166, 35.198913614300544 ], [ 128.488181560548753, 35.19895773117895 ], [ 128.488247542251145, 35.199012441550586 ], [ 128.488313383154008, 35.199088981541514 ], [ 128.48999413674332, 35.202061759275779 ], [ 128.490020005701666, 35.202174435753193 ], [ 128.49038637677549, 35.204481604762869 ], [ 128.4901052287629, 35.20679758514926 ], [ 128.490072039785446, 35.206977075657719 ], [ 128.490039801204915, 35.207020746474967 ], [ 128.487536499532325, 35.209060044983907 ], [ 128.485486322621597, 35.210696173817027 ], [ 128.484393005071269, 35.211550033952527 ], [ 128.484242910099738, 35.211665494684318 ], [ 128.484178755087896, 35.211684950357053 ], [ 128.482107669692653, 35.211980463863632 ], [ 128.480250583182112, 35.212160872540046 ], [ 128.480127963363174, 35.212151589912317 ], [ 128.479719490194867, 35.212226453455216 ], [ 128.479489792741958, 35.212284584270158 ], [ 128.479126342926349, 35.212412270037703 ], [ 128.479021729845385, 35.212506016725484 ], [ 128.478978663430695, 35.212575850228646 ], [ 128.478459130111503, 35.215000281043785 ], [ 128.478434182109311, 35.215979194199633 ], [ 128.478430134167013, 35.216200363585422 ], [ 128.476681032976103, 35.21861360039091 ], [ 128.474927242147629, 35.220886726916348 ], [ 128.474207916387059, 35.222347267818556 ], [ 128.475009099663424, 35.223859307144686 ], [ 128.475174592196737, 35.224307638805442 ], [ 128.475337133218119, 35.224753421520035 ], [ 128.475339405600124, 35.224876649306665 ], [ 128.475159176959352, 35.226218655804388 ], [ 128.475003056173421, 35.227158519231175 ], [ 128.475072205472884, 35.233902043333288 ], [ 128.475318919494754, 35.236236585266262 ], [ 128.475354660405515, 35.2363652605667 ], [ 128.475384019615376, 35.236447856306363 ], [ 128.475547167624882, 35.236582676528919 ], [ 128.475669939581337, 35.236691280617492 ], [ 128.475762645547746, 35.236813641132763 ], [ 128.475780009846716, 35.236862656292473 ], [ 128.475809651643658, 35.237734638147053 ], [ 128.475284351857709, 35.238848740354385 ], [ 128.474378476306896, 35.241374743687075 ], [ 128.47582885494657, 35.247785452649758 ], [ 128.476865696558463, 35.249802706370687 ], [ 128.478686578772226, 35.253069534948906 ], [ 128.478836455132665, 35.253242152286873 ], [ 128.481372288716955, 35.25525284368581 ], [ 128.481687619445381, 35.255483138988325 ], [ 128.481940800986763, 35.255635459003436 ], [ 128.482959609127363, 35.256106010534076 ], [ 128.483223305083101, 35.25621483552186 ], [ 128.483681821231698, 35.256341458370137 ], [ 128.483833136306259, 35.256408799468964 ], [ 128.483918901409311, 35.256470285152965 ], [ 128.485195663512513, 35.257595453507207 ], [ 128.487710851549394, 35.26219301329774 ], [ 128.488590336749837, 35.263586588679196 ], [ 128.490978419573167, 35.265573845667092 ], [ 128.491041860765904, 35.265656121768423 ], [ 128.491082649349181, 35.265741649043122 ], [ 128.491097837740597, 35.265878536243108 ], [ 128.49113973197953, 35.266418154315886 ], [ 128.491052963705044, 35.267812326803053 ], [ 128.490946925020694, 35.268562500052944 ], [ 128.490507001692805, 35.269961573720579 ], [ 128.490629491996486, 35.271931405063 ], [ 128.490743468623549, 35.27343619583587 ], [ 128.490779943897081, 35.273648889486054 ], [ 128.490810545606706, 35.273691021289352 ], [ 128.491338018839514, 35.273899274847324 ], [ 128.493302060272214, 35.274503499269954 ], [ 128.493395963962229, 35.274532298053295 ], [ 128.497283247089769, 35.2756300373795 ], [ 128.497314599147643, 35.275635818207419 ], [ 128.497352414288002, 35.275642775602101 ], [ 128.497398351107421, 35.275643419340987 ], [ 128.49756543275538, 35.275552719871328 ], [ 128.498951768987752, 35.274850137873308 ], [ 128.501294512158864, 35.273846390734867 ], [ 128.50143963456415, 35.273809828277933 ], [ 128.503268467117465, 35.27340355421294 ], [ 128.50335114004173, 35.273390938729413 ], [ 128.503395348941069, 35.273389225879299 ], [ 128.503446522702802, 35.27341173055121 ], [ 128.503569685294252, 35.273511341007911 ], [ 128.503683841763575, 35.273601015862234 ], [ 128.503774124485744, 35.273648472957809 ], [ 128.503960867306603, 35.273716134492865 ], [ 128.504126847219453, 35.273726745330165 ], [ 128.504356221208155, 35.273735109275783 ], [ 128.506103994988166, 35.27375219361776 ], [ 128.506182522487904, 35.273745070207582 ], [ 128.506297471003421, 35.273705897359484 ], [ 128.50713584911, 35.273347543128608 ], [ 128.507204003655801, 35.273309428919347 ], [ 128.507272162445361, 35.273271307423386 ], [ 128.507350977463602, 35.27321712340639 ], [ 128.507429911561019, 35.273143085671471 ], [ 128.507472615222838, 35.27307142342935 ], [ 128.508587804775544, 35.270865686269275 ], [ 128.508710494882848, 35.270546546176789 ], [ 128.511047248876196, 35.268994978807925 ], [ 128.515568979774571, 35.268510206579926 ], [ 128.515631158858525, 35.268506106828077 ], [ 128.5157109142352, 35.268500856838621 ], [ 128.516688986464771, 35.268492399659046 ], [ 128.518580654089561, 35.268658551967022 ], [ 128.518686239462085, 35.268668873244778 ], [ 128.518900228580918, 35.268724236205884 ], [ 128.519418509108903, 35.268879937504757 ], [ 128.519621258872803, 35.268951451478962 ], [ 128.519795043231198, 35.269012759984747 ], [ 128.520147425385773, 35.269147955227268 ], [ 128.52035216225832, 35.269237988350895 ], [ 128.520926803596183, 35.269562396266416 ], [ 128.521576646918646, 35.269929227665251 ], [ 128.521697184410073, 35.269966867335917 ], [ 128.524315386613949, 35.270227378394623 ], [ 128.524577606713365, 35.270250313178323 ], [ 128.524666536990622, 35.270250660901489 ], [ 128.524729134506259, 35.270246809893564 ], [ 128.524777729399858, 35.270243818628536 ], [ 128.524875777586942, 35.270207702657686 ], [ 128.524913966221135, 35.270178610012856 ], [ 128.524947241213312, 35.270153252166111 ], [ 128.524978941934165, 35.270054854625336 ], [ 128.52495499013483, 35.269479720221945 ], [ 128.524888496995572, 35.269282125811849 ], [ 128.524936456952844, 35.269057437193879 ], [ 128.525042290733012, 35.268963186712597 ], [ 128.525171886197853, 35.268880904431825 ], [ 128.52538065522279, 35.268790442003883 ], [ 128.525582169004849, 35.268716924223611 ], [ 128.52561528272625, 35.268705089689455 ], [ 128.525807124880572, 35.26864878137723 ], [ 128.527914510506832, 35.268221755397967 ], [ 128.529376262324547, 35.268579769976519 ], [ 128.529848922102701, 35.268625648551364 ], [ 128.53115006975159, 35.267871523190173 ], [ 128.53185650817673, 35.267387290950396 ], [ 128.532416351947631, 35.266994837279647 ], [ 128.532676753088509, 35.266484551982444 ], [ 128.533428400845736, 35.266520762231032 ], [ 128.533569895148446, 35.266538150146985 ], [ 128.533734990725407, 35.266558446046595 ], [ 128.534196943006293, 35.266640498775644 ], [ 128.53463658708327, 35.266733423320311 ], [ 128.534757049270723, 35.266763757139785 ], [ 128.534871916643908, 35.266792699654722 ], [ 128.534969025914421, 35.266841718747393 ], [ 128.535075855996269, 35.266895654270037 ], [ 128.535372539483376, 35.26710842356605 ], [ 128.53543508019888, 35.267178537485989 ], [ 128.535522765715598, 35.26727684639301 ], [ 128.53566809338281, 35.267521868661248 ], [ 128.535733973380218, 35.267664437855579 ], [ 128.535724211354648, 35.267817635926761 ], [ 128.53570958609609, 35.268040153364275 ], [ 128.535655153427825, 35.268229681907989 ], [ 128.535551327433865, 35.268502939803149 ], [ 128.535515041562633, 35.268626848309168 ], [ 128.535496594250901, 35.268743548671509 ], [ 128.535522599447319, 35.26886040322681 ], [ 128.535623611649811, 35.269079713596284 ], [ 128.536663115563556, 35.270805911786724 ], [ 128.537462162141793, 35.271823342799536 ], [ 128.537638885464276, 35.272024699252619 ], [ 128.538164691909543, 35.272614157058982 ], [ 128.538244272853944, 35.272694734733946 ], [ 128.538281928574378, 35.272718596609913 ], [ 128.538319596340642, 35.272742452960571 ], [ 128.53841294127659, 35.272750109252904 ], [ 128.538501975563577, 35.27273221174169 ], [ 128.542266252580504, 35.271527866654054 ], [ 128.543973450558042, 35.270793635728417 ], [ 128.5441293950405, 35.270735842776794 ], [ 128.544341245083217, 35.27069194569517 ], [ 128.544579028812819, 35.270642675879216 ], [ 128.544797114707421, 35.270607022976805 ], [ 128.544894850309163, 35.270621980332244 ], [ 128.545148059032869, 35.270666720509325 ], [ 128.554724914511411, 35.275694769810677 ], [ 128.554988771789738, 35.275838680792326 ], [ 128.555130694047449, 35.27594435993133 ], [ 128.555170862652517, 35.275999298838691 ], [ 128.555208150192783, 35.276050308219297 ], [ 128.555256252926, 35.276221192499705 ], [ 128.555332492991596, 35.276423046462746 ], [ 128.555374307657104, 35.276495251086949 ], [ 128.55539788661261, 35.276520741538988 ], [ 128.55541809998806, 35.276542590726883 ], [ 128.555502309322861, 35.276588972689161 ], [ 128.556899601022252, 35.277312266656416 ], [ 128.556999722844552, 35.277336866188968 ], [ 128.557112116528486, 35.277343100859142 ], [ 128.557308866601431, 35.277326523907348 ], [ 128.558384881851708, 35.27715475744661 ], [ 128.558579265188911, 35.27712129678843 ], [ 128.561101203735433, 35.27639510892142 ], [ 128.561849541668607, 35.276163957310438 ], [ 128.562534407259278, 35.276247812997134 ], [ 128.562683116296569, 35.276247950243082 ], [ 128.562908004768218, 35.276196972399653 ], [ 128.568923236847297, 35.273946616781586 ], [ 128.570974860185345, 35.273140863794382 ], [ 128.574177485268962, 35.271710329007504 ], [ 128.574559109126369, 35.271535473857213 ], [ 128.576253105601182, 35.270524378125934 ], [ 128.576392632877344, 35.270440774594014 ], [ 128.577609776186023, 35.269612176255741 ], [ 128.577737218232528, 35.269508514327178 ], [ 128.578188175481841, 35.26913369958983 ] ] ] } },
{ "type": "Feature", "properties": { "gu": "마산회원구", "emd": "봉암동", "adm_cd": "4812762000", "adm_nm": "경상남도 창원시마산회원구 봉암동", "area_km2": 5.65 }, "geometry": { "type": "Polygon", "coordinates": [ [ [ 128.62565224328003, 35.214595824283734 ], [ 128.624395726582463, 35.213642012643412 ], [ 128.622259867266251, 35.213100111234318 ], [ 128.619506777833607, 35.212514915984329 ], [ 128.617655825175973, 35.212610142365271 ], [ 128.614725976128796, 35.212832910564309 ], [ 128.613591011408488, 35.213060948797953 ], [ 128.612910137313662, 35.213163366112894 ], [ 128.609529506998626, 35.213208322423817 ], [ 128.608924965341146, 35.213112888848876 ], [ 128.60816079113269, 35.212878067798265 ], [ 128.605393781332907, 35.211779756505138 ], [ 128.60326474370089, 35.210915142514303 ], [ 128.602662104304585, 35.210723648086038 ], [ 128.600368645636166, 35.210729838286682 ], [ 128.600262839074929, 35.210755481880902 ], [ 128.598671907967514, 35.210811752728205 ], [ 128.598195261882466, 35.210818040336179 ], [ 128.593726184429727, 35.210567187712819 ], [ 128.593724899174816, 35.209763809137407 ], [ 128.588172123506013, 35.209558181395828 ], [ 128.586496516351929, 35.209580141819664 ], [ 128.587714489662886, 35.212212046176532 ], [ 128.588117895923261, 35.213074221390357 ], [ 128.588404216669176, 35.213633423373089 ], [ 128.588428063014135, 35.213679990566419 ], [ 128.588487259746017, 35.213767431225612 ], [ 128.5885818501568, 35.213869430037768 ], [ 128.588997964200615, 35.214177033418764 ], [ 128.589378522038942, 35.214420449840034 ], [ 128.589856479057801, 35.214726166420597 ], [ 128.589950309661077, 35.214805716095576 ], [ 128.589988739100562, 35.214873085431812 ], [ 128.590012050392119, 35.215043157068003 ], [ 128.590012389110541, 35.215170972009133 ], [ 128.590003896659653, 35.215818912415159 ], [ 128.589983020884659, 35.217411513679913 ], [ 128.589974341708029, 35.218073591709278 ], [ 128.589961036854675, 35.21833998510764 ], [ 128.589598407774957, 35.21890523956472 ], [ 128.59133631574386, 35.221331285927832 ], [ 128.592790292725454, 35.221251760695175 ], [ 128.593811035966866, 35.221195921293635 ], [ 128.594448813104577, 35.222767320704108 ], [ 128.594346365753637, 35.223374025925295 ], [ 128.594258901157417, 35.223647280657737 ], [ 128.594030698135384, 35.224078880293696 ], [ 128.593937861821928, 35.22420157624687 ], [ 128.593727517350061, 35.224439644018446 ], [ 128.593125760905252, 35.225343637050898 ], [ 128.59349411748326, 35.227220199273013 ], [ 128.59358269926895, 35.227585187721864 ], [ 128.593645485947803, 35.227768628337429 ], [ 128.593750737006303, 35.228072569143848 ], [ 128.593832897807289, 35.228205689941909 ], [ 128.593954210847755, 35.228350227923976 ], [ 128.600447111127266, 35.231178009337697 ], [ 128.601119605961571, 35.231449762854126 ], [ 128.603316814934971, 35.232255581165781 ], [ 128.604020607199061, 35.232509449893698 ], [ 128.605967752946043, 35.233211782301417 ], [ 128.606290314191426, 35.233320749258567 ], [ 128.606919322374125, 35.233609870053272 ], [ 128.607610379679869, 35.235040934099182 ], [ 128.607708643681519, 35.235545858089651 ], [ 128.60776672812915, 35.235844333257852 ], [ 128.607744975417319, 35.236539255332275 ], [ 128.607593773917756, 35.239018689744469 ], [ 128.607420865142473, 35.240006637565479 ], [ 128.606871991589287, 35.242050881801916 ], [ 128.607034699958263, 35.241756125067738 ], [ 128.607491702530439, 35.240948575858084 ], [ 128.607770114394555, 35.240559745754517 ], [ 128.608156412388496, 35.240076715330979 ], [ 128.608341357822411, 35.239953295115974 ], [ 128.612249440563119, 35.238525048441943 ], [ 128.615527128927226, 35.235466679517131 ], [ 128.615581947461635, 35.235376254335712 ], [ 128.615819745496225, 35.234375847398617 ], [ 128.615035186169024, 35.230083365921431 ], [ 128.614288221218061, 35.227662717881458 ], [ 128.614264893994573, 35.227601261390738 ], [ 128.613330334744177, 35.226491431171709 ], [ 128.613154190057969, 35.226296986787986 ], [ 128.612559905606361, 35.225709503787343 ], [ 128.611952022265115, 35.225222066582155 ], [ 128.611830511103079, 35.225087609292586 ], [ 128.611052736817953, 35.223536132049404 ], [ 128.611063756580165, 35.223399498901429 ], [ 128.611103862925063, 35.223234767416201 ], [ 128.611320036801743, 35.222364769909248 ], [ 128.611367567659698, 35.22230020249571 ], [ 128.611434658627161, 35.222258417882536 ], [ 128.612171325515988, 35.221805895680667 ], [ 128.612427763526057, 35.221674225897814 ], [ 128.61267240114762, 35.221552144935799 ], [ 128.613869672987022, 35.221062773914035 ], [ 128.614945995555615, 35.221079478135948 ], [ 128.615005102698518, 35.221053791088877 ], [ 128.615068332080313, 35.221015231903259 ], [ 128.616097953622017, 35.220272646270203 ], [ 128.617172314108672, 35.219213161374256 ], [ 128.62014042802565, 35.218220659390497 ], [ 128.622454442705049, 35.217500365999207 ], [ 128.62565224328003, 35.214595824283734 ] ] ] } },
{ "type": "Feature", "properties": { "gu": "마산회원구", "emd": "석전동", "adm_cd": "4812754500", "adm_nm": "경상남도 창원시마산회원구 석전동", "area_km2": 2.094 }, "geometry": { "type": "Polygon", "coordinates": [ [ [ 128.581085015332974, 35.236209379165423 ], [ 128.581214018073268, 35.234874845942223 ], [ 128.580409164969836, 35.233898793841547 ], [ 128.576076169362665, 35.228224186700956 ], [ 128.573080311845928, 35.225608580953278 ], [ 128.570525345069512, 35.225361507156634 ], [ 128.57035695764057, 35.224277824385211 ], [ 128.569870302986004, 35.224266908561852 ], [ 128.567930178303328, 35.224305849515119 ], [ 128.567109727479334, 35.22445793030591 ], [ 128.565828241336561, 35.224766283894304 ], [ 128.564140544323095, 35.224995709436371 ], [ 128.563196702172803, 35.225112848016842 ], [ 128.562317226979388, 35.225095394583811 ], [ 128.560565057076218, 35.225042575218204 ], [ 128.561212899254429, 35.226559869299351 ], [ 128.561986566534785, 35.227738523376182 ], [ 128.562805148792336, 35.228732389603771 ], [ 128.565760019107074, 35.232157165005887 ], [ 128.565932438348653, 35.232349688614327 ], [ 128.566458625104616, 35.232908596063282 ], [ 128.566576169770485, 35.23302015556046 ], [ 128.566305263359936, 35.233158108485959 ], [ 128.566269016155161, 35.233187582895255 ], [ 128.565113253848097, 35.234783360740529 ], [ 128.565008519203758, 35.23555007918393 ], [ 128.565169069668229, 35.235844640433804 ], [ 128.56686309778172, 35.237917785468696 ], [ 128.569660735349117, 35.240318768202641 ], [ 128.572546014973966, 35.242902583210295 ], [ 128.57371357014793, 35.243910122002553 ], [ 128.573978045536506, 35.244116581172683 ], [ 128.574161812152767, 35.244238117037135 ], [ 128.574337367353053, 35.244045566594785 ], [ 128.575027264921459, 35.243181025267027 ], [ 128.575114557392055, 35.243028669052784 ], [ 128.575215383619735, 35.242835451273045 ], [ 128.575265901922023, 35.242718393245354 ], [ 128.575292929483254, 35.242639432347545 ], [ 128.575297340015084, 35.242565258223742 ], [ 128.575300713493078, 35.242479048111143 ], [ 128.57525755107676, 35.242351988166995 ], [ 128.575211308128701, 35.242253649827973 ], [ 128.575124219479932, 35.242143192745623 ], [ 128.5750283883836, 35.242027926289992 ], [ 128.574935323567388, 35.241943782841652 ], [ 128.574798877348911, 35.241773274612406 ], [ 128.574262147101194, 35.240946361131535 ], [ 128.574230490436719, 35.240852859212644 ], [ 128.573914338741616, 35.239544361237648 ], [ 128.573893252049544, 35.239391817900675 ], [ 128.573778095309052, 35.237051327505199 ], [ 128.573781144128418, 35.236912688060514 ], [ 128.573973584649025, 35.236797554054206 ], [ 128.574013883920571, 35.236794192118445 ], [ 128.575008947227701, 35.236837319067348 ], [ 128.577124961670307, 35.238350192469966 ], [ 128.57911376431511, 35.239201970836803 ], [ 128.579972805343289, 35.239138214264116 ], [ 128.581085015332974, 35.236209379165423 ] ] ] } },
{ "type": "Feature", "properties": { "gu": "마산회원구", "emd": "양덕1동", "adm_cd": "4812756000", "adm_nm": "경상남도 창원시마산회원구 양덕1동", "area_km2": 1.015 }, "geometry": { "type": "Polygon", "coordinates": [ [ [ 128.600447111127266, 35.231178009337697 ], [ 128.593954210847755, 35.228350227923976 ], [ 128.593832897807289, 35.228205689941909 ], [ 128.593750737006303, 35.228072569143848 ], [ 128.593645485947803, 35.227768628337429 ], [ 128.591272934522152, 35.228466415176356 ], [ 128.587369587438332, 35.228072530824683 ], [ 128.586954129009683, 35.227645630915646 ], [ 128.58690890364872, 35.227681654234985 ], [ 128.586728358982839, 35.227877088010842 ], [ 128.586547822161918, 35.228072515137093 ], [ 128.584970402667466, 35.229794593641365 ], [ 128.584865742846091, 35.229919162247938 ], [ 128.584726477337767, 35.230086058948807 ], [ 128.584405854510607, 35.230484568418177 ], [ 128.583759782014255, 35.231318274914969 ], [ 128.583439144221728, 35.231777940338539 ], [ 128.582779629317116, 35.232539267964896 ], [ 128.582458622550206, 35.232825516952282 ], [ 128.581919544972436, 35.233137741978098 ], [ 128.58185771657287, 35.233173551180435 ], [ 128.581237297934223, 35.233516179132124 ], [ 128.581045864419792, 35.233613664793097 ], [ 128.580409164969836, 35.233898793841547 ], [ 128.581214018073268, 35.234874845942223 ], [ 128.582146348312392, 35.235403415442626 ], [ 128.584470802775286, 35.237717154174035 ], [ 128.58959555837572, 35.235133901129956 ], [ 128.590414953595229, 35.235182918112436 ], [ 128.592551600140581, 35.234999866122166 ], [ 128.59384090684901, 35.234698007739276 ], [ 128.594620921145236, 35.234448719955303 ], [ 128.594889795629115, 35.23402132945143 ], [ 128.595266658247425, 35.23345829104111 ], [ 128.595728911664992, 35.232983713291816 ], [ 128.596624178166508, 35.232364438676832 ], [ 128.598013441539052, 35.231666216571185 ], [ 128.598780988576493, 35.2314496056064 ], [ 128.600447111127266, 35.231178009337697 ] ] ] } },
{ "type": "Feature", "properties": { "gu": "마산회원구", "emd": "양덕2동", "adm_cd": "4812757000", "adm_nm": "경상남도 창원시마산회원구 양덕2동", "area_km2": 1.691 }, "geometry": { "type": "Polygon", "coordinates": [ [ [ 128.593645485947803, 35.227768628337429 ], [ 128.59358269926895, 35.227585187721864 ], [ 128.59349411748326, 35.227220199273013 ], [ 128.593125760905252, 35.225343637050898 ], [ 128.593727517350061, 35.224439644018446 ], [ 128.593937861821928, 35.22420157624687 ], [ 128.594030698135384, 35.224078880293696 ], [ 128.594258901157417, 35.223647280657737 ], [ 128.594346365753637, 35.223374025925295 ], [ 128.594448813104577, 35.222767320704108 ], [ 128.593811035966866, 35.221195921293635 ], [ 128.592790292725454, 35.221251760695175 ], [ 128.59133631574386, 35.221331285927832 ], [ 128.589598407774957, 35.21890523956472 ], [ 128.58713180843975, 35.220673901884815 ], [ 128.584790644389159, 35.22253785496234 ], [ 128.584756273381259, 35.222531674662605 ], [ 128.58471353699295, 35.222490379468866 ], [ 128.584125543634997, 35.221922201672115 ], [ 128.583176751344183, 35.220978355749452 ], [ 128.582779754198469, 35.220583406744765 ], [ 128.581774730746474, 35.220013961404177 ], [ 128.580941574723369, 35.219771290694531 ], [ 128.580611176101769, 35.219675810273003 ], [ 128.580569592264169, 35.219673860615387 ], [ 128.57924038186809, 35.220190186884089 ], [ 128.578921822109521, 35.220154194952464 ], [ 128.577933819854053, 35.220840374335296 ], [ 128.577784766050456, 35.220947930318573 ], [ 128.577725993591542, 35.220992518493667 ], [ 128.577671733072378, 35.221056506204455 ], [ 128.576687172265991, 35.222368771031249 ], [ 128.576644526160322, 35.222488640677199 ], [ 128.576640112928004, 35.222525038357425 ], [ 128.576683475429945, 35.222771170260188 ], [ 128.576727434376124, 35.222978005315227 ], [ 128.576733124233954, 35.223004146040331 ], [ 128.576744510419388, 35.223032129574541 ], [ 128.576820005646198, 35.223173544736198 ], [ 128.576906805193971, 35.223337634231434 ], [ 128.576914357327041, 35.223379305651044 ], [ 128.576938913404263, 35.22358264257678 ], [ 128.576927731033493, 35.223623652050208 ], [ 128.575834691144763, 35.224493060368502 ], [ 128.574098784271683, 35.225608394629987 ], [ 128.573080311845928, 35.225608580953278 ], [ 128.576076169362665, 35.228224186700956 ], [ 128.580409164969836, 35.233898793841547 ], [ 128.581045864419792, 35.233613664793097 ], [ 128.581237297934223, 35.233516179132124 ], [ 128.58185771657287, 35.233173551180435 ], [ 128.581919544972436, 35.233137741978098 ], [ 128.582458622550206, 35.232825516952282 ], [ 128.582779629317116, 35.232539267964896 ], [ 128.583439144221728, 35.231777940338539 ], [ 128.583759782014255, 35.231318274914969 ], [ 128.584405854510607, 35.230484568418177 ], [ 128.584726477337767, 35.230086058948807 ], [ 128.584865742846091, 35.229919162247938 ], [ 128.584970402667466, 35.229794593641365 ], [ 128.586547822161918, 35.228072515137093 ], [ 128.586728358982839, 35.227877088010842 ], [ 128.58690890364872, 35.227681654234985 ], [ 128.586954129009683, 35.227645630915646 ], [ 128.587369587438332, 35.228072530824683 ], [ 128.591272934522152, 35.228466415176356 ], [ 128.593645485947803, 35.227768628337429 ] ] ] } },
{ "type": "Feature", "properties": { "gu": "마산회원구", "emd": "합성1동", "adm_cd": "4812758000", "adm_nm": "경상남도 창원시마산회원구 합성1동", "area_km2": 4.054 }, "geometry": { "type": "Polygon", "coordinates": [ [ [ 128.589878809743311, 35.245919014296227 ], [ 128.588520038392119, 35.245215891944788 ], [ 128.587755516208773, 35.244820262305545 ], [ 128.586964706103231, 35.24406740800783 ], [ 128.586595640748072, 35.243610565528179 ], [ 128.586313076387825, 35.243260791246449 ], [ 128.586244527797305, 35.243175926221845 ], [ 128.58454019878522, 35.24102773592972 ], [ 128.584739835652641, 35.240903954719926 ], [ 128.582088367055491, 35.237473283695778 ], [ 128.581250759160639, 35.236406708897782 ], [ 128.581085015332974, 35.236209379165423 ], [ 128.579972805343289, 35.239138214264116 ], [ 128.57911376431511, 35.239201970836803 ], [ 128.577124961670307, 35.238350192469966 ], [ 128.575008947227701, 35.236837319067348 ], [ 128.574013883920571, 35.236794192118445 ], [ 128.573973584649025, 35.236797554054206 ], [ 128.573781144128418, 35.236912688060514 ], [ 128.573778095309052, 35.237051327505199 ], [ 128.573893252049544, 35.239391817900675 ], [ 128.573914338741616, 35.239544361237648 ], [ 128.574230490436719, 35.240852859212644 ], [ 128.574262147101194, 35.240946361131535 ], [ 128.574798877348911, 35.241773274612406 ], [ 128.574935323567388, 35.241943782841652 ], [ 128.5750283883836, 35.242027926289992 ], [ 128.575124219479932, 35.242143192745623 ], [ 128.575211308128701, 35.242253649827973 ], [ 128.57525755107676, 35.242351988166995 ], [ 128.575300713493078, 35.242479048111143 ], [ 128.575297340015084, 35.242565258223742 ], [ 128.575292929483254, 35.242639432347545 ], [ 128.575265901922023, 35.242718393245354 ], [ 128.575215383619735, 35.242835451273045 ], [ 128.575114557392055, 35.243028669052784 ], [ 128.575027264921459, 35.243181025267027 ], [ 128.574337367353053, 35.244045566594785 ], [ 128.574161812152767, 35.244238117037135 ], [ 128.573978045536506, 35.244116581172683 ], [ 128.57371357014793, 35.243910122002553 ], [ 128.572546014973966, 35.242902583210295 ], [ 128.569660735349117, 35.240318768202641 ], [ 128.56686309778172, 35.237917785468696 ], [ 128.5666202793943, 35.238371670720973 ], [ 128.566126835719217, 35.23970170705951 ], [ 128.565860268970766, 35.240592076902551 ], [ 128.56582842965193, 35.240718124763397 ], [ 128.565829969154748, 35.240772197022004 ], [ 128.565837287234984, 35.240810298754781 ], [ 128.565953662608592, 35.241123599944238 ], [ 128.566012096488549, 35.241279804704938 ], [ 128.566070674271941, 35.241406596158903 ], [ 128.566077638522472, 35.241449307547015 ], [ 128.566080931206869, 35.241505228072441 ], [ 128.566064532424434, 35.2415493192238 ], [ 128.565664411834888, 35.24238223290758 ], [ 128.56504137821392, 35.24365466618287 ], [ 128.564802325439558, 35.244024672248727 ], [ 128.564771885945561, 35.244050360448135 ], [ 128.562770775121919, 35.245746644917581 ], [ 128.560539820454096, 35.249088168612843 ], [ 128.560788351802984, 35.249352900782036 ], [ 128.560838923054433, 35.249401694119712 ], [ 128.560898032949098, 35.249438366465526 ], [ 128.562044452771801, 35.250073933699724 ], [ 128.562287933958999, 35.250201522044939 ], [ 128.56319479843367, 35.250651194944659 ], [ 128.565848052950344, 35.250782415924384 ], [ 128.567601516518863, 35.252195836311046 ], [ 128.567987967902639, 35.252694806817232 ], [ 128.567800565967872, 35.253985918361224 ], [ 128.567577029973961, 35.254532142434108 ], [ 128.567766692437885, 35.255827889570419 ], [ 128.569069614716881, 35.258254643807639 ], [ 128.569894425307496, 35.259315382455334 ], [ 128.570860818336399, 35.259401208178147 ], [ 128.57427049270234, 35.259466020011175 ], [ 128.575185092104135, 35.259482437126493 ], [ 128.579124929070048, 35.259436932538478 ], [ 128.57964321687254, 35.259287148323864 ], [ 128.581809953894748, 35.25804776809494 ], [ 128.582326988295904, 35.257752010791982 ], [ 128.582568908313675, 35.257515587506035 ], [ 128.58378285995596, 35.256260951037483 ], [ 128.58498619681842, 35.254824704908486 ], [ 128.586253782888264, 35.251589002278287 ], [ 128.586473504693089, 35.250980113152373 ], [ 128.587045565876679, 35.249059429596365 ], [ 128.587139261564374, 35.247471298976606 ], [ 128.589878809743311, 35.245919014296227 ] ] ] } },
{ "type": "Feature", "properties": { "gu": "마산회원구", "emd": "합성2동", "adm_cd": "4812759000", "adm_nm": "경상남도 창원시마산회원구 합성2동", "area_km2": 2.546 }, "geometry": { "type": "Polygon", "coordinates": [ [ [ 128.602145489182249, 35.245873892300196 ], [ 128.602138228238488, 35.245785347745468 ], [ 128.602169514964487, 35.245679106135931 ], [ 128.602206518311107, 35.245627865477147 ], [ 128.602254587923738, 35.245561322167063 ], [ 128.602501375793224, 35.245355443269531 ], [ 128.605248602605684, 35.243385013712434 ], [ 128.606871991589287, 35.242050881801916 ], [ 128.607420865142473, 35.240006637565479 ], [ 128.607593773917756, 35.239018689744469 ], [ 128.607744975417319, 35.236539255332275 ], [ 128.60776672812915, 35.235844333257852 ], [ 128.607708643681519, 35.235545858089651 ], [ 128.607610379679869, 35.235040934099182 ], [ 128.606919322374125, 35.233609870053272 ], [ 128.606290314191426, 35.233320749258567 ], [ 128.605967752946043, 35.233211782301417 ], [ 128.604020607199061, 35.232509449893698 ], [ 128.603316814934971, 35.232255581165781 ], [ 128.601119605961571, 35.231449762854126 ], [ 128.600447111127266, 35.231178009337697 ], [ 128.598780988576493, 35.2314496056064 ], [ 128.598013441539052, 35.231666216571185 ], [ 128.596624178166508, 35.232364438676832 ], [ 128.595728911664992, 35.232983713291816 ], [ 128.595266658247425, 35.23345829104111 ], [ 128.594889795629115, 35.23402132945143 ], [ 128.594620921145236, 35.234448719955303 ], [ 128.59384090684901, 35.234698007739276 ], [ 128.592551600140581, 35.234999866122166 ], [ 128.590414953595229, 35.235182918112436 ], [ 128.58959555837572, 35.235133901129956 ], [ 128.584470802775286, 35.237717154174035 ], [ 128.582146348312392, 35.235403415442626 ], [ 128.581214018073268, 35.234874845942223 ], [ 128.581085015332974, 35.236209379165423 ], [ 128.581250759160639, 35.236406708897782 ], [ 128.582088367055491, 35.237473283695778 ], [ 128.584739835652641, 35.240903954719926 ], [ 128.58454019878522, 35.24102773592972 ], [ 128.586244527797305, 35.243175926221845 ], [ 128.586313076387825, 35.243260791246449 ], [ 128.586595640748072, 35.243610565528179 ], [ 128.586964706103231, 35.24406740800783 ], [ 128.587755516208773, 35.244820262305545 ], [ 128.588520038392119, 35.245215891944788 ], [ 128.589878809743311, 35.245919014296227 ], [ 128.590249130731564, 35.243066803906792 ], [ 128.59035969158802, 35.242341509066577 ], [ 128.590367024919004, 35.242310509081356 ], [ 128.590407756859406, 35.242138349224469 ], [ 128.590565315471991, 35.242114854292922 ], [ 128.591056856633969, 35.243001404655104 ], [ 128.592785913990639, 35.244007064789777 ], [ 128.594555660766446, 35.244953530382979 ], [ 128.594616563321182, 35.244983449040731 ], [ 128.595053512695415, 35.24519793460663 ], [ 128.596898833089995, 35.24582605556472 ], [ 128.597452693280758, 35.245964426271996 ], [ 128.600575855973176, 35.246111333123295 ], [ 128.600730448089365, 35.246096364394297 ], [ 128.600823712487227, 35.246069124678108 ], [ 128.601421412664536, 35.245641443550632 ], [ 128.602145489182249, 35.245873892300196 ] ] ] } },
{ "type": "Feature", "properties": { "gu": "마산회원구", "emd": "회성동", "adm_cd": "4812755000", "adm_nm": "경상남도 창원시마산회원구 회성동", "area_km2": 8.525 }, "geometry": { "type": "Polygon", "coordinates": [ [ [ 128.569894425307496, 35.259315382455334 ], [ 128.569069614716881, 35.258254643807639 ], [ 128.567766692437885, 35.255827889570419 ], [ 128.567577029973961, 35.254532142434108 ], [ 128.567800565967872, 35.253985918361224 ], [ 128.567987967902639, 35.252694806817232 ], [ 128.567601516518863, 35.252195836311046 ], [ 128.565848052950344, 35.250782415924384 ], [ 128.56319479843367, 35.250651194944659 ], [ 128.562287933958999, 35.250201522044939 ], [ 128.562044452771801, 35.250073933699724 ], [ 128.560898032949098, 35.249438366465526 ], [ 128.560838923054433, 35.249401694119712 ], [ 128.560788351802984, 35.249352900782036 ], [ 128.560539820454096, 35.249088168612843 ], [ 128.562770775121919, 35.245746644917581 ], [ 128.564771885945561, 35.244050360448135 ], [ 128.564802325439558, 35.244024672248727 ], [ 128.56504137821392, 35.24365466618287 ], [ 128.565664411834888, 35.24238223290758 ], [ 128.566064532424434, 35.2415493192238 ], [ 128.566080931206869, 35.241505228072441 ], [ 128.566077638522472, 35.241449307547015 ], [ 128.566070674271941, 35.241406596158903 ], [ 128.566012096488549, 35.241279804704938 ], [ 128.565953662608592, 35.241123599944238 ], [ 128.565837287234984, 35.240810298754781 ], [ 128.565829969154748, 35.240772197022004 ], [ 128.56582842965193, 35.240718124763397 ], [ 128.565860268970766, 35.240592076902551 ], [ 128.566126835719217, 35.23970170705951 ], [ 128.5666202793943, 35.238371670720973 ], [ 128.56686309778172, 35.237917785468696 ], [ 128.565169069668229, 35.235844640433804 ], [ 128.565008519203758, 35.23555007918393 ], [ 128.565113253848097, 35.234783360740529 ], [ 128.566269016155161, 35.233187582895255 ], [ 128.566305263359936, 35.233158108485959 ], [ 128.566576169770485, 35.23302015556046 ], [ 128.566458625104616, 35.232908596063282 ], [ 128.565932438348653, 35.232349688614327 ], [ 128.565760019107074, 35.232157165005887 ], [ 128.562805148792336, 35.228732389603771 ], [ 128.561986566534785, 35.227738523376182 ], [ 128.561212899254429, 35.226559869299351 ], [ 128.560565057076218, 35.225042575218204 ], [ 128.560461199592424, 35.225030082004103 ], [ 128.559889838986408, 35.224961415427799 ], [ 128.556581074244832, 35.224929017189574 ], [ 128.556134067577091, 35.224944368415777 ], [ 128.555287353494037, 35.224973447142126 ], [ 128.553744518689427, 35.225143479245745 ], [ 128.552416301449938, 35.225229941901929 ], [ 128.550831447894268, 35.225252174968432 ], [ 128.549229545029249, 35.225260250981982 ], [ 128.546735042849434, 35.225574250989055 ], [ 128.546332529460074, 35.225558680836969 ], [ 128.545956716303436, 35.225360446690374 ], [ 128.54587540504545, 35.225164527021995 ], [ 128.545419651862829, 35.225150805079885 ], [ 128.543264674400831, 35.225085914903765 ], [ 128.537435558019354, 35.224910210388622 ], [ 128.536271331709997, 35.224891437186969 ], [ 128.532947441101527, 35.224837799205929 ], [ 128.530448367980767, 35.224919963488489 ], [ 128.5301518833393, 35.22507779917548 ], [ 128.529627288081031, 35.225761165891967 ], [ 128.529529744618941, 35.225894891454374 ], [ 128.529468479942267, 35.226003979765991 ], [ 128.529449937034428, 35.226076012504727 ], [ 128.529180900351491, 35.230952907005872 ], [ 128.530196230788107, 35.232628019160735 ], [ 128.531762958380995, 35.234133932856039 ], [ 128.534727928257809, 35.237034179327807 ], [ 128.534794679912864, 35.237119068773708 ], [ 128.534931680634827, 35.237310041796441 ], [ 128.53498407133597, 35.237407407567161 ], [ 128.535001990230512, 35.23748273492194 ], [ 128.535001720922025, 35.237529787603535 ], [ 128.53499944036443, 35.237581418076779 ], [ 128.534802131060189, 35.238597916291098 ], [ 128.534388019989336, 35.239370571526948 ], [ 128.534382583383433, 35.239876729963797 ], [ 128.534532590198779, 35.240478888331531 ], [ 128.534859300741203, 35.240982207808642 ], [ 128.535290177684772, 35.24128024368531 ], [ 128.535802732716036, 35.241470515100453 ], [ 128.536712830809677, 35.243627934605328 ], [ 128.539067906580243, 35.248978613551635 ], [ 128.539100136916971, 35.249030465198146 ], [ 128.539122435901533, 35.249050919858874 ], [ 128.539156957971954, 35.249065127462309 ], [ 128.544988066885566, 35.250906770592415 ], [ 128.548171722928402, 35.251034564228178 ], [ 128.548342872501621, 35.250923249062275 ], [ 128.54884919836465, 35.250684306430145 ], [ 128.549363275586984, 35.250474425175192 ], [ 128.551071853475293, 35.249797859429925 ], [ 128.551343446371618, 35.249708343300895 ], [ 128.551574372918083, 35.249709197680055 ], [ 128.551794983750113, 35.249759397836527 ], [ 128.55230727661575, 35.249885639791202 ], [ 128.552429901544173, 35.249925301137722 ], [ 128.552552345594933, 35.249976130035783 ], [ 128.552603384974645, 35.250007151146782 ], [ 128.554877629486242, 35.251888264241948 ], [ 128.558408664287953, 35.254086488164752 ], [ 128.563297203563963, 35.256926704592381 ], [ 128.566844552060189, 35.260522849762644 ], [ 128.566893761217585, 35.260581723859303 ], [ 128.566915409345285, 35.26065406551637 ], [ 128.566947628095448, 35.260803199681597 ], [ 128.566905994712869, 35.261385607051338 ], [ 128.567890494142432, 35.26120974705934 ], [ 128.568468650945277, 35.260940041043341 ], [ 128.569510282681051, 35.260270273731358 ], [ 128.569815682633134, 35.259775087519444 ], [ 128.569894425307496, 35.259315382455334 ] ] ] } },
{ "type": "Feature", "properties": { "gu": "마산회원구", "emd": "회원1동", "adm_cd": "4812751000", "adm_nm": "경상남도 창원시마산회원구 회원1동", "area_km2": 0.68 }, "geometry": { "type": "Polygon", "coordinates": [ [ [ 128.57924038186809, 35.220190186884089 ], [ 128.577208722536312, 35.218213870714536 ], [ 128.577256443931816, 35.21744393606312 ], [ 128.577290805965589, 35.217131105712213 ], [ 128.577294748812619, 35.216920377499605 ], [ 128.577287266709874, 35.216712600191883 ], [ 128.577268623903677, 35.216538491826427 ], [ 128.577236559256846, 35.216386823435421 ], [ 128.577188546474275, 35.216161184253124 ], [ 128.577175958008496, 35.216107665642966 ], [ 128.577141584285982, 35.215961903784077 ], [ 128.57706360462106, 35.215707535644292 ], [ 128.576772447152706, 35.214885050740335 ], [ 128.576033275541789, 35.215284448678432 ], [ 128.574984824679063, 35.215564767668297 ], [ 128.571157713819105, 35.216525799857457 ], [ 128.571080215641359, 35.216528079704517 ], [ 128.570963523019714, 35.216514617960009 ], [ 128.570785074082238, 35.216469520373771 ], [ 128.570545836632988, 35.216392165884159 ], [ 128.569966212537793, 35.216169185083473 ], [ 128.569842097278183, 35.217135295848031 ], [ 128.569820472024844, 35.217331110832241 ], [ 128.569814900706632, 35.217388235062643 ], [ 128.569807569997892, 35.217507460350966 ], [ 128.569801324244452, 35.217628317067344 ], [ 128.569796852257781, 35.217768715982935 ], [ 128.569794764830505, 35.217932751540403 ], [ 128.569799082571677, 35.218073478517496 ], [ 128.569803754444848, 35.21818659988822 ], [ 128.569810587159367, 35.218306139100463 ], [ 128.569815020759137, 35.218355972455157 ], [ 128.569823544574632, 35.21845157481588 ], [ 128.569837558245382, 35.21858556455485 ], [ 128.569865069678826, 35.21878332831858 ], [ 128.569904468357493, 35.219036917779249 ], [ 128.569927061369384, 35.219178951099231 ], [ 128.569939230802163, 35.219255446631948 ], [ 128.570428423872897, 35.222312264660538 ], [ 128.570525345069512, 35.225361507156634 ], [ 128.573080311845928, 35.225608580953278 ], [ 128.574098784271683, 35.225608394629987 ], [ 128.575834691144763, 35.224493060368502 ], [ 128.576927731033493, 35.223623652050208 ], [ 128.576938913404263, 35.22358264257678 ], [ 128.576914357327041, 35.223379305651044 ], [ 128.576906805193971, 35.223337634231434 ], [ 128.576820005646198, 35.223173544736198 ], [ 128.576744510419388, 35.223032129574541 ], [ 128.576733124233954, 35.223004146040331 ], [ 128.576727434376124, 35.222978005315227 ], [ 128.576683475429945, 35.222771170260188 ], [ 128.576640112928004, 35.222525038357425 ], [ 128.576644526160322, 35.222488640677199 ], [ 128.576687172265991, 35.222368771031249 ], [ 128.577671733072378, 35.221056506204455 ], [ 128.577725993591542, 35.220992518493667 ], [ 128.577784766050456, 35.220947930318573 ], [ 128.577933819854053, 35.220840374335296 ], [ 128.578921822109521, 35.220154194952464 ], [ 128.57924038186809, 35.220190186884089 ] ] ] } },
{ "type": "Feature", "properties": { "gu": "마산회원구", "emd": "회원2동", "adm_cd": "4812752000", "adm_nm": "경상남도 창원시마산회원구 회원2동", "area_km2": 4.581 }, "geometry": { "type": "Polygon", "coordinates": [ [ [ 128.560565057076218, 35.225042575218204 ], [ 128.562317226979388, 35.225095394583811 ], [ 128.563196702172803, 35.225112848016842 ], [ 128.564140544323095, 35.224995709436371 ], [ 128.565828241336561, 35.224766283894304 ], [ 128.567109727479334, 35.22445793030591 ], [ 128.567930178303328, 35.224305849515119 ], [ 128.569870302986004, 35.224266908561852 ], [ 128.57035695764057, 35.224277824385211 ], [ 128.570525345069512, 35.225361507156634 ], [ 128.570428423872897, 35.222312264660538 ], [ 128.569939230802163, 35.219255446631948 ], [ 128.569927061369384, 35.219178951099231 ], [ 128.569904468357493, 35.219036917779249 ], [ 128.569865069678826, 35.21878332831858 ], [ 128.569837558245382, 35.21858556455485 ], [ 128.569823544574632, 35.21845157481588 ], [ 128.569815020759137, 35.218355972455157 ], [ 128.569810587159367, 35.218306139100463 ], [ 128.569803754444848, 35.21818659988822 ], [ 128.569799082571677, 35.218073478517496 ], [ 128.569794764830505, 35.217932751540403 ], [ 128.569796852257781, 35.217768715982935 ], [ 128.569801324244452, 35.217628317067344 ], [ 128.569807569997892, 35.217507460350966 ], [ 128.569814900706632, 35.217388235062643 ], [ 128.569820472024844, 35.217331110832241 ], [ 128.569842097278183, 35.217135295848031 ], [ 128.569966212537793, 35.216169185083473 ], [ 128.568701628588144, 35.215835044552364 ], [ 128.568623943859563, 35.215817683629986 ], [ 128.568563844873466, 35.215804258257272 ], [ 128.568456008132443, 35.21580186672675 ], [ 128.56836028766773, 35.215814637767231 ], [ 128.568265086411458, 35.215849260365765 ], [ 128.567101524796954, 35.216369912159479 ], [ 128.566288135280985, 35.216632632138499 ], [ 128.565910270029832, 35.216558916704777 ], [ 128.565485885408691, 35.215827290968811 ], [ 128.562971317480702, 35.216534654492555 ], [ 128.562750671438835, 35.217040707741894 ], [ 128.562194466215345, 35.217021476337806 ], [ 128.560693704374955, 35.216963916428377 ], [ 128.560717417571453, 35.216802509037628 ], [ 128.560749528560166, 35.216673815104372 ], [ 128.555614182580427, 35.214292237350051 ], [ 128.548488815363726, 35.213267203951254 ], [ 128.548431700629493, 35.213266990793343 ], [ 128.548355426624482, 35.213297996741261 ], [ 128.547782881301146, 35.213537119438662 ], [ 128.547663179035851, 35.213595355900431 ], [ 128.545676554076067, 35.214352862731793 ], [ 128.543736407354316, 35.21502180355963 ], [ 128.543646625561223, 35.215051840125334 ], [ 128.543559842438896, 35.215055126428069 ], [ 128.543487105098052, 35.215039707452384 ], [ 128.541556819080114, 35.214285723406732 ], [ 128.540366679339201, 35.213535241950694 ], [ 128.540253111679874, 35.213458840830391 ], [ 128.536708828790211, 35.210979600565572 ], [ 128.536600332464474, 35.210900489887841 ], [ 128.535870098619597, 35.210248984270109 ], [ 128.535766787070202, 35.210146925315271 ], [ 128.535539445742046, 35.209904128976071 ], [ 128.533177169732056, 35.211235848359799 ], [ 128.532432103453829, 35.211659936059391 ], [ 128.532209227722717, 35.21180003264152 ], [ 128.532000965821197, 35.211958212428272 ], [ 128.527191205101559, 35.216766504063472 ], [ 128.527135481464086, 35.216832169810516 ], [ 128.527106331078585, 35.216875576137383 ], [ 128.527069188053957, 35.217012085648818 ], [ 128.527001124203224, 35.217270228507502 ], [ 128.526977850906064, 35.217364591108108 ], [ 128.526762038343492, 35.2183054629865 ], [ 128.52675103208162, 35.21838492069174 ], [ 128.526756731515547, 35.218442083751007 ], [ 128.527176828597533, 35.220088668699702 ], [ 128.527252746485004, 35.220312584402592 ], [ 128.527300400548995, 35.220446992947927 ], [ 128.527333303903504, 35.220511747909953 ], [ 128.52737535108642, 35.220554083867967 ], [ 128.52746438062988, 35.220617610442488 ], [ 128.527649520847405, 35.220720104209015 ], [ 128.527932610608218, 35.220864353273399 ], [ 128.528052489643812, 35.220931418842589 ], [ 128.528132654441663, 35.220991050180729 ], [ 128.528209348098471, 35.221082109530698 ], [ 128.529007884064413, 35.222463911519299 ], [ 128.5301518833393, 35.22507779917548 ], [ 128.530448367980767, 35.224919963488489 ], [ 128.532947441101527, 35.224837799205929 ], [ 128.536271331709997, 35.224891437186969 ], [ 128.537435558019354, 35.224910210388622 ], [ 128.543264674400831, 35.225085914903765 ], [ 128.545419651862829, 35.225150805079885 ], [ 128.54587540504545, 35.225164527021995 ], [ 128.545956716303436, 35.225360446690374 ], [ 128.546332529460074, 35.225558680836969 ], [ 128.546735042849434, 35.225574250989055 ], [ 128.549229545029249, 35.225260250981982 ], [ 128.550831447894268, 35.225252174968432 ], [ 128.552416301449938, 35.225229941901929 ], [ 128.553744518689427, 35.225143479245745 ], [ 128.555287353494037, 35.224973447142126 ], [ 128.556134067577091, 35.224944368415777 ], [ 128.556581074244832, 35.224929017189574 ], [ 128.559889838986408, 35.224961415427799 ], [ 128.560461199592424, 35.225030082004103 ], [ 128.560565057076218, 35.225042575218204 ] ] ] } },
{ "type": "Feature", "properties": { "gu": "성산구", "emd": "가음정동", "adm_cd": "4812355000", "adm_nm": "경상남도 창원시성산구 가음정동", "area_km2": 2.943 }, "geometry": { "type": "Polygon", "coordinates": [ [ [ 128.705329239477777, 35.202994704280371 ], [ 128.70233008030192, 35.199454389779525 ], [ 128.701586938160347, 35.199860956101787 ], [ 128.697351822771964, 35.202285106346764 ], [ 128.695491476281319, 35.203350330621909 ], [ 128.695026385924194, 35.203616637942687 ], [ 128.694534840450757, 35.203899094248285 ], [ 128.693453706985451, 35.2045203466215 ], [ 128.691861467640138, 35.2054352538945 ], [ 128.691193024203727, 35.204657083450321 ], [ 128.687856254034955, 35.200714345486908 ], [ 128.684981125403368, 35.202333791048048 ], [ 128.679997254499881, 35.205140701719429 ], [ 128.679739445194855, 35.205374127356635 ], [ 128.68070825371251, 35.206495714874144 ], [ 128.681403503124159, 35.207300043770431 ], [ 128.682963683198608, 35.209119810884104 ], [ 128.683191563722119, 35.209385598818876 ], [ 128.683290754855477, 35.209503774012255 ], [ 128.683768010430782, 35.210072429196487 ], [ 128.683361752807542, 35.210295263358859 ], [ 128.682034750534939, 35.211043804305696 ], [ 128.681751284438946, 35.211208518504883 ], [ 128.681264426258224, 35.211491434748709 ], [ 128.681178441280593, 35.21220761136658 ], [ 128.681137674378903, 35.212613004050276 ], [ 128.681127125922075, 35.21280569351071 ], [ 128.681126544314964, 35.212954240232641 ], [ 128.68113099666931, 35.213066682749385 ], [ 128.68119845684086, 35.213330971894486 ], [ 128.681378039773819, 35.213787265492108 ], [ 128.682514696034417, 35.213602209231809 ], [ 128.684385499583726, 35.213319551934511 ], [ 128.685533199101002, 35.213273162565798 ], [ 128.690517066325867, 35.213328626857638 ], [ 128.690738676167598, 35.213337137192489 ], [ 128.690965394143774, 35.213364859643796 ], [ 128.693862878376308, 35.213920223668566 ], [ 128.69420401144302, 35.214012038482778 ], [ 128.694394267593395, 35.214098237873685 ], [ 128.694575251458872, 35.214192311467663 ], [ 128.695668517211175, 35.214968270041901 ], [ 128.696342215116232, 35.213825567333991 ], [ 128.698756776565688, 35.214046934305465 ], [ 128.699022657289987, 35.214071809433392 ], [ 128.698878807432919, 35.216047408425148 ], [ 128.698747687687302, 35.216211614397956 ], [ 128.698708305635137, 35.216469213115559 ], [ 128.699511420963859, 35.216904768804675 ], [ 128.700365391231685, 35.216814750839873 ], [ 128.700964930959287, 35.21664242009161 ], [ 128.702444952222748, 35.216216983355935 ], [ 128.703508435110393, 35.216529952927125 ], [ 128.704157277248413, 35.215713517774446 ], [ 128.704477356419687, 35.215276737875371 ], [ 128.704491564436239, 35.21525278947751 ], [ 128.704635386891681, 35.214795303716969 ], [ 128.704695124317055, 35.214582917383936 ], [ 128.704737598442136, 35.214431890245933 ], [ 128.704846353227822, 35.214045165344615 ], [ 128.706476813511017, 35.208150927107496 ], [ 128.706616351884833, 35.207492656078344 ], [ 128.706935934827072, 35.205984972737994 ], [ 128.706916825392966, 35.205682603355932 ], [ 128.706888421053748, 35.205503816035019 ], [ 128.706831232306172, 35.205249484504499 ], [ 128.706779446801391, 35.205095178171156 ], [ 128.70672583803352, 35.204935458467361 ], [ 128.706638798287798, 35.204730621755118 ], [ 128.706552268787192, 35.204555642401864 ], [ 128.706431963546379, 35.204348821603048 ], [ 128.706340425467829, 35.204221513330474 ], [ 128.70618136230263, 35.204018566905489 ], [ 128.705360720099009, 35.203031768624513 ], [ 128.705329239477777, 35.202994704280371 ] ] ] } },
{ "type": "Feature", "properties": { "gu": "성산구", "emd": "반송동", "adm_cd": "4812351000", "adm_nm": "경상남도 창원시성산구 반송동", "area_km2": 1.92 }, "geometry": { "type": "Polygon", "coordinates": [ [ [ 128.67959144677269, 35.239224925861016 ], [ 128.67316392611707, 35.231853668623799 ], [ 128.672893684289676, 35.231817108597539 ], [ 128.671562205194476, 35.23249518121407 ], [ 128.659741435736379, 35.238411178054818 ], [ 128.659471945042952, 35.238534310401342 ], [ 128.65867187773884, 35.238863849976596 ], [ 128.654238813274986, 35.240668480391363 ], [ 128.652182441274476, 35.241504594824477 ], [ 128.652518635594163, 35.241717306316119 ], [ 128.652859330346871, 35.241902008505129 ], [ 128.653082945723128, 35.242016381580058 ], [ 128.653322547203942, 35.242135171425645 ], [ 128.65424636947472, 35.242582006927044 ], [ 128.654274477985552, 35.242594903761564 ], [ 128.655167676069567, 35.24300457702401 ], [ 128.655323469968295, 35.243070949452886 ], [ 128.6556949626993, 35.24322918099157 ], [ 128.656078561633706, 35.243365868099715 ], [ 128.65636097381892, 35.243458533295708 ], [ 128.65840063394046, 35.243990521079027 ], [ 128.658467942661986, 35.244007957444772 ], [ 128.660131592485556, 35.244438638965114 ], [ 128.663881281419094, 35.2454044226901 ], [ 128.665069963360594, 35.245705181279888 ], [ 128.66552321136399, 35.245780816837737 ], [ 128.66574721348897, 35.245807672243309 ], [ 128.665976341654186, 35.245815394532606 ], [ 128.666029981149336, 35.245817198516285 ], [ 128.666401669832027, 35.245823124255601 ], [ 128.669388091319576, 35.245799934119674 ], [ 128.669633756607368, 35.245748118198641 ], [ 128.670050442389311, 35.245631150903321 ], [ 128.671477016251771, 35.245171373169406 ], [ 128.671955260069439, 35.245012005896022 ], [ 128.672570461371862, 35.244806993929224 ], [ 128.672930121595925, 35.244684858322429 ], [ 128.672927084417012, 35.244068521160621 ], [ 128.672289526857526, 35.243633981711604 ], [ 128.672043352055312, 35.243740940742072 ], [ 128.672002954474436, 35.243740833388699 ], [ 128.671932503504763, 35.243650936498099 ], [ 128.671832254962368, 35.243468534485714 ], [ 128.671689229059808, 35.243043167504936 ], [ 128.671613033850889, 35.24273938924221 ], [ 128.671467654948884, 35.24201431190837 ], [ 128.671412469287503, 35.241465893306334 ], [ 128.671466583728915, 35.241402568122474 ], [ 128.671581373783511, 35.241320096063561 ], [ 128.672238866862699, 35.241048675197433 ], [ 128.672343339369689, 35.241018604064834 ], [ 128.673384100744954, 35.240888428127299 ], [ 128.673471465090444, 35.240879555469469 ], [ 128.675285449901196, 35.24078682167513 ], [ 128.675366433227509, 35.240784439248074 ], [ 128.676861774591003, 35.240771439427377 ], [ 128.677262916689898, 35.240771005469696 ], [ 128.677334367097217, 35.240772506777766 ], [ 128.677410512001785, 35.24078963384575 ], [ 128.678311006970119, 35.240352377394167 ], [ 128.67959144677269, 35.239224925861016 ] ] ] } },
{ "type": "Feature", "properties": { "gu": "성산구", "emd": "사파동", "adm_cd": "4812354000", "adm_nm": "경상남도 창원시성산구 사파동", "area_km2": 6.493 }, "geometry": { "type": "Polygon", "coordinates": [ [ [ 128.723529271143633, 35.233558998668023 ], [ 128.723646089387415, 35.232999399486268 ], [ 128.723555600844804, 35.231326885434882 ], [ 128.723362016344595, 35.229670421657744 ], [ 128.722571983855374, 35.228195281187354 ], [ 128.722222979272857, 35.22760769017605 ], [ 128.721826102367686, 35.227071011911804 ], [ 128.720483350524631, 35.22608076548277 ], [ 128.721099510822881, 35.223089219219005 ], [ 128.722365898622144, 35.220465033382766 ], [ 128.722181329687174, 35.219548717973709 ], [ 128.722112608944968, 35.218901915484231 ], [ 128.722673793635067, 35.217658642481297 ], [ 128.722856134292812, 35.217379273270907 ], [ 128.721842218283939, 35.216699311489691 ], [ 128.720976413177766, 35.214648171345317 ], [ 128.72008087243654, 35.212526402123373 ], [ 128.72098942787585, 35.211743132313138 ], [ 128.718382984966695, 35.207481726448997 ], [ 128.714847052784563, 35.205873266583765 ], [ 128.714422567613411, 35.205680164238856 ], [ 128.714208589236449, 35.205192657664135 ], [ 128.714368015561604, 35.204376575544273 ], [ 128.714080211759722, 35.203221313871715 ], [ 128.71270184233029, 35.202835820741846 ], [ 128.711495621514672, 35.204300003286022 ], [ 128.706047665189544, 35.203143527495612 ], [ 128.705329239477777, 35.202994704280371 ], [ 128.705360720099009, 35.203031768624513 ], [ 128.70618136230263, 35.204018566905489 ], [ 128.706340425467829, 35.204221513330474 ], [ 128.706431963546379, 35.204348821603048 ], [ 128.706552268787192, 35.204555642401864 ], [ 128.706638798287798, 35.204730621755118 ], [ 128.70672583803352, 35.204935458467361 ], [ 128.706779446801391, 35.205095178171156 ], [ 128.706831232306172, 35.205249484504499 ], [ 128.706888421053748, 35.205503816035019 ], [ 128.706916825392966, 35.205682603355932 ], [ 128.706935934827072, 35.205984972737994 ], [ 128.706616351884833, 35.207492656078344 ], [ 128.706476813511017, 35.208150927107496 ], [ 128.704846353227822, 35.214045165344615 ], [ 128.704737598442136, 35.214431890245933 ], [ 128.704695124317055, 35.214582917383936 ], [ 128.704635386891681, 35.214795303716969 ], [ 128.704491564436239, 35.21525278947751 ], [ 128.704477356419687, 35.215276737875371 ], [ 128.704157277248413, 35.215713517774446 ], [ 128.703508435110393, 35.216529952927125 ], [ 128.702444952222748, 35.216216983355935 ], [ 128.700964930959287, 35.21664242009161 ], [ 128.700365391231685, 35.216814750839873 ], [ 128.699511420963859, 35.216904768804675 ], [ 128.698708305635137, 35.216469213115559 ], [ 128.698747687687302, 35.216211614397956 ], [ 128.698878807432919, 35.216047408425148 ], [ 128.699022657289987, 35.214071809433392 ], [ 128.698756776565688, 35.214046934305465 ], [ 128.696342215116232, 35.213825567333991 ], [ 128.695668517211175, 35.214968270041901 ], [ 128.691728205377046, 35.220300879530321 ], [ 128.69300365199436, 35.221741594790139 ], [ 128.697629872445248, 35.226799454406759 ], [ 128.695385416669637, 35.230720138025767 ], [ 128.695194852760693, 35.231015761963192 ], [ 128.695040134603829, 35.231224109625835 ], [ 128.694943093482891, 35.231353419421652 ], [ 128.694699706490439, 35.231677712506524 ], [ 128.694176273359034, 35.2323585022746 ], [ 128.693905573911792, 35.232710565185855 ], [ 128.693880264580599, 35.232743466065941 ], [ 128.696489543247168, 35.23424931893706 ], [ 128.697169194545154, 35.234262100381507 ], [ 128.699141037617977, 35.233688200545345 ], [ 128.703101146262924, 35.233331575629599 ], [ 128.703630904612595, 35.233324125396763 ], [ 128.704368373416827, 35.23350325844855 ], [ 128.704791544576494, 35.233761960958937 ], [ 128.705355318857784, 35.234106634415795 ], [ 128.705455692967348, 35.234167999471772 ], [ 128.70617650016078, 35.234849042871303 ], [ 128.708878334300096, 35.234502773431693 ], [ 128.71184888270102, 35.233854833253474 ], [ 128.713904205080439, 35.232733247925864 ], [ 128.714876576870211, 35.232451919557221 ], [ 128.718861083752302, 35.232347017907252 ], [ 128.719403419371559, 35.232348260391333 ], [ 128.721101378370491, 35.232513409330529 ], [ 128.721485915393885, 35.232555683031627 ], [ 128.721750624102356, 35.232602815048736 ], [ 128.722147633360066, 35.232686482170017 ], [ 128.722399641253645, 35.232759440463461 ], [ 128.72281541109075, 35.232889656015551 ], [ 128.722972876999137, 35.232946902365207 ], [ 128.723092472403437, 35.233014392468448 ], [ 128.723218208664548, 35.23312843067103 ], [ 128.723306164646658, 35.233226880767184 ], [ 128.72343165322917, 35.233413298593057 ], [ 128.723529271143633, 35.233558998668023 ] ] ] } },
{ "type": "Feature", "properties": { "gu": "성산구", "emd": "상남동", "adm_cd": "4812353000", "adm_nm": "경상남도 창원시성산구 상남동", "area_km2": 1.183 }, "geometry": { "type": "Polygon", "coordinates": [ [ [ 128.691728205377046, 35.220300879530321 ], [ 128.695668517211175, 35.214968270041901 ], [ 128.694575251458872, 35.214192311467663 ], [ 128.694394267593395, 35.214098237873685 ], [ 128.69420401144302, 35.214012038482778 ], [ 128.693862878376308, 35.213920223668566 ], [ 128.690965394143774, 35.213364859643796 ], [ 128.690738676167598, 35.213337137192489 ], [ 128.690517066325867, 35.213328626857638 ], [ 128.685533199101002, 35.213273162565798 ], [ 128.684385499583726, 35.213319551934511 ], [ 128.682514696034417, 35.213602209231809 ], [ 128.681378039773819, 35.213787265492108 ], [ 128.681994528335139, 35.215339718097923 ], [ 128.682038027350586, 35.215476738659817 ], [ 128.682110594033531, 35.215705349597023 ], [ 128.682187627019601, 35.216034789535932 ], [ 128.682225800583183, 35.216291841489408 ], [ 128.682244170826891, 35.216601045138319 ], [ 128.682246004420705, 35.217173656025153 ], [ 128.682245701346289, 35.217253218508709 ], [ 128.682245217906456, 35.217377013944578 ], [ 128.682228841368953, 35.217499500321971 ], [ 128.682187949021113, 35.217525214322585 ], [ 128.682047176251274, 35.217613733203841 ], [ 128.680994367094513, 35.218212790949664 ], [ 128.679538270003945, 35.219041565901463 ], [ 128.679176413342674, 35.219248288372512 ], [ 128.680165704924264, 35.220423074898889 ], [ 128.680551414723709, 35.220881092980733 ], [ 128.681323791061402, 35.221793394795348 ], [ 128.681733337733419, 35.2222745378998 ], [ 128.68175117799413, 35.222295496512672 ], [ 128.682462138812525, 35.223130709763417 ], [ 128.682577014202849, 35.223264817274661 ], [ 128.683469214679093, 35.224306181102385 ], [ 128.683632286933346, 35.224496512689988 ], [ 128.683861610329103, 35.224760385291546 ], [ 128.684240343413251, 35.22519613889029 ], [ 128.68480343183333, 35.224882595607809 ], [ 128.687534286245949, 35.223361881342207 ], [ 128.687823673884708, 35.223200724622075 ], [ 128.688476633737537, 35.222837087779439 ], [ 128.688960030120541, 35.22254603204069 ], [ 128.689295475710054, 35.222344050951193 ], [ 128.689532525471549, 35.222144969070868 ], [ 128.689744613931595, 35.221966849185691 ], [ 128.691010294467986, 35.220903849186449 ], [ 128.691728205377046, 35.220300879530321 ] ] ] } },
{ "type": "Feature", "properties": { "gu": "성산구", "emd": "성주동", "adm_cd": "4812356000", "adm_nm": "경상남도 창원시성산구 성주동", "area_km2": 25.959 }, "geometry": { "type": "Polygon", "coordinates": [ [ [ 128.751449361171268, 35.201232974234543 ], [ 128.751309148767035, 35.200204571213163 ], [ 128.752347607547989, 35.197668055673233 ], [ 128.752032384165346, 35.194678326598279 ], [ 128.750175018077357, 35.194147516966112 ], [ 128.74756184900221, 35.192112262107813 ], [ 128.747450717270624, 35.191059199454173 ], [ 128.746793085168832, 35.188619905528128 ], [ 128.746248936217739, 35.187342741812799 ], [ 128.745043371049832, 35.185517467528179 ], [ 128.744534499528157, 35.184506479160873 ], [ 128.744062977589522, 35.180403678618596 ], [ 128.743218953062154, 35.174754537122027 ], [ 128.742456142959924, 35.173601732435415 ], [ 128.741912666087103, 35.173039770494952 ], [ 128.741717980929195, 35.172218225158488 ], [ 128.74140088460635, 35.170501376091089 ], [ 128.741364775471794, 35.168113704039428 ], [ 128.74118822749702, 35.167013617255144 ], [ 128.741362614412907, 35.166402330881894 ], [ 128.741379202560893, 35.16632954218418 ], [ 128.741382049754236, 35.166162879520584 ], [ 128.741352803248077, 35.164385456404226 ], [ 128.741244681871081, 35.163283214253624 ], [ 128.741189733689708, 35.162990898586678 ], [ 128.739734353271501, 35.159106084627226 ], [ 128.738405320423738, 35.156690284616104 ], [ 128.738092201985268, 35.156892671231695 ], [ 128.737768121176714, 35.157091175653221 ], [ 128.737390168996058, 35.157283683529165 ], [ 128.73721084003526, 35.157348368237379 ], [ 128.736972815621328, 35.157409153716145 ], [ 128.736737625031651, 35.157439293394184 ], [ 128.736331908891913, 35.157428743280995 ], [ 128.736099848779787, 35.157407333133044 ], [ 128.735831720335142, 35.157404758087537 ], [ 128.735293494145395, 35.157472533675254 ], [ 128.732864843451296, 35.157920570683629 ], [ 128.730065429084789, 35.158792405124117 ], [ 128.729932354039448, 35.158839983924565 ], [ 128.725626990677085, 35.160760488584032 ], [ 128.721648810286098, 35.162628800966694 ], [ 128.719554272915445, 35.16310508795403 ], [ 128.717693384764857, 35.163485446788862 ], [ 128.717549400900282, 35.163541073417704 ], [ 128.716829395881149, 35.16385035871253 ], [ 128.716659643330814, 35.163930088207266 ], [ 128.714424719651561, 35.165356247197423 ], [ 128.71341140629923, 35.166164940412365 ], [ 128.713269353014653, 35.166318747762325 ], [ 128.7130416997081, 35.16647371158092 ], [ 128.712969685768968, 35.166507682929982 ], [ 128.7121939312878, 35.166862689064736 ], [ 128.71209280839031, 35.166902820954611 ], [ 128.707477944736127, 35.167752129597893 ], [ 128.706527096418426, 35.167464287026725 ], [ 128.706375820243579, 35.167439045402183 ], [ 128.706182843245955, 35.167438565248176 ], [ 128.703276257384402, 35.167763061223518 ], [ 128.703068029064326, 35.167796802841622 ], [ 128.702980820761582, 35.167838537268061 ], [ 128.702893627831685, 35.167880277791205 ], [ 128.702181830342283, 35.168260346189598 ], [ 128.701149065390496, 35.168695834618418 ], [ 128.701050478488526, 35.168729744167074 ], [ 128.70089903025297, 35.168751100192289 ], [ 128.700503010420306, 35.168775075078337 ], [ 128.698563341230766, 35.168736196340966 ], [ 128.69466255653515, 35.168830031581791 ], [ 128.689849190277528, 35.169794312675691 ], [ 128.686035555498449, 35.17168480080835 ], [ 128.685358988612336, 35.171948669276887 ], [ 128.685238451876756, 35.171981417553148 ], [ 128.680677041291119, 35.172998947152614 ], [ 128.68053823843627, 35.173009592587839 ], [ 128.680314539907243, 35.173005741616954 ], [ 128.680181970310088, 35.172994385063816 ], [ 128.679639651076627, 35.172936157580367 ], [ 128.676181488240331, 35.17493734667589 ], [ 128.674854540367591, 35.175527871146834 ], [ 128.676753394819883, 35.177990382665072 ], [ 128.678315563065695, 35.18183688779537 ], [ 128.679881659678273, 35.184805816126449 ], [ 128.682421832224435, 35.187403030098118 ], [ 128.685550364528694, 35.190497108328891 ], [ 128.686067405844966, 35.191218091800245 ], [ 128.681717003984971, 35.19342986497324 ], [ 128.681644922331287, 35.193468298875779 ], [ 128.68407554937238, 35.196305141204462 ], [ 128.687856254034955, 35.200714345486908 ], [ 128.691193024203727, 35.204657083450321 ], [ 128.691861467640138, 35.2054352538945 ], [ 128.693453706985451, 35.2045203466215 ], [ 128.694534840450757, 35.203899094248285 ], [ 128.695026385924194, 35.203616637942687 ], [ 128.695491476281319, 35.203350330621909 ], [ 128.697351822771964, 35.202285106346764 ], [ 128.701586938160347, 35.199860956101787 ], [ 128.70233008030192, 35.199454389779525 ], [ 128.705329239477777, 35.202994704280371 ], [ 128.706047665189544, 35.203143527495612 ], [ 128.711495621514672, 35.204300003286022 ], [ 128.71270184233029, 35.202835820741846 ], [ 128.714080211759722, 35.203221313871715 ], [ 128.714368015561604, 35.204376575544273 ], [ 128.714208589236449, 35.205192657664135 ], [ 128.714422567613411, 35.205680164238856 ], [ 128.714847052784563, 35.205873266583765 ], [ 128.718382984966695, 35.207481726448997 ], [ 128.72098942787585, 35.211743132313138 ], [ 128.72008087243654, 35.212526402123373 ], [ 128.720976413177766, 35.214648171345317 ], [ 128.721842218283939, 35.216699311489691 ], [ 128.722856134292812, 35.217379273270907 ], [ 128.723100555916375, 35.217004801539893 ], [ 128.723658213643489, 35.215595852950607 ], [ 128.724417600804458, 35.213310286919878 ], [ 128.724666126782097, 35.212041314579416 ], [ 128.72480082605162, 35.211466941499005 ], [ 128.725389187200619, 35.210645072600137 ], [ 128.729120466989315, 35.206554556289795 ], [ 128.729498779790532, 35.206217735350243 ], [ 128.729751190607942, 35.206003220642607 ], [ 128.730297514539131, 35.205799588074697 ], [ 128.731647974614475, 35.205433815008149 ], [ 128.732048776651595, 35.205292487893814 ], [ 128.736529154316116, 35.204520337114928 ], [ 128.736768318787739, 35.204547016346147 ], [ 128.738630182326517, 35.204927083527743 ], [ 128.740583164125383, 35.205275650487437 ], [ 128.744267053094859, 35.205885501059456 ], [ 128.745218290656254, 35.205736226192641 ], [ 128.745528284737503, 35.205641377422246 ], [ 128.745505751643293, 35.205445869183656 ], [ 128.745348970851325, 35.204981116019717 ], [ 128.745308086016394, 35.20478586861956 ], [ 128.745379550969602, 35.204694448200179 ], [ 128.745613257640429, 35.204465119675355 ], [ 128.746674538895036, 35.203455558587066 ], [ 128.747990741287282, 35.202351922698661 ], [ 128.749718848233556, 35.201713145816065 ], [ 128.751449361171268, 35.201232974234543 ] ] ] } },
{ "type": "Feature", "properties": { "gu": "성산구", "emd": "용지동", "adm_cd": "4812351500", "adm_nm": "경상남도 창원시성산구 용지동", "area_km2": 2.643 }, "geometry": { "type": "Polygon", "coordinates": [ [ [ 128.693880264580599, 35.232743466065941 ], [ 128.693905573911792, 35.232710565185855 ], [ 128.694176273359034, 35.2323585022746 ], [ 128.694699706490439, 35.231677712506524 ], [ 128.694943093482891, 35.231353419421652 ], [ 128.695040134603829, 35.231224109625835 ], [ 128.695194852760693, 35.231015761963192 ], [ 128.695385416669637, 35.230720138025767 ], [ 128.697629872445248, 35.226799454406759 ], [ 128.69300365199436, 35.221741594790139 ], [ 128.691728205377046, 35.220300879530321 ], [ 128.691010294467986, 35.220903849186449 ], [ 128.689744613931595, 35.221966849185691 ], [ 128.689532525471549, 35.222144969070868 ], [ 128.689295475710054, 35.222344050951193 ], [ 128.688960030120541, 35.22254603204069 ], [ 128.688476633737537, 35.222837087779439 ], [ 128.687823673884708, 35.223200724622075 ], [ 128.687534286245949, 35.223361881342207 ], [ 128.68480343183333, 35.224882595607809 ], [ 128.684240343413251, 35.22519613889029 ], [ 128.677282410054545, 35.229233053278378 ], [ 128.67316392611707, 35.231853668623799 ], [ 128.67959144677269, 35.239224925861016 ], [ 128.681873455182171, 35.241828079896216 ], [ 128.682153425185561, 35.241841226841892 ], [ 128.68550814788091, 35.239462836648045 ], [ 128.691655494208163, 35.235529568379071 ], [ 128.691887468425449, 35.235318145175356 ], [ 128.691974857228047, 35.235222196307475 ], [ 128.692081263582452, 35.23510457930751 ], [ 128.692964774995488, 35.233947595689372 ], [ 128.693880264580599, 35.232743466065941 ] ] ] } },
{ "type": "Feature", "properties": { "gu": "성산구", "emd": "웅남동", "adm_cd": "4812357000", "adm_nm": "경상남도 창원시성산구 웅남동", "area_km2": 39.428 }, "geometry": { "type": "Polygon", "coordinates": [ [ [ 128.651301047130602, 35.219635036980954 ], [ 128.654384276366329, 35.219232433343812 ], [ 128.65499231295604, 35.219146237710525 ], [ 128.655475354461799, 35.21903036335744 ], [ 128.656199371239069, 35.218795423858289 ], [ 128.656897490005292, 35.21853360866028 ], [ 128.657212847633872, 35.218393719429812 ], [ 128.657488381296446, 35.218271490300438 ], [ 128.66295625283891, 35.215130813935396 ], [ 128.666987581920353, 35.212829072355134 ], [ 128.679739445194855, 35.205374127356635 ], [ 128.679997254499881, 35.205140701719429 ], [ 128.684981125403368, 35.202333791048048 ], [ 128.687856254034955, 35.200714345486908 ], [ 128.68407554937238, 35.196305141204462 ], [ 128.681644922331287, 35.193468298875779 ], [ 128.681717003984971, 35.19342986497324 ], [ 128.686067405844966, 35.191218091800245 ], [ 128.685550364528694, 35.190497108328891 ], [ 128.682421832224435, 35.187403030098118 ], [ 128.679881659678273, 35.184805816126449 ], [ 128.678315563065695, 35.18183688779537 ], [ 128.676753394819883, 35.177990382665072 ], [ 128.674854540367591, 35.175527871146834 ], [ 128.673993498408095, 35.176003122099573 ], [ 128.671435600490241, 35.175936171595509 ], [ 128.670067692290473, 35.176665195223599 ], [ 128.666958565905162, 35.178253643399792 ], [ 128.666069529311756, 35.178677817665879 ], [ 128.663091746093215, 35.180048334493108 ], [ 128.662979680164085, 35.18006856003278 ], [ 128.662901704393079, 35.180074194862627 ], [ 128.662806742084513, 35.180073929112844 ], [ 128.660389795603891, 35.179751332874439 ], [ 128.658490312289814, 35.180254590913712 ], [ 128.658232467569974, 35.180322266610723 ], [ 128.658014383041206, 35.18033535589975 ], [ 128.657874229981644, 35.180328108583652 ], [ 128.65769926032911, 35.180294990036728 ], [ 128.657501426040483, 35.180243045013917 ], [ 128.656680748246572, 35.179968594905823 ], [ 128.656620039432397, 35.179943088926727 ], [ 128.653732653507404, 35.178701715782033 ], [ 128.651392736137126, 35.177329339593889 ], [ 128.648915575656673, 35.175852690140132 ], [ 128.647989895598585, 35.17565893768478 ], [ 128.647451068242276, 35.175546163890289 ], [ 128.640133476449819, 35.175087531843857 ], [ 128.639656541042086, 35.175573637341877 ], [ 128.639306920823429, 35.175891223730432 ], [ 128.638647735844614, 35.176428785798954 ], [ 128.638385746041735, 35.17661657799173 ], [ 128.638108021551744, 35.176784747742005 ], [ 128.637997313363485, 35.176771429125942 ], [ 128.637637991880638, 35.17650401451732 ], [ 128.636936365694709, 35.175923235177159 ], [ 128.636692172776179, 35.175662455954161 ], [ 128.635412161645206, 35.174146395438726 ], [ 128.634212069835428, 35.172273390933576 ], [ 128.631839012441901, 35.170646812721067 ], [ 128.631643276016717, 35.170577242860269 ], [ 128.629503702603387, 35.169407072183404 ], [ 128.629426961973394, 35.169360854597144 ], [ 128.629311862553976, 35.169277222287327 ], [ 128.629238674189622, 35.169199382719398 ], [ 128.629102933788801, 35.169046648297453 ], [ 128.628984873137341, 35.168842316460314 ], [ 128.627506448804041, 35.166194381961148 ], [ 128.627402769061689, 35.165898133658182 ], [ 128.627261382051216, 35.165469652431881 ], [ 128.627202979043176, 35.165230976435915 ], [ 128.627187060230114, 35.164871735386022 ], [ 128.625209222349696, 35.162041233921592 ], [ 128.62405710355489, 35.161514789101389 ], [ 128.622150567621304, 35.160390167574157 ], [ 128.621907676393135, 35.160225200581252 ], [ 128.620729631184076, 35.159311501504945 ], [ 128.620374797830891, 35.159004896970593 ], [ 128.620107228271024, 35.158767911532877 ], [ 128.620033719393717, 35.158691699266676 ], [ 128.619949972456567, 35.158573351362953 ], [ 128.619869790301607, 35.158352363104967 ], [ 128.619820753355981, 35.158136514889087 ], [ 128.619758417964562, 35.157524218712545 ], [ 128.619691684167123, 35.156847654730996 ], [ 128.617181527145277, 35.154142944222549 ], [ 128.615090526453116, 35.151836151686553 ], [ 128.615097421115053, 35.151586510473429 ], [ 128.615033690030884, 35.150512158037486 ], [ 128.614933379065576, 35.149908822235588 ], [ 128.614865735826953, 35.149663623204553 ], [ 128.614774588191295, 35.149559688573092 ], [ 128.614608890326849, 35.14944134679223 ], [ 128.613831305354012, 35.149014871525814 ], [ 128.613293736795526, 35.148749338428743 ], [ 128.612790181297811, 35.148578073276781 ], [ 128.611634846553983, 35.148233395524272 ], [ 128.61100533477105, 35.148651436878843 ], [ 128.609820947142964, 35.150781293314488 ], [ 128.609788068061192, 35.150850458198946 ], [ 128.609166339955038, 35.152365980252604 ], [ 128.609134301513905, 35.152471446365404 ], [ 128.609118893927132, 35.152600996944571 ], [ 128.608525335112745, 35.158019278781239 ], [ 128.609429122248429, 35.159894339489597 ], [ 128.61093001143837, 35.162751337559214 ], [ 128.610947519139074, 35.162792382964234 ], [ 128.610948337956813, 35.162819651642351 ], [ 128.610942342583797, 35.163272552997874 ], [ 128.610826576476427, 35.163373810070098 ], [ 128.610682504867981, 35.163457369965933 ], [ 128.610321866455052, 35.163571698717334 ], [ 128.608904599793107, 35.163950186283749 ], [ 128.60858712804469, 35.163970122734383 ], [ 128.608542772356373, 35.163963896031483 ], [ 128.608367694357042, 35.16393012229355 ], [ 128.608117714967335, 35.163821749205709 ], [ 128.608078067205014, 35.163794044041033 ], [ 128.607965261824233, 35.163633940675439 ], [ 128.607920523341534, 35.163567496103639 ], [ 128.607911651103905, 35.163529006831915 ], [ 128.60792231461312, 35.163391774540088 ], [ 128.607943987796801, 35.163253342419587 ], [ 128.607983354797312, 35.163059367434656 ], [ 128.607851883873082, 35.162219906483315 ], [ 128.606675964384266, 35.161075481566009 ], [ 128.606638764219838, 35.161040931557793 ], [ 128.606309422834016, 35.160785981167514 ], [ 128.605882819305918, 35.160485193617163 ], [ 128.605844698690021, 35.160460386114991 ], [ 128.605732343391168, 35.160401978594777 ], [ 128.605688582452842, 35.160381776827037 ], [ 128.605644652133151, 35.160365607925534 ], [ 128.60560666699368, 35.160365486650043 ], [ 128.605568261367608, 35.160365367396871 ], [ 128.605368498343353, 35.160373708484499 ], [ 128.605281503657153, 35.160380127740275 ], [ 128.605202947713394, 35.160395307145478 ], [ 128.605100616605085, 35.160425166072791 ], [ 128.604900926651851, 35.16049015181985 ], [ 128.604840594643747, 35.160510958858538 ], [ 128.601404356432226, 35.162855590513004 ], [ 128.601282466568222, 35.16294895420441 ], [ 128.598835229971826, 35.16492856596561 ], [ 128.59912718923249, 35.16578043507652 ], [ 128.599169971145955, 35.165776823425297 ], [ 128.599253228034542, 35.165801013316205 ], [ 128.599394405033621, 35.165879898929759 ], [ 128.600415881357122, 35.166596978020479 ], [ 128.600481534907033, 35.166653945526924 ], [ 128.600552696182262, 35.166728100043485 ], [ 128.600585038491232, 35.166770290734839 ], [ 128.600614209653543, 35.166826330017201 ], [ 128.600635155206277, 35.166899135615722 ], [ 128.600648673599608, 35.16696843180079 ], [ 128.600762197071049, 35.167578404760086 ], [ 128.600764924950255, 35.167624869699381 ], [ 128.600747560690195, 35.167734063764485 ], [ 128.600673813828195, 35.167991636547278 ], [ 128.6006203578917, 35.16809702983285 ], [ 128.600586121093215, 35.168156549499251 ], [ 128.600524261644836, 35.168239133998014 ], [ 128.600445199899326, 35.168325871820642 ], [ 128.599988235328681, 35.168705469424019 ], [ 128.599490655667893, 35.169109209941233 ], [ 128.599354138219383, 35.169217675689318 ], [ 128.599244461905897, 35.169298506991012 ], [ 128.599110009646097, 35.169370037853398 ], [ 128.598939038663474, 35.16944393855735 ], [ 128.598820961464241, 35.16948086710304 ], [ 128.598671990639957, 35.169508217882459 ], [ 128.598524802409145, 35.169516178286905 ], [ 128.59838827063092, 35.16951293068918 ], [ 128.598308010211269, 35.169502302940032 ], [ 128.598181537842862, 35.16946450865764 ], [ 128.598124793828333, 35.169443104594208 ], [ 128.598148796917059, 35.169403606043396 ], [ 128.598311799326297, 35.169223272501064 ], [ 128.598149058811259, 35.169102631352089 ], [ 128.597369928006145, 35.169523324084402 ], [ 128.594073722533949, 35.1718979806543 ], [ 128.593032156494246, 35.173337875167761 ], [ 128.592423696692549, 35.174706166381718 ], [ 128.591189244666879, 35.17826041545888 ], [ 128.591193516462937, 35.178479788337185 ], [ 128.591268821006281, 35.178655720195337 ], [ 128.591368631742569, 35.178888880566817 ], [ 128.591648809123171, 35.179059920915265 ], [ 128.591808431091948, 35.179157364603633 ], [ 128.592343164822609, 35.17915034097468 ], [ 128.592568554196191, 35.183853750407003 ], [ 128.5926391185466, 35.187473139991617 ], [ 128.592212059533239, 35.191291048636813 ], [ 128.591314609998165, 35.193277558098806 ], [ 128.590798582374788, 35.194242448472231 ], [ 128.590607052179735, 35.194600568272577 ], [ 128.589905421161376, 35.195250137016629 ], [ 128.589231517718304, 35.199629401457415 ], [ 128.593530249745612, 35.20231552512935 ], [ 128.600538149785194, 35.206693779057744 ], [ 128.607392718497721, 35.211410599756483 ], [ 128.607874079534241, 35.211741798203185 ], [ 128.608618262816009, 35.212170755792052 ], [ 128.611464473723629, 35.212352344531496 ], [ 128.612400085432625, 35.212312468114142 ], [ 128.614298753821458, 35.21193063364494 ], [ 128.615928326932647, 35.211470092348762 ], [ 128.616932418153397, 35.211511557953195 ], [ 128.617804399877741, 35.211637048469441 ], [ 128.62011892768183, 35.211990090956824 ], [ 128.620122194048264, 35.212154610845246 ], [ 128.619506777833607, 35.212514915984329 ], [ 128.622259867266251, 35.213100111234318 ], [ 128.624395726582463, 35.213642012643412 ], [ 128.62565224328003, 35.214595824283734 ], [ 128.626204641559667, 35.215015140732618 ], [ 128.626621920215769, 35.215331884093089 ], [ 128.629403138589424, 35.217442898040375 ], [ 128.63064712807639, 35.217806145630192 ], [ 128.634147441148571, 35.218828154929916 ], [ 128.638728734925365, 35.218910927378097 ], [ 128.643264370379995, 35.219904066734578 ], [ 128.64427423378288, 35.220125166948463 ], [ 128.645125069946999, 35.220113615366955 ], [ 128.651301047130602, 35.219635036980954 ] ] ] } },
{ "type": "Feature", "properties": { "gu": "성산구", "emd": "중앙동", "adm_cd": "4812352000", "adm_nm": "경상남도 창원시성산구 중앙동", "area_km2": 4.629 }, "geometry": { "type": "Polygon", "coordinates": [ [ [ 128.684240343413251, 35.22519613889029 ], [ 128.683861610329103, 35.224760385291546 ], [ 128.683632286933346, 35.224496512689988 ], [ 128.683469214679093, 35.224306181102385 ], [ 128.682577014202849, 35.223264817274661 ], [ 128.682462138812525, 35.223130709763417 ], [ 128.68175117799413, 35.222295496512672 ], [ 128.681733337733419, 35.2222745378998 ], [ 128.681323791061402, 35.221793394795348 ], [ 128.680551414723709, 35.220881092980733 ], [ 128.680165704924264, 35.220423074898889 ], [ 128.679176413342674, 35.219248288372512 ], [ 128.679538270003945, 35.219041565901463 ], [ 128.680994367094513, 35.218212790949664 ], [ 128.682047176251274, 35.217613733203841 ], [ 128.682187949021113, 35.217525214322585 ], [ 128.682228841368953, 35.217499500321971 ], [ 128.682245217906456, 35.217377013944578 ], [ 128.682245701346289, 35.217253218508709 ], [ 128.682246004420705, 35.217173656025153 ], [ 128.682244170826891, 35.216601045138319 ], [ 128.682225800583183, 35.216291841489408 ], [ 128.682187627019601, 35.216034789535932 ], [ 128.682110594033531, 35.215705349597023 ], [ 128.682038027350586, 35.215476738659817 ], [ 128.681994528335139, 35.215339718097923 ], [ 128.681378039773819, 35.213787265492108 ], [ 128.68119845684086, 35.213330971894486 ], [ 128.68113099666931, 35.213066682749385 ], [ 128.681126544314964, 35.212954240232641 ], [ 128.681127125922075, 35.21280569351071 ], [ 128.681137674378903, 35.212613004050276 ], [ 128.681178441280593, 35.21220761136658 ], [ 128.681264426258224, 35.211491434748709 ], [ 128.681751284438946, 35.211208518504883 ], [ 128.682034750534939, 35.211043804305696 ], [ 128.683361752807542, 35.210295263358859 ], [ 128.683768010430782, 35.210072429196487 ], [ 128.683290754855477, 35.209503774012255 ], [ 128.683191563722119, 35.209385598818876 ], [ 128.682963683198608, 35.209119810884104 ], [ 128.681403503124159, 35.207300043770431 ], [ 128.68070825371251, 35.206495714874144 ], [ 128.679739445194855, 35.205374127356635 ], [ 128.666987581920353, 35.212829072355134 ], [ 128.66295625283891, 35.215130813935396 ], [ 128.657488381296446, 35.218271490300438 ], [ 128.657212847633872, 35.218393719429812 ], [ 128.656897490005292, 35.21853360866028 ], [ 128.656199371239069, 35.218795423858289 ], [ 128.655475354461799, 35.21903036335744 ], [ 128.65499231295604, 35.219146237710525 ], [ 128.654384276366329, 35.219232433343812 ], [ 128.651301047130602, 35.219635036980954 ], [ 128.652866865313086, 35.221453309781225 ], [ 128.657911076422266, 35.227383474052289 ], [ 128.658603672371356, 35.228415621429967 ], [ 128.659170913023218, 35.229253203878805 ], [ 128.659251232247698, 35.229356065499672 ], [ 128.65943419534392, 35.22926996472431 ], [ 128.662492640420226, 35.227821480946488 ], [ 128.66278848435212, 35.227892778029499 ], [ 128.665039301798913, 35.228971595886314 ], [ 128.665768884047878, 35.22932126615153 ], [ 128.669260013038866, 35.229737571347641 ], [ 128.669884109681078, 35.229389628992017 ], [ 128.670881221228541, 35.229216115515186 ], [ 128.671122785728016, 35.22945097090674 ], [ 128.672963162431813, 35.23162681282912 ], [ 128.67292874482402, 35.231721082555929 ], [ 128.672893684289676, 35.231817108597539 ], [ 128.67316392611707, 35.231853668623799 ], [ 128.677282410054545, 35.229233053278378 ], [ 128.684240343413251, 35.22519613889029 ] ] ] } },
{ "type": "Feature", "properties": { "gu": "의창구", "emd": "대산면", "adm_cd": "4812132000", "adm_nm": "경상남도 창원시의창구 대산면", "area_km2": 33.033 }, "geometry": { "type": "Polygon", "coordinates": [ [ [ 128.69633091334282, 35.375884033602013 ], [ 128.696785616185508, 35.375718048767467 ], [ 128.69744444153153, 35.375447551871062 ], [ 128.697587952301404, 35.375387688053706 ], [ 128.697768342441236, 35.37531242570369 ], [ 128.698459514151494, 35.374996549457663 ], [ 128.698661773559934, 35.374894833436528 ], [ 128.698773775947615, 35.374838500512567 ], [ 128.69909469142749, 35.374663363890733 ], [ 128.700062892941901, 35.374127472021151 ], [ 128.700171233353757, 35.374063651048701 ], [ 128.700375637345047, 35.373943222050507 ], [ 128.700702888597476, 35.373750167928684 ], [ 128.711363655213944, 35.367351799976575 ], [ 128.711708137820921, 35.367136316810729 ], [ 128.71175657818182, 35.367105502259925 ], [ 128.712056264878242, 35.36691484180195 ], [ 128.714130840560443, 35.365393753255816 ], [ 128.714212069553696, 35.365332773583809 ], [ 128.714469855635144, 35.365139243636271 ], [ 128.715100135073385, 35.364640608791419 ], [ 128.715415308673698, 35.364378545378322 ], [ 128.715626866688865, 35.364201685531661 ], [ 128.715734143207072, 35.364111995714715 ], [ 128.716054808210714, 35.363842431608447 ], [ 128.716375527833378, 35.363554858910732 ], [ 128.716563801156468, 35.363378067737926 ], [ 128.716683412455325, 35.363265747506929 ], [ 128.718938457116082, 35.361134324609175 ], [ 128.720508214281267, 35.359765849776736 ], [ 128.721603926938229, 35.358795815137462 ], [ 128.722766331156691, 35.357736599823291 ], [ 128.723110575820613, 35.357415390636362 ], [ 128.724025652304078, 35.3565515847434 ], [ 128.727218668640432, 35.353932818031502 ], [ 128.734082007679888, 35.348908222470392 ], [ 128.734315510998272, 35.348751098760822 ], [ 128.734475519674447, 35.348652788010277 ], [ 128.734684941454901, 35.348545949613133 ], [ 128.734942282741514, 35.348414679532354 ], [ 128.735408868611842, 35.348225890724407 ], [ 128.735843853436194, 35.348094960304131 ], [ 128.736268325639543, 35.347979007222754 ], [ 128.736428267848623, 35.347942732515975 ], [ 128.736732019922442, 35.347873850356599 ], [ 128.737023179612521, 35.347823492124618 ], [ 128.737203483659385, 35.34779231132552 ], [ 128.737674971756661, 35.347710773820047 ], [ 128.738104422476397, 35.347667746046397 ], [ 128.738502446082464, 35.347631080577209 ], [ 128.738939637471532, 35.347626667234309 ], [ 128.739353250962154, 35.347630794427282 ], [ 128.739592426745759, 35.347639419751225 ], [ 128.73976418870825, 35.347645615642207 ], [ 128.740730976886624, 35.347693564087365 ], [ 128.740931550819653, 35.347704982255529 ], [ 128.742343871740928, 35.347748767003594 ], [ 128.743266418880012, 35.347772193010002 ], [ 128.746145856881611, 35.347807747463335 ], [ 128.747213956473416, 35.347798229058853 ], [ 128.750656414742622, 35.347736789020715 ], [ 128.75240517562483, 35.347684128779399 ], [ 128.753031623127981, 35.347625031325222 ], [ 128.753263177020301, 35.347603449308203 ], [ 128.753975050642538, 35.347537097456694 ], [ 128.754320944798309, 35.347514029470751 ], [ 128.754790904045251, 35.347482705643998 ], [ 128.755834152494884, 35.347433253303251 ], [ 128.75624537961383, 35.347421062394979 ], [ 128.756923621400972, 35.347400958686805 ], [ 128.757535663923846, 35.347391575935397 ], [ 128.757918317347134, 35.347385710286659 ], [ 128.759661860311752, 35.347376285285961 ], [ 128.762182226375927, 35.347386030345483 ], [ 128.761734585701703, 35.346202110292786 ], [ 128.76138989066186, 35.345308735562305 ], [ 128.761080853461948, 35.344731971908274 ], [ 128.760909842101199, 35.34441283534683 ], [ 128.757581556175467, 35.33826908936846 ], [ 128.757434976920649, 35.338014357354155 ], [ 128.757248226295616, 35.337791405890677 ], [ 128.756891537965942, 35.337415502212231 ], [ 128.755219735729071, 35.33592207883931 ], [ 128.754649713078379, 35.335421912913652 ], [ 128.753904261521996, 35.334851168378236 ], [ 128.753494569740752, 35.334613140016707 ], [ 128.753302405205972, 35.33450950036687 ], [ 128.752876427969113, 35.334435320130666 ], [ 128.752576427405529, 35.334460578499936 ], [ 128.75228681988466, 35.334528982885125 ], [ 128.752097105424042, 35.334619152104942 ], [ 128.75199152320252, 35.334731049713135 ], [ 128.751943943253792, 35.334804282707694 ], [ 128.751933161137259, 35.334890498413571 ], [ 128.751953870659264, 35.334998352372608 ], [ 128.752006136783251, 35.335119207253143 ], [ 128.752168511060916, 35.335356731098223 ], [ 128.752472523012131, 35.335742650306081 ], [ 128.752718713787942, 35.336105403004318 ], [ 128.752828604865414, 35.336308315557829 ], [ 128.752959166887393, 35.336699533869144 ], [ 128.75298458772636, 35.33699284206903 ], [ 128.752999587208478, 35.337251625179739 ], [ 128.75293050796202, 35.337471416439897 ], [ 128.7528668486583, 35.337639467808728 ], [ 128.752703973965822, 35.337901260316691 ], [ 128.752466334583971, 35.338176768318931 ], [ 128.75097427454466, 35.339669226167928 ], [ 128.750757972863113, 35.339849895617071 ], [ 128.750647323850728, 35.339897104428964 ], [ 128.750494622467528, 35.33992695922025 ], [ 128.750326241865082, 35.339922308655972 ], [ 128.750221063518865, 35.339900526090695 ], [ 128.750200100676125, 35.339874597691214 ], [ 128.750173996660834, 35.339809862562895 ], [ 128.750163782810858, 35.339706339397132 ], [ 128.749829631514729, 35.335792082642001 ], [ 128.749865333601576, 35.334590514227941 ], [ 128.750115383811334, 35.333665887629572 ], [ 128.750232945854975, 35.33308394554475 ], [ 128.750244575315122, 35.332726037883596 ], [ 128.750203102154416, 35.33252757603951 ], [ 128.750140498634124, 35.332354958632088 ], [ 128.750072342725758, 35.3322728818763 ], [ 128.749339112948803, 35.332074983332703 ], [ 128.748524762349859, 35.33235185909291 ], [ 128.747113673113347, 35.332604390043372 ], [ 128.745953245660274, 35.332437375369864 ], [ 128.742313421211037, 35.33169663170294 ], [ 128.741858357182991, 35.331393615818065 ], [ 128.741537444757512, 35.33074046139366 ], [ 128.741549062744895, 35.330372533512751 ], [ 128.741558536017834, 35.330072711086615 ], [ 128.741810182378913, 35.329356579004276 ], [ 128.741821238114085, 35.329325128577295 ], [ 128.742426291670256, 35.327603183437198 ], [ 128.742847726382081, 35.32633956863355 ], [ 128.742874523668775, 35.326162436756661 ], [ 128.743054477351592, 35.324972651785963 ], [ 128.742650676174037, 35.321554097397751 ], [ 128.742295422804148, 35.320398399673046 ], [ 128.739291032755858, 35.317336492796954 ], [ 128.735124670328474, 35.316070724788737 ], [ 128.734943236674638, 35.316015602522747 ], [ 128.733024470254776, 35.315694863249512 ], [ 128.727547954540256, 35.31845270909286 ], [ 128.723848949108344, 35.320449816569393 ], [ 128.723743530874287, 35.32051605692196 ], [ 128.72302196707497, 35.320969456846591 ], [ 128.722194987517838, 35.32148908699542 ], [ 128.721984737059046, 35.321692755859395 ], [ 128.72121192046032, 35.322441392586398 ], [ 128.720381264201563, 35.323904216755977 ], [ 128.719703915188575, 35.324803799888763 ], [ 128.718995993892037, 35.325374911796288 ], [ 128.71841131896889, 35.32563473037019 ], [ 128.717737906269463, 35.325605601053056 ], [ 128.714578037046635, 35.323531932779325 ], [ 128.7136161218653, 35.32269431299386 ], [ 128.713575470780398, 35.322598738212918 ], [ 128.713280823311038, 35.321905844858748 ], [ 128.713248451452557, 35.32149033140584 ], [ 128.713655997166086, 35.318427776167447 ], [ 128.713430562712063, 35.317811864926448 ], [ 128.712614298888724, 35.316761654489319 ], [ 128.711489606934435, 35.31531458325145 ], [ 128.711482277253282, 35.314966449996959 ], [ 128.71187851565432, 35.313606553122177 ], [ 128.712422622595227, 35.312544443874621 ], [ 128.713232797703171, 35.311788123848878 ], [ 128.715284747492291, 35.310598261687574 ], [ 128.716649615802254, 35.310404787756312 ], [ 128.716737340232584, 35.310057215723496 ], [ 128.716747577298207, 35.310016441086574 ], [ 128.71032764282279, 35.308888506436695 ], [ 128.709382218816614, 35.308824467025147 ], [ 128.699533202497065, 35.309621004849184 ], [ 128.698392254424078, 35.309801461702108 ], [ 128.696894664429863, 35.310422238812507 ], [ 128.696183933775956, 35.310391623538322 ], [ 128.695910389084361, 35.310386995501887 ], [ 128.695675200026358, 35.310398211534434 ], [ 128.695507157227496, 35.310425296462732 ], [ 128.695396623142528, 35.310468273717326 ], [ 128.695218810661203, 35.310546452953375 ], [ 128.69509857569841, 35.310624799484479 ], [ 128.69493986131252, 35.310732520869863 ], [ 128.694858056124758, 35.310803068740896 ], [ 128.694718396639331, 35.310952134322335 ], [ 128.694631669157104, 35.311061985940057 ], [ 128.694544796897475, 35.311219010518123 ], [ 128.694467537294969, 35.311370146183705 ], [ 128.694414309073863, 35.311511514158411 ], [ 128.694380112335807, 35.311700081193827 ], [ 128.694355590605198, 35.311869026902023 ], [ 128.694355039504501, 35.312039985395145 ], [ 128.694359424242606, 35.312169658084088 ], [ 128.694330384965042, 35.312252130495487 ], [ 128.694291769293017, 35.312326681981602 ], [ 128.694065251660646, 35.312654192866844 ], [ 128.69338603697355, 35.313577592423258 ], [ 128.693126081239853, 35.313898987625549 ], [ 128.692972107982115, 35.314059603501654 ], [ 128.692803819614483, 35.314206432900107 ], [ 128.692491329352748, 35.314464807911833 ], [ 128.69212608653217, 35.314734784226196 ], [ 128.691861804078513, 35.314920599529529 ], [ 128.691708054127105, 35.315026181408491 ], [ 128.69153995513355, 35.315123895308808 ], [ 128.691367166870634, 35.315182346736236 ], [ 128.691012139538884, 35.315252080208289 ], [ 128.690633146072969, 35.315311962095777 ], [ 128.690378924952853, 35.315346621092026 ], [ 128.690191869544805, 35.315361861748627 ], [ 128.689947314945158, 35.315361216852281 ], [ 128.689539806498686, 35.315330751113386 ], [ 128.687689270773433, 35.315127710856672 ], [ 128.685263201405775, 35.314911372899154 ], [ 128.685157688610047, 35.314915013824447 ], [ 128.685071342778826, 35.31493442479087 ], [ 128.684960955415448, 35.314985172237236 ], [ 128.684869765023876, 35.315033998519802 ], [ 128.68226406669595, 35.316502837958545 ], [ 128.681064713906864, 35.317270547407261 ], [ 128.680580236050645, 35.317616400172149 ], [ 128.680110177077069, 35.317975959356325 ], [ 128.679712076621712, 35.318314117633285 ], [ 128.679462673198884, 35.318560462449362 ], [ 128.679218052766061, 35.318849935690764 ], [ 128.679011792765181, 35.319121836618102 ], [ 128.678604128119019, 35.319665586482778 ], [ 128.677846443020769, 35.32086849662673 ], [ 128.67777928894543, 35.321001519534853 ], [ 128.677769693271046, 35.32106026962439 ], [ 128.677774467123527, 35.321099444135683 ], [ 128.677807989182924, 35.321148490963367 ], [ 128.681181345891133, 35.325075887485724 ], [ 128.68250565527498, 35.326559617589282 ], [ 128.684401749574391, 35.328632413965948 ], [ 128.684895165091774, 35.329165174170868 ], [ 128.68513624644288, 35.329424573213757 ], [ 128.686751918814082, 35.331157793541244 ], [ 128.686987377037525, 35.331410218395156 ], [ 128.687234113167904, 35.331671969363178 ], [ 128.687480880800621, 35.331929069785652 ], [ 128.687738945072141, 35.332190820189794 ], [ 128.688140792621624, 35.332613105801734 ], [ 128.689277741777005, 35.334056144789002 ], [ 128.692092479281087, 35.337628404135963 ], [ 128.689824816378632, 35.338523435615066 ], [ 128.688434226354047, 35.339072261696103 ], [ 128.68839092576593, 35.339118351323691 ], [ 128.688429445563088, 35.34182992281518 ], [ 128.68846522342821, 35.344348078464627 ], [ 128.688731330840056, 35.345263764221187 ], [ 128.69225596718411, 35.344731929713284 ], [ 128.692669860404635, 35.346426023602987 ], [ 128.692522843890515, 35.347955135597196 ], [ 128.691141347987241, 35.350055217127881 ], [ 128.684759084729478, 35.35489937157233 ], [ 128.681785702343547, 35.355760027016856 ], [ 128.681501747419986, 35.355730610023684 ], [ 128.681247393964981, 35.355719490966386 ], [ 128.681001496351456, 35.3557162356798 ], [ 128.680787339789987, 35.355722608395908 ], [ 128.680660124673068, 35.355730966075811 ], [ 128.679550697615525, 35.355909715396379 ], [ 128.679402190259594, 35.355937147035689 ], [ 128.679304549036203, 35.355964702438726 ], [ 128.678110501992194, 35.356426537760335 ], [ 128.678015736822232, 35.356468955370964 ], [ 128.677947761913515, 35.35650355703644 ], [ 128.677875511376101, 35.356546812684037 ], [ 128.677692697887323, 35.356668902173816 ], [ 128.677452435808391, 35.356849940546233 ], [ 128.677350351729729, 35.356931387373869 ], [ 128.67718860574945, 35.357086567958468 ], [ 128.677005364376413, 35.357318184884853 ], [ 128.673923592222593, 35.361357515013836 ], [ 128.673541538209406, 35.361988497046127 ], [ 128.671043087375466, 35.36636444048527 ], [ 128.670454818825533, 35.368125833861377 ], [ 128.669972105007673, 35.370015808174664 ], [ 128.669919306326591, 35.370570214648446 ], [ 128.669918653656396, 35.370731609376222 ], [ 128.669928251371942, 35.370851657248132 ], [ 128.670083377791599, 35.371224531052 ], [ 128.670158953783016, 35.372515958318068 ], [ 128.670142628867637, 35.372797331773903 ], [ 128.670070146288992, 35.373223394718622 ], [ 128.669832390154454, 35.374522222360227 ], [ 128.669595334234003, 35.375643118462136 ], [ 128.669241293400887, 35.376949900061071 ], [ 128.669092696941703, 35.377450255222072 ], [ 128.668721634765632, 35.378612337451798 ], [ 128.672085000420964, 35.379862633178959 ], [ 128.67239098973684, 35.379948322739942 ], [ 128.6727014588744, 35.380003631067545 ], [ 128.673329490699018, 35.380029946650367 ], [ 128.674304997476867, 35.380057651565423 ], [ 128.67866321820776, 35.380049325352871 ], [ 128.680908109303374, 35.380042778314404 ], [ 128.681669713855939, 35.380027231216857 ], [ 128.682345732196325, 35.379998915960286 ], [ 128.68289330847486, 35.379965252905762 ], [ 128.684787153145408, 35.379787177133942 ], [ 128.685438859219573, 35.379718683977451 ], [ 128.68661989041297, 35.379591375309829 ], [ 128.687213516817394, 35.379515173360829 ], [ 128.687825529932212, 35.379426474260178 ], [ 128.688284596435665, 35.379344919771853 ], [ 128.688492729775817, 35.37930032935715 ], [ 128.688734547483989, 35.379245791343692 ], [ 128.688958026680837, 35.379191214230872 ], [ 128.689282536652684, 35.379106770429566 ], [ 128.690099971693542, 35.378883202293395 ], [ 128.690899204219477, 35.378619463168612 ], [ 128.691156455379314, 35.378529835723739 ], [ 128.692911430786864, 35.377722964318671 ], [ 128.694211540486066, 35.376948355365428 ], [ 128.695219037494553, 35.376418295042491 ], [ 128.695773170487655, 35.376128464363589 ], [ 128.696033549957946, 35.376007422797372 ], [ 128.696182985529845, 35.375945408414154 ], [ 128.69633091334282, 35.375884033602013 ] ] ] } },
{ "type": "Feature", "properties": { "gu": "의창구", "emd": "동읍", "adm_cd": "4812125000", "adm_nm": "경상남도 창원시의창구 동읍", "area_km2": 59.255 }, "geometry": { "type": "Polygon", "coordinates": [ [ [ 128.696894664429863, 35.310422238812507 ], [ 128.696798554079834, 35.309775446844078 ], [ 128.696388754106664, 35.309365244691811 ], [ 128.69516361772537, 35.308337679175203 ], [ 128.694714816933583, 35.307753869436958 ], [ 128.694371583656789, 35.307139586823936 ], [ 128.694444495651567, 35.306674244414523 ], [ 128.695338175353527, 35.304823765958503 ], [ 128.696521936814122, 35.303259626753501 ], [ 128.698226801644381, 35.299156935058996 ], [ 128.698250260140952, 35.299046576203466 ], [ 128.699510413487758, 35.294581271561078 ], [ 128.699557630281561, 35.294413982006837 ], [ 128.699765699025278, 35.294207916112732 ], [ 128.703531129058717, 35.291465756840815 ], [ 128.705743418751183, 35.286684920855009 ], [ 128.705607605630632, 35.286396630049481 ], [ 128.705187790662194, 35.284941851048323 ], [ 128.704846792476303, 35.282180034873079 ], [ 128.706156950436053, 35.278272836746318 ], [ 128.708032006012701, 35.274870351522161 ], [ 128.70987474919346, 35.272745182446961 ], [ 128.710977747933242, 35.270785241498267 ], [ 128.71156715868878, 35.269645101374536 ], [ 128.711690764890164, 35.268231031743213 ], [ 128.711591963807763, 35.266897494671042 ], [ 128.711290487700268, 35.265460395945766 ], [ 128.711256352401136, 35.263274676421581 ], [ 128.713030435237528, 35.259022274715264 ], [ 128.714701301716701, 35.255477462549678 ], [ 128.715741987891164, 35.253934314218832 ], [ 128.717063703105083, 35.251353744069128 ], [ 128.717480681304977, 35.249348364810338 ], [ 128.717805124477081, 35.24798180089968 ], [ 128.718035214510934, 35.247167161816854 ], [ 128.71818374748284, 35.246672417034695 ], [ 128.719171107022078, 35.244079386162156 ], [ 128.719298603191049, 35.243425564671909 ], [ 128.717835719442519, 35.243950079768759 ], [ 128.716486980219145, 35.244826612813249 ], [ 128.714652644081383, 35.245996080914225 ], [ 128.711806942723683, 35.247389098154507 ], [ 128.710212006016548, 35.248096155881392 ], [ 128.709754980010871, 35.248144811551811 ], [ 128.709621370760203, 35.248176585692981 ], [ 128.709470967175577, 35.24823235517897 ], [ 128.708881872351697, 35.248462049556636 ], [ 128.708746089003, 35.248516241184461 ], [ 128.704560348156321, 35.250546677831693 ], [ 128.70442653270797, 35.250633057948555 ], [ 128.703852485708182, 35.251035167451619 ], [ 128.703591338115359, 35.251226777001357 ], [ 128.702943353961103, 35.251752743787932 ], [ 128.702865783877257, 35.251844051291741 ], [ 128.702771422757138, 35.251983427068751 ], [ 128.701909361580874, 35.25357218344076 ], [ 128.701820977944863, 35.253764895996632 ], [ 128.698517931696983, 35.256850169209429 ], [ 128.698428108450088, 35.256903236818729 ], [ 128.698063003885864, 35.257172356611427 ], [ 128.695811367235478, 35.259109928496777 ], [ 128.695595043826501, 35.259303623277397 ], [ 128.692936238978973, 35.262267604398581 ], [ 128.69284304243638, 35.262385563302033 ], [ 128.692749749607913, 35.262545577344653 ], [ 128.69263449096286, 35.262933567346494 ], [ 128.692562774200724, 35.263035187567411 ], [ 128.69245963494464, 35.263127401397981 ], [ 128.692180338686228, 35.263346803424362 ], [ 128.692025672152255, 35.263455306927632 ], [ 128.691891150522963, 35.26350654702491 ], [ 128.691808245799393, 35.26349708145824 ], [ 128.691715364951392, 35.263472392546035 ], [ 128.691632561619457, 35.263420821106898 ], [ 128.689852173377716, 35.261672378292197 ], [ 128.686740737844389, 35.259289697115356 ], [ 128.686555092240582, 35.25918761285854 ], [ 128.684401141680269, 35.258281978856296 ], [ 128.683735001963328, 35.258049023060941 ], [ 128.683308276521785, 35.257899792943789 ], [ 128.68323669782464, 35.25794177730937 ], [ 128.683101865681607, 35.258127526499422 ], [ 128.683070171787961, 35.258236274972163 ], [ 128.682986350846818, 35.2586244945239 ], [ 128.682934182727621, 35.258928538402323 ], [ 128.682892545035941, 35.259004504804444 ], [ 128.681879451105743, 35.259990089986673 ], [ 128.681352238709394, 35.260453636777399 ], [ 128.68104147281926, 35.260673053765061 ], [ 128.680886859179225, 35.26075703063988 ], [ 128.680050258232427, 35.260848030695669 ], [ 128.679937281445831, 35.26085718421885 ], [ 128.678503310026031, 35.260828993610133 ], [ 128.678337505062245, 35.260811162864137 ], [ 128.67682158658269, 35.260977052361881 ], [ 128.674219917567427, 35.261385684964353 ], [ 128.674106882039098, 35.261419445732436 ], [ 128.673993802141524, 35.261478945085067 ], [ 128.673879119520734, 35.261605151601955 ], [ 128.67348633417572, 35.26204341256139 ], [ 128.672770774977721, 35.262743518516281 ], [ 128.671778970411623, 35.263141616164681 ], [ 128.671619003732644, 35.263171197437899 ], [ 128.669404723061803, 35.263445134266092 ], [ 128.668068871056278, 35.263572108413136 ], [ 128.665863465043714, 35.263919589734208 ], [ 128.665712096631722, 35.263956137520125 ], [ 128.665329442201511, 35.264051666991399 ], [ 128.664074313662837, 35.26404025964095 ], [ 128.663550533928799, 35.264549943778704 ], [ 128.663346665473739, 35.264681259324526 ], [ 128.663142780401159, 35.264812535017825 ], [ 128.662911725652322, 35.264936908891691 ], [ 128.662617698507546, 35.26503921661061 ], [ 128.659311603716361, 35.266057409891467 ], [ 128.652526964541323, 35.267426159279545 ], [ 128.652365601319673, 35.267455742944378 ], [ 128.648352966796324, 35.267567884531715 ], [ 128.647470747098026, 35.267525640901667 ], [ 128.645977693911703, 35.267451168858337 ], [ 128.645440786276765, 35.26771925402641 ], [ 128.645122970949274, 35.267861013086929 ], [ 128.644767286025228, 35.267979493983781 ], [ 128.644550988219095, 35.26802483657076 ], [ 128.644394346399281, 35.268040693342485 ], [ 128.644131321681385, 35.268054522032678 ], [ 128.643921828032092, 35.268053921709658 ], [ 128.636095075371344, 35.267672204442754 ], [ 128.635096361894711, 35.267489058146346 ], [ 128.634271708380311, 35.267018410611321 ], [ 128.634017426615316, 35.26665502860368 ], [ 128.632300812788486, 35.268484238926511 ], [ 128.630883476878893, 35.270305634452654 ], [ 128.630657339374324, 35.270558033090083 ], [ 128.629952631777144, 35.271344502353891 ], [ 128.629229367626863, 35.272097800642875 ], [ 128.62900343542654, 35.27229900431508 ], [ 128.628210619013373, 35.27296774023479 ], [ 128.628000928195661, 35.27307930053496 ], [ 128.627463875265988, 35.273324464743041 ], [ 128.627363776668659, 35.273354235845822 ], [ 128.625735201536031, 35.273538667967792 ], [ 128.624815478893026, 35.273507987350492 ], [ 128.623295197702788, 35.273470150227269 ], [ 128.623168052668859, 35.273476673944913 ], [ 128.623149106981259, 35.273499876964685 ], [ 128.623649245772327, 35.274229084016696 ], [ 128.623946597843457, 35.274555270563368 ], [ 128.624296695363398, 35.274929626997462 ], [ 128.623904328454302, 35.275538696959011 ], [ 128.625907038156498, 35.276823015340362 ], [ 128.62790981714582, 35.278107284624227 ], [ 128.628483256054579, 35.278483327161062 ], [ 128.628623325509068, 35.279324519056928 ], [ 128.63005633306733, 35.280535584512499 ], [ 128.632036514770675, 35.28164446335164 ], [ 128.634055324649069, 35.282706768360057 ], [ 128.635803584569402, 35.282402103008586 ], [ 128.635904838493644, 35.282426224148168 ], [ 128.639453728016292, 35.283271737176022 ], [ 128.640782986204528, 35.284025702420294 ], [ 128.641401820400262, 35.285225589124536 ], [ 128.641541979166476, 35.285497347474909 ], [ 128.642060577621038, 35.287812244227382 ], [ 128.642199424362047, 35.289545005158224 ], [ 128.642026196578513, 35.292506351423789 ], [ 128.641440448404353, 35.292844145566207 ], [ 128.639590066006889, 35.295786030175805 ], [ 128.638712154613046, 35.297418858754924 ], [ 128.638665306283912, 35.300155017912267 ], [ 128.639472840407961, 35.301632513796633 ], [ 128.641893073081377, 35.305221539944093 ], [ 128.643239648784032, 35.306434595780132 ], [ 128.643965609469433, 35.307555764194809 ], [ 128.643771375213305, 35.31040984398031 ], [ 128.64284510729027, 35.3115919305381 ], [ 128.643696595803931, 35.313000975866785 ], [ 128.645128396717922, 35.314546649410055 ], [ 128.64704881773568, 35.316492569334265 ], [ 128.646277586092225, 35.320869297848169 ], [ 128.647302934708051, 35.322174920562297 ], [ 128.644607199287066, 35.327893625885565 ], [ 128.643519596197137, 35.329554983016195 ], [ 128.642705442817174, 35.330001495764414 ], [ 128.641805562337595, 35.332275692020772 ], [ 128.641417511877847, 35.335650049199174 ], [ 128.642159517201236, 35.336969319017001 ], [ 128.643672052241698, 35.338936072933315 ], [ 128.643241127325524, 35.340510723054273 ], [ 128.642997277307046, 35.341722034888264 ], [ 128.643206456413679, 35.344249499073058 ], [ 128.644518636957457, 35.34598305358179 ], [ 128.644904375828077, 35.346282235094442 ], [ 128.645706468622336, 35.349534952469298 ], [ 128.644522877941455, 35.352438730760888 ], [ 128.643435796811332, 35.354157935615532 ], [ 128.642857024127693, 35.355851784605257 ], [ 128.642012998643224, 35.358461284291536 ], [ 128.640232348276925, 35.359126906269779 ], [ 128.638750703321648, 35.360283208954883 ], [ 128.638749050133555, 35.364617496305051 ], [ 128.638810238830274, 35.366190480125894 ], [ 128.639505757476911, 35.368943130853729 ], [ 128.641978033993524, 35.370732392616233 ], [ 128.642032894945999, 35.37075051798184 ], [ 128.643109522134836, 35.372394496354659 ], [ 128.643458179531336, 35.372317281689433 ], [ 128.643829435224347, 35.372236749584822 ], [ 128.644004104056279, 35.372200446293036 ], [ 128.644200694894636, 35.372159593808831 ], [ 128.644571873915453, 35.372097592238219 ], [ 128.646932401971895, 35.371752798109263 ], [ 128.64913682813696, 35.371477685209513 ], [ 128.649408799490573, 35.37144819096077 ], [ 128.649610779783075, 35.371426292879242 ], [ 128.650088410938736, 35.371402843902459 ], [ 128.650270356794408, 35.371394078292973 ], [ 128.650679605989751, 35.371407678501924 ], [ 128.65117597277478, 35.371433956427452 ], [ 128.65139630441621, 35.371452783782999 ], [ 128.651626800162688, 35.371472489420093 ], [ 128.652077600850959, 35.371517247623835 ], [ 128.652314910371416, 35.37155271595644 ], [ 128.652543455667569, 35.371586876210344 ], [ 128.652997878655725, 35.371675097259718 ], [ 128.653209863126477, 35.371726903157487 ], [ 128.6533700336621, 35.371766049447608 ], [ 128.653414148611802, 35.371776833758396 ], [ 128.65348625642514, 35.371794470068586 ], [ 128.654459145182329, 35.372057982818617 ], [ 128.655026872356729, 35.372236541275164 ], [ 128.655628612907634, 35.372436898557979 ], [ 128.656174367399643, 35.372629874974173 ], [ 128.657335247291201, 35.373059443781635 ], [ 128.657793037432299, 35.373246980021868 ], [ 128.658231870555824, 35.373434460904683 ], [ 128.65876899920633, 35.373684304327206 ], [ 128.659230435289743, 35.373909078737867 ], [ 128.659480044123114, 35.374033943727078 ], [ 128.659839237155978, 35.374239825055682 ], [ 128.660364667069501, 35.374567215181827 ], [ 128.660606588045226, 35.374719980337382 ], [ 128.661025997942545, 35.375025334907633 ], [ 128.661690289320546, 35.375560369952829 ], [ 128.662219538776327, 35.376011046732515 ], [ 128.663037305419607, 35.376682249834758 ], [ 128.663349187241295, 35.376874001983602 ], [ 128.663651788150275, 35.377022292353978 ], [ 128.66396956207214, 35.377167496472467 ], [ 128.664291263777841, 35.377278590345036 ], [ 128.664578915377177, 35.377375598180727 ], [ 128.666212264422882, 35.377886070407129 ], [ 128.668721634765632, 35.378612337451798 ], [ 128.669092696941703, 35.377450255222072 ], [ 128.669241293400887, 35.376949900061071 ], [ 128.669595334234003, 35.375643118462136 ], [ 128.669832390154454, 35.374522222360227 ], [ 128.670070146288992, 35.373223394718622 ], [ 128.670142628867637, 35.372797331773903 ], [ 128.670158953783016, 35.372515958318068 ], [ 128.670083377791599, 35.371224531052 ], [ 128.669928251371942, 35.370851657248132 ], [ 128.669918653656396, 35.370731609376222 ], [ 128.669919306326591, 35.370570214648446 ], [ 128.669972105007673, 35.370015808174664 ], [ 128.670454818825533, 35.368125833861377 ], [ 128.671043087375466, 35.36636444048527 ], [ 128.673541538209406, 35.361988497046127 ], [ 128.673923592222593, 35.361357515013836 ], [ 128.677005364376413, 35.357318184884853 ], [ 128.67718860574945, 35.357086567958468 ], [ 128.677350351729729, 35.356931387373869 ], [ 128.677452435808391, 35.356849940546233 ], [ 128.677692697887323, 35.356668902173816 ], [ 128.677875511376101, 35.356546812684037 ], [ 128.677947761913515, 35.35650355703644 ], [ 128.678015736822232, 35.356468955370964 ], [ 128.678110501992194, 35.356426537760335 ], [ 128.679304549036203, 35.355964702438726 ], [ 128.679402190259594, 35.355937147035689 ], [ 128.679550697615525, 35.355909715396379 ], [ 128.680660124673068, 35.355730966075811 ], [ 128.680787339789987, 35.355722608395908 ], [ 128.681001496351456, 35.3557162356798 ], [ 128.681247393964981, 35.355719490966386 ], [ 128.681501747419986, 35.355730610023684 ], [ 128.681785702343547, 35.355760027016856 ], [ 128.684759084729478, 35.35489937157233 ], [ 128.691141347987241, 35.350055217127881 ], [ 128.692522843890515, 35.347955135597196 ], [ 128.692669860404635, 35.346426023602987 ], [ 128.69225596718411, 35.344731929713284 ], [ 128.688731330840056, 35.345263764221187 ], [ 128.68846522342821, 35.344348078464627 ], [ 128.688429445563088, 35.34182992281518 ], [ 128.68839092576593, 35.339118351323691 ], [ 128.688434226354047, 35.339072261696103 ], [ 128.689824816378632, 35.338523435615066 ], [ 128.692092479281087, 35.337628404135963 ], [ 128.689277741777005, 35.334056144789002 ], [ 128.688140792621624, 35.332613105801734 ], [ 128.687738945072141, 35.332190820189794 ], [ 128.687480880800621, 35.331929069785652 ], [ 128.687234113167904, 35.331671969363178 ], [ 128.686987377037525, 35.331410218395156 ], [ 128.686751918814082, 35.331157793541244 ], [ 128.68513624644288, 35.329424573213757 ], [ 128.684895165091774, 35.329165174170868 ], [ 128.684401749574391, 35.328632413965948 ], [ 128.68250565527498, 35.326559617589282 ], [ 128.681181345891133, 35.325075887485724 ], [ 128.677807989182924, 35.321148490963367 ], [ 128.677774467123527, 35.321099444135683 ], [ 128.677769693271046, 35.32106026962439 ], [ 128.67777928894543, 35.321001519534853 ], [ 128.677846443020769, 35.32086849662673 ], [ 128.678604128119019, 35.319665586482778 ], [ 128.679011792765181, 35.319121836618102 ], [ 128.679218052766061, 35.318849935690764 ], [ 128.679462673198884, 35.318560462449362 ], [ 128.679712076621712, 35.318314117633285 ], [ 128.680110177077069, 35.317975959356325 ], [ 128.680580236050645, 35.317616400172149 ], [ 128.681064713906864, 35.317270547407261 ], [ 128.68226406669595, 35.316502837958545 ], [ 128.684869765023876, 35.315033998519802 ], [ 128.684960955415448, 35.314985172237236 ], [ 128.685071342778826, 35.31493442479087 ], [ 128.685157688610047, 35.314915013824447 ], [ 128.685263201405775, 35.314911372899154 ], [ 128.687689270773433, 35.315127710856672 ], [ 128.689539806498686, 35.315330751113386 ], [ 128.689947314945158, 35.315361216852281 ], [ 128.690191869544805, 35.315361861748627 ], [ 128.690378924952853, 35.315346621092026 ], [ 128.690633146072969, 35.315311962095777 ], [ 128.691012139538884, 35.315252080208289 ], [ 128.691367166870634, 35.315182346736236 ], [ 128.69153995513355, 35.315123895308808 ], [ 128.691708054127105, 35.315026181408491 ], [ 128.691861804078513, 35.314920599529529 ], [ 128.69212608653217, 35.314734784226196 ], [ 128.692491329352748, 35.314464807911833 ], [ 128.692803819614483, 35.314206432900107 ], [ 128.692972107982115, 35.314059603501654 ], [ 128.693126081239853, 35.313898987625549 ], [ 128.69338603697355, 35.313577592423258 ], [ 128.694065251660646, 35.312654192866844 ], [ 128.694291769293017, 35.312326681981602 ], [ 128.694330384965042, 35.312252130495487 ], [ 128.694359424242606, 35.312169658084088 ], [ 128.694355039504501, 35.312039985395145 ], [ 128.694355590605198, 35.311869026902023 ], [ 128.694380112335807, 35.311700081193827 ], [ 128.694414309073863, 35.311511514158411 ], [ 128.694467537294969, 35.311370146183705 ], [ 128.694544796897475, 35.311219010518123 ], [ 128.694631669157104, 35.311061985940057 ], [ 128.694718396639331, 35.310952134322335 ], [ 128.694858056124758, 35.310803068740896 ], [ 128.69493986131252, 35.310732520869863 ], [ 128.69509857569841, 35.310624799484479 ], [ 128.695218810661203, 35.310546452953375 ], [ 128.695396623142528, 35.310468273717326 ], [ 128.695507157227496, 35.310425296462732 ], [ 128.695675200026358, 35.310398211534434 ], [ 128.695910389084361, 35.310386995501887 ], [ 128.696183933775956, 35.310391623538322 ], [ 128.696894664429863, 35.310422238812507 ] ] ] } },
{ "type": "Feature", "properties": { "gu": "의창구", "emd": "명곡동", "adm_cd": "4812153000", "adm_nm": "경상남도 창원시의창구 명곡동", "area_km2": 6.943 }, "geometry": { "type": "Polygon", "coordinates": [ [ [ 128.664074313662837, 35.26404025964095 ], [ 128.664214577248032, 35.263476672910308 ], [ 128.663844836596013, 35.262733404448625 ], [ 128.663345148229354, 35.26202707130556 ], [ 128.662875298428588, 35.26150902681772 ], [ 128.662605619920356, 35.26149220348789 ], [ 128.662340972115317, 35.261443217413856 ], [ 128.662159660277155, 35.261406532960805 ], [ 128.661993070829368, 35.261365871248181 ], [ 128.66156551543034, 35.261119180382082 ], [ 128.659982429531453, 35.259756725653688 ], [ 128.657994201394985, 35.256303423275966 ], [ 128.657987199364328, 35.255959397689054 ], [ 128.65933754958769, 35.254702792053997 ], [ 128.659476176020974, 35.253487537829642 ], [ 128.659471444029919, 35.25344732926736 ], [ 128.659332235450449, 35.252643688642088 ], [ 128.659317812156729, 35.252575309075581 ], [ 128.658941695952819, 35.25222049672837 ], [ 128.658497012783783, 35.251845408881557 ], [ 128.658230682181312, 35.251743510196903 ], [ 128.657432795471294, 35.251588110493344 ], [ 128.657306325630856, 35.251567975532254 ], [ 128.657197869672331, 35.251560258731089 ], [ 128.657041184344877, 35.251557336326101 ], [ 128.656851271500045, 35.251576565629001 ], [ 128.656392973689719, 35.251637014263707 ], [ 128.656279321730466, 35.251649329450906 ], [ 128.656188906816624, 35.251651546783812 ], [ 128.656083470183006, 35.251643824477732 ], [ 128.655981077781547, 35.251628712869582 ], [ 128.655740179878933, 35.251588503282917 ], [ 128.655643847829339, 35.251565992309644 ], [ 128.655565680429078, 35.251523789880046 ], [ 128.654186296452366, 35.250745000551539 ], [ 128.64826486661201, 35.243574843024398 ], [ 128.648393042381343, 35.24350163203453 ], [ 128.649456907458529, 35.242894006587107 ], [ 128.651184458087528, 35.241911032463818 ], [ 128.652182441274476, 35.241504594824477 ], [ 128.649886947159473, 35.239522180231155 ], [ 128.648633984030681, 35.237912181026736 ], [ 128.647816702503178, 35.236914581684864 ], [ 128.64678018810136, 35.235666790013404 ], [ 128.645930646880032, 35.235861143560648 ], [ 128.64488940459043, 35.236593775597427 ], [ 128.644995664068148, 35.236761191001278 ], [ 128.645079752183108, 35.236893657214907 ], [ 128.643049497640931, 35.238620198163417 ], [ 128.639556391580669, 35.240105392865438 ], [ 128.635863369268804, 35.243018160497456 ], [ 128.634067017865192, 35.245739386453835 ], [ 128.633667267286199, 35.246783619472943 ], [ 128.633070017043025, 35.248343709242462 ], [ 128.631389180852977, 35.249622645918784 ], [ 128.630943965484903, 35.249851879859406 ], [ 128.63090293569357, 35.249871534246246 ], [ 128.630539281764982, 35.250045697268234 ], [ 128.629510327972156, 35.250134328586959 ], [ 128.628007554076675, 35.250129706166121 ], [ 128.627668527418592, 35.250108342184326 ], [ 128.627511287133359, 35.250188852223864 ], [ 128.627399883828787, 35.250267397695069 ], [ 128.627351406070346, 35.250326659350343 ], [ 128.626605426886783, 35.253059884840447 ], [ 128.628016196338365, 35.255437839952748 ], [ 128.628294704340107, 35.255905488269406 ], [ 128.631299619336971, 35.256482223941738 ], [ 128.632897649004263, 35.256521971138469 ], [ 128.631579885215672, 35.258708747620219 ], [ 128.630059765661002, 35.259269046314778 ], [ 128.629699544413086, 35.259503724073475 ], [ 128.629698160765088, 35.259760293290846 ], [ 128.631075437458151, 35.261410068503402 ], [ 128.631173249582304, 35.261461500013937 ], [ 128.631342285815549, 35.261531426335111 ], [ 128.631582795049582, 35.261568700769729 ], [ 128.632384658704382, 35.261647842026626 ], [ 128.632656826832289, 35.261683312251321 ], [ 128.634870019852258, 35.265171751257476 ], [ 128.634570931024911, 35.265692099004909 ], [ 128.634017426615316, 35.26665502860368 ], [ 128.634271708380311, 35.267018410611321 ], [ 128.635096361894711, 35.267489058146346 ], [ 128.636095075371344, 35.267672204442754 ], [ 128.643921828032092, 35.268053921709658 ], [ 128.644131321681385, 35.268054522032678 ], [ 128.644394346399281, 35.268040693342485 ], [ 128.644550988219095, 35.26802483657076 ], [ 128.644767286025228, 35.267979493983781 ], [ 128.645122970949274, 35.267861013086929 ], [ 128.645440786276765, 35.26771925402641 ], [ 128.645977693911703, 35.267451168858337 ], [ 128.647470747098026, 35.267525640901667 ], [ 128.648352966796324, 35.267567884531715 ], [ 128.652365601319673, 35.267455742944378 ], [ 128.652526964541323, 35.267426159279545 ], [ 128.659311603716361, 35.266057409891467 ], [ 128.662617698507546, 35.26503921661061 ], [ 128.662911725652322, 35.264936908891691 ], [ 128.663142780401159, 35.264812535017825 ], [ 128.663346665473739, 35.264681259324526 ], [ 128.663550533928799, 35.264549943778704 ], [ 128.664074313662837, 35.26404025964095 ] ] ] } },
{ "type": "Feature", "properties": { "gu": "의창구", "emd": "봉림동", "adm_cd": "4812154000", "adm_nm": "경상남도 창원시의창구 봉림동", "area_km2": 12.674 }, "geometry": { "type": "Polygon", "coordinates": [ [ [ 128.719298603191049, 35.243425564671909 ], [ 128.721651230689218, 35.24443535937219 ], [ 128.721843567507022, 35.244244041815065 ], [ 128.722722620867017, 35.243221231367173 ], [ 128.724597482812669, 35.240615983636189 ], [ 128.724700076590892, 35.240252625425981 ], [ 128.724706968214377, 35.239709669843343 ], [ 128.724399906033653, 35.239095797056287 ], [ 128.724117595457898, 35.23878314601361 ], [ 128.723682551055219, 35.238201254812545 ], [ 128.723550108101136, 35.238022190321935 ], [ 128.72326705648311, 35.234196073834525 ], [ 128.723352554408592, 35.233893255816277 ], [ 128.723529271143633, 35.233558998668023 ], [ 128.72343165322917, 35.233413298593057 ], [ 128.723306164646658, 35.233226880767184 ], [ 128.723218208664548, 35.23312843067103 ], [ 128.723092472403437, 35.233014392468448 ], [ 128.722972876999137, 35.232946902365207 ], [ 128.72281541109075, 35.232889656015551 ], [ 128.722399641253645, 35.232759440463461 ], [ 128.722147633360066, 35.232686482170017 ], [ 128.721750624102356, 35.232602815048736 ], [ 128.721485915393885, 35.232555683031627 ], [ 128.721101378370491, 35.232513409330529 ], [ 128.719403419371559, 35.232348260391333 ], [ 128.718861083752302, 35.232347017907252 ], [ 128.714876576870211, 35.232451919557221 ], [ 128.713904205080439, 35.232733247925864 ], [ 128.71184888270102, 35.233854833253474 ], [ 128.708878334300096, 35.234502773431693 ], [ 128.70617650016078, 35.234849042871303 ], [ 128.705455692967348, 35.234167999471772 ], [ 128.705355318857784, 35.234106634415795 ], [ 128.704791544576494, 35.233761960958937 ], [ 128.704368373416827, 35.23350325844855 ], [ 128.703630904612595, 35.233324125396763 ], [ 128.703101146262924, 35.233331575629599 ], [ 128.699141037617977, 35.233688200545345 ], [ 128.697169194545154, 35.234262100381507 ], [ 128.696489543247168, 35.23424931893706 ], [ 128.693880264580599, 35.232743466065941 ], [ 128.692964774995488, 35.233947595689372 ], [ 128.692081263582452, 35.23510457930751 ], [ 128.691974857228047, 35.235222196307475 ], [ 128.691887468425449, 35.235318145175356 ], [ 128.691655494208163, 35.235529568379071 ], [ 128.68550814788091, 35.239462836648045 ], [ 128.682153425185561, 35.241841226841892 ], [ 128.681873455182171, 35.241828079896216 ], [ 128.67959144677269, 35.239224925861016 ], [ 128.678311006970119, 35.240352377394167 ], [ 128.677410512001785, 35.24078963384575 ], [ 128.677334367097217, 35.240772506777766 ], [ 128.677262916689898, 35.240771005469696 ], [ 128.676861774591003, 35.240771439427377 ], [ 128.675366433227509, 35.240784439248074 ], [ 128.675285449901196, 35.24078682167513 ], [ 128.673471465090444, 35.240879555469469 ], [ 128.673384100744954, 35.240888428127299 ], [ 128.672343339369689, 35.241018604064834 ], [ 128.672238866862699, 35.241048675197433 ], [ 128.671581373783511, 35.241320096063561 ], [ 128.671466583728915, 35.241402568122474 ], [ 128.671412469287503, 35.241465893306334 ], [ 128.671467654948884, 35.24201431190837 ], [ 128.671613033850889, 35.24273938924221 ], [ 128.671689229059808, 35.243043167504936 ], [ 128.671832254962368, 35.243468534485714 ], [ 128.671932503504763, 35.243650936498099 ], [ 128.672002954474436, 35.243740833388699 ], [ 128.672043352055312, 35.243740940742072 ], [ 128.672289526857526, 35.243633981711604 ], [ 128.672927084417012, 35.244068521160621 ], [ 128.672930121595925, 35.244684858322429 ], [ 128.672570461371862, 35.244806993929224 ], [ 128.671955260069439, 35.245012005896022 ], [ 128.671477016251771, 35.245171373169406 ], [ 128.670050442389311, 35.245631150903321 ], [ 128.669633756607368, 35.245748118198641 ], [ 128.669388091319576, 35.245799934119674 ], [ 128.666401669832027, 35.245823124255601 ], [ 128.666029981149336, 35.245817198516285 ], [ 128.665976341654186, 35.245815394532606 ], [ 128.66574721348897, 35.245807672243309 ], [ 128.66552321136399, 35.245780816837737 ], [ 128.665069963360594, 35.245705181279888 ], [ 128.663881281419094, 35.2454044226901 ], [ 128.660131592485556, 35.244438638965114 ], [ 128.658467942661986, 35.244007957444772 ], [ 128.65840063394046, 35.243990521079027 ], [ 128.65636097381892, 35.243458533295708 ], [ 128.656078561633706, 35.243365868099715 ], [ 128.6556949626993, 35.24322918099157 ], [ 128.655323469968295, 35.243070949452886 ], [ 128.655167676069567, 35.24300457702401 ], [ 128.654274477985552, 35.242594903761564 ], [ 128.65424636947472, 35.242582006927044 ], [ 128.653322547203942, 35.242135171425645 ], [ 128.653082945723128, 35.242016381580058 ], [ 128.652859330346871, 35.241902008505129 ], [ 128.652518635594163, 35.241717306316119 ], [ 128.652182441274476, 35.241504594824477 ], [ 128.651184458087528, 35.241911032463818 ], [ 128.649456907458529, 35.242894006587107 ], [ 128.648393042381343, 35.24350163203453 ], [ 128.64826486661201, 35.243574843024398 ], [ 128.654186296452366, 35.250745000551539 ], [ 128.655565680429078, 35.251523789880046 ], [ 128.655643847829339, 35.251565992309644 ], [ 128.655740179878933, 35.251588503282917 ], [ 128.655981077781547, 35.251628712869582 ], [ 128.656083470183006, 35.251643824477732 ], [ 128.656188906816624, 35.251651546783812 ], [ 128.656279321730466, 35.251649329450906 ], [ 128.656392973689719, 35.251637014263707 ], [ 128.656851271500045, 35.251576565629001 ], [ 128.657041184344877, 35.251557336326101 ], [ 128.657197869672331, 35.251560258731089 ], [ 128.657306325630856, 35.251567975532254 ], [ 128.657432795471294, 35.251588110493344 ], [ 128.658230682181312, 35.251743510196903 ], [ 128.658497012783783, 35.251845408881557 ], [ 128.658941695952819, 35.25222049672837 ], [ 128.659317812156729, 35.252575309075581 ], [ 128.659332235450449, 35.252643688642088 ], [ 128.659471444029919, 35.25344732926736 ], [ 128.659476176020974, 35.253487537829642 ], [ 128.65933754958769, 35.254702792053997 ], [ 128.657987199364328, 35.255959397689054 ], [ 128.657994201394985, 35.256303423275966 ], [ 128.659982429531453, 35.259756725653688 ], [ 128.66156551543034, 35.261119180382082 ], [ 128.661993070829368, 35.261365871248181 ], [ 128.662159660277155, 35.261406532960805 ], [ 128.662340972115317, 35.261443217413856 ], [ 128.662605619920356, 35.26149220348789 ], [ 128.662875298428588, 35.26150902681772 ], [ 128.663345148229354, 35.26202707130556 ], [ 128.663844836596013, 35.262733404448625 ], [ 128.664214577248032, 35.263476672910308 ], [ 128.664074313662837, 35.26404025964095 ], [ 128.665329442201511, 35.264051666991399 ], [ 128.665712096631722, 35.263956137520125 ], [ 128.665863465043714, 35.263919589734208 ], [ 128.668068871056278, 35.263572108413136 ], [ 128.669404723061803, 35.263445134266092 ], [ 128.671619003732644, 35.263171197437899 ], [ 128.671778970411623, 35.263141616164681 ], [ 128.672770774977721, 35.262743518516281 ], [ 128.67348633417572, 35.26204341256139 ], [ 128.673879119520734, 35.261605151601955 ], [ 128.673993802141524, 35.261478945085067 ], [ 128.674106882039098, 35.261419445732436 ], [ 128.674219917567427, 35.261385684964353 ], [ 128.67682158658269, 35.260977052361881 ], [ 128.678337505062245, 35.260811162864137 ], [ 128.678503310026031, 35.260828993610133 ], [ 128.679937281445831, 35.26085718421885 ], [ 128.680050258232427, 35.260848030695669 ], [ 128.680886859179225, 35.26075703063988 ], [ 128.68104147281926, 35.260673053765061 ], [ 128.681352238709394, 35.260453636777399 ], [ 128.681879451105743, 35.259990089986673 ], [ 128.682892545035941, 35.259004504804444 ], [ 128.682934182727621, 35.258928538402323 ], [ 128.682986350846818, 35.2586244945239 ], [ 128.683070171787961, 35.258236274972163 ], [ 128.683101865681607, 35.258127526499422 ], [ 128.68323669782464, 35.25794177730937 ], [ 128.683308276521785, 35.257899792943789 ], [ 128.683735001963328, 35.258049023060941 ], [ 128.684401141680269, 35.258281978856296 ], [ 128.686555092240582, 35.25918761285854 ], [ 128.686740737844389, 35.259289697115356 ], [ 128.689852173377716, 35.261672378292197 ], [ 128.691632561619457, 35.263420821106898 ], [ 128.691715364951392, 35.263472392546035 ], [ 128.691808245799393, 35.26349708145824 ], [ 128.691891150522963, 35.26350654702491 ], [ 128.692025672152255, 35.263455306927632 ], [ 128.692180338686228, 35.263346803424362 ], [ 128.69245963494464, 35.263127401397981 ], [ 128.692562774200724, 35.263035187567411 ], [ 128.69263449096286, 35.262933567346494 ], [ 128.692749749607913, 35.262545577344653 ], [ 128.69284304243638, 35.262385563302033 ], [ 128.692936238978973, 35.262267604398581 ], [ 128.695595043826501, 35.259303623277397 ], [ 128.695811367235478, 35.259109928496777 ], [ 128.698063003885864, 35.257172356611427 ], [ 128.698428108450088, 35.256903236818729 ], [ 128.698517931696983, 35.256850169209429 ], [ 128.701820977944863, 35.253764895996632 ], [ 128.701909361580874, 35.25357218344076 ], [ 128.702771422757138, 35.251983427068751 ], [ 128.702865783877257, 35.251844051291741 ], [ 128.702943353961103, 35.251752743787932 ], [ 128.703591338115359, 35.251226777001357 ], [ 128.703852485708182, 35.251035167451619 ], [ 128.70442653270797, 35.250633057948555 ], [ 128.704560348156321, 35.250546677831693 ], [ 128.708746089003, 35.248516241184461 ], [ 128.708881872351697, 35.248462049556636 ], [ 128.709470967175577, 35.24823235517897 ], [ 128.709621370760203, 35.248176585692981 ], [ 128.709754980010871, 35.248144811551811 ], [ 128.710212006016548, 35.248096155881392 ], [ 128.711806942723683, 35.247389098154507 ], [ 128.714652644081383, 35.245996080914225 ], [ 128.716486980219145, 35.244826612813249 ], [ 128.717835719442519, 35.243950079768759 ], [ 128.719298603191049, 35.243425564671909 ] ] ] } },
{ "type": "Feature", "properties": { "gu": "의창구", "emd": "북면", "adm_cd": "4812131000", "adm_nm": "경상남도 창원시의창구 북면", "area_km2": 74.529 }, "geometry": { "type": "Polygon", "coordinates": [ [ [ 128.643109522134836, 35.372394496354659 ], [ 128.642032894945999, 35.37075051798184 ], [ 128.641978033993524, 35.370732392616233 ], [ 128.639505757476911, 35.368943130853729 ], [ 128.638810238830274, 35.366190480125894 ], [ 128.638749050133555, 35.364617496305051 ], [ 128.638750703321648, 35.360283208954883 ], [ 128.640232348276925, 35.359126906269779 ], [ 128.642012998643224, 35.358461284291536 ], [ 128.642857024127693, 35.355851784605257 ], [ 128.643435796811332, 35.354157935615532 ], [ 128.644522877941455, 35.352438730760888 ], [ 128.645706468622336, 35.349534952469298 ], [ 128.644904375828077, 35.346282235094442 ], [ 128.644518636957457, 35.34598305358179 ], [ 128.643206456413679, 35.344249499073058 ], [ 128.642997277307046, 35.341722034888264 ], [ 128.643241127325524, 35.340510723054273 ], [ 128.643672052241698, 35.338936072933315 ], [ 128.642159517201236, 35.336969319017001 ], [ 128.641417511877847, 35.335650049199174 ], [ 128.641805562337595, 35.332275692020772 ], [ 128.642705442817174, 35.330001495764414 ], [ 128.643519596197137, 35.329554983016195 ], [ 128.644607199287066, 35.327893625885565 ], [ 128.647302934708051, 35.322174920562297 ], [ 128.646277586092225, 35.320869297848169 ], [ 128.64704881773568, 35.316492569334265 ], [ 128.645128396717922, 35.314546649410055 ], [ 128.643696595803931, 35.313000975866785 ], [ 128.64284510729027, 35.3115919305381 ], [ 128.643771375213305, 35.31040984398031 ], [ 128.643965609469433, 35.307555764194809 ], [ 128.643239648784032, 35.306434595780132 ], [ 128.641893073081377, 35.305221539944093 ], [ 128.639472840407961, 35.301632513796633 ], [ 128.638665306283912, 35.300155017912267 ], [ 128.638712154613046, 35.297418858754924 ], [ 128.639590066006889, 35.295786030175805 ], [ 128.641440448404353, 35.292844145566207 ], [ 128.642026196578513, 35.292506351423789 ], [ 128.642199424362047, 35.289545005158224 ], [ 128.642060577621038, 35.287812244227382 ], [ 128.641541979166476, 35.285497347474909 ], [ 128.641401820400262, 35.285225589124536 ], [ 128.640782986204528, 35.284025702420294 ], [ 128.639453728016292, 35.283271737176022 ], [ 128.635904838493644, 35.282426224148168 ], [ 128.635803584569402, 35.282402103008586 ], [ 128.634055324649069, 35.282706768360057 ], [ 128.632036514770675, 35.28164446335164 ], [ 128.63005633306733, 35.280535584512499 ], [ 128.628623325509068, 35.279324519056928 ], [ 128.628483256054579, 35.278483327161062 ], [ 128.62790981714582, 35.278107284624227 ], [ 128.625907038156498, 35.276823015340362 ], [ 128.623904328454302, 35.275538696959011 ], [ 128.624296695363398, 35.274929626997462 ], [ 128.623569064625826, 35.274955868481648 ], [ 128.622765128452045, 35.275132257899457 ], [ 128.621771595857268, 35.27583199387918 ], [ 128.620379718418491, 35.276677428198319 ], [ 128.619817708232091, 35.276803449959914 ], [ 128.619336951914903, 35.27688162345121 ], [ 128.617683523148543, 35.276959457301523 ], [ 128.617368003139887, 35.276953128541514 ], [ 128.615364901977301, 35.276774232913382 ], [ 128.614445737188476, 35.276579599916687 ], [ 128.612918749193653, 35.276306348843043 ], [ 128.612335869124337, 35.276367850163815 ], [ 128.609845519939, 35.276985983930082 ], [ 128.609416758930024, 35.27696542109625 ], [ 128.608544236626415, 35.276802858467228 ], [ 128.603406697228507, 35.275384245012127 ], [ 128.602550634766573, 35.275049166802461 ], [ 128.602369995949715, 35.274725534862881 ], [ 128.602321248937812, 35.274563004549449 ], [ 128.600420760230378, 35.271304014248663 ], [ 128.592067427366516, 35.271753808320085 ], [ 128.591732202768668, 35.271746285653379 ], [ 128.591237343938985, 35.271585427825102 ], [ 128.591308504884125, 35.271741674578216 ], [ 128.591337204676222, 35.271857880731048 ], [ 128.591336264742978, 35.272046079515839 ], [ 128.591316364134343, 35.272118092489933 ], [ 128.591045606883938, 35.273062175955751 ], [ 128.590103407907236, 35.276002085888969 ], [ 128.590019273697465, 35.276230050369236 ], [ 128.589938099183399, 35.276357919599903 ], [ 128.589820265338773, 35.276493656834049 ], [ 128.589687973924754, 35.276593306788371 ], [ 128.589555842647798, 35.276660936729087 ], [ 128.589340736488197, 35.276728275975088 ], [ 128.589169644587656, 35.276779748068016 ], [ 128.587293067223754, 35.277225830920884 ], [ 128.587073192754104, 35.277273128407515 ], [ 128.586780153325634, 35.277308164933451 ], [ 128.586333335120258, 35.277346679099544 ], [ 128.586079490310482, 35.277353825594616 ], [ 128.585942498232328, 35.277353349573517 ], [ 128.585830552218425, 35.277352950628973 ], [ 128.585525042601716, 35.277440008466883 ], [ 128.585055606766076, 35.277610569848214 ], [ 128.584720509708291, 35.27775357506993 ], [ 128.583278328314009, 35.278570629642871 ], [ 128.583252782426115, 35.278589110485079 ], [ 128.58322451554821, 35.278612987710218 ], [ 128.583203739876438, 35.278640004108865 ], [ 128.581742966068191, 35.281167780143313 ], [ 128.581651698555447, 35.281385046904241 ], [ 128.581624483533687, 35.281519873892137 ], [ 128.581607775734199, 35.28167212143439 ], [ 128.581596637742024, 35.28177652910631 ], [ 128.581614738843143, 35.281865801733929 ], [ 128.58167707853579, 35.282118430692009 ], [ 128.581887656791423, 35.282930785212997 ], [ 128.582099944618932, 35.283416764352765 ], [ 128.582257461748071, 35.28372192888127 ], [ 128.582294132374329, 35.283813448025647 ], [ 128.582304156385163, 35.283926637761333 ], [ 128.58230907223907, 35.284000628980017 ], [ 128.582303413186537, 35.284070249861735 ], [ 128.582018003635312, 35.284909166435796 ], [ 128.581878057158434, 35.285309061070826 ], [ 128.581253750708214, 35.287073767136256 ], [ 128.58106322346049, 35.287510470952427 ], [ 128.580562675292271, 35.287896066631212 ], [ 128.579841636883828, 35.288361366344667 ], [ 128.576944625918259, 35.291129937810972 ], [ 128.573549217630358, 35.295846308205356 ], [ 128.572298141461317, 35.300687022341258 ], [ 128.572378002909744, 35.300954054472598 ], [ 128.572527829858757, 35.301164169040433 ], [ 128.576247197876739, 35.304430125807841 ], [ 128.576304467436728, 35.304472245889116 ], [ 128.576393584508793, 35.304535454164842 ], [ 128.578608895073273, 35.306055397316392 ], [ 128.57864714294459, 35.306071258708364 ], [ 128.57954634639708, 35.30638101551353 ], [ 128.579654792517175, 35.306412841930801 ], [ 128.57980161275438, 35.306434319132151 ], [ 128.579908197244976, 35.306445979526018 ], [ 128.579999553122121, 35.306455968040588 ], [ 128.580229537772368, 35.30645677827723 ], [ 128.581194066965764, 35.306491579466524 ], [ 128.582494512753101, 35.308283426742356 ], [ 128.582665240896091, 35.308629955464589 ], [ 128.581868322277757, 35.309536587396856 ], [ 128.581323295531348, 35.309917314790965 ], [ 128.576606275857046, 35.312731226454936 ], [ 128.576494697183279, 35.312686277511844 ], [ 128.576383117614654, 35.312641334783798 ], [ 128.576301601138653, 35.31262560361165 ], [ 128.576217160022452, 35.3126093096419 ], [ 128.576076345794377, 35.312614436371312 ], [ 128.575955162909878, 35.31261886529424 ], [ 128.575854814440419, 35.312635445016738 ], [ 128.575737730774534, 35.312654791921553 ], [ 128.575609483336962, 35.312743446441225 ], [ 128.575250251480156, 35.313017355741572 ], [ 128.572186056407645, 35.315532981277677 ], [ 128.572122274797124, 35.315615419764264 ], [ 128.572069842132692, 35.315730938098987 ], [ 128.572055027187929, 35.315808824555283 ], [ 128.571984029435384, 35.316713167524533 ], [ 128.57215673530979, 35.31835762336398 ], [ 128.572372318035946, 35.319515682475881 ], [ 128.572406356057655, 35.319612647181721 ], [ 128.572411620279354, 35.319707142335659 ], [ 128.572408426298011, 35.319766182342313 ], [ 128.572327075830344, 35.319905239471645 ], [ 128.571379236826971, 35.321104038379772 ], [ 128.570959553269432, 35.321515864049509 ], [ 128.570214926577847, 35.321849771552138 ], [ 128.569126830798211, 35.322338326399787 ], [ 128.568355989688627, 35.322727640353861 ], [ 128.567560819523123, 35.32389625285758 ], [ 128.566852785363153, 35.324921121209805 ], [ 128.566748521878452, 35.325031746008804 ], [ 128.566653138527585, 35.325099892586508 ], [ 128.566534837538455, 35.325146703713152 ], [ 128.565485405310795, 35.325395639311786 ], [ 128.563352129943468, 35.325860284512252 ], [ 128.563534148320514, 35.326281366710255 ], [ 128.565051278030552, 35.328309974799858 ], [ 128.565129568711598, 35.328380935004731 ], [ 128.565373807682477, 35.328595400794875 ], [ 128.566733254784111, 35.329738901399629 ], [ 128.568620373367196, 35.332402414374528 ], [ 128.569862408670787, 35.334155483686573 ], [ 128.569915587840001, 35.334372323117748 ], [ 128.570160339692222, 35.335553298025573 ], [ 128.570204894244966, 35.335789421290414 ], [ 128.570193666835081, 35.335979044844031 ], [ 128.569500175328216, 35.337099799078771 ], [ 128.56942866540254, 35.337161009444145 ], [ 128.569312053828696, 35.33724972029443 ], [ 128.568046937146818, 35.338058036538861 ], [ 128.567952970975767, 35.338113019359966 ], [ 128.567727794419454, 35.338179814987036 ], [ 128.567422178037702, 35.338226344777127 ], [ 128.566908374772538, 35.338316696467459 ], [ 128.566621240530765, 35.33840939556309 ], [ 128.566403317477949, 35.338522310416316 ], [ 128.566192675459661, 35.338675221492558 ], [ 128.566017648356478, 35.33882362999185 ], [ 128.565968561806471, 35.33889413305387 ], [ 128.564581221382099, 35.34116326395533 ], [ 128.56459232131084, 35.341190963794425 ], [ 128.565154139627253, 35.341810408883134 ], [ 128.565258534347265, 35.341909118424319 ], [ 128.56539284220392, 35.342017173902512 ], [ 128.565846608989517, 35.34229693066991 ], [ 128.565981033964277, 35.342383468582511 ], [ 128.566087230329259, 35.342492954136972 ], [ 128.566128172921083, 35.342545352534245 ], [ 128.56612796051482, 35.342585302513285 ], [ 128.565344980915285, 35.344996494756195 ], [ 128.564027476349537, 35.34610730776091 ], [ 128.562788388355699, 35.346918750335114 ], [ 128.562724436464379, 35.346964612897139 ], [ 128.562709133610753, 35.347022945651581 ], [ 128.562708881298818, 35.347069047856031 ], [ 128.562715740977353, 35.347185862711704 ], [ 128.562894932118382, 35.347658250612874 ], [ 128.562957806131749, 35.347812142381237 ], [ 128.563954378697417, 35.350083476725736 ], [ 128.560138668406893, 35.35168313041089 ], [ 128.560112316270505, 35.351704538390152 ], [ 128.560078295271126, 35.351756662185807 ], [ 128.559473275427251, 35.35275324613049 ], [ 128.561457959412962, 35.356042707579874 ], [ 128.562533641842123, 35.357012718221441 ], [ 128.565687387853842, 35.357231299717199 ], [ 128.566725453137508, 35.357283008131603 ], [ 128.567734168694926, 35.357343344057433 ], [ 128.569585428304606, 35.357683634513627 ], [ 128.570550263649949, 35.35798803183696 ], [ 128.570794736826031, 35.358076125275296 ], [ 128.570900844678249, 35.358150648551067 ], [ 128.571420312989858, 35.35859737622301 ], [ 128.571528917837185, 35.358702433307755 ], [ 128.5715605721918, 35.358759257878361 ], [ 128.571544297117441, 35.358815899736889 ], [ 128.57143551325899, 35.359748895649439 ], [ 128.571351671691758, 35.360995994695138 ], [ 128.571358895353967, 35.36113995466868 ], [ 128.571397029425583, 35.361480294094115 ], [ 128.571436327425005, 35.361602560284226 ], [ 128.571486453196826, 35.361687784042189 ], [ 128.571565850025934, 35.361777479111907 ], [ 128.571663886900154, 35.361869418899097 ], [ 128.571767397535922, 35.361933035600885 ], [ 128.572314420403757, 35.362207577642415 ], [ 128.573067974780855, 35.362539603861322 ], [ 128.573215704513444, 35.362615563152119 ], [ 128.573319513389464, 35.362672776026308 ], [ 128.574151437747446, 35.363344731498891 ], [ 128.576849755701261, 35.365949383609895 ], [ 128.576966488887251, 35.366085347834876 ], [ 128.577562484044051, 35.367221034556835 ], [ 128.577805243324832, 35.368016606524172 ], [ 128.577405676360712, 35.36938822060344 ], [ 128.577234005988117, 35.369801912468915 ], [ 128.576216082907507, 35.372766227328015 ], [ 128.575995932828022, 35.376058020384633 ], [ 128.57606731232832, 35.376446336556896 ], [ 128.576735256424143, 35.378438207663791 ], [ 128.576983977171125, 35.379164130222911 ], [ 128.577715863770948, 35.379220033867554 ], [ 128.578149616796622, 35.379262089532482 ], [ 128.578268299738625, 35.379274038239579 ], [ 128.578370031314364, 35.379284280767259 ], [ 128.578462875471786, 35.37929362877766 ], [ 128.578545333045298, 35.37930193788867 ], [ 128.578905431928206, 35.379354109183083 ], [ 128.579085560718653, 35.379402304046884 ], [ 128.579239963340399, 35.379443618164444 ], [ 128.579436066794159, 35.379506608978787 ], [ 128.579678280488764, 35.379584417818428 ], [ 128.581810847395133, 35.380539599958823 ], [ 128.583501648838109, 35.381296871406661 ], [ 128.58364338301638, 35.381373235356797 ], [ 128.584103908463845, 35.381639837262945 ], [ 128.58495643981874, 35.382179036512746 ], [ 128.585181776077889, 35.382337003890846 ], [ 128.585474846224145, 35.382542486050049 ], [ 128.587959676252041, 35.385000536532907 ], [ 128.5881513671726, 35.385218286389424 ], [ 128.588171645259507, 35.385241325284895 ], [ 128.588331879663855, 35.3854252999081 ], [ 128.588492105934023, 35.385609269871871 ], [ 128.588792313757352, 35.385966757734629 ], [ 128.589064510907519, 35.386344930121368 ], [ 128.589376993376106, 35.386786647176606 ], [ 128.591526629391296, 35.389324535632724 ], [ 128.591612872030623, 35.389412123456651 ], [ 128.591713494237268, 35.389514313024414 ], [ 128.59212283586595, 35.389880484812423 ], [ 128.592532190034717, 35.390246656848134 ], [ 128.593194547002327, 35.390772673968051 ], [ 128.595283120952416, 35.392317208374401 ], [ 128.595399725750553, 35.392403419897072 ], [ 128.595733555392371, 35.392645648431333 ], [ 128.595998253394754, 35.392837476385701 ], [ 128.596198924623991, 35.392982896306691 ], [ 128.596661820086524, 35.393305573705426 ], [ 128.597016978401911, 35.393525484345354 ], [ 128.597527176827896, 35.393855126618796 ], [ 128.597776852373585, 35.394006944665691 ], [ 128.597924642114208, 35.394033515937217 ], [ 128.598326295712326, 35.394084030887697 ], [ 128.60006511137891, 35.394247199680599 ], [ 128.6002810610224, 35.394247912480367 ], [ 128.600548296119058, 35.394192234936035 ], [ 128.600932731129831, 35.394085312063396 ], [ 128.600965743360746, 35.394074206946541 ], [ 128.601251190325968, 35.393978164487969 ], [ 128.601539751367056, 35.393851256311059 ], [ 128.601936872397943, 35.393606658285705 ], [ 128.602396983715352, 35.393260527699219 ], [ 128.603799721092685, 35.391903230624671 ], [ 128.604705870261142, 35.391026394234103 ], [ 128.605536376054005, 35.39011687045781 ], [ 128.606409530290307, 35.389160622831646 ], [ 128.608783624924371, 35.386940450019516 ], [ 128.613186088914347, 35.383221817909146 ], [ 128.613364157527627, 35.383093823392329 ], [ 128.614425901617238, 35.382330696387562 ], [ 128.615075588000934, 35.381929486291803 ], [ 128.617805280495276, 35.380511929803632 ], [ 128.618061783232235, 35.380416263682505 ], [ 128.61836104318445, 35.380304667038217 ], [ 128.627787297531199, 35.377028261984883 ], [ 128.630678027171285, 35.376055225815968 ], [ 128.638687346275844, 35.373546741459151 ], [ 128.639394844432417, 35.373353107975589 ], [ 128.640066957505724, 35.373169163176492 ], [ 128.642041998194827, 35.37262861196308 ], [ 128.642736201935321, 35.372475019636362 ], [ 128.642889661401057, 35.372441917359289 ], [ 128.643109522134836, 35.372394496354659 ] ] ] } },
{ "type": "Feature", "properties": { "gu": "의창구", "emd": "의창동", "adm_cd": "4812151000", "adm_nm": "경상남도 창원시의창구 의창동", "area_km2": 7.625 }, "geometry": { "type": "Polygon", "coordinates": [ [ [ 128.624296695363398, 35.274929626997462 ], [ 128.623946597843457, 35.274555270563368 ], [ 128.623649245772327, 35.274229084016696 ], [ 128.623149106981259, 35.273499876964685 ], [ 128.623168052668859, 35.273476673944913 ], [ 128.623295197702788, 35.273470150227269 ], [ 128.624815478893026, 35.273507987350492 ], [ 128.625735201536031, 35.273538667967792 ], [ 128.627363776668659, 35.273354235845822 ], [ 128.627463875265988, 35.273324464743041 ], [ 128.628000928195661, 35.27307930053496 ], [ 128.628210619013373, 35.27296774023479 ], [ 128.62900343542654, 35.27229900431508 ], [ 128.629229367626863, 35.272097800642875 ], [ 128.629952631777144, 35.271344502353891 ], [ 128.630657339374324, 35.270558033090083 ], [ 128.630883476878893, 35.270305634452654 ], [ 128.632300812788486, 35.268484238926511 ], [ 128.634017426615316, 35.26665502860368 ], [ 128.634570931024911, 35.265692099004909 ], [ 128.634870019852258, 35.265171751257476 ], [ 128.632656826832289, 35.261683312251321 ], [ 128.632384658704382, 35.261647842026626 ], [ 128.631582795049582, 35.261568700769729 ], [ 128.631342285815549, 35.261531426335111 ], [ 128.631173249582304, 35.261461500013937 ], [ 128.631075437458151, 35.261410068503402 ], [ 128.629698160765088, 35.259760293290846 ], [ 128.629699544413086, 35.259503724073475 ], [ 128.630059765661002, 35.259269046314778 ], [ 128.631579885215672, 35.258708747620219 ], [ 128.632897649004263, 35.256521971138469 ], [ 128.631299619336971, 35.256482223941738 ], [ 128.628294704340107, 35.255905488269406 ], [ 128.628016196338365, 35.255437839952748 ], [ 128.626605426886783, 35.253059884840447 ], [ 128.627351406070346, 35.250326659350343 ], [ 128.627399883828787, 35.250267397695069 ], [ 128.627511287133359, 35.250188852223864 ], [ 128.627668527418592, 35.250108342184326 ], [ 128.624771310966452, 35.250625804928298 ], [ 128.620648061050872, 35.251110894436422 ], [ 128.620398786383703, 35.251487702562088 ], [ 128.620247855881729, 35.252052699786205 ], [ 128.620405006083729, 35.253057718903648 ], [ 128.617480201211322, 35.255730695805227 ], [ 128.616389460949108, 35.25639034905155 ], [ 128.616318330538064, 35.256437507843678 ], [ 128.615941124880521, 35.256687612574488 ], [ 128.615131999894174, 35.257569843587923 ], [ 128.615643903679995, 35.258105132507765 ], [ 128.617593996211156, 35.260278081998152 ], [ 128.617796499281809, 35.260527840400719 ], [ 128.61784423916265, 35.260586726842021 ], [ 128.618086873186741, 35.260973847817965 ], [ 128.618090799206499, 35.261262685867834 ], [ 128.618097431060932, 35.261751528475351 ], [ 128.616762370452989, 35.261826571271378 ], [ 128.614908099194167, 35.261916588981933 ], [ 128.614653333954749, 35.261928947391347 ], [ 128.613596623268279, 35.261892929519199 ], [ 128.613332728336502, 35.261883931599741 ], [ 128.610939967754604, 35.260817821721872 ], [ 128.610822649859585, 35.26070606302234 ], [ 128.61044721517564, 35.260338892220275 ], [ 128.610074360743653, 35.259951093858596 ], [ 128.60938287900035, 35.25918525076505 ], [ 128.609126007791787, 35.258900752543703 ], [ 128.607352669081422, 35.25694781033927 ], [ 128.607282517394282, 35.256872828327708 ], [ 128.606671515596219, 35.256219793277864 ], [ 128.605682970564601, 35.255232224959315 ], [ 128.602297782284836, 35.253335483868554 ], [ 128.600160583211306, 35.255500776634506 ], [ 128.598929547304607, 35.256443738725274 ], [ 128.596453717052384, 35.259004042139715 ], [ 128.596348305043364, 35.259064599128443 ], [ 128.596174575402898, 35.259164380043188 ], [ 128.596053760031481, 35.259233767333996 ], [ 128.592370123329118, 35.260713386639985 ], [ 128.592282790837345, 35.260731932199086 ], [ 128.592168053837895, 35.260720250202922 ], [ 128.592076389955366, 35.260689793958029 ], [ 128.591744102119549, 35.260571873381394 ], [ 128.59156999790693, 35.260495939316691 ], [ 128.591404977447752, 35.260442627513378 ], [ 128.591267306263262, 35.260427087797474 ], [ 128.591074336166571, 35.260452806621188 ], [ 128.58971789953867, 35.260840022211148 ], [ 128.589446358744738, 35.260967191097393 ], [ 128.589294388036876, 35.261057096983841 ], [ 128.589105385932385, 35.261203378114402 ], [ 128.588111184717604, 35.262590196853139 ], [ 128.588002352650136, 35.262774423404885 ], [ 128.587974119814533, 35.262909961806407 ], [ 128.587921867096185, 35.263252629600295 ], [ 128.587911925933241, 35.263457007691031 ], [ 128.587909044390472, 35.263516290054788 ], [ 128.587945253881259, 35.263618139453634 ], [ 128.587990572074546, 35.263735078994863 ], [ 128.58813590437714, 35.264052065291466 ], [ 128.588251998345243, 35.264248359834951 ], [ 128.588352126569532, 35.264422016791677 ], [ 128.588859323587059, 35.265365597486962 ], [ 128.589404998974402, 35.266418579925286 ], [ 128.59021238462023, 35.268387945194327 ], [ 128.590290410595145, 35.268851615734604 ], [ 128.590275075485067, 35.269156724154954 ], [ 128.590232557638728, 35.269393930889365 ], [ 128.590183108400112, 35.269638656702853 ], [ 128.590182057500272, 35.269845859725386 ], [ 128.590263524054166, 35.27008349271658 ], [ 128.590656334491541, 35.270955107763591 ], [ 128.590788475413746, 35.271159000902344 ], [ 128.590925523883499, 35.271298857810535 ], [ 128.591200180457577, 35.271545921898444 ], [ 128.591237343938985, 35.271585427825102 ], [ 128.591732202768668, 35.271746285653379 ], [ 128.592067427366516, 35.271753808320085 ], [ 128.600420760230378, 35.271304014248663 ], [ 128.602321248937812, 35.274563004549449 ], [ 128.602369995949715, 35.274725534862881 ], [ 128.602550634766573, 35.275049166802461 ], [ 128.603406697228507, 35.275384245012127 ], [ 128.608544236626415, 35.276802858467228 ], [ 128.609416758930024, 35.27696542109625 ], [ 128.609845519939, 35.276985983930082 ], [ 128.612335869124337, 35.276367850163815 ], [ 128.612918749193653, 35.276306348843043 ], [ 128.614445737188476, 35.276579599916687 ], [ 128.615364901977301, 35.276774232913382 ], [ 128.617368003139887, 35.276953128541514 ], [ 128.617683523148543, 35.276959457301523 ], [ 128.619336951914903, 35.27688162345121 ], [ 128.619817708232091, 35.276803449959914 ], [ 128.620379718418491, 35.276677428198319 ], [ 128.621771595857268, 35.27583199387918 ], [ 128.622765128452045, 35.275132257899457 ], [ 128.623569064625826, 35.274955868481648 ], [ 128.624296695363398, 35.274929626997462 ] ] ] } },
{ "type": "Feature", "properties": { "gu": "의창구", "emd": "팔룡동", "adm_cd": "4812152000", "adm_nm": "경상남도 창원시의창구 팔룡동", "area_km2": 14.607 }, "geometry": { "type": "Polygon", "coordinates": [ [ [ 128.627668527418592, 35.250108342184326 ], [ 128.628007554076675, 35.250129706166121 ], [ 128.629510327972156, 35.250134328586959 ], [ 128.630539281764982, 35.250045697268234 ], [ 128.63090293569357, 35.249871534246246 ], [ 128.630943965484903, 35.249851879859406 ], [ 128.631389180852977, 35.249622645918784 ], [ 128.633070017043025, 35.248343709242462 ], [ 128.633667267286199, 35.246783619472943 ], [ 128.634067017865192, 35.245739386453835 ], [ 128.635863369268804, 35.243018160497456 ], [ 128.639556391580669, 35.240105392865438 ], [ 128.643049497640931, 35.238620198163417 ], [ 128.645079752183108, 35.236893657214907 ], [ 128.644995664068148, 35.236761191001278 ], [ 128.64488940459043, 35.236593775597427 ], [ 128.645930646880032, 35.235861143560648 ], [ 128.64678018810136, 35.235666790013404 ], [ 128.647816702503178, 35.236914581684864 ], [ 128.648633984030681, 35.237912181026736 ], [ 128.649886947159473, 35.239522180231155 ], [ 128.652182441274476, 35.241504594824477 ], [ 128.654238813274986, 35.240668480391363 ], [ 128.65867187773884, 35.238863849976596 ], [ 128.659471945042952, 35.238534310401342 ], [ 128.659741435736379, 35.238411178054818 ], [ 128.671562205194476, 35.23249518121407 ], [ 128.672893684289676, 35.231817108597539 ], [ 128.67292874482402, 35.231721082555929 ], [ 128.672963162431813, 35.23162681282912 ], [ 128.671122785728016, 35.22945097090674 ], [ 128.670881221228541, 35.229216115515186 ], [ 128.669884109681078, 35.229389628992017 ], [ 128.669260013038866, 35.229737571347641 ], [ 128.665768884047878, 35.22932126615153 ], [ 128.665039301798913, 35.228971595886314 ], [ 128.66278848435212, 35.227892778029499 ], [ 128.662492640420226, 35.227821480946488 ], [ 128.65943419534392, 35.22926996472431 ], [ 128.659251232247698, 35.229356065499672 ], [ 128.659170913023218, 35.229253203878805 ], [ 128.658603672371356, 35.228415621429967 ], [ 128.657911076422266, 35.227383474052289 ], [ 128.652866865313086, 35.221453309781225 ], [ 128.651301047130602, 35.219635036980954 ], [ 128.645125069946999, 35.220113615366955 ], [ 128.64427423378288, 35.220125166948463 ], [ 128.643264370379995, 35.219904066734578 ], [ 128.638728734925365, 35.218910927378097 ], [ 128.634147441148571, 35.218828154929916 ], [ 128.63064712807639, 35.217806145630192 ], [ 128.629403138589424, 35.217442898040375 ], [ 128.626621920215769, 35.215331884093089 ], [ 128.626204641559667, 35.215015140732618 ], [ 128.62565224328003, 35.214595824283734 ], [ 128.622454442705049, 35.217500365999207 ], [ 128.62014042802565, 35.218220659390497 ], [ 128.617172314108672, 35.219213161374256 ], [ 128.616097953622017, 35.220272646270203 ], [ 128.615068332080313, 35.221015231903259 ], [ 128.615005102698518, 35.221053791088877 ], [ 128.614945995555615, 35.221079478135948 ], [ 128.613869672987022, 35.221062773914035 ], [ 128.61267240114762, 35.221552144935799 ], [ 128.612427763526057, 35.221674225897814 ], [ 128.612171325515988, 35.221805895680667 ], [ 128.611434658627161, 35.222258417882536 ], [ 128.611367567659698, 35.22230020249571 ], [ 128.611320036801743, 35.222364769909248 ], [ 128.611103862925063, 35.223234767416201 ], [ 128.611063756580165, 35.223399498901429 ], [ 128.611052736817953, 35.223536132049404 ], [ 128.611830511103079, 35.225087609292586 ], [ 128.611952022265115, 35.225222066582155 ], [ 128.612559905606361, 35.225709503787343 ], [ 128.613154190057969, 35.226296986787986 ], [ 128.613330334744177, 35.226491431171709 ], [ 128.614264893994573, 35.227601261390738 ], [ 128.614288221218061, 35.227662717881458 ], [ 128.615035186169024, 35.230083365921431 ], [ 128.615819745496225, 35.234375847398617 ], [ 128.615581947461635, 35.235376254335712 ], [ 128.615527128927226, 35.235466679517131 ], [ 128.612249440563119, 35.238525048441943 ], [ 128.608341357822411, 35.239953295115974 ], [ 128.608156412388496, 35.240076715330979 ], [ 128.607770114394555, 35.240559745754517 ], [ 128.607491702530439, 35.240948575858084 ], [ 128.607034699958263, 35.241756125067738 ], [ 128.606871991589287, 35.242050881801916 ], [ 128.605248602605684, 35.243385013712434 ], [ 128.602501375793224, 35.245355443269531 ], [ 128.602254587923738, 35.245561322167063 ], [ 128.602206518311107, 35.245627865477147 ], [ 128.602169514964487, 35.245679106135931 ], [ 128.602138228238488, 35.245785347745468 ], [ 128.602145489182249, 35.245873892300196 ], [ 128.60302297864331, 35.251302609148631 ], [ 128.602297782284836, 35.253335483868554 ], [ 128.605682970564601, 35.255232224959315 ], [ 128.606671515596219, 35.256219793277864 ], [ 128.607282517394282, 35.256872828327708 ], [ 128.607352669081422, 35.25694781033927 ], [ 128.609126007791787, 35.258900752543703 ], [ 128.60938287900035, 35.25918525076505 ], [ 128.610074360743653, 35.259951093858596 ], [ 128.61044721517564, 35.260338892220275 ], [ 128.610822649859585, 35.26070606302234 ], [ 128.610939967754604, 35.260817821721872 ], [ 128.613332728336502, 35.261883931599741 ], [ 128.613596623268279, 35.261892929519199 ], [ 128.614653333954749, 35.261928947391347 ], [ 128.614908099194167, 35.261916588981933 ], [ 128.616762370452989, 35.261826571271378 ], [ 128.618097431060932, 35.261751528475351 ], [ 128.618090799206499, 35.261262685867834 ], [ 128.618086873186741, 35.260973847817965 ], [ 128.61784423916265, 35.260586726842021 ], [ 128.617796499281809, 35.260527840400719 ], [ 128.617593996211156, 35.260278081998152 ], [ 128.615643903679995, 35.258105132507765 ], [ 128.615131999894174, 35.257569843587923 ], [ 128.615941124880521, 35.256687612574488 ], [ 128.616318330538064, 35.256437507843678 ], [ 128.616389460949108, 35.25639034905155 ], [ 128.617480201211322, 35.255730695805227 ], [ 128.620405006083729, 35.253057718903648 ], [ 128.620247855881729, 35.252052699786205 ], [ 128.620398786383703, 35.251487702562088 ], [ 128.620648061050872, 35.251110894436422 ], [ 128.624771310966452, 35.250625804928298 ], [ 128.627668527418592, 35.250108342184326 ] ] ] } },
{ "type": "Feature", "properties": { "gu": "진해구", "emd": "경화동", "adm_cd": "4812956000", "adm_nm": "경상남도 창원시진해구 경화동", "area_km2": 3.042 }, "geometry": { "type": "Polygon", "coordinates": [ [ [ 128.689849190277528, 35.169794312675691 ], [ 128.689482216302935, 35.168377315874942 ], [ 128.68777824304172, 35.162547929281153 ], [ 128.687819299112334, 35.158631329569609 ], [ 128.687844236413923, 35.157310187824315 ], [ 128.687868299428203, 35.156830532936048 ], [ 128.687907582663456, 35.156152453919823 ], [ 128.687978605472637, 35.155038024043066 ], [ 128.688073291874019, 35.153561887342462 ], [ 128.688393348906118, 35.152768096434592 ], [ 128.688615161794559, 35.150585055299871 ], [ 128.688756720852865, 35.147371015647245 ], [ 128.688647934546481, 35.147284565528821 ], [ 128.688622027770464, 35.147267909131713 ], [ 128.688594049798212, 35.147253686781987 ], [ 128.688554476435087, 35.147238197742517 ], [ 128.688512760337971, 35.147227092824259 ], [ 128.68848054067081, 35.147221629270504 ], [ 128.688054441663724, 35.147157729677751 ], [ 128.686110361625339, 35.147071899677108 ], [ 128.685759814886183, 35.147056420545546 ], [ 128.683129708718297, 35.146940251745264 ], [ 128.679575982009538, 35.146783195988839 ], [ 128.679511133999199, 35.146761798936772 ], [ 128.678472751885607, 35.146412545251195 ], [ 128.676530912688634, 35.149234541702477 ], [ 128.676541844324191, 35.149697575399408 ], [ 128.674442127349664, 35.152369141351038 ], [ 128.675997899830577, 35.152501714631697 ], [ 128.681453737707159, 35.15303063265133 ], [ 128.681145978606139, 35.157225569093796 ], [ 128.681137978725786, 35.157280968175094 ], [ 128.681109074401746, 35.1574810929432 ], [ 128.681100215659569, 35.15754239812334 ], [ 128.681009967692603, 35.157860910514785 ], [ 128.680998722791145, 35.157897813098785 ], [ 128.680864323211409, 35.158338732660241 ], [ 128.677632666017701, 35.159382910634896 ], [ 128.677565470105918, 35.159385451921246 ], [ 128.676713218858737, 35.1591207842649 ], [ 128.676619152629939, 35.159182715723233 ], [ 128.676278781554032, 35.159477926948654 ], [ 128.675296591866015, 35.160430784365388 ], [ 128.675285564350759, 35.160478115580069 ], [ 128.675288983032715, 35.160528465135123 ], [ 128.675422269007072, 35.161449088734877 ], [ 128.675461695491066, 35.161517312235169 ], [ 128.675613943528504, 35.161634672076588 ], [ 128.675799249098475, 35.161929834711167 ], [ 128.675899460782745, 35.162137370701899 ], [ 128.675981488409974, 35.162435205399611 ], [ 128.676034834807552, 35.162630795750005 ], [ 128.676034598210464, 35.162690017873693 ], [ 128.675901624963046, 35.163449536942288 ], [ 128.675370517096326, 35.165071391009796 ], [ 128.674959840228951, 35.16628062217071 ], [ 128.674404779674006, 35.166773388396052 ], [ 128.674095358759018, 35.167026777632564 ], [ 128.673730352450264, 35.167308589311958 ], [ 128.672870906963567, 35.167663359128184 ], [ 128.676181488240331, 35.17493734667589 ], [ 128.679639651076627, 35.172936157580367 ], [ 128.680181970310088, 35.172994385063816 ], [ 128.680314539907243, 35.173005741616954 ], [ 128.68053823843627, 35.173009592587839 ], [ 128.680677041291119, 35.172998947152614 ], [ 128.685238451876756, 35.171981417553148 ], [ 128.685358988612336, 35.171948669276887 ], [ 128.686035555498449, 35.17168480080835 ], [ 128.689849190277528, 35.169794312675691 ] ] ] } },
{ "type": "Feature", "properties": { "gu": "진해구", "emd": "덕산동", "adm_cd": "4812961000", "adm_nm": "경상남도 창원시진해구 덕산동", "area_km2": 2.429 }, "geometry": { "type": "Polygon", "coordinates": [ [ [ 128.722410933554499, 35.14181229793072 ], [ 128.722472666997959, 35.140451523878902 ], [ 128.722451792203572, 35.140299236946852 ], [ 128.722141212158874, 35.139925352637043 ], [ 128.72083091185749, 35.139935787495773 ], [ 128.720355880525119, 35.140007772174776 ], [ 128.720148305007456, 35.140051498312076 ], [ 128.719766190430079, 35.140293435409319 ], [ 128.719334359301143, 35.140332175436569 ], [ 128.718907225096643, 35.140321912285629 ], [ 128.718122447710073, 35.140300422284689 ], [ 128.717563553581755, 35.140161543397411 ], [ 128.715848039873947, 35.139313202644296 ], [ 128.714221215756595, 35.138483855122161 ], [ 128.71411349018635, 35.138429897585908 ], [ 128.713950022353458, 35.138416085576075 ], [ 128.712902950117552, 35.138593459514404 ], [ 128.712240897217839, 35.13883948326059 ], [ 128.711939903718388, 35.138984421893667 ], [ 128.711643889704874, 35.1391701333161 ], [ 128.711307740544811, 35.139561635011546 ], [ 128.708386899397141, 35.140005045972387 ], [ 128.701299772974522, 35.139620596784852 ], [ 128.70118178047602, 35.139593032580699 ], [ 128.700128299594184, 35.139226543293319 ], [ 128.699074841950761, 35.138860027363769 ], [ 128.696585965280832, 35.137959906967673 ], [ 128.696552584945465, 35.137934918985238 ], [ 128.69644466087928, 35.137854113357228 ], [ 128.696436540089792, 35.137898561363812 ], [ 128.696416419, 35.13800483003039 ], [ 128.696356954288973, 35.138244185769565 ], [ 128.696317524724975, 35.138390758857753 ], [ 128.695941950041203, 35.13883541975013 ], [ 128.695815980423333, 35.13896244952268 ], [ 128.695607584266298, 35.139131266506027 ], [ 128.694833907730441, 35.139683867570277 ], [ 128.691888534873669, 35.141552332709175 ], [ 128.691400610055496, 35.141338336285699 ], [ 128.690798165777323, 35.141069540839005 ], [ 128.689933356426991, 35.140628661059473 ], [ 128.689451392857961, 35.140400418641285 ], [ 128.688808726129963, 35.140108693816138 ], [ 128.688413755346147, 35.140655467007008 ], [ 128.687831805875476, 35.141478202014582 ], [ 128.687374681608958, 35.142328621776066 ], [ 128.687381461668309, 35.142467880284457 ], [ 128.68745070016422, 35.142607473425748 ], [ 128.687569304065505, 35.142707580605624 ], [ 128.687679315409497, 35.142743764164997 ], [ 128.687875947614174, 35.142798614791552 ], [ 128.68793608212232, 35.142802334238752 ], [ 128.688009084653999, 35.142764939963669 ], [ 128.689989916412316, 35.145394291702019 ], [ 128.690480199112329, 35.146156387115887 ], [ 128.690498960465987, 35.146645449509265 ], [ 128.691254198295809, 35.146922691549307 ], [ 128.692628886138237, 35.147398939550619 ], [ 128.695753475963471, 35.147414004236076 ], [ 128.699431597111442, 35.147254429482174 ], [ 128.699733603565505, 35.147226441785868 ], [ 128.700361804544741, 35.147192118482096 ], [ 128.700689945546543, 35.14719654364351 ], [ 128.700939282038888, 35.147211519411186 ], [ 128.701175331760453, 35.147269549672799 ], [ 128.701413299431806, 35.147362595150192 ], [ 128.702956539073853, 35.148282891179015 ], [ 128.703014020699158, 35.147187714491331 ], [ 128.703060471728151, 35.146506218138846 ], [ 128.706691692719346, 35.145506025154781 ], [ 128.70835690449627, 35.145567219931429 ], [ 128.710122209265165, 35.146170391594261 ], [ 128.710440324629502, 35.146422676729962 ], [ 128.71082679670414, 35.146899128689256 ], [ 128.710880965760737, 35.14700941949927 ], [ 128.71090900250428, 35.14706648176012 ], [ 128.713300509359044, 35.148033437837846 ], [ 128.713382424682806, 35.148066114791547 ], [ 128.713584898411654, 35.148095854760243 ], [ 128.713811195695001, 35.14810812511476 ], [ 128.713896680368464, 35.148104525806765 ], [ 128.71729268732841, 35.147514511836597 ], [ 128.717362381178987, 35.147489770800725 ], [ 128.718370092981388, 35.147108382858747 ], [ 128.718489063241947, 35.147038576029061 ], [ 128.718989430756238, 35.146684998847547 ], [ 128.722080110692104, 35.144169485245889 ], [ 128.722216025580138, 35.144058568844166 ], [ 128.722352057707781, 35.143912499268559 ], [ 128.722431061990932, 35.143754592775799 ], [ 128.722614549901095, 35.142244427345808 ], [ 128.722595151512877, 35.142175724165206 ], [ 128.722410933554499, 35.14181229793072 ] ] ] } },
{ "type": "Feature", "properties": { "gu": "진해구", "emd": "병암동", "adm_cd": "4812957000", "adm_nm": "경상남도 창원시진해구 병암동", "area_km2": 1.234 }, "geometry": { "type": "Polygon", "coordinates": [ [ [ 128.69466255653515, 35.168830031581791 ], [ 128.696764734039135, 35.164713785793872 ], [ 128.696795428659556, 35.164536042655719 ], [ 128.696404225606926, 35.161999057833953 ], [ 128.696367656911349, 35.161945220628823 ], [ 128.696295029414273, 35.161846338578215 ], [ 128.696237344893717, 35.161773824735931 ], [ 128.696179440485963, 35.161703458068935 ], [ 128.696138793688618, 35.161654679662306 ], [ 128.696103600201809, 35.161614206622502 ], [ 128.696044137962417, 35.16155005954586 ], [ 128.695993520510655, 35.161495859612337 ], [ 128.695926489601987, 35.161426191541175 ], [ 128.695875975249152, 35.161377223734426 ], [ 128.695809908300987, 35.161316840322478 ], [ 128.695688351791318, 35.161211340368077 ], [ 128.695588877828584, 35.161133396870611 ], [ 128.695511497864686, 35.161073975206108 ], [ 128.695436300029172, 35.161020433278154 ], [ 128.695342369360475, 35.160955648598922 ], [ 128.69448889727451, 35.157271308827944 ], [ 128.693908854520345, 35.154396420395024 ], [ 128.693803430095443, 35.153579001208051 ], [ 128.693337181745278, 35.153511628341228 ], [ 128.692779323642043, 35.153276313577614 ], [ 128.692657150230303, 35.153201456397817 ], [ 128.689962180659762, 35.150844023081795 ], [ 128.689933002990216, 35.15081068963454 ], [ 128.6899012020302, 35.150747603867273 ], [ 128.688780848795318, 35.146823212989702 ], [ 128.688756720852865, 35.147371015647245 ], [ 128.688615161794559, 35.150585055299871 ], [ 128.688393348906118, 35.152768096434592 ], [ 128.688073291874019, 35.153561887342462 ], [ 128.687978605472637, 35.155038024043066 ], [ 128.687907582663456, 35.156152453919823 ], [ 128.687868299428203, 35.156830532936048 ], [ 128.687844236413923, 35.157310187824315 ], [ 128.687819299112334, 35.158631329569609 ], [ 128.68777824304172, 35.162547929281153 ], [ 128.689482216302935, 35.168377315874942 ], [ 128.689849190277528, 35.169794312675691 ], [ 128.69466255653515, 35.168830031581791 ] ] ] } },
{ "type": "Feature", "properties": { "gu": "진해구", "emd": "석동", "adm_cd": "4812958000", "adm_nm": "경상남도 창원시진해구 석동", "area_km2": 2.259 }, "geometry": { "type": "Polygon", "coordinates": [ [ [ 128.71341140629923, 35.166164940412365 ], [ 128.710039503147499, 35.16267114858983 ], [ 128.70917893603891, 35.160397779240583 ], [ 128.708284937190541, 35.157749740456403 ], [ 128.708985933533057, 35.157478549678814 ], [ 128.709832547416113, 35.157151015294318 ], [ 128.71086345843085, 35.154694259633736 ], [ 128.706589251674956, 35.152965507875791 ], [ 128.7064566781807, 35.152911890453247 ], [ 128.705935051234917, 35.152704570588504 ], [ 128.705715889760711, 35.152618165424066 ], [ 128.703244651269642, 35.1516810076117 ], [ 128.699245697631937, 35.153387555365398 ], [ 128.696756890348951, 35.154486641285402 ], [ 128.693908854520345, 35.154396420395024 ], [ 128.69448889727451, 35.157271308827944 ], [ 128.695342369360475, 35.160955648598922 ], [ 128.695436300029172, 35.161020433278154 ], [ 128.695511497864686, 35.161073975206108 ], [ 128.695588877828584, 35.161133396870611 ], [ 128.695688351791318, 35.161211340368077 ], [ 128.695809908300987, 35.161316840322478 ], [ 128.695875975249152, 35.161377223734426 ], [ 128.695926489601987, 35.161426191541175 ], [ 128.695993520510655, 35.161495859612337 ], [ 128.696044137962417, 35.16155005954586 ], [ 128.696103600201809, 35.161614206622502 ], [ 128.696138793688618, 35.161654679662306 ], [ 128.696179440485963, 35.161703458068935 ], [ 128.696237344893717, 35.161773824735931 ], [ 128.696295029414273, 35.161846338578215 ], [ 128.696367656911349, 35.161945220628823 ], [ 128.696404225606926, 35.161999057833953 ], [ 128.696795428659556, 35.164536042655719 ], [ 128.696764734039135, 35.164713785793872 ], [ 128.69466255653515, 35.168830031581791 ], [ 128.698563341230766, 35.168736196340966 ], [ 128.700503010420306, 35.168775075078337 ], [ 128.70089903025297, 35.168751100192289 ], [ 128.701050478488526, 35.168729744167074 ], [ 128.701149065390496, 35.168695834618418 ], [ 128.702181830342283, 35.168260346189598 ], [ 128.702893627831685, 35.167880277791205 ], [ 128.702980820761582, 35.167838537268061 ], [ 128.703068029064326, 35.167796802841622 ], [ 128.703276257384402, 35.167763061223518 ], [ 128.706182843245955, 35.167438565248176 ], [ 128.706375820243579, 35.167439045402183 ], [ 128.706527096418426, 35.167464287026725 ], [ 128.707477944736127, 35.167752129597893 ], [ 128.71209280839031, 35.166902820954611 ], [ 128.7121939312878, 35.166862689064736 ], [ 128.712969685768968, 35.166507682929982 ], [ 128.7130416997081, 35.16647371158092 ], [ 128.713269353014653, 35.166318747762325 ], [ 128.71341140629923, 35.166164940412365 ] ] ] } },
{ "type": "Feature", "properties": { "gu": "진해구", "emd": "여좌동", "adm_cd": "4812954000", "adm_nm": "경상남도 창원시진해구 여좌동", "area_km2": 4.704 }, "geometry": { "type": "Polygon", "coordinates": [ [ [ 128.674854540367591, 35.175527871146834 ], [ 128.676181488240331, 35.17493734667589 ], [ 128.672870906963567, 35.167663359128184 ], [ 128.670044075968519, 35.161537588350328 ], [ 128.668807975905196, 35.157842422461918 ], [ 128.66827991742025, 35.152793593462981 ], [ 128.669548549627876, 35.152078169996621 ], [ 128.667087176264943, 35.15204750678717 ], [ 128.664647115788199, 35.152272952605614 ], [ 128.657155185971931, 35.152999182612056 ], [ 128.656032218943665, 35.153081694471254 ], [ 128.655978927010864, 35.154500641334195 ], [ 128.655854331681212, 35.158331045829861 ], [ 128.656514154725699, 35.158765001891915 ], [ 128.656652041726886, 35.158855687900733 ], [ 128.656694678651263, 35.15919832020348 ], [ 128.656956123949584, 35.162124150134382 ], [ 128.656323981270873, 35.16526535441529 ], [ 128.652164153069805, 35.170327265781779 ], [ 128.65098287481888, 35.171764551096892 ], [ 128.647451068242276, 35.175546163890289 ], [ 128.647989895598585, 35.17565893768478 ], [ 128.648915575656673, 35.175852690140132 ], [ 128.651392736137126, 35.177329339593889 ], [ 128.653732653507404, 35.178701715782033 ], [ 128.656620039432397, 35.179943088926727 ], [ 128.656680748246572, 35.179968594905823 ], [ 128.657501426040483, 35.180243045013917 ], [ 128.65769926032911, 35.180294990036728 ], [ 128.657874229981644, 35.180328108583652 ], [ 128.658014383041206, 35.18033535589975 ], [ 128.658232467569974, 35.180322266610723 ], [ 128.658490312289814, 35.180254590913712 ], [ 128.660389795603891, 35.179751332874439 ], [ 128.662806742084513, 35.180073929112844 ], [ 128.662901704393079, 35.180074194862627 ], [ 128.662979680164085, 35.18006856003278 ], [ 128.663091746093215, 35.180048334493108 ], [ 128.666069529311756, 35.178677817665879 ], [ 128.666958565905162, 35.178253643399792 ], [ 128.670067692290473, 35.176665195223599 ], [ 128.671435600490241, 35.175936171595509 ], [ 128.673993498408095, 35.176003122099573 ], [ 128.674854540367591, 35.175527871146834 ] ] ] } },
{ "type": "Feature", "properties": { "gu": "진해구", "emd": "웅동1동", "adm_cd": "4812964000", "adm_nm": "경상남도 창원시진해구 웅동1동", "area_km2": 32.389 }, "geometry": { "type": "Polygon", "coordinates": [ [ [ 128.793618021850847, 35.15705431613538 ], [ 128.79442277056819, 35.155541248588428 ], [ 128.79617207688645, 35.152553392874864 ], [ 128.799383227765418, 35.148883671755847 ], [ 128.80132924347231, 35.146742443583967 ], [ 128.802334546543335, 35.143152428306315 ], [ 128.804565033769478, 35.14183970974986 ], [ 128.806635194831387, 35.140944664625607 ], [ 128.80687758126183, 35.139470491685714 ], [ 128.806905112766742, 35.139372881239872 ], [ 128.806953158573521, 35.139257732542518 ], [ 128.807060460324323, 35.139103602224743 ], [ 128.807147186891939, 35.138986565595964 ], [ 128.808289561405502, 35.137875136222746 ], [ 128.808414917856993, 35.137779643822654 ], [ 128.815447240231521, 35.132562274599422 ], [ 128.815547419863435, 35.132527280722179 ], [ 128.815690763528323, 35.132507971045371 ], [ 128.81631422830182, 35.132424938966828 ], [ 128.817133154613146, 35.132422280501153 ], [ 128.817599469810432, 35.132430789630881 ], [ 128.817699562025894, 35.132428992537243 ], [ 128.817861106822534, 35.132411670659167 ], [ 128.818052266140654, 35.132374848492965 ], [ 128.820289613500591, 35.131817676429336 ], [ 128.824156718447938, 35.130441399548886 ], [ 128.826363559010559, 35.129562639779522 ], [ 128.826457525069912, 35.129499167077221 ], [ 128.826487419120383, 35.129380493848444 ], [ 128.82650768133513, 35.129134598786621 ], [ 128.826483330434542, 35.128973433448884 ], [ 128.826508201039303, 35.128895022146509 ], [ 128.826726141149607, 35.128585809054591 ], [ 128.826884529885405, 35.128416418004818 ], [ 128.827097188719392, 35.128264077574933 ], [ 128.827294906844173, 35.128175316557474 ], [ 128.827472748673415, 35.1281458990739 ], [ 128.829967529383737, 35.12825970000597 ], [ 128.830258832964034, 35.128281310349927 ], [ 128.830466113114909, 35.128340968553928 ], [ 128.830594304227333, 35.128434422820064 ], [ 128.830717562549864, 35.128532134570342 ], [ 128.830889920385658, 35.128757098491455 ], [ 128.83115608508723, 35.128999173653526 ], [ 128.831476604267834, 35.129220104367569 ], [ 128.831750342422652, 35.129385858426062 ], [ 128.832031526704782, 35.129530426169715 ], [ 128.832875710125251, 35.129654560517075 ], [ 128.832979434370259, 35.129641985858377 ], [ 128.833177248165271, 35.129506575919905 ], [ 128.833568021596562, 35.129189100761835 ], [ 128.833879795964236, 35.128858796228215 ], [ 128.834058008737685, 35.128651270930192 ], [ 128.834137460852531, 35.128430882524526 ], [ 128.834177305196647, 35.128265580457558 ], [ 128.834202352809513, 35.128085860839413 ], [ 128.834395831104644, 35.126301489216573 ], [ 128.824724580687985, 35.122733522800068 ], [ 128.824013539765701, 35.122471158868287 ], [ 128.816142061308398, 35.120303467029323 ], [ 128.812210836670857, 35.117526480076869 ], [ 128.806779450831186, 35.115000867878933 ], [ 128.803692982815619, 35.114305480813485 ], [ 128.803311609881888, 35.114219553788715 ], [ 128.799814669427775, 35.113431571191498 ], [ 128.799631079376212, 35.110787547464099 ], [ 128.798268030337141, 35.110077972295869 ], [ 128.795286911018906, 35.108525986125542 ], [ 128.79380286399612, 35.107841763586187 ], [ 128.790976859407408, 35.106538746824164 ], [ 128.789308114789918, 35.105463423753186 ], [ 128.788932938185383, 35.10504054619242 ], [ 128.788882910459392, 35.104984124479422 ], [ 128.788361423478619, 35.106440090438596 ], [ 128.788219760724047, 35.106868506813257 ], [ 128.788198085186337, 35.107389226585383 ], [ 128.788216239138933, 35.108131199150733 ], [ 128.788809481005302, 35.111627526036493 ], [ 128.789212517414398, 35.11328671826589 ], [ 128.788618544630538, 35.113369738944762 ], [ 128.788175440570399, 35.113417968149356 ], [ 128.784651621904601, 35.113793839890469 ], [ 128.784030938532254, 35.113437654362862 ], [ 128.78261762603853, 35.11253820469404 ], [ 128.782505082540354, 35.112439702825299 ], [ 128.782452166834162, 35.112357535406431 ], [ 128.781270525903238, 35.110221353771358 ], [ 128.781093198475418, 35.109754286732631 ], [ 128.780082769457408, 35.104049115999445 ], [ 128.78008309161811, 35.103932261226532 ], [ 128.779951740555703, 35.10305299941291 ], [ 128.778966639384407, 35.102566994249067 ], [ 128.778767198502237, 35.10248072379531 ], [ 128.778722228326274, 35.102474241032418 ], [ 128.778442692689595, 35.102448023704063 ], [ 128.778300156200544, 35.10244776864436 ], [ 128.778231115991304, 35.102456548423426 ], [ 128.778156325914381, 35.102459022223563 ], [ 128.778114426874936, 35.10245627485704 ], [ 128.778011333968408, 35.102443725203287 ], [ 128.777896269788243, 35.102424616811632 ], [ 128.777776345126483, 35.102403036720744 ], [ 128.777603055374556, 35.102360858082278 ], [ 128.777446575997743, 35.102316694231533 ], [ 128.7773398971853, 35.102283565510071 ], [ 128.777282834270494, 35.102265816354489 ], [ 128.777239757442601, 35.102248046040273 ], [ 128.777120585436791, 35.102190851110372 ], [ 128.775741477385708, 35.10143676620234 ], [ 128.775201481837598, 35.101105858205564 ], [ 128.775154270241046, 35.101073528363138 ], [ 128.775089278080486, 35.101022424671051 ], [ 128.7749690407814, 35.10091767479161 ], [ 128.774644771173172, 35.100630877960143 ], [ 128.774543347163046, 35.100525551125664 ], [ 128.773060994224835, 35.098927721740722 ], [ 128.773061746463497, 35.099038341299604 ], [ 128.773075257803328, 35.101025651386372 ], [ 128.772374704260017, 35.103213858987637 ], [ 128.770798441771944, 35.108890755413555 ], [ 128.77068975655817, 35.109685249584821 ], [ 128.77043154407653, 35.110102883934573 ], [ 128.769108805169594, 35.112242215160762 ], [ 128.768173682338727, 35.112652322875391 ], [ 128.765718198666917, 35.114732562810225 ], [ 128.765522124369994, 35.114976309797541 ], [ 128.765505648937278, 35.115010631892517 ], [ 128.765484927607531, 35.115053800243864 ], [ 128.765445209534761, 35.115136567322573 ], [ 128.765419299017481, 35.115282990221914 ], [ 128.765358081775929, 35.116330415650935 ], [ 128.765111441707802, 35.117540625791229 ], [ 128.763242320626034, 35.119394988672767 ], [ 128.762247876275921, 35.119978274671602 ], [ 128.760761393039616, 35.120120518659931 ], [ 128.759381626467757, 35.120347387181212 ], [ 128.757870219825378, 35.121282890247166 ], [ 128.755855586177489, 35.124190715542937 ], [ 128.755853933598019, 35.126069614319874 ], [ 128.754763057910026, 35.128033233255323 ], [ 128.753468154045578, 35.128310525001993 ], [ 128.750706478610766, 35.129660472297957 ], [ 128.749795351969681, 35.13022522245469 ], [ 128.749575673798034, 35.130745509348287 ], [ 128.749017087521622, 35.133080615419992 ], [ 128.748938376224004, 35.135288152266575 ], [ 128.746397903984956, 35.139151450919016 ], [ 128.74425992379048, 35.14123348155681 ], [ 128.742866851124688, 35.141839580643754 ], [ 128.741276877671197, 35.142069271845337 ], [ 128.739704212072922, 35.142126324384549 ], [ 128.739220138996671, 35.143046857111059 ], [ 128.737647539270938, 35.144269085401369 ], [ 128.738556608139987, 35.14603747623935 ], [ 128.738989068592787, 35.147314233309075 ], [ 128.739274120432668, 35.149341848879232 ], [ 128.739315049512442, 35.150006459398845 ], [ 128.73937735600208, 35.153309132573099 ], [ 128.739014982789485, 35.153776732608932 ], [ 128.738624077940329, 35.154610157427975 ], [ 128.73852147478101, 35.15490994727157 ], [ 128.738379664295962, 35.155501170429218 ], [ 128.738405320423738, 35.156690284616104 ], [ 128.739734353271501, 35.159106084627226 ], [ 128.741189733689708, 35.162990898586678 ], [ 128.741244681871081, 35.163283214253624 ], [ 128.741352803248077, 35.164385456404226 ], [ 128.741382049754236, 35.166162879520584 ], [ 128.741379202560893, 35.16632954218418 ], [ 128.741362614412907, 35.166402330881894 ], [ 128.74118822749702, 35.167013617255144 ], [ 128.742931570827409, 35.166818310605265 ], [ 128.74633816048933, 35.166648056069363 ], [ 128.747568280188887, 35.166872773359643 ], [ 128.747917050658316, 35.167304165585435 ], [ 128.748898632470429, 35.167641563883862 ], [ 128.7501556935336, 35.167744645885463 ], [ 128.752124227074859, 35.167291922200505 ], [ 128.755406165205471, 35.166129147703849 ], [ 128.755824923815538, 35.166054044692672 ], [ 128.755994407812892, 35.166023659217494 ], [ 128.756414396652673, 35.166332749833785 ], [ 128.756886062853141, 35.167671541023999 ], [ 128.757929832270577, 35.16815343119417 ], [ 128.760594076181604, 35.167787458373532 ], [ 128.76142184797942, 35.167836035424777 ], [ 128.762797971542483, 35.168389684556949 ], [ 128.763493896637101, 35.167393732040637 ], [ 128.765960385837133, 35.165393968473353 ], [ 128.769185351942411, 35.164340753653917 ], [ 128.771440706378684, 35.163507716441721 ], [ 128.772124070815892, 35.163024947571941 ], [ 128.776130764648599, 35.159911405708158 ], [ 128.77678217951032, 35.159319966619755 ], [ 128.785922201350076, 35.157415757439523 ], [ 128.791444502622596, 35.157491876277561 ], [ 128.793618021850847, 35.15705431613538 ] ] ] } },
{ "type": "Feature", "properties": { "gu": "진해구", "emd": "웅동2동", "adm_cd": "4812965000", "adm_nm": "경상남도 창원시진해구 웅동2동", "area_km2": 15.281 }, "geometry": { "type": "Polygon", "coordinates": [ [ [ 128.832473055455949, 35.086313150727605 ], [ 128.828376426094309, 35.089477879444885 ], [ 128.827916220634705, 35.0891080318749 ], [ 128.827100387327675, 35.088429908883576 ], [ 128.826428696115727, 35.0878693930987 ], [ 128.826432229319522, 35.08621402148696 ], [ 128.824556333951506, 35.085850752708794 ], [ 128.82306204083136, 35.085848655593608 ], [ 128.821537701526097, 35.085846405005178 ], [ 128.821542448398645, 35.084932426119423 ], [ 128.821544941911185, 35.084446326015296 ], [ 128.818527492903172, 35.083001430939845 ], [ 128.8180938162281, 35.083000685809182 ], [ 128.811502912116936, 35.08298883099831 ], [ 128.809492561618384, 35.08278081783569 ], [ 128.80159738822303, 35.083048248907296 ], [ 128.797258122605001, 35.081332843763974 ], [ 128.79444697134366, 35.079743643070721 ], [ 128.793063475296066, 35.079187732640975 ], [ 128.792272183148668, 35.078877218220782 ], [ 128.791600401669001, 35.078782360857907 ], [ 128.790835254990697, 35.078793655428854 ], [ 128.78536484885737, 35.079476816904133 ], [ 128.78483027303642, 35.079825232992562 ], [ 128.782599795715157, 35.083564549541698 ], [ 128.781841301229463, 35.086116316042073 ], [ 128.789195456443764, 35.094088441324068 ], [ 128.789355049923415, 35.094261413043434 ], [ 128.7915324008396, 35.095042282731008 ], [ 128.791641179032126, 35.095076893245484 ], [ 128.791926616493413, 35.095166555077775 ], [ 128.792508992751834, 35.094998422567429 ], [ 128.792602944967541, 35.094966117321434 ], [ 128.792894104350211, 35.094841353613283 ], [ 128.793263387540179, 35.094239066176364 ], [ 128.793826591250792, 35.09375955540974 ], [ 128.793868239179119, 35.093744163347694 ], [ 128.797480471842903, 35.092951603414434 ], [ 128.798217159318341, 35.093080418114191 ], [ 128.798981897392281, 35.093400525899632 ], [ 128.799819185094861, 35.093835064798142 ], [ 128.800811994925738, 35.094639099951472 ], [ 128.801867084475163, 35.095902054295117 ], [ 128.802462451468216, 35.098626030595916 ], [ 128.802172446308646, 35.099352794936017 ], [ 128.801833168692468, 35.099577739847923 ], [ 128.799172502595951, 35.10033967227772 ], [ 128.798675420030207, 35.100347043524131 ], [ 128.797948242173987, 35.100326429675988 ], [ 128.797450479860601, 35.100302405008996 ], [ 128.796796322544452, 35.100123604287084 ], [ 128.794741586762967, 35.098866135993482 ], [ 128.792928699435151, 35.098170480064852 ], [ 128.789096912150541, 35.097850124966719 ], [ 128.788539892019088, 35.097927152026884 ], [ 128.788334256534114, 35.097955590968631 ], [ 128.787996981762774, 35.098274670906093 ], [ 128.788119916289531, 35.098649809670164 ], [ 128.789221381879599, 35.100047099651668 ], [ 128.790190321977491, 35.100629626688061 ], [ 128.790628744593448, 35.101011665210244 ], [ 128.791360085893984, 35.101648942839205 ], [ 128.791420976182906, 35.102684634361871 ], [ 128.790752603509588, 35.103605427207881 ], [ 128.790114222308432, 35.104148853086897 ], [ 128.788882910459392, 35.104984124479422 ], [ 128.788932938185383, 35.10504054619242 ], [ 128.789308114789918, 35.105463423753186 ], [ 128.790976859407408, 35.106538746824164 ], [ 128.79380286399612, 35.107841763586187 ], [ 128.795286911018906, 35.108525986125542 ], [ 128.798268030337141, 35.110077972295869 ], [ 128.799631079376212, 35.110787547464099 ], [ 128.799814669427775, 35.113431571191498 ], [ 128.803311609881888, 35.114219553788715 ], [ 128.803692982815619, 35.114305480813485 ], [ 128.806779450831186, 35.115000867878933 ], [ 128.812210836670857, 35.117526480076869 ], [ 128.816142061308398, 35.120303467029323 ], [ 128.824013539765701, 35.122471158868287 ], [ 128.824724580687985, 35.122733522800068 ], [ 128.834395831104644, 35.126301489216573 ], [ 128.834836427411091, 35.12531348816367 ], [ 128.835393799136767, 35.124063595295311 ], [ 128.835506956172708, 35.123809846130769 ], [ 128.835646313518907, 35.123623381676204 ], [ 128.835999923541692, 35.123229126011459 ], [ 128.836153719106733, 35.122953936194989 ], [ 128.836243333279981, 35.122687847262583 ], [ 128.836286998152133, 35.122086219216989 ], [ 128.836326258824755, 35.119735980531757 ], [ 128.836254238939006, 35.118644160298665 ], [ 128.837490505433237, 35.116102047041387 ], [ 128.83756028429039, 35.115966591334889 ], [ 128.837660459765829, 35.115846108202994 ], [ 128.838240102368786, 35.115278670976252 ], [ 128.838511984434689, 35.115054575851829 ], [ 128.839938983037314, 35.115150585476762 ], [ 128.84007788047262, 35.115159711725227 ], [ 128.840194238057876, 35.115152418384405 ], [ 128.840513948267414, 35.115041007437569 ], [ 128.841379836731392, 35.114690558555651 ], [ 128.841579797186711, 35.114571373417405 ], [ 128.841695897345005, 35.114479639944477 ], [ 128.842155063110113, 35.114062705523452 ], [ 128.842665335913551, 35.113546792537115 ], [ 128.842791818258036, 35.113375153941838 ], [ 128.842899631249395, 35.113165419382369 ], [ 128.842940390509909, 35.112969748578259 ], [ 128.843273116596691, 35.11057261330118 ], [ 128.843249806051517, 35.110153590441712 ], [ 128.843205131803927, 35.109688516639203 ], [ 128.843139391678449, 35.109351904324313 ], [ 128.843095477595767, 35.109127057648173 ], [ 128.84303447170123, 35.108985557996576 ], [ 128.842081094285874, 35.107032098321795 ], [ 128.84132780983964, 35.10604597823599 ], [ 128.840588788645817, 35.105271847738443 ], [ 128.836655820798114, 35.101987753302126 ], [ 128.835616277281133, 35.101395720549675 ], [ 128.834885517985441, 35.10122526844124 ], [ 128.83484020892422, 35.101223982118647 ], [ 128.834586093550058, 35.101220884218812 ], [ 128.834502456308968, 35.101238901098625 ], [ 128.833716966852393, 35.101408250698846 ], [ 128.833052691302015, 35.101710010631834 ], [ 128.832484189242166, 35.101998345455172 ], [ 128.832098521804681, 35.102191118333486 ], [ 128.831807343468313, 35.102248932270193 ], [ 128.83114887702564, 35.102232165781331 ], [ 128.830490419510198, 35.102215395612625 ], [ 128.827742283518717, 35.102123302299191 ], [ 128.825709160614934, 35.102033729514901 ], [ 128.824814573619818, 35.101993774040977 ], [ 128.823936088820432, 35.10176771201705 ], [ 128.822763195310586, 35.098816113386093 ], [ 128.822884565137912, 35.096916957227243 ], [ 128.824632256775004, 35.094603751786842 ], [ 128.82595125868869, 35.093538163799096 ], [ 128.828183927768691, 35.091734359556312 ], [ 128.832220387868517, 35.088472949180606 ], [ 128.832979283553357, 35.088674879265533 ], [ 128.833257549668303, 35.087384120759161 ], [ 128.832473055455949, 35.086313150727605 ] ] ] } },
{ "type": "Feature", "properties": { "gu": "진해구", "emd": "웅천동", "adm_cd": "4812963000", "adm_nm": "경상남도 창원시진해구 웅천동", "area_km2": 28.19 }, "geometry": { "type": "MultiPolygon", "coordinates": [ [ [ [ 128.763557837713506, 35.059788805664219 ], [ 128.763276928258506, 35.059873488983655 ], [ 128.763048736022995, 35.059977590844667 ], [ 128.762494858572779, 35.060238031475976 ], [ 128.761438032932546, 35.060855852218687 ], [ 128.761365657556127, 35.060922627211347 ], [ 128.761271312363249, 35.061010041515246 ], [ 128.761199064251429, 35.061097656059054 ], [ 128.761125274178681, 35.061217783327059 ], [ 128.761105830325846, 35.061301839898263 ], [ 128.761100750196164, 35.061387711830555 ], [ 128.761094069239135, 35.061516235405051 ], [ 128.761111808814093, 35.061651837352365 ], [ 128.76112775614061, 35.06175368535046 ], [ 128.761851730106599, 35.064720955240816 ], [ 128.761891667526641, 35.064815279775736 ], [ 128.762031189310989, 35.065115350133127 ], [ 128.76223867750096, 35.065406820713697 ], [ 128.76257241034611, 35.065730577021036 ], [ 128.762892805089166, 35.065939581837242 ], [ 128.762991611055583, 35.06599455044551 ], [ 128.76314625863418, 35.06606172830719 ], [ 128.764507369284729, 35.066582702177641 ], [ 128.76550975686942, 35.066904810648502 ], [ 128.765584073709277, 35.066920919589251 ], [ 128.766514598420912, 35.066947063447614 ], [ 128.766613261005801, 35.066945600244921 ], [ 128.766860509026571, 35.066919334731729 ], [ 128.766961243227854, 35.066906449935502 ], [ 128.767176014497892, 35.066872259360437 ], [ 128.767267872798698, 35.06684196585875 ], [ 128.768962480182324, 35.065390641577942 ], [ 128.768649130787708, 35.063713654378901 ], [ 128.764438718591293, 35.060166158931075 ], [ 128.764350754988754, 35.060092825156367 ], [ 128.764116061684803, 35.05991181436611 ], [ 128.763995102936121, 35.059834944372852 ], [ 128.763854858418625, 35.059781378458403 ], [ 128.763676943035222, 35.059759525842516 ], [ 128.763557837713506, 35.059788805664219 ] ] ], [ [ [ 128.696260816490565, 35.078255337473124 ], [ 128.694618810973566, 35.077758246703851 ], [ 128.694078689235994, 35.07746400714651 ], [ 128.693044855826571, 35.076831819259461 ], [ 128.692846626576852, 35.07706174656559 ], [ 128.693384512068263, 35.077773739174177 ], [ 128.695505852152678, 35.07928470066112 ], [ 128.696774407774768, 35.079816229240237 ], [ 128.697617250782542, 35.079170524406273 ], [ 128.697707765742791, 35.077933503562157 ], [ 128.69724486435959, 35.077208072249206 ], [ 128.696260816490565, 35.078255337473124 ] ] ], [ [ [ 128.714699958418095, 35.081313617506474 ], [ 128.714772539354811, 35.081261814802183 ], [ 128.714817799698807, 35.08118384722146 ], [ 128.714813565124302, 35.08084711230677 ], [ 128.714790107396027, 35.080749222065748 ], [ 128.714727867705903, 35.08062801111501 ], [ 128.714659451443424, 35.080508627456716 ], [ 128.714535593177089, 35.080348966386985 ], [ 128.714472993936738, 35.080293512656915 ], [ 128.714403376554969, 35.080272881071949 ], [ 128.713137768531908, 35.079972101020793 ], [ 128.713047353019078, 35.079968350280325 ], [ 128.71040246742686, 35.080500814936315 ], [ 128.708717823919585, 35.080860758527798 ], [ 128.708446128652525, 35.080942259339118 ], [ 128.708347794234385, 35.080976238390853 ], [ 128.70826168848518, 35.08102418490369 ], [ 128.708196778289988, 35.081073824477123 ], [ 128.707999490575531, 35.081302657653069 ], [ 128.707936593698463, 35.081381228543208 ], [ 128.707893094866762, 35.081455553189436 ], [ 128.707870790015591, 35.081535993671672 ], [ 128.707822164037765, 35.08182259298367 ], [ 128.707825255582776, 35.08198163995629 ], [ 128.707867148462043, 35.082098656188052 ], [ 128.70792645092763, 35.08219697700082 ], [ 128.708003403821493, 35.082297028054441 ], [ 128.708102812752685, 35.082394425335323 ], [ 128.708237178066696, 35.082493566068784 ], [ 128.708345660135109, 35.082559295583337 ], [ 128.70850583197759, 35.082644712492829 ], [ 128.708695224628315, 35.082732161491158 ], [ 128.708854416809231, 35.082769124203338 ], [ 128.709431304755157, 35.082874138932183 ], [ 128.709589764695323, 35.082844077441905 ], [ 128.709727311363537, 35.082810835947548 ], [ 128.711010416348046, 35.082098630315215 ], [ 128.712793149046604, 35.08218911104094 ], [ 128.714699958418095, 35.081313617506474 ] ] ], [ [ [ 128.721651083286332, 35.083878699729055 ], [ 128.7189277448079, 35.084207187222546 ], [ 128.71832016594513, 35.084970326240679 ], [ 128.721177815608712, 35.088005382934931 ], [ 128.722615242749072, 35.089207111626052 ], [ 128.722706035666164, 35.089159819116425 ], [ 128.723323721243759, 35.08853452615616 ], [ 128.723366451370964, 35.088449466040089 ], [ 128.72340708921314, 35.088307831582135 ], [ 128.72345002697827, 35.084778627363676 ], [ 128.723423436031794, 35.084669583677993 ], [ 128.723181550337046, 35.084323743906026 ], [ 128.722887188201497, 35.083919902433252 ], [ 128.722766179400139, 35.083874535780303 ], [ 128.721892956243522, 35.083855441349115 ], [ 128.721651083286332, 35.083878699729055 ] ] ], [ [ [ 128.718638028088861, 35.089683994955834 ], [ 128.718489284919286, 35.089848895253951 ], [ 128.718172490223253, 35.090345499136781 ], [ 128.717888367651341, 35.0910017259474 ], [ 128.717860310448145, 35.091081682154517 ], [ 128.717864896340927, 35.091165816957457 ], [ 128.717970823989901, 35.091497185312264 ], [ 128.717990755934835, 35.091552539105088 ], [ 128.719225089852955, 35.093028697516154 ], [ 128.719287461447266, 35.093067385359852 ], [ 128.719370578852164, 35.093092724617691 ], [ 128.719461898884219, 35.093107238929051 ], [ 128.719626462018596, 35.093091908974145 ], [ 128.719712586159176, 35.093080319999778 ], [ 128.719949619714299, 35.093075942403466 ], [ 128.720040311513799, 35.093061976442335 ], [ 128.720161152020154, 35.093014445641778 ], [ 128.72257901784053, 35.091524207926682 ], [ 128.722710863451567, 35.091425925488615 ], [ 128.722739787977986, 35.09123771874453 ], [ 128.722672330606855, 35.09109226154726 ], [ 128.722521146833543, 35.090951047849266 ], [ 128.722285383714848, 35.090782034607102 ], [ 128.720891355284124, 35.090045026913813 ], [ 128.719256332346617, 35.089522024802562 ], [ 128.719123304784972, 35.089494467874665 ], [ 128.718887866600198, 35.089577056725162 ], [ 128.718638028088861, 35.089683994955834 ] ] ], [ [ [ 128.771187222761455, 35.099572921290829 ], [ 128.769721978967823, 35.103201876007596 ], [ 128.768249181366798, 35.10373524325059 ], [ 128.763439075845781, 35.105072784142045 ], [ 128.762965277176392, 35.105128428783978 ], [ 128.763142237840128, 35.102315489585671 ], [ 128.765720187582843, 35.097963502956368 ], [ 128.784389352285984, 35.096671573130472 ], [ 128.780019864148926, 35.081746393466304 ], [ 128.765040436221369, 35.082855507131399 ], [ 128.764979881202038, 35.078933285818806 ], [ 128.765173813355915, 35.078854641495496 ], [ 128.766147361979023, 35.078466798141285 ], [ 128.766774735038524, 35.07829652362534 ], [ 128.767675573469802, 35.078033693154737 ], [ 128.767890658996208, 35.077913467978917 ], [ 128.768105795705992, 35.077749387099175 ], [ 128.768153079493061, 35.077573405809908 ], [ 128.768487808502698, 35.075917880480532 ], [ 128.76852757862838, 35.074493239068389 ], [ 128.768526642760605, 35.074033481120345 ], [ 128.768516981757443, 35.073461021562998 ], [ 128.768512166762719, 35.073246649652354 ], [ 128.768491116434006, 35.072948791771857 ], [ 128.767946120618319, 35.069426911719432 ], [ 128.766744629500181, 35.067613958521164 ], [ 128.766374064661733, 35.067457034037446 ], [ 128.765989257244826, 35.067867770059777 ], [ 128.765503258952947, 35.068430898849435 ], [ 128.765356352507411, 35.068602687442656 ], [ 128.765334573206559, 35.070173040228852 ], [ 128.764754297216228, 35.071683485137676 ], [ 128.75975989417114, 35.071814648427655 ], [ 128.751549252740119, 35.082149022128618 ], [ 128.751040739690325, 35.082114240736651 ], [ 128.750608196914953, 35.082082773507253 ], [ 128.747567131518167, 35.081742618638721 ], [ 128.747446421127563, 35.081728966059352 ], [ 128.747340850603706, 35.081712987322341 ], [ 128.747178292733878, 35.081672478954872 ], [ 128.747050608882347, 35.081630234871312 ], [ 128.746979289520254, 35.081598258866158 ], [ 128.746765824902212, 35.081477864414474 ], [ 128.746575978931475, 35.081363902646601 ], [ 128.746464112434808, 35.08110497452553 ], [ 128.746480377511631, 35.080980577639814 ], [ 128.746497538457703, 35.08092480582949 ], [ 128.746515163291463, 35.080856700863023 ], [ 128.746540301471981, 35.08067250939137 ], [ 128.746540479500652, 35.080614780640111 ], [ 128.746507974322412, 35.080551995956505 ], [ 128.746470195811838, 35.080480723152959 ], [ 128.745665093947025, 35.079419812715443 ], [ 128.745591184046958, 35.079344393468865 ], [ 128.745535027696064, 35.079294803786624 ], [ 128.745452556667317, 35.079223246736369 ], [ 128.744195416057181, 35.078176485141555 ], [ 128.743936896775949, 35.077987716881722 ], [ 128.742903125286915, 35.077690165240845 ], [ 128.741722427604515, 35.077958890275269 ], [ 128.741591261763944, 35.078198359991262 ], [ 128.741761440716715, 35.079259713215208 ], [ 128.741795962995326, 35.079412592259672 ], [ 128.741836149215715, 35.079526441742253 ], [ 128.742217225407416, 35.080206577134298 ], [ 128.742305505825215, 35.080319734452978 ], [ 128.742585912571627, 35.080650281453131 ], [ 128.742849142793858, 35.080896602182044 ], [ 128.743393780783435, 35.081370800450195 ], [ 128.743464976812362, 35.081422723651549 ], [ 128.743715136621176, 35.081582853394913 ], [ 128.743795797893739, 35.081639252525115 ], [ 128.743864590964222, 35.081703517700788 ], [ 128.743947415305001, 35.081798267351388 ], [ 128.743987472089572, 35.081854402154242 ], [ 128.744022919587934, 35.081910519313453 ], [ 128.744057537386908, 35.081991886923575 ], [ 128.744074660352311, 35.082068145792277 ], [ 128.744084334186198, 35.082191053587543 ], [ 128.744087165561695, 35.082227483125479 ], [ 128.74407983561585, 35.082403777697031 ], [ 128.744069813203367, 35.082511617074836 ], [ 128.743828548587146, 35.083897650217523 ], [ 128.743670242079048, 35.084319110835835 ], [ 128.742853933226911, 35.083946636524693 ], [ 128.741884978730553, 35.082402083416127 ], [ 128.741368230970949, 35.081899179797169 ], [ 128.739913811280189, 35.081914061175254 ], [ 128.735457085449667, 35.087818747545711 ], [ 128.735287889263589, 35.088657500807393 ], [ 128.742709948712275, 35.098129090362974 ], [ 128.743703708883203, 35.098409747659716 ], [ 128.74373232080643, 35.098910774443439 ], [ 128.743553958757303, 35.099812931976956 ], [ 128.742131809348649, 35.0999581334911 ], [ 128.740346655170981, 35.10014037184223 ], [ 128.738716062724222, 35.099357060931048 ], [ 128.738392432143229, 35.098987153370473 ], [ 128.738211555274631, 35.098730448885952 ], [ 128.738420178486336, 35.098641034692726 ], [ 128.738553144174062, 35.098293411854947 ], [ 128.738583334102458, 35.098062477442589 ], [ 128.736597620179651, 35.094654707414641 ], [ 128.735484119606923, 35.093431783408924 ], [ 128.731114182838724, 35.090843635975155 ], [ 128.729625376177552, 35.090115791578377 ], [ 128.729061184619468, 35.089979772273303 ], [ 128.728569579773392, 35.089957964714969 ], [ 128.728222499453295, 35.090135781149932 ], [ 128.728158438010212, 35.090424798964037 ], [ 128.728339869762067, 35.090710310001938 ], [ 128.728738407953045, 35.09130967306686 ], [ 128.729062568535966, 35.09170839676181 ], [ 128.729960035989535, 35.092675177511993 ], [ 128.730680954663001, 35.093586827217891 ], [ 128.73051227744449, 35.093906160510642 ], [ 128.730307320664565, 35.094168377369428 ], [ 128.72996083915362, 35.094374998940474 ], [ 128.729646997654385, 35.094465899555942 ], [ 128.729227327116632, 35.094529503538404 ], [ 128.728840316521882, 35.094477396920539 ], [ 128.728450854152157, 35.094310078244341 ], [ 128.726001786653995, 35.094633068138876 ], [ 128.725398950958606, 35.095879777843138 ], [ 128.724828584885358, 35.096929005938009 ], [ 128.724461807166819, 35.097518034003308 ], [ 128.724167510314942, 35.097609789825768 ], [ 128.72399023529772, 35.097631760741457 ], [ 128.723338312946993, 35.09762156932144 ], [ 128.723088924345745, 35.097595911510012 ], [ 128.722803203959131, 35.09753185460972 ], [ 128.718028073705256, 35.096079784057189 ], [ 128.714659202917431, 35.094980516197893 ], [ 128.714253426109821, 35.095182650674772 ], [ 128.714161599293874, 35.096095610995818 ], [ 128.714480959067771, 35.098221001672975 ], [ 128.715074771603128, 35.099909473623832 ], [ 128.715130127919878, 35.102554065860858 ], [ 128.715143764880878, 35.104207836882033 ], [ 128.714533675511461, 35.106391353668108 ], [ 128.713483913037123, 35.106719063736257 ], [ 128.712361598794502, 35.10689137263806 ], [ 128.712063644967031, 35.106724902554774 ], [ 128.710390458791352, 35.103434217909019 ], [ 128.708467911113019, 35.104131459404847 ], [ 128.708052759164445, 35.104313757354916 ], [ 128.707679670024987, 35.104611839005273 ], [ 128.707395078235862, 35.105577633487933 ], [ 128.706990335711538, 35.106189981842938 ], [ 128.706892491636069, 35.106307745379283 ], [ 128.706670087680067, 35.106575423569254 ], [ 128.706269816734391, 35.107045755043309 ], [ 128.70587735526172, 35.107561938075825 ], [ 128.705628880493776, 35.107934465378769 ], [ 128.705404443185245, 35.108274306905507 ], [ 128.705050874993816, 35.108898302387395 ], [ 128.704778011039537, 35.109401686659076 ], [ 128.704585152232113, 35.109826693745553 ], [ 128.704520551034932, 35.110055651308116 ], [ 128.704489980686191, 35.110581559595857 ], [ 128.704563610187506, 35.110717526725573 ], [ 128.705146705692016, 35.111717402012708 ], [ 128.708057485413235, 35.114841454174211 ], [ 128.709750324248063, 35.116069419954414 ], [ 128.71330857448271, 35.118522867325417 ], [ 128.714850461262387, 35.119398616313546 ], [ 128.716481861303322, 35.120180837588748 ], [ 128.716564515959021, 35.120220476097401 ], [ 128.716983170856452, 35.12051641555766 ], [ 128.723955600289827, 35.125444714682132 ], [ 128.725297357215084, 35.126393002901175 ], [ 128.728858754039777, 35.130532842219978 ], [ 128.729342175154898, 35.131228144530716 ], [ 128.729603180050304, 35.131836014328172 ], [ 128.729382368239214, 35.1331303109977 ], [ 128.72906215207837, 35.133618550681319 ], [ 128.728725311417122, 35.134132129559042 ], [ 128.728527553035605, 35.134433645976216 ], [ 128.727883196674213, 35.135258273517543 ], [ 128.728204618080326, 35.135555309908398 ], [ 128.730779945280119, 35.13793515972305 ], [ 128.731280476720258, 35.139536280304569 ], [ 128.731731609399191, 35.140005507141758 ], [ 128.733881963955213, 35.141998008995152 ], [ 128.734185094623086, 35.142216560268523 ], [ 128.73626813519698, 35.14363431831795 ], [ 128.737647539270938, 35.144269085401369 ], [ 128.739220138996671, 35.143046857111059 ], [ 128.739704212072922, 35.142126324384549 ], [ 128.741276877671197, 35.142069271845337 ], [ 128.742866851124688, 35.141839580643754 ], [ 128.74425992379048, 35.14123348155681 ], [ 128.746397903984956, 35.139151450919016 ], [ 128.748938376224004, 35.135288152266575 ], [ 128.749017087521622, 35.133080615419992 ], [ 128.749575673798034, 35.130745509348287 ], [ 128.749795351969681, 35.13022522245469 ], [ 128.750706478610766, 35.129660472297957 ], [ 128.753468154045578, 35.128310525001993 ], [ 128.754763057910026, 35.128033233255323 ], [ 128.755853933598019, 35.126069614319874 ], [ 128.755855586177489, 35.124190715542937 ], [ 128.757870219825378, 35.121282890247166 ], [ 128.759381626467757, 35.120347387181212 ], [ 128.760761393039616, 35.120120518659931 ], [ 128.762247876275921, 35.119978274671602 ], [ 128.763242320626034, 35.119394988672767 ], [ 128.765111441707802, 35.117540625791229 ], [ 128.765358081775929, 35.116330415650935 ], [ 128.765419299017481, 35.115282990221914 ], [ 128.765445209534761, 35.115136567322573 ], [ 128.765484927607531, 35.115053800243864 ], [ 128.765505648937278, 35.115010631892517 ], [ 128.765522124369994, 35.114976309797541 ], [ 128.765718198666917, 35.114732562810225 ], [ 128.768173682338727, 35.112652322875391 ], [ 128.769108805169594, 35.112242215160762 ], [ 128.77043154407653, 35.110102883934573 ], [ 128.77068975655817, 35.109685249584821 ], [ 128.770798441771944, 35.108890755413555 ], [ 128.772374704260017, 35.103213858987637 ], [ 128.773075257803328, 35.101025651386372 ], [ 128.773061746463497, 35.099038341299604 ], [ 128.773060994224835, 35.098927721740722 ], [ 128.772030414830681, 35.098756206737775 ], [ 128.771531207323619, 35.099007261704145 ], [ 128.771187222761455, 35.099572921290829 ] ] ] ] } },
{ "type": "Feature", "properties": { "gu": "진해구", "emd": "이동", "adm_cd": "4812959000", "adm_nm": "경상남도 창원시진해구 이동", "area_km2": 0.904 }, "geometry": { "type": "Polygon", "coordinates": [ [ [ 128.705715889760711, 35.152618165424066 ], [ 128.706530381508543, 35.151195802047248 ], [ 128.706579003644038, 35.151104349068696 ], [ 128.706678348907047, 35.150882490522854 ], [ 128.706772956232413, 35.150635848445788 ], [ 128.706793450023127, 35.150580907613957 ], [ 128.706814403781976, 35.15042084650166 ], [ 128.702956539073853, 35.148282891179015 ], [ 128.701413299431806, 35.147362595150192 ], [ 128.701175331760453, 35.147269549672799 ], [ 128.700939282038888, 35.147211519411186 ], [ 128.700689945546543, 35.14719654364351 ], [ 128.700361804544741, 35.147192118482096 ], [ 128.699733603565505, 35.147226441785868 ], [ 128.699431597111442, 35.147254429482174 ], [ 128.695753475963471, 35.147414004236076 ], [ 128.692628886138237, 35.147398939550619 ], [ 128.691254198295809, 35.146922691549307 ], [ 128.690498960465987, 35.146645449509265 ], [ 128.688780848795318, 35.146823212989702 ], [ 128.6899012020302, 35.150747603867273 ], [ 128.689933002990216, 35.15081068963454 ], [ 128.689962180659762, 35.150844023081795 ], [ 128.692657150230303, 35.153201456397817 ], [ 128.692779323642043, 35.153276313577614 ], [ 128.693337181745278, 35.153511628341228 ], [ 128.693803430095443, 35.153579001208051 ], [ 128.693908854520345, 35.154396420395024 ], [ 128.696756890348951, 35.154486641285402 ], [ 128.699245697631937, 35.153387555365398 ], [ 128.703244651269642, 35.1516810076117 ], [ 128.705715889760711, 35.152618165424066 ] ] ] } },
{ "type": "Feature", "properties": { "gu": "진해구", "emd": "자은동", "adm_cd": "4812960000", "adm_nm": "경상남도 창원시진해구 자은동", "area_km2": 5.442 }, "geometry": { "type": "Polygon", "coordinates": [ [ [ 128.738405320423738, 35.156690284616104 ], [ 128.738379664295962, 35.155501170429218 ], [ 128.73852147478101, 35.15490994727157 ], [ 128.738624077940329, 35.154610157427975 ], [ 128.739014982789485, 35.153776732608932 ], [ 128.73937735600208, 35.153309132573099 ], [ 128.739315049512442, 35.150006459398845 ], [ 128.739274120432668, 35.149341848879232 ], [ 128.738989068592787, 35.147314233309075 ], [ 128.738556608139987, 35.14603747623935 ], [ 128.737647539270938, 35.144269085401369 ], [ 128.73626813519698, 35.14363431831795 ], [ 128.734185094623086, 35.142216560268523 ], [ 128.733881963955213, 35.141998008995152 ], [ 128.731731609399191, 35.140005507141758 ], [ 128.731280476720258, 35.139536280304569 ], [ 128.730714681316442, 35.140623763581935 ], [ 128.729564532458255, 35.141130179137932 ], [ 128.726747605491568, 35.141238384367171 ], [ 128.72318603782287, 35.141425137357963 ], [ 128.722410933554499, 35.14181229793072 ], [ 128.722595151512877, 35.142175724165206 ], [ 128.722614549901095, 35.142244427345808 ], [ 128.722431061990932, 35.143754592775799 ], [ 128.722352057707781, 35.143912499268559 ], [ 128.722216025580138, 35.144058568844166 ], [ 128.722080110692104, 35.144169485245889 ], [ 128.718989430756238, 35.146684998847547 ], [ 128.718489063241947, 35.147038576029061 ], [ 128.718370092981388, 35.147108382858747 ], [ 128.717362381178987, 35.147489770800725 ], [ 128.71729268732841, 35.147514511836597 ], [ 128.713896680368464, 35.148104525806765 ], [ 128.713811195695001, 35.14810812511476 ], [ 128.713584898411654, 35.148095854760243 ], [ 128.713382424682806, 35.148066114791547 ], [ 128.713300509359044, 35.148033437837846 ], [ 128.71090900250428, 35.14706648176012 ], [ 128.710880965760737, 35.14700941949927 ], [ 128.71082679670414, 35.146899128689256 ], [ 128.710440324629502, 35.146422676729962 ], [ 128.710122209265165, 35.146170391594261 ], [ 128.70835690449627, 35.145567219931429 ], [ 128.706691692719346, 35.145506025154781 ], [ 128.703060471728151, 35.146506218138846 ], [ 128.703014020699158, 35.147187714491331 ], [ 128.702956539073853, 35.148282891179015 ], [ 128.706814403781976, 35.15042084650166 ], [ 128.706793450023127, 35.150580907613957 ], [ 128.706772956232413, 35.150635848445788 ], [ 128.706678348907047, 35.150882490522854 ], [ 128.706579003644038, 35.151104349068696 ], [ 128.706530381508543, 35.151195802047248 ], [ 128.705715889760711, 35.152618165424066 ], [ 128.705935051234917, 35.152704570588504 ], [ 128.7064566781807, 35.152911890453247 ], [ 128.706589251674956, 35.152965507875791 ], [ 128.71086345843085, 35.154694259633736 ], [ 128.709832547416113, 35.157151015294318 ], [ 128.708985933533057, 35.157478549678814 ], [ 128.708284937190541, 35.157749740456403 ], [ 128.70917893603891, 35.160397779240583 ], [ 128.710039503147499, 35.16267114858983 ], [ 128.71341140629923, 35.166164940412365 ], [ 128.714424719651561, 35.165356247197423 ], [ 128.716659643330814, 35.163930088207266 ], [ 128.716829395881149, 35.16385035871253 ], [ 128.717549400900282, 35.163541073417704 ], [ 128.717693384764857, 35.163485446788862 ], [ 128.719554272915445, 35.16310508795403 ], [ 128.721648810286098, 35.162628800966694 ], [ 128.725626990677085, 35.160760488584032 ], [ 128.729932354039448, 35.158839983924565 ], [ 128.730065429084789, 35.158792405124117 ], [ 128.732864843451296, 35.157920570683629 ], [ 128.735293494145395, 35.157472533675254 ], [ 128.735831720335142, 35.157404758087537 ], [ 128.736099848779787, 35.157407333133044 ], [ 128.736331908891913, 35.157428743280995 ], [ 128.736737625031651, 35.157439293394184 ], [ 128.736972815621328, 35.157409153716145 ], [ 128.73721084003526, 35.157348368237379 ], [ 128.737390168996058, 35.157283683529165 ], [ 128.737768121176714, 35.157091175653221 ], [ 128.738092201985268, 35.156892671231695 ], [ 128.738405320423738, 35.156690284616104 ] ] ] } },
{ "type": "Feature", "properties": { "gu": "진해구", "emd": "충무동", "adm_cd": "4812953000", "adm_nm": "경상남도 창원시진해구 충무동", "area_km2": 18.131 }, "geometry": { "type": "MultiPolygon", "coordinates": [ [ [ [ 128.669452567898873, 35.056083512998356 ], [ 128.667075860433584, 35.058327306182598 ], [ 128.665686187081945, 35.060180783531045 ], [ 128.668061024819792, 35.061088798474259 ], [ 128.668677282716004, 35.061046737456337 ], [ 128.668986184407231, 35.060953084980788 ], [ 128.670035061401819, 35.060315788903949 ], [ 128.670089659138569, 35.06027369878808 ], [ 128.672362249464214, 35.057629627509662 ], [ 128.671875787978848, 35.056416791363255 ], [ 128.669932946792329, 35.055884245727817 ], [ 128.669452567898873, 35.056083512998356 ] ] ], [ [ [ 128.662960297670452, 35.090351728151752 ], [ 128.662369049751675, 35.090505272294614 ], [ 128.661879173388598, 35.090733338756465 ], [ 128.661453612225756, 35.090998715790128 ], [ 128.661373259448311, 35.091344154130631 ], [ 128.661397842996308, 35.091574975369483 ], [ 128.661511639190792, 35.09181094524839 ], [ 128.66358028290648, 35.092079781773236 ], [ 128.664042293631695, 35.092101032605484 ], [ 128.664412605244365, 35.092000814338064 ], [ 128.664714200599178, 35.091857462948091 ], [ 128.665002023851514, 35.0915444998721 ], [ 128.665820012871649, 35.09140538413957 ], [ 128.666007296465239, 35.091283182668917 ], [ 128.666036564408756, 35.090940093804498 ], [ 128.665908015737841, 35.090684294598852 ], [ 128.665713479972226, 35.090483222503678 ], [ 128.665312129080604, 35.090170889573713 ], [ 128.664904394173135, 35.0900230590332 ], [ 128.664425237181291, 35.090070892258787 ], [ 128.662960297670452, 35.090351728151752 ] ] ], [ [ [ 128.67018989433808, 35.097093368592056 ], [ 128.670106444647217, 35.097186302626092 ], [ 128.669633758828923, 35.097733589921745 ], [ 128.669638158346828, 35.097947357584879 ], [ 128.669694498596016, 35.098076982017417 ], [ 128.669856106154526, 35.098264809323908 ], [ 128.669957790237191, 35.098342436125954 ], [ 128.670112905040497, 35.098446340121612 ], [ 128.670321766990554, 35.098550736732889 ], [ 128.670517588248686, 35.098648004994125 ], [ 128.670810313666834, 35.098767767761956 ], [ 128.670969911615657, 35.098794461034977 ], [ 128.671234921229257, 35.098816081842934 ], [ 128.671467283815275, 35.09881980932564 ], [ 128.671590434478844, 35.098787893192501 ], [ 128.672571322200639, 35.098181574214443 ], [ 128.67262908560798, 35.098087556116617 ], [ 128.672637521884326, 35.097987394204878 ], [ 128.672617800637425, 35.097862533037109 ], [ 128.672045738734511, 35.097472995916725 ], [ 128.671858210151953, 35.0973491860641 ], [ 128.671122365311078, 35.097007795841868 ], [ 128.670919030105665, 35.096926180950156 ], [ 128.67077429446951, 35.096903149065305 ], [ 128.670547804805977, 35.096890919396131 ], [ 128.670398309048124, 35.096955085297104 ], [ 128.67018989433808, 35.097093368592056 ] ] ], [ [ [ 128.657988979892053, 35.105738739685741 ], [ 128.658113642421512, 35.105763171371024 ], [ 128.658364349512652, 35.105803380487437 ], [ 128.658675183910105, 35.105831963558806 ], [ 128.658860103793756, 35.105832480681215 ], [ 128.659026121785217, 35.105822671144374 ], [ 128.661642656720261, 35.105440114946511 ], [ 128.66180266157221, 35.105372603979106 ], [ 128.661939838907102, 35.105260413197904 ], [ 128.661965688844191, 35.105103793229105 ], [ 128.6619301306728, 35.104997179444879 ], [ 128.661854720534251, 35.104872030683644 ], [ 128.659045148166058, 35.102567884736679 ], [ 128.660786636973086, 35.10066687345855 ], [ 128.660234329498707, 35.09767566417456 ], [ 128.660814808596939, 35.096772921312834 ], [ 128.661532203246452, 35.095191211929553 ], [ 128.661539196409365, 35.095037087966823 ], [ 128.661512198182862, 35.094882343814639 ], [ 128.66143998344586, 35.094673898566541 ], [ 128.66129677751556, 35.094410755625582 ], [ 128.661155476847227, 35.094203544478113 ], [ 128.660963372985179, 35.094072903205308 ], [ 128.660764076700787, 35.093996233933176 ], [ 128.660505226389404, 35.093971822462549 ], [ 128.660265456293217, 35.094069386578475 ], [ 128.659091477696336, 35.095311819857109 ], [ 128.659001171377071, 35.095430802479136 ], [ 128.658872327325412, 35.095668430473587 ], [ 128.658792792813273, 35.095917999370478 ], [ 128.657064252620842, 35.097387776014365 ], [ 128.656971457891729, 35.097457181997868 ], [ 128.656885887824615, 35.097510776767123 ], [ 128.656657557311974, 35.09764736963298 ], [ 128.653251257407533, 35.099598920014216 ], [ 128.653206749917103, 35.09961649761923 ], [ 128.653144888034774, 35.099631034860622 ], [ 128.653082581631452, 35.099639094215128 ], [ 128.653022828690183, 35.099638927688964 ], [ 128.650143583872392, 35.099531312285436 ], [ 128.649946452081593, 35.099373250950663 ], [ 128.649523648757139, 35.099053107773798 ], [ 128.649360667632692, 35.09897371580643 ], [ 128.649127454520283, 35.09891821991836 ], [ 128.648926945564966, 35.098920343970072 ], [ 128.648678106203164, 35.098954051201993 ], [ 128.648478864052237, 35.099017013346177 ], [ 128.648294889377183, 35.099102447980101 ], [ 128.648160266239358, 35.099223883786202 ], [ 128.647577108410673, 35.099897778228659 ], [ 128.647535896191584, 35.100464657153672 ], [ 128.647628736015264, 35.102489465767967 ], [ 128.647910213356823, 35.105293865540631 ], [ 128.649113227151958, 35.105796714066166 ], [ 128.649207998365171, 35.105830382823989 ], [ 128.649306341781681, 35.105856521183163 ], [ 128.649467187156489, 35.105898159744044 ], [ 128.6496083899317, 35.105930856806523 ], [ 128.649951361730501, 35.105976867125108 ], [ 128.650112660325959, 35.10599535474833 ], [ 128.650238249366225, 35.106004879415941 ], [ 128.65059875392393, 35.106031590873513 ], [ 128.650856187113817, 35.10604242140613 ], [ 128.651679615975581, 35.105922435502528 ], [ 128.651811556311145, 35.105897768328425 ], [ 128.651970642910129, 35.105821893490216 ], [ 128.653145578949278, 35.105753148090919 ], [ 128.657988979892053, 35.105738739685741 ] ] ], [ [ [ 128.651629803820839, 35.118453950962582 ], [ 128.65187316337952, 35.118350460787525 ], [ 128.652097554680211, 35.118243031632929 ], [ 128.652234759187081, 35.11815603405158 ], [ 128.652312321198679, 35.118049091415777 ], [ 128.652339714286597, 35.117919305081628 ], [ 128.652323954522586, 35.117820780372789 ], [ 128.652129655367816, 35.117563752439963 ], [ 128.651162896638795, 35.11669358822968 ], [ 128.651071155019991, 35.116621000913518 ], [ 128.650662547030009, 35.11634978556539 ], [ 128.650557239178795, 35.116313686273806 ], [ 128.650460145699753, 35.11638417316378 ], [ 128.649138572003864, 35.117903037896156 ], [ 128.649111961314617, 35.118017243486932 ], [ 128.649148653660006, 35.118097376390246 ], [ 128.649844664958437, 35.118763762400157 ], [ 128.649936871266874, 35.118824183645813 ], [ 128.650045563031966, 35.11887557691567 ], [ 128.650291812984392, 35.118918596469875 ], [ 128.6504314862608, 35.118925094511383 ], [ 128.650563484148961, 35.1189193972087 ], [ 128.650735626224048, 35.118894793021475 ], [ 128.650865986102417, 35.118821718739618 ], [ 128.651206884489056, 35.118446973846581 ], [ 128.651436067448202, 35.118478931978288 ], [ 128.651629803820839, 35.118453950962582 ] ] ], [ [ [ 128.676530912688634, 35.149234541702477 ], [ 128.678472751885607, 35.146412545251195 ], [ 128.678330797385172, 35.146364801822727 ], [ 128.67604637253487, 35.145596397951373 ], [ 128.675216174490942, 35.145303794785185 ], [ 128.675117058985222, 35.145265094007634 ], [ 128.675019716366307, 35.145223487943454 ], [ 128.674924248228734, 35.145179017989555 ], [ 128.674830809368302, 35.145131761093502 ], [ 128.674739500318964, 35.145081761368033 ], [ 128.674650438453142, 35.14502908891086 ], [ 128.673927087062367, 35.144589080077971 ], [ 128.673515211101318, 35.144330927327481 ], [ 128.670827496144085, 35.142476374231379 ], [ 128.670852039143881, 35.142214146548582 ], [ 128.670978827296835, 35.142066850737308 ], [ 128.671650833787737, 35.141520659209114 ], [ 128.672412125702238, 35.141962588210461 ], [ 128.672666900801431, 35.141668178201108 ], [ 128.673284452998359, 35.140934349269017 ], [ 128.673300418371042, 35.139607960790016 ], [ 128.67326828890279, 35.139094562474725 ], [ 128.673305212344644, 35.137370884424328 ], [ 128.673342463127398, 35.135959655725785 ], [ 128.673629632428373, 35.133839607396695 ], [ 128.674191929955697, 35.133006658195121 ], [ 128.674527889705786, 35.132508987976323 ], [ 128.675369237711635, 35.131629238049797 ], [ 128.676796441197723, 35.130307279274717 ], [ 128.677485560665417, 35.128452957672017 ], [ 128.678106340534839, 35.126491048357067 ], [ 128.677946386446848, 35.125136800704766 ], [ 128.6768680089871, 35.124120796308837 ], [ 128.671999951273108, 35.122017643039818 ], [ 128.671311496129022, 35.120670658138216 ], [ 128.667103409283612, 35.118503967300967 ], [ 128.665647566617565, 35.118415446898339 ], [ 128.661681961889911, 35.121671104274078 ], [ 128.661890096066003, 35.122156586765186 ], [ 128.663125773441635, 35.124418522110901 ], [ 128.662394497996047, 35.127467046722728 ], [ 128.662982666796836, 35.130388972930831 ], [ 128.659608978178653, 35.133527946657658 ], [ 128.658698048833088, 35.134245777410371 ], [ 128.658446886076348, 35.134900310770917 ], [ 128.658260720364439, 35.135499714191241 ], [ 128.658797116383141, 35.135872189779157 ], [ 128.659003085697179, 35.136249184450918 ], [ 128.658482063856667, 35.136636112250272 ], [ 128.657892600877545, 35.136580582233407 ], [ 128.656454667524628, 35.135273399166493 ], [ 128.648880897627862, 35.135424988637311 ], [ 128.648793153380211, 35.137743836920315 ], [ 128.646577159559371, 35.139883879498043 ], [ 128.645849446671377, 35.139805469806994 ], [ 128.644033554902336, 35.140448139421849 ], [ 128.643633350622252, 35.140608091573242 ], [ 128.64296529759082, 35.142162232372335 ], [ 128.642528592171374, 35.143183500553228 ], [ 128.642334306915416, 35.144223557208591 ], [ 128.642692109512922, 35.14730891833117 ], [ 128.644735962980434, 35.145956843197133 ], [ 128.645891737604956, 35.145919086080738 ], [ 128.647114623511129, 35.146542585530717 ], [ 128.647084381732213, 35.150383679090929 ], [ 128.644341127283525, 35.150398854686436 ], [ 128.639628446719769, 35.149447298739638 ], [ 128.634812032470052, 35.149357825209684 ], [ 128.634798360505869, 35.148673744326011 ], [ 128.636247763084299, 35.148521757516519 ], [ 128.637304361738416, 35.147558368910872 ], [ 128.637326779344903, 35.145990890702137 ], [ 128.637213925462106, 35.145727533115696 ], [ 128.635924587112754, 35.145811150607173 ], [ 128.634986998923921, 35.14600039414421 ], [ 128.634432914462849, 35.146537606485687 ], [ 128.634144178004817, 35.146894678218331 ], [ 128.629234646586667, 35.148561132171807 ], [ 128.627439675086549, 35.148282898830104 ], [ 128.626459839967566, 35.147972131759978 ], [ 128.625395941941179, 35.147403320579222 ], [ 128.625288140804429, 35.14727517936587 ], [ 128.626759770274475, 35.14585175842776 ], [ 128.623805275028019, 35.139713137645948 ], [ 128.622629376053851, 35.137409839163247 ], [ 128.621884615586623, 35.136492192192883 ], [ 128.617888853275076, 35.135522393317473 ], [ 128.617064686605318, 35.135859513744123 ], [ 128.615775081420736, 35.138236425151469 ], [ 128.613290795519816, 35.138654928175868 ], [ 128.611463466276547, 35.137582239549083 ], [ 128.607552665498702, 35.13710046398829 ], [ 128.606796597271739, 35.137229090007452 ], [ 128.606532126711528, 35.138477810303868 ], [ 128.606548420434905, 35.139307778724017 ], [ 128.607232252060641, 35.141018312071864 ], [ 128.607972050019157, 35.141897975299329 ], [ 128.610327223877619, 35.144090357849443 ], [ 128.611530752240043, 35.144667341833546 ], [ 128.61384810809173, 35.144932993594374 ], [ 128.612738515203972, 35.147290003708072 ], [ 128.611634846553983, 35.148233395524272 ], [ 128.612790181297811, 35.148578073276781 ], [ 128.613293736795526, 35.148749338428743 ], [ 128.613831305354012, 35.149014871525814 ], [ 128.614608890326849, 35.14944134679223 ], [ 128.614774588191295, 35.149559688573092 ], [ 128.614865735826953, 35.149663623204553 ], [ 128.614933379065576, 35.149908822235588 ], [ 128.615033690030884, 35.150512158037486 ], [ 128.615097421115053, 35.151586510473429 ], [ 128.615090526453116, 35.151836151686553 ], [ 128.617181527145277, 35.154142944222549 ], [ 128.619691684167123, 35.156847654730996 ], [ 128.619758417964562, 35.157524218712545 ], [ 128.619820753355981, 35.158136514889087 ], [ 128.619869790301607, 35.158352363104967 ], [ 128.619949972456567, 35.158573351362953 ], [ 128.620033719393717, 35.158691699266676 ], [ 128.620107228271024, 35.158767911532877 ], [ 128.620374797830891, 35.159004896970593 ], [ 128.620729631184076, 35.159311501504945 ], [ 128.621907676393135, 35.160225200581252 ], [ 128.622150567621304, 35.160390167574157 ], [ 128.62405710355489, 35.161514789101389 ], [ 128.625209222349696, 35.162041233921592 ], [ 128.627187060230114, 35.164871735386022 ], [ 128.627202979043176, 35.165230976435915 ], [ 128.627261382051216, 35.165469652431881 ], [ 128.627402769061689, 35.165898133658182 ], [ 128.627506448804041, 35.166194381961148 ], [ 128.628984873137341, 35.168842316460314 ], [ 128.629102933788801, 35.169046648297453 ], [ 128.629238674189622, 35.169199382719398 ], [ 128.629311862553976, 35.169277222287327 ], [ 128.629426961973394, 35.169360854597144 ], [ 128.629503702603387, 35.169407072183404 ], [ 128.631643276016717, 35.170577242860269 ], [ 128.631839012441901, 35.170646812721067 ], [ 128.634212069835428, 35.172273390933576 ], [ 128.635412161645206, 35.174146395438726 ], [ 128.636692172776179, 35.175662455954161 ], [ 128.636936365694709, 35.175923235177159 ], [ 128.637637991880638, 35.17650401451732 ], [ 128.637997313363485, 35.176771429125942 ], [ 128.638108021551744, 35.176784747742005 ], [ 128.638385746041735, 35.17661657799173 ], [ 128.638647735844614, 35.176428785798954 ], [ 128.639306920823429, 35.175891223730432 ], [ 128.639656541042086, 35.175573637341877 ], [ 128.640133476449819, 35.175087531843857 ], [ 128.647451068242276, 35.175546163890289 ], [ 128.65098287481888, 35.171764551096892 ], [ 128.652164153069805, 35.170327265781779 ], [ 128.656323981270873, 35.16526535441529 ], [ 128.656956123949584, 35.162124150134382 ], [ 128.656694678651263, 35.15919832020348 ], [ 128.656652041726886, 35.158855687900733 ], [ 128.656514154725699, 35.158765001891915 ], [ 128.655854331681212, 35.158331045829861 ], [ 128.655978927010864, 35.154500641334195 ], [ 128.656032218943665, 35.153081694471254 ], [ 128.657155185971931, 35.152999182612056 ], [ 128.664647115788199, 35.152272952605614 ], [ 128.667087176264943, 35.15204750678717 ], [ 128.669548549627876, 35.152078169996621 ], [ 128.674442127349664, 35.152369141351038 ], [ 128.676541844324191, 35.149697575399408 ], [ 128.676530912688634, 35.149234541702477 ] ] ] ] } },
{ "type": "Feature", "properties": { "gu": "진해구", "emd": "태백동", "adm_cd": "4812955000", "adm_nm": "경상남도 창원시진해구 태백동", "area_km2": 1.221 }, "geometry": { "type": "Polygon", "coordinates": [ [ [ 128.674442127349664, 35.152369141351038 ], [ 128.669548549627876, 35.152078169996621 ], [ 128.66827991742025, 35.152793593462981 ], [ 128.668807975905196, 35.157842422461918 ], [ 128.670044075968519, 35.161537588350328 ], [ 128.672870906963567, 35.167663359128184 ], [ 128.673730352450264, 35.167308589311958 ], [ 128.674095358759018, 35.167026777632564 ], [ 128.674404779674006, 35.166773388396052 ], [ 128.674959840228951, 35.16628062217071 ], [ 128.675370517096326, 35.165071391009796 ], [ 128.675901624963046, 35.163449536942288 ], [ 128.676034598210464, 35.162690017873693 ], [ 128.676034834807552, 35.162630795750005 ], [ 128.675981488409974, 35.162435205399611 ], [ 128.675899460782745, 35.162137370701899 ], [ 128.675799249098475, 35.161929834711167 ], [ 128.675613943528504, 35.161634672076588 ], [ 128.675461695491066, 35.161517312235169 ], [ 128.675422269007072, 35.161449088734877 ], [ 128.675288983032715, 35.160528465135123 ], [ 128.675285564350759, 35.160478115580069 ], [ 128.675296591866015, 35.160430784365388 ], [ 128.676278781554032, 35.159477926948654 ], [ 128.676619152629939, 35.159182715723233 ], [ 128.676713218858737, 35.1591207842649 ], [ 128.677565470105918, 35.159385451921246 ], [ 128.677632666017701, 35.159382910634896 ], [ 128.680864323211409, 35.158338732660241 ], [ 128.680998722791145, 35.157897813098785 ], [ 128.681009967692603, 35.157860910514785 ], [ 128.681100215659569, 35.15754239812334 ], [ 128.681109074401746, 35.1574810929432 ], [ 128.681137978725786, 35.157280968175094 ], [ 128.681145978606139, 35.157225569093796 ], [ 128.681453737707159, 35.15303063265133 ], [ 128.675997899830577, 35.152501714631697 ], [ 128.674442127349664, 35.152369141351038 ] ] ] } },
{ "type": "Feature", "properties": { "gu": "진해구", "emd": "풍호동", "adm_cd": "4812962000", "adm_nm": "경상남도 창원시진해구 풍호동", "area_km2": 8.573 }, "geometry": { "type": "Polygon", "coordinates": [ [ [ 128.731280476720258, 35.139536280304569 ], [ 128.730779945280119, 35.13793515972305 ], [ 128.728204618080326, 35.135555309908398 ], [ 128.727883196674213, 35.135258273517543 ], [ 128.728527553035605, 35.134433645976216 ], [ 128.728725311417122, 35.134132129559042 ], [ 128.72906215207837, 35.133618550681319 ], [ 128.729382368239214, 35.1331303109977 ], [ 128.729603180050304, 35.131836014328172 ], [ 128.729342175154898, 35.131228144530716 ], [ 128.728858754039777, 35.130532842219978 ], [ 128.725297357215084, 35.126393002901175 ], [ 128.723955600289827, 35.125444714682132 ], [ 128.716983170856452, 35.12051641555766 ], [ 128.716564515959021, 35.120220476097401 ], [ 128.716481861303322, 35.120180837588748 ], [ 128.714850461262387, 35.119398616313546 ], [ 128.71330857448271, 35.118522867325417 ], [ 128.709750324248063, 35.116069419954414 ], [ 128.708057485413235, 35.114841454174211 ], [ 128.705146705692016, 35.111717402012708 ], [ 128.704563610187506, 35.110717526725573 ], [ 128.704489980686191, 35.110581559595857 ], [ 128.704520551034932, 35.110055651308116 ], [ 128.704585152232113, 35.109826693745553 ], [ 128.704778011039537, 35.109401686659076 ], [ 128.705050874993816, 35.108898302387395 ], [ 128.705404443185245, 35.108274306905507 ], [ 128.705628880493776, 35.107934465378769 ], [ 128.70587735526172, 35.107561938075825 ], [ 128.706269816734391, 35.107045755043309 ], [ 128.706670087680067, 35.106575423569254 ], [ 128.706892491636069, 35.106307745379283 ], [ 128.706990335711538, 35.106189981842938 ], [ 128.707395078235862, 35.105577633487933 ], [ 128.707679670024987, 35.104611839005273 ], [ 128.70470605030485, 35.104826021244236 ], [ 128.703140810795588, 35.104741019943418 ], [ 128.700936147432941, 35.103980305914767 ], [ 128.700503362852686, 35.103216118679669 ], [ 128.701148237187283, 35.101645188732277 ], [ 128.702855486699093, 35.101043528693346 ], [ 128.702976416008056, 35.100592538606456 ], [ 128.702965302122465, 35.100057797824526 ], [ 128.701479024082033, 35.098752098182537 ], [ 128.700245871003858, 35.098341459316373 ], [ 128.698804338557125, 35.097933730510427 ], [ 128.695633020500196, 35.097036679344875 ], [ 128.694310772782188, 35.097354690161126 ], [ 128.692354522706211, 35.09851597815603 ], [ 128.688916171635498, 35.101143192439466 ], [ 128.688192619672094, 35.10282801125949 ], [ 128.688261527076492, 35.103586139875176 ], [ 128.68864033455975, 35.104265519206876 ], [ 128.689051372732223, 35.105244015873616 ], [ 128.688601376589276, 35.107432666695367 ], [ 128.687938583843987, 35.108147960443915 ], [ 128.686347023101234, 35.106985293475269 ], [ 128.686047327094599, 35.106723038330038 ], [ 128.685864036065595, 35.106885434788381 ], [ 128.685696860941164, 35.10703355871231 ], [ 128.6881089613114, 35.109011221394091 ], [ 128.689101133445547, 35.109104389913924 ], [ 128.69073269454617, 35.108610957137117 ], [ 128.691302751128489, 35.108453247432074 ], [ 128.692267541944119, 35.108482575387349 ], [ 128.695344788214754, 35.109851740874127 ], [ 128.695377492610248, 35.11017221663981 ], [ 128.695238439175228, 35.111008606873419 ], [ 128.6949337789396, 35.111397981315065 ], [ 128.6947779100432, 35.111421549006984 ], [ 128.696459490864981, 35.112966274208119 ], [ 128.69987004698902, 35.115314842361336 ], [ 128.700505995888136, 35.11581943520018 ], [ 128.700495494899712, 35.116568430407938 ], [ 128.700091220302653, 35.122112004731683 ], [ 128.69966289606586, 35.125557126873439 ], [ 128.698479792671236, 35.127427798449204 ], [ 128.697905880158004, 35.128321782685418 ], [ 128.695919750415243, 35.12986309324603 ], [ 128.693766205673001, 35.133160645251799 ], [ 128.695636383338694, 35.134139553614929 ], [ 128.697252187673513, 35.134463806700289 ], [ 128.69644466087928, 35.137854113357228 ], [ 128.696552584945465, 35.137934918985238 ], [ 128.696585965280832, 35.137959906967673 ], [ 128.699074841950761, 35.138860027363769 ], [ 128.700128299594184, 35.139226543293319 ], [ 128.70118178047602, 35.139593032580699 ], [ 128.701299772974522, 35.139620596784852 ], [ 128.708386899397141, 35.140005045972387 ], [ 128.711307740544811, 35.139561635011546 ], [ 128.711643889704874, 35.1391701333161 ], [ 128.711939903718388, 35.138984421893667 ], [ 128.712240897217839, 35.13883948326059 ], [ 128.712902950117552, 35.138593459514404 ], [ 128.713950022353458, 35.138416085576075 ], [ 128.71411349018635, 35.138429897585908 ], [ 128.714221215756595, 35.138483855122161 ], [ 128.715848039873947, 35.139313202644296 ], [ 128.717563553581755, 35.140161543397411 ], [ 128.718122447710073, 35.140300422284689 ], [ 128.718907225096643, 35.140321912285629 ], [ 128.719334359301143, 35.140332175436569 ], [ 128.719766190430079, 35.140293435409319 ], [ 128.720148305007456, 35.140051498312076 ], [ 128.720355880525119, 35.140007772174776 ], [ 128.72083091185749, 35.139935787495773 ], [ 128.722141212158874, 35.139925352637043 ], [ 128.722451792203572, 35.140299236946852 ], [ 128.722472666997959, 35.140451523878902 ], [ 128.722410933554499, 35.14181229793072 ], [ 128.72318603782287, 35.141425137357963 ], [ 128.726747605491568, 35.141238384367171 ], [ 128.729564532458255, 35.141130179137932 ], [ 128.730714681316442, 35.140623763581935 ], [ 128.731280476720258, 35.139536280304569 ] ] ] } }
]
}
