facility_id,facility_name,facility_type,gu,administrative_dong,h_code,map_class,primary_profile_label,dominant_sensitivity_axis,nearest_source_distance_m,nearest_station,nearest_station_km,complaint_odor,capacity,primary_action,action_category,context_actions,all_actions,action_count,primary_rule_id,primary_reason,context_rule_detail,matrix_note
CC0195,대동청솔어린이집,어린이집,성산구,성주동,4812356000.0,sensitive,,distance,192.1,성주동,2.38,1.0,39.0,시설·배출원 좌표 현장 확인,현장 확인,이동식 측정 우선 검토,시설·배출원 좌표 현장 확인 | 이동식 측정 우선 검토,2,R-SE-distance,거리 가정을 바꾸면 분류가 흔들린다. 좌표 정밀도가 결론을 좌우한다.,C1-station_gap :: 최근접 측정소 2.4km로 실측 공백,행동 유형은 종류 구분이며 우선순위·위험등급이 아니다. 제안 행동은 행정적 확인 절차이지 규제·처분이 아니다.
SC0349,청솔(아)경로당,경로당,성산구,성주동,4812356000.0,sensitive,,distance,192.1,성주동,2.38,1.0,,시설·배출원 좌표 현장 확인,현장 확인,이동식 측정 우선 검토,시설·배출원 좌표 현장 확인 | 이동식 측정 우선 검토,2,R-SE-distance,거리 가정을 바꾸면 분류가 흔들린다. 좌표 정밀도가 결론을 좌우한다.,C1-station_gap :: 최근접 측정소 2.4km로 실측 공백,행동 유형은 종류 구분이며 우선순위·위험등급이 아니다. 제안 행동은 행정적 확인 절차이지 규제·처분이 아니다.
SC0355,남산효성해링턴플레이스경로당,경로당,성산구,성주동,4812356000.0,sensitive,,distance,137.6,성주동,0.89,1.0,,시설·배출원 좌표 현장 확인,현장 확인,,시설·배출원 좌표 현장 확인,1,R-SE-distance,거리 가정을 바꾸면 분류가 흔들린다. 좌표 정밀도가 결론을 좌우한다.,,행동 유형은 종류 구분이며 우선순위·위험등급이 아니다. 제안 행동은 행정적 확인 절차이지 규제·처분이 아니다.
SC0712,용담경로당,경로당,마산회원구,내서읍,4812725000.0,sensitive,,distance,191.4,내서읍,4.27,1.0,,시설·배출원 좌표 현장 확인,현장 확인,이동식 측정 우선 검토,시설·배출원 좌표 현장 확인 | 이동식 측정 우선 검토,2,R-SE-distance,거리 가정을 바꾸면 분류가 흔들린다. 좌표 정밀도가 결론을 좌우한다.,C1-station_gap :: 최근접 측정소 4.3km로 실측 공백,행동 유형은 종류 구분이며 우선순위·위험등급이 아니다. 제안 행동은 행정적 확인 절차이지 규제·처분이 아니다.
SC0616,기산아파트여성경로당,경로당,마산합포구,오동동,4812563000.0,sensitive,,distance,71.0,회원동,1.58,2.0,,시설·배출원 좌표 현장 확인,현장 확인,,시설·배출원 좌표 현장 확인,1,R-SE-distance,거리 가정을 바꾸면 분류가 흔들린다. 좌표 정밀도가 결론을 좌우한다.,,행동 유형은 종류 구분이며 우선순위·위험등급이 아니다. 제안 행동은 행정적 확인 절차이지 규제·처분이 아니다.
SC1010,의곡경로당,경로당,진해구,웅동1동,4812964000.0,sensitive,,distance,185.8,경화동,10.24,1.0,,시설·배출원 좌표 현장 확인,현장 확인,이동식 측정 우선 검토,시설·배출원 좌표 현장 확인 | 이동식 측정 우선 검토,2,R-SE-distance,거리 가정을 바꾸면 분류가 흔들린다. 좌표 정밀도가 결론을 좌우한다.,C1-station_gap :: 최근접 측정소 10.2km로 실측 공백,행동 유형은 종류 구분이며 우선순위·위험등급이 아니다. 제안 행동은 행정적 확인 절차이지 규제·처분이 아니다.
CC0350,창원시립 동신해나라어린이집,어린이집,마산회원구,내서읍,4812725000.0,sensitive,,distance,270.4,내서읍,2.93,1.0,36.0,시설·배출원 좌표 현장 확인,현장 확인,이동식 측정 우선 검토,시설·배출원 좌표 현장 확인 | 이동식 측정 우선 검토,2,R-SE-distance,거리 가정을 바꾸면 분류가 흔들린다. 좌표 정밀도가 결론을 좌우한다.,C1-station_gap :: 최근접 측정소 2.9km로 실측 공백,행동 유형은 종류 구분이며 우선순위·위험등급이 아니다. 제안 행동은 행정적 확인 절차이지 규제·처분이 아니다.
SC0684,동신2차아파트경로당,경로당,마산회원구,내서읍,4812725000.0,sensitive,,distance,270.4,내서읍,2.93,1.0,,시설·배출원 좌표 현장 확인,현장 확인,이동식 측정 우선 검토,시설·배출원 좌표 현장 확인 | 이동식 측정 우선 검토,2,R-SE-distance,거리 가정을 바꾸면 분류가 흔들린다. 좌표 정밀도가 결론을 좌우한다.,C1-station_gap :: 최근접 측정소 2.9km로 실측 공백,행동 유형은 종류 구분이며 우선순위·위험등급이 아니다. 제안 행동은 행정적 확인 절차이지 규제·처분이 아니다.
CC0208,한화창원어린이집,어린이집,성산구,성주동,,sensitive,,distance,260.3,성주동,2.1,0.0,60.0,시설·배출원 좌표 현장 확인,현장 확인,이동식 측정 우선 검토,시설·배출원 좌표 현장 확인 | 이동식 측정 우선 검토,2,R-SE-distance,거리 가정을 바꾸면 분류가 흔들린다. 좌표 정밀도가 결론을 좌우한다.,C1-station_gap :: 최근접 측정소 2.1km로 실측 공백,행동 유형은 종류 구분이며 우선순위·위험등급이 아니다. 제안 행동은 행정적 확인 절차이지 규제·처분이 아니다.
SC0963,장천동서부경로당,경로당,진해구,풍호동,4812962000.0,sensitive,,waste,99.7,경화동,3.16,1.0,,폐기물 종류·처리방식 확인,자료 보완,이동식 측정 우선 검토,폐기물 종류·처리방식 확인 | 이동식 측정 우선 검토,2,R-SE-waste,폐기물 가중치 가정에 민감하다. 품목과 처리방식을 확인해야 한다.,C1-station_gap :: 최근접 측정소 3.2km로 실측 공백,행동 유형은 종류 구분이며 우선순위·위험등급이 아니다. 제안 행동은 행정적 확인 절차이지 규제·처분이 아니다.
SC0964,장천서부부녀경로당,경로당,진해구,풍호동,4812962000.0,sensitive,,waste,99.7,경화동,3.16,1.0,,폐기물 종류·처리방식 확인,자료 보완,이동식 측정 우선 검토,폐기물 종류·처리방식 확인 | 이동식 측정 우선 검토,2,R-SE-waste,폐기물 가중치 가정에 민감하다. 품목과 처리방식을 확인해야 한다.,C1-station_gap :: 최근접 측정소 3.2km로 실측 공백,행동 유형은 종류 구분이며 우선순위·위험등급이 아니다. 제안 행동은 행정적 확인 절차이지 규제·처분이 아니다.
SC0795,탑골경로당,경로당,마산회원구,양덕2동,4812757000.0,sensitive,,distance,91.2,봉암동,1.52,1.0,,시설·배출원 좌표 현장 확인,현장 확인,,시설·배출원 좌표 현장 확인,1,R-SE-distance,거리 가정을 바꾸면 분류가 흔들린다. 좌표 정밀도가 결론을 좌우한다.,,행동 유형은 종류 구분이며 우선순위·위험등급이 아니다. 제안 행동은 행정적 확인 절차이지 규제·처분이 아니다.
CC0084,창원시립 의안어린이집,어린이집,의창구,의창동,4812151000.0,sensitive,,distance,111.5,명서동,2.17,0.0,70.0,시설·배출원 좌표 현장 확인,현장 확인,이동식 측정 우선 검토,시설·배출원 좌표 현장 확인 | 이동식 측정 우선 검토,2,R-SE-distance,거리 가정을 바꾸면 분류가 흔들린다. 좌표 정밀도가 결론을 좌우한다.,C1-station_gap :: 최근접 측정소 2.2km로 실측 공백,행동 유형은 종류 구분이며 우선순위·위험등급이 아니다. 제안 행동은 행정적 확인 절차이지 규제·처분이 아니다.
CC0096,예명산새소리어린이집,어린이집,의창구,팔룡동,4812152000.0,sensitive,,distance,448.7,명서동,2.72,1.0,78.0,시설·배출원 좌표 현장 확인,현장 확인,이동식 측정 우선 검토,시설·배출원 좌표 현장 확인 | 이동식 측정 우선 검토,2,R-SE-distance,거리 가정을 바꾸면 분류가 흔들린다. 좌표 정밀도가 결론을 좌우한다.,C1-station_gap :: 최근접 측정소 2.7km로 실측 공백,행동 유형은 종류 구분이며 우선순위·위험등급이 아니다. 제안 행동은 행정적 확인 절차이지 규제·처분이 아니다.
CC0100,꼬망쎄어린이집,어린이집,의창구,팔룡동,4812152000.0,sensitive,,distance,215.3,명서동,2.43,1.0,20.0,시설·배출원 좌표 현장 확인,현장 확인,이동식 측정 우선 검토,시설·배출원 좌표 현장 확인 | 이동식 측정 우선 검토,2,R-SE-distance,거리 가정을 바꾸면 분류가 흔들린다. 좌표 정밀도가 결론을 좌우한다.,C1-station_gap :: 최근접 측정소 2.4km로 실측 공백,행동 유형은 종류 구분이며 우선순위·위험등급이 아니다. 제안 행동은 행정적 확인 절차이지 규제·처분이 아니다.
CC0101,꿈나래어린이집,어린이집,의창구,팔룡동,4812152000.0,sensitive,,distance,215.3,명서동,2.43,1.0,19.0,시설·배출원 좌표 현장 확인,현장 확인,이동식 측정 우선 검토,시설·배출원 좌표 현장 확인 | 이동식 측정 우선 검토,2,R-SE-distance,거리 가정을 바꾸면 분류가 흔들린다. 좌표 정밀도가 결론을 좌우한다.,C1-station_gap :: 최근접 측정소 2.4km로 실측 공백,행동 유형은 종류 구분이며 우선순위·위험등급이 아니다. 제안 행동은 행정적 확인 절차이지 규제·처분이 아니다.
CC0102,꿈쟁이어린이집,어린이집,의창구,팔룡동,4812152000.0,sensitive,,distance,424.4,명서동,2.82,1.0,18.0,시설·배출원 좌표 현장 확인,현장 확인,이동식 측정 우선 검토,시설·배출원 좌표 현장 확인 | 이동식 측정 우선 검토,2,R-SE-distance,거리 가정을 바꾸면 분류가 흔들린다. 좌표 정밀도가 결론을 좌우한다.,C1-station_gap :: 최근접 측정소 2.8km로 실측 공백,행동 유형은 종류 구분이며 우선순위·위험등급이 아니다. 제안 행동은 행정적 확인 절차이지 규제·처분이 아니다.
CC0103,누리천사어린이집,어린이집,의창구,팔룡동,4812152000.0,sensitive,,distance,424.4,명서동,2.82,1.0,20.0,시설·배출원 좌표 현장 확인,현장 확인,이동식 측정 우선 검토,시설·배출원 좌표 현장 확인 | 이동식 측정 우선 검토,2,R-SE-distance,거리 가정을 바꾸면 분류가 흔들린다. 좌표 정밀도가 결론을 좌우한다.,C1-station_gap :: 최근접 측정소 2.8km로 실측 공백,행동 유형은 종류 구분이며 우선순위·위험등급이 아니다. 제안 행동은 행정적 확인 절차이지 규제·처분이 아니다.
CC0104,동화어린이집,어린이집,의창구,팔룡동,4812152000.0,sensitive,,distance,111.5,명서동,2.3,1.0,19.0,시설·배출원 좌표 현장 확인,현장 확인,이동식 측정 우선 검토,시설·배출원 좌표 현장 확인 | 이동식 측정 우선 검토,2,R-SE-distance,거리 가정을 바꾸면 분류가 흔들린다. 좌표 정밀도가 결론을 좌우한다.,C1-station_gap :: 최근접 측정소 2.3km로 실측 공백,행동 유형은 종류 구분이며 우선순위·위험등급이 아니다. 제안 행동은 행정적 확인 절차이지 규제·처분이 아니다.
CC0105,배꼽또래어린이집,어린이집,의창구,팔룡동,4812152000.0,sensitive,,distance,215.3,명서동,2.43,1.0,17.0,시설·배출원 좌표 현장 확인,현장 확인,이동식 측정 우선 검토,시설·배출원 좌표 현장 확인 | 이동식 측정 우선 검토,2,R-SE-distance,거리 가정을 바꾸면 분류가 흔들린다. 좌표 정밀도가 결론을 좌우한다.,C1-station_gap :: 최근접 측정소 2.4km로 실측 공백,행동 유형은 종류 구분이며 우선순위·위험등급이 아니다. 제안 행동은 행정적 확인 절차이지 규제·처분이 아니다.
CC0106,벽산어린이집,어린이집,의창구,팔룡동,4812152000.0,sensitive,,distance,358.9,명서동,2.57,1.0,17.0,시설·배출원 좌표 현장 확인,현장 확인,이동식 측정 우선 검토,시설·배출원 좌표 현장 확인 | 이동식 측정 우선 검토,2,R-SE-distance,거리 가정을 바꾸면 분류가 흔들린다. 좌표 정밀도가 결론을 좌우한다.,C1-station_gap :: 최근접 측정소 2.6km로 실측 공백,행동 유형은 종류 구분이며 우선순위·위험등급이 아니다. 제안 행동은 행정적 확인 절차이지 규제·처분이 아니다.
CC0108,큰자람어린이집,어린이집,의창구,팔룡동,4812152000.0,sensitive,,distance,358.9,명서동,2.57,1.0,19.0,시설·배출원 좌표 현장 확인,현장 확인,이동식 측정 우선 검토,시설·배출원 좌표 현장 확인 | 이동식 측정 우선 검토,2,R-SE-distance,거리 가정을 바꾸면 분류가 흔들린다. 좌표 정밀도가 결론을 좌우한다.,C1-station_gap :: 최근접 측정소 2.6km로 실측 공백,행동 유형은 종류 구분이며 우선순위·위험등급이 아니다. 제안 행동은 행정적 확인 절차이지 규제·처분이 아니다.
CC0207,한국지엠창원어린이집,어린이집,성산구,성주동,4812356000.0,sensitive,,distance,258.9,성주동,0.79,1.0,20.0,시설·배출원 좌표 현장 확인,현장 확인,,시설·배출원 좌표 현장 확인,1,R-SE-distance,거리 가정을 바꾸면 분류가 흔들린다. 좌표 정밀도가 결론을 좌우한다.,,행동 유형은 종류 구분이며 우선순위·위험등급이 아니다. 제안 행동은 행정적 확인 절차이지 규제·처분이 아니다.
CC0329,칸타빌어린이집,어린이집,마산합포구,합포동,4812564000.0,sensitive,,distance,143.2,회원동,1.31,1.0,34.0,시설·배출원 좌표 현장 확인,현장 확인,,시설·배출원 좌표 현장 확인,1,R-SE-distance,거리 가정을 바꾸면 분류가 흔들린다. 좌표 정밀도가 결론을 좌우한다.,,행동 유형은 종류 구분이며 우선순위·위험등급이 아니다. 제안 행동은 행정적 확인 절차이지 규제·처분이 아니다.
CC0347,인애어린이집,어린이집,마산회원구,구암2동,4812761000.0,sensitive,,distance,164.2,봉암동,3.41,0.0,120.0,시설·배출원 좌표 현장 확인,현장 확인,이동식 측정 우선 검토,시설·배출원 좌표 현장 확인 | 이동식 측정 우선 검토,2,R-SE-distance,거리 가정을 바꾸면 분류가 흔들린다. 좌표 정밀도가 결론을 좌우한다.,C1-station_gap :: 최근접 측정소 3.4km로 실측 공백,행동 유형은 종류 구분이며 우선순위·위험등급이 아니다. 제안 행동은 행정적 확인 절차이지 규제·처분이 아니다.
CC0362,쏠티동산어린이집,어린이집,마산회원구,내서읍,4812725000.0,sensitive,,distance,241.2,내서읍,1.92,1.0,99.0,시설·배출원 좌표 현장 확인,현장 확인,,시설·배출원 좌표 현장 확인,1,R-SE-distance,거리 가정을 바꾸면 분류가 흔들린다. 좌표 정밀도가 결론을 좌우한다.,,행동 유형은 종류 구분이며 우선순위·위험등급이 아니다. 제안 행동은 행정적 확인 절차이지 규제·처분이 아니다.
CC0391,창원시립 양덕롯데캐슬어린이집,어린이집,마산회원구,양덕2동,4812757000.0,sensitive,,distance,270.4,봉암동,1.31,1.0,52.0,시설·배출원 좌표 현장 확인,현장 확인,,시설·배출원 좌표 현장 확인,1,R-SE-distance,거리 가정을 바꾸면 분류가 흔들린다. 좌표 정밀도가 결론을 좌우한다.,,행동 유형은 종류 구분이며 우선순위·위험등급이 아니다. 제안 행동은 행정적 확인 절차이지 규제·처분이 아니다.
CC0403,예꼬어린이집,어린이집,마산회원구,양덕2동,4812757000.0,sensitive,,distance,270.4,봉암동,1.31,1.0,20.0,시설·배출원 좌표 현장 확인,현장 확인,,시설·배출원 좌표 현장 확인,1,R-SE-distance,거리 가정을 바꾸면 분류가 흔들린다. 좌표 정밀도가 결론을 좌우한다.,,행동 유형은 종류 구분이며 우선순위·위험등급이 아니다. 제안 행동은 행정적 확인 절차이지 규제·처분이 아니다.
CC0449,해오름아기세상어린이집,어린이집,진해구,웅동1동,4812964000.0,sensitive,,distance,60.8,경화동,10.16,1.0,19.0,시설·배출원 좌표 현장 확인,현장 확인,이동식 측정 우선 검토,시설·배출원 좌표 현장 확인 | 이동식 측정 우선 검토,2,R-SE-distance,거리 가정을 바꾸면 분류가 흔들린다. 좌표 정밀도가 결론을 좌우한다.,C1-station_gap :: 최근접 측정소 10.2km로 실측 공백,행동 유형은 종류 구분이며 우선순위·위험등급이 아니다. 제안 행동은 행정적 확인 절차이지 규제·처분이 아니다.
CH0011,새의창지역아동센터,지역아동센터,의창구,팔룡동,4812152000.0,sensitive,,distance,330.9,명서동,2.88,1.0,,시설·배출원 좌표 현장 확인,현장 확인,이동식 측정 우선 검토,시설·배출원 좌표 현장 확인 | 이동식 측정 우선 검토,2,R-SE-distance,거리 가정을 바꾸면 분류가 흔들린다. 좌표 정밀도가 결론을 좌우한다.,C1-station_gap :: 최근접 측정소 2.9km로 실측 공백,행동 유형은 종류 구분이며 우선순위·위험등급이 아니다. 제안 행동은 행정적 확인 절차이지 규제·처분이 아니다.
CH0025,성주지역아동센터,지역아동센터,성산구,성주동,4812356000.0,sensitive,,distance,178.0,성주동,2.01,1.0,,시설·배출원 좌표 현장 확인,현장 확인,이동식 측정 우선 검토,시설·배출원 좌표 현장 확인 | 이동식 측정 우선 검토,2,R-SE-distance,거리 가정을 바꾸면 분류가 흔들린다. 좌표 정밀도가 결론을 좌우한다.,C1-station_gap :: 최근접 측정소 2.0km로 실측 공백,행동 유형은 종류 구분이며 우선순위·위험등급이 아니다. 제안 행동은 행정적 확인 절차이지 규제·처분이 아니다.
CH0041,새샘지역아동센터,지역아동센터,마산합포구,합포동,4812564000.0,sensitive,,distance,205.9,회원동,1.28,1.0,,시설·배출원 좌표 현장 확인,현장 확인,,시설·배출원 좌표 현장 확인,1,R-SE-distance,거리 가정을 바꾸면 분류가 흔들린다. 좌표 정밀도가 결론을 좌우한다.,,행동 유형은 종류 구분이며 우선순위·위험등급이 아니다. 제안 행동은 행정적 확인 절차이지 규제·처분이 아니다.
CH0062,중리지역아동센터,지역아동센터,마산회원구,내서읍,4812725000.0,sensitive,,distance,289.7,내서읍,1.85,1.0,,시설·배출원 좌표 현장 확인,현장 확인,,시설·배출원 좌표 현장 확인,1,R-SE-distance,거리 가정을 바꾸면 분류가 흔들린다. 좌표 정밀도가 결론을 좌우한다.,,행동 유형은 종류 구분이며 우선순위·위험등급이 아니다. 제안 행동은 행정적 확인 절차이지 규제·처분이 아니다.
SC0158,해강그린A경로당,경로당,의창구,대산면,4812132000.0,sensitive,,distance,207.4,용지동,11.61,0.0,,시설·배출원 좌표 현장 확인,현장 확인,이동식 측정 우선 검토,시설·배출원 좌표 현장 확인 | 이동식 측정 우선 검토,2,R-SE-distance,거리 가정을 바꾸면 분류가 흔들린다. 좌표 정밀도가 결론을 좌우한다.,C1-station_gap :: 최근접 측정소 11.6km로 실측 공백,행동 유형은 종류 구분이며 우선순위·위험등급이 아니다. 제안 행동은 행정적 확인 절차이지 규제·처분이 아니다.
SC0171,중앙경로당,경로당,의창구,대산면,4812132000.0,sensitive,,distance,227.7,용지동,11.22,0.0,,시설·배출원 좌표 현장 확인,현장 확인,이동식 측정 우선 검토,시설·배출원 좌표 현장 확인 | 이동식 측정 우선 검토,2,R-SE-distance,거리 가정을 바꾸면 분류가 흔들린다. 좌표 정밀도가 결론을 좌우한다.,C1-station_gap :: 최근접 측정소 11.2km로 실측 공백,행동 유형은 종류 구분이며 우선순위·위험등급이 아니다. 제안 행동은 행정적 확인 절차이지 규제·처분이 아니다.
SC0213,팔룡제1경로당,경로당,의창구,팔룡동,4812152000.0,sensitive,,distance,279.3,명서동,3.05,1.0,,시설·배출원 좌표 현장 확인,현장 확인,이동식 측정 우선 검토,시설·배출원 좌표 현장 확인 | 이동식 측정 우선 검토,2,R-SE-distance,거리 가정을 바꾸면 분류가 흔들린다. 좌표 정밀도가 결론을 좌우한다.,C1-station_gap :: 최근접 측정소 3.0km로 실측 공백,행동 유형은 종류 구분이며 우선순위·위험등급이 아니다. 제안 행동은 행정적 확인 절차이지 규제·처분이 아니다.
SC0214,팔룡제2경로당,경로당,의창구,팔룡동,4812152000.0,sensitive,,distance,203.8,명서동,2.69,1.0,,시설·배출원 좌표 현장 확인,현장 확인,이동식 측정 우선 검토,시설·배출원 좌표 현장 확인 | 이동식 측정 우선 검토,2,R-SE-distance,거리 가정을 바꾸면 분류가 흔들린다. 좌표 정밀도가 결론을 좌우한다.,C1-station_gap :: 최근접 측정소 2.7km로 실측 공백,행동 유형은 종류 구분이며 우선순위·위험등급이 아니다. 제안 행동은 행정적 확인 절차이지 규제·처분이 아니다.
SC0216,대동중앙(아)경로당,경로당,의창구,팔룡동,4812152000.0,sensitive,,distance,448.7,명서동,2.72,1.0,,시설·배출원 좌표 현장 확인,현장 확인,이동식 측정 우선 검토,시설·배출원 좌표 현장 확인 | 이동식 측정 우선 검토,2,R-SE-distance,거리 가정을 바꾸면 분류가 흔들린다. 좌표 정밀도가 결론을 좌우한다.,C1-station_gap :: 최근접 측정소 2.7km로 실측 공백,행동 유형은 종류 구분이며 우선순위·위험등급이 아니다. 제안 행동은 행정적 확인 절차이지 규제·처분이 아니다.
SC0217,극동아파트경로당,경로당,의창구,팔룡동,4812152000.0,sensitive,,distance,424.4,명서동,2.82,1.0,,시설·배출원 좌표 현장 확인,현장 확인,이동식 측정 우선 검토,시설·배출원 좌표 현장 확인 | 이동식 측정 우선 검토,2,R-SE-distance,거리 가정을 바꾸면 분류가 흔들린다. 좌표 정밀도가 결론을 좌우한다.,C1-station_gap :: 최근접 측정소 2.8km로 실측 공백,행동 유형은 종류 구분이며 우선순위·위험등급이 아니다. 제안 행동은 행정적 확인 절차이지 규제·처분이 아니다.
SC0218,차룡대동(아)경로당,경로당,의창구,팔룡동,4812152000.0,sensitive,,distance,379.3,명서동,2.63,1.0,,시설·배출원 좌표 현장 확인,현장 확인,이동식 측정 우선 검토,시설·배출원 좌표 현장 확인 | 이동식 측정 우선 검토,2,R-SE-distance,거리 가정을 바꾸면 분류가 흔들린다. 좌표 정밀도가 결론을 좌우한다.,C1-station_gap :: 최근접 측정소 2.6km로 실측 공백,행동 유형은 종류 구분이며 우선순위·위험등급이 아니다. 제안 행동은 행정적 확인 절차이지 규제·처분이 아니다.
SC0219,원풍벽산A단지경로당,경로당,의창구,팔룡동,4812152000.0,sensitive,,distance,253.5,명서동,2.47,1.0,,시설·배출원 좌표 현장 확인,현장 확인,이동식 측정 우선 검토,시설·배출원 좌표 현장 확인 | 이동식 측정 우선 검토,2,R-SE-distance,거리 가정을 바꾸면 분류가 흔들린다. 좌표 정밀도가 결론을 좌우한다.,C1-station_gap :: 최근접 측정소 2.5km로 실측 공백,행동 유형은 종류 구분이며 우선순위·위험등급이 아니다. 제안 행동은 행정적 확인 절차이지 규제·처분이 아니다.
SC0220,원풍벽산B단지경로당,경로당,의창구,팔룡동,4812152000.0,sensitive,,distance,215.3,명서동,2.43,1.0,,시설·배출원 좌표 현장 확인,현장 확인,이동식 측정 우선 검토,시설·배출원 좌표 현장 확인 | 이동식 측정 우선 검토,2,R-SE-distance,거리 가정을 바꾸면 분류가 흔들린다. 좌표 정밀도가 결론을 좌우한다.,C1-station_gap :: 최근접 측정소 2.4km로 실측 공백,행동 유형은 종류 구분이며 우선순위·위험등급이 아니다. 제안 행동은 행정적 확인 절차이지 규제·처분이 아니다.
SC0359,동성빌라2차경로당,경로당,성산구,웅남동,4812357000.0,sensitive,,distance,192.1,봉암동,2.7,1.0,,시설·배출원 좌표 현장 확인,현장 확인,이동식 측정 우선 검토,시설·배출원 좌표 현장 확인 | 이동식 측정 우선 검토,2,R-SE-distance,거리 가정을 바꾸면 분류가 흔들린다. 좌표 정밀도가 결론을 좌우한다.,C1-station_gap :: 최근접 측정소 2.7km로 실측 공백,행동 유형은 종류 구분이며 우선순위·위험등급이 아니다. 제안 행동은 행정적 확인 절차이지 규제·처분이 아니다.
SC0583,산호남성경로당,경로당,마산합포구,산호동,4812565000.0,sensitive,,distance,173.4,회원동,0.83,0.0,,시설·배출원 좌표 현장 확인,현장 확인,,시설·배출원 좌표 현장 확인,1,R-SE-distance,거리 가정을 바꾸면 분류가 흔들린다. 좌표 정밀도가 결론을 좌우한다.,,행동 유형은 종류 구분이며 우선순위·위험등급이 아니다. 제안 행동은 행정적 확인 절차이지 규제·처분이 아니다.
SC0584,산호여성경로당,경로당,마산합포구,산호동,4812565000.0,sensitive,,distance,173.4,회원동,0.83,0.0,,시설·배출원 좌표 현장 확인,현장 확인,,시설·배출원 좌표 현장 확인,1,R-SE-distance,거리 가정을 바꾸면 분류가 흔들린다. 좌표 정밀도가 결론을 좌우한다.,,행동 유형은 종류 구분이며 우선순위·위험등급이 아니다. 제안 행동은 행정적 확인 절차이지 규제·처분이 아니다.
SC0591,삼성타운경로당,경로당,마산합포구,산호동,4812565000.0,sensitive,,distance,287.1,회원동,0.89,0.0,,시설·배출원 좌표 현장 확인,현장 확인,,시설·배출원 좌표 현장 확인,1,R-SE-distance,거리 가정을 바꾸면 분류가 흔들린다. 좌표 정밀도가 결론을 좌우한다.,,행동 유형은 종류 구분이며 우선순위·위험등급이 아니다. 제안 행동은 행정적 확인 절차이지 규제·처분이 아니다.
SC0696,상곡경로당,경로당,마산회원구,내서읍,4812725000.0,sensitive,,distance,198.8,내서읍,1.94,1.0,,시설·배출원 좌표 현장 확인,현장 확인,,시설·배출원 좌표 현장 확인,1,R-SE-distance,거리 가정을 바꾸면 분류가 흔들린다. 좌표 정밀도가 결론을 좌우한다.,,행동 유형은 종류 구분이며 우선순위·위험등급이 아니다. 제안 행동은 행정적 확인 절차이지 규제·처분이 아니다.
SC0718,중리남성경로당,경로당,마산회원구,내서읍,4812725000.0,sensitive,,distance,329.7,내서읍,3.0,1.0,,시설·배출원 좌표 현장 확인,현장 확인,이동식 측정 우선 검토,시설·배출원 좌표 현장 확인 | 이동식 측정 우선 검토,2,R-SE-distance,거리 가정을 바꾸면 분류가 흔들린다. 좌표 정밀도가 결론을 좌우한다.,C1-station_gap :: 최근접 측정소 3.0km로 실측 공백,행동 유형은 종류 구분이며 우선순위·위험등급이 아니다. 제안 행동은 행정적 확인 절차이지 규제·처분이 아니다.
SC0719,중리여성경로당,경로당,마산회원구,내서읍,4812725000.0,sensitive,,distance,235.1,내서읍,2.9,1.0,,시설·배출원 좌표 현장 확인,현장 확인,이동식 측정 우선 검토,시설·배출원 좌표 현장 확인 | 이동식 측정 우선 검토,2,R-SE-distance,거리 가정을 바꾸면 분류가 흔들린다. 좌표 정밀도가 결론을 좌우한다.,C1-station_gap :: 최근접 측정소 2.9km로 실측 공백,행동 유형은 종류 구분이며 우선순위·위험등급이 아니다. 제안 행동은 행정적 확인 절차이지 규제·처분이 아니다.
SC0728,한주아파트경로당,경로당,마산회원구,내서읍,4812725000.0,sensitive,,distance,160.0,내서읍,2.96,1.0,,시설·배출원 좌표 현장 확인,현장 확인,이동식 측정 우선 검토,시설·배출원 좌표 현장 확인 | 이동식 측정 우선 검토,2,R-SE-distance,거리 가정을 바꾸면 분류가 흔들린다. 좌표 정밀도가 결론을 좌우한다.,C1-station_gap :: 최근접 측정소 3.0km로 실측 공백,행동 유형은 종류 구분이며 우선순위·위험등급이 아니다. 제안 행동은 행정적 확인 절차이지 규제·처분이 아니다.
SC0809,롯데캐슬센텀골드아파트경로당,경로당,마산회원구,양덕2동,4812757000.0,sensitive,,distance,270.4,봉암동,1.31,1.0,,시설·배출원 좌표 현장 확인,현장 확인,,시설·배출원 좌표 현장 확인,1,R-SE-distance,거리 가정을 바꾸면 분류가 흔들린다. 좌표 정밀도가 결론을 좌우한다.,,행동 유형은 종류 구분이며 우선순위·위험등급이 아니다. 제안 행동은 행정적 확인 절차이지 규제·처분이 아니다.
SC0836,신산남성경로당,경로당,마산회원구,구암2동,4812761000.0,sensitive,,distance,216.8,명서동,4.01,0.0,,시설·배출원 좌표 현장 확인,현장 확인,이동식 측정 우선 검토,시설·배출원 좌표 현장 확인 | 이동식 측정 우선 검토,2,R-SE-distance,거리 가정을 바꾸면 분류가 흔들린다. 좌표 정밀도가 결론을 좌우한다.,C1-station_gap :: 최근접 측정소 4.0km로 실측 공백,행동 유형은 종류 구분이며 우선순위·위험등급이 아니다. 제안 행동은 행정적 확인 절차이지 규제·처분이 아니다.
SC0837,신산여성경로당,경로당,마산회원구,구암2동,4812761000.0,sensitive,,distance,216.8,명서동,4.01,0.0,,시설·배출원 좌표 현장 확인,현장 확인,이동식 측정 우선 검토,시설·배출원 좌표 현장 확인 | 이동식 측정 우선 검토,2,R-SE-distance,거리 가정을 바꾸면 분류가 흔들린다. 좌표 정밀도가 결론을 좌우한다.,C1-station_gap :: 최근접 측정소 4.0km로 실측 공백,행동 유형은 종류 구분이며 우선순위·위험등급이 아니다. 제안 행동은 행정적 확인 절차이지 규제·처분이 아니다.
SC1002,남명플럼빌리지경로당,경로당,진해구,웅동1동,4812964000.0,sensitive,,distance,148.5,경화동,9.16,1.0,,시설·배출원 좌표 현장 확인,현장 확인,이동식 측정 우선 검토,시설·배출원 좌표 현장 확인 | 이동식 측정 우선 검토,2,R-SE-distance,거리 가정을 바꾸면 분류가 흔들린다. 좌표 정밀도가 결론을 좌우한다.,C1-station_gap :: 최근접 측정소 9.2km로 실측 공백,행동 유형은 종류 구분이며 우선순위·위험등급이 아니다. 제안 행동은 행정적 확인 절차이지 규제·처분이 아니다.
SC0366,신촌경로당,경로당,성산구,웅남동,4812357000.0,sensitive,,distance,200.1,봉암동,2.6,1.0,,시설·배출원 좌표 현장 확인,현장 확인,이동식 측정 우선 검토,시설·배출원 좌표 현장 확인 | 이동식 측정 우선 검토,2,R-SE-distance,거리 가정을 바꾸면 분류가 흔들린다. 좌표 정밀도가 결론을 좌우한다.,C1-station_gap :: 최근접 측정소 2.6km로 실측 공백,행동 유형은 종류 구분이며 우선순위·위험등급이 아니다. 제안 행동은 행정적 확인 절차이지 규제·처분이 아니다.
CC0197,사랑가득 안민어린이집,어린이집,성산구,성주동,4812356000.0,sensitive,,distance,188.8,성주동,2.15,1.0,27.0,시설·배출원 좌표 현장 확인,현장 확인,이동식 측정 우선 검토,시설·배출원 좌표 현장 확인 | 이동식 측정 우선 검토,2,R-SE-distance,거리 가정을 바꾸면 분류가 흔들린다. 좌표 정밀도가 결론을 좌우한다.,C1-station_gap :: 최근접 측정소 2.1km로 실측 공백,행동 유형은 종류 구분이며 우선순위·위험등급이 아니다. 제안 행동은 행정적 확인 절차이지 규제·처분이 아니다.
CC0412,삼성창원병원 직장어린이집,어린이집,마산회원구,합성2동,4812759000.0,sensitive,,distance,0.0,봉암동,2.98,0.0,35.0,시설·배출원 좌표 현장 확인,현장 확인,이동식 측정 우선 검토,시설·배출원 좌표 현장 확인 | 이동식 측정 우선 검토,2,R-SE-distance,거리 가정을 바꾸면 분류가 흔들린다. 좌표 정밀도가 결론을 좌우한다.,C1-station_gap :: 최근접 측정소 3.0km로 실측 공백,행동 유형은 종류 구분이며 우선순위·위험등급이 아니다. 제안 행동은 행정적 확인 절차이지 규제·처분이 아니다.
SC0163,신등경로당,경로당,의창구,대산면,4812132000.0,sensitive,,distance,46.3,용지동,9.53,0.0,,시설·배출원 좌표 현장 확인,현장 확인,이동식 측정 우선 검토,시설·배출원 좌표 현장 확인 | 이동식 측정 우선 검토,2,R-SE-distance,거리 가정을 바꾸면 분류가 흔들린다. 좌표 정밀도가 결론을 좌우한다.,C1-station_gap :: 최근접 측정소 9.5km로 실측 공백,행동 유형은 종류 구분이며 우선순위·위험등급이 아니다. 제안 행동은 행정적 확인 절차이지 규제·처분이 아니다.
SC0670,가고파아파트경로당,경로당,마산회원구,내서읍,4812725000.0,sensitive,,distance,133.2,내서읍,1.87,1.0,,시설·배출원 좌표 현장 확인,현장 확인,,시설·배출원 좌표 현장 확인,1,R-SE-distance,거리 가정을 바꾸면 분류가 흔들린다. 좌표 정밀도가 결론을 좌우한다.,,행동 유형은 종류 구분이며 우선순위·위험등급이 아니다. 제안 행동은 행정적 확인 절차이지 규제·처분이 아니다.
CC0213,아이파크어린이집,어린이집,성산구,용지동,4812351500.0,sensitive,,distance,87.3,용지동,0.93,0.0,63.0,시설·배출원 좌표 현장 확인,현장 확인,,시설·배출원 좌표 현장 확인,1,R-SE-distance,거리 가정을 바꾸면 분류가 흔들린다. 좌표 정밀도가 결론을 좌우한다.,,행동 유형은 종류 구분이며 우선순위·위험등급이 아니다. 제안 행동은 행정적 확인 절차이지 규제·처분이 아니다.
SC0417,대티경로당,경로당,마산합포구,진북면,4812533000.0,sensitive,,distance,47.2,내서읍,7.36,1.0,,시설·배출원 좌표 현장 확인,현장 확인,이동식 측정 우선 검토,시설·배출원 좌표 현장 확인 | 이동식 측정 우선 검토,2,R-SE-distance,거리 가정을 바꾸면 분류가 흔들린다. 좌표 정밀도가 결론을 좌우한다.,C1-station_gap :: 최근접 측정소 7.4km로 실측 공백,행동 유형은 종류 구분이며 우선순위·위험등급이 아니다. 제안 행동은 행정적 확인 절차이지 규제·처분이 아니다.
SC0291,용지아이파크경로당,경로당,성산구,용지동,4812351500.0,sensitive,,distance,87.3,용지동,0.93,0.0,,시설·배출원 좌표 현장 확인,현장 확인,,시설·배출원 좌표 현장 확인,1,R-SE-distance,거리 가정을 바꾸면 분류가 흔들린다. 좌표 정밀도가 결론을 좌우한다.,,행동 유형은 종류 구분이며 우선순위·위험등급이 아니다. 제안 행동은 행정적 확인 절차이지 규제·처분이 아니다.
SC1007,금곡경로당,경로당,진해구,웅동1동,4812964000.0,sensitive,,distance,132.3,경화동,9.39,1.0,,시설·배출원 좌표 현장 확인,현장 확인,이동식 측정 우선 검토,시설·배출원 좌표 현장 확인 | 이동식 측정 우선 검토,2,R-SE-distance,거리 가정을 바꾸면 분류가 흔들린다. 좌표 정밀도가 결론을 좌우한다.,C1-station_gap :: 최근접 측정소 9.4km로 실측 공백,행동 유형은 종류 구분이며 우선순위·위험등급이 아니다. 제안 행동은 행정적 확인 절차이지 규제·처분이 아니다.
CC0107,새하얀어린이집,어린이집,의창구,팔룡동,4812152000.0,sensitive,,distance,324.8,명서동,2.56,1.0,19.0,시설·배출원 좌표 현장 확인,현장 확인,이동식 측정 우선 검토,시설·배출원 좌표 현장 확인 | 이동식 측정 우선 검토,2,R-SE-distance,거리 가정을 바꾸면 분류가 흔들린다. 좌표 정밀도가 결론을 좌우한다.,C1-station_gap :: 최근접 측정소 2.6km로 실측 공백,행동 유형은 종류 구분이며 우선순위·위험등급이 아니다. 제안 행동은 행정적 확인 절차이지 규제·처분이 아니다.
CH0012,팔용지역아동센터,지역아동센터,의창구,팔룡동,4812152000.0,sensitive,,distance,292.6,명서동,2.88,1.0,,시설·배출원 좌표 현장 확인,현장 확인,이동식 측정 우선 검토,시설·배출원 좌표 현장 확인 | 이동식 측정 우선 검토,2,R-SE-distance,거리 가정을 바꾸면 분류가 흔들린다. 좌표 정밀도가 결론을 좌우한다.,C1-station_gap :: 최근접 측정소 2.9km로 실측 공백,행동 유형은 종류 구분이며 우선순위·위험등급이 아니다. 제안 행동은 행정적 확인 절차이지 규제·처분이 아니다.
SC0345,서광파크빌(아)경로당,경로당,성산구,성주동,4812356000.0,sensitive,,distance,229.2,성주동,2.02,1.0,,시설·배출원 좌표 현장 확인,현장 확인,이동식 측정 우선 검토,시설·배출원 좌표 현장 확인 | 이동식 측정 우선 검토,2,R-SE-distance,거리 가정을 바꾸면 분류가 흔들린다. 좌표 정밀도가 결론을 좌우한다.,C1-station_gap :: 최근접 측정소 2.0km로 실측 공백,행동 유형은 종류 구분이며 우선순위·위험등급이 아니다. 제안 행동은 행정적 확인 절차이지 규제·처분이 아니다.
SC0358,동성2차경로당,경로당,성산구,웅남동,4812357000.0,sensitive,,distance,331.0,봉암동,2.78,1.0,,시설·배출원 좌표 현장 확인,현장 확인,이동식 측정 우선 검토,시설·배출원 좌표 현장 확인 | 이동식 측정 우선 검토,2,R-SE-distance,거리 가정을 바꾸면 분류가 흔들린다. 좌표 정밀도가 결론을 좌우한다.,C1-station_gap :: 최근접 측정소 2.8km로 실측 공백,행동 유형은 종류 구분이며 우선순위·위험등급이 아니다. 제안 행동은 행정적 확인 절차이지 규제·처분이 아니다.
SC1008,금곡부녀경로당,경로당,진해구,웅동1동,4812964000.0,sensitive,,distance,132.3,경화동,9.39,1.0,,시설·배출원 좌표 현장 확인,현장 확인,이동식 측정 우선 검토,시설·배출원 좌표 현장 확인 | 이동식 측정 우선 검토,2,R-SE-distance,거리 가정을 바꾸면 분류가 흔들린다. 좌표 정밀도가 결론을 좌우한다.,C1-station_gap :: 최근접 측정소 9.4km로 실측 공백,행동 유형은 종류 구분이며 우선순위·위험등급이 아니다. 제안 행동은 행정적 확인 절차이지 규제·처분이 아니다.
SC0175,상등경로당,경로당,의창구,대산면,4812132000.0,sensitive,,distance,88.2,용지동,9.62,0.0,,시설·배출원 좌표 현장 확인,현장 확인,이동식 측정 우선 검토,시설·배출원 좌표 현장 확인 | 이동식 측정 우선 검토,2,R-SE-distance,거리 가정을 바꾸면 분류가 흔들린다. 좌표 정밀도가 결론을 좌우한다.,C1-station_gap :: 최근접 측정소 9.6km로 실측 공백,행동 유형은 종류 구분이며 우선순위·위험등급이 아니다. 제안 행동은 행정적 확인 절차이지 규제·처분이 아니다.
SC0170,제동부인경로당,경로당,의창구,대산면,4812132000.0,sensitive,,distance,169.1,용지동,11.12,0.0,,시설·배출원 좌표 현장 확인,현장 확인,이동식 측정 우선 검토,시설·배출원 좌표 현장 확인 | 이동식 측정 우선 검토,2,R-SE-distance,거리 가정을 바꾸면 분류가 흔들린다. 좌표 정밀도가 결론을 좌우한다.,C1-station_gap :: 최근접 측정소 11.1km로 실측 공백,행동 유형은 종류 구분이며 우선순위·위험등급이 아니다. 제안 행동은 행정적 확인 절차이지 규제·처분이 아니다.
SC0176,고등포경로당,경로당,의창구,대산면,4812132000.0,sensitive,,distance,79.4,용지동,9.04,0.0,,시설·배출원 좌표 현장 확인,현장 확인,이동식 측정 우선 검토,시설·배출원 좌표 현장 확인 | 이동식 측정 우선 검토,2,R-SE-distance,거리 가정을 바꾸면 분류가 흔들린다. 좌표 정밀도가 결론을 좌우한다.,C1-station_gap :: 최근접 측정소 9.0km로 실측 공백,행동 유형은 종류 구분이며 우선순위·위험등급이 아니다. 제안 행동은 행정적 확인 절차이지 규제·처분이 아니다.
CC0281,마린푸른숲어린이집,어린이집,마산합포구,오동동,4812563000.0,sensitive,,distance,53.8,회원동,1.52,2.0,39.0,시설·배출원 좌표 현장 확인,현장 확인,,시설·배출원 좌표 현장 확인,1,R-SE-distance,거리 가정을 바꾸면 분류가 흔들린다. 좌표 정밀도가 결론을 좌우한다.,,행동 유형은 종류 구분이며 우선순위·위험등급이 아니다. 제안 행동은 행정적 확인 절차이지 규제·처분이 아니다.
CC0349,밀알재능어린이집,어린이집,마산회원구,구암2동,4812761000.0,sensitive,,air,147.0,봉암동,3.16,0.0,20.0,대기배출 등급·배출량 실자료 확인,자료 보완,이동식 측정 우선 검토,대기배출 등급·배출량 실자료 확인 | 이동식 측정 우선 검토,2,R-SE-air,대기 가중치 가정에 민감하다. 실제 배출 규모 자료가 필요하다.,C1-station_gap :: 최근접 측정소 3.2km로 실측 공백,행동 유형은 종류 구분이며 우선순위·위험등급이 아니다. 제안 행동은 행정적 확인 절차이지 규제·처분이 아니다.
CH0053,동마산지역아동센터,지역아동센터,마산회원구,구암2동,4812761000.0,sensitive,,air,147.0,봉암동,3.16,0.0,,대기배출 등급·배출량 실자료 확인,자료 보완,이동식 측정 우선 검토,대기배출 등급·배출량 실자료 확인 | 이동식 측정 우선 검토,2,R-SE-air,대기 가중치 가정에 민감하다. 실제 배출 규모 자료가 필요하다.,C1-station_gap :: 최근접 측정소 3.2km로 실측 공백,행동 유형은 종류 구분이며 우선순위·위험등급이 아니다. 제안 행동은 행정적 확인 절차이지 규제·처분이 아니다.
SC0613,오동동남성경로당,경로당,마산합포구,오동동,4812563000.0,sensitive,,distance,59.9,회원동,1.46,2.0,,시설·배출원 좌표 현장 확인,현장 확인,,시설·배출원 좌표 현장 확인,1,R-SE-distance,거리 가정을 바꾸면 분류가 흔들린다. 좌표 정밀도가 결론을 좌우한다.,,행동 유형은 종류 구분이며 우선순위·위험등급이 아니다. 제안 행동은 행정적 확인 절차이지 규제·처분이 아니다.
SC0806,반월경로당,경로당,마산회원구,양덕2동,4812757000.0,sensitive,,distance,30.6,회원동,0.83,1.0,,시설·배출원 좌표 현장 확인,현장 확인,,시설·배출원 좌표 현장 확인,1,R-SE-distance,거리 가정을 바꾸면 분류가 흔들린다. 좌표 정밀도가 결론을 좌우한다.,,행동 유형은 종류 구분이며 우선순위·위험등급이 아니다. 제안 행동은 행정적 확인 절차이지 규제·처분이 아니다.
SC0838,제4남성경로당,경로당,마산회원구,구암2동,4812761000.0,sensitive,,air,124.9,봉암동,3.17,0.0,,대기배출 등급·배출량 실자료 확인,자료 보완,이동식 측정 우선 검토,대기배출 등급·배출량 실자료 확인 | 이동식 측정 우선 검토,2,R-SE-air,대기 가중치 가정에 민감하다. 실제 배출 규모 자료가 필요하다.,C1-station_gap :: 최근접 측정소 3.2km로 실측 공백,행동 유형은 종류 구분이며 우선순위·위험등급이 아니다. 제안 행동은 행정적 확인 절차이지 규제·처분이 아니다.
SC0839,제4여성경로당,경로당,마산회원구,구암2동,4812761000.0,sensitive,,air,124.9,봉암동,3.17,0.0,,대기배출 등급·배출량 실자료 확인,자료 보완,이동식 측정 우선 검토,대기배출 등급·배출량 실자료 확인 | 이동식 측정 우선 검토,2,R-SE-air,대기 가중치 가정에 민감하다. 실제 배출 규모 자료가 필요하다.,C1-station_gap :: 최근접 측정소 3.2km로 실측 공백,행동 유형은 종류 구분이며 우선순위·위험등급이 아니다. 제안 행동은 행정적 확인 절차이지 규제·처분이 아니다.
SC0617,마린경로당,경로당,마산합포구,오동동,4812563000.0,sensitive,,distance,53.8,회원동,1.52,2.0,,시설·배출원 좌표 현장 확인,현장 확인,,시설·배출원 좌표 현장 확인,1,R-SE-distance,거리 가정을 바꾸면 분류가 흔들린다. 좌표 정밀도가 결론을 좌우한다.,,행동 유형은 종류 구분이며 우선순위·위험등급이 아니다. 제안 행동은 행정적 확인 절차이지 규제·처분이 아니다.
CC0209,현대위아어린이집,어린이집,성산구,성주동,4812356000.0,sensitive,,distance,0.0,성주동,1.85,1.0,69.0,시설·배출원 좌표 현장 확인,현장 확인,,시설·배출원 좌표 현장 확인,1,R-SE-distance,거리 가정을 바꾸면 분류가 흔들린다. 좌표 정밀도가 결론을 좌우한다.,,행동 유형은 종류 구분이며 우선순위·위험등급이 아니다. 제안 행동은 행정적 확인 절차이지 규제·처분이 아니다.
CC0379,창원시립 근주어린이집,어린이집,마산회원구,석전동,4812754500.0,sensitive,,distance,20.3,회원동,1.62,3.0,73.0,시설·배출원 좌표 현장 확인,현장 확인,,시설·배출원 좌표 현장 확인,1,R-SE-distance,거리 가정을 바꾸면 분류가 흔들린다. 좌표 정밀도가 결론을 좌우한다.,,행동 유형은 종류 구분이며 우선순위·위험등급이 아니다. 제안 행동은 행정적 확인 절차이지 규제·처분이 아니다.
SC0173,대진경로당,경로당,의창구,대산면,4812132000.0,sensitive,,distance,19.6,용지동,10.3,0.0,,시설·배출원 좌표 현장 확인,현장 확인,이동식 측정 우선 검토,시설·배출원 좌표 현장 확인 | 이동식 측정 우선 검토,2,R-SE-distance,거리 가정을 바꾸면 분류가 흔들린다. 좌표 정밀도가 결론을 좌우한다.,C1-station_gap :: 최근접 측정소 10.3km로 실측 공백,행동 유형은 종류 구분이며 우선순위·위험등급이 아니다. 제안 행동은 행정적 확인 절차이지 규제·처분이 아니다.
SC0623,부림경로당,경로당,마산합포구,오동동,4812563000.0,sensitive,,distance,82.2,회원동,1.39,2.0,,시설·배출원 좌표 현장 확인,현장 확인,,시설·배출원 좌표 현장 확인,1,R-SE-distance,거리 가정을 바꾸면 분류가 흔들린다. 좌표 정밀도가 결론을 좌우한다.,,행동 유형은 종류 구분이며 우선순위·위험등급이 아니다. 제안 행동은 행정적 확인 절차이지 규제·처분이 아니다.
SC0764,역전남성경로당,경로당,마산회원구,석전동,4812754500.0,sensitive,,distance,57.3,회원동,1.68,3.0,,시설·배출원 좌표 현장 확인,현장 확인,,시설·배출원 좌표 현장 확인,1,R-SE-distance,거리 가정을 바꾸면 분류가 흔들린다. 좌표 정밀도가 결론을 좌우한다.,,행동 유형은 종류 구분이며 우선순위·위험등급이 아니다. 제안 행동은 행정적 확인 절차이지 규제·처분이 아니다.
CC0042,국립창원대학교 직장어린이집,어린이집,의창구,봉림동,4812154000.0,sensitive,,distance,0.0,용지동,1.45,0.0,94.0,시설·배출원 좌표 현장 확인,현장 확인,,시설·배출원 좌표 현장 확인,1,R-SE-distance,거리 가정을 바꾸면 분류가 흔들린다. 좌표 정밀도가 결론을 좌우한다.,,행동 유형은 종류 구분이며 우선순위·위험등급이 아니다. 제안 행동은 행정적 확인 절차이지 규제·처분이 아니다.
CC0094,세계어린이집,어린이집,의창구,팔룡동,4812152000.0,sensitive,,distance,26.3,명서동,3.09,1.0,40.0,시설·배출원 좌표 현장 확인,현장 확인,이동식 측정 우선 검토,시설·배출원 좌표 현장 확인 | 이동식 측정 우선 검토,2,R-SE-distance,거리 가정을 바꾸면 분류가 흔들린다. 좌표 정밀도가 결론을 좌우한다.,C1-station_gap :: 최근접 측정소 3.1km로 실측 공백,행동 유형은 종류 구분이며 우선순위·위험등급이 아니다. 제안 행동은 행정적 확인 절차이지 규제·처분이 아니다.
CC0095,보광어린이집,어린이집,의창구,팔룡동,4812152000.0,sensitive,,distance,35.7,명서동,2.94,1.0,28.0,시설·배출원 좌표 현장 확인,현장 확인,이동식 측정 우선 검토,시설·배출원 좌표 현장 확인 | 이동식 측정 우선 검토,2,R-SE-distance,거리 가정을 바꾸면 분류가 흔들린다. 좌표 정밀도가 결론을 좌우한다.,C1-station_gap :: 최근접 측정소 2.9km로 실측 공백,행동 유형은 종류 구분이며 우선순위·위험등급이 아니다. 제안 행동은 행정적 확인 절차이지 규제·처분이 아니다.
CC0099,햇님어린이집,어린이집,의창구,팔룡동,4812152000.0,sensitive,,distance,68.2,명서동,3.17,1.0,92.0,시설·배출원 좌표 현장 확인,현장 확인,이동식 측정 우선 검토,시설·배출원 좌표 현장 확인 | 이동식 측정 우선 검토,2,R-SE-distance,거리 가정을 바꾸면 분류가 흔들린다. 좌표 정밀도가 결론을 좌우한다.,C1-station_gap :: 최근접 측정소 3.2km로 실측 공백,행동 유형은 종류 구분이며 우선순위·위험등급이 아니다. 제안 행동은 행정적 확인 절차이지 규제·처분이 아니다.
CC0154,차일드-케어센터 희연병원 직장어린이집,어린이집,성산구,반송동,4812351000.0,sensitive,,distance,0.0,명서동,1.93,0.0,20.0,시설·배출원 좌표 현장 확인,현장 확인,,시설·배출원 좌표 현장 확인,1,R-SE-distance,거리 가정을 바꾸면 분류가 흔들린다. 좌표 정밀도가 결론을 좌우한다.,,행동 유형은 종류 구분이며 우선순위·위험등급이 아니다. 제안 행동은 행정적 확인 절차이지 규제·처분이 아니다.
CC0203,대우예은어린이집,어린이집,성산구,성주동,4812356000.0,sensitive,,distance,52.0,성주동,1.85,1.0,13.0,시설·배출원 좌표 현장 확인,현장 확인,,시설·배출원 좌표 현장 확인,1,R-SE-distance,거리 가정을 바꾸면 분류가 흔들린다. 좌표 정밀도가 결론을 좌우한다.,,행동 유형은 종류 구분이며 우선순위·위험등급이 아니다. 제안 행동은 행정적 확인 절차이지 규제·처분이 아니다.
CC0210,창원시립 신월어린이집,어린이집,성산구,용지동,4812351500.0,sensitive,,distance,26.3,사파동,0.86,0.0,93.0,시설·배출원 좌표 현장 확인,현장 확인,,시설·배출원 좌표 현장 확인,1,R-SE-distance,거리 가정을 바꾸면 분류가 흔들린다. 좌표 정밀도가 결론을 좌우한다.,,행동 유형은 종류 구분이며 우선순위·위험등급이 아니다. 제안 행동은 행정적 확인 절차이지 규제·처분이 아니다.
CC0296,예솔어린이집,어린이집,마산합포구,월영동,4812553000.0,sensitive,,distance,26.3,월영동,0.24,1.0,75.0,시설·배출원 좌표 현장 확인,현장 확인,,시설·배출원 좌표 현장 확인,1,R-SE-distance,거리 가정을 바꾸면 분류가 흔들린다. 좌표 정밀도가 결론을 좌우한다.,,행동 유형은 종류 구분이며 우선순위·위험등급이 아니다. 제안 행동은 행정적 확인 절차이지 규제·처분이 아니다.
CC0297,해운어린이집,어린이집,마산합포구,월영동,4812553000.0,sensitive,,distance,41.0,월영동,0.37,1.0,95.0,시설·배출원 좌표 현장 확인,현장 확인,,시설·배출원 좌표 현장 확인,1,R-SE-distance,거리 가정을 바꾸면 분류가 흔들린다. 좌표 정밀도가 결론을 좌우한다.,,행동 유형은 종류 구분이며 우선순위·위험등급이 아니다. 제안 행동은 행정적 확인 절차이지 규제·처분이 아니다.
CC0380,창원시립 메트로석전어린이집,어린이집,마산회원구,석전동,4812754500.0,sensitive,,distance,0.0,회원동,1.3,3.0,58.0,시설·배출원 좌표 현장 확인,현장 확인,,시설·배출원 좌표 현장 확인,1,R-SE-distance,거리 가정을 바꾸면 분류가 흔들린다. 좌표 정밀도가 결론을 좌우한다.,,행동 유형은 종류 구분이며 우선순위·위험등급이 아니다. 제안 행동은 행정적 확인 절차이지 규제·처분이 아니다.
CC0384,금솔어린이집,어린이집,마산회원구,석전동,4812754500.0,sensitive,,distance,0.0,회원동,1.3,3.0,20.0,시설·배출원 좌표 현장 확인,현장 확인,,시설·배출원 좌표 현장 확인,1,R-SE-distance,거리 가정을 바꾸면 분류가 흔들린다. 좌표 정밀도가 결론을 좌우한다.,,행동 유형은 종류 구분이며 우선순위·위험등급이 아니다. 제안 행동은 행정적 확인 절차이지 규제·처분이 아니다.
CC0385,삼정어린이집,어린이집,마산회원구,석전동,4812754500.0,sensitive,,distance,43.3,회원동,1.67,3.0,20.0,시설·배출원 좌표 현장 확인,현장 확인,,시설·배출원 좌표 현장 확인,1,R-SE-distance,거리 가정을 바꾸면 분류가 흔들린다. 좌표 정밀도가 결론을 좌우한다.,,행동 유형은 종류 구분이며 우선순위·위험등급이 아니다. 제안 행동은 행정적 확인 절차이지 규제·처분이 아니다.
CC0386,계명어린이집,어린이집,마산회원구,양덕1동,4812756000.0,sensitive,,distance,50.9,회원동,1.86,0.0,39.0,시설·배출원 좌표 현장 확인,현장 확인,,시설·배출원 좌표 현장 확인,1,R-SE-distance,거리 가정을 바꾸면 분류가 흔들린다. 좌표 정밀도가 결론을 좌우한다.,,행동 유형은 종류 구분이며 우선순위·위험등급이 아니다. 제안 행동은 행정적 확인 절차이지 규제·처분이 아니다.
CC0388,조이어린이집,어린이집,마산회원구,양덕1동,4812756000.0,sensitive,,distance,83.2,회원동,1.75,0.0,120.0,시설·배출원 좌표 현장 확인,현장 확인,,시설·배출원 좌표 현장 확인,1,R-SE-distance,거리 가정을 바꾸면 분류가 흔들린다. 좌표 정밀도가 결론을 좌우한다.,,행동 유형은 종류 구분이며 우선순위·위험등급이 아니다. 제안 행동은 행정적 확인 절차이지 규제·처분이 아니다.
CC0513,창원시립 보배하나어린이집,어린이집,진해구,풍호동,4812962000.0,sensitive,,distance,0.0,경화동,3.22,1.0,49.0,시설·배출원 좌표 현장 확인,현장 확인,이동식 측정 우선 검토,시설·배출원 좌표 현장 확인 | 이동식 측정 우선 검토,2,R-SE-distance,거리 가정을 바꾸면 분류가 흔들린다. 좌표 정밀도가 결론을 좌우한다.,C1-station_gap :: 최근접 측정소 3.2km로 실측 공백,행동 유형은 종류 구분이며 우선순위·위험등급이 아니다. 제안 행동은 행정적 확인 절차이지 규제·처분이 아니다.
CH0056,석전지역아동센터,지역아동센터,마산회원구,석전동,4812754500.0,sensitive,,distance,29.9,회원동,1.69,3.0,,시설·배출원 좌표 현장 확인,현장 확인,,시설·배출원 좌표 현장 확인,1,R-SE-distance,거리 가정을 바꾸면 분류가 흔들린다. 좌표 정밀도가 결론을 좌우한다.,,행동 유형은 종류 구분이며 우선순위·위험등급이 아니다. 제안 행동은 행정적 확인 절차이지 규제·처분이 아니다.
CH0083,해담지역아동센터,지역아동센터,진해구,풍호동,4812962000.0,sensitive,,distance,0.0,경화동,3.22,1.0,,시설·배출원 좌표 현장 확인,현장 확인,이동식 측정 우선 검토,시설·배출원 좌표 현장 확인 | 이동식 측정 우선 검토,2,R-SE-distance,거리 가정을 바꾸면 분류가 흔들린다. 좌표 정밀도가 결론을 좌우한다.,C1-station_gap :: 최근접 측정소 3.2km로 실측 공백,행동 유형은 종류 구분이며 우선순위·위험등급이 아니다. 제안 행동은 행정적 확인 절차이지 규제·처분이 아니다.
DW0004,진해장애인복지관,장애인복지관,진해구,풍호동,4812962000.0,sensitive,,distance,0.0,경화동,3.22,1.0,,시설·배출원 좌표 현장 확인,현장 확인,이동식 측정 우선 검토,시설·배출원 좌표 현장 확인 | 이동식 측정 우선 검토,2,R-SE-distance,거리 가정을 바꾸면 분류가 흔들린다. 좌표 정밀도가 결론을 좌우한다.,C1-station_gap :: 최근접 측정소 3.2km로 실측 공백,행동 유형은 종류 구분이며 우선순위·위험등급이 아니다. 제안 행동은 행정적 확인 절차이지 규제·처분이 아니다.
SC0164,신동경로당,경로당,의창구,대산면,4812132000.0,sensitive,,distance,44.9,용지동,9.65,0.0,,시설·배출원 좌표 현장 확인,현장 확인,이동식 측정 우선 검토,시설·배출원 좌표 현장 확인 | 이동식 측정 우선 검토,2,R-SE-distance,거리 가정을 바꾸면 분류가 흔들린다. 좌표 정밀도가 결론을 좌우한다.,C1-station_gap :: 최근접 측정소 9.7km로 실측 공백,행동 유형은 종류 구분이며 우선순위·위험등급이 아니다. 제안 행동은 행정적 확인 절차이지 규제·처분이 아니다.
SC0215,구슬비경로당,경로당,의창구,팔룡동,4812152000.0,sensitive,,distance,55.7,명서동,3.11,1.0,,시설·배출원 좌표 현장 확인,현장 확인,이동식 측정 우선 검토,시설·배출원 좌표 현장 확인 | 이동식 측정 우선 검토,2,R-SE-distance,거리 가정을 바꾸면 분류가 흔들린다. 좌표 정밀도가 결론을 좌우한다.,C1-station_gap :: 최근접 측정소 3.1km로 실측 공백,행동 유형은 종류 구분이며 우선순위·위험등급이 아니다. 제안 행동은 행정적 확인 절차이지 규제·처분이 아니다.
SC0231,명서1경로당,경로당,의창구,명곡동,4812153000.0,sensitive,,distance,57.9,명서동,0.63,0.0,,시설·배출원 좌표 현장 확인,현장 확인,,시설·배출원 좌표 현장 확인,1,R-SE-distance,거리 가정을 바꾸면 분류가 흔들린다. 좌표 정밀도가 결론을 좌우한다.,,행동 유형은 종류 구분이며 우선순위·위험등급이 아니다. 제안 행동은 행정적 확인 절차이지 규제·처분이 아니다.
SC0279,The City7 자이 경로당,경로당,성산구,중앙동,4812352000.0,sensitive,,distance,127.6,명서동,1.1,15.0,,시설·배출원 좌표 현장 확인,현장 확인,,시설·배출원 좌표 현장 확인,1,R-SE-distance,거리 가정을 바꾸면 분류가 흔들린다. 좌표 정밀도가 결론을 좌우한다.,,행동 유형은 종류 구분이며 우선순위·위험등급이 아니다. 제안 행동은 행정적 확인 절차이지 규제·처분이 아니다.
SC0342,대우(아)경로당,경로당,성산구,성주동,4812356000.0,sensitive,,distance,38.9,성주동,1.71,1.0,,시설·배출원 좌표 현장 확인,현장 확인,,시설·배출원 좌표 현장 확인,1,R-SE-distance,거리 가정을 바꾸면 분류가 흔들린다. 좌표 정밀도가 결론을 좌우한다.,,행동 유형은 종류 구분이며 우선순위·위험등급이 아니다. 제안 행동은 행정적 확인 절차이지 규제·처분이 아니다.
SC0347,안민경로당,경로당,성산구,성주동,4812356000.0,sensitive,,distance,136.3,성주동,2.36,1.0,,시설·배출원 좌표 현장 확인,현장 확인,이동식 측정 우선 검토,시설·배출원 좌표 현장 확인 | 이동식 측정 우선 검토,2,R-SE-distance,거리 가정을 바꾸면 분류가 흔들린다. 좌표 정밀도가 결론을 좌우한다.,C1-station_gap :: 최근접 측정소 2.4km로 실측 공백,행동 유형은 종류 구분이며 우선순위·위험등급이 아니다. 제안 행동은 행정적 확인 절차이지 규제·처분이 아니다.
SC0411,경민아파트경로당,경로당,마산합포구,문화동,4812554000.0,sensitive,,distance,107.3,월영동,0.17,0.0,,시설·배출원 좌표 현장 확인,현장 확인,,시설·배출원 좌표 현장 확인,1,R-SE-distance,거리 가정을 바꾸면 분류가 흔들린다. 좌표 정밀도가 결론을 좌우한다.,,행동 유형은 종류 구분이며 우선순위·위험등급이 아니다. 제안 행동은 행정적 확인 절차이지 규제·처분이 아니다.
SC0427,부평경로당,경로당,마산합포구,진북면,4812533000.0,sensitive,,distance,238.2,월영동,8.3,1.0,,시설·배출원 좌표 현장 확인,현장 확인,이동식 측정 우선 검토,시설·배출원 좌표 현장 확인 | 이동식 측정 우선 검토,2,R-SE-distance,거리 가정을 바꾸면 분류가 흔들린다. 좌표 정밀도가 결론을 좌우한다.,C1-station_gap :: 최근접 측정소 8.3km로 실측 공백,행동 유형은 종류 구분이며 우선순위·위험등급이 아니다. 제안 행동은 행정적 확인 절차이지 규제·처분이 아니다.
SC0562,대동씨코아경로당,경로당,마산합포구,월영동,4812553000.0,sensitive,,distance,0.0,월영동,0.39,1.0,,시설·배출원 좌표 현장 확인,현장 확인,,시설·배출원 좌표 현장 확인,1,R-SE-distance,거리 가정을 바꾸면 분류가 흔들린다. 좌표 정밀도가 결론을 좌우한다.,,행동 유형은 종류 구분이며 우선순위·위험등급이 아니다. 제안 행동은 행정적 확인 절차이지 규제·처분이 아니다.
SC0570,해운31통해운한백경로당,경로당,마산합포구,월영동,4812553000.0,sensitive,,distance,74.1,월영동,0.2,1.0,,시설·배출원 좌표 현장 확인,현장 확인,,시설·배출원 좌표 현장 확인,1,R-SE-distance,거리 가정을 바꾸면 분류가 흔들린다. 좌표 정밀도가 결론을 좌우한다.,,행동 유형은 종류 구분이며 우선순위·위험등급이 아니다. 제안 행동은 행정적 확인 절차이지 규제·처분이 아니다.
SC0727,한일유엔아이아파트경로당,경로당,마산회원구,내서읍,4812725000.0,sensitive,,distance,72.8,내서읍,0.71,1.0,,시설·배출원 좌표 현장 확인,현장 확인,,시설·배출원 좌표 현장 확인,1,R-SE-distance,거리 가정을 바꾸면 분류가 흔들린다. 좌표 정밀도가 결론을 좌우한다.,,행동 유형은 종류 구분이며 우선순위·위험등급이 아니다. 제안 행동은 행정적 확인 절차이지 규제·처분이 아니다.
SC0770,메트로시티석전경로당,경로당,마산회원구,석전동,4812754500.0,sensitive,,distance,0.0,회원동,1.3,3.0,,시설·배출원 좌표 현장 확인,현장 확인,,시설·배출원 좌표 현장 확인,1,R-SE-distance,거리 가정을 바꾸면 분류가 흔들린다. 좌표 정밀도가 결론을 좌우한다.,,행동 유형은 종류 구분이며 우선순위·위험등급이 아니다. 제안 행동은 행정적 확인 절차이지 규제·처분이 아니다.
SC0973,벽산e-솔렌스힐아파트경로당,경로당,진해구,풍호동,4812962000.0,sensitive,,distance,84.8,경화동,3.31,1.0,,시설·배출원 좌표 현장 확인,현장 확인,이동식 측정 우선 검토,시설·배출원 좌표 현장 확인 | 이동식 측정 우선 검토,2,R-SE-distance,거리 가정을 바꾸면 분류가 흔들린다. 좌표 정밀도가 결론을 좌우한다.,C1-station_gap :: 최근접 측정소 3.3km로 실측 공백,행동 유형은 종류 구분이며 우선순위·위험등급이 아니다. 제안 행동은 행정적 확인 절차이지 규제·처분이 아니다.
CC0097,큰한샘어린이집,어린이집,의창구,팔룡동,4812152000.0,sensitive,,distance,47.1,명서동,3.16,1.0,79.0,시설·배출원 좌표 현장 확인,현장 확인,이동식 측정 우선 검토,시설·배출원 좌표 현장 확인 | 이동식 측정 우선 검토,2,R-SE-distance,거리 가정을 바꾸면 분류가 흔들린다. 좌표 정밀도가 결론을 좌우한다.,C1-station_gap :: 최근접 측정소 3.2km로 실측 공백,행동 유형은 종류 구분이며 우선순위·위험등급이 아니다. 제안 행동은 행정적 확인 절차이지 규제·처분이 아니다.
CC0098,한샘어린이집,어린이집,의창구,팔룡동,4812152000.0,sensitive,,distance,119.8,명서동,3.17,1.0,57.0,시설·배출원 좌표 현장 확인,현장 확인,이동식 측정 우선 검토,시설·배출원 좌표 현장 확인 | 이동식 측정 우선 검토,2,R-SE-distance,거리 가정을 바꾸면 분류가 흔들린다. 좌표 정밀도가 결론을 좌우한다.,C1-station_gap :: 최근접 측정소 3.2km로 실측 공백,행동 유형은 종류 구분이며 우선순위·위험등급이 아니다. 제안 행동은 행정적 확인 절차이지 규제·처분이 아니다.
CC0390,세화어린이집,어린이집,마산회원구,양덕1동,4812756000.0,sensitive,,distance,19.4,회원동,1.88,0.0,20.0,시설·배출원 좌표 현장 확인,현장 확인,,시설·배출원 좌표 현장 확인,1,R-SE-distance,거리 가정을 바꾸면 분류가 흔들린다. 좌표 정밀도가 결론을 좌우한다.,,행동 유형은 종류 구분이며 우선순위·위험등급이 아니다. 제안 행동은 행정적 확인 절차이지 규제·처분이 아니다.
SC0221,원풍벽산C단지경로당,경로당,의창구,팔룡동,4812152000.0,sensitive,,distance,119.8,명서동,3.17,1.0,,시설·배출원 좌표 현장 확인,현장 확인,이동식 측정 우선 검토,시설·배출원 좌표 현장 확인 | 이동식 측정 우선 검토,2,R-SE-distance,거리 가정을 바꾸면 분류가 흔들린다. 좌표 정밀도가 결론을 좌우한다.,C1-station_gap :: 최근접 측정소 3.2km로 실측 공백,행동 유형은 종류 구분이며 우선순위·위험등급이 아니다. 제안 행동은 행정적 확인 절차이지 규제·처분이 아니다.
CC0395,메트로사과나무어린이집,어린이집,마산회원구,양덕2동,4812757000.0,sensitive,,distance,0.0,회원동,1.35,1.0,44.0,시설·배출원 좌표 현장 확인,현장 확인,,시설·배출원 좌표 현장 확인,1,R-SE-distance,거리 가정을 바꾸면 분류가 흔들린다. 좌표 정밀도가 결론을 좌우한다.,,행동 유형은 종류 구분이며 우선순위·위험등급이 아니다. 제안 행동은 행정적 확인 절차이지 규제·처분이 아니다.
CC0509,홍익어린이집,어린이집,진해구,충무동,4812953000.0,sensitive,,distance,20.2,경화동,2.97,0.0,113.0,시설·배출원 좌표 현장 확인,현장 확인,이동식 측정 우선 검토,시설·배출원 좌표 현장 확인 | 이동식 측정 우선 검토,2,R-SE-distance,거리 가정을 바꾸면 분류가 흔들린다. 좌표 정밀도가 결론을 좌우한다.,C1-station_gap :: 최근접 측정소 3.0km로 실측 공백,행동 유형은 종류 구분이며 우선순위·위험등급이 아니다. 제안 행동은 행정적 확인 절차이지 규제·처분이 아니다.
CC0515,늘푸른어린이집,어린이집,진해구,풍호동,4812962000.0,sensitive,,distance,111.6,경화동,2.66,1.0,130.0,시설·배출원 좌표 현장 확인,현장 확인,이동식 측정 우선 검토,시설·배출원 좌표 현장 확인 | 이동식 측정 우선 검토,2,R-SE-distance,거리 가정을 바꾸면 분류가 흔들린다. 좌표 정밀도가 결론을 좌우한다.,C1-station_gap :: 최근접 측정소 2.7km로 실측 공백,행동 유형은 종류 구분이며 우선순위·위험등급이 아니다. 제안 행동은 행정적 확인 절차이지 규제·처분이 아니다.
SC0197,서상경로당,경로당,의창구,의창동,4812151000.0,sensitive,,distance,62.3,명서동,2.93,0.0,,시설·배출원 좌표 현장 확인,현장 확인,이동식 측정 우선 검토,시설·배출원 좌표 현장 확인 | 이동식 측정 우선 검토,2,R-SE-distance,거리 가정을 바꾸면 분류가 흔들린다. 좌표 정밀도가 결론을 좌우한다.,C1-station_gap :: 최근접 측정소 2.9km로 실측 공백,행동 유형은 종류 구분이며 우선순위·위험등급이 아니다. 제안 행동은 행정적 확인 절차이지 규제·처분이 아니다.
SC0694,상곡1주공아파트경로당,경로당,마산회원구,내서읍,4812725000.0,sensitive,,air,56.6,내서읍,1.96,1.0,,대기배출 등급·배출량 실자료 확인,자료 보완,,대기배출 등급·배출량 실자료 확인,1,R-SE-air,대기 가중치 가정에 민감하다. 실제 배출 규모 자료가 필요하다.,,행동 유형은 종류 구분이며 우선순위·위험등급이 아니다. 제안 행동은 행정적 확인 절차이지 규제·처분이 아니다.
SC0729,현대성우아파트경로당,경로당,마산회원구,내서읍,4812725000.0,sensitive,,distance,169.7,내서읍,3.55,1.0,,시설·배출원 좌표 현장 확인,현장 확인,이동식 측정 우선 검토,시설·배출원 좌표 현장 확인 | 이동식 측정 우선 검토,2,R-SE-distance,거리 가정을 바꾸면 분류가 흔들린다. 좌표 정밀도가 결론을 좌우한다.,C1-station_gap :: 최근접 측정소 3.5km로 실측 공백,행동 유형은 종류 구분이며 우선순위·위험등급이 아니다. 제안 행동은 행정적 확인 절차이지 규제·처분이 아니다.
SC0804,메트로시티 남성노인회,경로당,마산회원구,양덕2동,4812757000.0,sensitive,,distance,0.0,회원동,1.35,1.0,,시설·배출원 좌표 현장 확인,현장 확인,,시설·배출원 좌표 현장 확인,1,R-SE-distance,거리 가정을 바꾸면 분류가 흔들린다. 좌표 정밀도가 결론을 좌우한다.,,행동 유형은 종류 구분이며 우선순위·위험등급이 아니다. 제안 행동은 행정적 확인 절차이지 규제·처분이 아니다.
SC0805,메트로시티 여성노인회,경로당,마산회원구,양덕2동,4812757000.0,sensitive,,distance,0.0,회원동,1.35,1.0,,시설·배출원 좌표 현장 확인,현장 확인,,시설·배출원 좌표 현장 확인,1,R-SE-distance,거리 가정을 바꾸면 분류가 흔들린다. 좌표 정밀도가 결론을 좌우한다.,,행동 유형은 종류 구분이며 우선순위·위험등급이 아니다. 제안 행동은 행정적 확인 절차이지 규제·처분이 아니다.
SC0974,창원마린푸르지오1단지경로당,경로당,진해구,풍호동,4812962000.0,sensitive,,distance,111.6,경화동,2.66,1.0,,시설·배출원 좌표 현장 확인,현장 확인,이동식 측정 우선 검토,시설·배출원 좌표 현장 확인 | 이동식 측정 우선 검토,2,R-SE-distance,거리 가정을 바꾸면 분류가 흔들린다. 좌표 정밀도가 결론을 좌우한다.,C1-station_gap :: 최근접 측정소 2.7km로 실측 공백,행동 유형은 종류 구분이며 우선순위·위험등급이 아니다. 제안 행동은 행정적 확인 절차이지 규제·처분이 아니다.
CC0411,샘보아이어린이집,어린이집,마산회원구,합성2동,4812759000.0,sensitive,,air,228.2,회원동,2.9,0.0,20.0,대기배출 등급·배출량 실자료 확인,자료 보완,이동식 측정 우선 검토,대기배출 등급·배출량 실자료 확인 | 이동식 측정 우선 검토,2,R-SE-air,대기 가중치 가정에 민감하다. 실제 배출 규모 자료가 필요하다.,C1-station_gap :: 최근접 측정소 2.9km로 실측 공백,행동 유형은 종류 구분이며 우선순위·위험등급이 아니다. 제안 행동은 행정적 확인 절차이지 규제·처분이 아니다.
CC0524,바다마을해군어린이집,어린이집,진해구,풍호동,4812962000.0,sensitive,,distance,101.2,경화동,2.73,1.0,82.0,시설·배출원 좌표 현장 확인,현장 확인,이동식 측정 우선 검토,시설·배출원 좌표 현장 확인 | 이동식 측정 우선 검토,2,R-SE-distance,거리 가정을 바꾸면 분류가 흔들린다. 좌표 정밀도가 결론을 좌우한다.,C1-station_gap :: 최근접 측정소 2.7km로 실측 공백,행동 유형은 종류 구분이며 우선순위·위험등급이 아니다. 제안 행동은 행정적 확인 절차이지 규제·처분이 아니다.
SC0374,국제비치경로당,경로당,마산합포구,합포동,4812564000.0,sensitive,,distance,99.8,회원동,1.37,1.0,,시설·배출원 좌표 현장 확인,현장 확인,,시설·배출원 좌표 현장 확인,1,R-SE-distance,거리 가정을 바꾸면 분류가 흔들린다. 좌표 정밀도가 결론을 좌우한다.,,행동 유형은 종류 구분이며 우선순위·위험등급이 아니다. 제안 행동은 행정적 확인 절차이지 규제·처분이 아니다.
CC0002,한뫼누리어린이집,어린이집,의창구,대산면,4812132000.0,sensitive,,distance,159.0,용지동,11.65,0.0,39.0,시설·배출원 좌표 현장 확인,현장 확인,이동식 측정 우선 검토,시설·배출원 좌표 현장 확인 | 이동식 측정 우선 검토,2,R-SE-distance,거리 가정을 바꾸면 분류가 흔들린다. 좌표 정밀도가 결론을 좌우한다.,C1-station_gap :: 최근접 측정소 11.7km로 실측 공백,행동 유형은 종류 구분이며 우선순위·위험등급이 아니다. 제안 행동은 행정적 확인 절차이지 규제·처분이 아니다.
CC0227,창원시립 내동어린이집,어린이집,성산구,중앙동,4812352000.0,sensitive,,distance,67.1,웅남동,1.18,15.0,75.0,시설·배출원 좌표 현장 확인,현장 확인,,시설·배출원 좌표 현장 확인,1,R-SE-distance,거리 가정을 바꾸면 분류가 흔들린다. 좌표 정밀도가 결론을 좌우한다.,,행동 유형은 종류 구분이며 우선순위·위험등급이 아니다. 제안 행동은 행정적 확인 절차이지 규제·처분이 아니다.
CC0448,사랑숲어린이집,어린이집,진해구,웅동1동,4812964000.0,sensitive,,distance,174.8,경화동,9.32,1.0,83.0,시설·배출원 좌표 현장 확인,현장 확인,이동식 측정 우선 검토,시설·배출원 좌표 현장 확인 | 이동식 측정 우선 검토,2,R-SE-distance,거리 가정을 바꾸면 분류가 흔들린다. 좌표 정밀도가 결론을 좌우한다.,C1-station_gap :: 최근접 측정소 9.3km로 실측 공백,행동 유형은 종류 구분이며 우선순위·위험등급이 아니다. 제안 행동은 행정적 확인 절차이지 규제·처분이 아니다.
CH0072,다문화지역아동센터,지역아동센터,진해구,충무동,4812953000.0,sensitive,,distance,42.3,경화동,2.63,0.0,,시설·배출원 좌표 현장 확인,현장 확인,이동식 측정 우선 검토,시설·배출원 좌표 현장 확인 | 이동식 측정 우선 검토,2,R-SE-distance,거리 가정을 바꾸면 분류가 흔들린다. 좌표 정밀도가 결론을 좌우한다.,C1-station_gap :: 최근접 측정소 2.6km로 실측 공백,행동 유형은 종류 구분이며 우선순위·위험등급이 아니다. 제안 행동은 행정적 확인 절차이지 규제·처분이 아니다.
SC0857,그린비치경로당,경로당,진해구,충무동,4812953000.0,sensitive,,distance,51.1,경화동,2.05,0.0,,시설·배출원 좌표 현장 확인,현장 확인,이동식 측정 우선 검토,시설·배출원 좌표 현장 확인 | 이동식 측정 우선 검토,2,R-SE-distance,거리 가정을 바꾸면 분류가 흔들린다. 좌표 정밀도가 결론을 좌우한다.,C1-station_gap :: 최근접 측정소 2.0km로 실측 공백,행동 유형은 종류 구분이며 우선순위·위험등급이 아니다. 제안 행동은 행정적 확인 절차이지 규제·처분이 아니다.
CC0146,작은별어린이집,어린이집,성산구,반송동,4812351000.0,sensitive,,distance,14.6,용지동,1.88,0.0,20.0,시설·배출원 좌표 현장 확인,현장 확인,,시설·배출원 좌표 현장 확인,1,R-SE-distance,거리 가정을 바꾸면 분류가 흔들린다. 좌표 정밀도가 결론을 좌우한다.,,행동 유형은 종류 구분이며 우선순위·위험등급이 아니다. 제안 행동은 행정적 확인 절차이지 규제·처분이 아니다.
CC0236,메르디앙어린이집,어린이집,성산구,중앙동,4812352000.0,sensitive,,distance,67.0,웅남동,1.36,15.0,20.0,시설·배출원 좌표 현장 확인,현장 확인,,시설·배출원 좌표 현장 확인,1,R-SE-distance,거리 가정을 바꾸면 분류가 흔들린다. 좌표 정밀도가 결론을 좌우한다.,,행동 유형은 종류 구분이며 우선순위·위험등급이 아니다. 제안 행동은 행정적 확인 절차이지 규제·처분이 아니다.
CC0239,예슬어린이집,어린이집,성산구,중앙동,4812352000.0,sensitive,,distance,67.0,웅남동,1.36,15.0,16.0,시설·배출원 좌표 현장 확인,현장 확인,,시설·배출원 좌표 현장 확인,1,R-SE-distance,거리 가정을 바꾸면 분류가 흔들린다. 좌표 정밀도가 결론을 좌우한다.,,행동 유형은 종류 구분이며 우선순위·위험등급이 아니다. 제안 행동은 행정적 확인 절차이지 규제·처분이 아니다.
CC0245,효성어린이집,어린이집,성산구,중앙동,4812352000.0,sensitive,,distance,0.0,웅남동,0.7,15.0,48.0,시설·배출원 좌표 현장 확인,현장 확인,,시설·배출원 좌표 현장 확인,1,R-SE-distance,거리 가정을 바꾸면 분류가 흔들린다. 좌표 정밀도가 결론을 좌우한다.,,행동 유형은 종류 구분이며 우선순위·위험등급이 아니다. 제안 행동은 행정적 확인 절차이지 규제·처분이 아니다.
CH0048,푸른물결행복한홈스쿨 지역아동센터,지역아동센터,마산합포구,합포동,4812564000.0,sensitive,,distance,99.6,회원동,1.37,1.0,,시설·배출원 좌표 현장 확인,현장 확인,,시설·배출원 좌표 현장 확인,1,R-SE-distance,거리 가정을 바꾸면 분류가 흔들린다. 좌표 정밀도가 결론을 좌우한다.,,행동 유형은 종류 구분이며 우선순위·위험등급이 아니다. 제안 행동은 행정적 확인 절차이지 규제·처분이 아니다.
SC0177,남포경로당,경로당,의창구,대산면,4812132000.0,sensitive,,distance,31.7,용지동,8.46,0.0,,시설·배출원 좌표 현장 확인,현장 확인,이동식 측정 우선 검토,시설·배출원 좌표 현장 확인 | 이동식 측정 우선 검토,2,R-SE-distance,거리 가정을 바꾸면 분류가 흔들린다. 좌표 정밀도가 결론을 좌우한다.,C1-station_gap :: 최근접 측정소 8.5km로 실측 공백,행동 유형은 종류 구분이며 우선순위·위험등급이 아니다. 제안 행동은 행정적 확인 절차이지 규제·처분이 아니다.
SC0273,내동월드메르디앙아파트경로당,경로당,성산구,중앙동,4812352000.0,sensitive,,distance,67.0,웅남동,1.36,15.0,,시설·배출원 좌표 현장 확인,현장 확인,,시설·배출원 좌표 현장 확인,1,R-SE-distance,거리 가정을 바꾸면 분류가 흔들린다. 좌표 정밀도가 결론을 좌우한다.,,행동 유형은 종류 구분이며 우선순위·위험등급이 아니다. 제안 행동은 행정적 확인 절차이지 규제·처분이 아니다.
SC0756,근주경로당,경로당,마산회원구,석전동,4812754500.0,sensitive,,distance,78.9,회원동,1.41,3.0,,시설·배출원 좌표 현장 확인,현장 확인,,시설·배출원 좌표 현장 확인,1,R-SE-distance,거리 가정을 바꾸면 분류가 흔들린다. 좌표 정밀도가 결론을 좌우한다.,,행동 유형은 종류 구분이며 우선순위·위험등급이 아니다. 제안 행동은 행정적 확인 절차이지 규제·처분이 아니다.
CC0150,푸른초장 어린이집,어린이집,성산구,반송동,4812351000.0,sensitive,,distance,0.0,용지동,0.86,0.0,19.0,시설·배출원 좌표 현장 확인,현장 확인,,시설·배출원 좌표 현장 확인,1,R-SE-distance,거리 가정을 바꾸면 분류가 흔들린다. 좌표 정밀도가 결론을 좌우한다.,,행동 유형은 종류 구분이며 우선순위·위험등급이 아니다. 제안 행동은 행정적 확인 절차이지 규제·처분이 아니다.
CC0408,BNK창원어린이집,어린이집,마산회원구,양덕2동,4812757000.0,sensitive,,distance,89.9,회원동,1.63,1.0,49.0,시설·배출원 좌표 현장 확인,현장 확인,,시설·배출원 좌표 현장 확인,1,R-SE-distance,거리 가정을 바꾸면 분류가 흔들린다. 좌표 정밀도가 결론을 좌우한다.,,행동 유형은 종류 구분이며 우선순위·위험등급이 아니다. 제안 행동은 행정적 확인 절차이지 규제·처분이 아니다.
CC0520,해누리어린이집,어린이집,진해구,풍호동,4812962000.0,sensitive,,air,133.8,경화동,3.18,1.0,39.0,대기배출 등급·배출량 실자료 확인,자료 보완,이동식 측정 우선 검토,대기배출 등급·배출량 실자료 확인 | 이동식 측정 우선 검토,2,R-SE-air,대기 가중치 가정에 민감하다. 실제 배출 규모 자료가 필요하다.,C1-station_gap :: 최근접 측정소 3.2km로 실측 공백,행동 유형은 종류 구분이며 우선순위·위험등급이 아니다. 제안 행동은 행정적 확인 절차이지 규제·처분이 아니다.
CH0018,창원좋은이웃지역아동센터,지역아동센터,성산구,반송동,4812351000.0,sensitive,,distance,61.5,명서동,1.95,0.0,,시설·배출원 좌표 현장 확인,현장 확인,,시설·배출원 좌표 현장 확인,1,R-SE-distance,거리 가정을 바꾸면 분류가 흔들린다. 좌표 정밀도가 결론을 좌우한다.,,행동 유형은 종류 구분이며 우선순위·위험등급이 아니다. 제안 행동은 행정적 확인 절차이지 규제·처분이 아니다.
CH0024,샛별지역아동센터,지역아동센터,성산구,가음정동,4812355000.0,sensitive,,distance,34.7,성주동,1.0,0.0,,시설·배출원 좌표 현장 확인,현장 확인,,시설·배출원 좌표 현장 확인,1,R-SE-distance,거리 가정을 바꾸면 분류가 흔들린다. 좌표 정밀도가 결론을 좌우한다.,,행동 유형은 종류 구분이며 우선순위·위험등급이 아니다. 제안 행동은 행정적 확인 절차이지 규제·처분이 아니다.
SC0264,내동그라미아파트경로당,경로당,성산구,중앙동,4812352000.0,sensitive,,distance,48.1,웅남동,1.12,15.0,,시설·배출원 좌표 현장 확인,현장 확인,,시설·배출원 좌표 현장 확인,1,R-SE-distance,거리 가정을 바꾸면 분류가 흔들린다. 좌표 정밀도가 결론을 좌우한다.,,행동 유형은 종류 구분이며 우선순위·위험등급이 아니다. 제안 행동은 행정적 확인 절차이지 규제·처분이 아니다.
SC0784,남성사랑방쉼터경로당,경로당,마산회원구,양덕1동,4812756000.0,sensitive,,distance,115.5,회원동,1.76,0.0,,시설·배출원 좌표 현장 확인,현장 확인,,시설·배출원 좌표 현장 확인,1,R-SE-distance,거리 가정을 바꾸면 분류가 흔들린다. 좌표 정밀도가 결론을 좌우한다.,,행동 유형은 종류 구분이며 우선순위·위험등급이 아니다. 제안 행동은 행정적 확인 절차이지 규제·처분이 아니다.
SC0785,여성사랑방쉼터경로당,경로당,마산회원구,양덕1동,4812756000.0,sensitive,,distance,115.5,회원동,1.76,0.0,,시설·배출원 좌표 현장 확인,현장 확인,,시설·배출원 좌표 현장 확인,1,R-SE-distance,거리 가정을 바꾸면 분류가 흔들린다. 좌표 정밀도가 결론을 좌우한다.,,행동 유형은 종류 구분이며 우선순위·위험등급이 아니다. 제안 행동은 행정적 확인 절차이지 규제·처분이 아니다.
SC0971,장천대동다숲경로당,경로당,진해구,풍호동,4812962000.0,sensitive,,air,133.8,경화동,3.18,1.0,,대기배출 등급·배출량 실자료 확인,자료 보완,이동식 측정 우선 검토,대기배출 등급·배출량 실자료 확인 | 이동식 측정 우선 검토,2,R-SE-air,대기 가중치 가정에 민감하다. 실제 배출 규모 자료가 필요하다.,C1-station_gap :: 최근접 측정소 3.2km로 실측 공백,행동 유형은 종류 구분이며 우선순위·위험등급이 아니다. 제안 행동은 행정적 확인 절차이지 규제·처분이 아니다.
CC0001,창원시립 대산푸른숲어린이집,어린이집,의창구,대산면,4812132000.0,stable_high,밀집형,no_axis_variation,93.2,용지동,10.54,0.0,72.0,권역 단위 배출원 관리 검토,권역 관리,이동식 측정 우선 검토,권역 단위 배출원 관리 검토 | 이동식 측정 우선 검토,2,R-SH-dense_cluster,개별 사업장보다 밀집 자체가 노출을 만든다. 시설 단독 점검으로는 부족하다.,C1-station_gap :: 최근접 측정소 10.5km로 실측 공백,행동 유형은 종류 구분이며 우선순위·위험등급이 아니다. 제안 행동은 행정적 확인 절차이지 규제·처분이 아니다.
CC0030,파티마어린이집,어린이집,의창구,명곡동,4812153000.0,stable_high,초근접형,no_axis_variation,0.0,명서동,0.73,0.0,60.0,최근접 배출원 위치 현장 확인,현장 확인,,최근접 배출원 위치 현장 확인,1,R-SH-very_close,거리가 매우 짧아 좌표 오차의 영향이 크다. 실제 이격거리부터 확인한다.,,행동 유형은 종류 구분이며 우선순위·위험등급이 아니다. 제안 행동은 행정적 확인 절차이지 규제·처분이 아니다.
CC0093,창원시립 힐스아티움어린이집,어린이집,의창구,팔룡동,4812152000.0,stable_high,대기집중형,no_axis_variation,136.6,명서동,0.82,1.0,65.0,대기배출 사업장 배출 자료 확인,자료 보완,현장 환경점검 검토,대기배출 사업장 배출 자료 확인 | 현장 환경점검 검토,2,R-SH-air_dominant,주변 배출원이 대기배출업소에 쏠려 있다. 종별·배출량 실자료가 필요하다.,C2-odor_complaint :: 동 악취 민원 1행,행동 유형은 종류 구분이며 우선순위·위험등급이 아니다. 제안 행동은 행정적 확인 절차이지 규제·처분이 아니다.
CC0109,키콕스 꿈드림 어린이집,어린이집,의창구,팔룡동,4812152000.0,stable_high,밀집형,no_axis_variation,81.2,명서동,0.84,1.0,53.0,권역 단위 배출원 관리 검토,권역 관리,현장 환경점검 검토,권역 단위 배출원 관리 검토 | 현장 환경점검 검토,2,R-SH-dense_cluster,개별 사업장보다 밀집 자체가 노출을 만든다. 시설 단독 점검으로는 부족하다.,C2-odor_complaint :: 동 악취 민원 1행,행동 유형은 종류 구분이며 우선순위·위험등급이 아니다. 제안 행동은 행정적 확인 절차이지 규제·처분이 아니다.
CC0222,창원시립 웅남어린이집,어린이집,성산구,웅남동,4812357000.0,stable_high,대기집중형,no_axis_variation,54.3,봉암동,2.57,1.0,95.0,대기배출 사업장 배출 자료 확인,자료 보완,이동식 측정 우선 검토 | 현장 환경점검 검토,대기배출 사업장 배출 자료 확인 | 이동식 측정 우선 검토 | 현장 환경점검 검토,3,R-SH-air_dominant,주변 배출원이 대기배출업소에 쏠려 있다. 종별·배출량 실자료가 필요하다.,C1-station_gap | C2-odor_complaint :: 최근접 측정소 2.6km로 실측 공백; 동 악취 민원 1행,행동 유형은 종류 구분이며 우선순위·위험등급이 아니다. 제안 행동은 행정적 확인 절차이지 규제·처분이 아니다.
CC0266,마산YWCA어린이집,어린이집,마산합포구,반월중앙동,4812556500.0,stable_high,대기집중형,no_axis_variation,133.3,월영동,1.95,0.0,78.0,대기배출 사업장 배출 자료 확인,자료 보완,,대기배출 사업장 배출 자료 확인,1,R-SH-air_dominant,주변 배출원이 대기배출업소에 쏠려 있다. 종별·배출량 실자료가 필요하다.,,행동 유형은 종류 구분이며 우선순위·위험등급이 아니다. 제안 행동은 행정적 확인 절차이지 규제·처분이 아니다.
CC0270,혜성미어린이집,어린이집,마산합포구,반월중앙동,4812556500.0,stable_high,전반 중등도형,no_axis_variation,85.5,월영동,1.77,0.0,18.0,정기 모니터링 유지,정기 모니터링,,정기 모니터링 유지,1,R-SH-broad_moderate,특정 요인이 두드러지지 않는다. 현 상태 관찰을 유지한다.,,행동 유형은 종류 구분이며 우선순위·위험등급이 아니다. 제안 행동은 행정적 확인 절차이지 규제·처분이 아니다.
CC0271,마산합포구청어린이집,어린이집,마산합포구,반월중앙동,4812556500.0,stable_high,대기집중형,no_axis_variation,86.9,월영동,1.66,0.0,42.0,대기배출 사업장 배출 자료 확인,자료 보완,,대기배출 사업장 배출 자료 확인,1,R-SH-air_dominant,주변 배출원이 대기배출업소에 쏠려 있다. 종별·배출량 실자료가 필요하다.,,행동 유형은 종류 구분이며 우선순위·위험등급이 아니다. 제안 행동은 행정적 확인 절차이지 규제·처분이 아니다.
CC0272,또래어린이집,어린이집,마산합포구,산호동,4812565000.0,stable_high,복합형,no_axis_variation,62.9,회원동,1.14,0.0,49.0,복합 배출 영향 현장 측정 검토,실측 보완,,복합 배출 영향 현장 측정 검토,1,R-SH-multi_source_type,대기·폐기물·소각이 함께 있어 단일 자료로 판단하기 어렵다.,,행동 유형은 종류 구분이며 우선순위·위험등급이 아니다. 제안 행동은 행정적 확인 절차이지 규제·처분이 아니다.
CC0273,리인어린이집,어린이집,마산합포구,산호동,4812565000.0,stable_high,밀집형,no_axis_variation,62.9,봉암동,1.31,0.0,26.0,권역 단위 배출원 관리 검토,권역 관리,,권역 단위 배출원 관리 검토,1,R-SH-dense_cluster,개별 사업장보다 밀집 자체가 노출을 만든다. 시설 단독 점검으로는 부족하다.,,행동 유형은 종류 구분이며 우선순위·위험등급이 아니다. 제안 행동은 행정적 확인 절차이지 규제·처분이 아니다.
CC0275,파스텔어린이집,어린이집,마산합포구,산호동,4812565000.0,stable_high,전반 중등도형,no_axis_variation,179.1,회원동,1.02,0.0,91.0,정기 모니터링 유지,정기 모니터링,,정기 모니터링 유지,1,R-SH-broad_moderate,특정 요인이 두드러지지 않는다. 현 상태 관찰을 유지한다.,,행동 유형은 종류 구분이며 우선순위·위험등급이 아니다. 제안 행동은 행정적 확인 절차이지 규제·처분이 아니다.
CC0277,창원시립 서성어린이집,어린이집,마산합포구,오동동,4812563000.0,stable_high,전반 중등도형,no_axis_variation,82.4,회원동,1.93,2.0,99.0,정기 모니터링 유지,정기 모니터링,현장 환경점검 검토,정기 모니터링 유지 | 현장 환경점검 검토,2,R-SH-broad_moderate,특정 요인이 두드러지지 않는다. 현 상태 관찰을 유지한다.,C2-odor_complaint :: 동 악취 민원 2행,행동 유형은 종류 구분이며 우선순위·위험등급이 아니다. 제안 행동은 행정적 확인 절차이지 규제·처분이 아니다.
CC0278,창원시립 장미어린이집,어린이집,마산합포구,오동동,4812563000.0,stable_high,전반 중등도형,no_axis_variation,88.6,회원동,2.01,2.0,45.0,정기 모니터링 유지,정기 모니터링,이동식 측정 우선 검토 | 현장 환경점검 검토,정기 모니터링 유지 | 이동식 측정 우선 검토 | 현장 환경점검 검토,3,R-SH-broad_moderate,특정 요인이 두드러지지 않는다. 현 상태 관찰을 유지한다.,C1-station_gap | C2-odor_complaint :: 최근접 측정소 2.0km로 실측 공백; 동 악취 민원 2행,행동 유형은 종류 구분이며 우선순위·위험등급이 아니다. 제안 행동은 행정적 확인 절차이지 규제·처분이 아니다.
CC0280,리틀스쿨어린이집,어린이집,마산합포구,오동동,4812563000.0,stable_high,전반 중등도형,no_axis_variation,104.9,월영동,1.73,2.0,38.0,정기 모니터링 유지,정기 모니터링,현장 환경점검 검토,정기 모니터링 유지 | 현장 환경점검 검토,2,R-SH-broad_moderate,특정 요인이 두드러지지 않는다. 현 상태 관찰을 유지한다.,C2-odor_complaint :: 동 악취 민원 2행,행동 유형은 종류 구분이며 우선순위·위험등급이 아니다. 제안 행동은 행정적 확인 절차이지 규제·처분이 아니다.
CC0282,아이굿맘어린이집,어린이집,마산합포구,오동동,4812563000.0,stable_high,밀집형,no_axis_variation,82.6,월영동,1.88,2.0,20.0,권역 단위 배출원 관리 검토,권역 관리,현장 환경점검 검토,권역 단위 배출원 관리 검토 | 현장 환경점검 검토,2,R-SH-dense_cluster,개별 사업장보다 밀집 자체가 노출을 만든다. 시설 단독 점검으로는 부족하다.,C2-odor_complaint :: 동 악취 민원 2행,행동 유형은 종류 구분이며 우선순위·위험등급이 아니다. 제안 행동은 행정적 확인 절차이지 규제·처분이 아니다.
CC0346,창원시립 구암어린이집,어린이집,마산회원구,구암2동,4812761000.0,stable_high,대기집중형,no_axis_variation,124.0,봉암동,3.89,0.0,78.0,대기배출 사업장 배출 자료 확인,자료 보완,이동식 측정 우선 검토,대기배출 사업장 배출 자료 확인 | 이동식 측정 우선 검토,2,R-SH-air_dominant,주변 배출원이 대기배출업소에 쏠려 있다. 종별·배출량 실자료가 필요하다.,C1-station_gap :: 최근접 측정소 3.9km로 실측 공백,행동 유형은 종류 구분이며 우선순위·위험등급이 아니다. 제안 행동은 행정적 확인 절차이지 규제·처분이 아니다.
CC0359,더푸른다솜어린이집,어린이집,마산회원구,내서읍,4812725000.0,stable_high,복합형,no_axis_variation,238.7,내서읍,0.98,1.0,37.0,복합 배출 영향 현장 측정 검토,실측 보완,현장 환경점검 검토,복합 배출 영향 현장 측정 검토 | 현장 환경점검 검토,2,R-SH-multi_source_type,대기·폐기물·소각이 함께 있어 단일 자료로 판단하기 어렵다.,C2-odor_complaint :: 동 악취 민원 1행,행동 유형은 종류 구분이며 우선순위·위험등급이 아니다. 제안 행동은 행정적 확인 절차이지 규제·처분이 아니다.
CC0375,참좋은어린이집,어린이집,마산회원구,내서읍,4812725000.0,stable_high,복합형,no_axis_variation,238.7,내서읍,0.98,1.0,14.0,복합 배출 영향 현장 측정 검토,실측 보완,현장 환경점검 검토,복합 배출 영향 현장 측정 검토 | 현장 환경점검 검토,2,R-SH-multi_source_type,대기·폐기물·소각이 함께 있어 단일 자료로 판단하기 어렵다.,C2-odor_complaint :: 동 악취 민원 1행,행동 유형은 종류 구분이며 우선순위·위험등급이 아니다. 제안 행동은 행정적 확인 절차이지 규제·처분이 아니다.
CC0376,푸른 어린이집,어린이집,마산회원구,내서읍,4812725000.0,stable_high,복합형,no_axis_variation,238.7,내서읍,0.98,1.0,14.0,복합 배출 영향 현장 측정 검토,실측 보완,현장 환경점검 검토,복합 배출 영향 현장 측정 검토 | 현장 환경점검 검토,2,R-SH-multi_source_type,대기·폐기물·소각이 함께 있어 단일 자료로 판단하기 어렵다.,C2-odor_complaint :: 동 악취 민원 1행,행동 유형은 종류 구분이며 우선순위·위험등급이 아니다. 제안 행동은 행정적 확인 절차이지 규제·처분이 아니다.
CC0392,창원시립 하버팰리스어린이집,어린이집,마산회원구,양덕2동,4812757000.0,stable_high,복합형,no_axis_variation,107.7,봉암동,1.18,1.0,63.0,복합 배출 영향 현장 측정 검토,실측 보완,현장 환경점검 검토,복합 배출 영향 현장 측정 검토 | 현장 환경점검 검토,2,R-SH-multi_source_type,대기·폐기물·소각이 함께 있어 단일 자료로 판단하기 어렵다.,C2-odor_complaint :: 동 악취 민원 1행,행동 유형은 종류 구분이며 우선순위·위험등급이 아니다. 제안 행동은 행정적 확인 절차이지 규제·처분이 아니다.
CC0396,메트로아이꽃뜰어린이집,어린이집,마산회원구,양덕2동,4812757000.0,stable_high,초근접형,no_axis_variation,0.0,회원동,1.12,1.0,66.0,최근접 배출원 위치 현장 확인,현장 확인,현장 환경점검 검토,최근접 배출원 위치 현장 확인 | 현장 환경점검 검토,2,R-SH-very_close,거리가 매우 짧아 좌표 오차의 영향이 크다. 실제 이격거리부터 확인한다.,C2-odor_complaint :: 동 악취 민원 1행,행동 유형은 종류 구분이며 우선순위·위험등급이 아니다. 제안 행동은 행정적 확인 절차이지 규제·처분이 아니다.
CC0399,대림어린이집,어린이집,마산회원구,양덕2동,4812757000.0,stable_high,복합형,no_axis_variation,136.9,봉암동,1.43,1.0,20.0,복합 배출 영향 현장 측정 검토,실측 보완,현장 환경점검 검토,복합 배출 영향 현장 측정 검토 | 현장 환경점검 검토,2,R-SH-multi_source_type,대기·폐기물·소각이 함께 있어 단일 자료로 판단하기 어렵다.,C2-odor_complaint :: 동 악취 민원 1행,행동 유형은 종류 구분이며 우선순위·위험등급이 아니다. 제안 행동은 행정적 확인 절차이지 규제·처분이 아니다.
CC0405,키즈누리 어린이집,어린이집,마산회원구,양덕2동,4812757000.0,stable_high,복합형,no_axis_variation,107.7,봉암동,1.18,1.0,20.0,복합 배출 영향 현장 측정 검토,실측 보완,현장 환경점검 검토,복합 배출 영향 현장 측정 검토 | 현장 환경점검 검토,2,R-SH-multi_source_type,대기·폐기물·소각이 함께 있어 단일 자료로 판단하기 어렵다.,C2-odor_complaint :: 동 악취 민원 1행,행동 유형은 종류 구분이며 우선순위·위험등급이 아니다. 제안 행동은 행정적 확인 절차이지 규제·처분이 아니다.
CC0409,해솔어린이집,어린이집,마산회원구,양덕2동,4812757000.0,stable_high,초근접형,no_axis_variation,0.0,회원동,1.25,1.0,60.0,최근접 배출원 위치 현장 확인,현장 확인,현장 환경점검 검토,최근접 배출원 위치 현장 확인 | 현장 환경점검 검토,2,R-SH-very_close,거리가 매우 짧아 좌표 오차의 영향이 크다. 실제 이격거리부터 확인한다.,C2-odor_complaint :: 동 악취 민원 1행,행동 유형은 종류 구분이며 우선순위·위험등급이 아니다. 제안 행동은 행정적 확인 절차이지 규제·처분이 아니다.
CC0445,창원시립 남양어린이집,어린이집,진해구,웅동1동,4812964000.0,stable_high,밀집형,no_axis_variation,175.3,경화동,9.09,1.0,49.0,권역 단위 배출원 관리 검토,권역 관리,이동식 측정 우선 검토 | 현장 환경점검 검토,권역 단위 배출원 관리 검토 | 이동식 측정 우선 검토 | 현장 환경점검 검토,3,R-SH-dense_cluster,개별 사업장보다 밀집 자체가 노출을 만든다. 시설 단독 점검으로는 부족하다.,C1-station_gap | C2-odor_complaint :: 최근접 측정소 9.1km로 실측 공백; 동 악취 민원 1행,행동 유형은 종류 구분이며 우선순위·위험등급이 아니다. 제안 행동은 행정적 확인 절차이지 규제·처분이 아니다.
CH0005,하나지역아동센터,지역아동센터,의창구,대산면,4812132000.0,stable_high,밀집형,no_axis_variation,45.0,용지동,10.76,0.0,,권역 단위 배출원 관리 검토,권역 관리,이동식 측정 우선 검토,권역 단위 배출원 관리 검토 | 이동식 측정 우선 검토,2,R-SH-dense_cluster,개별 사업장보다 밀집 자체가 노출을 만든다. 시설 단독 점검으로는 부족하다.,C1-station_gap :: 최근접 측정소 10.8km로 실측 공백,행동 유형은 종류 구분이며 우선순위·위험등급이 아니다. 제안 행동은 행정적 확인 절차이지 규제·처분이 아니다.
CH0050,꽃누리세상지역아동센터,지역아동센터,마산회원구,구암2동,4812761000.0,stable_high,전반 중등도형,no_axis_variation,117.0,봉암동,3.65,0.0,,정기 모니터링 유지,정기 모니터링,이동식 측정 우선 검토,정기 모니터링 유지 | 이동식 측정 우선 검토,2,R-SH-broad_moderate,특정 요인이 두드러지지 않는다. 현 상태 관찰을 유지한다.,C1-station_gap :: 최근접 측정소 3.6km로 실측 공백,행동 유형은 종류 구분이며 우선순위·위험등급이 아니다. 제안 행동은 행정적 확인 절차이지 규제·처분이 아니다.
CH0060,양덕2동지역아동센터,지역아동센터,마산회원구,양덕2동,4812757000.0,stable_high,복합형,no_axis_variation,136.9,봉암동,1.43,1.0,,복합 배출 영향 현장 측정 검토,실측 보완,현장 환경점검 검토,복합 배출 영향 현장 측정 검토 | 현장 환경점검 검토,2,R-SH-multi_source_type,대기·폐기물·소각이 함께 있어 단일 자료로 판단하기 어렵다.,C2-odor_complaint :: 동 악취 민원 1행,행동 유형은 종류 구분이며 우선순위·위험등급이 아니다. 제안 행동은 행정적 확인 절차이지 규제·처분이 아니다.
CH0063,큰샘원지역아동센터,지역아동센터,마산회원구,내서읍,4812725000.0,stable_high,대기집중형,no_axis_variation,231.3,내서읍,2.26,1.0,,대기배출 사업장 배출 자료 확인,자료 보완,이동식 측정 우선 검토 | 현장 환경점검 검토,대기배출 사업장 배출 자료 확인 | 이동식 측정 우선 검토 | 현장 환경점검 검토,3,R-SH-air_dominant,주변 배출원이 대기배출업소에 쏠려 있다. 종별·배출량 실자료가 필요하다.,C1-station_gap | C2-odor_complaint :: 최근접 측정소 2.3km로 실측 공백; 동 악취 민원 1행,행동 유형은 종류 구분이며 우선순위·위험등급이 아니다. 제안 행동은 행정적 확인 절차이지 규제·처분이 아니다.
SC0157,북가술경로당,경로당,의창구,대산면,4812132000.0,stable_high,전반 중등도형,no_axis_variation,157.6,용지동,11.43,0.0,,정기 모니터링 유지,정기 모니터링,이동식 측정 우선 검토,정기 모니터링 유지 | 이동식 측정 우선 검토,2,R-SH-broad_moderate,특정 요인이 두드러지지 않는다. 현 상태 관찰을 유지한다.,C1-station_gap :: 최근접 측정소 11.4km로 실측 공백,행동 유형은 종류 구분이며 우선순위·위험등급이 아니다. 제안 행동은 행정적 확인 절차이지 규제·처분이 아니다.
SC0159,남가술경로당,경로당,의창구,대산면,4812132000.0,stable_high,밀집형,no_axis_variation,172.7,용지동,11.27,0.0,,권역 단위 배출원 관리 검토,권역 관리,이동식 측정 우선 검토,권역 단위 배출원 관리 검토 | 이동식 측정 우선 검토,2,R-SH-dense_cluster,개별 사업장보다 밀집 자체가 노출을 만든다. 시설 단독 점검으로는 부족하다.,C1-station_gap :: 최근접 측정소 11.3km로 실측 공백,행동 유형은 종류 구분이며 우선순위·위험등급이 아니다. 제안 행동은 행정적 확인 절차이지 규제·처분이 아니다.
SC0160,남가술부인경로당,경로당,의창구,대산면,4812132000.0,stable_high,초근접형,no_axis_variation,49.4,용지동,11.16,0.0,,최근접 배출원 위치 현장 확인,현장 확인,이동식 측정 우선 검토,최근접 배출원 위치 현장 확인 | 이동식 측정 우선 검토,2,R-SH-very_close,거리가 매우 짧아 좌표 오차의 영향이 크다. 실제 이격거리부터 확인한다.,C1-station_gap :: 최근접 측정소 11.2km로 실측 공백,행동 유형은 종류 구분이며 우선순위·위험등급이 아니다. 제안 행동은 행정적 확인 절차이지 규제·처분이 아니다.
SC0161,가촌경로당,경로당,의창구,대산면,4812132000.0,stable_high,밀집형,no_axis_variation,38.9,용지동,11.27,0.0,,권역 단위 배출원 관리 검토,권역 관리,이동식 측정 우선 검토,권역 단위 배출원 관리 검토 | 이동식 측정 우선 검토,2,R-SH-dense_cluster,개별 사업장보다 밀집 자체가 노출을 만든다. 시설 단독 점검으로는 부족하다.,C1-station_gap :: 최근접 측정소 11.3km로 실측 공백,행동 유형은 종류 구분이며 우선순위·위험등급이 아니다. 제안 행동은 행정적 확인 절차이지 규제·처분이 아니다.
SC0162,장등경로당,경로당,의창구,대산면,4812132000.0,stable_high,밀집형,no_axis_variation,126.8,용지동,10.55,0.0,,권역 단위 배출원 관리 검토,권역 관리,이동식 측정 우선 검토,권역 단위 배출원 관리 검토 | 이동식 측정 우선 검토,2,R-SH-dense_cluster,개별 사업장보다 밀집 자체가 노출을 만든다. 시설 단독 점검으로는 부족하다.,C1-station_gap :: 최근접 측정소 10.6km로 실측 공백,행동 유형은 종류 구분이며 우선순위·위험등급이 아니다. 제안 행동은 행정적 확인 절차이지 규제·처분이 아니다.
SC0172,삼봉경로당,경로당,의창구,대산면,4812132000.0,stable_high,밀집형,no_axis_variation,178.6,용지동,10.93,0.0,,권역 단위 배출원 관리 검토,권역 관리,이동식 측정 우선 검토,권역 단위 배출원 관리 검토 | 이동식 측정 우선 검토,2,R-SH-dense_cluster,개별 사업장보다 밀집 자체가 노출을 만든다. 시설 단독 점검으로는 부족하다.,C1-station_gap :: 최근접 측정소 10.9km로 실측 공백,행동 유형은 종류 구분이며 우선순위·위험등급이 아니다. 제안 행동은 행정적 확인 절차이지 규제·처분이 아니다.
SC0191,대산NHF1단지경로당,경로당,의창구,대산면,4812132000.0,stable_high,밀집형,no_axis_variation,93.2,용지동,10.54,0.0,,권역 단위 배출원 관리 검토,권역 관리,이동식 측정 우선 검토,권역 단위 배출원 관리 검토 | 이동식 측정 우선 검토,2,R-SH-dense_cluster,개별 사업장보다 밀집 자체가 노출을 만든다. 시설 단독 점검으로는 부족하다.,C1-station_gap :: 최근접 측정소 10.5km로 실측 공백,행동 유형은 종류 구분이며 우선순위·위험등급이 아니다. 제안 행동은 행정적 확인 절차이지 규제·처분이 아니다.
SC0222,힐스테이트아티움시티경로당,경로당,의창구,팔룡동,4812152000.0,stable_high,대기집중형,no_axis_variation,136.6,명서동,0.82,1.0,,대기배출 사업장 배출 자료 확인,자료 보완,현장 환경점검 검토,대기배출 사업장 배출 자료 확인 | 현장 환경점검 검토,2,R-SH-air_dominant,주변 배출원이 대기배출업소에 쏠려 있다. 종별·배출량 실자료가 필요하다.,C2-odor_complaint :: 동 악취 민원 1행,행동 유형은 종류 구분이며 우선순위·위험등급이 아니다. 제안 행동은 행정적 확인 절차이지 규제·처분이 아니다.
SC0271,중앙제1경로당,경로당,성산구,중앙동,4812352000.0,stable_high,대기집중형,no_axis_variation,81.0,용지동,1.3,15.0,,대기배출 사업장 배출 자료 확인,자료 보완,현장 환경점검 검토,대기배출 사업장 배출 자료 확인 | 현장 환경점검 검토,2,R-SH-air_dominant,주변 배출원이 대기배출업소에 쏠려 있다. 종별·배출량 실자료가 필요하다.,C2-odor_complaint :: 동 악취 민원 15행,행동 유형은 종류 구분이며 우선순위·위험등급이 아니다. 제안 행동은 행정적 확인 절차이지 규제·처분이 아니다.
SC0354,한양아파트경로당,경로당,성산구,성주동,4812356000.0,stable_high,대기집중형,no_axis_variation,111.8,성주동,1.23,1.0,,대기배출 사업장 배출 자료 확인,자료 보완,현장 환경점검 검토,대기배출 사업장 배출 자료 확인 | 현장 환경점검 검토,2,R-SH-air_dominant,주변 배출원이 대기배출업소에 쏠려 있다. 종별·배출량 실자료가 필요하다.,C2-odor_complaint :: 동 악취 민원 1행,행동 유형은 종류 구분이며 우선순위·위험등급이 아니다. 제안 행동은 행정적 확인 절차이지 규제·처분이 아니다.
SC0397,신우희가로베스트경로당,경로당,마산합포구,반월중앙동,4812556500.0,stable_high,대기집중형,no_axis_variation,49.3,월영동,1.72,0.0,,대기배출 사업장 배출 자료 확인,자료 보완,,대기배출 사업장 배출 자료 확인,1,R-SH-air_dominant,주변 배출원이 대기배출업소에 쏠려 있다. 종별·배출량 실자료가 필요하다.,,행동 유형은 종류 구분이며 우선순위·위험등급이 아니다. 제안 행동은 행정적 확인 절차이지 규제·처분이 아니다.
SC0400,혜성미경로당,경로당,마산합포구,반월중앙동,4812556500.0,stable_high,전반 중등도형,no_axis_variation,85.5,월영동,1.77,0.0,,정기 모니터링 유지,정기 모니터링,,정기 모니터링 유지,1,R-SH-broad_moderate,특정 요인이 두드러지지 않는다. 현 상태 관찰을 유지한다.,,행동 유형은 종류 구분이며 우선순위·위험등급이 아니다. 제안 행동은 행정적 확인 절차이지 규제·처분이 아니다.
SC0425,망곡경로당,경로당,마산합포구,진북면,4812533000.0,stable_high,밀집형,no_axis_variation,24.1,월영동,8.45,1.0,,권역 단위 배출원 관리 검토,권역 관리,이동식 측정 우선 검토 | 현장 환경점검 검토,권역 단위 배출원 관리 검토 | 이동식 측정 우선 검토 | 현장 환경점검 검토,3,R-SH-dense_cluster,개별 사업장보다 밀집 자체가 노출을 만든다. 시설 단독 점검으로는 부족하다.,C1-station_gap | C2-odor_complaint :: 최근접 측정소 8.4km로 실측 공백; 동 악취 민원 1행,행동 유형은 종류 구분이며 우선순위·위험등급이 아니다. 제안 행동은 행정적 확인 절차이지 규제·처분이 아니다.
SC0432,신촌경로당,경로당,마산합포구,진북면,4812533000.0,stable_high,밀집형,no_axis_variation,70.6,월영동,9.52,1.0,,권역 단위 배출원 관리 검토,권역 관리,이동식 측정 우선 검토 | 현장 환경점검 검토,권역 단위 배출원 관리 검토 | 이동식 측정 우선 검토 | 현장 환경점검 검토,3,R-SH-dense_cluster,개별 사업장보다 밀집 자체가 노출을 만든다. 시설 단독 점검으로는 부족하다.,C1-station_gap | C2-odor_complaint :: 최근접 측정소 9.5km로 실측 공백; 동 악취 민원 1행,행동 유형은 종류 구분이며 우선순위·위험등급이 아니다. 제안 행동은 행정적 확인 절차이지 규제·처분이 아니다.
SC0433,연동경로당,경로당,마산합포구,진북면,4812533000.0,stable_high,대기집중형,no_axis_variation,100.7,월영동,8.57,1.0,,대기배출 사업장 배출 자료 확인,자료 보완,이동식 측정 우선 검토 | 현장 환경점검 검토,대기배출 사업장 배출 자료 확인 | 이동식 측정 우선 검토 | 현장 환경점검 검토,3,R-SH-air_dominant,주변 배출원이 대기배출업소에 쏠려 있다. 종별·배출량 실자료가 필요하다.,C1-station_gap | C2-odor_complaint :: 최근접 측정소 8.6km로 실측 공백; 동 악취 민원 1행,행동 유형은 종류 구분이며 우선순위·위험등급이 아니다. 제안 행동은 행정적 확인 절차이지 규제·처분이 아니다.
SC0588,가고파경로당,경로당,마산합포구,산호동,4812565000.0,stable_high,전반 중등도형,no_axis_variation,129.6,회원동,1.01,0.0,,정기 모니터링 유지,정기 모니터링,,정기 모니터링 유지,1,R-SH-broad_moderate,특정 요인이 두드러지지 않는다. 현 상태 관찰을 유지한다.,,행동 유형은 종류 구분이며 우선순위·위험등급이 아니다. 제안 행동은 행정적 확인 절차이지 규제·처분이 아니다.
SC0589,합포남성경로당,경로당,마산합포구,산호동,4812565000.0,stable_high,복합형,no_axis_variation,59.8,회원동,1.26,0.0,,복합 배출 영향 현장 측정 검토,실측 보완,,복합 배출 영향 현장 측정 검토,1,R-SH-multi_source_type,대기·폐기물·소각이 함께 있어 단일 자료로 판단하기 어렵다.,,행동 유형은 종류 구분이며 우선순위·위험등급이 아니다. 제안 행동은 행정적 확인 절차이지 규제·처분이 아니다.
SC0590,합포여성경로당,경로당,마산합포구,산호동,4812565000.0,stable_high,복합형,no_axis_variation,59.8,회원동,1.26,0.0,,복합 배출 영향 현장 측정 검토,실측 보완,,복합 배출 영향 현장 측정 검토,1,R-SH-multi_source_type,대기·폐기물·소각이 함께 있어 단일 자료로 판단하기 어렵다.,,행동 유형은 종류 구분이며 우선순위·위험등급이 아니다. 제안 행동은 행정적 확인 절차이지 규제·처분이 아니다.
SC0592,대한아파트경로당,경로당,마산합포구,산호동,4812565000.0,stable_high,전반 중등도형,no_axis_variation,79.2,회원동,1.05,0.0,,정기 모니터링 유지,정기 모니터링,,정기 모니터링 유지,1,R-SH-broad_moderate,특정 요인이 두드러지지 않는다. 현 상태 관찰을 유지한다.,,행동 유형은 종류 구분이며 우선순위·위험등급이 아니다. 제안 행동은 행정적 확인 절차이지 규제·처분이 아니다.
SC0593,경동리인아파트경로당,경로당,마산합포구,산호동,4812565000.0,stable_high,밀집형,no_axis_variation,41.9,봉암동,1.24,0.0,,권역 단위 배출원 관리 검토,권역 관리,,권역 단위 배출원 관리 검토,1,R-SH-dense_cluster,개별 사업장보다 밀집 자체가 노출을 만든다. 시설 단독 점검으로는 부족하다.,,행동 유형은 종류 구분이며 우선순위·위험등급이 아니다. 제안 행동은 행정적 확인 절차이지 규제·처분이 아니다.
SC0618,동서남성경로당,경로당,마산합포구,오동동,4812563000.0,stable_high,전반 중등도형,no_axis_variation,123.9,회원동,1.76,2.0,,정기 모니터링 유지,정기 모니터링,현장 환경점검 검토,정기 모니터링 유지 | 현장 환경점검 검토,2,R-SH-broad_moderate,특정 요인이 두드러지지 않는다. 현 상태 관찰을 유지한다.,C2-odor_complaint :: 동 악취 민원 2행,행동 유형은 종류 구분이며 우선순위·위험등급이 아니다. 제안 행동은 행정적 확인 절차이지 규제·처분이 아니다.
SC0619,동서여성경로당,경로당,마산합포구,오동동,4812563000.0,stable_high,전반 중등도형,no_axis_variation,123.9,회원동,1.76,2.0,,정기 모니터링 유지,정기 모니터링,현장 환경점검 검토,정기 모니터링 유지 | 현장 환경점검 검토,2,R-SH-broad_moderate,특정 요인이 두드러지지 않는다. 현 상태 관찰을 유지한다.,C2-odor_complaint :: 동 악취 민원 2행,행동 유형은 종류 구분이며 우선순위·위험등급이 아니다. 제안 행동은 행정적 확인 절차이지 규제·처분이 아니다.
SC0620,서성경로당,경로당,마산합포구,오동동,4812563000.0,stable_high,전반 중등도형,no_axis_variation,168.5,회원동,1.62,2.0,,정기 모니터링 유지,정기 모니터링,현장 환경점검 검토,정기 모니터링 유지 | 현장 환경점검 검토,2,R-SH-broad_moderate,특정 요인이 두드러지지 않는다. 현 상태 관찰을 유지한다.,C2-odor_complaint :: 동 악취 민원 2행,행동 유형은 종류 구분이며 우선순위·위험등급이 아니다. 제안 행동은 행정적 확인 절차이지 규제·처분이 아니다.
SC0621,센트럴남성경로당,경로당,마산합포구,오동동,4812563000.0,stable_high,초근접형,no_axis_variation,28.7,월영동,1.89,2.0,,최근접 배출원 위치 현장 확인,현장 확인,현장 환경점검 검토,최근접 배출원 위치 현장 확인 | 현장 환경점검 검토,2,R-SH-very_close,거리가 매우 짧아 좌표 오차의 영향이 크다. 실제 이격거리부터 확인한다.,C2-odor_complaint :: 동 악취 민원 2행,행동 유형은 종류 구분이며 우선순위·위험등급이 아니다. 제안 행동은 행정적 확인 절차이지 규제·처분이 아니다.
SC0622,센트럴여성경로당,경로당,마산합포구,오동동,4812563000.0,stable_high,초근접형,no_axis_variation,28.7,월영동,1.89,2.0,,최근접 배출원 위치 현장 확인,현장 확인,현장 환경점검 검토,최근접 배출원 위치 현장 확인 | 현장 환경점검 검토,2,R-SH-very_close,거리가 매우 짧아 좌표 오차의 영향이 크다. 실제 이격거리부터 확인한다.,C2-odor_complaint :: 동 악취 민원 2행,행동 유형은 종류 구분이며 우선순위·위험등급이 아니다. 제안 행동은 행정적 확인 절차이지 규제·처분이 아니다.
SC0624,신포경남경로당,경로당,마산합포구,오동동,4812563000.0,stable_high,밀집형,no_axis_variation,145.8,회원동,1.93,2.0,,권역 단위 배출원 관리 검토,권역 관리,현장 환경점검 검토,권역 단위 배출원 관리 검토 | 현장 환경점검 검토,2,R-SH-dense_cluster,개별 사업장보다 밀집 자체가 노출을 만든다. 시설 단독 점검으로는 부족하다.,C2-odor_complaint :: 동 악취 민원 2행,행동 유형은 종류 구분이며 우선순위·위험등급이 아니다. 제안 행동은 행정적 확인 절차이지 규제·처분이 아니다.
SC0625,마산만아이파크경로당,경로당,마산합포구,오동동,4812563000.0,stable_high,전반 중등도형,no_axis_variation,104.9,월영동,1.73,2.0,,정기 모니터링 유지,정기 모니터링,현장 환경점검 검토,정기 모니터링 유지 | 현장 환경점검 검토,2,R-SH-broad_moderate,특정 요인이 두드러지지 않는다. 현 상태 관찰을 유지한다.,C2-odor_complaint :: 동 악취 민원 2행,행동 유형은 종류 구분이며 우선순위·위험등급이 아니다. 제안 행동은 행정적 확인 절차이지 규제·처분이 아니다.
SC0626,신포새롬미리내경로당,경로당,마산합포구,오동동,4812563000.0,stable_high,밀집형,no_axis_variation,56.7,월영동,2.0,2.0,,권역 단위 배출원 관리 검토,권역 관리,현장 환경점검 검토,권역 단위 배출원 관리 검토 | 현장 환경점검 검토,2,R-SH-dense_cluster,개별 사업장보다 밀집 자체가 노출을 만든다. 시설 단독 점검으로는 부족하다.,C2-odor_complaint :: 동 악취 민원 2행,행동 유형은 종류 구분이며 우선순위·위험등급이 아니다. 제안 행동은 행정적 확인 절차이지 규제·처분이 아니다.
SC0677,내서읍경로당,경로당,마산회원구,내서읍,4812725000.0,stable_high,복합형,no_axis_variation,230.4,내서읍,2.89,1.0,,복합 배출 영향 현장 측정 검토,실측 보완,이동식 측정 우선 검토 | 현장 환경점검 검토,복합 배출 영향 현장 측정 검토 | 이동식 측정 우선 검토 | 현장 환경점검 검토,3,R-SH-multi_source_type,대기·폐기물·소각이 함께 있어 단일 자료로 판단하기 어렵다.,C1-station_gap | C2-odor_complaint :: 최근접 측정소 2.9km로 실측 공백; 동 악취 민원 1행,행동 유형은 종류 구분이며 우선순위·위험등급이 아니다. 제안 행동은 행정적 확인 절차이지 규제·처분이 아니다.
SC0682,더푸른아파트경로당,경로당,마산회원구,내서읍,4812725000.0,stable_high,복합형,no_axis_variation,238.7,내서읍,0.98,1.0,,복합 배출 영향 현장 측정 검토,실측 보완,현장 환경점검 검토,복합 배출 영향 현장 측정 검토 | 현장 환경점검 검토,2,R-SH-multi_source_type,대기·폐기물·소각이 함께 있어 단일 자료로 판단하기 어렵다.,C2-odor_complaint :: 동 악취 민원 1행,행동 유형은 종류 구분이며 우선순위·위험등급이 아니다. 제안 행동은 행정적 확인 절차이지 규제·처분이 아니다.
SC0683,동신1차아파트경로당,경로당,마산회원구,내서읍,4812725000.0,stable_high,복합형,no_axis_variation,89.0,내서읍,2.76,1.0,,복합 배출 영향 현장 측정 검토,실측 보완,이동식 측정 우선 검토 | 현장 환경점검 검토,복합 배출 영향 현장 측정 검토 | 이동식 측정 우선 검토 | 현장 환경점검 검토,3,R-SH-multi_source_type,대기·폐기물·소각이 함께 있어 단일 자료로 판단하기 어렵다.,C1-station_gap | C2-odor_complaint :: 최근접 측정소 2.8km로 실측 공백; 동 악취 민원 1행,행동 유형은 종류 구분이며 우선순위·위험등급이 아니다. 제안 행동은 행정적 확인 절차이지 규제·처분이 아니다.
SC0685,백로아파트경로당,경로당,마산회원구,내서읍,4812725000.0,stable_high,대기집중형,no_axis_variation,242.6,내서읍,1.95,1.0,,대기배출 사업장 배출 자료 확인,자료 보완,현장 환경점검 검토,대기배출 사업장 배출 자료 확인 | 현장 환경점검 검토,2,R-SH-air_dominant,주변 배출원이 대기배출업소에 쏠려 있다. 종별·배출량 실자료가 필요하다.,C2-odor_complaint :: 동 악취 민원 1행,행동 유형은 종류 구분이며 우선순위·위험등급이 아니다. 제안 행동은 행정적 확인 절차이지 규제·처분이 아니다.
SC0693,삼정경로당,경로당,마산회원구,내서읍,4812725000.0,stable_high,초근접형,no_axis_variation,21.9,내서읍,2.89,1.0,,최근접 배출원 위치 현장 확인,현장 확인,이동식 측정 우선 검토 | 현장 환경점검 검토,최근접 배출원 위치 현장 확인 | 이동식 측정 우선 검토 | 현장 환경점검 검토,3,R-SH-very_close,거리가 매우 짧아 좌표 오차의 영향이 크다. 실제 이격거리부터 확인한다.,C1-station_gap | C2-odor_complaint :: 최근접 측정소 2.9km로 실측 공백; 동 악취 민원 1행,행동 유형은 종류 구분이며 우선순위·위험등급이 아니다. 제안 행동은 행정적 확인 절차이지 규제·처분이 아니다.
SC0697,상동경로당,경로당,마산회원구,내서읍,4812725000.0,stable_high,대기집중형,no_axis_variation,285.6,내서읍,2.23,1.0,,대기배출 사업장 배출 자료 확인,자료 보완,이동식 측정 우선 검토 | 현장 환경점검 검토,대기배출 사업장 배출 자료 확인 | 이동식 측정 우선 검토 | 현장 환경점검 검토,3,R-SH-air_dominant,주변 배출원이 대기배출업소에 쏠려 있다. 종별·배출량 실자료가 필요하다.,C1-station_gap | C2-odor_complaint :: 최근접 측정소 2.2km로 실측 공백; 동 악취 민원 1행,행동 유형은 종류 구분이며 우선순위·위험등급이 아니다. 제안 행동은 행정적 확인 절차이지 규제·처분이 아니다.
SC0699,서진아파트경로당,경로당,마산회원구,내서읍,4812725000.0,stable_high,대기집중형,no_axis_variation,174.2,내서읍,1.7,1.0,,대기배출 사업장 배출 자료 확인,자료 보완,현장 환경점검 검토,대기배출 사업장 배출 자료 확인 | 현장 환경점검 검토,2,R-SH-air_dominant,주변 배출원이 대기배출업소에 쏠려 있다. 종별·배출량 실자료가 필요하다.,C2-odor_complaint :: 동 악취 민원 1행,행동 유형은 종류 구분이며 우선순위·위험등급이 아니다. 제안 행동은 행정적 확인 절차이지 규제·처분이 아니다.
SC0700,수곡경로당,경로당,마산회원구,내서읍,4812725000.0,stable_high,밀집형,no_axis_variation,52.9,내서읍,4.96,1.0,,권역 단위 배출원 관리 검토,권역 관리,이동식 측정 우선 검토 | 현장 환경점검 검토,권역 단위 배출원 관리 검토 | 이동식 측정 우선 검토 | 현장 환경점검 검토,3,R-SH-dense_cluster,개별 사업장보다 밀집 자체가 노출을 만든다. 시설 단독 점검으로는 부족하다.,C1-station_gap | C2-odor_complaint :: 최근접 측정소 5.0km로 실측 공백; 동 악취 민원 1행,행동 유형은 종류 구분이며 우선순위·위험등급이 아니다. 제안 행동은 행정적 확인 절차이지 규제·처분이 아니다.
SC0707,신평경로당,경로당,마산회원구,내서읍,4812725000.0,stable_high,밀집형,no_axis_variation,10.9,내서읍,1.64,1.0,,권역 단위 배출원 관리 검토,권역 관리,현장 환경점검 검토,권역 단위 배출원 관리 검토 | 현장 환경점검 검토,2,R-SH-dense_cluster,개별 사업장보다 밀집 자체가 노출을 만든다. 시설 단독 점검으로는 부족하다.,C2-odor_complaint :: 동 악취 민원 1행,행동 유형은 종류 구분이며 우선순위·위험등급이 아니다. 제안 행동은 행정적 확인 절차이지 규제·처분이 아니다.
SC0715,장미아파트경로당,경로당,마산회원구,내서읍,4812725000.0,stable_high,대기집중형,no_axis_variation,235.3,내서읍,1.89,1.0,,대기배출 사업장 배출 자료 확인,자료 보완,현장 환경점검 검토,대기배출 사업장 배출 자료 확인 | 현장 환경점검 검토,2,R-SH-air_dominant,주변 배출원이 대기배출업소에 쏠려 있다. 종별·배출량 실자료가 필요하다.,C2-odor_complaint :: 동 악취 민원 1행,행동 유형은 종류 구분이며 우선순위·위험등급이 아니다. 제안 행동은 행정적 확인 절차이지 규제·처분이 아니다.
SC0794,양덕2동 삼각경로당,경로당,마산회원구,양덕2동,4812757000.0,stable_high,초근접형,no_axis_variation,22.0,회원동,1.24,1.0,,최근접 배출원 위치 현장 확인,현장 확인,현장 환경점검 검토,최근접 배출원 위치 현장 확인 | 현장 환경점검 검토,2,R-SH-very_close,거리가 매우 짧아 좌표 오차의 영향이 크다. 실제 이격거리부터 확인한다.,C2-odor_complaint :: 동 악취 민원 1행,행동 유형은 종류 구분이며 우선순위·위험등급이 아니다. 제안 행동은 행정적 확인 절차이지 규제·처분이 아니다.
SC0803,대림하이빌 아파트 경로당,경로당,마산회원구,양덕2동,4812757000.0,stable_high,복합형,no_axis_variation,136.9,봉암동,1.43,1.0,,복합 배출 영향 현장 측정 검토,실측 보완,현장 환경점검 검토,복합 배출 영향 현장 측정 검토 | 현장 환경점검 검토,2,R-SH-multi_source_type,대기·폐기물·소각이 함께 있어 단일 자료로 판단하기 어렵다.,C2-odor_complaint :: 동 악취 민원 1행,행동 유형은 종류 구분이며 우선순위·위험등급이 아니다. 제안 행동은 행정적 확인 절차이지 규제·처분이 아니다.
SC0807,메트로시티2단지경로당,경로당,마산회원구,양덕2동,4812757000.0,stable_high,초근접형,no_axis_variation,0.0,회원동,1.12,1.0,,최근접 배출원 위치 현장 확인,현장 확인,현장 환경점검 검토,최근접 배출원 위치 현장 확인 | 현장 환경점검 검토,2,R-SH-very_close,거리가 매우 짧아 좌표 오차의 영향이 크다. 실제 이격거리부터 확인한다.,C2-odor_complaint :: 동 악취 민원 1행,행동 유형은 종류 구분이며 우선순위·위험등급이 아니다. 제안 행동은 행정적 확인 절차이지 규제·처분이 아니다.
SC0810,롯데캐슬하버팰리스아파트경로당,경로당,마산회원구,양덕2동,4812757000.0,stable_high,복합형,no_axis_variation,107.7,봉암동,1.18,1.0,,복합 배출 영향 현장 측정 검토,실측 보완,현장 환경점검 검토,복합 배출 영향 현장 측정 검토 | 현장 환경점검 검토,2,R-SH-multi_source_type,대기·폐기물·소각이 함께 있어 단일 자료로 판단하기 어렵다.,C2-odor_complaint :: 동 악취 민원 1행,행동 유형은 종류 구분이며 우선순위·위험등급이 아니다. 제안 행동은 행정적 확인 절차이지 규제·처분이 아니다.
SC0834,제2남성경로당,경로당,마산회원구,구암2동,4812761000.0,stable_high,대기집중형,no_axis_variation,157.0,봉암동,3.67,0.0,,대기배출 사업장 배출 자료 확인,자료 보완,이동식 측정 우선 검토,대기배출 사업장 배출 자료 확인 | 이동식 측정 우선 검토,2,R-SH-air_dominant,주변 배출원이 대기배출업소에 쏠려 있다. 종별·배출량 실자료가 필요하다.,C1-station_gap :: 최근접 측정소 3.7km로 실측 공백,행동 유형은 종류 구분이며 우선순위·위험등급이 아니다. 제안 행동은 행정적 확인 절차이지 규제·처분이 아니다.
SC0835,제2여성경로당,경로당,마산회원구,구암2동,4812761000.0,stable_high,대기집중형,no_axis_variation,157.0,봉암동,3.67,0.0,,대기배출 사업장 배출 자료 확인,자료 보완,이동식 측정 우선 검토,대기배출 사업장 배출 자료 확인 | 이동식 측정 우선 검토,2,R-SH-air_dominant,주변 배출원이 대기배출업소에 쏠려 있다. 종별·배출량 실자료가 필요하다.,C1-station_gap :: 최근접 측정소 3.7km로 실측 공백,행동 유형은 종류 구분이며 우선순위·위험등급이 아니다. 제안 행동은 행정적 확인 절차이지 규제·처분이 아니다.
SC0842,봉암동제1남성경로당,경로당,마산회원구,봉암동,4812762000.0,stable_high,복합형,no_axis_variation,165.3,봉암동,0.72,0.0,,복합 배출 영향 현장 측정 검토,실측 보완,,복합 배출 영향 현장 측정 검토,1,R-SH-multi_source_type,대기·폐기물·소각이 함께 있어 단일 자료로 판단하기 어렵다.,,행동 유형은 종류 구분이며 우선순위·위험등급이 아니다. 제안 행동은 행정적 확인 절차이지 규제·처분이 아니다.
SC0843,봉암동제1여성경로당,경로당,마산회원구,봉암동,4812762000.0,stable_high,복합형,no_axis_variation,165.3,봉암동,0.72,0.0,,복합 배출 영향 현장 측정 검토,실측 보완,,복합 배출 영향 현장 측정 검토,1,R-SH-multi_source_type,대기·폐기물·소각이 함께 있어 단일 자료로 판단하기 어렵다.,,행동 유형은 종류 구분이며 우선순위·위험등급이 아니다. 제안 행동은 행정적 확인 절차이지 규제·처분이 아니다.
SC0844,봉암동제2남성경로당,경로당,마산회원구,봉암동,4812762000.0,stable_high,밀집형,no_axis_variation,102.3,봉암동,0.63,0.0,,권역 단위 배출원 관리 검토,권역 관리,,권역 단위 배출원 관리 검토,1,R-SH-dense_cluster,개별 사업장보다 밀집 자체가 노출을 만든다. 시설 단독 점검으로는 부족하다.,,행동 유형은 종류 구분이며 우선순위·위험등급이 아니다. 제안 행동은 행정적 확인 절차이지 규제·처분이 아니다.
SC0845,봉암동제2여성경로당,경로당,마산회원구,봉암동,4812762000.0,stable_high,밀집형,no_axis_variation,102.3,봉암동,0.63,0.0,,권역 단위 배출원 관리 검토,권역 관리,,권역 단위 배출원 관리 검토,1,R-SH-dense_cluster,개별 사업장보다 밀집 자체가 노출을 만든다. 시설 단독 점검으로는 부족하다.,,행동 유형은 종류 구분이며 우선순위·위험등급이 아니다. 제안 행동은 행정적 확인 절차이지 규제·처분이 아니다.
SC0846,봉암서광아파트경로당,경로당,마산회원구,봉암동,4812762000.0,stable_high,대기집중형,no_axis_variation,196.8,봉암동,0.95,0.0,,대기배출 사업장 배출 자료 확인,자료 보완,,대기배출 사업장 배출 자료 확인,1,R-SH-air_dominant,주변 배출원이 대기배출업소에 쏠려 있다. 종별·배출량 실자료가 필요하다.,,행동 유형은 종류 구분이며 우선순위·위험등급이 아니다. 제안 행동은 행정적 확인 절차이지 규제·처분이 아니다.
SC1004,월남경로당,경로당,진해구,웅동1동,4812964000.0,stable_high,밀집형,no_axis_variation,102.8,경화동,8.89,1.0,,권역 단위 배출원 관리 검토,권역 관리,이동식 측정 우선 검토 | 현장 환경점검 검토,권역 단위 배출원 관리 검토 | 이동식 측정 우선 검토 | 현장 환경점검 검토,3,R-SH-dense_cluster,개별 사업장보다 밀집 자체가 노출을 만든다. 시설 단독 점검으로는 부족하다.,C1-station_gap | C2-odor_complaint :: 최근접 측정소 8.9km로 실측 공백; 동 악취 민원 1행,행동 유형은 종류 구분이며 우선순위·위험등급이 아니다. 제안 행동은 행정적 확인 절차이지 규제·처분이 아니다.
SC1005,영길경로당,경로당,진해구,웅동1동,4812964000.0,stable_high,밀집형,no_axis_variation,173.7,경화동,9.53,1.0,,권역 단위 배출원 관리 검토,권역 관리,이동식 측정 우선 검토 | 현장 환경점검 검토,권역 단위 배출원 관리 검토 | 이동식 측정 우선 검토 | 현장 환경점검 검토,3,R-SH-dense_cluster,개별 사업장보다 밀집 자체가 노출을 만든다. 시설 단독 점검으로는 부족하다.,C1-station_gap | C2-odor_complaint :: 최근접 측정소 9.5km로 실측 공백; 동 악취 민원 1행,행동 유형은 종류 구분이며 우선순위·위험등급이 아니다. 제안 행동은 행정적 확인 절차이지 규제·처분이 아니다.
SC1006,영길부녀경로당,경로당,진해구,웅동1동,4812964000.0,stable_high,밀집형,no_axis_variation,173.7,경화동,9.53,1.0,,권역 단위 배출원 관리 검토,권역 관리,이동식 측정 우선 검토 | 현장 환경점검 검토,권역 단위 배출원 관리 검토 | 이동식 측정 우선 검토 | 현장 환경점검 검토,3,R-SH-dense_cluster,개별 사업장보다 밀집 자체가 노출을 만든다. 시설 단독 점검으로는 부족하다.,C1-station_gap | C2-odor_complaint :: 최근접 측정소 9.5km로 실측 공백; 동 악취 민원 1행,행동 유형은 종류 구분이며 우선순위·위험등급이 아니다. 제안 행동은 행정적 확인 절차이지 규제·처분이 아니다.
SC1009,청안해오름프리존빌경로당,경로당,진해구,웅동1동,4812964000.0,stable_high,전반 중등도형,no_axis_variation,136.1,경화동,10.0,1.0,,정기 모니터링 유지,정기 모니터링,이동식 측정 우선 검토 | 현장 환경점검 검토,정기 모니터링 유지 | 이동식 측정 우선 검토 | 현장 환경점검 검토,3,R-SH-broad_moderate,특정 요인이 두드러지지 않는다. 현 상태 관찰을 유지한다.,C1-station_gap | C2-odor_complaint :: 최근접 측정소 10.0km로 실측 공백; 동 악취 민원 1행,행동 유형은 종류 구분이며 우선순위·위험등급이 아니다. 제안 행동은 행정적 확인 절차이지 규제·처분이 아니다.
SC1011,내곡경로당,경로당,진해구,웅동1동,4812964000.0,stable_high,전반 중등도형,no_axis_variation,95.2,경화동,9.79,1.0,,정기 모니터링 유지,정기 모니터링,이동식 측정 우선 검토 | 현장 환경점검 검토,정기 모니터링 유지 | 이동식 측정 우선 검토 | 현장 환경점검 검토,3,R-SH-broad_moderate,특정 요인이 두드러지지 않는다. 현 상태 관찰을 유지한다.,C1-station_gap | C2-odor_complaint :: 최근접 측정소 9.8km로 실측 공백; 동 악취 민원 1행,행동 유형은 종류 구분이며 우선순위·위험등급이 아니다. 제안 행동은 행정적 확인 절차이지 규제·처분이 아니다.
SC1016,우방아이유쉘경로당,경로당,진해구,웅동1동,4812964000.0,stable_high,밀집형,no_axis_variation,175.3,경화동,9.09,1.0,,권역 단위 배출원 관리 검토,권역 관리,이동식 측정 우선 검토 | 현장 환경점검 검토,권역 단위 배출원 관리 검토 | 이동식 측정 우선 검토 | 현장 환경점검 검토,3,R-SH-dense_cluster,개별 사업장보다 밀집 자체가 노출을 만든다. 시설 단독 점검으로는 부족하다.,C1-station_gap | C2-odor_complaint :: 최근접 측정소 9.1km로 실측 공백; 동 악취 민원 1행,행동 유형은 종류 구분이며 우선순위·위험등급이 아니다. 제안 행동은 행정적 확인 절차이지 규제·처분이 아니다.
CC0220,창원시청어린이집,어린이집,성산구,용지동,4812351500.0,stable_high,대기집중형,distance,0.0,용지동,0.9,0.0,77.0,대기배출 사업장 배출 자료 확인,자료 보완,,대기배출 사업장 배출 자료 확인,1,R-SH-air_dominant,주변 배출원이 대기배출업소에 쏠려 있다. 종별·배출량 실자료가 필요하다.,,행동 유형은 종류 구분이며 우선순위·위험등급이 아니다. 제안 행동은 행정적 확인 절차이지 규제·처분이 아니다.
CC0232,창원중앙어린이집,어린이집,성산구,중앙동,4812352000.0,stable_high,초근접형,distance,0.0,용지동,1.22,15.0,49.0,최근접 배출원 위치 현장 확인,현장 확인,현장 환경점검 검토,최근접 배출원 위치 현장 확인 | 현장 환경점검 검토,2,R-SH-very_close,거리가 매우 짧아 좌표 오차의 영향이 크다. 실제 이격거리부터 확인한다.,C2-odor_complaint :: 동 악취 민원 15행,행동 유형은 종류 구분이며 우선순위·위험등급이 아니다. 제안 행동은 행정적 확인 절차이지 규제·처분이 아니다.
CC0283,경남청사 예다움어린이집,어린이집,마산합포구,오동동,4812563000.0,stable_high,대기집중형,distance,0.0,월영동,1.56,2.0,58.0,대기배출 사업장 배출 자료 확인,자료 보완,현장 환경점검 검토,대기배출 사업장 배출 자료 확인 | 현장 환경점검 검토,2,R-SH-air_dominant,주변 배출원이 대기배출업소에 쏠려 있다. 종별·배출량 실자료가 필요하다.,C2-odor_complaint :: 동 악취 민원 2행,행동 유형은 종류 구분이며 우선순위·위험등급이 아니다. 제안 행동은 행정적 확인 절차이지 규제·처분이 아니다.
CC0348,아마데우스어린이집,어린이집,마산회원구,구암2동,4812761000.0,stable_high,전반 중등도형,distance,97.4,봉암동,3.61,0.0,45.0,정기 모니터링 유지,정기 모니터링,이동식 측정 우선 검토,정기 모니터링 유지 | 이동식 측정 우선 검토,2,R-SH-broad_moderate,특정 요인이 두드러지지 않는다. 현 상태 관찰을 유지한다.,C1-station_gap :: 최근접 측정소 3.6km로 실측 공백,행동 유형은 종류 구분이며 우선순위·위험등급이 아니다. 제안 행동은 행정적 확인 절차이지 규제·처분이 아니다.
SC0270,중앙경로당,경로당,성산구,중앙동,4812352000.0,stable_high,대기집중형,distance,52.9,용지동,1.27,15.0,,대기배출 사업장 배출 자료 확인,자료 보완,현장 환경점검 검토,대기배출 사업장 배출 자료 확인 | 현장 환경점검 검토,2,R-SH-air_dominant,주변 배출원이 대기배출업소에 쏠려 있다. 종별·배출량 실자료가 필요하다.,C2-odor_complaint :: 동 악취 민원 15행,행동 유형은 종류 구분이며 우선순위·위험등급이 아니다. 제안 행동은 행정적 확인 절차이지 규제·처분이 아니다.
SC0436,외추경로당,경로당,마산합포구,진북면,4812533000.0,stable_high,대기집중형,distance,63.1,내서읍,8.01,1.0,,대기배출 사업장 배출 자료 확인,자료 보완,이동식 측정 우선 검토 | 현장 환경점검 검토,대기배출 사업장 배출 자료 확인 | 이동식 측정 우선 검토 | 현장 환경점검 검토,3,R-SH-air_dominant,주변 배출원이 대기배출업소에 쏠려 있다. 종별·배출량 실자료가 필요하다.,C1-station_gap | C2-odor_complaint :: 최근접 측정소 8.0km로 실측 공백; 동 악취 민원 1행,행동 유형은 종류 구분이며 우선순위·위험등급이 아니다. 제안 행동은 행정적 확인 절차이지 규제·처분이 아니다.
SC0832,제1남성경로당,경로당,마산회원구,구암2동,4812761000.0,stable_high,전반 중등도형,distance,97.4,봉암동,3.61,0.0,,정기 모니터링 유지,정기 모니터링,이동식 측정 우선 검토,정기 모니터링 유지 | 이동식 측정 우선 검토,2,R-SH-broad_moderate,특정 요인이 두드러지지 않는다. 현 상태 관찰을 유지한다.,C1-station_gap :: 최근접 측정소 3.6km로 실측 공백,행동 유형은 종류 구분이며 우선순위·위험등급이 아니다. 제안 행동은 행정적 확인 절차이지 규제·처분이 아니다.
SC0833,제1여성경로당,경로당,마산회원구,구암2동,4812761000.0,stable_high,전반 중등도형,distance,97.4,봉암동,3.61,0.0,,정기 모니터링 유지,정기 모니터링,이동식 측정 우선 검토,정기 모니터링 유지 | 이동식 측정 우선 검토,2,R-SH-broad_moderate,특정 요인이 두드러지지 않는다. 현 상태 관찰을 유지한다.,C1-station_gap :: 최근접 측정소 3.6km로 실측 공백,행동 유형은 종류 구분이며 우선순위·위험등급이 아니다. 제안 행동은 행정적 확인 절차이지 규제·처분이 아니다.
CC0080,창원시립 유니시티1단지어린이집,어린이집,의창구,의창동,4812151000.0,other,,distance,0.0,명서동,1.89,0.0,82.0,정기 모니터링 유지,정기 모니터링,,정기 모니터링 유지,1,R-OT-default,반복 상위 노출군에 들지 않았다.,,행동 유형은 종류 구분이며 우선순위·위험등급이 아니다. 제안 행동은 행정적 확인 절차이지 규제·처분이 아니다.
CC0085,다숲어린이집,어린이집,의창구,의창동,4812151000.0,other,,distance,127.2,명서동,2.79,0.0,23.0,정기 모니터링 유지,정기 모니터링,,정기 모니터링 유지,1,R-OT-default,반복 상위 노출군에 들지 않았다.,,행동 유형은 종류 구분이며 우선순위·위험등급이 아니다. 제안 행동은 행정적 확인 절차이지 규제·처분이 아니다.
CC0143,아이친구어린이집,어린이집,성산구,반송동,4812351000.0,other,,distance,0.0,용지동,0.78,0.0,19.0,정기 모니터링 유지,정기 모니터링,,정기 모니터링 유지,1,R-OT-default,반복 상위 노출군에 들지 않았다.,,행동 유형은 종류 구분이며 우선순위·위험등급이 아니다. 제안 행동은 행정적 확인 절차이지 규제·처분이 아니다.
CC0244,KIMS어린이집,어린이집,성산구,중앙동,4812352000.0,other,,distance,0.0,웅남동,1.8,15.0,49.0,정기 모니터링 유지,정기 모니터링,,정기 모니터링 유지,1,R-OT-default,반복 상위 노출군에 들지 않았다.,,행동 유형은 종류 구분이며 우선순위·위험등급이 아니다. 제안 행동은 행정적 확인 절차이지 규제·처분이 아니다.
CC0436,근로복지공단 진해어린이집,어린이집,진해구,석동,4812958000.0,other,,distance,88.8,경화동,0.78,0.0,140.0,정기 모니터링 유지,정기 모니터링,,정기 모니터링 유지,1,R-OT-default,반복 상위 노출군에 들지 않았다.,,행동 유형은 종류 구분이며 우선순위·위험등급이 아니다. 제안 행동은 행정적 확인 절차이지 규제·처분이 아니다.
CH0049,행복한지역아동센터,지역아동센터,마산합포구,오동동,4812563000.0,other,,distance,45.5,회원동,1.31,2.0,,정기 모니터링 유지,정기 모니터링,,정기 모니터링 유지,1,R-OT-default,반복 상위 노출군에 들지 않았다.,,행동 유형은 종류 구분이며 우선순위·위험등급이 아니다. 제안 행동은 행정적 확인 절차이지 규제·처분이 아니다.
SC0203,대동다숲아파트경로당,경로당,의창구,의창동,4812151000.0,other,,distance,127.2,명서동,2.79,0.0,,정기 모니터링 유지,정기 모니터링,,정기 모니터링 유지,1,R-OT-default,반복 상위 노출군에 들지 않았다.,,행동 유형은 종류 구분이며 우선순위·위험등급이 아니다. 제안 행동은 행정적 확인 절차이지 규제·처분이 아니다.
SC0207,무학서문마을아파트경로당,경로당,의창구,의창동,4812151000.0,other,,distance,89.9,명서동,2.71,0.0,,정기 모니터링 유지,정기 모니터링,,정기 모니터링 유지,1,R-OT-default,반복 상위 노출군에 들지 않았다.,,행동 유형은 종류 구분이며 우선순위·위험등급이 아니다. 제안 행동은 행정적 확인 절차이지 규제·처분이 아니다.
SC0208,유니시티1단지아파트경로당,경로당,의창구,의창동,4812151000.0,other,,distance,0.0,명서동,1.89,0.0,,정기 모니터링 유지,정기 모니터링,,정기 모니터링 유지,1,R-OT-default,반복 상위 노출군에 들지 않았다.,,행동 유형은 종류 구분이며 우선순위·위험등급이 아니다. 제안 행동은 행정적 확인 절차이지 규제·처분이 아니다.
SC0261,현대건설A 경로당,경로당,성산구,반송동,4812351000.0,other,,distance,0.0,용지동,0.86,0.0,,정기 모니터링 유지,정기 모니터링,,정기 모니터링 유지,1,R-OT-default,반복 상위 노출군에 들지 않았다.,,행동 유형은 종류 구분이며 우선순위·위험등급이 아니다. 제안 행동은 행정적 확인 절차이지 규제·처분이 아니다.
SC0262,현대산업A 경로당,경로당,성산구,반송동,4812351000.0,other,,distance,0.0,용지동,0.78,0.0,,정기 모니터링 유지,정기 모니터링,,정기 모니터링 유지,1,R-OT-default,반복 상위 노출군에 들지 않았다.,,행동 유형은 종류 구분이며 우선순위·위험등급이 아니다. 제안 행동은 행정적 확인 절차이지 규제·처분이 아니다.
SC0443,중촌경로당,경로당,마산합포구,진북면,4812533000.0,other,,distance,105.3,내서읍,6.76,1.0,,정기 모니터링 유지,정기 모니터링,,정기 모니터링 유지,1,R-OT-default,반복 상위 노출군에 들지 않았다.,,행동 유형은 종류 구분이며 우선순위·위험등급이 아니다. 제안 행동은 행정적 확인 절차이지 규제·처분이 아니다.
SC0484,봉암경로당,경로당,마산합포구,진전면,,other,,distance,176.7,봉암동,1.28,0.0,,정기 모니터링 유지,정기 모니터링,,정기 모니터링 유지,1,R-OT-default,반복 상위 노출군에 들지 않았다.,,행동 유형은 종류 구분이며 우선순위·위험등급이 아니다. 제안 행동은 행정적 확인 절차이지 규제·처분이 아니다.
SC0717,죽암경로당,경로당,마산회원구,내서읍,4812725000.0,other,,distance,146.8,내서읍,3.35,1.0,,정기 모니터링 유지,정기 모니터링,,정기 모니터링 유지,1,R-OT-default,반복 상위 노출군에 들지 않았다.,,행동 유형은 종류 구분이며 우선순위·위험등급이 아니다. 제안 행동은 행정적 확인 절차이지 규제·처분이 아니다.
SC0847,봉암본동경로당,경로당,마산회원구,봉암동,4812762000.0,other,,distance,175.8,봉암동,1.27,0.0,,정기 모니터링 유지,정기 모니터링,,정기 모니터링 유지,1,R-OT-default,반복 상위 노출군에 들지 않았다.,,행동 유형은 종류 구분이며 우선순위·위험등급이 아니다. 제안 행동은 행정적 확인 절차이지 규제·처분이 아니다.
SC0848,봉암본동부녀경로당,경로당,마산회원구,봉암동,4812762000.0,other,,distance,175.8,봉암동,1.27,0.0,,정기 모니터링 유지,정기 모니터링,,정기 모니터링 유지,1,R-OT-default,반복 상위 노출군에 들지 않았다.,,행동 유형은 종류 구분이며 우선순위·위험등급이 아니다. 제안 행동은 행정적 확인 절차이지 규제·처분이 아니다.
SC0961,장천동경로당,경로당,진해구,풍호동,4812962000.0,other,,distance,140.4,경화동,3.11,1.0,,정기 모니터링 유지,정기 모니터링,,정기 모니터링 유지,1,R-OT-default,반복 상위 노출군에 들지 않았다.,,행동 유형은 종류 구분이며 우선순위·위험등급이 아니다. 제안 행동은 행정적 확인 절차이지 규제·처분이 아니다.
SC0962,장천동부녀경로당,경로당,진해구,풍호동,4812962000.0,other,,distance,140.4,경화동,3.11,1.0,,정기 모니터링 유지,정기 모니터링,,정기 모니터링 유지,1,R-OT-default,반복 상위 노출군에 들지 않았다.,,행동 유형은 종류 구분이며 우선순위·위험등급이 아니다. 제안 행동은 행정적 확인 절차이지 규제·처분이 아니다.
SC0972,장천대동다숲부녀경로당,경로당,진해구,풍호동,4812962000.0,other,,distance,133.8,경화동,3.18,1.0,,정기 모니터링 유지,정기 모니터링,,정기 모니터링 유지,1,R-OT-default,반복 상위 노출군에 들지 않았다.,,행동 유형은 종류 구분이며 우선순위·위험등급이 아니다. 제안 행동은 행정적 확인 절차이지 규제·처분이 아니다.
CC0003,청아어린이집,어린이집,의창구,동읍,4812125000.0,other,,no_axis_variation,128.9,용지동,4.71,1.0,111.0,정기 모니터링 유지,정기 모니터링,,정기 모니터링 유지,1,R-OT-default,반복 상위 노출군에 들지 않았다.,,행동 유형은 종류 구분이며 우선순위·위험등급이 아니다. 제안 행동은 행정적 확인 절차이지 규제·처분이 아니다.
CC0004,청음어린이집,어린이집,의창구,동읍,4812125000.0,other,,no_axis_variation,129.0,용지동,4.72,1.0,46.0,정기 모니터링 유지,정기 모니터링,,정기 모니터링 유지,1,R-OT-default,반복 상위 노출군에 들지 않았다.,,행동 유형은 종류 구분이며 우선순위·위험등급이 아니다. 제안 행동은 행정적 확인 절차이지 규제·처분이 아니다.
CC0005,꿈샘어린이집,어린이집,의창구,동읍,4812125000.0,other,,no_axis_variation,71.0,용지동,4.55,1.0,39.0,정기 모니터링 유지,정기 모니터링,,정기 모니터링 유지,1,R-OT-default,반복 상위 노출군에 들지 않았다.,,행동 유형은 종류 구분이며 우선순위·위험등급이 아니다. 제안 행동은 행정적 확인 절차이지 규제·처분이 아니다.
CC0006,동읍다람어린이집,어린이집,의창구,동읍,4812125000.0,other,,no_axis_variation,238.7,용지동,4.95,1.0,29.0,정기 모니터링 유지,정기 모니터링,,정기 모니터링 유지,1,R-OT-default,반복 상위 노출군에 들지 않았다.,,행동 유형은 종류 구분이며 우선순위·위험등급이 아니다. 제안 행동은 행정적 확인 절차이지 규제·처분이 아니다.
CC0007,무궁화어린이집,어린이집,의창구,동읍,4812125000.0,other,,no_axis_variation,131.7,용지동,4.88,1.0,39.0,정기 모니터링 유지,정기 모니터링,,정기 모니터링 유지,1,R-OT-default,반복 상위 노출군에 들지 않았다.,,행동 유형은 종류 구분이며 우선순위·위험등급이 아니다. 제안 행동은 행정적 확인 절차이지 규제·처분이 아니다.
CC0008,햇살나무어린이집,어린이집,의창구,동읍,4812125000.0,other,,no_axis_variation,236.4,용지동,5.28,1.0,60.0,정기 모니터링 유지,정기 모니터링,,정기 모니터링 유지,1,R-OT-default,반복 상위 노출군에 들지 않았다.,,행동 유형은 종류 구분이며 우선순위·위험등급이 아니다. 제안 행동은 행정적 확인 절차이지 규제·처분이 아니다.
CC0009,동부산솔밭어린이집,어린이집,의창구,동읍,4812125000.0,other,,no_axis_variation,213.5,용지동,4.79,1.0,20.0,정기 모니터링 유지,정기 모니터링,,정기 모니터링 유지,1,R-OT-default,반복 상위 노출군에 들지 않았다.,,행동 유형은 종류 구분이며 우선순위·위험등급이 아니다. 제안 행동은 행정적 확인 절차이지 규제·처분이 아니다.
CC0010,동창원어린이집,어린이집,의창구,동읍,4812125000.0,other,,no_axis_variation,341.5,용지동,4.89,1.0,18.0,정기 모니터링 유지,정기 모니터링,,정기 모니터링 유지,1,R-OT-default,반복 상위 노출군에 들지 않았다.,,행동 유형은 종류 구분이며 우선순위·위험등급이 아니다. 제안 행동은 행정적 확인 절차이지 규제·처분이 아니다.
CC0011,칠성그린어린이집,어린이집,의창구,동읍,4812125000.0,other,,no_axis_variation,155.2,명서동,6.41,1.0,80.0,정기 모니터링 유지,정기 모니터링,,정기 모니터링 유지,1,R-OT-default,반복 상위 노출군에 들지 않았다.,,행동 유형은 종류 구분이며 우선순위·위험등급이 아니다. 제안 행동은 행정적 확인 절차이지 규제·처분이 아니다.
CC0012,창원시립 명곡어린이집,어린이집,의창구,명곡동,4812153000.0,other,,no_axis_variation,138.1,명서동,1.18,0.0,45.0,정기 모니터링 유지,정기 모니터링,,정기 모니터링 유지,1,R-OT-default,반복 상위 노출군에 들지 않았다.,,행동 유형은 종류 구분이며 우선순위·위험등급이 아니다. 제안 행동은 행정적 확인 절차이지 규제·처분이 아니다.
CC0013,창원시립 명곡포엘른어린이집,어린이집,의창구,명곡동,4812153000.0,other,,no_axis_variation,564.1,명서동,1.49,0.0,47.0,정기 모니터링 유지,정기 모니터링,,정기 모니터링 유지,1,R-OT-default,반복 상위 노출군에 들지 않았다.,,행동 유형은 종류 구분이며 우선순위·위험등급이 아니다. 제안 행동은 행정적 확인 절차이지 규제·처분이 아니다.
CC0014,창원시립 호산나어린이집,어린이집,의창구,명곡동,4812153000.0,other,,no_axis_variation,176.1,명서동,1.4,0.0,45.0,정기 모니터링 유지,정기 모니터링,,정기 모니터링 유지,1,R-OT-default,반복 상위 노출군에 들지 않았다.,,행동 유형은 종류 구분이며 우선순위·위험등급이 아니다. 제안 행동은 행정적 확인 절차이지 규제·처분이 아니다.
CC0015,사랑의어린이집,어린이집,의창구,명곡동,4812153000.0,other,,no_axis_variation,465.6,명서동,1.15,0.0,70.0,정기 모니터링 유지,정기 모니터링,,정기 모니터링 유지,1,R-OT-default,반복 상위 노출군에 들지 않았다.,,행동 유형은 종류 구분이며 우선순위·위험등급이 아니다. 제안 행동은 행정적 확인 절차이지 규제·처분이 아니다.
CC0016,무지개어린이집,어린이집,의창구,명곡동,4812153000.0,other,,no_axis_variation,139.7,명서동,2.0,0.0,35.0,정기 모니터링 유지,정기 모니터링,,정기 모니터링 유지,1,R-OT-default,반복 상위 노출군에 들지 않았다.,,행동 유형은 종류 구분이며 우선순위·위험등급이 아니다. 제안 행동은 행정적 확인 절차이지 규제·처분이 아니다.
CC0017,브레인영재어린이집,어린이집,의창구,명곡동,4812153000.0,other,,no_axis_variation,153.0,명서동,1.71,0.0,62.0,정기 모니터링 유지,정기 모니터링,,정기 모니터링 유지,1,R-OT-default,반복 상위 노출군에 들지 않았다.,,행동 유형은 종류 구분이며 우선순위·위험등급이 아니다. 제안 행동은 행정적 확인 절차이지 규제·처분이 아니다.
CC0018,새순어린이집,어린이집,의창구,명곡동,4812153000.0,other,,no_axis_variation,101.1,명서동,1.29,0.0,99.0,정기 모니터링 유지,정기 모니터링,,정기 모니터링 유지,1,R-OT-default,반복 상위 노출군에 들지 않았다.,,행동 유형은 종류 구분이며 우선순위·위험등급이 아니다. 제안 행동은 행정적 확인 절차이지 규제·처분이 아니다.
CC0019,아이사랑어린이집,어린이집,의창구,명곡동,4812153000.0,other,,no_axis_variation,165.7,명서동,1.54,0.0,39.0,정기 모니터링 유지,정기 모니터링,,정기 모니터링 유지,1,R-OT-default,반복 상위 노출군에 들지 않았다.,,행동 유형은 종류 구분이며 우선순위·위험등급이 아니다. 제안 행동은 행정적 확인 절차이지 규제·처분이 아니다.
CC0020,양지어린이집,어린이집,의창구,명곡동,4812153000.0,other,,no_axis_variation,215.6,명서동,1.68,0.0,39.0,정기 모니터링 유지,정기 모니터링,,정기 모니터링 유지,1,R-OT-default,반복 상위 노출군에 들지 않았다.,,행동 유형은 종류 구분이며 우선순위·위험등급이 아니다. 제안 행동은 행정적 확인 절차이지 규제·처분이 아니다.
CC0021,예림어린이집,어린이집,의창구,명곡동,4812153000.0,other,,no_axis_variation,182.4,명서동,1.09,0.0,43.0,정기 모니터링 유지,정기 모니터링,,정기 모니터링 유지,1,R-OT-default,반복 상위 노출군에 들지 않았다.,,행동 유형은 종류 구분이며 우선순위·위험등급이 아니다. 제안 행동은 행정적 확인 절차이지 규제·처분이 아니다.
CC0022,키즈숲어린이집,어린이집,의창구,명곡동,4812153000.0,other,,no_axis_variation,133.4,명서동,1.55,0.0,34.0,정기 모니터링 유지,정기 모니터링,,정기 모니터링 유지,1,R-OT-default,반복 상위 노출군에 들지 않았다.,,행동 유형은 종류 구분이며 우선순위·위험등급이 아니다. 제안 행동은 행정적 확인 절차이지 규제·처분이 아니다.
CC0023,하버드영재어린이집,어린이집,의창구,명곡동,4812153000.0,other,,no_axis_variation,25.4,명서동,1.41,0.0,33.0,정기 모니터링 유지,정기 모니터링,,정기 모니터링 유지,1,R-OT-default,반복 상위 노출군에 들지 않았다.,,행동 유형은 종류 구분이며 우선순위·위험등급이 아니다. 제안 행동은 행정적 확인 절차이지 규제·처분이 아니다.
CC0024,행복한아이어린이집,어린이집,의창구,명곡동,4812153000.0,other,,no_axis_variation,105.2,명서동,1.52,0.0,31.0,정기 모니터링 유지,정기 모니터링,,정기 모니터링 유지,1,R-OT-default,반복 상위 노출군에 들지 않았다.,,행동 유형은 종류 구분이며 우선순위·위험등급이 아니다. 제안 행동은 행정적 확인 절차이지 규제·처분이 아니다.
CC0025,나무향기어린이집,어린이집,의창구,명곡동,4812153000.0,other,,no_axis_variation,272.3,명서동,0.65,0.0,20.0,정기 모니터링 유지,정기 모니터링,,정기 모니터링 유지,1,R-OT-default,반복 상위 노출군에 들지 않았다.,,행동 유형은 종류 구분이며 우선순위·위험등급이 아니다. 제안 행동은 행정적 확인 절차이지 규제·처분이 아니다.
CC0026,샘물어린이집,어린이집,의창구,명곡동,4812153000.0,other,,no_axis_variation,316.4,명서동,1.01,0.0,20.0,정기 모니터링 유지,정기 모니터링,,정기 모니터링 유지,1,R-OT-default,반복 상위 노출군에 들지 않았다.,,행동 유형은 종류 구분이며 우선순위·위험등급이 아니다. 제안 행동은 행정적 확인 절차이지 규제·처분이 아니다.
CC0027,성신어린이집,어린이집,의창구,명곡동,4812153000.0,other,,no_axis_variation,218.5,명서동,0.88,0.0,12.0,정기 모니터링 유지,정기 모니터링,,정기 모니터링 유지,1,R-OT-default,반복 상위 노출군에 들지 않았다.,,행동 유형은 종류 구분이며 우선순위·위험등급이 아니다. 제안 행동은 행정적 확인 절차이지 규제·처분이 아니다.
CC0028,소망어린이집,어린이집,의창구,명곡동,4812153000.0,other,,no_axis_variation,223.0,명서동,0.88,0.0,20.0,정기 모니터링 유지,정기 모니터링,,정기 모니터링 유지,1,R-OT-default,반복 상위 노출군에 들지 않았다.,,행동 유형은 종류 구분이며 우선순위·위험등급이 아니다. 제안 행동은 행정적 확인 절차이지 규제·처분이 아니다.
CC0029,신나는어린이집,어린이집,의창구,명곡동,4812153000.0,other,,no_axis_variation,553.7,명서동,0.28,0.0,20.0,정기 모니터링 유지,정기 모니터링,,정기 모니터링 유지,1,R-OT-default,반복 상위 노출군에 들지 않았다.,,행동 유형은 종류 구분이며 우선순위·위험등급이 아니다. 제안 행동은 행정적 확인 절차이지 규제·처분이 아니다.
CC0031,창원시립 봉곡어린이집,어린이집,의창구,봉림동,4812154000.0,other,,no_axis_variation,625.7,명서동,1.55,0.0,110.0,정기 모니터링 유지,정기 모니터링,,정기 모니터링 유지,1,R-OT-default,반복 상위 노출군에 들지 않았다.,,행동 유형은 종류 구분이며 우선순위·위험등급이 아니다. 제안 행동은 행정적 확인 절차이지 규제·처분이 아니다.
CC0032,창원시립 사림어린이집,어린이집,의창구,봉림동,4812154000.0,other,,no_axis_variation,279.7,용지동,1.0,0.0,94.0,정기 모니터링 유지,정기 모니터링,,정기 모니터링 유지,1,R-OT-default,반복 상위 노출군에 들지 않았다.,,행동 유형은 종류 구분이며 우선순위·위험등급이 아니다. 제안 행동은 행정적 확인 절차이지 규제·처분이 아니다.
CC0033,성아어린이집,어린이집,의창구,봉림동,4812154000.0,other,,no_axis_variation,169.2,용지동,2.09,0.0,135.0,정기 모니터링 유지,정기 모니터링,,정기 모니터링 유지,1,R-OT-default,반복 상위 노출군에 들지 않았다.,,행동 유형은 종류 구분이며 우선순위·위험등급이 아니다. 제안 행동은 행정적 확인 절차이지 규제·처분이 아니다.
CC0034,새창원교회부설어린이집,어린이집,의창구,봉림동,4812154000.0,other,,no_axis_variation,545.2,용지동,0.77,0.0,90.0,정기 모니터링 유지,정기 모니터링,,정기 모니터링 유지,1,R-OT-default,반복 상위 노출군에 들지 않았다.,,행동 유형은 종류 구분이며 우선순위·위험등급이 아니다. 제안 행동은 행정적 확인 절차이지 규제·처분이 아니다.
CC0035,자연봄어린이집,어린이집,의창구,봉림동,4812154000.0,other,,no_axis_variation,105.3,용지동,2.36,0.0,39.0,정기 모니터링 유지,정기 모니터링,,정기 모니터링 유지,1,R-OT-default,반복 상위 노출군에 들지 않았다.,,행동 유형은 종류 구분이며 우선순위·위험등급이 아니다. 제안 행동은 행정적 확인 절차이지 규제·처분이 아니다.
CC0036,꿀벌어린이집,어린이집,의창구,봉림동,4812154000.0,other,,no_axis_variation,126.2,용지동,1.43,0.0,20.0,정기 모니터링 유지,정기 모니터링,,정기 모니터링 유지,1,R-OT-default,반복 상위 노출군에 들지 않았다.,,행동 유형은 종류 구분이며 우선순위·위험등급이 아니다. 제안 행동은 행정적 확인 절차이지 규제·처분이 아니다.
CC0037,다정어린이집,어린이집,의창구,봉림동,4812154000.0,other,,no_axis_variation,424.8,명서동,1.31,0.0,20.0,정기 모니터링 유지,정기 모니터링,,정기 모니터링 유지,1,R-OT-default,반복 상위 노출군에 들지 않았다.,,행동 유형은 종류 구분이며 우선순위·위험등급이 아니다. 제안 행동은 행정적 확인 절차이지 규제·처분이 아니다.
CC0038,은비어린이집,어린이집,의창구,봉림동,4812154000.0,other,,no_axis_variation,385.2,명서동,2.14,0.0,20.0,정기 모니터링 유지,정기 모니터링,,정기 모니터링 유지,1,R-OT-default,반복 상위 노출군에 들지 않았다.,,행동 유형은 종류 구분이며 우선순위·위험등급이 아니다. 제안 행동은 행정적 확인 절차이지 규제·처분이 아니다.
CC0039,피닉스자연숲어린이집,어린이집,의창구,봉림동,4812154000.0,other,,no_axis_variation,123.8,용지동,2.4,0.0,20.0,정기 모니터링 유지,정기 모니터링,,정기 모니터링 유지,1,R-OT-default,반복 상위 노출군에 들지 않았다.,,행동 유형은 종류 구분이며 우선순위·위험등급이 아니다. 제안 행동은 행정적 확인 절차이지 규제·처분이 아니다.
CC0040,휴먼어린이집,어린이집,의창구,봉림동,4812154000.0,other,,no_axis_variation,285.9,명서동,2.26,0.0,20.0,정기 모니터링 유지,정기 모니터링,,정기 모니터링 유지,1,R-OT-default,반복 상위 노출군에 들지 않았다.,,행동 유형은 종류 구분이며 우선순위·위험등급이 아니다. 제안 행동은 행정적 확인 절차이지 규제·처분이 아니다.
CC0041,경상남도청어린이집,어린이집,의창구,봉림동,4812154000.0,other,,no_axis_variation,251.3,용지동,1.07,0.0,133.0,정기 모니터링 유지,정기 모니터링,,정기 모니터링 유지,1,R-OT-default,반복 상위 노출군에 들지 않았다.,,행동 유형은 종류 구분이며 우선순위·위험등급이 아니다. 제안 행동은 행정적 확인 절차이지 규제·처분이 아니다.
CC0043,미래나무어린이집,어린이집,의창구,봉림동,4812154000.0,other,,no_axis_variation,466.2,명서동,2.13,0.0,300.0,정기 모니터링 유지,정기 모니터링,,정기 모니터링 유지,1,R-OT-default,반복 상위 노출군에 들지 않았다.,,행동 유형은 종류 구분이며 우선순위·위험등급이 아니다. 제안 행동은 행정적 확인 절차이지 규제·처분이 아니다.
CC0044,창원시립 감계아내어린이집,어린이집,의창구,북면,4812131000.0,other,,no_axis_variation,250.7,명서동,7.65,1.0,44.0,정기 모니터링 유지,정기 모니터링,,정기 모니터링 유지,1,R-OT-default,반복 상위 노출군에 들지 않았다.,,행동 유형은 종류 구분이며 우선순위·위험등급이 아니다. 제안 행동은 행정적 확인 절차이지 규제·처분이 아니다.
CC0045,창원시립 감계은빛어린이집,어린이집,의창구,북면,4812131000.0,other,,no_axis_variation,166.3,명서동,7.79,1.0,20.0,정기 모니터링 유지,정기 모니터링,,정기 모니터링 유지,1,R-OT-default,반복 상위 노출군에 들지 않았다.,,행동 유형은 종류 구분이며 우선순위·위험등급이 아니다. 제안 행동은 행정적 확인 절차이지 규제·처분이 아니다.
CC0046,창원시립 무동별빛어린이집,어린이집,의창구,북면,4812131000.0,other,,no_axis_variation,619.2,명서동,10.03,1.0,80.0,정기 모니터링 유지,정기 모니터링,,정기 모니터링 유지,1,R-OT-default,반복 상위 노출군에 들지 않았다.,,행동 유형은 종류 구분이며 우선순위·위험등급이 아니다. 제안 행동은 행정적 확인 절차이지 규제·처분이 아니다.
CC0047,창원시립 무동어린이집,어린이집,의창구,북면,4812131000.0,other,,no_axis_variation,420.5,명서동,10.09,1.0,69.0,정기 모니터링 유지,정기 모니터링,,정기 모니터링 유지,1,R-OT-default,반복 상위 노출군에 들지 않았다.,,행동 유형은 종류 구분이며 우선순위·위험등급이 아니다. 제안 행동은 행정적 확인 절차이지 규제·처분이 아니다.
CC0048,창원시립 북면어린이집,어린이집,의창구,북면,4812131000.0,other,,no_axis_variation,440.8,명서동,12.28,1.0,92.0,정기 모니터링 유지,정기 모니터링,,정기 모니터링 유지,1,R-OT-default,반복 상위 노출군에 들지 않았다.,,행동 유형은 종류 구분이며 우선순위·위험등급이 아니다. 제안 행동은 행정적 확인 절차이지 규제·처분이 아니다.
CC0049,창원시립 빈세앙어린이집,어린이집,의창구,북면,4812131000.0,other,,no_axis_variation,307.8,명서동,8.13,1.0,58.0,정기 모니터링 유지,정기 모니터링,,정기 모니터링 유지,1,R-OT-default,반복 상위 노출군에 들지 않았다.,,행동 유형은 종류 구분이며 우선순위·위험등급이 아니다. 제안 행동은 행정적 확인 절차이지 규제·처분이 아니다.
CC0050,창원시립 예그린어린이집,어린이집,의창구,북면,4812131000.0,other,,no_axis_variation,321.5,명서동,10.32,1.0,52.0,정기 모니터링 유지,정기 모니터링,,정기 모니터링 유지,1,R-OT-default,반복 상위 노출군에 들지 않았다.,,행동 유형은 종류 구분이며 우선순위·위험등급이 아니다. 제안 행동은 행정적 확인 절차이지 규제·처분이 아니다.
CC0051,창원시립 예쁜아이어린이집,어린이집,의창구,북면,4812131000.0,other,,no_axis_variation,537.3,명서동,8.2,1.0,53.0,정기 모니터링 유지,정기 모니터링,,정기 모니터링 유지,1,R-OT-default,반복 상위 노출군에 들지 않았다.,,행동 유형은 종류 구분이며 우선순위·위험등급이 아니다. 제안 행동은 행정적 확인 절차이지 규제·처분이 아니다.
CC0052,창원시립 포레힐스데시앙어린이집,어린이집,의창구,북면,4812131000.0,other,,no_axis_variation,191.9,명서동,7.99,1.0,78.0,정기 모니터링 유지,정기 모니터링,,정기 모니터링 유지,1,R-OT-default,반복 상위 노출군에 들지 않았다.,,행동 유형은 종류 구분이며 우선순위·위험등급이 아니다. 제안 행동은 행정적 확인 절차이지 규제·처분이 아니다.
CC0053,바른손어린이집,어린이집,의창구,북면,4812131000.0,other,,no_axis_variation,84.5,명서동,10.13,1.0,49.0,정기 모니터링 유지,정기 모니터링,,정기 모니터링 유지,1,R-OT-default,반복 상위 노출군에 들지 않았다.,,행동 유형은 종류 구분이며 우선순위·위험등급이 아니다. 제안 행동은 행정적 확인 절차이지 규제·처분이 아니다.
CC0054,즐거운성아어린이집,어린이집,의창구,북면,4812131000.0,other,,no_axis_variation,210.2,명서동,12.98,1.0,108.0,정기 모니터링 유지,정기 모니터링,,정기 모니터링 유지,1,R-OT-default,반복 상위 노출군에 들지 않았다.,,행동 유형은 종류 구분이며 우선순위·위험등급이 아니다. 제안 행동은 행정적 확인 절차이지 규제·처분이 아니다.
CC0055,나무와샘어린이집,어린이집,의창구,북면,4812131000.0,other,,no_axis_variation,196.0,명서동,9.95,1.0,39.0,정기 모니터링 유지,정기 모니터링,,정기 모니터링 유지,1,R-OT-default,반복 상위 노출군에 들지 않았다.,,행동 유형은 종류 구분이며 우선순위·위험등급이 아니다. 제안 행동은 행정적 확인 절차이지 규제·처분이 아니다.
CC0056,무동애플키즈어린이집,어린이집,의창구,북면,4812131000.0,other,,no_axis_variation,151.8,명서동,9.84,1.0,21.0,정기 모니터링 유지,정기 모니터링,,정기 모니터링 유지,1,R-OT-default,반복 상위 노출군에 들지 않았다.,,행동 유형은 종류 구분이며 우선순위·위험등급이 아니다. 제안 행동은 행정적 확인 절차이지 규제·처분이 아니다.
CC0057,숲속하늘빛어린이집,어린이집,의창구,북면,4812131000.0,other,,no_axis_variation,262.6,명서동,10.0,1.0,26.0,정기 모니터링 유지,정기 모니터링,,정기 모니터링 유지,1,R-OT-default,반복 상위 노출군에 들지 않았다.,,행동 유형은 종류 구분이며 우선순위·위험등급이 아니다. 제안 행동은 행정적 확인 절차이지 규제·처분이 아니다.
CC0058,아라숲어린이집,어린이집,의창구,북면,4812131000.0,other,,no_axis_variation,592.7,명서동,8.49,1.0,65.0,정기 모니터링 유지,정기 모니터링,,정기 모니터링 유지,1,R-OT-default,반복 상위 노출군에 들지 않았다.,,행동 유형은 종류 구분이며 우선순위·위험등급이 아니다. 제안 행동은 행정적 확인 절차이지 규제·처분이 아니다.
CC0059,지안어린이집,어린이집,의창구,북면,4812131000.0,other,,no_axis_variation,558.6,명서동,9.87,1.0,42.0,정기 모니터링 유지,정기 모니터링,,정기 모니터링 유지,1,R-OT-default,반복 상위 노출군에 들지 않았다.,,행동 유형은 종류 구분이며 우선순위·위험등급이 아니다. 제안 행동은 행정적 확인 절차이지 규제·처분이 아니다.
CC0060,키즈엘리스숲어린이집,어린이집,의창구,북면,4812131000.0,other,,no_axis_variation,351.7,명서동,8.56,1.0,160.0,정기 모니터링 유지,정기 모니터링,,정기 모니터링 유지,1,R-OT-default,반복 상위 노출군에 들지 않았다.,,행동 유형은 종류 구분이며 우선순위·위험등급이 아니다. 제안 행동은 행정적 확인 절차이지 규제·처분이 아니다.
CC0061,키즈힐스어린이집,어린이집,의창구,북면,4812131000.0,other,,no_axis_variation,166.3,명서동,7.79,1.0,60.0,정기 모니터링 유지,정기 모니터링,,정기 모니터링 유지,1,R-OT-default,반복 상위 노출군에 들지 않았다.,,행동 유형은 종류 구분이며 우선순위·위험등급이 아니다. 제안 행동은 행정적 확인 절차이지 규제·처분이 아니다.
CC0062,푸르지오어린이집,어린이집,의창구,북면,4812131000.0,other,,no_axis_variation,340.8,명서동,8.23,1.0,45.0,정기 모니터링 유지,정기 모니터링,,정기 모니터링 유지,1,R-OT-default,반복 상위 노출군에 들지 않았다.,,행동 유형은 종류 구분이며 우선순위·위험등급이 아니다. 제안 행동은 행정적 확인 절차이지 규제·처분이 아니다.
CC0063,휴먼빌어린이집,어린이집,의창구,북면,4812131000.0,other,,no_axis_variation,209.6,명서동,7.98,1.0,49.0,정기 모니터링 유지,정기 모니터링,,정기 모니터링 유지,1,R-OT-default,반복 상위 노출군에 들지 않았다.,,행동 유형은 종류 구분이며 우선순위·위험등급이 아니다. 제안 행동은 행정적 확인 절차이지 규제·처분이 아니다.
CC0064,힐스뜰어린이집,어린이집,의창구,북면,4812131000.0,other,,no_axis_variation,457.5,명서동,8.1,1.0,42.0,정기 모니터링 유지,정기 모니터링,,정기 모니터링 유지,1,R-OT-default,반복 상위 노출군에 들지 않았다.,,행동 유형은 종류 구분이며 우선순위·위험등급이 아니다. 제안 행동은 행정적 확인 절차이지 규제·처분이 아니다.
CC0065,힐스아이어린이집,어린이집,의창구,북면,4812131000.0,other,,no_axis_variation,159.8,명서동,7.79,1.0,48.0,정기 모니터링 유지,정기 모니터링,,정기 모니터링 유지,1,R-OT-default,반복 상위 노출군에 들지 않았다.,,행동 유형은 종류 구분이며 우선순위·위험등급이 아니다. 제안 행동은 행정적 확인 절차이지 규제·처분이 아니다.
CC0066,꼬마숲어린이집,어린이집,의창구,북면,4812131000.0,other,,no_axis_variation,457.5,명서동,8.1,1.0,20.0,정기 모니터링 유지,정기 모니터링,,정기 모니터링 유지,1,R-OT-default,반복 상위 노출군에 들지 않았다.,,행동 유형은 종류 구분이며 우선순위·위험등급이 아니다. 제안 행동은 행정적 확인 절차이지 규제·처분이 아니다.
CC0067,꿈땅어린이집,어린이집,의창구,북면,4812131000.0,other,,no_axis_variation,166.3,명서동,7.79,1.0,20.0,정기 모니터링 유지,정기 모니터링,,정기 모니터링 유지,1,R-OT-default,반복 상위 노출군에 들지 않았다.,,행동 유형은 종류 구분이며 우선순위·위험등급이 아니다. 제안 행동은 행정적 확인 절차이지 규제·처분이 아니다.
CC0068,다인어린이집,어린이집,의창구,북면,4812131000.0,other,,no_axis_variation,166.3,명서동,7.79,1.0,20.0,정기 모니터링 유지,정기 모니터링,,정기 모니터링 유지,1,R-OT-default,반복 상위 노출군에 들지 않았다.,,행동 유형은 종류 구분이며 우선순위·위험등급이 아니다. 제안 행동은 행정적 확인 절차이지 규제·처분이 아니다.
CC0069,다하어린이집,어린이집,의창구,북면,4812131000.0,other,,no_axis_variation,592.7,명서동,8.49,1.0,20.0,정기 모니터링 유지,정기 모니터링,,정기 모니터링 유지,1,R-OT-default,반복 상위 노출군에 들지 않았다.,,행동 유형은 종류 구분이며 우선순위·위험등급이 아니다. 제안 행동은 행정적 확인 절차이지 규제·처분이 아니다.
CC0070,라니어린이집,어린이집,의창구,북면,4812131000.0,other,,no_axis_variation,537.3,명서동,8.2,1.0,20.0,정기 모니터링 유지,정기 모니터링,,정기 모니터링 유지,1,R-OT-default,반복 상위 노출군에 들지 않았다.,,행동 유형은 종류 구분이며 우선순위·위험등급이 아니다. 제안 행동은 행정적 확인 절차이지 규제·처분이 아니다.
CC0071,라별어린이집,어린이집,의창구,북면,4812131000.0,other,,no_axis_variation,159.8,명서동,7.79,1.0,20.0,정기 모니터링 유지,정기 모니터링,,정기 모니터링 유지,1,R-OT-default,반복 상위 노출군에 들지 않았다.,,행동 유형은 종류 구분이며 우선순위·위험등급이 아니다. 제안 행동은 행정적 확인 절차이지 규제·처분이 아니다.
CC0072,무동아이별어린이집,어린이집,의창구,북면,4812131000.0,other,,no_axis_variation,151.8,명서동,9.84,1.0,20.0,정기 모니터링 유지,정기 모니터링,,정기 모니터링 유지,1,R-OT-default,반복 상위 노출군에 들지 않았다.,,행동 유형은 종류 구분이며 우선순위·위험등급이 아니다. 제안 행동은 행정적 확인 절차이지 규제·처분이 아니다.
CC0073,무지개꼬마숲어린이집,어린이집,의창구,북면,4812131000.0,other,,no_axis_variation,209.6,명서동,7.98,1.0,20.0,정기 모니터링 유지,정기 모니터링,,정기 모니터링 유지,1,R-OT-default,반복 상위 노출군에 들지 않았다.,,행동 유형은 종류 구분이며 우선순위·위험등급이 아니다. 제안 행동은 행정적 확인 절차이지 규제·처분이 아니다.
CC0074,별하어린이집,어린이집,의창구,북면,4812131000.0,other,,no_axis_variation,159.8,명서동,7.79,1.0,20.0,정기 모니터링 유지,정기 모니터링,,정기 모니터링 유지,1,R-OT-default,반복 상위 노출군에 들지 않았다.,,행동 유형은 종류 구분이며 우선순위·위험등급이 아니다. 제안 행동은 행정적 확인 절차이지 규제·처분이 아니다.
CC0075,아가별꽃어린이집,어린이집,의창구,북면,4812131000.0,other,,no_axis_variation,537.3,명서동,8.2,1.0,20.0,정기 모니터링 유지,정기 모니터링,,정기 모니터링 유지,1,R-OT-default,반복 상위 노출군에 들지 않았다.,,행동 유형은 종류 구분이며 우선순위·위험등급이 아니다. 제안 행동은 행정적 확인 절차이지 규제·처분이 아니다.
CC0076,아이꽃어린이집,어린이집,의창구,북면,4812131000.0,other,,no_axis_variation,262.6,명서동,10.0,1.0,20.0,정기 모니터링 유지,정기 모니터링,,정기 모니터링 유지,1,R-OT-default,반복 상위 노출군에 들지 않았다.,,행동 유형은 종류 구분이며 우선순위·위험등급이 아니다. 제안 행동은 행정적 확인 절차이지 규제·처분이 아니다.
CC0077,재미난어린이집,어린이집,의창구,북면,4812131000.0,other,,no_axis_variation,159.8,명서동,7.79,1.0,15.0,정기 모니터링 유지,정기 모니터링,,정기 모니터링 유지,1,R-OT-default,반복 상위 노출군에 들지 않았다.,,행동 유형은 종류 구분이며 우선순위·위험등급이 아니다. 제안 행동은 행정적 확인 절차이지 규제·처분이 아니다.
CC0078,행복한어린이집,어린이집,의창구,북면,4812131000.0,other,,no_axis_variation,1395.8,명서동,14.09,1.0,20.0,정기 모니터링 유지,정기 모니터링,,정기 모니터링 유지,1,R-OT-default,반복 상위 노출군에 들지 않았다.,,행동 유형은 종류 구분이며 우선순위·위험등급이 아니다. 제안 행동은 행정적 확인 절차이지 규제·처분이 아니다.
CC0079,힐스도담어린이집,어린이집,의창구,북면,4812131000.0,other,,no_axis_variation,592.7,명서동,8.49,1.0,20.0,정기 모니터링 유지,정기 모니터링,,정기 모니터링 유지,1,R-OT-default,반복 상위 노출군에 들지 않았다.,,행동 유형은 종류 구분이며 우선순위·위험등급이 아니다. 제안 행동은 행정적 확인 절차이지 규제·처분이 아니다.
CC0081,창원시립 유니시티2단지어린이집,어린이집,의창구,의창동,4812151000.0,other,,no_axis_variation,171.4,명서동,1.89,0.0,80.0,정기 모니터링 유지,정기 모니터링,,정기 모니터링 유지,1,R-OT-default,반복 상위 노출군에 들지 않았다.,,행동 유형은 종류 구분이며 우선순위·위험등급이 아니다. 제안 행동은 행정적 확인 절차이지 규제·처분이 아니다.
CC0082,창원시립 유니시티3단지어린이집,어린이집,의창구,명곡동,4812153000.0,other,,no_axis_variation,169.1,명서동,1.66,0.0,84.0,정기 모니터링 유지,정기 모니터링,,정기 모니터링 유지,1,R-OT-default,반복 상위 노출군에 들지 않았다.,,행동 유형은 종류 구분이며 우선순위·위험등급이 아니다. 제안 행동은 행정적 확인 절차이지 규제·처분이 아니다.
CC0083,창원시립 유니시티4단지어린이집,어린이집,의창구,명곡동,4812153000.0,other,,no_axis_variation,0.0,명서동,1.68,0.0,77.0,정기 모니터링 유지,정기 모니터링,,정기 모니터링 유지,1,R-OT-default,반복 상위 노출군에 들지 않았다.,,행동 유형은 종류 구분이며 우선순위·위험등급이 아니다. 제안 행동은 행정적 확인 절차이지 규제·처분이 아니다.
CC0086,소답어린이집,어린이집,의창구,의창동,4812151000.0,other,,no_axis_variation,65.3,명서동,2.93,0.0,38.0,정기 모니터링 유지,정기 모니터링,,정기 모니터링 유지,1,R-OT-default,반복 상위 노출군에 들지 않았다.,,행동 유형은 종류 구분이며 우선순위·위험등급이 아니다. 제안 행동은 행정적 확인 절차이지 규제·처분이 아니다.
CC0087,오즈놀이스쿨어린이집,어린이집,의창구,의창동,4812151000.0,other,,no_axis_variation,123.5,명서동,3.21,0.0,70.0,정기 모니터링 유지,정기 모니터링,,정기 모니터링 유지,1,R-OT-default,반복 상위 노출군에 들지 않았다.,,행동 유형은 종류 구분이며 우선순위·위험등급이 아니다. 제안 행동은 행정적 확인 절차이지 규제·처분이 아니다.
CC0088,창원어린이집,어린이집,의창구,의창동,4812151000.0,other,,no_axis_variation,187.2,명서동,3.13,0.0,21.0,정기 모니터링 유지,정기 모니터링,,정기 모니터링 유지,1,R-OT-default,반복 상위 노출군에 들지 않았다.,,행동 유형은 종류 구분이며 우선순위·위험등급이 아니다. 제안 행동은 행정적 확인 절차이지 규제·처분이 아니다.
CC0089,코끼리영재어린이집,어린이집,의창구,의창동,4812151000.0,other,,no_axis_variation,72.6,명서동,2.82,0.0,110.0,정기 모니터링 유지,정기 모니터링,,정기 모니터링 유지,1,R-OT-default,반복 상위 노출군에 들지 않았다.,,행동 유형은 종류 구분이며 우선순위·위험등급이 아니다. 제안 행동은 행정적 확인 절차이지 규제·처분이 아니다.
CC0090,큰별예나어린이집,어린이집,의창구,의창동,4812151000.0,other,,no_axis_variation,63.4,명서동,2.82,0.0,38.0,정기 모니터링 유지,정기 모니터링,,정기 모니터링 유지,1,R-OT-default,반복 상위 노출군에 들지 않았다.,,행동 유형은 종류 구분이며 우선순위·위험등급이 아니다. 제안 행동은 행정적 확인 절차이지 규제·처분이 아니다.
CC0091,아이도담어린이집,어린이집,의창구,의창동,4812151000.0,other,,no_axis_variation,115.4,명서동,2.82,0.0,20.0,정기 모니터링 유지,정기 모니터링,,정기 모니터링 유지,1,R-OT-default,반복 상위 노출군에 들지 않았다.,,행동 유형은 종류 구분이며 우선순위·위험등급이 아니다. 제안 행동은 행정적 확인 절차이지 규제·처분이 아니다.
CC0092,행복어린이집,어린이집,의창구,의창동,4812151000.0,other,,no_axis_variation,238.4,명서동,4.39,0.0,20.0,정기 모니터링 유지,정기 모니터링,,정기 모니터링 유지,1,R-OT-default,반복 상위 노출군에 들지 않았다.,,행동 유형은 종류 구분이며 우선순위·위험등급이 아니다. 제안 행동은 행정적 확인 절차이지 규제·처분이 아니다.
CC0110,창원시립 가음꿈에그린어린이집,어린이집,성산구,가음정동,4812355000.0,other,,no_axis_variation,541.7,사파동,1.48,0.0,65.0,정기 모니터링 유지,정기 모니터링,,정기 모니터링 유지,1,R-OT-default,반복 상위 노출군에 들지 않았다.,,행동 유형은 종류 구분이며 우선순위·위험등급이 아니다. 제안 행동은 행정적 확인 절차이지 규제·처분이 아니다.
CC0111,창원시립 가음더샵어린이집,어린이집,성산구,가음정동,4812355000.0,other,,no_axis_variation,612.0,사파동,1.41,0.0,65.0,정기 모니터링 유지,정기 모니터링,,정기 모니터링 유지,1,R-OT-default,반복 상위 노출군에 들지 않았다.,,행동 유형은 종류 구분이며 우선순위·위험등급이 아니다. 제안 행동은 행정적 확인 절차이지 규제·처분이 아니다.
CC0112,창원시립 가음어린이집,어린이집,성산구,가음정동,4812355000.0,other,,no_axis_variation,122.1,성주동,1.1,0.0,140.0,정기 모니터링 유지,정기 모니터링,,정기 모니터링 유지,1,R-OT-default,반복 상위 노출군에 들지 않았다.,,행동 유형은 종류 구분이며 우선순위·위험등급이 아니다. 제안 행동은 행정적 확인 절차이지 규제·처분이 아니다.
CC0113,창원시립 센텀푸르지오어린이집,어린이집,성산구,가음정동,4812355000.0,other,,no_axis_variation,446.1,사파동,1.63,0.0,75.0,정기 모니터링 유지,정기 모니터링,,정기 모니터링 유지,1,R-OT-default,반복 상위 노출군에 들지 않았다.,,행동 유형은 종류 구분이며 우선순위·위험등급이 아니다. 제안 행동은 행정적 확인 절차이지 규제·처분이 아니다.
CC0114,창원시립 조은어린이집,어린이집,성산구,가음정동,4812355000.0,other,,no_axis_variation,394.6,사파동,1.28,0.0,39.0,정기 모니터링 유지,정기 모니터링,,정기 모니터링 유지,1,R-OT-default,반복 상위 노출군에 들지 않았다.,,행동 유형은 종류 구분이며 우선순위·위험등급이 아니다. 제안 행동은 행정적 확인 절차이지 규제·처분이 아니다.
CC0115,창원시립 창원YWCA어린이집,어린이집,성산구,가음정동,4812355000.0,other,,no_axis_variation,368.0,성주동,1.32,0.0,114.0,정기 모니터링 유지,정기 모니터링,,정기 모니터링 유지,1,R-OT-default,반복 상위 노출군에 들지 않았다.,,행동 유형은 종류 구분이며 우선순위·위험등급이 아니다. 제안 행동은 행정적 확인 절차이지 규제·처분이 아니다.
CC0116,근로복지공단 창원어린이집,어린이집,성산구,가음정동,4812355000.0,other,,no_axis_variation,72.7,사파동,0.96,0.0,268.0,정기 모니터링 유지,정기 모니터링,,정기 모니터링 유지,1,R-OT-default,반복 상위 노출군에 들지 않았다.,,행동 유형은 종류 구분이며 우선순위·위험등급이 아니다. 제안 행동은 행정적 확인 절차이지 규제·처분이 아니다.
CC0117,더샵늘푸른어린이집,어린이집,성산구,가음정동,4812355000.0,other,,no_axis_variation,629.7,사파동,1.36,0.0,53.0,정기 모니터링 유지,정기 모니터링,,정기 모니터링 유지,1,R-OT-default,반복 상위 노출군에 들지 않았다.,,행동 유형은 종류 구분이며 우선순위·위험등급이 아니다. 제안 행동은 행정적 확인 절차이지 규제·처분이 아니다.
CC0118,더샵어린이집,어린이집,성산구,가음정동,4812355000.0,other,,no_axis_variation,433.4,성주동,1.41,0.0,51.0,정기 모니터링 유지,정기 모니터링,,정기 모니터링 유지,1,R-OT-default,반복 상위 노출군에 들지 않았다.,,행동 유형은 종류 구분이며 우선순위·위험등급이 아니다. 제안 행동은 행정적 확인 절차이지 규제·처분이 아니다.
CC0119,솔라어린이집,어린이집,성산구,가음정동,4812355000.0,other,,no_axis_variation,347.4,사파동,1.23,0.0,27.0,정기 모니터링 유지,정기 모니터링,,정기 모니터링 유지,1,R-OT-default,반복 상위 노출군에 들지 않았다.,,행동 유형은 종류 구분이며 우선순위·위험등급이 아니다. 제안 행동은 행정적 확인 절차이지 규제·처분이 아니다.
CC0120,하늘빛어린이집,어린이집,성산구,가음정동,4812355000.0,other,,no_axis_variation,386.4,성주동,1.27,0.0,39.0,정기 모니터링 유지,정기 모니터링,,정기 모니터링 유지,1,R-OT-default,반복 상위 노출군에 들지 않았다.,,행동 유형은 종류 구분이며 우선순위·위험등급이 아니다. 제안 행동은 행정적 확인 절차이지 규제·처분이 아니다.
CC0121,동화속어린이집,어린이집,성산구,가음정동,4812355000.0,other,,no_axis_variation,280.8,사파동,1.16,0.0,18.0,정기 모니터링 유지,정기 모니터링,,정기 모니터링 유지,1,R-OT-default,반복 상위 노출군에 들지 않았다.,,행동 유형은 종류 구분이며 우선순위·위험등급이 아니다. 제안 행동은 행정적 확인 절차이지 규제·처분이 아니다.
CC0122,맑은숲어린이집,어린이집,성산구,가음정동,4812355000.0,other,,no_axis_variation,492.4,사파동,1.42,0.0,11.0,정기 모니터링 유지,정기 모니터링,,정기 모니터링 유지,1,R-OT-default,반복 상위 노출군에 들지 않았다.,,행동 유형은 종류 구분이며 우선순위·위험등급이 아니다. 제안 행동은 행정적 확인 절차이지 규제·처분이 아니다.
CC0123,아기별어린이집,어린이집,성산구,가음정동,4812355000.0,other,,no_axis_variation,280.8,사파동,1.16,0.0,18.0,정기 모니터링 유지,정기 모니터링,,정기 모니터링 유지,1,R-OT-default,반복 상위 노출군에 들지 않았다.,,행동 유형은 종류 구분이며 우선순위·위험등급이 아니다. 제안 행동은 행정적 확인 절차이지 규제·처분이 아니다.
CC0124,아이마중어린이집,어린이집,성산구,가음정동,4812355000.0,other,,no_axis_variation,276.8,성주동,1.19,0.0,20.0,정기 모니터링 유지,정기 모니터링,,정기 모니터링 유지,1,R-OT-default,반복 상위 노출군에 들지 않았다.,,행동 유형은 종류 구분이며 우선순위·위험등급이 아니다. 제안 행동은 행정적 확인 절차이지 규제·처분이 아니다.
CC0125,여우오줌어린이집,어린이집,성산구,가음정동,4812355000.0,other,,no_axis_variation,162.3,사파동,0.93,0.0,20.0,정기 모니터링 유지,정기 모니터링,,정기 모니터링 유지,1,R-OT-default,반복 상위 노출군에 들지 않았다.,,행동 유형은 종류 구분이며 우선순위·위험등급이 아니다. 제안 행동은 행정적 확인 절차이지 규제·처분이 아니다.
CC0126,존조리어린이집,어린이집,성산구,가음정동,4812355000.0,other,,no_axis_variation,210.4,사파동,0.91,0.0,20.0,정기 모니터링 유지,정기 모니터링,,정기 모니터링 유지,1,R-OT-default,반복 상위 노출군에 들지 않았다.,,행동 유형은 종류 구분이며 우선순위·위험등급이 아니다. 제안 행동은 행정적 확인 절차이지 규제·처분이 아니다.
CC0127,창원코알라어린이집,어린이집,성산구,가음정동,4812355000.0,other,,no_axis_variation,414.6,사파동,1.64,0.0,11.0,정기 모니터링 유지,정기 모니터링,,정기 모니터링 유지,1,R-OT-default,반복 상위 노출군에 들지 않았다.,,행동 유형은 종류 구분이며 우선순위·위험등급이 아니다. 제안 행동은 행정적 확인 절차이지 규제·처분이 아니다.
CC0128,청솔어린이집,어린이집,성산구,가음정동,4812355000.0,other,,no_axis_variation,280.8,사파동,1.16,0.0,19.0,정기 모니터링 유지,정기 모니터링,,정기 모니터링 유지,1,R-OT-default,반복 상위 노출군에 들지 않았다.,,행동 유형은 종류 구분이며 우선순위·위험등급이 아니다. 제안 행동은 행정적 확인 절차이지 규제·처분이 아니다.
CC0129,토마토어린이집,어린이집,성산구,가음정동,4812355000.0,other,,no_axis_variation,347.4,사파동,1.23,0.0,20.0,정기 모니터링 유지,정기 모니터링,,정기 모니터링 유지,1,R-OT-default,반복 상위 노출군에 들지 않았다.,,행동 유형은 종류 구분이며 우선순위·위험등급이 아니다. 제안 행동은 행정적 확인 절차이지 규제·처분이 아니다.
CC0130,팝콘어린이집,어린이집,성산구,가음정동,4812355000.0,other,,no_axis_variation,221.1,사파동,0.98,0.0,19.0,정기 모니터링 유지,정기 모니터링,,정기 모니터링 유지,1,R-OT-default,반복 상위 노출군에 들지 않았다.,,행동 유형은 종류 구분이며 우선순위·위험등급이 아니다. 제안 행동은 행정적 확인 절차이지 규제·처분이 아니다.
CC0131,LG전자창원어린이집,어린이집,성산구,가음정동,4812355000.0,other,,no_axis_variation,144.2,사파동,1.92,0.0,90.0,정기 모니터링 유지,정기 모니터링,,정기 모니터링 유지,1,R-OT-default,반복 상위 노출군에 들지 않았다.,,행동 유형은 종류 구분이며 우선순위·위험등급이 아니다. 제안 행동은 행정적 확인 절차이지 규제·처분이 아니다.
CC0132,창원시립 반송어린이집,어린이집,성산구,반송동,4812351000.0,other,,no_axis_variation,121.5,용지동,1.36,0.0,95.0,정기 모니터링 유지,정기 모니터링,,정기 모니터링 유지,1,R-OT-default,반복 상위 노출군에 들지 않았다.,,행동 유형은 종류 구분이며 우선순위·위험등급이 아니다. 제안 행동은 행정적 확인 절차이지 규제·처분이 아니다.
CC0133,노블파크어린이집,어린이집,성산구,반송동,4812351000.0,other,,no_axis_variation,372.0,용지동,1.57,0.0,54.0,정기 모니터링 유지,정기 모니터링,,정기 모니터링 유지,1,R-OT-default,반복 상위 노출군에 들지 않았다.,,행동 유형은 종류 구분이며 우선순위·위험등급이 아니다. 제안 행동은 행정적 확인 절차이지 규제·처분이 아니다.
CC0134,에덴어린이집,어린이집,성산구,반송동,4812351000.0,other,,no_axis_variation,227.4,용지동,0.6,0.0,50.0,정기 모니터링 유지,정기 모니터링,,정기 모니터링 유지,1,R-OT-default,반복 상위 노출군에 들지 않았다.,,행동 유형은 종류 구분이며 우선순위·위험등급이 아니다. 제안 행동은 행정적 확인 절차이지 규제·처분이 아니다.
CC0135,트리비앙 미소어린이집,어린이집,성산구,반송동,4812351000.0,other,,no_axis_variation,355.0,용지동,1.03,0.0,57.0,정기 모니터링 유지,정기 모니터링,,정기 모니터링 유지,1,R-OT-default,반복 상위 노출군에 들지 않았다.,,행동 유형은 종류 구분이며 우선순위·위험등급이 아니다. 제안 행동은 행정적 확인 절차이지 규제·처분이 아니다.
CC0136,럭키해뜰어린이집,어린이집,성산구,반송동,4812351000.0,other,,no_axis_variation,378.7,용지동,1.45,0.0,19.0,정기 모니터링 유지,정기 모니터링,,정기 모니터링 유지,1,R-OT-default,반복 상위 노출군에 들지 않았다.,,행동 유형은 종류 구분이며 우선순위·위험등급이 아니다. 제안 행동은 행정적 확인 절차이지 규제·처분이 아니다.
CC0137,루리어린이집,어린이집,성산구,반송동,4812351000.0,other,,no_axis_variation,355.0,용지동,1.03,0.0,20.0,정기 모니터링 유지,정기 모니터링,,정기 모니터링 유지,1,R-OT-default,반복 상위 노출군에 들지 않았다.,,행동 유형은 종류 구분이며 우선순위·위험등급이 아니다. 제안 행동은 행정적 확인 절차이지 규제·처분이 아니다.
CC0138,민트어린이집,어린이집,성산구,반송동,4812351000.0,other,,no_axis_variation,280.5,용지동,1.7,0.0,20.0,정기 모니터링 유지,정기 모니터링,,정기 모니터링 유지,1,R-OT-default,반복 상위 노출군에 들지 않았다.,,행동 유형은 종류 구분이며 우선순위·위험등급이 아니다. 제안 행동은 행정적 확인 절차이지 규제·처분이 아니다.
CC0139,새새순어린이집,어린이집,성산구,반송동,4812351000.0,other,,no_axis_variation,312.1,용지동,1.94,0.0,20.0,정기 모니터링 유지,정기 모니터링,,정기 모니터링 유지,1,R-OT-default,반복 상위 노출군에 들지 않았다.,,행동 유형은 종류 구분이며 우선순위·위험등급이 아니다. 제안 행동은 행정적 확인 절차이지 규제·처분이 아니다.
CC0140,소담어린이집,어린이집,성산구,반송동,4812351000.0,other,,no_axis_variation,439.5,용지동,1.66,0.0,16.0,정기 모니터링 유지,정기 모니터링,,정기 모니터링 유지,1,R-OT-default,반복 상위 노출군에 들지 않았다.,,행동 유형은 종류 구분이며 우선순위·위험등급이 아니다. 제안 행동은 행정적 확인 절차이지 규제·처분이 아니다.
CC0141,슬기어린이집,어린이집,성산구,반송동,4812351000.0,other,,no_axis_variation,378.7,용지동,1.45,0.0,20.0,정기 모니터링 유지,정기 모니터링,,정기 모니터링 유지,1,R-OT-default,반복 상위 노출군에 들지 않았다.,,행동 유형은 종류 구분이며 우선순위·위험등급이 아니다. 제안 행동은 행정적 확인 절차이지 규제·처분이 아니다.
CC0142,아이뽀어린이집,어린이집,성산구,반송동,4812351000.0,other,,no_axis_variation,280.5,용지동,1.7,0.0,20.0,정기 모니터링 유지,정기 모니터링,,정기 모니터링 유지,1,R-OT-default,반복 상위 노출군에 들지 않았다.,,행동 유형은 종류 구분이며 우선순위·위험등급이 아니다. 제안 행동은 행정적 확인 절차이지 규제·처분이 아니다.
CC0144,예랑어린이집,어린이집,성산구,반송동,4812351000.0,other,,no_axis_variation,355.0,용지동,1.03,0.0,14.0,정기 모니터링 유지,정기 모니터링,,정기 모니터링 유지,1,R-OT-default,반복 상위 노출군에 들지 않았다.,,행동 유형은 종류 구분이며 우선순위·위험등급이 아니다. 제안 행동은 행정적 확인 절차이지 규제·처분이 아니다.
CC0145,웃는아이어린이집,어린이집,성산구,반송동,4812351000.0,other,,no_axis_variation,355.0,용지동,1.03,0.0,20.0,정기 모니터링 유지,정기 모니터링,,정기 모니터링 유지,1,R-OT-default,반복 상위 노출군에 들지 않았다.,,행동 유형은 종류 구분이며 우선순위·위험등급이 아니다. 제안 행동은 행정적 확인 절차이지 규제·처분이 아니다.
CC0147,좋은어린이집,어린이집,성산구,반송동,4812351000.0,other,,no_axis_variation,409.0,용지동,1.69,0.0,19.0,정기 모니터링 유지,정기 모니터링,,정기 모니터링 유지,1,R-OT-default,반복 상위 노출군에 들지 않았다.,,행동 유형은 종류 구분이며 우선순위·위험등급이 아니다. 제안 행동은 행정적 확인 절차이지 규제·처분이 아니다.
CC0148,참빛어린이집,어린이집,성산구,반송동,4812351000.0,other,,no_axis_variation,132.2,용지동,1.0,0.0,19.0,정기 모니터링 유지,정기 모니터링,,정기 모니터링 유지,1,R-OT-default,반복 상위 노출군에 들지 않았다.,,행동 유형은 종류 구분이며 우선순위·위험등급이 아니다. 제안 행동은 행정적 확인 절차이지 규제·처분이 아니다.
CC0149,트리키즈어린이집,어린이집,성산구,반송동,4812351000.0,other,,no_axis_variation,355.0,용지동,1.03,0.0,20.0,정기 모니터링 유지,정기 모니터링,,정기 모니터링 유지,1,R-OT-default,반복 상위 노출군에 들지 않았다.,,행동 유형은 종류 구분이며 우선순위·위험등급이 아니다. 제안 행동은 행정적 확인 절차이지 규제·처분이 아니다.
CC0151,하나둘셋어린이집,어린이집,성산구,반송동,4812351000.0,other,,no_axis_variation,280.5,용지동,1.7,0.0,20.0,정기 모니터링 유지,정기 모니터링,,정기 모니터링 유지,1,R-OT-default,반복 상위 노출군에 들지 않았다.,,행동 유형은 종류 구분이며 우선순위·위험등급이 아니다. 제안 행동은 행정적 확인 절차이지 규제·처분이 아니다.
CC0152,해솔어린이집,어린이집,성산구,반송동,4812351000.0,other,,no_axis_variation,258.0,명서동,1.3,0.0,20.0,정기 모니터링 유지,정기 모니터링,,정기 모니터링 유지,1,R-OT-default,반복 상위 노출군에 들지 않았다.,,행동 유형은 종류 구분이며 우선순위·위험등급이 아니다. 제안 행동은 행정적 확인 절차이지 규제·처분이 아니다.
CC0153,햇살가득어린이집,어린이집,성산구,반송동,4812351000.0,other,,no_axis_variation,378.7,용지동,1.45,0.0,16.0,정기 모니터링 유지,정기 모니터링,,정기 모니터링 유지,1,R-OT-default,반복 상위 노출군에 들지 않았다.,,행동 유형은 종류 구분이며 우선순위·위험등급이 아니다. 제안 행동은 행정적 확인 절차이지 규제·처분이 아니다.
CC0155,창원시립 대방어린이집,어린이집,성산구,사파동,4812354000.0,other,,no_axis_variation,349.7,성주동,0.55,2.0,90.0,정기 모니터링 유지,정기 모니터링,,정기 모니터링 유지,1,R-OT-default,반복 상위 노출군에 들지 않았다.,,행동 유형은 종류 구분이며 우선순위·위험등급이 아니다. 제안 행동은 행정적 확인 절차이지 규제·처분이 아니다.
CC0156,창원시립 성산반도유보라어린이집,어린이집,성산구,사파동,4812354000.0,other,,no_axis_variation,262.4,사파동,1.15,2.0,41.0,정기 모니터링 유지,정기 모니터링,,정기 모니터링 유지,1,R-OT-default,반복 상위 노출군에 들지 않았다.,,행동 유형은 종류 구분이며 우선순위·위험등급이 아니다. 제안 행동은 행정적 확인 절차이지 규제·처분이 아니다.
CC0157,상록어린이집,어린이집,성산구,사파동,4812354000.0,other,,no_axis_variation,164.3,사파동,0.24,2.0,68.0,정기 모니터링 유지,정기 모니터링,,정기 모니터링 유지,1,R-OT-default,반복 상위 노출군에 들지 않았다.,,행동 유형은 종류 구분이며 우선순위·위험등급이 아니다. 제안 행동은 행정적 확인 절차이지 규제·처분이 아니다.
CC0158,그린숲어린이집,어린이집,성산구,사파동,4812354000.0,other,,no_axis_variation,122.6,성주동,0.83,2.0,38.0,정기 모니터링 유지,정기 모니터링,,정기 모니터링 유지,1,R-OT-default,반복 상위 노출군에 들지 않았다.,,행동 유형은 종류 구분이며 우선순위·위험등급이 아니다. 제안 행동은 행정적 확인 절차이지 규제·처분이 아니다.
CC0159,대동몬테소리어린이집,어린이집,성산구,사파동,4812354000.0,other,,no_axis_variation,521.0,성주동,1.2,2.0,55.0,정기 모니터링 유지,정기 모니터링,,정기 모니터링 유지,1,R-OT-default,반복 상위 노출군에 들지 않았다.,,행동 유형은 종류 구분이며 우선순위·위험등급이 아니다. 제안 행동은 행정적 확인 절차이지 규제·처분이 아니다.
CC0160,대방신비어린이집,어린이집,성산구,사파동,4812354000.0,other,,no_axis_variation,202.3,사파동,1.06,2.0,54.0,정기 모니터링 유지,정기 모니터링,,정기 모니터링 유지,1,R-OT-default,반복 상위 노출군에 들지 않았다.,,행동 유형은 종류 구분이며 우선순위·위험등급이 아니다. 제안 행동은 행정적 확인 절차이지 규제·처분이 아니다.
CC0161,덕산이든어린이집,어린이집,성산구,사파동,4812354000.0,other,,no_axis_variation,285.5,사파동,1.2,2.0,22.0,정기 모니터링 유지,정기 모니터링,,정기 모니터링 유지,1,R-OT-default,반복 상위 노출군에 들지 않았다.,,행동 유형은 종류 구분이며 우선순위·위험등급이 아니다. 제안 행동은 행정적 확인 절차이지 규제·처분이 아니다.
CC0162,동성피노키오어린이집,어린이집,성산구,사파동,4812354000.0,other,,no_axis_variation,347.7,사파동,0.7,2.0,50.0,정기 모니터링 유지,정기 모니터링,,정기 모니터링 유지,1,R-OT-default,반복 상위 노출군에 들지 않았다.,,행동 유형은 종류 구분이며 우선순위·위험등급이 아니다. 제안 행동은 행정적 확인 절차이지 규제·처분이 아니다.
CC0163,아이꿈어린이집,어린이집,성산구,사파동,4812354000.0,other,,no_axis_variation,304.2,성주동,0.6,2.0,36.0,정기 모니터링 유지,정기 모니터링,,정기 모니터링 유지,1,R-OT-default,반복 상위 노출군에 들지 않았다.,,행동 유형은 종류 구분이며 우선순위·위험등급이 아니다. 제안 행동은 행정적 확인 절차이지 규제·처분이 아니다.
CC0164,킨더하임어린이집,어린이집,성산구,사파동,4812354000.0,other,,no_axis_variation,446.3,성주동,0.68,2.0,39.0,정기 모니터링 유지,정기 모니터링,,정기 모니터링 유지,1,R-OT-default,반복 상위 노출군에 들지 않았다.,,행동 유형은 종류 구분이며 우선순위·위험등급이 아니다. 제안 행동은 행정적 확인 절차이지 규제·처분이 아니다.
CC0165,하늘날다어린이집,어린이집,성산구,사파동,4812354000.0,other,,no_axis_variation,349.0,사파동,1.32,2.0,24.0,정기 모니터링 유지,정기 모니터링,,정기 모니터링 유지,1,R-OT-default,반복 상위 노출군에 들지 않았다.,,행동 유형은 종류 구분이며 우선순위·위험등급이 아니다. 제안 행동은 행정적 확인 절차이지 규제·처분이 아니다.
CC0166,행복어린이집,어린이집,성산구,사파동,4812354000.0,other,,no_axis_variation,276.0,성주동,0.92,2.0,39.0,정기 모니터링 유지,정기 모니터링,,정기 모니터링 유지,1,R-OT-default,반복 상위 노출군에 들지 않았다.,,행동 유형은 종류 구분이며 우선순위·위험등급이 아니다. 제안 행동은 행정적 확인 절차이지 규제·처분이 아니다.
CC0167,동성나라어린이집,어린이집,성산구,사파동,4812354000.0,other,,no_axis_variation,109.2,사파동,0.44,2.0,20.0,정기 모니터링 유지,정기 모니터링,,정기 모니터링 유지,1,R-OT-default,반복 상위 노출군에 들지 않았다.,,행동 유형은 종류 구분이며 우선순위·위험등급이 아니다. 제안 행동은 행정적 확인 절차이지 규제·처분이 아니다.
CC0168,디딤돌어린이집,어린이집,성산구,사파동,4812354000.0,other,,no_axis_variation,260.3,사파동,0.99,2.0,19.0,정기 모니터링 유지,정기 모니터링,,정기 모니터링 유지,1,R-OT-default,반복 상위 노출군에 들지 않았다.,,행동 유형은 종류 구분이며 우선순위·위험등급이 아니다. 제안 행동은 행정적 확인 절차이지 규제·처분이 아니다.
CC0169,라라어린이집,어린이집,성산구,사파동,4812354000.0,other,,no_axis_variation,216.9,사파동,0.53,2.0,14.0,정기 모니터링 유지,정기 모니터링,,정기 모니터링 유지,1,R-OT-default,반복 상위 노출군에 들지 않았다.,,행동 유형은 종류 구분이며 우선순위·위험등급이 아니다. 제안 행동은 행정적 확인 절차이지 규제·처분이 아니다.
CC0170,시온어린이집,어린이집,성산구,사파동,4812354000.0,other,,no_axis_variation,285.5,사파동,1.2,2.0,20.0,정기 모니터링 유지,정기 모니터링,,정기 모니터링 유지,1,R-OT-default,반복 상위 노출군에 들지 않았다.,,행동 유형은 종류 구분이며 우선순위·위험등급이 아니다. 제안 행동은 행정적 확인 절차이지 규제·처분이 아니다.
CC0171,코코몽어린이집,어린이집,성산구,사파동,4812354000.0,other,,no_axis_variation,347.7,사파동,0.7,2.0,15.0,정기 모니터링 유지,정기 모니터링,,정기 모니터링 유지,1,R-OT-default,반복 상위 노출군에 들지 않았다.,,행동 유형은 종류 구분이며 우선순위·위험등급이 아니다. 제안 행동은 행정적 확인 절차이지 규제·처분이 아니다.
CC0172,텔레토비어린이집,어린이집,성산구,사파동,4812354000.0,other,,no_axis_variation,109.2,사파동,0.44,2.0,20.0,정기 모니터링 유지,정기 모니터링,,정기 모니터링 유지,1,R-OT-default,반복 상위 노출군에 들지 않았다.,,행동 유형은 종류 구분이며 우선순위·위험등급이 아니다. 제안 행동은 행정적 확인 절차이지 규제·처분이 아니다.
CC0173,황금똥 어린이집,어린이집,성산구,사파동,4812354000.0,other,,no_axis_variation,521.0,성주동,1.2,2.0,13.0,정기 모니터링 유지,정기 모니터링,,정기 모니터링 유지,1,R-OT-default,반복 상위 노출군에 들지 않았다.,,행동 유형은 종류 구분이며 우선순위·위험등급이 아니다. 제안 행동은 행정적 확인 절차이지 규제·처분이 아니다.
CC0174,경남경찰청어린이집,어린이집,성산구,사파동,,other,,no_axis_variation,389.8,사파동,0.84,0.0,80.0,정기 모니터링 유지,정기 모니터링,,정기 모니터링 유지,1,R-OT-default,반복 상위 노출군에 들지 않았다.,,행동 유형은 종류 구분이며 우선순위·위험등급이 아니다. 제안 행동은 행정적 확인 절차이지 규제·처분이 아니다.
CC0175,창원법원어린이집,어린이집,성산구,사파동,4812354000.0,other,,no_axis_variation,0.0,사파동,0.39,2.0,65.0,정기 모니터링 유지,정기 모니터링,,정기 모니터링 유지,1,R-OT-default,반복 상위 노출군에 들지 않았다.,,행동 유형은 종류 구분이며 우선순위·위험등급이 아니다. 제안 행동은 행정적 확인 절차이지 규제·처분이 아니다.
CC0176,창원시립 상남어린이집,어린이집,성산구,상남동,4812353000.0,other,,no_axis_variation,98.0,사파동,1.46,1.0,98.0,정기 모니터링 유지,정기 모니터링,,정기 모니터링 유지,1,R-OT-default,반복 상위 노출군에 들지 않았다.,,행동 유형은 종류 구분이며 우선순위·위험등급이 아니다. 제안 행동은 행정적 확인 절차이지 규제·처분이 아니다.
CC0177,꿈이룸어린이집,어린이집,성산구,상남동,4812353000.0,other,,no_axis_variation,520.7,사파동,0.91,1.0,31.0,정기 모니터링 유지,정기 모니터링,,정기 모니터링 유지,1,R-OT-default,반복 상위 노출군에 들지 않았다.,,행동 유형은 종류 구분이며 우선순위·위험등급이 아니다. 제안 행동은 행정적 확인 절차이지 규제·처분이 아니다.
CC0178,보아라어린이집,어린이집,성산구,상남동,4812353000.0,other,,no_axis_variation,520.7,사파동,0.91,1.0,43.0,정기 모니터링 유지,정기 모니터링,,정기 모니터링 유지,1,R-OT-default,반복 상위 노출군에 들지 않았다.,,행동 유형은 종류 구분이며 우선순위·위험등급이 아니다. 제안 행동은 행정적 확인 절차이지 규제·처분이 아니다.
CC0179,세아어린이집,어린이집,성산구,상남동,4812353000.0,other,,no_axis_variation,520.7,사파동,0.91,1.0,46.0,정기 모니터링 유지,정기 모니터링,,정기 모니터링 유지,1,R-OT-default,반복 상위 노출군에 들지 않았다.,,행동 유형은 종류 구분이며 우선순위·위험등급이 아니다. 제안 행동은 행정적 확인 절차이지 규제·처분이 아니다.
CC0180,호크마어린이집,어린이집,성산구,상남동,4812353000.0,other,,no_axis_variation,200.3,사파동,1.01,1.0,36.0,정기 모니터링 유지,정기 모니터링,,정기 모니터링 유지,1,R-OT-default,반복 상위 노출군에 들지 않았다.,,행동 유형은 종류 구분이며 우선순위·위험등급이 아니다. 제안 행동은 행정적 확인 절차이지 규제·처분이 아니다.
CC0181,대동색동어린이집,어린이집,성산구,상남동,4812353000.0,other,,no_axis_variation,200.3,사파동,1.01,1.0,20.0,정기 모니터링 유지,정기 모니터링,,정기 모니터링 유지,1,R-OT-default,반복 상위 노출군에 들지 않았다.,,행동 유형은 종류 구분이며 우선순위·위험등급이 아니다. 제안 행동은 행정적 확인 절차이지 규제·처분이 아니다.
CC0182,대동피노키오어린이집,어린이집,성산구,상남동,4812353000.0,other,,no_axis_variation,200.3,사파동,1.01,1.0,20.0,정기 모니터링 유지,정기 모니터링,,정기 모니터링 유지,1,R-OT-default,반복 상위 노출군에 들지 않았다.,,행동 유형은 종류 구분이며 우선순위·위험등급이 아니다. 제안 행동은 행정적 확인 절차이지 규제·처분이 아니다.
CC0183,목화어린이집,어린이집,성산구,상남동,4812353000.0,other,,no_axis_variation,200.3,사파동,1.01,1.0,20.0,정기 모니터링 유지,정기 모니터링,,정기 모니터링 유지,1,R-OT-default,반복 상위 노출군에 들지 않았다.,,행동 유형은 종류 구분이며 우선순위·위험등급이 아니다. 제안 행동은 행정적 확인 절차이지 규제·처분이 아니다.
CC0184,봄봄어린이집,어린이집,성산구,상남동,4812353000.0,other,,no_axis_variation,520.7,사파동,0.91,1.0,19.0,정기 모니터링 유지,정기 모니터링,,정기 모니터링 유지,1,R-OT-default,반복 상위 노출군에 들지 않았다.,,행동 유형은 종류 구분이며 우선순위·위험등급이 아니다. 제안 행동은 행정적 확인 절차이지 규제·처분이 아니다.
CC0185,새하늘어린이집,어린이집,성산구,상남동,4812353000.0,other,,no_axis_variation,200.3,사파동,1.01,1.0,19.0,정기 모니터링 유지,정기 모니터링,,정기 모니터링 유지,1,R-OT-default,반복 상위 노출군에 들지 않았다.,,행동 유형은 종류 구분이며 우선순위·위험등급이 아니다. 제안 행동은 행정적 확인 절차이지 규제·처분이 아니다.
CC0186,성원동화나라어린이집,어린이집,성산구,상남동,4812353000.0,other,,no_axis_variation,520.7,사파동,0.91,1.0,19.0,정기 모니터링 유지,정기 모니터링,,정기 모니터링 유지,1,R-OT-default,반복 상위 노출군에 들지 않았다.,,행동 유형은 종류 구분이며 우선순위·위험등급이 아니다. 제안 행동은 행정적 확인 절차이지 규제·처분이 아니다.
CC0187,성원포동이어린이집,어린이집,성산구,상남동,4812353000.0,other,,no_axis_variation,520.7,사파동,0.91,1.0,20.0,정기 모니터링 유지,정기 모니터링,,정기 모니터링 유지,1,R-OT-default,반복 상위 노출군에 들지 않았다.,,행동 유형은 종류 구분이며 우선순위·위험등급이 아니다. 제안 행동은 행정적 확인 절차이지 규제·처분이 아니다.
CC0188,애기똥풀어린이집,어린이집,성산구,상남동,4812353000.0,other,,no_axis_variation,520.7,사파동,0.91,1.0,20.0,정기 모니터링 유지,정기 모니터링,,정기 모니터링 유지,1,R-OT-default,반복 상위 노출군에 들지 않았다.,,행동 유형은 종류 구분이며 우선순위·위험등급이 아니다. 제안 행동은 행정적 확인 절차이지 규제·처분이 아니다.
CC0189,크는나무어린이집,어린이집,성산구,상남동,4812353000.0,other,,no_axis_variation,200.3,사파동,1.01,1.0,19.0,정기 모니터링 유지,정기 모니터링,,정기 모니터링 유지,1,R-OT-default,반복 상위 노출군에 들지 않았다.,,행동 유형은 종류 구분이며 우선순위·위험등급이 아니다. 제안 행동은 행정적 확인 절차이지 규제·처분이 아니다.
CC0190,한마음꿈나무어린이집,어린이집,성산구,상남동,4812353000.0,other,,no_axis_variation,200.3,사파동,1.01,1.0,20.0,정기 모니터링 유지,정기 모니터링,,정기 모니터링 유지,1,R-OT-default,반복 상위 노출군에 들지 않았다.,,행동 유형은 종류 구분이며 우선순위·위험등급이 아니다. 제안 행동은 행정적 확인 절차이지 규제·처분이 아니다.
CC0191,창원시립 남산어린이집,어린이집,성산구,성주동,4812356000.0,other,,no_axis_variation,822.8,성주동,0.56,1.0,98.0,정기 모니터링 유지,정기 모니터링,,정기 모니터링 유지,1,R-OT-default,반복 상위 노출군에 들지 않았다.,,행동 유형은 종류 구분이며 우선순위·위험등급이 아니다. 제안 행동은 행정적 확인 절차이지 규제·처분이 아니다.
CC0192,성주어린이집,어린이집,성산구,성주동,4812356000.0,other,,no_axis_variation,58.0,성주동,2.38,1.0,136.0,정기 모니터링 유지,정기 모니터링,,정기 모니터링 유지,1,R-OT-default,반복 상위 노출군에 들지 않았다.,,행동 유형은 종류 구분이며 우선순위·위험등급이 아니다. 제안 행동은 행정적 확인 절차이지 규제·처분이 아니다.
CC0193,한사랑어린이집,어린이집,성산구,성주동,4812356000.0,other,,no_axis_variation,115.6,성주동,2.24,1.0,45.0,정기 모니터링 유지,정기 모니터링,,정기 모니터링 유지,1,R-OT-default,반복 상위 노출군에 들지 않았다.,,행동 유형은 종류 구분이며 우선순위·위험등급이 아니다. 제안 행동은 행정적 확인 절차이지 규제·처분이 아니다.
CC0194,꽃담어린이집,어린이집,성산구,성주동,4812356000.0,other,,no_axis_variation,497.6,성주동,0.3,1.0,34.0,정기 모니터링 유지,정기 모니터링,,정기 모니터링 유지,1,R-OT-default,반복 상위 노출군에 들지 않았다.,,행동 유형은 종류 구분이며 우선순위·위험등급이 아니다. 제안 행동은 행정적 확인 절차이지 규제·처분이 아니다.
CC0196,대동한솔어린이집,어린이집,성산구,성주동,4812356000.0,other,,no_axis_variation,110.8,성주동,2.34,1.0,39.0,정기 모니터링 유지,정기 모니터링,,정기 모니터링 유지,1,R-OT-default,반복 상위 노출군에 들지 않았다.,,행동 유형은 종류 구분이며 우선순위·위험등급이 아니다. 제안 행동은 행정적 확인 절차이지 규제·처분이 아니다.
CC0198,삼정그린코아 별숲어린이집,어린이집,성산구,성주동,4812356000.0,other,,no_axis_variation,248.4,성주동,2.63,1.0,35.0,정기 모니터링 유지,정기 모니터링,,정기 모니터링 유지,1,R-OT-default,반복 상위 노출군에 들지 않았다.,,행동 유형은 종류 구분이며 우선순위·위험등급이 아니다. 제안 행동은 행정적 확인 절차이지 규제·처분이 아니다.
CC0199,아이누리어린이집,어린이집,성산구,성주동,4812356000.0,other,,no_axis_variation,796.7,성주동,0.69,1.0,38.0,정기 모니터링 유지,정기 모니터링,,정기 모니터링 유지,1,R-OT-default,반복 상위 노출군에 들지 않았다.,,행동 유형은 종류 구분이며 우선순위·위험등급이 아니다. 제안 행동은 행정적 확인 절차이지 규제·처분이 아니다.
CC0200,이레어린이집,어린이집,성산구,성주동,4812356000.0,other,,no_axis_variation,655.5,성주동,0.36,1.0,39.0,정기 모니터링 유지,정기 모니터링,,정기 모니터링 유지,1,R-OT-default,반복 상위 노출군에 들지 않았다.,,행동 유형은 종류 구분이며 우선순위·위험등급이 아니다. 제안 행동은 행정적 확인 절차이지 규제·처분이 아니다.
CC0201,푸르지오예은어린이집,어린이집,성산구,성주동,4812356000.0,other,,no_axis_variation,398.5,성주동,0.27,1.0,30.0,정기 모니터링 유지,정기 모니터링,,정기 모니터링 유지,1,R-OT-default,반복 상위 노출군에 들지 않았다.,,행동 유형은 종류 구분이며 우선순위·위험등급이 아니다. 제안 행동은 행정적 확인 절차이지 규제·처분이 아니다.
CC0202,효성꿈송이어린이집,어린이집,성산구,성주동,4812356000.0,other,,no_axis_variation,653.9,성주동,0.39,1.0,26.0,정기 모니터링 유지,정기 모니터링,,정기 모니터링 유지,1,R-OT-default,반복 상위 노출군에 들지 않았다.,,행동 유형은 종류 구분이며 우선순위·위험등급이 아니다. 제안 행동은 행정적 확인 절차이지 규제·처분이 아니다.
CC0204,동그라미어린이집,어린이집,성산구,성주동,4812356000.0,other,,no_axis_variation,105.7,성주동,2.48,1.0,10.0,정기 모니터링 유지,정기 모니터링,,정기 모니터링 유지,1,R-OT-default,반복 상위 노출군에 들지 않았다.,,행동 유형은 종류 구분이며 우선순위·위험등급이 아니다. 제안 행동은 행정적 확인 절차이지 규제·처분이 아니다.
CC0205,DN솔루션즈 새싹어린이집,어린이집,성산구,성주동,4812356000.0,other,,no_axis_variation,281.1,성주동,0.54,1.0,51.0,정기 모니터링 유지,정기 모니터링,,정기 모니터링 유지,1,R-OT-default,반복 상위 노출군에 들지 않았다.,,행동 유형은 종류 구분이며 우선순위·위험등급이 아니다. 제안 행동은 행정적 확인 절차이지 규제·처분이 아니다.
CC0206,KERI꿈터어린이집,어린이집,성산구,성주동,,other,,no_axis_variation,451.2,성주동,1.06,0.0,60.0,정기 모니터링 유지,정기 모니터링,,정기 모니터링 유지,1,R-OT-default,반복 상위 노출군에 들지 않았다.,,행동 유형은 종류 구분이며 우선순위·위험등급이 아니다. 제안 행동은 행정적 확인 절차이지 규제·처분이 아니다.
CC0211,창원시립 용지어린이집,어린이집,성산구,용지동,4812351500.0,other,,no_axis_variation,177.6,용지동,0.0,0.0,92.0,정기 모니터링 유지,정기 모니터링,,정기 모니터링 유지,1,R-OT-default,반복 상위 노출군에 들지 않았다.,,행동 유형은 종류 구분이며 우선순위·위험등급이 아니다. 제안 행동은 행정적 확인 절차이지 규제·처분이 아니다.
CC0212,레이크파크어린이집,어린이집,성산구,용지동,4812351500.0,other,,no_axis_variation,420.8,용지동,0.98,0.0,63.0,정기 모니터링 유지,정기 모니터링,,정기 모니터링 유지,1,R-OT-default,반복 상위 노출군에 들지 않았다.,,행동 유형은 종류 구분이며 우선순위·위험등급이 아니다. 제안 행동은 행정적 확인 절차이지 규제·처분이 아니다.
CC0214,러블리키즈어린이집,어린이집,성산구,용지동,4812351500.0,other,,no_axis_variation,312.9,사파동,1.08,0.0,17.0,정기 모니터링 유지,정기 모니터링,,정기 모니터링 유지,1,R-OT-default,반복 상위 노출군에 들지 않았다.,,행동 유형은 종류 구분이며 우선순위·위험등급이 아니다. 제안 행동은 행정적 확인 절차이지 규제·처분이 아니다.
CC0215,솔밭어린이집,어린이집,성산구,용지동,4812351500.0,other,,no_axis_variation,219.4,사파동,0.62,0.0,20.0,정기 모니터링 유지,정기 모니터링,,정기 모니터링 유지,1,R-OT-default,반복 상위 노출군에 들지 않았다.,,행동 유형은 종류 구분이며 우선순위·위험등급이 아니다. 제안 행동은 행정적 확인 절차이지 규제·처분이 아니다.
CC0216,예쁜어린이집,어린이집,성산구,용지동,4812351500.0,other,,no_axis_variation,190.1,용지동,0.97,0.0,16.0,정기 모니터링 유지,정기 모니터링,,정기 모니터링 유지,1,R-OT-default,반복 상위 노출군에 들지 않았다.,,행동 유형은 종류 구분이며 우선순위·위험등급이 아니다. 제안 행동은 행정적 확인 절차이지 규제·처분이 아니다.
CC0217,튼튼아이어린이집,어린이집,성산구,용지동,4812351500.0,other,,no_axis_variation,443.9,용지동,0.53,0.0,14.0,정기 모니터링 유지,정기 모니터링,,정기 모니터링 유지,1,R-OT-default,반복 상위 노출군에 들지 않았다.,,행동 유형은 종류 구분이며 우선순위·위험등급이 아니다. 제안 행동은 행정적 확인 절차이지 규제·처분이 아니다.
CC0218,햇살닮은어린이집,어린이집,성산구,용지동,4812351500.0,other,,no_axis_variation,99.4,사파동,0.97,0.0,20.0,정기 모니터링 유지,정기 모니터링,,정기 모니터링 유지,1,R-OT-default,반복 상위 노출군에 들지 않았다.,,행동 유형은 종류 구분이며 우선순위·위험등급이 아니다. 제안 행동은 행정적 확인 절차이지 규제·처분이 아니다.
CC0219,낙동강유역환경청다솜어린이집,어린이집,성산구,용지동,4812351500.0,other,,no_axis_variation,0.0,용지동,0.54,0.0,39.0,정기 모니터링 유지,정기 모니터링,,정기 모니터링 유지,1,R-OT-default,반복 상위 노출군에 들지 않았다.,,행동 유형은 종류 구분이며 우선순위·위험등급이 아니다. 제안 행동은 행정적 확인 절차이지 규제·처분이 아니다.
CC0221,창원시립 동원꿈꾸는어린이집,어린이집,성산구,웅남동,4812357000.0,other,,no_axis_variation,857.2,웅남동,3.15,1.0,19.0,정기 모니터링 유지,정기 모니터링,,정기 모니터링 유지,1,R-OT-default,반복 상위 노출군에 들지 않았다.,,행동 유형은 종류 구분이며 우선순위·위험등급이 아니다. 제안 행동은 행정적 확인 절차이지 규제·처분이 아니다.
CC0223,새풀잎어린이집,어린이집,성산구,웅남동,4812357000.0,other,,no_axis_variation,1183.3,봉암동,3.06,1.0,39.0,정기 모니터링 유지,정기 모니터링,,정기 모니터링 유지,1,R-OT-default,반복 상위 노출군에 들지 않았다.,,행동 유형은 종류 구분이며 우선순위·위험등급이 아니다. 제안 행동은 행정적 확인 절차이지 규제·처분이 아니다.
CC0224,은종어린이집,어린이집,성산구,웅남동,4812357000.0,other,,no_axis_variation,1034.5,봉암동,3.18,1.0,17.0,정기 모니터링 유지,정기 모니터링,,정기 모니터링 유지,1,R-OT-default,반복 상위 노출군에 들지 않았다.,,행동 유형은 종류 구분이며 우선순위·위험등급이 아니다. 제안 행동은 행정적 확인 절차이지 규제·처분이 아니다.
CC0225,팀버어린이집,어린이집,성산구,웅남동,4812357000.0,other,,no_axis_variation,1076.8,봉암동,3.12,1.0,19.0,정기 모니터링 유지,정기 모니터링,,정기 모니터링 유지,1,R-OT-default,반복 상위 노출군에 들지 않았다.,,행동 유형은 종류 구분이며 우선순위·위험등급이 아니다. 제안 행동은 행정적 확인 절차이지 규제·처분이 아니다.
CC0226,볼보바르미어린이집,어린이집,성산구,웅남동,4812357000.0,other,,no_axis_variation,673.1,봉암동,3.02,1.0,40.0,정기 모니터링 유지,정기 모니터링,,정기 모니터링 유지,1,R-OT-default,반복 상위 노출군에 들지 않았다.,,행동 유형은 종류 구분이며 우선순위·위험등급이 아니다. 제안 행동은 행정적 확인 절차이지 규제·처분이 아니다.
CC0228,창원시립 대원꿈에그린어린이집,어린이집,성산구,중앙동,4812352000.0,other,,no_axis_variation,386.7,명서동,1.06,15.0,76.0,정기 모니터링 유지,정기 모니터링,,정기 모니터링 유지,1,R-OT-default,반복 상위 노출군에 들지 않았다.,,행동 유형은 종류 구분이며 우선순위·위험등급이 아니다. 제안 행동은 행정적 확인 절차이지 규제·처분이 아니다.
CC0229,창원시립 대원어린이집,어린이집,성산구,중앙동,4812352000.0,other,,no_axis_variation,329.3,명서동,1.4,15.0,95.0,정기 모니터링 유지,정기 모니터링,,정기 모니터링 유지,1,R-OT-default,반복 상위 노출군에 들지 않았다.,,행동 유형은 종류 구분이며 우선순위·위험등급이 아니다. 제안 행동은 행정적 확인 절차이지 규제·처분이 아니다.
CC0230,창원시립 에일린의뜰1단지어린이집,어린이집,성산구,중앙동,4812352000.0,other,,no_axis_variation,470.5,명서동,1.33,15.0,36.0,정기 모니터링 유지,정기 모니터링,,정기 모니터링 유지,1,R-OT-default,반복 상위 노출군에 들지 않았다.,,행동 유형은 종류 구분이며 우선순위·위험등급이 아니다. 제안 행동은 행정적 확인 절차이지 규제·처분이 아니다.
CC0231,창원시립 에일린의뜰2단지어린이집,어린이집,성산구,중앙동,4812352000.0,other,,no_axis_variation,418.2,명서동,1.58,15.0,44.0,정기 모니터링 유지,정기 모니터링,,정기 모니터링 유지,1,R-OT-default,반복 상위 노출군에 들지 않았다.,,행동 유형은 종류 구분이며 우선순위·위험등급이 아니다. 제안 행동은 행정적 확인 절차이지 규제·처분이 아니다.
CC0233,킨더바움어린이집,어린이집,성산구,중앙동,4812352000.0,other,,no_axis_variation,312.1,사파동,1.76,15.0,48.0,정기 모니터링 유지,정기 모니터링,,정기 모니터링 유지,1,R-OT-default,반복 상위 노출군에 들지 않았다.,,행동 유형은 종류 구분이며 우선순위·위험등급이 아니다. 제안 행동은 행정적 확인 절차이지 규제·처분이 아니다.
CC0234,토리어린이집,어린이집,성산구,중앙동,4812352000.0,other,,no_axis_variation,233.6,웅남동,1.64,15.0,30.0,정기 모니터링 유지,정기 모니터링,,정기 모니터링 유지,1,R-OT-default,반복 상위 노출군에 들지 않았다.,,행동 유형은 종류 구분이며 우선순위·위험등급이 아니다. 제안 행동은 행정적 확인 절차이지 규제·처분이 아니다.
CC0235,꿈누리어린이집,어린이집,성산구,중앙동,4812352000.0,other,,no_axis_variation,239.4,웅남동,1.55,15.0,20.0,정기 모니터링 유지,정기 모니터링,,정기 모니터링 유지,1,R-OT-default,반복 상위 노출군에 들지 않았다.,,행동 유형은 종류 구분이며 우선순위·위험등급이 아니다. 제안 행동은 행정적 확인 절차이지 규제·처분이 아니다.
CC0237,수채화어린이집,어린이집,성산구,중앙동,4812352000.0,other,,no_axis_variation,115.3,웅남동,1.86,15.0,20.0,정기 모니터링 유지,정기 모니터링,,정기 모니터링 유지,1,R-OT-default,반복 상위 노출군에 들지 않았다.,,행동 유형은 종류 구분이며 우선순위·위험등급이 아니다. 제안 행동은 행정적 확인 절차이지 규제·처분이 아니다.
CC0238,스마일어린이집,어린이집,성산구,중앙동,4812352000.0,other,,no_axis_variation,226.2,명서동,1.54,15.0,20.0,정기 모니터링 유지,정기 모니터링,,정기 모니터링 유지,1,R-OT-default,반복 상위 노출군에 들지 않았다.,,행동 유형은 종류 구분이며 우선순위·위험등급이 아니다. 제안 행동은 행정적 확인 절차이지 규제·처분이 아니다.
CC0240,참좋은어린이집,어린이집,성산구,중앙동,4812352000.0,other,,no_axis_variation,354.4,웅남동,1.88,15.0,19.0,정기 모니터링 유지,정기 모니터링,,정기 모니터링 유지,1,R-OT-default,반복 상위 노출군에 들지 않았다.,,행동 유형은 종류 구분이며 우선순위·위험등급이 아니다. 제안 행동은 행정적 확인 절차이지 규제·처분이 아니다.
CC0241,파크빌어린이집,어린이집,성산구,중앙동,4812352000.0,other,,no_axis_variation,60.7,웅남동,1.45,15.0,12.0,정기 모니터링 유지,정기 모니터링,,정기 모니터링 유지,1,R-OT-default,반복 상위 노출군에 들지 않았다.,,행동 유형은 종류 구분이며 우선순위·위험등급이 아니다. 제안 행동은 행정적 확인 절차이지 규제·처분이 아니다.
CC0242,하람어린이집,어린이집,성산구,중앙동,4812352000.0,other,,no_axis_variation,266.0,웅남동,1.57,15.0,13.0,정기 모니터링 유지,정기 모니터링,,정기 모니터링 유지,1,R-OT-default,반복 상위 노출군에 들지 않았다.,,행동 유형은 종류 구분이며 우선순위·위험등급이 아니다. 제안 행동은 행정적 확인 절차이지 규제·처분이 아니다.
CC0243,해뜸어린이집,어린이집,성산구,중앙동,4812352000.0,other,,no_axis_variation,61.9,웅남동,1.44,15.0,20.0,정기 모니터링 유지,정기 모니터링,,정기 모니터링 유지,1,R-OT-default,반복 상위 노출군에 들지 않았다.,,행동 유형은 종류 구분이며 우선순위·위험등급이 아니다. 제안 행동은 행정적 확인 절차이지 규제·처분이 아니다.
CC0246,창원시립 가포금호어울림어린이집,어린이집,마산합포구,가포동,4812552000.0,other,,no_axis_variation,379.4,월영동,3.32,0.0,54.0,정기 모니터링 유지,정기 모니터링,,정기 모니터링 유지,1,R-OT-default,반복 상위 노출군에 들지 않았다.,,행동 유형은 종류 구분이며 우선순위·위험등급이 아니다. 제안 행동은 행정적 확인 절차이지 규제·처분이 아니다.
CC0247,창원시립 가포어린이집,어린이집,마산합포구,가포동,4812552000.0,other,,no_axis_variation,67.9,월영동,1.8,0.0,95.0,정기 모니터링 유지,정기 모니터링,,정기 모니터링 유지,1,R-OT-default,반복 상위 노출군에 들지 않았다.,,행동 유형은 종류 구분이며 우선순위·위험등급이 아니다. 제안 행동은 행정적 확인 절차이지 규제·처분이 아니다.
CC0248,창원시립 가포유보라어린이집,어린이집,마산합포구,가포동,4812552000.0,other,,no_axis_variation,592.5,월영동,3.0,0.0,51.0,정기 모니터링 유지,정기 모니터링,,정기 모니터링 유지,1,R-OT-default,반복 상위 노출군에 들지 않았다.,,행동 유형은 종류 구분이며 우선순위·위험등급이 아니다. 제안 행동은 행정적 확인 절차이지 규제·처분이 아니다.
CC0249,창원시립 교방롯데캐슬어린이집,어린이집,마산합포구,교방동,4812561000.0,other,,no_axis_variation,366.4,회원동,0.91,0.0,35.0,정기 모니터링 유지,정기 모니터링,,정기 모니터링 유지,1,R-OT-default,반복 상위 노출군에 들지 않았다.,,행동 유형은 종류 구분이며 우선순위·위험등급이 아니다. 제안 행동은 행정적 확인 절차이지 규제·처분이 아니다.
CC0250,창원시립 교방푸르지오어린이집,어린이집,마산합포구,교방동,4812561000.0,other,,no_axis_variation,148.1,회원동,0.87,0.0,85.0,정기 모니터링 유지,정기 모니터링,,정기 모니터링 유지,1,R-OT-default,반복 상위 노출군에 들지 않았다.,,행동 유형은 종류 구분이며 우선순위·위험등급이 아니다. 제안 행동은 행정적 확인 절차이지 규제·처분이 아니다.
CC0251,i블루밍어린이집,어린이집,마산합포구,교방동,4812561000.0,other,,no_axis_variation,352.8,회원동,1.08,0.0,23.0,정기 모니터링 유지,정기 모니터링,,정기 모니터링 유지,1,R-OT-default,반복 상위 노출군에 들지 않았다.,,행동 유형은 종류 구분이며 우선순위·위험등급이 아니다. 제안 행동은 행정적 확인 절차이지 규제·처분이 아니다.
CC0252,노산어린이집,어린이집,마산합포구,교방동,4812561000.0,other,,no_axis_variation,436.5,회원동,0.5,0.0,99.0,정기 모니터링 유지,정기 모니터링,,정기 모니터링 유지,1,R-OT-default,반복 상위 노출군에 들지 않았다.,,행동 유형은 종류 구분이며 우선순위·위험등급이 아니다. 제안 행동은 행정적 확인 절차이지 규제·처분이 아니다.
CC0253,마산삼성어린이집,어린이집,마산합포구,교방동,4812561000.0,other,,no_axis_variation,120.7,회원동,0.67,0.0,130.0,정기 모니터링 유지,정기 모니터링,,정기 모니터링 유지,1,R-OT-default,반복 상위 노출군에 들지 않았다.,,행동 유형은 종류 구분이며 우선순위·위험등급이 아니다. 제안 행동은 행정적 확인 절차이지 규제·처분이 아니다.
CC0254,자이별밭 어린이집,어린이집,마산합포구,교방동,4812561000.0,other,,no_axis_variation,426.7,회원동,0.56,0.0,47.0,정기 모니터링 유지,정기 모니터링,,정기 모니터링 유지,1,R-OT-default,반복 상위 노출군에 들지 않았다.,,행동 유형은 종류 구분이며 우선순위·위험등급이 아니다. 제안 행동은 행정적 확인 절차이지 규제·처분이 아니다.
CC0255,킨더가르텐 어린이집,어린이집,마산합포구,교방동,4812561000.0,other,,no_axis_variation,302.0,회원동,1.27,0.0,70.0,정기 모니터링 유지,정기 모니터링,,정기 모니터링 유지,1,R-OT-default,반복 상위 노출군에 들지 않았다.,,행동 유형은 종류 구분이며 우선순위·위험등급이 아니다. 제안 행동은 행정적 확인 절차이지 규제·처분이 아니다.
CC0256,상록엔젤어린이집,어린이집,마산합포구,교방동,4812561000.0,other,,no_axis_variation,118.3,회원동,1.18,0.0,15.0,정기 모니터링 유지,정기 모니터링,,정기 모니터링 유지,1,R-OT-default,반복 상위 노출군에 들지 않았다.,,행동 유형은 종류 구분이며 우선순위·위험등급이 아니다. 제안 행동은 행정적 확인 절차이지 규제·처분이 아니다.
CC0257,예림어린이집,어린이집,마산합포구,교방동,4812561000.0,other,,no_axis_variation,426.7,회원동,0.56,0.0,20.0,정기 모니터링 유지,정기 모니터링,,정기 모니터링 유지,1,R-OT-default,반복 상위 노출군에 들지 않았다.,,행동 유형은 종류 구분이며 우선순위·위험등급이 아니다. 제안 행동은 행정적 확인 절차이지 규제·처분이 아니다.
CC0258,우리네어린이집,어린이집,마산합포구,교방동,4812561000.0,other,,no_axis_variation,352.8,회원동,1.08,0.0,20.0,정기 모니터링 유지,정기 모니터링,,정기 모니터링 유지,1,R-OT-default,반복 상위 노출군에 들지 않았다.,,행동 유형은 종류 구분이며 우선순위·위험등급이 아니다. 제안 행동은 행정적 확인 절차이지 규제·처분이 아니다.
CC0259,창원시립 구산어린이집,어린이집,마산합포구,구산면,4812531000.0,other,,no_axis_variation,1155.2,월영동,7.25,2.0,56.0,정기 모니터링 유지,정기 모니터링,,정기 모니터링 유지,1,R-OT-default,반복 상위 노출군에 들지 않았다.,,행동 유형은 종류 구분이며 우선순위·위험등급이 아니다. 제안 행동은 행정적 확인 절차이지 규제·처분이 아니다.
CC0260,창원시립 샛별어린이집,어린이집,마산합포구,문화동,4812554000.0,other,,no_axis_variation,136.6,월영동,0.4,0.0,88.0,정기 모니터링 유지,정기 모니터링,,정기 모니터링 유지,1,R-OT-default,반복 상위 노출군에 들지 않았다.,,행동 유형은 종류 구분이며 우선순위·위험등급이 아니다. 제안 행동은 행정적 확인 절차이지 규제·처분이 아니다.
CC0261,예능어린이집,어린이집,마산합포구,문화동,4812554000.0,other,,no_axis_variation,239.4,월영동,0.35,0.0,49.0,정기 모니터링 유지,정기 모니터링,,정기 모니터링 유지,1,R-OT-default,반복 상위 노출군에 들지 않았다.,,행동 유형은 종류 구분이며 우선순위·위험등급이 아니다. 제안 행동은 행정적 확인 절차이지 규제·처분이 아니다.
CC0262,합포꿈동이어린이집,어린이집,마산합포구,문화동,4812554000.0,other,,no_axis_variation,201.6,월영동,0.09,0.0,19.0,정기 모니터링 유지,정기 모니터링,,정기 모니터링 유지,1,R-OT-default,반복 상위 노출군에 들지 않았다.,,행동 유형은 종류 구분이며 우선순위·위험등급이 아니다. 제안 행동은 행정적 확인 절차이지 규제·처분이 아니다.
CC0263,합포어린이집,어린이집,마산합포구,문화동,4812554000.0,other,,no_axis_variation,166.4,월영동,0.14,0.0,20.0,정기 모니터링 유지,정기 모니터링,,정기 모니터링 유지,1,R-OT-default,반복 상위 노출군에 들지 않았다.,,행동 유형은 종류 구분이며 우선순위·위험등급이 아니다. 제안 행동은 행정적 확인 절차이지 규제·처분이 아니다.
CC0264,백양어린이집,어린이집,마산합포구,반월중앙동,4812556500.0,other,,no_axis_variation,184.6,월영동,1.01,0.0,115.0,정기 모니터링 유지,정기 모니터링,,정기 모니터링 유지,1,R-OT-default,반복 상위 노출군에 들지 않았다.,,행동 유형은 종류 구분이며 우선순위·위험등급이 아니다. 제안 행동은 행정적 확인 절차이지 규제·처분이 아니다.
CC0265,사회복지법인마산어린이집,어린이집,마산합포구,반월중앙동,4812556500.0,other,,no_axis_variation,281.1,월영동,1.38,0.0,99.0,정기 모니터링 유지,정기 모니터링,,정기 모니터링 유지,1,R-OT-default,반복 상위 노출군에 들지 않았다.,,행동 유형은 종류 구분이며 우선순위·위험등급이 아니다. 제안 행동은 행정적 확인 절차이지 규제·처분이 아니다.
CC0267,블루밍어린이집,어린이집,마산합포구,반월중앙동,4812556500.0,other,,no_axis_variation,121.1,월영동,1.0,0.0,21.0,정기 모니터링 유지,정기 모니터링,,정기 모니터링 유지,1,R-OT-default,반복 상위 노출군에 들지 않았다.,,행동 유형은 종류 구분이며 우선순위·위험등급이 아니다. 제안 행동은 행정적 확인 절차이지 규제·처분이 아니다.
CC0268,해오름어린이집,어린이집,마산합포구,반월중앙동,4812556500.0,other,,no_axis_variation,238.7,월영동,1.38,0.0,33.0,정기 모니터링 유지,정기 모니터링,,정기 모니터링 유지,1,R-OT-default,반복 상위 노출군에 들지 않았다.,,행동 유형은 종류 구분이며 우선순위·위험등급이 아니다. 제안 행동은 행정적 확인 절차이지 규제·처분이 아니다.
CC0269,경동튼튼어린이집,어린이집,마산합포구,반월중앙동,4812556500.0,other,,no_axis_variation,161.6,월영동,1.34,0.0,19.0,정기 모니터링 유지,정기 모니터링,,정기 모니터링 유지,1,R-OT-default,반복 상위 노출군에 들지 않았다.,,행동 유형은 종류 구분이며 우선순위·위험등급이 아니다. 제안 행동은 행정적 확인 절차이지 규제·처분이 아니다.
CC0274,연우어린이집,어린이집,마산합포구,산호동,4812565000.0,other,,no_axis_variation,65.8,회원동,0.49,0.0,86.0,정기 모니터링 유지,정기 모니터링,,정기 모니터링 유지,1,R-OT-default,반복 상위 노출군에 들지 않았다.,,행동 유형은 종류 구분이며 우선순위·위험등급이 아니다. 제안 행동은 행정적 확인 절차이지 규제·처분이 아니다.
CC0276,통통이어린이집,어린이집,마산합포구,산호동,4812565000.0,other,,no_axis_variation,117.3,회원동,0.62,0.0,20.0,정기 모니터링 유지,정기 모니터링,,정기 모니터링 유지,1,R-OT-default,반복 상위 노출군에 들지 않았다.,,행동 유형은 종류 구분이며 우선순위·위험등급이 아니다. 제안 행동은 행정적 확인 절차이지 규제·처분이 아니다.
CC0279,창원시립 추산어린이집,어린이집,마산합포구,오동동,4812563000.0,other,,no_axis_variation,185.0,회원동,1.38,2.0,78.0,정기 모니터링 유지,정기 모니터링,,정기 모니터링 유지,1,R-OT-default,반복 상위 노출군에 들지 않았다.,,행동 유형은 종류 구분이며 우선순위·위험등급이 아니다. 제안 행동은 행정적 확인 절차이지 규제·처분이 아니다.
CC0284,노벨어린이집,어린이집,마산합포구,완월동,4812557000.0,other,,no_axis_variation,153.4,월영동,1.48,0.0,67.0,정기 모니터링 유지,정기 모니터링,,정기 모니터링 유지,1,R-OT-default,반복 상위 노출군에 들지 않았다.,,행동 유형은 종류 구분이며 우선순위·위험등급이 아니다. 제안 행동은 행정적 확인 절차이지 규제·처분이 아니다.
CC0285,자연숲어린이집,어린이집,마산합포구,완월동,4812557000.0,other,,no_axis_variation,135.3,월영동,1.48,0.0,115.0,정기 모니터링 유지,정기 모니터링,,정기 모니터링 유지,1,R-OT-default,반복 상위 노출군에 들지 않았다.,,행동 유형은 종류 구분이며 우선순위·위험등급이 아니다. 제안 행동은 행정적 확인 절차이지 규제·처분이 아니다.
CC0286,보노어린이집,어린이집,마산합포구,완월동,4812557000.0,other,,no_axis_variation,258.6,월영동,1.38,0.0,20.0,정기 모니터링 유지,정기 모니터링,,정기 모니터링 유지,1,R-OT-default,반복 상위 노출군에 들지 않았다.,,행동 유형은 종류 구분이며 우선순위·위험등급이 아니다. 제안 행동은 행정적 확인 절차이지 규제·처분이 아니다.
CC0287,창원시립 SK오션뷰어린이집,어린이집,마산합포구,월영동,4812553000.0,other,,no_axis_variation,327.1,월영동,0.84,1.0,71.0,정기 모니터링 유지,정기 모니터링,,정기 모니터링 유지,1,R-OT-default,반복 상위 노출군에 들지 않았다.,,행동 유형은 종류 구분이며 우선순위·위험등급이 아니다. 제안 행동은 행정적 확인 절차이지 규제·처분이 아니다.
CC0288,창원시립 딩동댕어린이집,어린이집,마산합포구,월영동,4812553000.0,other,,no_axis_variation,629.3,월영동,1.23,1.0,20.0,정기 모니터링 유지,정기 모니터링,,정기 모니터링 유지,1,R-OT-default,반복 상위 노출군에 들지 않았다.,,행동 유형은 종류 구분이며 우선순위·위험등급이 아니다. 제안 행동은 행정적 확인 절차이지 규제·처분이 아니다.
CC0289,창원시립 마린애시앙어린이집,어린이집,마산합포구,월영동,4812553000.0,other,,no_axis_variation,481.4,월영동,0.92,1.0,75.0,정기 모니터링 유지,정기 모니터링,,정기 모니터링 유지,1,R-OT-default,반복 상위 노출군에 들지 않았다.,,행동 유형은 종류 구분이며 우선순위·위험등급이 아니다. 제안 행동은 행정적 확인 절차이지 규제·처분이 아니다.
CC0290,창원시립 애시앙숲어린이집,어린이집,마산합포구,월영동,4812553000.0,other,,no_axis_variation,481.4,월영동,0.92,1.0,95.0,정기 모니터링 유지,정기 모니터링,,정기 모니터링 유지,1,R-OT-default,반복 상위 노출군에 들지 않았다.,,행동 유형은 종류 구분이며 우선순위·위험등급이 아니다. 제안 행동은 행정적 확인 절차이지 규제·처분이 아니다.
CC0291,창원시립 월영어린이집,어린이집,마산합포구,월영동,4812553000.0,other,,no_axis_variation,229.7,월영동,0.58,1.0,75.0,정기 모니터링 유지,정기 모니터링,,정기 모니터링 유지,1,R-OT-default,반복 상위 노출군에 들지 않았다.,,행동 유형은 종류 구분이며 우선순위·위험등급이 아니다. 제안 행동은 행정적 확인 절차이지 규제·처분이 아니다.
CC0292,동아마을어린이집,어린이집,마산합포구,월영동,4812553000.0,other,,no_axis_variation,409.8,월영동,0.96,1.0,30.0,정기 모니터링 유지,정기 모니터링,,정기 모니터링 유지,1,R-OT-default,반복 상위 노출군에 들지 않았다.,,행동 유형은 종류 구분이며 우선순위·위험등급이 아니다. 제안 행동은 행정적 확인 절차이지 규제·처분이 아니다.
CC0293,동아신나는어린이집,어린이집,마산합포구,월영동,4812553000.0,other,,no_axis_variation,629.3,월영동,1.23,1.0,36.0,정기 모니터링 유지,정기 모니터링,,정기 모니터링 유지,1,R-OT-default,반복 상위 노출군에 들지 않았다.,,행동 유형은 종류 구분이며 우선순위·위험등급이 아니다. 제안 행동은 행정적 확인 절차이지 규제·처분이 아니다.
CC0294,마산가포부영사랑으로어린이집,어린이집,마산합포구,월영동,4812553000.0,other,,no_axis_variation,520.3,월영동,1.68,1.0,49.0,정기 모니터링 유지,정기 모니터링,,정기 모니터링 유지,1,R-OT-default,반복 상위 노출군에 들지 않았다.,,행동 유형은 종류 구분이며 우선순위·위험등급이 아니다. 제안 행동은 행정적 확인 절차이지 규제·처분이 아니다.
CC0295,새암어린이집,어린이집,마산합포구,월영동,4812553000.0,other,,no_axis_variation,297.1,월영동,0.82,1.0,65.0,정기 모니터링 유지,정기 모니터링,,정기 모니터링 유지,1,R-OT-default,반복 상위 노출군에 들지 않았다.,,행동 유형은 종류 구분이며 우선순위·위험등급이 아니다. 제안 행동은 행정적 확인 절차이지 규제·처분이 아니다.
CC0298,현대신나는어린이집,어린이집,마산합포구,월영동,4812553000.0,other,,no_axis_variation,387.0,월영동,1.11,1.0,30.0,정기 모니터링 유지,정기 모니터링,,정기 모니터링 유지,1,R-OT-default,반복 상위 노출군에 들지 않았다.,,행동 유형은 종류 구분이며 우선순위·위험등급이 아니다. 제안 행동은 행정적 확인 절차이지 규제·처분이 아니다.
CC0299,고운어린이집,어린이집,마산합포구,월영동,4812553000.0,other,,no_axis_variation,481.4,월영동,0.92,1.0,19.0,정기 모니터링 유지,정기 모니터링,,정기 모니터링 유지,1,R-OT-default,반복 상위 노출군에 들지 않았다.,,행동 유형은 종류 구분이며 우선순위·위험등급이 아니다. 제안 행동은 행정적 확인 절차이지 규제·처분이 아니다.
CC0300,금빛어린이집,어린이집,마산합포구,월영동,4812553000.0,other,,no_axis_variation,409.8,월영동,0.96,1.0,20.0,정기 모니터링 유지,정기 모니터링,,정기 모니터링 유지,1,R-OT-default,반복 상위 노출군에 들지 않았다.,,행동 유형은 종류 구분이며 우선순위·위험등급이 아니다. 제안 행동은 행정적 확인 절차이지 규제·처분이 아니다.
CC0301,기쁨몬테소리어린이집,어린이집,마산합포구,월영동,4812553000.0,other,,no_axis_variation,629.3,월영동,1.23,1.0,20.0,정기 모니터링 유지,정기 모니터링,,정기 모니터링 유지,1,R-OT-default,반복 상위 노출군에 들지 않았다.,,행동 유형은 종류 구분이며 우선순위·위험등급이 아니다. 제안 행동은 행정적 확인 절차이지 규제·처분이 아니다.
CC0302,꼬꼬마어린이집,어린이집,마산합포구,월영동,4812553000.0,other,,no_axis_variation,629.3,월영동,1.23,1.0,20.0,정기 모니터링 유지,정기 모니터링,,정기 모니터링 유지,1,R-OT-default,반복 상위 노출군에 들지 않았다.,,행동 유형은 종류 구분이며 우선순위·위험등급이 아니다. 제안 행동은 행정적 확인 절차이지 규제·처분이 아니다.
CC0303,바른나무어린이집,어린이집,마산합포구,월영동,4812553000.0,other,,no_axis_variation,481.4,월영동,0.92,1.0,19.0,정기 모니터링 유지,정기 모니터링,,정기 모니터링 유지,1,R-OT-default,반복 상위 노출군에 들지 않았다.,,행동 유형은 종류 구분이며 우선순위·위험등급이 아니다. 제안 행동은 행정적 확인 절차이지 규제·처분이 아니다.
CC0304,보보어린이집,어린이집,마산합포구,월영동,4812553000.0,other,,no_axis_variation,517.9,월영동,1.17,1.0,19.0,정기 모니터링 유지,정기 모니터링,,정기 모니터링 유지,1,R-OT-default,반복 상위 노출군에 들지 않았다.,,행동 유형은 종류 구분이며 우선순위·위험등급이 아니다. 제안 행동은 행정적 확인 절차이지 규제·처분이 아니다.
CC0305,사랑숲 어린이집,어린이집,마산합포구,월영동,4812553000.0,other,,no_axis_variation,110.8,월영동,0.49,1.0,20.0,정기 모니터링 유지,정기 모니터링,,정기 모니터링 유지,1,R-OT-default,반복 상위 노출군에 들지 않았다.,,행동 유형은 종류 구분이며 우선순위·위험등급이 아니다. 제안 행동은 행정적 확인 절차이지 규제·처분이 아니다.
CC0306,아띠어린이집,어린이집,마산합포구,월영동,4812553000.0,other,,no_axis_variation,280.8,월영동,0.63,1.0,20.0,정기 모니터링 유지,정기 모니터링,,정기 모니터링 유지,1,R-OT-default,반복 상위 노출군에 들지 않았다.,,행동 유형은 종류 구분이며 우선순위·위험등급이 아니다. 제안 행동은 행정적 확인 절차이지 규제·처분이 아니다.
CC0307,애시앙키즈어린이집,어린이집,마산합포구,월영동,4812553000.0,other,,no_axis_variation,481.4,월영동,0.92,1.0,19.0,정기 모니터링 유지,정기 모니터링,,정기 모니터링 유지,1,R-OT-default,반복 상위 노출군에 들지 않았다.,,행동 유형은 종류 구분이며 우선순위·위험등급이 아니다. 제안 행동은 행정적 확인 절차이지 규제·처분이 아니다.
CC0308,예님어린이집,어린이집,마산합포구,월영동,4812553000.0,other,,no_axis_variation,336.1,월영동,1.17,1.0,19.0,정기 모니터링 유지,정기 모니터링,,정기 모니터링 유지,1,R-OT-default,반복 상위 노출군에 들지 않았다.,,행동 유형은 종류 구분이며 우선순위·위험등급이 아니다. 제안 행동은 행정적 확인 절차이지 규제·처분이 아니다.
CC0309,이안어린이집,어린이집,마산합포구,월영동,4812553000.0,other,,no_axis_variation,481.4,월영동,0.92,1.0,19.0,정기 모니터링 유지,정기 모니터링,,정기 모니터링 유지,1,R-OT-default,반복 상위 노출군에 들지 않았다.,,행동 유형은 종류 구분이며 우선순위·위험등급이 아니다. 제안 행동은 행정적 확인 절차이지 규제·처분이 아니다.
CC0310,조은어린이집,어린이집,마산합포구,월영동,4812553000.0,other,,no_axis_variation,704.3,월영동,1.39,1.0,20.0,정기 모니터링 유지,정기 모니터링,,정기 모니터링 유지,1,R-OT-default,반복 상위 노출군에 들지 않았다.,,행동 유형은 종류 구분이며 우선순위·위험등급이 아니다. 제안 행동은 행정적 확인 절차이지 규제·처분이 아니다.
CC0311,해맑은어린이집,어린이집,마산합포구,월영동,4812553000.0,other,,no_axis_variation,179.2,월영동,0.52,1.0,19.0,정기 모니터링 유지,정기 모니터링,,정기 모니터링 유지,1,R-OT-default,반복 상위 노출군에 들지 않았다.,,행동 유형은 종류 구분이며 우선순위·위험등급이 아니다. 제안 행동은 행정적 확인 절차이지 규제·처분이 아니다.
CC0312,행복아이어린이집,어린이집,마산합포구,월영동,4812553000.0,other,,no_axis_variation,481.4,월영동,0.92,1.0,19.0,정기 모니터링 유지,정기 모니터링,,정기 모니터링 유지,1,R-OT-default,반복 상위 노출군에 들지 않았다.,,행동 유형은 종류 구분이며 우선순위·위험등급이 아니다. 제안 행동은 행정적 확인 절차이지 규제·처분이 아니다.
CC0313,바른아이뜰어린이집,어린이집,마산합포구,자산동,4812558000.0,other,,no_axis_variation,365.7,회원동,1.96,0.0,39.0,정기 모니터링 유지,정기 모니터링,,정기 모니터링 유지,1,R-OT-default,반복 상위 노출군에 들지 않았다.,,행동 유형은 종류 구분이며 우선순위·위험등급이 아니다. 제안 행동은 행정적 확인 절차이지 규제·처분이 아니다.
CC0314,반달어린이집,어린이집,마산합포구,자산동,4812558000.0,other,,no_axis_variation,471.5,월영동,1.92,0.0,39.0,정기 모니터링 유지,정기 모니터링,,정기 모니터링 유지,1,R-OT-default,반복 상위 노출군에 들지 않았다.,,행동 유형은 종류 구분이며 우선순위·위험등급이 아니다. 제안 행동은 행정적 확인 절차이지 규제·처분이 아니다.
CC0315,샛별아이어린이집,어린이집,마산합포구,자산동,4812558000.0,other,,no_axis_variation,206.7,회원동,1.93,0.0,49.0,정기 모니터링 유지,정기 모니터링,,정기 모니터링 유지,1,R-OT-default,반복 상위 노출군에 들지 않았다.,,행동 유형은 종류 구분이며 우선순위·위험등급이 아니다. 제안 행동은 행정적 확인 절차이지 규제·처분이 아니다.
CC0316,청운어린이집,어린이집,마산합포구,자산동,4812558000.0,other,,no_axis_variation,123.2,회원동,1.7,0.0,140.0,정기 모니터링 유지,정기 모니터링,,정기 모니터링 유지,1,R-OT-default,반복 상위 노출군에 들지 않았다.,,행동 유형은 종류 구분이며 우선순위·위험등급이 아니다. 제안 행동은 행정적 확인 절차이지 규제·처분이 아니다.
CC0317,맑은숲영재스쿨어린이집,어린이집,마산합포구,자산동,4812558000.0,other,,no_axis_variation,76.1,회원동,1.51,0.0,20.0,정기 모니터링 유지,정기 모니터링,,정기 모니터링 유지,1,R-OT-default,반복 상위 노출군에 들지 않았다.,,행동 유형은 종류 구분이며 우선순위·위험등급이 아니다. 제안 행동은 행정적 확인 절차이지 규제·처분이 아니다.
CC0318,사동어린이집,어린이집,마산합포구,진동면,4812532000.0,other,,no_axis_variation,562.2,월영동,10.31,2.0,120.0,정기 모니터링 유지,정기 모니터링,,정기 모니터링 유지,1,R-OT-default,반복 상위 노출군에 들지 않았다.,,행동 유형은 종류 구분이며 우선순위·위험등급이 아니다. 제안 행동은 행정적 확인 절차이지 규제·처분이 아니다.
CC0319,꿈채움어린이집,어린이집,마산합포구,진동면,4812532000.0,other,,no_axis_variation,318.3,월영동,9.73,2.0,31.0,정기 모니터링 유지,정기 모니터링,,정기 모니터링 유지,1,R-OT-default,반복 상위 노출군에 들지 않았다.,,행동 유형은 종류 구분이며 우선순위·위험등급이 아니다. 제안 행동은 행정적 확인 절차이지 규제·처분이 아니다.
CC0320,밝은숲 어린이집,어린이집,마산합포구,진동면,4812532000.0,other,,no_axis_variation,365.9,월영동,9.99,2.0,129.0,정기 모니터링 유지,정기 모니터링,,정기 모니터링 유지,1,R-OT-default,반복 상위 노출군에 들지 않았다.,,행동 유형은 종류 구분이며 우선순위·위험등급이 아니다. 제안 행동은 행정적 확인 절차이지 규제·처분이 아니다.
CC0321,재능어린이집,어린이집,마산합포구,진동면,4812532000.0,other,,no_axis_variation,183.4,월영동,9.15,2.0,99.0,정기 모니터링 유지,정기 모니터링,,정기 모니터링 유지,1,R-OT-default,반복 상위 노출군에 들지 않았다.,,행동 유형은 종류 구분이며 우선순위·위험등급이 아니다. 제안 행동은 행정적 확인 절차이지 규제·처분이 아니다.
CC0322,꿈꾸는유앤아이어린이집,어린이집,마산합포구,진동면,4812532000.0,other,,no_axis_variation,284.5,월영동,9.63,2.0,20.0,정기 모니터링 유지,정기 모니터링,,정기 모니터링 유지,1,R-OT-default,반복 상위 노출군에 들지 않았다.,,행동 유형은 종류 구분이며 우선순위·위험등급이 아니다. 제안 행동은 행정적 확인 절차이지 규제·처분이 아니다.
CC0323,유앤아이어린이집,어린이집,마산합포구,진동면,4812532000.0,other,,no_axis_variation,284.5,월영동,9.63,2.0,20.0,정기 모니터링 유지,정기 모니터링,,정기 모니터링 유지,1,R-OT-default,반복 상위 노출군에 들지 않았다.,,행동 유형은 종류 구분이며 우선순위·위험등급이 아니다. 제안 행동은 행정적 확인 절차이지 규제·처분이 아니다.
CC0324,한솔어린이집,어린이집,마산합포구,진동면,4812532000.0,other,,no_axis_variation,298.7,월영동,10.14,2.0,20.0,정기 모니터링 유지,정기 모니터링,,정기 모니터링 유지,1,R-OT-default,반복 상위 노출군에 들지 않았다.,,행동 유형은 종류 구분이며 우선순위·위험등급이 아니다. 제안 행동은 행정적 확인 절차이지 규제·처분이 아니다.
CC0325,창원시립 진북어린이집,어린이집,마산합포구,진북면,4812533000.0,other,,no_axis_variation,176.4,월영동,11.64,1.0,39.0,정기 모니터링 유지,정기 모니터링,,정기 모니터링 유지,1,R-OT-default,반복 상위 노출군에 들지 않았다.,,행동 유형은 종류 구분이며 우선순위·위험등급이 아니다. 제안 행동은 행정적 확인 절차이지 규제·처분이 아니다.
CC0327,창원시립 용마어린이집,어린이집,마산합포구,합포동,4812564000.0,other,,no_axis_variation,391.6,회원동,0.96,1.0,67.0,정기 모니터링 유지,정기 모니터링,,정기 모니터링 유지,1,R-OT-default,반복 상위 노출군에 들지 않았다.,,행동 유형은 종류 구분이며 우선순위·위험등급이 아니다. 제안 행동은 행정적 확인 절차이지 규제·처분이 아니다.
CC0328,베스티움 큰샘 어린이집,어린이집,마산합포구,합포동,4812564000.0,other,,no_axis_variation,130.2,회원동,1.24,1.0,32.0,정기 모니터링 유지,정기 모니터링,,정기 모니터링 유지,1,R-OT-default,반복 상위 노출군에 들지 않았다.,,행동 유형은 종류 구분이며 우선순위·위험등급이 아니다. 제안 행동은 행정적 확인 절차이지 규제·처분이 아니다.
CC0330,하늘샘어린이집,어린이집,마산합포구,합포동,4812564000.0,other,,no_axis_variation,219.2,회원동,1.16,1.0,76.0,정기 모니터링 유지,정기 모니터링,,정기 모니터링 유지,1,R-OT-default,반복 상위 노출군에 들지 않았다.,,행동 유형은 종류 구분이며 우선순위·위험등급이 아니다. 제안 행동은 행정적 확인 절차이지 규제·처분이 아니다.
CC0331,창원시립 덕동어린이집,어린이집,마산합포구,현동,4812551000.0,other,,no_axis_variation,1239.2,월영동,4.93,0.0,70.0,정기 모니터링 유지,정기 모니터링,,정기 모니터링 유지,1,R-OT-default,반복 상위 노출군에 들지 않았다.,,행동 유형은 종류 구분이며 우선순위·위험등급이 아니다. 제안 행동은 행정적 확인 절차이지 규제·처분이 아니다.
CC0332,신유성어린이집,어린이집,마산합포구,현동,,other,,no_axis_variation,561.6,월영동,4.51,0.0,66.0,정기 모니터링 유지,정기 모니터링,,정기 모니터링 유지,1,R-OT-default,반복 상위 노출군에 들지 않았다.,,행동 유형은 종류 구분이며 우선순위·위험등급이 아니다. 제안 행동은 행정적 확인 절차이지 규제·처분이 아니다.
CC0333,중흥누리봄어린이집,어린이집,마산합포구,현동,4812551000.0,other,,no_axis_variation,102.3,월영동,3.87,0.0,79.0,정기 모니터링 유지,정기 모니터링,,정기 모니터링 유지,1,R-OT-default,반복 상위 노출군에 들지 않았다.,,행동 유형은 종류 구분이며 우선순위·위험등급이 아니다. 제안 행동은 행정적 확인 절차이지 규제·처분이 아니다.
CC0334,중흥산들어린이집,어린이집,마산합포구,현동,4812551000.0,other,,no_axis_variation,400.7,월영동,4.29,0.0,45.0,정기 모니터링 유지,정기 모니터링,,정기 모니터링 유지,1,R-OT-default,반복 상위 노출군에 들지 않았다.,,행동 유형은 종류 구분이며 우선순위·위험등급이 아니다. 제안 행동은 행정적 확인 절차이지 규제·처분이 아니다.
CC0335,중흥키즈어린이집,어린이집,마산합포구,현동,4812551000.0,other,,no_axis_variation,120.8,월영동,3.58,0.0,45.0,정기 모니터링 유지,정기 모니터링,,정기 모니터링 유지,1,R-OT-default,반복 상위 노출군에 들지 않았다.,,행동 유형은 종류 구분이며 우선순위·위험등급이 아니다. 제안 행동은 행정적 확인 절차이지 규제·처분이 아니다.
CC0336,하늘숲어린이집,어린이집,마산합포구,현동,4812551000.0,other,,no_axis_variation,264.0,월영동,3.51,0.0,80.0,정기 모니터링 유지,정기 모니터링,,정기 모니터링 유지,1,R-OT-default,반복 상위 노출군에 들지 않았다.,,행동 유형은 종류 구분이며 우선순위·위험등급이 아니다. 제안 행동은 행정적 확인 절차이지 규제·처분이 아니다.
CC0337,하늘채다솜어린이집,어린이집,마산합포구,현동,4812551000.0,other,,no_axis_variation,301.1,월영동,4.25,0.0,32.0,정기 모니터링 유지,정기 모니터링,,정기 모니터링 유지,1,R-OT-default,반복 상위 노출군에 들지 않았다.,,행동 유형은 종류 구분이며 우선순위·위험등급이 아니다. 제안 행동은 행정적 확인 절차이지 규제·처분이 아니다.
CC0338,보듬이어린이집,어린이집,마산합포구,현동,,other,,no_axis_variation,717.1,월영동,4.64,0.0,19.0,정기 모니터링 유지,정기 모니터링,,정기 모니터링 유지,1,R-OT-default,반복 상위 노출군에 들지 않았다.,,행동 유형은 종류 구분이며 우선순위·위험등급이 아니다. 제안 행동은 행정적 확인 절차이지 규제·처분이 아니다.
CC0339,중흥해마루어린이집,어린이집,마산합포구,현동,4812551000.0,other,,no_axis_variation,120.8,월영동,3.58,0.0,19.0,정기 모니터링 유지,정기 모니터링,,정기 모니터링 유지,1,R-OT-default,반복 상위 노출군에 들지 않았다.,,행동 유형은 종류 구분이며 우선순위·위험등급이 아니다. 제안 행동은 행정적 확인 절차이지 규제·처분이 아니다.
CC0340,덴소코리아어린이집,어린이집,마산합포구,현동,4812551000.0,other,,no_axis_variation,723.6,월영동,4.33,0.0,20.0,정기 모니터링 유지,정기 모니터링,,정기 모니터링 유지,1,R-OT-default,반복 상위 노출군에 들지 않았다.,,행동 유형은 종류 구분이며 우선순위·위험등급이 아니다. 제안 행동은 행정적 확인 절차이지 규제·처분이 아니다.
CC0341,글로벌창의 어린이집,어린이집,마산회원구,구암1동,4812760000.0,other,,no_axis_variation,279.4,봉암동,3.9,0.0,76.0,정기 모니터링 유지,정기 모니터링,,정기 모니터링 유지,1,R-OT-default,반복 상위 노출군에 들지 않았다.,,행동 유형은 종류 구분이며 우선순위·위험등급이 아니다. 제안 행동은 행정적 확인 절차이지 규제·처분이 아니다.
CC0342,글로벌창의숲 어린이집,어린이집,마산회원구,구암1동,4812760000.0,other,,no_axis_variation,111.9,봉암동,4.03,0.0,69.0,정기 모니터링 유지,정기 모니터링,,정기 모니터링 유지,1,R-OT-default,반복 상위 노출군에 들지 않았다.,,행동 유형은 종류 구분이며 우선순위·위험등급이 아니다. 제안 행동은 행정적 확인 절차이지 규제·처분이 아니다.
CC0343,바른손어린이집,어린이집,마산회원구,구암1동,4812760000.0,other,,no_axis_variation,277.1,봉암동,4.24,0.0,150.0,정기 모니터링 유지,정기 모니터링,,정기 모니터링 유지,1,R-OT-default,반복 상위 노출군에 들지 않았다.,,행동 유형은 종류 구분이며 우선순위·위험등급이 아니다. 제안 행동은 행정적 확인 절차이지 규제·처분이 아니다.
CC0344,소명어린이집,어린이집,마산회원구,구암1동,4812760000.0,other,,no_axis_variation,79.2,명서동,4.52,0.0,39.0,정기 모니터링 유지,정기 모니터링,,정기 모니터링 유지,1,R-OT-default,반복 상위 노출군에 들지 않았다.,,행동 유형은 종류 구분이며 우선순위·위험등급이 아니다. 제안 행동은 행정적 확인 절차이지 규제·처분이 아니다.
CC0345,천사맘어린이집,어린이집,마산회원구,구암1동,4812760000.0,other,,no_axis_variation,205.9,봉암동,3.6,0.0,21.0,정기 모니터링 유지,정기 모니터링,,정기 모니터링 유지,1,R-OT-default,반복 상위 노출군에 들지 않았다.,,행동 유형은 종류 구분이며 우선순위·위험등급이 아니다. 제안 행동은 행정적 확인 절차이지 규제·처분이 아니다.
CC0351,창원시립 수피아어린이집,어린이집,마산회원구,내서읍,4812725000.0,other,,no_axis_variation,147.7,내서읍,3.07,1.0,59.0,정기 모니터링 유지,정기 모니터링,,정기 모니터링 유지,1,R-OT-default,반복 상위 노출군에 들지 않았다.,,행동 유형은 종류 구분이며 우선순위·위험등급이 아니다. 제안 행동은 행정적 확인 절차이지 규제·처분이 아니다.
CC0352,창원시립 햇님어린이집,어린이집,마산회원구,내서읍,4812725000.0,other,,no_axis_variation,148.2,내서읍,0.23,1.0,18.0,정기 모니터링 유지,정기 모니터링,,정기 모니터링 유지,1,R-OT-default,반복 상위 노출군에 들지 않았다.,,행동 유형은 종류 구분이며 우선순위·위험등급이 아니다. 제안 행동은 행정적 확인 절차이지 규제·처분이 아니다.
CC0353,삼계한샘어린이집,어린이집,마산회원구,내서읍,4812725000.0,other,,no_axis_variation,49.0,내서읍,0.72,1.0,49.0,정기 모니터링 유지,정기 모니터링,,정기 모니터링 유지,1,R-OT-default,반복 상위 노출군에 들지 않았다.,,행동 유형은 종류 구분이며 우선순위·위험등급이 아니다. 제안 행동은 행정적 확인 절차이지 규제·처분이 아니다.
CC0354,상곡어린이집,어린이집,마산회원구,내서읍,4812725000.0,other,,no_axis_variation,271.6,내서읍,2.24,1.0,46.0,정기 모니터링 유지,정기 모니터링,,정기 모니터링 유지,1,R-OT-default,반복 상위 노출군에 들지 않았다.,,행동 유형은 종류 구분이며 우선순위·위험등급이 아니다. 제안 행동은 행정적 확인 절차이지 규제·처분이 아니다.
CC0355,선재어린이집,어린이집,마산회원구,내서읍,4812725000.0,other,,no_axis_variation,0.0,내서읍,1.97,1.0,63.0,정기 모니터링 유지,정기 모니터링,,정기 모니터링 유지,1,R-OT-default,반복 상위 노출군에 들지 않았다.,,행동 유형은 종류 구분이며 우선순위·위험등급이 아니다. 제안 행동은 행정적 확인 절차이지 규제·처분이 아니다.
CC0356,숲속자람터어린이집,어린이집,마산회원구,내서읍,4812725000.0,other,,no_axis_variation,1053.8,내서읍,2.85,1.0,30.0,정기 모니터링 유지,정기 모니터링,,정기 모니터링 유지,1,R-OT-default,반복 상위 노출군에 들지 않았다.,,행동 유형은 종류 구분이며 우선순위·위험등급이 아니다. 제안 행동은 행정적 확인 절차이지 규제·처분이 아니다.
CC0357,호계어린이집,어린이집,마산회원구,내서읍,4812725000.0,other,,no_axis_variation,169.1,내서읍,3.42,1.0,49.0,정기 모니터링 유지,정기 모니터링,,정기 모니터링 유지,1,R-OT-default,반복 상위 노출군에 들지 않았다.,,행동 유형은 종류 구분이며 우선순위·위험등급이 아니다. 제안 행동은 행정적 확인 절차이지 규제·처분이 아니다.
CC0358,대동영재 아이짐어린이집,어린이집,마산회원구,내서읍,4812725000.0,other,,no_axis_variation,351.7,내서읍,0.43,1.0,30.0,정기 모니터링 유지,정기 모니터링,,정기 모니터링 유지,1,R-OT-default,반복 상위 노출군에 들지 않았다.,,행동 유형은 종류 구분이며 우선순위·위험등급이 아니다. 제안 행동은 행정적 확인 절차이지 규제·처분이 아니다.
CC0360,라파어린이집,어린이집,마산회원구,내서읍,4812725000.0,other,,no_axis_variation,149.4,내서읍,3.3,1.0,35.0,정기 모니터링 유지,정기 모니터링,,정기 모니터링 유지,1,R-OT-default,반복 상위 노출군에 들지 않았다.,,행동 유형은 종류 구분이며 우선순위·위험등급이 아니다. 제안 행동은 행정적 확인 절차이지 규제·처분이 아니다.
CC0361,삼계현대어린이집,어린이집,마산회원구,내서읍,4812725000.0,other,,no_axis_variation,192.2,내서읍,0.89,1.0,35.0,정기 모니터링 유지,정기 모니터링,,정기 모니터링 유지,1,R-OT-default,반복 상위 노출군에 들지 않았다.,,행동 유형은 종류 구분이며 우선순위·위험등급이 아니다. 제안 행동은 행정적 확인 절차이지 규제·처분이 아니다.
CC0363,이미지은혜어린이집,어린이집,마산회원구,내서읍,4812725000.0,other,,no_axis_variation,270.7,내서읍,0.28,1.0,30.0,정기 모니터링 유지,정기 모니터링,,정기 모니터링 유지,1,R-OT-default,반복 상위 노출군에 들지 않았다.,,행동 유형은 종류 구분이며 우선순위·위험등급이 아니다. 제안 행동은 행정적 확인 절차이지 규제·처분이 아니다.
CC0364,일화어린이집,어린이집,마산회원구,내서읍,4812725000.0,other,,no_axis_variation,263.5,내서읍,2.23,1.0,126.0,정기 모니터링 유지,정기 모니터링,,정기 모니터링 유지,1,R-OT-default,반복 상위 노출군에 들지 않았다.,,행동 유형은 종류 구분이며 우선순위·위험등급이 아니다. 제안 행동은 행정적 확인 절차이지 규제·처분이 아니다.
CC0365,참좋은하늘채어린이집,어린이집,마산회원구,내서읍,4812725000.0,other,,no_axis_variation,110.8,내서읍,4.78,1.0,48.0,정기 모니터링 유지,정기 모니터링,,정기 모니터링 유지,1,R-OT-default,반복 상위 노출군에 들지 않았다.,,행동 유형은 종류 구분이며 우선순위·위험등급이 아니다. 제안 행동은 행정적 확인 절차이지 규제·처분이 아니다.
CC0366,코오롱한샘어린이집,어린이집,마산회원구,내서읍,4812725000.0,other,,no_axis_variation,0.0,내서읍,4.89,1.0,60.0,정기 모니터링 유지,정기 모니터링,,정기 모니터링 유지,1,R-OT-default,반복 상위 노출군에 들지 않았다.,,행동 유형은 종류 구분이며 우선순위·위험등급이 아니다. 제안 행동은 행정적 확인 절차이지 규제·처분이 아니다.
CC0367,한우리다온어린이집,어린이집,마산회원구,내서읍,4812725000.0,other,,no_axis_variation,455.2,내서읍,0.33,1.0,26.0,정기 모니터링 유지,정기 모니터링,,정기 모니터링 유지,1,R-OT-default,반복 상위 노출군에 들지 않았다.,,행동 유형은 종류 구분이며 우선순위·위험등급이 아니다. 제안 행동은 행정적 확인 절차이지 규제·처분이 아니다.
CC0368,해바라기어린이집,어린이집,마산회원구,내서읍,4812725000.0,other,,no_axis_variation,88.8,내서읍,0.64,1.0,22.0,정기 모니터링 유지,정기 모니터링,,정기 모니터링 유지,1,R-OT-default,반복 상위 노출군에 들지 않았다.,,행동 유형은 종류 구분이며 우선순위·위험등급이 아니다. 제안 행동은 행정적 확인 절차이지 규제·처분이 아니다.
CC0369,해와달아이어린이집,어린이집,마산회원구,내서읍,4812725000.0,other,,no_axis_variation,43.9,내서읍,3.69,1.0,95.0,정기 모니터링 유지,정기 모니터링,,정기 모니터링 유지,1,R-OT-default,반복 상위 노출군에 들지 않았다.,,행동 유형은 종류 구분이며 우선순위·위험등급이 아니다. 제안 행동은 행정적 확인 절차이지 규제·처분이 아니다.
CC0370,호계사랑어린이집,어린이집,마산회원구,내서읍,4812725000.0,other,,no_axis_variation,183.3,내서읍,3.44,1.0,95.0,정기 모니터링 유지,정기 모니터링,,정기 모니터링 유지,1,R-OT-default,반복 상위 노출군에 들지 않았다.,,행동 유형은 종류 구분이며 우선순위·위험등급이 아니다. 제안 행동은 행정적 확인 절차이지 규제·처분이 아니다.
CC0371,꼬마요정 어린이집,어린이집,마산회원구,내서읍,4812725000.0,other,,no_axis_variation,110.8,내서읍,4.78,1.0,20.0,정기 모니터링 유지,정기 모니터링,,정기 모니터링 유지,1,R-OT-default,반복 상위 노출군에 들지 않았다.,,행동 유형은 종류 구분이며 우선순위·위험등급이 아니다. 제안 행동은 행정적 확인 절차이지 규제·처분이 아니다.
CC0372,사랑샘어린이집,어린이집,마산회원구,내서읍,4812725000.0,other,,no_axis_variation,265.3,내서읍,0.2,1.0,18.0,정기 모니터링 유지,정기 모니터링,,정기 모니터링 유지,1,R-OT-default,반복 상위 노출군에 들지 않았다.,,행동 유형은 종류 구분이며 우선순위·위험등급이 아니다. 제안 행동은 행정적 확인 절차이지 규제·처분이 아니다.
CC0373,숲속엄마품어린이집,어린이집,마산회원구,내서읍,4812725000.0,other,,no_axis_variation,88.8,내서읍,0.64,1.0,16.0,정기 모니터링 유지,정기 모니터링,,정기 모니터링 유지,1,R-OT-default,반복 상위 노출군에 들지 않았다.,,행동 유형은 종류 구분이며 우선순위·위험등급이 아니다. 제안 행동은 행정적 확인 절차이지 규제·처분이 아니다.
CC0374,아이자람 어린이집,어린이집,마산회원구,내서읍,4812725000.0,other,,no_axis_variation,117.3,내서읍,0.83,1.0,19.0,정기 모니터링 유지,정기 모니터링,,정기 모니터링 유지,1,R-OT-default,반복 상위 노출군에 들지 않았다.,,행동 유형은 종류 구분이며 우선순위·위험등급이 아니다. 제안 행동은 행정적 확인 절차이지 규제·처분이 아니다.
CC0377,하륜안계어린이집,어린이집,마산회원구,내서읍,4812725000.0,other,,no_axis_variation,222.2,내서읍,1.06,1.0,15.0,정기 모니터링 유지,정기 모니터링,,정기 모니터링 유지,1,R-OT-default,반복 상위 노출군에 들지 않았다.,,행동 유형은 종류 구분이며 우선순위·위험등급이 아니다. 제안 행동은 행정적 확인 절차이지 규제·처분이 아니다.
CC0378,해담어린이집,어린이집,마산회원구,내서읍,4812725000.0,other,,no_axis_variation,110.8,내서읍,4.78,1.0,20.0,정기 모니터링 유지,정기 모니터링,,정기 모니터링 유지,1,R-OT-default,반복 상위 노출군에 들지 않았다.,,행동 유형은 종류 구분이며 우선순위·위험등급이 아니다. 제안 행동은 행정적 확인 절차이지 규제·처분이 아니다.
CC0381,창원시립 봉화어린이집,어린이집,마산회원구,석전동,4812754500.0,other,,no_axis_variation,45.4,회원동,1.56,3.0,97.0,정기 모니터링 유지,정기 모니터링,,정기 모니터링 유지,1,R-OT-default,반복 상위 노출군에 들지 않았다.,,행동 유형은 종류 구분이며 우선순위·위험등급이 아니다. 제안 행동은 행정적 확인 절차이지 규제·처분이 아니다.
CC0382,창원시립 석전어린이집,어린이집,마산회원구,석전동,4812754500.0,other,,no_axis_variation,219.7,회원동,1.61,3.0,70.0,정기 모니터링 유지,정기 모니터링,,정기 모니터링 유지,1,R-OT-default,반복 상위 노출군에 들지 않았다.,,행동 유형은 종류 구분이며 우선순위·위험등급이 아니다. 제안 행동은 행정적 확인 절차이지 규제·처분이 아니다.
CC0383,참빛어린이집,어린이집,마산회원구,석전동,4812754500.0,other,,no_axis_variation,153.2,회원동,1.49,3.0,39.0,정기 모니터링 유지,정기 모니터링,,정기 모니터링 유지,1,R-OT-default,반복 상위 노출군에 들지 않았다.,,행동 유형은 종류 구분이며 우선순위·위험등급이 아니다. 제안 행동은 행정적 확인 절차이지 규제·처분이 아니다.
CC0387,아셀어린이집,어린이집,마산회원구,양덕1동,4812756000.0,other,,no_axis_variation,114.9,회원동,1.74,0.0,46.0,정기 모니터링 유지,정기 모니터링,,정기 모니터링 유지,1,R-OT-default,반복 상위 노출군에 들지 않았다.,,행동 유형은 종류 구분이며 우선순위·위험등급이 아니다. 제안 행동은 행정적 확인 절차이지 규제·처분이 아니다.
CC0389,경남숲 어린이집,어린이집,마산회원구,양덕1동,4812756000.0,other,,no_axis_variation,335.8,봉암동,2.14,0.0,19.0,정기 모니터링 유지,정기 모니터링,,정기 모니터링 유지,1,R-OT-default,반복 상위 노출군에 들지 않았다.,,행동 유형은 종류 구분이며 우선순위·위험등급이 아니다. 제안 행동은 행정적 확인 절차이지 규제·처분이 아니다.
CC0393,사회복지법인금강어린이집,어린이집,마산회원구,양덕2동,,other,,no_axis_variation,99.6,회원동,1.71,0.0,163.0,정기 모니터링 유지,정기 모니터링,,정기 모니터링 유지,1,R-OT-default,반복 상위 노출군에 들지 않았다.,,행동 유형은 종류 구분이며 우선순위·위험등급이 아니다. 제안 행동은 행정적 확인 절차이지 규제·처분이 아니다.
CC0394,굿맘아이어린이집,어린이집,마산회원구,양덕2동,4812757000.0,other,,no_axis_variation,181.1,회원동,1.18,1.0,35.0,정기 모니터링 유지,정기 모니터링,,정기 모니터링 유지,1,R-OT-default,반복 상위 노출군에 들지 않았다.,,행동 유형은 종류 구분이며 우선순위·위험등급이 아니다. 제안 행동은 행정적 확인 절차이지 규제·처분이 아니다.
CC0397,하늘채우솔어린이집,어린이집,마산회원구,양덕2동,4812757000.0,other,,no_axis_variation,224.7,회원동,1.08,1.0,49.0,정기 모니터링 유지,정기 모니터링,,정기 모니터링 유지,1,R-OT-default,반복 상위 노출군에 들지 않았다.,,행동 유형은 종류 구분이며 우선순위·위험등급이 아니다. 제안 행동은 행정적 확인 절차이지 규제·처분이 아니다.
CC0398,한일어린이집,어린이집,마산회원구,양덕2동,4812757000.0,other,,no_axis_variation,156.8,회원동,1.32,1.0,26.0,정기 모니터링 유지,정기 모니터링,,정기 모니터링 유지,1,R-OT-default,반복 상위 노출군에 들지 않았다.,,행동 유형은 종류 구분이며 우선순위·위험등급이 아니다. 제안 행동은 행정적 확인 절차이지 규제·처분이 아니다.
CC0400,라임어린이집,어린이집,마산회원구,양덕2동,4812757000.0,other,,no_axis_variation,148.6,회원동,1.66,1.0,20.0,정기 모니터링 유지,정기 모니터링,,정기 모니터링 유지,1,R-OT-default,반복 상위 노출군에 들지 않았다.,,행동 유형은 종류 구분이며 우선순위·위험등급이 아니다. 제안 행동은 행정적 확인 절차이지 규제·처분이 아니다.
CC0401,반디어린이집,어린이집,마산회원구,양덕2동,4812757000.0,other,,no_axis_variation,181.1,회원동,1.18,1.0,20.0,정기 모니터링 유지,정기 모니터링,,정기 모니터링 유지,1,R-OT-default,반복 상위 노출군에 들지 않았다.,,행동 유형은 종류 구분이며 우선순위·위험등급이 아니다. 제안 행동은 행정적 확인 절차이지 규제·처분이 아니다.
CC0402,새봄어린이집,어린이집,마산회원구,양덕2동,4812757000.0,other,,no_axis_variation,121.0,회원동,0.87,1.0,20.0,정기 모니터링 유지,정기 모니터링,,정기 모니터링 유지,1,R-OT-default,반복 상위 노출군에 들지 않았다.,,행동 유형은 종류 구분이며 우선순위·위험등급이 아니다. 제안 행동은 행정적 확인 절차이지 규제·처분이 아니다.
CC0404,작은별어린이집,어린이집,마산회원구,양덕2동,4812757000.0,other,,no_axis_variation,91.1,회원동,1.56,1.0,20.0,정기 모니터링 유지,정기 모니터링,,정기 모니터링 유지,1,R-OT-default,반복 상위 노출군에 들지 않았다.,,행동 유형은 종류 구분이며 우선순위·위험등급이 아니다. 제안 행동은 행정적 확인 절차이지 규제·처분이 아니다.
CC0406,해무리 어린이집,어린이집,마산회원구,양덕2동,4812757000.0,other,,no_axis_variation,148.6,회원동,1.66,1.0,20.0,정기 모니터링 유지,정기 모니터링,,정기 모니터링 유지,1,R-OT-default,반복 상위 노출군에 들지 않았다.,,행동 유형은 종류 구분이며 우선순위·위험등급이 아니다. 제안 행동은 행정적 확인 절차이지 규제·처분이 아니다.
CC0407,행복가득하늘채어린이집,어린이집,마산회원구,양덕2동,4812757000.0,other,,no_axis_variation,224.7,회원동,1.08,1.0,20.0,정기 모니터링 유지,정기 모니터링,,정기 모니터링 유지,1,R-OT-default,반복 상위 노출군에 들지 않았다.,,행동 유형은 종류 구분이며 우선순위·위험등급이 아니다. 제안 행동은 행정적 확인 절차이지 규제·처분이 아니다.
CC0410,창원시립 롯데캐슬어린이집,어린이집,마산회원구,합성1동,4812758000.0,other,,no_axis_variation,195.5,회원동,3.17,0.0,58.0,정기 모니터링 유지,정기 모니터링,,정기 모니터링 유지,1,R-OT-default,반복 상위 노출군에 들지 않았다.,,행동 유형은 종류 구분이며 우선순위·위험등급이 아니다. 제안 행동은 행정적 확인 절차이지 규제·처분이 아니다.
CC0413,창원시립 회성어린이집,어린이집,마산회원구,회성동,4812755000.0,other,,no_axis_variation,49.8,회원동,2.28,1.0,67.0,정기 모니터링 유지,정기 모니터링,,정기 모니터링 유지,1,R-OT-default,반복 상위 노출군에 들지 않았다.,,행동 유형은 종류 구분이며 우선순위·위험등급이 아니다. 제안 행동은 행정적 확인 절차이지 규제·처분이 아니다.
CC0414,예꿈어린이집,어린이집,마산회원구,회원1동,4812751000.0,other,,no_axis_variation,113.1,회원동,0.21,0.0,49.0,정기 모니터링 유지,정기 모니터링,,정기 모니터링 유지,1,R-OT-default,반복 상위 노출군에 들지 않았다.,,행동 유형은 종류 구분이며 우선순위·위험등급이 아니다. 제안 행동은 행정적 확인 절차이지 규제·처분이 아니다.
CC0415,해든미래클어린이집,어린이집,마산회원구,회원1동,4812751000.0,other,,no_axis_variation,173.5,회원동,0.13,0.0,20.0,정기 모니터링 유지,정기 모니터링,,정기 모니터링 유지,1,R-OT-default,반복 상위 노출군에 들지 않았다.,,행동 유형은 종류 구분이며 우선순위·위험등급이 아니다. 제안 행동은 행정적 확인 절차이지 규제·처분이 아니다.
CC0416,창원시립 e편한세상어린이집,어린이집,마산회원구,회원2동,4812752000.0,other,,no_axis_variation,176.5,회원동,0.43,0.0,65.0,정기 모니터링 유지,정기 모니터링,,정기 모니터링 유지,1,R-OT-default,반복 상위 노출군에 들지 않았다.,,행동 유형은 종류 구분이며 우선순위·위험등급이 아니다. 제안 행동은 행정적 확인 절차이지 규제·처분이 아니다.
CC0417,e편한세상키즈어린이집,어린이집,마산회원구,회원2동,4812752000.0,other,,no_axis_variation,156.6,회원동,0.55,0.0,58.0,정기 모니터링 유지,정기 모니터링,,정기 모니터링 유지,1,R-OT-default,반복 상위 노출군에 들지 않았다.,,행동 유형은 종류 구분이며 우선순위·위험등급이 아니다. 제안 행동은 행정적 확인 절차이지 규제·처분이 아니다.
CC0418,달나라 어린이집,어린이집,마산회원구,회원2동,4812752000.0,other,,no_axis_variation,482.1,회원동,0.93,0.0,49.0,정기 모니터링 유지,정기 모니터링,,정기 모니터링 유지,1,R-OT-default,반복 상위 노출군에 들지 않았다.,,행동 유형은 종류 구분이며 우선순위·위험등급이 아니다. 제안 행동은 행정적 확인 절차이지 규제·처분이 아니다.
CC0419,청우 어린이집,어린이집,마산회원구,회원2동,4812752000.0,other,,no_axis_variation,443.1,회원동,1.09,0.0,61.0,정기 모니터링 유지,정기 모니터링,,정기 모니터링 유지,1,R-OT-default,반복 상위 노출군에 들지 않았다.,,행동 유형은 종류 구분이며 우선순위·위험등급이 아니다. 제안 행동은 행정적 확인 절차이지 규제·처분이 아니다.
CC0420,행복가득 한마음어린이집,어린이집,마산회원구,회원2동,4812752000.0,other,,no_axis_variation,217.2,회원동,0.96,0.0,75.0,정기 모니터링 유지,정기 모니터링,,정기 모니터링 유지,1,R-OT-default,반복 상위 노출군에 들지 않았다.,,행동 유형은 종류 구분이며 우선순위·위험등급이 아니다. 제안 행동은 행정적 확인 절차이지 규제·처분이 아니다.
CC0421,빛나는 진명어린이집,어린이집,마산회원구,회원2동,4812752000.0,other,,no_axis_variation,449.4,회원동,1.03,0.0,20.0,정기 모니터링 유지,정기 모니터링,,정기 모니터링 유지,1,R-OT-default,반복 상위 노출군에 들지 않았다.,,행동 유형은 종류 구분이며 우선순위·위험등급이 아니다. 제안 행동은 행정적 확인 절차이지 규제·처분이 아니다.
CC0422,창원시립 경화어린이집,어린이집,진해구,경화동,4812956000.0,other,,no_axis_variation,216.2,경화동,0.64,0.0,143.0,정기 모니터링 유지,정기 모니터링,,정기 모니터링 유지,1,R-OT-default,반복 상위 노출군에 들지 않았다.,,행동 유형은 종류 구분이며 우선순위·위험등급이 아니다. 제안 행동은 행정적 확인 절차이지 규제·처분이 아니다.
CC0423,두산위브드림어린이집,어린이집,진해구,경화동,4812956000.0,other,,no_axis_variation,333.2,경화동,0.77,0.0,49.0,정기 모니터링 유지,정기 모니터링,,정기 모니터링 유지,1,R-OT-default,반복 상위 노출군에 들지 않았다.,,행동 유형은 종류 구분이며 우선순위·위험등급이 아니다. 제안 행동은 행정적 확인 절차이지 규제·처분이 아니다.
CC0424,킹스키즈어린이집,어린이집,진해구,경화동,4812956000.0,other,,no_axis_variation,150.6,경화동,0.77,0.0,98.0,정기 모니터링 유지,정기 모니터링,,정기 모니터링 유지,1,R-OT-default,반복 상위 노출군에 들지 않았다.,,행동 유형은 종류 구분이며 우선순위·위험등급이 아니다. 제안 행동은 행정적 확인 절차이지 규제·처분이 아니다.
CC0425,해화어린이집,어린이집,진해구,경화동,4812956000.0,other,,no_axis_variation,114.5,경화동,0.98,0.0,86.0,정기 모니터링 유지,정기 모니터링,,정기 모니터링 유지,1,R-OT-default,반복 상위 노출군에 들지 않았다.,,행동 유형은 종류 구분이며 우선순위·위험등급이 아니다. 제안 행동은 행정적 확인 절차이지 규제·처분이 아니다.
CC0426,창원시립 썬키즈어린이집,어린이집,진해구,덕산동,4812961000.0,other,,no_axis_variation,64.6,경화동,2.19,0.0,85.0,정기 모니터링 유지,정기 모니터링,,정기 모니터링 유지,1,R-OT-default,반복 상위 노출군에 들지 않았다.,,행동 유형은 종류 구분이며 우선순위·위험등급이 아니다. 제안 행동은 행정적 확인 절차이지 규제·처분이 아니다.
CC0427,창원시립 자은주공어린이집,어린이집,진해구,덕산동,4812961000.0,other,,no_axis_variation,180.8,경화동,2.19,0.0,20.0,정기 모니터링 유지,정기 모니터링,,정기 모니터링 유지,1,R-OT-default,반복 상위 노출군에 들지 않았다.,,행동 유형은 종류 구분이며 우선순위·위험등급이 아니다. 제안 행동은 행정적 확인 절차이지 규제·처분이 아니다.
CC0428,꼬마숲해담어린이집,어린이집,진해구,덕산동,4812961000.0,other,,no_axis_variation,222.3,경화동,2.06,0.0,26.0,정기 모니터링 유지,정기 모니터링,,정기 모니터링 유지,1,R-OT-default,반복 상위 노출군에 들지 않았다.,,행동 유형은 종류 구분이며 우선순위·위험등급이 아니다. 제안 행동은 행정적 확인 절차이지 규제·처분이 아니다.
CC0429,경동큰나무어린이집,어린이집,진해구,덕산동,4812961000.0,other,,no_axis_variation,128.7,경화동,1.95,0.0,19.0,정기 모니터링 유지,정기 모니터링,,정기 모니터링 유지,1,R-OT-default,반복 상위 노출군에 들지 않았다.,,행동 유형은 종류 구분이며 우선순위·위험등급이 아니다. 제안 행동은 행정적 확인 절차이지 규제·처분이 아니다.
CC0430,덕산해군어린이집,어린이집,진해구,덕산동,4812961000.0,other,,no_axis_variation,290.8,경화동,2.23,0.0,55.0,정기 모니터링 유지,정기 모니터링,,정기 모니터링 유지,1,R-OT-default,반복 상위 노출군에 들지 않았다.,,행동 유형은 종류 구분이며 우선순위·위험등급이 아니다. 제안 행동은 행정적 확인 절차이지 규제·처분이 아니다.
CC0431,창원시립 글로벌리더어린이집,어린이집,진해구,병암동,4812957000.0,other,,no_axis_variation,136.2,경화동,0.7,0.0,170.0,정기 모니터링 유지,정기 모니터링,,정기 모니터링 유지,1,R-OT-default,반복 상위 노출군에 들지 않았다.,,행동 유형은 종류 구분이며 우선순위·위험등급이 아니다. 제안 행동은 행정적 확인 절차이지 규제·처분이 아니다.
CC0432,연꽃누리어린이집,어린이집,진해구,병암동,4812957000.0,other,,no_axis_variation,282.5,경화동,0.24,0.0,22.0,정기 모니터링 유지,정기 모니터링,,정기 모니터링 유지,1,R-OT-default,반복 상위 노출군에 들지 않았다.,,행동 유형은 종류 구분이며 우선순위·위험등급이 아니다. 제안 행동은 행정적 확인 절차이지 규제·처분이 아니다.
CC0433,슈퍼키즈어린이집,어린이집,진해구,병암동,4812957000.0,other,,no_axis_variation,39.4,경화동,0.47,0.0,98.0,정기 모니터링 유지,정기 모니터링,,정기 모니터링 유지,1,R-OT-default,반복 상위 노출군에 들지 않았다.,,행동 유형은 종류 구분이며 우선순위·위험등급이 아니다. 제안 행동은 행정적 확인 절차이지 규제·처분이 아니다.
CC0434,에셀나무어린이집,어린이집,진해구,병암동,4812957000.0,other,,no_axis_variation,367.3,경화동,0.19,0.0,63.0,정기 모니터링 유지,정기 모니터링,,정기 모니터링 유지,1,R-OT-default,반복 상위 노출군에 들지 않았다.,,행동 유형은 종류 구분이며 우선순위·위험등급이 아니다. 제안 행동은 행정적 확인 절차이지 규제·처분이 아니다.
CC0435,아이존어린이집,어린이집,진해구,병암동,4812957000.0,other,,no_axis_variation,91.8,경화동,0.33,0.0,19.0,정기 모니터링 유지,정기 모니터링,,정기 모니터링 유지,1,R-OT-default,반복 상위 노출군에 들지 않았다.,,행동 유형은 종류 구분이며 우선순위·위험등급이 아니다. 제안 행동은 행정적 확인 절차이지 규제·처분이 아니다.
CC0437,엄마사랑어린이집,어린이집,진해구,석동,4812958000.0,other,,no_axis_variation,60.2,경화동,1.29,0.0,80.0,정기 모니터링 유지,정기 모니터링,,정기 모니터링 유지,1,R-OT-default,반복 상위 노출군에 들지 않았다.,,행동 유형은 종류 구분이며 우선순위·위험등급이 아니다. 제안 행동은 행정적 확인 절차이지 규제·처분이 아니다.
CC0438,우림큰사랑어린이집,어린이집,진해구,석동,4812958000.0,other,,no_axis_variation,133.7,경화동,0.8,0.0,38.0,정기 모니터링 유지,정기 모니터링,,정기 모니터링 유지,1,R-OT-default,반복 상위 노출군에 들지 않았다.,,행동 유형은 종류 구분이며 우선순위·위험등급이 아니다. 제안 행동은 행정적 확인 절차이지 규제·처분이 아니다.
CC0439,벚꽃그린빌어린이집,어린이집,진해구,석동,4812958000.0,other,,no_axis_variation,41.2,경화동,1.58,0.0,19.0,정기 모니터링 유지,정기 모니터링,,정기 모니터링 유지,1,R-OT-default,반복 상위 노출군에 들지 않았다.,,행동 유형은 종류 구분이며 우선순위·위험등급이 아니다. 제안 행동은 행정적 확인 절차이지 규제·처분이 아니다.
CC0440,베베천사어린이집,어린이집,진해구,석동,4812958000.0,other,,no_axis_variation,133.7,경화동,0.8,0.0,19.0,정기 모니터링 유지,정기 모니터링,,정기 모니터링 유지,1,R-OT-default,반복 상위 노출군에 들지 않았다.,,행동 유형은 종류 구분이며 우선순위·위험등급이 아니다. 제안 행동은 행정적 확인 절차이지 규제·처분이 아니다.
CC0441,푸르지오어린이집,어린이집,진해구,석동,4812958000.0,other,,no_axis_variation,100.7,경화동,0.74,0.0,20.0,정기 모니터링 유지,정기 모니터링,,정기 모니터링 유지,1,R-OT-default,반복 상위 노출군에 들지 않았다.,,행동 유형은 종류 구분이며 우선순위·위험등급이 아니다. 제안 행동은 행정적 확인 절차이지 규제·처분이 아니다.
CC0442,창원시립 여좌어린이집,어린이집,진해구,여좌동,4812954000.0,other,,no_axis_variation,417.3,경화동,2.69,1.0,90.0,정기 모니터링 유지,정기 모니터링,,정기 모니터링 유지,1,R-OT-default,반복 상위 노출군에 들지 않았다.,,행동 유형은 종류 구분이며 우선순위·위험등급이 아니다. 제안 행동은 행정적 확인 절차이지 규제·처분이 아니다.
CC0443,SK숲art 어린이집,어린이집,진해구,여좌동,4812954000.0,other,,no_axis_variation,372.8,경화동,2.65,1.0,20.0,정기 모니터링 유지,정기 모니터링,,정기 모니터링 유지,1,R-OT-default,반복 상위 노출군에 들지 않았다.,,행동 유형은 종류 구분이며 우선순위·위험등급이 아니다. 제안 행동은 행정적 확인 절차이지 규제·처분이 아니다.
CC0444,천사들의뜰어린이집,어린이집,진해구,여좌동,4812954000.0,other,,no_axis_variation,379.3,경화동,2.64,1.0,20.0,정기 모니터링 유지,정기 모니터링,,정기 모니터링 유지,1,R-OT-default,반복 상위 노출군에 들지 않았다.,,행동 유형은 종류 구분이며 우선순위·위험등급이 아니다. 제안 행동은 행정적 확인 절차이지 규제·처분이 아니다.
CC0446,창원시립 은성어린이집,어린이집,진해구,웅동1동,4812964000.0,other,,no_axis_variation,384.1,경화동,8.96,1.0,32.0,정기 모니터링 유지,정기 모니터링,,정기 모니터링 유지,1,R-OT-default,반복 상위 노출군에 들지 않았다.,,행동 유형은 종류 구분이며 우선순위·위험등급이 아니다. 제안 행동은 행정적 확인 절차이지 규제·처분이 아니다.
CC0447,배화어린이집,어린이집,진해구,웅동1동,4812964000.0,other,,no_axis_variation,179.0,경화동,10.7,1.0,157.0,정기 모니터링 유지,정기 모니터링,,정기 모니터링 유지,1,R-OT-default,반복 상위 노출군에 들지 않았다.,,행동 유형은 종류 구분이며 우선순위·위험등급이 아니다. 제안 행동은 행정적 확인 절차이지 규제·처분이 아니다.
CC0450,창원시립 용원어린이집,어린이집,진해구,웅동2동,4812965000.0,other,,no_axis_variation,234.1,경화동,13.5,1.0,118.0,정기 모니터링 유지,정기 모니터링,,정기 모니터링 유지,1,R-OT-default,반복 상위 노출군에 들지 않았다.,,행동 유형은 종류 구분이며 우선순위·위험등급이 아니다. 제안 행동은 행정적 확인 절차이지 규제·처분이 아니다.
CC0451,꽃뜰에어린이집,어린이집,진해구,웅동2동,4812965000.0,other,,no_axis_variation,134.4,경화동,12.78,1.0,90.0,정기 모니터링 유지,정기 모니터링,,정기 모니터링 유지,1,R-OT-default,반복 상위 노출군에 들지 않았다.,,행동 유형은 종류 구분이며 우선순위·위험등급이 아니다. 제안 행동은 행정적 확인 절차이지 규제·처분이 아니다.
CC0452,더푸르지오어린이집,어린이집,진해구,웅동2동,4812965000.0,other,,no_axis_variation,490.7,경화동,12.38,1.0,58.0,정기 모니터링 유지,정기 모니터링,,정기 모니터링 유지,1,R-OT-default,반복 상위 노출군에 들지 않았다.,,행동 유형은 종류 구분이며 우선순위·위험등급이 아니다. 제안 행동은 행정적 확인 절차이지 규제·처분이 아니다.
CC0453,맑은샘어린이집,어린이집,진해구,웅동2동,4812965000.0,other,,no_axis_variation,208.0,경화동,11.83,1.0,26.0,정기 모니터링 유지,정기 모니터링,,정기 모니터링 유지,1,R-OT-default,반복 상위 노출군에 들지 않았다.,,행동 유형은 종류 구분이며 우선순위·위험등급이 아니다. 제안 행동은 행정적 확인 절차이지 규제·처분이 아니다.
CC0454,바다별어린이집,어린이집,진해구,웅동2동,4812965000.0,other,,no_axis_variation,452.4,경화동,11.99,1.0,56.0,정기 모니터링 유지,정기 모니터링,,정기 모니터링 유지,1,R-OT-default,반복 상위 노출군에 들지 않았다.,,행동 유형은 종류 구분이며 우선순위·위험등급이 아니다. 제안 행동은 행정적 확인 절차이지 규제·처분이 아니다.
CC0455,부산신항 5단지 부영사랑으로어린이집,어린이집,진해구,웅동2동,4812965000.0,other,,no_axis_variation,862.7,경화동,13.0,1.0,27.0,정기 모니터링 유지,정기 모니터링,,정기 모니터링 유지,1,R-OT-default,반복 상위 노출군에 들지 않았다.,,행동 유형은 종류 구분이며 우선순위·위험등급이 아니다. 제안 행동은 행정적 확인 절차이지 규제·처분이 아니다.
CC0456,부산신항 6단지 부영사랑으로어린이집,어린이집,진해구,웅동2동,4812965000.0,other,,no_axis_variation,930.3,경화동,13.05,1.0,40.0,정기 모니터링 유지,정기 모니터링,,정기 모니터링 유지,1,R-OT-default,반복 상위 노출군에 들지 않았다.,,행동 유형은 종류 구분이며 우선순위·위험등급이 아니다. 제안 행동은 행정적 확인 절차이지 규제·처분이 아니다.
CC0457,부산신항13단지부영사랑으로어린이집,어린이집,진해구,웅동2동,4812965000.0,other,,no_axis_variation,373.5,경화동,13.59,1.0,40.0,정기 모니터링 유지,정기 모니터링,,정기 모니터링 유지,1,R-OT-default,반복 상위 노출군에 들지 않았다.,,행동 유형은 종류 구분이며 우선순위·위험등급이 아니다. 제안 행동은 행정적 확인 절차이지 규제·처분이 아니다.
CC0458,부산신항2단지 부영사랑으로어린이집,어린이집,진해구,웅동2동,4812965000.0,other,,no_axis_variation,552.5,경화동,12.52,1.0,32.0,정기 모니터링 유지,정기 모니터링,,정기 모니터링 유지,1,R-OT-default,반복 상위 노출군에 들지 않았다.,,행동 유형은 종류 구분이며 우선순위·위험등급이 아니다. 제안 행동은 행정적 확인 절차이지 규제·처분이 아니다.
CC0459,부산신항3단지부영 사랑으로 어린이집,어린이집,진해구,웅동2동,4812965000.0,other,,no_axis_variation,552.2,경화동,12.65,1.0,33.0,정기 모니터링 유지,정기 모니터링,,정기 모니터링 유지,1,R-OT-default,반복 상위 노출군에 들지 않았다.,,행동 유형은 종류 구분이며 우선순위·위험등급이 아니다. 제안 행동은 행정적 확인 절차이지 규제·처분이 아니다.
CC0460,부산신항4단지부영 사랑으로 어린이집,어린이집,진해구,웅동2동,4812965000.0,other,,no_axis_variation,504.6,경화동,12.7,1.0,33.0,정기 모니터링 유지,정기 모니터링,,정기 모니터링 유지,1,R-OT-default,반복 상위 노출군에 들지 않았다.,,행동 유형은 종류 구분이며 우선순위·위험등급이 아니다. 제안 행동은 행정적 확인 절차이지 규제·처분이 아니다.
CC0461,부산신항8단지 부영사랑으로어린이집,어린이집,진해구,웅동2동,4812965000.0,other,,no_axis_variation,737.3,경화동,13.27,1.0,40.0,정기 모니터링 유지,정기 모니터링,,정기 모니터링 유지,1,R-OT-default,반복 상위 노출군에 들지 않았다.,,행동 유형은 종류 구분이며 우선순위·위험등급이 아니다. 제안 행동은 행정적 확인 절차이지 규제·처분이 아니다.
CC0462,크니크니어린이집,어린이집,진해구,웅동2동,4812965000.0,other,,no_axis_variation,835.9,경화동,13.35,1.0,31.0,정기 모니터링 유지,정기 모니터링,,정기 모니터링 유지,1,R-OT-default,반복 상위 노출군에 들지 않았다.,,행동 유형은 종류 구분이며 우선순위·위험등급이 아니다. 제안 행동은 행정적 확인 절차이지 규제·처분이 아니다.
CC0463,하늘별꽃어린이집,어린이집,진해구,웅동2동,4812965000.0,other,,no_axis_variation,963.1,경화동,13.46,1.0,31.0,정기 모니터링 유지,정기 모니터링,,정기 모니터링 유지,1,R-OT-default,반복 상위 노출군에 들지 않았다.,,행동 유형은 종류 구분이며 우선순위·위험등급이 아니다. 제안 행동은 행정적 확인 절차이지 규제·처분이 아니다.
CC0464,꼬맹이어린이집,어린이집,진해구,웅동2동,4812965000.0,other,,no_axis_variation,44.0,경화동,13.15,1.0,20.0,정기 모니터링 유지,정기 모니터링,,정기 모니터링 유지,1,R-OT-default,반복 상위 노출군에 들지 않았다.,,행동 유형은 종류 구분이며 우선순위·위험등급이 아니다. 제안 행동은 행정적 확인 절차이지 규제·처분이 아니다.
CC0465,꿈동산어린이집,어린이집,진해구,웅동2동,4812965000.0,other,,no_axis_variation,373.5,경화동,13.59,1.0,19.0,정기 모니터링 유지,정기 모니터링,,정기 모니터링 유지,1,R-OT-default,반복 상위 노출군에 들지 않았다.,,행동 유형은 종류 구분이며 우선순위·위험등급이 아니다. 제안 행동은 행정적 확인 절차이지 규제·처분이 아니다.
CC0466,꿈자람어린이집,어린이집,진해구,웅동2동,4812965000.0,other,,no_axis_variation,737.3,경화동,13.27,1.0,15.0,정기 모니터링 유지,정기 모니터링,,정기 모니터링 유지,1,R-OT-default,반복 상위 노출군에 들지 않았다.,,행동 유형은 종류 구분이며 우선순위·위험등급이 아니다. 제안 행동은 행정적 확인 절차이지 규제·처분이 아니다.
CC0467,동화숲어린이집,어린이집,진해구,웅동2동,4812965000.0,other,,no_axis_variation,344.1,경화동,12.31,1.0,19.0,정기 모니터링 유지,정기 모니터링,,정기 모니터링 유지,1,R-OT-default,반복 상위 노출군에 들지 않았다.,,행동 유형은 종류 구분이며 우선순위·위험등급이 아니다. 제안 행동은 행정적 확인 절차이지 규제·처분이 아니다.
CC0468,리온어린이집,어린이집,진해구,웅동2동,4812965000.0,other,,no_axis_variation,406.2,경화동,12.22,1.0,20.0,정기 모니터링 유지,정기 모니터링,,정기 모니터링 유지,1,R-OT-default,반복 상위 노출군에 들지 않았다.,,행동 유형은 종류 구분이며 우선순위·위험등급이 아니다. 제안 행동은 행정적 확인 절차이지 규제·처분이 아니다.
CC0469,리치어린이집,어린이집,진해구,웅동2동,4812965000.0,other,,no_axis_variation,344.1,경화동,12.31,1.0,19.0,정기 모니터링 유지,정기 모니터링,,정기 모니터링 유지,1,R-OT-default,반복 상위 노출군에 들지 않았다.,,행동 유형은 종류 구분이며 우선순위·위험등급이 아니다. 제안 행동은 행정적 확인 절차이지 규제·처분이 아니다.
CC0470,맑은숲어린이집,어린이집,진해구,웅동2동,4812965000.0,other,,no_axis_variation,169.4,경화동,11.86,1.0,13.0,정기 모니터링 유지,정기 모니터링,,정기 모니터링 유지,1,R-OT-default,반복 상위 노출군에 들지 않았다.,,행동 유형은 종류 구분이며 우선순위·위험등급이 아니다. 제안 행동은 행정적 확인 절차이지 규제·처분이 아니다.
CC0471,솔로몬어린이집,어린이집,진해구,웅동2동,4812965000.0,other,,no_axis_variation,169.4,경화동,11.86,1.0,13.0,정기 모니터링 유지,정기 모니터링,,정기 모니터링 유지,1,R-OT-default,반복 상위 노출군에 들지 않았다.,,행동 유형은 종류 구분이며 우선순위·위험등급이 아니다. 제안 행동은 행정적 확인 절차이지 규제·처분이 아니다.
CC0472,아이뜰어린이집,어린이집,진해구,웅동2동,4812965000.0,other,,no_axis_variation,430.5,경화동,12.16,1.0,19.0,정기 모니터링 유지,정기 모니터링,,정기 모니터링 유지,1,R-OT-default,반복 상위 노출군에 들지 않았다.,,행동 유형은 종류 구분이며 우선순위·위험등급이 아니다. 제안 행동은 행정적 확인 절차이지 규제·처분이 아니다.
CC0473,아이마음 어린이집,어린이집,진해구,웅동2동,4812965000.0,other,,no_axis_variation,378.5,경화동,12.24,1.0,19.0,정기 모니터링 유지,정기 모니터링,,정기 모니터링 유지,1,R-OT-default,반복 상위 노출군에 들지 않았다.,,행동 유형은 종류 구분이며 우선순위·위험등급이 아니다. 제안 행동은 행정적 확인 절차이지 규제·처분이 아니다.
CC0474,아이원어린이집,어린이집,진해구,웅동2동,4812965000.0,other,,no_axis_variation,430.4,경화동,12.06,1.0,13.0,정기 모니터링 유지,정기 모니터링,,정기 모니터링 유지,1,R-OT-default,반복 상위 노출군에 들지 않았다.,,행동 유형은 종류 구분이며 우선순위·위험등급이 아니다. 제안 행동은 행정적 확인 절차이지 규제·처분이 아니다.
CC0475,아이조아 어린이집,어린이집,진해구,웅동2동,4812965000.0,other,,no_axis_variation,552.2,경화동,12.65,1.0,19.0,정기 모니터링 유지,정기 모니터링,,정기 모니터링 유지,1,R-OT-default,반복 상위 노출군에 들지 않았다.,,행동 유형은 종류 구분이며 우선순위·위험등급이 아니다. 제안 행동은 행정적 확인 절차이지 규제·처분이 아니다.
CC0476,예쁜꼬마어린이집,어린이집,진해구,웅동2동,4812965000.0,other,,no_axis_variation,378.5,경화동,12.24,1.0,19.0,정기 모니터링 유지,정기 모니터링,,정기 모니터링 유지,1,R-OT-default,반복 상위 노출군에 들지 않았다.,,행동 유형은 종류 구분이며 우선순위·위험등급이 아니다. 제안 행동은 행정적 확인 절차이지 규제·처분이 아니다.
CC0477,일신아이뜰어린이집,어린이집,진해구,웅동2동,4812965000.0,other,,no_axis_variation,430.5,경화동,12.16,1.0,19.0,정기 모니터링 유지,정기 모니터링,,정기 모니터링 유지,1,R-OT-default,반복 상위 노출군에 들지 않았다.,,행동 유형은 종류 구분이며 우선순위·위험등급이 아니다. 제안 행동은 행정적 확인 절차이지 규제·처분이 아니다.
CC0478,재미팡팡어린이집,어린이집,진해구,웅동2동,4812965000.0,other,,no_axis_variation,378.5,경화동,12.24,1.0,19.0,정기 모니터링 유지,정기 모니터링,,정기 모니터링 유지,1,R-OT-default,반복 상위 노출군에 들지 않았다.,,행동 유형은 종류 구분이며 우선순위·위험등급이 아니다. 제안 행동은 행정적 확인 절차이지 규제·처분이 아니다.
CC0479,초록어린이집,어린이집,진해구,웅동2동,4812965000.0,other,,no_axis_variation,465.9,경화동,12.15,1.0,19.0,정기 모니터링 유지,정기 모니터링,,정기 모니터링 유지,1,R-OT-default,반복 상위 노출군에 들지 않았다.,,행동 유형은 종류 구분이며 우선순위·위험등급이 아니다. 제안 행동은 행정적 확인 절차이지 규제·처분이 아니다.
CC0480,키즈맘어린이집,어린이집,진해구,웅동2동,4812965000.0,other,,no_axis_variation,430.5,경화동,12.16,1.0,20.0,정기 모니터링 유지,정기 모니터링,,정기 모니터링 유지,1,R-OT-default,반복 상위 노출군에 들지 않았다.,,행동 유형은 종류 구분이며 우선순위·위험등급이 아니다. 제안 행동은 행정적 확인 절차이지 규제·처분이 아니다.
CC0481,해달별어린이집,어린이집,진해구,웅동2동,4812965000.0,other,,no_axis_variation,373.5,경화동,13.59,1.0,19.0,정기 모니터링 유지,정기 모니터링,,정기 모니터링 유지,1,R-OT-default,반복 상위 노출군에 들지 않았다.,,행동 유형은 종류 구분이며 우선순위·위험등급이 아니다. 제안 행동은 행정적 확인 절차이지 규제·처분이 아니다.
CC0482,해담어린이집,어린이집,진해구,웅동2동,4812965000.0,other,,no_axis_variation,552.2,경화동,12.65,1.0,19.0,정기 모니터링 유지,정기 모니터링,,정기 모니터링 유지,1,R-OT-default,반복 상위 노출군에 들지 않았다.,,행동 유형은 종류 구분이며 우선순위·위험등급이 아니다. 제안 행동은 행정적 확인 절차이지 규제·처분이 아니다.
CC0483,힐링어린이집,어린이집,진해구,웅동2동,4812965000.0,other,,no_axis_variation,430.4,경화동,12.06,1.0,13.0,정기 모니터링 유지,정기 모니터링,,정기 모니터링 유지,1,R-OT-default,반복 상위 노출군에 들지 않았다.,,행동 유형은 종류 구분이며 우선순위·위험등급이 아니다. 제안 행동은 행정적 확인 절차이지 규제·처분이 아니다.
CC0484,창원시립 남문어린이집,어린이집,진해구,웅천동,4812963000.0,other,,no_axis_variation,479.8,경화동,8.35,0.0,65.0,정기 모니터링 유지,정기 모니터링,,정기 모니터링 유지,1,R-OT-default,반복 상위 노출군에 들지 않았다.,,행동 유형은 종류 구분이며 우선순위·위험등급이 아니다. 제안 행동은 행정적 확인 절차이지 규제·처분이 아니다.
CC0485,창원시립 남문프라디움어린이집,어린이집,진해구,웅천동,4812963000.0,other,,no_axis_variation,346.1,경화동,7.94,0.0,73.0,정기 모니터링 유지,정기 모니터링,,정기 모니터링 유지,1,R-OT-default,반복 상위 노출군에 들지 않았다.,,행동 유형은 종류 구분이며 우선순위·위험등급이 아니다. 제안 행동은 행정적 확인 절차이지 규제·처분이 아니다.
CC0486,창원시립 리젠시빌어린이집,어린이집,진해구,웅천동,4812963000.0,other,,no_axis_variation,395.7,경화동,8.32,0.0,55.0,정기 모니터링 유지,정기 모니터링,,정기 모니터링 유지,1,R-OT-default,반복 상위 노출군에 들지 않았다.,,행동 유형은 종류 구분이며 우선순위·위험등급이 아니다. 제안 행동은 행정적 확인 절차이지 규제·처분이 아니다.
CC0487,남문시티이화어린이집,어린이집,진해구,웅천동,4812963000.0,other,,no_axis_variation,117.1,경화동,7.97,0.0,80.0,정기 모니터링 유지,정기 모니터링,,정기 모니터링 유지,1,R-OT-default,반복 상위 노출군에 들지 않았다.,,행동 유형은 종류 구분이며 우선순위·위험등급이 아니다. 제안 행동은 행정적 확인 절차이지 규제·처분이 아니다.
CC0488,더웰어린이집,어린이집,진해구,웅천동,4812963000.0,other,,no_axis_variation,334.2,경화동,8.2,0.0,39.0,정기 모니터링 유지,정기 모니터링,,정기 모니터링 유지,1,R-OT-default,반복 상위 노출군에 들지 않았다.,,행동 유형은 종류 구분이며 우선순위·위험등급이 아니다. 제안 행동은 행정적 확인 절차이지 규제·처분이 아니다.
CC0489,무지개어린이집,어린이집,진해구,웅천동,4812963000.0,other,,no_axis_variation,391.9,경화동,7.24,0.0,190.0,정기 모니터링 유지,정기 모니터링,,정기 모니터링 유지,1,R-OT-default,반복 상위 노출군에 들지 않았다.,,행동 유형은 종류 구분이며 우선순위·위험등급이 아니다. 제안 행동은 행정적 확인 절차이지 규제·처분이 아니다.
CC0490,꽃길어린이집,어린이집,진해구,웅천동,4812963000.0,other,,no_axis_variation,346.1,경화동,7.94,0.0,19.0,정기 모니터링 유지,정기 모니터링,,정기 모니터링 유지,1,R-OT-default,반복 상위 노출군에 들지 않았다.,,행동 유형은 종류 구분이며 우선순위·위험등급이 아니다. 제안 행동은 행정적 확인 절차이지 규제·처분이 아니다.
CC0491,남문시티어린이집,어린이집,진해구,웅천동,4812963000.0,other,,no_axis_variation,117.1,경화동,7.97,0.0,13.0,정기 모니터링 유지,정기 모니터링,,정기 모니터링 유지,1,R-OT-default,반복 상위 노출군에 들지 않았다.,,행동 유형은 종류 구분이며 우선순위·위험등급이 아니다. 제안 행동은 행정적 확인 절차이지 규제·처분이 아니다.
CC0492,남문햇살어린이집,어린이집,진해구,웅천동,4812963000.0,other,,no_axis_variation,117.1,경화동,7.97,0.0,13.0,정기 모니터링 유지,정기 모니터링,,정기 모니터링 유지,1,R-OT-default,반복 상위 노출군에 들지 않았다.,,행동 유형은 종류 구분이며 우선순위·위험등급이 아니다. 제안 행동은 행정적 확인 절차이지 규제·처분이 아니다.
CC0493,시티행복어린이집,어린이집,진해구,웅천동,4812963000.0,other,,no_axis_variation,346.1,경화동,7.94,0.0,19.0,정기 모니터링 유지,정기 모니터링,,정기 모니터링 유지,1,R-OT-default,반복 상위 노출군에 들지 않았다.,,행동 유형은 종류 구분이며 우선순위·위험등급이 아니다. 제안 행동은 행정적 확인 절차이지 규제·처분이 아니다.
CC0494,아이사랑어린이집,어린이집,진해구,이동,4812959000.0,other,,no_axis_variation,121.7,경화동,0.52,0.0,20.0,정기 모니터링 유지,정기 모니터링,,정기 모니터링 유지,1,R-OT-default,반복 상위 노출군에 들지 않았다.,,행동 유형은 종류 구분이며 우선순위·위험등급이 아니다. 제안 행동은 행정적 확인 절차이지 규제·처분이 아니다.
CC0495,창원시립 자은센트럴어린이집,어린이집,진해구,자은동,4812960000.0,other,,no_axis_variation,135.4,경화동,2.51,0.0,73.0,정기 모니터링 유지,정기 모니터링,,정기 모니터링 유지,1,R-OT-default,반복 상위 노출군에 들지 않았다.,,행동 유형은 종류 구분이며 우선순위·위험등급이 아니다. 제안 행동은 행정적 확인 절차이지 규제·처분이 아니다.
CC0496,창원시립 자은하늘닮어린이집,어린이집,진해구,자은동,4812960000.0,other,,no_axis_variation,311.2,경화동,2.33,0.0,79.0,정기 모니터링 유지,정기 모니터링,,정기 모니터링 유지,1,R-OT-default,반복 상위 노출군에 들지 않았다.,,행동 유형은 종류 구분이며 우선순위·위험등급이 아니다. 제안 행동은 행정적 확인 절차이지 규제·처분이 아니다.
CC0497,은혜영아전담어린이집,어린이집,진해구,자은동,4812960000.0,other,,no_axis_variation,81.9,경화동,2.02,0.0,39.0,정기 모니터링 유지,정기 모니터링,,정기 모니터링 유지,1,R-OT-default,반복 상위 노출군에 들지 않았다.,,행동 유형은 종류 구분이며 우선순위·위험등급이 아니다. 제안 행동은 행정적 확인 절차이지 규제·처분이 아니다.
CC0498,발도르프예쁜어린이집,어린이집,진해구,자은동,4812960000.0,other,,no_axis_variation,73.2,경화동,1.86,0.0,49.0,정기 모니터링 유지,정기 모니터링,,정기 모니터링 유지,1,R-OT-default,반복 상위 노출군에 들지 않았다.,,행동 유형은 종류 구분이며 우선순위·위험등급이 아니다. 제안 행동은 행정적 확인 절차이지 규제·처분이 아니다.
CC0499,에일린의뜰어린이집,어린이집,진해구,자은동,4812960000.0,other,,no_axis_variation,329.5,경화동,2.91,0.0,39.0,정기 모니터링 유지,정기 모니터링,,정기 모니터링 유지,1,R-OT-default,반복 상위 노출군에 들지 않았다.,,행동 유형은 종류 구분이며 우선순위·위험등급이 아니다. 제안 행동은 행정적 확인 절차이지 규제·처분이 아니다.
CC0500,예그리나어린이집,어린이집,진해구,자은동,4812960000.0,other,,no_axis_variation,262.6,경화동,2.07,0.0,22.0,정기 모니터링 유지,정기 모니터링,,정기 모니터링 유지,1,R-OT-default,반복 상위 노출군에 들지 않았다.,,행동 유형은 종류 구분이며 우선순위·위험등급이 아니다. 제안 행동은 행정적 확인 절차이지 규제·처분이 아니다.
CC0501,중흥솔가람어린이집,어린이집,진해구,자은동,4812960000.0,other,,no_axis_variation,311.0,경화동,2.51,0.0,39.0,정기 모니터링 유지,정기 모니터링,,정기 모니터링 유지,1,R-OT-default,반복 상위 노출군에 들지 않았다.,,행동 유형은 종류 구분이며 우선순위·위험등급이 아니다. 제안 행동은 행정적 확인 절차이지 규제·처분이 아니다.
CC0502,프라임크로바어린이집,어린이집,진해구,자은동,4812960000.0,other,,no_axis_variation,476.3,경화동,2.72,0.0,73.0,정기 모니터링 유지,정기 모니터링,,정기 모니터링 유지,1,R-OT-default,반복 상위 노출군에 들지 않았다.,,행동 유형은 종류 구분이며 우선순위·위험등급이 아니다. 제안 행동은 행정적 확인 절차이지 규제·처분이 아니다.
CC0503,하늘소어린이집,어린이집,진해구,자은동,4812960000.0,other,,no_axis_variation,110.9,경화동,1.85,0.0,79.0,정기 모니터링 유지,정기 모니터링,,정기 모니터링 유지,1,R-OT-default,반복 상위 노출군에 들지 않았다.,,행동 유형은 종류 구분이며 우선순위·위험등급이 아니다. 제안 행동은 행정적 확인 절차이지 규제·처분이 아니다.
CC0504,사랑별어린이집,어린이집,진해구,자은동,4812960000.0,other,,no_axis_variation,476.3,경화동,2.72,0.0,19.0,정기 모니터링 유지,정기 모니터링,,정기 모니터링 유지,1,R-OT-default,반복 상위 노출군에 들지 않았다.,,행동 유형은 종류 구분이며 우선순위·위험등급이 아니다. 제안 행동은 행정적 확인 절차이지 규제·처분이 아니다.
CC0505,생태친화어린이집,어린이집,진해구,자은동,4812960000.0,other,,no_axis_variation,399.2,경화동,2.34,0.0,16.0,정기 모니터링 유지,정기 모니터링,,정기 모니터링 유지,1,R-OT-default,반복 상위 노출군에 들지 않았다.,,행동 유형은 종류 구분이며 우선순위·위험등급이 아니다. 제안 행동은 행정적 확인 절차이지 규제·처분이 아니다.
CC0506,아이스토리어린이집,어린이집,진해구,자은동,4812960000.0,other,,no_axis_variation,48.8,경화동,1.55,0.0,19.0,정기 모니터링 유지,정기 모니터링,,정기 모니터링 유지,1,R-OT-default,반복 상위 노출군에 들지 않았다.,,행동 유형은 종류 구분이며 우선순위·위험등급이 아니다. 제안 행동은 행정적 확인 절차이지 규제·처분이 아니다.
CC0507,창원시립 신흥어린이집,어린이집,진해구,충무동,4812953000.0,other,,no_axis_variation,278.1,경화동,3.19,0.0,98.0,정기 모니터링 유지,정기 모니터링,,정기 모니터링 유지,1,R-OT-default,반복 상위 노출군에 들지 않았다.,,행동 유형은 종류 구분이며 우선순위·위험등급이 아니다. 제안 행동은 행정적 확인 절차이지 규제·처분이 아니다.
CC0508,글로리아어린이집,어린이집,진해구,충무동,4812953000.0,other,,no_axis_variation,242.4,경화동,2.25,0.0,98.0,정기 모니터링 유지,정기 모니터링,,정기 모니터링 유지,1,R-OT-default,반복 상위 노출군에 들지 않았다.,,행동 유형은 종류 구분이며 우선순위·위험등급이 아니다. 제안 행동은 행정적 확인 절차이지 규제·처분이 아니다.
CC0510,궁전어린이집,어린이집,진해구,충무동,4812953000.0,other,,no_axis_variation,83.7,경화동,2.55,0.0,20.0,정기 모니터링 유지,정기 모니터링,,정기 모니터링 유지,1,R-OT-default,반복 상위 노출군에 들지 않았다.,,행동 유형은 종류 구분이며 우선순위·위험등급이 아니다. 제안 행동은 행정적 확인 절차이지 규제·처분이 아니다.
CC0511,오션빌해군어린이집,어린이집,진해구,충무동,4812953000.0,other,,no_axis_variation,277.3,경화동,3.23,0.0,80.0,정기 모니터링 유지,정기 모니터링,,정기 모니터링 유지,1,R-OT-default,반복 상위 노출군에 들지 않았다.,,행동 유형은 종류 구분이며 우선순위·위험등급이 아니다. 제안 행동은 행정적 확인 절차이지 규제·처분이 아니다.
CC0512,숙명어린이집,어린이집,진해구,태백동,4812955000.0,other,,no_axis_variation,500.7,경화동,1.41,0.0,93.0,정기 모니터링 유지,정기 모니터링,,정기 모니터링 유지,1,R-OT-default,반복 상위 노출군에 들지 않았다.,,행동 유형은 종류 구분이며 우선순위·위험등급이 아니다. 제안 행동은 행정적 확인 절차이지 규제·처분이 아니다.
CC0514,풍호은성영아전담어린이집,어린이집,진해구,풍호동,4812962000.0,other,,no_axis_variation,90.4,경화동,2.61,1.0,49.0,정기 모니터링 유지,정기 모니터링,,정기 모니터링 유지,1,R-OT-default,반복 상위 노출군에 들지 않았다.,,행동 유형은 종류 구분이며 우선순위·위험등급이 아니다. 제안 행동은 행정적 확인 절차이지 규제·처분이 아니다.
CC0516,마린빅스맘어린이집,어린이집,진해구,풍호동,4812962000.0,other,,no_axis_variation,154.9,경화동,3.04,1.0,33.0,정기 모니터링 유지,정기 모니터링,,정기 모니터링 유지,1,R-OT-default,반복 상위 노출군에 들지 않았다.,,행동 유형은 종류 구분이며 우선순위·위험등급이 아니다. 제안 행동은 행정적 확인 절차이지 규제·처분이 아니다.
CC0517,조이어린이집,어린이집,진해구,풍호동,4812962000.0,other,,no_axis_variation,84.3,경화동,2.83,1.0,161.0,정기 모니터링 유지,정기 모니터링,,정기 모니터링 유지,1,R-OT-default,반복 상위 노출군에 들지 않았다.,,행동 유형은 종류 구분이며 우선순위·위험등급이 아니다. 제안 행동은 행정적 확인 절차이지 규제·처분이 아니다.
CC0518,파랑새어린이집,어린이집,진해구,풍호동,4812962000.0,other,,no_axis_variation,179.9,경화동,2.46,1.0,39.0,정기 모니터링 유지,정기 모니터링,,정기 모니터링 유지,1,R-OT-default,반복 상위 노출군에 들지 않았다.,,행동 유형은 종류 구분이며 우선순위·위험등급이 아니다. 제안 행동은 행정적 확인 절차이지 규제·처분이 아니다.
CC0519,한신에코어린이집,어린이집,진해구,풍호동,4812962000.0,other,,no_axis_variation,75.4,경화동,3.29,1.0,39.0,정기 모니터링 유지,정기 모니터링,,정기 모니터링 유지,1,R-OT-default,반복 상위 노출군에 들지 않았다.,,행동 유형은 종류 구분이며 우선순위·위험등급이 아니다. 제안 행동은 행정적 확인 절차이지 규제·처분이 아니다.
CC0521,산새소리어린이집,어린이집,진해구,풍호동,4812962000.0,other,,no_axis_variation,243.9,경화동,2.36,1.0,20.0,정기 모니터링 유지,정기 모니터링,,정기 모니터링 유지,1,R-OT-default,반복 상위 노출군에 들지 않았다.,,행동 유형은 종류 구분이며 우선순위·위험등급이 아니다. 제안 행동은 행정적 확인 절차이지 규제·처분이 아니다.
CC0522,에코베베어린이집,어린이집,진해구,풍호동,4812962000.0,other,,no_axis_variation,164.2,경화동,2.24,1.0,20.0,정기 모니터링 유지,정기 모니터링,,정기 모니터링 유지,1,R-OT-default,반복 상위 노출군에 들지 않았다.,,행동 유형은 종류 구분이며 우선순위·위험등급이 아니다. 제안 행동은 행정적 확인 절차이지 규제·처분이 아니다.
CC0523,우성루키어린이집,어린이집,진해구,풍호동,4812962000.0,other,,no_axis_variation,164.2,경화동,2.24,1.0,19.0,정기 모니터링 유지,정기 모니터링,,정기 모니터링 유지,1,R-OT-default,반복 상위 노출군에 들지 않았다.,,행동 유형은 종류 구분이며 우선순위·위험등급이 아니다. 제안 행동은 행정적 확인 절차이지 규제·처분이 아니다.
CH0001,덕산지역아동센터,지역아동센터,의창구,동읍,4812125000.0,other,,no_axis_variation,79.2,용지동,4.83,1.0,,정기 모니터링 유지,정기 모니터링,,정기 모니터링 유지,1,R-OT-default,반복 상위 노출군에 들지 않았다.,,행동 유형은 종류 구분이며 우선순위·위험등급이 아니다. 제안 행동은 행정적 확인 절차이지 규제·처분이 아니다.
CH0002,영은지역아동센터,지역아동센터,의창구,동읍,4812125000.0,other,,no_axis_variation,145.3,용지동,4.64,1.0,,정기 모니터링 유지,정기 모니터링,,정기 모니터링 유지,1,R-OT-default,반복 상위 노출군에 들지 않았다.,,행동 유형은 종류 구분이며 우선순위·위험등급이 아니다. 제안 행동은 행정적 확인 절차이지 규제·처분이 아니다.
CH0003,사랑샘지역아동센터,지역아동센터,의창구,북면,4812131000.0,other,,no_axis_variation,91.5,명서동,8.11,1.0,,정기 모니터링 유지,정기 모니터링,,정기 모니터링 유지,1,R-OT-default,반복 상위 노출군에 들지 않았다.,,행동 유형은 종류 구분이며 우선순위·위험등급이 아니다. 제안 행동은 행정적 확인 절차이지 규제·처분이 아니다.
CH0004,창원행복한지역아동센터,지역아동센터,의창구,북면,4812131000.0,other,,no_axis_variation,757.4,명서동,11.91,1.0,,정기 모니터링 유지,정기 모니터링,,정기 모니터링 유지,1,R-OT-default,반복 상위 노출군에 들지 않았다.,,행동 유형은 종류 구분이며 우선순위·위험등급이 아니다. 제안 행동은 행정적 확인 절차이지 규제·처분이 아니다.
CH0006,굳뉴스지역아동센터,지역아동센터,의창구,의창동,4812151000.0,other,,no_axis_variation,39.1,명서동,2.85,0.0,,정기 모니터링 유지,정기 모니터링,,정기 모니터링 유지,1,R-OT-default,반복 상위 노출군에 들지 않았다.,,행동 유형은 종류 구분이며 우선순위·위험등급이 아니다. 제안 행동은 행정적 확인 절차이지 규제·처분이 아니다.
CH0007,메아리지역아동센터,지역아동센터,의창구,의창동,4812151000.0,other,,no_axis_variation,186.3,명서동,2.95,0.0,,정기 모니터링 유지,정기 모니터링,,정기 모니터링 유지,1,R-OT-default,반복 상위 노출군에 들지 않았다.,,행동 유형은 종류 구분이며 우선순위·위험등급이 아니다. 제안 행동은 행정적 확인 절차이지 규제·처분이 아니다.
CH0008,여수룬지역아동센터,지역아동센터,의창구,의창동,4812151000.0,other,,no_axis_variation,147.9,명서동,3.09,0.0,,정기 모니터링 유지,정기 모니터링,,정기 모니터링 유지,1,R-OT-default,반복 상위 노출군에 들지 않았다.,,행동 유형은 종류 구분이며 우선순위·위험등급이 아니다. 제안 행동은 행정적 확인 절차이지 규제·처분이 아니다.
CH0009,은하수지역아동센터,지역아동센터,의창구,의창동,4812151000.0,other,,no_axis_variation,372.3,명서동,4.18,0.0,,정기 모니터링 유지,정기 모니터링,,정기 모니터링 유지,1,R-OT-default,반복 상위 노출군에 들지 않았다.,,행동 유형은 종류 구분이며 우선순위·위험등급이 아니다. 제안 행동은 행정적 확인 절차이지 규제·처분이 아니다.
CH0010,해솔지역아동센터,지역아동센터,의창구,의창동,4812151000.0,other,,no_axis_variation,15.7,명서동,4.53,0.0,,정기 모니터링 유지,정기 모니터링,,정기 모니터링 유지,1,R-OT-default,반복 상위 노출군에 들지 않았다.,,행동 유형은 종류 구분이며 우선순위·위험등급이 아니다. 제안 행동은 행정적 확인 절차이지 규제·처분이 아니다.
CH0013,에디슨지역아동센터,지역아동센터,의창구,명곡동,4812153000.0,other,,no_axis_variation,102.9,명서동,1.93,0.0,,정기 모니터링 유지,정기 모니터링,,정기 모니터링 유지,1,R-OT-default,반복 상위 노출군에 들지 않았다.,,행동 유형은 종류 구분이며 우선순위·위험등급이 아니다. 제안 행동은 행정적 확인 절차이지 규제·처분이 아니다.
CH0014,해피타임지역아동센터,지역아동센터,의창구,명곡동,4812153000.0,other,,no_axis_variation,42.0,명서동,1.07,0.0,,정기 모니터링 유지,정기 모니터링,,정기 모니터링 유지,1,R-OT-default,반복 상위 노출군에 들지 않았다.,,행동 유형은 종류 구분이며 우선순위·위험등급이 아니다. 제안 행동은 행정적 확인 절차이지 규제·처분이 아니다.
CH0015,두레지역아동센터,지역아동센터,의창구,봉림동,4812154000.0,other,,no_axis_variation,131.6,용지동,1.43,0.0,,정기 모니터링 유지,정기 모니터링,,정기 모니터링 유지,1,R-OT-default,반복 상위 노출군에 들지 않았다.,,행동 유형은 종류 구분이며 우선순위·위험등급이 아니다. 제안 행동은 행정적 확인 절차이지 규제·처분이 아니다.
CH0016,다온지역아동센터,지역아동센터,의창구,봉림동,4812154000.0,other,,no_axis_variation,643.5,명서동,1.51,0.0,,정기 모니터링 유지,정기 모니터링,,정기 모니터링 유지,1,R-OT-default,반복 상위 노출군에 들지 않았다.,,행동 유형은 종류 구분이며 우선순위·위험등급이 아니다. 제안 행동은 행정적 확인 절차이지 규제·처분이 아니다.
CH0017,무동지역아동센터,지역아동센터,의창구,북면,4812131000.0,other,,no_axis_variation,151.6,명서동,9.62,1.0,,정기 모니터링 유지,정기 모니터링,,정기 모니터링 유지,1,R-OT-default,반복 상위 노출군에 들지 않았다.,,행동 유형은 종류 구분이며 우선순위·위험등급이 아니다. 제안 행동은 행정적 확인 절차이지 규제·처분이 아니다.
CH0019,상남지역아동센터,지역아동센터,성산구,상남동,4812353000.0,other,,no_axis_variation,226.0,사파동,1.17,1.0,,정기 모니터링 유지,정기 모니터링,,정기 모니터링 유지,1,R-OT-default,반복 상위 노출군에 들지 않았다.,,행동 유형은 종류 구분이며 우선순위·위험등급이 아니다. 제안 행동은 행정적 확인 절차이지 규제·처분이 아니다.
CH0020,늘푸른지역아동센터,지역아동센터,성산구,사파동,4812354000.0,other,,no_axis_variation,49.9,사파동,0.36,2.0,,정기 모니터링 유지,정기 모니터링,,정기 모니터링 유지,1,R-OT-default,반복 상위 노출군에 들지 않았다.,,행동 유형은 종류 구분이며 우선순위·위험등급이 아니다. 제안 행동은 행정적 확인 절차이지 규제·처분이 아니다.
CH0021,민들레지역아동센터,지역아동센터,성산구,사파동,4812354000.0,other,,no_axis_variation,184.5,사파동,1.29,2.0,,정기 모니터링 유지,정기 모니터링,,정기 모니터링 유지,1,R-OT-default,반복 상위 노출군에 들지 않았다.,,행동 유형은 종류 구분이며 우선순위·위험등급이 아니다. 제안 행동은 행정적 확인 절차이지 규제·처분이 아니다.
CH0022,사파보듬지역아동센터,지역아동센터,성산구,사파동,4812354000.0,other,,no_axis_variation,85.0,사파동,0.47,2.0,,정기 모니터링 유지,정기 모니터링,,정기 모니터링 유지,1,R-OT-default,반복 상위 노출군에 들지 않았다.,,행동 유형은 종류 구분이며 우선순위·위험등급이 아니다. 제안 행동은 행정적 확인 절차이지 규제·처분이 아니다.
CH0023,상남꿈자람지역아동센터,지역아동센터,성산구,사파동,4812354000.0,other,,no_axis_variation,0.0,사파동,0.42,2.0,,정기 모니터링 유지,정기 모니터링,,정기 모니터링 유지,1,R-OT-default,반복 상위 노출군에 들지 않았다.,,행동 유형은 종류 구분이며 우선순위·위험등급이 아니다. 제안 행동은 행정적 확인 절차이지 규제·처분이 아니다.
CH0026,LH행복꿈터 현동지역아동센터,지역아동센터,마산합포구,현동,4812551000.0,other,,no_axis_variation,264.0,월영동,3.51,0.0,,정기 모니터링 유지,정기 모니터링,,정기 모니터링 유지,1,R-OT-default,반복 상위 노출군에 들지 않았다.,,행동 유형은 종류 구분이며 우선순위·위험등급이 아니다. 제안 행동은 행정적 확인 절차이지 규제·처분이 아니다.
CH0027,SCL지역아동센터,지역아동센터,마산합포구,자산동,4812558000.0,other,,no_axis_variation,86.1,회원동,1.5,0.0,,정기 모니터링 유지,정기 모니터링,,정기 모니터링 유지,1,R-OT-default,반복 상위 노출군에 들지 않았다.,,행동 유형은 종류 구분이며 우선순위·위험등급이 아니다. 제안 행동은 행정적 확인 절차이지 규제·처분이 아니다.
CH0028,가온지역아동센터,지역아동센터,마산합포구,진동면,4812532000.0,other,,no_axis_variation,234.4,월영동,10.46,2.0,,정기 모니터링 유지,정기 모니터링,,정기 모니터링 유지,1,R-OT-default,반복 상위 노출군에 들지 않았다.,,행동 유형은 종류 구분이며 우선순위·위험등급이 아니다. 제안 행동은 행정적 확인 절차이지 규제·처분이 아니다.
CH0029,가우스산호지역아동센터,지역아동센터,마산합포구,산호동,4812565000.0,other,,no_axis_variation,76.8,회원동,0.44,0.0,,정기 모니터링 유지,정기 모니터링,,정기 모니터링 유지,1,R-OT-default,반복 상위 노출군에 들지 않았다.,,행동 유형은 종류 구분이며 우선순위·위험등급이 아니다. 제안 행동은 행정적 확인 절차이지 규제·처분이 아니다.
CH0030,경도지역아동센터,지역아동센터,마산합포구,완월동,4812557000.0,other,,no_axis_variation,438.7,월영동,1.74,0.0,,정기 모니터링 유지,정기 모니터링,,정기 모니터링 유지,1,R-OT-default,반복 상위 노출군에 들지 않았다.,,행동 유형은 종류 구분이며 우선순위·위험등급이 아니다. 제안 행동은 행정적 확인 절차이지 규제·처분이 아니다.
CH0031,위드지역아동센터,지역아동센터,마산합포구,진동면,4812532000.0,other,,no_axis_variation,154.2,월영동,10.2,2.0,,정기 모니터링 유지,정기 모니터링,,정기 모니터링 유지,1,R-OT-default,반복 상위 노출군에 들지 않았다.,,행동 유형은 종류 구분이며 우선순위·위험등급이 아니다. 제안 행동은 행정적 확인 절차이지 규제·처분이 아니다.
CH0032,글로리아지역아동센터,지역아동센터,마산합포구,자산동,4812558000.0,other,,no_axis_variation,152.0,회원동,1.96,0.0,,정기 모니터링 유지,정기 모니터링,,정기 모니터링 유지,1,R-OT-default,반복 상위 노출군에 들지 않았다.,,행동 유형은 종류 구분이며 우선순위·위험등급이 아니다. 제안 행동은 행정적 확인 절차이지 규제·처분이 아니다.
CH0033,느티나무 지역아동센터,지역아동센터,마산합포구,진동면,4812532000.0,other,,no_axis_variation,218.0,월영동,10.16,2.0,,정기 모니터링 유지,정기 모니터링,,정기 모니터링 유지,1,R-OT-default,반복 상위 노출군에 들지 않았다.,,행동 유형은 종류 구분이며 우선순위·위험등급이 아니다. 제안 행동은 행정적 확인 절차이지 규제·처분이 아니다.
CH0034,늘푸른지역아동센터,지역아동센터,마산합포구,문화동,4812554000.0,other,,no_axis_variation,122.9,월영동,0.72,0.0,,정기 모니터링 유지,정기 모니터링,,정기 모니터링 유지,1,R-OT-default,반복 상위 노출군에 들지 않았다.,,행동 유형은 종류 구분이며 우선순위·위험등급이 아니다. 제안 행동은 행정적 확인 절차이지 규제·처분이 아니다.
CH0035,늘해랑지역아동센터,지역아동센터,마산합포구,완월동,4812557000.0,other,,no_axis_variation,280.8,월영동,1.66,0.0,,정기 모니터링 유지,정기 모니터링,,정기 모니터링 유지,1,R-OT-default,반복 상위 노출군에 들지 않았다.,,행동 유형은 종류 구분이며 우선순위·위험등급이 아니다. 제안 행동은 행정적 확인 절차이지 규제·처분이 아니다.
CH0036,도담울지역아동센터,지역아동센터,마산합포구,진동면,4812532000.0,other,,no_axis_variation,285.6,월영동,10.49,2.0,,정기 모니터링 유지,정기 모니터링,,정기 모니터링 유지,1,R-OT-default,반복 상위 노출군에 들지 않았다.,,행동 유형은 종류 구분이며 우선순위·위험등급이 아니다. 제안 행동은 행정적 확인 절차이지 규제·처분이 아니다.
CH0037,마산상남지역아동센터,지역아동센터,마산합포구,합포동,4812564000.0,other,,no_axis_variation,105.8,회원동,0.81,1.0,,정기 모니터링 유지,정기 모니터링,,정기 모니터링 유지,1,R-OT-default,반복 상위 노출군에 들지 않았다.,,행동 유형은 종류 구분이며 우선순위·위험등급이 아니다. 제안 행동은 행정적 확인 절차이지 규제·처분이 아니다.
CH0038,명지지역아동센터,지역아동센터,마산합포구,반월중앙동,4812556500.0,other,,no_axis_variation,44.6,월영동,0.73,0.0,,정기 모니터링 유지,정기 모니터링,,정기 모니터링 유지,1,R-OT-default,반복 상위 노출군에 들지 않았다.,,행동 유형은 종류 구분이며 우선순위·위험등급이 아니다. 제안 행동은 행정적 확인 절차이지 규제·처분이 아니다.
CH0039,산호지역아동센터,지역아동센터,마산합포구,합포동,4812564000.0,other,,no_axis_variation,350.3,회원동,1.0,1.0,,정기 모니터링 유지,정기 모니터링,,정기 모니터링 유지,1,R-OT-default,반복 상위 노출군에 들지 않았다.,,행동 유형은 종류 구분이며 우선순위·위험등급이 아니다. 제안 행동은 행정적 확인 절차이지 규제·처분이 아니다.
CH0040,새봄지역아동센터,지역아동센터,마산합포구,진동면,4812532000.0,other,,no_axis_variation,406.2,월영동,9.9,2.0,,정기 모니터링 유지,정기 모니터링,,정기 모니터링 유지,1,R-OT-default,반복 상위 노출군에 들지 않았다.,,행동 유형은 종류 구분이며 우선순위·위험등급이 아니다. 제안 행동은 행정적 확인 절차이지 규제·처분이 아니다.
CH0042,성원지역아동센터,지역아동센터,마산합포구,교방동,4812561000.0,other,,no_axis_variation,124.7,회원동,1.22,0.0,,정기 모니터링 유지,정기 모니터링,,정기 모니터링 유지,1,R-OT-default,반복 상위 노출군에 들지 않았다.,,행동 유형은 종류 구분이며 우선순위·위험등급이 아니다. 제안 행동은 행정적 확인 절차이지 규제·처분이 아니다.
CH0043,수정지역아동센터,지역아동센터,마산합포구,구산면,4812531000.0,other,,no_axis_variation,1256.1,월영동,7.65,2.0,,정기 모니터링 유지,정기 모니터링,,정기 모니터링 유지,1,R-OT-default,반복 상위 노출군에 들지 않았다.,,행동 유형은 종류 구분이며 우선순위·위험등급이 아니다. 제안 행동은 행정적 확인 절차이지 규제·처분이 아니다.
CH0044,어울림지역아동센터,지역아동센터,마산합포구,진동면,4812532000.0,other,,no_axis_variation,365.1,월영동,9.94,2.0,,정기 모니터링 유지,정기 모니터링,,정기 모니터링 유지,1,R-OT-default,반복 상위 노출군에 들지 않았다.,,행동 유형은 종류 구분이며 우선순위·위험등급이 아니다. 제안 행동은 행정적 확인 절차이지 규제·처분이 아니다.
CH0045,완월지역아동센터,지역아동센터,마산합포구,완월동,4812557000.0,other,,no_axis_variation,380.2,월영동,1.57,0.0,,정기 모니터링 유지,정기 모니터링,,정기 모니터링 유지,1,R-OT-default,반복 상위 노출군에 들지 않았다.,,행동 유형은 종류 구분이며 우선순위·위험등급이 아니다. 제안 행동은 행정적 확인 절차이지 규제·처분이 아니다.
CH0046,자산지역아동센터,지역아동센터,마산합포구,자산동,4812558000.0,other,,no_axis_variation,71.5,회원동,1.61,0.0,,정기 모니터링 유지,정기 모니터링,,정기 모니터링 유지,1,R-OT-default,반복 상위 노출군에 들지 않았다.,,행동 유형은 종류 구분이며 우선순위·위험등급이 아니다. 제안 행동은 행정적 확인 절차이지 규제·처분이 아니다.
CH0047,전원해운지역아동센터,지역아동센터,마산합포구,월영동,4812553000.0,other,,no_axis_variation,208.8,월영동,0.56,1.0,,정기 모니터링 유지,정기 모니터링,,정기 모니터링 유지,1,R-OT-default,반복 상위 노출군에 들지 않았다.,,행동 유형은 종류 구분이며 우선순위·위험등급이 아니다. 제안 행동은 행정적 확인 절차이지 규제·처분이 아니다.
CH0051,꽃때말지역아동센터,지역아동센터,마산회원구,합성1동,4812758000.0,other,,no_axis_variation,412.7,회원동,2.84,0.0,,정기 모니터링 유지,정기 모니터링,,정기 모니터링 유지,1,R-OT-default,반복 상위 노출군에 들지 않았다.,,행동 유형은 종류 구분이며 우선순위·위험등급이 아니다. 제안 행동은 행정적 확인 절차이지 규제·처분이 아니다.
CH0052,꿈쟁이지역아동센터,지역아동센터,마산회원구,양덕1동,4812756000.0,other,,no_axis_variation,346.4,봉암동,2.14,0.0,,정기 모니터링 유지,정기 모니터링,,정기 모니터링 유지,1,R-OT-default,반복 상위 노출군에 들지 않았다.,,행동 유형은 종류 구분이며 우선순위·위험등급이 아니다. 제안 행동은 행정적 확인 절차이지 규제·처분이 아니다.
CH0054,비둘기회성지역아동센터,지역아동센터,마산회원구,회성동,4812755000.0,other,,no_axis_variation,100.0,회원동,2.19,1.0,,정기 모니터링 유지,정기 모니터링,,정기 모니터링 유지,1,R-OT-default,반복 상위 노출군에 들지 않았다.,,행동 유형은 종류 구분이며 우선순위·위험등급이 아니다. 제안 행동은 행정적 확인 절차이지 규제·처분이 아니다.
CH0055,샘동네지역아동센터,지역아동센터,마산회원구,회원2동,4812752000.0,other,,no_axis_variation,286.8,회원동,0.69,0.0,,정기 모니터링 유지,정기 모니터링,,정기 모니터링 유지,1,R-OT-default,반복 상위 노출군에 들지 않았다.,,행동 유형은 종류 구분이며 우선순위·위험등급이 아니다. 제안 행동은 행정적 확인 절차이지 규제·처분이 아니다.
CH0057,성동지역아동센터,지역아동센터,마산회원구,내서읍,4812725000.0,other,,no_axis_variation,206.3,내서읍,0.64,1.0,,정기 모니터링 유지,정기 모니터링,,정기 모니터링 유지,1,R-OT-default,반복 상위 노출군에 들지 않았다.,,행동 유형은 종류 구분이며 우선순위·위험등급이 아니다. 제안 행동은 행정적 확인 절차이지 규제·처분이 아니다.
CH0058,소명지역아동센터,지역아동센터,마산회원구,구암1동,4812760000.0,other,,no_axis_variation,382.0,봉암동,4.34,0.0,,정기 모니터링 유지,정기 모니터링,,정기 모니터링 유지,1,R-OT-default,반복 상위 노출군에 들지 않았다.,,행동 유형은 종류 구분이며 우선순위·위험등급이 아니다. 제안 행동은 행정적 확인 절차이지 규제·처분이 아니다.
CH0059,안영지역아동센터,지역아동센터,마산회원구,회성동,4812755000.0,other,,no_axis_variation,23.0,회원동,1.72,1.0,,정기 모니터링 유지,정기 모니터링,,정기 모니터링 유지,1,R-OT-default,반복 상위 노출군에 들지 않았다.,,행동 유형은 종류 구분이며 우선순위·위험등급이 아니다. 제안 행동은 행정적 확인 절차이지 규제·처분이 아니다.
CH0061,정지역아동센터,지역아동센터,마산회원구,회성동,4812755000.0,other,,no_axis_variation,145.8,회원동,2.03,1.0,,정기 모니터링 유지,정기 모니터링,,정기 모니터링 유지,1,R-OT-default,반복 상위 노출군에 들지 않았다.,,행동 유형은 종류 구분이며 우선순위·위험등급이 아니다. 제안 행동은 행정적 확인 절차이지 규제·처분이 아니다.
CH0064,합성지역아동센터,지역아동센터,마산회원구,합성1동,4812758000.0,other,,no_axis_variation,180.0,회원동,2.65,0.0,,정기 모니터링 유지,정기 모니터링,,정기 모니터링 유지,1,R-OT-default,반복 상위 노출군에 들지 않았다.,,행동 유형은 종류 구분이며 우선순위·위험등급이 아니다. 제안 행동은 행정적 확인 절차이지 규제·처분이 아니다.
CH0065,호계지역아동센터,지역아동센터,마산회원구,내서읍,4812725000.0,other,,no_axis_variation,321.7,내서읍,4.66,1.0,,정기 모니터링 유지,정기 모니터링,,정기 모니터링 유지,1,R-OT-default,반복 상위 노출군에 들지 않았다.,,행동 유형은 종류 구분이며 우선순위·위험등급이 아니다. 제안 행동은 행정적 확인 절차이지 규제·처분이 아니다.
CH0066,회원큰별지역아동센터,지역아동센터,마산회원구,회원2동,4812752000.0,other,,no_axis_variation,69.1,회원동,0.84,0.0,,정기 모니터링 유지,정기 모니터링,,정기 모니터링 유지,1,R-OT-default,반복 상위 노출군에 들지 않았다.,,행동 유형은 종류 구분이며 우선순위·위험등급이 아니다. 제안 행동은 행정적 확인 절차이지 규제·처분이 아니다.
CH0067,회원한솔지역아동센터,지역아동센터,마산회원구,회원1동,4812751000.0,other,,no_axis_variation,136.5,회원동,0.29,0.0,,정기 모니터링 유지,정기 모니터링,,정기 모니터링 유지,1,R-OT-default,반복 상위 노출군에 들지 않았다.,,행동 유형은 종류 구분이며 우선순위·위험등급이 아니다. 제안 행동은 행정적 확인 절차이지 규제·처분이 아니다.
CH0068,1318행복지대 지역아동센터,지역아동센터,진해구,풍호동,4812962000.0,other,,no_axis_variation,243.9,경화동,2.36,1.0,,정기 모니터링 유지,정기 모니터링,,정기 모니터링 유지,1,R-OT-default,반복 상위 노출군에 들지 않았다.,,행동 유형은 종류 구분이며 우선순위·위험등급이 아니다. 제안 행동은 행정적 확인 절차이지 규제·처분이 아니다.
CH0069,경화지역아동센터,지역아동센터,진해구,병암동,4812957000.0,other,,no_axis_variation,154.5,경화동,0.48,0.0,,정기 모니터링 유지,정기 모니터링,,정기 모니터링 유지,1,R-OT-default,반복 상위 노출군에 들지 않았다.,,행동 유형은 종류 구분이며 우선순위·위험등급이 아니다. 제안 행동은 행정적 확인 절차이지 규제·처분이 아니다.
CH0070,꿈나무지역아동센터,지역아동센터,진해구,충무동,4812953000.0,other,,no_axis_variation,200.2,경화동,2.22,0.0,,정기 모니터링 유지,정기 모니터링,,정기 모니터링 유지,1,R-OT-default,반복 상위 노출군에 들지 않았다.,,행동 유형은 종류 구분이며 우선순위·위험등급이 아니다. 제안 행동은 행정적 확인 절차이지 규제·처분이 아니다.
CH0071,누리봄다문화지역아동센터,지역아동센터,진해구,여좌동,4812954000.0,other,,no_axis_variation,350.9,경화동,2.62,1.0,,정기 모니터링 유지,정기 모니터링,,정기 모니터링 유지,1,R-OT-default,반복 상위 노출군에 들지 않았다.,,행동 유형은 종류 구분이며 우선순위·위험등급이 아니다. 제안 행동은 행정적 확인 절차이지 규제·처분이 아니다.
CH0073,동부지역아동센터,지역아동센터,진해구,석동,4812958000.0,other,,no_axis_variation,180.3,경화동,1.18,0.0,,정기 모니터링 유지,정기 모니터링,,정기 모니터링 유지,1,R-OT-default,반복 상위 노출군에 들지 않았다.,,행동 유형은 종류 구분이며 우선순위·위험등급이 아니다. 제안 행동은 행정적 확인 절차이지 규제·처분이 아니다.
CH0074,명동지역아동센터,지역아동센터,진해구,웅천동,4812963000.0,other,,no_axis_variation,390.7,경화동,6.98,0.0,,정기 모니터링 유지,정기 모니터링,,정기 모니터링 유지,1,R-OT-default,반복 상위 노출군에 들지 않았다.,,행동 유형은 종류 구분이며 우선순위·위험등급이 아니다. 제안 행동은 행정적 확인 절차이지 규제·처분이 아니다.
CH0075,웅동지역아동센터,지역아동센터,진해구,웅동2동,4812965000.0,other,,no_axis_variation,435.0,경화동,12.08,1.0,,정기 모니터링 유지,정기 모니터링,,정기 모니터링 유지,1,R-OT-default,반복 상위 노출군에 들지 않았다.,,행동 유형은 종류 구분이며 우선순위·위험등급이 아니다. 제안 행동은 행정적 확인 절차이지 규제·처분이 아니다.
CH0076,웅천지역아동센터,지역아동센터,진해구,웅천동,4812963000.0,other,,no_axis_variation,298.3,경화동,7.49,0.0,,정기 모니터링 유지,정기 모니터링,,정기 모니터링 유지,1,R-OT-default,반복 상위 노출군에 들지 않았다.,,행동 유형은 종류 구분이며 우선순위·위험등급이 아니다. 제안 행동은 행정적 확인 절차이지 규제·처분이 아니다.
CH0077,은성지역아동센터,지역아동센터,진해구,웅동1동,4812964000.0,other,,no_axis_variation,384.1,경화동,8.96,1.0,,정기 모니터링 유지,정기 모니터링,,정기 모니터링 유지,1,R-OT-default,반복 상위 노출군에 들지 않았다.,,행동 유형은 종류 구분이며 우선순위·위험등급이 아니다. 제안 행동은 행정적 확인 절차이지 규제·처분이 아니다.
CH0078,이동지역아동센터,지역아동센터,진해구,이동,4812959000.0,other,,no_axis_variation,121.7,경화동,0.52,0.0,,정기 모니터링 유지,정기 모니터링,,정기 모니터링 유지,1,R-OT-default,반복 상위 노출군에 들지 않았다.,,행동 유형은 종류 구분이며 우선순위·위험등급이 아니다. 제안 행동은 행정적 확인 절차이지 규제·처분이 아니다.
CH0079,자은지역아동센터,지역아동센터,진해구,자은동,4812960000.0,other,,no_axis_variation,78.5,경화동,2.02,0.0,,정기 모니터링 유지,정기 모니터링,,정기 모니터링 유지,1,R-OT-default,반복 상위 노출군에 들지 않았다.,,행동 유형은 종류 구분이며 우선순위·위험등급이 아니다. 제안 행동은 행정적 확인 절차이지 규제·처분이 아니다.
CH0080,진해지역아동센터,지역아동센터,진해구,충무동,4812953000.0,other,,no_axis_variation,44.7,경화동,2.72,0.0,,정기 모니터링 유지,정기 모니터링,,정기 모니터링 유지,1,R-OT-default,반복 상위 노출군에 들지 않았다.,,행동 유형은 종류 구분이며 우선순위·위험등급이 아니다. 제안 행동은 행정적 확인 절차이지 규제·처분이 아니다.
CH0081,참살이지역아동센터,지역아동센터,진해구,덕산동,4812961000.0,other,,no_axis_variation,96.5,경화동,1.76,0.0,,정기 모니터링 유지,정기 모니터링,,정기 모니터링 유지,1,R-OT-default,반복 상위 노출군에 들지 않았다.,,행동 유형은 종류 구분이며 우선순위·위험등급이 아니다. 제안 행동은 행정적 확인 절차이지 규제·처분이 아니다.
CH0082,샘바위지역아동센터,지역아동센터,진해구,덕산동,4812961000.0,other,,no_axis_variation,191.9,경화동,1.77,0.0,,정기 모니터링 유지,정기 모니터링,,정기 모니터링 유지,1,R-OT-default,반복 상위 노출군에 들지 않았다.,,행동 유형은 종류 구분이며 우선순위·위험등급이 아니다. 제안 행동은 행정적 확인 절차이지 규제·처분이 아니다.
CH0084,햇살경화지역아동센터,지역아동센터,진해구,경화동,4812956000.0,other,,no_axis_variation,199.0,경화동,0.59,0.0,,정기 모니터링 유지,정기 모니터링,,정기 모니터링 유지,1,R-OT-default,반복 상위 노출군에 들지 않았다.,,행동 유형은 종류 구분이며 우선순위·위험등급이 아니다. 제안 행동은 행정적 확인 절차이지 규제·처분이 아니다.
DW0001,창원시장애인종합복지관,장애인복지관,의창구,봉림동,4812154000.0,other,,no_axis_variation,374.4,용지동,1.66,0.0,,정기 모니터링 유지,정기 모니터링,,정기 모니터링 유지,1,R-OT-default,반복 상위 노출군에 들지 않았다.,,행동 유형은 종류 구분이며 우선순위·위험등급이 아니다. 제안 행동은 행정적 확인 절차이지 규제·처분이 아니다.
DW0002,경상남도장애인종합복지관,장애인복지관,의창구,봉림동,4812154000.0,other,,no_axis_variation,370.9,용지동,1.68,0.0,,정기 모니터링 유지,정기 모니터링,,정기 모니터링 유지,1,R-OT-default,반복 상위 노출군에 들지 않았다.,,행동 유형은 종류 구분이며 우선순위·위험등급이 아니다. 제안 행동은 행정적 확인 절차이지 규제·처분이 아니다.
DW0003,마산장애인복지관,장애인복지관,마산합포구,반월중앙동,4812556500.0,other,,no_axis_variation,221.9,월영동,1.28,0.0,,정기 모니터링 유지,정기 모니터링,,정기 모니터링 유지,1,R-OT-default,반복 상위 노출군에 들지 않았다.,,행동 유형은 종류 구분이며 우선순위·위험등급이 아니다. 제안 행동은 행정적 확인 절차이지 규제·처분이 아니다.
SC0001,고양 경로당,경로당,의창구,동읍,4812125000.0,other,,no_axis_variation,51.5,명서동,6.94,1.0,,정기 모니터링 유지,정기 모니터링,,정기 모니터링 유지,1,R-OT-default,반복 상위 노출군에 들지 않았다.,,행동 유형은 종류 구분이며 우선순위·위험등급이 아니다. 제안 행동은 행정적 확인 절차이지 규제·처분이 아니다.
SC0002,곡목 경로당,경로당,의창구,동읍,4812125000.0,other,,no_axis_variation,586.2,명서동,6.36,1.0,,정기 모니터링 유지,정기 모니터링,,정기 모니터링 유지,1,R-OT-default,반복 상위 노출군에 들지 않았다.,,행동 유형은 종류 구분이며 우선순위·위험등급이 아니다. 제안 행동은 행정적 확인 절차이지 규제·처분이 아니다.
SC0003,금동 경로당,경로당,의창구,동읍,4812125000.0,other,,no_axis_variation,158.9,명서동,10.22,1.0,,정기 모니터링 유지,정기 모니터링,,정기 모니터링 유지,1,R-OT-default,반복 상위 노출군에 들지 않았다.,,행동 유형은 종류 구분이며 우선순위·위험등급이 아니다. 제안 행동은 행정적 확인 절차이지 규제·처분이 아니다.
SC0004,금산 경로당,경로당,의창구,동읍,4812125000.0,other,,no_axis_variation,75.2,명서동,9.08,1.0,,정기 모니터링 유지,정기 모니터링,,정기 모니터링 유지,1,R-OT-default,반복 상위 노출군에 들지 않았다.,,행동 유형은 종류 구분이며 우선순위·위험등급이 아니다. 제안 행동은 행정적 확인 절차이지 규제·처분이 아니다.
SC0005,기로회 경로당,경로당,의창구,동읍,4812125000.0,other,,no_axis_variation,153.8,용지동,4.84,1.0,,정기 모니터링 유지,정기 모니터링,,정기 모니터링 유지,1,R-OT-default,반복 상위 노출군에 들지 않았다.,,행동 유형은 종류 구분이며 우선순위·위험등급이 아니다. 제안 행동은 행정적 확인 절차이지 규제·처분이 아니다.
SC0006,남산경로당,경로당,의창구,동읍,4812125000.0,other,,no_axis_variation,1149.5,명서동,4.18,1.0,,정기 모니터링 유지,정기 모니터링,,정기 모니터링 유지,1,R-OT-default,반복 상위 노출군에 들지 않았다.,,행동 유형은 종류 구분이며 우선순위·위험등급이 아니다. 제안 행동은 행정적 확인 절차이지 규제·처분이 아니다.
SC0007,내단 경로당,경로당,의창구,동읍,4812125000.0,other,,no_axis_variation,144.2,용지동,4.49,1.0,,정기 모니터링 유지,정기 모니터링,,정기 모니터링 유지,1,R-OT-default,반복 상위 노출군에 들지 않았다.,,행동 유형은 종류 구분이며 우선순위·위험등급이 아니다. 제안 행동은 행정적 확인 절차이지 규제·처분이 아니다.
SC0008,노옥 경로당,경로당,의창구,동읍,4812125000.0,other,,no_axis_variation,402.0,명서동,13.2,1.0,,정기 모니터링 유지,정기 모니터링,,정기 모니터링 유지,1,R-OT-default,반복 상위 노출군에 들지 않았다.,,행동 유형은 종류 구분이며 우선순위·위험등급이 아니다. 제안 행동은 행정적 확인 절차이지 규제·처분이 아니다.
SC0009,다호 경로당,경로당,의창구,동읍,4812125000.0,other,,no_axis_variation,242.4,명서동,6.3,1.0,,정기 모니터링 유지,정기 모니터링,,정기 모니터링 유지,1,R-OT-default,반복 상위 노출군에 들지 않았다.,,행동 유형은 종류 구분이며 우선순위·위험등급이 아니다. 제안 행동은 행정적 확인 절차이지 규제·처분이 아니다.
SC0010,단산경로당,경로당,의창구,동읍,4812125000.0,other,,no_axis_variation,233.6,용지동,4.68,1.0,,정기 모니터링 유지,정기 모니터링,,정기 모니터링 유지,1,R-OT-default,반복 상위 노출군에 들지 않았다.,,행동 유형은 종류 구분이며 우선순위·위험등급이 아니다. 제안 행동은 행정적 확인 절차이지 규제·처분이 아니다.
SC0011,달천 경로당,경로당,의창구,동읍,4812125000.0,other,,no_axis_variation,399.8,명서동,13.29,1.0,,정기 모니터링 유지,정기 모니터링,,정기 모니터링 유지,1,R-OT-default,반복 상위 노출군에 들지 않았다.,,행동 유형은 종류 구분이며 우선순위·위험등급이 아니다. 제안 행동은 행정적 확인 절차이지 규제·처분이 아니다.
SC0012,대한APT 경로당,경로당,의창구,동읍,4812125000.0,other,,no_axis_variation,0.0,용지동,5.52,1.0,,정기 모니터링 유지,정기 모니터링,,정기 모니터링 유지,1,R-OT-default,반복 상위 노출군에 들지 않았다.,,행동 유형은 종류 구분이며 우선순위·위험등급이 아니다. 제안 행동은 행정적 확인 절차이지 규제·처분이 아니다.
SC0013,덕산경로당,경로당,의창구,동읍,4812125000.0,other,,no_axis_variation,286.2,용지동,4.06,1.0,,정기 모니터링 유지,정기 모니터링,,정기 모니터링 유지,1,R-OT-default,반복 상위 노출군에 들지 않았다.,,행동 유형은 종류 구분이며 우선순위·위험등급이 아니다. 제안 행동은 행정적 확인 절차이지 규제·처분이 아니다.
SC0014,덕천경로당,경로당,의창구,동읍,4812125000.0,other,,no_axis_variation,120.4,용지동,4.84,1.0,,정기 모니터링 유지,정기 모니터링,,정기 모니터링 유지,1,R-OT-default,반복 상위 노출군에 들지 않았다.,,행동 유형은 종류 구분이며 우선순위·위험등급이 아니다. 제안 행동은 행정적 확인 절차이지 규제·처분이 아니다.
SC0015,동부산2차아파트경로당,경로당,의창구,동읍,4812125000.0,other,,no_axis_variation,341.5,용지동,4.89,1.0,,정기 모니터링 유지,정기 모니터링,,정기 모니터링 유지,1,R-OT-default,반복 상위 노출군에 들지 않았다.,,행동 유형은 종류 구분이며 우선순위·위험등급이 아니다. 제안 행동은 행정적 확인 절차이지 규제·처분이 아니다.
SC0016,동월 경로당,경로당,의창구,동읍,4812125000.0,other,,no_axis_variation,161.9,용지동,7.52,1.0,,정기 모니터링 유지,정기 모니터링,,정기 모니터링 유지,1,R-OT-default,반복 상위 노출군에 들지 않았다.,,행동 유형은 종류 구분이며 우선순위·위험등급이 아니다. 제안 행동은 행정적 확인 절차이지 규제·처분이 아니다.
SC0017,마룡 경로당,경로당,의창구,동읍,4812125000.0,other,,no_axis_variation,148.9,명서동,8.38,1.0,,정기 모니터링 유지,정기 모니터링,,정기 모니터링 유지,1,R-OT-default,반복 상위 노출군에 들지 않았다.,,행동 유형은 종류 구분이며 우선순위·위험등급이 아니다. 제안 행동은 행정적 확인 절차이지 규제·처분이 아니다.
SC0018,모암 경로당,경로당,의창구,동읍,4812125000.0,other,,no_axis_variation,156.1,명서동,6.33,1.0,,정기 모니터링 유지,정기 모니터링,,정기 모니터링 유지,1,R-OT-default,반복 상위 노출군에 들지 않았다.,,행동 유형은 종류 구분이며 우선순위·위험등급이 아니다. 제안 행동은 행정적 확인 절차이지 규제·처분이 아니다.
SC0019,무성 경로당,경로당,의창구,동읍,4812125000.0,other,,no_axis_variation,21.2,용지동,6.07,1.0,,정기 모니터링 유지,정기 모니터링,,정기 모니터링 유지,1,R-OT-default,반복 상위 노출군에 들지 않았다.,,행동 유형은 종류 구분이며 우선순위·위험등급이 아니다. 제안 행동은 행정적 확인 절차이지 규제·처분이 아니다.
SC0020,무성1구경로당,경로당,의창구,동읍,4812125000.0,other,,no_axis_variation,96.3,용지동,6.07,1.0,,정기 모니터링 유지,정기 모니터링,,정기 모니터링 유지,1,R-OT-default,반복 상위 노출군에 들지 않았다.,,행동 유형은 종류 구분이며 우선순위·위험등급이 아니다. 제안 행동은 행정적 확인 절차이지 규제·처분이 아니다.
SC0021,무성1구남자경로당,경로당,의창구,동읍,4812125000.0,other,,no_axis_variation,96.3,용지동,6.07,1.0,,정기 모니터링 유지,정기 모니터링,,정기 모니터링 유지,1,R-OT-default,반복 상위 노출군에 들지 않았다.,,행동 유형은 종류 구분이며 우선순위·위험등급이 아니다. 제안 행동은 행정적 확인 절차이지 규제·처분이 아니다.
SC0022,무성부인 경로당,경로당,의창구,동읍,4812125000.0,other,,no_axis_variation,21.2,용지동,6.07,1.0,,정기 모니터링 유지,정기 모니터링,,정기 모니터링 유지,1,R-OT-default,반복 상위 노출군에 들지 않았다.,,행동 유형은 종류 구분이며 우선순위·위험등급이 아니다. 제안 행동은 행정적 확인 절차이지 규제·처분이 아니다.
SC0023,무점 경로당,경로당,의창구,동읍,4812125000.0,other,,no_axis_variation,280.6,용지동,6.54,1.0,,정기 모니터링 유지,정기 모니터링,,정기 모니터링 유지,1,R-OT-default,반복 상위 노출군에 들지 않았다.,,행동 유형은 종류 구분이며 우선순위·위험등급이 아니다. 제안 행동은 행정적 확인 절차이지 규제·처분이 아니다.
SC0024,본포 경로당,경로당,의창구,동읍,4812125000.0,other,,no_axis_variation,1106.1,명서동,13.9,1.0,,정기 모니터링 유지,정기 모니터링,,정기 모니터링 유지,1,R-OT-default,반복 상위 노출군에 들지 않았다.,,행동 유형은 종류 구분이며 우선순위·위험등급이 아니다. 제안 행동은 행정적 확인 절차이지 규제·처분이 아니다.
SC0025,봉강 경로당,경로당,의창구,동읍,4812125000.0,other,,no_axis_variation,258.7,명서동,11.98,1.0,,정기 모니터링 유지,정기 모니터링,,정기 모니터링 유지,1,R-OT-default,반복 상위 노출군에 들지 않았다.,,행동 유형은 종류 구분이며 우선순위·위험등급이 아니다. 제안 행동은 행정적 확인 절차이지 규제·처분이 아니다.
SC0026,봉곡 경로당,경로당,의창구,동읍,4812125000.0,other,,no_axis_variation,410.5,명서동,11.0,1.0,,정기 모니터링 유지,정기 모니터링,,정기 모니터링 유지,1,R-OT-default,반복 상위 노출군에 들지 않았다.,,행동 유형은 종류 구분이며 우선순위·위험등급이 아니다. 제안 행동은 행정적 확인 절차이지 규제·처분이 아니다.
SC0027,봉산경로당,경로당,의창구,동읍,4812125000.0,other,,no_axis_variation,121.9,용지동,4.73,1.0,,정기 모니터링 유지,정기 모니터링,,정기 모니터링 유지,1,R-OT-default,반복 상위 노출군에 들지 않았다.,,행동 유형은 종류 구분이며 우선순위·위험등급이 아니다. 제안 행동은 행정적 확인 절차이지 규제·처분이 아니다.
SC0028,산남 경로당,경로당,의창구,동읍,4812125000.0,other,,no_axis_variation,1001.0,명서동,12.51,1.0,,정기 모니터링 유지,정기 모니터링,,정기 모니터링 유지,1,R-OT-default,반복 상위 노출군에 들지 않았다.,,행동 유형은 종류 구분이며 우선순위·위험등급이 아니다. 제안 행동은 행정적 확인 절차이지 규제·처분이 아니다.
SC0029,삼운 경로당,경로당,의창구,동읍,4812125000.0,other,,no_axis_variation,49.8,명서동,12.17,1.0,,정기 모니터링 유지,정기 모니터링,,정기 모니터링 유지,1,R-OT-default,반복 상위 노출군에 들지 않았다.,,행동 유형은 종류 구분이며 우선순위·위험등급이 아니다. 제안 행동은 행정적 확인 절차이지 규제·처분이 아니다.
SC0030,삼진아파트경로당,경로당,의창구,동읍,4812125000.0,other,,no_axis_variation,205.9,용지동,4.92,1.0,,정기 모니터링 유지,정기 모니터링,,정기 모니터링 유지,1,R-OT-default,반복 상위 노출군에 들지 않았다.,,행동 유형은 종류 구분이며 우선순위·위험등급이 아니다. 제안 행동은 행정적 확인 절차이지 규제·처분이 아니다.
SC0031,석산 경로당,경로당,의창구,동읍,4812125000.0,other,,no_axis_variation,177.3,명서동,8.04,1.0,,정기 모니터링 유지,정기 모니터링,,정기 모니터링 유지,1,R-OT-default,반복 상위 노출군에 들지 않았다.,,행동 유형은 종류 구분이며 우선순위·위험등급이 아니다. 제안 행동은 행정적 확인 절차이지 규제·처분이 아니다.
SC0032,성진2차경로당,경로당,의창구,동읍,4812125000.0,other,,no_axis_variation,225.4,용지동,4.79,1.0,,정기 모니터링 유지,정기 모니터링,,정기 모니터링 유지,1,R-OT-default,반복 상위 노출군에 들지 않았다.,,행동 유형은 종류 구분이며 우선순위·위험등급이 아니다. 제안 행동은 행정적 확인 절차이지 규제·처분이 아니다.
SC0033,성진까치빌라경로당,경로당,의창구,동읍,4812125000.0,other,,no_axis_variation,334.1,용지동,4.91,1.0,,정기 모니터링 유지,정기 모니터링,,정기 모니터링 유지,1,R-OT-default,반복 상위 노출군에 들지 않았다.,,행동 유형은 종류 구분이며 우선순위·위험등급이 아니다. 제안 행동은 행정적 확인 절차이지 규제·처분이 아니다.
SC0034,성진정 경로당,경로당,의창구,동읍,4812125000.0,other,,no_axis_variation,18.4,용지동,4.63,1.0,,정기 모니터링 유지,정기 모니터링,,정기 모니터링 유지,1,R-OT-default,반복 상위 노출군에 들지 않았다.,,행동 유형은 종류 구분이며 우선순위·위험등급이 아니다. 제안 행동은 행정적 확인 절차이지 규제·처분이 아니다.
SC0035,송정1구경로당,경로당,의창구,동읍,4812125000.0,other,,no_axis_variation,223.8,용지동,4.7,1.0,,정기 모니터링 유지,정기 모니터링,,정기 모니터링 유지,1,R-OT-default,반복 상위 노출군에 들지 않았다.,,행동 유형은 종류 구분이며 우선순위·위험등급이 아니다. 제안 행동은 행정적 확인 절차이지 규제·처분이 아니다.
SC0036,송정주공APT경로당,경로당,의창구,동읍,4812125000.0,other,,no_axis_variation,225.9,용지동,4.84,1.0,,정기 모니터링 유지,정기 모니터링,,정기 모니터링 유지,1,R-OT-default,반복 상위 노출군에 들지 않았다.,,행동 유형은 종류 구분이며 우선순위·위험등급이 아니다. 제안 행동은 행정적 확인 절차이지 규제·처분이 아니다.
SC0037,신방 경로당,경로당,의창구,동읍,4812125000.0,other,,no_axis_variation,70.4,용지동,5.57,1.0,,정기 모니터링 유지,정기 모니터링,,정기 모니터링 유지,1,R-OT-default,반복 상위 노출군에 들지 않았다.,,행동 유형은 종류 구분이며 우선순위·위험등급이 아니다. 제안 행동은 행정적 확인 절차이지 규제·처분이 아니다.
SC0038,신방 부인 경로당,경로당,의창구,동읍,4812125000.0,other,,no_axis_variation,70.4,용지동,5.57,1.0,,정기 모니터링 유지,정기 모니터링,,정기 모니터링 유지,1,R-OT-default,반복 상위 노출군에 들지 않았다.,,행동 유형은 종류 구분이며 우선순위·위험등급이 아니다. 제안 행동은 행정적 확인 절차이지 규제·처분이 아니다.
SC0039,신안APT 경로당,경로당,의창구,동읍,4812125000.0,other,,no_axis_variation,129.1,용지동,4.64,1.0,,정기 모니터링 유지,정기 모니터링,,정기 모니터링 유지,1,R-OT-default,반복 상위 노출군에 들지 않았다.,,행동 유형은 종류 구분이며 우선순위·위험등급이 아니다. 제안 행동은 행정적 확인 절차이지 규제·처분이 아니다.
SC0040,양교경로당,경로당,의창구,동읍,4812125000.0,other,,no_axis_variation,57.1,명서동,11.28,1.0,,정기 모니터링 유지,정기 모니터링,,정기 모니터링 유지,1,R-OT-default,반복 상위 노출군에 들지 않았다.,,행동 유형은 종류 구분이며 우선순위·위험등급이 아니다. 제안 행동은 행정적 확인 절차이지 규제·처분이 아니다.
SC0041,외단경로당,경로당,의창구,동읍,4812125000.0,other,,no_axis_variation,551.5,용지동,4.52,1.0,,정기 모니터링 유지,정기 모니터링,,정기 모니터링 유지,1,R-OT-default,반복 상위 노출군에 들지 않았다.,,행동 유형은 종류 구분이며 우선순위·위험등급이 아니다. 제안 행동은 행정적 확인 절차이지 규제·처분이 아니다.
SC0042,용강 경로당,경로당,의창구,동읍,4812125000.0,other,,no_axis_variation,239.0,명서동,3.03,1.0,,정기 모니터링 유지,정기 모니터링,,정기 모니터링 유지,1,R-OT-default,반복 상위 노출군에 들지 않았다.,,행동 유형은 종류 구분이며 우선순위·위험등급이 아니다. 제안 행동은 행정적 확인 절차이지 규제·처분이 아니다.
SC0043,용산 경로당,경로당,의창구,동읍,4812125000.0,other,,no_axis_variation,42.8,명서동,10.2,1.0,,정기 모니터링 유지,정기 모니터링,,정기 모니터링 유지,1,R-OT-default,반복 상위 노출군에 들지 않았다.,,행동 유형은 종류 구분이며 우선순위·위험등급이 아니다. 제안 행동은 행정적 확인 절차이지 규제·처분이 아니다.
SC0044,용산부인경로당,경로당,의창구,동읍,4812125000.0,other,,no_axis_variation,42.8,명서동,10.2,1.0,,정기 모니터링 유지,정기 모니터링,,정기 모니터링 유지,1,R-OT-default,반복 상위 노출군에 들지 않았다.,,행동 유형은 종류 구분이며 우선순위·위험등급이 아니다. 제안 행동은 행정적 확인 절차이지 규제·처분이 아니다.
SC0045,용암 경로당,경로당,의창구,동읍,4812125000.0,other,,no_axis_variation,103.8,명서동,3.24,1.0,,정기 모니터링 유지,정기 모니터링,,정기 모니터링 유지,1,R-OT-default,반복 상위 노출군에 들지 않았다.,,행동 유형은 종류 구분이며 우선순위·위험등급이 아니다. 제안 행동은 행정적 확인 절차이지 규제·처분이 아니다.
SC0046,용연 경로당,경로당,의창구,동읍,4812125000.0,other,,no_axis_variation,782.6,명서동,12.59,1.0,,정기 모니터링 유지,정기 모니터링,,정기 모니터링 유지,1,R-OT-default,반복 상위 노출군에 들지 않았다.,,행동 유형은 종류 구분이며 우선순위·위험등급이 아니다. 제안 행동은 행정적 확인 절차이지 규제·처분이 아니다.
SC0047,용잠1구 경로당,경로당,의창구,동읍,4812125000.0,other,,no_axis_variation,63.2,용지동,4.82,1.0,,정기 모니터링 유지,정기 모니터링,,정기 모니터링 유지,1,R-OT-default,반복 상위 노출군에 들지 않았다.,,행동 유형은 종류 구분이며 우선순위·위험등급이 아니다. 제안 행동은 행정적 확인 절차이지 규제·처분이 아니다.
SC0048,용잠2구 경로당,경로당,의창구,동읍,4812125000.0,other,,no_axis_variation,90.5,용지동,4.7,1.0,,정기 모니터링 유지,정기 모니터링,,정기 모니터링 유지,1,R-OT-default,반복 상위 노출군에 들지 않았다.,,행동 유형은 종류 구분이며 우선순위·위험등급이 아니다. 제안 행동은 행정적 확인 절차이지 규제·처분이 아니다.
SC0049,용잠3구 경로당,경로당,의창구,동읍,4812125000.0,other,,no_axis_variation,159.0,용지동,4.77,1.0,,정기 모니터링 유지,정기 모니터링,,정기 모니터링 유지,1,R-OT-default,반복 상위 노출군에 들지 않았다.,,행동 유형은 종류 구분이며 우선순위·위험등급이 아니다. 제안 행동은 행정적 확인 절차이지 규제·처분이 아니다.
SC0050,용잠6구경로당,경로당,의창구,동읍,4812125000.0,other,,no_axis_variation,274.6,용지동,4.99,1.0,,정기 모니터링 유지,정기 모니터링,,정기 모니터링 유지,1,R-OT-default,반복 상위 노출군에 들지 않았다.,,행동 유형은 종류 구분이며 우선순위·위험등급이 아니다. 제안 행동은 행정적 확인 절차이지 규제·처분이 아니다.
SC0051,용잠본동경로당,경로당,의창구,동읍,4812125000.0,other,,no_axis_variation,365.4,용지동,5.23,1.0,,정기 모니터링 유지,정기 모니터링,,정기 모니터링 유지,1,R-OT-default,반복 상위 노출군에 들지 않았다.,,행동 유형은 종류 구분이며 우선순위·위험등급이 아니다. 제안 행동은 행정적 확인 절차이지 규제·처분이 아니다.
SC0052,용잠본동부인경로당,경로당,의창구,동읍,4812125000.0,other,,no_axis_variation,365.4,용지동,5.23,1.0,,정기 모니터링 유지,정기 모니터링,,정기 모니터링 유지,1,R-OT-default,반복 상위 노출군에 들지 않았다.,,행동 유형은 종류 구분이며 우선순위·위험등급이 아니다. 제안 행동은 행정적 확인 절차이지 규제·처분이 아니다.
SC0053,용전경로당,경로당,의창구,동읍,4812125000.0,other,,no_axis_variation,1118.5,명서동,3.94,1.0,,정기 모니터링 유지,정기 모니터링,,정기 모니터링 유지,1,R-OT-default,반복 상위 노출군에 들지 않았다.,,행동 유형은 종류 구분이며 우선순위·위험등급이 아니다. 제안 행동은 행정적 확인 절차이지 규제·처분이 아니다.
SC0054,용정1구 경로당,경로당,의창구,동읍,4812125000.0,other,,no_axis_variation,69.1,용지동,4.65,1.0,,정기 모니터링 유지,정기 모니터링,,정기 모니터링 유지,1,R-OT-default,반복 상위 노출군에 들지 않았다.,,행동 유형은 종류 구분이며 우선순위·위험등급이 아니다. 제안 행동은 행정적 확인 절차이지 규제·처분이 아니다.
SC0055,용정2구 경로당,경로당,의창구,동읍,4812125000.0,other,,no_axis_variation,79.3,용지동,4.68,1.0,,정기 모니터링 유지,정기 모니터링,,정기 모니터링 유지,1,R-OT-default,반복 상위 노출군에 들지 않았다.,,행동 유형은 종류 구분이며 우선순위·위험등급이 아니다. 제안 행동은 행정적 확인 절차이지 규제·처분이 아니다.
SC0056,용정3구경로당,경로당,의창구,동읍,4812125000.0,other,,no_axis_variation,161.3,용지동,4.72,1.0,,정기 모니터링 유지,정기 모니터링,,정기 모니터링 유지,1,R-OT-default,반복 상위 노출군에 들지 않았다.,,행동 유형은 종류 구분이며 우선순위·위험등급이 아니다. 제안 행동은 행정적 확인 절차이지 규제·처분이 아니다.
SC0057,원봉강 경로당,경로당,의창구,동읍,4812125000.0,other,,no_axis_variation,430.7,명서동,12.5,1.0,,정기 모니터링 유지,정기 모니터링,,정기 모니터링 유지,1,R-OT-default,반복 상위 노출군에 들지 않았다.,,행동 유형은 종류 구분이며 우선순위·위험등급이 아니다. 제안 행동은 행정적 확인 절차이지 규제·처분이 아니다.
SC0058,원창아파트 경로당,경로당,의창구,동읍,4812125000.0,other,,no_axis_variation,51.4,용지동,4.56,1.0,,정기 모니터링 유지,정기 모니터링,,정기 모니터링 유지,1,R-OT-default,반복 상위 노출군에 들지 않았다.,,행동 유형은 종류 구분이며 우선순위·위험등급이 아니다. 제안 행동은 행정적 확인 절차이지 규제·처분이 아니다.
SC0059,월잠 경로당,경로당,의창구,동읍,4812125000.0,other,,no_axis_variation,331.5,명서동,7.28,1.0,,정기 모니터링 유지,정기 모니터링,,정기 모니터링 유지,1,R-OT-default,반복 상위 노출군에 들지 않았다.,,행동 유형은 종류 구분이며 우선순위·위험등급이 아니다. 제안 행동은 행정적 확인 절차이지 규제·처분이 아니다.
SC0060,이운 경로당,경로당,의창구,동읍,4812125000.0,other,,no_axis_variation,38.6,명서동,6.92,1.0,,정기 모니터링 유지,정기 모니터링,,정기 모니터링 유지,1,R-OT-default,반복 상위 노출군에 들지 않았다.,,행동 유형은 종류 구분이며 우선순위·위험등급이 아니다. 제안 행동은 행정적 확인 절차이지 규제·처분이 아니다.
SC0061,전촌 경로당,경로당,의창구,동읍,4812125000.0,other,,no_axis_variation,310.5,명서동,12.82,1.0,,정기 모니터링 유지,정기 모니터링,,정기 모니터링 유지,1,R-OT-default,반복 상위 노출군에 들지 않았다.,,행동 유형은 종류 구분이며 우선순위·위험등급이 아니다. 제안 행동은 행정적 확인 절차이지 규제·처분이 아니다.
SC0062,죽동 경로당,경로당,의창구,동읍,4812125000.0,other,,no_axis_variation,830.8,명서동,12.65,1.0,,정기 모니터링 유지,정기 모니터링,,정기 모니터링 유지,1,R-OT-default,반복 상위 노출군에 들지 않았다.,,행동 유형은 종류 구분이며 우선순위·위험등급이 아니다. 제안 행동은 행정적 확인 절차이지 규제·처분이 아니다.
SC0063,칠성그린APT 경로당,경로당,의창구,동읍,4812125000.0,other,,no_axis_variation,93.9,명서동,6.24,1.0,,정기 모니터링 유지,정기 모니터링,,정기 모니터링 유지,1,R-OT-default,반복 상위 노출군에 들지 않았다.,,행동 유형은 종류 구분이며 우선순위·위험등급이 아니다. 제안 행동은 행정적 확인 절차이지 규제·처분이 아니다.
SC0064,판신경로당,경로당,의창구,동읍,4812125000.0,other,,no_axis_variation,60.0,용지동,7.94,1.0,,정기 모니터링 유지,정기 모니터링,,정기 모니터링 유지,1,R-OT-default,반복 상위 노출군에 들지 않았다.,,행동 유형은 종류 구분이며 우선순위·위험등급이 아니다. 제안 행동은 행정적 확인 절차이지 규제·처분이 아니다.
SC0065,합산 경로당,경로당,의창구,동읍,4812125000.0,other,,no_axis_variation,644.7,명서동,10.8,1.0,,정기 모니터링 유지,정기 모니터링,,정기 모니터링 유지,1,R-OT-default,반복 상위 노출군에 들지 않았다.,,행동 유형은 종류 구분이며 우선순위·위험등급이 아니다. 제안 행동은 행정적 확인 절차이지 규제·처분이 아니다.
SC0066,화목 경로당,경로당,의창구,동읍,4812125000.0,other,,no_axis_variation,634.9,명서동,6.46,1.0,,정기 모니터링 유지,정기 모니터링,,정기 모니터링 유지,1,R-OT-default,반복 상위 노출군에 들지 않았다.,,행동 유형은 종류 구분이며 우선순위·위험등급이 아니다. 제안 행동은 행정적 확인 절차이지 규제·처분이 아니다.
SC0067,가곡 경로당,경로당,의창구,동읍,4812125000.0,other,,no_axis_variation,645.0,명서동,12.84,1.0,,정기 모니터링 유지,정기 모니터링,,정기 모니터링 유지,1,R-OT-default,반복 상위 노출군에 들지 않았다.,,행동 유형은 종류 구분이며 우선순위·위험등급이 아니다. 제안 행동은 행정적 확인 절차이지 규제·처분이 아니다.
SC0068,용잠1구여성경로당,경로당,의창구,동읍,4812125000.0,other,,no_axis_variation,62.9,용지동,4.82,1.0,,정기 모니터링 유지,정기 모니터링,,정기 모니터링 유지,1,R-OT-default,반복 상위 노출군에 들지 않았다.,,행동 유형은 종류 구분이며 우선순위·위험등급이 아니다. 제안 행동은 행정적 확인 절차이지 규제·처분이 아니다.
SC0069,STX칸1차아파트경로당,경로당,의창구,북면,4812131000.0,other,,no_axis_variation,321.5,명서동,10.32,1.0,,정기 모니터링 유지,정기 모니터링,,정기 모니터링 유지,1,R-OT-default,반복 상위 노출군에 들지 않았다.,,행동 유형은 종류 구분이며 우선순위·위험등급이 아니다. 제안 행동은 행정적 확인 절차이지 규제·처분이 아니다.
SC0070,감계아내1차아파트경로당,경로당,의창구,북면,4812131000.0,other,,no_axis_variation,537.3,명서동,8.2,1.0,,정기 모니터링 유지,정기 모니터링,,정기 모니터링 유지,1,R-OT-default,반복 상위 노출군에 들지 않았다.,,행동 유형은 종류 구분이며 우선순위·위험등급이 아니다. 제안 행동은 행정적 확인 절차이지 규제·처분이 아니다.
SC0071,감계아내2차아파트경로당,경로당,의창구,북면,4812131000.0,other,,no_axis_variation,250.7,명서동,7.65,1.0,,정기 모니터링 유지,정기 모니터링,,정기 모니터링 유지,1,R-OT-default,반복 상위 노출군에 들지 않았다.,,행동 유형은 종류 구분이며 우선순위·위험등급이 아니다. 제안 행동은 행정적 확인 절차이지 규제·처분이 아니다.
SC0072,감계푸르지오아파트경로당,경로당,의창구,북면,4812131000.0,other,,no_axis_variation,340.8,명서동,8.23,1.0,,정기 모니터링 유지,정기 모니터링,,정기 모니터링 유지,1,R-OT-default,반복 상위 노출군에 들지 않았다.,,행동 유형은 종류 구분이며 우선순위·위험등급이 아니다. 제안 행동은 행정적 확인 절차이지 규제·처분이 아니다.
SC0073,감계휴먼빌경로당,경로당,의창구,북면,4812131000.0,other,,no_axis_variation,209.6,명서동,7.98,1.0,,정기 모니터링 유지,정기 모니터링,,정기 모니터링 유지,1,R-OT-default,반복 상위 노출군에 들지 않았다.,,행동 유형은 종류 구분이며 우선순위·위험등급이 아니다. 제안 행동은 행정적 확인 절차이지 규제·처분이 아니다.
SC0074,감계힐스테이트1차아파트경로당,경로당,의창구,북면,4812131000.0,other,,no_axis_variation,166.3,명서동,7.79,1.0,,정기 모니터링 유지,정기 모니터링,,정기 모니터링 유지,1,R-OT-default,반복 상위 노출군에 들지 않았다.,,행동 유형은 종류 구분이며 우선순위·위험등급이 아니다. 제안 행동은 행정적 확인 절차이지 규제·처분이 아니다.
SC0075,감계힐스테이트2차아파트경로당,경로당,의창구,북면,4812131000.0,other,,no_axis_variation,159.8,명서동,7.79,1.0,,정기 모니터링 유지,정기 모니터링,,정기 모니터링 유지,1,R-OT-default,반복 상위 노출군에 들지 않았다.,,행동 유형은 종류 구분이며 우선순위·위험등급이 아니다. 제안 행동은 행정적 확인 절차이지 규제·처분이 아니다.
SC0076,감계힐스테이트3차아파트경로당,경로당,의창구,북면,4812131000.0,other,,no_axis_variation,457.5,명서동,8.1,1.0,,정기 모니터링 유지,정기 모니터링,,정기 모니터링 유지,1,R-OT-default,반복 상위 노출군에 들지 않았다.,,행동 유형은 종류 구분이며 우선순위·위험등급이 아니다. 제안 행동은 행정적 확인 절차이지 규제·처분이 아니다.
SC0077,감계힐스테이트4차아파트경로당,경로당,의창구,북면,4812131000.0,other,,no_axis_variation,592.7,명서동,8.49,1.0,,정기 모니터링 유지,정기 모니터링,,정기 모니터링 유지,1,R-OT-default,반복 상위 노출군에 들지 않았다.,,행동 유형은 종류 구분이며 우선순위·위험등급이 아니다. 제안 행동은 행정적 확인 절차이지 규제·처분이 아니다.
SC0078,고암경로당,경로당,의창구,북면,4812131000.0,other,,no_axis_variation,1859.0,명서동,5.86,1.0,,정기 모니터링 유지,정기 모니터링,,정기 모니터링 유지,1,R-OT-default,반복 상위 노출군에 들지 않았다.,,행동 유형은 종류 구분이며 우선순위·위험등급이 아니다. 제안 행동은 행정적 확인 절차이지 규제·처분이 아니다.
SC0079,남백경로당,경로당,의창구,북면,4812131000.0,other,,no_axis_variation,51.5,명서동,8.36,1.0,,정기 모니터링 유지,정기 모니터링,,정기 모니터링 유지,1,R-OT-default,반복 상위 노출군에 들지 않았다.,,행동 유형은 종류 구분이며 우선순위·위험등급이 아니다. 제안 행동은 행정적 확인 절차이지 규제·처분이 아니다.
SC0080,내감경로당,경로당,의창구,북면,4812131000.0,other,,no_axis_variation,278.1,명서동,7.9,1.0,,정기 모니터링 유지,정기 모니터링,,정기 모니터링 유지,1,R-OT-default,반복 상위 노출군에 들지 않았다.,,행동 유형은 종류 구분이며 우선순위·위험등급이 아니다. 제안 행동은 행정적 확인 절차이지 규제·처분이 아니다.
SC0081,내감부인경로당,경로당,의창구,북면,4812131000.0,other,,no_axis_variation,278.1,명서동,7.9,1.0,,정기 모니터링 유지,정기 모니터링,,정기 모니터링 유지,1,R-OT-default,반복 상위 노출군에 들지 않았다.,,행동 유형은 종류 구분이며 우선순위·위험등급이 아니다. 제안 행동은 행정적 확인 절차이지 규제·처분이 아니다.
SC0082,내산경로당,경로당,의창구,북면,4812131000.0,other,,no_axis_variation,1781.5,명서동,15.46,1.0,,정기 모니터링 유지,정기 모니터링,,정기 모니터링 유지,1,R-OT-default,반복 상위 노출군에 들지 않았다.,,행동 유형은 종류 구분이며 우선순위·위험등급이 아니다. 제안 행동은 행정적 확인 절차이지 규제·처분이 아니다.
SC0083,대천경로당,경로당,의창구,북면,4812131000.0,other,,no_axis_variation,337.3,명서동,8.16,1.0,,정기 모니터링 유지,정기 모니터링,,정기 모니터링 유지,1,R-OT-default,반복 상위 노출군에 들지 않았다.,,행동 유형은 종류 구분이며 우선순위·위험등급이 아니다. 제안 행동은 행정적 확인 절차이지 규제·처분이 아니다.
SC0084,대한경로당,경로당,의창구,북면,4812131000.0,other,,no_axis_variation,612.1,명서동,5.44,1.0,,정기 모니터링 유지,정기 모니터링,,정기 모니터링 유지,1,R-OT-default,반복 상위 노출군에 들지 않았다.,,행동 유형은 종류 구분이며 우선순위·위험등급이 아니다. 제안 행동은 행정적 확인 절차이지 규제·처분이 아니다.
SC0085,대호아파트경로당,경로당,의창구,북면,4812131000.0,other,,no_axis_variation,627.8,명서동,11.81,1.0,,정기 모니터링 유지,정기 모니터링,,정기 모니터링 유지,1,R-OT-default,반복 상위 노출군에 들지 않았다.,,행동 유형은 종류 구분이며 우선순위·위험등급이 아니다. 제안 행동은 행정적 확인 절차이지 규제·처분이 아니다.
SC0086,동전경로당,경로당,의창구,북면,4812131000.0,other,,no_axis_variation,185.7,명서동,9.09,1.0,,정기 모니터링 유지,정기 모니터링,,정기 모니터링 유지,1,R-OT-default,반복 상위 노출군에 들지 않았다.,,행동 유형은 종류 구분이며 우선순위·위험등급이 아니다. 제안 행동은 행정적 확인 절차이지 규제·처분이 아니다.
SC0087,마산경로당,경로당,의창구,북면,4812131000.0,other,,no_axis_variation,127.7,명서동,11.13,1.0,,정기 모니터링 유지,정기 모니터링,,정기 모니터링 유지,1,R-OT-default,반복 상위 노출군에 들지 않았다.,,행동 유형은 종류 구분이며 우선순위·위험등급이 아니다. 제안 행동은 행정적 확인 절차이지 규제·처분이 아니다.
SC0088,마산부인경로당,경로당,의창구,북면,4812131000.0,other,,no_axis_variation,145.9,명서동,11.15,1.0,,정기 모니터링 유지,정기 모니터링,,정기 모니터링 유지,1,R-OT-default,반복 상위 노출군에 들지 않았다.,,행동 유형은 종류 구분이며 우선순위·위험등급이 아니다. 제안 행동은 행정적 확인 절차이지 규제·처분이 아니다.
SC0089,명촌경로당,경로당,의창구,북면,4812131000.0,other,,no_axis_variation,2520.8,명서동,16.31,1.0,,정기 모니터링 유지,정기 모니터링,,정기 모니터링 유지,1,R-OT-default,반복 상위 노출군에 들지 않았다.,,행동 유형은 종류 구분이며 우선순위·위험등급이 아니다. 제안 행동은 행정적 확인 절차이지 규제·처분이 아니다.
SC0090,명호경로당,경로당,의창구,북면,4812131000.0,other,,no_axis_variation,205.6,명서동,9.4,1.0,,정기 모니터링 유지,정기 모니터링,,정기 모니터링 유지,1,R-OT-default,반복 상위 노출군에 들지 않았다.,,행동 유형은 종류 구분이며 우선순위·위험등급이 아니다. 제안 행동은 행정적 확인 절차이지 규제·처분이 아니다.
SC0092,무동코아루파크아파트경로당,경로당,의창구,북면,4812131000.0,other,,no_axis_variation,303.6,명서동,9.46,1.0,,정기 모니터링 유지,정기 모니터링,,정기 모니터링 유지,1,R-OT-default,반복 상위 노출군에 들지 않았다.,,행동 유형은 종류 구분이며 우선순위·위험등급이 아니다. 제안 행동은 행정적 확인 절차이지 규제·처분이 아니다.
SC0093,무동휴먼빌1단지아파트경로당,경로당,의창구,북면,4812131000.0,other,,no_axis_variation,196.0,명서동,9.95,1.0,,정기 모니터링 유지,정기 모니터링,,정기 모니터링 유지,1,R-OT-default,반복 상위 노출군에 들지 않았다.,,행동 유형은 종류 구분이며 우선순위·위험등급이 아니다. 제안 행동은 행정적 확인 절차이지 규제·처분이 아니다.
SC0094,무동휴먼빌2단지아파트경로당,경로당,의창구,북면,4812131000.0,other,,no_axis_variation,262.6,명서동,10.0,1.0,,정기 모니터링 유지,정기 모니터링,,정기 모니터링 유지,1,R-OT-default,반복 상위 노출군에 들지 않았다.,,행동 유형은 종류 구분이며 우선순위·위험등급이 아니다. 제안 행동은 행정적 확인 절차이지 규제·처분이 아니다.
SC0095,무동휴먼빌3단지아파트경로당,경로당,의창구,북면,4812131000.0,other,,no_axis_variation,151.8,명서동,9.84,1.0,,정기 모니터링 유지,정기 모니터링,,정기 모니터링 유지,1,R-OT-default,반복 상위 노출군에 들지 않았다.,,행동 유형은 종류 구분이며 우선순위·위험등급이 아니다. 제안 행동은 행정적 확인 절차이지 규제·처분이 아니다.
SC0096,바깥신천경로당,경로당,의창구,북면,4812131000.0,other,,no_axis_variation,1173.0,명서동,13.92,1.0,,정기 모니터링 유지,정기 모니터링,,정기 모니터링 유지,1,R-OT-default,반복 상위 노출군에 들지 않았다.,,행동 유형은 종류 구분이며 우선순위·위험등급이 아니다. 제안 행동은 행정적 확인 절차이지 규제·처분이 아니다.
SC0097,북면갈전경로당,경로당,의창구,북면,4812131000.0,other,,no_axis_variation,632.2,명서동,7.25,1.0,,정기 모니터링 유지,정기 모니터링,,정기 모니터링 유지,1,R-OT-default,반복 상위 노출군에 들지 않았다.,,행동 유형은 종류 구분이며 우선순위·위험등급이 아니다. 제안 행동은 행정적 확인 절차이지 규제·처분이 아니다.
SC0098,북면경로당,경로당,의창구,북면,4812131000.0,other,,no_axis_variation,467.8,명서동,12.26,1.0,,정기 모니터링 유지,정기 모니터링,,정기 모니터링 유지,1,R-OT-default,반복 상위 노출군에 들지 않았다.,,행동 유형은 종류 구분이며 우선순위·위험등급이 아니다. 제안 행동은 행정적 확인 절차이지 규제·처분이 아니다.
SC0099,상천(봉촌)경로당,경로당,의창구,북면,4812131000.0,other,,no_axis_variation,1069.2,명서동,13.73,1.0,,정기 모니터링 유지,정기 모니터링,,정기 모니터링 유지,1,R-OT-default,반복 상위 노출군에 들지 않았다.,,행동 유형은 종류 구분이며 우선순위·위험등급이 아니다. 제안 행동은 행정적 확인 절차이지 규제·처분이 아니다.
SC0100,센텀파라디아아파트경로당,경로당,의창구,북면,4812131000.0,other,,no_axis_variation,420.5,명서동,10.09,1.0,,정기 모니터링 유지,정기 모니터링,,정기 모니터링 유지,1,R-OT-default,반복 상위 노출군에 들지 않았다.,,행동 유형은 종류 구분이며 우선순위·위험등급이 아니다. 제안 행동은 행정적 확인 절차이지 규제·처분이 아니다.
SC0101,소라경로당,경로당,의창구,북면,4812131000.0,other,,no_axis_variation,184.3,명서동,8.77,1.0,,정기 모니터링 유지,정기 모니터링,,정기 모니터링 유지,1,R-OT-default,반복 상위 노출군에 들지 않았다.,,행동 유형은 종류 구분이며 우선순위·위험등급이 아니다. 제안 행동은 행정적 확인 절차이지 규제·처분이 아니다.
SC0102,송촌경로당,경로당,의창구,북면,4812131000.0,other,,no_axis_variation,150.5,명서동,12.46,1.0,,정기 모니터링 유지,정기 모니터링,,정기 모니터링 유지,1,R-OT-default,반복 상위 노출군에 들지 않았다.,,행동 유형은 종류 구분이며 우선순위·위험등급이 아니다. 제안 행동은 행정적 확인 절차이지 규제·처분이 아니다.
SC0103,승산경로당,경로당,의창구,북면,4812131000.0,other,,no_axis_variation,1115.3,명서동,6.78,1.0,,정기 모니터링 유지,정기 모니터링,,정기 모니터링 유지,1,R-OT-default,반복 상위 노출군에 들지 않았다.,,행동 유형은 종류 구분이며 우선순위·위험등급이 아니다. 제안 행동은 행정적 확인 절차이지 규제·처분이 아니다.
SC0104,신기경로당,경로당,의창구,북면,4812131000.0,other,,no_axis_variation,630.1,명서동,13.49,1.0,,정기 모니터링 유지,정기 모니터링,,정기 모니터링 유지,1,R-OT-default,반복 상위 노출군에 들지 않았다.,,행동 유형은 종류 구분이며 우선순위·위험등급이 아니다. 제안 행동은 행정적 확인 절차이지 규제·처분이 아니다.
SC0105,신동경로당,경로당,의창구,북면,4812131000.0,other,,no_axis_variation,241.7,명서동,10.1,1.0,,정기 모니터링 유지,정기 모니터링,,정기 모니터링 유지,1,R-OT-default,반복 상위 노출군에 들지 않았다.,,행동 유형은 종류 구분이며 우선순위·위험등급이 아니다. 제안 행동은 행정적 확인 절차이지 규제·처분이 아니다.
SC0106,신리경로당,경로당,의창구,북면,4812131000.0,other,,no_axis_variation,755.4,명서동,12.1,1.0,,정기 모니터링 유지,정기 모니터링,,정기 모니터링 유지,1,R-OT-default,반복 상위 노출군에 들지 않았다.,,행동 유형은 종류 구분이며 우선순위·위험등급이 아니다. 제안 행동은 행정적 확인 절차이지 규제·처분이 아니다.
SC0107,신리부녀경로당,경로당,의창구,북면,4812131000.0,other,,no_axis_variation,695.8,명서동,11.93,1.0,,정기 모니터링 유지,정기 모니터링,,정기 모니터링 유지,1,R-OT-default,반복 상위 노출군에 들지 않았다.,,행동 유형은 종류 구분이며 우선순위·위험등급이 아니다. 제안 행동은 행정적 확인 절차이지 규제·처분이 아니다.
SC0108,신목경로당,경로당,의창구,북면,4812131000.0,other,,no_axis_variation,90.1,명서동,13.03,1.0,,정기 모니터링 유지,정기 모니터링,,정기 모니터링 유지,1,R-OT-default,반복 상위 노출군에 들지 않았다.,,행동 유형은 종류 구분이며 우선순위·위험등급이 아니다. 제안 행동은 행정적 확인 절차이지 규제·처분이 아니다.
SC0109,신우경로당,경로당,의창구,북면,4812131000.0,other,,no_axis_variation,776.9,명서동,11.93,1.0,,정기 모니터링 유지,정기 모니터링,,정기 모니터링 유지,1,R-OT-default,반복 상위 노출군에 들지 않았다.,,행동 유형은 종류 구분이며 우선순위·위험등급이 아니다. 제안 행동은 행정적 확인 절차이지 규제·처분이 아니다.
SC0110,신음경로당,경로당,의창구,북면,4812131000.0,other,,no_axis_variation,48.4,명서동,10.82,1.0,,정기 모니터링 유지,정기 모니터링,,정기 모니터링 유지,1,R-OT-default,반복 상위 노출군에 들지 않았다.,,행동 유형은 종류 구분이며 우선순위·위험등급이 아니다. 제안 행동은 행정적 확인 절차이지 규제·처분이 아니다.
SC0111,신천경로당,경로당,의창구,북면,4812131000.0,other,,no_axis_variation,1427.2,명서동,14.62,1.0,,정기 모니터링 유지,정기 모니터링,,정기 모니터링 유지,1,R-OT-default,반복 상위 노출군에 들지 않았다.,,행동 유형은 종류 구분이며 우선순위·위험등급이 아니다. 제안 행동은 행정적 확인 절차이지 규제·처분이 아니다.
SC0112,신한1차아파트경로당,경로당,의창구,북면,4812131000.0,other,,no_axis_variation,592.5,명서동,12.14,1.0,,정기 모니터링 유지,정기 모니터링,,정기 모니터링 유지,1,R-OT-default,반복 상위 노출군에 들지 않았다.,,행동 유형은 종류 구분이며 우선순위·위험등급이 아니다. 제안 행동은 행정적 확인 절차이지 규제·처분이 아니다.
SC0113,신한2차아파트경로당,경로당,의창구,북면,4812131000.0,other,,no_axis_variation,699.6,명서동,12.11,1.0,,정기 모니터링 유지,정기 모니터링,,정기 모니터링 유지,1,R-OT-default,반복 상위 노출군에 들지 않았다.,,행동 유형은 종류 구분이며 우선순위·위험등급이 아니다. 제안 행동은 행정적 확인 절차이지 규제·처분이 아니다.
SC0114,양지경로당,경로당,의창구,북면,4812131000.0,other,,no_axis_variation,1171.3,명서동,6.85,1.0,,정기 모니터링 유지,정기 모니터링,,정기 모니터링 유지,1,R-OT-default,반복 상위 노출군에 들지 않았다.,,행동 유형은 종류 구분이며 우선순위·위험등급이 아니다. 제안 행동은 행정적 확인 절차이지 규제·처분이 아니다.
SC0115,양촌경로당,경로당,의창구,북면,4812131000.0,other,,no_axis_variation,186.2,명서동,11.01,1.0,,정기 모니터링 유지,정기 모니터링,,정기 모니터링 유지,1,R-OT-default,반복 상위 노출군에 들지 않았다.,,행동 유형은 종류 구분이며 우선순위·위험등급이 아니다. 제안 행동은 행정적 확인 절차이지 규제·처분이 아니다.
SC0116,연동경로당,경로당,의창구,북면,4812131000.0,other,,no_axis_variation,327.1,명서동,11.58,1.0,,정기 모니터링 유지,정기 모니터링,,정기 모니터링 유지,1,R-OT-default,반복 상위 노출군에 들지 않았다.,,행동 유형은 종류 구분이며 우선순위·위험등급이 아니다. 제안 행동은 행정적 확인 절차이지 규제·처분이 아니다.
SC0117,온천남자경로당,경로당,의창구,북면,4812131000.0,other,,no_axis_variation,467.8,명서동,12.26,1.0,,정기 모니터링 유지,정기 모니터링,,정기 모니터링 유지,1,R-OT-default,반복 상위 노출군에 들지 않았다.,,행동 유형은 종류 구분이며 우선순위·위험등급이 아니다. 제안 행동은 행정적 확인 절차이지 규제·처분이 아니다.
SC0118,온천부녀경로당,경로당,의창구,북면,4812131000.0,other,,no_axis_variation,467.8,명서동,12.26,1.0,,정기 모니터링 유지,정기 모니터링,,정기 모니터링 유지,1,R-OT-default,반복 상위 노출군에 들지 않았다.,,행동 유형은 종류 구분이며 우선순위·위험등급이 아니다. 제안 행동은 행정적 확인 절차이지 규제·처분이 아니다.
SC0119,외감경로당,경로당,의창구,북면,4812131000.0,other,,no_axis_variation,976.6,명서동,6.46,1.0,,정기 모니터링 유지,정기 모니터링,,정기 모니터링 유지,1,R-OT-default,반복 상위 노출군에 들지 않았다.,,행동 유형은 종류 구분이며 우선순위·위험등급이 아니다. 제안 행동은 행정적 확인 절차이지 규제·처분이 아니다.
SC0120,외감부인경로당,경로당,의창구,북면,4812131000.0,other,,no_axis_variation,976.6,명서동,6.46,1.0,,정기 모니터링 유지,정기 모니터링,,정기 모니터링 유지,1,R-OT-default,반복 상위 노출군에 들지 않았다.,,행동 유형은 종류 구분이며 우선순위·위험등급이 아니다. 제안 행동은 행정적 확인 절차이지 규제·처분이 아니다.
SC0121,월계경로당,경로당,의창구,북면,4812131000.0,other,,no_axis_variation,81.3,명서동,11.57,1.0,,정기 모니터링 유지,정기 모니터링,,정기 모니터링 유지,1,R-OT-default,반복 상위 노출군에 들지 않았다.,,행동 유형은 종류 구분이며 우선순위·위험등급이 아니다. 제안 행동은 행정적 확인 절차이지 규제·처분이 아니다.
SC0122,월백경로당,경로당,의창구,북면,4812131000.0,other,,no_axis_variation,184.3,명서동,8.77,1.0,,정기 모니터링 유지,정기 모니터링,,정기 모니터링 유지,1,R-OT-default,반복 상위 노출군에 들지 않았다.,,행동 유형은 종류 구분이며 우선순위·위험등급이 아니다. 제안 행동은 행정적 확인 절차이지 규제·처분이 아니다.
SC0123,월백부녀경로당,경로당,의창구,북면,4812131000.0,other,,no_axis_variation,184.3,명서동,8.77,1.0,,정기 모니터링 유지,정기 모니터링,,정기 모니터링 유지,1,R-OT-default,반복 상위 노출군에 들지 않았다.,,행동 유형은 종류 구분이며 우선순위·위험등급이 아니다. 제안 행동은 행정적 확인 절차이지 규제·처분이 아니다.
SC0124,월촌경로당,경로당,의창구,북면,4812131000.0,other,,no_axis_variation,166.8,명서동,9.07,1.0,,정기 모니터링 유지,정기 모니터링,,정기 모니터링 유지,1,R-OT-default,반복 상위 노출군에 들지 않았다.,,행동 유형은 종류 구분이며 우선순위·위험등급이 아니다. 제안 행동은 행정적 확인 절차이지 규제·처분이 아니다.
SC0125,중리경로당,경로당,의창구,북면,4812131000.0,other,,no_axis_variation,382.7,명서동,11.7,1.0,,정기 모니터링 유지,정기 모니터링,,정기 모니터링 유지,1,R-OT-default,반복 상위 노출군에 들지 않았다.,,행동 유형은 종류 구분이며 우선순위·위험등급이 아니다. 제안 행동은 행정적 확인 절차이지 규제·처분이 아니다.
SC0126,중방경로당,경로당,의창구,북면,4812131000.0,other,,no_axis_variation,279.7,명서동,7.43,1.0,,정기 모니터링 유지,정기 모니터링,,정기 모니터링 유지,1,R-OT-default,반복 상위 노출군에 들지 않았다.,,행동 유형은 종류 구분이며 우선순위·위험등급이 아니다. 제안 행동은 행정적 확인 절차이지 규제·처분이 아니다.
SC0127,중촌경로당,경로당,의창구,북면,4812131000.0,other,,no_axis_variation,275.0,명서동,14.01,1.0,,정기 모니터링 유지,정기 모니터링,,정기 모니터링 유지,1,R-OT-default,반복 상위 노출군에 들지 않았다.,,행동 유형은 종류 구분이며 우선순위·위험등급이 아니다. 제안 행동은 행정적 확인 절차이지 규제·처분이 아니다.
SC0128,지개경로당,경로당,의창구,북면,4812131000.0,other,,no_axis_variation,582.0,명서동,5.09,1.0,,정기 모니터링 유지,정기 모니터링,,정기 모니터링 유지,1,R-OT-default,반복 상위 노출군에 들지 않았다.,,행동 유형은 종류 구분이며 우선순위·위험등급이 아니다. 제안 행동은 행정적 확인 절차이지 규제·처분이 아니다.
SC0129,천수림아파트경로당,경로당,의창구,북면,4812131000.0,other,,no_axis_variation,307.8,명서동,8.13,1.0,,정기 모니터링 유지,정기 모니터링,,정기 모니터링 유지,1,R-OT-default,반복 상위 노출군에 들지 않았다.,,행동 유형은 종류 구분이며 우선순위·위험등급이 아니다. 제안 행동은 행정적 확인 절차이지 규제·처분이 아니다.
SC0130,청우아파트경로당,경로당,의창구,북면,4812131000.0,other,,no_axis_variation,769.5,명서동,12.03,1.0,,정기 모니터링 유지,정기 모니터링,,정기 모니터링 유지,1,R-OT-default,반복 상위 노출군에 들지 않았다.,,행동 유형은 종류 구분이며 우선순위·위험등급이 아니다. 제안 행동은 행정적 확인 절차이지 규제·처분이 아니다.
SC0131,초소경로당,경로당,의창구,북면,4812131000.0,other,,no_axis_variation,1772.1,명서동,15.56,1.0,,정기 모니터링 유지,정기 모니터링,,정기 모니터링 유지,1,R-OT-default,반복 상위 노출군에 들지 않았다.,,행동 유형은 종류 구분이며 우선순위·위험등급이 아니다. 제안 행동은 행정적 확인 절차이지 규제·처분이 아니다.
SC0132,춘광1차아파트경로당,경로당,의창구,북면,4812131000.0,other,,no_axis_variation,745.5,명서동,11.87,1.0,,정기 모니터링 유지,정기 모니터링,,정기 모니터링 유지,1,R-OT-default,반복 상위 노출군에 들지 않았다.,,행동 유형은 종류 구분이며 우선순위·위험등급이 아니다. 제안 행동은 행정적 확인 절차이지 규제·처분이 아니다.
SC0133,춘광2차아파트경로당,경로당,의창구,북면,4812131000.0,other,,no_axis_variation,777.4,명서동,11.89,1.0,,정기 모니터링 유지,정기 모니터링,,정기 모니터링 유지,1,R-OT-default,반복 상위 노출군에 들지 않았다.,,행동 유형은 종류 구분이며 우선순위·위험등급이 아니다. 제안 행동은 행정적 확인 절차이지 규제·처분이 아니다.
SC0134,춘광마을경로당,경로당,의창구,북면,4812131000.0,other,,no_axis_variation,772.2,명서동,11.84,1.0,,정기 모니터링 유지,정기 모니터링,,정기 모니터링 유지,1,R-OT-default,반복 상위 노출군에 들지 않았다.,,행동 유형은 종류 구분이며 우선순위·위험등급이 아니다. 제안 행동은 행정적 확인 절차이지 규제·처분이 아니다.
SC0135,하천(대촌)경로당,경로당,의창구,북면,4812131000.0,other,,no_axis_variation,517.1,명서동,14.26,1.0,,정기 모니터링 유지,정기 모니터링,,정기 모니터링 유지,1,R-OT-default,반복 상위 노출군에 들지 않았다.,,행동 유형은 종류 구분이며 우선순위·위험등급이 아니다. 제안 행동은 행정적 확인 절차이지 규제·처분이 아니다.
SC0136,현도경로당,경로당,의창구,북면,4812131000.0,other,,no_axis_variation,1389.9,명서동,15.06,1.0,,정기 모니터링 유지,정기 모니터링,,정기 모니터링 유지,1,R-OT-default,반복 상위 노출군에 들지 않았다.,,행동 유형은 종류 구분이며 우선순위·위험등급이 아니다. 제안 행동은 행정적 확인 절차이지 규제·처분이 아니다.
SC0137,현천노인당,경로당,의창구,북면,4812131000.0,other,,no_axis_variation,529.0,명서동,12.43,1.0,,정기 모니터링 유지,정기 모니터링,,정기 모니터링 유지,1,R-OT-default,반복 상위 노출군에 들지 않았다.,,행동 유형은 종류 구분이며 우선순위·위험등급이 아니다. 제안 행동은 행정적 확인 절차이지 규제·처분이 아니다.
SC0138,화천경로당,경로당,의창구,북면,4812131000.0,other,,no_axis_variation,151.5,명서동,7.18,1.0,,정기 모니터링 유지,정기 모니터링,,정기 모니터링 유지,1,R-OT-default,반복 상위 노출군에 들지 않았다.,,행동 유형은 종류 구분이며 우선순위·위험등급이 아니다. 제안 행동은 행정적 확인 절차이지 규제·처분이 아니다.
SC0139,화천부녀경로당,경로당,의창구,북면,4812131000.0,other,,no_axis_variation,151.5,명서동,7.18,1.0,,정기 모니터링 유지,정기 모니터링,,정기 모니터링 유지,1,R-OT-default,반복 상위 노출군에 들지 않았다.,,행동 유형은 종류 구분이며 우선순위·위험등급이 아니다. 제안 행동은 행정적 확인 절차이지 규제·처분이 아니다.
SC0140,동전월드메르디앙아파트경로당,경로당,의창구,북면,4812131000.0,other,,no_axis_variation,212.0,명서동,8.84,1.0,,정기 모니터링 유지,정기 모니터링,,정기 모니터링 유지,1,R-OT-default,반복 상위 노출군에 들지 않았다.,,행동 유형은 종류 구분이며 우선순위·위험등급이 아니다. 제안 행동은 행정적 확인 절차이지 규제·처분이 아니다.
SC0141,신전경로당,경로당,의창구,대산면,4812132000.0,other,,no_axis_variation,695.3,명서동,14.08,0.0,,정기 모니터링 유지,정기 모니터링,,정기 모니터링 유지,1,R-OT-default,반복 상위 노출군에 들지 않았다.,,행동 유형은 종류 구분이며 우선순위·위험등급이 아니다. 제안 행동은 행정적 확인 절차이지 규제·처분이 아니다.
SC0142,상리경로당,경로당,의창구,대산면,4812132000.0,other,,no_axis_variation,305.3,명서동,14.02,0.0,,정기 모니터링 유지,정기 모니터링,,정기 모니터링 유지,1,R-OT-default,반복 상위 노출군에 들지 않았다.,,행동 유형은 종류 구분이며 우선순위·위험등급이 아니다. 제안 행동은 행정적 확인 절차이지 규제·처분이 아니다.
SC0143,갈전경로당,경로당,의창구,대산면,4812132000.0,other,,no_axis_variation,156.0,명서동,13.97,0.0,,정기 모니터링 유지,정기 모니터링,,정기 모니터링 유지,1,R-OT-default,반복 상위 노출군에 들지 않았다.,,행동 유형은 종류 구분이며 우선순위·위험등급이 아니다. 제안 행동은 행정적 확인 절차이지 규제·처분이 아니다.
SC0144,갈전부인경로당,경로당,의창구,대산면,4812132000.0,other,,no_axis_variation,132.2,명서동,13.86,0.0,,정기 모니터링 유지,정기 모니터링,,정기 모니터링 유지,1,R-OT-default,반복 상위 노출군에 들지 않았다.,,행동 유형은 종류 구분이며 우선순위·위험등급이 아니다. 제안 행동은 행정적 확인 절차이지 규제·처분이 아니다.
SC0145,평리경로당,경로당,의창구,대산면,4812132000.0,other,,no_axis_variation,132.2,명서동,13.86,0.0,,정기 모니터링 유지,정기 모니터링,,정기 모니터링 유지,1,R-OT-default,반복 상위 노출군에 들지 않았다.,,행동 유형은 종류 구분이며 우선순위·위험등급이 아니다. 제안 행동은 행정적 확인 절차이지 규제·처분이 아니다.
SC0146,송정경로당,경로당,의창구,대산면,4812132000.0,other,,no_axis_variation,60.9,명서동,13.55,0.0,,정기 모니터링 유지,정기 모니터링,,정기 모니터링 유지,1,R-OT-default,반복 상위 노출군에 들지 않았다.,,행동 유형은 종류 구분이며 우선순위·위험등급이 아니다. 제안 행동은 행정적 확인 절차이지 규제·처분이 아니다.
SC0147,유목경로당,경로당,의창구,대산면,4812132000.0,other,,no_axis_variation,251.0,명서동,14.13,0.0,,정기 모니터링 유지,정기 모니터링,,정기 모니터링 유지,1,R-OT-default,반복 상위 노출군에 들지 않았다.,,행동 유형은 종류 구분이며 우선순위·위험등급이 아니다. 제안 행동은 행정적 확인 절차이지 규제·처분이 아니다.
SC0148,일동경로당,경로당,의창구,대산면,4812132000.0,other,,no_axis_variation,158.2,명서동,14.33,0.0,,정기 모니터링 유지,정기 모니터링,,정기 모니터링 유지,1,R-OT-default,반복 상위 노출군에 들지 않았다.,,행동 유형은 종류 구분이며 우선순위·위험등급이 아니다. 제안 행동은 행정적 확인 절차이지 규제·처분이 아니다.
SC0149,일동부인경로당,경로당,의창구,대산면,4812132000.0,other,,no_axis_variation,158.2,명서동,14.33,0.0,,정기 모니터링 유지,정기 모니터링,,정기 모니터링 유지,1,R-OT-default,반복 상위 노출군에 들지 않았다.,,행동 유형은 종류 구분이며 우선순위·위험등급이 아니다. 제안 행동은 행정적 확인 절차이지 규제·처분이 아니다.
SC0150,구산경로당,경로당,의창구,대산면,4812132000.0,other,,no_axis_variation,1144.4,용지동,13.54,0.0,,정기 모니터링 유지,정기 모니터링,,정기 모니터링 유지,1,R-OT-default,반복 상위 노출군에 들지 않았다.,,행동 유형은 종류 구분이며 우선순위·위험등급이 아니다. 제안 행동은 행정적 확인 절차이지 규제·처분이 아니다.
SC0151,당리경로당,경로당,의창구,대산면,4812132000.0,other,,no_axis_variation,332.1,명서동,14.72,0.0,,정기 모니터링 유지,정기 모니터링,,정기 모니터링 유지,1,R-OT-default,반복 상위 노출군에 들지 않았다.,,행동 유형은 종류 구분이며 우선순위·위험등급이 아니다. 제안 행동은 행정적 확인 절차이지 규제·처분이 아니다.
SC0152,신성경로당,경로당,의창구,대산면,4812132000.0,other,,no_axis_variation,343.7,명서동,14.48,0.0,,정기 모니터링 유지,정기 모니터링,,정기 모니터링 유지,1,R-OT-default,반복 상위 노출군에 들지 않았다.,,행동 유형은 종류 구분이며 우선순위·위험등급이 아니다. 제안 행동은 행정적 확인 절차이지 규제·처분이 아니다.
SC0153,수성경로당,경로당,의창구,대산면,4812132000.0,other,,no_axis_variation,546.2,용지동,14.49,0.0,,정기 모니터링 유지,정기 모니터링,,정기 모니터링 유지,1,R-OT-default,반복 상위 노출군에 들지 않았다.,,행동 유형은 종류 구분이며 우선순위·위험등급이 아니다. 제안 행동은 행정적 확인 절차이지 규제·처분이 아니다.
SC0154,북모산경로당,경로당,의창구,대산면,4812132000.0,other,,no_axis_variation,43.3,용지동,13.64,0.0,,정기 모니터링 유지,정기 모니터링,,정기 모니터링 유지,1,R-OT-default,반복 상위 노출군에 들지 않았다.,,행동 유형은 종류 구분이며 우선순위·위험등급이 아니다. 제안 행동은 행정적 확인 절차이지 규제·처분이 아니다.
SC0155,남모산경로당,경로당,의창구,대산면,4812132000.0,other,,no_axis_variation,98.4,용지동,13.27,0.0,,정기 모니터링 유지,정기 모니터링,,정기 모니터링 유지,1,R-OT-default,반복 상위 노출군에 들지 않았다.,,행동 유형은 종류 구분이며 우선순위·위험등급이 아니다. 제안 행동은 행정적 확인 절차이지 규제·처분이 아니다.
SC0156,송등경로당,경로당,의창구,대산면,4812132000.0,other,,no_axis_variation,501.5,용지동,12.67,0.0,,정기 모니터링 유지,정기 모니터링,,정기 모니터링 유지,1,R-OT-default,반복 상위 노출군에 들지 않았다.,,행동 유형은 종류 구분이며 우선순위·위험등급이 아니다. 제안 행동은 행정적 확인 절차이지 규제·처분이 아니다.
SC0165,백양경로당,경로당,의창구,대산면,4812132000.0,other,,no_axis_variation,45.4,용지동,10.17,0.0,,정기 모니터링 유지,정기 모니터링,,정기 모니터링 유지,1,R-OT-default,반복 상위 노출군에 들지 않았다.,,행동 유형은 종류 구분이며 우선순위·위험등급이 아니다. 제안 행동은 행정적 확인 절차이지 규제·처분이 아니다.
SC0166,주남경로당,경로당,의창구,대산면,4812132000.0,other,,no_axis_variation,46.7,용지동,8.95,0.0,,정기 모니터링 유지,정기 모니터링,,정기 모니터링 유지,1,R-OT-default,반복 상위 노출군에 들지 않았다.,,행동 유형은 종류 구분이며 우선순위·위험등급이 아니다. 제안 행동은 행정적 확인 절차이지 규제·처분이 아니다.
SC0167,대방경로당,경로당,의창구,대산면,4812132000.0,other,,no_axis_variation,157.6,용지동,11.86,0.0,,정기 모니터링 유지,정기 모니터링,,정기 모니터링 유지,1,R-OT-default,반복 상위 노출군에 들지 않았다.,,행동 유형은 종류 구분이며 우선순위·위험등급이 아니다. 제안 행동은 행정적 확인 절차이지 규제·처분이 아니다.
SC0168,대방여성경로당,경로당,의창구,대산면,4812132000.0,other,,no_axis_variation,319.8,명서동,12.02,0.0,,정기 모니터링 유지,정기 모니터링,,정기 모니터링 유지,1,R-OT-default,반복 상위 노출군에 들지 않았다.,,행동 유형은 종류 구분이며 우선순위·위험등급이 아니다. 제안 행동은 행정적 확인 절차이지 규제·처분이 아니다.
SC0169,제동경로당,경로당,의창구,대산면,4812132000.0,other,,no_axis_variation,100.4,용지동,11.19,0.0,,정기 모니터링 유지,정기 모니터링,,정기 모니터링 유지,1,R-OT-default,반복 상위 노출군에 들지 않았다.,,행동 유형은 종류 구분이며 우선순위·위험등급이 아니다. 제안 행동은 행정적 확인 절차이지 규제·처분이 아니다.
SC0174,상포부녀경로당,경로당,의창구,대산면,4812132000.0,other,,no_axis_variation,65.2,용지동,9.97,0.0,,정기 모니터링 유지,정기 모니터링,,정기 모니터링 유지,1,R-OT-default,반복 상위 노출군에 들지 않았다.,,행동 유형은 종류 구분이며 우선순위·위험등급이 아니다. 제안 행동은 행정적 확인 절차이지 규제·처분이 아니다.
SC0178,우암마을경로당,경로당,의창구,대산면,4812132000.0,other,,no_axis_variation,71.9,용지동,12.04,0.0,,정기 모니터링 유지,정기 모니터링,,정기 모니터링 유지,1,R-OT-default,반복 상위 노출군에 들지 않았다.,,행동 유형은 종류 구분이며 우선순위·위험등급이 아니다. 제안 행동은 행정적 확인 절차이지 규제·처분이 아니다.
SC0179,덕현경로당,경로당,의창구,대산면,4812132000.0,other,,no_axis_variation,404.2,용지동,11.69,0.0,,정기 모니터링 유지,정기 모니터링,,정기 모니터링 유지,1,R-OT-default,반복 상위 노출군에 들지 않았다.,,행동 유형은 종류 구분이며 우선순위·위험등급이 아니다. 제안 행동은 행정적 확인 절차이지 규제·처분이 아니다.
SC0180,월림경로당,경로당,의창구,대산면,4812132000.0,other,,no_axis_variation,441.7,용지동,11.35,0.0,,정기 모니터링 유지,정기 모니터링,,정기 모니터링 유지,1,R-OT-default,반복 상위 노출군에 들지 않았다.,,행동 유형은 종류 구분이며 우선순위·위험등급이 아니다. 제안 행동은 행정적 확인 절차이지 규제·처분이 아니다.
SC0181,신곡경로당,경로당,의창구,대산면,4812132000.0,other,,no_axis_variation,463.5,용지동,11.19,0.0,,정기 모니터링 유지,정기 모니터링,,정기 모니터링 유지,1,R-OT-default,반복 상위 노출군에 들지 않았다.,,행동 유형은 종류 구분이며 우선순위·위험등급이 아니다. 제안 행동은 행정적 확인 절차이지 규제·처분이 아니다.
SC0182,신곡부인경로당,경로당,의창구,대산면,4812132000.0,other,,no_axis_variation,486.6,용지동,11.18,0.0,,정기 모니터링 유지,정기 모니터링,,정기 모니터링 유지,1,R-OT-default,반복 상위 노출군에 들지 않았다.,,행동 유형은 종류 구분이며 우선순위·위험등급이 아니다. 제안 행동은 행정적 확인 절차이지 규제·처분이 아니다.
SC0183,용등경로당,경로당,의창구,대산면,4812132000.0,other,,no_axis_variation,515.6,용지동,11.09,0.0,,정기 모니터링 유지,정기 모니터링,,정기 모니터링 유지,1,R-OT-default,반복 상위 노출군에 들지 않았다.,,행동 유형은 종류 구분이며 우선순위·위험등급이 아니다. 제안 행동은 행정적 확인 절차이지 규제·처분이 아니다.
SC0184,중포마을경로당,경로당,의창구,대산면,4812132000.0,other,,no_axis_variation,23.6,용지동,10.17,0.0,,정기 모니터링 유지,정기 모니터링,,정기 모니터링 유지,1,R-OT-default,반복 상위 노출군에 들지 않았다.,,행동 유형은 종류 구분이며 우선순위·위험등급이 아니다. 제안 행동은 행정적 확인 절차이지 규제·처분이 아니다.
SC0185,동부경로당,경로당,의창구,대산면,4812132000.0,other,,no_axis_variation,535.4,용지동,13.04,0.0,,정기 모니터링 유지,정기 모니터링,,정기 모니터링 유지,1,R-OT-default,반복 상위 노출군에 들지 않았다.,,행동 유형은 종류 구분이며 우선순위·위험등급이 아니다. 제안 행동은 행정적 확인 절차이지 규제·처분이 아니다.
SC0186,서부경로당,경로당,의창구,대산면,4812132000.0,other,,no_axis_variation,153.5,용지동,12.93,0.0,,정기 모니터링 유지,정기 모니터링,,정기 모니터링 유지,1,R-OT-default,반복 상위 노출군에 들지 않았다.,,행동 유형은 종류 구분이며 우선순위·위험등급이 아니다. 제안 행동은 행정적 확인 절차이지 규제·처분이 아니다.
SC0187,유청경로당,경로당,의창구,대산면,4812132000.0,other,,no_axis_variation,118.7,용지동,13.04,0.0,,정기 모니터링 유지,정기 모니터링,,정기 모니터링 유지,1,R-OT-default,반복 상위 노출군에 들지 않았다.,,행동 유형은 종류 구분이며 우선순위·위험등급이 아니다. 제안 행동은 행정적 확인 절차이지 규제·처분이 아니다.
SC0188,유등경로당,경로당,의창구,대산면,4812132000.0,other,,no_axis_variation,28.6,용지동,13.23,0.0,,정기 모니터링 유지,정기 모니터링,,정기 모니터링 유지,1,R-OT-default,반복 상위 노출군에 들지 않았다.,,행동 유형은 종류 구분이며 우선순위·위험등급이 아니다. 제안 행동은 행정적 확인 절차이지 규제·처분이 아니다.
SC0189,유등부인경로당,경로당,의창구,대산면,4812132000.0,other,,no_axis_variation,280.9,용지동,13.39,0.0,,정기 모니터링 유지,정기 모니터링,,정기 모니터링 유지,1,R-OT-default,반복 상위 노출군에 들지 않았다.,,행동 유형은 종류 구분이며 우선순위·위험등급이 아니다. 제안 행동은 행정적 확인 절차이지 규제·처분이 아니다.
SC0190,동곡경로당,경로당,의창구,대산면,4812132000.0,other,,no_axis_variation,91.4,용지동,11.64,0.0,,정기 모니터링 유지,정기 모니터링,,정기 모니터링 유지,1,R-OT-default,반복 상위 노출군에 들지 않았다.,,행동 유형은 종류 구분이며 우선순위·위험등급이 아니다. 제안 행동은 행정적 확인 절차이지 규제·처분이 아니다.
SC0192,소답경로당,경로당,의창구,의창동,4812151000.0,other,,no_axis_variation,109.8,명서동,2.65,0.0,,정기 모니터링 유지,정기 모니터링,,정기 모니터링 유지,1,R-OT-default,반복 상위 노출군에 들지 않았다.,,행동 유형은 종류 구분이며 우선순위·위험등급이 아니다. 제안 행동은 행정적 확인 절차이지 규제·처분이 아니다.
SC0193,재건경로당,경로당,의창구,의창동,4812151000.0,other,,no_axis_variation,120.5,명서동,2.98,0.0,,정기 모니터링 유지,정기 모니터링,,정기 모니터링 유지,1,R-OT-default,반복 상위 노출군에 들지 않았다.,,행동 유형은 종류 구분이며 우선순위·위험등급이 아니다. 제안 행동은 행정적 확인 절차이지 규제·처분이 아니다.
SC0194,중동경로당,경로당,의창구,의창동,4812151000.0,other,,no_axis_variation,161.7,명서동,2.94,0.0,,정기 모니터링 유지,정기 모니터링,,정기 모니터링 유지,1,R-OT-default,반복 상위 노출군에 들지 않았다.,,행동 유형은 종류 구분이며 우선순위·위험등급이 아니다. 제안 행동은 행정적 확인 절차이지 규제·처분이 아니다.
SC0195,북동경로당,경로당,의창구,의창동,4812151000.0,other,,no_axis_variation,162.1,명서동,3.24,0.0,,정기 모니터링 유지,정기 모니터링,,정기 모니터링 유지,1,R-OT-default,반복 상위 노출군에 들지 않았다.,,행동 유형은 종류 구분이며 우선순위·위험등급이 아니다. 제안 행동은 행정적 확인 절차이지 규제·처분이 아니다.
SC0196,동정경로당,경로당,의창구,의창동,4812151000.0,other,,no_axis_variation,274.3,명서동,3.47,0.0,,정기 모니터링 유지,정기 모니터링,,정기 모니터링 유지,1,R-OT-default,반복 상위 노출군에 들지 않았다.,,행동 유형은 종류 구분이며 우선순위·위험등급이 아니다. 제안 행동은 행정적 확인 절차이지 규제·처분이 아니다.
SC0198,무학아파트경로당,경로당,의창구,의창동,4812151000.0,other,,no_axis_variation,171.5,명서동,3.39,0.0,,정기 모니터링 유지,정기 모니터링,,정기 모니터링 유지,1,R-OT-default,반복 상위 노출군에 들지 않았다.,,행동 유형은 종류 구분이며 우선순위·위험등급이 아니다. 제안 행동은 행정적 확인 절차이지 규제·처분이 아니다.
SC0199,소계경로당,경로당,의창구,의창동,4812151000.0,other,,no_axis_variation,225.2,명서동,4.32,0.0,,정기 모니터링 유지,정기 모니터링,,정기 모니터링 유지,1,R-OT-default,반복 상위 노출군에 들지 않았다.,,행동 유형은 종류 구분이며 우선순위·위험등급이 아니다. 제안 행동은 행정적 확인 절차이지 규제·처분이 아니다.
SC0200,의창경로당,경로당,의창구,의창동,4812151000.0,other,,no_axis_variation,66.6,명서동,2.95,0.0,,정기 모니터링 유지,정기 모니터링,,정기 모니터링 유지,1,R-OT-default,반복 상위 노출군에 들지 않았다.,,행동 유형은 종류 구분이며 우선순위·위험등급이 아니다. 제안 행동은 행정적 확인 절차이지 규제·처분이 아니다.
SC0201,동정오성아파트경로당,경로당,의창구,의창동,4812151000.0,other,,no_axis_variation,130.2,명서동,3.21,0.0,,정기 모니터링 유지,정기 모니터링,,정기 모니터링 유지,1,R-OT-default,반복 상위 노출군에 들지 않았다.,,행동 유형은 종류 구분이며 우선순위·위험등급이 아니다. 제안 행동은 행정적 확인 절차이지 규제·처분이 아니다.
SC0202,흥한웰가아파트경로당,경로당,의창구,의창동,4812151000.0,other,,no_axis_variation,257.1,명서동,3.27,0.0,,정기 모니터링 유지,정기 모니터링,,정기 모니터링 유지,1,R-OT-default,반복 상위 노출군에 들지 않았다.,,행동 유형은 종류 구분이며 우선순위·위험등급이 아니다. 제안 행동은 행정적 확인 절차이지 규제·처분이 아니다.
SC0204,강무경로당,경로당,의창구,의창동,4812151000.0,other,,no_axis_variation,207.7,명서동,3.3,0.0,,정기 모니터링 유지,정기 모니터링,,정기 모니터링 유지,1,R-OT-default,반복 상위 노출군에 들지 않았다.,,행동 유형은 종류 구분이며 우선순위·위험등급이 아니다. 제안 행동은 행정적 확인 절차이지 규제·처분이 아니다.
SC0205,천주경로당,경로당,의창구,의창동,4812151000.0,other,,no_axis_variation,54.9,명서동,4.5,0.0,,정기 모니터링 유지,정기 모니터링,,정기 모니터링 유지,1,R-OT-default,반복 상위 노출군에 들지 않았다.,,행동 유형은 종류 구분이며 우선순위·위험등급이 아니다. 제안 행동은 행정적 확인 절차이지 규제·처분이 아니다.
SC0206,소답제2경로당,경로당,의창구,의창동,4812151000.0,other,,no_axis_variation,208.4,명서동,2.37,0.0,,정기 모니터링 유지,정기 모니터링,,정기 모니터링 유지,1,R-OT-default,반복 상위 노출군에 들지 않았다.,,행동 유형은 종류 구분이며 우선순위·위험등급이 아니다. 제안 행동은 행정적 확인 절차이지 규제·처분이 아니다.
SC0209,유니시티2단지아파트경로당,경로당,의창구,의창동,4812151000.0,other,,no_axis_variation,171.4,명서동,1.89,0.0,,정기 모니터링 유지,정기 모니터링,,정기 모니터링 유지,1,R-OT-default,반복 상위 노출군에 들지 않았다.,,행동 유형은 종류 구분이며 우선순위·위험등급이 아니다. 제안 행동은 행정적 확인 절차이지 규제·처분이 아니다.
SC0210,유니시티3단지아파트경로당,경로당,의창구,명곡동,4812153000.0,other,,no_axis_variation,169.1,명서동,1.66,0.0,,정기 모니터링 유지,정기 모니터링,,정기 모니터링 유지,1,R-OT-default,반복 상위 노출군에 들지 않았다.,,행동 유형은 종류 구분이며 우선순위·위험등급이 아니다. 제안 행동은 행정적 확인 절차이지 규제·처분이 아니다.
SC0211,유니시티4 시니어클럽경로당,경로당,의창구,명곡동,4812153000.0,other,,no_axis_variation,0.0,명서동,1.68,0.0,,정기 모니터링 유지,정기 모니터링,,정기 모니터링 유지,1,R-OT-default,반복 상위 노출군에 들지 않았다.,,행동 유형은 종류 구분이며 우선순위·위험등급이 아니다. 제안 행동은 행정적 확인 절차이지 규제·처분이 아니다.
SC0212,의안경로당,경로당,의창구,의창동,4812151000.0,other,,no_axis_variation,158.3,명서동,2.74,0.0,,정기 모니터링 유지,정기 모니터링,,정기 모니터링 유지,1,R-OT-default,반복 상위 노출군에 들지 않았다.,,행동 유형은 종류 구분이며 우선순위·위험등급이 아니다. 제안 행동은 행정적 확인 절차이지 규제·처분이 아니다.
SC0223,명곡경로당,경로당,의창구,명곡동,4812153000.0,other,,no_axis_variation,138.1,명서동,1.18,0.0,,정기 모니터링 유지,정기 모니터링,,정기 모니터링 유지,1,R-OT-default,반복 상위 노출군에 들지 않았다.,,행동 유형은 종류 구분이며 우선순위·위험등급이 아니다. 제안 행동은 행정적 확인 절차이지 규제·처분이 아니다.
SC0224,낙원경로당,경로당,의창구,명곡동,4812153000.0,other,,no_axis_variation,245.4,명서동,1.76,0.0,,정기 모니터링 유지,정기 모니터링,,정기 모니터링 유지,1,R-OT-default,반복 상위 노출군에 들지 않았다.,,행동 유형은 종류 구분이며 우선순위·위험등급이 아니다. 제안 행동은 행정적 확인 절차이지 규제·처분이 아니다.
SC0225,안골경로당,경로당,의창구,명곡동,4812153000.0,other,,no_axis_variation,280.1,명서동,2.24,0.0,,정기 모니터링 유지,정기 모니터링,,정기 모니터링 유지,1,R-OT-default,반복 상위 노출군에 들지 않았다.,,행동 유형은 종류 구분이며 우선순위·위험등급이 아니다. 제안 행동은 행정적 확인 절차이지 규제·처분이 아니다.
SC0226,도계경로당,경로당,의창구,명곡동,4812153000.0,other,,no_axis_variation,129.4,명서동,2.1,0.0,,정기 모니터링 유지,정기 모니터링,,정기 모니터링 유지,1,R-OT-default,반복 상위 노출군에 들지 않았다.,,행동 유형은 종류 구분이며 우선순위·위험등급이 아니다. 제안 행동은 행정적 확인 절차이지 규제·처분이 아니다.
SC0227,새동네경로당,경로당,의창구,명곡동,4812153000.0,other,,no_axis_variation,110.3,명서동,1.77,0.0,,정기 모니터링 유지,정기 모니터링,,정기 모니터링 유지,1,R-OT-default,반복 상위 노출군에 들지 않았다.,,행동 유형은 종류 구분이며 우선순위·위험등급이 아니다. 제안 행동은 행정적 확인 절차이지 규제·처분이 아니다.
SC0228,도계휴먼시아경로당,경로당,의창구,명곡동,4812153000.0,other,,no_axis_variation,183.1,명서동,1.39,0.0,,정기 모니터링 유지,정기 모니터링,,정기 모니터링 유지,1,R-OT-default,반복 상위 노출군에 들지 않았다.,,행동 유형은 종류 구분이며 우선순위·위험등급이 아니다. 제안 행동은 행정적 확인 절차이지 규제·처분이 아니다.
SC0229,명서2경로당,경로당,의창구,명곡동,4812153000.0,other,,no_axis_variation,584.2,명서동,0.45,0.0,,정기 모니터링 유지,정기 모니터링,,정기 모니터링 유지,1,R-OT-default,반복 상위 노출군에 들지 않았다.,,행동 유형은 종류 구분이며 우선순위·위험등급이 아니다. 제안 행동은 행정적 확인 절차이지 규제·처분이 아니다.
SC0230,명서주민복지회관경로당,경로당,의창구,명곡동,4812153000.0,other,,no_axis_variation,527.3,명서동,0.04,0.0,,정기 모니터링 유지,정기 모니터링,,정기 모니터링 유지,1,R-OT-default,반복 상위 노출군에 들지 않았다.,,행동 유형은 종류 구분이며 우선순위·위험등급이 아니다. 제안 행동은 행정적 확인 절차이지 규제·처분이 아니다.
SC0232,명지경로당,경로당,의창구,명곡동,4812153000.0,other,,no_axis_variation,238.0,명서동,0.69,0.0,,정기 모니터링 유지,정기 모니터링,,정기 모니터링 유지,1,R-OT-default,반복 상위 노출군에 들지 않았다.,,행동 유형은 종류 구분이며 우선순위·위험등급이 아니다. 제안 행동은 행정적 확인 절차이지 규제·처분이 아니다.
SC0233,서곡경로당,경로당,의창구,명곡동,4812153000.0,other,,no_axis_variation,372.1,명서동,1.02,0.0,,정기 모니터링 유지,정기 모니터링,,정기 모니터링 유지,1,R-OT-default,반복 상위 노출군에 들지 않았다.,,행동 유형은 종류 구분이며 우선순위·위험등급이 아니다. 제안 행동은 행정적 확인 절차이지 규제·처분이 아니다.
SC0234,두산위브경로당,경로당,의창구,명곡동,4812153000.0,other,,no_axis_variation,182.4,명서동,1.09,0.0,,정기 모니터링 유지,정기 모니터링,,정기 모니터링 유지,1,R-OT-default,반복 상위 노출군에 들지 않았다.,,행동 유형은 종류 구분이며 우선순위·위험등급이 아니다. 제안 행동은 행정적 확인 절차이지 규제·처분이 아니다.
SC0235,상강한주맨션경로당,경로당,의창구,명곡동,4812153000.0,other,,no_axis_variation,252.8,명서동,1.75,0.0,,정기 모니터링 유지,정기 모니터링,,정기 모니터링 유지,1,R-OT-default,반복 상위 노출군에 들지 않았다.,,행동 유형은 종류 구분이며 우선순위·위험등급이 아니다. 제안 행동은 행정적 확인 절차이지 규제·처분이 아니다.
SC0236,동부 경로당,경로당,의창구,봉림동,4812154000.0,other,,no_axis_variation,394.6,용지동,1.51,0.0,,정기 모니터링 유지,정기 모니터링,,정기 모니터링 유지,1,R-OT-default,반복 상위 노출군에 들지 않았다.,,행동 유형은 종류 구분이며 우선순위·위험등급이 아니다. 제안 행동은 행정적 확인 절차이지 규제·처분이 아니다.
SC0237,봉곡 경로당,경로당,의창구,봉림동,4812154000.0,other,,no_axis_variation,419.3,명서동,2.17,0.0,,정기 모니터링 유지,정기 모니터링,,정기 모니터링 유지,1,R-OT-default,반복 상위 노출군에 들지 않았다.,,행동 유형은 종류 구분이며 우선순위·위험등급이 아니다. 제안 행동은 행정적 확인 절차이지 규제·처분이 아니다.
SC0238,봉곡복지경로당,경로당,의창구,봉림동,4812154000.0,other,,no_axis_variation,317.2,명서동,1.24,0.0,,정기 모니터링 유지,정기 모니터링,,정기 모니터링 유지,1,R-OT-default,반복 상위 노출군에 들지 않았다.,,행동 유형은 종류 구분이며 우선순위·위험등급이 아니다. 제안 행동은 행정적 확인 절차이지 규제·처분이 아니다.
SC0239,봉덕 경로당,경로당,의창구,봉림동,4812154000.0,other,,no_axis_variation,317.1,용지동,1.96,0.0,,정기 모니터링 유지,정기 모니터링,,정기 모니터링 유지,1,R-OT-default,반복 상위 노출군에 들지 않았다.,,행동 유형은 종류 구분이며 우선순위·위험등급이 아니다. 제안 행동은 행정적 확인 절차이지 규제·처분이 아니다.
SC0240,봉촌 경로당,경로당,의창구,봉림동,4812154000.0,other,,no_axis_variation,568.7,명서동,1.4,0.0,,정기 모니터링 유지,정기 모니터링,,정기 모니터링 유지,1,R-OT-default,반복 상위 노출군에 들지 않았다.,,행동 유형은 종류 구분이며 우선순위·위험등급이 아니다. 제안 행동은 행정적 확인 절차이지 규제·처분이 아니다.
SC0241,사림제1경로당,경로당,의창구,봉림동,4812154000.0,other,,no_axis_variation,122.6,용지동,0.92,0.0,,정기 모니터링 유지,정기 모니터링,,정기 모니터링 유지,1,R-OT-default,반복 상위 노출군에 들지 않았다.,,행동 유형은 종류 구분이며 우선순위·위험등급이 아니다. 제안 행동은 행정적 확인 절차이지 규제·처분이 아니다.
SC0242,사림제2경로당,경로당,의창구,봉림동,4812154000.0,other,,no_axis_variation,218.1,용지동,1.17,0.0,,정기 모니터링 유지,정기 모니터링,,정기 모니터링 유지,1,R-OT-default,반복 상위 노출군에 들지 않았다.,,행동 유형은 종류 구분이며 우선순위·위험등급이 아니다. 제안 행동은 행정적 확인 절차이지 규제·처분이 아니다.
SC0243,연덕 경로당,경로당,의창구,봉림동,4812154000.0,other,,no_axis_variation,391.0,용지동,2.1,0.0,,정기 모니터링 유지,정기 모니터링,,정기 모니터링 유지,1,R-OT-default,반복 상위 노출군에 들지 않았다.,,행동 유형은 종류 구분이며 우선순위·위험등급이 아니다. 제안 행동은 행정적 확인 절차이지 규제·처분이 아니다.
SC0244,웅남 경로당,경로당,의창구,봉림동,4812154000.0,other,,no_axis_variation,218.3,용지동,1.31,0.0,,정기 모니터링 유지,정기 모니터링,,정기 모니터링 유지,1,R-OT-default,반복 상위 노출군에 들지 않았다.,,행동 유형은 종류 구분이며 우선순위·위험등급이 아니다. 제안 행동은 행정적 확인 절차이지 규제·처분이 아니다.
SC0245,정병산 경로당,경로당,의창구,봉림동,4812154000.0,other,,no_axis_variation,386.1,용지동,0.46,0.0,,정기 모니터링 유지,정기 모니터링,,정기 모니터링 유지,1,R-OT-default,반복 상위 노출군에 들지 않았다.,,행동 유형은 종류 구분이며 우선순위·위험등급이 아니다. 제안 행동은 행정적 확인 절차이지 규제·처분이 아니다.
SC0246,지귀 경로당,경로당,의창구,봉림동,4812154000.0,other,,no_axis_variation,579.4,명서동,1.78,0.0,,정기 모니터링 유지,정기 모니터링,,정기 모니터링 유지,1,R-OT-default,반복 상위 노출군에 들지 않았다.,,행동 유형은 종류 구분이며 우선순위·위험등급이 아니다. 제안 행동은 행정적 확인 절차이지 규제·처분이 아니다.
SC0247,코오롱아파트경로당,경로당,의창구,봉림동,4812154000.0,other,,no_axis_variation,620.3,명서동,1.45,0.0,,정기 모니터링 유지,정기 모니터링,,정기 모니터링 유지,1,R-OT-default,반복 상위 노출군에 들지 않았다.,,행동 유형은 종류 구분이며 우선순위·위험등급이 아니다. 제안 행동은 행정적 확인 절차이지 규제·처분이 아니다.
SC0248,피닉스포레경로당,경로당,의창구,봉림동,4812154000.0,other,,no_axis_variation,123.8,용지동,2.4,0.0,,정기 모니터링 유지,정기 모니터링,,정기 모니터링 유지,1,R-OT-default,반복 상위 노출군에 들지 않았다.,,행동 유형은 종류 구분이며 우선순위·위험등급이 아니다. 제안 행동은 행정적 확인 절차이지 규제·처분이 아니다.
SC0249,휴먼시아1단지경로당,경로당,의창구,봉림동,4812154000.0,other,,no_axis_variation,190.2,용지동,2.36,0.0,,정기 모니터링 유지,정기 모니터링,,정기 모니터링 유지,1,R-OT-default,반복 상위 노출군에 들지 않았다.,,행동 유형은 종류 구분이며 우선순위·위험등급이 아니다. 제안 행동은 행정적 확인 절차이지 규제·처분이 아니다.
SC0250,휴먼시아2단지경로당,경로당,의창구,봉림동,4812154000.0,other,,no_axis_variation,105.3,용지동,2.36,0.0,,정기 모니터링 유지,정기 모니터링,,정기 모니터링 유지,1,R-OT-default,반복 상위 노출군에 들지 않았다.,,행동 유형은 종류 구분이며 우선순위·위험등급이 아니다. 제안 행동은 행정적 확인 절차이지 규제·처분이 아니다.
SC0251,까치1차A 경로당,경로당,성산구,반송동,4812351000.0,other,,no_axis_variation,517.8,용지동,1.81,0.0,,정기 모니터링 유지,정기 모니터링,,정기 모니터링 유지,1,R-OT-default,반복 상위 노출군에 들지 않았다.,,행동 유형은 종류 구분이며 우선순위·위험등급이 아니다. 제안 행동은 행정적 확인 절차이지 규제·처분이 아니다.
SC0252,까치2차A 경로당,경로당,성산구,반송동,4812351000.0,other,,no_axis_variation,535.5,용지동,1.92,0.0,,정기 모니터링 유지,정기 모니터링,,정기 모니터링 유지,1,R-OT-default,반복 상위 노출군에 들지 않았다.,,행동 유형은 종류 구분이며 우선순위·위험등급이 아니다. 제안 행동은 행정적 확인 절차이지 규제·처분이 아니다.
SC0253,노블파크A 경로당,경로당,성산구,반송동,4812351000.0,other,,no_axis_variation,280.5,용지동,1.7,0.0,,정기 모니터링 유지,정기 모니터링,,정기 모니터링 유지,1,R-OT-default,반복 상위 노출군에 들지 않았다.,,행동 유형은 종류 구분이며 우선순위·위험등급이 아니다. 제안 행동은 행정적 확인 절차이지 규제·처분이 아니다.
SC0254,대동A 경로당,경로당,성산구,반송동,4812351000.0,other,,no_axis_variation,439.5,용지동,1.66,0.0,,정기 모니터링 유지,정기 모니터링,,정기 모니터링 유지,1,R-OT-default,반복 상위 노출군에 들지 않았다.,,행동 유형은 종류 구분이며 우선순위·위험등급이 아니다. 제안 행동은 행정적 확인 절차이지 규제·처분이 아니다.
SC0255,럭키A 경로당,경로당,성산구,반송동,4812351000.0,other,,no_axis_variation,378.7,용지동,1.45,0.0,,정기 모니터링 유지,정기 모니터링,,정기 모니터링 유지,1,R-OT-default,반복 상위 노출군에 들지 않았다.,,행동 유형은 종류 구분이며 우선순위·위험등급이 아니다. 제안 행동은 행정적 확인 절차이지 규제·처분이 아니다.
SC0256,반지경로당,경로당,성산구,반송동,4812351000.0,other,,no_axis_variation,300.5,명서동,1.66,0.0,,정기 모니터링 유지,정기 모니터링,,정기 모니터링 유지,1,R-OT-default,반복 상위 노출군에 들지 않았다.,,행동 유형은 종류 구분이며 우선순위·위험등급이 아니다. 제안 행동은 행정적 확인 절차이지 규제·처분이 아니다.
SC0257,반지제2경로당,경로당,성산구,반송동,4812351000.0,other,,no_axis_variation,107.1,명서동,1.97,0.0,,정기 모니터링 유지,정기 모니터링,,정기 모니터링 유지,1,R-OT-default,반복 상위 노출군에 들지 않았다.,,행동 유형은 종류 구분이며 우선순위·위험등급이 아니다. 제안 행동은 행정적 확인 절차이지 규제·처분이 아니다.
SC0258,반지제3경로당,경로당,성산구,반송동,4812351000.0,other,,no_axis_variation,253.3,명서동,1.95,0.0,,정기 모니터링 유지,정기 모니터링,,정기 모니터링 유지,1,R-OT-default,반복 상위 노출군에 들지 않았다.,,행동 유형은 종류 구분이며 우선순위·위험등급이 아니다. 제안 행동은 행정적 확인 절차이지 규제·처분이 아니다.
SC0259,반지제4경로당,경로당,성산구,반송동,4812351000.0,other,,no_axis_variation,314.9,명서동,1.36,0.0,,정기 모니터링 유지,정기 모니터링,,정기 모니터링 유지,1,R-OT-default,반복 상위 노출군에 들지 않았다.,,행동 유형은 종류 구분이며 우선순위·위험등급이 아니다. 제안 행동은 행정적 확인 절차이지 규제·처분이 아니다.
SC0260,트리비앙A 경로당,경로당,성산구,반송동,4812351000.0,other,,no_axis_variation,355.0,용지동,1.03,0.0,,정기 모니터링 유지,정기 모니터링,,정기 모니터링 유지,1,R-OT-default,반복 상위 노출군에 들지 않았다.,,행동 유형은 종류 구분이며 우선순위·위험등급이 아니다. 제안 행동은 행정적 확인 절차이지 규제·처분이 아니다.
SC0263,내동아파트경로당,경로당,성산구,중앙동,4812352000.0,other,,no_axis_variation,402.7,웅남동,1.12,15.0,,정기 모니터링 유지,정기 모니터링,,정기 모니터링 유지,1,R-OT-default,반복 상위 노출군에 들지 않았다.,,행동 유형은 종류 구분이며 우선순위·위험등급이 아니다. 제안 행동은 행정적 확인 절차이지 규제·처분이 아니다.
SC0265,대호타워아파트경로당,경로당,성산구,중앙동,4812352000.0,other,,no_axis_variation,87.1,웅남동,1.87,15.0,,정기 모니터링 유지,정기 모니터링,,정기 모니터링 유지,1,R-OT-default,반복 상위 노출군에 들지 않았다.,,행동 유형은 종류 구분이며 우선순위·위험등급이 아니다. 제안 행동은 행정적 확인 절차이지 규제·처분이 아니다.
SC0266,동성샛별아파트경로당,경로당,성산구,중앙동,4812352000.0,other,,no_axis_variation,195.6,웅남동,1.06,15.0,,정기 모니터링 유지,정기 모니터링,,정기 모니터링 유지,1,R-OT-default,반복 상위 노출군에 들지 않았다.,,행동 유형은 종류 구분이며 우선순위·위험등급이 아니다. 제안 행동은 행정적 확인 절차이지 규제·처분이 아니다.
SC0267,외동경로당,경로당,성산구,중앙동,4812352000.0,other,,no_axis_variation,130.1,웅남동,1.59,15.0,,정기 모니터링 유지,정기 모니터링,,정기 모니터링 유지,1,R-OT-default,반복 상위 노출군에 들지 않았다.,,행동 유형은 종류 구분이며 우선순위·위험등급이 아니다. 제안 행동은 행정적 확인 절차이지 규제·처분이 아니다.
SC0268,외동월드메르디앙경로당,경로당,성산구,중앙동,4812352000.0,other,,no_axis_variation,233.6,웅남동,1.64,15.0,,정기 모니터링 유지,정기 모니터링,,정기 모니터링 유지,1,R-OT-default,반복 상위 노출군에 들지 않았다.,,행동 유형은 종류 구분이며 우선순위·위험등급이 아니다. 제안 행동은 행정적 확인 절차이지 규제·처분이 아니다.
SC0269,장수경로당,경로당,성산구,중앙동,4812352000.0,other,,no_axis_variation,147.3,용지동,1.17,15.0,,정기 모니터링 유지,정기 모니터링,,정기 모니터링 유지,1,R-OT-default,반복 상위 노출군에 들지 않았다.,,행동 유형은 종류 구분이며 우선순위·위험등급이 아니다. 제안 행동은 행정적 확인 절차이지 규제·처분이 아니다.
SC0272,송죽경로당,경로당,성산구,중앙동,4812352000.0,other,,no_axis_variation,201.3,용지동,1.72,15.0,,정기 모니터링 유지,정기 모니터링,,정기 모니터링 유지,1,R-OT-default,반복 상위 노출군에 들지 않았다.,,행동 유형은 종류 구분이며 우선순위·위험등급이 아니다. 제안 행동은 행정적 확인 절차이지 규제·처분이 아니다.
SC0274,상남꿈에그린아파트경로당,경로당,성산구,중앙동,4812352000.0,other,,no_axis_variation,312.1,사파동,1.76,15.0,,정기 모니터링 유지,정기 모니터링,,정기 모니터링 유지,1,R-OT-default,반복 상위 노출군에 들지 않았다.,,행동 유형은 종류 구분이며 우선순위·위험등급이 아니다. 제안 행동은 행정적 확인 절차이지 규제·처분이 아니다.
SC0275,대원경로당,경로당,성산구,중앙동,4812352000.0,other,,no_axis_variation,303.3,명서동,1.43,15.0,,정기 모니터링 유지,정기 모니터링,,정기 모니터링 유지,1,R-OT-default,반복 상위 노출군에 들지 않았다.,,행동 유형은 종류 구분이며 우선순위·위험등급이 아니다. 제안 행동은 행정적 확인 절차이지 규제·처분이 아니다.
SC0276,대원파크빌 경로당,경로당,성산구,중앙동,4812352000.0,other,,no_axis_variation,60.7,웅남동,1.45,15.0,,정기 모니터링 유지,정기 모니터링,,정기 모니터링 유지,1,R-OT-default,반복 상위 노출군에 들지 않았다.,,행동 유형은 종류 구분이며 우선순위·위험등급이 아니다. 제안 행동은 행정적 확인 절차이지 규제·처분이 아니다.
SC0277,대동1차(아)경로당,경로당,성산구,중앙동,4812352000.0,other,,no_axis_variation,266.0,웅남동,1.57,15.0,,정기 모니터링 유지,정기 모니터링,,정기 모니터링 유지,1,R-OT-default,반복 상위 노출군에 들지 않았다.,,행동 유형은 종류 구분이며 우선순위·위험등급이 아니다. 제안 행동은 행정적 확인 절차이지 규제·처분이 아니다.
SC0278,대동2차(아)경로당,경로당,성산구,중앙동,4812352000.0,other,,no_axis_variation,264.6,웅남동,1.64,15.0,,정기 모니터링 유지,정기 모니터링,,정기 모니터링 유지,1,R-OT-default,반복 상위 노출군에 들지 않았다.,,행동 유형은 종류 구분이며 우선순위·위험등급이 아니다. 제안 행동은 행정적 확인 절차이지 규제·처분이 아니다.
SC0280,대원포레나경로당,경로당,성산구,중앙동,4812352000.0,other,,no_axis_variation,386.7,명서동,1.06,15.0,,정기 모니터링 유지,정기 모니터링,,정기 모니터링 유지,1,R-OT-default,반복 상위 노출군에 들지 않았다.,,행동 유형은 종류 구분이며 우선순위·위험등급이 아니다. 제안 행동은 행정적 확인 절차이지 규제·처분이 아니다.
SC0281,용호경로당,경로당,성산구,용지동,4812351500.0,other,,no_axis_variation,174.5,용지동,0.39,0.0,,정기 모니터링 유지,정기 모니터링,,정기 모니터링 유지,1,R-OT-default,반복 상위 노출군에 들지 않았다.,,행동 유형은 종류 구분이며 우선순위·위험등급이 아니다. 제안 행동은 행정적 확인 절차이지 규제·처분이 아니다.
SC0282,용지경로당,경로당,성산구,용지동,4812351500.0,other,,no_axis_variation,177.6,용지동,0.0,0.0,,정기 모니터링 유지,정기 모니터링,,정기 모니터링 유지,1,R-OT-default,반복 상위 노출군에 들지 않았다.,,행동 유형은 종류 구분이며 우선순위·위험등급이 아니다. 제안 행동은 행정적 확인 절차이지 규제·처분이 아니다.
SC0283,일동아파트 1단지 경로당,경로당,성산구,용지동,4812351500.0,other,,no_axis_variation,356.8,용지동,0.52,0.0,,정기 모니터링 유지,정기 모니터링,,정기 모니터링 유지,1,R-OT-default,반복 상위 노출군에 들지 않았다.,,행동 유형은 종류 구분이며 우선순위·위험등급이 아니다. 제안 행동은 행정적 확인 절차이지 규제·처분이 아니다.
SC0284,일동아파트 2단지 경로당,경로당,성산구,용지동,4812351500.0,other,,no_axis_variation,356.8,용지동,0.52,0.0,,정기 모니터링 유지,정기 모니터링,,정기 모니터링 유지,1,R-OT-default,반복 상위 노출군에 들지 않았다.,,행동 유형은 종류 구분이며 우선순위·위험등급이 아니다. 제안 행동은 행정적 확인 절차이지 규제·처분이 아니다.
SC0285,무학아파트 1단지 경로당,경로당,성산구,용지동,4812351500.0,other,,no_axis_variation,443.9,용지동,0.53,0.0,,정기 모니터링 유지,정기 모니터링,,정기 모니터링 유지,1,R-OT-default,반복 상위 노출군에 들지 않았다.,,행동 유형은 종류 구분이며 우선순위·위험등급이 아니다. 제안 행동은 행정적 확인 절차이지 규제·처분이 아니다.
SC0286,무학아파트 2단지 경로당,경로당,성산구,용지동,4812351500.0,other,,no_axis_variation,443.9,용지동,0.53,0.0,,정기 모니터링 유지,정기 모니터링,,정기 모니터링 유지,1,R-OT-default,반복 상위 노출군에 들지 않았다.,,행동 유형은 종류 구분이며 우선순위·위험등급이 아니다. 제안 행동은 행정적 확인 절차이지 규제·처분이 아니다.
SC0287,롯데아파트경로당,경로당,성산구,용지동,4812351500.0,other,,no_axis_variation,108.3,용지동,0.3,0.0,,정기 모니터링 유지,정기 모니터링,,정기 모니터링 유지,1,R-OT-default,반복 상위 노출군에 들지 않았다.,,행동 유형은 종류 구분이며 우선순위·위험등급이 아니다. 제안 행동은 행정적 확인 절차이지 규제·처분이 아니다.
SC0288,신월제1경로당,경로당,성산구,용지동,4812351500.0,other,,no_axis_variation,149.4,용지동,0.98,0.0,,정기 모니터링 유지,정기 모니터링,,정기 모니터링 유지,1,R-OT-default,반복 상위 노출군에 들지 않았다.,,행동 유형은 종류 구분이며 우선순위·위험등급이 아니다. 제안 행동은 행정적 확인 절차이지 규제·처분이 아니다.
SC0289,신월제2경로당,경로당,성산구,용지동,4812351500.0,other,,no_axis_variation,308.9,사파동,0.65,0.0,,정기 모니터링 유지,정기 모니터링,,정기 모니터링 유지,1,R-OT-default,반복 상위 노출군에 들지 않았다.,,행동 유형은 종류 구분이며 우선순위·위험등급이 아니다. 제안 행동은 행정적 확인 절차이지 규제·처분이 아니다.
SC0290,신월은아아파트 경로당,경로당,성산구,용지동,4812351500.0,other,,no_axis_variation,312.9,사파동,1.08,0.0,,정기 모니터링 유지,정기 모니터링,,정기 모니터링 유지,1,R-OT-default,반복 상위 노출군에 들지 않았다.,,행동 유형은 종류 구분이며 우선순위·위험등급이 아니다. 제안 행동은 행정적 확인 절차이지 규제·처분이 아니다.
SC0292,용지더샵레이크파크경로당,경로당,성산구,용지동,4812351500.0,other,,no_axis_variation,420.8,용지동,0.98,0.0,,정기 모니터링 유지,정기 모니터링,,정기 모니터링 유지,1,R-OT-default,반복 상위 노출군에 들지 않았다.,,행동 유형은 종류 구분이며 우선순위·위험등급이 아니다. 제안 행동은 행정적 확인 절차이지 규제·처분이 아니다.
SC0293,성원1단지경로당,경로당,성산구,상남동,4812353000.0,other,,no_axis_variation,520.7,사파동,0.91,1.0,,정기 모니터링 유지,정기 모니터링,,정기 모니터링 유지,1,R-OT-default,반복 상위 노출군에 들지 않았다.,,행동 유형은 종류 구분이며 우선순위·위험등급이 아니다. 제안 행동은 행정적 확인 절차이지 규제·처분이 아니다.
SC0294,성원2단지경로당,경로당,성산구,상남동,4812353000.0,other,,no_axis_variation,520.7,사파동,0.91,1.0,,정기 모니터링 유지,정기 모니터링,,정기 모니터링 유지,1,R-OT-default,반복 상위 노출군에 들지 않았다.,,행동 유형은 종류 구분이며 우선순위·위험등급이 아니다. 제안 행동은 행정적 확인 절차이지 규제·처분이 아니다.
SC0295,성원3단지1경로당,경로당,성산구,상남동,4812353000.0,other,,no_axis_variation,520.7,사파동,0.91,1.0,,정기 모니터링 유지,정기 모니터링,,정기 모니터링 유지,1,R-OT-default,반복 상위 노출군에 들지 않았다.,,행동 유형은 종류 구분이며 우선순위·위험등급이 아니다. 제안 행동은 행정적 확인 절차이지 규제·처분이 아니다.
SC0296,성원3단지2경로당,경로당,성산구,상남동,4812353000.0,other,,no_axis_variation,520.7,사파동,0.91,1.0,,정기 모니터링 유지,정기 모니터링,,정기 모니터링 유지,1,R-OT-default,반복 상위 노출군에 들지 않았다.,,행동 유형은 종류 구분이며 우선순위·위험등급이 아니다. 제안 행동은 행정적 확인 절차이지 규제·처분이 아니다.
SC0297,성원5단지1경로당,경로당,성산구,상남동,4812353000.0,other,,no_axis_variation,520.7,사파동,0.91,1.0,,정기 모니터링 유지,정기 모니터링,,정기 모니터링 유지,1,R-OT-default,반복 상위 노출군에 들지 않았다.,,행동 유형은 종류 구분이며 우선순위·위험등급이 아니다. 제안 행동은 행정적 확인 절차이지 규제·처분이 아니다.
SC0298,성원5단지2경로당,경로당,성산구,상남동,4812353000.0,other,,no_axis_variation,520.7,사파동,0.91,1.0,,정기 모니터링 유지,정기 모니터링,,정기 모니터링 유지,1,R-OT-default,반복 상위 노출군에 들지 않았다.,,행동 유형은 종류 구분이며 우선순위·위험등급이 아니다. 제안 행동은 행정적 확인 절차이지 규제·처분이 아니다.
SC0299,대동아파트경로당,경로당,성산구,상남동,4812353000.0,other,,no_axis_variation,200.3,사파동,1.01,1.0,,정기 모니터링 유지,정기 모니터링,,정기 모니터링 유지,1,R-OT-default,반복 상위 노출군에 들지 않았다.,,행동 유형은 종류 구분이며 우선순위·위험등급이 아니다. 제안 행동은 행정적 확인 절차이지 규제·처분이 아니다.
SC0300,상남경로당,경로당,성산구,상남동,4812353000.0,other,,no_axis_variation,100.8,사파동,1.22,1.0,,정기 모니터링 유지,정기 모니터링,,정기 모니터링 유지,1,R-OT-default,반복 상위 노출군에 들지 않았다.,,행동 유형은 종류 구분이며 우선순위·위험등급이 아니다. 제안 행동은 행정적 확인 절차이지 규제·처분이 아니다.
SC0301,동산경로당,경로당,성산구,상남동,4812353000.0,other,,no_axis_variation,156.4,사파동,1.23,1.0,,정기 모니터링 유지,정기 모니터링,,정기 모니터링 유지,1,R-OT-default,반복 상위 노출군에 들지 않았다.,,행동 유형은 종류 구분이며 우선순위·위험등급이 아니다. 제안 행동은 행정적 확인 절차이지 규제·처분이 아니다.
SC0302,고산경로당,경로당,성산구,사파동,4812354000.0,other,,no_axis_variation,219.4,사파동,0.67,2.0,,정기 모니터링 유지,정기 모니터링,,정기 모니터링 유지,1,R-OT-default,반복 상위 노출군에 들지 않았다.,,행동 유형은 종류 구분이며 우선순위·위험등급이 아니다. 제안 행동은 행정적 확인 절차이지 규제·처분이 아니다.
SC0303,사파정경로당,경로당,성산구,사파동,4812354000.0,other,,no_axis_variation,293.2,사파동,0.19,2.0,,정기 모니터링 유지,정기 모니터링,,정기 모니터링 유지,1,R-OT-default,반복 상위 노출군에 들지 않았다.,,행동 유형은 종류 구분이며 우선순위·위험등급이 아니다. 제안 행동은 행정적 확인 절차이지 규제·처분이 아니다.
SC0304,사파경로당,경로당,성산구,사파동,4812354000.0,other,,no_axis_variation,227.2,사파동,0.14,2.0,,정기 모니터링 유지,정기 모니터링,,정기 모니터링 유지,1,R-OT-default,반복 상위 노출군에 들지 않았다.,,행동 유형은 종류 구분이며 우선순위·위험등급이 아니다. 제안 행동은 행정적 확인 절차이지 규제·처분이 아니다.
SC0305,신덕경로당,경로당,성산구,사파동,4812354000.0,other,,no_axis_variation,235.5,사파동,0.67,2.0,,정기 모니터링 유지,정기 모니터링,,정기 모니터링 유지,1,R-OT-default,반복 상위 노출군에 들지 않았다.,,행동 유형은 종류 구분이며 우선순위·위험등급이 아니다. 제안 행동은 행정적 확인 절차이지 규제·처분이 아니다.
SC0306,사파제2경로당,경로당,성산구,사파동,4812354000.0,other,,no_axis_variation,203.5,사파동,0.44,2.0,,정기 모니터링 유지,정기 모니터링,,정기 모니터링 유지,1,R-OT-default,반복 상위 노출군에 들지 않았다.,,행동 유형은 종류 구분이며 우선순위·위험등급이 아니다. 제안 행동은 행정적 확인 절차이지 규제·처분이 아니다.
SC0307,사파대동(아)제1경로당,경로당,성산구,사파동,4812354000.0,other,,no_axis_variation,445.8,사파동,0.27,2.0,,정기 모니터링 유지,정기 모니터링,,정기 모니터링 유지,1,R-OT-default,반복 상위 노출군에 들지 않았다.,,행동 유형은 종류 구분이며 우선순위·위험등급이 아니다. 제안 행동은 행정적 확인 절차이지 규제·처분이 아니다.
SC0308,사파대동(아)제2경로당,경로당,성산구,사파동,4812354000.0,other,,no_axis_variation,445.8,사파동,0.27,2.0,,정기 모니터링 유지,정기 모니터링,,정기 모니터링 유지,1,R-OT-default,반복 상위 노출군에 들지 않았다.,,행동 유형은 종류 구분이며 우선순위·위험등급이 아니다. 제안 행동은 행정적 확인 절차이지 규제·처분이 아니다.
SC0309,삼익(아)경로당,경로당,성산구,사파동,4812354000.0,other,,no_axis_variation,403.3,사파동,0.47,2.0,,정기 모니터링 유지,정기 모니터링,,정기 모니터링 유지,1,R-OT-default,반복 상위 노출군에 들지 않았다.,,행동 유형은 종류 구분이며 우선순위·위험등급이 아니다. 제안 행동은 행정적 확인 절차이지 규제·처분이 아니다.
SC0310,무궁화(아)경로당,경로당,성산구,사파동,4812354000.0,other,,no_axis_variation,216.9,사파동,0.53,2.0,,정기 모니터링 유지,정기 모니터링,,정기 모니터링 유지,1,R-OT-default,반복 상위 노출군에 들지 않았다.,,행동 유형은 종류 구분이며 우선순위·위험등급이 아니다. 제안 행동은 행정적 확인 절차이지 규제·처분이 아니다.
SC0311,사파동성(아)경로당,경로당,성산구,사파동,4812354000.0,other,,no_axis_variation,347.7,사파동,0.7,2.0,,정기 모니터링 유지,정기 모니터링,,정기 모니터링 유지,1,R-OT-default,반복 상위 노출군에 들지 않았다.,,행동 유형은 종류 구분이며 우선순위·위험등급이 아니다. 제안 행동은 행정적 확인 절차이지 규제·처분이 아니다.
SC0312,성원3차남산(아)경로당,경로당,성산구,사파동,4812354000.0,other,,no_axis_variation,148.8,사파동,1.21,2.0,,정기 모니터링 유지,정기 모니터링,,정기 모니터링 유지,1,R-OT-default,반복 상위 노출군에 들지 않았다.,,행동 유형은 종류 구분이며 우선순위·위험등급이 아니다. 제안 행동은 행정적 확인 절차이지 규제·처분이 아니다.
SC0313,성원3차(아)경로당,경로당,성산구,사파동,4812354000.0,other,,no_axis_variation,202.3,사파동,1.06,2.0,,정기 모니터링 유지,정기 모니터링,,정기 모니터링 유지,1,R-OT-default,반복 상위 노출군에 들지 않았다.,,행동 유형은 종류 구분이며 우선순위·위험등급이 아니다. 제안 행동은 행정적 확인 절차이지 규제·처분이 아니다.
SC0314,대방대동(아)경로당,경로당,성산구,사파동,4812354000.0,other,,no_axis_variation,521.0,성주동,1.2,2.0,,정기 모니터링 유지,정기 모니터링,,정기 모니터링 유지,1,R-OT-default,반복 상위 노출군에 들지 않았다.,,행동 유형은 종류 구분이며 우선순위·위험등급이 아니다. 제안 행동은 행정적 확인 절차이지 규제·처분이 아니다.
SC0315,대방개나리1차(아)경로당,경로당,성산구,사파동,4812354000.0,other,,no_axis_variation,349.0,사파동,1.32,2.0,,정기 모니터링 유지,정기 모니터링,,정기 모니터링 유지,1,R-OT-default,반복 상위 노출군에 들지 않았다.,,행동 유형은 종류 구분이며 우선순위·위험등급이 아니다. 제안 행동은 행정적 확인 절차이지 규제·처분이 아니다.
SC0316,대방덕산1차(아)경로당,경로당,성산구,사파동,4812354000.0,other,,no_axis_variation,285.5,사파동,1.2,2.0,,정기 모니터링 유지,정기 모니터링,,정기 모니터링 유지,1,R-OT-default,반복 상위 노출군에 들지 않았다.,,행동 유형은 종류 구분이며 우선순위·위험등급이 아니다. 제안 행동은 행정적 확인 절차이지 규제·처분이 아니다.
SC0317,대방덕산2차(아)경로당,경로당,성산구,사파동,4812354000.0,other,,no_axis_variation,349.7,성주동,0.55,2.0,,정기 모니터링 유지,정기 모니터링,,정기 모니터링 유지,1,R-OT-default,반복 상위 노출군에 들지 않았다.,,행동 유형은 종류 구분이며 우선순위·위험등급이 아니다. 제안 행동은 행정적 확인 절차이지 규제·처분이 아니다.
SC0318,대방그린빌(아)경로당,경로당,성산구,사파동,4812354000.0,other,,no_axis_variation,446.3,성주동,0.68,2.0,,정기 모니터링 유지,정기 모니터링,,정기 모니터링 유지,1,R-OT-default,반복 상위 노출군에 들지 않았다.,,행동 유형은 종류 구분이며 우선순위·위험등급이 아니다. 제안 행동은 행정적 확인 절차이지 규제·처분이 아니다.
SC0319,대방동성(아)경로당,경로당,성산구,사파동,4812354000.0,other,,no_axis_variation,304.2,성주동,0.6,2.0,,정기 모니터링 유지,정기 모니터링,,정기 모니터링 유지,1,R-OT-default,반복 상위 노출군에 들지 않았다.,,행동 유형은 종류 구분이며 우선순위·위험등급이 아니다. 제안 행동은 행정적 확인 절차이지 규제·처분이 아니다.
SC0320,대방대동디지털(아)경로당,경로당,성산구,사파동,4812354000.0,other,,no_axis_variation,122.6,성주동,0.83,2.0,,정기 모니터링 유지,정기 모니터링,,정기 모니터링 유지,1,R-OT-default,반복 상위 노출군에 들지 않았다.,,행동 유형은 종류 구분이며 우선순위·위험등급이 아니다. 제안 행동은 행정적 확인 절차이지 규제·처분이 아니다.
SC0321,대방대동황토방(아)경로당,경로당,성산구,사파동,4812354000.0,other,,no_axis_variation,377.3,성주동,1.05,2.0,,정기 모니터링 유지,정기 모니터링,,정기 모니터링 유지,1,R-OT-default,반복 상위 노출군에 들지 않았다.,,행동 유형은 종류 구분이며 우선순위·위험등급이 아니다. 제안 행동은 행정적 확인 절차이지 규제·처분이 아니다.
SC0322,가음정경로당,경로당,성산구,가음정동,4812355000.0,other,,no_axis_variation,365.9,사파동,1.64,0.0,,정기 모니터링 유지,정기 모니터링,,정기 모니터링 유지,1,R-OT-default,반복 상위 노출군에 들지 않았다.,,행동 유형은 종류 구분이며 우선순위·위험등급이 아니다. 제안 행동은 행정적 확인 절차이지 규제·처분이 아니다.
SC0323,더샾센트럴파크경로당,경로당,성산구,가음정동,4812355000.0,other,,no_axis_variation,612.0,사파동,1.41,0.0,,정기 모니터링 유지,정기 모니터링,,정기 모니터링 유지,1,R-OT-default,반복 상위 노출군에 들지 않았다.,,행동 유형은 종류 구분이며 우선순위·위험등급이 아니다. 제안 행동은 행정적 확인 절차이지 규제·처분이 아니다.
SC0324,은아(아)경로당,경로당,성산구,가음정동,4812355000.0,other,,no_axis_variation,414.6,사파동,1.64,0.0,,정기 모니터링 유지,정기 모니터링,,정기 모니터링 유지,1,R-OT-default,반복 상위 노출군에 들지 않았다.,,행동 유형은 종류 구분이며 우선순위·위험등급이 아니다. 제안 행동은 행정적 확인 절차이지 규제·처분이 아니다.
SC0325,소라(아)경로당,경로당,성산구,가음정동,4812355000.0,other,,no_axis_variation,215.0,사파동,1.88,0.0,,정기 모니터링 유지,정기 모니터링,,정기 모니터링 유지,1,R-OT-default,반복 상위 노출군에 들지 않았다.,,행동 유형은 종류 구분이며 우선순위·위험등급이 아니다. 제안 행동은 행정적 확인 절차이지 규제·처분이 아니다.
SC0326,우성(아)경로당,경로당,성산구,가음정동,4812355000.0,other,,no_axis_variation,143.5,사파동,0.92,0.0,,정기 모니터링 유지,정기 모니터링,,정기 모니터링 유지,1,R-OT-default,반복 상위 노출군에 들지 않았다.,,행동 유형은 종류 구분이며 우선순위·위험등급이 아니다. 제안 행동은 행정적 확인 절차이지 규제·처분이 아니다.
SC0327,롯데(아)경로당,경로당,성산구,가음정동,4812355000.0,other,,no_axis_variation,91.4,사파동,0.9,0.0,,정기 모니터링 유지,정기 모니터링,,정기 모니터링 유지,1,R-OT-default,반복 상위 노출군에 들지 않았다.,,행동 유형은 종류 구분이며 우선순위·위험등급이 아니다. 제안 행동은 행정적 확인 절차이지 규제·처분이 아니다.
SC0328,동성(아)경로당,경로당,성산구,가음정동,4812355000.0,other,,no_axis_variation,221.1,사파동,0.98,0.0,,정기 모니터링 유지,정기 모니터링,,정기 모니터링 유지,1,R-OT-default,반복 상위 노출군에 들지 않았다.,,행동 유형은 종류 구분이며 우선순위·위험등급이 아니다. 제안 행동은 행정적 확인 절차이지 규제·처분이 아니다.
SC0329,성원1차(아)경로당,경로당,성산구,가음정동,4812355000.0,other,,no_axis_variation,280.8,사파동,1.16,0.0,,정기 모니터링 유지,정기 모니터링,,정기 모니터링 유지,1,R-OT-default,반복 상위 노출군에 들지 않았다.,,행동 유형은 종류 구분이며 우선순위·위험등급이 아니다. 제안 행동은 행정적 확인 절차이지 규제·처분이 아니다.
SC0330,성원2차(아)경로당,경로당,성산구,가음정동,4812355000.0,other,,no_axis_variation,347.4,사파동,1.23,0.0,,정기 모니터링 유지,정기 모니터링,,정기 모니터링 유지,1,R-OT-default,반복 상위 노출군에 들지 않았다.,,행동 유형은 종류 구분이며 우선순위·위험등급이 아니다. 제안 행동은 행정적 확인 절차이지 규제·처분이 아니다.
SC0331,피오르빌(아)경로당,경로당,성산구,가음정동,4812355000.0,other,,no_axis_variation,492.4,사파동,1.42,0.0,,정기 모니터링 유지,정기 모니터링,,정기 모니터링 유지,1,R-OT-default,반복 상위 노출군에 들지 않았다.,,행동 유형은 종류 구분이며 우선순위·위험등급이 아니다. 제안 행동은 행정적 확인 절차이지 규제·처분이 아니다.
SC0332,대방경로당,경로당,성산구,가음정동,4812355000.0,other,,no_axis_variation,233.0,성주동,1.1,0.0,,정기 모니터링 유지,정기 모니터링,,정기 모니터링 유지,1,R-OT-default,반복 상위 노출군에 들지 않았다.,,행동 유형은 종류 구분이며 우선순위·위험등급이 아니다. 제안 행동은 행정적 확인 절차이지 규제·처분이 아니다.
SC0333,음지경로당,경로당,성산구,가음정동,4812355000.0,other,,no_axis_variation,233.0,성주동,1.1,0.0,,정기 모니터링 유지,정기 모니터링,,정기 모니터링 유지,1,R-OT-default,반복 상위 노출군에 들지 않았다.,,행동 유형은 종류 구분이며 우선순위·위험등급이 아니다. 제안 행동은 행정적 확인 절차이지 규제·처분이 아니다.
SC0334,가음동경로당,경로당,성산구,가음정동,4812355000.0,other,,no_axis_variation,32.8,성주동,1.01,0.0,,정기 모니터링 유지,정기 모니터링,,정기 모니터링 유지,1,R-OT-default,반복 상위 노출군에 들지 않았다.,,행동 유형은 종류 구분이며 우선순위·위험등급이 아니다. 제안 행동은 행정적 확인 절차이지 규제·처분이 아니다.
SC0335,개나리3차(아)경로당,경로당,성산구,가음정동,4812355000.0,other,,no_axis_variation,394.6,사파동,1.28,0.0,,정기 모니터링 유지,정기 모니터링,,정기 모니터링 유지,1,R-OT-default,반복 상위 노출군에 들지 않았다.,,행동 유형은 종류 구분이며 우선순위·위험등급이 아니다. 제안 행동은 행정적 확인 절차이지 규제·처분이 아니다.
SC0336,한림(아)경로당,경로당,성산구,가음정동,4812355000.0,other,,no_axis_variation,220.3,사파동,0.9,0.0,,정기 모니터링 유지,정기 모니터링,,정기 모니터링 유지,1,R-OT-default,반복 상위 노출군에 들지 않았다.,,행동 유형은 종류 구분이며 우선순위·위험등급이 아니다. 제안 행동은 행정적 확인 절차이지 규제·처분이 아니다.
SC0337,위드파크(아)경로당,경로당,성산구,가음정동,4812355000.0,other,,no_axis_variation,396.4,성주동,1.28,0.0,,정기 모니터링 유지,정기 모니터링,,정기 모니터링 유지,1,R-OT-default,반복 상위 노출군에 들지 않았다.,,행동 유형은 종류 구분이며 우선순위·위험등급이 아니다. 제안 행동은 행정적 확인 절차이지 규제·처분이 아니다.
SC0338,남산경로당,경로당,성산구,가음정동,4812355000.0,other,,no_axis_variation,112.1,성주동,0.81,0.0,,정기 모니터링 유지,정기 모니터링,,정기 모니터링 유지,1,R-OT-default,반복 상위 노출군에 들지 않았다.,,행동 유형은 종류 구분이며 우선순위·위험등급이 아니다. 제안 행동은 행정적 확인 절차이지 규제·처분이 아니다.
SC0339,가음꿈에그린경로당,경로당,성산구,가음정동,4812355000.0,other,,no_axis_variation,541.7,사파동,1.48,0.0,,정기 모니터링 유지,정기 모니터링,,정기 모니터링 유지,1,R-OT-default,반복 상위 노출군에 들지 않았다.,,행동 유형은 종류 구분이며 우선순위·위험등급이 아니다. 제안 행동은 행정적 확인 절차이지 규제·처분이 아니다.
SC0340,창원센텀푸르지오경로당,경로당,성산구,가음정동,4812355000.0,other,,no_axis_variation,446.1,사파동,1.63,0.0,,정기 모니터링 유지,정기 모니터링,,정기 모니터링 유지,1,R-OT-default,반복 상위 노출군에 들지 않았다.,,행동 유형은 종류 구분이며 우선순위·위험등급이 아니다. 제안 행동은 행정적 확인 절차이지 규제·처분이 아니다.
SC0341,성남경로당,경로당,성산구,가음정동,4812355000.0,other,,no_axis_variation,243.5,성주동,1.21,0.0,,정기 모니터링 유지,정기 모니터링,,정기 모니터링 유지,1,R-OT-default,반복 상위 노출군에 들지 않았다.,,행동 유형은 종류 구분이며 우선순위·위험등급이 아니다. 제안 행동은 행정적 확인 절차이지 규제·처분이 아니다.
SC0343,불모산경로당,경로당,성산구,성주동,4812356000.0,other,,no_axis_variation,102.5,성주동,1.69,1.0,,정기 모니터링 유지,정기 모니터링,,정기 모니터링 유지,1,R-OT-default,반복 상위 노출군에 들지 않았다.,,행동 유형은 종류 구분이며 우선순위·위험등급이 아니다. 제안 행동은 행정적 확인 절차이지 규제·처분이 아니다.
SC0344,삼정자경로당,경로당,성산구,성주동,4812356000.0,other,,no_axis_variation,311.9,성주동,0.02,1.0,,정기 모니터링 유지,정기 모니터링,,정기 모니터링 유지,1,R-OT-default,반복 상위 노출군에 들지 않았다.,,행동 유형은 종류 구분이며 우선순위·위험등급이 아니다. 제안 행동은 행정적 확인 절차이지 규제·처분이 아니다.
SC0346,신우에이스타운경로당,경로당,성산구,성주동,4812356000.0,other,,no_axis_variation,73.5,성주동,2.44,1.0,,정기 모니터링 유지,정기 모니터링,,정기 모니터링 유지,1,R-OT-default,반복 상위 노출군에 들지 않았다.,,행동 유형은 종류 구분이며 우선순위·위험등급이 아니다. 제안 행동은 행정적 확인 절차이지 규제·처분이 아니다.
SC0348,유니온빌리지(아)경로당,경로당,성산구,성주동,4812356000.0,other,,no_axis_variation,655.5,성주동,0.36,1.0,,정기 모니터링 유지,정기 모니터링,,정기 모니터링 유지,1,R-OT-default,반복 상위 노출군에 들지 않았다.,,행동 유형은 종류 구분이며 우선순위·위험등급이 아니다. 제안 행동은 행정적 확인 절차이지 규제·처분이 아니다.
SC0350,프리빌리지경로당,경로당,성산구,성주동,4812356000.0,other,,no_axis_variation,497.6,성주동,0.3,1.0,,정기 모니터링 유지,정기 모니터링,,정기 모니터링 유지,1,R-OT-default,반복 상위 노출군에 들지 않았다.,,행동 유형은 종류 구분이며 우선순위·위험등급이 아니다. 제안 행동은 행정적 확인 절차이지 규제·처분이 아니다.
SC0351,프리빌리지2차(아)경로당,경로당,성산구,성주동,4812356000.0,other,,no_axis_variation,796.7,성주동,0.69,1.0,,정기 모니터링 유지,정기 모니터링,,정기 모니터링 유지,1,R-OT-default,반복 상위 노출군에 들지 않았다.,,행동 유형은 종류 구분이며 우선순위·위험등급이 아니다. 제안 행동은 행정적 확인 절차이지 규제·처분이 아니다.
SC0352,한림푸르지오(아)경로당,경로당,성산구,성주동,4812356000.0,other,,no_axis_variation,398.5,성주동,0.27,1.0,,정기 모니터링 유지,정기 모니터링,,정기 모니터링 유지,1,R-OT-default,반복 상위 노출군에 들지 않았다.,,행동 유형은 종류 구분이며 우선순위·위험등급이 아니다. 제안 행동은 행정적 확인 절차이지 규제·처분이 아니다.
SC0353,한솔(아)경로당,경로당,성산구,성주동,4812356000.0,other,,no_axis_variation,110.8,성주동,2.34,1.0,,정기 모니터링 유지,정기 모니터링,,정기 모니터링 유지,1,R-OT-default,반복 상위 노출군에 들지 않았다.,,행동 유형은 종류 구분이며 우선순위·위험등급이 아니다. 제안 행동은 행정적 확인 절차이지 규제·처분이 아니다.
SC0356,양곡경로당,경로당,성산구,웅남동,4812357000.0,other,,no_axis_variation,718.3,봉암동,2.95,1.0,,정기 모니터링 유지,정기 모니터링,,정기 모니터링 유지,1,R-OT-default,반복 상위 노출군에 들지 않았다.,,행동 유형은 종류 구분이며 우선순위·위험등급이 아니다. 제안 행동은 행정적 확인 절차이지 규제·처분이 아니다.
SC0357,동성1차경로당,경로당,성산구,웅남동,4812357000.0,other,,no_axis_variation,518.4,웅남동,2.93,1.0,,정기 모니터링 유지,정기 모니터링,,정기 모니터링 유지,1,R-OT-default,반복 상위 노출군에 들지 않았다.,,행동 유형은 종류 구분이며 우선순위·위험등급이 아니다. 제안 행동은 행정적 확인 절차이지 규제·처분이 아니다.
SC0360,성원아파트경로당,경로당,성산구,웅남동,4812357000.0,other,,no_axis_variation,846.5,웅남동,3.1,1.0,,정기 모니터링 유지,정기 모니터링,,정기 모니터링 유지,1,R-OT-default,반복 상위 노출군에 들지 않았다.,,행동 유형은 종류 구분이며 우선순위·위험등급이 아니다. 제안 행동은 행정적 확인 절차이지 규제·처분이 아니다.
SC0361,귀산경로당,경로당,성산구,웅남동,4812357000.0,other,,no_axis_variation,1685.5,월영동,5.22,1.0,,정기 모니터링 유지,정기 모니터링,,정기 모니터링 유지,1,R-OT-default,반복 상위 노출군에 들지 않았다.,,행동 유형은 종류 구분이며 우선순위·위험등급이 아니다. 제안 행동은 행정적 확인 절차이지 규제·처분이 아니다.
SC0362,석교경로당,경로당,성산구,웅남동,4812357000.0,other,,no_axis_variation,2110.7,월영동,5.13,1.0,,정기 모니터링 유지,정기 모니터링,,정기 모니터링 유지,1,R-OT-default,반복 상위 노출군에 들지 않았다.,,행동 유형은 종류 구분이며 우선순위·위험등급이 아니다. 제안 행동은 행정적 확인 절차이지 규제·처분이 아니다.
SC0363,갯마을경로당,경로당,성산구,웅남동,4812357000.0,other,,no_axis_variation,1341.8,월영동,4.6,1.0,,정기 모니터링 유지,정기 모니터링,,정기 모니터링 유지,1,R-OT-default,반복 상위 노출군에 들지 않았다.,,행동 유형은 종류 구분이며 우선순위·위험등급이 아니다. 제안 행동은 행정적 확인 절차이지 규제·처분이 아니다.
SC0364,용호마을경로당,경로당,성산구,웅남동,4812357000.0,other,,no_axis_variation,642.4,월영동,3.67,1.0,,정기 모니터링 유지,정기 모니터링,,정기 모니터링 유지,1,R-OT-default,반복 상위 노출군에 들지 않았다.,,행동 유형은 종류 구분이며 우선순위·위험등급이 아니다. 제안 행동은 행정적 확인 절차이지 규제·처분이 아니다.
SC0365,동부산아이존빌경로당,경로당,성산구,웅남동,4812357000.0,other,,no_axis_variation,609.3,봉암동,2.96,1.0,,정기 모니터링 유지,정기 모니터링,,정기 모니터링 유지,1,R-OT-default,반복 상위 노출군에 들지 않았다.,,행동 유형은 종류 구분이며 우선순위·위험등급이 아니다. 제안 행동은 행정적 확인 절차이지 규제·처분이 아니다.
SC0367,동원로얄듀크경로당,경로당,성산구,웅남동,4812357000.0,other,,no_axis_variation,857.2,웅남동,3.15,1.0,,정기 모니터링 유지,정기 모니터링,,정기 모니터링 유지,1,R-OT-default,반복 상위 노출군에 들지 않았다.,,행동 유형은 종류 구분이며 우선순위·위험등급이 아니다. 제안 행동은 행정적 확인 절차이지 규제·처분이 아니다.
SC0368,상남남성경로당,경로당,마산합포구,합포동,4812564000.0,other,,no_axis_variation,187.0,회원동,0.95,1.0,,정기 모니터링 유지,정기 모니터링,,정기 모니터링 유지,1,R-OT-default,반복 상위 노출군에 들지 않았다.,,행동 유형은 종류 구분이며 우선순위·위험등급이 아니다. 제안 행동은 행정적 확인 절차이지 규제·처분이 아니다.
SC0369,상남여성경로당,경로당,마산합포구,합포동,4812564000.0,other,,no_axis_variation,187.0,회원동,0.95,1.0,,정기 모니터링 유지,정기 모니터링,,정기 모니터링 유지,1,R-OT-default,반복 상위 노출군에 들지 않았다.,,행동 유형은 종류 구분이며 우선순위·위험등급이 아니다. 제안 행동은 행정적 확인 절차이지 규제·처분이 아니다.
SC0370,용마남성경로당,경로당,마산합포구,합포동,4812564000.0,other,,no_axis_variation,224.1,회원동,1.13,1.0,,정기 모니터링 유지,정기 모니터링,,정기 모니터링 유지,1,R-OT-default,반복 상위 노출군에 들지 않았다.,,행동 유형은 종류 구분이며 우선순위·위험등급이 아니다. 제안 행동은 행정적 확인 절차이지 규제·처분이 아니다.
SC0371,용마여성경로당,경로당,마산합포구,합포동,4812564000.0,other,,no_axis_variation,224.1,회원동,1.13,1.0,,정기 모니터링 유지,정기 모니터링,,정기 모니터링 유지,1,R-OT-default,반복 상위 노출군에 들지 않았다.,,행동 유형은 종류 구분이며 우선순위·위험등급이 아니다. 제안 행동은 행정적 확인 절차이지 규제·처분이 아니다.
SC0372,숲골남성경로당,경로당,마산합포구,합포동,4812564000.0,other,,no_axis_variation,181.9,회원동,0.62,1.0,,정기 모니터링 유지,정기 모니터링,,정기 모니터링 유지,1,R-OT-default,반복 상위 노출군에 들지 않았다.,,행동 유형은 종류 구분이며 우선순위·위험등급이 아니다. 제안 행동은 행정적 확인 절차이지 규제·처분이 아니다.
SC0373,숲골여성경로당,경로당,마산합포구,합포동,4812564000.0,other,,no_axis_variation,181.9,회원동,0.62,1.0,,정기 모니터링 유지,정기 모니터링,,정기 모니터링 유지,1,R-OT-default,반복 상위 노출군에 들지 않았다.,,행동 유형은 종류 구분이며 우선순위·위험등급이 아니다. 제안 행동은 행정적 확인 절차이지 규제·처분이 아니다.
SC0375,무학맨션경로당,경로당,마산합포구,합포동,4812564000.0,other,,no_axis_variation,143.9,회원동,1.54,1.0,,정기 모니터링 유지,정기 모니터링,,정기 모니터링 유지,1,R-OT-default,반복 상위 노출군에 들지 않았다.,,행동 유형은 종류 구분이며 우선순위·위험등급이 아니다. 제안 행동은 행정적 확인 절차이지 규제·처분이 아니다.
SC0376,무학경로당,경로당,마산합포구,합포동,4812564000.0,other,,no_axis_variation,143.9,회원동,1.54,1.0,,정기 모니터링 유지,정기 모니터링,,정기 모니터링 유지,1,R-OT-default,반복 상위 노출군에 들지 않았다.,,행동 유형은 종류 구분이며 우선순위·위험등급이 아니다. 제안 행동은 행정적 확인 절차이지 규제·처분이 아니다.
SC0377,진웅네스빌경로당,경로당,마산합포구,합포동,4812564000.0,other,,no_axis_variation,155.1,회원동,1.22,1.0,,정기 모니터링 유지,정기 모니터링,,정기 모니터링 유지,1,R-OT-default,반복 상위 노출군에 들지 않았다.,,행동 유형은 종류 구분이며 우선순위·위험등급이 아니다. 제안 행동은 행정적 확인 절차이지 규제·처분이 아니다.
SC0378,가포제2남성경로당,경로당,마산합포구,가포동,4812552000.0,other,,no_axis_variation,83.8,월영동,1.78,0.0,,정기 모니터링 유지,정기 모니터링,,정기 모니터링 유지,1,R-OT-default,반복 상위 노출군에 들지 않았다.,,행동 유형은 종류 구분이며 우선순위·위험등급이 아니다. 제안 행동은 행정적 확인 절차이지 규제·처분이 아니다.
SC0379,가포제2여성경로당,경로당,마산합포구,가포동,4812552000.0,other,,no_axis_variation,83.8,월영동,1.78,0.0,,정기 모니터링 유지,정기 모니터링,,정기 모니터링 유지,1,R-OT-default,반복 상위 노출군에 들지 않았다.,,행동 유형은 종류 구분이며 우선순위·위험등급이 아니다. 제안 행동은 행정적 확인 절차이지 규제·처분이 아니다.
SC0380,건화맨션경로당,경로당,마산합포구,가포동,4812552000.0,other,,no_axis_variation,287.6,월영동,1.48,0.0,,정기 모니터링 유지,정기 모니터링,,정기 모니터링 유지,1,R-OT-default,반복 상위 노출군에 들지 않았다.,,행동 유형은 종류 구분이며 우선순위·위험등급이 아니다. 제안 행동은 행정적 확인 절차이지 규제·처분이 아니다.
SC0381,가포LH아파트1단지경로당,경로당,마산합포구,가포동,4812552000.0,other,,no_axis_variation,352.0,월영동,3.35,0.0,,정기 모니터링 유지,정기 모니터링,,정기 모니터링 유지,1,R-OT-default,반복 상위 노출군에 들지 않았다.,,행동 유형은 종류 구분이며 우선순위·위험등급이 아니다. 제안 행동은 행정적 확인 절차이지 규제·처분이 아니다.
SC0382,마창대교반도유보라아이비파크경로당,경로당,마산합포구,가포동,4812552000.0,other,,no_axis_variation,592.5,월영동,3.0,0.0,,정기 모니터링 유지,정기 모니터링,,정기 모니터링 유지,1,R-OT-default,반복 상위 노출군에 들지 않았다.,,행동 유형은 종류 구분이며 우선순위·위험등급이 아니다. 제안 행동은 행정적 확인 절차이지 규제·처분이 아니다.
SC0383,가포안단테아파트경로당,경로당,마산합포구,가포동,4812552000.0,other,,no_axis_variation,155.6,월영동,3.35,0.0,,정기 모니터링 유지,정기 모니터링,,정기 모니터링 유지,1,R-OT-default,반복 상위 노출군에 들지 않았다.,,행동 유형은 종류 구분이며 우선순위·위험등급이 아니다. 제안 행동은 행정적 확인 절차이지 규제·처분이 아니다.
SC0384,가포금호어울림NHF아파트경로당,경로당,마산합포구,가포동,4812552000.0,other,,no_axis_variation,379.4,월영동,3.32,0.0,,정기 모니터링 유지,정기 모니터링,,정기 모니터링 유지,1,R-OT-default,반복 상위 노출군에 들지 않았다.,,행동 유형은 종류 구분이며 우선순위·위험등급이 아니다. 제안 행동은 행정적 확인 절차이지 규제·처분이 아니다.
SC0385,중앙남성경로당,경로당,마산합포구,반월중앙동,4812556500.0,other,,no_axis_variation,152.5,월영동,1.16,0.0,,정기 모니터링 유지,정기 모니터링,,정기 모니터링 유지,1,R-OT-default,반복 상위 노출군에 들지 않았다.,,행동 유형은 종류 구분이며 우선순위·위험등급이 아니다. 제안 행동은 행정적 확인 절차이지 규제·처분이 아니다.
SC0386,중앙여성경로당,경로당,마산합포구,반월중앙동,4812556500.0,other,,no_axis_variation,152.5,월영동,1.16,0.0,,정기 모니터링 유지,정기 모니터링,,정기 모니터링 유지,1,R-OT-default,반복 상위 노출군에 들지 않았다.,,행동 유형은 종류 구분이며 우선순위·위험등급이 아니다. 제안 행동은 행정적 확인 절차이지 규제·처분이 아니다.
SC0387,신월남성경로당,경로당,마산합포구,반월중앙동,4812556500.0,other,,no_axis_variation,246.6,월영동,1.2,0.0,,정기 모니터링 유지,정기 모니터링,,정기 모니터링 유지,1,R-OT-default,반복 상위 노출군에 들지 않았다.,,행동 유형은 종류 구분이며 우선순위·위험등급이 아니다. 제안 행동은 행정적 확인 절차이지 규제·처분이 아니다.
SC0388,신월여성경로당,경로당,마산합포구,반월중앙동,4812556500.0,other,,no_axis_variation,246.6,월영동,1.2,0.0,,정기 모니터링 유지,정기 모니터링,,정기 모니터링 유지,1,R-OT-default,반복 상위 노출군에 들지 않았다.,,행동 유형은 종류 구분이며 우선순위·위험등급이 아니다. 제안 행동은 행정적 확인 절차이지 규제·처분이 아니다.
SC0389,반월시장경로당,경로당,마산합포구,반월중앙동,4812556500.0,other,,no_axis_variation,99.6,월영동,0.73,0.0,,정기 모니터링 유지,정기 모니터링,,정기 모니터링 유지,1,R-OT-default,반복 상위 노출군에 들지 않았다.,,행동 유형은 종류 구분이며 우선순위·위험등급이 아니다. 제안 행동은 행정적 확인 절차이지 규제·처분이 아니다.
SC0390,반월월포남성경로당,경로당,마산합포구,반월중앙동,4812556500.0,other,,no_axis_variation,94.5,월영동,0.76,0.0,,정기 모니터링 유지,정기 모니터링,,정기 모니터링 유지,1,R-OT-default,반복 상위 노출군에 들지 않았다.,,행동 유형은 종류 구분이며 우선순위·위험등급이 아니다. 제안 행동은 행정적 확인 절차이지 규제·처분이 아니다.
SC0391,반월월포여성경로당,경로당,마산합포구,반월중앙동,4812556500.0,other,,no_axis_variation,94.5,월영동,0.76,0.0,,정기 모니터링 유지,정기 모니터링,,정기 모니터링 유지,1,R-OT-default,반복 상위 노출군에 들지 않았다.,,행동 유형은 종류 구분이며 우선순위·위험등급이 아니다. 제안 행동은 행정적 확인 절차이지 규제·처분이 아니다.
SC0392,벽산블루밍경로당,경로당,마산합포구,반월중앙동,4812556500.0,other,,no_axis_variation,121.1,월영동,1.0,0.0,,정기 모니터링 유지,정기 모니터링,,정기 모니터링 유지,1,R-OT-default,반복 상위 노출군에 들지 않았다.,,행동 유형은 종류 구분이며 우선순위·위험등급이 아니다. 제안 행동은 행정적 확인 절차이지 규제·처분이 아니다.
SC0393,월포경동메르빌남자경로당,경로당,마산합포구,반월중앙동,4812556500.0,other,,no_axis_variation,172.2,월영동,1.25,0.0,,정기 모니터링 유지,정기 모니터링,,정기 모니터링 유지,1,R-OT-default,반복 상위 노출군에 들지 않았다.,,행동 유형은 종류 구분이며 우선순위·위험등급이 아니다. 제안 행동은 행정적 확인 절차이지 규제·처분이 아니다.
SC0394,월포경동메르빌여성경로당,경로당,마산합포구,반월중앙동,4812556500.0,other,,no_axis_variation,172.2,월영동,1.25,0.0,,정기 모니터링 유지,정기 모니터링,,정기 모니터링 유지,1,R-OT-default,반복 상위 노출군에 들지 않았다.,,행동 유형은 종류 구분이며 우선순위·위험등급이 아니다. 제안 행동은 행정적 확인 절차이지 규제·처분이 아니다.
SC0395,중앙경동메르빌아파트경로당,경로당,마산합포구,반월중앙동,4812556500.0,other,,no_axis_variation,163.8,월영동,1.36,0.0,,정기 모니터링 유지,정기 모니터링,,정기 모니터링 유지,1,R-OT-default,반복 상위 노출군에 들지 않았다.,,행동 유형은 종류 구분이며 우선순위·위험등급이 아니다. 제안 행동은 행정적 확인 절차이지 규제·처분이 아니다.
SC0396,우방(아)경로당,경로당,마산합포구,반월중앙동,4812556500.0,other,,no_axis_variation,199.2,월영동,1.38,0.0,,정기 모니터링 유지,정기 모니터링,,정기 모니터링 유지,1,R-OT-default,반복 상위 노출군에 들지 않았다.,,행동 유형은 종류 구분이며 우선순위·위험등급이 아니다. 제안 행동은 행정적 확인 절차이지 규제·처분이 아니다.
SC0398,신한토탈아파트경로당,경로당,마산합포구,반월중앙동,4812556500.0,other,,no_axis_variation,187.6,월영동,1.45,0.0,,정기 모니터링 유지,정기 모니터링,,정기 모니터링 유지,1,R-OT-default,반복 상위 노출군에 들지 않았다.,,행동 유형은 종류 구분이며 우선순위·위험등급이 아니다. 제안 행동은 행정적 확인 절차이지 규제·처분이 아니다.
SC0399,대동한마음아파트경로당,경로당,마산합포구,반월중앙동,4812556500.0,other,,no_axis_variation,212.7,월영동,1.31,0.0,,정기 모니터링 유지,정기 모니터링,,정기 모니터링 유지,1,R-OT-default,반복 상위 노출군에 들지 않았다.,,행동 유형은 종류 구분이며 우선순위·위험등급이 아니다. 제안 행동은 행정적 확인 절차이지 규제·처분이 아니다.
SC0401,대창경로당,경로당,마산합포구,문화동,4812554000.0,other,,no_axis_variation,280.3,월영동,0.88,0.0,,정기 모니터링 유지,정기 모니터링,,정기 모니터링 유지,1,R-OT-default,반복 상위 노출군에 들지 않았다.,,행동 유형은 종류 구분이며 우선순위·위험등급이 아니다. 제안 행동은 행정적 확인 절차이지 규제·처분이 아니다.
SC0402,대창여성경로당,경로당,마산합포구,문화동,4812554000.0,other,,no_axis_variation,280.3,월영동,0.88,0.0,,정기 모니터링 유지,정기 모니터링,,정기 모니터링 유지,1,R-OT-default,반복 상위 노출군에 들지 않았다.,,행동 유형은 종류 구분이며 우선순위·위험등급이 아니다. 제안 행동은 행정적 확인 절차이지 규제·처분이 아니다.
SC0403,당산경로당,경로당,마산합포구,문화동,4812554000.0,other,,no_axis_variation,245.6,월영동,0.94,0.0,,정기 모니터링 유지,정기 모니터링,,정기 모니터링 유지,1,R-OT-default,반복 상위 노출군에 들지 않았다.,,행동 유형은 종류 구분이며 우선순위·위험등급이 아니다. 제안 행동은 행정적 확인 절차이지 규제·처분이 아니다.
SC0404,당산여성경로당,경로당,마산합포구,문화동,4812554000.0,other,,no_axis_variation,245.6,월영동,0.94,0.0,,정기 모니터링 유지,정기 모니터링,,정기 모니터링 유지,1,R-OT-default,반복 상위 노출군에 들지 않았다.,,행동 유형은 종류 구분이며 우선순위·위험등급이 아니다. 제안 행동은 행정적 확인 절차이지 규제·처분이 아니다.
SC0405,창포경로당,경로당,마산합포구,문화동,4812554000.0,other,,no_axis_variation,150.8,월영동,0.2,0.0,,정기 모니터링 유지,정기 모니터링,,정기 모니터링 유지,1,R-OT-default,반복 상위 노출군에 들지 않았다.,,행동 유형은 종류 구분이며 우선순위·위험등급이 아니다. 제안 행동은 행정적 확인 절차이지 규제·처분이 아니다.
SC0406,창포여성경로당,경로당,마산합포구,문화동,4812554000.0,other,,no_axis_variation,150.8,월영동,0.2,0.0,,정기 모니터링 유지,정기 모니터링,,정기 모니터링 유지,1,R-OT-default,반복 상위 노출군에 들지 않았다.,,행동 유형은 종류 구분이며 우선순위·위험등급이 아니다. 제안 행동은 행정적 확인 절차이지 규제·처분이 아니다.
SC0407,월남경로당,경로당,마산합포구,문화동,4812554000.0,other,,no_axis_variation,161.8,월영동,0.49,0.0,,정기 모니터링 유지,정기 모니터링,,정기 모니터링 유지,1,R-OT-default,반복 상위 노출군에 들지 않았다.,,행동 유형은 종류 구분이며 우선순위·위험등급이 아니다. 제안 행동은 행정적 확인 절차이지 규제·처분이 아니다.
SC0408,월남여성경로당,경로당,마산합포구,문화동,4812554000.0,other,,no_axis_variation,161.8,월영동,0.49,0.0,,정기 모니터링 유지,정기 모니터링,,정기 모니터링 유지,1,R-OT-default,반복 상위 노출군에 들지 않았다.,,행동 유형은 종류 구분이며 우선순위·위험등급이 아니다. 제안 행동은 행정적 확인 절차이지 규제·처분이 아니다.
SC0409,창포동성아파트경로당,경로당,마산합포구,문화동,4812554000.0,other,,no_axis_variation,146.8,월영동,0.15,0.0,,정기 모니터링 유지,정기 모니터링,,정기 모니터링 유지,1,R-OT-default,반복 상위 노출군에 들지 않았다.,,행동 유형은 종류 구분이며 우선순위·위험등급이 아니다. 제안 행동은 행정적 확인 절차이지 규제·처분이 아니다.
SC0410,창포경남맨션경로당,경로당,마산합포구,문화동,4812554000.0,other,,no_axis_variation,213.7,월영동,0.1,0.0,,정기 모니터링 유지,정기 모니터링,,정기 모니터링 유지,1,R-OT-default,반복 상위 노출군에 들지 않았다.,,행동 유형은 종류 구분이며 우선순위·위험등급이 아니다. 제안 행동은 행정적 확인 절차이지 규제·처분이 아니다.
SC0412,창포한백아파트경로당,경로당,마산합포구,문화동,4812554000.0,other,,no_axis_variation,191.6,월영동,0.12,0.0,,정기 모니터링 유지,정기 모니터링,,정기 모니터링 유지,1,R-OT-default,반복 상위 노출군에 들지 않았다.,,행동 유형은 종류 구분이며 우선순위·위험등급이 아니다. 제안 행동은 행정적 확인 절차이지 규제·처분이 아니다.
SC0413,월영한백아파트경로당,경로당,마산합포구,문화동,4812554000.0,other,,no_axis_variation,277.9,월영동,0.94,0.0,,정기 모니터링 유지,정기 모니터링,,정기 모니터링 유지,1,R-OT-default,반복 상위 노출군에 들지 않았다.,,행동 유형은 종류 구분이며 우선순위·위험등급이 아니다. 제안 행동은 행정적 확인 절차이지 규제·처분이 아니다.
SC0414,귀정경로당,경로당,마산합포구,진북면,4812533000.0,other,,no_axis_variation,175.5,내서읍,7.45,1.0,,정기 모니터링 유지,정기 모니터링,,정기 모니터링 유지,1,R-OT-default,반복 상위 노출군에 들지 않았다.,,행동 유형은 종류 구분이며 우선순위·위험등급이 아니다. 제안 행동은 행정적 확인 절차이지 규제·처분이 아니다.
SC0415,금산경로당,경로당,마산합포구,진북면,4812533000.0,other,,no_axis_variation,89.9,내서읍,10.16,1.0,,정기 모니터링 유지,정기 모니터링,,정기 모니터링 유지,1,R-OT-default,반복 상위 노출군에 들지 않았다.,,행동 유형은 종류 구분이며 우선순위·위험등급이 아니다. 제안 행동은 행정적 확인 절차이지 규제·처분이 아니다.
SC0416,내추경로당,경로당,마산합포구,진북면,4812533000.0,other,,no_axis_variation,1552.6,내서읍,6.56,1.0,,정기 모니터링 유지,정기 모니터링,,정기 모니터링 유지,1,R-OT-default,반복 상위 노출군에 들지 않았다.,,행동 유형은 종류 구분이며 우선순위·위험등급이 아니다. 제안 행동은 행정적 확인 절차이지 규제·처분이 아니다.
SC0418,대평경로당,경로당,마산합포구,진북면,4812533000.0,other,,no_axis_variation,301.2,월영동,10.83,1.0,,정기 모니터링 유지,정기 모니터링,,정기 모니터링 유지,1,R-OT-default,반복 상위 노출군에 들지 않았다.,,행동 유형은 종류 구분이며 우선순위·위험등급이 아니다. 제안 행동은 행정적 확인 절차이지 규제·처분이 아니다.
SC0419,대현경로당,경로당,마산합포구,진북면,4812533000.0,other,,no_axis_variation,259.9,내서읍,6.51,1.0,,정기 모니터링 유지,정기 모니터링,,정기 모니터링 유지,1,R-OT-default,반복 상위 노출군에 들지 않았다.,,행동 유형은 종류 구분이며 우선순위·위험등급이 아니다. 제안 행동은 행정적 확인 절차이지 규제·처분이 아니다.
SC0420,덕곡경로당,경로당,마산합포구,진북면,4812533000.0,other,,no_axis_variation,383.5,월영동,10.26,1.0,,정기 모니터링 유지,정기 모니터링,,정기 모니터링 유지,1,R-OT-default,반복 상위 노출군에 들지 않았다.,,행동 유형은 종류 구분이며 우선순위·위험등급이 아니다. 제안 행동은 행정적 확인 절차이지 규제·처분이 아니다.
SC0421,덕기경로당,경로당,마산합포구,진북면,4812533000.0,other,,no_axis_variation,56.0,월영동,9.78,1.0,,정기 모니터링 유지,정기 모니터링,,정기 모니터링 유지,1,R-OT-default,반복 상위 노출군에 들지 않았다.,,행동 유형은 종류 구분이며 우선순위·위험등급이 아니다. 제안 행동은 행정적 확인 절차이지 규제·처분이 아니다.
SC0422,동삼경로당,경로당,마산합포구,진북면,4812533000.0,other,,no_axis_variation,210.6,월영동,12.08,1.0,,정기 모니터링 유지,정기 모니터링,,정기 모니터링 유지,1,R-OT-default,반복 상위 노출군에 들지 않았다.,,행동 유형은 종류 구분이며 우선순위·위험등급이 아니다. 제안 행동은 행정적 확인 절차이지 규제·처분이 아니다.
SC0423,동촌남성경로당,경로당,마산합포구,진북면,4812533000.0,other,,no_axis_variation,157.4,월영동,11.43,1.0,,정기 모니터링 유지,정기 모니터링,,정기 모니터링 유지,1,R-OT-default,반복 상위 노출군에 들지 않았다.,,행동 유형은 종류 구분이며 우선순위·위험등급이 아니다. 제안 행동은 행정적 확인 절차이지 규제·처분이 아니다.
SC0424,동촌여성경로당,경로당,마산합포구,진북면,4812533000.0,other,,no_axis_variation,157.4,월영동,11.43,1.0,,정기 모니터링 유지,정기 모니터링,,정기 모니터링 유지,1,R-OT-default,반복 상위 노출군에 들지 않았다.,,행동 유형은 종류 구분이며 우선순위·위험등급이 아니다. 제안 행동은 행정적 확인 절차이지 규제·처분이 아니다.
SC0426,부산경로당,경로당,마산합포구,진북면,4812533000.0,other,,no_axis_variation,741.6,월영동,10.23,1.0,,정기 모니터링 유지,정기 모니터링,,정기 모니터링 유지,1,R-OT-default,반복 상위 노출군에 들지 않았다.,,행동 유형은 종류 구분이며 우선순위·위험등급이 아니다. 제안 행동은 행정적 확인 절차이지 규제·처분이 아니다.
SC0429,서촌남성경로당,경로당,마산합포구,진북면,4812533000.0,other,,no_axis_variation,210.6,월영동,11.68,1.0,,정기 모니터링 유지,정기 모니터링,,정기 모니터링 유지,1,R-OT-default,반복 상위 노출군에 들지 않았다.,,행동 유형은 종류 구분이며 우선순위·위험등급이 아니다. 제안 행동은 행정적 확인 절차이지 규제·처분이 아니다.
SC0430,서촌여성경로당,경로당,마산합포구,진북면,4812533000.0,other,,no_axis_variation,210.6,월영동,11.68,1.0,,정기 모니터링 유지,정기 모니터링,,정기 모니터링 유지,1,R-OT-default,반복 상위 노출군에 들지 않았다.,,행동 유형은 종류 구분이며 우선순위·위험등급이 아니다. 제안 행동은 행정적 확인 절차이지 규제·처분이 아니다.
SC0431,성원아파트경로당,경로당,마산합포구,진북면,4812533000.0,other,,no_axis_variation,116.6,월영동,11.64,1.0,,정기 모니터링 유지,정기 모니터링,,정기 모니터링 유지,1,R-OT-default,반복 상위 노출군에 들지 않았다.,,행동 유형은 종류 구분이며 우선순위·위험등급이 아니다. 제안 행동은 행정적 확인 절차이지 규제·처분이 아니다.
SC0435,예곡경로당,경로당,마산합포구,진북면,4812533000.0,other,,no_axis_variation,230.1,월영동,12.32,1.0,,정기 모니터링 유지,정기 모니터링,,정기 모니터링 유지,1,R-OT-default,반복 상위 노출군에 들지 않았다.,,행동 유형은 종류 구분이며 우선순위·위험등급이 아니다. 제안 행동은 행정적 확인 절차이지 규제·처분이 아니다.
SC0437,이목남성경로당,경로당,마산합포구,진북면,4812533000.0,other,,no_axis_variation,445.3,월영동,10.56,1.0,,정기 모니터링 유지,정기 모니터링,,정기 모니터링 유지,1,R-OT-default,반복 상위 노출군에 들지 않았다.,,행동 유형은 종류 구분이며 우선순위·위험등급이 아니다. 제안 행동은 행정적 확인 절차이지 규제·처분이 아니다.
SC0438,이목여성경로당,경로당,마산합포구,진북면,4812533000.0,other,,no_axis_variation,445.3,월영동,10.56,1.0,,정기 모니터링 유지,정기 모니터링,,정기 모니터링 유지,1,R-OT-default,반복 상위 노출군에 들지 않았다.,,행동 유형은 종류 구분이며 우선순위·위험등급이 아니다. 제안 행동은 행정적 확인 절차이지 규제·처분이 아니다.
SC0442,정삼경로당,경로당,마산합포구,진북면,4812533000.0,other,,no_axis_variation,235.3,내서읍,7.05,1.0,,정기 모니터링 유지,정기 모니터링,,정기 모니터링 유지,1,R-OT-default,반복 상위 노출군에 들지 않았다.,,행동 유형은 종류 구분이며 우선순위·위험등급이 아니다. 제안 행동은 행정적 확인 절차이지 규제·처분이 아니다.
SC0444,예곡경로당,경로당,마산합포구,현동,4812551000.0,other,,no_axis_variation,851.5,월영동,2.12,0.0,,정기 모니터링 유지,정기 모니터링,,정기 모니터링 유지,1,R-OT-default,반복 상위 노출군에 들지 않았다.,,행동 유형은 종류 구분이며 우선순위·위험등급이 아니다. 제안 행동은 행정적 확인 절차이지 규제·처분이 아니다.
SC0445,두릉경로당,경로당,마산합포구,현동,4812551000.0,other,,no_axis_variation,2057.6,월영동,2.73,0.0,,정기 모니터링 유지,정기 모니터링,,정기 모니터링 유지,1,R-OT-default,반복 상위 노출군에 들지 않았다.,,행동 유형은 종류 구분이며 우선순위·위험등급이 아니다. 제안 행동은 행정적 확인 절차이지 규제·처분이 아니다.
SC0446,우산경로당,경로당,마산합포구,현동,4812551000.0,other,,no_axis_variation,49.4,월영동,2.88,0.0,,정기 모니터링 유지,정기 모니터링,,정기 모니터링 유지,1,R-OT-default,반복 상위 노출군에 들지 않았다.,,행동 유형은 종류 구분이며 우선순위·위험등급이 아니다. 제안 행동은 행정적 확인 절차이지 규제·처분이 아니다.
SC0447,옥동경로당,경로당,마산합포구,현동,4812551000.0,other,,no_axis_variation,295.3,월영동,3.66,0.0,,정기 모니터링 유지,정기 모니터링,,정기 모니터링 유지,1,R-OT-default,반복 상위 노출군에 들지 않았다.,,행동 유형은 종류 구분이며 우선순위·위험등급이 아니다. 제안 행동은 행정적 확인 절차이지 규제·처분이 아니다.
SC0448,묘촌남성경로당,경로당,마산합포구,현동,4812551000.0,other,,no_axis_variation,737.0,월영동,5.01,0.0,,정기 모니터링 유지,정기 모니터링,,정기 모니터링 유지,1,R-OT-default,반복 상위 노출군에 들지 않았다.,,행동 유형은 종류 구분이며 우선순위·위험등급이 아니다. 제안 행동은 행정적 확인 절차이지 규제·처분이 아니다.
SC0449,묘촌여성경로당,경로당,마산합포구,현동,4812551000.0,other,,no_axis_variation,737.0,월영동,5.01,0.0,,정기 모니터링 유지,정기 모니터링,,정기 모니터링 유지,1,R-OT-default,반복 상위 노출군에 들지 않았다.,,행동 유형은 종류 구분이며 우선순위·위험등급이 아니다. 제안 행동은 행정적 확인 절차이지 규제·처분이 아니다.
SC0450,덕동남성경로당,경로당,마산합포구,현동,4812551000.0,other,,no_axis_variation,808.7,월영동,5.11,0.0,,정기 모니터링 유지,정기 모니터링,,정기 모니터링 유지,1,R-OT-default,반복 상위 노출군에 들지 않았다.,,행동 유형은 종류 구분이며 우선순위·위험등급이 아니다. 제안 행동은 행정적 확인 절차이지 규제·처분이 아니다.
SC0451,덕동여성경로당,경로당,마산합포구,현동,4812551000.0,other,,no_axis_variation,808.7,월영동,5.11,0.0,,정기 모니터링 유지,정기 모니터링,,정기 모니터링 유지,1,R-OT-default,반복 상위 노출군에 들지 않았다.,,행동 유형은 종류 구분이며 우선순위·위험등급이 아니다. 제안 행동은 행정적 확인 절차이지 규제·처분이 아니다.
SC0452,율곡경로당,경로당,마산합포구,현동,4812551000.0,other,,no_axis_variation,424.8,월영동,1.99,0.0,,정기 모니터링 유지,정기 모니터링,,정기 모니터링 유지,1,R-OT-default,반복 상위 노출군에 들지 않았다.,,행동 유형은 종류 구분이며 우선순위·위험등급이 아니다. 제안 행동은 행정적 확인 절차이지 규제·처분이 아니다.
SC0453,중흥1차경로당,경로당,마산합포구,현동,4812551000.0,other,,no_axis_variation,120.8,월영동,3.58,0.0,,정기 모니터링 유지,정기 모니터링,,정기 모니터링 유지,1,R-OT-default,반복 상위 노출군에 들지 않았다.,,행동 유형은 종류 구분이며 우선순위·위험등급이 아니다. 제안 행동은 행정적 확인 절차이지 규제·처분이 아니다.
SC0454,창원현동LH아파트경로당,경로당,마산합포구,현동,4812551000.0,other,,no_axis_variation,264.0,월영동,3.51,0.0,,정기 모니터링 유지,정기 모니터링,,정기 모니터링 유지,1,R-OT-default,반복 상위 노출군에 들지 않았다.,,행동 유형은 종류 구분이며 우선순위·위험등급이 아니다. 제안 행동은 행정적 확인 절차이지 규제·처분이 아니다.
SC0455,그린경로당,경로당,마산합포구,현동,,other,,no_axis_variation,135.7,명서동,6.19,0.0,,정기 모니터링 유지,정기 모니터링,,정기 모니터링 유지,1,R-OT-default,반복 상위 노출군에 들지 않았다.,,행동 유형은 종류 구분이며 우선순위·위험등급이 아니다. 제안 행동은 행정적 확인 절차이지 규제·처분이 아니다.
SC0456,현동중흥S클래스프라디움3차경로당,경로당,마산합포구,현동,4812551000.0,other,,no_axis_variation,102.3,월영동,3.87,0.0,,정기 모니터링 유지,정기 모니터링,,정기 모니터링 유지,1,R-OT-default,반복 상위 노출군에 들지 않았다.,,행동 유형은 종류 구분이며 우선순위·위험등급이 아니다. 제안 행동은 행정적 확인 절차이지 규제·처분이 아니다.
SC0457,현동 코오롱하늘채아파트 경로당,경로당,마산합포구,현동,4812551000.0,other,,no_axis_variation,301.1,월영동,4.25,0.0,,정기 모니터링 유지,정기 모니터링,,정기 모니터링 유지,1,R-OT-default,반복 상위 노출군에 들지 않았다.,,행동 유형은 종류 구분이며 우선순위·위험등급이 아니다. 제안 행동은 행정적 확인 절차이지 규제·처분이 아니다.
SC0458,현동중흥2차아파트경로당,경로당,마산합포구,현동,4812551000.0,other,,no_axis_variation,400.7,월영동,4.29,0.0,,정기 모니터링 유지,정기 모니터링,,정기 모니터링 유지,1,R-OT-default,반복 상위 노출군에 들지 않았다.,,행동 유형은 종류 구분이며 우선순위·위험등급이 아니다. 제안 행동은 행정적 확인 절차이지 규제·처분이 아니다.
SC0459,상춘남성경로당,경로당,마산합포구,완월동,4812557000.0,other,,no_axis_variation,363.3,월영동,1.74,0.0,,정기 모니터링 유지,정기 모니터링,,정기 모니터링 유지,1,R-OT-default,반복 상위 노출군에 들지 않았다.,,행동 유형은 종류 구분이며 우선순위·위험등급이 아니다. 제안 행동은 행정적 확인 절차이지 규제·처분이 아니다.
SC0460,상춘여성경로당,경로당,마산합포구,완월동,4812557000.0,other,,no_axis_variation,363.3,월영동,1.74,0.0,,정기 모니터링 유지,정기 모니터링,,정기 모니터링 유지,1,R-OT-default,반복 상위 노출군에 들지 않았다.,,행동 유형은 종류 구분이며 우선순위·위험등급이 아니다. 제안 행동은 행정적 확인 절차이지 규제·처분이 아니다.
SC0461,완월남성경로당,경로당,마산합포구,완월동,4812557000.0,other,,no_axis_variation,190.5,월영동,1.61,0.0,,정기 모니터링 유지,정기 모니터링,,정기 모니터링 유지,1,R-OT-default,반복 상위 노출군에 들지 않았다.,,행동 유형은 종류 구분이며 우선순위·위험등급이 아니다. 제안 행동은 행정적 확인 절차이지 규제·처분이 아니다.
SC0462,완월여성경로당,경로당,마산합포구,완월동,4812557000.0,other,,no_axis_variation,190.5,월영동,1.61,0.0,,정기 모니터링 유지,정기 모니터링,,정기 모니터링 유지,1,R-OT-default,반복 상위 노출군에 들지 않았다.,,행동 유형은 종류 구분이며 우선순위·위험등급이 아니다. 제안 행동은 행정적 확인 절차이지 규제·처분이 아니다.
SC0463,학산남성경로당,경로당,마산합포구,완월동,4812557000.0,other,,no_axis_variation,197.0,월영동,1.52,0.0,,정기 모니터링 유지,정기 모니터링,,정기 모니터링 유지,1,R-OT-default,반복 상위 노출군에 들지 않았다.,,행동 유형은 종류 구분이며 우선순위·위험등급이 아니다. 제안 행동은 행정적 확인 절차이지 규제·처분이 아니다.
SC0464,확산여성경로당,경로당,마산합포구,완월동,4812557000.0,other,,no_axis_variation,197.0,월영동,1.52,0.0,,정기 모니터링 유지,정기 모니터링,,정기 모니터링 유지,1,R-OT-default,반복 상위 노출군에 들지 않았다.,,행동 유형은 종류 구분이며 우선순위·위험등급이 아니다. 제안 행동은 행정적 확인 절차이지 규제·처분이 아니다.
SC0465,서광1차아파트경로당,경로당,마산합포구,완월동,4812557000.0,other,,no_axis_variation,378.5,월영동,1.51,0.0,,정기 모니터링 유지,정기 모니터링,,정기 모니터링 유지,1,R-OT-default,반복 상위 노출군에 들지 않았다.,,행동 유형은 종류 구분이며 우선순위·위험등급이 아니다. 제안 행동은 행정적 확인 절차이지 규제·처분이 아니다.
SC0466,화인아파트경로당,경로당,마산합포구,완월동,4812557000.0,other,,no_axis_variation,132.9,월영동,1.37,0.0,,정기 모니터링 유지,정기 모니터링,,정기 모니터링 유지,1,R-OT-default,반복 상위 노출군에 들지 않았다.,,행동 유형은 종류 구분이며 우선순위·위험등급이 아니다. 제안 행동은 행정적 확인 절차이지 규제·처분이 아니다.
SC0467,청구제네스아파트경로당,경로당,마산합포구,완월동,4812557000.0,other,,no_axis_variation,118.1,월영동,1.59,0.0,,정기 모니터링 유지,정기 모니터링,,정기 모니터링 유지,1,R-OT-default,반복 상위 노출군에 들지 않았다.,,행동 유형은 종류 구분이며 우선순위·위험등급이 아니다. 제안 행동은 행정적 확인 절차이지 규제·처분이 아니다.
SC0468,서광2차아파트경로당,경로당,마산합포구,완월동,4812557000.0,other,,no_axis_variation,203.8,월영동,1.7,0.0,,정기 모니터링 유지,정기 모니터링,,정기 모니터링 유지,1,R-OT-default,반복 상위 노출군에 들지 않았다.,,행동 유형은 종류 구분이며 우선순위·위험등급이 아니다. 제안 행동은 행정적 확인 절차이지 규제·처분이 아니다.
SC0469,율티경로당,경로당,마산합포구,진전면,4812534000.0,other,,no_axis_variation,365.5,월영동,13.2,0.0,,정기 모니터링 유지,정기 모니터링,,정기 모니터링 유지,1,R-OT-default,반복 상위 노출군에 들지 않았다.,,행동 유형은 종류 구분이며 우선순위·위험등급이 아니다. 제안 행동은 행정적 확인 절차이지 규제·처분이 아니다.
SC0474,대산경로당,경로당,마산합포구,진전면,,other,,no_axis_variation,319.9,명서동,12.02,0.0,,정기 모니터링 유지,정기 모니터링,,정기 모니터링 유지,1,R-OT-default,반복 상위 노출군에 들지 않았다.,,행동 유형은 종류 구분이며 우선순위·위험등급이 아니다. 제안 행동은 행정적 확인 절차이지 규제·처분이 아니다.
SC0475,봉곡경로당,경로당,마산합포구,진전면,,other,,no_axis_variation,418.7,명서동,2.17,0.0,,정기 모니터링 유지,정기 모니터링,,정기 모니터링 유지,1,R-OT-default,반복 상위 노출군에 들지 않았다.,,행동 유형은 종류 구분이며 우선순위·위험등급이 아니다. 제안 행동은 행정적 확인 절차이지 규제·처분이 아니다.
SC0479,동산경로당,경로당,마산합포구,진전면,,other,,no_axis_variation,286.2,회원동,1.61,0.0,,정기 모니터링 유지,정기 모니터링,,정기 모니터링 유지,1,R-OT-default,반복 상위 노출군에 들지 않았다.,,행동 유형은 종류 구분이며 우선순위·위험등급이 아니다. 제안 행동은 행정적 확인 절차이지 규제·처분이 아니다.
SC0486,대방경로당,경로당,마산합포구,진전면,,other,,no_axis_variation,319.9,명서동,12.02,0.0,,정기 모니터링 유지,정기 모니터링,,정기 모니터링 유지,1,R-OT-default,반복 상위 노출군에 들지 않았다.,,행동 유형은 종류 구분이며 우선순위·위험등급이 아니다. 제안 행동은 행정적 확인 절차이지 규제·처분이 아니다.
SC0497,창포경로당,경로당,마산합포구,진전면,4812534000.0,other,,no_axis_variation,60.5,월영동,13.98,0.0,,정기 모니터링 유지,정기 모니터링,,정기 모니터링 유지,1,R-OT-default,반복 상위 노출군에 들지 않았다.,,행동 유형은 종류 구분이며 우선순위·위험등급이 아니다. 제안 행동은 행정적 확인 절차이지 규제·처분이 아니다.
SC0498,창포여성경로당,경로당,마산합포구,진전면,4812534000.0,other,,no_axis_variation,60.5,월영동,13.98,0.0,,정기 모니터링 유지,정기 모니터링,,정기 모니터링 유지,1,R-OT-default,반복 상위 노출군에 들지 않았다.,,행동 유형은 종류 구분이며 우선순위·위험등급이 아니다. 제안 행동은 행정적 확인 절차이지 규제·처분이 아니다.
SC0501,소포경로당,경로당,마산합포구,진전면,4812534000.0,other,,no_axis_variation,1849.6,월영동,15.71,0.0,,정기 모니터링 유지,정기 모니터링,,정기 모니터링 유지,1,R-OT-default,반복 상위 노출군에 들지 않았다.,,행동 유형은 종류 구분이며 우선순위·위험등급이 아니다. 제안 행동은 행정적 확인 절차이지 규제·처분이 아니다.
SC0514,진동경로당,경로당,마산합포구,진동면,4812532000.0,other,,no_axis_variation,293.3,월영동,10.19,2.0,,정기 모니터링 유지,정기 모니터링,,정기 모니터링 유지,1,R-OT-default,반복 상위 노출군에 들지 않았다.,,행동 유형은 종류 구분이며 우선순위·위험등급이 아니다. 제안 행동은 행정적 확인 절차이지 규제·처분이 아니다.
SC0515,서촌1구경로당,경로당,마산합포구,진동면,4812532000.0,other,,no_axis_variation,255.8,월영동,10.26,2.0,,정기 모니터링 유지,정기 모니터링,,정기 모니터링 유지,1,R-OT-default,반복 상위 노출군에 들지 않았다.,,행동 유형은 종류 구분이며 우선순위·위험등급이 아니다. 제안 행동은 행정적 확인 절차이지 규제·처분이 아니다.
SC0516,고현경로당,경로당,마산합포구,진동면,4812532000.0,other,,no_axis_variation,100.1,월영동,11.72,2.0,,정기 모니터링 유지,정기 모니터링,,정기 모니터링 유지,1,R-OT-default,반복 상위 노출군에 들지 않았다.,,행동 유형은 종류 구분이며 우선순위·위험등급이 아니다. 제안 행동은 행정적 확인 절차이지 규제·처분이 아니다.
SC0517,광암경로당,경로당,마산합포구,진동면,4812532000.0,other,,no_axis_variation,88.9,월영동,10.54,2.0,,정기 모니터링 유지,정기 모니터링,,정기 모니터링 유지,1,R-OT-default,반복 상위 노출군에 들지 않았다.,,행동 유형은 종류 구분이며 우선순위·위험등급이 아니다. 제안 행동은 행정적 확인 절차이지 규제·처분이 아니다.
SC0518,동촌1구경로당,경로당,마산합포구,진동면,4812532000.0,other,,no_axis_variation,307.1,월영동,10.33,2.0,,정기 모니터링 유지,정기 모니터링,,정기 모니터링 유지,1,R-OT-default,반복 상위 노출군에 들지 않았다.,,행동 유형은 종류 구분이며 우선순위·위험등급이 아니다. 제안 행동은 행정적 확인 절차이지 규제·처분이 아니다.
SC0519,서촌2구 경로당,경로당,마산합포구,진동면,4812532000.0,other,,no_axis_variation,338.5,월영동,10.45,2.0,,정기 모니터링 유지,정기 모니터링,,정기 모니터링 유지,1,R-OT-default,반복 상위 노출군에 들지 않았다.,,행동 유형은 종류 구분이며 우선순위·위험등급이 아니다. 제안 행동은 행정적 확인 절차이지 규제·처분이 아니다.
SC0520,서촌3구경로당,경로당,마산합포구,진동면,4812532000.0,other,,no_axis_variation,328.9,월영동,10.6,2.0,,정기 모니터링 유지,정기 모니터링,,정기 모니터링 유지,1,R-OT-default,반복 상위 노출군에 들지 않았다.,,행동 유형은 종류 구분이며 우선순위·위험등급이 아니다. 제안 행동은 행정적 확인 절차이지 규제·처분이 아니다.
SC0521,교동경로당,경로당,마산합포구,진동면,4812532000.0,other,,no_axis_variation,73.0,월영동,9.22,2.0,,정기 모니터링 유지,정기 모니터링,,정기 모니터링 유지,1,R-OT-default,반복 상위 노출군에 들지 않았다.,,행동 유형은 종류 구분이며 우선순위·위험등급이 아니다. 제안 행동은 행정적 확인 절차이지 규제·처분이 아니다.
SC0522,입곡경로당,경로당,마산합포구,진동면,4812532000.0,other,,no_axis_variation,489.4,월영동,6.64,2.0,,정기 모니터링 유지,정기 모니터링,,정기 모니터링 유지,1,R-OT-default,반복 상위 노출군에 들지 않았다.,,행동 유형은 종류 구분이며 우선순위·위험등급이 아니다. 제안 행동은 행정적 확인 절차이지 규제·처분이 아니다.
SC0523,죽전남성경로당,경로당,마산합포구,진동면,4812532000.0,other,,no_axis_variation,266.2,월영동,11.51,2.0,,정기 모니터링 유지,정기 모니터링,,정기 모니터링 유지,1,R-OT-default,반복 상위 노출군에 들지 않았다.,,행동 유형은 종류 구분이며 우선순위·위험등급이 아니다. 제안 행동은 행정적 확인 절차이지 규제·처분이 아니다.
SC0524,죽전여성경로당,경로당,마산합포구,진동면,4812532000.0,other,,no_axis_variation,266.2,월영동,11.51,2.0,,정기 모니터링 유지,정기 모니터링,,정기 모니터링 유지,1,R-OT-default,반복 상위 노출군에 들지 않았다.,,행동 유형은 종류 구분이며 우선순위·위험등급이 아니다. 제안 행동은 행정적 확인 절차이지 규제·처분이 아니다.
SC0525,신기경로당,경로당,마산합포구,진동면,4812532000.0,other,,no_axis_variation,186.8,월영동,11.22,2.0,,정기 모니터링 유지,정기 모니터링,,정기 모니터링 유지,1,R-OT-default,반복 상위 노출군에 들지 않았다.,,행동 유형은 종류 구분이며 우선순위·위험등급이 아니다. 제안 행동은 행정적 확인 절차이지 규제·처분이 아니다.
SC0526,성산남자경로당,경로당,마산합포구,진동면,4812532000.0,other,,no_axis_variation,366.6,월영동,10.1,2.0,,정기 모니터링 유지,정기 모니터링,,정기 모니터링 유지,1,R-OT-default,반복 상위 노출군에 들지 않았다.,,행동 유형은 종류 구분이며 우선순위·위험등급이 아니다. 제안 행동은 행정적 확인 절차이지 규제·처분이 아니다.
SC0527,성산여자경로당,경로당,마산합포구,진동면,4812532000.0,other,,no_axis_variation,366.6,월영동,10.1,2.0,,정기 모니터링 유지,정기 모니터링,,정기 모니터링 유지,1,R-OT-default,반복 상위 노출군에 들지 않았다.,,행동 유형은 종류 구분이며 우선순위·위험등급이 아니다. 제안 행동은 행정적 확인 절차이지 규제·처분이 아니다.
SC0528,혜창아파트경로당,경로당,마산합포구,진동면,4812532000.0,other,,no_axis_variation,176.7,월영동,10.29,2.0,,정기 모니터링 유지,정기 모니터링,,정기 모니터링 유지,1,R-OT-default,반복 상위 노출군에 들지 않았다.,,행동 유형은 종류 구분이며 우선순위·위험등급이 아니다. 제안 행동은 행정적 확인 절차이지 규제·처분이 아니다.
SC0529,장기경로당,경로당,마산합포구,진동면,4812532000.0,other,,no_axis_variation,492.2,월영동,12.15,2.0,,정기 모니터링 유지,정기 모니터링,,정기 모니터링 유지,1,R-OT-default,반복 상위 노출군에 들지 않았다.,,행동 유형은 종류 구분이며 우선순위·위험등급이 아니다. 제안 행동은 행정적 확인 절차이지 규제·처분이 아니다.
SC0530,건우아파트경로당,경로당,마산합포구,진동면,4812532000.0,other,,no_axis_variation,216.8,월영동,10.83,2.0,,정기 모니터링 유지,정기 모니터링,,정기 모니터링 유지,1,R-OT-default,반복 상위 노출군에 들지 않았다.,,행동 유형은 종류 구분이며 우선순위·위험등급이 아니다. 제안 행동은 행정적 확인 절차이지 규제·처분이 아니다.
SC0531,사동1구경로당,경로당,마산합포구,진동면,4812532000.0,other,,no_axis_variation,390.7,월영동,10.34,2.0,,정기 모니터링 유지,정기 모니터링,,정기 모니터링 유지,1,R-OT-default,반복 상위 노출군에 들지 않았다.,,행동 유형은 종류 구분이며 우선순위·위험등급이 아니다. 제안 행동은 행정적 확인 절차이지 규제·처분이 아니다.
SC0532,동전경로당,경로당,마산합포구,진동면,4812532000.0,other,,no_axis_variation,1392.5,월영동,4.85,2.0,,정기 모니터링 유지,정기 모니터링,,정기 모니터링 유지,1,R-OT-default,반복 상위 노출군에 들지 않았다.,,행동 유형은 종류 구분이며 우선순위·위험등급이 아니다. 제안 행동은 행정적 확인 절차이지 규제·처분이 아니다.
SC0533,묵지경로당,경로당,마산합포구,진동면,4812532000.0,other,,no_axis_variation,1412.0,월영동,4.0,2.0,,정기 모니터링 유지,정기 모니터링,,정기 모니터링 유지,1,R-OT-default,반복 상위 노출군에 들지 않았다.,,행동 유형은 종류 구분이며 우선순위·위험등급이 아니다. 제안 행동은 행정적 확인 절차이지 규제·처분이 아니다.
SC0534,새모실경로당,경로당,마산합포구,진동면,4812532000.0,other,,no_axis_variation,818.5,월영동,5.39,2.0,,정기 모니터링 유지,정기 모니터링,,정기 모니터링 유지,1,R-OT-default,반복 상위 노출군에 들지 않았다.,,행동 유형은 종류 구분이며 우선순위·위험등급이 아니다. 제안 행동은 행정적 확인 절차이지 규제·처분이 아니다.
SC0535,오산경로당,경로당,마산합포구,진동면,4812532000.0,other,,no_axis_variation,92.7,월영동,6.93,2.0,,정기 모니터링 유지,정기 모니터링,,정기 모니터링 유지,1,R-OT-default,반복 상위 노출군에 들지 않았다.,,행동 유형은 종류 구분이며 우선순위·위험등급이 아니다. 제안 행동은 행정적 확인 절차이지 규제·처분이 아니다.
SC0536,태봉경로당,경로당,마산합포구,진동면,4812532000.0,other,,no_axis_variation,134.5,월영동,6.28,2.0,,정기 모니터링 유지,정기 모니터링,,정기 모니터링 유지,1,R-OT-default,반복 상위 노출군에 들지 않았다.,,행동 유형은 종류 구분이며 우선순위·위험등급이 아니다. 제안 행동은 행정적 확인 절차이지 규제·처분이 아니다.
SC0537,다구경로당,경로당,마산합포구,진동면,4812532000.0,other,,no_axis_variation,140.4,월영동,9.25,2.0,,정기 모니터링 유지,정기 모니터링,,정기 모니터링 유지,1,R-OT-default,반복 상위 노출군에 들지 않았다.,,행동 유형은 종류 구분이며 우선순위·위험등급이 아니다. 제안 행동은 행정적 확인 절차이지 규제·처분이 아니다.
SC0538,야촌경로당,경로당,마산합포구,진동면,4812532000.0,other,,no_axis_variation,545.9,월영동,9.42,2.0,,정기 모니터링 유지,정기 모니터링,,정기 모니터링 유지,1,R-OT-default,반복 상위 노출군에 들지 않았다.,,행동 유형은 종류 구분이며 우선순위·위험등급이 아니다. 제안 행동은 행정적 확인 절차이지 규제·처분이 아니다.
SC0539,도만경로당,경로당,마산합포구,진동면,4812532000.0,other,,no_axis_variation,504.0,월영동,7.71,2.0,,정기 모니터링 유지,정기 모니터링,,정기 모니터링 유지,1,R-OT-default,반복 상위 노출군에 들지 않았다.,,행동 유형은 종류 구분이며 우선순위·위험등급이 아니다. 제안 행동은 행정적 확인 절차이지 규제·처분이 아니다.
SC0540,요장1구 경로당,경로당,마산합포구,진동면,4812532000.0,other,,no_axis_variation,143.3,월영동,10.18,2.0,,정기 모니터링 유지,정기 모니터링,,정기 모니터링 유지,1,R-OT-default,반복 상위 노출군에 들지 않았다.,,행동 유형은 종류 구분이며 우선순위·위험등급이 아니다. 제안 행동은 행정적 확인 절차이지 규제·처분이 아니다.
SC0541,주도경로당,경로당,마산합포구,진동면,4812532000.0,other,,no_axis_variation,211.9,월영동,10.66,2.0,,정기 모니터링 유지,정기 모니터링,,정기 모니터링 유지,1,R-OT-default,반복 상위 노출군에 들지 않았다.,,행동 유형은 종류 구분이며 우선순위·위험등급이 아니다. 제안 행동은 행정적 확인 절차이지 규제·처분이 아니다.
SC0542,동촌2구경로당,경로당,마산합포구,진동면,4812532000.0,other,,no_axis_variation,232.9,월영동,10.56,2.0,,정기 모니터링 유지,정기 모니터링,,정기 모니터링 유지,1,R-OT-default,반복 상위 노출군에 들지 않았다.,,행동 유형은 종류 구분이며 우선순위·위험등급이 아니다. 제안 행동은 행정적 확인 절차이지 규제·처분이 아니다.
SC0543,한일유엔아이아파트경로당,경로당,마산합포구,진동면,4812532000.0,other,,no_axis_variation,284.5,월영동,9.63,2.0,,정기 모니터링 유지,정기 모니터링,,정기 모니터링 유지,1,R-OT-default,반복 상위 노출군에 들지 않았다.,,행동 유형은 종류 구분이며 우선순위·위험등급이 아니다. 제안 행동은 행정적 확인 절차이지 규제·처분이 아니다.
SC0544,양도경로당,경로당,마산합포구,진동면,4812532000.0,other,,no_axis_variation,2250.6,월영동,13.01,2.0,,정기 모니터링 유지,정기 모니터링,,정기 모니터링 유지,1,R-OT-default,반복 상위 노출군에 들지 않았다.,,행동 유형은 종류 구분이며 우선순위·위험등급이 아니다. 제안 행동은 행정적 확인 절차이지 규제·처분이 아니다.
SC0545,협성엠파이어아파트경로당,경로당,마산합포구,진동면,4812532000.0,other,,no_axis_variation,318.3,월영동,9.73,2.0,,정기 모니터링 유지,정기 모니터링,,정기 모니터링 유지,1,R-OT-default,반복 상위 노출군에 들지 않았다.,,행동 유형은 종류 구분이며 우선순위·위험등급이 아니다. 제안 행동은 행정적 확인 절차이지 규제·처분이 아니다.
SC0546,동촌3구경로당,경로당,마산합포구,진동면,4812532000.0,other,,no_axis_variation,319.6,월영동,10.44,2.0,,정기 모니터링 유지,정기 모니터링,,정기 모니터링 유지,1,R-OT-default,반복 상위 노출군에 들지 않았다.,,행동 유형은 종류 구분이며 우선순위·위험등급이 아니다. 제안 행동은 행정적 확인 절차이지 규제·처분이 아니다.
SC0547,송도경로당,경로당,마산합포구,진동면,4812532000.0,other,,no_axis_variation,1292.3,월영동,12.14,2.0,,정기 모니터링 유지,정기 모니터링,,정기 모니터링 유지,1,R-OT-default,반복 상위 노출군에 들지 않았다.,,행동 유형은 종류 구분이며 우선순위·위험등급이 아니다. 제안 행동은 행정적 확인 절차이지 규제·처분이 아니다.
SC0548,월영대내경로당,경로당,마산합포구,월영동,4812553000.0,other,,no_axis_variation,313.0,월영동,0.65,1.0,,정기 모니터링 유지,정기 모니터링,,정기 모니터링 유지,1,R-OT-default,반복 상위 노출군에 들지 않았다.,,행동 유형은 종류 구분이며 우선순위·위험등급이 아니다. 제안 행동은 행정적 확인 절차이지 규제·처분이 아니다.
SC0549,새동네남성경로당,경로당,마산합포구,월영동,4812553000.0,other,,no_axis_variation,159.9,월영동,0.98,1.0,,정기 모니터링 유지,정기 모니터링,,정기 모니터링 유지,1,R-OT-default,반복 상위 노출군에 들지 않았다.,,행동 유형은 종류 구분이며 우선순위·위험등급이 아니다. 제안 행동은 행정적 확인 절차이지 규제·처분이 아니다.
SC0550,새동네여성경로당,경로당,마산합포구,월영동,4812553000.0,other,,no_axis_variation,159.9,월영동,0.98,1.0,,정기 모니터링 유지,정기 모니터링,,정기 모니터링 유지,1,R-OT-default,반복 상위 노출군에 들지 않았다.,,행동 유형은 종류 구분이며 우선순위·위험등급이 아니다. 제안 행동은 행정적 확인 절차이지 규제·처분이 아니다.
SC0551,월영남성경로당,경로당,마산합포구,월영동,4812553000.0,other,,no_axis_variation,57.3,월영동,0.91,1.0,,정기 모니터링 유지,정기 모니터링,,정기 모니터링 유지,1,R-OT-default,반복 상위 노출군에 들지 않았다.,,행동 유형은 종류 구분이며 우선순위·위험등급이 아니다. 제안 행동은 행정적 확인 절차이지 규제·처분이 아니다.
SC0552,월영여성경로당,경로당,마산합포구,월영동,4812553000.0,other,,no_axis_variation,57.3,월영동,0.91,1.0,,정기 모니터링 유지,정기 모니터링,,정기 모니터링 유지,1,R-OT-default,반복 상위 노출군에 들지 않았다.,,행동 유형은 종류 구분이며 우선순위·위험등급이 아니다. 제안 행동은 행정적 확인 절차이지 규제·처분이 아니다.
SC0553,해운경로당(남자),경로당,마산합포구,월영동,4812553000.0,other,,no_axis_variation,242.4,월영동,0.61,1.0,,정기 모니터링 유지,정기 모니터링,,정기 모니터링 유지,1,R-OT-default,반복 상위 노출군에 들지 않았다.,,행동 유형은 종류 구분이며 우선순위·위험등급이 아니다. 제안 행동은 행정적 확인 절차이지 규제·처분이 아니다.
SC0554,해운경로당(여자),경로당,마산합포구,월영동,4812553000.0,other,,no_axis_variation,242.4,월영동,0.61,1.0,,정기 모니터링 유지,정기 모니터링,,정기 모니터링 유지,1,R-OT-default,반복 상위 노출군에 들지 않았다.,,행동 유형은 종류 구분이며 우선순위·위험등급이 아니다. 제안 행동은 행정적 확인 절차이지 규제·처분이 아니다.
SC0555,대내주공아파트경로당,경로당,마산합포구,월영동,4812553000.0,other,,no_axis_variation,177.4,월영동,0.45,1.0,,정기 모니터링 유지,정기 모니터링,,정기 모니터링 유지,1,R-OT-default,반복 상위 노출군에 들지 않았다.,,행동 유형은 종류 구분이며 우선순위·위험등급이 아니다. 제안 행동은 행정적 확인 절차이지 규제·처분이 아니다.
SC0556,월영라이프경로당,경로당,마산합포구,월영동,4812553000.0,other,,no_axis_variation,139.2,월영동,1.0,1.0,,정기 모니터링 유지,정기 모니터링,,정기 모니터링 유지,1,R-OT-default,반복 상위 노출군에 들지 않았다.,,행동 유형은 종류 구분이며 우선순위·위험등급이 아니다. 제안 행동은 행정적 확인 절차이지 규제·처분이 아니다.
SC0557,화인아트빌라남자경로당,경로당,마산합포구,월영동,4812553000.0,other,,no_axis_variation,336.1,월영동,1.17,1.0,,정기 모니터링 유지,정기 모니터링,,정기 모니터링 유지,1,R-OT-default,반복 상위 노출군에 들지 않았다.,,행동 유형은 종류 구분이며 우선순위·위험등급이 아니다. 제안 행동은 행정적 확인 절차이지 규제·처분이 아니다.
SC0558,화인아트빌라여자경로당,경로당,마산합포구,월영동,4812553000.0,other,,no_axis_variation,336.1,월영동,1.17,1.0,,정기 모니터링 유지,정기 모니터링,,정기 모니터링 유지,1,R-OT-default,반복 상위 노출군에 들지 않았다.,,행동 유형은 종류 구분이며 우선순위·위험등급이 아니다. 제안 행동은 행정적 확인 절차이지 규제·처분이 아니다.
SC0559,월영SK오션뷰경로당,경로당,마산합포구,월영동,4812553000.0,other,,no_axis_variation,327.1,월영동,0.84,1.0,,정기 모니터링 유지,정기 모니터링,,정기 모니터링 유지,1,R-OT-default,반복 상위 노출군에 들지 않았다.,,행동 유형은 종류 구분이며 우선순위·위험등급이 아니다. 제안 행동은 행정적 확인 절차이지 규제·처분이 아니다.
SC0560,두산1차아파트남자경로당,경로당,마산합포구,월영동,4812553000.0,other,,no_axis_variation,134.4,월영동,0.52,1.0,,정기 모니터링 유지,정기 모니터링,,정기 모니터링 유지,1,R-OT-default,반복 상위 노출군에 들지 않았다.,,행동 유형은 종류 구분이며 우선순위·위험등급이 아니다. 제안 행동은 행정적 확인 절차이지 규제·처분이 아니다.
SC0561,두산1차아파트여자경로당,경로당,마산합포구,월영동,4812553000.0,other,,no_axis_variation,134.4,월영동,0.52,1.0,,정기 모니터링 유지,정기 모니터링,,정기 모니터링 유지,1,R-OT-default,반복 상위 노출군에 들지 않았다.,,행동 유형은 종류 구분이며 우선순위·위험등급이 아니다. 제안 행동은 행정적 확인 절차이지 규제·처분이 아니다.
SC0563,평화골든타워경로당,경로당,마산합포구,월영동,4812553000.0,other,,no_axis_variation,207.2,월영동,0.67,1.0,,정기 모니터링 유지,정기 모니터링,,정기 모니터링 유지,1,R-OT-default,반복 상위 노출군에 들지 않았다.,,행동 유형은 종류 구분이며 우선순위·위험등급이 아니다. 제안 행동은 행정적 확인 절차이지 규제·처분이 아니다.
SC0564,한일비치맨션경로당,경로당,마산합포구,월영동,4812553000.0,other,,no_axis_variation,150.9,월영동,0.72,1.0,,정기 모니터링 유지,정기 모니터링,,정기 모니터링 유지,1,R-OT-default,반복 상위 노출군에 들지 않았다.,,행동 유형은 종류 구분이며 우선순위·위험등급이 아니다. 제안 행동은 행정적 확인 절차이지 규제·처분이 아니다.
SC0565,해오름아파트경로당,경로당,마산합포구,월영동,4812553000.0,other,,no_axis_variation,223.9,월영동,0.56,1.0,,정기 모니터링 유지,정기 모니터링,,정기 모니터링 유지,1,R-OT-default,반복 상위 노출군에 들지 않았다.,,행동 유형은 종류 구분이며 우선순위·위험등급이 아니다. 제안 행동은 행정적 확인 절차이지 규제·처분이 아니다.
SC0566,두산2차아파트남성경로당,경로당,마산합포구,월영동,4812553000.0,other,,no_axis_variation,208.8,월영동,0.56,1.0,,정기 모니터링 유지,정기 모니터링,,정기 모니터링 유지,1,R-OT-default,반복 상위 노출군에 들지 않았다.,,행동 유형은 종류 구분이며 우선순위·위험등급이 아니다. 제안 행동은 행정적 확인 절차이지 규제·처분이 아니다.
SC0567,두산2차아파트여성경로당,경로당,마산합포구,월영동,4812553000.0,other,,no_axis_variation,208.8,월영동,0.56,1.0,,정기 모니터링 유지,정기 모니터링,,정기 모니터링 유지,1,R-OT-default,반복 상위 노출군에 들지 않았다.,,행동 유형은 종류 구분이며 우선순위·위험등급이 아니다. 제안 행동은 행정적 확인 절차이지 규제·처분이 아니다.
SC0568,두산3차아파트남성경로당,경로당,마산합포구,월영동,4812553000.0,other,,no_axis_variation,179.2,월영동,0.52,1.0,,정기 모니터링 유지,정기 모니터링,,정기 모니터링 유지,1,R-OT-default,반복 상위 노출군에 들지 않았다.,,행동 유형은 종류 구분이며 우선순위·위험등급이 아니다. 제안 행동은 행정적 확인 절차이지 규제·처분이 아니다.
SC0569,두산3차아파트여성경로당,경로당,마산합포구,월영동,4812553000.0,other,,no_axis_variation,179.2,월영동,0.52,1.0,,정기 모니터링 유지,정기 모니터링,,정기 모니터링 유지,1,R-OT-default,반복 상위 노출군에 들지 않았다.,,행동 유형은 종류 구분이며 우선순위·위험등급이 아니다. 제안 행동은 행정적 확인 절차이지 규제·처분이 아니다.
SC0571,경민시티빌경로당,경로당,마산합포구,월영동,4812553000.0,other,,no_axis_variation,198.8,월영동,0.12,1.0,,정기 모니터링 유지,정기 모니터링,,정기 모니터링 유지,1,R-OT-default,반복 상위 노출군에 들지 않았다.,,행동 유형은 종류 구분이며 우선순위·위험등급이 아니다. 제안 행동은 행정적 확인 절차이지 규제·처분이 아니다.
SC0572,해운동성아파트경로당,경로당,마산합포구,월영동,4812553000.0,other,,no_axis_variation,81.7,월영동,0.11,1.0,,정기 모니터링 유지,정기 모니터링,,정기 모니터링 유지,1,R-OT-default,반복 상위 노출군에 들지 않았다.,,행동 유형은 종류 구분이며 우선순위·위험등급이 아니다. 제안 행동은 행정적 확인 절차이지 규제·처분이 아니다.
SC0573,동아1차아파트경로당,경로당,마산합포구,월영동,4812553000.0,other,,no_axis_variation,409.8,월영동,0.96,1.0,,정기 모니터링 유지,정기 모니터링,,정기 모니터링 유지,1,R-OT-default,반복 상위 노출군에 들지 않았다.,,행동 유형은 종류 구분이며 우선순위·위험등급이 아니다. 제안 행동은 행정적 확인 절차이지 규제·처분이 아니다.
SC0574,대동아파트경로당,경로당,마산합포구,월영동,4812553000.0,other,,no_axis_variation,380.5,월영동,1.01,1.0,,정기 모니터링 유지,정기 모니터링,,정기 모니터링 유지,1,R-OT-default,반복 상위 노출군에 들지 않았다.,,행동 유형은 종류 구분이며 우선순위·위험등급이 아니다. 제안 행동은 행정적 확인 절차이지 규제·처분이 아니다.
SC0575,월영현대아파트경로당,경로당,마산합포구,월영동,4812553000.0,other,,no_axis_variation,387.0,월영동,1.11,1.0,,정기 모니터링 유지,정기 모니터링,,정기 모니터링 유지,1,R-OT-default,반복 상위 노출군에 들지 않았다.,,행동 유형은 종류 구분이며 우선순위·위험등급이 아니다. 제안 행동은 행정적 확인 절차이지 규제·처분이 아니다.
SC0576,현대산업1차아파트경로당,경로당,마산합포구,월영동,4812553000.0,other,,no_axis_variation,475.1,월영동,1.14,1.0,,정기 모니터링 유지,정기 모니터링,,정기 모니터링 유지,1,R-OT-default,반복 상위 노출군에 들지 않았다.,,행동 유형은 종류 구분이며 우선순위·위험등급이 아니다. 제안 행동은 행정적 확인 절차이지 규제·처분이 아니다.
SC0577,동아2차아파트남성경로당,경로당,마산합포구,월영동,4812553000.0,other,,no_axis_variation,629.3,월영동,1.23,1.0,,정기 모니터링 유지,정기 모니터링,,정기 모니터링 유지,1,R-OT-default,반복 상위 노출군에 들지 않았다.,,행동 유형은 종류 구분이며 우선순위·위험등급이 아니다. 제안 행동은 행정적 확인 절차이지 규제·처분이 아니다.
SC0578,동아2차아파트여성경로당,경로당,마산합포구,월영동,4812553000.0,other,,no_axis_variation,629.3,월영동,1.23,1.0,,정기 모니터링 유지,정기 모니터링,,정기 모니터링 유지,1,R-OT-default,반복 상위 노출군에 들지 않았다.,,행동 유형은 종류 구분이며 우선순위·위험등급이 아니다. 제안 행동은 행정적 확인 절차이지 규제·처분이 아니다.
SC0579,현대산업2차아파트경로당,경로당,마산합포구,월영동,4812553000.0,other,,no_axis_variation,704.3,월영동,1.39,1.0,,정기 모니터링 유지,정기 모니터링,,정기 모니터링 유지,1,R-OT-default,반복 상위 노출군에 들지 않았다.,,행동 유형은 종류 구분이며 우선순위·위험등급이 아니다. 제안 행동은 행정적 확인 절차이지 규제·처분이 아니다.
SC0580,월영현대3차경로당,경로당,마산합포구,월영동,4812553000.0,other,,no_axis_variation,630.4,월영동,1.35,1.0,,정기 모니터링 유지,정기 모니터링,,정기 모니터링 유지,1,R-OT-default,반복 상위 노출군에 들지 않았다.,,행동 유형은 종류 구분이며 우선순위·위험등급이 아니다. 제안 행동은 행정적 확인 절차이지 규제·처분이 아니다.
SC0581,월영새동네경로당,경로당,마산합포구,월영동,4812553000.0,other,,no_axis_variation,261.1,월영동,1.02,1.0,,정기 모니터링 유지,정기 모니터링,,정기 모니터링 유지,1,R-OT-default,반복 상위 노출군에 들지 않았다.,,행동 유형은 종류 구분이며 우선순위·위험등급이 아니다. 제안 행동은 행정적 확인 절차이지 규제·처분이 아니다.
SC0582,마린애시앙경로당,경로당,마산합포구,월영동,4812553000.0,other,,no_axis_variation,481.4,월영동,0.92,1.0,,정기 모니터링 유지,정기 모니터링,,정기 모니터링 유지,1,R-OT-default,반복 상위 노출군에 들지 않았다.,,행동 유형은 종류 구분이며 우선순위·위험등급이 아니다. 제안 행동은 행정적 확인 절차이지 규제·처분이 아니다.
SC0585,산호중앙경로당,경로당,마산합포구,산호동,4812565000.0,other,,no_axis_variation,314.3,회원동,0.76,0.0,,정기 모니터링 유지,정기 모니터링,,정기 모니터링 유지,1,R-OT-default,반복 상위 노출군에 들지 않았다.,,행동 유형은 종류 구분이며 우선순위·위험등급이 아니다. 제안 행동은 행정적 확인 절차이지 규제·처분이 아니다.
SC0586,산호현대남경로당,경로당,마산합포구,산호동,4812565000.0,other,,no_axis_variation,63.8,회원동,0.39,0.0,,정기 모니터링 유지,정기 모니터링,,정기 모니터링 유지,1,R-OT-default,반복 상위 노출군에 들지 않았다.,,행동 유형은 종류 구분이며 우선순위·위험등급이 아니다. 제안 행동은 행정적 확인 절차이지 규제·처분이 아니다.
SC0587,산호현대여경로당,경로당,마산합포구,산호동,4812565000.0,other,,no_axis_variation,63.8,회원동,0.39,0.0,,정기 모니터링 유지,정기 모니터링,,정기 모니터링 유지,1,R-OT-default,반복 상위 노출군에 들지 않았다.,,행동 유형은 종류 구분이며 우선순위·위험등급이 아니다. 제안 행동은 행정적 확인 절차이지 규제·처분이 아니다.
SC0594,자산남성경로당,경로당,마산합포구,자산동,4812558000.0,other,,no_axis_variation,193.6,회원동,1.71,0.0,,정기 모니터링 유지,정기 모니터링,,정기 모니터링 유지,1,R-OT-default,반복 상위 노출군에 들지 않았다.,,행동 유형은 종류 구분이며 우선순위·위험등급이 아니다. 제안 행동은 행정적 확인 절차이지 규제·처분이 아니다.
SC0595,자산여성경로당,경로당,마산합포구,자산동,4812558000.0,other,,no_axis_variation,193.6,회원동,1.71,0.0,,정기 모니터링 유지,정기 모니터링,,정기 모니터링 유지,1,R-OT-default,반복 상위 노출군에 들지 않았다.,,행동 유형은 종류 구분이며 우선순위·위험등급이 아니다. 제안 행동은 행정적 확인 절차이지 규제·처분이 아니다.
SC0596,상봉남성경로당,경로당,마산합포구,자산동,4812558000.0,other,,no_axis_variation,109.8,회원동,1.52,0.0,,정기 모니터링 유지,정기 모니터링,,정기 모니터링 유지,1,R-OT-default,반복 상위 노출군에 들지 않았다.,,행동 유형은 종류 구분이며 우선순위·위험등급이 아니다. 제안 행동은 행정적 확인 절차이지 규제·처분이 아니다.
SC0597,상봉여성경로당,경로당,마산합포구,자산동,4812558000.0,other,,no_axis_variation,109.8,회원동,1.52,0.0,,정기 모니터링 유지,정기 모니터링,,정기 모니터링 유지,1,R-OT-default,반복 상위 노출군에 들지 않았다.,,행동 유형은 종류 구분이며 우선순위·위험등급이 아니다. 제안 행동은 행정적 확인 절차이지 규제·처분이 아니다.
SC0598,학봉남성경로당,경로당,마산합포구,자산동,4812558000.0,other,,no_axis_variation,163.6,회원동,1.96,0.0,,정기 모니터링 유지,정기 모니터링,,정기 모니터링 유지,1,R-OT-default,반복 상위 노출군에 들지 않았다.,,행동 유형은 종류 구분이며 우선순위·위험등급이 아니다. 제안 행동은 행정적 확인 절차이지 규제·처분이 아니다.
SC0599,학봉여성경로당,경로당,마산합포구,자산동,4812558000.0,other,,no_axis_variation,163.6,회원동,1.96,0.0,,정기 모니터링 유지,정기 모니터링,,정기 모니터링 유지,1,R-OT-default,반복 상위 노출군에 들지 않았다.,,행동 유형은 종류 구분이며 우선순위·위험등급이 아니다. 제안 행동은 행정적 확인 절차이지 규제·처분이 아니다.
SC0600,자산아파트경로당,경로당,마산합포구,자산동,4812558000.0,other,,no_axis_variation,497.1,월영동,1.96,0.0,,정기 모니터링 유지,정기 모니터링,,정기 모니터링 유지,1,R-OT-default,반복 상위 노출군에 들지 않았다.,,행동 유형은 종류 구분이며 우선순위·위험등급이 아니다. 제안 행동은 행정적 확인 절차이지 규제·처분이 아니다.
SC0601,우성아파트경로당,경로당,마산합포구,자산동,4812558000.0,other,,no_axis_variation,156.5,회원동,2.12,0.0,,정기 모니터링 유지,정기 모니터링,,정기 모니터링 유지,1,R-OT-default,반복 상위 노출군에 들지 않았다.,,행동 유형은 종류 구분이며 우선순위·위험등급이 아니다. 제안 행동은 행정적 확인 절차이지 규제·처분이 아니다.
SC0602,한우아파트1.2동경로당,경로당,마산합포구,자산동,4812558000.0,other,,no_axis_variation,265.2,월영동,2.16,0.0,,정기 모니터링 유지,정기 모니터링,,정기 모니터링 유지,1,R-OT-default,반복 상위 노출군에 들지 않았다.,,행동 유형은 종류 구분이며 우선순위·위험등급이 아니다. 제안 행동은 행정적 확인 절차이지 규제·처분이 아니다.
SC0603,한우아파트3.5.6동경로당,경로당,마산합포구,자산동,4812558000.0,other,,no_axis_variation,289.6,월영동,2.1,0.0,,정기 모니터링 유지,정기 모니터링,,정기 모니터링 유지,1,R-OT-default,반복 상위 노출군에 들지 않았다.,,행동 유형은 종류 구분이며 우선순위·위험등급이 아니다. 제안 행동은 행정적 확인 절차이지 규제·처분이 아니다.
SC0604,한우아파트9.10동경로당,경로당,마산합포구,자산동,4812558000.0,other,,no_axis_variation,157.5,회원동,2.1,0.0,,정기 모니터링 유지,정기 모니터링,,정기 모니터링 유지,1,R-OT-default,반복 상위 노출군에 들지 않았다.,,행동 유형은 종류 구분이며 우선순위·위험등급이 아니다. 제안 행동은 행정적 확인 절차이지 규제·처분이 아니다.
SC0605,한우아파트11.12동경로당,경로당,마산합포구,자산동,4812558000.0,other,,no_axis_variation,255.7,월영동,2.13,0.0,,정기 모니터링 유지,정기 모니터링,,정기 모니터링 유지,1,R-OT-default,반복 상위 노출군에 들지 않았다.,,행동 유형은 종류 구분이며 우선순위·위험등급이 아니다. 제안 행동은 행정적 확인 절차이지 규제·처분이 아니다.
SC0606,팔도아파트경로당,경로당,마산합포구,자산동,4812558000.0,other,,no_axis_variation,55.7,회원동,1.61,0.0,,정기 모니터링 유지,정기 모니터링,,정기 모니터링 유지,1,R-OT-default,반복 상위 노출군에 들지 않았다.,,행동 유형은 종류 구분이며 우선순위·위험등급이 아니다. 제안 행동은 행정적 확인 절차이지 규제·처분이 아니다.
SC0607,성호남성경로당,경로당,마산합포구,오동동,4812563000.0,other,,no_axis_variation,192.2,회원동,1.15,2.0,,정기 모니터링 유지,정기 모니터링,,정기 모니터링 유지,1,R-OT-default,반복 상위 노출군에 들지 않았다.,,행동 유형은 종류 구분이며 우선순위·위험등급이 아니다. 제안 행동은 행정적 확인 절차이지 규제·처분이 아니다.
SC0608,성호여성경로당,경로당,마산합포구,오동동,4812563000.0,other,,no_axis_variation,192.2,회원동,1.15,2.0,,정기 모니터링 유지,정기 모니터링,,정기 모니터링 유지,1,R-OT-default,반복 상위 노출군에 들지 않았다.,,행동 유형은 종류 구분이며 우선순위·위험등급이 아니다. 제안 행동은 행정적 확인 절차이지 규제·처분이 아니다.
SC0609,추산남성경로당,경로당,마산합포구,오동동,4812563000.0,other,,no_axis_variation,265.2,회원동,1.32,2.0,,정기 모니터링 유지,정기 모니터링,,정기 모니터링 유지,1,R-OT-default,반복 상위 노출군에 들지 않았다.,,행동 유형은 종류 구분이며 우선순위·위험등급이 아니다. 제안 행동은 행정적 확인 절차이지 규제·처분이 아니다.
SC0610,추산여성경로당,경로당,마산합포구,오동동,4812563000.0,other,,no_axis_variation,265.2,회원동,1.32,2.0,,정기 모니터링 유지,정기 모니터링,,정기 모니터링 유지,1,R-OT-default,반복 상위 노출군에 들지 않았다.,,행동 유형은 종류 구분이며 우선순위·위험등급이 아니다. 제안 행동은 행정적 확인 절차이지 규제·처분이 아니다.
SC0611,신추산남성경로당,경로당,마산합포구,오동동,4812563000.0,other,,no_axis_variation,103.8,회원동,1.0,2.0,,정기 모니터링 유지,정기 모니터링,,정기 모니터링 유지,1,R-OT-default,반복 상위 노출군에 들지 않았다.,,행동 유형은 종류 구분이며 우선순위·위험등급이 아니다. 제안 행동은 행정적 확인 절차이지 규제·처분이 아니다.
SC0612,신추산여성경로당,경로당,마산합포구,오동동,4812563000.0,other,,no_axis_variation,103.8,회원동,1.0,2.0,,정기 모니터링 유지,정기 모니터링,,정기 모니터링 유지,1,R-OT-default,반복 상위 노출군에 들지 않았다.,,행동 유형은 종류 구분이며 우선순위·위험등급이 아니다. 제안 행동은 행정적 확인 절차이지 규제·처분이 아니다.
SC0614,오동동여성경로당,경로당,마산합포구,오동동,4812563000.0,other,,no_axis_variation,198.2,회원동,1.24,2.0,,정기 모니터링 유지,정기 모니터링,,정기 모니터링 유지,1,R-OT-default,반복 상위 노출군에 들지 않았다.,,행동 유형은 종류 구분이며 우선순위·위험등급이 아니다. 제안 행동은 행정적 확인 절차이지 규제·처분이 아니다.
SC0615,중성동여성경로당,경로당,마산합포구,오동동,4812563000.0,other,,no_axis_variation,92.6,회원동,0.99,2.0,,정기 모니터링 유지,정기 모니터링,,정기 모니터링 유지,1,R-OT-default,반복 상위 노출군에 들지 않았다.,,행동 유형은 종류 구분이며 우선순위·위험등급이 아니다. 제안 행동은 행정적 확인 절차이지 규제·처분이 아니다.
SC0627,교방남성경로당,경로당,마산합포구,교방동,4812561000.0,other,,no_axis_variation,454.0,회원동,0.79,0.0,,정기 모니터링 유지,정기 모니터링,,정기 모니터링 유지,1,R-OT-default,반복 상위 노출군에 들지 않았다.,,행동 유형은 종류 구분이며 우선순위·위험등급이 아니다. 제안 행동은 행정적 확인 절차이지 규제·처분이 아니다.
SC0628,교방여성경로당,경로당,마산합포구,교방동,4812561000.0,other,,no_axis_variation,383.2,회원동,0.83,0.0,,정기 모니터링 유지,정기 모니터링,,정기 모니터링 유지,1,R-OT-default,반복 상위 노출군에 들지 않았다.,,행동 유형은 종류 구분이며 우선순위·위험등급이 아니다. 제안 행동은 행정적 확인 절차이지 규제·처분이 아니다.
SC0629,교방장수경로당,경로당,마산합포구,교방동,4812561000.0,other,,no_axis_variation,252.7,회원동,1.01,0.0,,정기 모니터링 유지,정기 모니터링,,정기 모니터링 유지,1,R-OT-default,반복 상위 노출군에 들지 않았다.,,행동 유형은 종류 구분이며 우선순위·위험등급이 아니다. 제안 행동은 행정적 확인 절차이지 규제·처분이 아니다.
SC0630,무학산블루밍경로당,경로당,마산합포구,교방동,4812561000.0,other,,no_axis_variation,352.8,회원동,1.08,0.0,,정기 모니터링 유지,정기 모니터링,,정기 모니터링 유지,1,R-OT-default,반복 상위 노출군에 들지 않았다.,,행동 유형은 종류 구분이며 우선순위·위험등급이 아니다. 제안 행동은 행정적 확인 절차이지 규제·처분이 아니다.
SC0631,무학자이아파트경로당,경로당,마산합포구,교방동,4812561000.0,other,,no_axis_variation,426.7,회원동,0.56,0.0,,정기 모니터링 유지,정기 모니터링,,정기 모니터링 유지,1,R-OT-default,반복 상위 노출군에 들지 않았다.,,행동 유형은 종류 구분이며 우선순위·위험등급이 아니다. 제안 행동은 행정적 확인 절차이지 규제·처분이 아니다.
SC0632,북마산남성경로당,경로당,마산합포구,교방동,4812561000.0,other,,no_axis_variation,258.8,회원동,0.49,0.0,,정기 모니터링 유지,정기 모니터링,,정기 모니터링 유지,1,R-OT-default,반복 상위 노출군에 들지 않았다.,,행동 유형은 종류 구분이며 우선순위·위험등급이 아니다. 제안 행동은 행정적 확인 절차이지 규제·처분이 아니다.
SC0633,북마산여성경로당,경로당,마산합포구,교방동,4812561000.0,other,,no_axis_variation,258.8,회원동,0.49,0.0,,정기 모니터링 유지,정기 모니터링,,정기 모니터링 유지,1,R-OT-default,반복 상위 노출군에 들지 않았다.,,행동 유형은 종류 구분이며 우선순위·위험등급이 아니다. 제안 행동은 행정적 확인 절차이지 규제·처분이 아니다.
SC0634,서광경로당,경로당,마산합포구,교방동,4812561000.0,other,,no_axis_variation,186.8,회원동,0.49,0.0,,정기 모니터링 유지,정기 모니터링,,정기 모니터링 유지,1,R-OT-default,반복 상위 노출군에 들지 않았다.,,행동 유형은 종류 구분이며 우선순위·위험등급이 아니다. 제안 행동은 행정적 확인 절차이지 규제·처분이 아니다.
SC0635,회산여성경로당,경로당,마산합포구,교방동,4812561000.0,other,,no_axis_variation,360.3,회원동,0.52,0.0,,정기 모니터링 유지,정기 모니터링,,정기 모니터링 유지,1,R-OT-default,반복 상위 노출군에 들지 않았다.,,행동 유형은 종류 구분이며 우선순위·위험등급이 아니다. 제안 행동은 행정적 확인 절차이지 규제·처분이 아니다.
SC0636,교원경로당,경로당,마산합포구,교방동,4812561000.0,other,,no_axis_variation,261.4,회원동,0.7,0.0,,정기 모니터링 유지,정기 모니터링,,정기 모니터링 유지,1,R-OT-default,반복 상위 노출군에 들지 않았다.,,행동 유형은 종류 구분이며 우선순위·위험등급이 아니다. 제안 행동은 행정적 확인 절차이지 규제·처분이 아니다.
SC0637,상남경로당,경로당,마산합포구,교방동,4812561000.0,other,,no_axis_variation,206.4,회원동,0.6,0.0,,정기 모니터링 유지,정기 모니터링,,정기 모니터링 유지,1,R-OT-default,반복 상위 노출군에 들지 않았다.,,행동 유형은 종류 구분이며 우선순위·위험등급이 아니다. 제안 행동은 행정적 확인 절차이지 규제·처분이 아니다.
SC0638,회남여성경로당,경로당,마산합포구,교방동,4812561000.0,other,,no_axis_variation,206.4,회원동,0.6,0.0,,정기 모니터링 유지,정기 모니터링,,정기 모니터링 유지,1,R-OT-default,반복 상위 노출군에 들지 않았다.,,행동 유형은 종류 구분이며 우선순위·위험등급이 아니다. 제안 행동은 행정적 확인 절차이지 규제·처분이 아니다.
SC0639,롯데캐슬프리미어아파트경로당,경로당,마산합포구,교방동,4812561000.0,other,,no_axis_variation,366.4,회원동,0.91,0.0,,정기 모니터링 유지,정기 모니터링,,정기 모니터링 유지,1,R-OT-default,반복 상위 노출군에 들지 않았다.,,행동 유형은 종류 구분이며 우선순위·위험등급이 아니다. 제안 행동은 행정적 확인 절차이지 규제·처분이 아니다.
SC0640,구복남성경로당,경로당,마산합포구,구산면,4812531000.0,other,,no_axis_variation,660.1,월영동,12.59,2.0,,정기 모니터링 유지,정기 모니터링,,정기 모니터링 유지,1,R-OT-default,반복 상위 노출군에 들지 않았다.,,행동 유형은 종류 구분이며 우선순위·위험등급이 아니다. 제안 행동은 행정적 확인 절차이지 규제·처분이 아니다.
SC0641,구복여성경로당,경로당,마산합포구,구산면,4812531000.0,other,,no_axis_variation,547.3,월영동,12.57,2.0,,정기 모니터링 유지,정기 모니터링,,정기 모니터링 유지,1,R-OT-default,반복 상위 노출군에 들지 않았다.,,행동 유형은 종류 구분이며 우선순위·위험등급이 아니다. 제안 행동은 행정적 확인 절차이지 규제·처분이 아니다.
SC0642,구산경로당,경로당,마산합포구,구산면,4812531000.0,other,,no_axis_variation,1058.2,월영동,10.62,2.0,,정기 모니터링 유지,정기 모니터링,,정기 모니터링 유지,1,R-OT-default,반복 상위 노출군에 들지 않았다.,,행동 유형은 종류 구분이며 우선순위·위험등급이 아니다. 제안 행동은 행정적 확인 절차이지 규제·처분이 아니다.
SC0643,구산음달경로당,경로당,마산합포구,구산면,4812531000.0,other,,no_axis_variation,1327.7,월영동,7.14,2.0,,정기 모니터링 유지,정기 모니터링,,정기 모니터링 유지,1,R-OT-default,반복 상위 노출군에 들지 않았다.,,행동 유형은 종류 구분이며 우선순위·위험등급이 아니다. 제안 행동은 행정적 확인 절차이지 규제·처분이 아니다.
SC0644,군령경로당,경로당,마산합포구,구산면,4812531000.0,other,,no_axis_variation,837.4,월영동,7.37,2.0,,정기 모니터링 유지,정기 모니터링,,정기 모니터링 유지,1,R-OT-default,반복 상위 노출군에 들지 않았다.,,행동 유형은 종류 구분이며 우선순위·위험등급이 아니다. 제안 행동은 행정적 확인 절차이지 규제·처분이 아니다.
SC0645,난포경로당,경로당,마산합포구,구산면,4812531000.0,other,,no_axis_variation,109.2,경화동,11.24,2.0,,정기 모니터링 유지,정기 모니터링,,정기 모니터링 유지,1,R-OT-default,반복 상위 노출군에 들지 않았다.,,행동 유형은 종류 구분이며 우선순위·위험등급이 아니다. 제안 행동은 행정적 확인 절차이지 규제·처분이 아니다.
SC0646,내포남성경로당,경로당,마산합포구,구산면,4812531000.0,other,,no_axis_variation,2054.9,월영동,9.53,2.0,,정기 모니터링 유지,정기 모니터링,,정기 모니터링 유지,1,R-OT-default,반복 상위 노출군에 들지 않았다.,,행동 유형은 종류 구분이며 우선순위·위험등급이 아니다. 제안 행동은 행정적 확인 절차이지 규제·처분이 아니다.
SC0647,내포여성경로당,경로당,마산합포구,구산면,4812531000.0,other,,no_axis_variation,2106.5,월영동,9.5,2.0,,정기 모니터링 유지,정기 모니터링,,정기 모니터링 유지,1,R-OT-default,반복 상위 노출군에 들지 않았다.,,행동 유형은 종류 구분이며 우선순위·위험등급이 아니다. 제안 행동은 행정적 확인 절차이지 규제·처분이 아니다.
SC0648,명주경로당,경로당,마산합포구,구산면,4812531000.0,other,,no_axis_variation,1909.9,월영동,8.48,2.0,,정기 모니터링 유지,정기 모니터링,,정기 모니터링 유지,1,R-OT-default,반복 상위 노출군에 들지 않았다.,,행동 유형은 종류 구분이며 우선순위·위험등급이 아니다. 제안 행동은 행정적 확인 절차이지 규제·처분이 아니다.
SC0649,반동남성경로당,경로당,마산합포구,구산면,4812531000.0,other,,no_axis_variation,944.3,월영동,11.19,2.0,,정기 모니터링 유지,정기 모니터링,,정기 모니터링 유지,1,R-OT-default,반복 상위 노출군에 들지 않았다.,,행동 유형은 종류 구분이며 우선순위·위험등급이 아니다. 제안 행동은 행정적 확인 절차이지 규제·처분이 아니다.
SC0650,반동여성경로당,경로당,마산합포구,구산면,4812531000.0,other,,no_axis_variation,964.4,월영동,11.19,2.0,,정기 모니터링 유지,정기 모니터링,,정기 모니터링 유지,1,R-OT-default,반복 상위 노출군에 들지 않았다.,,행동 유형은 종류 구분이며 우선순위·위험등급이 아니다. 제안 행동은 행정적 확인 절차이지 규제·처분이 아니다.
SC0651,상마전경로당,경로당,마산합포구,구산면,4812531000.0,other,,no_axis_variation,1030.0,월영동,6.55,2.0,,정기 모니터링 유지,정기 모니터링,,정기 모니터링 유지,1,R-OT-default,반복 상위 노출군에 들지 않았다.,,행동 유형은 종류 구분이며 우선순위·위험등급이 아니다. 제안 행동은 행정적 확인 절차이지 규제·처분이 아니다.
SC0652,석곡경로당,경로당,마산합포구,구산면,4812531000.0,other,,no_axis_variation,1430.2,월영동,7.53,2.0,,정기 모니터링 유지,정기 모니터링,,정기 모니터링 유지,1,R-OT-default,반복 상위 노출군에 들지 않았다.,,행동 유형은 종류 구분이며 우선순위·위험등급이 아니다. 제안 행동은 행정적 확인 절차이지 규제·처분이 아니다.
SC0653,수정남성경로당,경로당,마산합포구,구산면,4812531000.0,other,,no_axis_variation,1327.7,월영동,7.14,2.0,,정기 모니터링 유지,정기 모니터링,,정기 모니터링 유지,1,R-OT-default,반복 상위 노출군에 들지 않았다.,,행동 유형은 종류 구분이며 우선순위·위험등급이 아니다. 제안 행동은 행정적 확인 절차이지 규제·처분이 아니다.
SC0654,수정여성경로당,경로당,마산합포구,구산면,4812531000.0,other,,no_axis_variation,1327.7,월영동,7.14,2.0,,정기 모니터링 유지,정기 모니터링,,정기 모니터링 유지,1,R-OT-default,반복 상위 노출군에 들지 않았다.,,행동 유형은 종류 구분이며 우선순위·위험등급이 아니다. 제안 행동은 행정적 확인 절차이지 규제·처분이 아니다.
SC0655,신촌경로당,경로당,마산합포구,구산면,4812531000.0,other,,no_axis_variation,1397.6,월영동,10.01,2.0,,정기 모니터링 유지,정기 모니터링,,정기 모니터링 유지,1,R-OT-default,반복 상위 노출군에 들지 않았다.,,행동 유형은 종류 구분이며 우선순위·위험등급이 아니다. 제안 행동은 행정적 확인 절차이지 규제·처분이 아니다.
SC0656,실리도경로당,경로당,마산합포구,구산면,4812531000.0,other,,no_axis_variation,669.2,경화동,11.2,2.0,,정기 모니터링 유지,정기 모니터링,,정기 모니터링 유지,1,R-OT-default,반복 상위 노출군에 들지 않았다.,,행동 유형은 종류 구분이며 우선순위·위험등급이 아니다. 제안 행동은 행정적 확인 절차이지 규제·처분이 아니다.
SC0657,심리경로당,경로당,마산합포구,구산면,4812531000.0,other,,no_axis_variation,571.9,경화동,12.1,2.0,,정기 모니터링 유지,정기 모니터링,,정기 모니터링 유지,1,R-OT-default,반복 상위 노출군에 들지 않았다.,,행동 유형은 종류 구분이며 우선순위·위험등급이 아니다. 제안 행동은 행정적 확인 절차이지 규제·처분이 아니다.
SC0658,안녕경로당,경로당,마산합포구,구산면,4812531000.0,other,,no_axis_variation,54.2,월영동,7.95,2.0,,정기 모니터링 유지,정기 모니터링,,정기 모니터링 유지,1,R-OT-default,반복 상위 노출군에 들지 않았다.,,행동 유형은 종류 구분이며 우선순위·위험등급이 아니다. 제안 행동은 행정적 확인 절차이지 규제·처분이 아니다.
SC0659,양평경로당,경로당,마산합포구,구산면,4812531000.0,other,,no_axis_variation,694.9,월영동,11.22,2.0,,정기 모니터링 유지,정기 모니터링,,정기 모니터링 유지,1,R-OT-default,반복 상위 노출군에 들지 않았다.,,행동 유형은 종류 구분이며 우선순위·위험등급이 아니다. 제안 행동은 행정적 확인 절차이지 규제·처분이 아니다.
SC0660,옥계남성경로당,경로당,마산합포구,구산면,4812531000.0,other,,no_axis_variation,1240.6,경화동,9.94,2.0,,정기 모니터링 유지,정기 모니터링,,정기 모니터링 유지,1,R-OT-default,반복 상위 노출군에 들지 않았다.,,행동 유형은 종류 구분이며 우선순위·위험등급이 아니다. 제안 행동은 행정적 확인 절차이지 규제·처분이 아니다.
SC0661,옥계여성경로당,경로당,마산합포구,구산면,4812531000.0,other,,no_axis_variation,1300.4,경화동,9.89,2.0,,정기 모니터링 유지,정기 모니터링,,정기 모니터링 유지,1,R-OT-default,반복 상위 노출군에 들지 않았다.,,행동 유형은 종류 구분이며 우선순위·위험등급이 아니다. 제안 행동은 행정적 확인 절차이지 규제·처분이 아니다.
SC0662,용호경로당,경로당,마산합포구,구산면,4812531000.0,other,,no_axis_variation,1129.8,경화동,12.47,2.0,,정기 모니터링 유지,정기 모니터링,,정기 모니터링 유지,1,R-OT-default,반복 상위 노출군에 들지 않았다.,,행동 유형은 종류 구분이며 우선순위·위험등급이 아니다. 제안 행동은 행정적 확인 절차이지 규제·처분이 아니다.
SC0663,욱곡남성경로당,경로당,마산합포구,구산면,4812531000.0,other,,no_axis_variation,2254.1,월영동,9.65,2.0,,정기 모니터링 유지,정기 모니터링,,정기 모니터링 유지,1,R-OT-default,반복 상위 노출군에 들지 않았다.,,행동 유형은 종류 구분이며 우선순위·위험등급이 아니다. 제안 행동은 행정적 확인 절차이지 규제·처분이 아니다.
SC0664,욱곡여성경로당,경로당,마산합포구,구산면,4812531000.0,other,,no_axis_variation,2254.1,월영동,9.65,2.0,,정기 모니터링 유지,정기 모니터링,,정기 모니터링 유지,1,R-OT-default,반복 상위 노출군에 들지 않았다.,,행동 유형은 종류 구분이며 우선순위·위험등급이 아니다. 제안 행동은 행정적 확인 절차이지 규제·처분이 아니다.
SC0665,원전경로당,경로당,마산합포구,구산면,4812531000.0,other,,no_axis_variation,32.9,경화동,11.04,2.0,,정기 모니터링 유지,정기 모니터링,,정기 모니터링 유지,1,R-OT-default,반복 상위 노출군에 들지 않았다.,,행동 유형은 종류 구분이며 우선순위·위험등급이 아니다. 제안 행동은 행정적 확인 절차이지 규제·처분이 아니다.
SC0666,유산경로당,경로당,마산합포구,구산면,4812531000.0,other,,no_axis_variation,405.6,월영동,5.91,2.0,,정기 모니터링 유지,정기 모니터링,,정기 모니터링 유지,1,R-OT-default,반복 상위 노출군에 들지 않았다.,,행동 유형은 종류 구분이며 우선순위·위험등급이 아니다. 제안 행동은 행정적 확인 절차이지 규제·처분이 아니다.
SC0667,유천경로당,경로당,마산합포구,구산면,4812531000.0,other,,no_axis_variation,333.6,월영동,5.76,2.0,,정기 모니터링 유지,정기 모니터링,,정기 모니터링 유지,1,R-OT-default,반복 상위 노출군에 들지 않았다.,,행동 유형은 종류 구분이며 우선순위·위험등급이 아니다. 제안 행동은 행정적 확인 절차이지 규제·처분이 아니다.
SC0668,장구경로당,경로당,마산합포구,구산면,4812531000.0,other,,no_axis_variation,439.7,월영동,11.41,2.0,,정기 모니터링 유지,정기 모니터링,,정기 모니터링 유지,1,R-OT-default,반복 상위 노출군에 들지 않았다.,,행동 유형은 종류 구분이며 우선순위·위험등급이 아니다. 제안 행동은 행정적 확인 절차이지 규제·처분이 아니다.
SC0669,하마전경로당,경로당,마산합포구,구산면,4812531000.0,other,,no_axis_variation,277.0,월영동,7.02,2.0,,정기 모니터링 유지,정기 모니터링,,정기 모니터링 유지,1,R-OT-default,반복 상위 노출군에 들지 않았다.,,행동 유형은 종류 구분이며 우선순위·위험등급이 아니다. 제안 행동은 행정적 확인 절차이지 규제·처분이 아니다.
SC0671,감나무골경로당,경로당,마산회원구,내서읍,4812725000.0,other,,no_axis_variation,248.7,내서읍,3.68,1.0,,정기 모니터링 유지,정기 모니터링,,정기 모니터링 유지,1,R-OT-default,반복 상위 노출군에 들지 않았다.,,행동 유형은 종류 구분이며 우선순위·위험등급이 아니다. 제안 행동은 행정적 확인 절차이지 규제·처분이 아니다.
SC0672,감천남성경로당,경로당,마산회원구,내서읍,4812725000.0,other,,no_axis_variation,186.9,내서읍,2.64,1.0,,정기 모니터링 유지,정기 모니터링,,정기 모니터링 유지,1,R-OT-default,반복 상위 노출군에 들지 않았다.,,행동 유형은 종류 구분이며 우선순위·위험등급이 아니다. 제안 행동은 행정적 확인 절차이지 규제·처분이 아니다.
SC0673,감천여성경로당,경로당,마산회원구,내서읍,4812725000.0,other,,no_axis_variation,186.9,내서읍,2.64,1.0,,정기 모니터링 유지,정기 모니터링,,정기 모니터링 유지,1,R-OT-default,반복 상위 노출군에 들지 않았다.,,행동 유형은 종류 구분이며 우선순위·위험등급이 아니다. 제안 행동은 행정적 확인 절차이지 규제·처분이 아니다.
SC0674,구미경로당,경로당,마산회원구,내서읍,4812725000.0,other,,no_axis_variation,175.4,내서읍,3.42,1.0,,정기 모니터링 유지,정기 모니터링,,정기 모니터링 유지,1,R-OT-default,반복 상위 노출군에 들지 않았다.,,행동 유형은 종류 구분이며 우선순위·위험등급이 아니다. 제안 행동은 행정적 확인 절차이지 규제·처분이 아니다.
SC0675,구슬골경로당,경로당,마산회원구,내서읍,4812725000.0,other,,no_axis_variation,110.6,내서읍,3.08,1.0,,정기 모니터링 유지,정기 모니터링,,정기 모니터링 유지,1,R-OT-default,반복 상위 노출군에 들지 않았다.,,행동 유형은 종류 구분이며 우선순위·위험등급이 아니다. 제안 행동은 행정적 확인 절차이지 규제·처분이 아니다.
SC0676,국제아파트경로당,경로당,마산회원구,내서읍,4812725000.0,other,,no_axis_variation,186.8,내서읍,4.51,1.0,,정기 모니터링 유지,정기 모니터링,,정기 모니터링 유지,1,R-OT-default,반복 상위 노출군에 들지 않았다.,,행동 유형은 종류 구분이며 우선순위·위험등급이 아니다. 제안 행동은 행정적 확인 절차이지 규제·처분이 아니다.
SC0678,대동다숲아파트경로당,경로당,마산회원구,내서읍,4812725000.0,other,,no_axis_variation,293.9,내서읍,0.49,1.0,,정기 모니터링 유지,정기 모니터링,,정기 모니터링 유지,1,R-OT-default,반복 상위 노출군에 들지 않았다.,,행동 유형은 종류 구분이며 우선순위·위험등급이 아니다. 제안 행동은 행정적 확인 절차이지 규제·처분이 아니다.
SC0679,대동이미지1단지아파트경로당,경로당,마산회원구,내서읍,4812725000.0,other,,no_axis_variation,270.7,내서읍,0.28,1.0,,정기 모니터링 유지,정기 모니터링,,정기 모니터링 유지,1,R-OT-default,반복 상위 노출군에 들지 않았다.,,행동 유형은 종류 구분이며 우선순위·위험등급이 아니다. 제안 행동은 행정적 확인 절차이지 규제·처분이 아니다.
SC0680,대동이미지1단지아파트남성경로당,경로당,마산회원구,내서읍,4812725000.0,other,,no_axis_variation,270.7,내서읍,0.28,1.0,,정기 모니터링 유지,정기 모니터링,,정기 모니터링 유지,1,R-OT-default,반복 상위 노출군에 들지 않았다.,,행동 유형은 종류 구분이며 우선순위·위험등급이 아니다. 제안 행동은 행정적 확인 절차이지 규제·처분이 아니다.
SC0681,대동이미지2단지경로당,경로당,마산회원구,내서읍,4812725000.0,other,,no_axis_variation,148.2,내서읍,0.23,1.0,,정기 모니터링 유지,정기 모니터링,,정기 모니터링 유지,1,R-OT-default,반복 상위 노출군에 들지 않았다.,,행동 유형은 종류 구분이며 우선순위·위험등급이 아니다. 제안 행동은 행정적 확인 절차이지 규제·처분이 아니다.
SC0686,블루힐스아파트경로당,경로당,마산회원구,내서읍,4812725000.0,other,,no_axis_variation,334.3,내서읍,0.48,1.0,,정기 모니터링 유지,정기 모니터링,,정기 모니터링 유지,1,R-OT-default,반복 상위 노출군에 들지 않았다.,,행동 유형은 종류 구분이며 우선순위·위험등급이 아니다. 제안 행동은 행정적 확인 절차이지 규제·처분이 아니다.
SC0687,삼계2주공아파트경로당,경로당,마산회원구,내서읍,4812725000.0,other,,no_axis_variation,424.3,내서읍,0.35,1.0,,정기 모니터링 유지,정기 모니터링,,정기 모니터링 유지,1,R-OT-default,반복 상위 노출군에 들지 않았다.,,행동 유형은 종류 구분이며 우선순위·위험등급이 아니다. 제안 행동은 행정적 확인 절차이지 규제·처분이 아니다.
SC0688,삼계남성경로당,경로당,마산회원구,내서읍,4812725000.0,other,,no_axis_variation,210.1,내서읍,0.64,1.0,,정기 모니터링 유지,정기 모니터링,,정기 모니터링 유지,1,R-OT-default,반복 상위 노출군에 들지 않았다.,,행동 유형은 종류 구분이며 우선순위·위험등급이 아니다. 제안 행동은 행정적 확인 절차이지 규제·처분이 아니다.
SC0689,삼계대동아파트경로당,경로당,마산회원구,내서읍,4812725000.0,other,,no_axis_variation,351.7,내서읍,0.43,1.0,,정기 모니터링 유지,정기 모니터링,,정기 모니터링 유지,1,R-OT-default,반복 상위 노출군에 들지 않았다.,,행동 유형은 종류 구분이며 우선순위·위험등급이 아니다. 제안 행동은 행정적 확인 절차이지 규제·처분이 아니다.
SC0690,삼계여성경로당,경로당,마산회원구,내서읍,4812725000.0,other,,no_axis_variation,210.1,내서읍,0.64,1.0,,정기 모니터링 유지,정기 모니터링,,정기 모니터링 유지,1,R-OT-default,반복 상위 노출군에 들지 않았다.,,행동 유형은 종류 구분이며 우선순위·위험등급이 아니다. 제안 행동은 행정적 확인 절차이지 규제·처분이 아니다.
SC0691,삼계현대아파트경로당,경로당,마산회원구,내서읍,4812725000.0,other,,no_axis_variation,192.2,내서읍,0.89,1.0,,정기 모니터링 유지,정기 모니터링,,정기 모니터링 유지,1,R-OT-default,반복 상위 노출군에 들지 않았다.,,행동 유형은 종류 구분이며 우선순위·위험등급이 아니다. 제안 행동은 행정적 확인 절차이지 규제·처분이 아니다.
SC0692,삼계화성아파트경로당,경로당,마산회원구,내서읍,4812725000.0,other,,no_axis_variation,187.9,내서읍,0.83,1.0,,정기 모니터링 유지,정기 모니터링,,정기 모니터링 유지,1,R-OT-default,반복 상위 노출군에 들지 않았다.,,행동 유형은 종류 구분이며 우선순위·위험등급이 아니다. 제안 행동은 행정적 확인 절차이지 규제·처분이 아니다.
SC0695,상곡2주공아파트경로당,경로당,마산회원구,내서읍,4812725000.0,other,,no_axis_variation,177.8,내서읍,2.14,1.0,,정기 모니터링 유지,정기 모니터링,,정기 모니터링 유지,1,R-OT-default,반복 상위 노출군에 들지 않았다.,,행동 유형은 종류 구분이며 우선순위·위험등급이 아니다. 제안 행동은 행정적 확인 절차이지 규제·처분이 아니다.
SC0698,서광2차아파트경로당,경로당,마산회원구,내서읍,4812725000.0,other,,no_axis_variation,125.9,내서읍,3.84,1.0,,정기 모니터링 유지,정기 모니터링,,정기 모니터링 유지,1,R-OT-default,반복 상위 노출군에 들지 않았다.,,행동 유형은 종류 구분이며 우선순위·위험등급이 아니다. 제안 행동은 행정적 확인 절차이지 규제·처분이 아니다.
SC0701,숲속마을주공3단지아파트경로당,경로당,마산회원구,내서읍,4812725000.0,other,,no_axis_variation,156.3,내서읍,0.87,1.0,,정기 모니터링 유지,정기 모니터링,,정기 모니터링 유지,1,R-OT-default,반복 상위 노출군에 들지 않았다.,,행동 유형은 종류 구분이며 우선순위·위험등급이 아니다. 제안 행동은 행정적 확인 절차이지 규제·처분이 아니다.
SC0702,숲속마을주공4단지아파트경로당,경로당,마산회원구,내서읍,4812725000.0,other,,no_axis_variation,72.4,내서읍,0.79,1.0,,정기 모니터링 유지,정기 모니터링,,정기 모니터링 유지,1,R-OT-default,반복 상위 노출군에 들지 않았다.,,행동 유형은 종류 구분이며 우선순위·위험등급이 아니다. 제안 행동은 행정적 확인 절차이지 규제·처분이 아니다.
SC0703,숲속마을주공5단지아파트경로당,경로당,마산회원구,내서읍,4812725000.0,other,,no_axis_variation,189.9,내서읍,0.65,1.0,,정기 모니터링 유지,정기 모니터링,,정기 모니터링 유지,1,R-OT-default,반복 상위 노출군에 들지 않았다.,,행동 유형은 종류 구분이며 우선순위·위험등급이 아니다. 제안 행동은 행정적 확인 절차이지 규제·처분이 아니다.
SC0704,숲속마을주공6단지아파트경로당,경로당,마산회원구,내서읍,4812725000.0,other,,no_axis_variation,88.8,내서읍,0.64,1.0,,정기 모니터링 유지,정기 모니터링,,정기 모니터링 유지,1,R-OT-default,반복 상위 노출군에 들지 않았다.,,행동 유형은 종류 구분이며 우선순위·위험등급이 아니다. 제안 행동은 행정적 확인 절차이지 규제·처분이 아니다.
SC0705,신감경로당,경로당,마산회원구,내서읍,4812725000.0,other,,no_axis_variation,213.2,내서읍,2.54,1.0,,정기 모니터링 유지,정기 모니터링,,정기 모니터링 유지,1,R-OT-default,반복 상위 노출군에 들지 않았다.,,행동 유형은 종류 구분이며 우선순위·위험등급이 아니다. 제안 행동은 행정적 확인 절차이지 규제·처분이 아니다.
SC0706,신목경로당,경로당,마산회원구,내서읍,4812725000.0,other,,no_axis_variation,1357.6,내서읍,3.84,1.0,,정기 모니터링 유지,정기 모니터링,,정기 모니터링 유지,1,R-OT-default,반복 상위 노출군에 들지 않았다.,,행동 유형은 종류 구분이며 우선순위·위험등급이 아니다. 제안 행동은 행정적 확인 절차이지 규제·처분이 아니다.
SC0708,안계경로당,경로당,마산회원구,내서읍,4812725000.0,other,,no_axis_variation,176.4,내서읍,1.97,1.0,,정기 모니터링 유지,정기 모니터링,,정기 모니터링 유지,1,R-OT-default,반복 상위 노출군에 들지 않았다.,,행동 유형은 종류 구분이며 우선순위·위험등급이 아니다. 제안 행동은 행정적 확인 절차이지 규제·처분이 아니다.
SC0709,안곡경로당,경로당,마산회원구,내서읍,4812725000.0,other,,no_axis_variation,343.5,내서읍,4.99,1.0,,정기 모니터링 유지,정기 모니터링,,정기 모니터링 유지,1,R-OT-default,반복 상위 노출군에 들지 않았다.,,행동 유형은 종류 구분이며 우선순위·위험등급이 아니다. 제안 행동은 행정적 확인 절차이지 규제·처분이 아니다.
SC0710,안성경로당,경로당,마산회원구,내서읍,4812725000.0,other,,no_axis_variation,1363.3,회원동,5.59,1.0,,정기 모니터링 유지,정기 모니터링,,정기 모니터링 유지,1,R-OT-default,반복 상위 노출군에 들지 않았다.,,행동 유형은 종류 구분이며 우선순위·위험등급이 아니다. 제안 행동은 행정적 확인 절차이지 규제·처분이 아니다.
SC0711,옥정경로당,경로당,마산회원구,내서읍,4812725000.0,other,,no_axis_variation,110.3,내서읍,3.1,1.0,,정기 모니터링 유지,정기 모니터링,,정기 모니터링 유지,1,R-OT-default,반복 상위 노출군에 들지 않았다.,,행동 유형은 종류 구분이며 우선순위·위험등급이 아니다. 제안 행동은 행정적 확인 절차이지 규제·처분이 아니다.
SC0713,원계경로당,경로당,마산회원구,내서읍,4812725000.0,other,,no_axis_variation,332.9,내서읍,0.75,1.0,,정기 모니터링 유지,정기 모니터링,,정기 모니터링 유지,1,R-OT-default,반복 상위 노출군에 들지 않았다.,,행동 유형은 종류 구분이며 우선순위·위험등급이 아니다. 제안 행동은 행정적 확인 절차이지 규제·처분이 아니다.
SC0714,원계대동다숲아파트경로당,경로당,마산회원구,내서읍,4812725000.0,other,,no_axis_variation,307.5,내서읍,0.52,1.0,,정기 모니터링 유지,정기 모니터링,,정기 모니터링 유지,1,R-OT-default,반복 상위 노출군에 들지 않았다.,,행동 유형은 종류 구분이며 우선순위·위험등급이 아니다. 제안 행동은 행정적 확인 절차이지 규제·처분이 아니다.
SC0716,전안경로당,경로당,마산회원구,내서읍,4812725000.0,other,,no_axis_variation,987.7,내서읍,1.22,1.0,,정기 모니터링 유지,정기 모니터링,,정기 모니터링 유지,1,R-OT-default,반복 상위 노출군에 들지 않았다.,,행동 유형은 종류 구분이며 우선순위·위험등급이 아니다. 제안 행동은 행정적 확인 절차이지 규제·처분이 아니다.
SC0720,중리현대아파트경로당,경로당,마산회원구,내서읍,4812725000.0,other,,no_axis_variation,98.6,내서읍,3.22,1.0,,정기 모니터링 유지,정기 모니터링,,정기 모니터링 유지,1,R-OT-default,반복 상위 노출군에 들지 않았다.,,행동 유형은 종류 구분이며 우선순위·위험등급이 아니다. 제안 행동은 행정적 확인 절차이지 규제·처분이 아니다.
SC0721,코오롱1차아파트경로당,경로당,마산회원구,내서읍,4812725000.0,other,,no_axis_variation,0.0,내서읍,4.89,1.0,,정기 모니터링 유지,정기 모니터링,,정기 모니터링 유지,1,R-OT-default,반복 상위 노출군에 들지 않았다.,,행동 유형은 종류 구분이며 우선순위·위험등급이 아니다. 제안 행동은 행정적 확인 절차이지 규제·처분이 아니다.
SC0722,코오롱2차아파트경로당,경로당,마산회원구,내서읍,4812725000.0,other,,no_axis_variation,110.8,내서읍,4.78,1.0,,정기 모니터링 유지,정기 모니터링,,정기 모니터링 유지,1,R-OT-default,반복 상위 노출군에 들지 않았다.,,행동 유형은 종류 구분이며 우선순위·위험등급이 아니다. 제안 행동은 행정적 확인 절차이지 규제·처분이 아니다.
SC0723,평성남성경로당,경로당,마산회원구,내서읍,4812725000.0,other,,no_axis_variation,143.6,내서읍,4.84,1.0,,정기 모니터링 유지,정기 모니터링,,정기 모니터링 유지,1,R-OT-default,반복 상위 노출군에 들지 않았다.,,행동 유형은 종류 구분이며 우선순위·위험등급이 아니다. 제안 행동은 행정적 확인 절차이지 규제·처분이 아니다.
SC0724,평성여성경로당,경로당,마산회원구,내서읍,4812725000.0,other,,no_axis_variation,143.6,내서읍,4.84,1.0,,정기 모니터링 유지,정기 모니터링,,정기 모니터링 유지,1,R-OT-default,반복 상위 노출군에 들지 않았다.,,행동 유형은 종류 구분이며 우선순위·위험등급이 아니다. 제안 행동은 행정적 확인 절차이지 규제·처분이 아니다.
SC0725,한우리경로당,경로당,마산회원구,내서읍,4812725000.0,other,,no_axis_variation,444.3,내서읍,0.25,1.0,,정기 모니터링 유지,정기 모니터링,,정기 모니터링 유지,1,R-OT-default,반복 상위 노출군에 들지 않았다.,,행동 유형은 종류 구분이며 우선순위·위험등급이 아니다. 제안 행동은 행정적 확인 절차이지 규제·처분이 아니다.
SC0726,한우리2차아파트경로당,경로당,마산회원구,내서읍,4812725000.0,other,,no_axis_variation,364.1,내서읍,0.15,1.0,,정기 모니터링 유지,정기 모니터링,,정기 모니터링 유지,1,R-OT-default,반복 상위 노출군에 들지 않았다.,,행동 유형은 종류 구분이며 우선순위·위험등급이 아니다. 제안 행동은 행정적 확인 절차이지 규제·처분이 아니다.
SC0730,호계남성경로당,경로당,마산회원구,내서읍,4812725000.0,other,,no_axis_variation,228.0,내서읍,4.69,1.0,,정기 모니터링 유지,정기 모니터링,,정기 모니터링 유지,1,R-OT-default,반복 상위 노출군에 들지 않았다.,,행동 유형은 종류 구분이며 우선순위·위험등급이 아니다. 제안 행동은 행정적 확인 절차이지 규제·처분이 아니다.
SC0731,호계여성경로당,경로당,마산회원구,내서읍,4812725000.0,other,,no_axis_variation,228.0,내서읍,4.69,1.0,,정기 모니터링 유지,정기 모니터링,,정기 모니터링 유지,1,R-OT-default,반복 상위 노출군에 들지 않았다.,,행동 유형은 종류 구분이며 우선순위·위험등급이 아니다. 제안 행동은 행정적 확인 절차이지 규제·처분이 아니다.
SC0732,화인태양아파트경로당,경로당,마산회원구,내서읍,4812725000.0,other,,no_axis_variation,239.0,내서읍,5.05,1.0,,정기 모니터링 유지,정기 모니터링,,정기 모니터링 유지,1,R-OT-default,반복 상위 노출군에 들지 않았다.,,행동 유형은 종류 구분이며 우선순위·위험등급이 아니다. 제안 행동은 행정적 확인 절차이지 규제·처분이 아니다.
SC0733,회원1동남성경로당,경로당,마산회원구,회원1동,4812751000.0,other,,no_axis_variation,218.5,회원동,0.12,0.0,,정기 모니터링 유지,정기 모니터링,,정기 모니터링 유지,1,R-OT-default,반복 상위 노출군에 들지 않았다.,,행동 유형은 종류 구분이며 우선순위·위험등급이 아니다. 제안 행동은 행정적 확인 절차이지 규제·처분이 아니다.
SC0734,회원1동여성경로당,경로당,마산회원구,회원1동,4812751000.0,other,,no_axis_variation,218.5,회원동,0.12,0.0,,정기 모니터링 유지,정기 모니터링,,정기 모니터링 유지,1,R-OT-default,반복 상위 노출군에 들지 않았다.,,행동 유형은 종류 구분이며 우선순위·위험등급이 아니다. 제안 행동은 행정적 확인 절차이지 규제·처분이 아니다.
SC0735,한효아파트경로당,경로당,마산회원구,회원1동,4812751000.0,other,,no_axis_variation,287.9,회원동,0.24,0.0,,정기 모니터링 유지,정기 모니터링,,정기 모니터링 유지,1,R-OT-default,반복 상위 노출군에 들지 않았다.,,행동 유형은 종류 구분이며 우선순위·위험등급이 아니다. 제안 행동은 행정적 확인 절차이지 규제·처분이 아니다.
SC0736,이산남성경로당,경로당,마산회원구,회원1동,4812751000.0,other,,no_axis_variation,124.7,회원동,0.32,0.0,,정기 모니터링 유지,정기 모니터링,,정기 모니터링 유지,1,R-OT-default,반복 상위 노출군에 들지 않았다.,,행동 유형은 종류 구분이며 우선순위·위험등급이 아니다. 제안 행동은 행정적 확인 절차이지 규제·처분이 아니다.
SC0737,이산여성경로당,경로당,마산회원구,회원1동,4812751000.0,other,,no_axis_variation,124.7,회원동,0.32,0.0,,정기 모니터링 유지,정기 모니터링,,정기 모니터링 유지,1,R-OT-default,반복 상위 노출군에 들지 않았다.,,행동 유형은 종류 구분이며 우선순위·위험등급이 아니다. 제안 행동은 행정적 확인 절차이지 규제·처분이 아니다.
SC0738,봉오남성경로당,경로당,마산회원구,회원1동,4812751000.0,other,,no_axis_variation,48.5,회원동,0.52,0.0,,정기 모니터링 유지,정기 모니터링,,정기 모니터링 유지,1,R-OT-default,반복 상위 노출군에 들지 않았다.,,행동 유형은 종류 구분이며 우선순위·위험등급이 아니다. 제안 행동은 행정적 확인 절차이지 규제·처분이 아니다.
SC0739,봉오여성경로당,경로당,마산회원구,회원1동,4812751000.0,other,,no_axis_variation,48.5,회원동,0.52,0.0,,정기 모니터링 유지,정기 모니터링,,정기 모니터링 유지,1,R-OT-default,반복 상위 노출군에 들지 않았다.,,행동 유형은 종류 구분이며 우선순위·위험등급이 아니다. 제안 행동은 행정적 확인 절차이지 규제·처분이 아니다.
SC0740,육호경로당,경로당,마산회원구,회원1동,4812751000.0,other,,no_axis_variation,72.5,회원동,0.19,0.0,,정기 모니터링 유지,정기 모니터링,,정기 모니터링 유지,1,R-OT-default,반복 상위 노출군에 들지 않았다.,,행동 유형은 종류 구분이며 우선순위·위험등급이 아니다. 제안 행동은 행정적 확인 절차이지 규제·처분이 아니다.
SC0741,화란여성경로당,경로당,마산회원구,회원2동,4812752000.0,other,,no_axis_variation,595.4,회원동,1.34,0.0,,정기 모니터링 유지,정기 모니터링,,정기 모니터링 유지,1,R-OT-default,반복 상위 노출군에 들지 않았다.,,행동 유형은 종류 구분이며 우선순위·위험등급이 아니다. 제안 행동은 행정적 확인 절차이지 규제·처분이 아니다.
SC0742,화란남성경로당,경로당,마산회원구,회원2동,4812752000.0,other,,no_axis_variation,595.4,회원동,1.34,0.0,,정기 모니터링 유지,정기 모니터링,,정기 모니터링 유지,1,R-OT-default,반복 상위 노출군에 들지 않았다.,,행동 유형은 종류 구분이며 우선순위·위험등급이 아니다. 제안 행동은 행정적 확인 절차이지 규제·처분이 아니다.
SC0743,연계마을여성경로당,경로당,마산회원구,회원2동,4812752000.0,other,,no_axis_variation,664.7,회원동,1.5,0.0,,정기 모니터링 유지,정기 모니터링,,정기 모니터링 유지,1,R-OT-default,반복 상위 노출군에 들지 않았다.,,행동 유형은 종류 구분이며 우선순위·위험등급이 아니다. 제안 행동은 행정적 확인 절차이지 규제·처분이 아니다.
SC0744,연계마을남성경로당,경로당,마산회원구,회원2동,4812752000.0,other,,no_axis_variation,664.7,회원동,1.5,0.0,,정기 모니터링 유지,정기 모니터링,,정기 모니터링 유지,1,R-OT-default,반복 상위 노출군에 들지 않았다.,,행동 유형은 종류 구분이며 우선순위·위험등급이 아니다. 제안 행동은 행정적 확인 절차이지 규제·처분이 아니다.
SC0745,봉화여성경로당,경로당,마산회원구,회원2동,4812752000.0,other,,no_axis_variation,207.0,회원동,0.69,0.0,,정기 모니터링 유지,정기 모니터링,,정기 모니터링 유지,1,R-OT-default,반복 상위 노출군에 들지 않았다.,,행동 유형은 종류 구분이며 우선순위·위험등급이 아니다. 제안 행동은 행정적 확인 절차이지 규제·처분이 아니다.
SC0746,봉화남성경로당,경로당,마산회원구,회원2동,4812752000.0,other,,no_axis_variation,207.0,회원동,0.69,0.0,,정기 모니터링 유지,정기 모니터링,,정기 모니터링 유지,1,R-OT-default,반복 상위 노출군에 들지 않았다.,,행동 유형은 종류 구분이며 우선순위·위험등급이 아니다. 제안 행동은 행정적 확인 절차이지 규제·처분이 아니다.
SC0747,회봉경로당,경로당,마산회원구,회원2동,4812752000.0,other,,no_axis_variation,135.7,회원동,0.75,0.0,,정기 모니터링 유지,정기 모니터링,,정기 모니터링 유지,1,R-OT-default,반복 상위 노출군에 들지 않았다.,,행동 유형은 종류 구분이며 우선순위·위험등급이 아니다. 제안 행동은 행정적 확인 절차이지 규제·처분이 아니다.
SC0748,팔거리거점경로당,경로당,마산회원구,회원2동,4812752000.0,other,,no_axis_variation,246.0,회원동,0.97,0.0,,정기 모니터링 유지,정기 모니터링,,정기 모니터링 유지,1,R-OT-default,반복 상위 노출군에 들지 않았다.,,행동 유형은 종류 구분이며 우선순위·위험등급이 아니다. 제안 행동은 행정적 확인 절차이지 규제·처분이 아니다.
SC0749,회원2동제1경로당,경로당,마산회원구,회원2동,4812752000.0,other,,no_axis_variation,394.6,회원동,1.06,0.0,,정기 모니터링 유지,정기 모니터링,,정기 모니터링 유지,1,R-OT-default,반복 상위 노출군에 들지 않았다.,,행동 유형은 종류 구분이며 우선순위·위험등급이 아니다. 제안 행동은 행정적 확인 절차이지 규제·처분이 아니다.
SC0750,무학경로당,경로당,마산회원구,회원2동,4812752000.0,other,,no_axis_variation,458.6,회원동,1.31,0.0,,정기 모니터링 유지,정기 모니터링,,정기 모니터링 유지,1,R-OT-default,반복 상위 노출군에 들지 않았다.,,행동 유형은 종류 구분이며 우선순위·위험등급이 아니다. 제안 행동은 행정적 확인 절차이지 규제·처분이 아니다.
SC0751,e편한세상1단지경로당,경로당,마산회원구,회원2동,4812752000.0,other,,no_axis_variation,156.6,회원동,0.55,0.0,,정기 모니터링 유지,정기 모니터링,,정기 모니터링 유지,1,R-OT-default,반복 상위 노출군에 들지 않았다.,,행동 유형은 종류 구분이며 우선순위·위험등급이 아니다. 제안 행동은 행정적 확인 절차이지 규제·처분이 아니다.
SC0752,e편한세상2단지경로당,경로당,마산회원구,회원2동,4812752000.0,other,,no_axis_variation,176.5,회원동,0.43,0.0,,정기 모니터링 유지,정기 모니터링,,정기 모니터링 유지,1,R-OT-default,반복 상위 노출군에 들지 않았다.,,행동 유형은 종류 구분이며 우선순위·위험등급이 아니다. 제안 행동은 행정적 확인 절차이지 규제·처분이 아니다.
SC0753,낙원경로당,경로당,마산회원구,회원2동,4812752000.0,other,,no_axis_variation,173.1,회원동,0.69,0.0,,정기 모니터링 유지,정기 모니터링,,정기 모니터링 유지,1,R-OT-default,반복 상위 노출군에 들지 않았다.,,행동 유형은 종류 구분이며 우선순위·위험등급이 아니다. 제안 행동은 행정적 확인 절차이지 규제·처분이 아니다.
SC0754,성황남성경로당,경로당,마산회원구,석전동,4812754500.0,other,,no_axis_variation,269.5,회원동,1.35,3.0,,정기 모니터링 유지,정기 모니터링,,정기 모니터링 유지,1,R-OT-default,반복 상위 노출군에 들지 않았다.,,행동 유형은 종류 구분이며 우선순위·위험등급이 아니다. 제안 행동은 행정적 확인 절차이지 규제·처분이 아니다.
SC0755,성황여성경로당,경로당,마산회원구,석전동,4812754500.0,other,,no_axis_variation,269.5,회원동,1.35,3.0,,정기 모니터링 유지,정기 모니터링,,정기 모니터링 유지,1,R-OT-default,반복 상위 노출군에 들지 않았다.,,행동 유형은 종류 구분이며 우선순위·위험등급이 아니다. 제안 행동은 행정적 확인 절차이지 규제·처분이 아니다.
SC0757,봉화남성경로당,경로당,마산회원구,석전동,4812754500.0,other,,no_axis_variation,179.5,회원동,0.92,3.0,,정기 모니터링 유지,정기 모니터링,,정기 모니터링 유지,1,R-OT-default,반복 상위 노출군에 들지 않았다.,,행동 유형은 종류 구분이며 우선순위·위험등급이 아니다. 제안 행동은 행정적 확인 절차이지 규제·처분이 아니다.
SC0758,봉화여성경로당,경로당,마산회원구,석전동,4812754500.0,other,,no_axis_variation,179.5,회원동,0.92,3.0,,정기 모니터링 유지,정기 모니터링,,정기 모니터링 유지,1,R-OT-default,반복 상위 노출군에 들지 않았다.,,행동 유형은 종류 구분이며 우선순위·위험등급이 아니다. 제안 행동은 행정적 확인 절차이지 규제·처분이 아니다.
SC0759,장수남성경로당,경로당,마산회원구,석전동,4812754500.0,other,,no_axis_variation,100.0,회원동,0.98,3.0,,정기 모니터링 유지,정기 모니터링,,정기 모니터링 유지,1,R-OT-default,반복 상위 노출군에 들지 않았다.,,행동 유형은 종류 구분이며 우선순위·위험등급이 아니다. 제안 행동은 행정적 확인 절차이지 규제·처분이 아니다.
SC0760,장수여성경로당,경로당,마산회원구,석전동,4812754500.0,other,,no_axis_variation,100.0,회원동,0.98,3.0,,정기 모니터링 유지,정기 모니터링,,정기 모니터링 유지,1,R-OT-default,반복 상위 노출군에 들지 않았다.,,행동 유형은 종류 구분이며 우선순위·위험등급이 아니다. 제안 행동은 행정적 확인 절차이지 규제·처분이 아니다.
SC0761,일우경로당,경로당,마산회원구,석전동,4812754500.0,other,,no_axis_variation,73.6,회원동,0.97,3.0,,정기 모니터링 유지,정기 모니터링,,정기 모니터링 유지,1,R-OT-default,반복 상위 노출군에 들지 않았다.,,행동 유형은 종류 구분이며 우선순위·위험등급이 아니다. 제안 행동은 행정적 확인 절차이지 규제·처분이 아니다.
SC0762,동산남성경로당,경로당,마산회원구,석전동,4812754500.0,other,,no_axis_variation,286.3,회원동,1.61,3.0,,정기 모니터링 유지,정기 모니터링,,정기 모니터링 유지,1,R-OT-default,반복 상위 노출군에 들지 않았다.,,행동 유형은 종류 구분이며 우선순위·위험등급이 아니다. 제안 행동은 행정적 확인 절차이지 규제·처분이 아니다.
SC0763,동산여성경로당,경로당,마산회원구,석전동,4812754500.0,other,,no_axis_variation,286.3,회원동,1.61,3.0,,정기 모니터링 유지,정기 모니터링,,정기 모니터링 유지,1,R-OT-default,반복 상위 노출군에 들지 않았다.,,행동 유형은 종류 구분이며 우선순위·위험등급이 아니다. 제안 행동은 행정적 확인 절차이지 규제·처분이 아니다.
SC0765,역전여성경로당,경로당,마산회원구,석전동,4812754500.0,other,,no_axis_variation,266.7,회원동,1.69,3.0,,정기 모니터링 유지,정기 모니터링,,정기 모니터링 유지,1,R-OT-default,반복 상위 노출군에 들지 않았다.,,행동 유형은 종류 구분이며 우선순위·위험등급이 아니다. 제안 행동은 행정적 확인 절차이지 규제·처분이 아니다.
SC0766,북성여성경로당,경로당,마산회원구,석전동,4812754500.0,other,,no_axis_variation,111.3,회원동,1.68,3.0,,정기 모니터링 유지,정기 모니터링,,정기 모니터링 유지,1,R-OT-default,반복 상위 노출군에 들지 않았다.,,행동 유형은 종류 구분이며 우선순위·위험등급이 아니다. 제안 행동은 행정적 확인 절차이지 규제·처분이 아니다.
SC0767,중앙남성경로당,경로당,마산회원구,석전동,4812754500.0,other,,no_axis_variation,209.9,회원동,1.35,3.0,,정기 모니터링 유지,정기 모니터링,,정기 모니터링 유지,1,R-OT-default,반복 상위 노출군에 들지 않았다.,,행동 유형은 종류 구분이며 우선순위·위험등급이 아니다. 제안 행동은 행정적 확인 절차이지 규제·처분이 아니다.
SC0768,중앙여성경로당,경로당,마산회원구,석전동,4812754500.0,other,,no_axis_variation,209.9,회원동,1.35,3.0,,정기 모니터링 유지,정기 모니터링,,정기 모니터링 유지,1,R-OT-default,반복 상위 노출군에 들지 않았다.,,행동 유형은 종류 구분이며 우선순위·위험등급이 아니다. 제안 행동은 행정적 확인 절차이지 규제·처분이 아니다.
SC0769,대동피렌체아파트경로당,경로당,마산회원구,석전동,4812754500.0,other,,no_axis_variation,44.6,회원동,0.98,3.0,,정기 모니터링 유지,정기 모니터링,,정기 모니터링 유지,1,R-OT-default,반복 상위 노출군에 들지 않았다.,,행동 유형은 종류 구분이며 우선순위·위험등급이 아니다. 제안 행동은 행정적 확인 절차이지 규제·처분이 아니다.
SC0771,광명촌경로당,경로당,마산회원구,회성동,4812755000.0,other,,no_axis_variation,139.4,회원동,1.92,1.0,,정기 모니터링 유지,정기 모니터링,,정기 모니터링 유지,1,R-OT-default,반복 상위 노출군에 들지 않았다.,,행동 유형은 종류 구분이며 우선순위·위험등급이 아니다. 제안 행동은 행정적 확인 절차이지 규제·처분이 아니다.
SC0772,두곡경로당,경로당,마산회원구,회성동,4812755000.0,other,,no_axis_variation,181.8,회원동,3.27,1.0,,정기 모니터링 유지,정기 모니터링,,정기 모니터링 유지,1,R-OT-default,반복 상위 노출군에 들지 않았다.,,행동 유형은 종류 구분이며 우선순위·위험등급이 아니다. 제안 행동은 행정적 확인 절차이지 규제·처분이 아니다.
SC0773,두척경로당,경로당,마산회원구,회성동,4812755000.0,other,,no_axis_variation,29.7,회원동,3.61,1.0,,정기 모니터링 유지,정기 모니터링,,정기 모니터링 유지,1,R-OT-default,반복 상위 노출군에 들지 않았다.,,행동 유형은 종류 구분이며 우선순위·위험등급이 아니다. 제안 행동은 행정적 확인 절차이지 규제·처분이 아니다.
SC0774,송정경로당,경로당,마산회원구,회성동,4812755000.0,other,,no_axis_variation,187.5,회원동,3.55,1.0,,정기 모니터링 유지,정기 모니터링,,정기 모니터링 유지,1,R-OT-default,반복 상위 노출군에 들지 않았다.,,행동 유형은 종류 구분이며 우선순위·위험등급이 아니다. 제안 행동은 행정적 확인 절차이지 규제·처분이 아니다.
SC0775,연동경로당,경로당,마산회원구,회성동,4812755000.0,other,,no_axis_variation,133.8,회원동,2.31,1.0,,정기 모니터링 유지,정기 모니터링,,정기 모니터링 유지,1,R-OT-default,반복 상위 노출군에 들지 않았다.,,행동 유형은 종류 구분이며 우선순위·위험등급이 아니다. 제안 행동은 행정적 확인 절차이지 규제·처분이 아니다.
SC0776,회성제1남성경로당,경로당,마산회원구,회성동,4812755000.0,other,,no_axis_variation,229.3,회원동,2.02,1.0,,정기 모니터링 유지,정기 모니터링,,정기 모니터링 유지,1,R-OT-default,반복 상위 노출군에 들지 않았다.,,행동 유형은 종류 구분이며 우선순위·위험등급이 아니다. 제안 행동은 행정적 확인 절차이지 규제·처분이 아니다.
SC0777,회성제1여성경로당,경로당,마산회원구,회성동,4812755000.0,other,,no_axis_variation,229.3,회원동,2.02,1.0,,정기 모니터링 유지,정기 모니터링,,정기 모니터링 유지,1,R-OT-default,반복 상위 노출군에 들지 않았다.,,행동 유형은 종류 구분이며 우선순위·위험등급이 아니다. 제안 행동은 행정적 확인 절차이지 규제·처분이 아니다.
SC0778,회성제2남성경로당,경로당,마산회원구,회성동,4812755000.0,other,,no_axis_variation,64.7,회원동,1.72,1.0,,정기 모니터링 유지,정기 모니터링,,정기 모니터링 유지,1,R-OT-default,반복 상위 노출군에 들지 않았다.,,행동 유형은 종류 구분이며 우선순위·위험등급이 아니다. 제안 행동은 행정적 확인 절차이지 규제·처분이 아니다.
SC0779,회성제2여성경로당,경로당,마산회원구,회성동,4812755000.0,other,,no_axis_variation,64.7,회원동,1.72,1.0,,정기 모니터링 유지,정기 모니터링,,정기 모니터링 유지,1,R-OT-default,반복 상위 노출군에 들지 않았다.,,행동 유형은 종류 구분이며 우선순위·위험등급이 아니다. 제안 행동은 행정적 확인 절차이지 규제·처분이 아니다.
SC0780,회성제3남성경로당,경로당,마산회원구,회성동,4812755000.0,other,,no_axis_variation,150.7,회원동,1.97,1.0,,정기 모니터링 유지,정기 모니터링,,정기 모니터링 유지,1,R-OT-default,반복 상위 노출군에 들지 않았다.,,행동 유형은 종류 구분이며 우선순위·위험등급이 아니다. 제안 행동은 행정적 확인 절차이지 규제·처분이 아니다.
SC0781,회성제3여성경로당,경로당,마산회원구,회성동,4812755000.0,other,,no_axis_variation,150.7,회원동,1.97,1.0,,정기 모니터링 유지,정기 모니터링,,정기 모니터링 유지,1,R-OT-default,반복 상위 노출군에 들지 않았다.,,행동 유형은 종류 구분이며 우선순위·위험등급이 아니다. 제안 행동은 행정적 확인 절차이지 규제·처분이 아니다.
SC0782,양덕1동남성경로당,경로당,마산회원구,양덕1동,4812756000.0,other,,no_axis_variation,170.9,회원동,1.89,0.0,,정기 모니터링 유지,정기 모니터링,,정기 모니터링 유지,1,R-OT-default,반복 상위 노출군에 들지 않았다.,,행동 유형은 종류 구분이며 우선순위·위험등급이 아니다. 제안 행동은 행정적 확인 절차이지 규제·처분이 아니다.
SC0783,양덕1동여성경로당,경로당,마산회원구,양덕1동,4812756000.0,other,,no_axis_variation,170.9,회원동,1.89,0.0,,정기 모니터링 유지,정기 모니터링,,정기 모니터링 유지,1,R-OT-default,반복 상위 노출군에 들지 않았다.,,행동 유형은 종류 구분이며 우선순위·위험등급이 아니다. 제안 행동은 행정적 확인 절차이지 규제·처분이 아니다.
SC0786,양덕1동행복경로당,경로당,마산회원구,양덕1동,4812756000.0,other,,no_axis_variation,285.0,회원동,2.19,0.0,,정기 모니터링 유지,정기 모니터링,,정기 모니터링 유지,1,R-OT-default,반복 상위 노출군에 들지 않았다.,,행동 유형은 종류 구분이며 우선순위·위험등급이 아니다. 제안 행동은 행정적 확인 절차이지 규제·처분이 아니다.
SC0787,양덕경남아파트경로당,경로당,마산회원구,양덕1동,4812756000.0,other,,no_axis_variation,363.5,봉암동,2.12,0.0,,정기 모니터링 유지,정기 모니터링,,정기 모니터링 유지,1,R-OT-default,반복 상위 노출군에 들지 않았다.,,행동 유형은 종류 구분이며 우선순위·위험등급이 아니다. 제안 행동은 행정적 확인 절차이지 규제·처분이 아니다.
SC0788,서안양덕타운경로당,경로당,마산회원구,양덕1동,4812756000.0,other,,no_axis_variation,272.4,회원동,2.23,0.0,,정기 모니터링 유지,정기 모니터링,,정기 모니터링 유지,1,R-OT-default,반복 상위 노출군에 들지 않았다.,,행동 유형은 종류 구분이며 우선순위·위험등급이 아니다. 제안 행동은 행정적 확인 절차이지 규제·처분이 아니다.
SC0789,신성미소지움아파트경로당,경로당,마산회원구,양덕1동,4812756000.0,other,,no_axis_variation,158.7,회원동,1.93,0.0,,정기 모니터링 유지,정기 모니터링,,정기 모니터링 유지,1,R-OT-default,반복 상위 노출군에 들지 않았다.,,행동 유형은 종류 구분이며 우선순위·위험등급이 아니다. 제안 행동은 행정적 확인 절차이지 규제·처분이 아니다.
SC0790,양덕2동 제2남성경로당,경로당,마산회원구,양덕2동,4812757000.0,other,,no_axis_variation,127.2,회원동,1.56,1.0,,정기 모니터링 유지,정기 모니터링,,정기 모니터링 유지,1,R-OT-default,반복 상위 노출군에 들지 않았다.,,행동 유형은 종류 구분이며 우선순위·위험등급이 아니다. 제안 행동은 행정적 확인 절차이지 규제·처분이 아니다.
SC0791,양덕2동 제2여성경로당,경로당,마산회원구,양덕2동,4812757000.0,other,,no_axis_variation,127.2,회원동,1.56,1.0,,정기 모니터링 유지,정기 모니터링,,정기 모니터링 유지,1,R-OT-default,반복 상위 노출군에 들지 않았다.,,행동 유형은 종류 구분이며 우선순위·위험등급이 아니다. 제안 행동은 행정적 확인 절차이지 규제·처분이 아니다.
SC0792,구열경로당 남성분회,경로당,마산회원구,양덕2동,4812757000.0,other,,no_axis_variation,198.1,회원동,1.54,1.0,,정기 모니터링 유지,정기 모니터링,,정기 모니터링 유지,1,R-OT-default,반복 상위 노출군에 들지 않았다.,,행동 유형은 종류 구분이며 우선순위·위험등급이 아니다. 제안 행동은 행정적 확인 절차이지 규제·처분이 아니다.
SC0793,구열경로당 여성분회,경로당,마산회원구,양덕2동,4812757000.0,other,,no_axis_variation,198.1,회원동,1.54,1.0,,정기 모니터링 유지,정기 모니터링,,정기 모니터링 유지,1,R-OT-default,반복 상위 노출군에 들지 않았다.,,행동 유형은 종류 구분이며 우선순위·위험등급이 아니다. 제안 행동은 행정적 확인 절차이지 규제·처분이 아니다.
SC0796,한일타운1차 여성경로당,경로당,마산회원구,양덕2동,4812757000.0,other,,no_axis_variation,155.0,회원동,1.42,1.0,,정기 모니터링 유지,정기 모니터링,,정기 모니터링 유지,1,R-OT-default,반복 상위 노출군에 들지 않았다.,,행동 유형은 종류 구분이며 우선순위·위험등급이 아니다. 제안 행동은 행정적 확인 절차이지 규제·처분이 아니다.
SC0797,한일타운1차 남성경로당,경로당,마산회원구,양덕2동,4812757000.0,other,,no_axis_variation,155.0,회원동,1.42,1.0,,정기 모니터링 유지,정기 모니터링,,정기 모니터링 유지,1,R-OT-default,반복 상위 노출군에 들지 않았다.,,행동 유형은 종류 구분이며 우선순위·위험등급이 아니다. 제안 행동은 행정적 확인 절차이지 규제·처분이 아니다.
SC0798,한일타운2차 여성경로당,경로당,마산회원구,양덕2동,4812757000.0,other,,no_axis_variation,148.6,회원동,1.66,1.0,,정기 모니터링 유지,정기 모니터링,,정기 모니터링 유지,1,R-OT-default,반복 상위 노출군에 들지 않았다.,,행동 유형은 종류 구분이며 우선순위·위험등급이 아니다. 제안 행동은 행정적 확인 절차이지 규제·처분이 아니다.
SC0799,한일타운2차 남성경로당,경로당,마산회원구,양덕2동,4812757000.0,other,,no_axis_variation,148.6,회원동,1.66,1.0,,정기 모니터링 유지,정기 모니터링,,정기 모니터링 유지,1,R-OT-default,반복 상위 노출군에 들지 않았다.,,행동 유형은 종류 구분이며 우선순위·위험등급이 아니다. 제안 행동은 행정적 확인 절차이지 규제·처분이 아니다.
SC0800,한일타운3차 경로당,경로당,마산회원구,양덕2동,4812757000.0,other,,no_axis_variation,121.0,회원동,0.87,1.0,,정기 모니터링 유지,정기 모니터링,,정기 모니터링 유지,1,R-OT-default,반복 상위 노출군에 들지 않았다.,,행동 유형은 종류 구분이며 우선순위·위험등급이 아니다. 제안 행동은 행정적 확인 절차이지 규제·처분이 아니다.
SC0801,한일타운4차 경로당,경로당,마산회원구,양덕2동,4812757000.0,other,,no_axis_variation,156.8,회원동,1.32,1.0,,정기 모니터링 유지,정기 모니터링,,정기 모니터링 유지,1,R-OT-default,반복 상위 노출군에 들지 않았다.,,행동 유형은 종류 구분이며 우선순위·위험등급이 아니다. 제안 행동은 행정적 확인 절차이지 규제·처분이 아니다.
SC0802,우성아파트 경로당,경로당,마산회원구,양덕2동,4812757000.0,other,,no_axis_variation,181.1,회원동,1.18,1.0,,정기 모니터링 유지,정기 모니터링,,정기 모니터링 유지,1,R-OT-default,반복 상위 노출군에 들지 않았다.,,행동 유형은 종류 구분이며 우선순위·위험등급이 아니다. 제안 행동은 행정적 확인 절차이지 규제·처분이 아니다.
SC0808,양덕코오롱하늘채아파트경로당,경로당,마산회원구,양덕2동,4812757000.0,other,,no_axis_variation,224.7,회원동,1.08,1.0,,정기 모니터링 유지,정기 모니터링,,정기 모니터링 유지,1,R-OT-default,반복 상위 노출군에 들지 않았다.,,행동 유형은 종류 구분이며 우선순위·위험등급이 아니다. 제안 행동은 행정적 확인 절차이지 규제·처분이 아니다.
SC0811,합성1동남성경로당,경로당,마산회원구,합성1동,4812758000.0,other,,no_axis_variation,174.5,회원동,2.89,0.0,,정기 모니터링 유지,정기 모니터링,,정기 모니터링 유지,1,R-OT-default,반복 상위 노출군에 들지 않았다.,,행동 유형은 종류 구분이며 우선순위·위험등급이 아니다. 제안 행동은 행정적 확인 절차이지 규제·처분이 아니다.
SC0812,합성1동여성경로당,경로당,마산회원구,합성1동,4812758000.0,other,,no_axis_variation,225.8,회원동,2.86,0.0,,정기 모니터링 유지,정기 모니터링,,정기 모니터링 유지,1,R-OT-default,반복 상위 노출군에 들지 않았다.,,행동 유형은 종류 구분이며 우선순위·위험등급이 아니다. 제안 행동은 행정적 확인 절차이지 규제·처분이 아니다.
SC0813,신성남성경로당,경로당,마산회원구,합성1동,4812758000.0,other,,no_axis_variation,486.1,회원동,2.9,0.0,,정기 모니터링 유지,정기 모니터링,,정기 모니터링 유지,1,R-OT-default,반복 상위 노출군에 들지 않았다.,,행동 유형은 종류 구분이며 우선순위·위험등급이 아니다. 제안 행동은 행정적 확인 절차이지 규제·처분이 아니다.
SC0814,신성여성경로당,경로당,마산회원구,합성1동,4812758000.0,other,,no_axis_variation,486.1,회원동,2.9,0.0,,정기 모니터링 유지,정기 모니터링,,정기 모니터링 유지,1,R-OT-default,반복 상위 노출군에 들지 않았다.,,행동 유형은 종류 구분이며 우선순위·위험등급이 아니다. 제안 행동은 행정적 확인 절차이지 규제·처분이 아니다.
SC0815,합성가고파남성경로당,경로당,마산회원구,합성1동,4812758000.0,other,,no_axis_variation,326.6,회원동,2.44,0.0,,정기 모니터링 유지,정기 모니터링,,정기 모니터링 유지,1,R-OT-default,반복 상위 노출군에 들지 않았다.,,행동 유형은 종류 구분이며 우선순위·위험등급이 아니다. 제안 행동은 행정적 확인 절차이지 규제·처분이 아니다.
SC0816,합성가고파여성경로당,경로당,마산회원구,합성1동,4812758000.0,other,,no_axis_variation,326.6,회원동,2.44,0.0,,정기 모니터링 유지,정기 모니터링,,정기 모니터링 유지,1,R-OT-default,반복 상위 노출군에 들지 않았다.,,행동 유형은 종류 구분이며 우선순위·위험등급이 아니다. 제안 행동은 행정적 확인 절차이지 규제·처분이 아니다.
SC0817,무학경로당,경로당,마산회원구,합성1동,4812758000.0,other,,no_axis_variation,249.7,회원동,2.39,0.0,,정기 모니터링 유지,정기 모니터링,,정기 모니터링 유지,1,R-OT-default,반복 상위 노출군에 들지 않았다.,,행동 유형은 종류 구분이며 우선순위·위험등급이 아니다. 제안 행동은 행정적 확인 절차이지 규제·처분이 아니다.
SC0818,창원롯데캐슬더퍼스트경로당,경로당,마산회원구,합성1동,4812758000.0,other,,no_axis_variation,195.5,회원동,3.17,0.0,,정기 모니터링 유지,정기 모니터링,,정기 모니터링 유지,1,R-OT-default,반복 상위 노출군에 들지 않았다.,,행동 유형은 종류 구분이며 우선순위·위험등급이 아니다. 제안 행동은 행정적 확인 절차이지 규제·처분이 아니다.
SC0819,남성경로당,경로당,마산회원구,합성2동,,other,,no_axis_variation,286.2,회원동,1.61,0.0,,정기 모니터링 유지,정기 모니터링,,정기 모니터링 유지,1,R-OT-default,반복 상위 노출군에 들지 않았다.,,행동 유형은 종류 구분이며 우선순위·위험등급이 아니다. 제안 행동은 행정적 확인 절차이지 규제·처분이 아니다.
SC0820,여성경로당,경로당,마산회원구,합성2동,,other,,no_axis_variation,221.4,회원동,3.0,0.0,,정기 모니터링 유지,정기 모니터링,,정기 모니터링 유지,1,R-OT-default,반복 상위 노출군에 들지 않았다.,,행동 유형은 종류 구분이며 우선순위·위험등급이 아니다. 제안 행동은 행정적 확인 절차이지 규제·처분이 아니다.
SC0821,팔용경로당,경로당,마산회원구,합성2동,4812759000.0,other,,no_axis_variation,122.2,회원동,2.54,0.0,,정기 모니터링 유지,정기 모니터링,,정기 모니터링 유지,1,R-OT-default,반복 상위 노출군에 들지 않았다.,,행동 유형은 종류 구분이며 우선순위·위험등급이 아니다. 제안 행동은 행정적 확인 절차이지 규제·처분이 아니다.
SC0822,제2경로당,경로당,마산회원구,합성2동,4812759000.0,other,,no_axis_variation,183.2,봉암동,2.3,0.0,,정기 모니터링 유지,정기 모니터링,,정기 모니터링 유지,1,R-OT-default,반복 상위 노출군에 들지 않았다.,,행동 유형은 종류 구분이며 우선순위·위험등급이 아니다. 제안 행동은 행정적 확인 절차이지 규제·처분이 아니다.
SC0823,제3경로당,경로당,마산회원구,합성2동,,other,,no_axis_variation,253.4,명서동,1.95,0.0,,정기 모니터링 유지,정기 모니터링,,정기 모니터링 유지,1,R-OT-default,반복 상위 노출군에 들지 않았다.,,행동 유형은 종류 구분이며 우선순위·위험등급이 아니다. 제안 행동은 행정적 확인 절차이지 규제·처분이 아니다.
SC0824,두산위브더센트럴1단지아파트경로당,경로당,마산회원구,합성2동,4812759000.0,other,,no_axis_variation,168.8,회원동,2.43,0.0,,정기 모니터링 유지,정기 모니터링,,정기 모니터링 유지,1,R-OT-default,반복 상위 노출군에 들지 않았다.,,행동 유형은 종류 구분이며 우선순위·위험등급이 아니다. 제안 행동은 행정적 확인 절차이지 규제·처분이 아니다.
SC0825,구암본동남성경로당,경로당,마산회원구,구암1동,4812760000.0,other,,no_axis_variation,187.8,봉암동,4.07,0.0,,정기 모니터링 유지,정기 모니터링,,정기 모니터링 유지,1,R-OT-default,반복 상위 노출군에 들지 않았다.,,행동 유형은 종류 구분이며 우선순위·위험등급이 아니다. 제안 행동은 행정적 확인 절차이지 규제·처분이 아니다.
SC0826,구암본동여성경로당,경로당,마산회원구,구암1동,4812760000.0,other,,no_axis_variation,187.8,봉암동,4.07,0.0,,정기 모니터링 유지,정기 모니터링,,정기 모니터링 유지,1,R-OT-default,반복 상위 노출군에 들지 않았다.,,행동 유형은 종류 구분이며 우선순위·위험등급이 아니다. 제안 행동은 행정적 확인 절차이지 규제·처분이 아니다.
SC0827,구암샛터남성경로당,경로당,마산회원구,구암1동,4812760000.0,other,,no_axis_variation,295.9,봉암동,4.26,0.0,,정기 모니터링 유지,정기 모니터링,,정기 모니터링 유지,1,R-OT-default,반복 상위 노출군에 들지 않았다.,,행동 유형은 종류 구분이며 우선순위·위험등급이 아니다. 제안 행동은 행정적 확인 절차이지 규제·처분이 아니다.
SC0828,구암샛터여성경로당,경로당,마산회원구,구암1동,4812760000.0,other,,no_axis_variation,295.9,봉암동,4.26,0.0,,정기 모니터링 유지,정기 모니터링,,정기 모니터링 유지,1,R-OT-default,반복 상위 노출군에 들지 않았다.,,행동 유형은 종류 구분이며 우선순위·위험등급이 아니다. 제안 행동은 행정적 확인 절차이지 규제·처분이 아니다.
SC0829,대한여성경로당,경로당,마산회원구,구암1동,4812760000.0,other,,no_axis_variation,242.8,봉암동,3.77,0.0,,정기 모니터링 유지,정기 모니터링,,정기 모니터링 유지,1,R-OT-default,반복 상위 노출군에 들지 않았다.,,행동 유형은 종류 구분이며 우선순위·위험등급이 아니다. 제안 행동은 행정적 확인 절차이지 규제·처분이 아니다.
SC0830,구암1동제1경로당,경로당,마산회원구,구암1동,4812760000.0,other,,no_axis_variation,132.0,봉암동,3.6,0.0,,정기 모니터링 유지,정기 모니터링,,정기 모니터링 유지,1,R-OT-default,반복 상위 노출군에 들지 않았다.,,행동 유형은 종류 구분이며 우선순위·위험등급이 아니다. 제안 행동은 행정적 확인 절차이지 규제·처분이 아니다.
SC0831,구암1동제3경로당,경로당,마산회원구,구암1동,4812760000.0,other,,no_axis_variation,236.8,명서동,4.47,0.0,,정기 모니터링 유지,정기 모니터링,,정기 모니터링 유지,1,R-OT-default,반복 상위 노출군에 들지 않았다.,,행동 유형은 종류 구분이며 우선순위·위험등급이 아니다. 제안 행동은 행정적 확인 절차이지 규제·처분이 아니다.
SC0840,대동2차아파트경로당,경로당,마산회원구,구암2동,4812761000.0,other,,no_axis_variation,137.7,봉암동,3.26,0.0,,정기 모니터링 유지,정기 모니터링,,정기 모니터링 유지,1,R-OT-default,반복 상위 노출군에 들지 않았다.,,행동 유형은 종류 구분이며 우선순위·위험등급이 아니다. 제안 행동은 행정적 확인 절차이지 규제·처분이 아니다.
SC0841,중앙하이츠아파트경로당,경로당,마산회원구,구암2동,4812761000.0,other,,no_axis_variation,178.2,봉암동,3.34,0.0,,정기 모니터링 유지,정기 모니터링,,정기 모니터링 유지,1,R-OT-default,반복 상위 노출군에 들지 않았다.,,행동 유형은 종류 구분이며 우선순위·위험등급이 아니다. 제안 행동은 행정적 확인 절차이지 규제·처분이 아니다.
SC0849,중앙동경로당,경로당,진해구,충무동,4812953000.0,other,,no_axis_variation,101.1,경화동,2.96,0.0,,정기 모니터링 유지,정기 모니터링,,정기 모니터링 유지,1,R-OT-default,반복 상위 노출군에 들지 않았다.,,행동 유형은 종류 구분이며 우선순위·위험등급이 아니다. 제안 행동은 행정적 확인 절차이지 규제·처분이 아니다.
SC0850,중앙동부녀경로당,경로당,진해구,충무동,4812953000.0,other,,no_axis_variation,101.1,경화동,2.96,0.0,,정기 모니터링 유지,정기 모니터링,,정기 모니터링 유지,1,R-OT-default,반복 상위 노출군에 들지 않았다.,,행동 유형은 종류 구분이며 우선순위·위험등급이 아니다. 제안 행동은 행정적 확인 절차이지 규제·처분이 아니다.
SC0851,데시앙아파트경로당,경로당,진해구,충무동,4812953000.0,other,,no_axis_variation,139.9,경화동,2.66,0.0,,정기 모니터링 유지,정기 모니터링,,정기 모니터링 유지,1,R-OT-default,반복 상위 노출군에 들지 않았다.,,행동 유형은 종류 구분이며 우선순위·위험등급이 아니다. 제안 행동은 행정적 확인 절차이지 규제·처분이 아니다.
SC0852,태평동경로당,경로당,진해구,충무동,4812953000.0,other,,no_axis_variation,89.2,경화동,2.88,0.0,,정기 모니터링 유지,정기 모니터링,,정기 모니터링 유지,1,R-OT-default,반복 상위 노출군에 들지 않았다.,,행동 유형은 종류 구분이며 우선순위·위험등급이 아니다. 제안 행동은 행정적 확인 절차이지 규제·처분이 아니다.
SC0853,태평동부녀경로당,경로당,진해구,충무동,4812953000.0,other,,no_axis_variation,89.2,경화동,2.88,0.0,,정기 모니터링 유지,정기 모니터링,,정기 모니터링 유지,1,R-OT-default,반복 상위 노출군에 들지 않았다.,,행동 유형은 종류 구분이며 우선순위·위험등급이 아니다. 제안 행동은 행정적 확인 절차이지 규제·처분이 아니다.
SC0854,속천동경로당,경로당,진해구,충무동,4812953000.0,other,,no_axis_variation,53.1,경화동,2.34,0.0,,정기 모니터링 유지,정기 모니터링,,정기 모니터링 유지,1,R-OT-default,반복 상위 노출군에 들지 않았다.,,행동 유형은 종류 구분이며 우선순위·위험등급이 아니다. 제안 행동은 행정적 확인 절차이지 규제·처분이 아니다.
SC0855,속천동부녀경로당,경로당,진해구,충무동,4812953000.0,other,,no_axis_variation,53.1,경화동,2.34,0.0,,정기 모니터링 유지,정기 모니터링,,정기 모니터링 유지,1,R-OT-default,반복 상위 노출군에 들지 않았다.,,행동 유형은 종류 구분이며 우선순위·위험등급이 아니다. 제안 행동은 행정적 확인 절차이지 규제·처분이 아니다.
SC0856,제황경로당,경로당,진해구,충무동,4812953000.0,other,,no_axis_variation,74.2,경화동,2.11,0.0,,정기 모니터링 유지,정기 모니터링,,정기 모니터링 유지,1,R-OT-default,반복 상위 노출군에 들지 않았다.,,행동 유형은 종류 구분이며 우선순위·위험등급이 아니다. 제안 행동은 행정적 확인 절차이지 규제·처분이 아니다.
SC0858,평화그린파크경로당,경로당,진해구,충무동,4812953000.0,other,,no_axis_variation,252.1,경화동,2.08,0.0,,정기 모니터링 유지,정기 모니터링,,정기 모니터링 유지,1,R-OT-default,반복 상위 노출군에 들지 않았다.,,행동 유형은 종류 구분이며 우선순위·위험등급이 아니다. 제안 행동은 행정적 확인 절차이지 규제·처분이 아니다.
SC0859,대죽동경로당,경로당,진해구,충무동,4812953000.0,other,,no_axis_variation,107.7,경화동,2.61,0.0,,정기 모니터링 유지,정기 모니터링,,정기 모니터링 유지,1,R-OT-default,반복 상위 노출군에 들지 않았다.,,행동 유형은 종류 구분이며 우선순위·위험등급이 아니다. 제안 행동은 행정적 확인 절차이지 규제·처분이 아니다.
SC0860,대죽동부녀경로당,경로당,진해구,충무동,4812953000.0,other,,no_axis_variation,107.7,경화동,2.61,0.0,,정기 모니터링 유지,정기 모니터링,,정기 모니터링 유지,1,R-OT-default,반복 상위 노출군에 들지 않았다.,,행동 유형은 종류 구분이며 우선순위·위험등급이 아니다. 제안 행동은 행정적 확인 절차이지 규제·처분이 아니다.
SC0861,충무로5가경로당,경로당,진해구,충무동,4812953000.0,other,,no_axis_variation,92.5,경화동,2.68,0.0,,정기 모니터링 유지,정기 모니터링,,정기 모니터링 유지,1,R-OT-default,반복 상위 노출군에 들지 않았다.,,행동 유형은 종류 구분이며 우선순위·위험등급이 아니다. 제안 행동은 행정적 확인 절차이지 규제·처분이 아니다.
SC0862,송학동부녀경로당,경로당,진해구,충무동,4812953000.0,other,,no_axis_variation,92.5,경화동,2.68,0.0,,정기 모니터링 유지,정기 모니터링,,정기 모니터링 유지,1,R-OT-default,반복 상위 노출군에 들지 않았다.,,행동 유형은 종류 구분이며 우선순위·위험등급이 아니다. 제안 행동은 행정적 확인 절차이지 규제·처분이 아니다.
SC0863,화천여자경로당,경로당,진해구,충무동,4812953000.0,other,,no_axis_variation,92.5,경화동,2.68,0.0,,정기 모니터링 유지,정기 모니터링,,정기 모니터링 유지,1,R-OT-default,반복 상위 노출군에 들지 않았다.,,행동 유형은 종류 구분이며 우선순위·위험등급이 아니다. 제안 행동은 행정적 확인 절차이지 규제·처분이 아니다.
SC0864,충무동경로당,경로당,진해구,충무동,4812953000.0,other,,no_axis_variation,248.8,경화동,2.05,0.0,,정기 모니터링 유지,정기 모니터링,,정기 모니터링 유지,1,R-OT-default,반복 상위 노출군에 들지 않았다.,,행동 유형은 종류 구분이며 우선순위·위험등급이 아니다. 제안 행동은 행정적 확인 절차이지 규제·처분이 아니다.
SC0865,충무동부녀경로당,경로당,진해구,충무동,4812953000.0,other,,no_axis_variation,248.8,경화동,2.05,0.0,,정기 모니터링 유지,정기 모니터링,,정기 모니터링 유지,1,R-OT-default,반복 상위 노출군에 들지 않았다.,,행동 유형은 종류 구분이며 우선순위·위험등급이 아니다. 제안 행동은 행정적 확인 절차이지 규제·처분이 아니다.
SC0866,제황산경로당,경로당,진해구,충무동,4812953000.0,other,,no_axis_variation,324.5,경화동,2.25,0.0,,정기 모니터링 유지,정기 모니터링,,정기 모니터링 유지,1,R-OT-default,반복 상위 노출군에 들지 않았다.,,행동 유형은 종류 구분이며 우선순위·위험등급이 아니다. 제안 행동은 행정적 확인 절차이지 규제·처분이 아니다.
SC0867,제황산부녀경로당,경로당,진해구,충무동,4812953000.0,other,,no_axis_variation,324.5,경화동,2.25,0.0,,정기 모니터링 유지,정기 모니터링,,정기 모니터링 유지,1,R-OT-default,반복 상위 노출군에 들지 않았다.,,행동 유형은 종류 구분이며 우선순위·위험등급이 아니다. 제안 행동은 행정적 확인 절차이지 규제·처분이 아니다.
SC0868,제황로경로당,경로당,진해구,충무동,4812953000.0,other,,no_axis_variation,141.6,경화동,1.88,0.0,,정기 모니터링 유지,정기 모니터링,,정기 모니터링 유지,1,R-OT-default,반복 상위 노출군에 들지 않았다.,,행동 유형은 종류 구분이며 우선순위·위험등급이 아니다. 제안 행동은 행정적 확인 절차이지 규제·처분이 아니다.
SC0869,제황로부녀경로당,경로당,진해구,충무동,4812953000.0,other,,no_axis_variation,141.6,경화동,1.88,0.0,,정기 모니터링 유지,정기 모니터링,,정기 모니터링 유지,1,R-OT-default,반복 상위 노출군에 들지 않았다.,,행동 유형은 종류 구분이며 우선순위·위험등급이 아니다. 제안 행동은 행정적 확인 절차이지 규제·처분이 아니다.
SC0870,중원경로당,경로당,진해구,충무동,4812953000.0,other,,no_axis_variation,132.6,경화동,2.81,0.0,,정기 모니터링 유지,정기 모니터링,,정기 모니터링 유지,1,R-OT-default,반복 상위 노출군에 들지 않았다.,,행동 유형은 종류 구분이며 우선순위·위험등급이 아니다. 제안 행동은 행정적 확인 절차이지 규제·처분이 아니다.
SC0871,평지경로당,경로당,진해구,여좌동,4812954000.0,other,,no_axis_variation,531.0,경화동,3.22,1.0,,정기 모니터링 유지,정기 모니터링,,정기 모니터링 유지,1,R-OT-default,반복 상위 노출군에 들지 않았다.,,행동 유형은 종류 구분이며 우선순위·위험등급이 아니다. 제안 행동은 행정적 확인 절차이지 규제·처분이 아니다.
SC0872,평지부녀경로당,경로당,진해구,여좌동,4812954000.0,other,,no_axis_variation,531.0,경화동,3.22,1.0,,정기 모니터링 유지,정기 모니터링,,정기 모니터링 유지,1,R-OT-default,반복 상위 노출군에 들지 않았다.,,행동 유형은 종류 구분이며 우선순위·위험등급이 아니다. 제안 행동은 행정적 확인 절차이지 규제·처분이 아니다.
SC0873,여좌경로당,경로당,진해구,여좌동,4812954000.0,other,,no_axis_variation,221.2,경화동,2.58,1.0,,정기 모니터링 유지,정기 모니터링,,정기 모니터링 유지,1,R-OT-default,반복 상위 노출군에 들지 않았다.,,행동 유형은 종류 구분이며 우선순위·위험등급이 아니다. 제안 행동은 행정적 확인 절차이지 규제·처분이 아니다.
SC0874,여좌부녀경로당,경로당,진해구,여좌동,4812954000.0,other,,no_axis_variation,217.5,경화동,2.57,1.0,,정기 모니터링 유지,정기 모니터링,,정기 모니터링 유지,1,R-OT-default,반복 상위 노출군에 들지 않았다.,,행동 유형은 종류 구분이며 우선순위·위험등급이 아니다. 제안 행동은 행정적 확인 절차이지 규제·처분이 아니다.
SC0875,여좌2가부녀경로당,경로당,진해구,여좌동,4812954000.0,other,,no_axis_variation,372.0,경화동,2.33,1.0,,정기 모니터링 유지,정기 모니터링,,정기 모니터링 유지,1,R-OT-default,반복 상위 노출군에 들지 않았다.,,행동 유형은 종류 구분이며 우선순위·위험등급이 아니다. 제안 행동은 행정적 확인 절차이지 규제·처분이 아니다.
SC0876,여좌장복경로당,경로당,진해구,여좌동,4812954000.0,other,,no_axis_variation,180.0,경화동,2.45,1.0,,정기 모니터링 유지,정기 모니터링,,정기 모니터링 유지,1,R-OT-default,반복 상위 노출군에 들지 않았다.,,행동 유형은 종류 구분이며 우선순위·위험등급이 아니다. 제안 행동은 행정적 확인 절차이지 규제·처분이 아니다.
SC0877,여좌장복부녀경로당,경로당,진해구,여좌동,4812954000.0,other,,no_axis_variation,180.0,경화동,2.45,1.0,,정기 모니터링 유지,정기 모니터링,,정기 모니터링 유지,1,R-OT-default,반복 상위 노출군에 들지 않았다.,,행동 유형은 종류 구분이며 우선순위·위험등급이 아니다. 제안 행동은 행정적 확인 절차이지 규제·처분이 아니다.
SC0878,여좌1가경로당,경로당,진해구,여좌동,4812954000.0,other,,no_axis_variation,377.9,경화동,2.65,1.0,,정기 모니터링 유지,정기 모니터링,,정기 모니터링 유지,1,R-OT-default,반복 상위 노출군에 들지 않았다.,,행동 유형은 종류 구분이며 우선순위·위험등급이 아니다. 제안 행동은 행정적 확인 절차이지 규제·처분이 아니다.
SC0879,여좌1가부녀경로당,경로당,진해구,여좌동,4812954000.0,other,,no_axis_variation,377.9,경화동,2.65,1.0,,정기 모니터링 유지,정기 모니터링,,정기 모니터링 유지,1,R-OT-default,반복 상위 노출군에 들지 않았다.,,행동 유형은 종류 구분이며 우선순위·위험등급이 아니다. 제안 행동은 행정적 확인 절차이지 규제·처분이 아니다.
SC0880,여좌재건경로당,경로당,진해구,여좌동,4812954000.0,other,,no_axis_variation,185.4,경화동,2.45,1.0,,정기 모니터링 유지,정기 모니터링,,정기 모니터링 유지,1,R-OT-default,반복 상위 노출군에 들지 않았다.,,행동 유형은 종류 구분이며 우선순위·위험등급이 아니다. 제안 행동은 행정적 확인 절차이지 규제·처분이 아니다.
SC0881,여좌재건부녀경로당,경로당,진해구,여좌동,4812954000.0,other,,no_axis_variation,185.4,경화동,2.45,1.0,,정기 모니터링 유지,정기 모니터링,,정기 모니터링 유지,1,R-OT-default,반복 상위 노출군에 들지 않았다.,,행동 유형은 종류 구분이며 우선순위·위험등급이 아니다. 제안 행동은 행정적 확인 절차이지 규제·처분이 아니다.
SC0883,여명경로당,경로당,진해구,여좌동,4812954000.0,other,,no_axis_variation,529.2,경화동,2.84,1.0,,정기 모니터링 유지,정기 모니터링,,정기 모니터링 유지,1,R-OT-default,반복 상위 노출군에 들지 않았다.,,행동 유형은 종류 구분이며 우선순위·위험등급이 아니다. 제안 행동은 행정적 확인 절차이지 규제·처분이 아니다.
SC0884,여명부녀경로당,경로당,진해구,여좌동,4812954000.0,other,,no_axis_variation,529.2,경화동,2.84,1.0,,정기 모니터링 유지,정기 모니터링,,정기 모니터링 유지,1,R-OT-default,반복 상위 노출군에 들지 않았다.,,행동 유형은 종류 구분이며 우선순위·위험등급이 아니다. 제안 행동은 행정적 확인 절차이지 규제·처분이 아니다.
SC0885,육대경로당,경로당,진해구,여좌동,4812954000.0,other,,no_axis_variation,245.2,경화동,2.25,1.0,,정기 모니터링 유지,정기 모니터링,,정기 모니터링 유지,1,R-OT-default,반복 상위 노출군에 들지 않았다.,,행동 유형은 종류 구분이며 우선순위·위험등급이 아니다. 제안 행동은 행정적 확인 절차이지 규제·처분이 아니다.
SC0886,제광경로당,경로당,진해구,태백동,4812955000.0,other,,no_axis_variation,52.7,경화동,0.87,0.0,,정기 모니터링 유지,정기 모니터링,,정기 모니터링 유지,1,R-OT-default,반복 상위 노출군에 들지 않았다.,,행동 유형은 종류 구분이며 우선순위·위험등급이 아니다. 제안 행동은 행정적 확인 절차이지 규제·처분이 아니다.
SC0887,제광부녀경로당,경로당,진해구,태백동,4812955000.0,other,,no_axis_variation,52.7,경화동,0.87,0.0,,정기 모니터링 유지,정기 모니터링,,정기 모니터링 유지,1,R-OT-default,반복 상위 노출군에 들지 않았다.,,행동 유형은 종류 구분이며 우선순위·위험등급이 아니다. 제안 행동은 행정적 확인 절차이지 규제·처분이 아니다.
SC0888,태백동새동네경로당,경로당,진해구,태백동,4812955000.0,other,,no_axis_variation,392.7,경화동,1.35,0.0,,정기 모니터링 유지,정기 모니터링,,정기 모니터링 유지,1,R-OT-default,반복 상위 노출군에 들지 않았다.,,행동 유형은 종류 구분이며 우선순위·위험등급이 아니다. 제안 행동은 행정적 확인 절차이지 규제·처분이 아니다.
SC0889,태백동새동네부녀경로당,경로당,진해구,태백동,4812955000.0,other,,no_axis_variation,392.7,경화동,1.35,0.0,,정기 모니터링 유지,정기 모니터링,,정기 모니터링 유지,1,R-OT-default,반복 상위 노출군에 들지 않았다.,,행동 유형은 종류 구분이며 우선순위·위험등급이 아니다. 제안 행동은 행정적 확인 절차이지 규제·처분이 아니다.
SC0890,태백동경로당,경로당,진해구,태백동,4812955000.0,other,,no_axis_variation,86.4,경화동,1.55,0.0,,정기 모니터링 유지,정기 모니터링,,정기 모니터링 유지,1,R-OT-default,반복 상위 노출군에 들지 않았다.,,행동 유형은 종류 구분이며 우선순위·위험등급이 아니다. 제안 행동은 행정적 확인 절차이지 규제·처분이 아니다.
SC0891,태백동부녀경로당,경로당,진해구,태백동,4812955000.0,other,,no_axis_variation,86.4,경화동,1.55,0.0,,정기 모니터링 유지,정기 모니터링,,정기 모니터링 유지,1,R-OT-default,반복 상위 노출군에 들지 않았다.,,행동 유형은 종류 구분이며 우선순위·위험등급이 아니다. 제안 행동은 행정적 확인 절차이지 규제·처분이 아니다.
SC0892,경화동경로당,경로당,진해구,경화동,4812956000.0,other,,no_axis_variation,277.3,경화동,0.43,0.0,,정기 모니터링 유지,정기 모니터링,,정기 모니터링 유지,1,R-OT-default,반복 상위 노출군에 들지 않았다.,,행동 유형은 종류 구분이며 우선순위·위험등급이 아니다. 제안 행동은 행정적 확인 절차이지 규제·처분이 아니다.
SC0893,경화동부녀경로당,경로당,진해구,경화동,4812956000.0,other,,no_axis_variation,277.3,경화동,0.43,0.0,,정기 모니터링 유지,정기 모니터링,,정기 모니터링 유지,1,R-OT-default,반복 상위 노출군에 들지 않았다.,,행동 유형은 종류 구분이며 우선순위·위험등급이 아니다. 제안 행동은 행정적 확인 절차이지 규제·처분이 아니다.
SC0894,경일경로당,경로당,진해구,경화동,4812956000.0,other,,no_axis_variation,127.8,경화동,0.57,0.0,,정기 모니터링 유지,정기 모니터링,,정기 모니터링 유지,1,R-OT-default,반복 상위 노출군에 들지 않았다.,,행동 유형은 종류 구분이며 우선순위·위험등급이 아니다. 제안 행동은 행정적 확인 절차이지 규제·처분이 아니다.
SC0895,경일부녀경로당,경로당,진해구,경화동,4812956000.0,other,,no_axis_variation,127.8,경화동,0.57,0.0,,정기 모니터링 유지,정기 모니터링,,정기 모니터링 유지,1,R-OT-default,반복 상위 노출군에 들지 않았다.,,행동 유형은 종류 구분이며 우선순위·위험등급이 아니다. 제안 행동은 행정적 확인 절차이지 규제·처분이 아니다.
SC0896,조천경로당,경로당,진해구,경화동,4812956000.0,other,,no_axis_variation,205.8,경화동,0.7,0.0,,정기 모니터링 유지,정기 모니터링,,정기 모니터링 유지,1,R-OT-default,반복 상위 노출군에 들지 않았다.,,행동 유형은 종류 구분이며 우선순위·위험등급이 아니다. 제안 행동은 행정적 확인 절차이지 규제·처분이 아니다.
SC0897,조천부녀경로당,경로당,진해구,경화동,4812956000.0,other,,no_axis_variation,205.8,경화동,0.7,0.0,,정기 모니터링 유지,정기 모니터링,,정기 모니터링 유지,1,R-OT-default,반복 상위 노출군에 들지 않았다.,,행동 유형은 종류 구분이며 우선순위·위험등급이 아니다. 제안 행동은 행정적 확인 절차이지 규제·처분이 아니다.
SC0898,경화포스코경로당,경로당,진해구,경화동,4812956000.0,other,,no_axis_variation,303.0,경화동,1.18,0.0,,정기 모니터링 유지,정기 모니터링,,정기 모니터링 유지,1,R-OT-default,반복 상위 노출군에 들지 않았다.,,행동 유형은 종류 구분이며 우선순위·위험등급이 아니다. 제안 행동은 행정적 확인 절차이지 규제·처분이 아니다.
SC0899,삼정그린코아경로당,경로당,진해구,경화동,4812956000.0,other,,no_axis_variation,205.2,경화동,1.01,0.0,,정기 모니터링 유지,정기 모니터링,,정기 모니터링 유지,1,R-OT-default,반복 상위 노출군에 들지 않았다.,,행동 유형은 종류 구분이며 우선순위·위험등급이 아니다. 제안 행동은 행정적 확인 절차이지 규제·처분이 아니다.
SC0901,경화대동다숲경로당,경로당,진해구,경화동,4812956000.0,other,,no_axis_variation,196.3,경화동,1.09,0.0,,정기 모니터링 유지,정기 모니터링,,정기 모니터링 유지,1,R-OT-default,반복 상위 노출군에 들지 않았다.,,행동 유형은 종류 구분이며 우선순위·위험등급이 아니다. 제안 행동은 행정적 확인 절차이지 규제·처분이 아니다.
SC0902,병암동경로당,경로당,진해구,병암동,4812957000.0,other,,no_axis_variation,305.5,경화동,0.06,0.0,,정기 모니터링 유지,정기 모니터링,,정기 모니터링 유지,1,R-OT-default,반복 상위 노출군에 들지 않았다.,,행동 유형은 종류 구분이며 우선순위·위험등급이 아니다. 제안 행동은 행정적 확인 절차이지 규제·처분이 아니다.
SC0903,병암동부녀경로당,경로당,진해구,병암동,4812957000.0,other,,no_axis_variation,305.5,경화동,0.06,0.0,,정기 모니터링 유지,정기 모니터링,,정기 모니터링 유지,1,R-OT-default,반복 상위 노출군에 들지 않았다.,,행동 유형은 종류 구분이며 우선순위·위험등급이 아니다. 제안 행동은 행정적 확인 절차이지 규제·처분이 아니다.
SC0904,상지아파트경로당,경로당,진해구,병암동,4812957000.0,other,,no_axis_variation,108.6,경화동,0.78,0.0,,정기 모니터링 유지,정기 모니터링,,정기 모니터링 유지,1,R-OT-default,반복 상위 노출군에 들지 않았다.,,행동 유형은 종류 구분이며 우선순위·위험등급이 아니다. 제안 행동은 행정적 확인 절차이지 규제·처분이 아니다.
SC0905,경화아파트경로당,경로당,진해구,병암동,4812957000.0,other,,no_axis_variation,177.7,경화동,0.28,0.0,,정기 모니터링 유지,정기 모니터링,,정기 모니터링 유지,1,R-OT-default,반복 상위 노출군에 들지 않았다.,,행동 유형은 종류 구분이며 우선순위·위험등급이 아니다. 제안 행동은 행정적 확인 절차이지 규제·처분이 아니다.
SC0906,병암동사랑방경로당,경로당,진해구,병암동,4812957000.0,other,,no_axis_variation,95.1,경화동,0.4,0.0,,정기 모니터링 유지,정기 모니터링,,정기 모니터링 유지,1,R-OT-default,반복 상위 노출군에 들지 않았다.,,행동 유형은 종류 구분이며 우선순위·위험등급이 아니다. 제안 행동은 행정적 확인 절차이지 규제·처분이 아니다.
SC0907,병암동행복경로당,경로당,진해구,병암동,4812957000.0,other,,no_axis_variation,159.7,경화동,0.38,0.0,,정기 모니터링 유지,정기 모니터링,,정기 모니터링 유지,1,R-OT-default,반복 상위 노출군에 들지 않았다.,,행동 유형은 종류 구분이며 우선순위·위험등급이 아니다. 제안 행동은 행정적 확인 절차이지 규제·처분이 아니다.
SC0908,경화주공아파트경로당,경로당,진해구,병암동,4812957000.0,other,,no_axis_variation,312.5,경화동,0.41,0.0,,정기 모니터링 유지,정기 모니터링,,정기 모니터링 유지,1,R-OT-default,반복 상위 노출군에 들지 않았다.,,행동 유형은 종류 구분이며 우선순위·위험등급이 아니다. 제안 행동은 행정적 확인 절차이지 규제·처분이 아니다.
SC0909,석동경로당,경로당,진해구,석동,4812958000.0,other,,no_axis_variation,59.7,경화동,1.14,0.0,,정기 모니터링 유지,정기 모니터링,,정기 모니터링 유지,1,R-OT-default,반복 상위 노출군에 들지 않았다.,,행동 유형은 종류 구분이며 우선순위·위험등급이 아니다. 제안 행동은 행정적 확인 절차이지 규제·처분이 아니다.
SC0910,석동부녀경로당,경로당,진해구,석동,4812958000.0,other,,no_axis_variation,59.7,경화동,1.14,0.0,,정기 모니터링 유지,정기 모니터링,,정기 모니터링 유지,1,R-OT-default,반복 상위 노출군에 들지 않았다.,,행동 유형은 종류 구분이며 우선순위·위험등급이 아니다. 제안 행동은 행정적 확인 절차이지 규제·처분이 아니다.
SC0911,한솔솔파크경로당,경로당,진해구,석동,4812958000.0,other,,no_axis_variation,25.8,경화동,1.24,0.0,,정기 모니터링 유지,정기 모니터링,,정기 모니터링 유지,1,R-OT-default,반복 상위 노출군에 들지 않았다.,,행동 유형은 종류 구분이며 우선순위·위험등급이 아니다. 제안 행동은 행정적 확인 절차이지 규제·처분이 아니다.
SC0912,석동그린빌2단지경로당,경로당,진해구,석동,4812958000.0,other,,no_axis_variation,114.2,경화동,1.78,0.0,,정기 모니터링 유지,정기 모니터링,,정기 모니터링 유지,1,R-OT-default,반복 상위 노출군에 들지 않았다.,,행동 유형은 종류 구분이며 우선순위·위험등급이 아니다. 제안 행동은 행정적 확인 절차이지 규제·처분이 아니다.
SC0913,벚꽃그린빌3단지경로당,경로당,진해구,석동,4812958000.0,other,,no_axis_variation,41.2,경화동,1.58,0.0,,정기 모니터링 유지,정기 모니터링,,정기 모니터링 유지,1,R-OT-default,반복 상위 노출군에 들지 않았다.,,행동 유형은 종류 구분이며 우선순위·위험등급이 아니다. 제안 행동은 행정적 확인 절차이지 규제·처분이 아니다.
SC0914,석동그린빌4단지경로당,경로당,진해구,석동,4812958000.0,other,,no_axis_variation,233.8,경화동,1.66,0.0,,정기 모니터링 유지,정기 모니터링,,정기 모니터링 유지,1,R-OT-default,반복 상위 노출군에 들지 않았다.,,행동 유형은 종류 구분이며 우선순위·위험등급이 아니다. 제안 행동은 행정적 확인 절차이지 규제·처분이 아니다.
SC0915,석동공원경로당,경로당,진해구,석동,4812958000.0,other,,no_axis_variation,214.5,경화동,1.25,0.0,,정기 모니터링 유지,정기 모니터링,,정기 모니터링 유지,1,R-OT-default,반복 상위 노출군에 들지 않았다.,,행동 유형은 종류 구분이며 우선순위·위험등급이 아니다. 제안 행동은 행정적 확인 절차이지 규제·처분이 아니다.
SC0916,석동공원부녀경로당,경로당,진해구,석동,4812958000.0,other,,no_axis_variation,214.5,경화동,1.25,0.0,,정기 모니터링 유지,정기 모니터링,,정기 모니터링 유지,1,R-OT-default,반복 상위 노출군에 들지 않았다.,,행동 유형은 종류 구분이며 우선순위·위험등급이 아니다. 제안 행동은 행정적 확인 절차이지 규제·처분이 아니다.
SC0917,이동신성미소지움아파트경로당,경로당,진해구,석동,4812958000.0,other,,no_axis_variation,111.9,경화동,0.85,0.0,,정기 모니터링 유지,정기 모니터링,,정기 모니터링 유지,1,R-OT-default,반복 상위 노출군에 들지 않았다.,,행동 유형은 종류 구분이며 우선순위·위험등급이 아니다. 제안 행동은 행정적 확인 절차이지 규제·처분이 아니다.
SC0918,우림필유아파트경로당,경로당,진해구,석동,4812958000.0,other,,no_axis_variation,133.7,경화동,0.8,0.0,,정기 모니터링 유지,정기 모니터링,,정기 모니터링 유지,1,R-OT-default,반복 상위 노출군에 들지 않았다.,,행동 유형은 종류 구분이며 우선순위·위험등급이 아니다. 제안 행동은 행정적 확인 절차이지 규제·처분이 아니다.
SC0919,석동푸르지오경로당,경로당,진해구,석동,4812958000.0,other,,no_axis_variation,268.0,경화동,0.98,0.0,,정기 모니터링 유지,정기 모니터링,,정기 모니터링 유지,1,R-OT-default,반복 상위 노출군에 들지 않았다.,,행동 유형은 종류 구분이며 우선순위·위험등급이 아니다. 제안 행동은 행정적 확인 절차이지 규제·처분이 아니다.
SC0920,석동자이아파트경로당,경로당,진해구,석동,4812958000.0,other,,no_axis_variation,178.1,경화동,0.94,0.0,,정기 모니터링 유지,정기 모니터링,,정기 모니터링 유지,1,R-OT-default,반복 상위 노출군에 들지 않았다.,,행동 유형은 종류 구분이며 우선순위·위험등급이 아니다. 제안 행동은 행정적 확인 절차이지 규제·처분이 아니다.
SC0921,창원석동LH아파트경로당,경로당,진해구,석동,4812958000.0,other,,no_axis_variation,57.3,경화동,1.86,0.0,,정기 모니터링 유지,정기 모니터링,,정기 모니터링 유지,1,R-OT-default,반복 상위 노출군에 들지 않았다.,,행동 유형은 종류 구분이며 우선순위·위험등급이 아니다. 제안 행동은 행정적 확인 절차이지 규제·처분이 아니다.
SC0922,구이동경로당,경로당,진해구,이동,4812959000.0,other,,no_axis_variation,111.6,경화동,0.87,0.0,,정기 모니터링 유지,정기 모니터링,,정기 모니터링 유지,1,R-OT-default,반복 상위 노출군에 들지 않았다.,,행동 유형은 종류 구분이며 우선순위·위험등급이 아니다. 제안 행동은 행정적 확인 절차이지 규제·처분이 아니다.
SC0923,구이동부녀경로당,경로당,진해구,이동,4812959000.0,other,,no_axis_variation,111.6,경화동,0.87,0.0,,정기 모니터링 유지,정기 모니터링,,정기 모니터링 유지,1,R-OT-default,반복 상위 노출군에 들지 않았다.,,행동 유형은 종류 구분이며 우선순위·위험등급이 아니다. 제안 행동은 행정적 확인 절차이지 규제·처분이 아니다.
SC0924,신이동경로당,경로당,진해구,이동,4812959000.0,other,,no_axis_variation,203.1,경화동,1.14,0.0,,정기 모니터링 유지,정기 모니터링,,정기 모니터링 유지,1,R-OT-default,반복 상위 노출군에 들지 않았다.,,행동 유형은 종류 구분이며 우선순위·위험등급이 아니다. 제안 행동은 행정적 확인 절차이지 규제·처분이 아니다.
SC0925,신이동부녀경로당,경로당,진해구,이동,4812959000.0,other,,no_axis_variation,203.1,경화동,1.14,0.0,,정기 모니터링 유지,정기 모니터링,,정기 모니터링 유지,1,R-OT-default,반복 상위 노출군에 들지 않았다.,,행동 유형은 종류 구분이며 우선순위·위험등급이 아니다. 제안 행동은 행정적 확인 절차이지 규제·처분이 아니다.
SC0926,이동택지경로당,경로당,진해구,이동,4812959000.0,other,,no_axis_variation,133.8,경화동,0.75,0.0,,정기 모니터링 유지,정기 모니터링,,정기 모니터링 유지,1,R-OT-default,반복 상위 노출군에 들지 않았다.,,행동 유형은 종류 구분이며 우선순위·위험등급이 아니다. 제안 행동은 행정적 확인 절차이지 규제·처분이 아니다.
SC0927,이동택지부녀경로당,경로당,진해구,이동,4812959000.0,other,,no_axis_variation,133.8,경화동,0.75,0.0,,정기 모니터링 유지,정기 모니터링,,정기 모니터링 유지,1,R-OT-default,반복 상위 노출군에 들지 않았다.,,행동 유형은 종류 구분이며 우선순위·위험등급이 아니다. 제안 행동은 행정적 확인 절차이지 규제·처분이 아니다.
SC0928,남흥아파트경로당,경로당,진해구,이동,4812959000.0,other,,no_axis_variation,177.0,경화동,0.45,0.0,,정기 모니터링 유지,정기 모니터링,,정기 모니터링 유지,1,R-OT-default,반복 상위 노출군에 들지 않았다.,,행동 유형은 종류 구분이며 우선순위·위험등급이 아니다. 제안 행동은 행정적 확인 절차이지 규제·처분이 아니다.
SC0929,석동주공아파트경로당,경로당,진해구,이동,4812959000.0,other,,no_axis_variation,263.1,경화동,1.41,0.0,,정기 모니터링 유지,정기 모니터링,,정기 모니터링 유지,1,R-OT-default,반복 상위 노출군에 들지 않았다.,,행동 유형은 종류 구분이며 우선순위·위험등급이 아니다. 제안 행동은 행정적 확인 절차이지 규제·처분이 아니다.
SC0930,관사경로당,경로당,진해구,자은동,4812960000.0,other,,no_axis_variation,163.8,경화동,1.73,0.0,,정기 모니터링 유지,정기 모니터링,,정기 모니터링 유지,1,R-OT-default,반복 상위 노출군에 들지 않았다.,,행동 유형은 종류 구분이며 우선순위·위험등급이 아니다. 제안 행동은 행정적 확인 절차이지 규제·처분이 아니다.
SC0931,관사부녀경로당,경로당,진해구,자은동,4812960000.0,other,,no_axis_variation,163.8,경화동,1.73,0.0,,정기 모니터링 유지,정기 모니터링,,정기 모니터링 유지,1,R-OT-default,반복 상위 노출군에 들지 않았다.,,행동 유형은 종류 구분이며 우선순위·위험등급이 아니다. 제안 행동은 행정적 확인 절차이지 규제·처분이 아니다.
SC0932,하구경로당,경로당,진해구,자은동,4812960000.0,other,,no_axis_variation,132.7,경화동,1.85,0.0,,정기 모니터링 유지,정기 모니터링,,정기 모니터링 유지,1,R-OT-default,반복 상위 노출군에 들지 않았다.,,행동 유형은 종류 구분이며 우선순위·위험등급이 아니다. 제안 행동은 행정적 확인 절차이지 규제·처분이 아니다.
SC0933,하구부녀경로당,경로당,진해구,자은동,4812960000.0,other,,no_axis_variation,132.7,경화동,1.85,0.0,,정기 모니터링 유지,정기 모니터링,,정기 모니터링 유지,1,R-OT-default,반복 상위 노출군에 들지 않았다.,,행동 유형은 종류 구분이며 우선순위·위험등급이 아니다. 제안 행동은 행정적 확인 절차이지 규제·처분이 아니다.
SC0934,냉천경로당,경로당,진해구,석동,4812958000.0,other,,no_axis_variation,56.5,경화동,1.84,0.0,,정기 모니터링 유지,정기 모니터링,,정기 모니터링 유지,1,R-OT-default,반복 상위 노출군에 들지 않았다.,,행동 유형은 종류 구분이며 우선순위·위험등급이 아니다. 제안 행동은 행정적 확인 절차이지 규제·처분이 아니다.
SC0935,냉천부녀경로당,경로당,진해구,석동,4812958000.0,other,,no_axis_variation,56.5,경화동,1.84,0.0,,정기 모니터링 유지,정기 모니터링,,정기 모니터링 유지,1,R-OT-default,반복 상위 노출군에 들지 않았다.,,행동 유형은 종류 구분이며 우선순위·위험등급이 아니다. 제안 행동은 행정적 확인 절차이지 규제·처분이 아니다.
SC0936,벚꽃마을아파트경로당,경로당,진해구,자은동,4812960000.0,other,,no_axis_variation,262.6,경화동,2.07,0.0,,정기 모니터링 유지,정기 모니터링,,정기 모니터링 유지,1,R-OT-default,반복 상위 노출군에 들지 않았다.,,행동 유형은 종류 구분이며 우선순위·위험등급이 아니다. 제안 행동은 행정적 확인 절차이지 규제·처분이 아니다.
SC0937,벚꽃마을아파트부녀경로당,경로당,진해구,자은동,4812960000.0,other,,no_axis_variation,262.6,경화동,2.07,0.0,,정기 모니터링 유지,정기 모니터링,,정기 모니터링 유지,1,R-OT-default,반복 상위 노출군에 들지 않았다.,,행동 유형은 종류 구분이며 우선순위·위험등급이 아니다. 제안 행동은 행정적 확인 절차이지 규제·처분이 아니다.
SC0938,성원아파트경로당,경로당,진해구,자은동,4812960000.0,other,,no_axis_variation,150.8,경화동,1.66,0.0,,정기 모니터링 유지,정기 모니터링,,정기 모니터링 유지,1,R-OT-default,반복 상위 노출군에 들지 않았다.,,행동 유형은 종류 구분이며 우선순위·위험등급이 아니다. 제안 행동은 행정적 확인 절차이지 규제·처분이 아니다.
SC0939,대동빌라트경로당,경로당,진해구,자은동,4812960000.0,other,,no_axis_variation,197.9,경화동,1.72,0.0,,정기 모니터링 유지,정기 모니터링,,정기 모니터링 유지,1,R-OT-default,반복 상위 노출군에 들지 않았다.,,행동 유형은 종류 구분이며 우선순위·위험등급이 아니다. 제안 행동은 행정적 확인 절차이지 규제·처분이 아니다.
SC0940,삼성아파트경로당,경로당,진해구,자은동,4812960000.0,other,,no_axis_variation,148.1,경화동,1.87,0.0,,정기 모니터링 유지,정기 모니터링,,정기 모니터링 유지,1,R-OT-default,반복 상위 노출군에 들지 않았다.,,행동 유형은 종류 구분이며 우선순위·위험등급이 아니다. 제안 행동은 행정적 확인 절차이지 규제·처분이 아니다.
SC0941,월드메르디앙아파트경로당,경로당,진해구,자은동,4812960000.0,other,,no_axis_variation,102.9,경화동,2.01,0.0,,정기 모니터링 유지,정기 모니터링,,정기 모니터링 유지,1,R-OT-default,반복 상위 노출군에 들지 않았다.,,행동 유형은 종류 구분이며 우선순위·위험등급이 아니다. 제안 행동은 행정적 확인 절차이지 규제·처분이 아니다.
SC0942,자은프라임아파트경로당,경로당,진해구,자은동,4812960000.0,other,,no_axis_variation,476.3,경화동,2.72,0.0,,정기 모니터링 유지,정기 모니터링,,정기 모니터링 유지,1,R-OT-default,반복 상위 노출군에 들지 않았다.,,행동 유형은 종류 구분이며 우선순위·위험등급이 아니다. 제안 행동은 행정적 확인 절차이지 규제·처분이 아니다.
SC0943,자은프라임아파트부녀경로당,경로당,진해구,자은동,4812960000.0,other,,no_axis_variation,476.3,경화동,2.72,0.0,,정기 모니터링 유지,정기 모니터링,,정기 모니터링 유지,1,R-OT-default,반복 상위 노출군에 들지 않았다.,,행동 유형은 종류 구분이며 우선순위·위험등급이 아니다. 제안 행동은 행정적 확인 절차이지 규제·처분이 아니다.
SC0944,천년나무아파트경로당,경로당,진해구,자은동,4812960000.0,other,,no_axis_variation,311.2,경화동,2.33,0.0,,정기 모니터링 유지,정기 모니터링,,정기 모니터링 유지,1,R-OT-default,반복 상위 노출군에 들지 않았다.,,행동 유형은 종류 구분이며 우선순위·위험등급이 아니다. 제안 행동은 행정적 확인 절차이지 규제·처분이 아니다.
SC0945,에일린의뜰아파트경로당,경로당,진해구,자은동,4812960000.0,other,,no_axis_variation,329.5,경화동,2.91,0.0,,정기 모니터링 유지,정기 모니터링,,정기 모니터링 유지,1,R-OT-default,반복 상위 노출군에 들지 않았다.,,행동 유형은 종류 구분이며 우선순위·위험등급이 아니다. 제안 행동은 행정적 확인 절차이지 규제·처분이 아니다.
SC0946,센트럴빌리지아파트경로당,경로당,진해구,자은동,4812960000.0,other,,no_axis_variation,135.4,경화동,2.51,0.0,,정기 모니터링 유지,정기 모니터링,,정기 모니터링 유지,1,R-OT-default,반복 상위 노출군에 들지 않았다.,,행동 유형은 종류 구분이며 우선순위·위험등급이 아니다. 제안 행동은 행정적 확인 절차이지 규제·처분이 아니다.
SC0947,자은중흥S클래스경로당,경로당,진해구,자은동,4812960000.0,other,,no_axis_variation,311.0,경화동,2.51,0.0,,정기 모니터링 유지,정기 모니터링,,정기 모니터링 유지,1,R-OT-default,반복 상위 노출군에 들지 않았다.,,행동 유형은 종류 구분이며 우선순위·위험등급이 아니다. 제안 행동은 행정적 확인 절차이지 규제·처분이 아니다.
SC0948,덕산동경로당,경로당,진해구,덕산동,4812961000.0,other,,no_axis_variation,173.0,경화동,1.79,0.0,,정기 모니터링 유지,정기 모니터링,,정기 모니터링 유지,1,R-OT-default,반복 상위 노출군에 들지 않았다.,,행동 유형은 종류 구분이며 우선순위·위험등급이 아니다. 제안 행동은 행정적 확인 절차이지 규제·처분이 아니다.
SC0949,자은동본동경로당,경로당,진해구,덕산동,4812961000.0,other,,no_axis_variation,73.5,경화동,2.25,0.0,,정기 모니터링 유지,정기 모니터링,,정기 모니터링 유지,1,R-OT-default,반복 상위 노출군에 들지 않았다.,,행동 유형은 종류 구분이며 우선순위·위험등급이 아니다. 제안 행동은 행정적 확인 절차이지 규제·처분이 아니다.
SC0950,자은동본동부녀경로당,경로당,진해구,덕산동,4812961000.0,other,,no_axis_variation,73.5,경화동,2.25,0.0,,정기 모니터링 유지,정기 모니터링,,정기 모니터링 유지,1,R-OT-default,반복 상위 노출군에 들지 않았다.,,행동 유형은 종류 구분이며 우선순위·위험등급이 아니다. 제안 행동은 행정적 확인 절차이지 규제·처분이 아니다.
SC0951,풍호주공아파트경로당,경로당,진해구,덕산동,4812961000.0,other,,no_axis_variation,141.5,경화동,1.93,0.0,,정기 모니터링 유지,정기 모니터링,,정기 모니터링 유지,1,R-OT-default,반복 상위 노출군에 들지 않았다.,,행동 유형은 종류 구분이며 우선순위·위험등급이 아니다. 제안 행동은 행정적 확인 절차이지 규제·처분이 아니다.
SC0952,경동윈츠빌경로당,경로당,진해구,덕산동,4812961000.0,other,,no_axis_variation,128.7,경화동,1.95,0.0,,정기 모니터링 유지,정기 모니터링,,정기 모니터링 유지,1,R-OT-default,반복 상위 노출군에 들지 않았다.,,행동 유형은 종류 구분이며 우선순위·위험등급이 아니다. 제안 행동은 행정적 확인 절차이지 규제·처분이 아니다.
SC0953,자은동포스코아파트경로당,경로당,진해구,덕산동,4812961000.0,other,,no_axis_variation,97.0,경화동,2.3,0.0,,정기 모니터링 유지,정기 모니터링,,정기 모니터링 유지,1,R-OT-default,반복 상위 노출군에 들지 않았다.,,행동 유형은 종류 구분이며 우선순위·위험등급이 아니다. 제안 행동은 행정적 확인 절차이지 규제·처분이 아니다.
SC0954,자은주공3단지아파트경로당,경로당,진해구,덕산동,4812961000.0,other,,no_axis_variation,180.8,경화동,2.19,0.0,,정기 모니터링 유지,정기 모니터링,,정기 모니터링 유지,1,R-OT-default,반복 상위 노출군에 들지 않았다.,,행동 유형은 종류 구분이며 우선순위·위험등급이 아니다. 제안 행동은 행정적 확인 절차이지 규제·처분이 아니다.
SC0955,협성DS아이존빌경로당,경로당,진해구,덕산동,4812961000.0,other,,no_axis_variation,222.3,경화동,2.06,0.0,,정기 모니터링 유지,정기 모니터링,,정기 모니터링 유지,1,R-OT-default,반복 상위 노출군에 들지 않았다.,,행동 유형은 종류 구분이며 우선순위·위험등급이 아니다. 제안 행동은 행정적 확인 절차이지 규제·처분이 아니다.
SC0956,풍호동경로당,경로당,진해구,풍호동,4812962000.0,other,,no_axis_variation,55.5,경화동,2.58,1.0,,정기 모니터링 유지,정기 모니터링,,정기 모니터링 유지,1,R-OT-default,반복 상위 노출군에 들지 않았다.,,행동 유형은 종류 구분이며 우선순위·위험등급이 아니다. 제안 행동은 행정적 확인 절차이지 규제·처분이 아니다.
SC0957,풍호동부녀경로당,경로당,진해구,풍호동,4812962000.0,other,,no_axis_variation,55.5,경화동,2.58,1.0,,정기 모니터링 유지,정기 모니터링,,정기 모니터링 유지,1,R-OT-default,반복 상위 노출군에 들지 않았다.,,행동 유형은 종류 구분이며 우선순위·위험등급이 아니다. 제안 행동은 행정적 확인 절차이지 규제·처분이 아니다.
SC0958,시영아파트경로당,경로당,진해구,풍호동,4812962000.0,other,,no_axis_variation,332.9,경화동,2.84,1.0,,정기 모니터링 유지,정기 모니터링,,정기 모니터링 유지,1,R-OT-default,반복 상위 노출군에 들지 않았다.,,행동 유형은 종류 구분이며 우선순위·위험등급이 아니다. 제안 행동은 행정적 확인 절차이지 규제·처분이 아니다.
SC0959,풍호우성아파트경로당,경로당,진해구,풍호동,4812962000.0,other,,no_axis_variation,129.5,경화동,2.27,1.0,,정기 모니터링 유지,정기 모니터링,,정기 모니터링 유지,1,R-OT-default,반복 상위 노출군에 들지 않았다.,,행동 유형은 종류 구분이며 우선순위·위험등급이 아니다. 제안 행동은 행정적 확인 절차이지 규제·처분이 아니다.
SC0960,풍호우성아파트부녀경로당,경로당,진해구,풍호동,4812962000.0,other,,no_axis_variation,129.5,경화동,2.27,1.0,,정기 모니터링 유지,정기 모니터링,,정기 모니터링 유지,1,R-OT-default,반복 상위 노출군에 들지 않았다.,,행동 유형은 종류 구분이며 우선순위·위험등급이 아니다. 제안 행동은 행정적 확인 절차이지 규제·처분이 아니다.
SC0965,행암동경로당,경로당,진해구,풍호동,4812962000.0,other,,no_axis_variation,287.7,경화동,4.49,1.0,,정기 모니터링 유지,정기 모니터링,,정기 모니터링 유지,1,R-OT-default,반복 상위 노출군에 들지 않았다.,,행동 유형은 종류 구분이며 우선순위·위험등급이 아니다. 제안 행동은 행정적 확인 절차이지 규제·처분이 아니다.
SC0966,행암동부녀경로당,경로당,진해구,풍호동,4812962000.0,other,,no_axis_variation,287.7,경화동,4.49,1.0,,정기 모니터링 유지,정기 모니터링,,정기 모니터링 유지,1,R-OT-default,반복 상위 노출군에 들지 않았다.,,행동 유형은 종류 구분이며 우선순위·위험등급이 아니다. 제안 행동은 행정적 확인 절차이지 규제·처분이 아니다.
SC0967,아이존빌아파트경로당,경로당,진해구,풍호동,4812962000.0,other,,no_axis_variation,208.4,경화동,2.28,1.0,,정기 모니터링 유지,정기 모니터링,,정기 모니터링 유지,1,R-OT-default,반복 상위 노출군에 들지 않았다.,,행동 유형은 종류 구분이며 우선순위·위험등급이 아니다. 제안 행동은 행정적 확인 절차이지 규제·처분이 아니다.
SC0968,상리마을경로당,경로당,진해구,풍호동,4812962000.0,other,,no_axis_variation,512.8,경화동,3.84,1.0,,정기 모니터링 유지,정기 모니터링,,정기 모니터링 유지,1,R-OT-default,반복 상위 노출군에 들지 않았다.,,행동 유형은 종류 구분이며 우선순위·위험등급이 아니다. 제안 행동은 행정적 확인 절차이지 규제·처분이 아니다.
SC0969,평화마을아파트경로당,경로당,진해구,풍호동,4812962000.0,other,,no_axis_variation,97.0,경화동,2.51,1.0,,정기 모니터링 유지,정기 모니터링,,정기 모니터링 유지,1,R-OT-default,반복 상위 노출군에 들지 않았다.,,행동 유형은 종류 구분이며 우선순위·위험등급이 아니다. 제안 행동은 행정적 확인 절차이지 규제·처분이 아니다.
SC0970,한림리츠빌아파트경로당,경로당,진해구,풍호동,4812962000.0,other,,no_axis_variation,195.7,경화동,2.57,1.0,,정기 모니터링 유지,정기 모니터링,,정기 모니터링 유지,1,R-OT-default,반복 상위 노출군에 들지 않았다.,,행동 유형은 종류 구분이며 우선순위·위험등급이 아니다. 제안 행동은 행정적 확인 절차이지 규제·처분이 아니다.
SC0975,한신휴플러스오션파크아파트경로당,경로당,진해구,풍호동,4812962000.0,other,,no_axis_variation,75.4,경화동,3.29,1.0,,정기 모니터링 유지,정기 모니터링,,정기 모니터링 유지,1,R-OT-default,반복 상위 노출군에 들지 않았다.,,행동 유형은 종류 구분이며 우선순위·위험등급이 아니다. 제안 행동은 행정적 확인 절차이지 규제·처분이 아니다.
SC0976,관정경로당,경로당,진해구,웅천동,4812963000.0,other,,no_axis_variation,365.8,경화동,6.72,0.0,,정기 모니터링 유지,정기 모니터링,,정기 모니터링 유지,1,R-OT-default,반복 상위 노출군에 들지 않았다.,,행동 유형은 종류 구분이며 우선순위·위험등급이 아니다. 제안 행동은 행정적 확인 절차이지 규제·처분이 아니다.
SC0977,괴정경로당,경로당,진해구,웅천동,4812963000.0,other,,no_axis_variation,117.4,경화동,7.85,0.0,,정기 모니터링 유지,정기 모니터링,,정기 모니터링 유지,1,R-OT-default,반복 상위 노출군에 들지 않았다.,,행동 유형은 종류 구분이며 우선순위·위험등급이 아니다. 제안 행동은 행정적 확인 절차이지 규제·처분이 아니다.
SC0978,괴정부녀경로당,경로당,진해구,웅천동,4812963000.0,other,,no_axis_variation,117.4,경화동,7.85,0.0,,정기 모니터링 유지,정기 모니터링,,정기 모니터링 유지,1,R-OT-default,반복 상위 노출군에 들지 않았다.,,행동 유형은 종류 구분이며 우선순위·위험등급이 아니다. 제안 행동은 행정적 확인 절차이지 규제·처분이 아니다.
SC0979,남문경로당,경로당,진해구,웅천동,4812963000.0,other,,no_axis_variation,303.6,경화동,7.49,0.0,,정기 모니터링 유지,정기 모니터링,,정기 모니터링 유지,1,R-OT-default,반복 상위 노출군에 들지 않았다.,,행동 유형은 종류 구분이며 우선순위·위험등급이 아니다. 제안 행동은 행정적 확인 절차이지 규제·처분이 아니다.
SC0980,남문부녀경로당,경로당,진해구,웅천동,4812963000.0,other,,no_axis_variation,303.6,경화동,7.49,0.0,,정기 모니터링 유지,정기 모니터링,,정기 모니터링 유지,1,R-OT-default,반복 상위 노출군에 들지 않았다.,,행동 유형은 종류 구분이며 우선순위·위험등급이 아니다. 제안 행동은 행정적 확인 절차이지 규제·처분이 아니다.
SC0981,명동경로당,경로당,진해구,웅천동,4812963000.0,other,,no_axis_variation,169.7,경화동,6.97,0.0,,정기 모니터링 유지,정기 모니터링,,정기 모니터링 유지,1,R-OT-default,반복 상위 노출군에 들지 않았다.,,행동 유형은 종류 구분이며 우선순위·위험등급이 아니다. 제안 행동은 행정적 확인 절차이지 규제·처분이 아니다.
SC0982,백일경로당,경로당,진해구,웅천동,4812963000.0,other,,no_axis_variation,1275.7,경화동,5.54,0.0,,정기 모니터링 유지,정기 모니터링,,정기 모니터링 유지,1,R-OT-default,반복 상위 노출군에 들지 않았다.,,행동 유형은 종류 구분이며 우선순위·위험등급이 아니다. 제안 행동은 행정적 확인 절차이지 규제·처분이 아니다.
SC0983,북부경로당,경로당,진해구,웅천동,4812963000.0,other,,no_axis_variation,119.2,경화동,7.01,0.0,,정기 모니터링 유지,정기 모니터링,,정기 모니터링 유지,1,R-OT-default,반복 상위 노출군에 들지 않았다.,,행동 유형은 종류 구분이며 우선순위·위험등급이 아니다. 제안 행동은 행정적 확인 절차이지 규제·처분이 아니다.
SC0984,북부부녀경로당,경로당,진해구,웅천동,4812963000.0,other,,no_axis_variation,119.2,경화동,7.01,0.0,,정기 모니터링 유지,정기 모니터링,,정기 모니터링 유지,1,R-OT-default,반복 상위 노출군에 들지 않았다.,,행동 유형은 종류 구분이며 우선순위·위험등급이 아니다. 제안 행동은 행정적 확인 절차이지 규제·처분이 아니다.
SC0985,삼포경로당,경로당,진해구,웅천동,4812963000.0,other,,no_axis_variation,886.4,경화동,7.62,0.0,,정기 모니터링 유지,정기 모니터링,,정기 모니터링 유지,1,R-OT-default,반복 상위 노출군에 들지 않았다.,,행동 유형은 종류 구분이며 우선순위·위험등급이 아니다. 제안 행동은 행정적 확인 절차이지 규제·처분이 아니다.
SC0986,서중동경로당,경로당,진해구,웅천동,4812963000.0,other,,no_axis_variation,378.5,경화동,7.19,0.0,,정기 모니터링 유지,정기 모니터링,,정기 모니터링 유지,1,R-OT-default,반복 상위 노출군에 들지 않았다.,,행동 유형은 종류 구분이며 우선순위·위험등급이 아니다. 제안 행동은 행정적 확인 절차이지 규제·처분이 아니다.
SC0987,서중동부녀경로당,경로당,진해구,웅천동,4812963000.0,other,,no_axis_variation,378.5,경화동,7.19,0.0,,정기 모니터링 유지,정기 모니터링,,정기 모니터링 유지,1,R-OT-default,반복 상위 노출군에 들지 않았다.,,행동 유형은 종류 구분이며 우선순위·위험등급이 아니다. 제안 행동은 행정적 확인 절차이지 규제·처분이 아니다.
SC0988,성내경로당,경로당,진해구,웅천동,4812963000.0,other,,no_axis_variation,212.2,경화동,7.33,0.0,,정기 모니터링 유지,정기 모니터링,,정기 모니터링 유지,1,R-OT-default,반복 상위 노출군에 들지 않았다.,,행동 유형은 종류 구분이며 우선순위·위험등급이 아니다. 제안 행동은 행정적 확인 절차이지 규제·처분이 아니다.
SC0989,성내부녀경로당,경로당,진해구,웅천동,4812963000.0,other,,no_axis_variation,212.2,경화동,7.33,0.0,,정기 모니터링 유지,정기 모니터링,,정기 모니터링 유지,1,R-OT-default,반복 상위 노출군에 들지 않았다.,,행동 유형은 종류 구분이며 우선순위·위험등급이 아니다. 제안 행동은 행정적 확인 절차이지 규제·처분이 아니다.
SC0990,수도경로당,경로당,진해구,웅천동,4812963000.0,other,,no_axis_variation,894.1,경화동,9.26,0.0,,정기 모니터링 유지,정기 모니터링,,정기 모니터링 유지,1,R-OT-default,반복 상위 노출군에 들지 않았다.,,행동 유형은 종류 구분이며 우선순위·위험등급이 아니다. 제안 행동은 행정적 확인 절차이지 규제·처분이 아니다.
SC0991,시티프라디움1차 아파트경로당,경로당,진해구,웅천동,4812963000.0,other,,no_axis_variation,117.1,경화동,7.97,0.0,,정기 모니터링 유지,정기 모니터링,,정기 모니터링 유지,1,R-OT-default,반복 상위 노출군에 들지 않았다.,,행동 유형은 종류 구분이며 우선순위·위험등급이 아니다. 제안 행동은 행정적 확인 절차이지 규제·처분이 아니다.
SC0992,시티프라디움2차 아파트경로당,경로당,진해구,웅천동,4812963000.0,other,,no_axis_variation,346.1,경화동,7.94,0.0,,정기 모니터링 유지,정기 모니터링,,정기 모니터링 유지,1,R-OT-default,반복 상위 노출군에 들지 않았다.,,행동 유형은 종류 구분이며 우선순위·위험등급이 아니다. 제안 행동은 행정적 확인 절차이지 규제·처분이 아니다.
SC0993,신명경로당,경로당,진해구,웅천동,4812963000.0,other,,no_axis_variation,494.1,경화동,7.09,0.0,,정기 모니터링 유지,정기 모니터링,,정기 모니터링 유지,1,R-OT-default,반복 상위 노출군에 들지 않았다.,,행동 유형은 종류 구분이며 우선순위·위험등급이 아니다. 제안 행동은 행정적 확인 절차이지 규제·처분이 아니다.
SC0994,어은경로당,경로당,진해구,웅천동,4812963000.0,other,,no_axis_variation,201.7,경화동,5.68,0.0,,정기 모니터링 유지,정기 모니터링,,정기 모니터링 유지,1,R-OT-default,반복 상위 노출군에 들지 않았다.,,행동 유형은 종류 구분이며 우선순위·위험등급이 아니다. 제안 행동은 행정적 확인 절차이지 규제·처분이 아니다.
SC0995,와성경로당,경로당,진해구,웅천동,4812963000.0,other,,no_axis_variation,19.3,경화동,9.06,0.0,,정기 모니터링 유지,정기 모니터링,,정기 모니터링 유지,1,R-OT-default,반복 상위 노출군에 들지 않았다.,,행동 유형은 종류 구분이며 우선순위·위험등급이 아니다. 제안 행동은 행정적 확인 절차이지 규제·처분이 아니다.
SC0996,제덕경로당,경로당,진해구,웅천동,4812963000.0,other,,no_axis_variation,224.1,경화동,7.35,0.0,,정기 모니터링 유지,정기 모니터링,,정기 모니터링 유지,1,R-OT-default,반복 상위 노출군에 들지 않았다.,,행동 유형은 종류 구분이며 우선순위·위험등급이 아니다. 제안 행동은 행정적 확인 절차이지 규제·처분이 아니다.
SC0997,죽곡경로당,경로당,진해구,웅천동,4812963000.0,other,,no_axis_variation,364.2,경화동,6.18,0.0,,정기 모니터링 유지,정기 모니터링,,정기 모니터링 유지,1,R-OT-default,반복 상위 노출군에 들지 않았다.,,행동 유형은 종류 구분이며 우선순위·위험등급이 아니다. 제안 행동은 행정적 확인 절차이지 규제·처분이 아니다.
SC0998,진해남문호반베르디움아파트경로당,경로당,진해구,웅천동,4812963000.0,other,,no_axis_variation,479.8,경화동,8.35,0.0,,정기 모니터링 유지,정기 모니터링,,정기 모니터링 유지,1,R-OT-default,반복 상위 노출군에 들지 않았다.,,행동 유형은 종류 구분이며 우선순위·위험등급이 아니다. 제안 행동은 행정적 확인 절차이지 규제·처분이 아니다.
SC0999,리젠시빌란트경로당,경로당,진해구,웅천동,4812963000.0,other,,no_axis_variation,395.7,경화동,8.32,0.0,,정기 모니터링 유지,정기 모니터링,,정기 모니터링 유지,1,R-OT-default,반복 상위 노출군에 들지 않았다.,,행동 유형은 종류 구분이며 우선순위·위험등급이 아니다. 제안 행동은 행정적 확인 절차이지 규제·처분이 아니다.
SC1000,마천경로당,경로당,진해구,웅동1동,4812964000.0,other,,no_axis_variation,274.4,경화동,9.0,1.0,,정기 모니터링 유지,정기 모니터링,,정기 모니터링 유지,1,R-OT-default,반복 상위 노출군에 들지 않았다.,,행동 유형은 종류 구분이며 우선순위·위험등급이 아니다. 제안 행동은 행정적 확인 절차이지 규제·처분이 아니다.
SC1001,마천부녀경로당,경로당,진해구,웅동1동,4812964000.0,other,,no_axis_variation,274.4,경화동,9.0,1.0,,정기 모니터링 유지,정기 모니터링,,정기 모니터링 유지,1,R-OT-default,반복 상위 노출군에 들지 않았다.,,행동 유형은 종류 구분이며 우선순위·위험등급이 아니다. 제안 행동은 행정적 확인 절차이지 규제·처분이 아니다.
SC1003,소사경로당,경로당,진해구,웅동1동,4812964000.0,other,,no_axis_variation,666.7,경화동,8.55,1.0,,정기 모니터링 유지,정기 모니터링,,정기 모니터링 유지,1,R-OT-default,반복 상위 노출군에 들지 않았다.,,행동 유형은 종류 구분이며 우선순위·위험등급이 아니다. 제안 행동은 행정적 확인 절차이지 규제·처분이 아니다.
SC1012,대장동경로당,경로당,진해구,웅동1동,4812964000.0,other,,no_axis_variation,347.8,경화동,8.23,1.0,,정기 모니터링 유지,정기 모니터링,,정기 모니터링 유지,1,R-OT-default,반복 상위 노출군에 들지 않았다.,,행동 유형은 종류 구분이며 우선순위·위험등급이 아니다. 제안 행동은 행정적 확인 절차이지 규제·처분이 아니다.
SC1013,대장동부녀경로당,경로당,진해구,웅동1동,4812964000.0,other,,no_axis_variation,347.8,경화동,8.23,1.0,,정기 모니터링 유지,정기 모니터링,,정기 모니터링 유지,1,R-OT-default,반복 상위 노출군에 들지 않았다.,,행동 유형은 종류 구분이며 우선순위·위험등급이 아니다. 제안 행동은 행정적 확인 절차이지 규제·처분이 아니다.
SC1014,(사)대한노인회 진해지회 부암경로당,경로당,진해구,웅동1동,4812964000.0,other,,no_axis_variation,650.2,경화동,8.91,1.0,,정기 모니터링 유지,정기 모니터링,,정기 모니터링 유지,1,R-OT-default,반복 상위 노출군에 들지 않았다.,,행동 유형은 종류 구분이며 우선순위·위험등급이 아니다. 제안 행동은 행정적 확인 절차이지 규제·처분이 아니다.
SC1015,경남아너스빌경로당,경로당,진해구,웅동1동,4812964000.0,other,,no_axis_variation,271.1,경화동,9.06,1.0,,정기 모니터링 유지,정기 모니터링,,정기 모니터링 유지,1,R-OT-default,반복 상위 노출군에 들지 않았다.,,행동 유형은 종류 구분이며 우선순위·위험등급이 아니다. 제안 행동은 행정적 확인 절차이지 규제·처분이 아니다.
SC1017,주포경로당,경로당,진해구,웅동2동,4812965000.0,other,,no_axis_variation,566.3,경화동,14.01,1.0,,정기 모니터링 유지,정기 모니터링,,정기 모니터링 유지,1,R-OT-default,반복 상위 노출군에 들지 않았다.,,행동 유형은 종류 구분이며 우선순위·위험등급이 아니다. 제안 행동은 행정적 확인 절차이지 규제·처분이 아니다.
SC1018,가동경로당,경로당,진해구,웅동2동,4812965000.0,other,,no_axis_variation,108.2,경화동,14.39,1.0,,정기 모니터링 유지,정기 모니터링,,정기 모니터링 유지,1,R-OT-default,반복 상위 노출군에 들지 않았다.,,행동 유형은 종류 구분이며 우선순위·위험등급이 아니다. 제안 행동은 행정적 확인 절차이지 규제·처분이 아니다.
SC1019,용원남자경로당,경로당,진해구,웅동2동,4812965000.0,other,,no_axis_variation,157.6,경화동,13.48,1.0,,정기 모니터링 유지,정기 모니터링,,정기 모니터링 유지,1,R-OT-default,반복 상위 노출군에 들지 않았다.,,행동 유형은 종류 구분이며 우선순위·위험등급이 아니다. 제안 행동은 행정적 확인 절차이지 규제·처분이 아니다.
SC1020,용원여자경로당,경로당,진해구,웅동2동,4812965000.0,other,,no_axis_variation,157.6,경화동,13.48,1.0,,정기 모니터링 유지,정기 모니터링,,정기 모니터링 유지,1,R-OT-default,반복 상위 노출군에 들지 않았다.,,행동 유형은 종류 구분이며 우선순위·위험등급이 아니다. 제안 행동은 행정적 확인 절차이지 규제·처분이 아니다.
SC1021,안골남자경로당,경로당,진해구,웅동2동,4812965000.0,other,,no_axis_variation,302.6,경화동,12.03,1.0,,정기 모니터링 유지,정기 모니터링,,정기 모니터링 유지,1,R-OT-default,반복 상위 노출군에 들지 않았다.,,행동 유형은 종류 구분이며 우선순위·위험등급이 아니다. 제안 행동은 행정적 확인 절차이지 규제·처분이 아니다.
SC1022,안골여자경로당,경로당,진해구,웅동2동,4812965000.0,other,,no_axis_variation,302.6,경화동,12.03,1.0,,정기 모니터링 유지,정기 모니터링,,정기 모니터링 유지,1,R-OT-default,반복 상위 노출군에 들지 않았다.,,행동 유형은 종류 구분이며 우선순위·위험등급이 아니다. 제안 행동은 행정적 확인 절차이지 규제·처분이 아니다.
SC1023,청천경로당,경로당,진해구,웅동2동,4812965000.0,other,,no_axis_variation,608.9,경화동,11.8,1.0,,정기 모니터링 유지,정기 모니터링,,정기 모니터링 유지,1,R-OT-default,반복 상위 노출군에 들지 않았다.,,행동 유형은 종류 구분이며 우선순위·위험등급이 아니다. 제안 행동은 행정적 확인 절차이지 규제·처분이 아니다.
SC1024,안성경로당,경로당,진해구,웅동2동,4812965000.0,other,,no_axis_variation,513.9,경화동,10.95,1.0,,정기 모니터링 유지,정기 모니터링,,정기 모니터링 유지,1,R-OT-default,반복 상위 노출군에 들지 않았다.,,행동 유형은 종류 구분이며 우선순위·위험등급이 아니다. 제안 행동은 행정적 확인 절차이지 규제·처분이 아니다.
SC1025,신안골경로당,경로당,진해구,웅동2동,4812965000.0,other,,no_axis_variation,479.9,경화동,12.2,1.0,,정기 모니터링 유지,정기 모니터링,,정기 모니터링 유지,1,R-OT-default,반복 상위 노출군에 들지 않았다.,,행동 유형은 종류 구분이며 우선순위·위험등급이 아니다. 제안 행동은 행정적 확인 절차이지 규제·처분이 아니다.
SC1026,이지더원A경로당,경로당,진해구,웅동2동,4812965000.0,other,,no_axis_variation,835.9,경화동,13.35,1.0,,정기 모니터링 유지,정기 모니터링,,정기 모니터링 유지,1,R-OT-default,반복 상위 노출군에 들지 않았다.,,행동 유형은 종류 구분이며 우선순위·위험등급이 아니다. 제안 행동은 행정적 확인 절차이지 규제·처분이 아니다.
SC1027,신항부영13단지A경로당,경로당,진해구,웅동2동,4812965000.0,other,,no_axis_variation,373.5,경화동,13.59,1.0,,정기 모니터링 유지,정기 모니터링,,정기 모니터링 유지,1,R-OT-default,반복 상위 노출군에 들지 않았다.,,행동 유형은 종류 구분이며 우선순위·위험등급이 아니다. 제안 행동은 행정적 확인 절차이지 규제·처분이 아니다.
SC1028,용원현대A경로당,경로당,진해구,웅동2동,4812965000.0,other,,no_axis_variation,406.2,경화동,12.22,1.0,,정기 모니터링 유지,정기 모니터링,,정기 모니터링 유지,1,R-OT-default,반복 상위 노출군에 들지 않았다.,,행동 유형은 종류 구분이며 우선순위·위험등급이 아니다. 제안 행동은 행정적 확인 절차이지 규제·처분이 아니다.
SC1029,풍림A남자경로당,경로당,진해구,웅동2동,4812965000.0,other,,no_axis_variation,254.6,경화동,12.0,1.0,,정기 모니터링 유지,정기 모니터링,,정기 모니터링 유지,1,R-OT-default,반복 상위 노출군에 들지 않았다.,,행동 유형은 종류 구분이며 우선순위·위험등급이 아니다. 제안 행동은 행정적 확인 절차이지 규제·처분이 아니다.
SC1030,풍림A여자경로당,경로당,진해구,웅동2동,4812965000.0,other,,no_axis_variation,254.6,경화동,12.0,1.0,,정기 모니터링 유지,정기 모니터링,,정기 모니터링 유지,1,R-OT-default,반복 상위 노출군에 들지 않았다.,,행동 유형은 종류 구분이며 우선순위·위험등급이 아니다. 제안 행동은 행정적 확인 절차이지 규제·처분이 아니다.
SC1031,부영1차A남자경로당,경로당,진해구,웅동2동,4812965000.0,other,,no_axis_variation,465.9,경화동,12.15,1.0,,정기 모니터링 유지,정기 모니터링,,정기 모니터링 유지,1,R-OT-default,반복 상위 노출군에 들지 않았다.,,행동 유형은 종류 구분이며 우선순위·위험등급이 아니다. 제안 행동은 행정적 확인 절차이지 규제·처분이 아니다.
SC1032,부영1차A여자경로당,경로당,진해구,웅동2동,4812965000.0,other,,no_axis_variation,465.9,경화동,12.15,1.0,,정기 모니터링 유지,정기 모니터링,,정기 모니터링 유지,1,R-OT-default,반복 상위 노출군에 들지 않았다.,,행동 유형은 종류 구분이며 우선순위·위험등급이 아니다. 제안 행동은 행정적 확인 절차이지 규제·처분이 아니다.
SC1033,부영2차A남자경로당,경로당,진해구,웅동2동,4812965000.0,other,,no_axis_variation,382.9,경화동,11.88,1.0,,정기 모니터링 유지,정기 모니터링,,정기 모니터링 유지,1,R-OT-default,반복 상위 노출군에 들지 않았다.,,행동 유형은 종류 구분이며 우선순위·위험등급이 아니다. 제안 행동은 행정적 확인 절차이지 규제·처분이 아니다.
SC1034,부영2차A여자경로당,경로당,진해구,웅동2동,4812965000.0,other,,no_axis_variation,382.9,경화동,11.88,1.0,,정기 모니터링 유지,정기 모니터링,,정기 모니터링 유지,1,R-OT-default,반복 상위 노출군에 들지 않았다.,,행동 유형은 종류 구분이며 우선순위·위험등급이 아니다. 제안 행동은 행정적 확인 절차이지 규제·처분이 아니다.
SC1035,부영3차A남자경로당,경로당,진해구,웅동2동,4812965000.0,other,,no_axis_variation,345.9,경화동,11.96,1.0,,정기 모니터링 유지,정기 모니터링,,정기 모니터링 유지,1,R-OT-default,반복 상위 노출군에 들지 않았다.,,행동 유형은 종류 구분이며 우선순위·위험등급이 아니다. 제안 행동은 행정적 확인 절차이지 규제·처분이 아니다.
SC1036,부영3차A여자경로당,경로당,진해구,웅동2동,4812965000.0,other,,no_axis_variation,345.9,경화동,11.96,1.0,,정기 모니터링 유지,정기 모니터링,,정기 모니터링 유지,1,R-OT-default,반복 상위 노출군에 들지 않았다.,,행동 유형은 종류 구분이며 우선순위·위험등급이 아니다. 제안 행동은 행정적 확인 절차이지 규제·처분이 아니다.
SC1037,해인로즈빌A남자경로당,경로당,진해구,웅동2동,4812965000.0,other,,no_axis_variation,169.4,경화동,11.86,1.0,,정기 모니터링 유지,정기 모니터링,,정기 모니터링 유지,1,R-OT-default,반복 상위 노출군에 들지 않았다.,,행동 유형은 종류 구분이며 우선순위·위험등급이 아니다. 제안 행동은 행정적 확인 절차이지 규제·처분이 아니다.
SC1038,해인로즈빌A여자경로당,경로당,진해구,웅동2동,4812965000.0,other,,no_axis_variation,169.4,경화동,11.86,1.0,,정기 모니터링 유지,정기 모니터링,,정기 모니터링 유지,1,R-OT-default,반복 상위 노출군에 들지 않았다.,,행동 유형은 종류 구분이며 우선순위·위험등급이 아니다. 제안 행동은 행정적 확인 절차이지 규제·처분이 아니다.
SC1039,일신님A남자경로당,경로당,진해구,웅동2동,4812965000.0,other,,no_axis_variation,344.1,경화동,12.31,1.0,,정기 모니터링 유지,정기 모니터링,,정기 모니터링 유지,1,R-OT-default,반복 상위 노출군에 들지 않았다.,,행동 유형은 종류 구분이며 우선순위·위험등급이 아니다. 제안 행동은 행정적 확인 절차이지 규제·처분이 아니다.
SC1040,일신님여자경로당,경로당,진해구,웅동2동,4812965000.0,other,,no_axis_variation,344.1,경화동,12.31,1.0,,정기 모니터링 유지,정기 모니터링,,정기 모니터링 유지,1,R-OT-default,반복 상위 노출군에 들지 않았다.,,행동 유형은 종류 구분이며 우선순위·위험등급이 아니다. 제안 행동은 행정적 확인 절차이지 규제·처분이 아니다.
SC1041,코아루A경로당,경로당,진해구,웅동2동,4812965000.0,other,,no_axis_variation,242.3,경화동,12.35,1.0,,정기 모니터링 유지,정기 모니터링,,정기 모니터링 유지,1,R-OT-default,반복 상위 노출군에 들지 않았다.,,행동 유형은 종류 구분이며 우선순위·위험등급이 아니다. 제안 행동은 행정적 확인 절차이지 규제·처분이 아니다.
SC1042,신항8단지부영A경로당,경로당,진해구,웅동2동,4812965000.0,other,,no_axis_variation,737.3,경화동,13.27,1.0,,정기 모니터링 유지,정기 모니터링,,정기 모니터링 유지,1,R-OT-default,반복 상위 노출군에 들지 않았다.,,행동 유형은 종류 구분이며 우선순위·위험등급이 아니다. 제안 행동은 행정적 확인 절차이지 규제·처분이 아니다.
