facility_id,facility_type,name,gu,emd,emd_b,h_code,address,matched_address,capacity,lat,lng,geo_source,geo_level,emd_src
CC0001,어린이집,창원시립 대산푸른숲어린이집,의창구,대산면,대산면 제동리,4812132000,경상남도 창원시 의창구 대산면 주남로 514 엔에이치에프 창원대산1단지아파트 관리동,경남 창원시 의창구 대산면 주남로 514,72,35.3293698109171,128.705930543685,kakao,point,대산면
CC0002,어린이집,한뫼누리어린이집,의창구,대산면,대산면 제동리,4812132000,경상남도 창원시 의창구 대산면 제동길43번길 79-25,경남 창원시 의창구 대산면 제동길43번길 79-25,39,35.3389235101653,128.710120984705,kakao,point,대산면
CC0003,어린이집,청아어린이집,의창구,동읍,동읍 용잠리,4812125000,경상남도 창원시 의창구 동읍 의창대로900번길 8,경남 창원시 의창구 동읍 의창대로900번길 8,111,35.278350737887,128.688785283133,kakao,point,동읍
CC0004,어린이집,청음어린이집,의창구,동읍,동읍 용잠리,4812125000,경상남도 창원시 의창구 동읍 의창대로900번길 6-1,경남 창원시 의창구 동읍 의창대로900번길 6-1,46,35.2784011336007,128.689009867805,kakao,point,동읍
CC0005,어린이집,꿈샘어린이집,의창구,동읍,동읍 단계리,4812125000,경상남도 창원시 의창구 동읍 자여로 133-11,경남 창원시 의창구 동읍 자여로 133-11,39,35.2731691757173,128.705596469792,kakao,point,동읍
CC0006,어린이집,동읍다람어린이집,의창구,동읍,동읍 용잠리,4812125000,경상남도 창원시 의창구 동읍 의창대로915번길 17-15,경남 창원시 의창구 동읍 의창대로915번길 17-15,29,35.280400900251,128.68984347589,kakao,point,동읍
CC0007,어린이집,무궁화어린이집,의창구,동읍,동읍 용잠리,4812125000,경상남도 창원시 의창구 동읍 용잠로 37-6,경남 창원시 의창구 동읍 용잠로 37-6,39,35.279884456771,128.68858886466,kakao,point,동읍
CC0008,어린이집,햇살나무어린이집,의창구,동읍,동읍 용잠리,4812125000,경상남도 창원시 의창구 동읍 동읍로83번길 3,경남 창원시 의창구 동읍 동읍로83번길 3,60,35.2835337148809,128.68199335281,kakao,point,동읍
CC0009,어린이집,동부산솔밭어린이집,의창구,동읍,동읍 용정리,4812125000,경상남도 창원시 의창구 동읍 용정길46번길 24 동부산 훼미리 5차 102호,경남 창원시 의창구 동읍 용정길46번길 24,20,35.2760857614095,128.704125661061,kakao,point,동읍
CC0010,어린이집,동창원어린이집,의창구,동읍,동읍 송정리,4812125000,"경상남도 창원시 의창구 동읍 용정길32번길 14 102동 105호(송정리, 동부산훼미리타운2차아파트)",경남 창원시 의창구 동읍 용정길32번길 14,18,35.2774395378255,128.702796112455,kakao,point,동읍
CC0011,어린이집,칠성그린어린이집,의창구,동읍,동읍 신방리,4812125000,경상남도 창원시 의창구 동읍 동읍로 212 칠성그린아파트내,경남 창원시 의창구 동읍 동읍로 212,80,35.2938808096221,128.675961463889,kakao,point,동읍
CC0012,어린이집,창원시립 명곡어린이집,의창구,명곡동,도계동,4812153000,경상남도 창원시 의창구 태복산로15번길 8 창원시립명곡어린이집,경남 창원시 의창구 태복산로15번길 8,45,35.2539403841184,128.63992461167,kakao,point,명곡동
CC0013,어린이집,창원시립 명곡포엘른어린이집,의창구,명곡동,명곡동,4812153000,경상남도 창원시 의창구 명곡지구로 25,경남 창원시 의창구 명곡지구로 25,47,35.2559332738204,128.647544450593,kakao,point,명곡동
CC0014,어린이집,창원시립 호산나어린이집,의창구,명곡동,도계동,4812153000,"경상남도 창원시 의창구 원이대로82번길 1 복지동 1층(도계동, 도계휴먼시아아파트)",경남 창원시 의창구 원이대로82번길 1,45,35.2549908664663,128.635556025767,kakao,point,명곡동
CC0015,어린이집,사랑의어린이집,의창구,명곡동,명서동,4812153000,경상남도 창원시 의창구 명서로77번길 17 명서동,경남 창원시 의창구 명서로77번길 17,70,35.2509847472322,128.650329449451,kakao,point,명곡동
CC0016,어린이집,무지개어린이집,의창구,명곡동,도계동,4812153000,경상남도 창원시 의창구 하남천서길21번길 9 (도계동),경남 창원시 의창구 하남천서길21번길 9,35,35.261241793333,128.638768354155,kakao,point,명곡동
CC0017,어린이집,브레인영재어린이집,의창구,명곡동,도계동,4812153000,경상남도 창원시 의창구 도계로60번길 9-8 브레인영재어린이집,경남 창원시 의창구 도계로60번길 9-8,62,35.2582943006883,128.637121316625,kakao,point,명곡동
CC0018,어린이집,새순어린이집,의창구,명곡동,도계동,4812153000,경상남도 창원시 의창구 도계로 116 새순교회 1층 (도계동),경남 창원시 의창구 도계로 116,99,35.2550207597029,128.640955424396,kakao,point,명곡동
CC0019,어린이집,아이사랑어린이집,의창구,명곡동,도계동,4812153000,경상남도 창원시 의창구 도계로95번길 13,경남 창원시 의창구 도계로95번길 13,39,35.2573113005583,128.641354186272,kakao,point,명곡동
CC0020,어린이집,양지어린이집,의창구,명곡동,도계동,4812153000,경상남도 창원시 의창구 도계로60번길 5-18,경남 창원시 의창구 도계로60번길 5-18,39,35.258162156933,128.637815591765,kakao,point,명곡동
CC0021,어린이집,예림어린이집,의창구,명곡동,명서동,4812153000,"경상남도 창원시 의창구 도계로 135 관리동1층(명서동,두산위브아파트)",경남 창원시 의창구 도계로 135,43,35.2531379615303,128.643057908581,kakao,point,명곡동
CC0022,어린이집,키즈숲어린이집,의창구,명곡동,도계동,4812153000,경상남도 창원시 의창구 원이대로69번길 6-5 1층 (도계동),경남 창원시 의창구 원이대로69번길 6-5,34,35.2566278225116,128.636264194093,kakao,point,명곡동
CC0023,어린이집,하버드영재어린이집,의창구,명곡동,도계동,4812153000,"경상남도 창원시 의창구 태복산로7번길 36 102호, 103호 (도계동, 형제골든빌라)",경남 창원시 의창구 태복산로7번길 36,33,35.2555312764565,128.637159022874,kakao,point,명곡동
CC0024,어린이집,행복한아이어린이집,의창구,명곡동,도계동,4812153000,경상남도 창원시 의창구 원이대로69번길 6-11 (도계동),경남 창원시 의창구 원이대로69번길 6-11,31,35.2564094208701,128.636433401379,kakao,point,명곡동
CC0025,어린이집,나무향기어린이집,의창구,명곡동,명서동,4812153000,경상남도 창원시 의창구 명서로123번길 8 (명서동),경남 창원시 의창구 명서로123번길 8,20,35.24594533264,128.648178459082,kakao,point,명곡동
CC0026,어린이집,샘물어린이집,의창구,명곡동,명서동,4812153000,경상남도 창원시 의창구 명서로 72 (명서동),경남 창원시 의창구 명서로 72,20,35.2508723228406,128.648124390926,kakao,point,명곡동
CC0027,어린이집,성신어린이집,의창구,명곡동,명서동,4812153000,경상남도 창원시 의창구 지귀로 37 (명서동),경남 창원시 의창구 지귀로 37,12,35.246636534989,128.650587367577,kakao,point,명곡동
CC0028,어린이집,소망어린이집,의창구,명곡동,명서동,4812153000,경상남도 창원시 의창구 명지로93번길 6-1,경남 창원시 의창구 명지로93번길 6-1,20,35.2489453723534,128.648604369323,kakao,point,명곡동
CC0029,어린이집,신나는어린이집,의창구,명곡동,명서동,4812153000,경상남도 창원시 의창구 우곡로85번길 13-1,경남 창원시 의창구 우곡로85번길 13-1,20,35.2458305115432,128.641071314989,kakao,point,명곡동
CC0030,어린이집,파티마어린이집,의창구,명곡동,명서동,4812153000,"경상남도 창원시 의창구 창이대로 45 (명서동,창원파티마병원)",경남 창원시 의창구 창이대로 45,60,35.2372421834462,128.644485942945,kakao,point,명곡동
CC0031,어린이집,창원시립 봉곡어린이집,의창구,봉림동,봉곡동,4812154000,경상남도 창원시 의창구 창이대로 195 (봉곡동),경남 창원시 의창구 창이대로 195,110,35.2449763154951,128.658712188068,kakao,point,봉림동
CC0032,어린이집,창원시립 사림어린이집,의창구,봉림동,사림동,4812154000,경상남도 창원시 의창구 창이대로397번길 17,경남 창원시 의창구 창이대로397번길 17,94,35.2444811180359,128.680686123856,kakao,point,봉림동
CC0033,어린이집,성아어린이집,의창구,봉림동,봉곡동,4812154000,경상남도 창원시 의창구 창이대로309번길 54 (봉곡동),경남 창원시 의창구 창이대로309번길 54,135,35.2496156582168,128.668533476123,kakao,point,봉림동
CC0034,어린이집,새창원교회부설어린이집,의창구,봉림동,사림동,4812154000,경상남도 창원시 의창구 사림로149번길 42 (사림동),경남 창원시 의창구 사림로149번길 42,90,35.241434817743,128.689810193498,kakao,point,봉림동
CC0035,어린이집,자연봄어린이집,의창구,봉림동,봉림동,4812154000,경상남도 창원시 의창구 대봉로 25 휴먼시아2단지 복지동,경남 창원시 의창구 대봉로 25,39,35.2514094216386,128.666534117493,kakao,point,봉림동
CC0036,어린이집,꿀벌어린이집,의창구,봉림동,사림동,4812154000,경상남도 창원시 의창구 사림로45번길 14-19,경남 창원시 의창구 사림로45번길 14-19,20,35.2481906812054,128.679214437121,kakao,point,봉림동
CC0037,어린이집,다정어린이집,의창구,봉림동,봉곡동,4812154000,경상남도 창원시 의창구 창이대로187번길 35-8,경남 창원시 의창구 창이대로187번길 35-8,20,35.2462941694763,128.655718378848,kakao,point,봉림동
CC0038,어린이집,은비어린이집,의창구,봉림동,봉곡동,4812154000,경상남도 창원시 의창구 봉곡로 43 (봉곡동),경남 창원시 의창구 봉곡로 43,20,35.2493914704161,128.66411407729,kakao,point,봉림동
CC0039,어린이집,피닉스자연숲어린이집,의창구,봉림동,봉림동,4812154000,경상남도 창원시 의창구 대봉로 27 엘에이치피닉스포레주민복지관3단지,경남 창원시 의창구 대봉로 27,20,35.2520041163671,128.666659782885,kakao,point,봉림동
CC0040,어린이집,휴먼어린이집,의창구,봉림동,봉곡동,4812154000,경상남도 창원시 의창구 봉곡로 55 (봉곡동),경남 창원시 의창구 봉곡로 55,20,35.249419841172,128.665484197646,kakao,point,봉림동
CC0041,어린이집,경상남도청어린이집,의창구,봉림동,사림동,4812154000,경상남도 창원시 의창구 상남로 318,경남 창원시 의창구 상남로 318,133,35.2383072621417,128.69592812452,kakao,point,봉림동
CC0042,어린이집,국립창원대학교 직장어린이집,의창구,봉림동,퇴촌동,4812154000,경상남도 창원시 의창구 창원대학로 20 (사림동),경남 창원시 의창구 창원대학로 20,94,35.2459596336655,128.694816891338,kakao,point,봉림동
CC0043,어린이집,미래나무어린이집,의창구,봉림동,봉곡동,4812154000,경상남도 창원시 의창구 봉곡로24번길 9,경남 창원시 의창구 봉곡로24번길 9,300,35.2480118653948,128.664436552853,kakao,point,봉림동
CC0044,어린이집,창원시립 감계아내어린이집,의창구,북면,북면 감계리,4812131000,경상남도 창원시 의창구 북면 감계로 342 덕산아내에코프리미엄2차아파트,경남 창원시 의창구 북면 감계로 342,44,35.3018875666604,128.597232463567,kakao,point,북면
CC0045,어린이집,창원시립 감계은빛어린이집,의창구,북면,북면 감계리,4812131000,경상남도 창원시 의창구 동전로 86 110동 103호(창원 감계 힐스테이트 1차),경남 창원시 의창구 북면 동전로 86,20,35.3036054414051,128.597773809206,kakao,point,북면
CC0046,어린이집,창원시립 무동별빛어린이집,의창구,북면,북면 무동리,4812131000,경상남도 창원시 의창구 무동안길 31 실제지번 무동리 345번지,경남 창원시 의창구 북면 무동안길 31,80,35.3171337782027,128.577934968491,kakao,point,북면
CC0047,어린이집,창원시립 무동어린이집,의창구,북면,북면 무동리,4812131000,경상남도 창원시 의창구 북면 무동서로 24 무동센텀파라디아아파트,경남 창원시 의창구 북면 무동서로 24,69,35.3190708265635,128.580283590605,kakao,point,북면
CC0048,어린이집,창원시립 북면어린이집,의창구,북면,북면 신촌리,4812131000,경상남도 창원시 의창구 북면 천주로1128번길 7 북면어린이집,경남 창원시 의창구 북면 천주로1128번길 7,92,35.35069744182,128.60897054301,kakao,point,북면
CC0049,어린이집,창원시립 빈세앙어린이집,의창구,북면,북면 감계리,4812131000,경상남도 창원시 의창구 북면 감계로 222 천수림아파트 내,경남 창원시 의창구 북면 감계로 222,58,35.3012315533586,128.586966955223,kakao,point,북면
CC0050,어린이집,창원시립 예그린어린이집,의창구,북면,북면 무동리,4812131000,경상남도 창원시 의창구 무동서로 76 창원무동 STX KAN 1차,경남 창원시 의창구 북면 무동서로 76,52,35.3226501680936,128.582463434212,kakao,point,북면
CC0051,어린이집,창원시립 예쁜아이어린이집,의창구,북면,북면 감계리,4812131000,경상남도 창원시 의창구 감계로 277 창원감계아내에코프리미엄 107동,경남 창원시 의창구 북면 감계로 277,53,35.3039458671165,128.590114589777,kakao,point,북면
CC0052,어린이집,창원시립 포레힐스데시앙어린이집,의창구,북면,북면 감계리,4812131000,경상남도 창원시 의창구 감계로187번길 9,경남 창원시 의창구 북면 감계로187번길 9,78,35.2981205228107,128.584658697606,kakao,point,북면
CC0053,어린이집,바른손어린이집,의창구,북면,북면 무곡리,4812131000,경상남도 창원시 의창구 북면 천주로840번길 23,경남 창원시 의창구 북면 천주로840번길 23,49,35.3291380840541,128.603495434273,kakao,point,북면
CC0054,어린이집,즐거운성아어린이집,의창구,북면,북면 신촌리,4812131000,경상남도 창원시 의창구 북면 천주로 1251,경남 창원시 의창구 북면 천주로 1251,108,35.3585690833057,128.616801845879,kakao,point,북면
CC0055,어린이집,나무와샘어린이집,의창구,북면,북면 무동리,4812131000,경상남도 창원시 의창구 북면 동곡로 33 103동 103호(휴먼빌1단지아파트),경남 창원시 의창구 북면 동곡로 33,39,35.319148536269,128.583160831975,kakao,point,북면
CC0056,어린이집,무동애플키즈어린이집,의창구,북면,북면 무동리,4812131000,경상남도 창원시 의창구 북면 무동로226번길 19 창원무동지구 휴먼빌아파트 3단지내,경남 창원시 의창구 북면 무동로226번길 19,21,35.3178613927475,128.583010939023,kakao,point,북면
CC0057,어린이집,숲속하늘빛어린이집,의창구,북면,북면 무동리,4812131000,경상남도 창원시 의창구 북면 동곡로 35 복리동(휴먼빌2단지아파트),경남 창원시 의창구 북면 동곡로 35,26,35.3202538511807,128.584442735525,kakao,point,북면
CC0058,어린이집,아라숲어린이집,의창구,북면,북면 감계리,4812131000,경상남도 창원시 의창구 북면 감계로 233 감계힐스테이트 4차 복지시설,경남 창원시 의창구 북면 감계로 233,65,35.3026690822443,128.582815061682,kakao,point,북면
CC0059,어린이집,지안어린이집,의창구,북면,북면 무동리,4812131000,경상남도 창원시 의창구 북면 무동로267번길 10 창원무동STX KAN2차 아파트내,경남 창원시 의창구 북면 무동로267번길 10,42,35.3159126050153,128.579033758294,kakao,point,북면
CC0060,어린이집,키즈엘리스숲어린이집,의창구,북면,북면 동전리,4812131000,경상남도 창원시 의창구 북면 동전로 179-39,경남 창원시 의창구 북면 동전로 179-39,160,35.310724559835,128.595943809304,kakao,point,북면
CC0061,어린이집,키즈힐스어린이집,의창구,북면,북면 감계리,4812131000,경상남도 창원시 의창구 북면 동전로 86 감계힐스테이트 1차 내,경남 창원시 의창구 북면 동전로 86,60,35.3036054414051,128.597773809206,kakao,point,북면
CC0062,어린이집,푸르지오어린이집,의창구,북면,북면 감계리,4812131000,경상남도 창원시 의창구 북면 감계로 221 (감계푸르지오아파트 관리동),경남 창원시 의창구 북면 감계로 221,45,35.3012178229264,128.58517619947,kakao,point,북면
CC0063,어린이집,휴먼빌어린이집,의창구,북면,북면 감계리,4812131000,경상남도 창원시 의창구 북면 감계로 297 감계지구 휴먼빌아파트 내,경남 창원시 의창구 북면 감계로 297,49,35.3043566393246,128.595239347987,kakao,point,북면
CC0064,어린이집,힐스뜰어린이집,의창구,북면,북면 감계리,4812131000,경상남도 창원시 의창구 북면 감계로 259 창원감계힐스테이트 3차 관리동,경남 창원시 의창구 북면 감계로 259,42,35.3025584933037,128.589609880691,kakao,point,북면
CC0065,어린이집,힐스아이어린이집,의창구,북면,북면 감계리,4812131000,경상남도 창원시 의창구 북면 감계로 341 관리동 (창원 감계 힐스테이트 2차),경남 창원시 의창구 북면 감계로 341,48,35.3038179212773,128.598246428395,kakao,point,북면
CC0066,어린이집,꼬마숲어린이집,의창구,북면,북면 감계리,4812131000,경상남도 창원시 의창구 북면 감계로 259 303동 101호(감계힐스테이트3차),경남 창원시 의창구 북면 감계로 259,20,35.3025584933037,128.589609880691,kakao,point,북면
CC0067,어린이집,꿈땅어린이집,의창구,북면,북면 감계리,4812131000,경상남도 창원시 의창구 북면 동전로 86 110동 101호(창원감계지구힐스테이트1차),경남 창원시 의창구 북면 동전로 86,20,35.3036054414051,128.597773809206,kakao,point,북면
CC0068,어린이집,다인어린이집,의창구,북면,북면 감계리,4812131000,경상남도 창원시 의창구 북면 동전로 86 111동 102호(창원감계지구힐스테이트1차),경남 창원시 의창구 북면 동전로 86,20,35.3036054414051,128.597773809206,kakao,point,북면
CC0069,어린이집,다하어린이집,의창구,북면,북면 감계리,4812131000,경상남도 창원시 의창구 북면 감계로 233 창원감계힐스테이트 4차 405동 103호,경남 창원시 의창구 북면 감계로 233,20,35.3026690822443,128.582815061682,kakao,point,북면
CC0070,어린이집,라니어린이집,의창구,북면,북면 감계리,4812131000,경상남도 창원시 의창구 북면 감계로 277 105동 103호(창원감계아내에코프리미엄),경남 창원시 의창구 북면 감계로 277,20,35.3039458671165,128.590114589777,kakao,point,북면
CC0071,어린이집,라별어린이집,의창구,북면,북면 감계리,4812131000,경상남도 창원시 의창구 북면 감계로 341 힐스테이트2차 210동 104호,경남 창원시 의창구 북면 감계로 341,20,35.3038179212773,128.598246428395,kakao,point,북면
CC0072,어린이집,무동아이별어린이집,의창구,북면,북면 무동리,4812131000,경상남도 창원시 의창구 북면 무동로226번길 19 301동 102호(무동지구휴먼빌3차아파트),경남 창원시 의창구 북면 무동로226번길 19,20,35.3178613927475,128.583010939023,kakao,point,북면
CC0073,어린이집,무지개꼬마숲어린이집,의창구,북면,북면 감계리,4812131000,경상남도 창원시 의창구 북면 감계로 297 105동 103호(창원감계지구휴먼빌아파트),경남 창원시 의창구 북면 감계로 297,20,35.3043566393246,128.595239347987,kakao,point,북면
CC0074,어린이집,별하어린이집,의창구,북면,북면 감계리,4812131000,경상남도 창원시 의창구 북면 감계로 341 힐스테이트2차 204동 101호,경남 창원시 의창구 북면 감계로 341,20,35.3038179212773,128.598246428395,kakao,point,북면
CC0075,어린이집,아가별꽃어린이집,의창구,북면,북면 감계리,4812131000,경상남도 창원시 의창구 감계로 277 109동 104호(창원감계아내에코프리미엄),경남 창원시 의창구 북면 감계로 277,20,35.3039458671165,128.590114589777,kakao,point,북면
CC0076,어린이집,아이꽃어린이집,의창구,북면,북면 무동리,4812131000,경상남도 창원시 의창구 북면 동곡로 35 205동 104호(창원무동지구휴멀빌아파트2단지),경남 창원시 의창구 북면 동곡로 35,20,35.3202538511807,128.584442735525,kakao,point,북면
CC0077,어린이집,재미난어린이집,의창구,북면,북면 감계리,4812131000,경상남도 창원시 의창구 북면 감계로 341 힐스테이트2차 209동 101호,경남 창원시 의창구 북면 감계로 341,15,35.3038179212773,128.598246428395,kakao,point,북면
CC0078,어린이집,행복한어린이집,의창구,북면,북면 상천리,4812131000,경상남도 창원시 의창구 북면 온천로 528,경남 창원시 의창구 북면 온천로 528,20,35.3590737945429,128.577991061244,kakao,point,북면
CC0079,어린이집,힐스도담어린이집,의창구,북면,북면 감계리,4812131000,경상남도 창원시 의창구 북면 감계로 233 창원감계힐스테이트 4차 404동 103호,경남 창원시 의창구 북면 감계로 233,20,35.3026690822443,128.582815061682,kakao,point,북면
CC0080,어린이집,창원시립 유니시티1단지어린이집,의창구,의창동,중동,4812151000,"경상남도 창원시 의창구 중동로 34 (중동,창원중동유니시티1단지)",경남 창원시 의창구 중동로 34,82,35.2547175932958,128.626231704119,kakao,point,의창동
CC0081,어린이집,창원시립 유니시티2단지어린이집,의창구,의창동,중동,4812151000,"경상남도 창원시 의창구 중동로 33 (중동, 창원중동유니시티2단지)",경남 창원시 의창구 중동로 33,80,35.2558518094659,128.627509755732,kakao,point,의창동
CC0082,어린이집,창원시립 유니시티3단지어린이집,의창구,명곡동,중동,4812153000,"경상남도 창원시 의창구 중동로 77 ,302동(중동,창원중동유니시티3단지)",경남 창원시 의창구 중동로 77,84,35.2560183190756,128.632008043113,kakao,point,의창동
CC0083,어린이집,창원시립 유니시티4단지어린이집,의창구,명곡동,중동,4812153000,"경상남도 창원시 의창구 중동로 78 403동(중동, 창원중동유니시티4단지)",경남 창원시 의창구 중동로 78,77,35.2547055381178,128.62941164714,kakao,point,의창동
CC0084,어린이집,창원시립 의안어린이집,의창구,의창동,중동,4812151000,경상남도 창원시 의창구 중동남로 8 창원시립의안어린이집,경남 창원시 의창구 중동남로 8,70,35.2532372194837,128.621123262704,kakao,point,의창동
CC0085,어린이집,다숲어린이집,의창구,의창동,서상동,4812151000,경상남도 창원시 의창구 팔용로 512 대동다숲아파트 복리동 1층 (서상동),경남 창원시 의창구 팔용로 512,23,35.2610210936584,128.619938884659,kakao,point,의창동
CC0086,어린이집,소답어린이집,의창구,의창동,소답동,4812151000,"경상남도 창원시 의창구 의안로56번길 20 국도아트빌상가 101, 102호 (소답동)",경남 창원시 의창구 의안로56번길 20,38,35.2664532963296,128.626085477842,kakao,point,의창동
CC0087,어린이집,오즈놀이스쿨어린이집,의창구,의창동,북동,4812151000,경상남도 창원시 의창구 의안로59번길 22 (북동),경남 창원시 의창구 의안로59번길 22,70,35.2670705151491,128.621549274461,kakao,point,의창동
CC0088,어린이집,창원어린이집,의창구,의창동,소답동,4812151000,경상남도 창원시 의창구 의안로59번길 6 (소답동) 1층,경남 창원시 의창구 의안로59번길 6,21,35.2673521627116,128.623516701617,kakao,point,의창동
CC0089,어린이집,코끼리영재어린이집,의창구,의창동,소답동,4812151000,경상남도 창원시 의창구 의안로44번길 27-2,경남 창원시 의창구 의안로44번길 27-2,110,35.2658113695543,128.627183585462,kakao,point,의창동
CC0090,어린이집,큰별예나어린이집,의창구,의창동,소답동,4812151000,경상남도 창원시 의창구 의안로32번길 7 1층 (소답동),경남 창원시 의창구 의안로32번길 7,38,35.2645826033027,128.624665541891,kakao,point,의창동
CC0091,어린이집,아이도담어린이집,의창구,의창동,중동,4812151000,경상남도 창원시 의창구 의안로27번길 2 에이스빌라 101호 (중동),경남 창원시 의창구 의안로27번길 2,20,35.2640686961571,128.62366095345,kakao,point,의창동
CC0092,어린이집,행복어린이집,의창구,의창동,소계동,4812151000,경상남도 창원시 의창구 금강로379번길 49-6,경남 창원시 의창구 금강로379번길 49-6,20,35.2607599825505,128.598416418663,kakao,point,의창동
CC0093,어린이집,창원시립 힐스아티움어린이집,의창구,팔룡동,팔용동,4812152000,"경상남도 창원시 의창구 창원대로397번길 11 103동 1층(팔용동,힐스테이트 아티움시티)",경남 창원시 의창구 창원대로397번길 11,65,35.2359730407647,128.641920500113,kakao,point,팔룡동
CC0094,어린이집,세계어린이집,의창구,팔룡동,팔용동,4812152000,경상남도 창원시 의창구 남산로9번길 45 (팔용동),경남 창원시 의창구 남산로9번길 45,40,35.2612430589657,128.615741094345,kakao,point,팔룡동
CC0095,어린이집,보광어린이집,의창구,팔룡동,팔용동,4812152000,경상남도 창원시 의창구 의창대로180번길 5 (팔용동) 198-4,경남 창원시 의창구 의창대로180번길 5,28,35.2609575262474,128.617570506808,kakao,point,팔룡동
CC0096,어린이집,예명산새소리어린이집,의창구,팔룡동,팔용동,4812152000,경상남도 창원시 의창구 반계로 101 대동중앙아파트 복지관 2층,경남 창원시 의창구 반계로 101,78,35.254760041145,128.615225876439,kakao,point,팔룡동
CC0097,어린이집,큰한샘어린이집,의창구,팔룡동,팔용동,4812152000,경상남도 창원시 의창구 의창대로116번길 21-3,경남 창원시 의창구 의창대로116번길 21-3,79,35.2596119370374,128.613181435673,kakao,point,팔룡동
CC0098,어린이집,한샘어린이집,의창구,팔룡동,팔용동,4812152000,"경상남도 창원시 의창구 남산로 20 310동 1층(팔용동, 원풍벽산아파트)",경남 창원시 의창구 남산로 20,57,35.2586122243799,128.6123014055,kakao,point,팔룡동
CC0099,어린이집,햇님어린이집,의창구,팔룡동,팔용동,4812152000,경상남도 창원시 의창구 남산로9번길 32-1,경남 창원시 의창구 남산로9번길 32-1,92,35.2610417354333,128.614424047024,kakao,point,팔룡동
CC0100,어린이집,꼬망쎄어린이집,의창구,팔룡동,팔용동,4812152000,"경상남도 창원시 의창구 반계로 104-8 107동 102호(팔용동, 원풍벽산아파트)",경남 창원시 의창구 반계로 104-8,20,35.2532189975817,128.617940132864,kakao,point,팔룡동
CC0101,어린이집,꿈나래어린이집,의창구,팔룡동,팔용동,4812152000,"경상남도 창원시 의창구 반계로 104-8 107동 103호(팔용동, 원풍벽산아파트)",경남 창원시 의창구 반계로 104-8,19,35.2532189975817,128.617940132864,kakao,point,팔룡동
CC0102,어린이집,꿈쟁이어린이집,의창구,팔룡동,팔용동,4812152000,"경상남도 창원시 의창구 팔용로 446 106동 107호(팔용동, 극동아파트)",경남 창원시 의창구 팔용로 446,18,35.2546643402138,128.614009693406,kakao,point,팔룡동
CC0103,어린이집,누리천사어린이집,의창구,팔룡동,팔용동,4812152000,"경상남도 창원시 의창구 팔용로 446 101동 108호(팔용동,극동아파트)",경남 창원시 의창구 팔용로 446,20,35.2546643402138,128.614009693406,kakao,point,팔룡동
CC0104,어린이집,동화어린이집,의창구,팔룡동,팔용동,4812152000,경상남도 창원시 의창구 반계로 104-21 104동 105호(팔용동),경남 창원시 의창구 반계로 104-21,19,35.2534998092746,128.619644939152,kakao,point,팔룡동
CC0105,어린이집,배꼽또래어린이집,의창구,팔룡동,팔용동,4812152000,경상남도 창원시 의창구 반계로 104-8 106동 103호(벽산블루밍아파트B단지),경남 창원시 의창구 반계로 104-8,17,35.2532189975817,128.617940132864,kakao,point,팔룡동
CC0106,어린이집,벽산어린이집,의창구,팔룡동,팔용동,4812152000,"경상남도 창원시 의창구 반계로 98 109동 102호(팔용동, 원풍벽산아파트)",경남 창원시 의창구 반계로 98,17,35.2537225906092,128.616484712644,kakao,point,팔룡동
CC0107,어린이집,새하얀어린이집,의창구,팔룡동,팔용동,4812152000,"경상남도 창원시 의창구 반계로 110 205동 102호(팔용동, 벽산블루밍아파트A단지)",경남 창원시 의창구 반계로 110,19,35.2547061407493,128.617297396425,kakao,point,팔룡동
CC0108,어린이집,큰자람어린이집,의창구,팔룡동,팔용동,4812152000,"경상남도 창원시 의창구 반계로 98 117동 102호(팔용동, 원풍벽산아파트)",경남 창원시 의창구 반계로 98,19,35.2537225906092,128.616484712644,kakao,point,팔룡동
CC0109,어린이집,키콕스 꿈드림 어린이집,의창구,팔룡동,팔용동,4812152000,경상남도 창원시 의창구 차룡로48번길 62,경남 창원시 의창구 차룡로48번길 62,53,35.2403232181184,128.633265652012,kakao,point,팔룡동
CC0110,어린이집,창원시립 가음꿈에그린어린이집,성산구,가음정동,가음동,4812355000,경상남도 창원시 성산구 원이대로878번길 9 창원가음꿈에그린아파트 관리동,경남 창원시 성산구 원이대로878번길 9,65,35.2091838110034,128.692882664331,kakao,point,가음정동
CC0111,어린이집,창원시립 가음더샵어린이집,성산구,가음정동,가음동,4812355000,경상남도 창원시 성산구 원이대로863번길 19 더샵센터럴파크2단지아파트 관리동,경남 창원시 성산구 원이대로863번길 19,65,35.2091374207354,128.697649307265,kakao,point,가음정동
CC0112,어린이집,창원시립 가음어린이집,성산구,가음정동,가음동,4812355000,경상남도 창원시 성산구 가양로56번길 18,경남 창원시 성산구 가양로56번길 18,140,35.2057171926003,128.701809228081,kakao,point,가음정동
CC0113,어린이집,창원시립 센텀푸르지오어린이집,성산구,가음정동,가음동,4812355000,"경상남도 창원시 성산구 가음정로 59 (가음동, 창원센텀푸르지오아파트)",경남 창원시 성산구 가음정로 59,75,35.2083863980488,128.690955810184,kakao,point,가음정동
CC0114,어린이집,창원시립 조은어린이집,성산구,가음정동,남양동,4812355000,경상남도 창원시 성산구 대정로 100 개나리3차아파트 복리동 1층,경남 창원시 성산구 대정로 100,39,35.2109673229264,128.702937401613,kakao,point,가음정동
CC0115,어린이집,창원시립 창원YWCA어린이집,성산구,가음정동,가음동,4812355000,경상남도 창원시 성산구 대정로20번길 11 1층,경남 창원시 성산구 대정로20번길 11,114,35.2061564698212,128.699125915863,kakao,point,가음정동
CC0116,어린이집,근로복지공단 창원어린이집,성산구,가음정동,남양동,4812355000,경상남도 창원시 성산구 대암로 32-15,경남 창원시 성산구 대암로 32-15,268,35.213395966518,128.700556219213,kakao,point,가음정동
CC0117,어린이집,더샵늘푸른어린이집,성산구,가음정동,가음동,4812355000,경상남도 창원시 성산구 원이대로863번길 7 더샵센트럴파크3단지아파트 관리동,경남 창원시 성산구 원이대로863번길 7,53,35.2096723770764,128.696319143169,kakao,point,가음정동
CC0118,어린이집,더샵어린이집,성산구,가음정동,가음동,4812355000,경상남도 창원시 성산구 대정로40번길 7 창원더샵센트럴파크 1단지 관리동,경남 창원시 성산구 대정로40번길 7,51,35.2080061926996,128.6996799968,kakao,point,가음정동
CC0119,어린이집,솔라어린이집,성산구,가음정동,남양동,4812355000,경상남도 창원시 성산구 대정로 99 성원2차아파트 관리동 2층,경남 창원시 성산구 대정로 99,27,35.2114225475062,128.702846324091,kakao,point,가음정동
CC0120,어린이집,하늘빛어린이집,성산구,가음정동,남양동,4812355000,경상남도 창원시 성산구 가양로 97 개나리4차 복지동2층,경남 창원시 성산구 가양로 97,39,35.2091950057862,128.703813539868,kakao,point,가음정동
CC0121,어린이집,동화속어린이집,성산구,가음정동,남양동,4812355000,"경상남도 창원시 성산구 대정로 73 109동 103호(남양동, 성원1차아파트)",경남 창원시 성산구 대정로 73,18,35.2115144000928,128.700447461845,kakao,point,가음정동
CC0122,어린이집,맑은숲어린이집,성산구,가음정동,남양동,4812355000,"경상남도 창원시 성산구 대정로 84 204동 102호(남양동,피오르빌아파트)",경남 창원시 성산구 대정로 84,11,35.2091976362463,128.700633691583,kakao,point,가음정동
CC0123,어린이집,아기별어린이집,성산구,가음정동,남양동,4812355000,"경상남도 창원시 성산구 대정로 73 111동 105호(남양동, 성원1차아파트)",경남 창원시 성산구 대정로 73,18,35.2115144000928,128.700447461845,kakao,point,가음정동
CC0124,어린이집,아이마중어린이집,성산구,가음정동,가음동,4812355000,경상남도 창원시 성산구 가양로34번길 9-5,경남 창원시 성산구 가양로34번길 9-5,20,35.2050174850343,128.699936455575,kakao,point,가음정동
CC0125,어린이집,여우오줌어린이집,성산구,가음정동,남양동,4812355000,"경상남도 창원시 성산구 대암로 56-1 6동 104호(남양동, 롯데아파트)",경남 창원시 성산구 대암로 56-1,20,35.214197765992,128.702512476959,kakao,point,가음정동
CC0126,어린이집,존조리어린이집,성산구,가음정동,남양동,4812355000,"경상남도 창원시 성산구 대암로 60 6동 103호(남양동, 상남동성아파트)",경남 창원시 성산구 대암로 60,20,35.2146003695465,128.702945976602,kakao,point,가음정동
CC0127,어린이집,창원코알라어린이집,성산구,가음정동,가음동,4812355000,경상남도 창원시 성산구 원이대로883번길 6 6동 105호,경남 창원시 성산구 원이대로883번길 6,11,35.2072995436345,128.694640827176,kakao,point,가음정동
CC0128,어린이집,청솔어린이집,성산구,가음정동,남양동,4812355000,"경상남도 창원시 성산구 대정로 73 102동 101호(남양동, 성원1차아파트)",경남 창원시 성산구 대정로 73,19,35.2115144000928,128.700447461845,kakao,point,가음정동
CC0129,어린이집,토마토어린이집,성산구,가음정동,남양동,4812355000,"경상남도 창원시 성산구 대정로 99 205동 102호(남양동, 성원2차아파트)",경남 창원시 성산구 대정로 99,20,35.2114225475062,128.702846324091,kakao,point,가음정동
CC0130,어린이집,팝콘어린이집,성산구,가음정동,남양동,4812355000,"경상남도 창원시 성산구 대암로 64 3동 106호 (남양동,상남동성아파트)",경남 창원시 성산구 대암로 64,19,35.213937217347,128.703166355558,kakao,point,가음정동
CC0131,어린이집,LG전자창원어린이집,성산구,가음정동,가음정동,4812355000,경상남도 창원시 성산구 성산패총로178번길 6 (가음정동),경남 창원시 성산구 성산패총로178번길 6,90,35.206717250678,128.687894888884,kakao,point,가음정동
CC0132,어린이집,창원시립 반송어린이집,성산구,반송동,반림동,4812351000,경상남도 창원시 성산구 원이대로473번길 19-14 창원시립반송어린이집(14-1번지),경남 창원시 성산구 원이대로473번길 19-14,95,35.2358298524995,128.669543020891,kakao,point,반송동
CC0133,어린이집,노블파크어린이집,성산구,반송동,반림동,4812351000,경상남도 창원시 성산구 반송로 106 노블파크아파트내 복지동,경남 창원시 성산구 반송로 106,54,35.2378503860223,128.667392671865,kakao,point,반송동
CC0134,어린이집,에덴어린이집,성산구,반송동,반림동,4812351000,경상남도 창원시 성산구 외동반림로 245 (반림동),경남 창원시 성산구 외동반림로 245,50,35.2392142983983,128.679175002219,kakao,point,반송동
CC0135,어린이집,트리비앙 미소어린이집,성산구,반송동,반림동,4812351000,경상남도 창원시 성산구 원이대로 495 트리비앙아파트 복리동 1층 (반림동),경남 창원시 성산구 원이대로 495,57,35.2333268971177,128.673698712421,kakao,point,반송동
CC0136,어린이집,럭키해뜰어린이집,성산구,반송동,반림동,4812351000,"경상남도 창원시 성산구 반송로 105 8동 106호(반림동, 럭키반림3차아파트)",경남 창원시 성산구 반송로 105,19,35.2387919361731,128.668925537975,kakao,point,반송동
CC0137,어린이집,루리어린이집,성산구,반송동,반림동,4812351000,"경상남도 창원시 성산구 원이대로 495 215동 101호(반림동, 트리비앙아파트)",경남 창원시 성산구 원이대로 495,20,35.2333268971177,128.673698712421,kakao,point,반송동
CC0138,어린이집,민트어린이집,성산구,반송동,반림동,4812351000,"경상남도 창원시 성산구 원이대로 449 122동 101호(반림동, 노블파크아파트)",경남 창원시 성산구 원이대로 449,20,35.2379828949569,128.666036142901,kakao,point,반송동
CC0139,어린이집,새새순어린이집,성산구,반송동,반지동,4812351000,경상남도 창원시 성산구 반지로 74,경남 창원시 성산구 반지로 74,20,35.2428929998901,128.664884373798,kakao,point,반송동
CC0140,어린이집,소담어린이집,성산구,반송동,반지동,4812351000,"경상남도 창원시 성산구 창원천로 292 101동 104호(반지동, 반송대동그린파크2차아파트)",경남 창원시 성산구 창원천로 292,16,35.2449735142223,128.669890095621,kakao,point,반송동
CC0141,어린이집,슬기어린이집,성산구,반송동,반림동,4812351000,"경상남도 창원시 성산구 반송로 105 16동 101호(반림동, 럭키반림3차아파트)",경남 창원시 성산구 반송로 105,20,35.2387919361731,128.668925537975,kakao,point,반송동
CC0142,어린이집,아이뽀어린이집,성산구,반송동,반림동,4812351000,"경상남도 창원시 성산구 원이대로 449 125동 107호(반림동, 노블파크아파트)",경남 창원시 성산구 원이대로 449,20,35.2379828949569,128.666036142901,kakao,point,반송동
CC0143,어린이집,아이친구어린이집,성산구,반송동,반림동,4812351000,"경상남도 창원시 성산구 외동반림로 219 101동 104호(반림동, 현대4차아파트)",경남 창원시 성산구 외동반림로 219,19,35.2389088714804,128.676705701823,kakao,point,반송동
CC0144,어린이집,예랑어린이집,성산구,반송동,반림동,4812351000,"경상남도 창원시 성산구 원이대로 495 226동 102호(반림동, 트리비앙아파트)",경남 창원시 성산구 원이대로 495,14,35.2333268971177,128.673698712421,kakao,point,반송동
CC0145,어린이집,웃는아이어린이집,성산구,반송동,반림동,4812351000,"경상남도 창원시 성산구 원이대로 495 206동 101호(반림동, 트리비앙아파트)",경남 창원시 성산구 원이대로 495,20,35.2333268971177,128.673698712421,kakao,point,반송동
CC0146,어린이집,작은별어린이집,성산구,반송동,반지동,4812351000,경상남도 창원시 성산구 충혼로175번길 11-1,경남 창원시 성산구 충혼로175번길 11-1,20,35.2402236416446,128.664461258179,kakao,point,반송동
CC0147,어린이집,좋은어린이집,성산구,반송동,반지동,4812351000,"경상남도 창원시 성산구 창원천로 288 110동 103호(반지동, 반송대동그린파크2차아파트)",경남 창원시 성산구 창원천로 288,19,35.2452763456527,128.669757886977,kakao,point,반송동
CC0148,어린이집,참빛어린이집,성산구,반송동,반림동,4812351000,"경상남도 창원시 성산구 반송로 159 204동 101호(반림동, 현대2차아파트)",경남 창원시 성산구 반송로 159,19,35.2380516567106,128.673859397374,kakao,point,반송동
CC0149,어린이집,트리키즈어린이집,성산구,반송동,반림동,4812351000,"경상남도 창원시 성산구 원이대로 495 210동 103호(반림동, 트리비앙아파트)",경남 창원시 성산구 원이대로 495,20,35.2333268971177,128.673698712421,kakao,point,반송동
CC0150,어린이집,푸른초장 어린이집,성산구,반송동,반림동,4812351000,"경상남도 창원시 성산구 반송로 177 201동 102호(반림동, 현대2차아파트)",경남 창원시 성산구 반송로 177,19,35.2377597370357,128.67526711791,kakao,point,반송동
CC0151,어린이집,하나둘셋어린이집,성산구,반송동,반림동,4812351000,"경상남도 창원시 성산구 원이대로 449 123동 106호(반림동, 노블파크아파트)",경남 창원시 성산구 원이대로 449,20,35.2379828949569,128.666036142901,kakao,point,반송동
CC0152,어린이집,해솔어린이집,성산구,반송동,반지동,4812351000,경상남도 창원시 성산구 창원천로144번길 14-1,경남 창원시 성산구 창원천로144번길 14-1,20,35.2416554882797,128.655877163134,kakao,point,반송동
CC0153,어린이집,햇살가득어린이집,성산구,반송동,반림동,4812351000,경상남도 창원시 성산구 반송로 105 13동 103호,경남 창원시 성산구 반송로 105,16,35.2387919361731,128.668925537975,kakao,point,반송동
CC0154,어린이집,차일드-케어센터 희연병원 직장어린이집,성산구,반송동,반지동,4812351000,"경상남도 창원시 성산구 원이대로393번길 25 1층 1002호(반지동,희연빌딩)",경남 창원시 성산구 원이대로393번길 25,20,35.2399624063122,128.662558162498,kakao,point,반송동
CC0155,어린이집,창원시립 대방어린이집,성산구,사파동,대방동,4812354000,경상남도 창원시 성산구 대암로 272 창원시립대방어린이집,경남 창원시 성산구 대암로 272,90,35.2039102156837,128.708637965722,kakao,point,사파동
CC0156,어린이집,창원시립 성산반도유보라어린이집,성산구,사파동,사파정동,4812354000,"경상남도 창원시 성산구 비음로 191 관리동(사파정동,성산반도유보라 아이비파크)",경남 창원시 성산구 비음로 191,41,35.2178319780537,128.70991152913,kakao,point,사파동
CC0157,어린이집,상록어린이집,성산구,사파동,사파동,4812354000,경상남도 창원시 성산구 동산로206번길 18 (사파동),경남 창원시 성산구 동산로206번길 18,68,35.2239880135078,128.698114029437,kakao,point,사파동
CC0158,어린이집,그린숲어린이집,성산구,사파동,대방동,4812354000,"경상남도 창원시 성산구 창이대로881번길 8 203동 1층(대방동, 대동디지털황토방1차아파트)",경남 창원시 성산구 창이대로881번길 8,38,35.2062550646981,128.707388127672,kakao,point,사파동
CC0159,어린이집,대동몬테소리어린이집,성산구,사파동,대방동,4812354000,경상남도 창원시 성산구 대정로 142 대동 A 사회복지동 1층 대동 몬테소리 어린이집,경남 창원시 성산구 대정로 142,55,35.2101450407943,128.709204335219,kakao,point,사파동
CC0160,어린이집,대방신비어린이집,성산구,사파동,대방동,4812354000,경상남도 창원시 성산구 대암로 82 성원3차아파트 관리동,경남 창원시 성산구 대암로 82,54,35.2148401938952,128.706240813652,kakao,point,사파동
CC0161,어린이집,덕산이든어린이집,성산구,사파동,대방동,4812354000,경상남도 창원시 성산구 대정로 131 대방동 덕산1차아파트 복리관 2층,경남 창원시 성산구 대정로 131,22,35.2136189737478,128.706891481493,kakao,point,사파동
CC0162,어린이집,동성피노키오어린이집,성산구,사파동,사파동,4812354000,경상남도 창원시 성산구 창이대로 737 동성아파트 복리관 1층 동성피노키오 어린이집,경남 창원시 성산구 창이대로 737,50,35.2189639383467,128.705022252354,kakao,point,사파동
CC0163,어린이집,아이꿈어린이집,성산구,사파동,대방동,4812354000,경상남도 창원시 성산구 대암로 282 대방동 동성아파트 복리동,경남 창원시 성산구 대암로 282,36,35.2035792069096,128.706880608511,kakao,point,사파동
CC0164,어린이집,킨더하임어린이집,성산구,사파동,대방동,4812354000,경상남도 창원시 성산구 대암로 256 대방그린빌 복리동 1층,경남 창원시 성산구 대암로 256,39,35.205515470619,128.7108643453,kakao,point,사파동
CC0165,어린이집,하늘날다어린이집,성산구,사파동,대방동,4812354000,경상남도 창원시 성산구 대정로 149 개나리1차아파트 관리동,경남 창원시 성산구 대정로 149,24,35.2128567995496,128.707799810397,kakao,point,사파동
CC0166,어린이집,행복어린이집,성산구,사파동,대방동,4812354000,경상남도 창원시 성산구 창이대로881번길 17 103동복리동 대방 대동황토방1차아파트,경남 창원시 성산구 창이대로881번길 17,39,35.2074277712935,128.708700800323,kakao,point,사파동
CC0167,어린이집,동성나라어린이집,성산구,사파동,사파동,4812354000,"경상남도 창원시 성산구 창이대로 733 109동 101호(사파동, 사파동성아파트)",경남 창원시 성산구 창이대로 733,20,35.2194766939923,128.70218850738,kakao,point,사파동
CC0168,어린이집,디딤돌어린이집,성산구,사파동,대방동,4812354000,"경상남도 창원시 성산구 대암로 80 303동 103호(대방동, 성원남산3차아파트)",경남 창원시 성산구 대암로 80,19,35.214999992587,128.705299860616,kakao,point,사파동
CC0169,어린이집,라라어린이집,성산구,사파동,사파동,4812354000,"경상남도 창원시 성산구 동산로 148 8동 106호(사파동, 동양무궁화임대아파트)",경남 창원시 성산구 동산로 148,14,35.2196811136787,128.692998756678,kakao,point,사파동
CC0170,어린이집,시온어린이집,성산구,사파동,대방동,4812354000,"경상남도 창원시 성산구 대정로 131 106동 101호(대방동, 대방덕산타운1차아파트)",경남 창원시 성산구 대정로 131,20,35.2136189737478,128.706891481493,kakao,point,사파동
CC0171,어린이집,코코몽어린이집,성산구,사파동,사파동,4812354000,"경상남도 창원시 성산구 창이대로 737 110동 101호(사파동, 사파동성아파트)",경남 창원시 성산구 창이대로 737,15,35.2189639383467,128.705022252354,kakao,point,사파동
CC0172,어린이집,텔레토비어린이집,성산구,사파동,사파동,4812354000,"경상남도 창원시 성산구 창이대로 733 112동 102호(사파동, 사파동성아파트)",경남 창원시 성산구 창이대로 733,20,35.2194766939923,128.70218850738,kakao,point,사파동
CC0173,어린이집,황금똥 어린이집,성산구,사파동,대방동,4812354000,"경상남도 창원시 성산구 대정로 142 108동 108호(대방동, 대방대동아파트)",경남 창원시 성산구 대정로 142,13,35.2101450407943,128.709204335219,kakao,point,사파동
CC0174,어린이집,경남경찰청어린이집,성산구,사파동,,,경상남도 창원시 성산구 비음로55번길 18-21,경남 창원시 성산구 사파동 41,80,35.22827140334608,128.7031034886183,kakao,point,사파동
CC0175,어린이집,창원법원어린이집,성산구,사파동,사파동,4812354000,경상남도 창원시 성산구 창이대로 681 창원법원어린이집,경남 창원시 성산구 창이대로 681,65,35.2241180525388,128.70148316398,kakao,point,사파동
CC0176,어린이집,창원시립 상남어린이집,성산구,상남동,상남동,4812353000,경상남도 창원시 성산구 마디미로73번길 14,경남 창원시 성산구 마디미로73번길 14,98,35.2187048393595,128.682683605382,kakao,point,상남동
CC0177,어린이집,꿈이룸어린이집,성산구,상남동,상남동,4812353000,경상남도 창원시 성산구 원이대로 774 성원아파트 3단지관리동 1층,경남 창원시 성산구 원이대로 774,31,35.2156229329665,128.691728676136,kakao,point,상남동
CC0178,어린이집,보아라어린이집,성산구,상남동,상남동,4812353000,"경상남도 창원시 성산구 원이대로 774 (상남동, 성원아파트2단지 관리동 1층)",경남 창원시 성산구 원이대로 774,43,35.2156229329665,128.691728676136,kakao,point,상남동
CC0179,어린이집,세아어린이집,성산구,상남동,상남동,4812353000,경상남도 창원시 성산구 원이대로 774 성원아파트 5단지 복지동,경남 창원시 성산구 원이대로 774,46,35.2156229329665,128.691728676136,kakao,point,상남동
CC0180,어린이집,호크마어린이집,성산구,상남동,상남동,4812353000,경상남도 창원시 성산구 동산로 115 대동아파트 116동 탁아상가 C호,경남 창원시 성산구 동산로 115,36,35.2190579361973,128.687615914182,kakao,point,상남동
CC0181,어린이집,대동색동어린이집,성산구,상남동,상남동,4812353000,"경상남도 창원시 성산구 동산로 115 105동 104호(상남동, 대동1차아파트)",경남 창원시 성산구 동산로 115,20,35.2190579361973,128.687615914182,kakao,point,상남동
CC0182,어린이집,대동피노키오어린이집,성산구,상남동,상남동,4812353000,"경상남도 창원시 성산구 동산로 115 110동 102호(상남동, 대동1차아파트)",경남 창원시 성산구 동산로 115,20,35.2190579361973,128.687615914182,kakao,point,상남동
CC0183,어린이집,목화어린이집,성산구,상남동,상남동,4812353000,"경상남도 창원시 성산구 동산로 115 111동 1층(상남동, 대동1차아파트)",경남 창원시 성산구 동산로 115,20,35.2190579361973,128.687615914182,kakao,point,상남동
CC0184,어린이집,봄봄어린이집,성산구,상남동,상남동,4812353000,"경상남도 창원시 성산구 원이대로 774 108동 101호(상남동, 성원3차아파트)",경남 창원시 성산구 원이대로 774,19,35.2156229329665,128.691728676136,kakao,point,상남동
CC0185,어린이집,새하늘어린이집,성산구,상남동,상남동,4812353000,"경상남도 창원시 성산구 동산로 115 104동 102호(상남동, 대동1차아파트)",경남 창원시 성산구 동산로 115,19,35.2190579361973,128.687615914182,kakao,point,상남동
CC0186,어린이집,성원동화나라어린이집,성산구,상남동,상남동,4812353000,"경상남도 창원시 성산구 원이대로 774 307동 104호(상남동, 성원3차아파트)",경남 창원시 성산구 원이대로 774,19,35.2156229329665,128.691728676136,kakao,point,상남동
CC0187,어린이집,성원포동이어린이집,성산구,상남동,상남동,4812353000,"경상남도 창원시 성산구 원이대로 774 105동 102호(상남동, 성원아파트)",경남 창원시 성산구 원이대로 774,20,35.2156229329665,128.691728676136,kakao,point,상남동
CC0188,어린이집,애기똥풀어린이집,성산구,상남동,상남동,4812353000,"경상남도 창원시 성산구 원이대로 774 303동 105호(상남동, 성원3차아파트)",경남 창원시 성산구 원이대로 774,20,35.2156229329665,128.691728676136,kakao,point,상남동
CC0189,어린이집,크는나무어린이집,성산구,상남동,상남동,4812353000,경상남도 창원시 성산구 동산로 115 113동 106호(대동1차아파트),경남 창원시 성산구 동산로 115,19,35.2190579361973,128.687615914182,kakao,point,상남동
CC0190,어린이집,한마음꿈나무어린이집,성산구,상남동,상남동,4812353000,경상남도 창원시 성산구 동산로 115 대동아동아파트 112동 105호,경남 창원시 성산구 동산로 115,20,35.2190579361973,128.687615914182,kakao,point,상남동
CC0191,어린이집,창원시립 남산어린이집,성산구,성주동,성주동,4812356000,경상남도 창원시 성산구 삼정자로 110,경남 창원시 성산구 삼정자로 110,98,35.1968217826297,128.716378232588,kakao,point,성주동
CC0192,어린이집,성주어린이집,성산구,성주동,안민동,4812356000,경상남도 창원시 성산구 안민안길11번길 13 성주어린이집 (안민동),경남 창원시 성산구 안민안길11번길 13,136,35.1867445247067,128.690003139965,kakao,point,성주동
CC0193,어린이집,한사랑어린이집,성산구,성주동,안민동,4812356000,경상남도 창원시 성산구 안민안길24번길 8 (안민동),경남 창원시 성산구 안민안길24번길 8,45,35.1863724704527,128.692257160985,kakao,point,성주동
CC0194,어린이집,꽃담어린이집,성산구,성주동,성주동,4812356000,경상남도 창원시 성산구 대암로 253 프리빌리지 아파트 복리동,경남 창원시 성산구 대암로 253,34,35.2019457874446,128.712225715155,kakao,point,성주동
CC0195,어린이집,대동청솔어린이집,성산구,성주동,안민동,4812356000,"경상남도 창원시 성산구 안민로101번길 29 107동(안민동, 안민청솔마을대동아파트)",경남 창원시 성산구 안민로101번길 29,39,35.1896814325349,128.687767457726,kakao,point,성주동
CC0196,어린이집,대동한솔어린이집,성산구,성주동,안민동,4812356000,경상남도 창원시 성산구 안민로 161 한솔마을대동아파트,경남 창원시 성산구 안민로 161,39,35.1857312097179,128.691440964003,kakao,point,성주동
CC0197,어린이집,사랑가득 안민어린이집,성산구,성주동,안민동,4812356000,경상남도 창원시 성산구 안민안길 34 (안민동),경남 창원시 성산구 안민안길 34,27,35.187236753034,128.692688397156,kakao,point,성주동
CC0198,어린이집,삼정그린코아 별숲어린이집,성산구,성주동,안민동,4812356000,경상남도 창원시 성산구 안민로 110 107동 1층,경남 창원시 성산구 안민로 110,35,35.1854791929769,128.687678129585,kakao,point,성주동
CC0199,어린이집,아이누리어린이집,성산구,성주동,성주동,4812356000,경상남도 창원시 성산구 창원대로1209번길 22 성주동 프리빌리지2차아파트 211동복지동,경남 창원시 성산구 창원대로1209번길 22,38,35.195020538797,128.716484924442,kakao,point,성주동
CC0200,어린이집,이레어린이집,성산구,성주동,성주동,4812356000,경상남도 창원시 성산구 삼정자로 79 유니온빌리지 관리동 1층 이레어린이집,경남 창원시 성산구 삼정자로 79,39,35.1993981862755,128.715042569174,kakao,point,성주동
CC0201,어린이집,푸르지오예은어린이집,성산구,성주동,성주동,4812356000,경상남도 창원시 성산구 외리로34번길 13 한림푸리지오아파트 복지동 1층 예은어린이집,경남 창원시 성산구 외리로34번길 13,30,35.2018652135666,128.710861991553,kakao,point,성주동
CC0202,어린이집,효성꿈송이어린이집,성산구,성주동,성주동,4812356000,경상남도 창원시 성산구 삼정자로 78 효성해링턴코트아파트 보육시설동,경남 창원시 성산구 삼정자로 78,26,35.1977828047256,128.714797255714,kakao,point,성주동
CC0203,어린이집,대우예은어린이집,성산구,성주동,남산동,4812356000,"경상남도 창원시 성산구 정동로 164 203동 109호(남산동, 대우사원2차아파트)",경남 창원시 성산구 정동로 164,13,35.204845915048,128.691855233908,kakao,point,성주동
CC0204,어린이집,동그라미어린이집,성산구,성주동,안민동,4812356000,"경상남도 창원시 성산구 안민로117번길 3 102동 101호(안민동, 동부산아이존빌)",경남 창원시 성산구 안민로117번길 3,10,35.1862734291832,128.689074994045,kakao,point,성주동
CC0205,어린이집,DN솔루션즈 새싹어린이집,성산구,성주동,성주동,4812356000,경상남도 창원시 성산구 창원대로1144번길 8,경남 창원시 성산구 창원대로1144번길 8,51,35.1954832349907,128.707600371623,kakao,point,성주동
CC0206,어린이집,KERI꿈터어린이집,성산구,성주동,,,경상남도 창원시 성산구 불모산로10번길 10,경남 창원시 성산구 성주동 27-1,60,35.19174289193808,128.71799135487285,kakao,point,성주동
CC0207,어린이집,한국지엠창원어린이집,성산구,성주동,성주동,4812356000,경상남도 창원시 성산구 성주로 130,경남 창원시 성산구 성주로 130,20,35.1970546385111,128.702882185216,kakao,point,성주동
CC0208,어린이집,한화창원어린이집,성산구,성주동,,,경상남도 창원시 성산구 정동로 84,경남 창원시 성산구 성주동 42,60,35.1987076271669,128.687999877585,kakao,point,성주동
CC0209,어린이집,현대위아어린이집,성산구,성주동,남산동,4812356000,경상남도 창원시 성산구 정동로162번길 4,경남 창원시 성산구 정동로162번길 4,69,35.2044074840449,128.691654425844,kakao,point,성주동
CC0210,어린이집,창원시립 신월어린이집,성산구,용지동,신월동,4812351500,경상남도 창원시 성산구 신월로 46 시립신월어린이집,경남 창원시 성산구 신월로 46,93,35.2278666031741,128.692360673035,kakao,point,용지동
CC0211,어린이집,창원시립 용지어린이집,성산구,용지동,용호동,4812351500,경상남도 창원시 성산구 용지로239번길 19-4 창원시립용지어린이집,경남 창원시 성산구 용지로239번길 19-4,92,35.2360355567688,128.684509055741,kakao,point,용지동
CC0212,어린이집,레이크파크어린이집,성산구,용지동,용호동,4812351500,"경상남도 창원시 성산구 외동반림로 156 키즈하우스 (용호동,용지더샵레이크파크)",경남 창원시 성산구 외동반림로 156,63,35.2325668193175,128.674603438653,kakao,point,용지동
CC0213,어린이집,아이파크어린이집,성산구,용지동,용호동,4812351500,"경상남도 창원시 성산구 원이대로579번길 13 관리동 1층 (용호동,용지아이파크)",경남 창원시 성산구 원이대로579번길 13,63,35.2292892131235,128.678406313762,kakao,point,용지동
CC0214,어린이집,러블리키즈어린이집,성산구,용지동,신월동,4812351500,"경상남도 창원시 성산구 원이대로 663 211동 108호(신월동, 은아아파트)",경남 창원시 성산구 원이대로 663,17,35.2260601753461,128.687554662819,kakao,point,용지동
CC0215,어린이집,솔밭어린이집,성산구,용지동,신월동,4812351500,경상남도 창원시 성산구 동산로185번길 23 (신월동),경남 창원시 성산구 동산로185번길 23,20,35.2251773922819,128.692790922858,kakao,point,용지동
CC0216,어린이집,예쁜어린이집,성산구,용지동,신월동,4812351500,경상남도 창원시 성산구 신월로20번길 19 1층(2층 단독주택중),경남 창원시 성산구 신월로20번길 19,16,35.2283945028478,128.689647774948,kakao,point,용지동
CC0217,어린이집,튼튼아이어린이집,성산구,용지동,용호동,4812351500,"경상남도 창원시 성산구 외동반림로 200 8동 110호(용호동, 무학아파트)",경남 창원시 성산구 외동반림로 200,14,35.2350098974013,128.678807680842,kakao,point,용지동
CC0218,어린이집,햇살닮은어린이집,성산구,용지동,신월동,4812351500,경상남도 창원시 성산구 신사로21번길 28-14 1층,경남 창원시 성산구 신사로21번길 28-14,20,35.2278504206149,128.690442772302,kakao,point,용지동
CC0219,어린이집,낙동강유역환경청다솜어린이집,성산구,용지동,신월동,4812351500,경상남도 창원시 성산구 중앙대로250번길 5,경남 창원시 성산구 중앙대로250번길 5,39,35.2342701761081,128.690066540469,kakao,point,용지동
CC0220,어린이집,창원시청어린이집,성산구,용지동,용호동,4812351500,경상남도 창원시 성산구 중앙대로 151 창원시청 창원시청어린이집 (용호동),경남 창원시 성산구 중앙대로 151,77,35.2283675994713,128.681258482632,kakao,point,용지동
CC0221,어린이집,창원시립 동원꿈꾸는어린이집,성산구,웅남동,신촌동,4812357000,"경상남도 창원시 성산구 신촌로 130 105동 103호(신촌동, 창원 신촌동원로얄듀크)",경남 창원시 성산구 신촌로 130,19,35.197803495349,128.628562970956,kakao,point,웅남동
CC0222,어린이집,창원시립 웅남어린이집,성산구,웅남동,신촌동,4812357000,경상남도 창원시 성산구 봉양로 412 창원시립 웅남어린이집,경남 창원시 성산구 봉양로 412,95,35.2069975550106,128.627586145102,kakao,point,웅남동
CC0223,어린이집,새풀잎어린이집,성산구,웅남동,신촌동,4812357000,경상남도 창원시 성산구 신촌로134번길 43 새풀잎어린이집 (신촌동),경남 창원시 성산구 신촌로134번길 43,39,35.1966641347217,128.624304903064,kakao,point,웅남동
CC0224,어린이집,은종어린이집,성산구,웅남동,신촌동,4812357000,"경상남도 창원시 성산구 신촌로134번길 23 나동 102호(신촌동, 삼성빌라)",경남 창원시 성산구 신촌로134번길 23,17,35.1969027056834,128.626599474515,kakao,point,웅남동
CC0225,어린이집,팀버어린이집,성산구,웅남동,신촌동,4812357000,"경상남도 창원시 성산구 신촌로134번길 33 102동 102호(신촌동, 문창 팀버빌리지)",경남 창원시 성산구 신촌로134번길 33,19,35.1969518587705,128.62571783665,kakao,point,웅남동
CC0226,어린이집,볼보바르미어린이집,성산구,웅남동,신촌동,4812357000,경상남도 창원시 성산구 신촌로 106,경남 창원시 성산구 신촌로 106,40,35.2001739996435,128.6279265986,kakao,point,웅남동
CC0227,어린이집,창원시립 내동어린이집,성산구,중앙동,내동,4812352000,경상남도 창원시 성산구 창원대로 716 경상남도 창원시 성산구 창원대로 716번지 (내동 456-2번지),경남 창원시 성산구 창원대로 716,75,35.2175780189302,128.669520075237,kakao,point,중앙동
CC0228,어린이집,창원시립 대원꿈에그린어린이집,성산구,중앙동,대원동,4812352000,"경상남도 창원시 성산구 창원천로 34 (대원동, 대원꿈에그린)",경남 창원시 성산구 창원천로 34,76,35.2354006955219,128.648090955819,kakao,point,중앙동
CC0229,어린이집,창원시립 대원어린이집,성산구,중앙동,대원동,4812352000,경상남도 창원시 성산구 대원로27번길 34 창원시립 대원어린이집,경남 창원시 성산구 대원로27번길 34,95,35.232714730377,128.649959690893,kakao,point,중앙동
CC0230,어린이집,창원시립 에일린의뜰1단지어린이집,성산구,중앙동,대원동,4812352000,경상남도 창원시 성산구 대원로 80,경남 창원시 성산구 대원로 80,36,35.2348359008729,128.651950713218,kakao,point,중앙동
CC0231,어린이집,창원시립 에일린의뜰2단지어린이집,성산구,중앙동,대원동,4812352000,경상남도 창원시 성산구 대원로 60,경남 창원시 성산구 대원로 60,44,35.2345185389346,128.655264476093,kakao,point,중앙동
CC0232,어린이집,창원중앙어린이집,성산구,중앙동,중앙동,4812352000,경상남도 창원시 성산구 외동반림로126번길 56 (중앙동),경남 창원시 성산구 외동반림로126번길 56,49,35.2269916812485,128.676836941233,kakao,point,중앙동
CC0233,어린이집,킨더바움어린이집,성산구,중앙동,상남동,4812352000,경상남도 창원시 성산구 토월로27번길 18 복리동,경남 창원시 성산구 토월로27번길 18,48,35.2145417899384,128.681110778944,kakao,point,중앙동
CC0234,어린이집,토리어린이집,성산구,중앙동,외동,4812352000,경상남도 창원시 성산구 창원대로780번길 32 관리동,경남 창원시 성산구 창원대로780번길 32,30,35.2134609469964,128.676218271373,kakao,point,중앙동
CC0235,어린이집,꿈누리어린이집,성산구,중앙동,외동,4812352000,"경상남도 창원시 성산구 창원대로780번길 34 105동 102호(외동, 월드메르디앙이스턴애비뉴)",경남 창원시 성산구 창원대로780번길 34,20,35.2138421195499,128.675160365433,kakao,point,중앙동
CC0236,어린이집,메르디앙어린이집,성산구,중앙동,내동,4812352000,경상남도 창원시 성산구 삼동로128번길 24 내동 월드메르디앙아파트 주민복지동 1층,경남 창원시 성산구 삼동로128번길 24,20,35.2244231706524,128.656645093481,kakao,point,중앙동
CC0237,어린이집,수채화어린이집,성산구,중앙동,상남동,4812352000,경상남도 창원시 성산구 상남로24번길 13 대호타워101호,경남 창원시 성산구 상남로24번길 13,20,35.2170818246045,128.677886848644,kakao,point,중앙동
CC0238,어린이집,스마일어린이집,성산구,중앙동,대원동,4812352000,경상남도 창원시 성산구 대원로43번길 15 (대원동),경남 창원시 성산구 대원로43번길 15,20,35.2326587274639,128.652412814643,kakao,point,중앙동
CC0239,어린이집,예슬어린이집,성산구,중앙동,내동,4812352000,"경상남도 창원시 성산구 삼동로128번길 24 104동 101호(내동, 월드메르디앙웨스턴애비뉴)",경남 창원시 성산구 삼동로128번길 24,16,35.2244231706524,128.656645093481,kakao,point,중앙동
CC0240,어린이집,참좋은어린이집,성산구,중앙동,외동,4812352000,"경상남도 창원시 성산구 창원대로780번길 47 101동 110호(외동, 대동아파트)",경남 창원시 성산구 창원대로780번길 47,19,35.2120864979527,128.678897083719,kakao,point,중앙동
CC0241,어린이집,파크빌어린이집,성산구,중앙동,대원동,4812352000,"경상남도 창원시 성산구 삼동로 121 102동 107호(대원동, 대원파크빌아파트)",경남 창원시 성산구 삼동로 121,12,35.2251890080364,128.655757644425,kakao,point,중앙동
CC0242,어린이집,하람어린이집,성산구,중앙동,대원동,4812352000,"경상남도 창원시 성산구 창원대로 548 102동 103호(대원동, 대원1차대동황토방아파트)",경남 창원시 성산구 창원대로 548,13,35.2258602623483,128.653461988768,kakao,point,중앙동
CC0243,어린이집,해뜸어린이집,성산구,중앙동,대원동,4812352000,경상남도 창원시 성산구 삼동로 125 대원파크빌아파트 단지내 복지동 1층,경남 창원시 성산구 삼동로 125,20,35.2250650559945,128.655588844203,kakao,point,중앙동
CC0244,어린이집,KIMS어린이집,성산구,중앙동,상남동,4812352000,경상남도 창원시 성산구 창원대로 797 (한국재료연구원 KIMS미래관 1~2층),경남 창원시 성산구 창원대로 797,49,35.2151415907878,128.677763012734,kakao,point,중앙동
CC0245,어린이집,효성어린이집,성산구,중앙동,내동,4812352000,경상남도 창원시 성산구 연덕로 171 112동 1층((주)효성창원공장),경남 창원시 성산구 연덕로 171,48,35.2176257565172,128.662339320919,kakao,point,중앙동
CC0246,어린이집,창원시립 가포금호어울림어린이집,마산합포구,가포동,가포동,4812552000,경상남도 창원시 마산합포구 가포본동1길 50 가포금호어울림아파트 복리동,경남 창원시 마산합포구 가포본동1길 50,54,35.1562651346038,128.578260052117,kakao,point,가포동
CC0247,어린이집,창원시립 가포어린이집,마산합포구,가포동,가포동,4812552000,경상남도 창원시 마산합포구 가포해안길 15 가포어린이집,경남 창원시 마산합포구 가포해안길 15,95,35.1688181210495,128.571480166081,kakao,point,가포동
CC0248,어린이집,창원시립 가포유보라어린이집,마산합포구,가포동,가포동,4812552000,경상남도 창원시 마산합포구 가포본동1길 18 마창대교유보라아이비파크 관리동,경남 창원시 마산합포구 가포본동1길 18,51,35.1579344312701,128.574131273515,kakao,point,가포동
CC0249,어린이집,창원시립 교방롯데캐슬어린이집,마산합포구,교방동,교방동,4812561000,"경상남도 창원시 마산합포구 노산서18길 80 109동(교방동,창원롯데캐슬프리미어)",경남 창원시 마산합포구 노산서18길 80,35,35.2153855778953,128.564779365099,kakao,point,교방동
CC0250,어린이집,창원시립 교방푸르지오어린이집,마산합포구,교방동,교방동,4812561000,경상남도 창원시 마산합포구 교방동18길 14 창원 푸르지오 더 플래티넘 2단지 내 관리동,경남 창원시 마산합포구 교방동18길 14,85,35.2114625754638,128.569485422282,kakao,point,교방동
CC0251,어린이집,i블루밍어린이집,마산합포구,교방동,교방동,4812561000,경상남도 창원시 마산합포구 노산서18길 142 무학산벽산블루밍아파트 복리동 (교방동),경남 창원시 마산합포구 노산서18길 142,23,35.2160780521696,128.562577719698,kakao,point,교방동
CC0252,어린이집,노산어린이집,마산합포구,교방동,교원동,4812561000,경상남도 창원시 마산합포구 회원천남길 178 (교원동),경남 창원시 마산합포구 회원천남길 178,99,35.215876770672,128.569462672393,kakao,point,교방동
CC0253,어린이집,마산삼성어린이집,마산합포구,교방동,상남동,4812561000,경상남도 창원시 마산합포구 노산동5길 18,경남 창원시 마산합포구 노산동5길 18,130,35.2123236754598,128.574685425086,kakao,point,교방동
CC0254,어린이집,자이별밭 어린이집,마산합포구,교방동,교원동,4812561000,"경상남도 창원시 마산합포구 노산서18길 19 (교원동, 무학자이아파트 관리동)",경남 창원시 마산합포구 노산서18길 19,47,35.2150188245066,128.569550591223,kakao,point,교방동
CC0255,어린이집,킨더가르텐 어린이집,마산합포구,교방동,교방동,4812561000,경상남도 창원시 마산합포구 회원서10길 87-1 (교방동),경남 창원시 마산합포구 회원서10길 87-1,70,35.2153744230686,128.560659219625,kakao,point,교방동
CC0256,어린이집,상록엔젤어린이집,마산합포구,교방동,교방동,4812561000,경상남도 창원시 마산합포구 노산서18길 141 상록아파트 단지내 보육시설,경남 창원시 마산합포구 노산서18길 141,15,35.21397054518,128.562337349112,kakao,point,교방동
CC0257,어린이집,예림어린이집,마산합포구,교방동,교원동,4812561000,"경상남도 창원시 마산합포구 노산서18길 19 105동 102호(교원동, 무학자이아파트)",경남 창원시 마산합포구 노산서18길 19,20,35.2150188245066,128.569550591223,kakao,point,교방동
CC0258,어린이집,우리네어린이집,마산합포구,교방동,교방동,4812561000,"경상남도 창원시 마산합포구 노산서18길 142 204동 104호(교방동, 무학산벽산블루밍아파트)",경남 창원시 마산합포구 노산서18길 142,20,35.2160780521696,128.562577719698,kakao,point,교방동
CC0259,어린이집,창원시립 구산어린이집,마산합포구,구산면,구산면 수정리,4812531000,"경상남도 창원시 마산합포구 구산면 수정1길 62-36 (수정리, 창원시립 구산어린이집)",경남 창원시 마산합포구 구산면 수정1길 62-36,56,35.1199729794482,128.58206453444,kakao,point,구산면
CC0260,어린이집,창원시립 샛별어린이집,마산합포구,문화동,홍문동,4812554000,경상남도 창원시 마산합포구 문화남3길 33 (홍문동),경남 창원시 마산합포구 문화남3길 33,88,35.1851790255161,128.558907400122,kakao,point,문화동
CC0261,어린이집,예능어린이집,마산합포구,문화동,홍문동,4812554000,경상남도 창원시 마산합포구 문화남2길 17,경남 창원시 마산합포구 문화남2길 17,49,35.1833172296239,128.558775017364,kakao,point,문화동
CC0262,어린이집,합포꿈동이어린이집,마산합포구,문화동,창포동2가,4812554000,"경상남도 창원시 마산합포구 문화동7길 36 3동 105호(창포동2가, 경남창포아파트)",경남 창원시 마산합포구 문화동7길 36,19,35.1840428617236,128.562261414374,kakao,point,문화동
CC0263,어린이집,합포어린이집,마산합포구,문화동,창포동3가,4812554000,경상남도 창원시 마산합포구 문화동14길 54 광신비치아파트상가(창포동3가),경남 창원시 마산합포구 문화동14길 54,20,35.182755243842,128.5612771231,kakao,point,문화동
CC0264,어린이집,백양어린이집,마산합포구,반월중앙동,신흥동,4812556500,경상남도 창원시 마산합포구 중앙남4길 9 (신흥동),경남 창원시 마산합포구 중앙남4길 9,115,35.1923602259021,128.563805618474,kakao,point,반월중앙동
CC0265,어린이집,사회복지법인마산어린이집,마산합포구,반월중앙동,중앙동2가,4812556500,경상남도 창원시 마산합포구 중앙동2가 중앙동3길 32-3 마산어린이집,경남 창원시 마산합포구 중앙동3길 32-3,99,35.1945753321807,128.569055081896,kakao,point,반월중앙동
CC0266,어린이집,마산YWCA어린이집,마산합포구,반월중앙동,중앙동3가,4812556500,경상남도 창원시 마산합포구 중앙북5길 20 마산YWCA어린이집,경남 창원시 마산합포구 중앙북5길 20,78,35.2002426969423,128.568511897995,kakao,point,반월중앙동
CC0267,어린이집,블루밍어린이집,마산합포구,반월중앙동,월포동,4812556500,경상남도 창원시 마산합포구 3?15대로 154 벽산블루밍아파트 주민복지관동 (월포동),경남 창원시 마산합포구 3.15대로 154,21,35.1919152633005,128.565836371335,kakao,point,반월중앙동
CC0268,어린이집,해오름어린이집,마산합포구,반월중앙동,중앙동2가,4812556500,경상남도 창원시 마산합포구 중앙동2가 중앙동3길 26 경동메르빌상가110호 (중앙동2가),경남 창원시 마산합포구 중앙동3길 26,33,35.1947969169893,128.568382706884,kakao,point,반월중앙동
CC0269,어린이집,경동튼튼어린이집,마산합포구,반월중앙동,중앙동2가,4812556500,"경상남도 창원시 마산합포구 중앙동2가 중앙동3길 16 (중앙동2가, 경동메르빌 110-104)",경남 창원시 마산합포구 중앙동3길 16,19,35.1946724352687,128.567549203552,kakao,point,반월중앙동
CC0270,어린이집,혜성미어린이집,마산합포구,반월중앙동,중앙동3가,4812556500,경상남도 창원시 마산합포구 중앙동3가 중앙북2길 17 혜성미 106호 (중앙동3가),경남 창원시 마산합포구 중앙북2길 17,18,35.1985353218694,128.568398806385,kakao,point,반월중앙동
CC0271,어린이집,마산합포구청어린이집,마산합포구,반월중앙동,중앙동3가,4812556500,경상남도 창원시 마산합포구 중앙동3가 중앙북1길 34,경남 창원시 마산합포구 중앙북1길 34,42,35.197226205009,128.569210701395,kakao,point,반월중앙동
CC0272,어린이집,또래어린이집,마산합포구,산호동,산호동,4812565000,경상남도 창원시 마산합포구 산호남12길 13 (산호동),경남 창원시 마산합포구 산호남12길 13,49,35.2153261716897,128.585990060862,kakao,point,산호동
CC0273,어린이집,리인어린이집,마산합포구,산호동,산호동,4812565000,경상남도 창원시 마산합포구 산호동로 12 산호경동리인아파트 1단지 복리동,경남 창원시 마산합포구 산호동로 12,26,35.2157505442249,128.588252772032,kakao,point,산호동
CC0274,어린이집,연우어린이집,마산합포구,산호동,산호동,4812565000,경상남도 창원시 마산합포구 회원동북로 64 (산호동),경남 창원시 마산합포구 회원동북로 64,86,35.2184422799442,128.579504764104,kakao,point,산호동
CC0275,어린이집,파스텔어린이집,마산합포구,산호동,산호동,4812565000,경상남도 창원시 마산합포구 산호북2길 36 (산호동),경남 창원시 마산합포구 산호북2길 36,91,35.2170351039011,128.585184286567,kakao,point,산호동
CC0276,어린이집,통통이어린이집,마산합포구,산호동,산호동,4812565000,경상남도 창원시 마산합포구 용마로 54-3,경남 창원시 마산합포구 용마로 54-3,20,35.2182834067016,128.58093946977,kakao,point,산호동
CC0277,어린이집,창원시립 서성어린이집,마산합포구,오동동,서성동,4812563000,경상남도 창원시 마산합포구 중앙북7길 53-5 서성어린이집,경남 창원시 마산합포구 중앙북7길 53-5,99,35.2015927789276,128.568537751052,kakao,point,오동동
CC0278,어린이집,창원시립 장미어린이집,마산합포구,오동동,서성동,4812563000,경상남도 창원시 마산합포구 중앙북7길 53-5 (서성동) 창원시립 장미어린이집,경남 창원시 마산합포구 중앙북7길 53,45,35.2008713466214,128.568467440934,kakao,point,오동동
CC0279,어린이집,창원시립 추산어린이집,마산합포구,오동동,추산동,4812563000,경상남도 창원시 마산합포구 문신길 163 창원시립추산어린이집,경남 창원시 마산합포구 문신길 163,78,35.2064004814189,128.570091624974,kakao,point,오동동
CC0280,어린이집,리틀스쿨어린이집,마산합포구,오동동,신포동1가,4812563000,경상남도 창원시 마산합포구 신포동1가 제2부두로 17 마산만아이파크 아파트 관리동 (신포동1가),경남 창원시 마산합포구 제2부두로 17,38,35.1961932910415,128.573419031417,kakao,point,오동동
CC0281,어린이집,마린푸른숲어린이집,마산합포구,오동동,오동동,4812563000,경상남도 창원시 마산합포구 오동동14길 67 중앙마린파이브아파트 상가동,경남 창원시 마산합포구 오동동14길 67,39,35.2070102185943,128.583414103644,kakao,point,오동동
CC0282,어린이집,아이굿맘어린이집,마산합포구,오동동,신포동1가,4812563000,"경상남도 창원시 마산합포구 서성로 23 (신포동1가,센트럴아파트) 복리동",경남 창원시 마산합포구 서성로 23,20,35.1992012412055,128.569644071374,kakao,point,오동동
CC0283,어린이집,경남청사 예다움어린이집,마산합포구,오동동,신포동1가,4812563000,경상남도 창원시 마산합포구 제2부두로 10 (신포동1가),경남 창원시 마산합포구 제2부두로 10,58,35.1949875379581,128.572099701607,kakao,point,오동동
CC0284,어린이집,노벨어린이집,마산합포구,완월동,완월동,4812557000,경상남도 창원시 마산합포구 완월남7길 31 (완월동),경남 창원시 마산합포구 완월남7길 31,67,35.1962694487182,128.55901873138,kakao,point,완월동
CC0285,어린이집,자연숲어린이집,마산합포구,완월동,완월동,4812557000,경상남도 창원시 마산합포구 완월남7길 32,경남 창원시 마산합포구 완월남7길 32,115,35.1962360813003,128.558824420162,kakao,point,완월동
CC0286,어린이집,보노어린이집,마산합포구,완월동,완월동,4812557000,경상남도 창원시 마산합포구 중앙남8길 80,경남 창원시 마산합포구 중앙남8길 80,20,35.1957349026827,128.562208500613,kakao,point,완월동
CC0287,어린이집,창원시립 SK오션뷰어린이집,마산합포구,월영동,월영동,4812553000,"경상남도 창원시 마산합포구 월영남12길 12 (월영동, 월영SK오션뷰)",경남 창원시 마산합포구 월영남12길 12,71,35.176150905453,128.559467671426,kakao,point,월영동
CC0288,어린이집,창원시립 딩동댕어린이집,마산합포구,월영동,월영동,4812553000,"경상남도 창원시 마산합포구 월영마을로 29 211동 104호(월영동,월영2차동아아파트)",경남 창원시 마산합포구 월영마을로 29,20,35.1725765366856,128.559197331369,kakao,point,월영동
CC0289,어린이집,창원시립 마린애시앙어린이집,마산합포구,월영동,월영동,4812553000,"경상남도 창원시 마산합포구 가포순환로 33 140동(월영동,마린애시앙부영)",경남 창원시 마산합포구 가포순환로 33,75,35.1750235873689,128.562589220715,kakao,point,월영동
CC0290,어린이집,창원시립 애시앙숲어린이집,마산합포구,월영동,월영동,4812553000,"경상남도 창원시 마산합포구 가포순환로 33 139동(월영동, 마린애시앙부영)",경남 창원시 마산합포구 가포순환로 33,95,35.1750235873689,128.562589220715,kakao,point,월영동
CC0291,어린이집,창원시립 월영어린이집,마산합포구,월영동,대내동,4812553000,경상남도 창원시 마산합포구 월영북로 24 (대내동),경남 창원시 마산합포구 월영북로 24,75,35.1825250572741,128.556349145457,kakao,point,월영동
CC0292,어린이집,동아마을어린이집,마산합포구,월영동,월영동,4812553000,경상남도 창원시 마산합포구 월영남로 43 동아1차아파트 관리동,경남 창원시 마산합포구 월영남로 43,30,35.1750956172328,128.559406352535,kakao,point,월영동
CC0293,어린이집,동아신나는어린이집,마산합포구,월영동,월영동,4812553000,경상남도 창원시 마산합포구 월영마을로 29 동아2차아파트 복리동,경남 창원시 마산합포구 월영마을로 29,36,35.1725765366856,128.559197331369,kakao,point,월영동
CC0294,어린이집,마산가포부영사랑으로어린이집,마산합포구,월영동,월영동,4812553000,"경상남도 창원시 마산합포구 가포로 154-11 210동 관리동(월영동, 마산가포부영아파트)",경남 창원시 마산합포구 가포로 154-11,49,35.1682884714862,128.560116636748,kakao,point,월영동
CC0295,어린이집,새암어린이집,마산합포구,월영동,월영동,4812553000,경상남도 창원시 마산합포구 월영남12길 15 새암어린이집,경남 창원시 마산합포구 월영남12길 15,65,35.176470466118,128.55910529242,kakao,point,월영동
CC0296,어린이집,예솔어린이집,마산합포구,월영동,해운동,4812553000,경상남도 창원시 마산합포구 월영동13길 7 (해운동),경남 창원시 마산합포구 월영동13길 7,75,35.1811542091156,128.562567932646,kakao,point,월영동
CC0297,어린이집,해운어린이집,마산합포구,월영동,해운동,4812553000,경상남도 창원시 마산합포구 월영동10길 19 (해운동),경남 창원시 마산합포구 월영동10길 19,95,35.1803462972619,128.564643819703,kakao,point,월영동
CC0298,어린이집,현대신나는어린이집,마산합포구,월영동,월영동,4812553000,경상남도 창원시 마산합포구 월영마을로 12 현대건설아파트 복리동 (월영동),경남 창원시 마산합포구 월영마을로 12,30,35.1743188737736,128.557309207297,kakao,point,월영동
CC0299,어린이집,고운어린이집,마산합포구,월영동,월영동,4812553000,경상남도 창원시 마산합포구 가포순환로 33 120동 104호(마린애시앙부영),경남 창원시 마산합포구 가포순환로 33,19,35.1750235873689,128.562589220715,kakao,point,월영동
CC0300,어린이집,금빛어린이집,마산합포구,월영동,월영동,4812553000,"경상남도 창원시 마산합포구 월영남로 43 104동 101호(월영동, 동아1차아파트)",경남 창원시 마산합포구 월영남로 43,20,35.1750956172328,128.559406352535,kakao,point,월영동
CC0301,어린이집,기쁨몬테소리어린이집,마산합포구,월영동,월영동,4812553000,"경상남도 창원시 마산합포구 월영마을로 29 209동 102호 (월영동아2차아파트,월영동)",경남 창원시 마산합포구 월영마을로 29,20,35.1725765366856,128.559197331369,kakao,point,월영동
CC0302,어린이집,꼬꼬마어린이집,마산합포구,월영동,월영동,4812553000,"경상남도 창원시 마산합포구 월영마을로 29 204동 104호 (월영동, 월영동아2차아파트)",경남 창원시 마산합포구 월영마을로 29,20,35.1725765366856,128.559197331369,kakao,point,월영동
CC0303,어린이집,바른나무어린이집,마산합포구,월영동,월영동,4812553000,경상남도 창원시 마산합포구 가포순환로 33 102동 102호(마린애시앙부영),경남 창원시 마산합포구 가포순환로 33,19,35.1750235873689,128.562589220715,kakao,point,월영동
CC0304,어린이집,보보어린이집,마산합포구,월영동,월영동,4812553000,"경상남도 창원시 마산합포구 월영마을로 5 203동 105호 (월영동,현대1차아파트)",경남 창원시 마산합포구 월영마을로 5,19,35.1733650311582,128.55835043192,kakao,point,월영동
CC0305,어린이집,사랑숲 어린이집,마산합포구,월영동,해운동,4812553000,"경상남도 창원시 마산합포구 월영동6길 39 104동 104호(해운동, 두산1차아파트)",경남 창원시 마산합포구 월영동6길 39,20,35.1788945298273,128.563077143617,kakao,point,월영동
CC0306,어린이집,아띠어린이집,마산합포구,월영동,해운동,4812553000,"경상남도 창원시 마산합포구 월영동남로 3 205동 102호(해운동, 두산2차아파트)",경남 창원시 마산합포구 월영동남로 3,20,35.177743384619,128.564332463853,kakao,point,월영동
CC0307,어린이집,애시앙키즈어린이집,마산합포구,월영동,월영동,4812553000,"경상남도 창원시 마산합포구 가포순환로 33 114동 101호(월영동,마린애시앙부영)",경남 창원시 마산합포구 가포순환로 33,19,35.1750235873689,128.562589220715,kakao,point,월영동
CC0308,어린이집,예님어린이집,마산합포구,월영동,월영동,4812553000,"경상남도 창원시 마산합포구 밤밭고개로 371 105동 109호 (월영동, 화인아트빌라)",경남 창원시 마산합포구 밤밭고개로 371,19,35.1748130298334,128.55502951587,kakao,point,월영동
CC0309,어린이집,이안어린이집,마산합포구,월영동,월영동,4812553000,"경상남도 창원시 마산합포구 가포순환로 33 125동 103호(월영동,마린애시앙부영)",경남 창원시 마산합포구 가포순환로 33,19,35.1750235873689,128.562589220715,kakao,point,월영동
CC0310,어린이집,조은어린이집,마산합포구,월영동,월영동,4812553000,"경상남도 창원시 마산합포구 월영마을로 52 501동 101호(월영동, 현대2차아파트)",경남 창원시 마산합포구 월영마을로 52,20,35.1712067020332,128.558758810905,kakao,point,월영동
CC0311,어린이집,해맑은어린이집,마산합포구,월영동,해운동,4812553000,"경상남도 창원시 마산합포구 월영동11길 42 305동 102호(해운동, 두산3차아파트)",경남 창원시 마산합포구 월영동11길 42,19,35.1792008719875,128.565490358495,kakao,point,월영동
CC0312,어린이집,행복아이어린이집,마산합포구,월영동,월영동,4812553000,경상남도 창원시 마산합포구 가포순환로 33 112동 102호(마린애시앙부영),경남 창원시 마산합포구 가포순환로 33,19,35.1750235873689,128.562589220715,kakao,point,월영동
CC0313,어린이집,바른아이뜰어린이집,마산합포구,자산동,자산동,4812558000,경상남도 창원시 마산합포구 심온길 94-3,경남 창원시 마산합포구 심온길 94-3,39,35.2027355615222,128.564043947836,kakao,point,자산동
CC0314,어린이집,반달어린이집,마산합포구,자산동,자산동,4812558000,경상남도 창원시 마산합포구 자산서14길 63 (자산동),경남 창원시 마산합포구 자산서14길 63,39,35.2002359136216,128.558345720639,kakao,point,자산동
CC0315,어린이집,샛별아이어린이집,마산합포구,자산동,자산동,4812558000,경상남도 창원시 마산합포구 자산남4길 11 (자산동),경남 창원시 마산합포구 자산남4길 11,49,35.2023931866126,128.5658073654,kakao,point,자산동
CC0316,어린이집,청운어린이집,마산합포구,자산동,자산동,4812558000,경상남도 창원시 마산합포구 자산북1길 40 (자산동),경남 창원시 마산합포구 자산북1길 40,140,35.2057402775852,128.563528940328,kakao,point,자산동
CC0317,어린이집,맑은숲영재스쿨어린이집,마산합포구,자산동,자산동,4812558000,경상남도 창원시 마산합포구 자산삼거리로 94-11,경남 창원시 마산합포구 자산삼거리로 94-11,20,35.2074536331018,128.564183959495,kakao,point,자산동
CC0318,어린이집,사동어린이집,마산합포구,진동면,진동면 사동리,4812532000,경상남도 창원시 마산합포구 진동면 사동길 145,경남 창원시 마산합포구 진동면 사동길 145,120,35.1201142011489,128.47978194177,kakao,point,진동면
CC0319,어린이집,꿈채움어린이집,마산합포구,진동면,진동면 진동리,4812532000,경상남도 창원시 마산합포구 진동면 진북산업로 55 협성엠파이어아파트 복리동(105동),경남 창원시 마산합포구 진동면 진북산업로 55,31,35.1209867504771,128.487493962711,kakao,point,진동면
CC0320,어린이집,밝은숲 어린이집,마산합포구,진동면,진동면 진동리,4812532000,경상남도 창원시 마산합포구 신서촌로 50-9 (진동면 진동리),경남 창원시 마산합포구 진동면 신서촌로 50-9,129,35.118861655881,128.486098904817,kakao,point,진동면
CC0321,어린이집,재능어린이집,마산합포구,진동면,진동면 교동리,4812532000,경상남도 창원시 마산합포구 진동면 교동3길 62,경남 창원시 마산합포구 진동면 교동3길 62,99,35.1172722094069,128.502579609565,kakao,point,진동면
CC0322,어린이집,꿈꾸는유앤아이어린이집,마산합포구,진동면,진동면 진동리,4812532000,경상남도 창원시 마산합포구 진동면 진북산업로 58 복리동,경남 창원시 마산합포구 진동면 진북산업로 58,20,35.1213926238899,128.488555381395,kakao,point,진동면
CC0323,어린이집,유앤아이어린이집,마산합포구,진동면,진동면 진동리,4812532000,경상남도 창원시 마산합포구 진북산업로 58 112-101,경남 창원시 마산합포구 진동면 진북산업로 58,20,35.1213926238899,128.488555381395,kakao,point,진동면
CC0324,어린이집,한솔어린이집,마산합포구,진동면,진동면 요장리,4812532000,경상남도 창원시 마산합포구 진동면 요장1길 110,경남 창원시 마산합포구 진동면 요장1길 110,20,35.1107089909835,128.495084984332,kakao,point,진동면
CC0325,어린이집,창원시립 진북어린이집,마산합포구,진북면,진북면 지산리,4812533000,경상남도 창원시 마산합포구 진북면 지산1길 63-10 창원시립 진북어린이집,경남 창원시 마산합포구 진북면 지산1길 63,39,35.1155164836226,128.465266404143,kakao,point,진북면
CC0326,어린이집,창원시립 진전어린이집,마산합포구,진전면,,,경상남도 창원시 마산합포구 오서곡안로 24,,20,35.19379928518024,128.5617765532719,dong_centroid,dong,진전면
CC0327,어린이집,창원시립 용마어린이집,마산합포구,합포동,산호동,4812564000,경상남도 창원시 마산합포구 용마산길 47,경남 창원시 마산합포구 용마산길 47,67,35.2130054492715,128.582329823011,kakao,point,합포동
CC0328,어린이집,베스티움 큰샘 어린이집,마산합포구,합포동,산호동,4812564000,경상남도 창원시 마산합포구 회원천북길 491 베스티움아파트관리동 보육시설,경남 창원시 마산합포구 회원천북길 491,32,35.2092326616502,128.581877323665,kakao,point,합포동
CC0329,어린이집,칸타빌어린이집,마산합포구,합포동,산호동,4812564000,경상남도 창원시 마산합포구 합포동6길 8 칸타빌오션뷰아파트 관리동,경남 창원시 마산합포구 합포동6길 8,34,35.2114716247245,128.585705335399,kakao,point,합포동
CC0330,어린이집,하늘샘어린이집,마산합포구,합포동,산호동,4812564000,경상남도 창원시 마산합포구 합포남2길 24 (산호동),경남 창원시 마산합포구 합포남2길 24,76,35.2101288581442,128.581931936368,kakao,point,합포동
CC0331,어린이집,창원시립 덕동어린이집,마산합포구,현동,덕동동,4812551000,경상남도 창원시 마산합포구 덕동길 32,경남 창원시 마산합포구 덕동길 32,70,35.1409531127572,128.578983095374,kakao,point,현동
CC0332,어린이집,신유성어린이집,마산합포구,현동,,,경상남도 창원시 마산합포구 묘촌1길 28 현동 LH그린품에아파트 복리동,경남 창원시 마산합포구 현동 620,66,35.142981221937546,128.55670227601792,kakao,point,현동
CC0333,어린이집,중흥누리봄어린이집,마산합포구,현동,현동,4812551000,"경상남도 창원시 마산합포구 현동1길 8 관리동(현동,중흥에스-클래스프라디움3차)",경남 창원시 마산합포구 현동1길 8,79,35.148631512036,128.558356407781,kakao,point,현동
CC0334,어린이집,중흥산들어린이집,마산합포구,현동,현동,4812551000,경상남도 창원시 마산합포구 현동9길 14 중흥S클래스 프라디움2차아파트 관리동,경남 창원시 마산합포구 현동9길 14,45,35.1451846205351,128.554784357204,kakao,point,현동
CC0335,어린이집,중흥키즈어린이집,마산합포구,현동,현동,4812551000,경상남도 창원시 마산합포구 현동4길 20 현동 중흥S-클래스프라디움아파트복리동,경남 창원시 마산합포구 현동4길 20,45,35.1527900505769,128.549821054958,kakao,point,현동
CC0336,어린이집,하늘숲어린이집,마산합포구,현동,우산동,4812551000,경상남도 창원시 마산합포구 현동3길 1 창원현동LH아파트 복리동,경남 창원시 마산합포구 현동3길 1,80,35.1524849386005,128.554094106993,kakao,point,현동
CC0337,어린이집,하늘채다솜어린이집,마산합포구,현동,현동,4812551000,경상남도 창원시 마산합포구 현동9길 13 현동코오롱하늘채아파트 복리동,경남 창원시 마산합포구 현동9길 13,32,35.1453138863429,128.55703483767,kakao,point,현동
CC0338,어린이집,보듬이어린이집,마산합포구,현동,,,경상남도 창원시 마산합포구 묘촌1길 28 그린품애아파트 606-102,경남 창원시 마산합포구 현동 620,19,35.14158975187848,128.55859036979282,kakao,point,현동
CC0339,어린이집,중흥해마루어린이집,마산합포구,현동,현동,4812551000,경상남도 창원시 마산합포구 현동4길 20 중흥S클래스A 103-102,경남 창원시 마산합포구 현동4길 20,19,35.1527900505769,128.549821054958,kakao,point,현동
CC0340,어린이집,덴소코리아어린이집,마산합포구,현동,현동,4812551000,"경상남도 창원시 마산합포구 현동10길 19 (현동,아파트동 1층)",경남 창원시 마산합포구 현동10길 19,20,35.145678469213,128.550124321551,kakao,point,현동
CC0341,어린이집,글로벌창의 어린이집,마산회원구,구암1동,구암동,4812760000,경상남도 창원시 마산회원구 구암북3길 9 (구암동),경남 창원시 마산회원구 구암북3길 9,76,35.2518420607766,128.592642389469,kakao,point,구암1동
CC0342,어린이집,글로벌창의숲 어린이집,마산회원구,구암1동,구암동,4812760000,경상남도 창원시 마산회원구 금강로 301 (구암동),경남 창원시 마산회원구 금강로 301,69,35.2535757269659,128.596323407605,kakao,point,구암1동
CC0343,어린이집,바른손어린이집,마산회원구,구암1동,구암동,4812760000,경상남도 창원시 마산회원구 구암북15길 49 (구암동),경남 창원시 마산회원구 구암북15길 49,150,35.2553043198049,128.594769336963,kakao,point,구암1동
CC0344,어린이집,소명어린이집,마산회원구,구암1동,구암동,4812760000,경상남도 창원시 마산회원구 소계천서길 103 (구암동),경남 창원시 마산회원구 소계천서길 103,39,35.2590871079255,128.595926178474,kakao,point,구암1동
CC0345,어린이집,천사맘어린이집,마산회원구,구암1동,구암동,4812760000,경상남도 창원시 마산회원구 구암서2길 110-1 (구암동),경남 창원시 마산회원구 구암서2길 110-1,21,35.2494186005781,128.594548791314,kakao,point,구암1동
CC0346,어린이집,창원시립 구암어린이집,마산회원구,구암2동,구암동,4812761000,경상남도 창원시 마산회원구 구암서1길 235,경남 창원시 마산회원구 구암서1길 235,78,35.2525655910838,128.600283111321,kakao,point,구암2동
CC0347,어린이집,인애어린이집,마산회원구,구암2동,구암동,4812761000,경상남도 창원시 마산회원구 팔용로 272 인애어린이집,경남 창원시 마산회원구 팔용로 272,120,35.248278884796,128.600951954876,kakao,point,구암2동
CC0348,어린이집,아마데우스어린이집,마산회원구,구암2동,구암동,4812761000,경상남도 창원시 마산회원구 구암남10길 15 대동아파트 복리동 (구암동),경남 창원시 마산회원구 구암남10길 15,45,35.2499892804064,128.599128995578,kakao,point,구암2동
CC0349,어린이집,밀알재능어린이집,마산회원구,구암2동,구암동,4812761000,"경상남도 창원시 마산회원구 구암남7길 7 대성프리죤텔101, 102호 (구암동)",경남 창원시 마산회원구 구암남7길 7,20,35.2446561981918,128.591697352023,kakao,point,구암2동
CC0350,어린이집,창원시립 동신해나라어린이집,마산회원구,내서읍,내서읍 중리,4812725000,경상남도 창원시 마산회원구 내서읍 중리상곡로 134 동신2차아파트 202동 뒤 1층건물,경남 창원시 마산회원구 내서읍 중리상곡로 134,36,35.2515522902785,128.511609603468,kakao,point,내서읍
CC0351,어린이집,창원시립 수피아어린이집,마산회원구,내서읍,내서읍 중리,4812725000,경상남도 창원시 마산회원구 내서읍 옥정1길 9-2,경남 창원시 마산회원구 내서읍 옥정1길 9-2,59,35.2487001877627,128.522530830103,kakao,point,내서읍
CC0352,어린이집,창원시립 햇님어린이집,마산회원구,내서읍,내서읍 삼계리,4812725000,경상남도 창원시 마산회원구 내서읍 광려로 29 207동 102호(대동이미지아파트),경남 창원시 마산회원구 내서읍 광려로 29,18,35.2240127121878,128.503255721904,kakao,point,내서읍
CC0353,어린이집,삼계한샘어린이집,마산회원구,내서읍,내서읍 삼계리,4812725000,경상남도 창원시 마산회원구 내서읍 삼계본동2길 9-1,경남 창원시 마산회원구 내서읍 삼계본동2길 9-1,49,35.230959498244,128.497812245256,kakao,point,내서읍
CC0354,어린이집,상곡어린이집,마산회원구,내서읍,내서읍 상곡리,4812725000,경상남도 창원시 마산회원구 내서읍 상곡안길 106-4,경남 창원시 마산회원구 내서읍 상곡안길 106-4,46,35.2460988298522,128.499874252405,kakao,point,내서읍
CC0355,어린이집,선재어린이집,마산회원구,내서읍,내서읍 상곡리,4812725000,경상남도 창원시 마산회원구 상곡로 49 내서종합사회복지관 내,경남 창원시 마산회원구 내서읍 상곡로 49,63,35.2436547884392,128.500038295638,kakao,point,내서읍
CC0356,어린이집,숲속자람터어린이집,마산회원구,내서읍,내서읍 삼계리,4812725000,경상남도 창원시 마산회원구 내서읍 삼계로 288-18,경남 창원시 마산회원구 내서읍 삼계로 288-18,30,35.2425638166461,128.479034731553,kakao,point,내서읍
CC0357,어린이집,호계어린이집,마산회원구,내서읍,내서읍 호계리,4812725000,경상남도 창원시 마산회원구 내서읍 구미길 11-1,경남 창원시 마산회원구 내서읍 구미길 11-1,49,35.2528811782791,128.521638325678,kakao,point,내서읍
CC0358,어린이집,대동영재 아이짐어린이집,마산회원구,내서읍,내서읍 삼계리,4812725000,경상남도 창원시 마산회원구 내서읍 삼계5길 30 관리동 1층,경남 창원시 마산회원구 내서읍 삼계5길 30,30,35.229929638338,128.503257128615,kakao,point,내서읍
CC0359,어린이집,더푸른다솜어린이집,마산회원구,내서읍,내서읍 삼계리,4812725000,경상남도 창원시 마산회원구 내서읍 삼계10길 22 더푸른아파트 관리동1층,경남 창원시 마산회원구 내서읍 삼계10길 22,37,35.2349142808915,128.502811193217,kakao,point,내서읍
CC0360,어린이집,라파어린이집,마산회원구,내서읍,내서읍 중리,4812725000,경상남도 창원시 마산회원구 내서읍 호원로 186-1,경남 창원시 마산회원구 내서읍 호원로 186-1,35,35.2510812153555,128.522649077581,kakao,point,내서읍
CC0361,어린이집,삼계현대어린이집,마산회원구,내서읍,내서읍 삼계리,4812725000,경상남도 창원시 마산회원구 내서읍 삼풍로 82 현대아파트 관리동,경남 창원시 마산회원구 내서읍 삼풍로 82,35,35.2340681840549,128.502383669031,kakao,point,내서읍
CC0362,어린이집,쏠티동산어린이집,마산회원구,내서읍,내서읍 상곡리,4812725000,경상남도 창원시 마산회원구 내서읍 상곡안길 21,경남 창원시 마산회원구 내서읍 상곡안길 21,99,35.2433822576014,128.502667312808,kakao,point,내서읍
CC0363,어린이집,이미지은혜어린이집,마산회원구,내서읍,내서읍 삼계리,4812725000,경상남도 창원시 마산회원구 광려로 28 대동이미지아파트 1단지 복리동 2층,경남 창원시 마산회원구 내서읍 광려로 28,30,35.2237829288,128.501931761796,kakao,point,내서읍
CC0364,어린이집,일화어린이집,마산회원구,내서읍,내서읍 상곡리,4812725000,경상남도 창원시 마산회원구 상곡안길 106-14,경남 창원시 마산회원구 내서읍 상곡안길 106-14,126,35.2460289841447,128.500070494928,kakao,point,내서읍
CC0365,어린이집,참좋은하늘채어린이집,마산회원구,내서읍,내서읍 호계리,4812725000,경상남도 창원시 마산회원구 내서읍 호원로 359 코오롱하늘채 2차아파트 복리동 217동 앞,경남 창원시 마산회원구 내서읍 호원로 359,48,35.26531922377,128.524789896796,kakao,point,내서읍
CC0366,어린이집,코오롱한샘어린이집,마산회원구,내서읍,내서읍 호계리,4812725000,경상남도 창원시 마산회원구 내서읍 호원로 361-3 코오롱 1차 119동 뒤 경로당 2층 코오롱한샘 어린이집,경남 창원시 마산회원구 내서읍 호원로 361-3,60,35.2663045036371,128.524986267974,kakao,point,내서읍
CC0367,어린이집,한우리다온어린이집,마산회원구,내서읍,내서읍 삼계리,4812725000,경상남도 창원시 마산회원구 내서읍 삼계1길 48 한우리a복지동내,경남 창원시 마산회원구 내서읍 삼계1길 48,26,35.228858606337,128.504409770834,kakao,point,내서읍
CC0368,어린이집,해바라기어린이집,마산회원구,내서읍,내서읍 삼계리,4812725000,경상남도 창원시 마산회원구 내서읍 숲속로 27 604동(복리동),경남 창원시 마산회원구 내서읍 숲속로 27,22,35.2298482281802,128.497778635903,kakao,point,내서읍
CC0369,어린이집,해와달아이어린이집,마산회원구,내서읍,내서읍 호계리,4812725000,경상남도 창원시 마산회원구 호계안길 36 -13번지,경남 창원시 마산회원구 내서읍 호계안길 36-13,95,35.2563400701258,128.520008616303,kakao,point,내서읍
CC0370,어린이집,호계사랑어린이집,마산회원구,내서읍,내서읍 호계리,4812725000,경상남도 창원시 마산회원구 내서읍 구미길 42-4,경남 창원시 마산회원구 내서읍 구미길 42-4,95,35.2528684010353,128.522059435557,kakao,point,내서읍
CC0371,어린이집,꼬마요정 어린이집,마산회원구,내서읍,내서읍 호계리,4812725000,경상남도 창원시 마산회원구 호원로 359 코오롱하늘채2차아파트218동104호,경남 창원시 마산회원구 내서읍 호원로 359,20,35.26531922377,128.524789896796,kakao,point,내서읍
CC0372,어린이집,사랑샘어린이집,마산회원구,내서읍,내서읍 삼계리,4812725000,경상남도 창원시 마산회원구 광려로 24-46,경남 창원시 마산회원구 내서읍 광려로 24-46,18,35.2245408397338,128.502014594177,kakao,point,내서읍
CC0373,어린이집,숲속엄마품어린이집,마산회원구,내서읍,내서읍 삼계리,4812725000,"경상남도 창원시 마산회원구 내서읍 숲속로 27 609동 103호(삼계리, 숲속마을주공그린빌6단지아파트)",경남 창원시 마산회원구 내서읍 숲속로 27,16,35.2298482281802,128.497778635903,kakao,point,내서읍
CC0374,어린이집,아이자람 어린이집,마산회원구,내서읍,내서읍 삼계리,4812725000,"경상남도 창원시 마산회원구 내서읍 숲속로 8 405동 104호(, 숲속마을주공그린빌4단지아파트)",경남 창원시 마산회원구 내서읍 숲속로 8,19,35.2313169989618,128.496524675404,kakao,point,내서읍
CC0375,어린이집,참좋은어린이집,마산회원구,내서읍,내서읍 삼계리,4812725000,경상남도 창원시 마산회원구 내서읍 삼계10길 22 119동 101호(THE-푸른아파트),경남 창원시 마산회원구 내서읍 삼계10길 22,14,35.2349142808915,128.502811193217,kakao,point,내서읍
CC0376,어린이집,푸른 어린이집,마산회원구,내서읍,내서읍 삼계리,4812725000,경상남도 창원시 마산회원구 내서읍 삼계10길 22 117동102호 (더-푸른아파트),경남 창원시 마산회원구 내서읍 삼계10길 22,14,35.2349142808915,128.502811193217,kakao,point,내서읍
CC0377,어린이집,하륜안계어린이집,마산회원구,내서읍,내서읍 삼계리,4812725000,경상남도 창원시 마산회원구 내서읍 삼계숲길 267,경남 창원시 마산회원구 내서읍 삼계숲길 267,15,35.2316399240163,128.493576650703,kakao,point,내서읍
CC0378,어린이집,해담어린이집,마산회원구,내서읍,내서읍 호계리,4812725000,"경상남도 창원시 마산회원구 내서읍 호원로 359 213동 104호(호계리, 코오롱하늘채아파트)",경남 창원시 마산회원구 내서읍 호원로 359,20,35.26531922377,128.524789896796,kakao,point,내서읍
CC0379,어린이집,창원시립 근주어린이집,마산회원구,석전동,석전동,4812754500,경상남도 창원시 마산회원구 석전동12길 8,경남 창원시 마산회원구 석전동12길 8,73,35.2326813589306,128.577360656688,kakao,point,석전동
CC0380,어린이집,창원시립 메트로석전어린이집,마산회원구,석전동,석전동,4812754500,"경상남도 창원시 마산회원구 석전남8길 40 109동(석전동,창원 메트로시티 석전)",경남 창원시 마산회원구 석전남8길 40,58,35.2298010847479,128.570731134756,kakao,point,석전동
CC0381,어린이집,창원시립 봉화어린이집,마산회원구,석전동,석전동,4812754500,경상남도 창원시 마산회원구 석전북18길 10 창원시립 봉화어린이집,경남 창원시 마산회원구 석전북18길 10,97,35.2311578085838,128.56707416436,kakao,point,석전동
CC0382,어린이집,창원시립 석전어린이집,마산회원구,석전동,석전동,4812754500,경상남도 창원시 마산회원구 석전북11길 6-10 경남 창원시 마산회원구 석전북11길 6-10(석전동 164-280),경남 창원시 마산회원구 석전북11길 6-10,70,35.2325392330907,128.570215937451,kakao,point,석전동
CC0383,어린이집,참빛어린이집,마산회원구,석전동,석전동,4812754500,경상남도 창원시 마산회원구 북성로 267 (석전동),경남 창원시 마산회원구 북성로 267,39,35.2302233775517,128.56627590287,kakao,point,석전동
CC0384,어린이집,금솔어린이집,마산회원구,석전동,석전동,4812754500,경상남도 창원시 마산회원구 석전남8길 40 석전메트로 102동 102호,경남 창원시 마산회원구 석전남8길 40,20,35.2298010847479,128.570731134756,kakao,point,석전동
CC0385,어린이집,삼정어린이집,마산회원구,석전동,석전동,4812754500,경상남도 창원시 마산회원구 석전동9길 31 102호 금강하이츠빌라(석전동),경남 창원시 마산회원구 석전동9길 31,20,35.2333697935602,128.575826312387,kakao,point,석전동
CC0386,어린이집,계명어린이집,마산회원구,양덕1동,양덕동,4812756000,경상남도 창원시 마산회원구 팔용로 23 (양덕동),경남 창원시 마산회원구 팔용로 23,39,35.2319639974843,128.585978435552,kakao,point,양덕1동
CC0387,어린이집,아셀어린이집,마산회원구,양덕1동,양덕동,4812756000,경상남도 창원시 마산회원구 양덕북1길 23,경남 창원시 마산회원구 양덕북1길 23,46,35.2316484626088,128.584362594728,kakao,point,양덕1동
CC0388,어린이집,조이어린이집,마산회원구,양덕1동,양덕동,4812756000,경상남도 창원시 마산회원구 양덕동12길 27 (양덕동),경남 창원시 마산회원구 양덕동12길 27,120,35.2307510045194,128.586062793838,kakao,point,양덕1동
CC0389,어린이집,경남숲 어린이집,마산회원구,양덕1동,양덕동,4812756000,"경상남도 창원시 마산회원구 양덕동16길 22 2동 103호(양덕동, 경남양덕아파트)",경남 창원시 마산회원구 양덕동16길 22,19,35.2344958496883,128.591036801224,kakao,point,양덕1동
CC0390,어린이집,세화어린이집,마산회원구,양덕1동,양덕동,4812756000,경상남도 창원시 마산회원구 양덕동12길 51-2,경남 창원시 마산회원구 양덕동12길 51-2,20,35.2317128992208,128.58673583422,kakao,point,양덕1동
CC0391,어린이집,창원시립 양덕롯데캐슬어린이집,마산회원구,양덕2동,양덕동,4812757000,경상남도 창원시 마산회원구 양덕로 48 창원 롯데캐슬 센텀골드 내 관리동,경남 창원시 마산회원구 양덕로 48,52,35.2246437503717,128.590873091606,kakao,point,양덕2동
CC0392,어린이집,창원시립 하버팰리스어린이집,마산회원구,양덕2동,양덕동,4812757000,경상남도 창원시 마산회원구 양덕동2길 20,경남 창원시 마산회원구 양덕동2길 20,63,35.2220271776522,128.590682864277,kakao,point,양덕2동
CC0393,어린이집,사회복지법인금강어린이집,마산회원구,양덕2동,,,경상남도 창원시 마산회원구 양덕남1길 22 한일2차타운내 사회복지법인 금강어린이집,경남 창원시 마산회원구 양덕동 64-1,163,35.23244691517965,128.581775228812,kakao,point,양덕2동
CC0394,어린이집,굿맘아이어린이집,마산회원구,양덕2동,양덕동,4812757000,경상남도 창원시 마산회원구 양덕옛2길 16,경남 창원시 마산회원구 양덕옛2길 16,35,35.2287858629739,128.57687676075,kakao,point,양덕2동
CC0395,어린이집,메트로사과나무어린이집,마산회원구,양덕2동,양덕동,4812757000,경상남도 창원시 마산회원구 양덕서로 30 (양덕동),경남 창원시 마산회원구 양덕서로 30,44,35.2283724648636,128.582628079245,kakao,point,양덕2동
CC0396,어린이집,메트로아이꽃뜰어린이집,마산회원구,양덕2동,양덕동,4812757000,경상남도 창원시 마산회원구 삼호로 80 메트로시티2차아파트내,경남 창원시 마산회원구 삼호로 80,66,35.2236728605877,128.584565894733,kakao,point,양덕2동
CC0397,어린이집,하늘채우솔어린이집,마산회원구,양덕2동,양덕동,4812757000,경상남도 창원시 마산회원구 양덕서5길 15,경남 창원시 마산회원구 양덕서5길 15,49,35.2272598184407,128.578838733618,kakao,point,양덕2동
CC0398,어린이집,한일어린이집,마산회원구,양덕2동,양덕동,4812757000,경상남도 창원시 마산회원구 양덕서로 45 한일타운4차 관리동 1층,경남 창원시 마산회원구 양덕서로 45,26,35.2288455464935,128.581005876933,kakao,point,양덕2동
CC0399,어린이집,대림어린이집,마산회원구,양덕2동,양덕동,4812757000,경상남도 창원시 마산회원구 양덕동2길 76 대림하이빌아파트 내 (양덕동),경남 창원시 마산회원구 양덕동2길 76,20,35.2244480825616,128.589145164708,kakao,point,양덕2동
CC0400,어린이집,라임어린이집,마산회원구,양덕2동,양덕동,4812757000,"경상남도 창원시 마산회원구 양덕로 151 208동 102호(양덕동, 한일타운)",경남 창원시 마산회원구 양덕로 151,20,35.2316349587179,128.582556899555,kakao,point,양덕2동
CC0401,어린이집,반디어린이집,마산회원구,양덕2동,양덕동,4812757000,"경상남도 창원시 마산회원구 양덕옛2길 16 109동 105호(양덕동, 양덕우성아파트)",경남 창원시 마산회원구 양덕옛2길 16,20,35.2287858629739,128.57687676075,kakao,point,양덕2동
CC0402,어린이집,새봄어린이집,마산회원구,양덕2동,양덕동,4812757000,경상남도 창원시 마산회원구 삼호로 151 한일3차아파트 내 (양덕동),경남 창원시 마산회원구 삼호로 151,20,35.2261050141865,128.575467904582,kakao,point,양덕2동
CC0403,어린이집,예꼬어린이집,마산회원구,양덕2동,양덕동,4812757000,"경상남도 창원시 마산회원구 양덕로 48 104동 104호(양덕동, 창원롯데캐슬센텀골드)",경남 창원시 마산회원구 양덕로 48,20,35.2246437503717,128.590873091606,kakao,point,양덕2동
CC0404,어린이집,작은별어린이집,마산회원구,양덕2동,양덕동,4812757000,"경상남도 창원시 마산회원구 양덕서8길 25 105동 101호(양덕동, 한일타운1차)",경남 창원시 마산회원구 양덕서8길 25,20,35.2316739466153,128.579552005031,kakao,point,양덕2동
CC0405,어린이집,키즈누리 어린이집,마산회원구,양덕2동,양덕동,4812757000,"경상남도 창원시 마산회원구 양덕동2길 20 102동 104호(양덕동, 창원롯데하버팰리스)",경남 창원시 마산회원구 양덕동2길 20,20,35.2220271776522,128.590682864277,kakao,point,양덕2동
CC0406,어린이집,해무리 어린이집,마산회원구,양덕2동,양덕동,4812757000,"경상남도 창원시 마산회원구 양덕로 151 201동 101호(양덕동, 한일타운)",경남 창원시 마산회원구 양덕로 151,20,35.2316349587179,128.582556899555,kakao,point,양덕2동
CC0407,어린이집,행복가득하늘채어린이집,마산회원구,양덕2동,양덕동,4812757000,경상남도 창원시 마산회원구 양덕서5길 15 102동 102호(양덕동 코오롱하늘채),경남 창원시 마산회원구 양덕서5길 15,20,35.2272598184407,128.578838733618,kakao,point,양덕2동
CC0408,어린이집,BNK창원어린이집,마산회원구,양덕2동,양덕동,4812757000,경상남도 창원시 마산회원구 양덕로 135 (양덕동),경남 창원시 마산회원구 양덕로 135,49,35.2305748676787,128.584008138725,kakao,point,양덕2동
CC0409,어린이집,해솔어린이집,마산회원구,양덕2동,양덕동,4812757000,경상남도 창원시 마산회원구 합포로 285 잘본병원 2층,경남 창원시 마산회원구 합포로 285,60,35.2229044729142,128.586643063035,kakao,point,양덕2동
CC0410,어린이집,창원시립 롯데캐슬어린이집,마산회원구,합성1동,합성동,4812758000,"경상남도 창원시 마산회원구 합성북16길 197 (합성동, 롯데캐슬더퍼스트)",경남 창원시 마산회원구 합성북16길 197,58,35.2450833629099,128.586531628809,kakao,point,합성1동
CC0411,어린이집,샘보아이어린이집,마산회원구,합성2동,합성동,4812759000,경상남도 창원시 마산회원구 합성동3길 49,경남 창원시 마산회원구 합성동3길 49,20,35.241713048412,128.588412455679,kakao,point,합성2동
CC0412,어린이집,삼성창원병원 직장어린이집,마산회원구,합성2동,합성동,4812759000,경상남도 창원시 마산회원구 팔용로 158,경남 창원시 마산회원구 팔용로 158,35,35.2429963860914,128.591965801829,kakao,point,합성2동
CC0413,어린이집,창원시립 회성어린이집,마산회원구,회성동,회성동,4812755000,경상남도 창원시 마산회원구 회성시장2길 20,경남 창원시 마산회원구 회성시장2길 20,67,35.2333256184355,128.556951614739,kakao,point,회성동
CC0414,어린이집,예꿈어린이집,마산회원구,회원1동,회원동,4812751000,경상남도 창원시 마산회원구 회원동14길 22 (회원동),경남 창원시 마산회원구 회원동14길 22,49,35.2198272312043,128.572547141532,kakao,point,회원1동
CC0415,어린이집,해든미래클어린이집,마산회원구,회원1동,회원동,4812751000,경상남도 창원시 마산회원구 회원동29길 63 (회원동),경남 창원시 마산회원구 회원동29길 63,20,35.2186382045474,128.575508290054,kakao,point,회원1동
CC0416,어린이집,창원시립 e편한세상어린이집,마산회원구,회원2동,회원동,4812752000,"경상남도 창원시 마산회원구 회원남로 65 (회원동,e편한세상창원파크센트럴2단지)",경남 창원시 마산회원구 회원남로 65,65,35.2194026917238,128.569503435739,kakao,point,회원2동
CC0417,어린이집,e편한세상키즈어린이집,마산회원구,회원2동,회원동,4812752000,경상남도 창원시 마산회원구 회원북13길 20 e편한세상 창원파크센트럴1단지 관리동,경남 창원시 마산회원구 회원북13길 20,58,35.222036895346,128.569984464304,kakao,point,회원2동
CC0418,어린이집,달나라 어린이집,마산회원구,회원2동,회원동,4812752000,경상남도 창원시 마산회원구 교방시장1길 57 (회원동),경남 창원시 마산회원구 교방시장1길 57,49,35.217208759621,128.56396523104,kakao,point,회원2동
CC0419,어린이집,청우 어린이집,마산회원구,회원2동,회원동,4812752000,경상남도 창원시 마산회원구 회원남33길 32 (회원동),경남 창원시 마산회원구 회원남33길 32,61,35.21832837166,128.562066585691,kakao,point,회원2동
CC0420,어린이집,행복가득 한마음어린이집,마산회원구,회원2동,회원동,4812752000,경상남도 창원시 마산회원구 회원북25길 23 (회원동),경남 창원시 마산회원구 회원북25길 23,75,35.2198829906557,128.563673123147,kakao,point,회원2동
CC0421,어린이집,빛나는 진명어린이집,마산회원구,회원2동,회원동,4812752000,경상남도 창원시 마산회원구 교방시장1길 36,경남 창원시 마산회원구 교방시장1길 36,20,35.21691415716,128.562931663154,kakao,point,회원2동
CC0422,어린이집,창원시립 경화어린이집,진해구,경화동,경화동,4812956000,경상남도 창원시 진해구 진해대로614번길 14 창원시립 경화어린이집,경남 창원시 진해구 진해대로614번길 14,143,35.1569093262826,128.682893781274,kakao,point,경화동
CC0423,어린이집,두산위브드림어린이집,진해구,경화동,경화동,4812956000,경상남도 창원시 진해구 조천로 30 경화동두산위브아파트 어린이집(복리동),경남 창원시 진해구 조천로 30,49,35.1609316532612,128.685313723902,kakao,point,경화동
CC0424,어린이집,킹스키즈어린이집,진해구,경화동,경화동,4812956000,경상남도 창원시 진해구 조천로23번길 14 (경화동),경남 창원시 진해구 조천로23번길 14,98,35.1598511236841,128.683476753426,kakao,point,경화동
CC0425,어린이집,해화어린이집,진해구,경화동,경화동,4812956000,경상남도 창원시 진해구 조천북로 88 (경화동),경남 창원시 진해구 조천북로 88,86,35.1610308401135,128.681659586198,kakao,point,경화동
CC0426,어린이집,창원시립 썬키즈어린이집,진해구,덕산동,자은동,4812961000,경상남도 창원시 진해구 진해대로979번길 5-7,경남 창원시 진해구 진해대로979번길 5-7,85,35.1420231884111,128.707720293449,kakao,point,덕산동
CC0427,어린이집,창원시립 자은주공어린이집,진해구,덕산동,자은동,4812961000,경상남도 창원시 진해구 진해대로975번길 23 복리동,경남 창원시 진해구 진해대로975번길 23,20,35.1440333583593,128.70959987084,kakao,point,덕산동
CC0428,어린이집,꼬마숲해담어린이집,진해구,덕산동,자은동,4812961000,경상남도 창원시 진해구 풍호로35번길 11 협성아이존빌 관리동,경남 창원시 진해구 풍호로35번길 11,26,35.1409958444106,128.704363048534,kakao,point,덕산동
CC0429,어린이집,경동큰나무어린이집,진해구,덕산동,풍호동,4812961000,"경상남도 창원시 진해구 풍호로3번길 14 106동 102호(풍호동, 경동윈츠빌아파트)",경남 창원시 진해구 풍호로3번길 14,19,35.1409388679932,128.702441515336,kakao,point,덕산동
CC0430,어린이집,덕산해군어린이집,진해구,덕산동,자은동,4812961000,경상남도 창원시 진해구 진해대로 943 덕산해군아파트,경남 창원시 진해구 진해대로 943,55,35.1447193441681,128.710572186447,kakao,point,덕산동
CC0431,어린이집,창원시립 글로벌리더어린이집,진해구,병암동,경화동,4812957000,경상남도 창원시 진해구 병암북로8번길 3-16,경남 창원시 진해구 병암북로8번길 3-16,170,35.1611250209577,128.691393504299,kakao,point,병암동
CC0432,어린이집,연꽃누리어린이집,진해구,병암동,경화동,4812957000,경상남도 창원시 진해구 충장로345번길 38-3,경남 창원시 진해구 충장로345번길 38-3,22,35.1571791452051,128.689697898144,kakao,point,병암동
CC0433,어린이집,슈퍼키즈어린이집,진해구,병암동,경화동,4812957000,경상남도 창원시 진해구 진해대로694번길 5-6,경남 창원시 진해구 진해대로694번길 5-6,98,35.1587903890452,128.691877838602,kakao,point,병암동
CC0434,어린이집,에셀나무어린이집,진해구,병암동,경화동,4812957000,경상남도 창원시 진해구 충장로337번길 31 (경화동),경남 창원시 진해구 충장로337번길 31,63,35.1564934206568,128.688623771567,kakao,point,병암동
CC0435,어린이집,아이존어린이집,진해구,병암동,이동,4812957000,"경상남도 창원시 진해구 병암로 20 102-103(이동, 디에스아이존빌)",경남 창원시 진해구 병암로 20,19,35.1546999953331,128.693109497688,kakao,point,병암동
CC0436,어린이집,근로복지공단 진해어린이집,진해구,석동,이동,4812958000,경상남도 창원시 진해구 진해대로776번길 35 (이동),경남 창원시 진해구 진해대로776번길 35,140,35.1554502745728,128.698079026285,kakao,point,석동
CC0437,어린이집,엄마사랑어린이집,진해구,석동,석동,4812958000,경상남도 창원시 진해구 진해대로789번길 24 (석동),경남 창원시 진해구 진해대로789번길 24,80,35.1588658146704,128.702855975941,kakao,point,석동
CC0438,어린이집,우림큰사랑어린이집,진해구,석동,석동,4812958000,"경상남도 창원시 진해구 해원로 45 112동(석동, 진해석동우림필유)",경남 창원시 진해구 해원로 45,38,35.1583362044688,128.697305658077,kakao,point,석동
CC0439,어린이집,벚꽃그린빌어린이집,진해구,석동,석동,4812958000,경상남도 창원시 진해구 석동로 60 벚꽃그린빌 3단지복지동,경남 창원시 진해구 석동로 60,19,35.1549298628343,128.706872938716,kakao,point,석동
CC0440,어린이집,베베천사어린이집,진해구,석동,석동,4812958000,"경상남도 창원시 진해구 해원로 45 123동103호(석동,우림필유)",경남 창원시 진해구 해원로 45,19,35.1583362044688,128.697305658077,kakao,point,석동
CC0441,어린이집,푸르지오어린이집,진해구,석동,석동,4812958000,경상남도 창원시 진해구 진해대로 725 석동 대우푸르지오 아파트 내 복리층,경남 창원시 진해구 진해대로 725,20,35.160023400955,128.694910720334,kakao,point,석동
CC0442,어린이집,창원시립 여좌어린이집,진해구,여좌동,여좌동,4812954000,경상남도 창원시 진해구 여좌로63번길 22,경남 창원시 진해구 여좌로63번길 22,90,35.1580812629978,128.660267714881,kakao,point,여좌동
CC0443,어린이집,SK숲art 어린이집,진해구,여좌동,여좌동,4812954000,경상남도 창원시 진해구 여좌남로41번길 33 (여좌동),경남 창원시 진해구 여좌남로41번길 33,20,35.1579099885533,128.660730843495,kakao,point,여좌동
CC0444,어린이집,천사들의뜰어린이집,진해구,여좌동,여좌동,4812954000,경상남도 창원시 진해구 여좌로99번길 14 (여좌동),경남 창원시 진해구 여좌로99번길 14,20,35.1605189354407,128.661383406914,kakao,point,여좌동
CC0445,어린이집,창원시립 남양어린이집,진해구,웅동1동,남양동,4812964000,"경상남도 창원시 진해구 월남로 144 관리동(남양동,창원 진해 비전시티 우방 아이유쉘 아파트)",경남 창원시 진해구 월남로 144,49,35.1200516462816,128.779765840786,kakao,point,웅동1동
CC0446,어린이집,창원시립 은성어린이집,진해구,웅동1동,마천동,4812964000,"경상남도 창원시 진해구 웅동로51번길 24-3 상가101호(마천동,청안그린빌아파트)",경남 창원시 진해구 웅동로51번길 24-3,32,35.1274641062532,128.781945867268,kakao,point,웅동1동
CC0447,어린이집,배화어린이집,진해구,웅동1동,두동,4812964000,경상남도 창원시 진해구 남의로116번길 27 (두동),경남 창원시 진해구 남의로116번길 27,157,35.1142211356642,128.795934803992,kakao,point,웅동1동
CC0448,어린이집,사랑숲어린이집,진해구,웅동1동,마천동,4812964000,경상남도 창원시 진해구 마천로 14-7,경남 창원시 진해구 마천로 14-7,83,35.1256753000559,128.785311876327,kakao,point,웅동1동
CC0449,어린이집,해오름아기세상어린이집,진해구,웅동1동,두동,4812964000,"경상남도 창원시 진해구 웅동로 182 102동 103호(두동, 희가로아파트)",경남 창원시 진해구 웅동로 182,19,35.1189030222424,128.792033902655,kakao,point,웅동1동
CC0450,어린이집,창원시립 용원어린이집,진해구,웅동2동,용원동,4812965000,경상남도 창원시 진해구 용원남로7번길 4 창원시립용원어린이집,경남 창원시 진해구 용원남로7번길 4,118,35.0964360429616,128.819287632432,kakao,point,웅동2동
CC0451,어린이집,꽃뜰에어린이집,진해구,웅동2동,용원동,4812965000,경상남도 창원시 진해구 용원북로11번길 8 (용원동),경남 창원시 진해구 용원북로11번길 8,90,35.1040563285066,128.81522551795,kakao,point,웅동2동
CC0452,어린이집,더푸르지오어린이집,진해구,웅동2동,안골동,4812965000,경상남도 창원시 진해구 안골로298번길 26 114동(복리동),경남 창원시 진해구 안골로298번길 26,58,35.0982022920565,128.806425893017,kakao,point,웅동2동
CC0453,어린이집,맑은샘어린이집,진해구,웅동2동,청안동,4812965000,경상남도 창원시 진해구 안청로 124 서광해인로즈빌 관리동 맑은샘어린이집,경남 창원시 진해구 안청로 124,26,35.1072939783225,128.8056063021,kakao,point,웅동2동
CC0454,어린이집,바다별어린이집,진해구,웅동2동,안골동,4812965000,경상남도 창원시 진해구 청안로 255,경남 창원시 진해구 청안로 255,56,35.0995591263729,128.802469337979,kakao,point,웅동2동
CC0455,어린이집,부산신항 5단지 부영사랑으로어린이집,진해구,웅동2동,용원동,4812965000,경상남도 창원시 진해구 신항5로 43 (용원동 사랑으로 부영5단지 아파트),경남 창원시 진해구 신항5로 43,27,35.0871428318353,128.805760585816,kakao,point,웅동2동
CC0456,어린이집,부산신항 6단지 부영사랑으로어린이집,진해구,웅동2동,용원동,4812965000,"경상남도 창원시 진해구 신항5로 56 관리동 1층(용원동,사랑으로 부영6단지아파트)",경남 창원시 진해구 신항5로 56,40,35.088425104509,128.807585352892,kakao,point,웅동2동
CC0457,어린이집,부산신항13단지부영사랑으로어린이집,진해구,웅동2동,용원동,4812965000,경상남도 창원시 진해구 신항4로 75 부산신항13단지 부영아파트 관리동,경남 창원시 진해구 신항4로 75,40,35.0902903502679,128.816141229598,kakao,point,웅동2동
CC0458,어린이집,부산신항2단지 부영사랑으로어린이집,진해구,웅동2동,용원동,4812965000,"경상남도 창원시 진해구 신항동로 226 관리동(용원동, 부산신항사랑으로 부영2단지아파트)",경남 창원시 진해구 신항동로 226,32,35.0892769441624,128.801209394839,kakao,point,웅동2동
CC0459,어린이집,부산신항3단지부영 사랑으로 어린이집,진해구,웅동2동,용원동,4812965000,경상남도 창원시 진해구 신항동로 225 관리동 (부산신항3단지 부영아파트),경남 창원시 진해구 신항동로 225,33,35.0881711662718,128.801966277844,kakao,point,웅동2동
CC0460,어린이집,부산신항4단지부영 사랑으로 어린이집,진해구,웅동2동,용원동,4812965000,경상남도 창원시 진해구 신항동로 267 부산신항4단지 부영아파트,경남 창원시 진해구 신항동로 267,33,35.0871962704687,128.801781573086,kakao,point,웅동2동
CC0461,어린이집,부산신항8단지 부영사랑으로어린이집,진해구,웅동2동,용원동,4812965000,경상남도 창원시 진해구 신항동로 136 부산신항8단지 부영아파트 어린이집,경남 창원시 진해구 신항동로 136,40,35.0899472255603,128.811692686232,kakao,point,웅동2동
CC0462,어린이집,크니크니어린이집,진해구,웅동2동,용원동,4812965000,경상남도 창원시 진해구 신항동로 143 111동(부산신항만이지더원아파트.복리동),경남 창원시 진해구 신항동로 143,31,35.0884070696793,128.811498208724,kakao,point,웅동2동
CC0463,어린이집,하늘별꽃어린이집,진해구,웅동2동,용원동,4812965000,경상남도 창원시 진해구 신항북로 202 211동(부산신항 이지더원아파트 2단지.복리동),경남 창원시 진해구 신항북로 202,31,35.0866063758344,128.81148436633,kakao,point,웅동2동
CC0464,어린이집,꼬맹이어린이집,진해구,웅동2동,용원동,4812965000,경상남도 창원시 진해구 용원북로12번안길 19 (용원동),경남 창원시 진해구 용원북로12번안길 19,20,35.1027228980049,128.818970062021,kakao,point,웅동2동
CC0465,어린이집,꿈동산어린이집,진해구,웅동2동,용원동,4812965000,"경상남도 창원시 진해구 신항4로 75 1307동101호(용원동, 부산신항13단지부영아파트)",경남 창원시 진해구 신항4로 75,19,35.0902903502679,128.816141229598,kakao,point,웅동2동
CC0466,어린이집,꿈자람어린이집,진해구,웅동2동,용원동,4812965000,"경상남도 창원시 진해구 신항동로 136 801동102호(용원동,부산신항8단지부영아파트)",경남 창원시 진해구 신항동로 136,15,35.0899472255603,128.811692686232,kakao,point,웅동2동
CC0467,어린이집,동화숲어린이집,진해구,웅동2동,용원동,4812965000,경상남도 창원시 진해구 안골로 359 일신님아파트 106-103,경남 창원시 진해구 안골로 359,19,35.1034920124458,128.809184621804,kakao,point,웅동2동
CC0468,어린이집,리온어린이집,진해구,웅동2동,용원동,4812965000,"경상남도 창원시 진해구 안청북로 42 ,관리동 1층(용원동, 현대아파트)",경남 창원시 진해구 안청북로 42,20,35.1046953181316,128.808767735968,kakao,point,웅동2동
CC0469,어린이집,리치어린이집,진해구,웅동2동,용원동,4812965000,"경상남도 창원시 진해구 안골로 359 102동 104호(용원동, 일신님)",경남 창원시 진해구 안골로 359,19,35.1034920124458,128.809184621804,kakao,point,웅동2동
CC0470,어린이집,맑은숲어린이집,진해구,웅동2동,청안동,4812965000,경상남도 창원시 진해구 안청로 126 112동101호,경남 창원시 진해구 안청로 126,13,35.1074137350992,128.80601252301,kakao,point,웅동2동
CC0471,어린이집,솔로몬어린이집,진해구,웅동2동,청안동,4812965000,"경상남도 창원시 진해구 안청로 126 102-103(청안동, 해인로즈빌앞트)",경남 창원시 진해구 안청로 126,13,35.1074137350992,128.80601252301,kakao,point,웅동2동
CC0472,어린이집,아이뜰어린이집,진해구,웅동2동,용원동,4812965000,"경상남도 창원시 진해구 안청남로 29-1 102동 105호(용원동, 일신님)",경남 창원시 진해구 안청남로 29-1,19,35.1025928537448,128.806726860311,kakao,point,웅동2동
CC0473,어린이집,아이마음 어린이집,진해구,웅동2동,용원동,4812965000,"경상남도 창원시 진해구 안청남로 33 109동 103호(용원동, 코아루)",경남 창원시 진해구 안청남로 33,19,35.1010641938856,128.806728102456,kakao,point,웅동2동
CC0474,어린이집,아이원어린이집,진해구,웅동2동,청안동,4812965000,"경상남도 창원시 진해구 안청북로 33 105동 102호(청안동, 풍림아파트)",경남 창원시 진해구 안청북로 33,13,35.1043311473356,128.806549520447,kakao,point,웅동2동
CC0475,어린이집,아이조아 어린이집,진해구,웅동2동,용원동,4812965000,"경상남도 창원시 진해구 신항동로 225 307동 101호(용원동, 부산신항3단지 부영아파트)",경남 창원시 진해구 신항동로 225,19,35.0881711662718,128.801966277844,kakao,point,웅동2동
CC0476,어린이집,예쁜꼬마어린이집,진해구,웅동2동,용원동,4812965000,"경상남도 창원시 진해구 안청남로 33 109동 106호(용원동, 코아루)",경남 창원시 진해구 안청남로 33,19,35.1010641938856,128.806728102456,kakao,point,웅동2동
CC0477,어린이집,일신아이뜰어린이집,진해구,웅동2동,용원동,4812965000,경상남도 창원시 진해구 안청남로 29-1 102동 106호(일신님아파트),경남 창원시 진해구 안청남로 29-1,19,35.1025928537448,128.806726860311,kakao,point,웅동2동
CC0478,어린이집,재미팡팡어린이집,진해구,웅동2동,용원동,4812965000,"경상남도 창원시 진해구 안청남로 33 107동 105호(용원동, 코아루)",경남 창원시 진해구 안청남로 33,19,35.1010641938856,128.806728102456,kakao,point,웅동2동
CC0479,어린이집,초록어린이집,진해구,웅동2동,청안동,4812965000,경상남도 창원시 진해구 안청남로 13 107-106(청안동 부영아파트),경남 창원시 진해구 안청남로 13,19,35.1013899021377,128.805814365895,kakao,point,웅동2동
CC0480,어린이집,키즈맘어린이집,진해구,웅동2동,용원동,4812965000,"경상남도 창원시 진해구 안청남로 29-1 102동 102호(용원동, 일신님)",경남 창원시 진해구 안청남로 29-1,20,35.1025928537448,128.806726860311,kakao,point,웅동2동
CC0481,어린이집,해달별어린이집,진해구,웅동2동,용원동,4812965000,경상남도 창원시 진해구 신항4로 75 1302동101호(용원동.부산신항13단지부영아파트),경남 창원시 진해구 신항4로 75,19,35.0902903502679,128.816141229598,kakao,point,웅동2동
CC0482,어린이집,해담어린이집,진해구,웅동2동,용원동,4812965000,"경상남도 창원시 진해구 신항동로 225 308동 106호(용원동, 부산신항3단지 부영아파트)",경남 창원시 진해구 신항동로 225,19,35.0881711662718,128.801966277844,kakao,point,웅동2동
CC0483,어린이집,힐링어린이집,진해구,웅동2동,청안동,4812965000,"경상남도 창원시 진해구 안청북로 33 101-103(청안동,풍림아파트)",경남 창원시 진해구 안청북로 33,13,35.1043311473356,128.806549520447,kakao,point,웅동2동
CC0484,어린이집,창원시립 남문어린이집,진해구,웅천동,남문동,4812963000,경상남도 창원시 진해구 웅천동로43번길 19 진해남문호반베르디움아파트 관리동,경남 창원시 진해구 웅천동로43번길 19,65,35.1041732778227,128.757084257176,kakao,point,웅천동
CC0485,어린이집,창원시립 남문프라디움어린이집,진해구,웅천동,남문동,4812963000,"경상남도 창원시 진해구 웅천동로 100 (남문동, 남문시티프라디움2차아파트)",경남 창원시 진해구 웅천동로 100,73,35.104397616163,128.751154542871,kakao,point,웅천동
CC0486,어린이집,창원시립 리젠시빌어린이집,진해구,웅천동,남문동,4812963000,경상남도 창원시 진해구 웅천동로1번길 18,경남 창원시 진해구 웅천동로1번길 18,55,35.1057426602422,128.75840214674,kakao,point,웅천동
CC0487,어린이집,남문시티이화어린이집,진해구,웅천동,남문동,4812963000,"경상남도 창원시 진해구 웅천동로 16 (남문동, 남문1차 시티프라디움)복리동",경남 창원시 진해구 웅천동로 16,80,35.1070912166273,128.754648645509,kakao,point,웅천동
CC0488,어린이집,더웰어린이집,진해구,웅천동,남문동,4812963000,경상남도 창원시 진해구 웅천동로 13 남문리젠시빌란트더웰 관리동,경남 창원시 진해구 웅천동로 13,39,35.1054556542878,128.756379871654,kakao,point,웅천동
CC0489,어린이집,무지개어린이집,진해구,웅천동,서중동,4812963000,경상남도 창원시 진해구 웅천중로51번길 24 (서중동),경남 창원시 진해구 웅천중로51번길 24,190,35.1102539788812,128.74743120377,kakao,point,웅천동
CC0490,어린이집,꽃길어린이집,진해구,웅천동,남문동,4812963000,"경상남도 창원시 진해구 웅천동로 100 206동 101호(남문동, 남문시티프라디움2차)",경남 창원시 진해구 웅천동로 100,19,35.104397616163,128.751154542871,kakao,point,웅천동
CC0491,어린이집,남문시티어린이집,진해구,웅천동,남문동,4812963000,경상남도 창원시 진해구 웅천동로 16 112동103호(남문동.시티프라디움1차아파트),경남 창원시 진해구 웅천동로 16,13,35.1070912166273,128.754648645509,kakao,point,웅천동
CC0492,어린이집,남문햇살어린이집,진해구,웅천동,남문동,4812963000,경상남도 창원시 진해구 웅천동로 16 105동103호(남문동.시티프라디움1차아파트),경남 창원시 진해구 웅천동로 16,13,35.1070912166273,128.754648645509,kakao,point,웅천동
CC0493,어린이집,시티행복어린이집,진해구,웅천동,남문동,4812963000,"경상남도 창원시 진해구 웅천동로 100 208동 102호(남문동, 시티프라디움2차)",경남 창원시 진해구 웅천동로 100,19,35.104397616163,128.751154542871,kakao,point,웅천동
CC0494,어린이집,아이사랑어린이집,진해구,이동,이동,4812959000,경상남도 창원시 진해구 이동로13번길 8 (이동),경남 창원시 진해구 이동로13번길 8,20,35.1515755669244,128.693526028803,kakao,point,이동
CC0495,어린이집,창원시립 자은센트럴어린이집,진해구,자은동,자은동,4812960000,"경상남도 창원시 진해구 냉천로 189 (자은동, 센트럴빌리지)",경남 창원시 진해구 냉천로 189,73,35.1568403727538,128.716966465809,kakao,point,자은동
CC0496,어린이집,창원시립 자은하늘닮어린이집,진해구,자은동,자은동,4812960000,경상남도 창원시 진해구 냉천로 192 천년나무아파트 관리동,경남 창원시 진해구 냉천로 192,79,35.1558062247932,128.715108646567,kakao,point,자은동
CC0497,어린이집,은혜영아전담어린이집,진해구,자은동,자은동,4812960000,경상남도 창원시 진해구 자은로78번길 41 (자은동),경남 창원시 진해구 자은로78번길 41,39,35.1485513836553,128.710333863602,kakao,point,자은동
CC0498,어린이집,발도르프예쁜어린이집,진해구,자은동,자은동,4812960000,경상남도 창원시 진해구 냉천로129번길 30-1 (자은동),경남 창원시 진해구 냉천로129번길 30-1,49,35.156451137133,128.709856400074,kakao,point,자은동
CC0499,어린이집,에일린의뜰어린이집,진해구,자은동,자은동,4812960000,경상남도 창원시 진해구 냉천로 235 에일린의뜰,경남 창원시 진해구 냉천로 235,39,35.1549258896153,128.72144396701,kakao,point,자은동
CC0500,어린이집,예그리나어린이집,진해구,자은동,자은동,4812960000,"경상남도 창원시 진해구 진해대로921번길 10 벚꽃마을아파트 내 복리동(자은동,벚꽃마을아파트)",경남 창원시 진해구 진해대로921번길 10,22,35.1463493290151,128.70965084018,kakao,point,자은동
CC0501,어린이집,중흥솔가람어린이집,진해구,자은동,자은동,4812960000,경상남도 창원시 진해구 냉천로 262 110동(관리동),경남 창원시 진해구 냉천로 262,39,35.153955027922,128.717073828897,kakao,point,자은동
CC0502,어린이집,프라임크로바어린이집,진해구,자은동,자은동,4812960000,경상남도 창원시 진해구 냉천로 257 LH자은프라임 복리동,경남 창원시 진해구 냉천로 257,73,35.1523028750199,128.719274312333,kakao,point,자은동
CC0503,어린이집,하늘소어린이집,진해구,자은동,자은동,4812960000,경상남도 창원시 진해구 자은로64번길 13 (자은동),경남 창원시 진해구 자은로64번길 13,79,35.1501147562851,128.709004429246,kakao,point,자은동
CC0504,어린이집,사랑별어린이집,진해구,자은동,자은동,4812960000,"경상남도 창원시 진해구 냉천로 257 116동 102호(자은동,자은프라임)",경남 창원시 진해구 냉천로 257,19,35.1523028750199,128.719274312333,kakao,point,자은동
CC0505,어린이집,생태친화어린이집,진해구,자은동,자은동,4812960000,경상남도 창원시 진해구 냉천로 310-31,경남 창원시 진해구 냉천로 310-31,16,35.1533263512442,128.715164344887,kakao,point,자은동
CC0506,어린이집,아이스토리어린이집,진해구,자은동,자은동,4812960000,"경상남도 창원시 진해구 냉천로 84 112동 101호(자은동, 대동빌라트)",경남 창원시 진해구 냉천로 84,19,35.1526905191156,128.706372639006,kakao,point,자은동
CC0507,어린이집,창원시립 신흥어린이집,진해구,충무동,신흥동,4812953000,경상남도 창원시 진해구 충무로 23 (신흥동),경남 창원시 진해구 충무로 23,98,35.1453997940548,128.656591342612,kakao,point,충무동
CC0508,어린이집,글로리아어린이집,진해구,충무동,대죽동,4812953000,경상남도 창원시 진해구 태평로 80 글로리아어린이집,경남 창원시 진해구 태평로 80,98,35.1447703920302,128.668227458996,kakao,point,충무동
CC0509,어린이집,홍익어린이집,진해구,충무동,회현동,4812953000,경상남도 창원시 진해구 편백로7번길 20 (회현동),경남 창원시 진해구 편백로7번길 20,113,35.1512772030137,128.657262211544,kakao,point,충무동
CC0510,어린이집,궁전어린이집,진해구,충무동,충의동,4812953000,경상남도 창원시 진해구 태평로48번길 9 (충의동),경남 창원시 진해구 태평로48번길 9,20,35.1447908423591,128.664532799324,kakao,point,충무동
CC0511,어린이집,오션빌해군어린이집,진해구,충무동,동상동,4812953000,경상남도 창원시 진해구 여명로 19 오션빌아파트내,경남 창원시 진해구 여명로 19,80,35.1542908334211,128.654150267553,kakao,point,충무동
CC0512,어린이집,숙명어린이집,진해구,태백동,태백동,4812955000,경상남도 창원시 진해구 태백서로 75 (태백동),경남 창원시 진해구 태백서로 75,93,35.157658812662,128.674444897904,kakao,point,태백동
CC0513,어린이집,창원시립 보배하나어린이집,진해구,풍호동,풍호동,4812962000,경상남도 창원시 진해구 진해대로 1101 진해종합사회복지관 부설 장애전담보배하나어린이집,경남 창원시 진해구 진해대로 1101,49,35.131470934474,128.710235537961,kakao,point,풍호동
CC0514,어린이집,풍호은성영아전담어린이집,진해구,풍호동,풍호동,4812962000,경상남도 창원시 진해구 천자로385번길 9-12,경남 창원시 진해구 천자로385번길 9-12,49,35.1357845492038,128.706049889867,kakao,point,풍호동
CC0515,어린이집,늘푸른어린이집,진해구,풍호동,풍호동,4812962000,경상남도 창원시 진해구 천자로 386 마린푸르지오아파트 복리동,경남 창원시 진해구 천자로 386,130,35.1344357190043,128.704574607152,kakao,point,풍호동
CC0516,어린이집,마린빅스맘어린이집,진해구,풍호동,풍호동,4812962000,"경상남도 창원시 진해구 충장로657번길 35 관리동(풍호동, 창원마린푸르지오 2단지아파트)",경남 창원시 진해구 충장로657번길 35,33,35.1313005627606,128.706352028528,kakao,point,풍호동
CC0517,어린이집,조이어린이집,진해구,풍호동,풍호동,4812962000,경상남도 창원시 진해구 천자로413번길 5 (풍호동),경남 창원시 진해구 천자로413번길 5,161,35.1355659204001,128.709706170674,kakao,point,풍호동
CC0518,어린이집,파랑새어린이집,진해구,풍호동,풍호동,4812962000,"경상남도 창원시 진해구 진해대로1026번길 15 부길하이츠빌라 101,102 (풍호동)",경남 창원시 진해구 진해대로1026번길 15,39,35.137471381382,128.706113505562,kakao,point,풍호동
CC0519,어린이집,한신에코어린이집,진해구,풍호동,장천동,4812962000,경상남도 창원시 진해구 행암로 5 213동(복리동),경남 창원시 진해구 행암로 5,39,35.1296308710768,128.708320967188,kakao,point,풍호동
CC0520,어린이집,해누리어린이집,진해구,풍호동,장천동,4812962000,경상남도 창원시 진해구 행암로 25 대동다숲아파트내 복리동 해누리어린이집,경남 창원시 진해구 행암로 25,39,35.1292307376018,128.704756043594,kakao,point,풍호동
CC0521,어린이집,산새소리어린이집,진해구,풍호동,풍호동,4812962000,"경상남도 창원시 진해구 풍호로42번길 13 112동 102호(풍호동, 동부산아이존빌)",경남 창원시 진해구 풍호로42번길 13,20,35.1386250695694,128.706117944269,kakao,point,풍호동
CC0522,어린이집,에코베베어린이집,진해구,풍호동,풍호동,4812962000,"경상남도 창원시 진해구 충장로 575 110동 103호(풍호동, 우성아파트)",경남 창원시 진해구 충장로 575,20,35.1379683321687,128.702736543517,kakao,point,풍호동
CC0523,어린이집,우성루키어린이집,진해구,풍호동,풍호동,4812962000,"경상남도 창원시 진해구 충장로 575 118동 107호(풍호동, 우성아파트)",경남 창원시 진해구 충장로 575,19,35.1379683321687,128.702736543517,kakao,point,풍호동
CC0524,어린이집,바다마을해군어린이집,진해구,풍호동,풍호동,4812962000,경상남도 창원시 진해구 충장로 645,경남 창원시 진해구 충장로 645,82,35.1336067217052,128.704469121525,kakao,point,풍호동
SC0001,경로당,고양 경로당,의창구,동읍,동읍 화양리,4812125000,경상남도 창원시 의창구 동읍 백월로 540,경남 창원시 의창구 동읍 백월로 540,,35.3050439591063,128.654851782502,kakao,point,동읍
SC0002,경로당,곡목 경로당,의창구,동읍,동읍 화양리,4812125000,경상남도 창원시 의창구 동읍 동읍로 359번길 47,경남 창원시 의창구 동읍 동읍로359번길 47,,35.2984420215771,128.661136058881,kakao,point,동읍
SC0003,경로당,금동 경로당,의창구,동읍,동읍 금산리,4812125000,경상남도 창원시 의창구 동읍 동읍로 835번길 7,경남 창원시 의창구 동읍 동읍로835번길 7,,35.3332328911049,128.66622099111,kakao,point,동읍
SC0004,경로당,금산 경로당,의창구,동읍,동읍 금산리,4812125000,경상남도 창원시 의창구 동읍 동읍로 670번길 6,경남 창원시 의창구 동읍 동읍로670번길 6,,35.323145502127,128.664271277506,kakao,point,동읍
SC0005,경로당,기로회 경로당,의창구,동읍,동읍 용잠리,4812125000,경상남도 창원시 의창구 동읍 용잠로 45-5,경남 창원시 의창구 동읍 용잠로 45-5,,35.2795237885002,128.689182870985,kakao,point,동읍
SC0006,경로당,남산경로당,의창구,동읍,동읍 남산리,4812125000,경상남도 창원시 의창구 동읍 용남길 10번길 74,경남 창원시 의창구 동읍 용남길10번길 74,,35.2775505444007,128.660984875659,kakao,point,동읍
SC0007,경로당,내단 경로당,의창구,동읍,동읍 단계리,4812125000,경상남도 창원시 의창구 동읍 자여로 118번길 7,경남 창원시 의창구 동읍 자여로118번길 7,,35.2732554683236,128.703879544617,kakao,point,동읍
SC0008,경로당,노옥 경로당,의창구,동읍,동읍 노연리,4812125000,경상남도 창원시 의창구 동읍 노연로 143번길 12,경남 창원시 의창구 동읍 노연로143번길 12,,35.3602848880452,128.668507001529,kakao,point,동읍
SC0009,경로당,다호 경로당,의창구,동읍,동읍 다호리,4812125000,경상남도 창원시 의창구 동읍 동읍로 267번 다호길 35,경남 창원시 의창구 동읍 동읍로267번다호길 35,,35.2950664785504,128.670507649081,kakao,point,동읍
SC0010,경로당,단산경로당,의창구,동읍,동읍 송정리,4812125000,경상남도 창원시 의창구 동읍 자여로 78번길 5,경남 창원시 의창구 동읍 자여로78번길 5,,35.2760920699768,128.700738755499,kakao,point,동읍
SC0011,경로당,달천 경로당,의창구,동읍,동읍 노연리,4812125000,경상남도 창원시 의창구 동읍 노연로 69번길 27,경남 창원시 의창구 동읍 노연로69번길 27,,35.362066865869,128.661042106432,kakao,point,동읍
SC0012,경로당,대한APT 경로당,의창구,동읍,동읍 신방리,4812125000,경상남도 창원시 의창구 동읍 신방로 17(대한아파트),경남 창원시 의창구 동읍 신방로 17,,35.2857819835903,128.683209754255,kakao,point,동읍
SC0013,경로당,덕산경로당,의창구,동읍,동읍 덕산리,4812125000,경상남도 창원시 의창구 동읍 덕산길43번길 8,경남 창원시 의창구 동읍 덕산길43번길 8,,35.2716264802408,128.674307327295,kakao,point,동읍
SC0014,경로당,덕천경로당,의창구,동읍,동읍 용잠리,4812125000,경상남도 창원시 의창구 동읍 동읍로 19번길 50,경남 창원시 의창구 동읍 동읍로19번길 50,,35.2796173469606,128.684037971978,kakao,point,동읍
SC0015,경로당,동부산2차아파트경로당,의창구,동읍,동읍 송정리,4812125000,경상남도 창원시 의창구 동읍 용정길32번길 14(동부산훼미리타운2차),경남 창원시 의창구 동읍 용정길32번길 14,,35.2774395378255,128.702796112455,kakao,point,동읍
SC0016,경로당,동월 경로당,의창구,동읍,동읍 월잠리,4812125000,경상남도 창원시 의창구 동읍 주남로 128번길 68-2,경남 창원시 의창구 동읍 주남로128번길 68-2,,35.3038030099391,128.685803804121,kakao,point,동읍
SC0017,경로당,마룡 경로당,의창구,동읍,동읍 석산리,4812125000,경상남도 창원시 의창구 동읍 석산길 51번길 8-18,경남 창원시 의창구 동읍 석산길51번길 8-18,,35.3173910034582,128.660221711491,kakao,point,동읍
SC0018,경로당,모암 경로당,의창구,동읍,동읍 신방리,4812125000,경상남도 창원시 의창구 동읍 동읍로 213번길 7,경남 창원시 의창구 동읍 동읍로213번길 7,,35.2936939892343,128.67461491787,kakao,point,동읍
SC0019,경로당,무성 경로당,의창구,동읍,동읍 무성리,4812125000,경상남도 창원시 의창구 동읍 무성길47번길 1,경남 창원시 의창구 동읍 무성길47번길 1,,35.2893461034,128.699388591706,kakao,point,동읍
SC0020,경로당,무성1구경로당,의창구,동읍,동읍 무성리,4812125000,경상남도 창원시 의창구 동읍 무성길47번길 21,경남 창원시 의창구 동읍 무성길47번길 21,,35.2896309896664,128.697661614851,kakao,point,동읍
SC0021,경로당,무성1구남자경로당,의창구,동읍,동읍 무성리,4812125000,경상남도 창원시 의창구 동읍 무성길 47번길 21,경남 창원시 의창구 동읍 무성길47번길 21,,35.2896309896664,128.697661614851,kakao,point,동읍
SC0022,경로당,무성부인 경로당,의창구,동읍,동읍 무성리,4812125000,경상남도 창원시 의창구 동읍 무성길47번길 1,경남 창원시 의창구 동읍 무성길47번길 1,,35.2893461034,128.699388591706,kakao,point,동읍
SC0023,경로당,무점 경로당,의창구,동읍,동읍 무점리,4812125000,경상남도 창원시 의창구 동읍 무점길 88번길 21-12,경남 창원시 의창구 동읍 무점길88번길 21-12,,35.2942713409088,128.695295287966,kakao,point,동읍
SC0024,경로당,본포 경로당,의창구,동읍,동읍 본포리,4812125000,경상남도 창원시 의창구 동읍 동읍로 1310번길 68,경남 창원시 의창구 동읍 동읍로1310번길 68,,35.3685866971388,128.64631480544,kakao,point,동읍
SC0025,경로당,봉강 경로당,의창구,동읍,동읍 봉강리,4812125000,경상남도 창원시 의창구 동읍 동읍로 1141번길 31,경남 창원시 의창구 동읍 동읍로1141번길 31,,35.3509226854878,128.653701274494,kakao,point,동읍
SC0026,경로당,봉곡 경로당,의창구,동읍,동읍 봉곡리,4812125000,경상남도 창원시 의창구 동읍 동읍로 1057번길 51,경남 창원시 의창구 동읍 동읍로1057번길 51,,35.3419129987195,128.65463355262,kakao,point,동읍
SC0027,경로당,봉산경로당,의창구,동읍,동읍 봉산리,4812125000,경상남도 창원시 의창구 동읍 자여로 60번길 11,경남 창원시 의창구 동읍 자여로60번길 11,,35.2767436624314,128.699788682679,kakao,point,동읍
SC0028,경로당,산남 경로당,의창구,동읍,동읍 산남리,4812125000,경상남도 창원시 의창구 동읍 봉강가술로 203,경남 창원시 의창구 동읍 봉강가술로 203,,35.3522847800931,128.677148219608,kakao,point,동읍
SC0029,경로당,삼운 경로당,의창구,동읍,동읍 봉강리,4812125000,경상남도 창원시 의창구 동읍 동읍로 1153,경남 창원시 의창구 동읍 동읍로 1153,,35.3524124478451,128.656564853497,kakao,point,동읍
SC0030,경로당,삼진아파트경로당,의창구,동읍,동읍 용잠리,4812125000,"경상남도 창원시 의창구 동읍 의창대로915번길 8, (삼진아파트)",경남 창원시 의창구 동읍 의창대로915번길 8,,35.280028169826,128.691254687531,kakao,point,동읍
SC0031,경로당,석산 경로당,의창구,동읍,동읍 석산리,4812125000,경상남도 창원시 의창구 동읍 석산길 16번길 9,경남 창원시 의창구 동읍 석산길16번길 9,,35.3143210831638,128.659502554649,kakao,point,동읍
SC0032,경로당,성진2차경로당,의창구,동읍,동읍 용정리,4812125000,경상남도 창원시 의창구 동읍 용정길 46번길 35,경남 창원시 의창구 동읍 용정길46번길 35,,35.2756155617221,128.705579743348,kakao,point,동읍
SC0033,경로당,성진까치빌라경로당,의창구,동읍,동읍 용정리,4812125000,경상남도 창원시 의창구 동읍 단계로 84,경남 창원시 의창구 동읍 단계로 84,,35.2769742384364,128.704907522667,kakao,point,동읍
SC0034,경로당,성진정 경로당,의창구,동읍,동읍 용정리,4812125000,경상남도 창원시 의창구 동읍 용정길 46번길 53,경남 창원시 의창구 동읍 용정길46번길 53,,35.2737238335711,128.706301861789,kakao,point,동읍
SC0035,경로당,송정1구경로당,의창구,동읍,동읍 송정리,4812125000,경상남도 창원시 의창구 동읍 자여로 82,경남 창원시 의창구 동읍 자여로 82,,35.2759719313502,128.701572231753,kakao,point,동읍
SC0036,경로당,송정주공APT경로당,의창구,동읍,동읍 송정리,4812125000,경상남도 창원시 의창구 동읍 용정길 26(송정주공아파트),경남 창원시 의창구 동읍 용정길 26,,35.2774809287219,128.701090792686,kakao,point,동읍
SC0037,경로당,신방 경로당,의창구,동읍,동읍 신방리,4812125000,경상남도 창원시 의창구 동읍로 112번길 1-5,경남 창원시 의창구 동읍 동읍로112번길 1-5,,35.2861273546324,128.680421308884,kakao,point,동읍
SC0038,경로당,신방 부인 경로당,의창구,동읍,동읍 신방리,4812125000,경상남도 창원시 의창구 동읍로 112번길 1-5,경남 창원시 의창구 동읍 동읍로112번길 1-5,,35.2861273546324,128.680421308884,kakao,point,동읍
SC0039,경로당,신안APT 경로당,의창구,동읍,동읍 용잠리,4812125000,경상남도 창원시 의창구 동읍 동읍로 7,경남 창원시 의창구 동읍 동읍로 7,,35.2778402400316,128.683876766257,kakao,point,동읍
SC0040,경로당,양교경로당,의창구,동읍,동읍 금산리,4812125000,경상남도 창원시 의창구 동읍 동읍로 968-2,경남 창원시 의창구 동읍 동읍로 968-2,,35.3427889245524,128.667781955609,kakao,point,동읍
SC0041,경로당,외단경로당,의창구,동읍,동읍 단계리,4812125000,경상남도 창원시 의창구 동읍 자여로 115번길 84,경남 창원시 의창구 동읍 자여로115번길 84,,35.2705500597678,128.710881649389,kakao,point,동읍
SC0042,경로당,용강 경로당,의창구,동읍,동읍 용강리,4812125000,경상남도 창원시 의창구 동읍 의창대로 421번길 43,경남 창원시 의창구 동읍 의창대로421번길 43,,35.2703829876475,128.636895866995,kakao,point,동읍
SC0043,경로당,용산 경로당,의창구,동읍,동읍 죽동리,4812125000,경상남도 창원시 의창구 동읍 죽동길 53,경남 창원시 의창구 동읍 죽동길 53,,35.3308588358858,128.676141671023,kakao,point,동읍
SC0044,경로당,용산부인경로당,의창구,동읍,동읍 죽동리,4812125000,경상남도 창원시 의창구 동읍 죽동길 53,경남 창원시 의창구 동읍 죽동길 53,,35.3308588358858,128.676141671023,kakao,point,동읍
SC0045,경로당,용암 경로당,의창구,동읍,동읍 용강리,4812125000,경상남도 창원시 의창구 동읍 의창대로 491번길 57-3,경남 창원시 의창구 동읍 의창대로491번길 57-3,,35.272406170253,128.645600476199,kakao,point,동읍
SC0046,경로당,용연 경로당,의창구,동읍,동읍 노연리,4812125000,경상남도 창원시 의창구 동읍 노연로 224-12,경남 창원시 의창구 동읍 노연로 224-12,,35.3544442532573,128.670126873839,kakao,point,동읍
SC0047,경로당,용잠1구 경로당,의창구,동읍,동읍 용잠리,4812125000,경상남도 창원시 의창구 동읍 용잠로 42-12,경남 창원시 의창구 동읍 용잠로 42-12,,35.2794091527296,128.688105097373,kakao,point,동읍
SC0048,경로당,용잠2구 경로당,의창구,동읍,동읍 용잠리,4812125000,경상남도 창원시 의창구 동읍 의창대로 900번길 9-4,경남 창원시 의창구 동읍 의창대로900번길 9-4,,35.2781792902194,128.689439697085,kakao,point,동읍
SC0049,경로당,용잠3구 경로당,의창구,동읍,동읍 용잠리,4812125000,경상남도 창원시 의창구 동읍 동읍로 16-12,경남 창원시 의창구 동읍 동읍로 16-12,,35.2790520569916,128.685419600303,kakao,point,동읍
SC0050,경로당,용잠6구경로당,의창구,동읍,동읍 용잠리,4812125000,경상남도 창원시 의창구 동읍 의창대로 915번길 17-2,경남 창원시 의창구 동읍 의창대로915번길 17-2,,35.2807766548505,128.690375855807,kakao,point,동읍
SC0051,경로당,용잠본동경로당,의창구,동읍,동읍 용잠리,4812125000,경상남도 창원시 의창구 동읍 동읍로 83번길 33-3,경남 창원시 의창구 동읍 동읍로83번길 33-3,,35.2829298693522,128.679031945545,kakao,point,동읍
SC0052,경로당,용잠본동부인경로당,의창구,동읍,동읍 용잠리,4812125000,경상남도 창원시 의창구 동읍 동읍로 83번길 33-3,경남 창원시 의창구 동읍 동읍로83번길 33-3,,35.2829298693522,128.679031945545,kakao,point,동읍
SC0053,경로당,용전경로당,의창구,동읍,동읍 용전리,4812125000,경상남도 창원시 의창구 동읍 용남길 85,경남 창원시 의창구 동읍 용남길 85,,35.2767692077591,128.656521850291,kakao,point,동읍
SC0054,경로당,용정1구 경로당,의창구,동읍,동읍 용정리,4812125000,경상남도 창원시 의창구 동읍 자여로 100,경남 창원시 의창구 동읍 자여로 100,,35.2749829658971,128.703197013426,kakao,point,동읍
SC0055,경로당,용정2구 경로당,의창구,동읍,동읍 용정리,4812125000,경상남도 창원시 의창구 동읍 용정길 46번길 49-1,경남 창원시 의창구 동읍 용정길46번길 49-1,,35.2743399474058,128.705985431264,kakao,point,동읍
SC0056,경로당,용정3구경로당,의창구,동읍,동읍 용정리,4812125000,경상남도 창원시 의창구 동읍 용정길46번길 42-10,경남 창원시 의창구 동읍 용정길46번길 42-10,,35.2753138017281,128.704412361144,kakao,point,동읍
SC0057,경로당,원봉강 경로당,의창구,동읍,동읍 봉강리,4812125000,경상남도 창원시 의창구 동읍 동읍로 1187번길 12,경남 창원시 의창구 동읍 동읍로1187번길 12,,35.3555966768397,128.653801642276,kakao,point,동읍
SC0058,경로당,원창아파트 경로당,의창구,동읍,동읍 용잠리,4812125000,경상남도 창원시 의창구 동읍 의창대로858 (원창호수아파트),경남 창원시 의창구 동읍 의창대로 858,,35.2771291158028,128.685039941893,kakao,point,동읍
SC0059,경로당,월잠 경로당,의창구,동읍,동읍 월잠리,4812125000,경상남도 창원시 의창구 동읍 주남로 61번길 1,경남 창원시 의창구 동읍 주남로61번길 1,,35.3034313764458,128.674055714086,kakao,point,동읍
SC0060,경로당,이운 경로당,의창구,동읍,동읍 화양리,4812125000,경상남도 창원시 의창구 동읍 백월로 549,경남 창원시 의창구 동읍 백월로 549,,35.3046903463161,128.655672955321,kakao,point,동읍
SC0061,경로당,전촌 경로당,의창구,동읍,동읍 봉강리,4812125000,경상남도 창원시 의창구 동읍 동읍로 1223번길 36-17,경남 창원시 의창구 동읍 동읍로1223번길 36-17,,35.3585814218634,128.652257028515,kakao,point,동읍
SC0062,경로당,죽동 경로당,의창구,동읍,동읍 죽동리,4812125000,경상남도 창원시 의창구 동읍 봉강가술로 237번길 8,경남 창원시 의창구 동읍 봉강가술로237번길 8,,35.3528503947903,128.680649284636,kakao,point,동읍
SC0063,경로당,칠성그린APT 경로당,의창구,동읍,동읍 신방리,4812125000,경상남도 창원시 의창구 동읍 동읍로 196(칠성그린아파트),경남 창원시 의창구 동읍 동읍로 196,,35.2920789078948,128.676132058973,kakao,point,동읍
SC0064,경로당,판신경로당,의창구,동읍,동읍 월잠리,4812125000,경상남도 창원시 의창구 동읍 주남로 184번길 5,경남 창원시 의창구 동읍 주남로184번길 5,,35.3075701022751,128.687195978994,kakao,point,동읍
SC0065,경로당,합산 경로당,의창구,동읍,동읍 산남리,4812125000,경상남도 창원시 의창구 동읍 죽동길 25번길 66,경남 창원시 의창구 동읍 죽동길25번길 66,,35.3365888076645,128.676029714664,kakao,point,동읍
SC0066,경로당,화목 경로당,의창구,동읍,동읍 화양리,4812125000,경상남도 창원시 의창구 동읍 화양길 72,경남 창원시 의창구 동읍 화양길 72,,35.301195888317,128.649746207228,kakao,point,동읍
SC0067,경로당,가곡 경로당,의창구,동읍,동읍 본포리,4812125000,경상남도 창원시 의창구 동읍 신촌본포로442번길 26,경남 창원시 의창구 동읍 신촌본포로442번길 26,,35.3590351821866,128.644388950681,kakao,point,동읍
SC0068,경로당,용잠1구여성경로당,의창구,동읍,동읍 용잠리,4812125000,경상남도 창원시 의창구 동읍 용잠로 42-11,경남 창원시 의창구 동읍 용잠로 42-11,,35.2793249319161,128.688185995461,kakao,point,동읍
SC0069,경로당,STX칸1차아파트경로당,의창구,북면,북면 무동리,4812131000,"경상남도 창원시 의창구 북면 무동서로 76(북면, STX칸1차)",경남 창원시 의창구 북면 무동서로 76,,35.3226501680936,128.582463434212,kakao,point,북면
SC0070,경로당,감계아내1차아파트경로당,의창구,북면,북면 감계리,4812131000,"경상남도 창원시 의창구 북면 감계로 277(북면, 감계아내에코)",경남 창원시 의창구 북면 감계로 277,,35.3039458671165,128.590114589777,kakao,point,북면
SC0071,경로당,감계아내2차아파트경로당,의창구,북면,북면 감계리,4812131000,경상남도 창원시 의창구 북면 감계로 342,경남 창원시 의창구 북면 감계로 342,,35.3018875666604,128.597232463567,kakao,point,북면
SC0072,경로당,감계푸르지오아파트경로당,의창구,북면,북면 감계리,4812131000,경상남도 창원시 의창구 북면 감계로 221,경남 창원시 의창구 북면 감계로 221,,35.3012178229264,128.58517619947,kakao,point,북면
SC0073,경로당,감계휴먼빌경로당,의창구,북면,북면 감계리,4812131000,"경상남도 창원시 의창구 북면 감계로 297(북면, 감계휴먼빌)",경남 창원시 의창구 북면 감계로 297,,35.3043566393246,128.595239347987,kakao,point,북면
SC0074,경로당,감계힐스테이트1차아파트경로당,의창구,북면,북면 감계리,4812131000,"경상남도 창원시 의창구 북면 동전로 86(북면, 감계힐스테이트1차)",경남 창원시 의창구 북면 동전로 86,,35.3036054414051,128.597773809206,kakao,point,북면
SC0075,경로당,감계힐스테이트2차아파트경로당,의창구,북면,북면 감계리,4812131000,경상남도 창원시 의창구 북면 감계로 341,경남 창원시 의창구 북면 감계로 341,,35.3038179212773,128.598246428395,kakao,point,북면
SC0076,경로당,감계힐스테이트3차아파트경로당,의창구,북면,북면 감계리,4812131000,"경상남도 창원시 의창구 북면 감계로 259(북면, 감계힐스테이트3차)",경남 창원시 의창구 북면 감계로 259,,35.3025584933037,128.589609880691,kakao,point,북면
SC0077,경로당,감계힐스테이트4차아파트경로당,의창구,북면,북면 감계리,4812131000,"경상남도 창원시 의창구 북면 감계로 233(북면, 감계힐스테이트4차)",경남 창원시 의창구 북면 감계로 233,,35.3026690822443,128.582815061682,kakao,point,북면
SC0078,경로당,고암경로당,의창구,북면,북면 고암리,4812131000,경상남도 창원시 의창구 북면 고암길 26(북면),경남 창원시 의창구 북면 고암길 26,,35.2952828389041,128.63003674415,kakao,point,북면
SC0079,경로당,남백경로당,의창구,북면,북면 월백리,4812131000,경상남도 창원시 의창구 북면 백월로277번길 10(북면),경남 창원시 의창구 북면 백월로277번길 10,,35.3186418672503,128.637287810424,kakao,point,북면
SC0080,경로당,내감경로당,의창구,북면,북면 감계리,4812131000,경상남도 창원시 의창구 북면 내감1길 20(북면),경남 창원시 의창구 북면 내감1길 20,,35.3010794992475,128.590802087188,kakao,point,북면
SC0081,경로당,내감부인경로당,의창구,북면,북면 감계리,4812131000,경상남도 창원시 의창구 북면 내감1길 20(북면),경남 창원시 의창구 북면 내감1길 20,,35.3010794992475,128.590802087188,kakao,point,북면
SC0082,경로당,내산경로당,의창구,북면,북면 외산리,4812131000,경상남도 창원시 의창구 북면 외산로157번길 5-4(북면),경남 창원시 의창구 북면 외산로157번길 5-4,,35.3761243099612,128.590253248941,kakao,point,북면
SC0083,경로당,대천경로당,의창구,북면,북면 화천리,4812131000,경상남도 창원시 의창구 북면 천주로 606(북면),경남 창원시 의창구 북면 천주로 606,,35.3095086737663,128.602549467168,kakao,point,북면
SC0084,경로당,대한경로당,의창구,북면,북면 지개리,4812131000,경상남도 창원시 의창구 북면 구룡로 79-15(북면),경남 창원시 의창구 북면 구룡로 79-15,,35.2885584875655,128.618563661406,kakao,point,북면
SC0085,경로당,대호아파트경로당,의창구,북면,북면 신촌리,4812131000,"경상남도 창원시 의창구 북면 천주로 1053(북면, 대호아파트)",경남 창원시 의창구 북면 천주로 1053,,35.345664562235,128.605796953863,kakao,point,북면
SC0086,경로당,동전경로당,의창구,북면,북면 동전리,4812131000,경상남도 창원시 의창구 북면 동전무동길 30(북면),경남 창원시 의창구 북면 동전무동길 30,,35.3165416437893,128.596764238563,kakao,point,북면
SC0087,경로당,마산경로당,의창구,북면,북면 마산리,4812131000,경상남도 창원시 의창구 북면 마산길 48(북면),경남 창원시 의창구 북면 마산길 48,,35.3422886807419,128.621236126665,kakao,point,북면
SC0088,경로당,마산부인경로당,의창구,북면,북면 마산리,4812131000,경상남도 창원시 의창구 북면 마산길 49(북면),경남 창원시 의창구 북면 마산길 49,,35.3425243624894,128.621497000165,kakao,point,북면
SC0089,경로당,명촌경로당,의창구,북면,북면 외산리,4812131000,경상남도 창원시 의창구 북면 외산로 349(북면),경남 창원시 의창구 북면 외산로 349,,35.3859725137461,128.598150717893,kakao,point,북면
SC0090,경로당,명호경로당,의창구,북면,북면 동전리,4812131000,경상남도 창원시 의창구 북면 천주로759번길 15-9(북면),경남 창원시 의창구 북면 천주로759번길 15-9,,35.3211093323047,128.600584127029,kakao,point,북면
SC0091,경로당,무동경로당,의창구,북면,,,경상남도 창원시 의창구 북면 동전무동안길 20-5(북면),,,35.32345487095824,128.5993832862103,dong_centroid,dong,북면
SC0092,경로당,무동코아루파크아파트경로당,의창구,북면,북면 무동리,4812131000,경상남도 창원시 의창구 북면 무동로 213,경남 창원시 의창구 북면 무동로 213,,35.3154205786372,128.586100976992,kakao,point,북면
SC0093,경로당,무동휴먼빌1단지아파트경로당,의창구,북면,북면 무동리,4812131000,"경상남도 창원시 의창구 북면 동곡로 33(북면, 무동휴먼빌1단지)",경남 창원시 의창구 북면 동곡로 33,,35.319148536269,128.583160831975,kakao,point,북면
SC0094,경로당,무동휴먼빌2단지아파트경로당,의창구,북면,북면 무동리,4812131000,"경상남도 창원시 의창구 북면 동곡로 35(북면, 무동휴먼빌2단지)",경남 창원시 의창구 북면 동곡로 35,,35.3202538511807,128.584442735525,kakao,point,북면
SC0095,경로당,무동휴먼빌3단지아파트경로당,의창구,북면,북면 무동리,4812131000,경상남도 창원시 의창구 북면 무동로226번길 19,경남 창원시 의창구 북면 무동로226번길 19,,35.3178613927475,128.583010939023,kakao,point,북면
SC0096,경로당,바깥신천경로당,의창구,북면,북면 하천리,4812131000,경상남도 창원시 의창구 북면 천주로 1398-12(북면),경남 창원시 의창구 북면 천주로 1398-12,,35.3682206348952,128.626419961906,kakao,point,북면
SC0097,경로당,북면갈전경로당,의창구,북면,북면 대산리,4812131000,경상남도 창원시 의창구 북면 구룡로380번길 47-1(북면),경남 창원시 의창구 북면 구룡로380번길 47-1,,35.3065943431274,128.621600822697,kakao,point,북면
SC0098,경로당,북면경로당,의창구,북면,북면 신촌리,4812131000,경상남도 창원시 의창구 북면 천주로1128번길 8(북면),경남 창원시 의창구 북면 천주로1128번길 8,,35.3505058778176,128.608785243112,kakao,point,북면
SC0099,경로당,상천(봉촌)경로당,의창구,북면,북면 상천리,4812131000,경상남도 창원시 의창구 북면 온천로 648-22(북면),경남 창원시 의창구 북면 온천로 648-22,,35.3595427157733,128.589773411798,kakao,point,북면
SC0100,경로당,센텀파라디아아파트경로당,의창구,북면,북면 무동리,4812131000,경상남도 창원시 의창구 북면 무동서로 24,경남 창원시 의창구 북면 무동서로 24,,35.3190708265635,128.580283590605,kakao,point,북면
SC0101,경로당,소라경로당,의창구,북면,북면 월백리,4812131000,경상남도 창원시 의창구 북면 백월로167번길 14,경남 창원시 의창구 북면 백월로167번길 14,,35.3213618662714,128.62580620043,kakao,point,북면
SC0102,경로당,송촌경로당,의창구,북면,북면 내곡리,4812131000,경상남도 창원시 의창구 북면 무릉산길 239-3(북면),경남 창원시 의창구 북면 무릉산길 239-3,,35.3425774209986,128.577663012923,kakao,point,북면
SC0103,경로당,승산경로당,의창구,북면,북면 대산리,4812131000,경상남도 창원시 의창구 북면 구룡로 339(북면),경남 창원시 의창구 북면 구룡로 339,,35.3027028060416,128.624071116738,kakao,point,북면
SC0104,경로당,신기경로당,의창구,북면,북면 신촌리,4812131000,경상남도 창원시 의창구 북면 천주로 1337(북면),경남 창원시 의창구 북면 천주로 1337,,35.363971464439,128.623275222247,kakao,point,북면
SC0105,경로당,신동경로당,의창구,북면,북면 무곡리,4812131000,경상남도 창원시 의창구 북면 천주로862번길 46-1(북면),경남 창원시 의창구 북면 천주로862번길 46-1,,35.3293713712403,128.605385721391,kakao,point,북면
SC0106,경로당,신리경로당,의창구,북면,북면 신촌리,4812131000,경상남도 창원시 의창구 북면 신리길35번길 2(북면),경남 창원시 의창구 북면 신리길35번길 2,,35.3480068042497,128.604332294973,kakao,point,북면
SC0107,경로당,신리부녀경로당,의창구,북면,북면 신촌리,4812131000,경상남도 창원시 의창구 북면 신리길 17(북면),경남 창원시 의창구 북면 신리길 17,,35.3467257066257,128.605535051759,kakao,point,북면
SC0108,경로당,신목경로당,의창구,북면,북면 신촌리,4812131000,경상남도 창원시 의창구 북면 천주로1263번길 2(북면),경남 창원시 의창구 북면 천주로1263번길 2,,35.3591849815126,128.618073429062,kakao,point,북면
SC0109,경로당,신우경로당,의창구,북면,북면 신촌리,4812131000,"경상남도 창원시 의창구 북면 신촌본포로 8(북면, 신우아파트)",경남 창원시 의창구 북면 신촌본포로 8,,35.3473235219056,128.608419090312,kakao,point,북면
SC0110,경로당,신음경로당,의창구,북면,북면 무곡리,4812131000,경상남도 창원시 의창구 북면 무릉산길 2(북면),경남 창원시 의창구 북면 무릉산길 2,,35.3289087667385,128.584555782053,kakao,point,북면
SC0111,경로당,신천경로당,의창구,북면,북면 하천리,4812131000,경상남도 창원시 의창구 북면 하천로 245(북면),경남 창원시 의창구 북면 하천로 245,,35.3730272784689,128.612979166356,kakao,point,북면
SC0112,경로당,신한1차아파트경로당,의창구,북면,북면 신촌리,4812131000,"경상남도 창원시 의창구 북면 천주로 1104(북면, 신한그린파크맨션)",경남 창원시 의창구 북면 천주로 1104,,35.3493354797046,128.608337876062,kakao,point,북면
SC0113,경로당,신한2차아파트경로당,의창구,북면,북면 신촌리,4812131000,"경상남도 창원시 의창구 북면 천주로 1103(북면, 신한2차아파트)",경남 창원시 의창구 북면 천주로 1103,,35.3488210586186,128.607254758913,kakao,point,북면
SC0114,경로당,양지경로당,의창구,북면,북면 대산리,4812131000,경상남도 창원시 의창구 북면 구룡로314번길 1(북면),경남 창원시 의창구 북면 구룡로314번길 1,,35.3039433508155,128.627072663917,kakao,point,북면
SC0115,경로당,양촌경로당,의창구,북면,북면 무곡리,4812131000,경상남도 창원시 의창구 북면 운무로783번길 60(북면),경남 창원시 의창구 북면 운무로783번길 60,,35.3309255260652,128.58489175009,kakao,point,북면
SC0116,경로당,연동경로당,의창구,북면,북면 마산리,4812131000,경상남도 창원시 의창구 북면 신촌본포로 186(북면),경남 창원시 의창구 북면 신촌본포로 186,,35.346976974676,128.626011200629,kakao,point,북면
SC0117,경로당,온천남자경로당,의창구,북면,북면 신촌리,4812131000,경상남도 창원시 의창구 북면 천주로1128번길 8(북면),경남 창원시 의창구 북면 천주로1128번길 8,,35.3505058778176,128.608785243112,kakao,point,북면
SC0118,경로당,온천부녀경로당,의창구,북면,북면 신촌리,4812131000,경상남도 창원시 의창구 북면 천주로1128번길 8(북면),경남 창원시 의창구 북면 천주로1128번길 8,,35.3505058778176,128.608785243112,kakao,point,북면
SC0119,경로당,외감경로당,의창구,북면,북면 외감리,4812131000,경상남도 창원시 의창구 북면 달천길52번길 28(북면),경남 창원시 의창구 북면 달천길52번길 28,,35.289971992152,128.599126550833,kakao,point,북면
SC0120,경로당,외감부인경로당,의창구,북면,북면 외감리,4812131000,경상남도 창원시 의창구 북면 달천길52번길 28(북면),경남 창원시 의창구 북면 달천길52번길 28,,35.289971992152,128.599126550833,kakao,point,북면
SC0121,경로당,월계경로당,의창구,북면,북면 월계리,4812131000,경상남도 창원시 의창구 북면 월계길9번길 87(북면),경남 창원시 의창구 북면 월계길9번길 87,,35.3476575101145,128.639508988361,kakao,point,북면
SC0122,경로당,월백경로당,의창구,북면,북면 월백리,4812131000,경상남도 창원시 의창구 북면 백월로167번길 14,경남 창원시 의창구 북면 백월로167번길 14,,35.3213618662714,128.62580620043,kakao,point,북면
SC0123,경로당,월백부녀경로당,의창구,북면,북면 월백리,4812131000,경상남도 창원시 의창구 북면 백월로167번길 14,경남 창원시 의창구 북면 백월로167번길 14,,35.3213618662714,128.62580620043,kakao,point,북면
SC0124,경로당,월촌경로당,의창구,북면,북면 월촌리,4812131000,경상남도 창원시 의창구 북면 백월로87번월촌길 54,경남 창원시 의창구 북면 백월로87번월촌길 54,,35.3232543444176,128.620428760042,kakao,point,북면
SC0125,경로당,중리경로당,의창구,북면,북면 내곡리,4812131000,경상남도 창원시 의창구 북면 단내로 701-14,경남 창원시 의창구 북면 단내로 701-14,,35.3410315780924,128.593187609428,kakao,point,북면
SC0126,경로당,중방경로당,의창구,북면,북면 감계리,4812131000,경상남도 창원시 의창구 북면 중방길 3-22,경남 창원시 의창구 북면 중방길 3-22,,35.2967096288904,128.59228279429,kakao,point,북면
SC0127,경로당,중촌경로당,의창구,북면,북면 하천리,4812131000,경상남도 창원시 의창구 북면 하천로86번길 22-1,경남 창원시 의창구 북면 하천로86번길 22-1,,35.3657413349295,128.603753849047,kakao,point,북면
SC0128,경로당,지개경로당,의창구,북면,북면 지개리,4812131000,경상남도 창원시 의창구 북면 구룡로38번길 39,경남 창원시 의창구 북면 구룡로38번길 39,,35.2846279108447,128.617357513044,kakao,point,북면
SC0129,경로당,천수림아파트경로당,의창구,북면,북면 감계리,4812131000,"경상남도 창원시 의창구 북면 감계로 222, 103동 지하1층 (북면, 천수림)",경남 창원시 의창구 북면 감계로 222,,35.3012315533586,128.586966955223,kakao,point,북면
SC0130,경로당,청우아파트경로당,의창구,북면,북면 신촌리,4812131000,경상남도 창원시 의창구 북면 천주로1083번길 10-1,경남 창원시 의창구 북면 천주로1083번길 10-1,,35.3480511940251,128.607183846665,kakao,point,북면
SC0131,경로당,초소경로당,의창구,북면,북면 외산리,4812131000,경상남도 창원시 의창구 북면 외산로 207,경남 창원시 의창구 북면 외산로 207,,35.3781698272186,128.594625801669,kakao,point,북면
SC0132,경로당,춘광1차아파트경로당,의창구,북면,북면 신촌리,4812131000,경상남도 창원시 의창구 북면 신촌본포로 14(춘광아파트),경남 창원시 의창구 북면 신촌본포로 14,,35.347108608474,128.609966973281,kakao,point,북면
SC0133,경로당,춘광2차아파트경로당,의창구,북면,북면 신촌리,4812131000,경상남도 창원시 의창구 북면 신촌본포로 12-13(춘광아파트),경남 창원시 의창구 북면 신촌본포로 12-13,,35.3470942061171,128.608998068771,kakao,point,북면
SC0134,경로당,춘광마을경로당,의창구,북면,북면 신촌리,4812131000,경상남도 창원시 의창구 북면 신촌본포로 28,경남 창원시 의창구 북면 신촌본포로 28,,35.3468490258805,128.610003289643,kakao,point,북면
SC0135,경로당,하천(대촌)경로당,의창구,북면,북면 하천리,4812131000,경상남도 창원시 의창구 북면 하천로 129,경남 창원시 의창구 북면 하천로 129,,35.3680760036573,128.603625541518,kakao,point,북면
SC0136,경로당,현도경로당,의창구,북면,북면 외산리,4812131000,경상남도 창원시 의창구 북면 외산로117번길 9,경남 창원시 의창구 북면 외산로117번길 9,,35.3729141027505,128.592278418233,kakao,point,북면
SC0137,경로당,현천노인당,의창구,북면,북면 내곡리,4812131000,경상남도 창원시 의창구 북면 단내로591번길 8-10,경남 창원시 의창구 북면 단내로591번길 8-10,,35.3445921995609,128.583140547314,kakao,point,북면
SC0138,경로당,화천경로당,의창구,북면,북면 화천리,4812131000,경상남도 창원시 의창구 북면 천주로480번길 10-3,경남 창원시 의창구 북면 천주로480번길 10-3,,35.300412954932,128.604402938308,kakao,point,북면
SC0139,경로당,화천부녀경로당,의창구,북면,북면 화천리,4812131000,경상남도 창원시 의창구 북면 천주로480번길 10-3,경남 창원시 의창구 북면 천주로480번길 10-3,,35.300412954932,128.604402938308,kakao,point,북면
SC0140,경로당,동전월드메르디앙아파트경로당,의창구,북면,북면 동전리,4812131000,경상남도 창원시 의창구 북면 동전로224번길 3,경남 창원시 의창구 북면 동전로224번길 3,,35.3155274644094,128.600481371406,kakao,point,북면
SC0141,경로당,신전경로당,의창구,대산면,대산면 갈전리,4812132000,경상남도 창원시 의창구 대산면 대산북로 279번길 25-1 (1층),경남 창원시 의창구 대산면 대산북로279번길 25-1,,35.3675445234951,128.673771010592,kakao,point,대산면
SC0142,경로당,상리경로당,의창구,대산면,대산면 갈전리,4812132000,경상남도 창원시 의창구 대산면 갈전로 61,경남 창원시 의창구 대산면 갈전로 61,,35.3661284416362,128.678054112237,kakao,point,대산면
SC0143,경로당,갈전경로당,의창구,대산면,대산면 갈전리,4812132000,경상남도 창원시 의창구 대산면 갈전로 80번길 11,경남 창원시 의창구 대산면 갈전로80번길 11,,35.3652683460497,128.680050640453,kakao,point,대산면
SC0144,경로당,갈전부인경로당,의창구,대산면,대산면 갈전리,4812132000,경상남도 창원시 의창구 대산면 대산북로 385번길 10,경남 창원시 의창구 대산면 대산북로385번길 10,,35.3639584444567,128.681411577108,kakao,point,대산면
SC0145,경로당,평리경로당,의창구,대산면,대산면 갈전리,4812132000,경상남도 창원시 의창구 대산면 대산북로 385번길 10,경남 창원시 의창구 대산면 대산북로385번길 10,,35.3639584444567,128.681411577108,kakao,point,대산면
SC0146,경로당,송정경로당,의창구,대산면,대산면 갈전리,4812132000,경상남도 창원시 의창구 대산면 죽송로 135,경남 창원시 의창구 대산면 죽송로 135,,35.3608756591758,128.682217953717,kakao,point,대산면
SC0147,경로당,유목경로당,의창구,대산면,대산면 갈전리,4812132000,경상남도 창원시 의창구 대산면 갈전로 90번길 2,경남 창원시 의창구 대산면 갈전로90번길 2,,35.3665882950584,128.681148276083,kakao,point,대산면
SC0148,경로당,일동경로당,의창구,대산면,대산면 일동리,4812132000,경상남도 창원시 의창구 대산면 갈전로 120,경남 창원시 의창구 대산면 갈전로 120,,35.3677961698457,128.684137872045,kakao,point,대산면
SC0149,경로당,일동부인경로당,의창구,대산면,대산면 일동리,4812132000,경상남도 창원시 의창구 대산면 갈전로 120,경남 창원시 의창구 대산면 갈전로 120,,35.3677961698457,128.684137872045,kakao,point,대산면
SC0150,경로당,구산경로당,의창구,대산면,대산면 일동리,4812132000,경상남도 창원시 의창구 대산면 대산북로 524번길 118,경남 창원시 의창구 대산면 대산북로524번길 118,,35.3577109573437,128.694873542856,kakao,point,대산면
SC0151,경로당,당리경로당,의창구,대산면,대산면 일동리,4812132000,경상남도 창원시 의창구 대산면 대산북로 495번길 20,경남 창원시 의창구 대산면 대산북로495번길 20,,35.3692087744452,128.692895857481,kakao,point,대산면
SC0152,경로당,신성경로당,의창구,대산면,대산면 일동리,4812132000,경상남도 창원시 의창구 대산북로524번길 8-17,경남 창원시 의창구 대산면 대산북로524번길 8-17,,35.3667509245338,128.69366197704,kakao,point,대산면
SC0153,경로당,수성경로당,의창구,대산면,대산면 일동리,4812132000,경상남도 창원시 의창구 대산면 대산북로 524번길 15-11,경남 창원시 의창구 대산면 대산북로524번길 15-11,,35.3662428738355,128.695804558228,kakao,point,대산면
SC0154,경로당,북모산경로당,의창구,대산면,대산면 모산리,4812132000,경상남도 창원시 의창구 대산면 대산북로 747,경남 창원시 의창구 대산면 대산북로 747,,35.3565908964617,128.713661454257,kakao,point,대산면
SC0155,경로당,남모산경로당,의창구,대산면,대산면 모산리,4812132000,경상남도 창원시 의창구 대산면 모산길 28,경남 창원시 의창구 대산면 모산길 28,,35.3535094715358,128.711471649411,kakao,point,대산면
SC0156,경로당,송등경로당,의창구,대산면,대산면 모산리,4812132000,경상남도 창원시 의창구 대산면 진산대로 528번길 30,경남 창원시 의창구 대산면 진산대로528번길 30,,35.3478013722538,128.71279510224,kakao,point,대산면
SC0157,경로당,북가술경로당,의창구,대산면,대산면 가술리,4812132000,경상남도 창원시 의창구 대산면 가술길 34번길 8,경남 창원시 의창구 대산면 가술길34번길 8,,35.3372356815725,128.707601514357,kakao,point,대산면
SC0158,경로당,해강그린A경로당,의창구,대산면,대산면 가술리,4812132000,경상남도 창원시 의창구 대산면 진산대로 439,경남 창원시 의창구 대산면 진산대로 439,,35.3387566461485,128.708684730641,kakao,point,대산면
SC0159,경로당,남가술경로당,의창구,대산면,대산면 가술리,4812132000,경상남도 창원시 의창구 대산면 가술길 20,경남 창원시 의창구 대산면 가술길 20,,35.3358277299353,128.707263948992,kakao,point,대산면
SC0160,경로당,남가술부인경로당,의창구,대산면,대산면 가술리,4812132000,경상남도 창원시 의창구 대산면 가술길 5,경남 창원시 의창구 대산면 가술길 5,,35.3347796447179,128.707716120196,kakao,point,대산면
SC0161,경로당,가촌경로당,의창구,대산면,대산면 가술리,4812132000,경상남도 창원시 의창구 대산면 봉강가술로 471번길 31-8,경남 창원시 의창구 대산면 봉강가술로471번길 31-8,,35.3368442916938,128.699558604468,kakao,point,대산면
SC0162,경로당,장등경로당,의창구,대산면,대산면 가술리,4812132000,경상남도 창원시 의창구 대산면 주남로 503번길 43-50,경남 창원시 의창구 대산면 주남로503번길 43-50,,35.3300589768745,128.701812338025,kakao,point,대산면
SC0163,경로당,신등경로당,의창구,대산면,대산면 가술리,4812132000,경상남도 창원시 의창구 대산면 가술산남로 15,경남 창원시 의창구 대산면 가술산남로 15,,35.3212756955192,128.696849535944,kakao,point,대산면
SC0164,경로당,신동경로당,의창구,대산면,대산면 가술리,4812132000,경상남도 창원시 의창구 대산면 가술산남로 37,경남 창원시 의창구 대산면 가술산남로 37,,35.3226000282094,128.695049999266,kakao,point,대산면
SC0165,경로당,백양경로당,의창구,대산면,대산면 가술리,4812132000,경상남도 창원시 의창구 대산면 가술산남로 124-6,경남 창원시 의창구 대산면 가술산남로 124-6,,35.3276241603145,128.688229814334,kakao,point,대산면
SC0166,경로당,주남경로당,의창구,대산면,대산면 가술리,4812132000,경상남도 창원시 의창구 대산면 주남로 327번길 53-40,경남 창원시 의창구 대산면 주남로327번길 53-40,,35.3165234037552,128.689835004128,kakao,point,대산면
SC0167,경로당,대방경로당,의창구,대산면,대산면 대방리,4812132000,경상남도 창원시 의창구 대산면 봉강가술로 394번길 33,경남 창원시 의창구 대산면 봉강가술로394번길 33,,35.3426175937436,128.693940050575,kakao,point,대산면
SC0168,경로당,대방여성경로당,의창구,대산면,대산면 대방리,4812132000,경상남도 창원시 의창구 대산면 봉강가술로 358번길 24,경남 창원시 의창구 대산면 봉강가술로358번길 24,,35.3444783567717,128.689262190959,kakao,point,대산면
SC0169,경로당,제동경로당,의창구,대산면,대산면 제동리,4812132000,경상남도 창원시 의창구 대산면 제동길 43,경남 창원시 의창구 대산면 제동길 43,,35.3340323477444,128.71329573988,kakao,point,대산면
SC0170,경로당,제동부인경로당,의창구,대산면,대산면 제동리,4812132000,경상남도 창원시 의창구 대산면 제동길42번길 10-5,경남 창원시 의창구 대산면 제동길42번길 10-5,,35.333531489827,128.712696030587,kakao,point,대산면
SC0171,경로당,중앙경로당,의창구,대산면,대산면 제동리,4812132000,경상남도 창원시 의창구 대산면 진산대로 394-25,경남 창원시 의창구 대산면 진산대로 394-25,,35.3349248805184,128.7103126528,kakao,point,대산면
SC0172,경로당,삼봉경로당,의창구,대산면,대산면 제동리,4812132000,경상남도 창원시 의창구 대산면 진산대로 355번길 16-10,경남 창원시 의창구 대산면 진산대로355번길 16-10,,35.3326517289803,128.708086167576,kakao,point,대산면
SC0173,경로당,대진경로당,의창구,대산면,대산면 제동리,4812132000,경상남도 창원시 의창구 대산면 진남로 114번길 159,경남 창원시 의창구 대산면 진남로114번길 159,,35.325105982525,128.716343566925,kakao,point,대산면
SC0174,경로당,상포부녀경로당,의창구,대산면,대산면 제동리,4812132000,경상남도 창원시 의창구 대산면 진남로 114번길 125-9,경남 창원시 의창구 대산면 진남로114번길 125-9,,35.3228890878059,128.71232360779,kakao,point,대산면
SC0175,경로당,상등경로당,의창구,대산면,대산면 제동리,4812132000,경상남도 창원시 의창구 대산면 주남로400번길 28,경남 창원시 의창구 대산면 주남로400번길 28,,35.3215698638146,128.70199582817,kakao,point,대산면
SC0176,경로당,고등포경로당,의창구,대산면,대산면 제동리,4812132000,경상남도 창원시 의창구 대산면 주남로394번길 51(제동리 464-8),경남 창원시 의창구 대산면 주남로394번길 51,,35.3164780525499,128.700017834287,kakao,point,대산면
SC0177,경로당,남포경로당,의창구,대산면,대산면 제동리,4812132000,경상남도 창원시 의창구 대산면 진남로 72,경남 창원시 의창구 대산면 진남로 72,,35.3094247002328,128.709456753793,kakao,point,대산면
SC0178,경로당,우암마을경로당,의창구,대산면,대산면 우암리,4812132000,경상남도 창원시 의창구 대산면 북부로 10번길 10,경남 창원시 의창구 대산면 북부로10번길 10,,35.3388023718671,128.726973507585,kakao,point,대산면
SC0179,경로당,덕현경로당,의창구,대산면,대산면 우암리,4812132000,경상남도 창원시 의창구 대산면 우암로 20,경남 창원시 의창구 대산면 우암로 20,,35.3350697060088,128.728417141056,kakao,point,대산면
SC0180,경로당,월림경로당,의창구,대산면,대산면 우암리,4812132000,경상남도 창원시 의창구 대산면 우암로 79번길 3,경남 창원시 의창구 대산면 우암로79번길 3,,35.3307328350933,128.731656132166,kakao,point,대산면
SC0181,경로당,신곡경로당,의창구,대산면,대산면 우암리,4812132000,경상남도 창원시 의창구 대산면 우암로 128,경남 창원시 의창구 대산면 우암로 128,,35.3280364998678,128.73493963311,kakao,point,대산면
SC0182,경로당,신곡부인경로당,의창구,대산면,대산면 우암리,4812132000,경상남도 창원시 의창구 대산면 우암로 128-1,경남 창원시 의창구 대산면 우암로 128-1,,35.327968371538,128.734688331952,kakao,point,대산면
SC0183,경로당,용등경로당,의창구,대산면,대산면 우암리,4812132000,경상남도 창원시 의창구 대산면 우암로 163,경남 창원시 의창구 대산면 우암로 163,,35.325917054869,128.737813557057,kakao,point,대산면
SC0184,경로당,중포마을경로당,의창구,대산면,대산면 우암리,4812132000,경상남도 창원시 의창구 대산면 진산대로 260번길 78-2,경남 창원시 의창구 대산면 진산대로260번길 78-2,,35.322332936011,128.722176585186,kakao,point,대산면
SC0185,경로당,동부경로당,의창구,대산면,대산면 북부리,4812132000,경상남도 창원시 의창구 대산면 대산북로 899번길 42,경남 창원시 의창구 대산면 대산북로899번길 42,,35.3481822931016,128.72738921636,kakao,point,대산면
SC0186,경로당,서부경로당,의창구,대산면,대산면 북부리,4812132000,경상남도 창원시 의창구 대산면 대산북로 893번길 15(북부리 362-4),경남 창원시 의창구 대산면 대산북로893번길 15,,35.3481840528969,128.723106282904,kakao,point,대산면
SC0187,경로당,유청경로당,의창구,대산면,대산면 유등리,4812132000,경상남도 창원시 의창구 대산면 유등로 364,경남 창원시 의창구 대산면 유등로 364,,35.3430020958436,128.743881623058,kakao,point,대산면
SC0188,경로당,유등경로당,의창구,대산면,대산면 유등리,4812132000,경상남도 창원시 의창구 대산면 유등로 377-11,경남 창원시 의창구 대산면 유등로 377-11,,35.3447053672785,128.744223897157,kakao,point,대산면
SC0189,경로당,유등부인경로당,의창구,대산면,대산면 유등리,4812132000,경상남도 창원시 의창구 대산면 유등로 403,경남 창원시 의창구 대산면 유등로 403,,35.3452764992843,128.747046758796,kakao,point,대산면
SC0190,경로당,동곡경로당,의창구,대산면,대산면 유등리,4812132000,경상남도 창원시 의창구 대산면 유등남길 40번길 16-2,경남 창원시 의창구 대산면 유등남길40번길 16-2,,35.3322574281156,128.735548817023,kakao,point,대산면
SC0191,경로당,대산NHF1단지경로당,의창구,대산면,대산면 제동리,4812132000,경상남도 창원시 의창구 대산면 주남로 514,경남 창원시 의창구 대산면 주남로 514,,35.3293698109171,128.705930543685,kakao,point,대산면
SC0192,경로당,소답경로당,의창구,의창동,소답동,4812151000,경상남도 창원시 의창구 의안로 32번길 34-1(소답동),경남 창원시 의창구 의안로32번길 34-1,,35.264197467952,128.627464477239,kakao,point,의창동
SC0193,경로당,재건경로당,의창구,의창동,북동,4812151000,경상남도 창원시 의창구 읍성로 41번길 2-9(북동),경남 창원시 의창구 읍성로41번길 2-9,,35.2654511425966,128.622998244929,kakao,point,의창동
SC0194,경로당,중동경로당,의창구,의창동,중동,4812151000,경상남도 창원시 의창구 의안로 31번길 14-1(중동),경남 창원시 의창구 의안로31번길 14-1,,35.2646307446514,128.622502240152,kakao,point,의창동
SC0195,경로당,북동경로당,의창구,의창동,북동,4812151000,경상남도 창원시 의창구 의안로 55번길 34-1(북동),경남 창원시 의창구 의안로55번길 34-1,,35.2666718801408,128.620273243225,kakao,point,의창동
SC0196,경로당,동정경로당,의창구,의창동,동정동,4812151000,경상남도 창원시 의창구 동정길 31-6(동정동),경남 창원시 의창구 동정길 31-6,,35.264491923197,128.613611122806,kakao,point,의창동
SC0197,경로당,서상경로당,의창구,의창동,서상동,4812151000,경상남도 창원시 의창구 천주로 12번길 12-6(서상동),경남 창원시 의창구 천주로12번길 12-6,,35.2625220145064,128.619513087757,kakao,point,의창동
SC0198,경로당,무학아파트경로당,의창구,의창동,동정동,4812151000,"경상남도 창원시 의창구 의창대로 139번길 23(동정동, 무학아파트)",경남 창원시 의창구 의창대로139번길 23,,35.2634777739576,128.613746385451,kakao,point,의창동
SC0199,경로당,소계경로당,의창구,의창동,소계동,4812151000,경상남도 창원시 의창구 금강로 355번길 39(소계동),경남 창원시 의창구 금강로355번길 39,,35.259355706878,128.598497066987,kakao,point,의창동
SC0200,경로당,의창경로당,의창구,의창동,소답동,4812151000,경상남도 창원시 의창구 의안로 56번길 21(소답동),경남 창원시 의창구 의안로56번길 21,,35.2667408242378,128.626210011163,kakao,point,의창동
SC0201,경로당,동정오성아파트경로당,의창구,의창동,동정동,4812151000,"경상남도 창원시 의창구 서상로 27(동정동, 동정오성아파트)",경남 창원시 의창구 서상로 27,,35.2630620698574,128.615951702653,kakao,point,의창동
SC0202,경로당,흥한웰가아파트경로당,의창구,의창동,동정동,4812151000,"경상남도 창원시 의창구 천주로 33(동정동, 흥한웰가아파트)",경남 창원시 의창구 천주로 33,,35.2645549815201,128.616792179835,kakao,point,의창동
SC0203,경로당,대동다숲아파트경로당,의창구,의창동,서상동,4812151000,"경상남도 창원시 의창구 팔용로 512(서상동, 중동대동다숲아파트)",경남 창원시 의창구 팔용로 512,,35.2610210936584,128.619938884659,kakao,point,의창동
SC0204,경로당,강무경로당,의창구,의창동,동정동,4812151000,경상남도 창원시 의창구 서상로 25번길 10-9(동정동),경남 창원시 의창구 서상로25번길 10-9,,35.2640329904466,128.61563891825,kakao,point,의창동
SC0205,경로당,천주경로당,의창구,의창동,소계동,4812151000,경상남도 창원시 의창구 소계로 128(소계동),경남 창원시 의창구 소계로 128,,35.2600249913056,128.596610977802,kakao,point,의창동
SC0206,경로당,소답제2경로당,의창구,의창동,소답동,4812151000,경상남도 창원시 의창구 읍성로 117번길23(소답동),경남 창원시 의창구 읍성로117번길 23,,35.2629051228036,128.631083930606,kakao,point,의창동
SC0207,경로당,무학서문마을아파트경로당,의창구,의창동,서상동,4812151000,경상남도 창원시 의창구 서상로12번길 83-15(서상동),경남 창원시 의창구 서상로12번길 83-15,,35.2621854879976,128.622694781732,kakao,point,의창동
SC0208,경로당,유니시티1단지아파트경로당,의창구,의창동,중동,4812151000,"경상남도 창원시 의창구 중동로 34(중동, 유니시티1단지아파트) 아파트 경로당",경남 창원시 의창구 중동로 34,,35.2547175932958,128.626231704119,kakao,point,의창동
SC0209,경로당,유니시티2단지아파트경로당,의창구,의창동,중동,4812151000,"경상남도 창원시 의창구 중동로 33(중동, 유니시티2단지아파트) 아파트 경로당",경남 창원시 의창구 중동로 33,,35.2558518094659,128.627509755732,kakao,point,의창동
SC0210,경로당,유니시티3단지아파트경로당,의창구,명곡동,중동,4812153000,경상남도 창원시 의창구 중동로 77 (창원유니시티 3단지아파트) 아파트 경로당,경남 창원시 의창구 중동로 77,,35.2560183190756,128.632008043113,kakao,point,의창동
SC0211,경로당,유니시티4 시니어클럽경로당,의창구,명곡동,중동,4812153000,"경상남도 창원시 의창구 중동로 78(중동, 유니시티4단지아파트) 아파트 경로당",경남 창원시 의창구 중동로 78,,35.2547055381178,128.62941164714,kakao,point,의창동
SC0212,경로당,의안경로당,의창구,의창동,소답동,4812151000,경상남도 창원시 의창구 의안로22번길 7-1,경남 창원시 의창구 의안로22번길 7-1,,35.2636581199909,128.624625986347,kakao,point,의창동
SC0213,경로당,팔룡제1경로당,의창구,팔룡동,팔용동,4812152000,경상남도 창원시 의창구 팔용로423번길 5,경남 창원시 의창구 팔용로423번길 5,,35.2548631913407,128.611349609265,kakao,point,팔룡동
SC0214,경로당,팔룡제2경로당,의창구,팔룡동,팔용동,4812152000,경상남도 창원시 의창구 사화로80번길 16,경남 창원시 의창구 사화로80번길 16,,35.2525516917422,128.6143809066,kakao,point,팔룡동
SC0215,경로당,구슬비경로당,의창구,팔룡동,팔용동,4812152000,경상남도 창원시 의창구 남산로27번길 16,경남 창원시 의창구 남산로27번길 16,,35.2599355313248,128.614224541336,kakao,point,팔룡동
SC0216,경로당,대동중앙(아)경로당,의창구,팔룡동,팔용동,4812152000,경상남도 창원시 의창구 반계로 101,경남 창원시 의창구 반계로 101,,35.254760041145,128.615225876439,kakao,point,팔룡동
SC0217,경로당,극동아파트경로당,의창구,팔룡동,팔용동,4812152000,경상남도 창원시 의창구 팔용로 446,경남 창원시 의창구 팔용로 446,,35.2546643402138,128.614009693406,kakao,point,팔룡동
SC0218,경로당,차룡대동(아)경로당,의창구,팔룡동,팔용동,4812152000,경상남도 창원시 의창구 반계로 95,경남 창원시 의창구 반계로 95,,35.2537158357236,128.615796250708,kakao,point,팔룡동
SC0219,경로당,원풍벽산A단지경로당,의창구,팔룡동,팔용동,4812152000,경상남도 창원시 의창구 반계로 104-9,경남 창원시 의창구 반계로 104-9,,35.2537803694922,128.617798682679,kakao,point,팔룡동
SC0220,경로당,원풍벽산B단지경로당,의창구,팔룡동,팔용동,4812152000,경상남도 창원시 의창구 반계로 104-8,경남 창원시 의창구 반계로 104-8,,35.2532189975817,128.617940132864,kakao,point,팔룡동
SC0221,경로당,원풍벽산C단지경로당,의창구,팔룡동,팔용동,4812152000,경상남도 창원시 의창구 남산로 20,경남 창원시 의창구 남산로 20,,35.2586122243799,128.6123014055,kakao,point,팔룡동
SC0222,경로당,힐스테이트아티움시티경로당,의창구,팔룡동,팔용동,4812152000,경상남도 창원시 의창구 창원대로397번길 11,경남 창원시 의창구 창원대로397번길 11,,35.2359730407647,128.641920500113,kakao,point,팔룡동
SC0223,경로당,명곡경로당,의창구,명곡동,도계동,4812153000,경상남도 창원시 의창구 태복산로15번길 8(도계동),경남 창원시 의창구 태복산로15번길 8,,35.2539403841184,128.63992461167,kakao,point,명곡동
SC0224,경로당,낙원경로당,의창구,명곡동,도계동,4812153000,경상남도 창원시 의창구 도계로73번길 19(도계동),경남 창원시 의창구 도계로73번길 19,,35.2592540871716,128.640455357101,kakao,point,명곡동
SC0225,경로당,안골경로당,의창구,명곡동,도계동,4812153000,경상남도 창원시 의창구 하남천서길 65(도계동),경남 창원시 의창구 하남천서길 65,,35.2636103735731,128.64212492102,kakao,point,명곡동
SC0226,경로당,도계경로당,의창구,명곡동,도계동,4812153000,경상남도 창원시 의창구 도계두리길86번길 14-2(도계동),경남 창원시 의창구 도계두리길86번길 14-2,,35.2621058040272,128.638554676412,kakao,point,명곡동
SC0227,경로당,새동네경로당,의창구,명곡동,도계동,4812153000,경상남도 창원시 의창구 도계로4번길 18-1(도계동),경남 창원시 의창구 도계로4번길 18-1,,35.2580198983045,128.634026903097,kakao,point,명곡동
SC0228,경로당,도계휴먼시아경로당,의창구,명곡동,도계동,4812153000,"경상남도 창원시 의창구 원이대로82번길 15-15(도계동, 도계휴먼시아)",경남 창원시 의창구 원이대로82번길 15-15,,35.254609239865,128.635052955641,kakao,point,명곡동
SC0229,경로당,명서2경로당,의창구,명곡동,명서동,4812153000,경상남도 창원시 의창구 우곡로 73(명서동),경남 창원시 의창구 우곡로 73,,35.2471464925595,128.640013305846,kakao,point,명곡동
SC0230,경로당,명서주민복지회관경로당,의창구,명곡동,명서동,4812153000,"경상남도 창원시 의창구 우곡로101번길 30-3, 1층(명서동)",경남 창원시 의창구 우곡로101번길 30-3,,35.2431403772376,128.642113114862,kakao,point,명곡동
SC0231,경로당,명서1경로당,의창구,명곡동,명서동,4812153000,경상남도 창원시 의창구 원이대로270번길 18(명서동),경남 창원시 의창구 원이대로270번길 18,,35.2415949855779,128.64832845978,kakao,point,명곡동
SC0232,경로당,명지경로당,의창구,명곡동,명서동,4812153000,경상남도 창원시 의창구 명서로123번길 9(명서동),경남 창원시 의창구 명서로123번길 9,,35.2459408211085,128.648628674348,kakao,point,명곡동
SC0233,경로당,서곡경로당,의창구,명곡동,명서동,4812153000,경상남도 창원시 의창구 명지로109번길 18(명서동),경남 창원시 의창구 명지로109번길 18,,35.2495577327737,128.650093211824,kakao,point,명곡동
SC0234,경로당,두산위브경로당,의창구,명곡동,명서동,4812153000,"경상남도 창원시 의창구 도계로135(명서동, 주민복지동1층)",경남 창원시 의창구 도계로 135,,35.2531379615303,128.643057908581,kakao,point,명곡동
SC0235,경로당,상강한주맨션경로당,의창구,명곡동,도계동,4812153000,경상남도 창원시 의창구 도계로 73번길 17(도계동),경남 창원시 의창구 도계로73번길 17,,35.2591223583993,128.640300304419,kakao,point,명곡동
SC0236,경로당,동부 경로당,의창구,봉림동,봉곡동,4812154000,경상남도 창원시 의창구 봉곡로111번길 35,경남 창원시 의창구 봉곡로111번길 35,,35.2465399677255,128.674047500184,kakao,point,봉림동
SC0237,경로당,봉곡 경로당,의창구,봉림동,봉곡동,4812154000,경상남도 창원시 의창구 봉곡로 24번길 9-20 (봉곡동),경남 창원시 의창구 봉곡로24번길 9-20,,35.2483485178313,128.664747529244,kakao,point,봉림동
SC0238,경로당,봉곡복지경로당,의창구,봉림동,봉곡동,4812154000,경상남도 창원시 의창구 창이대로 165번길 7 (봉곡동),경남 창원시 의창구 창이대로165번길 7,,35.2447096583489,128.65522333717,kakao,point,봉림동
SC0239,경로당,봉덕 경로당,의창구,봉림동,봉곡동,4812154000,경상남도 창원시 의창구 봉곡로 120번길 28-10 (봉곡동),경남 창원시 의창구 봉곡로120번길 28-10,,35.2472765144315,128.667875711575,kakao,point,봉림동
SC0240,경로당,봉촌 경로당,의창구,봉림동,봉곡동,4812154000,경상남도 창원시 의창구 지귀로 73번길 8-27 (봉곡동),경남 창원시 의창구 지귀로73번길 8-27,,35.2480054291739,128.656012997468,kakao,point,봉림동
SC0241,경로당,사림제1경로당,의창구,봉림동,사림동,4812154000,경상남도 창원시 의창구 창이대로 343번길 94-9 (사림동),경남 창원시 의창구 창이대로343번길 94-9,,35.2442035819518,128.682829483045,kakao,point,봉림동
SC0242,경로당,사림제2경로당,의창구,봉림동,사림동,4812154000,경상남도 창원시 의창구 사림로 16번길 27 (사림동),경남 창원시 의창구 사림로16번길 27,,35.245205547363,128.678184163258,kakao,point,봉림동
SC0243,경로당,연덕 경로당,의창구,봉림동,봉곡동,4812154000,경상남도 창원시 의창구 봉곡로 68번길 16 (봉곡동),경남 창원시 의창구 봉곡로68번길 16,,35.2478860001301,128.666457051308,kakao,point,봉림동
SC0244,경로당,웅남 경로당,의창구,봉림동,사림동,4812154000,경상남도 창원시 의창구 사림로 71번길 18 (사림동),경남 창원시 의창구 사림로71번길 18,,35.2475384054117,128.681166036463,kakao,point,봉림동
SC0245,경로당,정병산 경로당,의창구,봉림동,사림동,4812154000,경상남도 창원시 의창구 용지로 281번길 10 (사림동),경남 창원시 의창구 용지로281번길 10,,35.238718801246,128.688423811624,kakao,point,봉림동
SC0246,경로당,지귀 경로당,의창구,봉림동,봉곡동,4812154000,경상남도 창원시 의창구 봉곡로 3번길 15 (봉곡동),경남 창원시 의창구 봉곡로3번길 15,,35.2454587884656,128.661165341431,kakao,point,봉림동
SC0247,경로당,코오롱아파트경로당,의창구,봉림동,봉곡동,4812154000,"경상남도 창원시 의창구 지귀로95번길 7 (봉곡동,코오롱아파트)102동 1층",경남 창원시 의창구 지귀로95번길 7,,35.2482025738101,128.656582239947,kakao,point,봉림동
SC0248,경로당,피닉스포레경로당,의창구,봉림동,봉림동,4812154000,"경상남도 창원시 의창구 대봉로 27, 305동 맞은편 (봉림동,LH피닉스포레)",경남 창원시 의창구 대봉로 27,,35.2520041163671,128.666659782885,kakao,point,봉림동
SC0249,경로당,휴먼시아1단지경로당,의창구,봉림동,봉림동,4812154000,"경상남도 창원시 의창구 소봉로 50,103동 1층내 (봉림동,봉림휴먼시아1단지)",경남 창원시 의창구 소봉로 50,,35.2539878206795,128.670629942278,kakao,point,봉림동
SC0250,경로당,휴먼시아2단지경로당,의창구,봉림동,봉림동,4812154000,"경상남도 창원시 의창구 대봉로 25, 204동 1층 (봉림동,봉림휴먼시아2단지)",경남 창원시 의창구 대봉로 25,,35.2514094216386,128.666534117493,kakao,point,봉림동
SC0251,경로당,까치1차A 경로당,성산구,반송동,반지동,4812351000,경상남도 창원시 성산구 창원천로 254,경남 창원시 성산구 창원천로 254,,35.2441220317327,128.667283465508,kakao,point,반송동
SC0252,경로당,까치2차A 경로당,성산구,반송동,반지동,4812351000,경상남도 창원시 성산구 창원천로 256,경남 창원시 성산구 창원천로 256,,35.2453543166513,128.666737003802,kakao,point,반송동
SC0253,경로당,노블파크A 경로당,성산구,반송동,반림동,4812351000,경상남도 창원시 성산구 원이대로 449,경남 창원시 성산구 원이대로 449,,35.2379828949569,128.666036142901,kakao,point,반송동
SC0254,경로당,대동A 경로당,성산구,반송동,반지동,4812351000,경상남도 창원시 성산구 창원천로 292,경남 창원시 성산구 창원천로 292,,35.2449735142223,128.669890095621,kakao,point,반송동
SC0255,경로당,럭키A 경로당,성산구,반송동,반림동,4812351000,경상남도 창원시 성산구 반송로 105,경남 창원시 성산구 반송로 105,,35.2387919361731,128.668925537975,kakao,point,반송동
SC0256,경로당,반지경로당,성산구,반송동,반지동,4812351000,경상남도 창원시 성산구 창원천로188번길 23-1,경남 창원시 성산구 창원천로188번길 23-1,,35.2417113030377,128.659834719813,kakao,point,반송동
SC0257,경로당,반지제2경로당,성산구,반송동,반지동,4812351000,경상남도 창원시 성산구 반지로4번길 29-19,경남 창원시 성산구 반지로4번길 29-19,,35.2385106937103,128.662560164808,kakao,point,반송동
SC0258,경로당,반지제3경로당,성산구,반송동,반지동,4812351000,경상남도 창원시 성산구 반지로 58,경남 창원시 성산구 반지로 58,,35.2426524719293,128.663140704053,kakao,point,반송동
SC0259,경로당,반지제4경로당,성산구,반송동,반지동,4812351000,경상남도 창원시 성산구 창원천로162번길 14,경남 창원시 성산구 창원천로162번길 14,,35.2419278325795,128.656555654713,kakao,point,반송동
SC0260,경로당,트리비앙A 경로당,성산구,반송동,반림동,4812351000,경상남도 창원시 성산구 원이대로 495,경남 창원시 성산구 원이대로 495,,35.2333268971177,128.673698712421,kakao,point,반송동
SC0261,경로당,현대건설A 경로당,성산구,반송동,반림동,4812351000,경상남도 창원시 성산구 반송로 177,경남 창원시 성산구 반송로 177,,35.2377597370357,128.67526711791,kakao,point,반송동
SC0262,경로당,현대산업A 경로당,성산구,반송동,반림동,4812351000,경상남도 창원시 성산구 외동반림로 219,경남 창원시 성산구 외동반림로 219,,35.2389088714804,128.676705701823,kakao,point,반송동
SC0263,경로당,내동아파트경로당,성산구,중앙동,내동,4812352000,"경상남도 창원시 성산구 삼동로128번길 60,5동 109호(내동, 내동아파트)",경남 창원시 성산구 삼동로128번길 60,,35.2220916565418,128.661041009758,kakao,point,중앙동
SC0264,경로당,내동그라미아파트경로당,성산구,중앙동,내동,4812352000,"경상남도 창원시 성산구 연덕로184번길 23(내동,내동그라미아파트)",경남 창원시 성산구 연덕로184번길 23,,35.2179656303927,128.668370077255,kakao,point,중앙동
SC0265,경로당,대호타워아파트경로당,성산구,중앙동,상남동,4812352000,"경상남도 창원시 성산구 상남로24번길 15(상남동,대호타워아파트)",경남 창원시 성산구 상남로24번길 15,,35.2173585920754,128.677873657011,kakao,point,중앙동
SC0266,경로당,동성샛별아파트경로당,성산구,중앙동,내동,4812352000,"경상남도 창원시 성산구 연덕로184번길 1(내동,동성샛별아파트)",경남 창원시 성산구 연덕로184번길 1,,35.2190934605548,128.666443838457,kakao,point,중앙동
SC0267,경로당,외동경로당,성산구,중앙동,중앙동,4812352000,경상남도 창원시 성산구 용지로21번길 30(중앙동),경남 창원시 성산구 용지로21번길 30,,35.2201826117151,128.672831200513,kakao,point,중앙동
SC0268,경로당,외동월드메르디앙경로당,성산구,중앙동,외동,4812352000,"경상남도 창원시 성산구 창원대로780번길 32(외동, 월드메르디앙아파트)",경남 창원시 성산구 창원대로780번길 32,,35.2134609469964,128.676218271373,kakao,point,중앙동
SC0269,경로당,장수경로당,성산구,중앙동,중앙동,4812352000,경상남도 창원시 성산구 외동반림로134번길 15(중앙동),경남 창원시 성산구 외동반림로134번길 15,,35.2297759716089,128.674111455365,kakao,point,중앙동
SC0270,경로당,중앙경로당,성산구,중앙동,중앙동,4812352000,경상남도 창원시 성산구 원이대로566번길 27-25(중앙동),경남 창원시 성산구 원이대로566번길 27-25,,35.2265222932752,128.676735243405,kakao,point,중앙동
SC0271,경로당,중앙제1경로당,성산구,중앙동,중앙동,4812352000,경상남도 창원시 성산구 원이대로580번길 31(중앙동),경남 창원시 성산구 원이대로580번길 31,,35.225799623564,128.677520813534,kakao,point,중앙동
SC0272,경로당,송죽경로당,성산구,중앙동,중앙동,4812352000,경상남도 창원시 성산구 외동반림로46번길 17(중앙동),경남 창원시 성산구 외동반림로46번길 17,,35.2229909009032,128.674376110826,kakao,point,중앙동
SC0273,경로당,내동월드메르디앙아파트경로당,성산구,중앙동,내동,4812352000,"경상남도 창원시 성산구 삼동로128번길 24(내동,월드메르디앙아파트)",경남 창원시 성산구 삼동로128번길 24,,35.2244231706524,128.656645093481,kakao,point,중앙동
SC0274,경로당,상남꿈에그린아파트경로당,성산구,중앙동,상남동,4812352000,"경상남도 창원시 성산구 토월로27번길 18(상남동, 꿈에그린아파트)",경남 창원시 성산구 토월로27번길 18,,35.2145417899384,128.681110778944,kakao,point,중앙동
SC0275,경로당,대원경로당,성산구,중앙동,대원동,4812352000,경상남도 창원시 성산구 대원로27번길 30 (대원동),경남 창원시 성산구 대원로27번길 30,,35.2325785531028,128.650197811088,kakao,point,중앙동
SC0276,경로당,대원파크빌 경로당,성산구,중앙동,대원동,4812352000,"경상남도 창원시 성산구삼동로 121 (대원동, 대원파크빌아파트)",경남 창원시 성산구 삼동로 121,,35.2251890080364,128.655757644425,kakao,point,중앙동
SC0277,경로당,대동1차(아)경로당,성산구,중앙동,대원동,4812352000,"경상남도 창원시 성산구 창원대로 548 (대원동, 대동1차아파트)",경남 창원시 성산구 창원대로 548,,35.2258602623483,128.653461988768,kakao,point,중앙동
SC0278,경로당,대동2차(아)경로당,성산구,중앙동,대원동,4812352000,"경상남도 창원시 성산구 창원대로 538 (대원동, 대동2차아파트)",경남 창원시 성산구 창원대로 538,,35.2265396952593,128.653468526704,kakao,point,중앙동
SC0279,경로당,The City7 자이 경로당,성산구,중앙동,대원동,4812352000,"경상남도 창원시 성산구 창원천로 94번길 19 (대원동, 더시티세븐아파트)",경남 창원시 성산구 창원천로94번길 19,,35.2398046336503,128.653017833382,kakao,point,중앙동
SC0280,경로당,대원포레나경로당,성산구,중앙동,대원동,4812352000,"경상남도 창원시 성산구 창원천로 34(대원동, 대원포레나아파트)",경남 창원시 성산구 창원천로 34,,35.2354006955219,128.648090955819,kakao,point,중앙동
SC0281,경로당,용호경로당,성산구,용지동,용호동,4812351500,경상남도 창원시 성산구 창이대로 440번길 17(용호동),경남 창원시 성산구 창이대로440번길 17,,35.2392214959044,128.682594828331,kakao,point,용지동
SC0282,경로당,용지경로당,성산구,용지동,용호동,4812351500,"경상남도 창원시 성산구 용지로239번길 19-4(용호동,용지동행정복지센터)",경남 창원시 성산구 용지로239번길 19-4,,35.2360355567688,128.684509055741,kakao,point,용지동
SC0283,경로당,일동아파트 1단지 경로당,성산구,용지동,용호동,4812351500,"경상남도 창원시 성산구 외동반림로 216(용호동,일동아파트 1단지)",경남 창원시 성산구 외동반림로 216,,35.236192895543,128.678803393314,kakao,point,용지동
SC0284,경로당,일동아파트 2단지 경로당,성산구,용지동,용호동,4812351500,"경상남도 창원시 성산구 외동반림로 216(용호동,일동아파트 2단지)",경남 창원시 성산구 외동반림로 216,,35.236192895543,128.678803393314,kakao,point,용지동
SC0285,경로당,무학아파트 1단지 경로당,성산구,용지동,용호동,4812351500,"경상남도 창원시 성산구 외동반림로 200(용호동, 무학아파트 1단지)",경남 창원시 성산구 외동반림로 200,,35.2350098974013,128.678807680842,kakao,point,용지동
SC0286,경로당,무학아파트 2단지 경로당,성산구,용지동,용호동,4812351500,"경상남도 창원시 성산구 외동반림로 200(용호동, 무학아파트 2단지)",경남 창원시 성산구 외동반림로 200,,35.2350098974013,128.678807680842,kakao,point,용지동
SC0287,경로당,롯데아파트경로당,성산구,용지동,용호동,4812351500,"경상남도 창원시 성산구 용지로 229(용호동, 롯데아파트)",경남 창원시 성산구 용지로 229,,35.2333587307219,128.684821995255,kakao,point,용지동
SC0288,경로당,신월제1경로당,성산구,용지동,신월동,4812351500,경상남도 창원시 성산구 신사로21번길 36(신월동),경남 창원시 성산구 신사로21번길 36,,35.2288032943047,128.690589949109,kakao,point,용지동
SC0289,경로당,신월제2경로당,성산구,용지동,신월동,4812351500,경상남도 창원시 성산구 신월로 71번길14(신월동),경남 창원시 성산구 신월로71번길 14,,35.2272911371507,128.69570484585,kakao,point,용지동
SC0290,경로당,신월은아아파트 경로당,성산구,용지동,신월동,4812351500,"경상남도 창원시 성산구 원이대로 663(신월동,은아아파트)",경남 창원시 성산구 원이대로 663,,35.2260601753461,128.687554662819,kakao,point,용지동
SC0291,경로당,용지아이파크경로당,성산구,용지동,용호동,4812351500,"경상남도 창원시 성산구 원이대로579번길 13(용호동,용지아이파크아파트)",경남 창원시 성산구 원이대로579번길 13,,35.2292892131235,128.678406313762,kakao,point,용지동
SC0292,경로당,용지더샵레이크파크경로당,성산구,용지동,용호동,4812351500,"경상남도 창원시 성산구 외동반림로156(용호동, 용지더샵레이크파크)",경남 창원시 성산구 외동반림로 156,,35.2325668193175,128.674603438653,kakao,point,용지동
SC0293,경로당,성원1단지경로당,성산구,상남동,상남동,4812353000,경상남도 창원시 성산구 원이대로 774 성원아파트 1단지,경남 창원시 성산구 원이대로 774,,35.2156229329665,128.691728676136,kakao,point,상남동
SC0294,경로당,성원2단지경로당,성산구,상남동,상남동,4812353000,경상남도 창원시 성산구 원이대로 774 성원아파트 2단지,경남 창원시 성산구 원이대로 774,,35.2156229329665,128.691728676136,kakao,point,상남동
SC0295,경로당,성원3단지1경로당,성산구,상남동,상남동,4812353000,경상남도 창원시 성산구 원이대로 774 성원아파트 3단지,경남 창원시 성산구 원이대로 774,,35.2156229329665,128.691728676136,kakao,point,상남동
SC0296,경로당,성원3단지2경로당,성산구,상남동,상남동,4812353000,경상남도 창원시 성산구 원이대로 774 성원아파트 3단지,경남 창원시 성산구 원이대로 774,,35.2156229329665,128.691728676136,kakao,point,상남동
SC0297,경로당,성원5단지1경로당,성산구,상남동,상남동,4812353000,경상남도 창원시 성산구 원이대로 774 성원아파트 5단지,경남 창원시 성산구 원이대로 774,,35.2156229329665,128.691728676136,kakao,point,상남동
SC0298,경로당,성원5단지2경로당,성산구,상남동,상남동,4812353000,경상남도 창원시 성산구 원이대로 774 성원아파트 5단지,경남 창원시 성산구 원이대로 774,,35.2156229329665,128.691728676136,kakao,point,상남동
SC0299,경로당,대동아파트경로당,성산구,상남동,상남동,4812353000,경상남도 창원시 성산구 동산로 115 대동아파트,경남 창원시 성산구 동산로 115,,35.2190579361973,128.687615914182,kakao,point,상남동
SC0300,경로당,상남경로당,성산구,상남동,상남동,4812353000,경상남도 창원시 성산구 단정로58번길 6,경남 창원시 성산구 단정로58번길 6,,35.2179228590563,128.685688148632,kakao,point,상남동
SC0301,경로당,동산경로당,성산구,상남동,상남동,4812353000,경상남도 창원시 성산구 동산로54번길 17,경남 창원시 성산구 동산로54번길 17,,35.2145967045752,128.687927341006,kakao,point,상남동
SC0302,경로당,고산경로당,성산구,사파동,사파동,4812354000,경상남도 창원시 성산구 비음로 55번길 6-22,경남 창원시 성산구 비음로55번길 6-22,,35.2270613285303,128.701874445933,kakao,point,사파동
SC0303,경로당,사파정경로당,성산구,사파동,사파동,4812354000,경상남도 창원시 성산구 동산로 176번길 52,경남 창원시 성산구 동산로176번길 52,,35.2200840482929,128.698318442339,kakao,point,사파동
SC0304,경로당,사파경로당,성산구,사파동,사파동,4812354000,경상남도 창원시 성산구 창이대로 684번길 30,경남 창원시 성산구 창이대로684번길 30,,35.2223563237932,128.6968637185,kakao,point,사파동
SC0305,경로당,신덕경로당,성산구,사파동,사파동,4812354000,경상남도 창원시 성산구 창이대로 639번길 11,경남 창원시 성산구 창이대로639번길 11,,35.2278772884031,128.698692952491,kakao,point,사파동
SC0306,경로당,사파제2경로당,성산구,사파동,사파동,4812354000,경상남도 창원시 성산구 창이대로 719번길 8-15,경남 창원시 성산구 창이대로719번길 8-15,,35.2203073108541,128.70265865123,kakao,point,사파동
SC0307,경로당,사파대동(아)제1경로당,성산구,사파동,사파동,4812354000,경상남도 창원시 성산구 신사로 106,경남 창원시 성산구 신사로 106,,35.2199448276616,128.696331503116,kakao,point,사파동
SC0308,경로당,사파대동(아)제2경로당,성산구,사파동,사파동,4812354000,경상남도 창원시 성산구 신사로 106,경남 창원시 성산구 신사로 106,,35.2199448276616,128.696331503116,kakao,point,사파동
SC0309,경로당,삼익(아)경로당,성산구,사파동,사파동,4812354000,경상남도 창원시 성산구 원이대로 773번길 13,경남 창원시 성산구 원이대로773번길 13,,35.2187128969303,128.694720830953,kakao,point,사파동
SC0310,경로당,무궁화(아)경로당,성산구,사파동,사파동,4812354000,경상남도 창원시 성산구 동산로 148,경남 창원시 성산구 동산로 148,,35.2196811136787,128.692998756678,kakao,point,사파동
SC0311,경로당,사파동성(아)경로당,성산구,사파동,사파동,4812354000,경상남도 창원시 성산구 창이대로 737,경남 창원시 성산구 창이대로 737,,35.2189639383467,128.705022252354,kakao,point,사파동
SC0312,경로당,성원3차남산(아)경로당,성산구,사파동,대방동,4812354000,경상남도 창원시 성산구 대암로 126,경남 창원시 성산구 대암로 126,,35.2146542868272,128.70821412969,kakao,point,사파동
SC0313,경로당,성원3차(아)경로당,성산구,사파동,대방동,4812354000,경상남도 창원시 성산구 대암로 82,경남 창원시 성산구 대암로 82,,35.2148401938952,128.706240813652,kakao,point,사파동
SC0314,경로당,대방대동(아)경로당,성산구,사파동,대방동,4812354000,경상남도 창원시 성산구 대정로 142,경남 창원시 성산구 대정로 142,,35.2101450407943,128.709204335219,kakao,point,사파동
SC0315,경로당,대방개나리1차(아)경로당,성산구,사파동,대방동,4812354000,경상남도 창원시 성산구 대정로 149,경남 창원시 성산구 대정로 149,,35.2128567995496,128.707799810397,kakao,point,사파동
SC0316,경로당,대방덕산1차(아)경로당,성산구,사파동,대방동,4812354000,경상남도 창원시 성산구 대정로 131,경남 창원시 성산구 대정로 131,,35.2136189737478,128.706891481493,kakao,point,사파동
SC0317,경로당,대방덕산2차(아)경로당,성산구,사파동,대방동,4812354000,경상남도 창원시 성산구 대암로 272,경남 창원시 성산구 대암로 272,,35.2039102156837,128.708637965722,kakao,point,사파동
SC0318,경로당,대방그린빌(아)경로당,성산구,사파동,대방동,4812354000,경상남도 창원시 성산구 대암로 256,경남 창원시 성산구 대암로 256,,35.205515470619,128.7108643453,kakao,point,사파동
SC0319,경로당,대방동성(아)경로당,성산구,사파동,대방동,4812354000,경상남도 창원시 성산구 대암로 282,경남 창원시 성산구 대암로 282,,35.2035792069096,128.706880608511,kakao,point,사파동
SC0320,경로당,대방대동디지털(아)경로당,성산구,사파동,대방동,4812354000,경상남도 창원시 성산구 창이대로 881번길 8,경남 창원시 성산구 창이대로881번길 8,,35.2062550646981,128.707388127672,kakao,point,사파동
SC0321,경로당,대방대동황토방(아)경로당,성산구,사파동,대방동,4812354000,경상남도 창원시 성산구 창이대로 881번길 19,경남 창원시 성산구 창이대로881번길 19,,35.2086716489103,128.708929349582,kakao,point,사파동
SC0322,경로당,가음정경로당,성산구,가음정동,가음동,4812355000,경상남도 창원시 성산구 가음정로 11(가음정동),경남 창원시 성산구 가음정로 11,,35.2109375051128,128.686050482076,kakao,point,가음정동
SC0323,경로당,더샾센트럴파크경로당,성산구,가음정동,가음동,4812355000,"경상남도 창원시 성산구 원이대로863번길 19(가음정동, 창원더샵센트럴파크아파트)",경남 창원시 성산구 원이대로863번길 19,,35.2091374207354,128.697649307265,kakao,point,가음정동
SC0324,경로당,은아(아)경로당,성산구,가음정동,가음동,4812355000,"경상남도 창원시 성산구 원이대로883번길 6(가음정동, 은아아파트)",경남 창원시 성산구 원이대로883번길 6,,35.2072995436345,128.694640827176,kakao,point,가음정동
SC0325,경로당,소라(아)경로당,성산구,가음정동,가음정동,4812355000,"경상남도 창원시 성산구 성산패총로178번길 51(가음정동, 소라아파트)",경남 창원시 성산구 성산패총로178번길 51,,35.2073968569484,128.687481485946,kakao,point,가음정동
SC0326,경로당,우성(아)경로당,성산구,가음정동,남양동,4812355000,"경상남도 창원시 성산구 대암로 22(가음정동, 우성아파트)",경남 창원시 성산구 대암로 22,,35.213598405637,128.699258169043,kakao,point,가음정동
SC0327,경로당,롯데(아)경로당,성산구,가음정동,남양동,4812355000,"경상남도 창원시 성산구 대암로 56(가음정동, 롯데아파트)",경남 창원시 성산구 대암로 56,,35.2142057158642,128.701722861892,kakao,point,가음정동
SC0328,경로당,동성(아)경로당,성산구,가음정동,남양동,4812355000,"경상남도 창원시 성산구 대암로 64(가음정동, 상남동성아파트)",경남 창원시 성산구 대암로 64,,35.213937217347,128.703166355558,kakao,point,가음정동
SC0329,경로당,성원1차(아)경로당,성산구,가음정동,남양동,4812355000,"경상남도 창원시 성산구 대정로 73(가음정동, 성원1차아파트)",경남 창원시 성산구 대정로 73,,35.2115144000928,128.700447461845,kakao,point,가음정동
SC0330,경로당,성원2차(아)경로당,성산구,가음정동,남양동,4812355000,"경상남도 창원시 성산구 대정로 99(가음정동, 성원2차아파트)",경남 창원시 성산구 대정로 99,,35.2114225475062,128.702846324091,kakao,point,가음정동
SC0331,경로당,피오르빌(아)경로당,성산구,가음정동,남양동,4812355000,"경상남도 창원시 성산구 대정로 84(가음정동, 피오르빌아파트)",경남 창원시 성산구 대정로 84,,35.2091976362463,128.700633691583,kakao,point,가음정동
SC0332,경로당,대방경로당,성산구,가음정동,남양동,4812355000,경상남도 창원시 성산구 가음로57번길 16-21(가음정동),경남 창원시 성산구 가음로57번길 16-21,,35.2074180356804,128.703931562781,kakao,point,가음정동
SC0333,경로당,음지경로당,성산구,가음정동,남양동,4812355000,경상남도 창원시 성산구 가음로57번길 16-21(가음정동),경남 창원시 성산구 가음로57번길 16-21,,35.2074180356804,128.703931562781,kakao,point,가음정동
SC0334,경로당,가음동경로당,성산구,가음정동,가음동,4812355000,경상남도 창원시 성산구 가양로52번길 27(가음정동),경남 창원시 성산구 가양로52번길 27,,35.2054029100328,128.70272764102,kakao,point,가음정동
SC0335,경로당,개나리3차(아)경로당,성산구,가음정동,남양동,4812355000,"경상남도 창원시 성산구 대정로 100(남양동, 개나리3차아파트)",경남 창원시 성산구 대정로 100,,35.2109673229264,128.702937401613,kakao,point,가음정동
SC0336,경로당,한림(아)경로당,성산구,가음정동,남양동,4812355000,"경상남도 창원시 성산구 대암로 8(가음정동, 한림엘리시온아파트)",경남 창원시 성산구 대암로 8,,35.2136945664123,128.698359156059,kakao,point,가음정동
SC0337,경로당,위드파크(아)경로당,성산구,가음정동,남양동,4812355000,"경상남도 창원시 성산구 가양로 99(남양동, 위드파크아파트)",경남 창원시 성산구 가양로 99,,35.2090324970183,128.703341049209,kakao,point,가음정동
SC0338,경로당,남산경로당,성산구,가음정동,남양동,4812355000,경상남도 창원시 성산구 가음로101번길 6-8(가음정동),경남 창원시 성산구 가음로101번길 6-8,,35.2042082519615,128.70436726988,kakao,point,가음정동
SC0339,경로당,가음꿈에그린경로당,성산구,가음정동,가음동,4812355000,"경상남도 창원시 성산구 원이대로878번길 9(가음정동동, 창원가음한화꿈에그린)",경남 창원시 성산구 원이대로878번길 9,,35.2091838110034,128.692882664331,kakao,point,가음정동
SC0340,경로당,창원센텀푸르지오경로당,성산구,가음정동,가음동,4812355000,"경상남도 창원시 성산구 가음정로 59(가음정동, 창원센텀푸르지오)",경남 창원시 성산구 가음정로 59,,35.2083863980488,128.690955810184,kakao,point,가음정동
SC0341,경로당,성남경로당,성산구,가음정동,가음동,4812355000,경상남도 창원시 성산구가음로64번길 8(가음동),경남 창원시 성산구 가음로64번길 8,,35.20705597028,128.701557936317,kakao,point,가음정동
SC0342,경로당,대우(아)경로당,성산구,성주동,남산동,4812356000,"경상남도 창원시 성산구 정동로 162번길 31(남산동,대우아파트)",경남 창원시 성산구 정동로162번길 31,,35.20411532897,128.693232236543,kakao,point,성주동
SC0343,경로당,불모산경로당,성산구,성주동,성주동,4812356000,경상남도 창원시 성산구 불모산로 66번길 11(성주동),경남 창원시 성산구 불모산로66번길 11,,35.1894411686523,128.725103625992,kakao,point,성주동
SC0344,경로당,삼정자경로당,성산구,성주동,성주동,4812356000,경상남도 창원시 성산구 삼정자로51번길15(성주동),경남 창원시 성산구 삼정자로51번길 15,,35.1994706754015,128.711263894184,kakao,point,성주동
SC0345,경로당,서광파크빌(아)경로당,성산구,성주동,천선동,4812356000,"경상남도 창원시 성산구 안민안길 50(천선동,서광파크빌)",경남 창원시 성산구 안민안길 50,,35.1872085123319,128.694572034459,kakao,point,성주동
SC0346,경로당,신우에이스타운경로당,성산구,성주동,안민동,4812356000,"경상남도 창원시 성산구 안민안길 8(안민동,신우에이스타운아파트)",경남 창원시 성산구 안민안길 8,,35.1854724973047,128.690316003113,kakao,point,성주동
SC0347,경로당,안민경로당,성산구,성주동,안민동,4812356000,경상남도 창원시 성산구 안민로 117번길 17(안민동),경남 창원시 성산구 안민로117번길 17,,35.1874071880286,128.689706521561,kakao,point,성주동
SC0348,경로당,유니온빌리지(아)경로당,성산구,성주동,성주동,4812356000,"경상남도 창원시 성산구 삼정자로 79(성주동,유니온빌리지아파트)",경남 창원시 성산구 삼정자로 79,,35.1993981862755,128.715042569174,kakao,point,성주동
SC0349,경로당,청솔(아)경로당,성산구,성주동,안민동,4812356000,"경상남도 창원시 성산구 안민로 101번길 29(안민동,안민청솔마을대동아파트)",경남 창원시 성산구 안민로101번길 29,,35.1896814325349,128.687767457726,kakao,point,성주동
SC0350,경로당,프리빌리지경로당,성산구,성주동,성주동,4812356000,"경상남도 창원시 성산구 대암로 253(성주동,프리빌리지아파트)",경남 창원시 성산구 대암로 253,,35.2019457874446,128.712225715155,kakao,point,성주동
SC0351,경로당,프리빌리지2차(아)경로당,성산구,성주동,성주동,4812356000,"경상남도 창원시 성산구 창원대로 1209번길 22(성주동,프리빌리지2차)",경남 창원시 성산구 창원대로1209번길 22,,35.195020538797,128.716484924442,kakao,point,성주동
SC0352,경로당,한림푸르지오(아)경로당,성산구,성주동,성주동,4812356000,"경상남도 창원시 성산구 외리로34번길 13(성주동,한림푸르지오아파트)",경남 창원시 성산구 외리로34번길 13,,35.2018652135666,128.710861991553,kakao,point,성주동
SC0353,경로당,한솔(아)경로당,성산구,성주동,안민동,4812356000,"경상남도 창원시 성산구 안민로 161(안민동,한솔마을대동아파트)",경남 창원시 성산구 안민로 161,,35.1857312097179,128.691440964003,kakao,point,성주동
SC0354,경로당,한양아파트경로당,성산구,성주동,남산동,4812356000,"경상남도 창원시 성산구 정동로 162번길 69(남산동,한양아파트)",경남 창원시 성산구 정동로162번길 69,,35.2014512310242,128.697820121512,kakao,point,성주동
SC0355,경로당,남산효성해링턴플레이스경로당,성산구,성주동,남산동,4812356000,경상남도 창원시 성산구 정동로162번길 78(남산동),경남 창원시 성산구 정동로162번길 78,,35.1988607714273,128.701318228821,kakao,point,성주동
SC0356,경로당,양곡경로당,성산구,웅남동,양곡동,4812357000,경상남도 창원시 성산구 양곡길106번길 1-12(양곡동),경남 창원시 성산구 양곡길106번길 1-12,,35.2003040768841,128.627066304068,kakao,point,웅남동
SC0357,경로당,동성1차경로당,성산구,웅남동,신촌동,4812357000,"경상남도 창원시 성산구 신촌로 95(신촌동,동성1차아파트)",경남 창원시 성산구 신촌로 95,,35.2012729324414,128.628980521891,kakao,point,웅남동
SC0358,경로당,동성2차경로당,성산구,웅남동,신촌동,4812357000,"경상남도 창원시 성산구 신촌로 63(신촌동,동성2차아파트)",경남 창원시 성산구 신촌로 63,,35.2041086292929,128.628211892764,kakao,point,웅남동
SC0359,경로당,동성빌라2차경로당,성산구,웅남동,신촌동,4812357000,"경상남도 창원시 성산구 신촌로 43(신촌동,동성빌라2차)",경남 창원시 성산구 신촌로 43,,35.2053620636317,128.628070895903,kakao,point,웅남동
SC0360,경로당,성원아파트경로당,성산구,웅남동,신촌동,4812357000,"경상남도 창원시 성산구 신촌로 123(신촌동,성원아파트)",경남 창원시 성산구 신촌로 123,,35.197637835697,128.629267278758,kakao,point,웅남동
SC0361,경로당,귀산경로당,성산구,웅남동,귀산동,4812357000,경상남도 창원시 성산구 귀산로58번길 14 (귀산동),경남 창원시 성산구 귀산로58번길 14,,35.1658903021728,128.615906154419,kakao,point,웅남동
SC0362,경로당,석교경로당,성산구,웅남동,귀산동,4812357000,경상남도 창원시 성산구 삼귀로466번길 8 (귀산동),경남 창원시 성산구 삼귀로466번길 8,,35.1575180802265,128.60939376943,kakao,point,웅남동
SC0363,경로당,갯마을경로당,성산구,웅남동,귀산동,4812357000,경상남도 창원시 성산구 삼귀로 375-11 (귀산동),경남 창원시 성산구 삼귀로 375-11,,35.1643877335853,128.607578016317,kakao,point,웅남동
SC0364,경로당,용호마을경로당,성산구,웅남동,귀곡동,4812357000,경상남도 창원시 성산구 삼귀로 185-9 (귀곡동),경남 창원시 성산구 삼귀로 185-9,,35.1698461706829,128.599450919613,kakao,point,웅남동
SC0365,경로당,동부산아이존빌경로당,성산구,웅남동,신촌동,4812357000,"경상남도 창원시 성산구 신촌로 94(신촌동,동부산아이존빌아파트)",경남 창원시 성산구 신촌로 94,,35.2009975030786,128.627916244418,kakao,point,웅남동
SC0366,경로당,신촌경로당,성산구,웅남동,신촌동,4812357000,경상남도 창원시 성산구 양곡길 53(신촌동),경남 창원시 성산구 양곡길 53,,35.2054599565683,128.626950000201,kakao,point,웅남동
SC0367,경로당,동원로얄듀크경로당,성산구,웅남동,신촌동,4812357000,경상남도 창원시 성산구 신촌로 130(신촌동),경남 창원시 성산구 신촌로 130,,35.197803495349,128.628562970956,kakao,point,웅남동
SC0368,경로당,상남남성경로당,마산합포구,합포동,상남동,4812564000,경상남도 창원시 마산합포구 합포서7길 10 (상남동),경남 창원시 마산합포구 합포서7길 10,,35.2100436294778,128.576624568823,kakao,point,합포동
SC0369,경로당,상남여성경로당,마산합포구,합포동,상남동,4812564000,경상남도 창원시 마산합포구 합포서7길 10 (상남동),경남 창원시 마산합포구 합포서7길 10,,35.2100436294778,128.576624568823,kakao,point,합포동
SC0370,경로당,용마남성경로당,마산합포구,합포동,산호동,4812564000,경상남도 창원시 마산합포구 회원천북길 461 (산호동),경남 창원시 마산합포구 회원천북길 461,,35.2096313299194,128.580362323997,kakao,point,합포동
SC0371,경로당,용마여성경로당,마산합포구,합포동,산호동,4812564000,경상남도 창원시 마산합포구 회원천북길 461 (산호동),경남 창원시 마산합포구 회원천북길 461,,35.2096313299194,128.580362323997,kakao,point,합포동
SC0372,경로당,숲골남성경로당,마산합포구,합포동,산호동,4812564000,경상남도 창원시 마산합포구 합포북20길 23 (산호동),경남 창원시 마산합포구 합포북20길 23,,35.2139399437414,128.578132354231,kakao,point,합포동
SC0373,경로당,숲골여성경로당,마산합포구,합포동,산호동,4812564000,경상남도 창원시 마산합포구 합포북20길 23 (산호동),경남 창원시 마산합포구 합포북20길 23,,35.2139399437414,128.578132354231,kakao,point,합포동
SC0374,경로당,국제비치경로당,마산합포구,합포동,산호동,4812564000,"경상남도 창원시 마산합포구 합포동5길 22(산호동,국제비치타운)",경남 창원시 마산합포구 합포동5길 22,,35.2095892863615,128.584674400013,kakao,point,합포동
SC0375,경로당,무학맨션경로당,마산합포구,합포동,산호동,4812564000,"경상남도 창원시 마산합포구 회원천북길 545(산호동,무학맨션)",경남 창원시 마산합포구 회원천북길 545,,35.2075416312947,128.584705541319,kakao,point,합포동
SC0376,경로당,무학경로당,마산합포구,합포동,산호동,4812564000,"경상남도 창원시 마산합포구 회원천북길 545(산호동,무학맨션)",경남 창원시 마산합포구 회원천북길 545,,35.2075416312947,128.584705541319,kakao,point,합포동
SC0377,경로당,진웅네스빌경로당,마산합포구,합포동,산호동,4812564000,"경상남도 창원시 마산합포구 합포남2길 11(산호동, 진웅네스빌)",경남 창원시 마산합포구 합포남2길 11,,35.2097765782626,128.582489415652,kakao,point,합포동
SC0378,경로당,가포제2남성경로당,마산합포구,가포동,가포동,4812552000,경상남도 창원시 마산합포구 가포해안길 21(가포동),경남 창원시 마산합포구 가포해안길 21,,35.1690542062554,128.571580525804,kakao,point,가포동
SC0379,경로당,가포제2여성경로당,마산합포구,가포동,가포동,4812552000,경상남도 창원시 마산합포구 가포해안길 21(가포동),경남 창원시 마산합포구 가포해안길 21,,35.1690542062554,128.571580525804,kakao,point,가포동
SC0380,경로당,건화맨션경로당,마산합포구,가포동,가포동,4812552000,"경상남도 창원시 마산합포구 가포로 176-45 (가포동, 건화그린맨션)",경남 창원시 마산합포구 가포로 176-45,,35.1699233920864,128.563089354045,kakao,point,가포동
SC0381,경로당,가포LH아파트1단지경로당,마산합포구,가포동,가포동,4812552000,경상남도 창원시 마산합포구 가포본동5길 37,경남 창원시 마산합포구 가포본동5길 37,,35.158944101097,128.584306007809,kakao,point,가포동
SC0382,경로당,마창대교반도유보라아이비파크경로당,마산합포구,가포동,가포동,4812552000,경상남도 창원시 마산합포구 가포본동1길 18,경남 창원시 마산합포구 가포본동1길 18,,35.1579344312701,128.574131273515,kakao,point,가포동
SC0383,경로당,가포안단테아파트경로당,마산합포구,가포동,가포동,4812552000,경상남도 창원시 마산합포구 가포본동5길 23,경남 창원시 마산합포구 가포본동5길 23,,35.1573468566645,128.581483149562,kakao,point,가포동
SC0384,경로당,가포금호어울림NHF아파트경로당,마산합포구,가포동,가포동,4812552000,경상남도 창원시 마산합포구 가포본동1길 50,경남 창원시 마산합포구 가포본동1길 50,,35.1562651346038,128.578260052117,kakao,point,가포동
SC0385,경로당,중앙남성경로당,마산합포구,반월중앙동,신흥동,4812556500,경상남도 창원시 마산합포구 중앙남5길 40 (신흥동),경남 창원시 마산합포구 중앙남5길 40,,35.1937115332602,128.564246191474,kakao,point,반월중앙동
SC0386,경로당,중앙여성경로당,마산합포구,반월중앙동,신흥동,4812556500,경상남도 창원시 마산합포구 중앙남5길 40 (신흥동),경남 창원시 마산합포구 중앙남5길 40,,35.1937115332602,128.564246191474,kakao,point,반월중앙동
SC0387,경로당,신월남성경로당,마산합포구,반월중앙동,신월동,4812556500,경상남도 창원시 마산합포구 반월서7길 52 (신월동),경남 창원시 마산합포구 반월서7길 52,,35.1937915891347,128.559465540839,kakao,point,반월중앙동
SC0388,경로당,신월여성경로당,마산합포구,반월중앙동,신월동,4812556500,경상남도 창원시 마산합포구 반월서7길 52 (신월동),경남 창원시 마산합포구 반월서7길 52,,35.1937915891347,128.559465540839,kakao,point,반월중앙동
SC0389,경로당,반월시장경로당,마산합포구,반월중앙동,반월동,4812556500,경상남도 창원시 마산합포구 반월북2길 13-1 (반월동),경남 창원시 마산합포구 반월북2길 13-1,,35.1897572454358,128.561348619057,kakao,point,반월중앙동
SC0390,경로당,반월월포남성경로당,마산합포구,반월중앙동,중앙동1가,4812556500,경상남도 창원시 마산합포구 반월동5길 9-1(중앙동1가),경남 창원시 마산합포구 반월동5길 9-1,,35.1900826884948,128.563401657573,kakao,point,반월중앙동
SC0391,경로당,반월월포여성경로당,마산합포구,반월중앙동,중앙동1가,4812556500,경상남도 창원시 마산합포구 반월동5길 9-1(중앙동1가),경남 창원시 마산합포구 반월동5길 9-1,,35.1900826884948,128.563401657573,kakao,point,반월중앙동
SC0392,경로당,벽산블루밍경로당,마산합포구,반월중앙동,월포동,4812556500,경상남도 창원시 마산합포구 3.15대로 154 (월포동),경남 창원시 마산합포구 3.15대로 154,,35.1919152633005,128.565836371335,kakao,point,반월중앙동
SC0393,경로당,월포경동메르빌남자경로당,마산합포구,반월중앙동,월포동,4812556500,경상남도 창원시 마산합포구 중앙동3길 22 (월포동),경남 창원시 마산합포구 중앙동3길 22,,35.1938456693636,128.567595458782,kakao,point,반월중앙동
SC0394,경로당,월포경동메르빌여성경로당,마산합포구,반월중앙동,월포동,4812556500,경상남도 창원시 마산합포구 중앙동3길 22 (월포동),경남 창원시 마산합포구 중앙동3길 22,,35.1938456693636,128.567595458782,kakao,point,반월중앙동
SC0395,경로당,중앙경동메르빌아파트경로당,마산합포구,반월중앙동,중앙동2가,4812556500,"경상남도 창원시 마산합포구 중앙동3길 10 (중앙동2가,경동메르빌2차아파트)",경남 창원시 마산합포구 중앙동3길 10,,35.1949030100955,128.567490614238,kakao,point,반월중앙동
SC0396,경로당,우방(아)경로당,마산합포구,반월중앙동,중앙동2가,4812556500,"경상남도 창원시 마산합포구 중앙동3길 17 (중앙동2가,중앙우방아파트)",경남 창원시 마산합포구 중앙동3길 17,,35.1950158295374,128.567853772945,kakao,point,반월중앙동
SC0397,경로당,신우희가로베스트경로당,마산합포구,반월중앙동,중앙동3가,4812556500,"경상남도 창원시 마산합포구 중앙북1길 19 (중앙동3가,신우희가로베스트)",경남 창원시 마산합포구 중앙북1길 19,,35.1979031756821,128.568824402097,kakao,point,반월중앙동
SC0398,경로당,신한토탈아파트경로당,마산합포구,반월중앙동,신흥동,4812556500,"경상남도 창원시 마산합포구 장군천로 38 (신흥동,신한토탈아파트)",경남 창원시 마산합포구 장군천로 38,,35.1960464449235,128.566053560268,kakao,point,반월중앙동
SC0399,경로당,대동한마음아파트경로당,마산합포구,반월중앙동,완월동,4812556500,"경상남도 창원시 마산합포구 중앙남8길 55 (완월동,대동한마음아파트)",경남 창원시 마산합포구 중앙남8길 55,,35.1951231299438,128.563165908154,kakao,point,반월중앙동
SC0400,경로당,혜성미경로당,마산합포구,반월중앙동,중앙동3가,4812556500,경상남도 창원시 마산합포구 중앙북2길 17 (혜성미아파트),경남 창원시 마산합포구 중앙북2길 17,,35.1985353218694,128.568398806385,kakao,point,반월중앙동
SC0401,경로당,대창경로당,마산합포구,문화동,대창동,4812554000,경상남도 창원시 마산합포구 문화서6길 32 (대창동),경남 창원시 마산합포구 문화서6길 32,,35.1870467401123,128.554120555374,kakao,point,문화동
SC0402,경로당,대창여성경로당,마산합포구,문화동,대창동,4812554000,경상남도 창원시 마산합포구 문화서6길 32 (대창동),경남 창원시 마산합포구 문화서6길 32,,35.1870467401123,128.554120555374,kakao,point,문화동
SC0403,경로당,당산경로당,마산합포구,문화동,화영동,4812554000,경상남도 창원시 마산합포구 문화남9길 11 (화영동),경남 창원시 마산합포구 문화남9길 11,,35.1851759367651,128.552610288633,kakao,point,문화동
SC0404,경로당,당산여성경로당,마산합포구,문화동,화영동,4812554000,경상남도 창원시 마산합포구 문화남9길 11 (화영동),경남 창원시 마산합포구 문화남9길 11,,35.1851759367651,128.552610288633,kakao,point,문화동
SC0405,경로당,창포경로당,마산합포구,문화동,창포동2가,4812554000,경상남도 창원시 마산합포구 문화동10길 9-1 (창포동2가),경남 창원시 마산합포구 문화동10길 9-1,,35.1836602029937,128.560492415952,kakao,point,문화동
SC0406,경로당,창포여성경로당,마산합포구,문화동,창포동2가,4812554000,경상남도 창원시 마산합포구 문화동10길 9-1 (창포동2가),경남 창원시 마산합포구 문화동10길 9-1,,35.1836602029937,128.560492415952,kakao,point,문화동
SC0407,경로당,월남경로당,마산합포구,문화동,평화동,4812554000,경상남도 창원시 마산합포구 문화북5길 10-1 (평화동),경남 창원시 마산합포구 문화북5길 10-1,,35.1863482295222,128.558758698637,kakao,point,문화동
SC0408,경로당,월남여성경로당,마산합포구,문화동,평화동,4812554000,경상남도 창원시 마산합포구 문화북5길 10-1 (평화동),경남 창원시 마산합포구 문화북5길 10-1,,35.1863482295222,128.558758698637,kakao,point,문화동
SC0409,경로당,창포동성아파트경로당,마산합포구,문화동,창포동1가,4812554000,"경상남도 창원시 마산합포구 문화동7길 25 (창포동1가, 동성아파트)",경남 창원시 마산합포구 문화동7길 25,,35.1844396637072,128.561843407136,kakao,point,문화동
SC0410,경로당,창포경남맨션경로당,마산합포구,문화동,창포동2가,4812554000,"경상남도 창원시 마산합포구 문화동14길 68 (창포동2가, 창포경남아파트)",경남 창원시 마산합포구 문화동14길 68,,35.1833715976178,128.561613078619,kakao,point,문화동
SC0411,경로당,경민아파트경로당,마산합포구,문화동,창포동3가,4812554000,"경상남도 창원시 마산합포구 문화동14길 46 (창포동3가,창포경민아파트)",경남 창원시 마산합포구 문화동14길 46,,35.182130588095,128.561382302427,kakao,point,문화동
SC0412,경로당,창포한백아파트경로당,마산합포구,문화동,창포동1가,4812554000,"경상남도 창원시 마산합포구 문화동15길 95 (창포동1가, 창포한백아파트)",경남 창원시 마산합포구 문화동15길 95,,35.1844169370464,128.562731721023,kakao,point,문화동
SC0413,경로당,월영한백아파트경로당,마산합포구,문화동,월영동,4812554000,"경상남도 창원시 마산합포구 문화서2길 5 (월영동, 월영한백아파트)",경남 창원시 마산합포구 문화서2길 5,,35.1860909854171,128.552939358869,kakao,point,문화동
SC0414,경로당,귀정경로당,마산합포구,진북면,진북면 대티리,4812533000,경상남도 창원시 마산합포구 진북면 귀정길 14,경남 창원시 마산합포구 진북면 귀정길 14,,35.1632024229469,128.474337710074,kakao,point,진북면
SC0415,경로당,금산경로당,마산합포구,진북면,진북면 금산리,4812533000,경상남도 창원시 마산합포구 진북면 학동로 403,경남 창원시 마산합포구 진북면 학동로 403,,35.1453805362901,128.450470280069,kakao,point,진북면
SC0416,경로당,내추경로당,마산합포구,진북면,진북면 추곡리,4812533000,경상남도 창원시 마산합포구 진북면 내추길 5,경남 창원시 마산합포구 진북면 내추길 5,,35.167958978612,128.489995799197,kakao,point,진북면
SC0417,경로당,대티경로당,마산합포구,진북면,진북면 대티리,4812533000,경상남도 창원시 마산합포구 진북면 대티1길 103-11,경남 창원시 마산합포구 진북면 대티1길 103-11,,35.1665720624438,128.467382412532,kakao,point,진북면
SC0418,경로당,대평경로당,마산합포구,진북면,진북면 대평리,4812533000,경상남도 창원시 마산합포구 진북면 대평길 46,경남 창원시 마산합포구 진북면 대평길 46,,35.128519730342,128.464306420492,kakao,point,진북면
SC0419,경로당,대현경로당,마산합포구,진북면,진북면 정현리,4812533000,경상남도 창원시 마산합포구 진북면 대현길 9,경남 창원시 마산합포구 진북면 대현길 9,,35.1748017070536,128.46850600559,kakao,point,진북면
SC0420,경로당,덕곡경로당,마산합포구,진북면,진북면 덕곡리,4812533000,경상남도 창원시 마산합포구 진북면 덕곡덕기길 305-1,경남 창원시 마산합포구 진북면 덕곡덕기길 305-1,,35.1269535417965,128.473471514964,kakao,point,진북면
SC0421,경로당,덕기경로당,마산합포구,진북면,진북면 덕곡리,4812533000,경상남도 창원시 마산합포구 진북면 덕곡덕기길 87,경남 창원시 마산합포구 진북면 덕곡덕기길 87,,35.124106299766,128.483162058191,kakao,point,진북면
SC0422,경로당,동삼경로당,마산합포구,진북면,진북면 인곡리,4812533000,경상남도 창원시 마산합포구 진북면 동삼길 82,경남 창원시 마산합포구 진북면 동삼길 82,,35.1226856627341,128.452564209511,kakao,point,진북면
SC0423,경로당,동촌남성경로당,마산합포구,진북면,진북면 지산리,4812533000,경상남도 창원시 마산합포구 진북면 지산5길 59,경남 창원시 마산합포구 진북면 지산5길 59,,35.1151473986955,128.468670555,kakao,point,진북면
SC0424,경로당,동촌여성경로당,마산합포구,진북면,진북면 지산리,4812533000,경상남도 창원시 마산합포구 진북면 지산5길 59,경남 창원시 마산합포구 진북면 지산5길 59,,35.1151473986955,128.468670555,kakao,point,진북면
SC0425,경로당,망곡경로당,마산합포구,진북면,진북면 망곡리,4812533000,경상남도 창원시 마산합포구 진북면 망곡길 150,경남 창원시 마산합포구 진북면 망곡길 150,,35.1431987920335,128.483897694644,kakao,point,진북면
SC0426,경로당,부산경로당,마산합포구,진북면,진북면 부산리,4812533000,경상남도 창원시 마산합포구 진북면 부산1길 83,경남 창원시 마산합포구 진북면 부산1길 83,,35.1388967732597,128.464285113357,kakao,point,진북면
SC0427,경로당,부평경로당,마산합포구,진북면,진북면 부평리,4812533000,경상남도 창원시 마산합포구 진북면 부평1길 61,경남 창원시 마산합포구 진북면 부평1길 61,,35.1494503901921,128.481414754578,kakao,point,진북면
SC0428,경로당,서북동경로당,마산합포구,진북면,,,경상남도 창원시 마산합포구 진북면 학동로 614,,,35.138627996757876,128.469426100907,dong_centroid,dong,진북면
SC0429,경로당,서촌남성경로당,마산합포구,진북면,진북면 지산리,4812533000,경상남도 창원시 마산합포구 진북면 지산1길 63-8,경남 창원시 마산합포구 진북면 지산1길 63-8,,35.115195323591,128.464993789689,kakao,point,진북면
SC0430,경로당,서촌여성경로당,마산합포구,진북면,진북면 지산리,4812533000,경상남도 창원시 마산합포구 진북면 지산1길 63-8,경남 창원시 마산합포구 진북면 지산1길 63-8,,35.115195323591,128.464993789689,kakao,point,진북면
SC0431,경로당,성원아파트경로당,마산합포구,진북면,진북면 지산리,4812533000,경상남도 창원시 마산합포구 진북면 지산2길 31,경남 창원시 마산합포구 진북면 지산2길 31,,35.1170229980081,128.463733408134,kakao,point,진북면
SC0432,경로당,신촌경로당,마산합포구,진북면,진북면 신촌리,4812533000,경상남도 창원시 마산합포구 진북면 신촌마을길 2,경남 창원시 마산합포구 진북면 신촌마을길 2,,35.1345274479276,128.476672424597,kakao,point,진북면
SC0433,경로당,연동경로당,마산합포구,진북면,진북면 망곡리,4812533000,경상남도 창원시 마산합포구 진북면 연동1길 41,경남 창원시 마산합포구 진북면 연동1길 41,,35.1376770538999,128.486800801489,kakao,point,진북면
SC0434,경로당,영학(학동)경로당,마산합포구,진북면,,,경상남도 창원시 마산합포구 진북면 학동로 529,,,35.138627996757876,128.469426100907,dong_centroid,dong,진북면
SC0435,경로당,예곡경로당,마산합포구,진북면,진북면 예곡리,4812533000,경상남도 창원시 마산합포구 진북면 의림로 101,경남 창원시 마산합포구 진북면 의림로 101,,35.1177331201842,128.453540698119,kakao,point,진북면
SC0436,경로당,외추경로당,마산합포구,진북면,진북면 추곡리,4812533000,경상남도 창원시 마산합포구 진북면 추곡1길 94,경남 창원시 마산합포구 진북면 추곡1길 94,,35.1566979941188,128.478977134984,kakao,point,진북면
SC0437,경로당,이목남성경로당,마산합포구,진북면,진북면 이목리,4812533000,경상남도 창원시 마산합포구 진북면 학동로 238,경남 창원시 마산합포구 진북면 학동로 238,,35.1347143098553,128.46297716675,kakao,point,진북면
SC0438,경로당,이목여성경로당,마산합포구,진북면,진북면 이목리,4812533000,경상남도 창원시 마산합포구 진북면 학동로 238,경남 창원시 마산합포구 진북면 학동로 238,,35.1347143098553,128.46297716675,kakao,point,진북면
SC0439,경로당,인곡경로당,마산합포구,진북면,,,경상남도 창원시 마산합포구 진북면 의림로 244,,,35.138627996757876,128.469426100907,dong_centroid,dong,진북면
SC0440,경로당,인곡상경로당,마산합포구,진북면,,,경상남도 창원시 마산합포구 진북면 의림로 258-1,,,35.138627996757876,128.469426100907,dong_centroid,dong,진북면
SC0441,경로당,정곡경로당,마산합포구,진북면,,,경상남도 창원시 마산합포구 진북면 진북정곡길 267,,,35.138627996757876,128.469426100907,dong_centroid,dong,진북면
SC0442,경로당,정삼경로당,마산합포구,진북면,진북면 정현리,4812533000,경상남도 창원시 마산합포구 진북면 정삼길 158,경남 창원시 마산합포구 진북면 정삼길 158,,35.1720876296897,128.462274115878,kakao,point,진북면
SC0443,경로당,중촌경로당,마산합포구,진북면,진북면 대티리,4812533000,경상남도 창원시 마산합포구 진북면 중촌길 6-3,경남 창원시 마산합포구 진북면 중촌길 6-3,,35.1712242265,128.470736640161,kakao,point,진북면
SC0444,경로당,예곡경로당,마산합포구,현동,예곡동,4812551000,경상남도 창원시 마산합포구 예곡길 194-4,경남 창원시 마산합포구 예곡길 194-4,,35.1691719810144,128.54693437792,kakao,point,현동
SC0445,경로당,두릉경로당,마산합포구,현동,예곡동,4812551000,경상남도 창원시 마산합포구 두릉길 192,경남 창원시 마산합포구 두릉길 192,,35.1773126490988,128.533621733076,kakao,point,현동
SC0446,경로당,우산경로당,마산합포구,현동,우산동,4812551000,경상남도 창원시 마산합포구 우산길 19,경남 창원시 마산합포구 우산길 19,,35.1583540812226,128.554119273912,kakao,point,현동
SC0447,경로당,옥동경로당,마산합포구,현동,우산동,4812551000,경상남도 창원시 마산합포구 옥동길 79-10,경남 창원시 마산합포구 옥동길 79-10,,35.1526684842808,128.54783234757,kakao,point,현동
SC0448,경로당,묘촌남성경로당,마산합포구,현동,현동,4812551000,경상남도 창원시 마산합포구 묘촌1길 88,경남 창원시 마산합포구 묘촌1길 88,,35.1383556530836,128.557038679676,kakao,point,현동
SC0449,경로당,묘촌여성경로당,마산합포구,현동,현동,4812551000,경상남도 창원시 마산합포구 묘촌1길 88,경남 창원시 마산합포구 묘촌1길 88,,35.1383556530836,128.557038679676,kakao,point,현동
SC0450,경로당,덕동남성경로당,마산합포구,현동,덕동동,4812551000,경상남도 창원시 마산합포구 덕동길 126,경남 창원시 마산합포구 덕동길 126,,35.1384775966469,128.575346309209,kakao,point,현동
SC0451,경로당,덕동여성경로당,마산합포구,현동,덕동동,4812551000,경상남도 창원시 마산합포구 덕동길 126,경남 창원시 마산합포구 덕동길 126,,35.1384775966469,128.575346309209,kakao,point,현동
SC0452,경로당,율곡경로당,마산합포구,현동,예곡동,4812551000,경상남도 창원시 마산합포구 예곡길 63,경남 창원시 마산합포구 예곡길 63,,35.1673505761624,128.552638120421,kakao,point,현동
SC0453,경로당,중흥1차경로당,마산합포구,현동,현동,4812551000,경상남도 창원시 마산합포구 현동4길 20,경남 창원시 마산합포구 현동4길 20,,35.1527900505769,128.549821054958,kakao,point,현동
SC0454,경로당,창원현동LH아파트경로당,마산합포구,현동,우산동,4812551000,경상남도 창원시 마산합포구 현동3길 1,경남 창원시 마산합포구 현동3길 1,,35.1524849386005,128.554094106993,kakao,point,현동
SC0455,경로당,그린경로당,마산합포구,현동,,,경상남도 창원시 마산합포구 묘촌1길 28,경남 창원시 의창구 동읍 신방리 478,,35.2914851368351,128.676200935434,kakao,point,현동
SC0456,경로당,현동중흥S클래스프라디움3차경로당,마산합포구,현동,현동,4812551000,경상남도 창원시 마산합포구 현동1길 8,경남 창원시 마산합포구 현동1길 8,,35.148631512036,128.558356407781,kakao,point,현동
SC0457,경로당,현동 코오롱하늘채아파트 경로당,마산합포구,현동,현동,4812551000,경상남도 창원시 마산합포구 현동9길 13,경남 창원시 마산합포구 현동9길 13,,35.1453138863429,128.55703483767,kakao,point,현동
SC0458,경로당,현동중흥2차아파트경로당,마산합포구,현동,현동,4812551000,경상남도 창원시 마산합포구 현동9길 14,경남 창원시 마산합포구 현동9길 14,,35.1451846205351,128.554784357204,kakao,point,현동
SC0459,경로당,상춘남성경로당,마산합포구,완월동,완월동,4812557000,경상남도 창원시 마산합포구 완월북5길 28,경남 창원시 마산합포구 완월북5길 28,,35.1987935334702,128.559559185447,kakao,point,완월동
SC0460,경로당,상춘여성경로당,마산합포구,완월동,완월동,4812557000,경상남도 창원시 마산합포구 완월북5길 28,경남 창원시 마산합포구 완월북5길 28,,35.1987935334702,128.559559185447,kakao,point,완월동
SC0461,경로당,완월남성경로당,마산합포구,완월동,장군동4가,4812557000,경상남도 창원시 마산합포구 마산합포구 완월동5길 15,경남 창원시 마산합포구 완월동5길 15,,35.1976990572009,128.564589121995,kakao,point,완월동
SC0462,경로당,완월여성경로당,마산합포구,완월동,장군동4가,4812557000,경상남도 창원시 마산합포구 마산합포구 완월동5길 15,경남 창원시 마산합포구 완월동5길 15,,35.1976990572009,128.564589121995,kakao,point,완월동
SC0463,경로당,학산남성경로당,마산합포구,완월동,완월동,4812557000,경상남도 창원시 마산합포구 완월남1길 50,경남 창원시 마산합포구 완월남1길 50,,35.1967619406834,128.559343468734,kakao,point,완월동
SC0464,경로당,확산여성경로당,마산합포구,완월동,완월동,4812557000,경상남도 창원시 마산합포구 완월남1길 50,경남 창원시 마산합포구 완월남1길 50,,35.1967619406834,128.559343468734,kakao,point,완월동
SC0465,경로당,서광1차아파트경로당,마산합포구,완월동,완월동,4812557000,경상남도 창원시 마산합포구 고운로 168,경남 창원시 마산합포구 고운로 168,,35.196863093289,128.562563327281,kakao,point,완월동
SC0466,경로당,화인아파트경로당,마산합포구,완월동,완월동,4812557000,경상남도 창원시 마산합포구 완월남8길 16,경남 창원시 마산합포구 완월남8길 16,,35.1951570547194,128.558304034613,kakao,point,완월동
SC0467,경로당,청구제네스아파트경로당,마산합포구,완월동,완월동,4812557000,경상남도 창원시 마산합포구 완월남로 45,경남 창원시 마산합포구 완월남로 45,,35.1970797231159,128.55774688891,kakao,point,완월동
SC0468,경로당,서광2차아파트경로당,마산합포구,완월동,완월동,4812557000,경상남도 창원시 마산합포구 완월남로 54,경남 창원시 마산합포구 완월남로 54,,35.1978582646022,128.556867260386,kakao,point,완월동
SC0469,경로당,율티경로당,마산합포구,진전면,진전면 율티리,4812534000,경상남도 창원시 마산합포구 진전면 미더덕로 24,경남 창원시 마산합포구 진전면 미더덕로 24,,35.105706305481,128.452941494986,kakao,point,진전면
SC0470,경로당,근곡경로당,마산합포구,진전면,,,경상남도 창원시 마산합포구 진전면 근곡1길 181,,,35.19379928518024,128.5617765532719,dong_centroid,dong,진전면
SC0471,경로당,신기경로당,마산합포구,진전면,,,경상남도 창원시 마산합포구 진전면 진전신기길 5,,,35.19379928518024,128.5617765532719,dong_centroid,dong,진전면
SC0472,경로당,임곡경로당,마산합포구,진전면,,,경상남도 창원시 마산합포구 진전면 임곡길 133,,,35.19379928518024,128.5617765532719,dong_centroid,dong,진전면
SC0473,경로당,진목경로당,마산합포구,진전면,,,경상남도 창원시 마산합포구 진전면 진목길 42,,,35.19379928518024,128.5617765532719,dong_centroid,dong,진전면
SC0474,경로당,대산경로당,마산합포구,진전면,,,경상남도 창원시 마산합포구 진전면 대산길 71,경남 창원시 의창구 대산면 대방리 465,,35.3444709420372,128.689257526975,kakao,point,진전면
SC0475,경로당,봉곡경로당,마산합포구,진전면,,,경상남도 창원시 마산합포구 진전면 봉곡길 16-7,경남 창원시 의창구 봉곡동 96-2,,35.2483525027003,128.66475266432,kakao,point,진전면
SC0476,경로당,도산경로당,마산합포구,진전면,,,경상남도 창원시 마산합포구 진전면 팔의사로 841-17,,,35.19379928518024,128.5617765532719,dong_centroid,dong,진전면
SC0477,경로당,곡안경로당,마산합포구,진전면,,,경상남도 창원시 마산합포구 진전면 곡안1길 18,,,35.19379928518024,128.5617765532719,dong_centroid,dong,진전면
SC0478,경로당,곡안부녀경로당,마산합포구,진전면,,,경상남도 창원시 마산합포구 진전면 곡안1길 18,,,35.19379928518024,128.5617765532719,dong_centroid,dong,진전면
SC0479,경로당,동산경로당,마산합포구,진전면,,,경상남도 창원시 마산합포구 진전면 동산1길 59,경남 창원시 마산회원구 석전동 163-92,,35.2328276509476,128.572476869248,kakao,point,진전면
SC0480,경로당,동산여성경로당,마산합포구,진전면,,,경상남도 창원시 마산합포구 진전면 동산1길 51,,,35.19379928518024,128.5617765532719,dong_centroid,dong,진전면
SC0481,경로당,양촌경로당,마산합포구,진전면,,,경상남도 창원시 마산합포구 진전면 팔의사로 390,,,35.19379928518024,128.5617765532719,dong_centroid,dong,진전면
SC0482,경로당,개양경로당,마산합포구,진전면,,,경상남도 창원시 마산합포구 진전면 개양길 11,,,35.19379928518024,128.5617765532719,dong_centroid,dong,진전면
SC0483,경로당,대정경로당,마산합포구,진전면,,,경상남도 창원시 마산합포구 진전면 의산삼일로 11,,,35.19379928518024,128.5617765532719,dong_centroid,dong,진전면
SC0484,경로당,봉암경로당,마산합포구,진전면,,,경상남도 창원시 마산합포구 진전면 팔의사로 209,경남 창원시 마산회원구 봉암동 169-26,,35.2138397890301,128.615773123641,kakao,point,진전면
SC0485,경로당,일암경로당,마산합포구,진전면,,,경상남도 창원시 마산합포구 진전면 일암1길 213,,,35.19379928518024,128.5617765532719,dong_centroid,dong,진전면
SC0486,경로당,대방경로당,마산합포구,진전면,,,경상남도 창원시 마산합포구 진전면 적석산길 616,경남 창원시 의창구 대산면 대방리 465,,35.3444709420372,128.689257526975,kakao,point,진전면
SC0487,경로당,동대경로당,마산합포구,진전면,,,경상남도 창원시 마산합포구 진전면 오서로 19,,,35.19379928518024,128.5617765532719,dong_centroid,dong,진전면
SC0488,경로당,동대부녀경로당,마산합포구,진전면,,,경상남도 창원시 마산합포구 진전면 오서로 7-1,,,35.19379928518024,128.5617765532719,dong_centroid,dong,진전면
SC0489,경로당,문화마을경로당,마산합포구,진전면,,,경상남도 창원시 마산합포구 진전면 오서1길 14,,,35.19379928518024,128.5617765532719,dong_centroid,dong,진전면
SC0490,경로당,서대경로당,마산합포구,진전면,,,경상남도 창원시 마산합포구 진전면 대실로 120,,,35.19379928518024,128.5617765532719,dong_centroid,dong,진전면
SC0491,경로당,회동경로당,마산합포구,진전면,,,경상남도 창원시 마산합포구 진전면 탑동길 57,,,35.19379928518024,128.5617765532719,dong_centroid,dong,진전면
SC0492,경로당,탑동경로당,마산합포구,진전면,,,경상남도 창원시 마산합포구 진전면 탑동길 246,,,35.19379928518024,128.5617765532719,dong_centroid,dong,진전면
SC0493,경로당,월안경로당,마산합포구,진전면,,,경상남도 창원시 마산합포구 진전면 월안2길 11,,,35.19379928518024,128.5617765532719,dong_centroid,dong,진전면
SC0494,경로당,호산경로당,마산합포구,진전면,,,경상남도 창원시 마산합포구 진전며뉴 호산정달로 59,,,35.19379928518024,128.5617765532719,dong_centroid,dong,진전면
SC0495,경로당,이명경로당,마산합포구,진전면,,,경상남도 창원시 마산합포구 진전면 이명1길 94,,,35.19379928518024,128.5617765532719,dong_centroid,dong,진전면
SC0496,경로당,정달경로당,마산합포구,진전면,,,경상남도 창원시 마산합포구 진전면 호산정달로 151-29,,,35.19379928518024,128.5617765532719,dong_centroid,dong,진전면
SC0497,경로당,창포경로당,마산합포구,진전면,진전면 창포리,4812534000,경상남도 창원시 마산합포구 진전면 회진로 1493-1,경남 창원시 마산합포구 진전면 회진로 1493-1,,35.0898733305171,128.459761908471,kakao,point,진전면
SC0498,경로당,창포여성경로당,마산합포구,진전면,진전면 창포리,4812534000,경상남도 창원시 마산합포구 진전면 회진로 1493-1,경남 창원시 마산합포구 진전면 회진로 1493-1,,35.0898733305171,128.459761908471,kakao,point,진전면
SC0499,경로당,시락경로당,마산합포구,진전면,,,경상남도 창원시 마산합포구 진전면 회진로 1016-6,,,35.19379928518024,128.5617765532719,dong_centroid,dong,진전면
SC0500,경로당,정곡경로당,마산합포구,진전면,,,경상남도 창원시 마산합포구 진전면 진전정곡길 23-2,,,35.19379928518024,128.5617765532719,dong_centroid,dong,진전면
SC0501,경로당,소포경로당,마산합포구,진전면,진전면 시락리,4812534000,경상남도 창원시 마산합포구 진전면 회진로 1140,경남 창원시 마산합포구 진전면 회진로 1140,,35.0747787733546,128.45200595636,kakao,point,진전면
SC0502,경로당,상평경로당,마산합포구,진전면,,,경상남도 창원시 마산합포구 진전면 상평음달길 2,,,35.19379928518024,128.5617765532719,dong_centroid,dong,진전면
SC0503,경로당,미천경로당,마산합포구,진전면,,,경상남도 창원시 마산합포구 진전면 미천1길 72-4,,,35.19379928518024,128.5617765532719,dong_centroid,dong,진전면
SC0504,경로당,상촌경로당,마산합포구,진전면,,,경상남도 창원시 마산합포구 진전면 금암상촌길 88,,,35.19379928518024,128.5617765532719,dong_centroid,dong,진전면
SC0505,경로당,의산경로당,마산합포구,진전면,,,경상남도 창원시 마산합포구 진전면 의산삼일로 65-1,,,35.19379928518024,128.5617765532719,dong_centroid,dong,진전면
SC0506,경로당,의산부녀경로당,마산합포구,진전면,,,경상남도 창원시 마산합포구 진전면 의산삼일로 65-1,,,35.19379928518024,128.5617765532719,dong_centroid,dong,진전면
SC0507,경로당,중촌경로당,마산합포구,진전면,,,경상남도 창원시 마산합포구 진전면 금암중촌길 43,,,35.19379928518024,128.5617765532719,dong_centroid,dong,진전면
SC0508,경로당,거락경로당,마산합포구,진전면,,,경상남도 창원시 마산합포구 진전면 거락2길 6,,,35.19379928518024,128.5617765532719,dong_centroid,dong,진전면
SC0509,경로당,원산경로당,마산합포구,진전면,,,경상남도 창원시 마산합포구 진전면 의산삼일로 248,,,35.19379928518024,128.5617765532719,dong_centroid,dong,진전면
SC0510,경로당,대량경로당,마산합포구,진전면,,,경상남도 창원시 마산합포구 진전면 대량1길 98,,,35.19379928518024,128.5617765532719,dong_centroid,dong,진전면
SC0511,경로당,옥방경로당,마산합포구,진전면,,,경상남도 창원시 마산합포구 진전면 옥방샛담길 55,,,35.19379928518024,128.5617765532719,dong_centroid,dong,진전면
SC0512,경로당,옥방내동경로당,마산합포구,진전면,,,경상남도 창원시 마산합포구 진전면 옥방내동길 195,,,35.19379928518024,128.5617765532719,dong_centroid,dong,진전면
SC0513,경로당,둔덕경로당,마산합포구,진전면,,,경상남도 창원시 마산합포구 진전면 둔덕안담길 27,,,35.19379928518024,128.5617765532719,dong_centroid,dong,진전면
SC0514,경로당,진동경로당,마산합포구,진동면,진동면 진동리,4812532000,경상남도 창원시 마산합포구 성산길 56,경남 창원시 마산합포구 진동면 성산길 56,,35.1147504793412,128.488204973656,kakao,point,진동면
SC0515,경로당,서촌1구경로당,마산합포구,진동면,진동면 진동리,4812532000,경상남도 창원시 마산합포구 진동시장길 24-21,경남 창원시 마산합포구 진동면 진동시장길 24-21,,35.1144039137929,128.487539363209,kakao,point,진동면
SC0516,경로당,고현경로당,마산합포구,진동면,진동면 고현리,4812532000,경상남도 창원시 마산합포구 미더덕로 358-11,경남 창원시 마산합포구 진동면 미더덕로 358-11,,35.1025356625423,128.479856516783,kakao,point,진동면
SC0517,경로당,광암경로당,마산합포구,진동면,진동면 요장리,4812532000,경상남도 창원시 마산합포구 광암해안길 6,경남 창원시 마산합포구 진동면 광암해안길 6,,35.1045334746148,128.498024633202,kakao,point,진동면
SC0518,경로당,동촌1구경로당,마산합포구,진동면,진동면 진동리,4812532000,경상남도 창원시 마산합포구 문화마당길 11-14,경남 창원시 마산합포구 진동면 문화마당길 11-14,,35.112399521109,128.489226013285,kakao,point,진동면
SC0519,경로당,서촌2구 경로당,마산합포구,진동면,진동면 진동리,4812532000,경상남도 창원시 마산합포구 서동촌길 2-9,경남 창원시 마산합포구 진동면 서동촌길 2-9,,35.1128240276934,128.486574842506,kakao,point,진동면
SC0520,경로당,서촌3구경로당,마산합포구,진동면,진동면 진동리,4812532000,경상남도 창원시 마산합포구 서촌바다길 46,경남 창원시 마산합포구 진동면 서촌바다길 46,,35.1128069405903,128.484167135081,kakao,point,진동면
SC0521,경로당,교동경로당,마산합포구,진동면,진동면 교동리,4812532000,경상남도 창원시 마산합포구 교동3길 40-10,경남 창원시 마산합포구 진동면 교동3길 40-10,,35.1174445938579,128.500996257639,kakao,point,진동면
SC0522,경로당,입곡경로당,마산합포구,진동면,진동면 인곡리,4812532000,경상남도 창원시 마산합포구 입곡길 319-12,경남 창원시 마산합포구 진동면 입곡길 319-12,,35.1361986126391,128.517688047393,kakao,point,진동면
SC0523,경로당,죽전남성경로당,마산합포구,진동면,진동면 신기리,4812532000,경상남도 창원시 마산합포구 죽전안담길 4,경남 창원시 마산합포구 진동면 죽전안담길 4,,35.1063664751375,128.47798160089,kakao,point,진동면
SC0524,경로당,죽전여성경로당,마산합포구,진동면,진동면 신기리,4812532000,경상남도 창원시 마산합포구 죽전안담길 4,경남 창원시 마산합포구 진동면 죽전안담길 4,,35.1063664751375,128.47798160089,kakao,point,진동면
SC0525,경로당,신기경로당,마산합포구,진동면,진동면 신기리,4812532000,경상남도 창원시 마산합포구 신기남산길 105,경남 창원시 마산합포구 진동면 신기남산길 105,,35.1118973376864,128.475512659047,kakao,point,진동면
SC0526,경로당,성산남자경로당,마산합포구,진동면,진동면 진동리,4812532000,경상남도 창원시 마산합포구 성산안길 3,경남 창원시 마산합포구 진동면 성산안길 3,,35.1151912412353,128.489162528953,kakao,point,진동면
SC0527,경로당,성산여자경로당,마산합포구,진동면,진동면 진동리,4812532000,경상남도 창원시 마산합포구 성산안길 3,경남 창원시 마산합포구 진동면 성산안길 3,,35.1151912412353,128.489162528953,kakao,point,진동면
SC0528,경로당,혜창아파트경로당,마산합포구,진동면,진동면 요장리,4812532000,경상남도 창원시 마산합포구 요장1길 29,경남 창원시 마산합포구 진동면 요장1길 29,,35.1116497961331,128.490931161751,kakao,point,진동면
SC0529,경로당,장기경로당,마산합포구,진동면,진동면 고현리,4812532000,경상남도 창원시 마산합포구 미더덕로 311,경남 창원시 마산합포구 진동면 미더덕로 311,,35.0996219474402,128.476635332779,kakao,point,진동면
SC0530,경로당,건우아파트경로당,마산합포구,진동면,진동면 사동리,4812532000,경상남도 창원시 마산합포구 서촌바다길 108,경남 창원시 마산합포구 진동면 서촌바다길 108,,35.1103592515322,128.483757956175,kakao,point,진동면
SC0531,경로당,사동1구경로당,마산합포구,진동면,진동면 사동리,4812532000,경상남도 창원시 마산합포구 사동길 110-5,경남 창원시 마산합포구 진동면 사동길 110-5,,35.11877936603,128.480805442935,kakao,point,진동면
SC0532,경로당,동전경로당,마산합포구,진동면,진동면 동전리,4812532000,경상남도 창원시 마산합포구 동전길 353-21,경남 창원시 마산합포구 진동면 동전길 353-21,,35.1595294174722,128.517950609284,kakao,point,진동면
SC0533,경로당,묵지경로당,마산합포구,진동면,진동면 동전리,4812532000,경상남도 창원시 마산합포구 묵지길 155,경남 창원시 마산합포구 진동면 묵지길 155,,35.1597502964566,128.529493832841,kakao,point,진동면
SC0534,경로당,새모실경로당,마산합포구,진동면,진동면 동전리,4812532000,경상남도 창원시 마산합포구 새무실길 18,경남 창원시 마산합포구 진동면 새무실길 18,,35.1527128953363,128.516726404868,kakao,point,진동면
SC0535,경로당,오산경로당,마산합포구,진동면,진동면 태봉리,4812532000,경상남도 창원시 마산합포구 오산3길 37-16,경남 창원시 마산합포구 진동면 오산3길 37-16,,35.1417192415431,128.505937841161,kakao,point,진동면
SC0536,경로당,태봉경로당,마산합포구,진동면,진동면 태봉리,4812532000,경상남도 창원시 마산합포구 태봉1길 85-29,경남 창원시 마산합포구 진동면 태봉1길 85-29,,35.1471213370323,128.509640810675,kakao,point,진동면
SC0537,경로당,다구경로당,마산합포구,진동면,진동면 다구리,4812532000,경상남도 창원시 마산합포구 다구1길 59-10,경남 창원시 마산합포구 진동면 다구1길 59-10,,35.1075359185424,128.520219567079,kakao,point,진동면
SC0538,경로당,야촌경로당,마산합포구,진동면,진동면 교동리,4812532000,경상남도 창원시 마산합포구 교동1길 18,경남 창원시 마산합포구 진동면 교동1길 18,,35.1191433630586,128.494982315097,kakao,point,진동면
SC0539,경로당,도만경로당,마산합포구,진동면,진동면 다구리,4812532000,경상남도 창원시 마산합포구 도만1길 42,경남 창원시 마산합포구 진동면 도만1길 42,,35.1187628407804,128.531283708579,kakao,point,진동면
SC0540,경로당,요장1구 경로당,마산합포구,진동면,진동면 요장리,4812532000,경상남도 창원시 마산합포구 요장1길 83-5,경남 창원시 마산합포구 진동면 요장1길 83-5,,35.1113376651453,128.493356188264,kakao,point,진동면
SC0541,경로당,주도경로당,마산합포구,진동면,진동면 요장리,4812532000,경상남도 창원시 마산합포구 주도2길 22-66,경남 창원시 마산합포구 진동면 주도2길 22-66,,35.0998376470048,128.50483337783,kakao,point,진동면
SC0542,경로당,동촌2구경로당,마산합포구,진동면,진동면 진동리,4812532000,경상남도 창원시 마산합포구 동촌길 28,경남 창원시 마산합포구 진동면 동촌길 28,,35.1116374777265,128.486482325699,kakao,point,진동면
SC0543,경로당,한일유엔아이아파트경로당,마산합포구,진동면,진동면 진동리,4812532000,경상남도 창원시 마산합포구 진북산업로 58,경남 창원시 마산합포구 진동면 진북산업로 58,,35.1213926238899,128.488555381395,kakao,point,진동면
SC0544,경로당,양도경로당,마산합포구,진동면,진동면 고현리,4812532000,경상남도 창원시 마산합포구 양도길 177-23,경남 창원시 마산합포구 진동면 양도길 177-23,,35.0816989456876,128.491474964018,kakao,point,진동면
SC0545,경로당,협성엠파이어아파트경로당,마산합포구,진동면,진동면 진동리,4812532000,경상남도 창원시 마산합포구 진북산업로 55,경남 창원시 마산합포구 진동면 진북산업로 55,,35.1209867504771,128.487493962711,kakao,point,진동면
SC0546,경로당,동촌3구경로당,마산합포구,진동면,진동면 진동리,4812532000,경상남도 창원시 마산합포구 동촌길 185,경남 창원시 마산합포구 진동면 동촌길 185,,35.1116089906834,128.488436301534,kakao,point,진동면
SC0547,경로당,송도경로당,마산합포구,진동면,진동면 진동리,4812532000,경상남도 창원시 마산합포구 송도길 22-12,경남 창원시 마산합포구 진동면 송도길 22-12,,35.0911208655226,128.490867337371,kakao,point,진동면
SC0548,경로당,월영대내경로당,마산합포구,월영동,월영동,4812553000,경상남도 창원시 마산합포구 월영북3길 29-36 (월영동),경남 창원시 마산합포구 월영북3길 29-36,,35.1815761338702,128.555886582495,kakao,point,월영동
SC0549,경로당,새동네남성경로당,마산합포구,월영동,월영동,4812553000,경상남도 창원시 마산합포구 월영서9길 5 (월영동),경남 창원시 마산합포구 월영서9길 5,,35.1762448108404,128.556175187033,kakao,point,월영동
SC0550,경로당,새동네여성경로당,마산합포구,월영동,월영동,4812553000,경상남도 창원시 마산합포구 월영서9길 5 (월영동),경남 창원시 마산합포구 월영서9길 5,,35.1762448108404,128.556175187033,kakao,point,월영동
SC0551,경로당,월영남성경로당,마산합포구,월영동,월영동,4812553000,경상남도 창원시 마산합포구 월영서3길 15 (월영동),경남 창원시 마산합포구 월영서3길 15,,35.1772950522106,128.555787752432,kakao,point,월영동
SC0552,경로당,월영여성경로당,마산합포구,월영동,월영동,4812553000,경상남도 창원시 마산합포구 월영서3길 15 (월영동),경남 창원시 마산합포구 월영서3길 15,,35.1772950522106,128.555787752432,kakao,point,월영동
SC0553,경로당,해운경로당(남자),마산합포구,월영동,해운동,4812553000,경상남도 창원시 마산합포구 가포로 63 (해운동),경남 창원시 마산합포구 가포로 63,,35.1778493058388,128.563758324427,kakao,point,월영동
SC0554,경로당,해운경로당(여자),마산합포구,월영동,해운동,4812553000,경상남도 창원시 마산합포구 가포로 63 (해운동),경남 창원시 마산합포구 가포로 63,,35.1778493058388,128.563758324427,kakao,point,월영동
SC0555,경로당,대내주공아파트경로당,마산합포구,월영동,대내동,4812553000,"경상남도 창원시 마산합포구 월영북15길 9 (대내동,대내주공아파트)",경남 창원시 마산합포구 월영북15길 9,,35.1817136900369,128.558162488243,kakao,point,월영동
SC0556,경로당,월영라이프경로당,마산합포구,월영동,월영동,4812553000,"경상남도 창원시 마산합포구 월영서3길 95 (월영동,월영라이프타운)",경남 창원시 마산합포구 월영서3길 95,,35.1768755777186,128.55503268919,kakao,point,월영동
SC0557,경로당,화인아트빌라남자경로당,마산합포구,월영동,월영동,4812553000,"경상남도 창원시 마산합포구 밤밭고개로 371 (월영동,화인아트빌라)",경남 창원시 마산합포구 밤밭고개로 371,,35.1748130298334,128.55502951587,kakao,point,월영동
SC0558,경로당,화인아트빌라여자경로당,마산합포구,월영동,월영동,4812553000,"경상남도 창원시 마산합포구 밤밭고개로 371 (월영동,화인아트빌라)",경남 창원시 마산합포구 밤밭고개로 371,,35.1748130298334,128.55502951587,kakao,point,월영동
SC0559,경로당,월영SK오션뷰경로당,마산합포구,월영동,월영동,4812553000,경상남도 창원시 마산합포구 월영남12길 12(월영동 월영SK오션뷰아파트),경남 창원시 마산합포구 월영남12길 12,,35.176150905453,128.559467671426,kakao,point,월영동
SC0560,경로당,두산1차아파트남자경로당,마산합포구,월영동,해운동,4812553000,"경상남도 창원시 마산합포구 월영동6길 35 (해운동,두산1차아파트)",경남 창원시 마산합포구 월영동6길 35,,35.178628368348,128.561954494169,kakao,point,월영동
SC0561,경로당,두산1차아파트여자경로당,마산합포구,월영동,해운동,4812553000,"경상남도 창원시 마산합포구 월영동6길 35 (해운동,두산1차아파트)",경남 창원시 마산합포구 월영동6길 35,,35.178628368348,128.561954494169,kakao,point,월영동
SC0562,경로당,대동씨코아경로당,마산합포구,월영동,해운동,4812553000,"경상남도 창원시 마산합포구 월영동로 8 (해운동,대동씨코아아파트)",경남 창원시 마산합포구 월영동로 8,,35.17976174484,128.562473548907,kakao,point,월영동
SC0563,경로당,평화골든타워경로당,마산합포구,월영동,해운동,4812553000,"경상남도 창원시 마산합포구 월영동남로 18 (해운동,평화골든타워)",경남 창원시 마산합포구 월영동남로 18,,35.1779010345969,128.565983314037,kakao,point,월영동
SC0564,경로당,한일비치맨션경로당,마산합포구,월영동,해운동,4812553000,"경상남도 창원시 마산합포구 월영동남로 22 (해운동,한일비치맨션)",경남 창원시 마산합포구 월영동남로 22,,35.1778280700285,128.567011641805,kakao,point,월영동
SC0565,경로당,해오름아파트경로당,마산합포구,월영동,해운동,4812553000,"경상남도 창원시 마산합포구 월영동11길 57(해운동,해오름아파트)",경남 창원시 마산합포구 월영동11길 57,,35.1791687502536,128.566211145379,kakao,point,월영동
SC0566,경로당,두산2차아파트남성경로당,마산합포구,월영동,해운동,4812553000,"경상남도 창원시 마산합포구 월영동로 19 (해운동,두산2차아파트)",경남 창원시 마산합포구 월영동로 19,,35.1784781581827,128.564500658938,kakao,point,월영동
SC0567,경로당,두산2차아파트여성경로당,마산합포구,월영동,해운동,4812553000,"경상남도 창원시 마산합포구 월영동로 19 (해운동,두산2차아파트)",경남 창원시 마산합포구 월영동로 19,,35.1784781581827,128.564500658938,kakao,point,월영동
SC0568,경로당,두산3차아파트남성경로당,마산합포구,월영동,해운동,4812553000,"경상남도 창원시 마산합포구 월영동11길 42 (해운동,두산3차아파트)",경남 창원시 마산합포구 월영동11길 42,,35.1792008719875,128.565490358495,kakao,point,월영동
SC0569,경로당,두산3차아파트여성경로당,마산합포구,월영동,해운동,4812553000,"경상남도 창원시 마산합포구 월영동11길 42 (해운동,두산3차아파트)",경남 창원시 마산합포구 월영동11길 42,,35.1792008719875,128.565490358495,kakao,point,월영동
SC0570,경로당,해운31통해운한백경로당,마산합포구,월영동,해운동,4812553000,"경상남도 창원시 마산합포구 월영동13길 14 (해운동,해운한백아파트)",경남 창원시 마산합포구 월영동13길 14,,35.1815383776615,128.562828751502,kakao,point,월영동
SC0571,경로당,경민시티빌경로당,마산합포구,월영동,해운동,4812553000,"경상남도 창원시 마산합포구 해안대로 91 (해운동,경민시티빌아파트)",경남 창원시 마산합포구 해안대로 91,,35.1841258523801,128.563428603293,kakao,point,월영동
SC0572,경로당,해운동성아파트경로당,마산합포구,월영동,해운동,4812553000,"경상남도 창원시 마산합포구 월영동16길 17 (해운동,해운동성아파트)",경남 창원시 마산합포구 월영동16길 17,,35.1831335933829,128.563888542232,kakao,point,월영동
SC0573,경로당,동아1차아파트경로당,마산합포구,월영동,월영동,4812553000,"경상남도 창원시 마산합포구 월영남로 43 (월영동,동아1차아파트)",경남 창원시 마산합포구 월영남로 43,,35.1750956172328,128.559406352535,kakao,point,월영동
SC0574,경로당,대동아파트경로당,마산합포구,월영동,월영동,4812553000,"경상남도 창원시 마산합포구 월영남로 42 (월영동,대동아파트)",경남 창원시 마산합포구 월영남로 42,,35.1748577362664,128.558562557381,kakao,point,월영동
SC0575,경로당,월영현대아파트경로당,마산합포구,월영동,월영동,4812553000,"경상남도 창원시 마산합포구 월영마을로 12 (월영동,월영현대아파트)",경남 창원시 마산합포구 월영마을로 12,,35.1743188737736,128.557309207297,kakao,point,월영동
SC0576,경로당,현대산업1차아파트경로당,마산합포구,월영동,월영동,4812553000,"경상남도 창원시 마산합포구 월영마을로 7 (월영동,현대산업1차아파트)",경남 창원시 마산합포구 월영마을로 7,,35.1737034856024,128.55811640338,kakao,point,월영동
SC0577,경로당,동아2차아파트남성경로당,마산합포구,월영동,월영동,4812553000,"경상남도 창원시 마산합포구 월영마을로 29 (월영동,동아2차아파트)",경남 창원시 마산합포구 월영마을로 29,,35.1725765366856,128.559197331369,kakao,point,월영동
SC0578,경로당,동아2차아파트여성경로당,마산합포구,월영동,월영동,4812553000,"경상남도 창원시 마산합포구 월영마을로 29 (월영동,동아2차아파트)",경남 창원시 마산합포구 월영마을로 29,,35.1725765366856,128.559197331369,kakao,point,월영동
SC0579,경로당,현대산업2차아파트경로당,마산합포구,월영동,월영동,4812553000,"경상남도 창원시 마산합포구 월영마을로 52 (월영동,현대산업2차아파트)",경남 창원시 마산합포구 월영마을로 52,,35.1712067020332,128.558758810905,kakao,point,월영동
SC0580,경로당,월영현대3차경로당,마산합포구,월영동,월영동,4812553000,"경상남도 창원시 마산합포구 월영마을로 32 (월영동,월영현대3차아파트)",경남 창원시 마산합포구 월영마을로 32,,35.1720351723707,128.556919577745,kakao,point,월영동
SC0581,경로당,월영새동네경로당,마산합포구,월영동,월영동,4812553000,경상남도 창원시 마산합포구 월영남10길 23-3 (월영동),경남 창원시 마산합포구 월영남10길 23-3,,35.1754181358344,128.556964660334,kakao,point,월영동
SC0582,경로당,마린애시앙경로당,마산합포구,월영동,월영동,4812553000,경상남도 창원시 마산합포구 가포순환로 33,경남 창원시 마산합포구 가포순환로 33,,35.1750235873689,128.562589220715,kakao,point,월영동
SC0583,경로당,산호남성경로당,마산합포구,산호동,산호동,4812565000,경상남도 창원시 마산합포구 산호북10길 5-1(산호동),경남 창원시 마산합포구 산호북10길 5-1,,35.2187093792254,128.583231702651,kakao,point,산호동
SC0584,경로당,산호여성경로당,마산합포구,산호동,산호동,4812565000,경상남도 창원시 마산합포구 산호북10길 5-1(산호동),경남 창원시 마산합포구 산호북10길 5-1,,35.2187093792254,128.583231702651,kakao,point,산호동
SC0585,경로당,산호중앙경로당,마산합포구,산호동,산호동,4812565000,경상남도 창원시 마산합포구 산호남1길 31,경남 창원시 마산합포구 산호남1길 31,,35.2153949331967,128.58159594785,kakao,point,산호동
SC0586,경로당,산호현대남경로당,마산합포구,산호동,산호동,4812565000,경상남도 창원시 마산합포구 산호서2길 46(산호동),경남 창원시 마산합포구 산호서2길 46,,35.2170874568806,128.578046568337,kakao,point,산호동
SC0587,경로당,산호현대여경로당,마산합포구,산호동,산호동,4812565000,경상남도 창원시 마산합포구 산호서2길 46(산호동),경남 창원시 마산합포구 산호서2길 46,,35.2170874568806,128.578046568337,kakao,point,산호동
SC0588,경로당,가고파경로당,마산합포구,산호동,산호동,4812565000,경상남도 창원시 마산합포구 산호북4길 60(산호동),경남 창원시 마산합포구 산호북4길 60,,35.2186248257733,128.585154141416,kakao,point,산호동
SC0589,경로당,합포남성경로당,마산합포구,산호동,산호동,4812565000,경상남도 창원시 마산합포구 산호동6길48(산호동),경남 창원시 마산합포구 산호동6길 48,,35.2142843791164,128.586956929891,kakao,point,산호동
SC0590,경로당,합포여성경로당,마산합포구,산호동,산호동,4812565000,경상남도 창원시 마산합포구 산호동6길48(산호동),경남 창원시 마산합포구 산호동6길 48,,35.2142843791164,128.586956929891,kakao,point,산호동
SC0591,경로당,삼성타운경로당,마산합포구,산호동,산호동,4812565000,경상남도 창원시 마산합포구 산호북1길 15(산호동),경남 창원시 마산합포구 산호북1길 15,,35.2167495758938,128.583698477719,kakao,point,산호동
SC0592,경로당,대한아파트경로당,마산합포구,산호동,산호동,4812565000,경상남도 창원시 마산합포구 산호북5길 26(산호동),경남 창원시 마산합포구 산호북5길 26,,35.2196456131755,128.585542560649,kakao,point,산호동
SC0593,경로당,경동리인아파트경로당,마산합포구,산호동,산호동,4812565000,경상남도 창원시 마산합포구 산호동4길 6(산호동),경남 창원시 마산합포구 산호동4길 6,,35.2170009572531,128.588860826743,kakao,point,산호동
SC0594,경로당,자산남성경로당,마산합포구,자산동,자산동,4812558000,"경상남도 창원시 마산합포구 자산동9길42, 2층(자산동)",경남 창원시 마산합포구 자산동9길 42,,35.2039559729467,128.567615072199,kakao,point,자산동
SC0595,경로당,자산여성경로당,마산합포구,자산동,자산동,4812558000,"경상남도 창원시 마산합포구 자산동9길42, 1층(자산동)",경남 창원시 마산합포구 자산동9길 42,,35.2039559729467,128.567615072199,kakao,point,자산동
SC0596,경로당,상봉남성경로당,마산합포구,자산동,자산동,4812558000,"경상남도 창원시 마산합포구 자산북4길18, 2층(자산동)",경남 창원시 마산합포구 자산북4길 18,,35.2068220388471,128.565125732813,kakao,point,자산동
SC0597,경로당,상봉여성경로당,마산합포구,자산동,자산동,4812558000,"경상남도 창원시 마산합포구 자산북4길18, 1층(자산동)",경남 창원시 마산합포구 자산북4길 18,,35.2068220388471,128.565125732813,kakao,point,자산동
SC0598,경로당,학봉남성경로당,마산합포구,자산동,자산동,4812558000,"경상남도 창원시 마산합포구 자산서5길51, 2층(자산동)",경남 창원시 마산합포구 자산서5길 51,,35.2038849899995,128.561832059256,kakao,point,자산동
SC0599,경로당,학봉여성경로당,마산합포구,자산동,자산동,4812558000,"경상남도 창원시 마산합포구 자산서5길51, 1층(자산 동)",경남 창원시 마산합포구 자산서5길 51,,35.2038849899995,128.561832059256,kakao,point,자산동
SC0600,경로당,자산아파트경로당,마산합포구,자산동,자산동,4812558000,경상남도 창원시 마산합포구 자산서14길26(자산동),경남 창원시 마산합포구 자산서14길 26,,35.2005312902506,128.557782390375,kakao,point,자산동
SC0601,경로당,우성아파트경로당,마산합포구,자산동,자산동,4812558000,경상남도 창원시 마산합포구 무학로378(자산동),경남 창원시 마산합포구 무학로 378,,35.2034752595126,128.559485210975,kakao,point,자산동
SC0602,경로당,한우아파트1.2동경로당,마산합포구,자산동,자산동,4812558000,경상남도 창원시 마산합포구 자산솔밭로52(자산동),경남 창원시 마산합포구 자산솔밭로 52,,35.2025370029806,128.559098449823,kakao,point,자산동
SC0603,경로당,한우아파트3.5.6동경로당,마산합포구,자산동,자산동,4812558000,경상남도 창원시 마산합포구 자산서11길6(자산동),경남 창원시 마산합포구 자산서11길 6,,35.2020951320956,128.560161213221,kakao,point,자산동
SC0604,경로당,한우아파트9.10동경로당,마산합포구,자산동,자산동,4812558000,경상남도 창원시 마산합포구 자산서12길3(자산동),경남 창원시 마산합포구 자산서12길 3,,35.2032964166315,128.560082626445,kakao,point,자산동
SC0605,경로당,한우아파트11.12동경로당,마산합포구,자산동,자산동,4812558000,경상남도 창원시 마산합포구 자산서13길29(자산동),경남 창원시 마산합포구 자산서13길 29,,35.2024052708593,128.560586034929,kakao,point,자산동
SC0606,경로당,팔도아파트경로당,마산합포구,자산동,자산동,4812558000,경상남도 창원시 마산합포구 자산삼거리로97(자산동),경남 창원시 마산합포구 자산삼거리로 97,,35.2068596160491,128.563312670644,kakao,point,자산동
SC0607,경로당,성호남성경로당,마산합포구,오동동,성호동,4812563000,경상남도 창원시 마산합포구 성호서5길 13(성호동),경남 창원시 마산합포구 성호서5길 13,,35.2085315228684,128.570225665513,kakao,point,오동동
SC0608,경로당,성호여성경로당,마산합포구,오동동,성호동,4812563000,경상남도 창원시 마산합포구 성호서5길 13(성호동),경남 창원시 마산합포구 성호서5길 13,,35.2085315228684,128.570225665513,kakao,point,오동동
SC0609,경로당,추산남성경로당,마산합포구,오동동,추산동,4812563000,"경상남도 창원시 마산합포구 문신길 169(추산동,추산아파트)",경남 창원시 마산합포구 문신길 169,,35.2070829401268,128.569643686822,kakao,point,오동동
SC0610,경로당,추산여성경로당,마산합포구,오동동,추산동,4812563000,"경상남도 창원시 마산합포구 문신길 169(추산동,추산아파트)",경남 창원시 마산합포구 문신길 169,,35.2070829401268,128.569643686822,kakao,point,오동동
SC0611,경로당,신추산남성경로당,마산합포구,오동동,추산동,4812563000,경상남도 창원시 마산합포구 성호동2길 48(추산동),경남 창원시 마산합포구 성호동2길 48,,35.2094448333855,128.57230196824,kakao,point,오동동
SC0612,경로당,신추산여성경로당,마산합포구,오동동,추산동,4812563000,경상남도 창원시 마산합포구 성호동2길 48(추산동),경남 창원시 마산합포구 성호동2길 48,,35.2094448333855,128.57230196824,kakao,point,오동동
SC0613,경로당,오동동남성경로당,마산합포구,오동동,오동동,4812563000,경상남도 창원시 마산합포구 오동동10길 81-1(오동동),경남 창원시 마산합포구 오동동10길 81-1,,35.2071828412232,128.582549873796,kakao,point,오동동
SC0614,경로당,오동동여성경로당,마산합포구,오동동,오동동,4812563000,경상남도 창원시 마산합포구 오동북17길 1(오동동),경남 창원시 마산합포구 오동북17길 1,,35.2076900731275,128.578061351558,kakao,point,오동동
SC0615,경로당,중성동여성경로당,마산합포구,오동동,중성동,4812563000,경상남도 창원시 마산합포구 오동서17길 27(중성동),경남 창원시 마산합포구 오동서17길 27,,35.2094400431907,128.573329585811,kakao,point,오동동
SC0616,경로당,기산아파트여성경로당,마산합포구,오동동,오동동,4812563000,"경상남도 창원시 마산합포구 오동동14길 29, 3층(오동동,기산아파트)",경남 창원시 마산합포구 오동동14길 29,,35.2052697518705,128.580814299316,kakao,point,오동동
SC0617,경로당,마린경로당,마산합포구,오동동,오동동,4812563000,"경상남도 창원시 마산합포구 오동동14길67(오동동,중앙마린파이브아파트)",경남 창원시 마산합포구 오동동14길 67,,35.2070102185943,128.583414103644,kakao,point,오동동
SC0618,경로당,동서남성경로당,마산합포구,오동동,남성동,4812563000,경상남도 창원시 마산합포구 어시장8길 77(남성동),경남 창원시 마산합포구 어시장8길 77,,35.2026501616994,128.576741199817,kakao,point,오동동
SC0619,경로당,동서여성경로당,마산합포구,오동동,남성동,4812563000,경상남도 창원시 마산합포구 어시장8길 77(남성동),경남 창원시 마산합포구 어시장8길 77,,35.2026501616994,128.576741199817,kakao,point,오동동
SC0620,경로당,서성경로당,마산합포구,오동동,서성동,4812563000,경상남도 창원시 마산합포구 동서북2길 11 (서성동),경남 창원시 마산합포구 동서북2길 11,,35.2038040863717,128.572800638615,kakao,point,오동동
SC0621,경로당,센트럴남성경로당,마산합포구,오동동,신포동1가,4812563000,"경상남도 창원시 마산합포구 서성로 19 (신포동1가, 센트럴아파트)",경남 창원시 마산합포구 서성로 19,,35.1990714993666,128.570419588365,kakao,point,오동동
SC0622,경로당,센트럴여성경로당,마산합포구,오동동,신포동1가,4812563000,"경상남도 창원시 마산합포구 서성로 19 (신포동1가, 센트럴아파트)",경남 창원시 마산합포구 서성로 19,,35.1990714993666,128.570419588365,kakao,point,오동동
SC0623,경로당,부림경로당,마산합포구,오동동,부림동,4812563000,경상남도 창원시 마산합포구 동서서4길 6-26 (부림동),경남 창원시 마산합포구 동서서4길 6-26,,35.2058995748903,128.572410616668,kakao,point,오동동
SC0624,경로당,신포경남경로당,마산합포구,오동동,신포동2가,4812563000,"경상남도 창원시 마산합포구 동서남1길 25 (신포동2가, 경남신포맨션아파트)",경남 창원시 마산합포구 동서남1길 25,,35.2013512504802,128.569872433994,kakao,point,오동동
SC0625,경로당,마산만아이파크경로당,마산합포구,오동동,신포동1가,4812563000,"경상남도 창원시 마산합포구 제2부두로 17 (신포동1가, 마산만아이파크아파트)",경남 창원시 마산합포구 제2부두로 17,,35.1961932910415,128.573419031417,kakao,point,오동동
SC0626,경로당,신포새롬미리내경로당,마산합포구,오동동,신포동1가,4812563000,"경상남도 창원시 마산합포구 동서동3길 39 (신포동1가, 새롬미리내아파트)",경남 창원시 마산합포구 동서동3길 39,,35.1998300816405,128.571314874082,kakao,point,오동동
SC0627,경로당,교방남성경로당,마산합포구,교방동,교방동,4812561000,경상남도 창원시 마산합포구 교방동6길 15,경남 창원시 마산합포구 교방동6길 15,,35.214436323197,128.566840083846,kakao,point,교방동
SC0628,경로당,교방여성경로당,마산합포구,교방동,교방동,4812561000,경상남도 창원시 마산합포구 교방동1길 84,경남 창원시 마산합포구 교방동1길 84,,35.2136701460043,128.567058606886,kakao,point,교방동
SC0629,경로당,교방장수경로당,마산합포구,교방동,교방동,4812561000,경상남도 창원시 마산합포구 교방서1길 35-1,경남 창원시 마산합포구 교방서1길 35-1,,35.2132960407335,128.564836445008,kakao,point,교방동
SC0630,경로당,무학산블루밍경로당,마산합포구,교방동,교방동,4812561000,경상남도 창원시 마산합포구 노산서18길 142,경남 창원시 마산합포구 노산서18길 142,,35.2160780521696,128.562577719698,kakao,point,교방동
SC0631,경로당,무학자이아파트경로당,마산합포구,교방동,교원동,4812561000,경상남도 창원시 마산합포구 노산서18길 19,경남 창원시 마산합포구 노산서18길 19,,35.2150188245066,128.569550591223,kakao,point,교방동
SC0632,경로당,북마산남성경로당,마산합포구,교방동,상남동,4812561000,경상남도 창원시 마산합포구 노산북1길 12-2,경남 창원시 마산합포구 노산북1길 12-2,,35.2144016121669,128.571630822774,kakao,point,교방동
SC0633,경로당,북마산여성경로당,마산합포구,교방동,상남동,4812561000,경상남도 창원시 마산합포구 노산북1길 12-2,경남 창원시 마산합포구 노산북1길 12-2,,35.2144016121669,128.571630822774,kakao,point,교방동
SC0634,경로당,서광경로당,마산합포구,교방동,상남동,4812561000,경상남도 창원시 마산합포구 노산북6길 26,경남 창원시 마산합포구 노산북6길 26,,35.214060244559,128.572926660061,kakao,point,교방동
SC0635,경로당,회산여성경로당,마산합포구,교방동,상남동,4812561000,경상남도 창원시 마산합포구 노산남8길 2-29,경남 창원시 마산합포구 노산남8길 2-29,,35.2148826956091,128.570304281297,kakao,point,교방동
SC0636,경로당,교원경로당,마산합포구,교방동,교원동,4812561000,경상남도 창원시 마산합포구 노산남9길 14,경남 창원시 마산합포구 노산남9길 14,,35.2127201922265,128.570671247404,kakao,point,교방동
SC0637,경로당,상남경로당,마산합포구,교방동,상남동,4812561000,경상남도 창원시 마산합포구 노산동2길 18,경남 창원시 마산합포구 노산동2길 18,,35.2130968002418,128.575319273365,kakao,point,교방동
SC0638,경로당,회남여성경로당,마산합포구,교방동,상남동,4812561000,경상남도 창원시 마산합포구 노산동2길 18,경남 창원시 마산합포구 노산동2길 18,,35.2130968002418,128.575319273365,kakao,point,교방동
SC0639,경로당,롯데캐슬프리미어아파트경로당,마산합포구,교방동,교방동,4812561000,경상남도 창원시 마산합포구 노산서18길 80,경남 창원시 마산합포구 노산서18길 80,,35.2153855778953,128.564779365099,kakao,point,교방동
SC0640,경로당,구복남성경로당,마산합포구,구산면,구산면 구복리,4812531000,경상남도 창원시 마산합포구 구산면 구복길 49,경남 창원시 마산합포구 구산면 구복길 49,,35.0699632611122,128.568158022598,kakao,point,구산면
SC0641,경로당,구복여성경로당,마산합포구,구산면,구산면 구복리,4812531000,경상남도 창원시 마산합포구 구산면 구복길 74,경남 창원시 마산합포구 구산면 구복길 74,,35.070173155984,128.569391677658,kakao,point,구산면
SC0642,경로당,구산경로당,마산합포구,구산면,구산면 반동리,4812531000,경상남도 창원시 마산합포구 구산면 해양관광로1432,경남 창원시 마산합포구 구산면 해양관광로 1432,,35.0891115064713,128.583227370289,kakao,point,구산면
SC0643,경로당,구산음달경로당,마산합포구,구산면,구산면 수정리,4812531000,경상남도 창원시 마산합포구 구산면 구산로 566-1,경남 창원시 마산합포구 구산면 구산로 566-1,,35.1206134146861,128.58028183952,kakao,point,구산면
SC0644,경로당,군령경로당,마산합포구,구산면,구산면 석곡리,4812531000,경상남도 창원시 마산합포구 구산면 석곡로 39,경남 창원시 마산합포구 구산면 석곡로 39,,35.1185743022129,128.54475472057,kakao,point,구산면
SC0645,경로당,난포경로당,마산합포구,구산면,구산면 난포리,4812531000,경상남도 창원시 마산합포구 구산면 난포1길 36,경남 창원시 마산합포구 구산면 난포1길 36,,35.0812402538401,128.604968584933,kakao,point,구산면
SC0646,경로당,내포남성경로당,마산합포구,구산면,구산면 내포리,4812531000,경상남도 창원시 마산합포구 구산면 내포2길 95,경남 창원시 마산합포구 구산면 내포2길 95,,35.0983932192016,128.57859822194,kakao,point,구산면
SC0647,경로당,내포여성경로당,마산합포구,구산면,구산면 내포리,4812531000,경상남도 창원시 마산합포구 구산면 내포2길 110,경남 창원시 마산합포구 구산면 내포2길 110,,35.0986488124877,128.57800308608,kakao,point,구산면
SC0648,경로당,명주경로당,마산합포구,구산면,구산면 석곡리,4812531000,경상남도 창원시 마산합포구 구산면 해양관광로 933,경남 창원시 마산합포구 구산면 해양관광로 933,,35.1077509540002,128.548723607043,kakao,point,구산면
SC0649,경로당,반동남성경로당,마산합포구,구산면,구산면 반동리,4812531000,경상남도 창원시 마산합포구 구산면 반동길 88,경남 창원시 마산합포구 구산면 반동길 88,,35.0838478032167,128.582939463913,kakao,point,구산면
SC0650,경로당,반동여성경로당,마산합포구,구산면,구산면 반동리,4812531000,경상남도 창원시 마산합포구 구산면 반동길 90-1,경남 창원시 마산합포구 구산면 반동길 90-1,,35.0837916023393,128.58272260484,kakao,point,구산면
SC0651,경로당,상마전경로당,마산합포구,구산면,구산면 마전리,4812531000,경상남도 창원시 마산합포구 구산면 마전길 317-4,경남 창원시 마산합포구 구산면 마전길 317-4,,35.1299796730364,128.531762261237,kakao,point,구산면
SC0652,경로당,석곡경로당,마산합포구,구산면,구산면 석곡리,4812531000,경상남도 창원시 마산합포구 구산면 아랫석곡길 26,경남 창원시 마산합포구 구산면 아랫석곡길 26,,35.1154168282891,128.563108700643,kakao,point,구산면
SC0653,경로당,수정남성경로당,마산합포구,구산면,구산면 수정리,4812531000,경상남도 창원시 마산합포구 구산면 구산로 566-1,경남 창원시 마산합포구 구산면 구산로 566-1,,35.1206134146861,128.58028183952,kakao,point,구산면
SC0654,경로당,수정여성경로당,마산합포구,구산면,구산면 수정리,4812531000,경상남도 창원시 마산합포구 구산면 구산로 566-1,경남 창원시 마산합포구 구산면 구산로 566-1,,35.1206134146861,128.58028183952,kakao,point,구산면
SC0655,경로당,신촌경로당,마산합포구,구산면,구산면 옥계리,4812531000,경상남도 창원시 마산합포구 구산면 구산신촌2길 45,경남 창원시 마산합포구 구산면 구산신촌2길 45,,35.0950351141432,128.585176105927,kakao,point,구산면
SC0656,경로당,실리도경로당,마산합포구,구산면,구산면 심리,4812531000,경상남도 창원시 마산합포구 구산면 실리섬길 13,경남 창원시 마산합포구 구산면 실리섬길 13,,35.063536621776,128.637681303865,kakao,point,구산면
SC0657,경로당,심리경로당,마산합포구,구산면,구산면 심리,4812531000,경상남도 창원시 마산합포구 구산면 심리1길 40-1,경남 창원시 마산합포구 구산면 심리1길 40-1,,35.0694952092055,128.607114275063,kakao,point,구산면
SC0658,경로당,안녕경로당,마산합포구,구산면,구산면 수정리,4812531000,경상남도 창원시 마산합포구 구산면 안녕로 139,경남 창원시 마산합포구 구산면 안녕로 139,,35.1168597669039,128.59517772581,kakao,point,구산면
SC0659,경로당,양평경로당,마산합포구,구산면,구산면 반동리,4812531000,경상남도 창원시 마산합포구 구산면 양평길 59-17,경남 창원시 마산합포구 구산면 양평길 59-17,,35.0839327609238,128.58567291986,kakao,point,구산면
SC0660,경로당,옥계남성경로당,마산합포구,구산면,구산면 옥계리,4812531000,경상남도 창원시 마산합포구 구산면 옥계로 314-11,경남 창원시 마산합포구 구산면 옥계로 314-11,,35.0925823707462,128.611274670389,kakao,point,구산면
SC0661,경로당,옥계여성경로당,마산합포구,구산면,구산면 옥계리,4812531000,경상남도 창원시 마산합포구 구산면 옥계로 304,경남 창원시 마산합포구 구산면 옥계로 304,,35.0931141847312,128.61147900036,kakao,point,구산면
SC0662,경로당,용호경로당,마산합포구,구산면,구산면 심리,4812531000,경상남도 창원시 마산합포구 구산면 윗용호길 9,경남 창원시 마산합포구 구산면 윗용호길 9,,35.0717812602193,128.597625619295,kakao,point,구산면
SC0663,경로당,욱곡남성경로당,마산합포구,구산면,구산면 내포리,4812531000,경상남도 창원시 마산합포구 구산면 욱곡1길 19,경남 창원시 마산합포구 구산면 욱곡1길 19,,35.0963972184433,128.557865967875,kakao,point,구산면
SC0664,경로당,욱곡여성경로당,마산합포구,구산면,구산면 내포리,4812531000,경상남도 창원시 마산합포구 구산면 욱곡1길 19,경남 창원시 마산합포구 구산면 욱곡1길 19,,35.0963972184433,128.557865967875,kakao,point,구산면
SC0665,경로당,원전경로당,마산합포구,구산면,구산면 심리,4812531000,경상남도 창원시 마산합포구 구산면 이순신로 701,경남 창원시 마산합포구 구산면 이순신로 701,,35.0681459415782,128.630540298562,kakao,point,구산면
SC0666,경로당,유산경로당,마산합포구,구산면,구산면 유산리,4812531000,경상남도 창원시 마산합포구 구산면 유산1길 11,경남 창원시 마산합포구 구산면 유산1길 11,,35.1302364313237,128.556592814486,kakao,point,구산면
SC0667,경로당,유천경로당,마산합포구,구산면,구산면 유산리,4812531000,경상남도 창원시 마산합포구 구산면 유천길 84,경남 창원시 마산합포구 구산면 유천길 84,,35.1314301832199,128.563519169034,kakao,point,구산면
SC0668,경로당,장구경로당,마산합포구,구산면,구산면 구복리,4812531000,경상남도 창원시 마산합포구 구산면 장구길 24-35,경남 창원시 마산합포구 구산면 장구길 24-35,,35.0804581762073,128.564449556882,kakao,point,구산면
SC0669,경로당,하마전경로당,마산합포구,구산면,구산면 마전리,4812531000,경상남도 창원시 마산합포구 구산면 마전길 53,경남 창원시 마산합포구 구산면 마전길 53,,35.1236106285649,128.537069381476,kakao,point,구산면
SC0670,경로당,가고파아파트경로당,마산회원구,내서읍,내서읍 상곡리,4812725000,"경상남도 창원시 마산회원구 내서읍 상곡로 35,(가고파아파트)",경남 창원시 마산회원구 내서읍 상곡로 35,,35.242872713561,128.501148267993,kakao,point,내서읍
SC0671,경로당,감나무골경로당,마산회원구,내서읍,내서읍 신감리,4812725000,경상남도 창원시 마산회원구 내서읍 감나무골길 187,경남 창원시 마산회원구 내서읍 감나무골길 187,,35.1934978354602,128.510842947578,kakao,point,내서읍
SC0672,경로당,감천남성경로당,마산회원구,내서읍,내서읍 감천리,4812725000,경상남도 창원시 마산회원구 내서읍 감천로 78,경남 창원시 마산회원구 내서읍 감천로 78,,35.2053640137243,128.517221181286,kakao,point,내서읍
SC0673,경로당,감천여성경로당,마산회원구,내서읍,내서읍 감천리,4812725000,경상남도 창원시 마산회원구 내서읍 감천로 78,경남 창원시 마산회원구 내서읍 감천로 78,,35.2053640137243,128.517221181286,kakao,point,내서읍
SC0674,경로당,구미경로당,마산회원구,내서읍,내서읍 호계리,4812725000,경상남도 창원시 마산회원구 내서읍 구미길 47,경남 창원시 마산회원구 내서읍 구미길 47,,35.2529822689186,128.521439923225,kakao,point,내서읍
SC0675,경로당,구슬골경로당,마산회원구,내서읍,내서읍 중리,4812725000,경상남도 창원시 마산회원구 내서읍 윗구슬길 56-4,경남 창원시 마산회원구 내서읍 윗구슬길 56-4,,35.2411522809201,128.531467008271,kakao,point,내서읍
SC0676,경로당,국제아파트경로당,마산회원구,내서읍,내서읍 호계리,4812725000,"경상남도 창원시 마산회원구 내서읍 호계본동로 38,(호계국제아파트)",경남 창원시 마산회원구 내서읍 호계본동로 38,,35.2638468420683,128.521349307018,kakao,point,내서읍
SC0677,경로당,내서읍경로당,마산회원구,내서읍,내서읍 중리,4812725000,경상남도 창원시 마산회원구 내서읍 중리 상곡로 124,경남 창원시 마산회원구 내서읍 중리상곡로 124,,35.2512366980372,128.511398621635,kakao,point,내서읍
SC0678,경로당,대동다숲아파트경로당,마산회원구,내서읍,내서읍 삼계리,4812725000,"경상남도 창원시 마산회원구 내서읍 삼계2길 31,(삼계대동다숲아파트)",경남 창원시 마산회원구 내서읍 삼계2길 31,,35.2303903579434,128.504366547739,kakao,point,내서읍
SC0679,경로당,대동이미지1단지아파트경로당,마산회원구,내서읍,내서읍 삼계리,4812725000,"경상남도 창원시 마산회원구 내서읍 광려로 28,(삼계대동이미지1차아파트)",경남 창원시 마산회원구 내서읍 광려로 28,,35.2237829288,128.501931761796,kakao,point,내서읍
SC0680,경로당,대동이미지1단지아파트남성경로당,마산회원구,내서읍,내서읍 삼계리,4812725000,"경상남도 창원시 마산회원구 내서읍 광려로 28,(삼계대동이미지1차아파트)",경남 창원시 마산회원구 내서읍 광려로 28,,35.2237829288,128.501931761796,kakao,point,내서읍
SC0681,경로당,대동이미지2단지경로당,마산회원구,내서읍,내서읍 삼계리,4812725000,"경상남도 창원시 마산회원구 내서읍 광려로 29,(삼계대동이미지2차아파트)",경남 창원시 마산회원구 내서읍 광려로 29,,35.2240127121878,128.503255721904,kakao,point,내서읍
SC0682,경로당,더푸른아파트경로당,마산회원구,내서읍,내서읍 삼계리,4812725000,"경상남도 창원시 마산회원구 내서읍 삼계10길 22,(삼계1주공아파트)",경남 창원시 마산회원구 내서읍 삼계10길 22,,35.2349142808915,128.502811193217,kakao,point,내서읍
SC0683,경로당,동신1차아파트경로당,마산회원구,내서읍,내서읍 중리,4812725000,"경상남도 창원시 마산회원구 내서읍 중리상곡로 114,(동신아파트1차)",경남 창원시 마산회원구 내서읍 중리상곡로 114,,35.2501577213049,128.51054075481,kakao,point,내서읍
SC0684,경로당,동신2차아파트경로당,마산회원구,내서읍,내서읍 중리,4812725000,"경상남도 창원시 마산회원구 내서읍 중리상곡로 134,(동신2차아파트)",경남 창원시 마산회원구 내서읍 중리상곡로 134,,35.2515522902785,128.511609603468,kakao,point,내서읍
SC0685,경로당,백로아파트경로당,마산회원구,내서읍,내서읍 중리,4812725000,"경상남도 창원시 마산회원구 내서읍 중리상곡로 20-1,(중리백로아파트)",경남 창원시 마산회원구 내서읍 중리상곡로 20-1,,35.2435145782712,128.505594915547,kakao,point,내서읍
SC0686,경로당,블루힐스아파트경로당,마산회원구,내서읍,내서읍 삼계리,4812725000,경상남도 창원시 마산회원구 내서읍 광려로 55 (삼계블루힐스아파트),경남 창원시 마산회원구 내서읍 광려로 55,,35.2218092706202,128.502499772105,kakao,point,내서읍
SC0687,경로당,삼계2주공아파트경로당,마산회원구,내서읍,내서읍 삼계리,4812725000,경상남도 창원시 마산회원구 내서읍 삼계2길 24(삼계2주공아파트),경남 창원시 마산회원구 내서읍 삼계2길 24,,35.2292613085929,128.50326896252,kakao,point,내서읍
SC0688,경로당,삼계남성경로당,마산회원구,내서읍,내서읍 삼계리,4812725000,"경상남도 창원시 마산회원구 내서읍 삼계숲길 3-1,삼계회관",경남 창원시 마산회원구 내서읍 삼계숲길 3-1,,35.2313389345274,128.500234176453,kakao,point,내서읍
SC0689,경로당,삼계대동아파트경로당,마산회원구,내서읍,내서읍 삼계리,4812725000,"경상남도 창원시 마산회원구 내서읍 삼계5길 30,(삼계대동아파트)",경남 창원시 마산회원구 내서읍 삼계5길 30,,35.229929638338,128.503257128615,kakao,point,내서읍
SC0690,경로당,삼계여성경로당,마산회원구,내서읍,내서읍 삼계리,4812725000,"경상남도 창원시 마산회원구 내서읍 삼계숲길 3-1,삼계회관",경남 창원시 마산회원구 내서읍 삼계숲길 3-1,,35.2313389345274,128.500234176453,kakao,point,내서읍
SC0691,경로당,삼계현대아파트경로당,마산회원구,내서읍,내서읍 삼계리,4812725000,"경상남도 창원시 마산회원구 내서읍 삼풍로 82,(삼계현대아파트)",경남 창원시 마산회원구 내서읍 삼풍로 82,,35.2340681840549,128.502383669031,kakao,point,내서읍
SC0692,경로당,삼계화성아파트경로당,마산회원구,내서읍,내서읍 삼계리,4812725000,"경상남도 창원시 마산회원구 내서읍 삼계8길 31,(화성아파트)",경남 창원시 마산회원구 내서읍 삼계8길 31,,35.2332550148597,128.500573066822,kakao,point,내서읍
SC0693,경로당,삼정경로당,마산회원구,내서읍,내서읍 중리,4812725000,경상남도 창원시 마산회원구 내서읍 중리공단로 227-30,경남 창원시 마산회원구 내서읍 중리공단로 227-30,,35.249348839853,128.517456450287,kakao,point,내서읍
SC0694,경로당,상곡1주공아파트경로당,마산회원구,내서읍,내서읍 상곡리,4812725000,"경상남도 창원시 마산회원구 내서읍 상곡로 43,상곡주공아파트1단지",경남 창원시 마산회원구 내서읍 상곡로 43,,35.2436619529233,128.500659780037,kakao,point,내서읍
SC0695,경로당,상곡2주공아파트경로당,마산회원구,내서읍,내서읍 상곡리,4812725000,"경상남도 창원시 마산회원구 내서읍 상곡로 67,상곡주공아파트2단지",경남 창원시 마산회원구 내서읍 상곡로 67,,35.2451753317295,128.499422968804,kakao,point,내서읍
SC0696,경로당,상곡경로당,마산회원구,내서읍,내서읍 상곡리,4812725000,경상남도 창원시 마산회원구 내서읍 상곡안길 33-3,경남 창원시 마산회원구 내서읍 상곡안길 33-3,,35.2435753614502,128.50221991269,kakao,point,내서읍
SC0697,경로당,상동경로당,마산회원구,내서읍,내서읍 중리,4812725000,경상남도 창원시 마산회원구 내서읍 상동길 7,경남 창원시 마산회원구 내서읍 상동길 7,,35.2459217311452,128.506867108813,kakao,point,내서읍
SC0698,경로당,서광2차아파트경로당,마산회원구,내서읍,내서읍 호계리,4812725000,"경상남도 창원시 마산회원구 내서읍 호계안길 91, 서광2차아파트",경남 창원시 마산회원구 내서읍 호계안길 91,,35.2577323768217,128.520153392793,kakao,point,내서읍
SC0699,경로당,서진아파트경로당,마산회원구,내서읍,내서읍 상곡리,4812725000,"경상남도 창원시 마산회원구 내서읍 경남대로 1019,(서진아파트)",경남 창원시 마산회원구 내서읍 경남대로 1019,,35.2414144125114,128.504392075774,kakao,point,내서읍
SC0700,경로당,수곡경로당,마산회원구,내서읍,내서읍 용담리,4812725000,경상남도 창원시 마산회원구 내서읍 수곡로 92-1,경남 창원시 마산회원구 내서읍 수곡로 92-1,,35.2707838192469,128.500608452809,kakao,point,내서읍
SC0701,경로당,숲속마을주공3단지아파트경로당,마산회원구,내서읍,내서읍 삼계리,4812725000,"경상남도 창원시 마산회원구 내서읍 삼계본동1길 86,(숲속마을주공3단지 아파트)",경남 창원시 마산회원구 내서읍 삼계본동1길 86,,35.231819471477,128.496602555824,kakao,point,내서읍
SC0702,경로당,숲속마을주공4단지아파트경로당,마산회원구,내서읍,내서읍 삼계리,4812725000,"경상남도 창원시 마산회원구 내서읍 숲속로 6,(숲속마을주공4단지아파트)",경남 창원시 마산회원구 내서읍 숲속로 6,,35.23107095044,128.496918876222,kakao,point,내서읍
SC0703,경로당,숲속마을주공5단지아파트경로당,마산회원구,내서읍,내서읍 삼계리,4812725000,"경상남도 창원시 마산회원구 내서읍 숲속로 30,(숲속마을주공5단지아파트)",경남 창원시 마산회원구 내서읍 숲속로 30,,35.2289727966165,128.496879560341,kakao,point,내서읍
SC0704,경로당,숲속마을주공6단지아파트경로당,마산회원구,내서읍,내서읍 삼계리,4812725000,"경상남도 창원시 마산회원구 내서읍 숲속로 27,(숲속마을주공6단지아파트)",경남 창원시 마산회원구 내서읍 숲속로 27,,35.2298482281802,128.497778635903,kakao,point,내서읍
SC0705,경로당,신감경로당,마산회원구,내서읍,내서읍 신감리,4812725000,경상남도 창원시 마산회원구 내서읍 신감길 25,경남 창원시 마산회원구 내서읍 신감길 25,,35.2041324055538,128.510934737661,kakao,point,내서읍
SC0706,경로당,신목경로당,마산회원구,내서읍,내서읍 신감리,4812725000,경상남도 창원시 마산회원구 내서읍 신목길 19-1,경남 창원시 마산회원구 내서읍 신목길 19-1,,35.1919665097227,128.496321877345,kakao,point,내서읍
SC0707,경로당,신평경로당,마산회원구,내서읍,내서읍 중리,4812725000,경상남도 창원시 마산회원구 내서읍 신평로 35,경남 창원시 마산회원구 내서읍 신평로 35,,35.2396597505903,128.510211795187,kakao,point,내서읍
SC0708,경로당,안계경로당,마산회원구,내서읍,내서읍 삼계리,4812725000,경상남도 창원시 마산회원구 내서읍 삼계로 194,경남 창원시 마산회원구 내서읍 삼계로 194,,35.2377032458802,128.486725130195,kakao,point,내서읍
SC0709,경로당,안곡경로당,마산회원구,내서읍,내서읍 평성리,4812725000,경상남도 창원시 마산회원구 내서읍 송평로 411,경남 창원시 마산회원구 내서읍 송평로 411,,35.2624916317901,128.535353947005,kakao,point,내서읍
SC0710,경로당,안성경로당,마산회원구,내서읍,내서읍 안성리,4812725000,경상남도 창원시 마산회원구 내서읍 안성로 150,경남 창원시 마산회원구 내서읍 안성로 150,,35.2651483934764,128.551233411384,kakao,point,내서읍
SC0711,경로당,옥정경로당,마산회원구,내서읍,내서읍 중리,4812725000,경상남도 창원시 마산회원구 내서읍 옥정1길 15,경남 창원시 마산회원구 내서읍 옥정1길 15,,35.2490738936766,128.522426416061,kakao,point,내서읍
SC0712,경로당,용담경로당,마산회원구,내서읍,내서읍 용담리,4812725000,경상남도 창원시 마산회원구 내서읍 용담로 177,경남 창원시 마산회원구 내서읍 용담로 177,,35.2644135601922,128.49933135076,kakao,point,내서읍
SC0713,경로당,원계경로당,마산회원구,내서읍,내서읍 원계리,4812725000,경상남도 창원시 마산회원구 내서읍 원계증산길 78,경남 창원시 마산회원구 내서읍 원계증산길 78,,35.2307584017706,128.509124349556,kakao,point,내서읍
SC0714,경로당,원계대동다숲아파트경로당,마산회원구,내서읍,내서읍 원계리,4812725000,"경상남도 창원시 마산회원구 내서읍 광려천남로 267,(원계대동다숲아파트)",경남 창원시 마산회원구 내서읍 광려천남로 267,,35.2298887144455,128.506410607402,kakao,point,내서읍
SC0715,경로당,장미아파트경로당,마산회원구,내서읍,내서읍 중리,4812725000,"경상남도 창원시 마산회원구 내서읍 중리상곡로 18,(장미아파트)",경남 창원시 마산회원구 내서읍 중리상곡로 18,,35.2430577093079,128.504945237751,kakao,point,내서읍
SC0716,경로당,전안경로당,마산회원구,내서읍,내서읍 신감리,4812725000,경상남도 창원시 마산회원구 내서읍 전안길 23,경남 창원시 마산회원구 내서읍 전안길 23,,35.215203561332,128.504729125799,kakao,point,내서읍
SC0717,경로당,죽암경로당,마산회원구,내서읍,내서읍 중리,4812725000,경상남도 창원시 마산회원구 내서읍 죽암로 19-1,경남 창원시 마산회원구 내서읍 죽암로 19-1,,35.2557436837059,128.509783878649,kakao,point,내서읍
SC0718,경로당,중리남성경로당,마산회원구,내서읍,내서읍 중리,4812725000,경상남도 창원시 마산회원구 내서읍 중리본동길 6,경남 창원시 마산회원구 내서읍 중리본동길 6,,35.2522065879467,128.511407838134,kakao,point,내서읍
SC0719,경로당,중리여성경로당,마산회원구,내서읍,내서읍 중리,4812725000,경상남도 창원시 마산회원구 내서읍 중리상곡로 125,경남 창원시 마산회원구 내서읍 중리상곡로 125,,35.2513733298729,128.511160218842,kakao,point,내서읍
SC0720,경로당,중리현대아파트경로당,마산회원구,내서읍,내서읍 중리,4812725000,경상남도 창원시 마산회원구 내서읍 호원로 186 (중리현대아파트),경남 창원시 마산회원구 내서읍 호원로 186,,35.2505019236995,128.522138572503,kakao,point,내서읍
SC0721,경로당,코오롱1차아파트경로당,마산회원구,내서읍,내서읍 호계리,4812725000,경상남도 창원시 마산회원구 내서읍 호원로 361-3(코오롱타운아파트),경남 창원시 마산회원구 내서읍 호원로 361-3,,35.2663045036371,128.524986267974,kakao,point,내서읍
SC0722,경로당,코오롱2차아파트경로당,마산회원구,내서읍,내서읍 호계리,4812725000,"경상남도 창원시 마산회원구 내서읍 호원로 359,(코오롱하늘채2차아파트)",경남 창원시 마산회원구 내서읍 호원로 359,,35.26531922377,128.524789896796,kakao,point,내서읍
SC0723,경로당,평성남성경로당,마산회원구,내서읍,내서읍 평성리,4812725000,경상남도 창원시 마산회원구 내서읍 송평로 361,경남 창원시 마산회원구 내서읍 송평로 361,,35.2588428346434,128.538281130892,kakao,point,내서읍
SC0724,경로당,평성여성경로당,마산회원구,내서읍,내서읍 평성리,4812725000,경상남도 창원시 마산회원구 내서읍 송평로 361,경남 창원시 마산회원구 내서읍 송평로 361,,35.2588428346434,128.538281130892,kakao,point,내서읍
SC0725,경로당,한우리경로당,마산회원구,내서읍,내서읍 삼계리,4812725000,"경상남도 창원시 마산회원구 내서읍 삼계1길 32,(한우리아파트1단지)",경남 창원시 마산회원구 내서읍 삼계1길 32,,35.2280792125087,128.504300812031,kakao,point,내서읍
SC0726,경로당,한우리2차아파트경로당,마산회원구,내서읍,내서읍 삼계리,4812725000,"경상남도 창원시 마산회원구 내서읍 삼계1길 18,(한우리아파트2단지)",경남 창원시 마산회원구 내서읍 삼계1길 18,,35.2272840788311,128.503899184121,kakao,point,내서읍
SC0727,경로당,한일유엔아이아파트경로당,마산회원구,내서읍,내서읍 원계리,4812725000,"경상남도 창원시 마산회원구 내서읍 광려천남로 245,(한일유앤아이오르젠아파트)",경남 창원시 마산회원구 내서읍 광려천남로 245,,35.2320237233054,128.506087825764,kakao,point,내서읍
SC0728,경로당,한주아파트경로당,마산회원구,내서읍,내서읍 중리,4812725000,"경상남도 창원시 마산회원구 내서읍 함마대로 2805-70,(한주아파트)",경남 창원시 마산회원구 내서읍 함마대로 2805-70,,35.2486114034251,128.520482082514,kakao,point,내서읍
SC0729,경로당,현대성우아파트경로당,마산회원구,내서읍,내서읍 호계리,4812725000,경상남도 창원시 마산회원구 내서읍 광려천북로 58(성우아파트),경남 창원시 마산회원구 내서읍 광려천북로 58,,35.2552971299956,128.519063574251,kakao,point,내서읍
SC0730,경로당,호계남성경로당,마산회원구,내서읍,내서읍 호계리,4812725000,경상남도 창원시 마산회원구 내서읍 호계본동2길 15-4,경남 창원시 마산회원구 내서읍 호계본동2길 15-4,,35.2661203561337,128.519681639389,kakao,point,내서읍
SC0731,경로당,호계여성경로당,마산회원구,내서읍,내서읍 호계리,4812725000,경상남도 창원시 마산회원구 내서읍 호계본동2길 15-4,경남 창원시 마산회원구 내서읍 호계본동2길 15-4,,35.2661203561337,128.519681639389,kakao,point,내서읍
SC0732,경로당,화인태양아파트경로당,마산회원구,내서읍,내서읍 호계리,4812725000,"경상남도 창원시 마산회원구 내서읍 광려천북로 208,(화인태양맨션)",경남 창원시 마산회원구 내서읍 광려천북로 208,,35.268279584297,128.523890430087,kakao,point,내서읍
SC0733,경로당,회원1동남성경로당,마산회원구,회원1동,회원동,4812751000,"경상남도 창원시 마산회원구 회원동3길8(회원동), 2층",경남 창원시 마산회원구 회원동3길 8,,35.2183801400445,128.572739525768,kakao,point,회원1동
SC0734,경로당,회원1동여성경로당,마산회원구,회원1동,회원동,4812751000,"경상남도 창원시 마산회원구 회원동3길8(회원동), 1층",경남 창원시 마산회원구 회원동3길 8,,35.2183801400445,128.572739525768,kakao,point,회원1동
SC0735,경로당,한효아파트경로당,마산회원구,회원1동,회원동,4812751000,"경상남도 창원시 마산회원구 회원동3길38(회원동,한효아파트)",경남 창원시 마산회원구 회원동3길 38,,35.2173887271967,128.571682044036,kakao,point,회원1동
SC0736,경로당,이산남성경로당,마산회원구,회원1동,회원동,4812751000,"경상남도 창원시 마산회원구 회원동32길8(회원동), 2층",경남 창원시 마산회원구 회원동32길 8,,35.2210670272491,128.575398079307,kakao,point,회원1동
SC0737,경로당,이산여성경로당,마산회원구,회원1동,회원동,4812751000,경상남도 창원시 마산회원구 회원동32길8(회원동) 1층,경남 창원시 마산회원구 회원동32길 8,,35.2210670272491,128.575398079307,kakao,point,회원1동
SC0738,경로당,봉오남성경로당,마산회원구,회원1동,회원동,4812751000,"경상남도 창원시 마산회원구 회원동15길 83(회원동), 2층",경남 창원시 마산회원구 회원동15길 83,,35.2226879377983,128.571783682903,kakao,point,회원1동
SC0739,경로당,봉오여성경로당,마산회원구,회원1동,회원동,4812751000,"경상남도 창원시 마산회원구 회원동15길 83(회원동), 1층",경남 창원시 마산회원구 회원동15길 83,,35.2226879377983,128.571783682903,kakao,point,회원1동
SC0740,경로당,육호경로당,마산회원구,회원1동,회원동,4812751000,경상남도 창원시 마산회원구 회원동29길39(회원동),경남 창원시 마산회원구 회원동29길 39,,35.2176853278639,128.575944420932,kakao,point,회원1동
SC0741,경로당,화란여성경로당,마산회원구,회원2동,회원동,4812752000,경상남도 창원시 마산회원구 회원서4길 25(회원동),경남 창원시 마산회원구 회원서4길 25,,35.2187896668808,128.559421452507,kakao,point,회원2동
SC0742,경로당,화란남성경로당,마산회원구,회원2동,회원동,4812752000,경상남도 창원시 마산회원구 회원서4길 25(회원동),경남 창원시 마산회원구 회원서4길 25,,35.2187896668808,128.559421452507,kakao,point,회원2동
SC0743,경로당,연계마을여성경로당,마산회원구,회원2동,회원동,4812752000,경상남도 창원시 마산회원구 앵지밭골3길 9 (회원동),경남 창원시 마산회원구 앵지밭골3길 9,,35.2207331281915,128.557851342908,kakao,point,회원2동
SC0744,경로당,연계마을남성경로당,마산회원구,회원2동,회원동,4812752000,경상남도 창원시 마산회원구 앵지밭골3길 9 (회원동),경남 창원시 마산회원구 앵지밭골3길 9,,35.2207331281915,128.557851342908,kakao,point,회원2동
SC0745,경로당,봉화여성경로당,마산회원구,회원2동,회원동,4812752000,경상남도 창원시 마산회원구 회원북20길 14(회원동),경남 창원시 마산회원구 회원북20길 14,,35.2204008438143,128.56697604222,kakao,point,회원2동
SC0746,경로당,봉화남성경로당,마산회원구,회원2동,회원동,4812752000,경상남도 창원시 마산회원구 회원북20길 14(회원동),경남 창원시 마산회원구 회원북20길 14,,35.2204008438143,128.56697604222,kakao,point,회원2동
SC0747,경로당,회봉경로당,마산회원구,회원2동,회원동,4812752000,경상남도 창원시 마산회원구 회원북21길 54-1(회원동),경남 창원시 마산회원구 회원북21길 54-1,,35.2209536938047,128.566458410848,kakao,point,회원2동
SC0748,경로당,팔거리거점경로당,마산회원구,회원2동,회원동,4812752000,경상남도 창원시 마산회원구 회원북25길 19(회원동),경남 창원시 마산회원구 회원북25길 19,,35.2196510654062,128.563522498398,kakao,point,회원2동
SC0749,경로당,회원2동제1경로당,마산회원구,회원2동,회원동,4812752000,경상남도 창원시 마산회원구 회원남32길 35,경남 창원시 마산회원구 회원남32길 35,,35.2186451502462,128.562437156945,kakao,point,회원2동
SC0750,경로당,무학경로당,마산회원구,회원2동,회원동,4812752000,경상남도 창원시 마산회원구 회원서12길 14(회원동),경남 창원시 마산회원구 회원서12길 14,,35.2166237784872,128.559857623748,kakao,point,회원2동
SC0751,경로당,e편한세상1단지경로당,마산회원구,회원2동,회원동,4812752000,경상남도 창원시 마산회원구 회원북13길 20(회원동),경남 창원시 마산회원구 회원북13길 20,,35.222036895346,128.569984464304,kakao,point,회원2동
SC0752,경로당,e편한세상2단지경로당,마산회원구,회원2동,회원동,4812752000,경상남도 창원시 마산회원구 회원남로 65(회원동),경남 창원시 마산회원구 회원남로 65,,35.2194026917238,128.569503435739,kakao,point,회원2동
SC0753,경로당,낙원경로당,마산회원구,회원2동,회원동,4812752000,경상남도 창원시 마산회원구 무학로667-1(회원동),경남 창원시 마산회원구 무학로 667-1,,35.2233735991651,128.569512691124,kakao,point,회원2동
SC0754,경로당,성황남성경로당,마산회원구,석전동,석전동,4812754500,경상남도 창원시 마산회원구 석전서1길 13,경남 창원시 마산회원구 석전서1길 13,,35.2290960287468,128.566971573056,kakao,point,석전동
SC0755,경로당,성황여성경로당,마산회원구,석전동,석전동,4812754500,경상남도 창원시 마산회원구 석전서1길 13,경남 창원시 마산회원구 석전서1길 13,,35.2290960287468,128.566971573056,kakao,point,석전동
SC0756,경로당,근주경로당,마산회원구,석전동,석전동,4812754500,경상남도 창원시 마산회원구 석전북23길 9,경남 창원시 마산회원구 석전북23길 9,,35.2304171194296,128.568984172893,kakao,point,석전동
SC0757,경로당,봉화남성경로당,마산회원구,석전동,석전동,4812754500,경상남도 창원시 마산회원구 석전서9길 140,경남 창원시 마산회원구 석전서9길 140,,35.225649051026,128.569143438872,kakao,point,석전동
SC0758,경로당,봉화여성경로당,마산회원구,석전동,석전동,4812754500,경상남도 창원시 마산회원구 석전서9길 140,경남 창원시 마산회원구 석전서9길 140,,35.225649051026,128.569143438872,kakao,point,석전동
SC0759,경로당,장수남성경로당,마산회원구,석전동,석전동,4812754500,경상남도 창원시 마산회원구 석전남9길 50-1,경남 창원시 마산회원구 석전남9길 50-1,,35.227059574899,128.572427825763,kakao,point,석전동
SC0760,경로당,장수여성경로당,마산회원구,석전동,석전동,4812754500,경상남도 창원시 마산회원구 석전남9길 50-1,경남 창원시 마산회원구 석전남9길 50-1,,35.227059574899,128.572427825763,kakao,point,석전동
SC0761,경로당,일우경로당,마산회원구,석전동,석전동,4812754500,경상남도 창원시 마산회원구 석전남23길 6,경남 창원시 마산회원구 석전남23길 6,,35.226774333827,128.570984385267,kakao,point,석전동
SC0762,경로당,동산남성경로당,마산회원구,석전동,석전동,4812754500,경상남도 창원시 마산회원구 석전북2길 2,경남 창원시 마산회원구 석전북2길 2,,35.2328290209674,128.572475467746,kakao,point,석전동
SC0763,경로당,동산여성경로당,마산회원구,석전동,석전동,4812754500,경상남도 창원시 마산회원구 석전북2길 2,경남 창원시 마산회원구 석전북2길 2,,35.2328290209674,128.572475467746,kakao,point,석전동
SC0764,경로당,역전남성경로당,마산회원구,석전동,석전동,4812754500,경상남도 창원시 마산회원구 석전동13길 15,경남 창원시 마산회원구 석전동13길 15,,35.2332478780117,128.577305061522,kakao,point,석전동
SC0765,경로당,역전여성경로당,마산회원구,석전동,석전동,4812754500,경상남도 창원시 마산회원구 석전북13길 15,경남 창원시 마산회원구 석전북13길 15,,35.2332962960334,128.570095863002,kakao,point,석전동
SC0766,경로당,북성여성경로당,마산회원구,석전동,석전동,4812754500,경상남도 창원시 마산회원구 석전북7길 8-21,경남 창원시 마산회원구 석전북7길 8-21,,35.232717173047,128.568274078436,kakao,point,석전동
SC0767,경로당,중앙남성경로당,마산회원구,석전동,석전동,4812754500,경상남도 창원시 마산회원구 석전동3길 50,경남 창원시 마산회원구 석전동3길 50,,35.230513985151,128.572866513919,kakao,point,석전동
SC0768,경로당,중앙여성경로당,마산회원구,석전동,석전동,4812754500,경상남도 창원시 마산회원구 석전동3길 50,경남 창원시 마산회원구 석전동3길 50,,35.230513985151,128.572866513919,kakao,point,석전동
SC0769,경로당,대동피렌체아파트경로당,마산회원구,석전동,석전동,4812754500,경상남도 창원시 마산회원구 양덕옛1길 37,경남 창원시 마산회원구 양덕옛1길 37,,35.2271975442468,128.574799052612,kakao,point,석전동
SC0770,경로당,메트로시티석전경로당,마산회원구,석전동,석전동,4812754500,경상남도 창원시 마산회원구 석전남8길 40,경남 창원시 마산회원구 석전남8길 40,,35.2298010847479,128.570731134756,kakao,point,석전동
SC0771,경로당,광명촌경로당,마산회원구,회성동,회성동,4812755000,경상남도 창원시 마산회원구 회성동9길 16(회성동),경남 창원시 마산회원구 회성동9길 16,,35.2341666170721,128.565365432016,kakao,point,회성동
SC0772,경로당,두곡경로당,마산회원구,회성동,두척동,4812755000,경상남도 창원시 마산회원구 두곡길 29-14(두척동),경남 창원시 마산회원구 두곡길 29-14,,35.2383230168524,128.54770985006,kakao,point,회성동
SC0773,경로당,두척경로당,마산회원구,회성동,두척동,4812755000,경상남도 창원시 마산회원구 두척1길 33(두척동),경남 창원시 마산회원구 두척1길 33,,35.237101120308,128.541701586095,kakao,point,회성동
SC0774,경로당,송정경로당,마산회원구,회성동,두척동,4812755000,경상남도 창원시 마산회원구 송평로 155(두척동),경남 창원시 마산회원구 송평로 155,,35.2443496035715,128.551262586147,kakao,point,회성동
SC0775,경로당,연동경로당,마산회원구,회성동,회성동,4812755000,경상남도 창원시 마산회원구 회성북4길 13(회성동),경남 창원시 마산회원구 회성북4길 13,,35.2352461391758,128.559262548803,kakao,point,회성동
SC0776,경로당,회성제1남성경로당,마산회원구,회성동,회성동,4812755000,경상남도 창원시 마산회원구 회성시장1길 36(회성동),경남 창원시 마산회원구 회성시장1길 36,,35.2320116502475,128.559454702259,kakao,point,회성동
SC0777,경로당,회성제1여성경로당,마산회원구,회성동,회성동,4812755000,경상남도 창원시 마산회원구 회성시장1길 36(회성동),경남 창원시 마산회원구 회성시장1길 36,,35.2320116502475,128.559454702259,kakao,point,회성동
SC0778,경로당,회성제2남성경로당,마산회원구,회성동,회성동,4812755000,경상남도 창원시 마산회원구 회성남17길 22-10(회성동),경남 창원시 마산회원구 회성남17길 22-10,,35.2310683925469,128.563305402635,kakao,point,회성동
SC0779,경로당,회성제2여성경로당,마산회원구,회성동,회성동,4812755000,경상남도 창원시 마산회원구 회성남17길 22-10(회성동),경남 창원시 마산회원구 회성남17길 22-10,,35.2310683925469,128.563305402635,kakao,point,회성동
SC0780,경로당,회성제3남성경로당,마산회원구,회성동,회성동,4812755000,경상남도 창원시 마산회원구 회성동8길 22(회성동),경남 창원시 마산회원구 회성동8길 22,,35.2340143055033,128.563853041563,kakao,point,회성동
SC0781,경로당,회성제3여성경로당,마산회원구,회성동,회성동,4812755000,경상남도 창원시 마산회원구 회성동8길 22(회성동),경남 창원시 마산회원구 회성동8길 22,,35.2340143055033,128.563853041563,kakao,point,회성동
SC0782,경로당,양덕1동남성경로당,마산회원구,양덕1동,양덕동,4812756000,"경상남도 창원시 마산회원구 양덕북2길 38, 2층(양덕동)",경남 창원시 마산회원구 양덕북2길 38,,35.2330844872459,128.584534634178,kakao,point,양덕1동
SC0783,경로당,양덕1동여성경로당,마산회원구,양덕1동,양덕동,4812756000,"경상남도 창원시 마산회원구 양덕북2길 38, 1층(양덕동)",경남 창원시 마산회원구 양덕북2길 38,,35.2330844872459,128.584534634178,kakao,point,양덕1동
SC0784,경로당,남성사랑방쉼터경로당,마산회원구,양덕1동,양덕동,4812756000,"경상남도 창원시 마산회원구 양덕동13길 20, 2층(양덕동)",경남 창원시 마산회원구 양덕동13길 20,,35.230480178726,128.586585732255,kakao,point,양덕1동
SC0785,경로당,여성사랑방쉼터경로당,마산회원구,양덕1동,양덕동,4812756000,"경상남도 창원시 마산회원구 양덕동13길 20, 1층(양덕동)",경남 창원시 마산회원구 양덕동13길 20,,35.230480178726,128.586585732255,kakao,point,양덕1동
SC0786,경로당,양덕1동행복경로당,마산회원구,양덕1동,양덕동,4812756000,경상남도 창원시 마산회원구 양덕북12길 25(양덕동),경남 창원시 마산회원구 양덕북12길 25,,35.2353298740991,128.586305065245,kakao,point,양덕1동
SC0787,경로당,양덕경남아파트경로당,마산회원구,양덕1동,양덕동,4812756000,"경상남도 창원시 마산회원구 양덕동17길 22(양덕동, 양덕경남아파트)",경남 창원시 마산회원구 양덕동17길 22,,35.2342517185864,128.591124960235,kakao,point,양덕1동
SC0788,경로당,서안양덕타운경로당,마산회원구,양덕1동,양덕동,4812756000,"경상남도 창원시 마산회원구 팔용로 60-3(양덕동, 서안양덕타운)",경남 창원시 마산회원구 팔용로 60-3,,35.2345738168088,128.588593869108,kakao,point,양덕1동
SC0789,경로당,신성미소지움아파트경로당,마산회원구,양덕1동,양덕동,4812756000,"경상남도 창원시 마산회원구 양덕북17길 73(양덕동, 신성미소지움아파트)",경남 창원시 마산회원구 양덕북17길 73,,35.2335819803974,128.58428585205,kakao,point,양덕1동
SC0790,경로당,양덕2동 제2남성경로당,마산회원구,양덕2동,양덕동,4812757000,경상남도 창원시 마산회원구 양덕남5길 13-1,경남 창원시 마산회원구 양덕남5길 13-1,,35.2297322749326,128.584120596208,kakao,point,양덕2동
SC0791,경로당,양덕2동 제2여성경로당,마산회원구,양덕2동,양덕동,4812757000,경상남도 창원시 마산회원구 양덕남5길 13-1,경남 창원시 마산회원구 양덕남5길 13-1,,35.2297322749326,128.584120596208,kakao,point,양덕2동
SC0792,경로당,구열경로당 남성분회,마산회원구,양덕2동,양덕동,4812757000,경상남도 창원시 마산회원구 산호천서길 159-3,경남 창원시 마산회원구 산호천서길 159-3,,35.2312162035656,128.580615488943,kakao,point,양덕2동
SC0793,경로당,구열경로당 여성분회,마산회원구,양덕2동,양덕동,4812757000,경상남도 창원시 마산회원구 산호천서길 159-3,경남 창원시 마산회원구 산호천서길 159-3,,35.2312162035656,128.580615488943,kakao,point,양덕2동
SC0794,경로당,양덕2동 삼각경로당,마산회원구,양덕2동,양덕동,4812757000,경상남도 창원시 마산회원구 양덕남8길 16,경남 창원시 마산회원구 양덕남8길 16,,35.2227095150456,128.586596544595,kakao,point,양덕2동
SC0795,경로당,탑골경로당,마산회원구,양덕2동,양덕동,4812757000,경상남도 창원시 마산회원구 양덕동2길 86-1,경남 창원시 마산회원구 양덕동2길 86-1,,35.2252224721518,128.588640217217,kakao,point,양덕2동
SC0796,경로당,한일타운1차 여성경로당,마산회원구,양덕2동,양덕동,4812757000,경상남도 창원시 마산회원구 양덕옛2길 58,경남 창원시 마산회원구 양덕옛2길 58,,35.2306399556789,128.578647650564,kakao,point,양덕2동
SC0797,경로당,한일타운1차 남성경로당,마산회원구,양덕2동,양덕동,4812757000,경상남도 창원시 마산회원구 양덕옛2길 58,경남 창원시 마산회원구 양덕옛2길 58,,35.2306399556789,128.578647650564,kakao,point,양덕2동
SC0798,경로당,한일타운2차 여성경로당,마산회원구,양덕2동,양덕동,4812757000,경상남도 창원시 마산회원구 양덕로151,경남 창원시 마산회원구 양덕로 151,,35.2316349587179,128.582556899555,kakao,point,양덕2동
SC0799,경로당,한일타운2차 남성경로당,마산회원구,양덕2동,양덕동,4812757000,경상남도 창원시 마산회원구 양덕로151,경남 창원시 마산회원구 양덕로 151,,35.2316349587179,128.582556899555,kakao,point,양덕2동
SC0800,경로당,한일타운3차 경로당,마산회원구,양덕2동,양덕동,4812757000,경상남도 창원시 마산회원구 삼호로 151,경남 창원시 마산회원구 삼호로 151,,35.2261050141865,128.575467904582,kakao,point,양덕2동
SC0801,경로당,한일타운4차 경로당,마산회원구,양덕2동,양덕동,4812757000,경상남도 창원시 마산회원구 양덕서로45,경남 창원시 마산회원구 양덕서로 45,,35.2288455464935,128.581005876933,kakao,point,양덕2동
SC0802,경로당,우성아파트 경로당,마산회원구,양덕2동,양덕동,4812757000,경상남도 창원시 마산회원구 양덕옛2길 16,경남 창원시 마산회원구 양덕옛2길 16,,35.2287858629739,128.57687676075,kakao,point,양덕2동
SC0803,경로당,대림하이빌 아파트 경로당,마산회원구,양덕2동,양덕동,4812757000,"경상남도 창원시 마산회원구 양덕동2길 76, 108동 102호",경남 창원시 마산회원구 양덕동2길 76,,35.2244480825616,128.589145164708,kakao,point,양덕2동
SC0804,경로당,메트로시티 남성노인회,마산회원구,양덕2동,양덕동,4812757000,"경상남도 창원시 마산회원구 양덕서로 30, 103동 122호",경남 창원시 마산회원구 양덕서로 30,,35.2283724648636,128.582628079245,kakao,point,양덕2동
SC0805,경로당,메트로시티 여성노인회,마산회원구,양덕2동,양덕동,4812757000,"경상남도 창원시 마산회원구 양덕서로 30, 119동 127호",경남 창원시 마산회원구 양덕서로 30,,35.2283724648636,128.582628079245,kakao,point,양덕2동
SC0806,경로당,반월경로당,마산회원구,양덕2동,양덕동,4812757000,경상남도 창원시 마산회원구 양덕서9길 14,경남 창원시 마산회원구 양덕서9길 14,,35.2240414022142,128.580007236155,kakao,point,양덕2동
SC0807,경로당,메트로시티2단지경로당,마산회원구,양덕2동,양덕동,4812757000,"경상남도 창원시 마산회원구 삼호로 80, 206동",경남 창원시 마산회원구 삼호로 80,,35.2236728605877,128.584565894733,kakao,point,양덕2동
SC0808,경로당,양덕코오롱하늘채아파트경로당,마산회원구,양덕2동,양덕동,4812757000,"경상남도 창원시 마산회원구 양덕서5길 15, 103동",경남 창원시 마산회원구 양덕서5길 15,,35.2272598184407,128.578838733618,kakao,point,양덕2동
SC0809,경로당,롯데캐슬센텀골드아파트경로당,마산회원구,양덕2동,양덕동,4812757000,"경상남도 창원시 양덕로 48, 107동 2102호",경남 창원시 마산회원구 양덕로 48,,35.2246437503717,128.590873091606,kakao,point,양덕2동
SC0810,경로당,롯데캐슬하버팰리스아파트경로당,마산회원구,양덕2동,양덕동,4812757000,"경상남도 창원시 양덕동2길 20, 101동",경남 창원시 마산회원구 양덕동2길 20,,35.2220271776522,128.590682864277,kakao,point,양덕2동
SC0811,경로당,합성1동남성경로당,마산회원구,합성1동,합성동,4812758000,경상남도 창원시 마산회원구합성북16길107,경남 창원시 마산회원구 합성북16길 107,,35.2431506484129,128.583940174329,kakao,point,합성1동
SC0812,경로당,합성1동여성경로당,마산회원구,합성1동,합성동,4812758000,경상남도 창원시 마산회원구합성북16길95-6,경남 창원시 마산회원구 합성북16길 95-6,,35.2429524983481,128.583414509933,kakao,point,합성1동
SC0813,경로당,신성남성경로당,마산회원구,합성1동,합성동,4812758000,"경상남도 창원시 마산회원구합성북8길20,2층",경남 창원시 마산회원구 합성북8길 20,,35.2440047151368,128.580537839918,kakao,point,합성1동
SC0814,경로당,신성여성경로당,마산회원구,합성1동,합성동,4812758000,"경상남도 창원시 마산회원구합성북8길20,1층",경남 창원시 마산회원구 합성북8길 20,,35.2440047151368,128.580537839918,kakao,point,합성1동
SC0815,경로당,합성가고파남성경로당,마산회원구,합성1동,합성동,4812758000,경상남도 창원시 마산회원구합성서11길26(2층),경남 창원시 마산회원구 합성서11길 26,,35.2396128376271,128.58098582094,kakao,point,합성1동
SC0816,경로당,합성가고파여성경로당,마산회원구,합성1동,합성동,4812758000,경상남도 창원시 마산회원구합성서11길26(1층),경남 창원시 마산회원구 합성서11길 26,,35.2396128376271,128.58098582094,kakao,point,합성1동
SC0817,경로당,무학경로당,마산회원구,합성1동,합성동,4812758000,"경상남도 창원시 마산회원구금강로35,무학아파트",경남 창원시 마산회원구 금강로 35,,35.2395759599414,128.578937165552,kakao,point,합성1동
SC0818,경로당,창원롯데캐슬더퍼스트경로당,마산회원구,합성1동,합성동,4812758000,경상남도 창원시 마산회원구합성북16길197,경남 창원시 마산회원구 합성북16길 197,,35.2450833629099,128.586531628809,kakao,point,합성1동
SC0819,경로당,남성경로당,마산회원구,합성2동,,,경상남도 창원시 마산회원구 합성동13길 2층,경남 창원시 마산회원구 석전동 163-92,,35.2328276509476,128.572476869248,kakao,point,합성2동
SC0820,경로당,여성경로당,마산회원구,합성2동,,,경상남도 창원시 마산회원구 합성동13길 1층,경남 창원시 마산회원구 합성동 73-25,,35.244264894226,128.58362623534,kakao,point,합성2동
SC0821,경로당,팔용경로당,마산회원구,합성2동,합성동,4812759000,경상남도 창원시 마산회원구 합성남2길 70-33,경남 창원시 마산회원구 합성남2길 70-33,,35.2384787294173,128.587456418263,kakao,point,합성2동
SC0822,경로당,제2경로당,마산회원구,합성2동,합성동,4812759000,경상남도 창원시 마산회원구 합성남19길 4,경남 창원시 마산회원구 합성남19길 4,,35.2356661048311,128.590144980123,kakao,point,합성2동
SC0823,경로당,제3경로당,마산회원구,합성2동,,,경상남도 창원시 마산회원구 합성동3길 12,경남 창원시 성산구 반지동 42-3,,35.2426537137012,128.663142157511,kakao,point,합성2동
SC0824,경로당,두산위브더센트럴1단지아파트경로당,마산회원구,합성2동,합성동,4812759000,경상남도 창원시 마산회원구 팔용로 89,경남 창원시 마산회원구 팔용로 89,,35.2373184087307,128.587434683057,kakao,point,합성2동
SC0825,경로당,구암본동남성경로당,마산회원구,구암1동,구암동,4812760000,경상남도 창원시 마산회원구 구암북7길 18,경남 창원시 마산회원구 구암북7길 18,,35.2534848585706,128.593522387525,kakao,point,구암1동
SC0826,경로당,구암본동여성경로당,마산회원구,구암1동,구암동,4812760000,경상남도 창원시 마산회원구 구암북7길 18,경남 창원시 마산회원구 구암북7길 18,,35.2534848585706,128.593522387525,kakao,point,구암1동
SC0827,경로당,구암샛터남성경로당,마산회원구,구암1동,구암동,4812760000,경상남도 창원시 마산회원구 구암북15길 64,경남 창원시 마산회원구 구암북15길 64,,35.2555301848457,128.595663392428,kakao,point,구암1동
SC0828,경로당,구암샛터여성경로당,마산회원구,구암1동,구암동,4812760000,경상남도 창원시 마산회원구 구암북15길 64,경남 창원시 마산회원구 구암북15길 64,,35.2555301848457,128.595663392428,kakao,point,구암1동
SC0829,경로당,대한여성경로당,마산회원구,구암1동,구암동,4812760000,경상남도 창원시 마산회원구 구암서9길 8,경남 창원시 마산회원구 구암서9길 8,,35.2508857503535,128.594320112102,kakao,point,구암1동
SC0830,경로당,구암1동제1경로당,마산회원구,구암1동,구암동,4812760000,경상남도 창원시 마산회원구 구암서3길 47,경남 창원시 마산회원구 구암서3길 47,,35.2486261941467,128.590978677203,kakao,point,구암1동
SC0831,경로당,구암1동제3경로당,마산회원구,구암1동,구암동,4812760000,경상남도 창원시 마산회원구 구암북18길 39,경남 창원시 마산회원구 구암북18길 39,,35.2576630281194,128.595854854223,kakao,point,구암1동
SC0832,경로당,제1남성경로당,마산회원구,구암2동,구암동,4812761000,경상남도 창원시 마산회원구 구암남10길 15(구암동),경남 창원시 마산회원구 구암남10길 15,,35.2499892804064,128.599128995578,kakao,point,구암2동
SC0833,경로당,제1여성경로당,마산회원구,구암2동,구암동,4812761000,경상남도 창원시 마산회원구 구암남10길 15(구암동),경남 창원시 마산회원구 구암남10길 15,,35.2499892804064,128.599128995578,kakao,point,구암2동
SC0834,경로당,제2남성경로당,마산회원구,구암2동,구암동,4812761000,경상남도 창원시 마산회원구 구암남15길 27(구암동),경남 창원시 마산회원구 구암남15길 27,,35.2506258912463,128.602100380627,kakao,point,구암2동
SC0835,경로당,제2여성경로당,마산회원구,구암2동,구암동,4812761000,경상남도 창원시 마산회원구 구암남15길 27(구암동),경남 창원시 마산회원구 구암남15길 27,,35.2506258912463,128.602100380627,kakao,point,구암2동
SC0836,경로당,신산남성경로당,마산회원구,구암2동,구암동,4812761000,경상남도 창원시 마산회원구 구암동1길 103(구암동),경남 창원시 마산회원구 구암동1길 103,,35.25380708239,128.5995296433,kakao,point,구암2동
SC0837,경로당,신산여성경로당,마산회원구,구암2동,구암동,4812761000,경상남도 창원시 마산회원구 구암동1길 103(구암동),경남 창원시 마산회원구 구암동1길 103,,35.25380708239,128.5995296433,kakao,point,구암2동
SC0838,경로당,제4남성경로당,마산회원구,구암2동,구암동,4812761000,경상남도 창원시 마산회원구 구암남7길 14(구암동),경남 창원시 마산회원구 구암남7길 14,,35.2446917140289,128.591333650498,kakao,point,구암2동
SC0839,경로당,제4여성경로당,마산회원구,구암2동,구암동,4812761000,경상남도 창원시 마산회원구 구암남7길 14(구암동),경남 창원시 마산회원구 구암남7길 14,,35.2446917140289,128.591333650498,kakao,point,구암2동
SC0840,경로당,대동2차아파트경로당,마산회원구,구암2동,구암동,4812761000,"경상남도 창원시 마산회원구 구암남6길 50(구암동, 대동2차아파트)",경남 창원시 마산회원구 구암남6길 50,,35.2459349324951,128.593239605936,kakao,point,구암2동
SC0841,경로당,중앙하이츠아파트경로당,마산회원구,구암2동,구암동,4812761000,"경상남도 창원시 마산회원구 팔용로 215(구암동, 중앙하이츠)",경남 창원시 마산회원구 팔용로 215,,35.2469856267709,128.594666263911,kakao,point,구암2동
SC0842,경로당,봉암동제1남성경로당,마산회원구,봉암동,봉암동,4812762000,경상남도 창원시 마산회원구 봉암북7길 32,경남 창원시 마산회원구 봉암북7길 32,,35.2232067718145,128.598442170377,kakao,point,봉암동
SC0843,경로당,봉암동제1여성경로당,마산회원구,봉암동,봉암동,4812762000,경상남도 창원시 마산회원구 봉암북7길 32,경남 창원시 마산회원구 봉암북7길 32,,35.2232067718145,128.598442170377,kakao,point,봉암동
SC0844,경로당,봉암동제2남성경로당,마산회원구,봉암동,봉암동,4812762000,경상남도 창원시 마산회원구 봉암북2길 31,경남 창원시 마산회원구 봉암북2길 31,,35.2212833430916,128.597201200198,kakao,point,봉암동
SC0845,경로당,봉암동제2여성경로당,마산회원구,봉암동,봉암동,4812762000,경상남도 창원시 마산회원구 봉암북2길 31,경남 창원시 마산회원구 봉암북2길 31,,35.2212833430916,128.597201200198,kakao,point,봉암동
SC0846,경로당,봉암서광아파트경로당,마산회원구,봉암동,봉암동,4812762000,경상남도 창원시 마산회원구 봉양로 241 서광아파트,경남 창원시 마산회원구 봉양로 241,,35.2168709072785,128.612914103181,kakao,point,봉암동
SC0847,경로당,봉암본동경로당,마산회원구,봉암동,봉암동,4812762000,경상남도 창원시 마산회원구 봉암북16길 14-1,경남 창원시 마산회원구 봉암북16길 14-1,,35.214109417764,128.615794830105,kakao,point,봉암동
SC0848,경로당,봉암본동부녀경로당,마산회원구,봉암동,봉암동,4812762000,경상남도 창원시 마산회원구 봉암북16길 14-1,경남 창원시 마산회원구 봉암북16길 14-1,,35.214109417764,128.615794830105,kakao,point,봉암동
SC0849,경로당,중앙동경로당,진해구,충무동,익선동,4812953000,경상남도 창원시 진해구 충무로58번길 13-1(익선동),경남 창원시 진해구 충무로58번길 13-1,,35.1505908708744,128.657568371469,kakao,point,충무동
SC0850,경로당,중앙동부녀경로당,진해구,충무동,익선동,4812953000,경상남도 창원시 진해구 충무로58번길 13-1(익선동),경남 창원시 진해구 충무로58번길 13-1,,35.1505908708744,128.657568371469,kakao,point,충무동
SC0851,경로당,데시앙아파트경로당,진해구,충무동,부흥동,4812953000,"경상남도 창원시 진해구 중원동로 38(부흥동, 태영데시앙)",경남 창원시 진해구 중원동로 38,,35.1474534170137,128.661810553819,kakao,point,충무동
SC0852,경로당,태평동경로당,진해구,충무동,숭인동,4812953000,경상남도 창원시 진해구 중원로10번길 13(숭인동),경남 창원시 진해구 중원로10번길 13,,35.1450527761792,128.660386271749,kakao,point,충무동
SC0853,경로당,태평동부녀경로당,진해구,충무동,숭인동,4812953000,경상남도 창원시 진해구 중원로10번길 13(숭인동),경남 창원시 진해구 중원로10번길 13,,35.1450527761792,128.660386271749,kakao,point,충무동
SC0854,경로당,속천동경로당,진해구,충무동,속천동,4812953000,경상남도 창원시 진해구 속천로52번길 3(속천동),경남 창원시 진해구 속천로52번길 3,,35.1421939827604,128.669160687525,kakao,point,충무동
SC0855,경로당,속천동부녀경로당,진해구,충무동,속천동,4812953000,경상남도 창원시 진해구 속천로52번길 3(속천동),경남 창원시 진해구 속천로52번길 3,,35.1421939827604,128.669160687525,kakao,point,충무동
SC0856,경로당,제황경로당,진해구,충무동,태평동,4812953000,경상남도 창원시 진해구 속천로 26(태평동),경남 창원시 진해구 속천로 26,,35.1446009086578,128.6701999612,kakao,point,충무동
SC0857,경로당,그린비치경로당,진해구,충무동,제황산동,4812953000,"경상남도 창원시 진해구 속천로23번길 9(제황산동, 대암그린비치맨션)",경남 창원시 진해구 속천로23번길 9,,35.1441975854456,128.671318984787,kakao,point,충무동
SC0858,경로당,평화그린파크경로당,진해구,충무동,제황산동,4812953000,"경상남도 창원시 진해구 제황로 10(제황산동, 평화그린파크)",경남 창원시 진해구 제황로 10,,35.1461353382812,128.669487836582,kakao,point,충무동
SC0859,경로당,대죽동경로당,진해구,충무동,대죽동,4812953000,경상남도 창원시 진해구 태평로48번길 14-7(대죽동),경남 창원시 진해구 태평로48번길 14-7,,35.1445460369752,128.663898674635,kakao,point,충무동
SC0860,경로당,대죽동부녀경로당,진해구,충무동,대죽동,4812953000,경상남도 창원시 진해구 태평로48번길 14-7(대죽동),경남 창원시 진해구 태평로48번길 14-7,,35.1445460369752,128.663898674635,kakao,point,충무동
SC0861,경로당,충무로5가경로당,진해구,충무동,대흥동,4812953000,경상남도 창원시 진해구 중원로74번길 7(대흥동),경남 창원시 진해구 중원로74번길 7,,35.1507702957758,128.660576288544,kakao,point,충무동
SC0862,경로당,송학동부녀경로당,진해구,충무동,대흥동,4812953000,경상남도 창원시 진해구 중원로74번길 7(대흥동),경남 창원시 진해구 중원로74번길 7,,35.1507702957758,128.660576288544,kakao,point,충무동
SC0863,경로당,화천여자경로당,진해구,충무동,대흥동,4812953000,경상남도 창원시 진해구 중원로74번길 7(대흥동),경남 창원시 진해구 중원로74번길 7,,35.1507702957758,128.660576288544,kakao,point,충무동
SC0864,경로당,충무동경로당,진해구,충무동,인사동,4812953000,경상남도 창원시 진해구 인사로 10(인사동),경남 창원시 진해구 인사로 10,,35.1504647467152,128.667781453,kakao,point,충무동
SC0865,경로당,충무동부녀경로당,진해구,충무동,인사동,4812953000,경상남도 창원시 진해구 인사로 10(인사동),경남 창원시 진해구 인사로 10,,35.1504647467152,128.667781453,kakao,point,충무동
SC0866,경로당,제황산경로당,진해구,충무동,대흥동,4812953000,경상남도 창원시 진해구 충장로130번길 22-1(대흥동),경남 창원시 진해구 충장로130번길 22-1,,35.1501271225953,128.66562158415,kakao,point,충무동
SC0867,경로당,제황산부녀경로당,진해구,충무동,대흥동,4812953000,경상남도 창원시 진해구 충장로130번길 22-1(대흥동),경남 창원시 진해구 충장로130번길 22-1,,35.1501271225953,128.66562158415,kakao,point,충무동
SC0868,경로당,제황로경로당,진해구,충무동,충무동,4812953000,경상남도 창원시 진해구 제황로80번길 24-5(충무동),경남 창원시 진해구 제황로80번길 24-5,,35.1509761613775,128.669556887727,kakao,point,충무동
SC0869,경로당,제황로부녀경로당,진해구,충무동,충무동,4812953000,경상남도 창원시 진해구 제황로80번길 24-5(충무동),경남 창원시 진해구 제황로80번길 24-5,,35.1509761613775,128.669556887727,kakao,point,충무동
SC0870,경로당,중원경로당,진해구,충무동,중평동,4812953000,경상남도 창원시 진해구 중원로38번길 7(중평동),경남 창원시 진해구 중원로38번길 7,,35.1474781126363,128.660108017348,kakao,point,충무동
SC0871,경로당,평지경로당,진해구,여좌동,태백동,4812954000,경상남도 창원시 진해구 여좌천로174번길 12-1(태백동),경남 창원시 진해구 여좌천로174번길 12-1,,35.1678429178567,128.657901245489,kakao,point,여좌동
SC0872,경로당,평지부녀경로당,진해구,여좌동,태백동,4812954000,경상남도 창원시 진해구 여좌천로174번길 12-1(태백동),경남 창원시 진해구 여좌천로174번길 12-1,,35.1678429178567,128.657901245489,kakao,point,여좌동
SC0873,경로당,여좌경로당,진해구,여좌동,여좌동,4812954000,경상남도 창원시 진해구 여좌로123번길 2(여좌동),경남 창원시 진해구 여좌로123번길 2,,35.1623664651101,128.662762067122,kakao,point,여좌동
SC0874,경로당,여좌부녀경로당,진해구,여좌동,여좌동,4812954000,경상남도 창원시 진해구 여좌로123번길 2-1(여좌동),경남 창원시 진해구 여좌로123번길 2-1,,35.1624638786509,128.66284153012,kakao,point,여좌동
SC0875,경로당,여좌2가부녀경로당,진해구,여좌동,여좌동,4812954000,경상남도 창원시 진해구 여좌로118번가길 19(여좌동),경남 창원시 진해구 여좌로118번가길 19,,35.1616301028129,128.665337578595,kakao,point,여좌동
SC0876,경로당,여좌장복경로당,진해구,여좌동,여좌동,4812954000,경상남도 창원시 진해구 여좌로58번길 17(여좌동),경남 창원시 진해구 여좌로58번길 17,,35.1580389638817,128.662937243657,kakao,point,여좌동
SC0877,경로당,여좌장복부녀경로당,진해구,여좌동,여좌동,4812954000,경상남도 창원시 진해구 여좌로58번길 17(여좌동),경남 창원시 진해구 여좌로58번길 17,,35.1580389638817,128.662937243657,kakao,point,여좌동
SC0878,경로당,여좌1가경로당,진해구,여좌동,여좌동,4812954000,경상남도 창원시 진해구 여좌남로41번길 21(여좌동),경남 창원시 진해구 여좌남로41번길 21,,35.1577461395322,128.660652341651,kakao,point,여좌동
SC0879,경로당,여좌1가부녀경로당,진해구,여좌동,여좌동,4812954000,경상남도 창원시 진해구 여좌남로41번길 21 (여좌동),경남 창원시 진해구 여좌남로41번길 21,,35.1577461395322,128.660652341651,kakao,point,여좌동
SC0880,경로당,여좌재건경로당,진해구,여좌동,여좌동,4812954000,경상남도 창원시 진해구 여좌로15번길 26(여좌동),경남 창원시 진해구 여좌로15번길 26,,35.1540098948993,128.662735515725,kakao,point,여좌동
SC0881,경로당,여좌재건부녀경로당,진해구,여좌동,여좌동,4812954000,경상남도 창원시 진해구 여좌로15번길 26(여좌동),경남 창원시 진해구 여좌로15번길 26,,35.1540098948993,128.662735515725,kakao,point,여좌동
SC0882,경로당,대광APT 경로당,진해구,여좌동,,,"경상남도 창원시 진해구 여명남로16번길 22(여좌동, 대광아파트)",,,35.159215438320686,128.66136273731445,dong_centroid,dong,여좌동
SC0883,경로당,여명경로당,진해구,여좌동,여좌동,4812954000,경상남도 창원시 진해구 여명로 56(여좌동),경남 창원시 진해구 여명로 56,,35.1573997002187,128.658488724888,kakao,point,여좌동
SC0884,경로당,여명부녀경로당,진해구,여좌동,여좌동,4812954000,경상남도 창원시 진해구 여명로 56(여좌동),경남 창원시 진해구 여명로 56,,35.1573997002187,128.658488724888,kakao,point,여좌동
SC0885,경로당,육대경로당,진해구,여좌동,여좌동,4812954000,경상남도 창원시 진해구 여좌로 34(여좌동),경남 창원시 진해구 여좌로 34,,35.155256333736,128.664839047722,kakao,point,여좌동
SC0886,경로당,제광경로당,진해구,태백동,경화동,4812955000,경상남도 창원시 진해구 충장로 249번길26(경화동),경남 창원시 진해구 충장로249번길 26,,35.1561567533195,128.680138168864,kakao,point,태백동
SC0887,경로당,제광부녀경로당,진해구,태백동,경화동,4812955000,경상남도 창원시 진해구 충장로 249번길26(경화동),경남 창원시 진해구 충장로249번길 26,,35.1561567533195,128.680138168864,kakao,point,태백동
SC0888,경로당,태백동새동네경로당,진해구,태백동,태백동,4812955000,경상남도 창원시 진해구 태백서로 62(태백동),경남 창원시 진해구 태백서로 62,,35.1563770816921,128.674849233233,kakao,point,태백동
SC0889,경로당,태백동새동네부녀경로당,진해구,태백동,태백동,4812955000,경상남도 창원시 진해구 태백서로 62(태백동),경남 창원시 진해구 태백서로 62,,35.1563770816921,128.674849233233,kakao,point,태백동
SC0890,경로당,태백동경로당,진해구,태백동,여좌동,4812955000,경상남도 창원시 진해구 태백서로 12-5(태백동),경남 창원시 진해구 태백서로 12-5,,35.153360059222,128.672656052505,kakao,point,태백동
SC0891,경로당,태백동부녀경로당,진해구,태백동,여좌동,4812955000,경상남도 창원시 진해구 태백서로 12-5(태백동),경남 창원시 진해구 태백서로 12-5,,35.153360059222,128.672656052505,kakao,point,태백동
SC0892,경로당,경화동경로당,진해구,경화동,경화동,4812956000,경상남도 창원시 진해구 경화로29번길 10-1(경화동),경남 창원시 진해구 경화로29번길 10-1,,35.1561277689259,128.685066256222,kakao,point,경화동
SC0893,경로당,경화동부녀경로당,진해구,경화동,경화동,4812956000,경상남도 창원시 진해구 경화로29번길 10-1(경화동),경남 창원시 진해구 경화로29번길 10-1,,35.1561277689259,128.685066256222,kakao,point,경화동
SC0894,경로당,경일경로당,진해구,경화동,경화동,4812956000,경상남도 창원시 진해구 충장로285번길 10(경화동),경남 창원시 진해구 충장로285번길 10,,35.1548439647769,128.68334251772,kakao,point,경화동
SC0895,경로당,경일부녀경로당,진해구,경화동,경화동,4812956000,경상남도 창원시 진해구 충장로285번길 10(경화동),경남 창원시 진해구 충장로285번길 10,,35.1548439647769,128.68334251772,kakao,point,경화동
SC0896,경로당,조천경로당,진해구,경화동,경화동,4812956000,경상남도 창원시 진해구 조천로 5-7(경화동),경남 창원시 진해구 조천로 5-7,,35.1585991256383,128.683302583946,kakao,point,경화동
SC0897,경로당,조천부녀경로당,진해구,경화동,경화동,4812956000,경상남도 창원시 진해구 조천로 5-7(경화동),경남 창원시 진해구 조천로 5-7,,35.1585991256383,128.683302583946,kakao,point,경화동
SC0898,경로당,경화포스코경로당,진해구,경화동,경화동,4812956000,"경상남도 창원시 진해구 조천북로 65(경화동, 포스코더샵아파트)",경남 창원시 진해구 조천북로 65,,35.1605920188221,128.678587541095,kakao,point,경화동
SC0899,경로당,삼정그린코아경로당,진해구,경화동,경화동,4812956000,"경상남도 창원시 진해구 조천북로 97, 104동(경화동, 삼정그린코아1단지)",경남 창원시 진해구 조천북로 97,,35.161831753882,128.682211734626,kakao,point,경화동
SC0900,경로당,경화동새마을경로당,진해구,경화동,,,경상남도 창원시 진해구 조천북로85번길 21(경화동),,,35.158436603493975,128.68294578026843,dong_centroid,dong,경화동
SC0901,경로당,경화대동다숲경로당,진해구,경화동,경화동,4812956000,"경상남도 창원시 진해구 조천북로 79, 1층(관리동)(경화동, 경화대동다숲아파트)",경남 창원시 진해구 조천북로 79,,35.1612958520123,128.680357234988,kakao,point,경화동
SC0902,경로당,병암동경로당,진해구,병암동,경화동,4812957000,"경상남도 창원시 진해구 경화로18번길 25(경화동), 2층",경남 창원시 진해구 경화로18번길 25,,35.1552711263447,128.688957011298,kakao,point,병암동
SC0903,경로당,병암동부녀경로당,진해구,병암동,경화동,4812957000,"경상남도 창원시 진해구 경화로18번길 25(경화동), 1층",경남 창원시 진해구 경화로18번길 25,,35.1552711263447,128.688957011298,kakao,point,병암동
SC0904,경로당,상지아파트경로당,진해구,병암동,석동,4812957000,"경상남도 창원시 진해구 병암북로4번길 37(석동, 상지약수아파트)",경남 창원시 진해구 병암북로4번길 37,,35.1608261388643,128.694246098028,kakao,point,병암동
SC0905,경로당,경화아파트경로당,진해구,병암동,경화동,4812957000,"경상남도 창원시 진해구 경화시장로 34-3(경화동, 경화아파트)",경남 창원시 진해구 경화시장로 34-3,,35.1567650858642,128.691721328893,kakao,point,병암동
SC0906,경로당,병암동사랑방경로당,진해구,병암동,경화동,4812957000,경상남도 창원시 진해구 진해대로694번길 14(경화동),경남 창원시 진해구 진해대로694번길 14,,35.1582271655573,128.691326259424,kakao,point,병암동
SC0907,경로당,병암동행복경로당,진해구,병암동,이동,4812957000,경상남도 창원시 진해구 충장로364번나길 9-23(이동),경남 창원시 진해구 충장로364번나길 9-23,,35.1517716212024,128.691001035759,kakao,point,병암동
SC0908,경로당,경화주공아파트경로당,진해구,병암동,경화동,4812957000,"경상남도 창원시 진해구 충장로345번길 50(경화동, 경화주공아파트)",경남 창원시 진해구 충장로345번길 50,,35.1586331671639,128.68882679453,kakao,point,병암동
SC0909,경로당,석동경로당,진해구,석동,석동,4812958000,경상남도 창원시 진해구 돌리로10번길 5-1(석동),경남 창원시 진해구 돌리로10번길 5-1,,35.1588809436481,128.701150832153,kakao,point,석동
SC0910,경로당,석동부녀경로당,진해구,석동,석동,4812958000,경상남도 창원시 진해구 돌리로10번길 5-1(석동),경남 창원시 진해구 돌리로10번길 5-1,,35.1588809436481,128.701150832153,kakao,point,석동
SC0911,경로당,한솔솔파크경로당,진해구,석동,석동,4812958000,"경상남도 창원시 진해구 돌리로16번길 18(석동, 진해석동한솔솔파크2단지)",경남 창원시 진해구 돌리로16번길 18,,35.1584902857874,128.702489740853,kakao,point,석동
SC0912,경로당,석동그린빌2단지경로당,진해구,석동,석동,4812958000,"경상남도 창원시 진해구 냉천로107번길 14, 210동(석동, 벚꽃그린빌주공2단지)",경남 창원시 진해구 냉천로107번길 14,,35.1556233424162,128.709085196702,kakao,point,석동
SC0913,경로당,벚꽃그린빌3단지경로당,진해구,석동,석동,4812958000,"경상남도 창원시 진해구 석동로 60, 관리사무소동(석동, 벚꽃그린빌주공3단지) 관리사무소동",경남 창원시 진해구 석동로 60,,35.1549298628343,128.706872938716,kakao,point,석동
SC0914,경로당,석동그린빌4단지경로당,진해구,석동,석동,4812958000,"경상남도 창원시 진해구 석동로 80, 409동(석동, 벚꽃그린빌주공4단지)",경남 창원시 진해구 석동로 80,,35.1571636373777,128.707525137699,kakao,point,석동
SC0915,경로당,석동공원경로당,진해구,석동,석동,4812958000,경상남도 창원시 진해구 석동로34번길 14(석동),경남 창원시 진해구 석동로34번길 14,,35.1534693706143,128.703189229098,kakao,point,석동
SC0916,경로당,석동공원부녀경로당,진해구,석동,석동,4812958000,경상남도 창원시 진해구 석동로34번길 14(석동),경남 창원시 진해구 석동로34번길 14,,35.1534693706143,128.703189229098,kakao,point,석동
SC0917,경로당,이동신성미소지움아파트경로당,진해구,석동,이동,4812958000,"경상남도 창원시 진해구 동진로21번길 17(이동, 진해이동미소지움1단지)",경남 창원시 진해구 동진로21번길 17,,35.1556426863343,128.69881814069,kakao,point,석동
SC0918,경로당,우림필유아파트경로당,진해구,석동,석동,4812958000,"경상남도 창원시 진해구 해원로 45(석동, 진해석동우림필유)",경남 창원시 진해구 해원로 45,,35.1583362044688,128.697305658077,kakao,point,석동
SC0919,경로당,석동푸르지오경로당,진해구,석동,석동,4812958000,"경상남도 창원시 진해구 진해대로 727(석동, 진해석동푸르지오)",경남 창원시 진해구 진해대로 727,,35.1607015898672,128.69770225042,kakao,point,석동
SC0920,경로당,석동자이아파트경로당,진해구,석동,석동,4812958000,"경상남도 창원시 진해구 동진로21번길 26(석동, 지에스진해자이아파트)",경남 창원시 진해구 동진로21번길 26,,35.1558190663401,128.699793843449,kakao,point,석동
SC0921,경로당,창원석동LH아파트경로당,진해구,석동,석동,4812958000,"경상남도 창원시 진해구 냉천로 125(석동, 창원석동LH아파트)",경남 창원시 진해구 냉천로 125,,35.1545283184925,128.709905151681,kakao,point,석동
SC0922,경로당,구이동경로당,진해구,이동,이동,4812959000,경상남도 창원시 진해구 이동로59번길 6,경남 창원시 진해구 이동로59번길 6,,35.1518401061544,128.698325944422,kakao,point,이동
SC0923,경로당,구이동부녀경로당,진해구,이동,이동,4812959000,경상남도 창원시 진해구 이동로59번길 6,경남 창원시 진해구 이동로59번길 6,,35.1518401061544,128.698325944422,kakao,point,이동
SC0924,경로당,신이동경로당,진해구,이동,이동,4812959000,경상남도 창원시 진해구 충장로449번길 16,경남 창원시 진해구 충장로449번길 16,,35.1494069827187,128.700034403332,kakao,point,이동
SC0925,경로당,신이동부녀경로당,진해구,이동,이동,4812959000,경상남도 창원시 진해구 충장로449번길 16,경남 창원시 진해구 충장로449번길 16,,35.1494069827187,128.700034403332,kakao,point,이동
SC0926,경로당,이동택지경로당,진해구,이동,이동,4812959000,경상남도 창원시 진해구 충장로442번길 22-10,경남 창원시 진해구 충장로442번길 22-10,,35.1501352807895,128.695300321995,kakao,point,이동
SC0927,경로당,이동택지부녀경로당,진해구,이동,이동,4812959000,경상남도 창원시 진해구 충장로442번길 22-10,경남 창원시 진해구 충장로442번길 22-10,,35.1501352807895,128.695300321995,kakao,point,이동
SC0928,경로당,남흥아파트경로당,진해구,이동,이동,4812959000,경상남도 창원시 진해구 해원로 5,경남 창원시 진해구 해원로 5,,35.1539658497614,128.694366746751,kakao,point,이동
SC0929,경로당,석동주공아파트경로당,진해구,이동,석동,4812959000,경상남도 창원시 진해구 냉천로 52,경남 창원시 진해구 냉천로 52,,35.1493307510503,128.703382328944,kakao,point,이동
SC0930,경로당,관사경로당,진해구,자은동,자은동,4812960000,경상남도 창원시 진해구 덕산로61번길19(자은동) 2층,경남 창원시 진해구 덕산로61번길 19,,35.1475377939802,128.706204145725,kakao,point,자은동
SC0931,경로당,관사부녀경로당,진해구,자은동,자은동,4812960000,경상남도 창원시 진해구 덕산로61번길19(자은동) 1층,경남 창원시 진해구 덕산로61번길 19,,35.1475377939802,128.706204145725,kakao,point,자은동
SC0932,경로당,하구경로당,진해구,자은동,자은동,4812960000,경상남도 창원시 진해구 자은로78번길4(자은동) 1층,경남 창원시 진해구 자은로78번길 4,,35.1520296541691,128.709549018498,kakao,point,자은동
SC0933,경로당,하구부녀경로당,진해구,자은동,자은동,4812960000,경상남도 창원시 진해구 자은로78번길4(자은동) 1층,경남 창원시 진해구 자은로78번길 4,,35.1520296541691,128.709549018498,kakao,point,자은동
SC0934,경로당,냉천경로당,진해구,석동,석동,4812958000,경상남도 창원시 진해구 냉천로129번길17(자은동) 1층,경남 창원시 진해구 냉천로129번길 17,,35.1556419894494,128.709717988715,kakao,point,자은동
SC0935,경로당,냉천부녀경로당,진해구,석동,석동,4812958000,경상남도 창원시 진해구 냉천로129번길17(자은동) 1층,경남 창원시 진해구 냉천로129번길 17,,35.1556419894494,128.709717988715,kakao,point,자은동
SC0936,경로당,벚꽃마을아파트경로당,진해구,자은동,자은동,4812960000,"경상남도 창원시 진해구 진해대로921번길10(자은동,벚꽃마을아파트)",경남 창원시 진해구 진해대로921번길 10,,35.1463493290151,128.70965084018,kakao,point,자은동
SC0937,경로당,벚꽃마을아파트부녀경로당,진해구,자은동,자은동,4812960000,"경상남도 창원시 진해구 진해대로921번길10(자은동,벚꽃마을아파트)",경남 창원시 진해구 진해대로921번길 10,,35.1463493290151,128.70965084018,kakao,point,자은동
SC0938,경로당,성원아파트경로당,진해구,자은동,자은동,4812960000,"경상남도 창원시 진해구 냉천로108번길6(자은동,성원아파트)",경남 창원시 진해구 냉천로108번길 6,,35.1532129503151,128.707601131816,kakao,point,자은동
SC0939,경로당,대동빌라트경로당,진해구,자은동,자은동,4812960000,"경상남도 창원시 진해구 냉천로88(자은동,대동빌라트아파트)",경남 창원시 진해구 냉천로 88,,35.1513444444056,128.707907729312,kakao,point,자은동
SC0940,경로당,삼성아파트경로당,진해구,자은동,자은동,4812960000,"경상남도 창원시 진해구 자은로64번길40(자은동,삼성아파트)",경남 창원시 진해구 자은로64번길 40,,35.1478771882989,128.708187039905,kakao,point,자은동
SC0941,경로당,월드메르디앙아파트경로당,진해구,자은동,자은동,4812960000,"경상남도 창원시 진해구 자은로64번가길26(자은동,월드메르디앙아파트)",경남 창원시 진해구 자은로64번가길 26,,35.151377527243,128.711151135531,kakao,point,자은동
SC0942,경로당,자은프라임아파트경로당,진해구,자은동,자은동,4812960000,"경상남도 창원시 진해구 냉천로 257(자은동,엘에이치자은프라임)",경남 창원시 진해구 냉천로 257,,35.1523028750199,128.719274312333,kakao,point,자은동
SC0943,경로당,자은프라임아파트부녀경로당,진해구,자은동,자은동,4812960000,"경상남도 창원시 진해구 냉천로 257(자은동,엘에이치자은프라임)",경남 창원시 진해구 냉천로 257,,35.1523028750199,128.719274312333,kakao,point,자은동
SC0944,경로당,천년나무아파트경로당,진해구,자은동,자은동,4812960000,"경상남도 창원시 진해구 냉천로 192(자은동,천년나무아파트)",경남 창원시 진해구 냉천로 192,,35.1558062247932,128.715108646567,kakao,point,자은동
SC0945,경로당,에일린의뜰아파트경로당,진해구,자은동,자은동,4812960000,"경상남도 창원시 진해구 냉천로 235(자은동,창원자은에일린의뜰)",경남 창원시 진해구 냉천로 235,,35.1549258896153,128.72144396701,kakao,point,자은동
SC0946,경로당,센트럴빌리지아파트경로당,진해구,자은동,자은동,4812960000,"경상남도 창원시 진해구 냉천로 189(자은동,센트럴빌리지)",경남 창원시 진해구 냉천로 189,,35.1568403727538,128.716966465809,kakao,point,자은동
SC0947,경로당,자은중흥S클래스경로당,진해구,자은동,자은동,4812960000,"경상남도 창원시 진해구 냉천로 262(자은동,자은중흥S클래스)",경남 창원시 진해구 냉천로 262,,35.153955027922,128.717073828897,kakao,point,자은동
SC0948,경로당,덕산동경로당,진해구,덕산동,풍호동,4812961000,경상남도 창원시 진해구 덕산로36번길 19(풍호동),경남 창원시 진해구 덕산로36번길 19,,35.144048830714,128.703928034937,kakao,point,덕산동
SC0949,경로당,자은동본동경로당,진해구,덕산동,자은동,4812961000,경상남도 창원시 진해구 진해대로979번길 6-1(자은동),경남 창원시 진해구 진해대로979번길 6-1,,35.1415096819531,128.707936786832,kakao,point,덕산동
SC0950,경로당,자은동본동부녀경로당,진해구,덕산동,자은동,4812961000,경상남도 창원시 진해구 진해대로979번길 6-1(자은동),경남 창원시 진해구 진해대로979번길 6-1,,35.1415096819531,128.707936786832,kakao,point,덕산동
SC0951,경로당,풍호주공아파트경로당,진해구,덕산동,풍호동,4812961000,"경상남도 창원시 진해구 동진로 166(풍호동, 주공아파트)",경남 창원시 진해구 동진로 166,,35.1415691503581,128.703059616729,kakao,point,덕산동
SC0952,경로당,경동윈츠빌경로당,진해구,덕산동,풍호동,4812961000,"경상남도 창원시 진해구 풍호로3번길 14(풍호동, 경동윈츠빌아파트)",경남 창원시 진해구 풍호로3번길 14,,35.1409388679932,128.702441515336,kakao,point,덕산동
SC0953,경로당,자은동포스코아파트경로당,진해구,덕산동,자은동,4812961000,"경상남도 창원시 진해구 진해대로 975번길 26(자은동, 더샵아파트)",경남 창원시 진해구 진해대로975번길 26,,35.1422832256149,128.709475162388,kakao,point,덕산동
SC0954,경로당,자은주공3단지아파트경로당,진해구,덕산동,자은동,4812961000,"경상남도 창원시 진해구 진해대로975번길 23(자은동, 자은3주공아파트)",경남 창원시 진해구 진해대로975번길 23,,35.1440333583593,128.70959987084,kakao,point,덕산동
SC0955,경로당,협성DS아이존빌경로당,진해구,덕산동,자은동,4812961000,"경상남도 창원시 진해구 풍호로35번길 11, 105동",경남 창원시 진해구 풍호로35번길 11,,35.1409958444106,128.704363048534,kakao,point,덕산동
SC0956,경로당,풍호동경로당,진해구,풍호동,풍호동,4812962000,경상남도 창원시 진해구 진해대로 1034번길 9(풍호동),경남 창원시 진해구 진해대로1034번길 9,,35.1367787422534,128.707223573944,kakao,point,풍호동
SC0957,경로당,풍호동부녀경로당,진해구,풍호동,풍호동,4812962000,경상남도 창원시 진해구 진해대로 1034번길 9(풍호동),경남 창원시 진해구 진해대로1034번길 9,,35.1367787422534,128.707223573944,kakao,point,풍호동
SC0958,경로당,시영아파트경로당,진해구,풍호동,풍호동,4812962000,"경상남도 창원시 진해구 진해대로 1041번길 35(풍호동,시영아파트)",경남 창원시 진해구 진해대로1041번길 35,,35.1373778599279,128.712206071221,kakao,point,풍호동
SC0959,경로당,풍호우성아파트경로당,진해구,풍호동,풍호동,4812962000,경상남도 창원시 진해구 충장로 575-1(풍호동),경남 창원시 진해구 충장로 575-1,,35.137734867206,128.703002776552,kakao,point,풍호동
SC0960,경로당,풍호우성아파트부녀경로당,진해구,풍호동,풍호동,4812962000,경상남도 창원시 진해구 충장로 575-1(풍호동),경남 창원시 진해구 충장로 575-1,,35.137734867206,128.703002776552,kakao,point,풍호동
SC0961,경로당,장천동경로당,진해구,풍호동,장천동,4812962000,경상남도 창원시 진해구 충장로 671번길 9(장천동),경남 창원시 진해구 충장로671번길 9,,35.1299064805917,128.704800736857,kakao,point,풍호동
SC0962,경로당,장천동부녀경로당,진해구,풍호동,장천동,4812962000,경상남도 창원시 진해구 충장로 671번길 9(장천동),경남 창원시 진해구 충장로671번길 9,,35.1299064805917,128.704800736857,kakao,point,풍호동
SC0963,경로당,장천동서부경로당,진해구,풍호동,장천동,4812962000,경상남도 창원시 진해구 행암로 92번길 7(장천동),경남 창원시 진해구 행암로92번길 7,,35.1277995867639,128.699893703222,kakao,point,풍호동
SC0964,경로당,장천서부부녀경로당,진해구,풍호동,장천동,4812962000,경상남도 창원시 진해구 행암로 92번길 7(장천동),경남 창원시 진해구 행암로92번길 7,,35.1277995867639,128.699893703222,kakao,point,풍호동
SC0965,경로당,행암동경로당,진해구,풍호동,행암동,4812962000,경상남도 창원시 진해구 행암로 223(행암동),경남 창원시 진해구 행암로 223,,35.1155820971319,128.700925187099,kakao,point,풍호동
SC0966,경로당,행암동부녀경로당,진해구,풍호동,행암동,4812962000,경상남도 창원시 진해구 행암로 223(행암동),경남 창원시 진해구 행암로 223,,35.1155820971319,128.700925187099,kakao,point,풍호동
SC0967,경로당,아이존빌아파트경로당,진해구,풍호동,풍호동,4812962000,"경상남도 창원시 진해구 풍호로 42번길 15(풍호동, DS아이존빌)",경남 창원시 진해구 풍호로42번길 15,,35.1396484443989,128.706179677268,kakao,point,풍호동
SC0968,경로당,상리마을경로당,진해구,풍호동,장천동,4812962000,경상남도 창원시 진해구 진해대로 1162번길 7(장천동),경남 창원시 진해구 진해대로1162번길 7,,35.1253914061199,128.711392813406,kakao,point,풍호동
SC0969,경로당,평화마을아파트경로당,진해구,풍호동,풍호동,4812962000,"경상남도 창원시 진해구 충장로 603번길 10(풍호동, 평화마을아파트)",경남 창원시 진해구 충장로603번길 10,,35.1353737438461,128.703393631947,kakao,point,풍호동
SC0970,경로당,한림리츠빌아파트경로당,진해구,풍호동,풍호동,4812962000,"경상남도 창원시 진해구 풍호로 68(풍호동, 한림리츠빌)",경남 창원시 진해구 풍호로 68,,35.1386607217267,128.709502537345,kakao,point,풍호동
SC0971,경로당,장천대동다숲경로당,진해구,풍호동,장천동,4812962000,"경상남도 창원시 진해구 행암로 25(장천동, 대동다숲아파트)",경남 창원시 진해구 행암로 25,,35.1292307376018,128.704756043594,kakao,point,풍호동
SC0972,경로당,장천대동다숲부녀경로당,진해구,풍호동,장천동,4812962000,"경상남도 창원시 진해구 행암로 25(장천동, 대동다숲아파트)",경남 창원시 진해구 행암로 25,,35.1292307376018,128.704756043594,kakao,point,풍호동
SC0973,경로당,벽산e-솔렌스힐아파트경로당,진해구,풍호동,장천동,4812962000,경상남도 창원시 진해구 진해대로1099번길 10,경남 창원시 진해구 진해대로1099번길 10,,35.1302563639384,128.709781206229,kakao,point,풍호동
SC0974,경로당,창원마린푸르지오1단지경로당,진해구,풍호동,풍호동,4812962000,"경상남도 창원시 진해구 천자로386(풍호동, 창원마린푸르지오1단지)",경남 창원시 진해구 천자로 386,,35.1344357190043,128.704574607152,kakao,point,풍호동
SC0975,경로당,한신휴플러스오션파크아파트경로당,진해구,풍호동,장천동,4812962000,"경상남도 창원시 진해구 행암로5(장천동, 한신휴플러스오션파트아파트경로당)",경남 창원시 진해구 행암로 5,,35.1296308710768,128.708320967188,kakao,point,풍호동
SC0976,경로당,관정경로당,진해구,웅천동,북부동,4812963000,경상남도 창원시 진해구 웅천북로39번길 12-14(북부동),경남 창원시 진해구 웅천북로39번길 12-14,,35.1176119484314,128.747554785657,kakao,point,웅천동
SC0977,경로당,괴정경로당,진해구,웅천동,제덕동,4812963000,경상남도 창원시 진해구 명제로472번길 30(제덕동),경남 창원시 진해구 명제로472번길 30,,35.100121518732,128.743932675984,kakao,point,웅천동
SC0978,경로당,괴정부녀경로당,진해구,웅천동,제덕동,4812963000,경상남도 창원시 진해구 명제로472번길 30(제덕동),경남 창원시 진해구 명제로472번길 30,,35.100121518732,128.743932675984,kakao,point,웅천동
SC0979,경로당,남문경로당,진해구,웅천동,남문동,4812963000,경상남도 창원시 진해구 웅천중로40번길 3-2(남문동),경남 창원시 진해구 웅천중로40번길 3-2,,35.1095305973925,128.750233235035,kakao,point,웅천동
SC0980,경로당,남문부녀경로당,진해구,웅천동,남문동,4812963000,경상남도 창원시 진해구 웅천중로40번길 3-2(남문동),경남 창원시 진해구 웅천중로40번길 3-2,,35.1095305973925,128.750233235035,kakao,point,웅천동
SC0981,경로당,명동경로당,진해구,웅천동,명동,4812963000,경상남도 창원시 진해구 명동로 29(명동),경남 창원시 진해구 명동로 29,,35.0963573963433,128.716879379195,kakao,point,웅천동
SC0982,경로당,백일경로당,진해구,웅천동,북부동,4812963000,경상남도 창원시 진해구 웅천북로 190(북부동),경남 창원시 진해구 웅천북로 190,,35.1228181812827,128.73597742912,kakao,point,웅천동
SC0983,경로당,북부경로당,진해구,웅천동,북부동,4812963000,경상남도 창원시 진해구 웅천로159번길 10-17(북부동),경남 창원시 진해구 웅천로159번길 10-17,,35.1143589550454,128.748512665289,kakao,point,웅천동
SC0984,경로당,북부부녀경로당,진해구,웅천동,북부동,4812963000,경상남도 창원시 진해구 웅천로159번길 10-17(북부동),경남 창원시 진해구 웅천로159번길 10-17,,35.1143589550454,128.748512665289,kakao,point,웅천동
SC0985,경로당,삼포경로당,진해구,웅천동,명동,4812963000,경상남도 창원시 진해구 명제로324번길 25-5(명동),경남 창원시 진해구 명제로324번길 25-5,,35.0949440718937,128.730165577288,kakao,point,웅천동
SC0986,경로당,서중동경로당,진해구,웅천동,서중동,4812963000,경상남도 창원시 진해구 웅천중로65번길 17-1(서중동),경남 창원시 진해구 웅천중로65번길 17-1,,35.1114982778161,128.748026328588,kakao,point,웅천동
SC0987,경로당,서중동부녀경로당,진해구,웅천동,서중동,4812963000,경상남도 창원시 진해구 웅천중로65번길 17-1(서중동),경남 창원시 진해구 웅천중로65번길 17-1,,35.1114982778161,128.748026328588,kakao,point,웅천동
SC0988,경로당,성내경로당,진해구,웅천동,성내동,4812963000,경상남도 창원시 진해구 웅천중로56번길 15(성내동),경남 창원시 진해구 웅천중로56번길 15,,35.111527643541,128.750156621591,kakao,point,웅천동
SC0989,경로당,성내부녀경로당,진해구,웅천동,성내동,4812963000,경상남도 창원시 진해구 웅천중로56번길 15(성내동),경남 창원시 진해구 웅천중로56번길 15,,35.111527643541,128.750156621591,kakao,point,웅천동
SC0990,경로당,수도경로당,진해구,웅천동,수도동,4812963000,경상남도 창원시 진해구 수도로 18(수도동),경남 창원시 진해구 수도로 18,,35.0849949967854,128.744901239528,kakao,point,웅천동
SC0991,경로당,시티프라디움1차 아파트경로당,진해구,웅천동,남문동,4812963000,"경상남도 창원시 진해구 웅천동로 16(남문동, 남문1차시티프라디움)",경남 창원시 진해구 웅천동로 16,,35.1070912166273,128.754648645509,kakao,point,웅천동
SC0992,경로당,시티프라디움2차 아파트경로당,진해구,웅천동,남문동,4812963000,"경상남도 창원시 진해구 웅천동로 100(남문동, 남문시티프라디움2차)",경남 창원시 진해구 웅천동로 100,,35.104397616163,128.751154542871,kakao,point,웅천동
SC0993,경로당,신명경로당,진해구,웅천동,명동,4812963000,경상남도 창원시 진해구 명동로83번길 8(명동),경남 창원시 진해구 명동로83번길 8,,35.0964199817259,128.720626511906,kakao,point,웅천동
SC0994,경로당,어은경로당,진해구,웅천동,죽곡동,4812963000,경상남도 창원시 진해구 어은로35번길 7(죽곡동),경남 창원시 진해구 어은로35번길 7,,35.1151780351623,128.728677773058,kakao,point,웅천동
SC0995,경로당,와성경로당,진해구,웅천동,남문동,4812963000,경상남도 창원시 진해구 웅천동로 49번길 98(남문동),경남 창원시 진해구 웅천동로49번길 98,,35.1009079874254,128.76396356464,kakao,point,웅천동
SC0996,경로당,제덕경로당,진해구,웅천동,제덕동,4812963000,경상남도 창원시 진해구 제덕로234번길 11-3(제덕동),경남 창원시 진해구 제덕로234번길 11-3,,35.1049401857801,128.742360297335,kakao,point,웅천동
SC0997,경로당,죽곡경로당,진해구,웅천동,죽곡동,4812963000,"경상남도 창원시 진해구 명제로 107번길 19, 102(죽곡동, 케이그린빌아파트)",경남 창원시 진해구 명제로107번길 19,,35.104593914331,128.718514083643,kakao,point,웅천동
SC0998,경로당,진해남문호반베르디움아파트경로당,진해구,웅천동,남문동,4812963000,"경상남도 창원시 진해구 웅천동로43번길 19(남문동, 남문호반베르디움)",경남 창원시 진해구 웅천동로43번길 19,,35.1041732778227,128.757084257176,kakao,point,웅천동
SC0999,경로당,리젠시빌란트경로당,진해구,웅천동,남문동,4812963000,"경상남도 창원시 진해구 웅천동로1번길 18(남문동, 리젠시빌란트)",경남 창원시 진해구 웅천동로1번길 18,,35.1057426602422,128.75840214674,kakao,point,웅천동
SC1000,경로당,마천경로당,진해구,웅동1동,마천동,4812964000,경상남도 창원시 진해구 웅동로51번길 16(마천동),경남 창원시 진해구 웅동로51번길 16,,35.1262025944133,128.781859365501,kakao,point,웅동1동
SC1001,경로당,마천부녀경로당,진해구,웅동1동,마천동,4812964000,경상남도 창원시 진해구 웅동로51번길 16(마천동),경남 창원시 진해구 웅동로51번길 16,,35.1262025944133,128.781859365501,kakao,point,웅동1동
SC1002,경로당,남명플럼빌리지경로당,진해구,웅동1동,마천동,4812964000,"경상남도 창원시 진해구 웅동로 70(마천동, 남명플럼빌리지)",경남 창원시 진해구 웅동로 70,,35.1249384262351,128.783117415769,kakao,point,웅동1동
SC1003,경로당,소사경로당,진해구,웅동1동,소사동,4812964000,경상남도 창원시 진해구 소사로43번길 6(소사동),경남 창원시 진해구 소사로43번길 6,,35.1282823563562,128.777525916899,kakao,point,웅동1동
SC1004,경로당,월남경로당,진해구,웅동1동,남양동,4812964000,경상남도 창원시 진해구 월남로104번길 12(남양동),경남 창원시 진해구 월남로104번길 12,,35.1181629354804,128.776205347829,kakao,point,웅동1동
SC1005,경로당,영길경로당,진해구,웅동1동,남양동,4812964000,경상남도 창원시 진해구 남영로 500(남양동),경남 창원시 진해구 남영로 500,,35.114620963794,128.781853335229,kakao,point,웅동1동
SC1006,경로당,영길부녀경로당,진해구,웅동1동,남양동,4812964000,경상남도 창원시 진해구 남영로 500(남양동),경남 창원시 진해구 남영로 500,,35.114620963794,128.781853335229,kakao,point,웅동1동
SC1007,경로당,금곡경로당,진해구,웅동1동,마천동,4812964000,경상남도 창원시 진해구 마천로 18번안길 15-1(마천동),경남 창원시 진해구 마천로18번안길 15-1,,35.1253681572793,128.786003475261,kakao,point,웅동1동
SC1008,경로당,금곡부녀경로당,진해구,웅동1동,마천동,4812964000,경상남도 창원시 진해구 마천로 18번안길 15-1(마천동),경남 창원시 진해구 마천로18번안길 15-1,,35.1253681572793,128.786003475261,kakao,point,웅동1동
SC1009,경로당,청안해오름프리존빌경로당,진해구,웅동1동,두동,4812964000,"경상남도 창원시 진해구 웅동로 150(두동, 청안해오름아파트)",경남 창원시 진해구 웅동로 150,,35.1200981327355,128.790686053214,kakao,point,웅동1동
SC1010,경로당,의곡경로당,진해구,웅동1동,두동,4812964000,경상남도 창원시 진해구 웅동로 194(두동),경남 창원시 진해구 웅동로 194,,35.1171765937392,128.791964826487,kakao,point,웅동1동
SC1011,경로당,내곡경로당,진해구,웅동1동,마천동,4812964000,경상남도 창원시 진해구 웅동로121번길 12(마천동),경남 창원시 진해구 웅동로121번길 12,,35.1231349028297,128.78965278589,kakao,point,웅동1동
SC1012,경로당,대장동경로당,진해구,웅동1동,대장동,4812964000,경상남도 창원시 진해구 대장로 192(대장동),경남 창원시 진해구 대장로 192,,35.1409500420236,128.778218696178,kakao,point,웅동1동
SC1013,경로당,대장동부녀경로당,진해구,웅동1동,대장동,4812964000,경상남도 창원시 진해구 대장로 192(대장동),경남 창원시 진해구 대장로 192,,35.1409500420236,128.778218696178,kakao,point,웅동1동
SC1014,경로당,(사)대한노인회 진해지회 부암경로당,진해구,웅동1동,마천동,4812964000,경상남도 창원시 진해구 마천로103번길 8(마천동),경남 창원시 진해구 마천로103번길 8,,35.1337778771219,128.783799121716,kakao,point,웅동1동
SC1015,경로당,경남아너스빌경로당,진해구,웅동1동,마천동,4812964000,"경상남도 창원시 진해구 마천로 50(마천동, 경남아너스빌)",경남 창원시 진해구 마천로 50,,35.1293845297073,128.783928602368,kakao,point,웅동1동
SC1016,경로당,우방아이유쉘경로당,진해구,웅동1동,남양동,4812964000,경상남도 창원시 진해구 월남로144(남양동),경남 창원시 진해구 월남로 144,,35.1200516462816,128.779765840786,kakao,point,웅동1동
SC1017,경로당,주포경로당,진해구,웅동2동,가주동,4812965000,경상남도 창원시 진해구 가주로 162(가주동),경남 창원시 진해구 가주로 162,,35.1176120502904,128.836330836549,kakao,point,웅동2동
SC1018,경로당,가동경로당,진해구,웅동2동,가주동,4812965000,경상남도 창원시 진해구 가주로 71(가주동),경남 창원시 진해구 가주로 71,,35.1119038828833,128.838417364158,kakao,point,웅동2동
SC1019,경로당,용원남자경로당,진해구,웅동2동,용원동,4812965000,경상남도 창원시 진해구 용원남로17번길 17(용원동),경남 창원시 진해구 용원남로17번길 17,,35.0951812677603,128.818261594175,kakao,point,웅동2동
SC1020,경로당,용원여자경로당,진해구,웅동2동,용원동,4812965000,경상남도 창원시 진해구 용원남로17번길 17(용원동),경남 창원시 진해구 용원남로17번길 17,,35.0951812677603,128.818261594175,kakao,point,웅동2동
SC1021,경로당,안골남자경로당,진해구,웅동2동,안골동,4812965000,경상남도 창원시 진해구 안골로220번길 36(안골동),경남 창원시 진해구 안골로220번길 36,,35.0926548383249,128.797454657998,kakao,point,웅동2동
SC1022,경로당,안골여자경로당,진해구,웅동2동,안골동,4812965000,경상남도 창원시 진해구 안골로220번길 36(안골동),경남 창원시 진해구 안골로220번길 36,,35.0926548383249,128.797454657998,kakao,point,웅동2동
SC1023,경로당,청천경로당,진해구,웅동2동,청안동,4812965000,경상남도 창원시 진해구 청안로233번길 5(청안동),경남 창원시 진해구 청안로233번길 5,,35.1008960582166,128.800937004203,kakao,point,웅동2동
SC1024,경로당,안성경로당,진해구,웅동2동,청안동,4812965000,경상남도 창원시 진해구 청안로170번길 40-6(청안동),경남 창원시 진해구 청안로170번길 40-6,,35.1029735396129,128.79167018019,kakao,point,웅동2동
SC1025,경로당,신안골경로당,진해구,웅동2동,안골동,4812965000,경상남도 창원시 진해구 안청남로22번길 9-10 (안골동),경남 창원시 진해구 안청남로22번길 9-10,,35.1002511751619,128.805623552398,kakao,point,웅동2동
SC1026,경로당,이지더원A경로당,진해구,웅동2동,용원동,4812965000,"경상남도 창원시 진해구 신항동로 143(용원동, 이지더원아파트 1단지)",경남 창원시 진해구 신항동로 143,,35.0884070696793,128.811498208724,kakao,point,웅동2동
SC1027,경로당,신항부영13단지A경로당,진해구,웅동2동,용원동,4812965000,"경상남도 창원시 진해구 신항4로 75(용원동, 신항부영13단지)",경남 창원시 진해구 신항4로 75,,35.0902903502679,128.816141229598,kakao,point,웅동2동
SC1028,경로당,용원현대A경로당,진해구,웅동2동,용원동,4812965000,"경상남도 창원시 진해구 안청북로 42, (용원동, 녹산현대아파트)",경남 창원시 진해구 안청북로 42,,35.1046953181316,128.808767735968,kakao,point,웅동2동
SC1029,경로당,풍림A남자경로당,진해구,웅동2동,청안동,4812965000,"경상남도 창원시 진해구 안청북로 39, (청안동, 풍림아파트)",경남 창원시 진해구 안청북로 39,,35.1060041350786,128.806883861746,kakao,point,웅동2동
SC1030,경로당,풍림A여자경로당,진해구,웅동2동,청안동,4812965000,"경상남도 창원시 진해구 안청북로 39, (청안동, 풍림아파트)",경남 창원시 진해구 안청북로 39,,35.1060041350786,128.806883861746,kakao,point,웅동2동
SC1031,경로당,부영1차A남자경로당,진해구,웅동2동,청안동,4812965000,"경상남도 창원시 진해구 안청남로 13, (청안동, 부영1차아파트)",경남 창원시 진해구 안청남로 13,,35.1013899021377,128.805814365895,kakao,point,웅동2동
SC1032,경로당,부영1차A여자경로당,진해구,웅동2동,청안동,4812965000,"경상남도 창원시 진해구 안청남로 13, (청안동, 부영1차아파트)",경남 창원시 진해구 안청남로 13,,35.1013899021377,128.805814365895,kakao,point,웅동2동
SC1033,경로당,부영2차A남자경로당,진해구,웅동2동,청안동,4812965000,"경상남도 창원시 진해구 안청북로 12, (청안동, 부영2차아파트)",경남 창원시 진해구 안청북로 12,,35.1033813292468,128.803689278724,kakao,point,웅동2동
SC1034,경로당,부영2차A여자경로당,진해구,웅동2동,청안동,4812965000,"경상남도 창원시 진해구 안청북로 12, (청안동, 부영2차아파트)",경남 창원시 진해구 안청북로 12,,35.1033813292468,128.803689278724,kakao,point,웅동2동
SC1035,경로당,부영3차A남자경로당,진해구,웅동2동,청안동,4812965000,"경상남도 창원시 진해구 안청북로 15,(청안동, 부영3차아파트)",경남 창원시 진해구 안청북로 15,,35.1044105957976,128.80536065058,kakao,point,웅동2동
SC1036,경로당,부영3차A여자경로당,진해구,웅동2동,청안동,4812965000,"경상남도 창원시 진해구 안청북로 15, (청안동, 부영3차아파트)",경남 창원시 진해구 안청북로 15,,35.1044105957976,128.80536065058,kakao,point,웅동2동
SC1037,경로당,해인로즈빌A남자경로당,진해구,웅동2동,청안동,4812965000,"경상남도 창원시 진해구 안청로 126, (청안동, 해인로즈빌아파트)",경남 창원시 진해구 안청로 126,,35.1074137350992,128.80601252301,kakao,point,웅동2동
SC1038,경로당,해인로즈빌A여자경로당,진해구,웅동2동,청안동,4812965000,"경상남도 창원시 진해구 안청로 126, (청안동, 해인로즈빌아파트)",경남 창원시 진해구 안청로 126,,35.1074137350992,128.80601252301,kakao,point,웅동2동
SC1039,경로당,일신님A남자경로당,진해구,웅동2동,용원동,4812965000,"경상남도 창원시 진해구 안골로 359, (용원동, 일신님아파트)",경남 창원시 진해구 안골로 359,,35.1034920124458,128.809184621804,kakao,point,웅동2동
SC1040,경로당,일신님여자경로당,진해구,웅동2동,용원동,4812965000,"경상남도 창원시 진해구 안골로 359, (용원동, 일신님아파트)",경남 창원시 진해구 안골로 359,,35.1034920124458,128.809184621804,kakao,point,웅동2동
SC1041,경로당,코아루A경로당,진해구,웅동2동,용원동,4812965000,"경상남도 창원시 진해구 안골로 339, (용원동, 코아루아파트)",경남 창원시 진해구 안골로 339,,35.1017840781765,128.808541327813,kakao,point,웅동2동
SC1042,경로당,신항8단지부영A경로당,진해구,웅동2동,용원동,4812965000,경상남도 창원시 진해구 신항동로 136,경남 창원시 진해구 신항동로 136,,35.0899472255603,128.811692686232,kakao,point,웅동2동
CH0001,지역아동센터,덕산지역아동센터,의창구,동읍,동읍 용잠리,4812125000,경상남도 창원시 의창구 동읍 용잠로 40,경남 창원시 의창구 동읍 용잠로 40,,35.279424162655,128.688321037012,kakao,point,동읍
CH0002,지역아동센터,영은지역아동센터,의창구,동읍,동읍 용정리,4812125000,경상남도 창원시 의창구 동읍 자여로115번길 7,경남 창원시 의창구 동읍 자여로115번길 7,,35.2744169350262,128.704660612446,kakao,point,동읍
CH0003,지역아동센터,사랑샘지역아동센터,의창구,북면,북면 화천리,4812131000,"경상남도 창원시 의창구 북면 천주로 577번길 2-7, 3층",경남 창원시 의창구 북면 천주로577번길 2-7,,35.3079387531437,128.600058757323,kakao,point,북면
CH0004,지역아동센터,창원행복한지역아동센터,의창구,북면,북면 신촌리,4812131000,"경상남도 창원시 의창구 북면 신촌본포로 12, 202호(춘광상가빌라)",경남 창원시 의창구 북면 신촌본포로 12,,35.34729629398,128.608981837897,kakao,point,북면
CH0005,지역아동센터,하나지역아동센터,의창구,대산면,대산면 가술리,4812132000,"경상남도 창원시 의창구 대산면 가술산단로 28, 3동 201호",경남 창원시 의창구 대산면 가술산단로 28,,35.3314223934794,128.70584699528,kakao,point,대산면
CH0006,지역아동센터,굳뉴스지역아동센터,의창구,의창동,소답동,4812151000,"경상남도 창원시 의창구 읍성로 65, 402,403호(소답동)",경남 창원시 의창구 읍성로 65,,35.265148101175,128.625123182022,kakao,point,소답동
CH0007,지역아동센터,메아리지역아동센터,의창구,의창동,소답동,4812151000,"경상남도 창원시 의창구 의안로66번길 39, 202호(소답동,형제상가)",경남 창원시 의창구 의안로66번길 39,,35.2675905834228,128.62822002178,kakao,point,소답동
CH0008,지역아동센터,여수룬지역아동센터,의창구,의창동,서상동,4812151000,경상남도 창원시 의창구 서상로 54(서상동) 2층,경남 창원시 의창구 서상로 54,,35.2637718059872,128.618585721311,kakao,point,서상동
CH0009,지역아동센터,은하수지역아동센터,의창구,의창동,소계동,4812151000,"경상남도 창원시 의창구 소계로 94번길 6, 201호(일신시티아트)",경남 창원시 의창구 소계로94번길 6,,35.2577526711655,128.599330735318,kakao,point,
CH0010,지역아동센터,해솔지역아동센터,의창구,의창동,소계동,4812151000,"경상남도 창원시 의창구 소계로 131-7, 2층",경남 창원시 의창구 소계로 131-7,,35.2598999805423,128.59618835387,kakao,point,
CH0011,지역아동센터,새의창지역아동센터,의창구,팔룡동,팔용동,4812152000,"경상남도 창원시 의창구 팔용로 442, 301호(팔용동, KB빌딩)",경남 창원시 의창구 팔용로 442,,35.2557069677983,128.613847541079,kakao,point,팔용동
CH0012,지역아동센터,팔용지역아동센터,의창구,팔룡동,팔용동,4812152000,"경상남도 창원시 의창구 팔용로448, 405호(팔용동,극동아파트상가)",경남 창원시 의창구 팔용로 448,,35.2560479816235,128.614098218102,kakao,point,팔용동
CH0013,지역아동센터,에디슨지역아동센터,의창구,명곡동,도계동,4812153000,"경상남도 창원시 의창구 하남천서길15번길 6, 101호(도계동,백합빌라)",경남 창원시 의창구 하남천서길15번길 6,,35.260640101209,128.638877542849,kakao,point,도계동
CH0014,지역아동센터,해피타임지역아동센터,의창구,명곡동,도계동,4812153000,경상남도 창원시 의창구 태복산로3번길5(도계동),경남 창원시 의창구 태복산로3번길 5,,35.252727140256,128.638635710955,kakao,point,도계동
CH0015,지역아동센터,두레지역아동센터,의창구,봉림동,봉곡동,4812154000,"경상남도 창원시 의창구 사림로45번길 1, 2층(봉곡동)",경남 창원시 의창구 사림로45번길 1,,35.2475619103781,128.677498759919,kakao,point,봉곡동
CH0016,지역아동센터,다온지역아동센터,의창구,봉림동,봉곡동,4812154000,"경상남도 창원시 의창구 지귀로95번길 9, 302호",경남 창원시 의창구 지귀로95번길 9,,35.2476672750674,128.657481866995,kakao,point,
CH0017,지역아동센터,무동지역아동센터,의창구,북면,북면 무동리,4812131000,경상남도 창원시 의창구 북면 무동리 147-2 무동빌딩 제2층 204호,경남 창원시 의창구 북면 무동리 147-2,,35.3166150788285,128.585261053106,kakao,point,북면
CH0018,지역아동센터,창원좋은이웃지역아동센터,성산구,반송동,반지동,4812351000,"경상남도 창원시 성산구 반송로 53, 1층",경남 창원시 성산구 반송로 53,,35.2409272994502,128.662915430982,kakao,point,
CH0019,지역아동센터,상남지역아동센터,성산구,상남동,상남동,4812353000,경상남도 창원시 성산구 동산로 72번길16. 204호,경남 창원시 성산구 동산로72번길 16,,35.2148115128033,128.688647562435,kakao,point,
CH0020,지역아동센터,늘푸른지역아동센터,성산구,사파동,사파동,4812354000,경상남도 창원시 성산구 동산로 192,경남 창원시 성산구 동산로 192,,35.2241758142505,128.695518109093,kakao,point,
CH0021,지역아동센터,민들레지역아동센터,성산구,사파동,대방동,4812354000,경상남도 창원시 대암로 115번길 6-16 1층,경남 창원시 성산구 대암로115번길 6-16,,35.2148989949681,128.709629167688,kakao,point,
CH0022,지역아동센터,사파보듬지역아동센터,성산구,사파동,사파동,4812354000,"경상남도 창원시 성산구 창이대로 689번길 19-14, 1층",경남 창원시 성산구 창이대로689번길 19-14,,35.2247230180775,128.702055039914,kakao,point,
CH0023,지역아동센터,상남꿈자람지역아동센터,성산구,사파동,사파동,4812354000,경상남도 창원시 성산구 신사로 173. 2층,경남 창원시 성산구 신사로 173,,35.2189144665743,128.701204856913,kakao,point,
CH0024,지역아동센터,샛별지역아동센터,성산구,가음정동,가음동,4812355000,경상남도 창원시 성산구 가음로 92번길 6,경남 창원시 성산구 가음로92번길 6,,35.2051283581192,128.702628027958,kakao,point,
CH0025,지역아동센터,성주지역아동센터,성산구,성주동,안민동,4812356000,경상남도 창원시 성산구 안민안길 47 3층,경남 창원시 성산구 안민안길 47,,35.1883475244037,128.693634681481,kakao,point,
CH0026,지역아동센터,LH행복꿈터 현동지역아동센터,마산합포구,현동,우산동,4812551000,"경상남도 창원시 마산합포구 현동3길 1, 107동 1층 (우산동, LH아파트)",경남 창원시 마산합포구 현동3길 1,,35.1524849386005,128.554094106993,kakao,point,우산동
CH0027,지역아동센터,SCL지역아동센터,마산합포구,자산동,자산동,4812558000,경상남도 창원시 마산합포구 자산삼거리로 94-13 (자산동),경남 창원시 마산합포구 자산삼거리로 94-13,,35.2075430444304,128.564204232036,kakao,point,자산동
CH0028,지역아동센터,가온지역아동센터,마산합포구,진동면,진동면 진동리,4812532000,경상남도 창원시 마산합포구 진동면 서촌바다길 1-26,경남 창원시 마산합포구 진동면 서촌바다길 1-26,,35.1135585049385,128.485527995065,kakao,point,진동면
CH0029,지역아동센터,가우스산호지역아동센터,마산합포구,산호동,산호동,4812565000,"경상남도 창원시 마산합포구 산호서2길 16, 2층 (산호동)",경남 창원시 마산합포구 산호서2길 16,,35.218072893209,128.578936089798,kakao,point,산호동
CH0030,지역아동센터,경도지역아동센터,마산합포구,완월동,완월동,4812557000,경상남도 창원시 마산합포구 자산솔밭로 13 (완월동),경남 창원시 마산합포구 자산솔밭로 13,,35.1988833720699,128.560777220983,kakao,point,완월동
CH0031,지역아동센터,위드지역아동센터,마산합포구,진동면,진동면 진동리,4812532000,"경상남도 창원시 마산합포구 진동면 신서촌로 28, 2층",경남 창원시 마산합포구 진동면 신서촌로 28,,35.1170347980255,128.485025341371,kakao,point,진동면
CH0032,지역아동센터,글로리아지역아동센터,마산합포구,자산동,자산동,4812558000,"경상남도 창원시 마산합포구 자산남7길 16, 2,3층 (자산동)",경남 창원시 마산합포구 자산남7길 16,,35.2019580482935,128.566192095008,kakao,point,자산동
CH0033,지역아동센터,느티나무 지역아동센터,마산합포구,진동면,진동면 진동리,4812532000,"경상남도 창원시 마산합포구 진동면 삼진의거대로 640, 4층",경남 창원시 마산합포구 진동면 삼진의거대로 640,,35.1156022974604,128.487570801125,kakao,point,진동면
CH0034,지역아동센터,늘푸른지역아동센터,마산합포구,문화동,대창동,4812554000,"경상남도 창원시 마산합포구 문화서1길 78, 3층 (대창동)",경남 창원시 마산합포구 문화서1길 78,,35.1863491042742,128.555670303419,kakao,point,대창동
CH0035,지역아동센터,늘해랑지역아동센터,마산합포구,완월동,완월동,4812557000,"경상남도 창원시 마산합포구 완월동8길 79, 2층 (완월동)",경남 창원시 마산합포구 완월동8길 79,,35.1982411985313,128.562729494085,kakao,point,완월동
CH0036,지역아동센터,도담울지역아동센터,마산합포구,진동면,진동면 진동리,4812532000,"경상남도 창원시 마산합포구 진동면 서촌길 17, 2층 202호",경남 창원시 마산합포구 진동면 서촌길 17,,35.1130944106904,128.485538106459,kakao,point,진동면
CH0037,지역아동센터,마산상남지역아동센터,마산합포구,합포동,상남동,4812564000,"경상남도 창원시 마산합포구 불종거리로 78, 2층 (상남동)",경남 창원시 마산합포구 불종거리로 78,,35.2113057804295,128.576121766524,kakao,point,상남동
CH0038,지역아동센터,명지지역아동센터,마산합포구,반월중앙동,중앙동1가,4812556500,경상남도 창원시 마산합포구 반월북1길 10(중앙동1가),경남 창원시 마산합포구 반월북1길 10,,35.1898685743571,128.561954559295,kakao,point,
CH0039,지역아동센터,산호지역아동센터,마산합포구,합포동,산호동,4812564000,경상남도 창원시 마산합포구 허당로 43-1 (산호동),경남 창원시 마산합포구 허당로 43-1,,35.210925040262,128.580294389083,kakao,point,산호동
CH0040,지역아동센터,새봄지역아동센터,마산합포구,진동면,진동면 진동리,4812532000,"경상남도 창원시 마산합포구 진동면 진북산업로 27, 2층",경남 창원시 마산합포구 진동면 진북산업로 27,,35.1186248331628,128.487778661113,kakao,point,진동면
CH0041,지역아동센터,새샘지역아동센터,마산합포구,합포동,산호동,4812564000,"경상남도 창원시 마산합포구 합포로 164, 2층 (산호동)",경남 창원시 마산합포구 합포로 164,,35.2120304284361,128.585833154606,kakao,point,산호동
CH0042,지역아동센터,성원지역아동센터,마산합포구,교방동,교방동,4812561000,경상남도 창원시 마산합포구 교방남1길 34 (교방동),경남 창원시 마산합포구 교방남1길 34,,35.2100417846019,128.565392112032,kakao,point,교방동
CH0043,지역아동센터,수정지역아동센터,마산합포구,구산면,구산면 수정리,4812531000,경상남도 창원시 마산합포구 구산면 구산로 508,경남 창원시 마산합포구 구산면 구산로 508,,35.1160612396553,128.581073910443,kakao,point,구산면
CH0044,지역아동센터,어울림지역아동센터,마산합포구,진동면,진동면 진동리,4812532000,"경상남도 창원시 마산합포구 진동면 진북산업로 21, 3층",경남 창원시 마산합포구 진동면 진북산업로 21,,35.1181989560979,128.487715085375,kakao,point,진동면
CH0045,지역아동센터,완월지역아동센터,마산합포구,완월동,완월동,4812557000,"경상남도 창원시 마산합포구 완월남로 10, 3층 (완월동)",경남 창원시 마산합포구 완월남로 10,,35.1973900185416,128.561203413892,kakao,point,완월동
CH0046,지역아동센터,자산지역아동센터,마산합포구,자산동,자산동,4812558000,"경상남도 창원시 마산합포구 자산북3길 18-17 (자산동, 한백3차아파트 상가201호, 202호)",경남 창원시 마산합포구 자산북3길 18-17,,35.2062417695349,128.564306975356,kakao,point,자산동
CH0047,지역아동센터,전원해운지역아동센터,마산합포구,월영동,해운동,4812553000,"경상남도 창원시 마산합포구 월영동로 19, 201호 (해운동, 두산아파트)",경남 창원시 마산합포구 월영동로 19,,35.1784781581827,128.564500658938,kakao,point,해운동
CH0048,지역아동센터,푸른물결행복한홈스쿨 지역아동센터,마산합포구,합포동,산호동,4812564000,"경상남도 창원시 마산합포구 합포동3길 2 (산호동), 3층",경남 창원시 마산합포구 합포동3길 2,,35.2083583728289,128.582939008205,kakao,point,산호동
CH0049,지역아동센터,행복한지역아동센터,마산합포구,오동동,부림동,4812563000,"경상남도 창원시 마산합포구 3·15대로 355-1, 3,4층 (부림동)",경남 창원시 마산합포구 3.15대로 355-1,,35.2065568862979,128.573240027436,kakao,point,부림동
CH0050,지역아동센터,꽃누리세상지역아동센터,마산회원구,구암2동,구암동,4812761000,"경상남도 창원시 마산회원구 구암남 11길 34, 2층",경남 창원시 마산회원구 구암남11길 34,,35.2504161459781,128.600665926242,kakao,point,
CH0051,지역아동센터,꽃때말지역아동센터,마산회원구,합성1동,합성동,4812758000,경상남도 창원시 마산회원구 합성북2길 45 (합성동),경남 창원시 마산회원구 합성북2길 45,,35.2433068773616,128.581297677432,kakao,point,합성동
CH0052,지역아동센터,꿈쟁이지역아동센터,마산회원구,양덕1동,양덕동,4812756000,"경상남도 창원시 마산회원구 양덕동16길 29, 1동 1층 102호 (양덕동, 경남아파트)",경남 창원시 마산회원구 양덕동16길 29,,35.2345926325833,128.591448736893,kakao,point,양덕동
CH0053,지역아동센터,동마산지역아동센터,마산회원구,구암2동,구암동,4812761000,"경상남도 창원시 마산회원구 구암남7길 7, 201,202호 (구암동,대성프리죤텔)",경남 창원시 마산회원구 구암남7길 7,,35.2446561981918,128.591697352023,kakao,point,구암동
CH0054,지역아동센터,비둘기회성지역아동센터,마산회원구,회성동,회성동,4812755000,"경상남도 창원시 마산회원구 회성시장2길 38, 3층 (회성동)",경남 창원시 마산회원구 회성시장2길 38,,35.2331519486289,128.558079119539,kakao,point,회성동
CH0055,지역아동센터,샘동네지역아동센터,마산회원구,회원2동,회원동,4812752000,경상남도 창원시 마산회원구 회원북28길 95-1 (회원동),경남 창원시 마산회원구 회원북28길 95-1,,35.2223248910993,128.568263527979,kakao,point,회원동
CH0056,지역아동센터,석전지역아동센터,마산회원구,석전동,석전동,4812754500,경상남도 창원시 마산회원구 석전동9길 38 (석전동),경남 창원시 마산회원구 석전동9길 38,,35.2334927979741,128.576311777637,kakao,point,석전동
CH0057,지역아동센터,성동지역아동센터,마산회원구,내서읍,내서읍 삼계리,4812725000,경상남도 창원시 마산회원구 내서읍 숲속로 52,경남 창원시 마산회원구 내서읍 숲속로 52,,35.227129924501,128.496231289787,kakao,point,내서읍
CH0058,지역아동센터,소명지역아동센터,마산회원구,구암1동,구암동,4812760000,경상남도 창원시 마산회원구 구암북16길 23-1,경남 창원시 마산회원구 구암북16길 23-1,,35.2563122883418,128.595381848582,kakao,point,
CH0059,지역아동센터,안영지역아동센터,마산회원구,회성동,회성동,4812755000,경상남도 창원시 마산회원구 회성남18길 28 (회성동),경남 창원시 마산회원구 회성남18길 28,,35.2313557792869,128.563662513367,kakao,point,회성동
CH0060,지역아동센터,양덕2동지역아동센터,마산회원구,양덕2동,양덕동,4812757000,"경상남도 창원시 마산회원구 양덕동2길 76, 106동 1층 101호 (양덕동, 대림하이빌)",경남 창원시 마산회원구 양덕동2길 76,,35.2244480825616,128.589145164708,kakao,point,양덕동
CH0061,지역아동센터,정지역아동센터,마산회원구,회성동,회성동,4812755000,"경상남도 창원시 마산회원구 회성시장2길 84, 2층 (회성동)",경남 창원시 마산회원구 회성시장2길 84,,35.2328779106153,128.560448105741,kakao,point,회성동
CH0062,지역아동센터,중리지역아동센터,마산회원구,내서읍,내서읍 상곡리,4812725000,"경상남도 창원시 마산회원구 내서읍 상곡로 22, 504호",경남 창원시 마산회원구 내서읍 상곡로 22,,35.2427744154999,128.503033672164,kakao,point,내서읍
CH0063,지역아동센터,큰샘원지역아동센터,마산회원구,내서읍,내서읍 중리,4812725000,경상남도 창원시 마산회원구 내서읍 중리상곡로 60-1,경남 창원시 마산회원구 내서읍 중리상곡로 60-1,,35.2460863605366,128.507939975632,kakao,point,내서읍
CH0064,지역아동센터,합성지역아동센터,마산회원구,합성1동,합성동,4812758000,경상남도 창원시 마산회원구 합성서1길 95.2층,경남 창원시 마산회원구 합성서1길 95,,35.2410389071704,128.583373679536,kakao,point,
CH0065,지역아동센터,호계지역아동센터,마산회원구,내서읍,내서읍 호계리,4812725000,"경상남도 창원시 마산회원구 내서읍 호계본동로 78, 1,2층",경남 창원시 마산회원구 내서읍 호계본동로 78,,35.2662137586043,128.518300890927,kakao,point,내서읍
CH0066,지역아동센터,회원큰별지역아동센터,마산회원구,회원2동,회원동,4812752000,"경상남도 창원시 마산회원구 무학로 630, 2층 (회원동)",경남 창원시 마산회원구 무학로 630,,35.2216825414187,128.565802368189,kakao,point,회원동
CH0067,지역아동센터,회원한솔지역아동센터,마산회원구,회원1동,회원동,4812751000,"경상남도 창원시 마산회원구 회원천북길 247, 2층 (회원동)",경남 창원시 마산회원구 회원천북길 247,,35.2159531445558,128.572896413672,kakao,point,회원동
CH0068,지역아동센터,1318행복지대 지역아동센터,진해구,풍호동,풍호동,4812962000,경상남도 창원시 진해구 풍호로 42번길 13 동부산아이존빌 상가2층,경남 창원시 진해구 풍호로42번길 13,,35.1386250695694,128.706117944269,kakao,point,
CH0069,지역아동센터,경화지역아동센터,진해구,병암동,경화동,4812957000,경상남도 창원시 진해구 경화시장로 62 (경화동) 2층,경남 창원시 진해구 경화시장로 62,,35.1591603646751,128.690695152364,kakao,point,경화동
CH0070,지역아동센터,꿈나무지역아동센터,진해구,충무동,태평동,4812953000,경상남도 창원시 진해구 태평로 90 (태평동),경남 창원시 진해구 태평로 90,,35.1447238325694,128.668696114375,kakao,point,태평동
CH0071,지역아동센터,누리봄다문화지역아동센터,진해구,여좌동,여좌동,4812954000,경상남도 창원시 진해구 여좌남로 41번길 28-1,경남 창원시 진해구 여좌남로41번길 28-1,,35.1575756896935,128.660936939991,kakao,point,
CH0072,지역아동센터,다문화지역아동센터,진해구,충무동,중앙동,4812953000,경상남도 창원시 진해구 중원동로 59-1,경남 창원시 진해구 중원동로 59-1,,35.1499665011553,128.661317956301,kakao,point,
CH0073,지역아동센터,동부지역아동센터,진해구,석동,석동,4812958000,경상남도 창원시 진해구 석동로30번길 8 (석동),경남 창원시 진해구 석동로30번길 8,,35.1537813842259,128.702464146905,kakao,point,석동
CH0074,지역아동센터,명동지역아동센터,진해구,웅천동,명동,4812963000,경상남도 창원시 진해구 명동로85번길 16 (명동),경남 창원시 진해구 명동로85번길 16,,35.0972368135032,128.720026313128,kakao,point,명동
CH0075,지역아동센터,웅동지역아동센터,진해구,웅동2동,안골동,4812965000,경상남도 창원시 진해구 안골로 277번길 17 스타빌,경남 창원시 진해구 안골로277번길 17,,35.0992710163778,128.803377536414,kakao,point,
CH0076,지역아동센터,웅천지역아동센터,진해구,웅천동,남문동,4812963000,경상남도 창원시 진해구 웅천중로44번길 10(남문동),경남 창원시 진해구 웅천중로44번길 10,,35.1097310650802,128.750555243343,kakao,point,남문동
CH0077,지역아동센터,은성지역아동센터,진해구,웅동1동,마천동,4812964000,경상남도 창원시 진해구 웅동로 51번길 24-3 청안그린빌상가2층,경남 창원시 진해구 웅동로51번길 24-3,,35.1274641062532,128.781945867268,kakao,point,
CH0078,지역아동센터,이동지역아동센터,진해구,이동,이동,4812959000,"경상남도 창원시 진해구 이동로 13번길 8, 2층",경남 창원시 진해구 이동로13번길 8,,35.1515755669244,128.693526028803,kakao,point,
CH0079,지역아동센터,자은지역아동센터,진해구,자은동,자은동,4812960000,"경상남도 창원시 진해구 진해대로913번길 29 (자은동, 안성명작빌라)",경남 창원시 진해구 진해대로913번길 29,,35.1482932328054,128.710151584066,kakao,point,자은동
CH0080,지역아동센터,진해지역아동센터,진해구,충무동,송학동,4812953000,경상남도 창원시 진해구 중원로 78(송학동),경남 창원시 진해구 중원로 78,,35.1511129055365,128.660105707424,kakao,point,송학동
CH0081,지역아동센터,참살이지역아동센터,진해구,덕산동,풍호동,4812961000,경상남도 창원시 진해구 충장로511번길 16,경남 창원시 진해구 충장로511번길 16,,35.1433214587533,128.702690388842,kakao,point,
CH0082,지역아동센터,샘바위지역아동센터,진해구,덕산동,풍호동,4812961000,"경상남도 창원시 진해구 동진로143번길 8, 1층",경남 창원시 진해구 동진로143번길 8,,35.1444122830104,128.704076272931,kakao,point,
CH0083,지역아동센터,해담지역아동센터,진해구,풍호동,풍호동,4812962000,경상남도 창원시 진해구 진해대로 1101,경남 창원시 진해구 진해대로 1101,,35.131470934474,128.710235537961,kakao,point,
CH0084,지역아동센터,햇살경화지역아동센터,진해구,경화동,경화동,4812956000,경상남도 창원시 진해구 충장로 285번길 28,경남 창원시 진해구 충장로285번길 28,,35.1565281621757,128.683317852473,kakao,point,
