facility_id,facility_type,facility_type_std,facility_name,gu,administrative_dong,h_code,capacity,latitude,longitude,geo_level,source_sites_within_300m,source_locations_within_300m,site_location_ratio_300m,source_sites_within_500m,source_locations_within_500m,site_location_ratio_500m,source_sites_within_1000m,source_locations_within_1000m,site_location_ratio_1000m,nearest_source_site_distance_m,nearest_source_location_distance_m,factory_sites_within_300m,factory_sites_within_500m,factory_sites_within_1000m,nearest_factory_sites_distance_m,air_emission_sites_within_300m,air_emission_sites_within_500m,air_emission_sites_within_1000m,nearest_air_emission_sites_distance_m,water_emission_sites_within_300m,water_emission_sites_within_500m,water_emission_sites_within_1000m,nearest_water_emission_sites_distance_m,noise_emission_sites_within_300m,noise_emission_sites_within_500m,noise_emission_sites_within_1000m,nearest_noise_emission_sites_distance_m,waste_sites_within_300m,waste_sites_within_500m,waste_sites_within_1000m,nearest_waste_sites_distance_m,designated_waste_sites_within_300m,designated_waste_sites_within_500m,designated_waste_sites_within_1000m,nearest_designated_waste_sites_distance_m,incineration_sites_within_300m,incineration_sites_within_500m,incineration_sites_within_1000m,nearest_incineration_sites_distance_m,employees_sum_within_300m,employees_known_site_count_within_300m,employees_sum_within_500m,employees_known_site_count_within_500m,employees_sum_within_1000m,employees_known_site_count_within_1000m,factory_area_sum_within_300m,factory_area_known_site_count_within_300m,factory_area_sum_within_500m,factory_area_known_site_count_within_500m,factory_area_sum_within_1000m,factory_area_known_site_count_within_1000m
CC0001,어린이집,childcare,창원시립 대산푸른숲어린이집,의창구,대산면,4812132000,72.0,35.3293698109171,128.705930543685,point,19,14,1.357,45,35,1.286,170,126,1.349,93.2,93.2,19,39,143,93.2,2,3,14,197.5,0,10,21,338.8,0,0,7,506.6,1,6,15,274.1,0,0,0,12915.5,1,1,1,274.1,177.0,17,477.0,34,1659.0,113,22771.9,17,53206.4,34,150222.4,113
CC0002,어린이집,childcare,한뫼누리어린이집,의창구,대산면,4812132000,39.0,35.3389235101653,128.710120984705,point,3,3,1.0,4,4,1.0,119,89,1.337,159.0,159.0,2,3,101,159.0,0,0,12,540.2,1,1,20,230.6,0,0,4,554.1,0,0,8,544.8,0,0,0,13918.3,0,0,0,1082.5,5.0,1,8.0,2,994.0,79,1299.8,1,1629.8,2,112419.3,79
CC0003,어린이집,childcare,청아어린이집,의창구,동읍,4812125000,111.0,35.278350737887,128.688785283133,point,5,5,1.0,8,7,1.143,18,15,1.2,128.9,128.9,3,5,15,128.9,1,1,3,191.1,0,1,1,481.6,0,0,2,619.1,1,1,3,155.9,0,0,0,8573.1,1,1,2,155.9,16.0,2,28.0,3,213.0,10,606.8,2,1101.8,3,11952.8,10
CC0004,어린이집,childcare,청음어린이집,의창구,동읍,4812125000,46.0,35.2784011336007,128.689009867805,point,5,5,1.0,8,7,1.143,18,15,1.2,129.0,129.0,3,5,15,129.0,1,1,3,212.2,0,1,1,460.9,0,0,2,598.1,1,1,3,176.4,0,0,0,8594.2,1,1,2,176.4,16.0,2,28.0,3,213.0,10,606.8,2,1101.8,3,11952.8,10
CC0005,어린이집,childcare,꿈샘어린이집,의창구,동읍,4812125000,39.0,35.2731691757173,128.705596469792,point,3,3,1.0,3,3,1.0,7,6,1.167,71.0,71.0,3,3,7,71.0,0,0,0,1127.6,0,0,0,1353.5,0,0,0,1127.6,0,0,0,1127.6,0,0,0,9866.1,0,0,0,1127.6,32.0,2,32.0,2,55.0,5,581.8,2,581.8,2,1507.3,5
CC0006,어린이집,childcare,동읍다람어린이집,의창구,동읍,4812125000,29.0,35.280400900251,128.68984347589,point,2,2,1.0,6,6,1.0,21,17,1.235,238.7,238.7,2,3,17,238.7,0,1,3,383.8,0,1,2,334.9,0,0,2,537.3,0,1,3,339.1,0,0,0,8744.3,0,1,2,339.1,3.0,1,16.0,2,248.0,11,133.0,1,606.8,2,12313.8,11
CC0007,어린이집,childcare,무궁화어린이집,의창구,동읍,4812125000,39.0,35.279884456771,128.68858886466,point,4,4,1.0,8,7,1.143,21,17,1.235,131.7,131.7,2,5,17,131.7,1,1,3,262.8,0,1,2,451.1,0,0,2,637.6,1,1,3,218.5,0,0,0,8617.1,1,1,2,218.5,3.0,1,28.0,3,248.0,11,133.0,1,1101.8,3,12313.8,11
CC0008,어린이집,childcare,햇살나무어린이집,의창구,동읍,4812125000,60.0,35.2835337148809,128.68199335281,point,2,2,1.0,5,4,1.25,19,16,1.188,236.4,236.4,1,3,15,273.0,0,0,1,741.5,1,2,2,236.4,0,0,0,1185.4,0,0,1,737.3,0,0,0,8228.2,0,0,1,737.3,37.0,1,72.0,2,171.0,10,427.1,1,788.2,2,5356.9,10
CC0009,어린이집,childcare,동부산솔밭어린이집,의창구,동읍,4812125000,20.0,35.2760857614095,128.704125661061,point,1,1,1.0,3,3,1.0,9,8,1.125,213.5,213.5,1,3,9,213.5,0,0,2,850.5,0,0,0,1071.8,0,0,2,850.5,0,0,2,850.5,0,0,0,9821.2,0,0,1,850.5,3.0,1,32.0,2,172.0,7,90.7,1,581.8,2,10884.9,7
CC0010,어린이집,childcare,동창원어린이집,의창구,동읍,4812125000,18.0,35.2774395378255,128.702796112455,point,0,0,,5,4,1.25,11,10,1.1,341.5,341.5,0,5,9,341.5,0,0,2,670.0,0,0,2,901.3,0,0,2,670.0,0,0,3,670.0,0,0,0,9748.4,0,0,2,686.4,0.0,0,26.0,4,172.0,7,0.0,0,1016.2,4,10884.9,7
CC0011,어린이집,childcare,칠성그린어린이집,의창구,동읍,4812125000,80.0,35.2938808096221,128.675961463889,point,6,5,1.2,9,8,1.125,13,12,1.083,155.2,155.2,5,7,10,155.2,0,1,1,330.0,1,1,2,183.9,0,1,1,321.2,0,0,0,1156.3,0,0,0,8327.4,0,0,0,1156.3,160.0,3,174.0,5,225.0,8,3114.7,3,3850.2,5,6905.3,8
CC0012,어린이집,childcare,창원시립 명곡어린이집,의창구,명곡동,4812153000,45.0,35.2539403841184,128.63992461167,point,8,8,1.0,11,11,1.0,28,27,1.037,138.1,138.1,5,6,15,141.2,1,1,3,284.6,2,4,9,138.1,0,0,0,5264.3,0,0,1,836.8,0,0,0,3600.8,0,0,0,1330.8,47.0,5,47.0,5,130.0,13,736.0,5,736.0,5,2069.6,13
CC0013,어린이집,childcare,창원시립 명곡포엘른어린이집,의창구,명곡동,4812153000,47.0,35.2559332738204,128.647544450593,point,0,0,,0,0,,13,12,1.083,564.1,564.1,0,0,8,564.1,0,0,0,1012.6,0,0,4,711.0,0,0,0,5067.3,0,0,1,887.5,0,0,0,4312.5,0,0,0,1585.2,0.0,0,0.0,0,57.0,7,0.0,0,0.0,0,797.8,7
CC0014,어린이집,childcare,창원시립 호산나어린이집,의창구,명곡동,4812153000,45.0,35.2549908664663,128.635556025767,point,3,3,1.0,15,15,1.0,30,29,1.034,176.1,176.1,1,7,15,176.1,2,2,5,186.6,0,6,9,353.9,0,0,0,5088.4,0,0,1,848.0,0,0,0,3216.5,0,0,0,1099.8,0.0,0,54.0,6,157.0,13,0.0,0,784.8,6,2425.9,13
CC0015,어린이집,childcare,사랑의어린이집,의창구,명곡동,4812153000,70.0,35.2509847472322,128.650329449451,point,0,0,,2,1,2.0,7,6,1.167,465.6,465.6,0,2,3,465.6,0,0,0,1245.5,0,0,3,701.6,0,0,0,5162.6,0,0,1,877.4,0,0,0,4537.8,0,0,0,1309.8,0.0,0,10.0,2,21.0,3,0.0,0,61.9,2,190.5,3
CC0016,어린이집,childcare,무지개어린이집,의창구,명곡동,4812153000,35.0,35.261241793333,128.638768354155,point,4,4,1.0,11,11,1.0,32,31,1.032,139.7,139.7,3,7,17,139.7,0,0,2,738.6,0,3,12,342.3,0,0,0,5092.9,1,1,1,159.9,0,0,0,3650.0,0,0,0,1180.2,11.0,3,73.0,6,206.0,15,355.4,3,1271.8,6,2776.2,15
CC0017,어린이집,childcare,브레인영재어린이집,의창구,명곡동,4812153000,62.0,35.2582943006883,128.637121316625,point,9,9,1.0,21,21,1.0,33,32,1.031,153.0,153.0,6,11,17,186.9,0,1,3,395.3,3,8,12,153.0,0,0,0,5450.9,0,1,1,467.6,0,0,0,3420.1,0,0,0,1067.9,31.0,5,88.0,9,206.0,15,460.1,5,1641.0,9,2776.2,15
CC0018,어린이집,childcare,새순어린이집,의창구,명곡동,4812153000,99.0,35.2550207597029,128.640955424396,point,9,9,1.0,11,11,1.0,27,26,1.038,101.1,101.1,5,6,15,101.1,0,1,2,417.8,4,4,9,203.1,0,0,0,5415.8,0,0,1,716.4,0,0,0,3705.2,0,0,0,1482.9,47.0,5,47.0,5,130.0,13,736.0,5,736.0,5,2069.6,13
CC0019,어린이집,childcare,아이사랑어린이집,의창구,명곡동,4812153000,39.0,35.2573113005583,128.641354186272,point,6,6,1.0,10,10,1.0,27,26,1.038,165.7,165.7,3,6,15,183.5,0,0,2,607.0,3,3,9,165.7,0,0,0,5365.4,0,1,1,467.5,0,0,0,3776.6,0,0,0,1468.3,15.0,3,30.0,5,157.0,13,369.2,3,647.9,5,2425.9,13
CC0020,어린이집,childcare,양지어린이집,의창구,명곡동,4812153000,39.0,35.258162156933,128.637815591765,point,11,11,1.0,19,19,1.0,30,29,1.034,215.6,215.6,7,9,15,228.6,0,1,3,436.2,4,8,11,215.6,0,0,0,5432.1,0,1,1,440.8,0,0,0,3478.6,0,0,0,1132.7,28.0,6,44.0,8,157.0,13,696.7,6,902.1,8,2425.9,13
CC0021,어린이집,childcare,예림어린이집,의창구,명곡동,4812153000,43.0,35.2531379615303,128.643057908581,point,1,1,1.0,6,6,1.0,18,17,1.059,182.4,182.4,1,4,10,182.4,0,0,2,558.6,0,2,5,334.5,0,0,0,5402.7,0,0,1,952.9,0,0,0,3880.0,0,0,0,1450.8,11.0,1,44.0,4,64.0,9,128.7,1,681.4,4,1047.3,9
CC0022,어린이집,childcare,키즈숲어린이집,의창구,명곡동,4812153000,34.0,35.2566278225116,128.636264194093,point,7,7,1.0,19,19,1.0,30,29,1.034,133.4,133.4,4,9,15,133.4,1,2,4,231.5,2,8,10,187.5,0,0,0,5270.2,0,0,1,661.2,0,0,0,3307.1,0,0,0,1060.6,11.0,3,64.0,8,157.0,13,388.7,3,1012.8,8,2425.9,13
CC0023,어린이집,childcare,하버드영재어린이집,의창구,명곡동,4812153000,33.0,35.2555312764565,128.637159022874,point,8,8,1.0,16,16,1.0,29,28,1.036,25.4,25.4,4,8,15,25.4,1,2,4,257.0,3,6,9,244.2,0,0,0,5227.9,0,0,1,725.5,0,0,0,3368.9,0,0,0,1189.7,15.0,3,65.0,7,157.0,13,369.2,3,913.4,7,2425.9,13
CC0024,어린이집,childcare,행복한아이어린이집,의창구,명곡동,4812153000,31.0,35.2564094208701,128.636433401379,point,9,9,1.0,18,18,1.0,30,29,1.034,105.2,105.2,5,9,15,105.2,1,2,4,239.7,3,7,10,215.9,0,0,0,5260.9,0,0,1,672.4,0,0,0,3318.2,0,0,0,1085.2,18.0,4,64.0,8,157.0,13,468.7,4,1012.8,8,2425.9,13
CC0025,어린이집,childcare,나무향기어린이집,의창구,명곡동,4812153000,20.0,35.24594533264,128.648178459082,point,2,2,1.0,7,6,1.167,18,16,1.125,272.3,272.3,0,2,2,333.8,0,0,3,898.5,1,4,12,272.3,0,0,0,5266.5,1,1,3,290.9,0,0,0,4384.8,0,0,2,898.5,0.0,0,10.0,2,10.0,2,0.0,0,61.9,2,61.9,2
CC0026,어린이집,childcare,샘물어린이집,의창구,명곡동,4812153000,20.0,35.2508723228406,128.648124390926,point,0,0,,2,1,2.0,11,10,1.1,316.4,316.4,0,2,5,316.4,0,0,0,1052.6,0,0,5,728.0,0,0,0,5331.3,0,0,1,836.8,0,0,0,4337.3,0,0,0,1368.8,0.0,0,10.0,2,49.0,5,0.0,0,61.9,2,508.6,5
CC0027,어린이집,childcare,성신어린이집,의창구,명곡동,4812153000,12.0,35.246636534989,128.650587367577,point,2,2,1.0,5,4,1.25,18,16,1.125,218.5,218.5,0,2,2,447.6,0,0,3,848.1,2,2,12,218.5,0,0,0,5450.2,0,1,3,440.6,0,0,0,4592.4,0,0,2,848.1,0.0,0,10.0,2,10.0,2,0.0,0,61.9,2,61.9,2
CC0028,어린이집,childcare,소망어린이집,의창구,명곡동,4812153000,20.0,35.2489453723534,128.648604369323,point,2,1,2.0,2,1,2.0,17,16,1.062,223.0,223.0,2,2,4,223.0,0,0,0,1157.4,0,0,12,512.4,0,0,0,5425.2,0,0,1,626.0,0,0,0,4389.4,0,0,0,1157.4,10.0,2,10.0,2,42.0,4,61.9,2,61.9,2,428.6,4
CC0029,어린이집,childcare,신나는어린이집,의창구,명곡동,4812153000,20.0,35.2458305115432,128.641071314989,point,0,0,,0,0,,131,54,2.426,553.7,553.7,0,0,95,553.7,0,0,7,798.4,0,0,37,756.4,0,0,0,4734.7,0,0,7,680.7,0,0,0,3747.3,0,0,1,892.0,0.0,0,0.0,0,983.0,78,0.0,0,0.0,0,58948.9,78
CC0030,어린이집,childcare,파티마어린이집,의창구,명곡동,4812153000,60.0,35.2372421834462,128.644485942945,point,3,3,1.0,63,10,6.3,147,69,2.13,0.0,0.0,0,49,92,492.6,1,2,22,0.0,2,17,39,0.0,0,0,0,4492.0,2,7,14,0.0,0,0,0,3878.8,1,3,6,0.0,0.0,0,351.0,39,947.0,75,0.0,0,26229.7,39,58899.5,75
CC0031,어린이집,childcare,창원시립 봉곡어린이집,의창구,봉림동,4812154000,110.0,35.2449763154951,128.658712188068,point,0,0,,0,0,,17,16,1.062,625.7,625.7,0,0,0,1073.8,0,0,5,704.1,0,0,9,625.7,0,0,0,5055.9,0,0,5,657.4,0,0,0,5349.4,0,0,4,657.4,0.0,0,0.0,0,0.0,0,0.0,0,0.0,0,0.0,0
CC0032,어린이집,childcare,창원시립 사림어린이집,의창구,봉림동,4812154000,94.0,35.2444811180359,128.680686123856,point,1,1,1.0,6,6,1.0,15,15,1.0,279.7,279.7,0,0,1,573.6,0,0,2,716.8,1,6,11,279.7,0,0,0,4071.5,0,0,1,815.9,0,0,0,7076.1,0,0,0,1025.6,0.0,0,0.0,0,9.0,1,0.0,0,0.0,0,86.4,1
CC0033,어린이집,childcare,성아어린이집,의창구,봉림동,4812154000,135.0,35.2496156582168,128.668533476123,point,4,4,1.0,5,5,1.0,6,6,1.0,169.2,169.2,1,1,1,198.9,0,1,1,458.9,1,1,2,259.6,0,0,0,4091.0,2,2,2,169.2,0,0,0,6198.1,2,2,2,169.2,0.0,0,0.0,0,0.0,0,0.0,0,0.0,0,0.0,0
CC0034,어린이집,childcare,새창원교회부설어린이집,의창구,봉림동,4812154000,90.0,35.241434817743,128.689810193498,point,0,0,,0,0,,31,17,1.824,545.2,545.2,0,0,11,678.2,0,0,3,678.2,0,0,14,545.2,0,0,0,4211.2,0,0,5,678.2,0,0,0,7682.6,0,0,4,678.2,0.0,0,0.0,0,29.0,9,0.0,0,0.0,0,401.3,9
CC0035,어린이집,childcare,자연봄어린이집,의창구,봉림동,4812154000,39.0,35.2514094216386,128.666534117493,point,2,2,1.0,5,5,1.0,5,5,1.0,105.3,105.3,1,1,1,105.3,0,1,1,318.6,0,1,1,320.2,0,0,0,4049.8,1,2,2,180.0,0,0,0,6012.7,1,2,2,180.0,0.0,0,0.0,0,0.0,0,0.0,0,0.0,0,0.0,0
CC0036,어린이집,childcare,꿀벌어린이집,의창구,봉림동,4812154000,20.0,35.2481906812054,128.679214437121,point,1,1,1.0,1,1,1.0,10,10,1.0,126.2,126.2,0,0,1,635.2,0,0,0,1055.1,1,1,7,126.2,0,0,0,3736.9,0,0,2,556.2,0,0,0,7163.2,0,0,1,772.4,0.0,0,0.0,0,9.0,1,0.0,0,0.0,0,86.4,1
CC0037,어린이집,childcare,다정어린이집,의창구,봉림동,4812154000,20.0,35.2462941694763,128.655718378848,point,0,0,,2,2,1.0,23,21,1.095,424.8,424.8,0,0,2,898.4,0,0,5,745.1,0,2,14,424.8,0,0,0,5135.8,0,0,4,745.1,0,0,0,5060.8,0,0,3,745.1,0.0,0,0.0,0,10.0,2,0.0,0,0.0,0,61.9,2
CC0038,어린이집,childcare,은비어린이집,의창구,봉림동,4812154000,20.0,35.2493914704161,128.66411407729,point,0,0,,2,2,1.0,5,5,1.0,385.2,385.2,0,1,1,385.2,0,0,1,630.8,0,0,1,592.8,0,0,0,4363.3,0,1,2,442.6,0,0,0,5797.0,0,1,2,442.6,0.0,0,0.0,0,0.0,0,0.0,0,0.0,0,0.0,0
CC0039,어린이집,childcare,피닉스자연숲어린이집,의창구,봉림동,4812154000,20.0,35.2520041163671,128.666659782885,point,3,3,1.0,4,4,1.0,6,6,1.0,123.8,123.8,1,1,1,123.8,1,1,1,259.8,0,1,1,311.3,0,0,0,3992.5,1,1,3,191.8,0,0,0,6024.4,1,1,3,191.8,0.0,0,0.0,0,0.0,0,0.0,0,0.0,0,0.0,0
CC0040,어린이집,childcare,휴먼어린이집,의창구,봉림동,4812154000,20.0,35.249419841172,128.665484197646,point,1,1,1.0,4,4,1.0,5,5,1.0,285.9,285.9,1,1,1,285.9,0,0,1,556.2,0,1,1,480.4,0,0,0,4280.2,0,2,2,333.2,0,0,0,5921.5,0,2,2,333.2,0.0,0,0.0,0,0.0,0,0.0,0,0.0,0,0.0,0
CC0041,어린이집,childcare,경상남도청어린이집,의창구,봉림동,4812154000,133.0,35.2383072621417,128.69592812452,point,4,2,2.0,4,2,2.0,21,7,3.0,251.3,251.3,0,0,10,855.2,2,2,4,251.3,1,1,4,253.2,0,0,0,4526.2,1,1,6,253.2,0,0,0,8079.5,1,1,4,253.2,0.0,0,0.0,0,20.0,8,0.0,0,0.0,0,314.9,8
CC0042,어린이집,childcare,국립창원대학교 직장어린이집,의창구,봉림동,4812154000,94.0,35.2459596336655,128.694816891338,point,13,1,13.0,14,2,7.0,19,5,3.8,0.0,0.0,10,11,12,0.0,1,1,2,0.0,1,1,3,0.0,0,0,0,3677.4,3,3,4,0.0,0,0,0,8302.2,3,3,4,0.0,20.0,8,20.0,8,29.0,9,314.9,8,314.9,8,401.3,9
CC0043,어린이집,childcare,미래나무어린이집,의창구,봉림동,4812154000,300.0,35.2480118653948,128.664436552853,point,0,0,,1,1,1.0,10,10,1.0,466.2,466.2,0,1,1,466.2,0,0,1,739.3,0,0,4,647.4,0,0,0,4461.4,0,0,4,506.2,0,0,0,5834.4,0,0,3,506.2,0.0,0,0.0,0,0.0,0,0.0,0,0.0,0,0.0,0
CC0044,어린이집,childcare,창원시립 감계아내어린이집,의창구,북면,4812131000,44.0,35.3018875666604,128.597232463567,point,1,1,1.0,12,9,1.333,36,27,1.333,250.7,250.7,0,9,31,353.2,1,1,1,250.7,0,2,4,488.4,0,0,0,2592.2,0,0,2,961.0,0,0,0,5604.0,0,0,0,2616.6,0.0,0,93.0,8,239.0,25,0.0,0,2517.8,8,13827.5,25
CC0045,어린이집,childcare,창원시립 감계은빛어린이집,의창구,북면,4812131000,20.0,35.3036054414051,128.597773809206,point,5,3,1.667,11,7,1.571,21,15,1.4,166.3,166.3,5,9,17,166.3,0,1,1,425.0,0,1,3,311.1,0,0,0,2417.7,0,0,0,1096.8,0,0,0,5792.0,0,0,0,2448.5,63.0,4,88.0,8,137.0,15,1570.3,4,3108.6,8,5167.1,15
CC0046,어린이집,childcare,창원시립 무동별빛어린이집,의창구,북면,4812131000,80.0,35.3171337782027,128.577934968491,point,0,0,,0,0,,6,6,1.0,619.2,619.2,0,0,5,759.1,0,0,0,1016.2,0,0,1,619.2,0,0,0,1016.2,0,0,0,1703.3,0,0,0,7428.9,0,0,0,3599.6,0.0,0,0.0,0,30.0,5,0.0,0,0.0,0,2426.9,5
CC0047,어린이집,childcare,창원시립 무동어린이집,의창구,북면,4812131000,69.0,35.3190708265635,128.580283590605,point,0,0,,1,1,1.0,12,11,1.091,420.5,420.5,0,0,10,720.4,0,0,2,728.8,0,1,2,420.5,0,0,2,728.8,0,0,0,1406.4,0,0,0,7615.7,0,0,0,3382.3,0.0,0,0.0,0,47.0,8,0.0,0,0.0,0,4244.9,8
CC0048,어린이집,childcare,창원시립 북면어린이집,의창구,북면,4812131000,92.0,35.35069744182,128.60897054301,point,0,0,,1,1,1.0,2,2,1.0,440.8,440.8,0,0,1,625.6,0,0,0,1235.1,0,1,1,440.8,0,0,0,1235.1,0,0,0,1235.1,0,0,0,11039.9,0,0,0,3639.9,0.0,0,0.0,0,11.0,1,0.0,0,0.0,0,471.1,1
CC0049,어린이집,childcare,창원시립 빈세앙어린이집,의창구,북면,4812131000,58.0,35.3012315533586,128.586966955223,point,0,0,,19,18,1.056,30,26,1.154,307.8,307.8,0,19,28,307.8,0,0,1,743.1,0,1,1,486.0,0,0,0,2528.0,0,2,3,325.6,0,0,0,5595.2,0,0,0,3381.2,0.0,0,116.0,12,197.0,20,0.0,0,9212.4,12,13964.0,20
CC0050,어린이집,childcare,창원시립 예그린어린이집,의창구,북면,4812131000,52.0,35.3226501680936,128.582463434212,point,0,0,,5,4,1.25,21,19,1.105,321.5,321.5,0,4,17,321.5,0,1,3,321.5,0,1,2,321.5,0,1,3,321.5,0,0,1,965.5,0,0,0,7992.6,0,0,0,3214.5,0.0,0,27.0,3,70.0,14,0.0,0,2387.2,3,6992.9,14
CC0051,어린이집,childcare,창원시립 예쁜아이어린이집,의창구,북면,4812131000,53.0,35.3039458671165,128.590114589777,point,0,0,,0,0,,41,32,1.281,537.3,537.3,0,0,38,537.3,0,0,1,593.9,0,0,2,678.2,0,0,0,2261.3,0,0,3,663.7,0,0,0,5892.6,0,0,0,2975.2,0.0,0,0.0,0,288.0,29,0.0,0,0.0,0,17204.2,29
CC0052,어린이집,childcare,창원시립 포레힐스데시앙어린이집,의창구,북면,4812131000,78.0,35.2981205228107,128.584658697606,point,11,10,1.1,26,23,1.13,30,26,1.154,191.9,191.9,11,25,28,191.9,0,0,1,983.7,0,1,1,427.5,0,0,0,2871.5,2,3,3,266.1,0,0,0,5263.2,0,0,0,3754.4,85.0,7,174.0,17,197.0,20,4792.6,7,13283.8,17,13964.0,20
CC0053,어린이집,childcare,바른손어린이집,의창구,북면,4812131000,49.0,35.3291380840541,128.603495434273,point,4,4,1.0,8,7,1.143,23,20,1.15,84.5,84.5,2,5,19,84.5,1,2,3,214.9,0,1,1,320.0,1,1,1,201.0,0,0,0,1260.8,0,0,0,8624.6,0,0,0,1723.5,0.0,0,14.0,3,63.0,12,0.0,0,886.1,3,5383.6,12
CC0054,어린이집,childcare,즐거운성아어린이집,의창구,북면,4812131000,108.0,35.3585690833057,128.616801845879,point,1,1,1.0,1,1,1.0,3,3,1.0,210.2,210.2,1,1,2,210.2,0,0,0,2021.8,0,0,1,689.2,0,0,0,1326.0,0,0,0,2361.9,0,0,0,11978.8,0,0,0,4430.9,1.0,1,1.0,1,12.0,2,250.0,1,250.0,1,721.1,2
CC0055,어린이집,childcare,나무와샘어린이집,의창구,북면,4812131000,39.0,35.319148536269,128.583160831975,point,1,1,1.0,1,1,1.0,10,9,1.111,196.0,196.0,0,0,8,580.7,0,0,1,580.7,1,1,2,196.0,0,0,1,580.7,0,0,0,1278.5,0,0,0,7600.3,0,0,0,3120.8,0.0,0,0.0,0,40.0,6,0.0,0,0.0,0,3628.2,6
CC0056,어린이집,childcare,무동애플키즈어린이집,의창구,북면,4812131000,21.0,35.3178613927475,128.583010939023,point,1,1,1.0,1,1,1.0,7,6,1.167,151.8,151.8,0,0,5,719.1,0,0,1,719.1,1,1,2,151.8,0,0,1,719.1,0,0,0,1416.4,0,0,0,7458.9,0,0,0,3135.2,0.0,0,0.0,0,31.0,4,0.0,0,0.0,0,2834.7,4
CC0057,어린이집,childcare,숲속하늘빛어린이집,의창구,북면,4812131000,26.0,35.3202538511807,128.584442735525,point,1,1,1.0,3,2,1.5,12,11,1.091,262.6,262.6,0,1,10,427.2,0,1,1,427.2,1,2,2,262.6,0,1,1,427.2,0,0,0,1122.4,0,0,0,7715.0,0,0,0,3009.0,0.0,0,10.0,1,49.0,8,0.0,0,997.6,1,4983.9,8
CC0058,어린이집,childcare,아라숲어린이집,의창구,북면,4812131000,65.0,35.3026690822443,128.582815061682,point,0,0,,0,0,,26,23,1.13,592.7,592.7,0,0,25,592.7,0,0,0,1142.3,0,0,1,837.2,0,0,0,2379.0,0,0,3,646.6,0,0,0,5781.3,0,0,0,3616.5,0.0,0,0.0,0,174.0,17,0.0,0,0.0,0,13283.8,17
CC0059,어린이집,childcare,지안어린이집,의창구,북면,4812131000,42.0,35.3159126050153,128.579033758294,point,0,0,,0,0,,4,4,1.0,558.6,558.6,0,0,3,927.4,0,0,0,1076.6,0,0,1,558.6,0,0,0,1076.6,0,0,0,1765.9,0,0,0,7281.2,0,0,0,3508.9,0.0,0,0.0,0,9.0,3,0.0,0,0.0,0,1038.0,3
CC0060,어린이집,childcare,키즈엘리스숲어린이집,의창구,북면,4812131000,160.0,35.310724559835,128.595943809304,point,0,0,,9,6,1.5,26,20,1.3,351.7,351.7,0,8,22,351.7,0,0,1,859.4,0,1,4,496.5,0,0,0,1746.5,0,0,0,1241.1,0,0,0,6589.8,0,0,0,2146.0,0.0,0,93.0,7,169.0,14,0.0,0,2042.2,7,4417.5,14
CC0061,어린이집,childcare,키즈힐스어린이집,의창구,북면,4812131000,60.0,35.3036054414051,128.597773809206,point,5,3,1.667,11,7,1.571,21,15,1.4,166.3,166.3,5,9,17,166.3,0,1,1,425.0,0,1,3,311.1,0,0,0,2417.7,0,0,0,1096.8,0,0,0,5792.0,0,0,0,2448.5,63.0,4,88.0,8,137.0,15,1570.3,4,3108.6,8,5167.1,15
CC0062,어린이집,childcare,푸르지오어린이집,의창구,북면,4812131000,45.0,35.3012178229264,128.58517619947,point,0,0,,11,10,1.1,30,26,1.154,340.8,340.8,0,11,28,340.8,0,0,1,905.0,0,0,1,573.4,0,0,0,2526.8,0,1,3,386.6,0,0,0,5602.4,0,0,0,3516.9,0.0,0,61.0,5,197.0,20,0.0,0,3877.5,5,13964.0,20
CC0063,어린이집,childcare,휴먼빌어린이집,의창구,북면,4812131000,49.0,35.3043566393246,128.595239347987,point,2,2,1.0,10,6,1.667,26,20,1.3,209.6,209.6,1,8,23,209.6,0,1,1,431.0,1,1,3,270.3,0,0,0,2348.0,0,0,1,965.6,0,0,0,5889.5,0,0,0,2569.6,35.0,1,81.0,7,182.0,19,792.0,1,2841.2,7,9510.5,19
CC0064,어린이집,childcare,힐스뜰어린이집,의창구,북면,4812131000,42.0,35.3025584933037,128.589609880691,point,0,0,,4,3,1.333,39,31,1.258,457.5,457.5,0,4,36,457.5,0,0,1,549.0,0,0,2,587.9,0,0,0,2405.5,0,0,3,503.5,0,0,0,5738.2,0,0,0,3099.8,0.0,0,23.0,3,278.0,27,0.0,0,680.2,3,16805.2,27
CC0065,어린이집,childcare,힐스아이어린이집,의창구,북면,4812131000,48.0,35.3038179212773,128.598246428395,point,5,3,1.667,11,7,1.571,20,14,1.429,159.8,159.8,5,9,16,159.8,0,1,1,469.6,0,1,3,301.9,0,0,0,2371.1,0,0,0,1145.7,0,0,0,5813.9,0,0,0,2401.0,63.0,4,88.0,8,137.0,15,1570.3,4,3108.6,8,5167.1,15
CC0066,어린이집,childcare,꼬마숲어린이집,의창구,북면,4812131000,20.0,35.3025584933037,128.589609880691,point,0,0,,4,3,1.333,39,31,1.258,457.5,457.5,0,4,36,457.5,0,0,1,549.0,0,0,2,587.9,0,0,0,2405.5,0,0,3,503.5,0,0,0,5738.2,0,0,0,3099.8,0.0,0,23.0,3,278.0,27,0.0,0,680.2,3,16805.2,27
CC0067,어린이집,childcare,꿈땅어린이집,의창구,북면,4812131000,20.0,35.3036054414051,128.597773809206,point,5,3,1.667,11,7,1.571,21,15,1.4,166.3,166.3,5,9,17,166.3,0,1,1,425.0,0,1,3,311.1,0,0,0,2417.7,0,0,0,1096.8,0,0,0,5792.0,0,0,0,2448.5,63.0,4,88.0,8,137.0,15,1570.3,4,3108.6,8,5167.1,15
CC0068,어린이집,childcare,다인어린이집,의창구,북면,4812131000,20.0,35.3036054414051,128.597773809206,point,5,3,1.667,11,7,1.571,21,15,1.4,166.3,166.3,5,9,17,166.3,0,1,1,425.0,0,1,3,311.1,0,0,0,2417.7,0,0,0,1096.8,0,0,0,5792.0,0,0,0,2448.5,63.0,4,88.0,8,137.0,15,1570.3,4,3108.6,8,5167.1,15
CC0069,어린이집,childcare,다하어린이집,의창구,북면,4812131000,20.0,35.3026690822443,128.582815061682,point,0,0,,0,0,,26,23,1.13,592.7,592.7,0,0,25,592.7,0,0,0,1142.3,0,0,1,837.2,0,0,0,2379.0,0,0,3,646.6,0,0,0,5781.3,0,0,0,3616.5,0.0,0,0.0,0,174.0,17,0.0,0,0.0,0,13283.8,17
CC0070,어린이집,childcare,라니어린이집,의창구,북면,4812131000,20.0,35.3039458671165,128.590114589777,point,0,0,,0,0,,41,32,1.281,537.3,537.3,0,0,38,537.3,0,0,1,593.9,0,0,2,678.2,0,0,0,2261.3,0,0,3,663.7,0,0,0,5892.6,0,0,0,2975.2,0.0,0,0.0,0,288.0,29,0.0,0,0.0,0,17204.2,29
CC0071,어린이집,childcare,라별어린이집,의창구,북면,4812131000,20.0,35.3038179212773,128.598246428395,point,5,3,1.667,11,7,1.571,20,14,1.429,159.8,159.8,5,9,16,159.8,0,1,1,469.6,0,1,3,301.9,0,0,0,2371.1,0,0,0,1145.7,0,0,0,5813.9,0,0,0,2401.0,63.0,4,88.0,8,137.0,15,1570.3,4,3108.6,8,5167.1,15
CC0072,어린이집,childcare,무동아이별어린이집,의창구,북면,4812131000,20.0,35.3178613927475,128.583010939023,point,1,1,1.0,1,1,1.0,7,6,1.167,151.8,151.8,0,0,5,719.1,0,0,1,719.1,1,1,2,151.8,0,0,1,719.1,0,0,0,1416.4,0,0,0,7458.9,0,0,0,3135.2,0.0,0,0.0,0,31.0,4,0.0,0,0.0,0,2834.7,4
CC0073,어린이집,childcare,무지개꼬마숲어린이집,의창구,북면,4812131000,20.0,35.3043566393246,128.595239347987,point,2,2,1.0,10,6,1.667,26,20,1.3,209.6,209.6,1,8,23,209.6,0,1,1,431.0,1,1,3,270.3,0,0,0,2348.0,0,0,1,965.6,0,0,0,5889.5,0,0,0,2569.6,35.0,1,81.0,7,182.0,19,792.0,1,2841.2,7,9510.5,19
CC0074,어린이집,childcare,별하어린이집,의창구,북면,4812131000,20.0,35.3038179212773,128.598246428395,point,5,3,1.667,11,7,1.571,20,14,1.429,159.8,159.8,5,9,16,159.8,0,1,1,469.6,0,1,3,301.9,0,0,0,2371.1,0,0,0,1145.7,0,0,0,5813.9,0,0,0,2401.0,63.0,4,88.0,8,137.0,15,1570.3,4,3108.6,8,5167.1,15
CC0075,어린이집,childcare,아가별꽃어린이집,의창구,북면,4812131000,20.0,35.3039458671165,128.590114589777,point,0,0,,0,0,,41,32,1.281,537.3,537.3,0,0,38,537.3,0,0,1,593.9,0,0,2,678.2,0,0,0,2261.3,0,0,3,663.7,0,0,0,5892.6,0,0,0,2975.2,0.0,0,0.0,0,288.0,29,0.0,0,0.0,0,17204.2,29
CC0076,어린이집,childcare,아이꽃어린이집,의창구,북면,4812131000,20.0,35.3202538511807,128.584442735525,point,1,1,1.0,3,2,1.5,12,11,1.091,262.6,262.6,0,1,10,427.2,0,1,1,427.2,1,2,2,262.6,0,1,1,427.2,0,0,0,1122.4,0,0,0,7715.0,0,0,0,3009.0,0.0,0,10.0,1,49.0,8,0.0,0,997.6,1,4983.9,8
CC0077,어린이집,childcare,재미난어린이집,의창구,북면,4812131000,15.0,35.3038179212773,128.598246428395,point,5,3,1.667,11,7,1.571,20,14,1.429,159.8,159.8,5,9,16,159.8,0,1,1,469.6,0,1,3,301.9,0,0,0,2371.1,0,0,0,1145.7,0,0,0,5813.9,0,0,0,2401.0,63.0,4,88.0,8,137.0,15,1570.3,4,3108.6,8,5167.1,15
CC0078,어린이집,childcare,행복한어린이집,의창구,북면,4812131000,20.0,35.3590737945429,128.577991061244,point,0,0,,0,0,,0,0,,1395.8,1395.8,0,0,0,1395.8,0,0,0,1483.0,0,0,0,1483.0,0,0,0,1461.7,0,0,0,1483.0,0,0,0,12054.5,0,0,0,5745.8,0.0,0,0.0,0,0.0,0,0.0,0,0.0,0,0.0,0
CC0079,어린이집,childcare,힐스도담어린이집,의창구,북면,4812131000,20.0,35.3026690822443,128.582815061682,point,0,0,,0,0,,26,23,1.13,592.7,592.7,0,0,25,592.7,0,0,0,1142.3,0,0,1,837.2,0,0,0,2379.0,0,0,3,646.6,0,0,0,5781.3,0,0,0,3616.5,0.0,0,0.0,0,174.0,17,0.0,0,0.0,0,13283.8,17
CC0080,어린이집,childcare,창원시립 유니시티1단지어린이집,의창구,의창동,4812151000,82.0,35.2547175932958,128.626231704119,point,3,3,1.0,3,3,1.0,271,93,2.914,0.0,0.0,0,0,251,706.3,3,3,14,0.0,0,0,21,599.1,0,0,0,4571.5,0,0,5,681.6,0,0,0,2371.5,0,0,1,681.6,0.0,0,0.0,0,2454.0,178,0.0,0,0.0,0,169430.5,178
CC0081,어린이집,childcare,창원시립 유니시티2단지어린이집,의창구,의창동,4812151000,80.0,35.2558518094659,128.627509755732,point,3,3,1.0,3,3,1.0,67,50,1.34,171.4,171.4,0,0,46,726.7,3,3,9,171.4,0,0,18,575.8,0,0,0,4739.6,0,0,2,575.8,0,0,0,2507.9,0,0,1,575.8,0.0,0,0.0,0,1107.0,38,0.0,0,0.0,0,83153.0,38
CC0082,어린이집,childcare,창원시립 유니시티3단지어린이집,의창구,명곡동,4812153000,84.0,35.2560183190756,128.632008043113,point,2,2,1.0,8,8,1.0,35,34,1.029,169.1,169.1,0,3,17,403.1,2,2,5,169.1,0,3,12,370.7,0,0,0,4982.3,0,0,2,778.3,0,0,0,2913.8,0,0,1,778.3,0.0,0,18.0,2,206.0,15,0.0,0,177.5,2,2776.2,15
CC0083,어린이집,childcare,창원시립 유니시티4단지어린이집,의창구,명곡동,4812153000,77.0,35.2547055381178,128.62941164714,point,2,2,1.0,4,4,1.0,192,67,2.866,0.0,0.0,0,0,168,666.1,2,4,10,0.0,0,0,23,624.3,0,0,0,4727.4,0,0,2,756.5,0,0,0,2657.8,0,0,1,756.5,0.0,0,0.0,0,1657.0,96,0.0,0,0.0,0,101537.9,96
CC0084,어린이집,childcare,창원시립 의안어린이집,의창구,의창동,4812151000,70.0,35.2532372194837,128.621123262704,point,2,2,1.0,45,24,1.875,465,130,3.577,111.5,111.5,0,39,435,312.5,1,5,20,221.0,1,5,33,111.5,0,0,0,4200.9,0,0,17,601.1,0,0,0,1889.1,0,0,5,776.9,0.0,0,836.0,34,5106.0,280,0.0,0,54521.3,34,335382.0,280
CC0085,어린이집,childcare,다숲어린이집,의창구,의창동,4812151000,23.0,35.2610210936584,128.619938884659,point,11,10,1.1,21,18,1.167,44,41,1.073,127.2,127.2,3,7,17,158.9,0,1,3,472.5,7,12,23,127.2,0,0,0,4945.3,1,1,2,202.8,0,0,0,2064.4,0,0,1,534.8,17.0,3,21.0,5,130.0,13,543.7,3,792.1,5,3800.5,13
CC0086,어린이집,childcare,소답어린이집,의창구,의창동,4812151000,38.0,35.2664532963296,128.626085477842,point,4,4,1.0,10,10,1.0,26,24,1.083,65.3,65.3,4,8,15,65.3,0,0,0,1095.1,0,2,10,420.0,0,0,0,5340.1,0,0,2,622.4,0,0,0,2863.3,0,0,1,622.4,40.0,3,94.0,7,192.0,13,1977.2,3,2468.4,7,4169.2,13
CC0087,어린이집,childcare,오즈놀이스쿨어린이집,의창구,의창동,4812151000,70.0,35.2670705151491,128.621549274461,point,1,1,1.0,7,7,1.0,34,31,1.097,123.5,123.5,1,5,14,123.5,0,0,0,1154.3,0,2,19,474.9,0,0,0,5591.4,0,0,2,716.1,0,0,0,2584.1,0,0,1,791.9,3.0,1,45.0,5,113.0,11,58.0,1,2118.1,5,3177.4,11
CC0088,어린이집,childcare,창원어린이집,의창구,의창동,4812151000,21.0,35.2673521627116,128.623516701617,point,3,3,1.0,6,6,1.0,26,25,1.04,187.2,187.2,3,6,11,187.2,0,0,0,1198.0,0,0,14,523.2,0,0,0,5438.1,0,0,2,751.2,0,0,0,2739.6,0,0,1,751.2,8.0,3,45.0,5,111.0,10,336.5,3,2118.1,5,3012.0,10
CC0089,어린이집,childcare,코끼리영재어린이집,의창구,의창동,4812151000,110.0,35.2658113695543,128.627183585462,point,6,6,1.0,10,10,1.0,31,29,1.069,72.6,72.6,6,8,17,72.6,0,0,0,1038.6,0,2,13,315.5,0,0,0,5322.2,0,0,2,564.6,0,0,0,2905.6,0,0,1,564.6,89.0,5,94.0,7,193.0,14,2327.4,5,2468.4,7,4296.6,14
CC0090,어린이집,childcare,큰별예나어린이집,의창구,의창동,4812151000,38.0,35.2645826033027,128.624665541891,point,4,4,1.0,16,15,1.067,38,34,1.118,63.4,63.4,4,10,18,63.4,0,0,2,883.5,0,5,17,311.5,0,0,0,5476.2,0,2,2,427.2,0,0,0,2639.2,0,1,1,427.2,40.0,3,109.0,9,194.0,14,1972.2,3,2924.9,9,4334.6,14
CC0091,어린이집,childcare,아이도담어린이집,의창구,의창동,4812151000,20.0,35.2640686961571,128.62366095345,point,5,5,1.0,17,16,1.062,39,35,1.114,115.4,115.4,3,10,18,115.4,0,0,2,834.9,2,6,18,205.2,0,0,0,5387.2,0,2,2,406.2,0,0,0,2531.5,0,1,1,407.3,8.0,3,109.0,9,194.0,14,331.5,3,2924.9,9,4334.6,14
CC0092,어린이집,childcare,행복어린이집,의창구,의창동,4812151000,20.0,35.2607599825505,128.598416418663,point,1,1,1.0,1,1,1.0,38,11,3.455,238.4,238.4,1,1,28,238.4,0,0,5,744.1,0,0,5,869.5,0,0,0,4242.9,0,0,2,729.4,0,0,0,1049.1,0,0,0,1236.3,15.0,1,15.0,1,172.0,16,474.0,1,474.0,1,11789.6,16
CC0093,어린이집,childcare,창원시립 힐스아티움어린이집,의창구,팔룡동,4812152000,65.0,35.2359730407647,128.641920500113,point,9,7,1.286,71,13,5.462,181,88,2.057,136.6,136.6,0,55,111,333.0,2,4,29,264.6,4,17,46,136.6,0,0,0,4220.4,5,7,17,164.6,0,0,0,3609.9,3,3,5,164.6,0.0,0,397.0,45,1083.0,84,0.0,0,30131.7,45,74074.8,84
CC0094,어린이집,childcare,세계어린이집,의창구,팔룡동,4812152000,40.0,35.2612430589657,128.615741094345,point,17,15,1.133,23,20,1.15,41,38,1.079,26.3,26.3,5,9,12,118.3,0,0,2,621.1,12,14,26,26.3,0,0,0,4842.6,0,0,2,584.2,0,0,0,1762.7,0,0,1,917.6,16.0,3,36.0,6,44.0,9,475.8,3,1332.1,6,1663.6,9
CC0095,어린이집,childcare,보광어린이집,의창구,팔룡동,4812152000,28.0,35.2609575262474,128.617570506808,point,14,12,1.167,23,20,1.15,42,39,1.077,35.7,35.7,4,8,13,168.9,0,0,2,508.9,10,14,26,35.7,0,0,0,4864.1,0,1,2,415.4,0,0,0,1878.7,0,0,1,750.1,4.0,2,36.0,6,44.0,9,252.6,2,1332.1,6,1663.6,9
CC0096,어린이집,childcare,예명산새소리어린이집,의창구,팔룡동,4812152000,78.0,35.254760041145,128.615225876439,point,0,0,,3,3,1.0,401,150,2.673,448.7,448.7,0,1,346,448.7,0,1,27,474.8,0,0,66,510.9,0,0,0,4144.4,0,1,22,460.1,0,0,0,1391.0,0,0,5,720.7,0.0,0,5.0,1,5058.0,239,0.0,0,399.8,1,389079.9,239
CC0097,어린이집,childcare,큰한샘어린이집,의창구,팔룡동,4812152000,79.0,35.2596119370374,128.613181435673,point,13,11,1.182,20,18,1.111,68,41,1.659,47.1,47.1,6,6,34,47.1,0,0,3,683.0,7,14,32,131.7,0,0,0,4604.3,0,0,4,821.2,0,0,0,1467.7,0,0,1,964.8,19.0,3,19.0,3,240.0,21,788.4,3,788.4,3,15365.8,21
CC0098,어린이집,childcare,한샘어린이집,의창구,팔룡동,4812152000,57.0,35.2586122243799,128.6123014055,point,8,8,1.0,19,17,1.118,123,67,1.836,119.8,119.8,3,6,79,158.5,0,0,15,647.8,5,13,43,119.8,0,0,0,4476.7,0,0,11,829.1,0,0,0,1336.8,0,0,2,829.1,17.0,2,19.0,3,1145.0,61,623.0,2,788.4,3,71591.6,61
CC0099,어린이집,childcare,햇님어린이집,의창구,팔룡동,4812152000,92.0,35.2610417354333,128.614424047024,point,15,13,1.154,23,21,1.095,42,38,1.105,68.2,68.2,5,7,11,152.9,0,0,2,684.0,10,16,28,68.2,0,0,0,4787.3,0,0,1,701.7,0,0,0,1655.5,0,0,0,1036.6,19.0,3,21.0,4,41.0,8,788.4,3,875.6,4,1473.1,8
CC0100,어린이집,childcare,꼬망쎄어린이집,의창구,팔룡동,4812152000,20.0,35.2532189975817,128.617940132864,point,2,2,1.0,27,17,1.588,397,152,2.612,215.3,215.3,0,23,352,372.6,1,2,26,236.8,1,2,56,215.3,0,0,0,4075.4,0,1,20,481.2,0,0,0,1600.9,0,0,6,738.9,0.0,0,508.0,22,5094.0,248,0.0,0,23541.5,22,436324.0,248
CC0101,어린이집,childcare,꿈나래어린이집,의창구,팔룡동,4812152000,19.0,35.2532189975817,128.617940132864,point,2,2,1.0,27,17,1.588,397,152,2.612,215.3,215.3,0,23,352,372.6,1,2,26,236.8,1,2,56,215.3,0,0,0,4075.4,0,1,20,481.2,0,0,0,1600.9,0,0,6,738.9,0.0,0,508.0,22,5094.0,248,0.0,0,23541.5,22,436324.0,248
CC0102,어린이집,childcare,꿈쟁이어린이집,의창구,팔룡동,4812152000,18.0,35.2546643402138,128.614009693406,point,0,0,,2,2,1.0,434,153,2.837,424.4,424.4,0,1,375,446.2,0,0,34,555.3,0,0,72,514.4,0,0,0,4098.9,0,1,26,424.4,0,0,0,1281.5,0,0,5,617.1,0.0,0,5.0,1,5004.0,259,0.0,0,399.8,1,379738.8,259
CC0103,어린이집,childcare,누리천사어린이집,의창구,팔룡동,4812152000,20.0,35.2546643402138,128.614009693406,point,0,0,,2,2,1.0,434,153,2.837,424.4,424.4,0,1,375,446.2,0,0,34,555.3,0,0,72,514.4,0,0,0,4098.9,0,1,26,424.4,0,0,0,1281.5,0,0,5,617.1,0.0,0,5.0,1,5004.0,259,0.0,0,399.8,1,379738.8,259
CC0104,어린이집,childcare,동화어린이집,의창구,팔룡동,4812152000,19.0,35.2534998092746,128.619644939152,point,2,2,1.0,31,18,1.722,453,128,3.539,111.5,111.5,0,28,415,339.2,1,2,19,207.0,1,2,39,111.5,0,0,0,4167.8,0,0,16,576.0,0,0,0,1758.8,0,0,5,775.4,0.0,0,560.0,26,4957.0,261,0.0,0,26918.5,26,337206.0,261
CC0105,어린이집,childcare,배꼽또래어린이집,의창구,팔룡동,4812152000,17.0,35.2532189975817,128.617940132864,point,2,2,1.0,27,17,1.588,397,152,2.612,215.3,215.3,0,23,352,372.6,1,2,26,236.8,1,2,56,215.3,0,0,0,4075.4,0,1,20,481.2,0,0,0,1600.9,0,0,6,738.9,0.0,0,508.0,22,5094.0,248,0.0,0,23541.5,22,436324.0,248
CC0106,어린이집,childcare,벽산어린이집,의창구,팔룡동,4812152000,17.0,35.2537225906092,128.616484712644,point,0,0,,7,6,1.167,407,163,2.497,358.9,358.9,0,3,352,466.5,0,2,30,372.0,0,1,67,358.9,0,0,0,4076.4,0,1,24,417.7,0,0,0,1478.0,0,0,7,790.4,0.0,0,37.0,3,5535.0,253,0.0,0,3621.6,3,434671.0,253
CC0107,어린이집,childcare,새하얀어린이집,의창구,팔룡동,4812152000,19.0,35.2547061407493,128.617297396425,point,0,0,,3,3,1.0,335,124,2.702,324.8,324.8,0,0,287,531.8,0,2,18,324.8,0,1,50,351.7,0,0,0,4205.2,0,0,13,548.9,0,0,0,1572.3,0,0,4,893.0,0.0,0,0.0,0,4021.0,192,0.0,0,0.0,0,308459.0,192
CC0108,어린이집,childcare,큰자람어린이집,의창구,팔룡동,4812152000,19.0,35.2537225906092,128.616484712644,point,0,0,,7,6,1.167,407,163,2.497,358.9,358.9,0,3,352,466.5,0,2,30,372.0,0,1,67,358.9,0,0,0,4076.4,0,1,24,417.7,0,0,0,1478.0,0,0,7,790.4,0.0,0,37.0,3,5535.0,253,0.0,0,3621.6,3,434671.0,253
CC0109,어린이집,childcare,키콕스 꿈드림 어린이집,의창구,팔룡동,4812152000,53.0,35.2403232181184,128.633265652012,point,163,30,5.433,216,59,3.661,542,152,3.566,81.2,81.2,154,199,493,104.4,3,8,35,120.3,10,17,53,81.2,0,0,0,3798.6,4,9,20,120.3,0,0,0,3230.1,0,2,3,453.9,662.0,46,1496.0,85,4204.0,291,44080.8,46,91155.5,85,259933.4,291
CC0110,어린이집,childcare,창원시립 가음꿈에그린어린이집,성산구,가음정동,4812355000,65.0,35.2091838110034,128.692882664331,point,0,0,,0,0,,16,10,1.6,541.7,541.7,0,0,8,583.7,0,0,2,541.7,0,0,4,600.8,0,0,0,1647.8,0,0,5,583.7,0,0,0,5687.2,0,0,4,583.7,0.0,0,0.0,0,3777.0,4,0.0,0,0.0,0,354611.7,4
CC0111,어린이집,childcare,창원시립 가음더샵어린이집,성산구,가음정동,4812355000,65.0,35.2091374207354,128.697649307265,point,0,0,,0,0,,15,12,1.25,612.0,612.0,0,0,5,815.4,0,0,4,757.4,0,0,5,612.0,0,0,0,1696.0,0,0,3,758.0,0,0,0,5657.7,0,0,3,758.0,0.0,0,0.0,0,1420.0,3,0.0,0,0.0,0,103129.6,3
CC0112,어린이집,childcare,창원시립 가음어린이집,성산구,가음정동,4812355000,140.0,35.2057171926003,128.701809228081,point,3,3,1.0,4,4,1.0,33,20,1.65,122.1,122.1,0,0,18,690.7,1,2,9,225.1,2,2,9,122.1,0,0,0,1495.8,1,1,6,225.1,0,0,0,5284.5,1,1,5,225.1,0.0,0,0.0,0,1726.0,13,0.0,0,0.0,0,127547.8,13
CC0113,어린이집,childcare,창원시립 센텀푸르지오어린이집,성산구,가음정동,4812355000,75.0,35.2083863980488,128.690955810184,point,0,0,,9,3,3.0,19,11,1.727,446.1,446.1,0,6,10,452.6,0,1,3,446.1,0,0,4,549.0,0,0,0,1570.4,0,3,7,452.6,0,0,0,5618.6,0,2,5,452.6,0.0,0,2615.0,2,4132.0,6,0.0,0,245218.8,2,380978.4,6
CC0114,어린이집,childcare,창원시립 조은어린이집,성산구,가음정동,4812355000,39.0,35.2109673229264,128.702937401613,point,0,0,,1,1,1.0,8,8,1.0,394.6,394.6,0,0,1,724.9,0,0,3,596.7,0,1,4,394.6,0,0,0,2055.2,0,0,1,771.5,0,0,0,5872.2,0,0,1,771.5,0.0,0,0.0,0,8.0,1,0.0,0,0.0,0,67.5,1
CC0115,어린이집,childcare,창원시립 창원YWCA어린이집,성산구,가음정동,4812355000,114.0,35.2061564698212,128.699125915863,point,0,0,,3,3,1.0,37,22,1.682,368.0,368.0,0,0,22,639.4,0,1,8,437.3,0,2,8,368.0,0,0,0,1425.1,0,1,8,437.3,0,0,0,5326.1,0,1,5,437.3,0.0,0,0.0,0,2216.0,16,0.0,0,0.0,0,180358.1,16
CC0116,어린이집,childcare,근로복지공단 창원어린이집,성산구,가음정동,4812355000,268.0,35.213395966518,128.700556219213,point,1,1,1.0,1,1,1.0,7,7,1.0,72.7,72.7,0,0,1,726.4,0,0,2,615.3,1,1,4,72.7,0,0,0,2224.0,0,0,0,1067.4,0,0,0,6131.6,0,0,0,1067.4,0.0,0,0.0,0,8.0,1,0.0,0,0.0,0,67.5,1
CC0117,어린이집,childcare,더샵늘푸른어린이집,성산구,가음정동,4812355000,53.0,35.2096723770764,128.696319143169,point,0,0,,0,0,,17,11,1.545,629.7,629.7,0,0,6,777.4,0,0,4,722.4,0,0,5,629.7,0,0,0,1728.4,0,0,4,777.4,0,0,0,5720.5,0,0,3,777.4,0.0,0,0.0,0,2615.0,2,0.0,0,0.0,0,245218.8,2
CC0118,어린이집,childcare,더샵어린이집,성산구,가음정동,4812355000,51.0,35.2080061926996,128.6996799968,point,0,0,,2,2,1.0,32,19,1.684,433.4,433.4,0,0,18,850.6,0,0,8,544.3,0,2,8,433.4,0,0,0,1634.1,0,0,5,544.3,0,0,0,5531.9,0,0,4,544.3,0.0,0,0.0,0,1726.0,13,0.0,0,0.0,0,127547.8,13
CC0119,어린이집,childcare,솔라어린이집,성산구,가음정동,4812355000,27.0,35.2114225475062,128.702846324091,point,0,0,,1,1,1.0,8,8,1.0,347.4,347.4,0,0,1,691.0,0,0,3,645.3,0,1,4,347.4,0,0,0,2097.1,0,0,1,822.2,0,0,0,5922.1,0,0,1,822.2,0.0,0,0.0,0,8.0,1,0.0,0,0.0,0,67.5,1
CC0120,어린이집,childcare,하늘빛어린이집,성산구,가음정동,4812355000,39.0,35.2091950057862,128.703813539868,point,0,0,,2,2,1.0,7,7,1.0,386.4,386.4,0,0,1,851.9,0,1,2,386.4,0,1,4,448.8,0,0,0,1920.2,0,0,1,577.6,0,0,0,5681.9,0,0,1,577.6,0.0,0,0.0,0,8.0,1,0.0,0,0.0,0,67.5,1
CC0121,어린이집,childcare,동화속어린이집,성산구,가음정동,4812355000,18.0,35.2115144000928,128.700447461845,point,1,1,1.0,1,1,1.0,8,8,1.0,280.8,280.8,0,0,1,843.6,0,0,3,776.7,1,1,4,280.8,0,0,0,2023.1,0,0,1,867.8,0,0,0,5922.6,0,0,1,867.8,0.0,0,0.0,0,8.0,1,0.0,0,0.0,0,67.5,1
CC0122,어린이집,childcare,맑은숲어린이집,성산구,가음정동,4812355000,11.0,35.2091976362463,128.700633691583,point,0,0,,1,1,1.0,9,9,1.0,492.4,492.4,0,0,0,1002.8,0,0,4,592.5,0,1,5,492.4,0,0,0,1789.4,0,0,1,619.1,0,0,0,5666.1,0,0,1,619.1,0.0,0,0.0,0,0.0,0,0.0,0,0.0,0,0.0,0
CC0123,어린이집,childcare,아기별어린이집,성산구,가음정동,4812355000,18.0,35.2115144000928,128.700447461845,point,1,1,1.0,1,1,1.0,8,8,1.0,280.8,280.8,0,0,1,843.6,0,0,3,776.7,1,1,4,280.8,0,0,0,2023.1,0,0,1,867.8,0,0,0,5922.6,0,0,1,867.8,0.0,0,0.0,0,8.0,1,0.0,0,0.0,0,67.5,1
CC0124,어린이집,childcare,아이마중어린이집,성산구,가음정동,4812355000,20.0,35.2050174850343,128.699936455575,point,2,2,1.0,3,3,1.0,45,24,1.875,276.8,276.8,0,0,28,550.2,0,1,10,313.8,2,2,10,276.8,0,0,0,1342.8,0,1,10,313.8,0,0,0,5200.7,0,1,7,313.8,0.0,0,0.0,0,2422.0,21,0.0,0,0.0,0,203904.8,21
CC0125,어린이집,childcare,여우오줌어린이집,성산구,가음정동,4812355000,20.0,35.214197765992,128.702512476959,point,1,1,1.0,1,1,1.0,6,6,1.0,162.3,162.3,0,0,1,527.4,0,0,2,536.8,1,1,3,162.3,0,0,0,2368.0,0,0,0,1131.2,0,0,0,6227.8,0,0,0,1131.2,0.0,0,0.0,0,8.0,1,0.0,0,0.0,0,67.5,1
CC0126,어린이집,childcare,존조리어린이집,성산구,가음정동,4812355000,20.0,35.2146003695465,128.702945976602,point,1,1,1.0,3,3,1.0,5,5,1.0,210.4,210.4,0,1,1,473.7,0,0,2,504.3,1,2,2,210.4,0,0,0,2424.1,0,0,0,1087.9,0,0,0,6274.7,0,0,0,1174.5,0.0,0,8.0,1,8.0,1,0.0,0,67.5,1,67.5,1
CC0127,어린이집,childcare,창원코알라어린이집,성산구,가음정동,4812355000,11.0,35.2072995436345,128.694640827176,point,0,0,,5,5,1.0,40,21,1.905,414.6,414.6,0,1,25,477.3,0,2,6,420.7,0,2,8,414.6,0,0,0,1446.2,0,1,9,477.3,0,0,0,5465.7,0,1,7,477.3,0.0,0,250.0,1,5345.0,16,0.0,0,41591.5,1,447893.6,16
CC0128,어린이집,childcare,청솔어린이집,성산구,가음정동,4812355000,19.0,35.2115144000928,128.700447461845,point,1,1,1.0,1,1,1.0,8,8,1.0,280.8,280.8,0,0,1,843.6,0,0,3,776.7,1,1,4,280.8,0,0,0,2023.1,0,0,1,867.8,0,0,0,5922.6,0,0,1,867.8,0.0,0,0.0,0,8.0,1,0.0,0,0.0,0,67.5,1
CC0129,어린이집,childcare,토마토어린이집,성산구,가음정동,4812355000,20.0,35.2114225475062,128.702846324091,point,0,0,,1,1,1.0,8,8,1.0,347.4,347.4,0,0,1,691.0,0,0,3,645.3,0,1,4,347.4,0,0,0,2097.1,0,0,1,822.2,0,0,0,5922.1,0,0,1,822.2,0.0,0,0.0,0,8.0,1,0.0,0,0.0,0,67.5,1
CC0130,어린이집,childcare,팝콘어린이집,성산구,가음정동,4812355000,19.0,35.213937217347,128.703166355558,point,1,1,1.0,2,2,1.0,6,6,1.0,221.1,221.1,0,1,1,487.5,0,0,2,580.5,1,1,3,221.1,0,0,0,2363.7,0,0,0,1100.8,0,0,0,6202.5,0,0,0,1100.8,0.0,0,8.0,1,8.0,1,0.0,0,67.5,1,67.5,1
CC0131,어린이집,childcare,LG전자창원어린이집,성산구,가음정동,4812355000,90.0,35.206717250678,128.687894888884,point,7,1,7.0,10,4,2.5,53,25,2.12,144.2,144.2,5,7,35,144.2,0,1,13,427.8,0,0,16,578.4,0,0,0,1450.9,2,4,16,144.2,0,0,0,5331.7,1,3,9,144.2,2365.0,1,3465.0,3,7212.0,30,203627.3,1,315275.0,3,778511.8,30
CC0132,어린이집,childcare,창원시립 반송어린이집,성산구,반송동,4812351000,95.0,35.2358298524995,128.669543020891,point,2,2,1.0,7,4,1.75,52,15,3.467,121.5,121.5,1,1,37,121.5,0,4,8,441.4,1,1,4,143.0,0,0,0,5076.7,0,1,4,482.2,0,0,0,5742.1,0,0,2,784.1,5.0,1,5.0,1,50.0,19,22.4,1,22.4,1,1021.7,19
CC0133,어린이집,childcare,노블파크어린이집,성산구,반송동,4812351000,54.0,35.2378503860223,128.667392671865,point,0,0,,10,7,1.429,53,16,3.312,372.0,372.0,0,1,35,391.8,0,3,10,490.4,0,3,4,412.9,0,0,0,5244.5,0,3,5,372.0,0,0,0,5662.7,0,1,3,498.7,0.0,0,5.0,1,45.0,18,0.0,0,22.4,1,906.1,18
CC0134,어린이집,childcare,에덴어린이집,성산구,반송동,4812351000,50.0,35.2392142983983,128.679175002219,point,1,1,1.0,6,6,1.0,16,16,1.0,227.4,227.4,0,0,1,846.4,1,2,2,227.4,0,4,13,428.7,0,0,0,4669.0,0,0,0,1121.8,0,0,0,6696.0,0,0,0,1181.5,0.0,0,0.0,0,5.0,1,0.0,0,0.0,0,22.4,1
CC0135,어린이집,childcare,트리비앙 미소어린이집,성산구,반송동,4812351000,57.0,35.2333268971177,128.673698712421,point,0,0,,2,2,1.0,26,21,1.238,355.0,355.0,0,1,11,374.2,0,0,10,512.3,0,1,3,355.0,0,0,0,4670.9,0,0,5,612.6,0,0,0,5987.3,0,0,3,612.6,0.0,0,5.0,1,35.0,8,0.0,0,22.4,1,696.2,8
CC0136,어린이집,childcare,럭키해뜰어린이집,성산구,반송동,4812351000,19.0,35.2387919361731,128.668925537975,point,0,0,,3,3,1.0,16,13,1.231,378.7,378.7,0,1,1,378.7,0,0,7,588.6,0,1,4,394.8,0,0,0,5085.7,0,1,4,439.3,0,0,0,5834.6,0,0,2,594.1,0.0,0,5.0,1,5.0,1,0.0,0,22.4,1,22.4,1
CC0137,어린이집,childcare,루리어린이집,성산구,반송동,4812351000,20.0,35.2333268971177,128.673698712421,point,0,0,,2,2,1.0,26,21,1.238,355.0,355.0,0,1,11,374.2,0,0,10,512.3,0,1,3,355.0,0,0,0,4670.9,0,0,5,612.6,0,0,0,5987.3,0,0,3,612.6,0.0,0,5.0,1,35.0,8,0.0,0,22.4,1,696.2,8
CC0138,어린이집,childcare,민트어린이집,성산구,반송동,4812351000,20.0,35.2379828949569,128.666036142901,point,1,1,1.0,9,6,1.5,54,17,3.176,280.5,280.5,0,0,35,504.1,0,3,11,456.8,0,3,4,353.2,0,0,0,5293.3,1,3,5,280.5,0,0,0,5559.9,0,1,3,385.4,0.0,0,0.0,0,45.0,18,0.0,0,0.0,0,906.1,18
CC0139,어린이집,childcare,새새순어린이집,성산구,반송동,4812351000,20.0,35.2428929998901,128.664884373798,point,0,0,,5,5,1.0,18,15,1.2,312.1,312.1,0,0,2,959.7,0,0,6,808.7,0,3,4,340.0,0,0,0,4890.5,0,2,6,312.1,0,0,0,5745.9,0,1,4,388.1,0.0,0,0.0,0,5.0,1,0.0,0,0.0,0,22.4,1
CC0140,어린이집,childcare,소담어린이집,성산구,반송동,4812351000,16.0,35.2449735142223,128.669890095621,point,0,0,,1,1,1.0,13,13,1.0,439.5,439.5,0,0,1,726.6,0,0,3,915.4,0,0,5,735.5,0,0,0,4447.6,0,1,4,439.5,0,0,0,6254.0,0,1,3,439.5,0.0,0,0.0,0,0.0,0,0.0,0,0.0,0,0.0,0
CC0141,어린이집,childcare,슬기어린이집,성산구,반송동,4812351000,20.0,35.2387919361731,128.668925537975,point,0,0,,3,3,1.0,16,13,1.231,378.7,378.7,0,1,1,378.7,0,0,7,588.6,0,1,4,394.8,0,0,0,5085.7,0,1,4,439.3,0,0,0,5834.6,0,0,2,594.1,0.0,0,5.0,1,5.0,1,0.0,0,22.4,1,22.4,1
CC0142,어린이집,childcare,아이뽀어린이집,성산구,반송동,4812351000,20.0,35.2379828949569,128.666036142901,point,1,1,1.0,9,6,1.5,54,17,3.176,280.5,280.5,0,0,35,504.1,0,3,11,456.8,0,3,4,353.2,0,0,0,5293.3,1,3,5,280.5,0,0,0,5559.9,0,1,3,385.4,0.0,0,0.0,0,45.0,18,0.0,0,0.0,0,906.1,18
CC0143,어린이집,childcare,아이친구어린이집,성산구,반송동,4812351000,19.0,35.2389088714804,128.676705701823,point,2,2,1.0,2,2,1.0,15,15,1.0,0.0,0.0,0,0,1,634.4,2,2,2,0.0,0,0,12,620.7,0,0,0,4777.1,0,0,0,1130.4,0,0,0,6477.2,0,0,0,1136.9,0.0,0,0.0,0,5.0,1,0.0,0,0.0,0,22.4,1
CC0144,어린이집,childcare,예랑어린이집,성산구,반송동,4812351000,14.0,35.2333268971177,128.673698712421,point,0,0,,2,2,1.0,26,21,1.238,355.0,355.0,0,1,11,374.2,0,0,10,512.3,0,1,3,355.0,0,0,0,4670.9,0,0,5,612.6,0,0,0,5987.3,0,0,3,612.6,0.0,0,5.0,1,35.0,8,0.0,0,22.4,1,696.2,8
CC0145,어린이집,childcare,웃는아이어린이집,성산구,반송동,4812351000,20.0,35.2333268971177,128.673698712421,point,0,0,,2,2,1.0,26,21,1.238,355.0,355.0,0,1,11,374.2,0,0,10,512.3,0,1,3,355.0,0,0,0,4670.9,0,0,5,612.6,0,0,0,5987.3,0,0,3,612.6,0.0,0,5.0,1,35.0,8,0.0,0,22.4,1,696.2,8
CC0146,어린이집,childcare,작은별어린이집,성산구,반송동,4812351000,20.0,35.2402236416446,128.664461258179,point,5,5,1.0,5,5,1.0,53,15,3.533,14.6,14.6,0,0,35,764.6,0,0,10,599.3,3,3,4,128.9,0,0,0,5157.7,2,2,7,14.6,0,0,0,5556.5,1,1,5,175.7,0.0,0,0.0,0,45.0,18,0.0,0,0.0,0,906.1,18
CC0147,어린이집,childcare,좋은어린이집,성산구,반송동,4812351000,19.0,35.2452763456527,128.669757886977,point,0,0,,1,1,1.0,13,13,1.0,409.0,409.0,0,0,1,691.0,0,0,3,946.7,0,0,5,702.2,0,0,0,4425.4,0,1,4,409.0,0,0,0,6262.1,0,1,3,409.0,0.0,0,0.0,0,0.0,0,0.0,0,0.0,0,0.0,0
CC0148,어린이집,childcare,참빛어린이집,성산구,반송동,4812351000,19.0,35.2380516567106,128.673859397374,point,2,2,1.0,4,4,1.0,15,12,1.25,132.2,132.2,0,1,1,370.8,2,2,6,132.2,0,1,6,360.4,0,0,0,4963.1,0,0,2,893.1,0,0,0,6202.0,0,0,0,1050.6,0.0,0,5.0,1,5.0,1,0.0,0,22.4,1,22.4,1
CC0149,어린이집,childcare,트리키즈어린이집,성산구,반송동,4812351000,20.0,35.2333268971177,128.673698712421,point,0,0,,2,2,1.0,26,21,1.238,355.0,355.0,0,1,11,374.2,0,0,10,512.3,0,1,3,355.0,0,0,0,4670.9,0,0,5,612.6,0,0,0,5987.3,0,0,3,612.6,0.0,0,5.0,1,35.0,8,0.0,0,22.4,1,696.2,8
CC0150,어린이집,childcare,푸른초장 어린이집,성산구,반송동,4812351000,19.0,35.2377597370357,128.67526711791,point,2,2,1.0,4,4,1.0,14,14,1.0,0.0,0.0,0,1,2,456.3,2,2,3,0.0,0,1,9,441.4,0,0,0,4943.7,0,0,0,1025.2,0,0,0,6305.3,0,0,0,1025.2,0.0,0,5.0,1,5.0,1,0.0,0,22.4,1,22.4,1
CC0151,어린이집,childcare,하나둘셋어린이집,성산구,반송동,4812351000,20.0,35.2379828949569,128.666036142901,point,1,1,1.0,9,6,1.5,54,17,3.176,280.5,280.5,0,0,35,504.1,0,3,11,456.8,0,3,4,353.2,0,0,0,5293.3,1,3,5,280.5,0,0,0,5559.9,0,1,3,385.4,0.0,0,0.0,0,45.0,18,0.0,0,0.0,0,906.1,18
CC0152,어린이집,childcare,해솔어린이집,성산구,반송동,4812351000,20.0,35.2416554882797,128.655877163134,point,3,2,1.5,5,4,1.25,24,23,1.043,258.0,258.0,0,0,0,1029.1,3,4,5,258.0,0,1,15,469.3,0,0,0,5503.2,2,2,6,258.0,0,0,0,4995.1,2,2,4,258.0,0.0,0,0.0,0,0.0,0,0.0,0,0.0,0,0.0,0
CC0153,어린이집,childcare,햇살가득어린이집,성산구,반송동,4812351000,16.0,35.2387919361731,128.668925537975,point,0,0,,3,3,1.0,16,13,1.231,378.7,378.7,0,1,1,378.7,0,0,7,588.6,0,1,4,394.8,0,0,0,5085.7,0,1,4,439.3,0,0,0,5834.6,0,0,2,594.1,0.0,0,5.0,1,5.0,1,0.0,0,22.4,1,22.4,1
CC0154,어린이집,childcare,차일드-케어센터 희연병원 직장어린이집,성산구,반송동,4812351000,20.0,35.2399624063122,128.662558162498,point,5,5,1.0,7,7,1.0,52,14,3.714,0.0,0.0,0,0,35,791.9,0,1,9,435.8,3,3,4,50.4,0,0,0,5278.5,2,3,7,0.0,0,0,0,5393.1,1,2,5,0.0,0.0,0,0.0,0,45.0,18,0.0,0,0.0,0,906.1,18
CC0155,어린이집,childcare,창원시립 대방어린이집,성산구,사파동,4812354000,90.0,35.2039102156837,128.708637965722,point,0,0,,2,2,1.0,8,7,1.143,349.7,349.7,0,0,3,954.0,0,2,4,349.7,0,0,3,520.8,0,0,0,1776.3,0,1,2,499.2,0,0,0,5155.9,0,1,2,499.2,0.0,0,0.0,0,68.0,3,0.0,0,0.0,0,1552.1,3
CC0156,어린이집,childcare,창원시립 성산반도유보라어린이집,성산구,사파동,4812354000,41.0,35.2178319780537,128.70991152913,point,2,2,1.0,2,2,1.0,5,5,1.0,262.4,262.4,1,1,1,268.9,0,0,1,802.0,1,1,2,262.4,0,0,0,3028.0,0,0,1,709.0,0,0,0,6699.2,0,0,0,1651.8,8.0,1,8.0,1,8.0,1,67.5,1,67.5,1,67.5,1
CC0157,어린이집,childcare,상록어린이집,성산구,사파동,4812354000,68.0,35.2239880135078,128.698114029437,point,3,3,1.0,4,4,1.0,15,15,1.0,164.3,164.3,0,0,1,719.8,0,1,4,307.2,2,2,8,164.3,0,0,0,3323.3,1,1,3,270.5,0,0,0,7305.1,0,0,1,785.3,0.0,0,0.0,0,4.0,1,0.0,0,0.0,0,17.5,1
CC0158,어린이집,childcare,그린숲어린이집,성산구,사파동,4812354000,38.0,35.2062550646981,128.707388127672,point,1,1,1.0,4,4,1.0,5,5,1.0,122.6,122.6,0,0,0,1031.2,1,2,3,122.6,0,2,3,416.5,0,0,0,1861.3,0,1,2,458.3,0,0,0,5394.5,0,1,2,458.3,0.0,0,0.0,0,0.0,0,0.0,0,0.0,0,0.0,0
CC0159,어린이집,childcare,대동몬테소리어린이집,성산구,사파동,4812354000,55.0,35.2101450407943,128.709204335219,point,0,0,,0,0,,7,7,1.0,521.0,521.0,0,0,1,677.6,0,0,2,521.0,0,0,4,656.5,0,0,0,2292.1,0,0,1,875.0,0,0,0,5846.6,0,0,1,875.0,0.0,0,0.0,0,8.0,1,0.0,0,0.0,0,67.5,1
CC0160,어린이집,childcare,대방신비어린이집,성산구,사파동,4812354000,54.0,35.2148401938952,128.706240813652,point,2,2,1.0,2,2,1.0,6,6,1.0,202.3,202.3,1,1,1,202.3,0,0,2,644.0,1,1,2,212.3,0,0,0,2574.8,0,0,1,996.3,0,0,0,6326.5,0,0,0,1233.4,8.0,1,8.0,1,8.0,1,67.5,1,67.5,1,67.5,1
CC0161,어린이집,childcare,덕산이든어린이집,성산구,사파동,4812354000,22.0,35.2136189737478,128.706891481493,point,2,2,1.0,2,2,1.0,6,6,1.0,285.5,285.5,1,1,1,291.7,0,0,2,783.3,1,1,3,285.5,0,0,0,2485.5,0,0,0,1118.4,0,0,0,6198.6,0,0,0,1118.4,8.0,1,8.0,1,8.0,1,67.5,1,67.5,1,67.5,1
CC0162,어린이집,childcare,동성피노키오어린이집,성산구,사파동,4812354000,50.0,35.2189639383467,128.705022252354,point,0,0,,3,3,1.0,8,8,1.0,347.7,347.7,0,1,1,402.5,0,1,2,347.7,0,1,4,433.0,0,0,0,2943.9,0,0,1,568.1,0,0,0,6771.4,0,0,0,1308.9,0.0,0,8.0,1,8.0,1,0.0,0,67.5,1,67.5,1
CC0163,어린이집,childcare,아이꿈어린이집,성산구,사파동,4812354000,36.0,35.2035792069096,128.706880608511,point,0,0,,5,5,1.0,30,15,2.0,304.2,304.2,0,0,18,801.9,0,3,7,304.2,0,3,6,379.0,0,0,0,1627.4,0,2,7,342.5,0,0,0,5094.0,0,2,5,342.5,0.0,0,0.0,0,3790.0,13,0.0,0,0.0,0,282708.8,13
CC0164,어린이집,childcare,킨더하임어린이집,성산구,사파동,4812354000,39.0,35.205515470619,128.7108643453,point,0,0,,1,1,1.0,5,5,1.0,446.3,446.3,0,0,0,1211.8,0,1,3,446.3,0,0,3,717.4,0,0,0,2045.5,0,0,2,721.3,0,0,0,5369.4,0,0,2,721.3,0.0,0,0.0,0,0.0,0,0.0,0,0.0,0,0.0,0
CC0165,어린이집,childcare,하늘날다어린이집,성산구,사파동,4812354000,24.0,35.2128567995496,128.707799810397,point,0,0,,2,2,1.0,6,6,1.0,349.0,349.0,0,1,1,364.4,0,0,2,752.3,0,1,3,349.0,0,0,0,2457.4,0,0,0,1068.1,0,0,0,6125.2,0,0,0,1068.1,0.0,0,8.0,1,8.0,1,0.0,0,67.5,1,67.5,1
CC0166,어린이집,childcare,행복어린이집,성산구,사파동,4812354000,39.0,35.2074277712935,128.708700800323,point,1,1,1.0,1,1,1.0,7,7,1.0,276.0,276.0,0,0,1,970.4,1,1,3,276.0,0,0,4,575.0,0,0,0,2038.0,0,0,2,630.9,0,0,0,5541.6,0,0,2,630.9,0.0,0,0.0,0,8.0,1,0.0,0,0.0,0,67.5,1
CC0167,어린이집,childcare,동성나라어린이집,성산구,사파동,4812354000,20.0,35.2194766939923,128.70218850738,point,1,1,1.0,2,2,1.0,9,9,1.0,109.2,109.2,0,0,1,630.9,1,1,2,109.2,0,1,4,474.6,0,0,0,2912.5,0,0,2,655.3,0,0,0,6811.4,0,0,0,1046.3,0.0,0,0.0,0,8.0,1,0.0,0,0.0,0,67.5,1
CC0168,어린이집,childcare,디딤돌어린이집,성산구,사파동,4812354000,19.0,35.214999992587,128.705299860616,point,2,2,1.0,3,3,1.0,6,6,1.0,260.3,260.3,1,1,1,260.3,0,0,2,572.5,1,2,2,278.0,0,0,0,2551.8,0,0,1,989.2,0,0,0,6335.5,0,0,0,1234.2,8.0,1,8.0,1,8.0,1,67.5,1,67.5,1,67.5,1
CC0169,어린이집,childcare,라라어린이집,성산구,사파동,4812354000,14.0,35.2196811136787,128.692998756678,point,1,1,1.0,1,1,1.0,23,22,1.045,216.9,216.9,0,0,3,727.7,1,1,7,216.9,0,0,12,544.0,0,0,0,2812.7,1,1,2,216.9,0,0,0,6828.6,1,1,1,216.9,0.0,0,0.0,0,7.0,2,0.0,0,0.0,0,100.8,2
CC0170,어린이집,childcare,시온어린이집,성산구,사파동,4812354000,20.0,35.2136189737478,128.706891481493,point,2,2,1.0,2,2,1.0,6,6,1.0,285.5,285.5,1,1,1,291.7,0,0,2,783.3,1,1,3,285.5,0,0,0,2485.5,0,0,0,1118.4,0,0,0,6198.6,0,0,0,1118.4,8.0,1,8.0,1,8.0,1,67.5,1,67.5,1,67.5,1
CC0171,어린이집,childcare,코코몽어린이집,성산구,사파동,4812354000,15.0,35.2189639383467,128.705022252354,point,0,0,,3,3,1.0,8,8,1.0,347.7,347.7,0,1,1,402.5,0,1,2,347.7,0,1,4,433.0,0,0,0,2943.9,0,0,1,568.1,0,0,0,6771.4,0,0,0,1308.9,0.0,0,8.0,1,8.0,1,0.0,0,67.5,1,67.5,1
CC0172,어린이집,childcare,텔레토비어린이집,성산구,사파동,4812354000,20.0,35.2194766939923,128.70218850738,point,1,1,1.0,2,2,1.0,9,9,1.0,109.2,109.2,0,0,1,630.9,1,1,2,109.2,0,1,4,474.6,0,0,0,2912.5,0,0,2,655.3,0,0,0,6811.4,0,0,0,1046.3,0.0,0,0.0,0,8.0,1,0.0,0,0.0,0,67.5,1
CC0173,어린이집,childcare,황금똥 어린이집,성산구,사파동,4812354000,13.0,35.2101450407943,128.709204335219,point,0,0,,0,0,,7,7,1.0,521.0,521.0,0,0,1,677.6,0,0,2,521.0,0,0,4,656.5,0,0,0,2292.1,0,0,1,875.0,0,0,0,5846.6,0,0,1,875.0,0.0,0,0.0,0,8.0,1,0.0,0,0.0,0,67.5,1
CC0174,어린이집,childcare,경남경찰청어린이집,성산구,사파동,,80.0,35.22827140334608,128.7031034886183,point,0,0,,2,2,1.0,7,7,1.0,389.8,389.8,0,0,0,1017.0,0,1,1,484.0,0,1,4,389.8,0,0,0,3876.6,0,0,2,616.4,0,0,0,7790.3,0,0,0,1148.6,0.0,0,0.0,0,0.0,0,0.0,0,0.0,0,0.0,0
CC0175,어린이집,childcare,창원법원어린이집,성산구,사파동,4812354000,65.0,35.2241180525388,128.70148316398,point,3,3,1.0,3,3,1.0,13,13,1.0,0.0,0.0,0,0,1,971.9,1,1,2,0.0,2,2,8,195.0,0,0,0,3394.0,0,0,2,513.0,0,0,0,7323.5,0,0,0,1065.2,0.0,0,0.0,0,4.0,1,0.0,0,0.0,0,17.5,1
CC0176,어린이집,childcare,창원시립 상남어린이집,성산구,상남동,4812353000,98.0,35.2187048393595,128.682683605382,point,3,3,1.0,10,9,1.111,34,32,1.062,98.0,98.0,1,1,12,246.9,0,6,14,308.7,2,3,7,98.0,0,0,0,2863.3,0,0,6,597.7,0,0,0,6383.6,0,0,6,597.7,3.0,1,3.0,1,29.0,8,37.0,1,37.0,1,677.8,8
CC0177,어린이집,childcare,꿈이룸어린이집,성산구,상남동,4812353000,31.0,35.2156229329665,128.691728676136,point,0,0,,0,0,,12,11,1.091,520.7,520.7,0,0,1,968.4,0,0,5,528.2,0,0,5,520.7,0,0,0,2365.2,0,0,2,528.2,0,0,0,6372.2,0,0,1,528.2,0.0,0,0.0,0,3.0,1,0.0,0,0.0,0,83.3,1
CC0178,어린이집,childcare,보아라어린이집,성산구,상남동,4812353000,43.0,35.2156229329665,128.691728676136,point,0,0,,0,0,,12,11,1.091,520.7,520.7,0,0,1,968.4,0,0,5,528.2,0,0,5,520.7,0,0,0,2365.2,0,0,2,528.2,0,0,0,6372.2,0,0,1,528.2,0.0,0,0.0,0,3.0,1,0.0,0,0.0,0,83.3,1
CC0179,어린이집,childcare,세아어린이집,성산구,상남동,4812353000,46.0,35.2156229329665,128.691728676136,point,0,0,,0,0,,12,11,1.091,520.7,520.7,0,0,1,968.4,0,0,5,528.2,0,0,5,520.7,0,0,0,2365.2,0,0,2,528.2,0,0,0,6372.2,0,0,1,528.2,0.0,0,0.0,0,3.0,1,0.0,0,0.0,0,83.3,1
CC0180,어린이집,childcare,호크마어린이집,성산구,상남동,4812353000,36.0,35.2190579361973,128.687615914182,point,2,1,2.0,7,6,1.167,27,26,1.038,200.3,200.3,0,1,3,462.7,1,4,13,200.3,1,2,9,200.3,0,0,0,2787.2,0,1,6,317.2,0,0,0,6571.4,0,1,5,317.2,0.0,0,3.0,1,6.0,2,0.0,0,83.3,1,120.3,2
CC0181,어린이집,childcare,대동색동어린이집,성산구,상남동,4812353000,20.0,35.2190579361973,128.687615914182,point,2,1,2.0,7,6,1.167,27,26,1.038,200.3,200.3,0,1,3,462.7,1,4,13,200.3,1,2,9,200.3,0,0,0,2787.2,0,1,6,317.2,0,0,0,6571.4,0,1,5,317.2,0.0,0,3.0,1,6.0,2,0.0,0,83.3,1,120.3,2
CC0182,어린이집,childcare,대동피노키오어린이집,성산구,상남동,4812353000,20.0,35.2190579361973,128.687615914182,point,2,1,2.0,7,6,1.167,27,26,1.038,200.3,200.3,0,1,3,462.7,1,4,13,200.3,1,2,9,200.3,0,0,0,2787.2,0,1,6,317.2,0,0,0,6571.4,0,1,5,317.2,0.0,0,3.0,1,6.0,2,0.0,0,83.3,1,120.3,2
CC0183,어린이집,childcare,목화어린이집,성산구,상남동,4812353000,20.0,35.2190579361973,128.687615914182,point,2,1,2.0,7,6,1.167,27,26,1.038,200.3,200.3,0,1,3,462.7,1,4,13,200.3,1,2,9,200.3,0,0,0,2787.2,0,1,6,317.2,0,0,0,6571.4,0,1,5,317.2,0.0,0,3.0,1,6.0,2,0.0,0,83.3,1,120.3,2
CC0184,어린이집,childcare,봄봄어린이집,성산구,상남동,4812353000,19.0,35.2156229329665,128.691728676136,point,0,0,,0,0,,12,11,1.091,520.7,520.7,0,0,1,968.4,0,0,5,528.2,0,0,5,520.7,0,0,0,2365.2,0,0,2,528.2,0,0,0,6372.2,0,0,1,528.2,0.0,0,0.0,0,3.0,1,0.0,0,0.0,0,83.3,1
CC0185,어린이집,childcare,새하늘어린이집,성산구,상남동,4812353000,19.0,35.2190579361973,128.687615914182,point,2,1,2.0,7,6,1.167,27,26,1.038,200.3,200.3,0,1,3,462.7,1,4,13,200.3,1,2,9,200.3,0,0,0,2787.2,0,1,6,317.2,0,0,0,6571.4,0,1,5,317.2,0.0,0,3.0,1,6.0,2,0.0,0,83.3,1,120.3,2
CC0186,어린이집,childcare,성원동화나라어린이집,성산구,상남동,4812353000,19.0,35.2156229329665,128.691728676136,point,0,0,,0,0,,12,11,1.091,520.7,520.7,0,0,1,968.4,0,0,5,528.2,0,0,5,520.7,0,0,0,2365.2,0,0,2,528.2,0,0,0,6372.2,0,0,1,528.2,0.0,0,0.0,0,3.0,1,0.0,0,0.0,0,83.3,1
CC0187,어린이집,childcare,성원포동이어린이집,성산구,상남동,4812353000,20.0,35.2156229329665,128.691728676136,point,0,0,,0,0,,12,11,1.091,520.7,520.7,0,0,1,968.4,0,0,5,528.2,0,0,5,520.7,0,0,0,2365.2,0,0,2,528.2,0,0,0,6372.2,0,0,1,528.2,0.0,0,0.0,0,3.0,1,0.0,0,0.0,0,83.3,1
CC0188,어린이집,childcare,애기똥풀어린이집,성산구,상남동,4812353000,20.0,35.2156229329665,128.691728676136,point,0,0,,0,0,,12,11,1.091,520.7,520.7,0,0,1,968.4,0,0,5,528.2,0,0,5,520.7,0,0,0,2365.2,0,0,2,528.2,0,0,0,6372.2,0,0,1,528.2,0.0,0,0.0,0,3.0,1,0.0,0,0.0,0,83.3,1
CC0189,어린이집,childcare,크는나무어린이집,성산구,상남동,4812353000,19.0,35.2190579361973,128.687615914182,point,2,1,2.0,7,6,1.167,27,26,1.038,200.3,200.3,0,1,3,462.7,1,4,13,200.3,1,2,9,200.3,0,0,0,2787.2,0,1,6,317.2,0,0,0,6571.4,0,1,5,317.2,0.0,0,3.0,1,6.0,2,0.0,0,83.3,1,120.3,2
CC0190,어린이집,childcare,한마음꿈나무어린이집,성산구,상남동,4812353000,20.0,35.2190579361973,128.687615914182,point,2,1,2.0,7,6,1.167,27,26,1.038,200.3,200.3,0,1,3,462.7,1,4,13,200.3,1,2,9,200.3,0,0,0,2787.2,0,1,6,317.2,0,0,0,6571.4,0,1,5,317.2,0.0,0,3.0,1,6.0,2,0.0,0,83.3,1,120.3,2
CC0191,어린이집,childcare,창원시립 남산어린이집,성산구,성주동,4812356000,98.0,35.1968217826297,128.716378232588,point,0,0,,0,0,,7,4,1.75,822.8,822.8,0,0,3,872.3,0,0,3,822.8,0,0,3,822.8,0,0,0,2146.5,0,0,5,822.8,0,0,0,4580.6,0,0,2,822.8,0.0,0,0.0,0,171.0,2,0.0,0,0.0,0,20779.9,2
CC0192,어린이집,childcare,성주어린이집,성산구,성주동,4812356000,136.0,35.1867445247067,128.690003139965,point,5,3,1.667,8,5,1.6,104,48,2.167,58.0,58.0,4,6,82,73.9,0,0,17,599.3,1,2,14,58.0,0,0,1,886.0,1,1,19,276.9,0,0,0,3270.5,1,1,8,276.9,189.0,2,199.0,4,3786.0,72,34298.5,2,36065.9,4,354881.7,72
CC0193,어린이집,childcare,한사랑어린이집,성산구,성주동,4812356000,45.0,35.1863724704527,128.692257160985,point,3,3,1.0,9,6,1.5,102,51,2.0,115.6,115.6,1,7,83,177.7,0,0,16,623.6,2,2,15,115.6,0,0,1,886.5,0,1,20,328.9,0,0,0,3186.0,0,1,9,328.9,0.0,0,209.0,5,3801.0,74,0.0,0,36975.4,5,355462.4,74
CC0194,어린이집,childcare,꽃담어린이집,성산구,성주동,4812356000,34.0,35.2019457874446,128.712225715155,point,0,0,,1,1,1.0,5,5,1.0,497.6,497.6,0,0,0,1053.4,0,1,3,497.6,0,1,3,497.6,0,0,0,1943.4,0,1,2,497.6,0,0,0,5011.3,0,1,2,497.6,0.0,0,0.0,0,0.0,0,0.0,0,0.0,0,0.0,0
CC0195,어린이집,childcare,대동청솔어린이집,성산구,성주동,4812356000,39.0,35.1896814325349,128.687767457726,point,6,3,2.0,47,19,2.474,136,68,2.0,192.1,192.1,5,40,108,192.1,1,8,24,267.5,1,6,23,267.5,0,0,1,703.6,2,10,25,267.5,0,0,0,3638.2,2,4,11,267.5,382.0,4,2588.0,34,4989.0,96,60594.8,4,242973.8,34,508597.2,96
CC0196,어린이집,childcare,대동한솔어린이집,성산구,성주동,4812356000,39.0,35.1857312097179,128.691440964003,point,3,3,1.0,6,4,1.5,84,39,2.154,110.8,110.8,1,4,66,110.8,0,0,12,692.7,2,2,12,124.5,0,0,1,965.6,0,1,16,379.6,0,0,0,3131.0,0,1,6,379.6,0.0,0,189.0,2,3356.0,58,0.0,0,34298.5,2,314578.1,58
CC0197,어린이집,childcare,사랑가득 안민어린이집,성산구,성주동,4812356000,27.0,35.187236753034,128.692688397156,point,6,4,1.5,16,9,1.778,125,64,1.953,188.8,188.8,4,11,100,247.4,0,0,22,533.5,2,2,21,188.8,0,0,1,788.4,1,4,24,264.4,0,0,0,3273.4,1,1,11,264.4,189.0,2,666.0,8,4226.0,88,34298.5,2,74258.9,8,392216.6,88
CC0198,어린이집,childcare,삼정그린코아 별숲어린이집,성산구,성주동,4812356000,35.0,35.1854791929769,128.687678129585,point,2,2,1.0,3,3,1.0,64,30,2.133,248.4,248.4,1,1,54,252.2,0,0,8,732.2,1,2,8,248.4,0,0,0,1096.5,0,0,12,500.7,0,0,0,3195.0,0,0,4,500.7,0.0,0,0.0,0,2850.0,47,0.0,0,0.0,0,265987.6,47
CC0199,어린이집,childcare,아이누리어린이집,성산구,성주동,4812356000,38.0,35.195020538797,128.716484924442,point,0,0,,0,0,,17,10,1.7,796.7,796.7,0,0,7,803.2,0,0,7,803.2,0,0,7,803.2,0,0,0,2139.8,0,0,7,796.7,0,0,0,4397.6,0,0,4,803.2,0.0,0,0.0,0,286.0,6,0.0,0,0.0,0,146525.3,6
CC0200,어린이집,childcare,이레어린이집,성산구,성주동,4812356000,39.0,35.1993981862755,128.715042569174,point,0,0,,0,0,,4,2,2.0,655.5,655.5,0,0,2,957.3,0,0,2,655.5,0,0,2,655.5,0,0,0,2084.1,0,0,2,655.5,0,0,0,4810.5,0,0,2,655.5,0.0,0,0.0,0,97.0,1,0.0,0,0.0,0,19107.1,1
CC0201,어린이집,childcare,푸르지오예은어린이집,성산구,성주동,4812356000,30.0,35.2018652135666,128.710861991553,point,0,0,,1,1,1.0,8,6,1.333,398.5,398.5,0,0,1,965.4,0,1,3,398.5,0,1,3,398.5,0,0,0,1828.2,0,1,4,398.5,0,0,0,4973.6,0,1,3,398.5,0.0,0,0.0,0,2314.0,1,0.0,0,0.0,0,196752.6,1
CC0202,어린이집,childcare,효성꿈송이어린이집,성산구,성주동,4812356000,26.0,35.1977828047256,128.714797255714,point,0,0,,0,0,,9,5,1.8,653.9,653.9,0,0,6,815.5,0,0,3,653.9,0,0,3,653.9,0,0,0,2021.1,0,0,4,653.9,0,0,0,4633.2,0,0,2,653.9,0.0,0,0.0,0,355.0,5,0.0,0,0.0,0,25535.6,5
CC0203,어린이집,childcare,대우예은어린이집,성산구,성주동,4812356000,13.0,35.204845915048,128.691855233908,point,4,4,1.0,14,8,1.75,54,26,2.077,52.0,52.0,1,8,40,105.1,2,2,9,52.0,1,2,9,166.6,0,0,0,1171.1,1,5,12,105.1,0,0,0,5218.6,1,4,6,105.1,250.0,1,3777.0,4,5858.0,29,41591.5,1,354611.7,4,557816.6,29
CC0204,어린이집,childcare,동그라미어린이집,성산구,성주동,4812356000,10.0,35.1862734291832,128.689074994045,point,2,2,1.0,6,4,1.5,90,39,2.308,105.7,105.7,1,4,72,115.2,0,0,16,661.4,1,2,11,105.7,0,0,1,964.0,0,1,17,358.2,0,0,0,3241.8,0,1,7,358.2,0.0,0,189.0,2,3524.0,62,0.0,0,34298.5,2,325586.9,62
CC0205,어린이집,childcare,DN솔루션즈 새싹어린이집,성산구,성주동,4812356000,51.0,35.1954832349907,128.707600371623,point,6,2,3.0,24,10,2.4,60,32,1.875,281.1,281.1,4,17,46,281.1,1,5,13,281.1,1,5,17,281.1,0,0,0,1335.1,2,9,16,281.1,0,0,0,4219.1,1,4,9,281.1,138.0,3,2922.0,15,3929.0,40,20555.6,3,356236.4,15,451685.3,40
CC0206,어린이집,childcare,KERI꿈터어린이집,성산구,성주동,,60.0,35.19174289193808,128.71799135487285,point,0,0,,2,1,2.0,16,9,1.778,451.2,451.2,0,0,7,831.0,0,0,5,546.5,0,0,5,546.5,0,0,0,2293.8,0,2,5,451.2,0,0,0,4118.0,0,0,3,546.5,0.0,0,0.0,0,282.0,6,0.0,0,0.0,0,145937.3,6
CC0207,어린이집,childcare,한국지엠창원어린이집,성산구,성주동,4812356000,20.0,35.1970546385111,128.702882185216,point,3,1,3.0,15,7,2.143,113,62,1.823,258.9,258.9,1,10,84,258.9,0,2,22,364.1,0,2,24,374.5,0,0,1,948.5,2,4,28,258.9,0,0,0,4332.2,1,2,13,258.9,2314.0,1,2891.0,10,6223.0,72,196752.6,1,237006.8,10,603158.4,72
CC0208,어린이집,childcare,한화창원어린이집,성산구,성주동,,60.0,35.1987076271669,128.687999877585,point,1,1,1.0,30,14,2.143,197,96,2.052,260.3,260.3,0,20,153,315.8,0,9,37,331.7,1,8,37,260.3,0,0,1,666.1,0,8,47,315.8,0,0,0,4563.4,0,5,20,315.8,0.0,0,1348.0,18,13681.0,130,0.0,0,236969.3,18,1275662.9,130
CC0209,어린이집,childcare,현대위아어린이집,성산구,성주동,4812356000,69.0,35.2044074840449,128.691654425844,point,4,4,1.0,14,8,1.75,63,32,1.969,0.0,0.0,1,8,46,59.3,2,2,11,0.0,1,2,13,152.1,0,0,0,1124.5,1,5,13,59.3,0,0,0,5172.5,1,4,6,59.3,250.0,1,3777.0,4,6087.0,35,41591.5,1,354611.7,4,578788.1,35
CC0210,어린이집,childcare,창원시립 신월어린이집,성산구,용지동,4812351500,93.0,35.2278666031741,128.692360673035,point,7,7,1.0,8,8,1.0,28,26,1.077,26.3,26.3,1,1,5,42.8,0,0,8,523.6,6,7,13,26.3,0,0,0,3721.6,0,0,4,513.7,0,0,0,7461.4,0,0,1,851.1,4.0,1,4.0,1,275.0,3,17.5,1,17.5,1,1559.1,3
CC0211,어린이집,childcare,창원시립 용지어린이집,성산구,용지동,4812351500,92.0,35.2360355567688,128.684509055741,point,6,6,1.0,6,6,1.0,25,23,1.087,177.6,177.6,0,0,2,601.2,0,0,8,631.3,6,6,14,177.6,0,0,0,4692.0,0,0,3,527.4,0,0,0,7015.0,0,0,0,1046.4,0.0,0,0.0,0,268.0,1,0.0,0,0.0,0,1458.3,1
CC0212,어린이집,childcare,레이크파크어린이집,성산구,용지동,4812351500,63.0,35.2325668193175,128.674603438653,point,0,0,,5,5,1.0,30,25,1.2,420.8,420.8,0,3,11,420.8,0,0,11,579.5,0,1,5,472.8,0,0,0,4561.9,0,1,7,497.7,0,0,0,6036.3,0,1,5,497.7,0.0,0,10.0,2,35.0,8,0.0,0,138.0,2,696.2,8
CC0213,어린이집,childcare,아이파크어린이집,성산구,용지동,4812351500,63.0,35.2292892131235,128.678406313762,point,9,7,1.286,16,14,1.143,39,36,1.083,87.3,87.3,5,9,17,159.3,2,5,16,87.3,1,1,4,279.1,0,0,0,4100.7,2,4,8,119.8,0,0,0,6259.8,1,3,6,119.8,14.0,3,27.0,6,309.0,11,293.8,3,569.0,6,2274.8,11
CC0214,어린이집,childcare,러블리키즈어린이집,성산구,용지동,4812351500,17.0,35.2260601753461,128.687554662819,point,0,0,,12,12,1.0,46,42,1.095,312.9,312.9,0,3,12,358.2,0,2,17,371.2,0,7,13,312.9,0,0,0,3555.5,0,0,10,546.1,0,0,0,6993.7,0,0,6,546.1,0.0,0,7.0,2,295.0,8,0.0,0,100.8,2,1935.7,8
CC0215,어린이집,childcare,솔밭어린이집,성산구,용지동,4812351500,20.0,35.2251773922819,128.692790922858,point,7,7,1.0,8,8,1.0,26,24,1.083,219.4,219.4,0,1,5,326.7,0,0,9,539.0,6,6,11,219.4,0,0,0,3422.7,1,1,4,260.9,0,0,0,7378.3,0,0,2,571.1,0.0,0,4.0,1,275.0,3,0.0,0,17.5,1,1559.1,3
CC0216,어린이집,childcare,예쁜어린이집,성산구,용지동,4812351500,16.0,35.2283945028478,128.689647774948,point,7,7,1.0,12,11,1.091,38,34,1.118,190.1,190.1,1,3,9,212.4,0,2,13,339.4,6,7,13,190.1,0,0,0,3792.1,0,1,9,367.4,0,0,0,7231.5,0,0,5,828.1,4.0,1,272.0,2,286.0,6,17.5,1,1475.8,2,1831.7,6
CC0217,어린이집,childcare,튼튼아이어린이집,성산구,용지동,4812351500,14.0,35.2350098974013,128.678807680842,point,0,0,,2,2,1.0,30,27,1.111,443.9,443.9,0,0,11,676.7,0,2,8,443.9,0,0,10,511.3,0,0,0,4695.5,0,0,4,715.7,0,0,0,6488.4,0,0,2,715.7,0.0,0,0.0,0,300.0,8,0.0,0,0.0,0,2049.7,8
CC0218,어린이집,childcare,햇살닮은어린이집,성산구,용지동,4812351500,20.0,35.2278504206149,128.690442772302,point,7,7,1.0,12,11,1.091,32,29,1.103,99.4,99.4,1,3,5,137.8,0,2,11,426.6,6,7,14,99.4,0,0,0,3726.6,0,1,8,443.8,0,0,0,7289.9,0,0,4,836.9,4.0,1,272.0,2,275.0,3,17.5,1,1475.8,2,1559.1,3
CC0219,어린이집,childcare,낙동강유역환경청다솜어린이집,성산구,용지동,4812351500,39.0,35.2342701761081,128.690066540469,point,3,3,1.0,8,7,1.143,25,22,1.136,0.0,0.0,0,2,3,384.2,0,2,5,308.6,2,3,15,0.0,0,0,0,4439.8,1,2,3,32.3,0,0,0,7433.3,0,0,1,884.6,0.0,0,268.0,1,272.0,2,0.0,0,1458.3,1,1475.8,2
CC0220,어린이집,childcare,창원시청어린이집,성산구,용지동,4812351500,77.0,35.2283675994713,128.681258482632,point,9,7,1.286,19,17,1.118,44,40,1.1,0.0,0.0,4,7,17,254.5,4,9,16,0.0,1,1,9,0.0,0,0,0,3925.4,2,6,7,0.0,0,0,0,6486.1,1,5,5,224.9,11.0,3,17.0,4,308.0,11,272.6,3,339.6,4,2269.9,11
CC0221,어린이집,childcare,창원시립 동원꿈꾸는어린이집,성산구,웅남동,4812357000,19.0,35.197803495349,128.628562970956,point,0,0,,0,0,,24,9,2.667,857.2,857.2,0,0,21,857.2,0,0,0,1031.3,0,0,3,872.5,0,0,0,3538.2,0,0,0,1060.0,0,0,0,2395.4,0,0,0,1060.4,0.0,0,0.0,0,171.0,18,0.0,0,0.0,0,14220.0,18
CC0222,어린이집,childcare,창원시립 웅남어린이집,성산구,웅남동,4812357000,95.0,35.2069975550106,128.627586145102,point,7,5,1.4,21,11,1.909,246,115,2.139,54.3,54.3,3,14,227,86.1,2,4,15,54.3,2,3,29,60.8,0,0,0,2861.3,1,2,13,292.6,0,0,0,1648.1,1,1,6,292.6,362.0,3,471.0,12,3062.0,186,71417.8,3,94322.7,12,295014.4,186
CC0223,어린이집,childcare,새풀잎어린이집,성산구,웅남동,4812357000,39.0,35.1966641347217,128.624304903064,point,0,0,,0,0,,0,0,,1183.3,1183.3,0,0,0,1183.3,0,0,0,1209.6,0,0,0,1201.6,0,0,0,3359.5,0,0,0,1308.3,0,0,0,2282.2,0,0,0,1308.3,0.0,0,0.0,0,0.0,0,0.0,0,0.0,0,0.0,0
CC0224,어린이집,childcare,은종어린이집,성산구,웅남동,4812357000,17.0,35.1969027056834,128.626599474515,point,0,0,,0,0,,0,0,,1034.5,1034.5,0,0,0,1034.5,0,0,0,1139.7,0,0,0,1053.6,0,0,0,3480.9,0,0,0,1203.0,0,0,0,2369.5,0,0,0,1203.0,0.0,0,0.0,0,0.0,0,0.0,0,0.0,0,0.0,0
CC0225,어린이집,childcare,팀버어린이집,성산구,웅남동,4812357000,19.0,35.1969518587705,128.62571783665,point,0,0,,0,0,,0,0,,1076.8,1076.8,0,0,0,1076.8,0,0,0,1147.2,0,0,0,1098.1,0,0,0,3421.8,0,0,0,1225.8,0,0,0,2320.9,0,0,0,1225.8,0.0,0,0.0,0,0.0,0,0.0,0,0.0,0,0.0,0
CC0226,어린이집,childcare,볼보바르미어린이집,성산구,웅남동,4812357000,40.0,35.2001739996435,128.6279265986,point,0,0,,0,0,,87,38,2.289,673.1,673.1,0,0,78,673.1,0,0,2,768.0,0,0,6,697.4,0,0,0,3320.1,0,0,4,820.4,0,0,0,2157.7,0,0,3,820.4,0.0,0,0.0,0,902.0,70,0.0,0,0.0,0,114631.8,70
CC0227,어린이집,childcare,창원시립 내동어린이집,성산구,중앙동,4812352000,75.0,35.2175780189302,128.669520075237,point,5,5,1.0,17,12,1.417,50,36,1.389,67.1,67.1,3,14,35,89.0,1,5,9,273.8,2,6,13,67.1,0,0,0,3351.3,2,4,14,208.5,0,0,0,5245.3,1,1,7,273.8,230.0,1,793.0,12,8217.0,31,18128.3,1,74041.7,12,567620.0,31
CC0228,어린이집,childcare,창원시립 대원꿈에그린어린이집,성산구,중앙동,4812352000,76.0,35.2354006955219,128.648090955819,point,0,0,,5,4,1.25,97,41,2.366,386.7,386.7,0,0,49,861.7,0,2,15,386.7,0,2,35,386.7,0,0,0,4709.2,0,3,13,386.7,0,0,0,4013.4,0,2,7,386.7,0.0,0,0.0,0,351.0,39,0.0,0,0.0,0,26229.7,39
CC0229,어린이집,childcare,창원시립 대원어린이집,성산구,중앙동,4812352000,95.0,35.232714730377,128.649959690893,point,0,0,,8,6,1.333,75,37,2.027,329.3,329.3,0,0,35,697.8,0,2,16,470.9,0,4,22,352.6,0,0,0,4767.7,0,2,11,329.3,0,0,0,3995.8,0,1,8,445.5,0.0,0,0.0,0,40.0,17,0.0,0,0.0,0,883.7,17
CC0230,어린이집,childcare,창원시립 에일린의뜰1단지어린이집,성산구,중앙동,4812352000,36.0,35.2348359008729,128.651950713218,point,0,0,,2,2,1.0,71,33,2.152,470.5,470.5,0,0,35,776.7,0,0,14,564.6,0,1,20,481.0,0,0,0,5015.3,0,1,11,470.5,0,0,0,4272.4,0,0,8,581.0,0.0,0,0.0,0,40.0,17,0.0,0,0.0,0,883.7,17
CC0231,어린이집,childcare,창원시립 에일린의뜰2단지어린이집,성산구,중앙동,4812352000,44.0,35.2345185389346,128.655264476093,point,0,0,,41,7,5.857,68,28,2.429,418.2,418.2,0,34,35,477.5,0,4,14,455.5,0,1,17,493.3,0,0,0,5289.0,0,3,9,418.2,0,0,0,4514.5,0,2,6,418.2,0.0,0,40.0,17,40.0,17,0.0,0,883.7,17,883.7,17
CC0232,어린이집,childcare,창원중앙어린이집,성산구,중앙동,4812352000,49.0,35.2269916812485,128.676836941233,point,12,11,1.091,19,17,1.118,40,38,1.053,0.0,0.0,10,10,16,0.0,1,6,16,273.1,0,1,6,430.6,0,0,0,3912.0,1,5,9,192.2,0,0,0,6059.1,1,4,8,192.2,30.0,7,30.0,7,45.0,11,673.8,7,673.8,7,974.3,11
CC0233,어린이집,childcare,킨더바움어린이집,성산구,중앙동,4812352000,48.0,35.2145417899384,128.681110778944,point,0,0,,4,4,1.0,43,25,1.72,312.1,312.1,0,0,23,648.3,0,1,15,479.6,0,3,13,312.1,0,0,0,2490.6,0,1,8,312.1,0,0,0,5899.9,0,1,6,312.1,0.0,0,0.0,0,1963.0,20,0.0,0,0.0,0,264059.3,20
CC0234,어린이집,childcare,토리어린이집,성산구,중앙동,4812352000,30.0,35.2134609469964,128.676218271373,point,1,1,1.0,2,2,1.0,72,42,1.714,233.6,233.6,0,1,50,342.2,0,1,15,342.2,1,2,18,233.6,0,0,0,2616.2,1,2,17,233.6,0,0,0,5662.4,1,1,9,233.6,0.0,0,180.0,1,8312.0,42,0.0,0,14408.7,1,667591.5,42
CC0235,어린이집,childcare,꿈누리어린이집,성산구,중앙동,4812352000,20.0,35.2138421195499,128.675160365433,point,2,2,1.0,6,3,2.0,72,42,1.714,239.4,239.4,1,4,51,239.4,1,2,15,239.4,2,3,17,239.4,0,0,0,2707.3,2,3,17,239.4,0,0,0,5681.2,1,2,9,277.5,180.0,1,229.0,4,8428.0,43,14408.7,1,17343.2,4,681377.9,43
CC0236,어린이집,childcare,메르디앙어린이집,성산구,중앙동,4812352000,20.0,35.2244231706524,128.656645093481,point,23,5,4.6,26,6,4.333,153,26,5.885,67.0,67.0,18,20,132,83.9,1,1,13,67.0,11,12,23,67.0,0,0,0,4703.1,2,2,14,164.2,0,0,0,4206.0,2,2,6,164.2,925.0,16,1318.0,17,4024.0,74,52063.8,16,86523.0,17,385325.5,74
CC0237,어린이집,childcare,수채화어린이집,성산구,중앙동,4812352000,20.0,35.2170818246045,128.677886848644,point,2,2,1.0,7,7,1.0,55,37,1.486,115.3,115.3,0,2,31,344.8,1,2,17,115.3,1,3,14,215.6,0,0,0,2875.7,1,1,10,215.6,0,0,0,6003.2,1,1,8,215.6,0.0,0,9.0,2,1824.0,25,0.0,0,180.2,2,250662.9,25
CC0238,어린이집,childcare,스마일어린이집,성산구,중앙동,4812352000,20.0,35.2326587274639,128.652412814643,point,2,2,1.0,3,3,1.0,70,32,2.188,226.2,226.2,0,0,35,709.6,0,1,16,328.3,1,1,18,235.8,0,0,0,4979.0,1,1,11,226.2,0,0,0,4187.4,0,0,8,603.3,0.0,0,0.0,0,40.0,17,0.0,0,0.0,0,883.7,17
CC0239,어린이집,childcare,예슬어린이집,성산구,중앙동,4812352000,16.0,35.2244231706524,128.656645093481,point,23,5,4.6,26,6,4.333,153,26,5.885,67.0,67.0,18,20,132,83.9,1,1,13,67.0,11,12,23,67.0,0,0,0,4703.1,2,2,14,164.2,0,0,0,4206.0,2,2,6,164.2,925.0,16,1318.0,17,4024.0,74,52063.8,16,86523.0,17,385325.5,74
CC0240,어린이집,childcare,참좋은어린이집,성산구,중앙동,4812352000,19.0,35.2120864979527,128.678897083719,point,0,0,,12,3,4.0,61,32,1.906,354.4,354.4,0,9,42,395.3,0,2,14,395.3,0,3,15,354.4,0,0,0,2352.3,0,3,13,354.4,0,0,0,5579.8,0,3,7,354.4,0.0,0,1217.0,8,2976.0,37,0.0,0,199993.5,8,359732.2,37
CC0241,어린이집,childcare,파크빌어린이집,성산구,중앙동,4812352000,12.0,35.2251890080364,128.655757644425,point,21,4,5.25,24,6,4.0,186,26,7.154,60.7,60.7,17,19,164,200.1,1,2,13,68.9,11,12,22,60.7,0,0,0,4820.4,1,3,13,257.6,0,0,0,4151.2,1,2,7,257.6,121.0,15,925.0,16,2703.0,89,7267.6,15,52063.8,16,277171.0,89
CC0242,어린이집,childcare,하람어린이집,성산구,중앙동,4812352000,13.0,35.2258602623483,128.653461988768,point,3,3,1.0,30,9,3.333,147,23,6.391,266.0,266.0,1,22,128,271.7,2,4,11,266.0,3,13,22,266.0,0,0,0,4907.3,1,4,10,271.7,0,0,0,3973.9,0,3,5,369.0,0.0,0,1188.0,18,2609.0,70,0.0,0,117376.1,18,271257.2,70
CC0243,어린이집,childcare,해뜸어린이집,성산구,중앙동,4812352000,20.0,35.2250650559945,128.655588844203,point,23,5,4.6,24,6,4.0,185,25,7.4,61.9,61.9,18,19,164,200.0,1,2,13,61.9,11,12,22,61.9,0,0,0,4821.5,2,3,12,249.0,0,0,0,4132.6,2,2,6,249.0,925.0,16,925.0,16,2703.0,89,52063.8,16,52063.8,16,277171.0,89
CC0244,어린이집,childcare,KIMS어린이집,성산구,중앙동,4812352000,49.0,35.2151415907878,128.677763012734,point,1,1,1.0,3,3,1.0,64,38,1.684,0.0,0.0,0,1,42,485.6,0,2,17,323.7,1,2,17,0.0,0,0,0,2694.5,1,2,12,0.0,0,0,0,5878.0,1,1,7,0.0,0.0,0,180.0,1,2836.0,37,0.0,0,14408.7,1,332669.9,37
CC0245,어린이집,childcare,효성어린이집,성산구,중앙동,4812352000,48.0,35.2176257565172,128.662339320919,point,2,1,2.0,5,4,1.25,93,41,2.268,0.0,0.0,1,4,72,0.0,0,1,15,387.6,0,0,26,540.7,0,0,0,3805.9,2,4,20,0.0,0,0,0,4593.2,0,0,8,690.3,1266.0,1,1833.0,4,6167.0,60,101044.9,1,141179.1,4,560335.0,60
CC0246,어린이집,childcare,창원시립 가포금호어울림어린이집,마산합포구,가포동,4812552000,54.0,35.1562651346038,128.578260052117,point,0,0,,1,1,1.0,9,8,1.125,379.4,379.4,0,1,8,379.4,0,0,1,776.1,0,0,1,831.9,0,0,3,776.1,0,0,0,1006.2,0,0,0,6183.5,0,0,0,2082.8,0.0,0,0.0,0,0.0,0,0.0,0,0.0,0,0.0,0
CC0247,어린이집,childcare,창원시립 가포어린이집,마산합포구,가포동,4812552000,95.0,35.1688181210495,128.571480166081,point,1,1,1.0,10,6,1.667,27,19,1.421,67.9,67.9,0,5,16,390.9,0,0,4,516.9,1,3,5,67.9,0,3,8,380.1,0,1,5,380.1,0,0,0,5043.0,0,0,1,587.4,0.0,0,0.0,0,0.0,0,0.0,0,0.0,0,0.0,0
CC0248,어린이집,childcare,창원시립 가포유보라어린이집,마산합포구,가포동,4812552000,51.0,35.1579344312701,128.574131273515,point,0,0,,0,0,,13,10,1.3,592.5,592.5,0,0,12,592.5,0,0,2,592.5,0,0,1,627.7,0,0,5,592.5,0,0,2,769.1,0,0,0,6099.2,0,0,0,1814.8,0.0,0,0.0,0,0.0,0,0.0,0,0.0,0,0.0,0
CC0249,어린이집,childcare,창원시립 교방롯데캐슬어린이집,마산합포구,교방동,4812561000,35.0,35.2153855778953,128.564779365099,point,0,0,,1,1,1.0,12,11,1.091,366.4,366.4,0,0,5,504.3,0,0,1,957.4,0,1,4,366.4,0,0,0,1398.5,0,0,2,673.8,0,0,1,673.8,0,0,1,719.8,0.0,0,0.0,0,0.0,0,0.0,0,0.0,0,0.0,0
CC0250,어린이집,childcare,창원시립 교방푸르지오어린이집,마산합포구,교방동,4812561000,85.0,35.2114625754638,128.569485422282,point,2,2,1.0,11,9,1.222,39,25,1.56,148.1,148.1,0,6,25,324.3,0,2,2,408.0,1,2,9,148.7,0,0,1,855.7,1,1,2,148.1,0,0,1,838.7,1,1,1,148.1,0.0,0,0.0,0,0.0,0,0.0,0,0.0,0,0.0,0
CC0251,어린이집,childcare,i블루밍어린이집,마산합포구,교방동,4812561000,23.0,35.2160780521696,128.562577719698,point,0,0,,1,1,1.0,6,6,1.0,352.8,352.8,0,0,2,604.5,0,0,0,1170.3,0,1,2,352.8,0,0,0,1557.0,0,0,2,639.0,0,0,1,639.0,0,0,1,907.2,0.0,0,0.0,0,0.0,0,0.0,0,0.0,0,0.0,0
CC0252,어린이집,childcare,노산어린이집,마산합포구,교방동,4812561000,99.0,35.215876770672,128.569462672393,point,0,0,,2,2,1.0,25,23,1.087,436.5,436.5,0,2,9,436.5,0,0,2,663.3,0,0,11,612.8,0,0,0,1341.9,0,0,3,578.8,0,0,2,578.8,0,0,1,637.8,0.0,0,0.0,0,0.0,0,0.0,0,0.0,0,0.0,0
CC0253,어린이집,childcare,마산삼성어린이집,마산합포구,교방동,4812561000,130.0,35.2123236754598,128.574685425086,point,7,5,1.4,11,9,1.222,31,28,1.107,120.7,120.7,4,6,16,181.3,2,2,2,120.7,1,3,10,214.1,0,0,0,1000.4,0,0,4,535.0,0,0,1,535.0,0,0,3,538.5,0.0,0,0.0,0,0.0,0,0.0,0,0.0,0,0.0,0
CC0254,어린이집,childcare,자이별밭 어린이집,마산합포구,교방동,4812561000,47.0,35.2150188245066,128.569550591223,point,0,0,,1,1,1.0,24,22,1.091,426.7,426.7,0,1,9,426.7,0,0,2,585.7,0,0,10,520.3,0,0,0,1246.4,0,0,3,542.7,0,0,2,600.4,0,0,1,542.7,0.0,0,0.0,0,0.0,0,0.0,0,0.0,0,0.0,0
CC0255,어린이집,childcare,킨더가르텐 어린이집,마산합포구,교방동,4812561000,70.0,35.2153744230686,128.560659219625,point,0,0,,1,1,1.0,6,6,1.0,302.0,302.0,0,0,1,608.9,0,0,0,1297.4,0,1,3,302.0,0,0,0,1586.0,0,0,2,786.3,0,0,1,786.3,0,0,1,986.9,0.0,0,0.0,0,0.0,0,0.0,0,0.0,0,0.0,0
CC0256,어린이집,childcare,상록엔젤어린이집,마산합포구,교방동,4812561000,15.0,35.21397054518,128.562337349112,point,1,1,1.0,2,2,1.0,6,6,1.0,118.3,118.3,0,1,1,395.8,0,0,0,1102.5,1,1,3,118.3,0,0,0,1370.3,0,0,2,772.5,0,0,1,867.5,0,0,1,772.5,0.0,0,0.0,0,0.0,0,0.0,0,0.0,0,0.0,0
CC0257,어린이집,childcare,예림어린이집,마산합포구,교방동,4812561000,20.0,35.2150188245066,128.569550591223,point,0,0,,1,1,1.0,24,22,1.091,426.7,426.7,0,1,9,426.7,0,0,2,585.7,0,0,10,520.3,0,0,0,1246.4,0,0,3,542.7,0,0,2,600.4,0,0,1,542.7,0.0,0,0.0,0,0.0,0,0.0,0,0.0,0,0.0,0
CC0258,어린이집,childcare,우리네어린이집,마산합포구,교방동,4812561000,20.0,35.2160780521696,128.562577719698,point,0,0,,1,1,1.0,6,6,1.0,352.8,352.8,0,0,2,604.5,0,0,0,1170.3,0,1,2,352.8,0,0,0,1557.0,0,0,2,639.0,0,0,1,639.0,0,0,1,907.2,0.0,0,0.0,0,0.0,0,0.0,0,0.0,0,0.0,0
CC0259,어린이집,childcare,창원시립 구산어린이집,마산합포구,구산면,4812531000,56.0,35.1199729794482,128.58206453444,point,0,0,,0,0,,0,0,,1155.2,1155.2,0,0,0,1294.4,0,0,0,1958.6,0,0,0,2328.2,0,0,0,4808.7,0,0,0,1155.2,0,0,0,6254.6,0,0,0,1958.6,0.0,0,0.0,0,0.0,0,0.0,0,0.0,0,0.0,0
CC0260,어린이집,childcare,창원시립 샛별어린이집,마산합포구,문화동,4812554000,88.0,35.1851790255161,128.558907400122,point,5,4,1.25,10,9,1.111,27,25,1.08,136.6,136.6,0,0,2,683.3,1,4,6,275.9,3,6,17,136.6,0,0,0,1961.7,2,4,6,204.8,0,0,0,3854.4,2,4,5,204.8,0.0,0,0.0,0,0.0,0,0.0,0,0.0,0,0.0,0
CC0261,어린이집,childcare,예능어린이집,마산합포구,문화동,4812554000,49.0,35.1833172296239,128.558775017364,point,3,3,1.0,11,10,1.1,26,24,1.083,239.4,239.4,0,0,2,518.9,2,4,6,284.2,1,7,16,239.4,0,0,0,2138.2,1,4,6,284.2,0,0,0,4049.6,1,4,5,284.2,0.0,0,0.0,0,0.0,0,0.0,0,0.0,0,0.0,0
CC0262,어린이집,childcare,합포꿈동이어린이집,마산합포구,문화동,4812554000,19.0,35.1840428617236,128.562261414374,point,6,5,1.2,18,16,1.125,27,25,1.08,201.6,201.6,0,2,2,428.9,1,4,7,259.2,5,12,16,201.6,0,0,0,1887.7,1,2,6,259.2,0,0,0,3863.5,1,2,5,259.2,0.0,0,0.0,0,0.0,0,0.0,0,0.0,0,0.0,0
CC0263,어린이집,childcare,합포어린이집,마산합포구,문화동,4812554000,20.0,35.182755243842,128.5612771231,point,6,6,1.0,18,16,1.125,27,25,1.08,166.4,166.4,0,2,2,344.4,2,4,7,166.4,4,12,16,233.1,0,0,0,1961.0,1,2,6,166.4,0,0,0,4027.6,1,2,5,166.4,0.0,0,0.0,0,0.0,0,0.0,0,0.0,0,0.0,0
CC0264,어린이집,childcare,백양어린이집,마산합포구,반월중앙동,4812556500,115.0,35.1923602259021,128.563805618474,point,4,4,1.0,7,7,1.0,31,25,1.24,184.6,184.6,1,1,3,288.3,1,1,9,284.3,2,4,17,184.6,0,0,0,1061.5,0,1,9,390.5,0,0,0,2947.5,0,1,6,390.5,0.0,0,0.0,0,0.0,0,0.0,0,0.0,0,0.0,0
CC0265,어린이집,childcare,사회복지법인마산어린이집,마산합포구,반월중앙동,4812556500,99.0,35.1945753321807,128.569055081896,point,7,4,1.75,13,10,1.3,63,47,1.34,281.1,281.1,1,2,24,296.1,3,4,12,281.1,3,6,23,281.1,0,0,2,580.5,2,4,10,281.1,0,0,0,2568.5,0,1,5,376.2,0.0,0,0.0,0,0.0,0,0.0,0,0.0,0,0.0,0
CC0266,어린이집,childcare,마산YWCA어린이집,마산합포구,반월중앙동,4812556500,78.0,35.2002426969423,128.568511897995,point,10,8,1.25,49,33,1.485,70,52,1.346,133.3,133.3,2,22,31,260.3,4,9,12,133.3,5,16,23,133.3,0,3,3,302.6,3,6,9,148.3,0,0,0,1978.2,3,4,4,148.3,0.0,0,0.0,0,0.0,0,0.0,0,0.0,0,0.0,0
CC0267,어린이집,childcare,블루밍어린이집,마산합포구,반월중앙동,4812556500,21.0,35.1919152633005,128.565836371335,point,3,3,1.0,7,7,1.0,36,30,1.2,121.1,121.1,1,1,4,272.2,0,1,11,375.7,1,4,18,121.1,0,0,2,987.6,1,1,10,262.5,0,0,0,2932.0,1,1,5,262.5,0.0,0,0.0,0,0.0,0,0.0,0,0.0,0,0.0,0
CC0268,어린이집,childcare,해오름어린이집,마산합포구,반월중앙동,4812556500,33.0,35.1947969169893,128.568382706884,point,2,2,1.0,14,10,1.4,63,47,1.34,238.7,238.7,1,2,24,238.7,1,5,12,244.0,0,6,23,306.0,0,0,2,593.7,0,5,10,306.0,0,0,0,2559.7,0,2,5,371.2,0.0,0,0.0,0,0.0,0,0.0,0,0.0,0,0.0,0
CC0269,어린이집,childcare,경동튼튼어린이집,마산합포구,반월중앙동,4812556500,19.0,35.1946724352687,128.567549203552,point,3,3,1.0,12,8,1.5,62,46,1.348,161.6,161.6,1,2,23,161.6,1,5,12,254.8,1,5,23,252.1,0,0,2,646.7,0,4,10,371.8,0,0,0,2593.6,0,2,5,418.3,0.0,0,0.0,0,0.0,0,0.0,0,0.0,0,0.0,0
CC0270,어린이집,childcare,혜성미어린이집,마산합포구,반월중앙동,4812556500,18.0,35.1985353218694,128.568398806385,point,12,9,1.333,40,27,1.481,65,47,1.383,85.5,85.5,2,20,28,105.2,6,8,12,85.5,6,12,21,85.5,0,2,3,314.1,4,5,9,85.5,0,0,0,2161.2,3,3,4,85.5,0.0,0,0.0,0,0.0,0,0.0,0,0.0,0,0.0,0
CC0271,어린이집,childcare,마산합포구청어린이집,마산합포구,반월중앙동,4812556500,42.0,35.197226205009,128.569210701395,point,10,8,1.25,31,26,1.192,66,48,1.375,86.9,86.9,2,9,28,86.9,4,9,12,99.5,5,11,21,148.3,0,2,3,330.7,3,7,10,99.5,0,0,0,2279.8,2,3,5,99.5,0.0,0,0.0,0,0.0,0,0.0,0,0.0,0,0.0,0
CC0272,어린이집,childcare,또래어린이집,마산합포구,산호동,4812565000,49.0,35.2153261716897,128.585990060862,point,15,12,1.25,34,27,1.259,236,167,1.413,62.9,62.9,13,24,171,62.9,0,5,35,380.2,2,10,49,70.1,0,0,1,940.4,0,5,23,380.2,0,1,12,380.2,0,3,11,417.5,0.0,0,0.0,0,0.0,0,0.0,0,0.0,0,0.0,0
CC0273,어린이집,childcare,리인어린이집,마산합포구,산호동,4812565000,26.0,35.2157505442249,128.588252772032,point,26,20,1.3,62,47,1.319,377,278,1.356,62.9,62.9,20,45,284,62.9,2,10,50,266.5,8,14,76,151.4,0,0,1,905.4,3,8,27,266.5,1,3,15,286.4,2,6,14,266.5,0.0,0,0.0,0,0.0,0,0.0,0,0.0,0,0.0,0
CC0274,어린이집,childcare,연우어린이집,마산합포구,산호동,4812565000,86.0,35.2184422799442,128.579504764104,point,2,2,1.0,9,8,1.125,62,53,1.17,65.8,65.8,0,2,28,480.4,0,1,9,393.2,2,4,19,65.8,0,0,1,873.4,0,2,6,382.5,0,1,2,382.5,0,0,3,657.6,0.0,0,0.0,0,0.0,0,0.0,0,0.0,0,0.0,0
CC0275,어린이집,childcare,파스텔어린이집,마산합포구,산호동,4812565000,91.0,35.2170351039011,128.585184286567,point,12,9,1.333,22,18,1.222,187,126,1.484,179.1,179.1,11,16,132,179.1,0,2,26,310.5,1,3,43,194.1,0,0,1,759.6,0,1,23,310.5,0,0,12,561.0,0,1,10,310.5,0.0,0,0.0,0,0.0,0,0.0,0,0.0,0,0.0,0
CC0276,어린이집,childcare,통통이어린이집,마산합포구,산호동,4812565000,20.0,35.2182834067016,128.58093946977,point,2,2,1.0,7,6,1.167,81,64,1.266,117.3,117.3,0,1,43,376.2,0,1,11,429.0,2,4,27,117.3,0,0,1,796.0,0,1,11,429.0,0,0,4,500.2,0,0,5,534.5,0.0,0,0.0,0,0.0,0,0.0,0,0.0,0,0.0,0
CC0277,어린이집,childcare,창원시립 서성어린이집,마산합포구,오동동,4812563000,99.0,35.2015927789276,128.568537751052,point,19,7,2.714,42,27,1.556,73,55,1.327,82.4,82.4,12,21,32,211.4,2,6,12,220.5,5,13,23,82.4,0,2,3,332.9,1,4,11,289.3,0,0,0,1836.5,1,4,6,289.3,0.0,0,0.0,0,0.0,0,0.0,0,0.0,0,0.0,0
CC0278,어린이집,childcare,창원시립 장미어린이집,마산합포구,오동동,4812563000,45.0,35.2008713466214,128.568467440934,point,19,7,2.714,44,29,1.517,70,52,1.346,88.6,88.6,11,21,32,269.1,2,7,12,158.8,6,14,22,88.6,0,2,3,334.1,1,4,9,210.8,0,0,0,1913.8,1,4,4,210.8,0.0,0,0.0,0,0.0,0,0.0,0,0.0,0,0.0,0
CC0279,어린이집,childcare,창원시립 추산어린이집,마산합포구,오동동,4812563000,78.0,35.2064004814189,128.570091624974,point,4,2,2.0,23,11,2.091,74,57,1.298,185.0,185.0,2,17,39,185.0,0,0,10,608.0,1,4,20,294.1,1,1,4,294.1,0,1,7,418.5,0,0,0,1288.5,0,1,6,418.5,0.0,0,0.0,0,0.0,0,0.0,0,0.0,0,0.0,0
CC0280,어린이집,childcare,리틀스쿨어린이집,마산합포구,오동동,4812563000,38.0,35.1961932910415,128.573419031417,point,11,8,1.375,26,23,1.13,68,50,1.36,104.9,104.9,1,9,28,237.2,4,5,12,104.9,4,9,22,179.9,1,2,3,239.9,5,6,12,104.9,0,0,0,2326.6,0,1,7,367.3,0.0,0,0.0,0,0.0,0,0.0,0,0.0,0,0.0,0
CC0281,어린이집,childcare,마린푸른숲어린이집,마산합포구,오동동,4812563000,39.0,35.2070102185943,128.583414103644,point,10,9,1.111,19,15,1.267,55,45,1.222,53.8,53.8,4,9,32,53.8,0,0,8,884.2,5,6,14,53.8,0,3,3,357.1,2,4,11,173.7,0,0,3,889.7,2,2,6,173.7,0.0,0,0.0,0,0.0,0,0.0,0,0.0,0,0.0,0
CC0282,어린이집,childcare,아이굿맘어린이집,마산합포구,오동동,4812563000,20.0,35.1992012412055,128.569644071374,point,19,16,1.188,46,32,1.438,70,52,1.346,82.6,82.6,6,21,31,118.4,5,9,12,148.8,8,15,22,82.6,1,2,3,186.6,3,6,10,148.8,0,0,0,2057.9,2,4,5,148.8,0.0,0,0.0,0,0.0,0,0.0,0,0.0,0,0.0,0
CC0283,어린이집,childcare,경남청사 예다움어린이집,마산합포구,오동동,4812563000,58.0,35.1949875379581,128.572099701607,point,7,4,1.75,18,15,1.2,64,46,1.391,0.0,0.0,0,3,26,389.8,3,6,12,0.0,3,6,21,0.0,0,2,3,393.7,4,6,10,0.0,0,0,0,2472.8,0,1,5,376.3,0.0,0,0.0,0,0.0,0,0.0,0,0.0,0,0.0,0
CC0284,어린이집,childcare,노벨어린이집,마산합포구,완월동,4812557000,67.0,35.1962694487182,128.55901873138,point,1,1,1.0,2,2,1.0,16,14,1.143,153.4,153.4,0,0,2,654.1,0,0,5,680.8,1,2,10,153.4,0,0,0,1204.6,0,0,2,680.8,0,0,0,2761.6,0,0,2,680.8,0.0,0,0.0,0,0.0,0,0.0,0,0.0,0,0.0,0
CC0285,어린이집,childcare,자연숲어린이집,마산합포구,완월동,4812557000,115.0,35.1962360813003,128.558824420162,point,1,1,1.0,2,2,1.0,16,14,1.143,135.3,135.3,0,0,2,669.7,0,0,5,698.1,1,2,10,135.3,0,0,0,1222.6,0,0,2,698.1,0,0,0,2774.5,0,0,2,698.1,0.0,0,0.0,0,0.0,0,0.0,0,0.0,0,0.0,0
CC0286,어린이집,childcare,보노어린이집,마산합포구,완월동,4812557000,20.0,35.1957349026827,128.562208500613,point,1,1,1.0,5,5,1.0,28,23,1.217,258.6,258.6,0,1,4,361.9,0,1,8,493.0,1,4,15,258.6,0,0,1,954.2,0,1,6,493.0,0,0,0,2666.2,0,1,4,493.0,0.0,0,0.0,0,0.0,0,0.0,0,0.0,0,0.0,0
CC0287,어린이집,childcare,창원시립 SK오션뷰어린이집,마산합포구,월영동,4812553000,71.0,35.176150905453,128.559467671426,point,0,0,,4,3,1.333,17,16,1.062,327.1,327.1,0,1,2,485.4,0,1,5,485.4,0,1,10,327.1,0,0,0,1640.5,0,1,3,343.0,0,0,0,4775.0,0,0,2,585.5,0.0,0,0.0,0,0.0,0,0.0,0,0.0,0,0.0,0
CC0288,어린이집,childcare,창원시립 딩동댕어린이집,마산합포구,월영동,4812553000,20.0,35.1725765366856,128.559197331369,point,0,0,,0,0,,15,13,1.154,629.3,629.3,0,0,2,851.4,0,0,5,746.2,0,0,7,720.9,0,0,0,1529.9,0,0,2,629.3,0,0,0,5160.9,0,0,1,980.7,0.0,0,0.0,0,0.0,0,0.0,0,0.0,0,0.0,0
CC0289,어린이집,childcare,창원시립 마린애시앙어린이집,마산합포구,월영동,4812553000,75.0,35.1750235873689,128.562589220715,point,0,0,,2,2,1.0,19,17,1.118,481.4,481.4,0,0,2,525.9,0,1,5,481.4,0,1,10,484.1,0,0,0,1330.3,0,0,3,652.8,0,0,0,4816.2,0,0,2,719.3,0.0,0,0.0,0,0.0,0,0.0,0,0.0,0,0.0,0
CC0290,어린이집,childcare,창원시립 애시앙숲어린이집,마산합포구,월영동,4812553000,95.0,35.1750235873689,128.562589220715,point,0,0,,2,2,1.0,19,17,1.118,481.4,481.4,0,0,2,525.9,0,1,5,481.4,0,1,10,484.1,0,0,0,1330.3,0,0,3,652.8,0,0,0,4816.2,0,0,2,719.3,0.0,0,0.0,0,0.0,0,0.0,0,0.0,0,0.0,0
CC0291,어린이집,childcare,창원시립 월영어린이집,마산합포구,월영동,4812553000,75.0,35.1825250572741,128.556349145457,point,1,1,1.0,5,5,1.0,24,22,1.091,229.7,229.7,0,0,2,636.7,1,3,5,229.7,1,2,16,229.7,0,0,0,2267.8,1,3,5,229.7,0,0,0,4218.3,1,3,4,229.7,0.0,0,0.0,0,0.0,0,0.0,0,0.0,0,0.0,0
CC0292,어린이집,childcare,동아마을어린이집,마산합포구,월영동,4812553000,30.0,35.1750956172328,128.559406352535,point,0,0,,2,2,1.0,17,15,1.133,409.8,409.8,0,0,2,588.4,0,0,5,588.4,0,1,9,442.3,0,0,0,1596.8,0,1,2,409.8,0,0,0,4888.2,0,0,1,701.6,0.0,0,0.0,0,0.0,0,0.0,0,0.0,0,0.0,0
CC0293,어린이집,childcare,동아신나는어린이집,마산합포구,월영동,4812553000,36.0,35.1725765366856,128.559197331369,point,0,0,,0,0,,15,13,1.154,629.3,629.3,0,0,2,851.4,0,0,5,746.2,0,0,7,720.9,0,0,0,1529.9,0,0,2,629.3,0,0,0,5160.9,0,0,1,980.7,0.0,0,0.0,0,0.0,0,0.0,0,0.0,0,0.0,0
CC0294,어린이집,childcare,마산가포부영사랑으로어린이집,마산합포구,월영동,4812553000,49.0,35.1682884714862,128.560116636748,point,0,0,,0,0,,4,3,1.333,520.3,520.3,0,0,0,1187.0,0,0,1,520.3,0,0,3,520.3,0,0,0,1370.5,0,0,0,1102.2,0,0,0,5580.9,0,0,0,1195.4,0.0,0,0.0,0,0.0,0,0.0,0,0.0,0,0.0,0
CC0295,어린이집,childcare,새암어린이집,마산합포구,월영동,4812553000,65.0,35.176470466118,128.55910529242,point,1,1,1.0,5,4,1.25,17,16,1.062,297.1,297.1,0,1,2,477.1,0,2,5,477.1,0,1,10,304.1,0,0,0,1686.0,1,1,3,297.1,0,0,0,4751.7,0,0,2,558.6,0.0,0,0.0,0,0.0,0,0.0,0,0.0,0,0.0,0
CC0296,어린이집,childcare,예솔어린이집,마산합포구,월영동,4812553000,75.0,35.1811542091156,128.562567932646,point,12,11,1.091,14,13,1.077,26,24,1.083,26.3,26.3,2,2,2,134.3,3,3,7,154.8,7,9,16,26.3,0,0,0,1750.3,1,1,5,168.2,0,0,0,4160.9,1,1,4,168.2,0.0,0,0.0,0,0.0,0,0.0,0,0.0,0,0.0,0
CC0297,어린이집,childcare,해운어린이집,마산합포구,월영동,4812553000,95.0,35.1803462972619,128.564643819703,point,10,9,1.111,14,13,1.077,26,24,1.083,41.0,41.0,2,2,2,88.3,1,4,6,208.1,7,8,16,41.0,0,0,0,1558.3,0,1,6,372.5,0,0,0,4197.7,0,1,5,372.5,0.0,0,0.0,0,0.0,0,0.0,0,0.0,0,0.0,0
CC0298,어린이집,childcare,현대신나는어린이집,마산합포구,월영동,4812553000,30.0,35.1743188737736,128.557309207297,point,0,0,,1,1,1.0,13,12,1.083,387.0,387.0,0,0,2,765.7,0,0,4,751.8,0,0,6,590.5,0,0,0,1746.7,0,1,2,387.0,0,0,0,5030.6,0,0,1,837.6,0.0,0,0.0,0,0.0,0,0.0,0,0.0,0,0.0,0
CC0299,어린이집,childcare,고운어린이집,마산합포구,월영동,4812553000,19.0,35.1750235873689,128.562589220715,point,0,0,,2,2,1.0,19,17,1.118,481.4,481.4,0,0,2,525.9,0,1,5,481.4,0,1,10,484.1,0,0,0,1330.3,0,0,3,652.8,0,0,0,4816.2,0,0,2,719.3,0.0,0,0.0,0,0.0,0,0.0,0,0.0,0,0.0,0
CC0300,어린이집,childcare,금빛어린이집,마산합포구,월영동,4812553000,20.0,35.1750956172328,128.559406352535,point,0,0,,2,2,1.0,17,15,1.133,409.8,409.8,0,0,2,588.4,0,0,5,588.4,0,1,9,442.3,0,0,0,1596.8,0,1,2,409.8,0,0,0,4888.2,0,0,1,701.6,0.0,0,0.0,0,0.0,0,0.0,0,0.0,0,0.0,0
CC0301,어린이집,childcare,기쁨몬테소리어린이집,마산합포구,월영동,4812553000,20.0,35.1725765366856,128.559197331369,point,0,0,,0,0,,15,13,1.154,629.3,629.3,0,0,2,851.4,0,0,5,746.2,0,0,7,720.9,0,0,0,1529.9,0,0,2,629.3,0,0,0,5160.9,0,0,1,980.7,0.0,0,0.0,0,0.0,0,0.0,0,0.0,0,0.0,0
CC0302,어린이집,childcare,꼬꼬마어린이집,마산합포구,월영동,4812553000,20.0,35.1725765366856,128.559197331369,point,0,0,,0,0,,15,13,1.154,629.3,629.3,0,0,2,851.4,0,0,5,746.2,0,0,7,720.9,0,0,0,1529.9,0,0,2,629.3,0,0,0,5160.9,0,0,1,980.7,0.0,0,0.0,0,0.0,0,0.0,0,0.0,0,0.0,0
CC0303,어린이집,childcare,바른나무어린이집,마산합포구,월영동,4812553000,19.0,35.1750235873689,128.562589220715,point,0,0,,2,2,1.0,19,17,1.118,481.4,481.4,0,0,2,525.9,0,1,5,481.4,0,1,10,484.1,0,0,0,1330.3,0,0,3,652.8,0,0,0,4816.2,0,0,2,719.3,0.0,0,0.0,0,0.0,0,0.0,0,0.0,0,0.0,0
CC0304,어린이집,childcare,보보어린이집,마산합포구,월영동,4812553000,19.0,35.1733650311582,128.55835043192,point,0,0,,0,0,,15,13,1.154,517.9,517.9,0,0,2,803.1,0,0,5,803.1,0,0,7,652.3,0,0,0,1625.8,0,0,2,517.9,0,0,0,5100.5,0,0,1,909.5,0.0,0,0.0,0,0.0,0,0.0,0,0.0,0,0.0,0
CC0305,어린이집,childcare,사랑숲 어린이집,마산합포구,월영동,4812553000,20.0,35.1788945298273,128.563077143617,point,9,8,1.125,14,13,1.077,24,22,1.091,110.8,110.8,2,2,2,110.8,1,4,6,110.8,6,8,14,183.5,0,0,0,1540.4,0,1,6,343.9,0,0,0,4389.4,0,1,5,343.9,0.0,0,0.0,0,0.0,0,0.0,0,0.0,0,0.0,0
CC0306,어린이집,childcare,아띠어린이집,마산합포구,월영동,4812553000,20.0,35.177743384619,128.564332463853,point,4,3,1.333,11,10,1.1,20,18,1.111,280.8,280.8,2,2,2,280.8,1,2,5,280.8,1,7,11,287.7,0,0,0,1369.9,0,0,4,515.2,0,0,0,4485.2,0,0,3,515.2,0.0,0,0.0,0,0.0,0,0.0,0,0.0,0,0.0,0
CC0307,어린이집,childcare,애시앙키즈어린이집,마산합포구,월영동,4812553000,19.0,35.1750235873689,128.562589220715,point,0,0,,2,2,1.0,19,17,1.118,481.4,481.4,0,0,2,525.9,0,1,5,481.4,0,1,10,484.1,0,0,0,1330.3,0,0,3,652.8,0,0,0,4816.2,0,0,2,719.3,0.0,0,0.0,0,0.0,0,0.0,0,0.0,0,0.0,0
CC0308,어린이집,childcare,예님어린이집,마산합포구,월영동,4812553000,19.0,35.1748130298334,128.55502951587,point,0,0,,1,1,1.0,8,7,1.143,336.1,336.1,0,0,2,872.7,0,0,3,790.6,0,0,2,674.4,0,0,0,1961.3,0,1,2,336.1,0,0,0,5052.4,0,0,1,890.0,0.0,0,0.0,0,0.0,0,0.0,0,0.0,0,0.0,0
CC0309,어린이집,childcare,이안어린이집,마산합포구,월영동,4812553000,19.0,35.1750235873689,128.562589220715,point,0,0,,2,2,1.0,19,17,1.118,481.4,481.4,0,0,2,525.9,0,1,5,481.4,0,1,10,484.1,0,0,0,1330.3,0,0,3,652.8,0,0,0,4816.2,0,0,2,719.3,0.0,0,0.0,0,0.0,0,0.0,0,0.0,0,0.0,0
CC0310,어린이집,childcare,조은어린이집,마산합포구,월영동,4812553000,20.0,35.1712067020332,128.558758810905,point,0,0,,0,0,,7,6,1.167,704.3,704.3,0,0,0,1007.9,0,0,2,704.3,0,0,4,704.3,0,0,0,1543.5,0,0,1,755.8,0,0,0,5318.0,0,0,0,1137.0,0.0,0,0.0,0,0.0,0,0.0,0,0.0,0,0.0,0
CC0311,어린이집,childcare,해맑은어린이집,마산합포구,월영동,4812553000,19.0,35.1792008719875,128.565490358495,point,8,7,1.143,13,12,1.083,22,20,1.1,179.2,179.2,2,2,2,209.2,1,3,5,281.8,5,8,13,179.2,0,0,0,1411.4,0,1,4,493.3,0,0,0,4304.0,0,1,3,493.3,0.0,0,0.0,0,0.0,0,0.0,0,0.0,0,0.0,0
CC0312,어린이집,childcare,행복아이어린이집,마산합포구,월영동,4812553000,19.0,35.1750235873689,128.562589220715,point,0,0,,2,2,1.0,19,17,1.118,481.4,481.4,0,0,2,525.9,0,1,5,481.4,0,1,10,484.1,0,0,0,1330.3,0,0,3,652.8,0,0,0,4816.2,0,0,2,719.3,0.0,0,0.0,0,0.0,0,0.0,0,0.0,0,0.0,0
CC0313,어린이집,childcare,바른아이뜰어린이집,마산합포구,자산동,4812558000,39.0,35.2027355615222,128.564043947836,point,0,0,,6,5,1.2,60,44,1.364,365.7,365.7,0,0,27,584.0,0,2,10,409.7,0,5,20,365.7,0,0,3,641.1,0,1,7,415.2,0,0,0,1910.6,0,1,5,415.2,0.0,0,0.0,0,0.0,0,0.0,0,0.0,0,0.0,0
CC0314,어린이집,childcare,반달어린이집,마산합포구,자산동,4812558000,39.0,35.2002359136216,128.558345720639,point,0,0,,1,1,1.0,12,10,1.2,471.5,471.5,0,0,1,941.8,0,0,4,668.3,0,1,8,471.5,0,0,0,1216.1,0,0,2,668.3,0,0,0,2433.4,0,0,2,668.3,0.0,0,0.0,0,0.0,0,0.0,0,0.0,0,0.0,0
CC0315,어린이집,childcare,샛별아이어린이집,마산합포구,자산동,4812558000,49.0,35.2023931866126,128.5658073654,point,3,2,1.5,23,9,2.556,65,49,1.327,206.7,206.7,0,13,31,424.4,1,3,10,288.8,2,7,21,206.7,0,1,3,495.5,0,2,7,353.6,0,0,0,1859.9,0,2,5,353.6,0.0,0,0.0,0,0.0,0,0.0,0,0.0,0,0.0,0
CC0316,어린이집,childcare,청운어린이집,마산합포구,자산동,4812558000,140.0,35.2057402775852,128.563528940328,point,1,1,1.0,2,2,1.0,40,26,1.538,123.2,123.2,0,0,21,573.1,0,0,4,713.4,1,2,14,123.2,0,0,1,708.0,0,0,3,724.1,0,0,0,1673.7,0,0,3,724.1,0.0,0,0.0,0,0.0,0,0.0,0,0.0,0,0.0,0
CC0317,어린이집,childcare,맑은숲영재스쿨어린이집,마산합포구,자산동,4812558000,20.0,35.2074536331018,128.564183959495,point,1,1,1.0,3,3,1.0,40,25,1.6,76.1,76.1,0,1,21,377.6,0,0,4,867.2,1,2,14,76.1,0,0,1,735.0,0,0,3,561.1,0,0,0,1493.6,0,0,3,561.1,0.0,0,0.0,0,0.0,0,0.0,0,0.0,0,0.0,0
CC0318,어린이집,childcare,사동어린이집,마산합포구,진동면,4812532000,120.0,35.1201142011489,128.47978194177,point,0,0,,0,0,,14,14,1.0,562.2,562.2,0,0,7,562.2,0,0,2,565.4,0,0,3,698.2,0,0,1,797.0,0,0,1,946.6,0,0,0,13042.5,0,0,0,1277.4,0.0,0,0.0,0,0.0,0,0.0,0,0.0,0,0.0,0
CC0319,어린이집,childcare,꿈채움어린이집,마산합포구,진동면,4812532000,31.0,35.1209867504771,128.487493962711,point,0,0,,2,2,1.0,9,9,1.0,318.3,318.3,0,0,3,523.0,0,1,2,464.6,0,1,3,318.3,0,0,0,1053.3,0,0,1,947.5,0,0,0,12834.4,0,0,0,1305.6,0.0,0,0.0,0,0.0,0,0.0,0,0.0,0,0.0,0
CC0320,어린이집,childcare,밝은숲 어린이집,마산합포구,진동면,4812532000,129.0,35.118861655881,128.486098904817,point,0,0,,2,2,1.0,9,8,1.125,365.9,365.9,0,0,3,660.7,0,1,3,409.0,0,1,2,365.9,0,0,1,924.0,0,0,0,1112.1,0,0,0,13085.5,0,0,0,1517.6,0.0,0,0.0,0,0.0,0,0.0,0,0.0,0,0.0,0
CC0321,어린이집,childcare,재능어린이집,마산합포구,진동면,4812532000,99.0,35.1172722094069,128.502579609565,point,1,1,1.0,1,1,1.0,3,3,1.0,183.4,183.4,0,0,1,891.4,0,0,0,1053.2,0,0,2,891.4,1,1,1,183.4,0,0,1,891.4,0,0,0,12888.3,0,0,0,2369.2,0.0,0,0.0,0,0.0,0,0.0,0,0.0,0,0.0,0
CC0322,어린이집,childcare,꿈꾸는유앤아이어린이집,마산합포구,진동면,4812532000,20.0,35.1213926238899,128.488555381395,point,1,1,1.0,2,2,1.0,9,9,1.0,284.5,284.5,0,0,3,564.6,0,1,2,479.2,1,1,3,284.5,0,0,0,1056.4,0,0,1,962.7,0,0,0,12777.1,0,0,0,1287.4,0.0,0,0.0,0,0.0,0,0.0,0,0.0,0,0.0,0
CC0323,어린이집,childcare,유앤아이어린이집,마산합포구,진동면,4812532000,20.0,35.1213926238899,128.488555381395,point,1,1,1.0,2,2,1.0,9,9,1.0,284.5,284.5,0,0,3,564.6,0,1,2,479.2,1,1,3,284.5,0,0,0,1056.4,0,0,1,962.7,0,0,0,12777.1,0,0,0,1287.4,0.0,0,0.0,0,0.0,0,0.0,0,0.0,0,0.0,0
CC0324,어린이집,childcare,한솔어린이집,마산합포구,진동면,4812532000,20.0,35.1107089909835,128.495084984332,point,2,1,2.0,3,2,1.5,10,8,1.25,298.7,298.7,0,1,6,380.1,1,1,1,298.7,0,0,2,560.7,1,1,4,299.7,0,0,1,560.7,0,0,0,13846.6,0,0,0,2605.7,0.0,0,0.0,0,0.0,0,0.0,0,0.0,0,0.0,0
CC0325,어린이집,childcare,창원시립 진북어린이집,마산합포구,진북면,4812533000,39.0,35.1155164836226,128.465266404143,point,3,3,1.0,7,7,1.0,27,24,1.125,176.4,176.4,2,4,20,176.4,0,4,8,377.1,0,0,3,654.5,0,3,7,377.1,2,3,4,176.4,0,0,0,13842.2,0,0,0,2200.1,0.0,0,0.0,0,0.0,0,0.0,0,0.0,0,0.0,0
CC0327,어린이집,childcare,창원시립 용마어린이집,마산합포구,합포동,4812564000,67.0,35.2130054492715,128.582329823011,point,0,0,,7,6,1.167,84,68,1.235,391.6,391.6,0,4,54,429.6,0,0,13,644.8,0,3,23,391.6,0,0,1,939.4,0,0,10,644.8,0,0,4,644.8,0,0,6,721.4,0.0,0,0.0,0,0.0,0,0.0,0,0.0,0,0.0,0
CC0328,어린이집,childcare,베스티움 큰샘 어린이집,마산합포구,합포동,4812564000,32.0,35.2092326616502,128.581877323665,point,3,3,1.0,11,10,1.1,65,55,1.182,130.2,130.2,1,5,39,229.8,0,0,7,668.8,3,5,20,130.2,0,0,3,520.8,0,2,9,332.7,0,0,1,823.2,0,2,5,332.7,0.0,0,0.0,0,0.0,0,0.0,0,0.0,0,0.0,0
CC0329,어린이집,childcare,칸타빌어린이집,마산합포구,합포동,4812564000,34.0,35.2114716247245,128.585705335399,point,1,1,1.0,17,13,1.308,129,102,1.265,143.2,143.2,1,12,84,143.2,0,2,21,395.5,0,5,34,323.6,0,0,3,889.1,0,3,17,395.5,0,1,6,395.5,0,1,10,484.1,0.0,0,0.0,0,0.0,0,0.0,0,0.0,0,0.0,0
CC0330,어린이집,childcare,하늘샘어린이집,마산합포구,합포동,4812564000,76.0,35.2101288581442,128.581931936368,point,2,2,1.0,10,9,1.111,72,60,1.2,219.2,219.2,0,4,46,318.2,0,0,7,647.1,2,5,20,219.2,0,0,3,619.0,0,2,10,432.3,0,0,2,768.0,0,2,5,432.3,0.0,0,0.0,0,0.0,0,0.0,0,0.0,0,0.0,0
CC0331,어린이집,childcare,창원시립 덕동어린이집,마산합포구,현동,4812551000,70.0,35.1409531127572,128.578983095374,point,0,0,,0,0,,0,0,,1239.2,1239.2,0,0,0,1718.1,0,0,0,1239.2,0,0,0,1580.6,0,0,0,2463.7,0,0,0,1239.2,0,0,0,6147.0,0,0,0,1239.2,0.0,0,0.0,0,0.0,0,0.0,0,0.0,0,0.0,0
CC0332,어린이집,childcare,신유성어린이집,마산합포구,현동,,66.0,35.142981221937546,128.55670227601792,point,0,0,,0,0,,1,1,1.0,561.6,561.6,0,0,0,1739.1,0,0,0,1493.9,0,0,1,561.6,0,0,0,2840.6,0,0,0,1136.1,0,0,0,8184.8,0,0,0,1302.4,0.0,0,0.0,0,0.0,0,0.0,0,0.0,0,0.0,0
CC0333,어린이집,childcare,중흥누리봄어린이집,마산합포구,현동,4812551000,79.0,35.148631512036,128.558356407781,point,1,1,1.0,1,1,1.0,5,4,1.25,102.3,102.3,0,0,0,1160.6,0,0,0,1189.6,1,1,4,102.3,0,0,0,2272.2,0,0,1,841.3,0,0,0,7575.9,0,0,1,841.3,0.0,0,0.0,0,0.0,0,0.0,0,0.0,0,0.0,0
CC0334,어린이집,childcare,중흥산들어린이집,마산합포구,현동,4812551000,45.0,35.1451846205351,128.554784357204,point,0,0,,1,1,1.0,3,3,1.0,400.7,400.7,0,0,0,1468.7,0,0,0,1468.7,0,1,3,400.7,0,0,0,2773.0,0,0,0,1016.4,0,0,0,8060.7,0,0,0,1016.4,0.0,0,0.0,0,0.0,0,0.0,0,0.0,0,0.0,0
CC0335,어린이집,childcare,중흥키즈어린이집,마산합포구,현동,4812551000,45.0,35.1527900505769,128.549821054958,point,4,3,1.333,4,3,1.333,7,6,1.167,120.8,120.8,0,0,2,668.8,0,0,1,668.8,3,3,5,120.8,0,0,0,2619.5,1,1,2,231.8,0,0,0,7512.3,1,1,2,231.8,0.0,0,0.0,0,0.0,0,0.0,0,0.0,0,0.0,0
CC0336,어린이집,childcare,하늘숲어린이집,마산합포구,현동,4812551000,80.0,35.1524849386005,128.554094106993,point,4,3,1.333,4,3,1.333,7,6,1.167,264.0,264.0,0,0,2,658.3,0,0,1,658.3,3,3,5,264.0,0,0,0,2305.1,1,1,2,265.2,0,0,0,7369.5,1,1,2,265.2,0.0,0,0.0,0,0.0,0,0.0,0,0.0,0,0.0,0
CC0337,어린이집,childcare,하늘채다솜어린이집,마산합포구,현동,4812551000,32.0,35.1453138863429,128.55703483767,point,0,0,,1,1,1.0,1,1,1.0,301.1,301.1,0,0,0,1493.1,0,0,0,1494.5,0,1,1,301.1,0,0,0,2622.7,0,0,0,1075.3,0,0,0,7960.8,0,0,0,1075.3,0.0,0,0.0,0,0.0,0,0.0,0,0.0,0,0.0,0
CC0338,어린이집,childcare,보듬이어린이집,마산합포구,현동,,19.0,35.14158975187848,128.55859036979282,point,0,0,,0,0,,4,2,2.0,717.1,717.1,0,0,0,1677.0,0,0,0,1262.7,0,0,2,717.1,0,0,0,2863.9,0,0,2,914.3,0,0,0,8007.1,0,0,0,1262.7,0.0,0,0.0,0,0.0,0,0.0,0,0.0,0,0.0,0
CC0339,어린이집,childcare,중흥해마루어린이집,마산합포구,현동,4812551000,19.0,35.1527900505769,128.549821054958,point,4,3,1.333,4,3,1.333,7,6,1.167,120.8,120.8,0,0,2,668.8,0,0,1,668.8,3,3,5,120.8,0,0,0,2619.5,1,1,2,231.8,0,0,0,7512.3,1,1,2,231.8,0.0,0,0.0,0,0.0,0,0.0,0,0.0,0,0.0,0
CC0340,어린이집,childcare,덴소코리아어린이집,마산합포구,현동,4812551000,20.0,35.145678469213,128.550124321551,point,0,0,,0,0,,5,4,1.25,723.6,723.6,0,0,0,1422.6,0,0,0,1422.6,0,0,4,723.6,0,0,0,3050.2,0,0,1,939.9,0,0,0,8205.7,0,0,1,939.9,0.0,0,0.0,0,0.0,0,0.0,0,0.0,0,0.0,0
CC0341,어린이집,childcare,글로벌창의 어린이집,마산회원구,구암1동,4812760000,76.0,35.2518420607766,128.592642389469,point,1,1,1.0,3,3,1.0,30,17,1.765,279.4,279.4,0,2,17,317.3,0,0,2,549.3,1,1,5,279.4,0,0,0,3162.4,0,1,8,317.3,0,1,4,317.3,0,1,2,317.3,0.0,0,0.0,0,67.0,11,0.0,0,0.0,0,1588.7,11
CC0342,어린이집,childcare,글로벌창의숲 어린이집,마산회원구,구암1동,4812760000,69.0,35.2535757269659,128.596323407605,point,1,1,1.0,6,3,2.0,119,43,2.767,111.9,111.9,0,0,93,513.7,0,1,10,455.8,1,1,17,111.9,0,0,0,3423.4,0,4,19,445.6,0,1,2,445.6,0,0,2,701.3,0.0,0,0.0,0,800.0,69,0.0,0,0.0,0,49244.1,69
CC0343,어린이집,childcare,바른손어린이집,마산회원구,구암1동,4812760000,150.0,35.2553043198049,128.594769336963,point,1,1,1.0,1,1,1.0,73,18,4.056,277.1,277.1,0,0,57,511.8,0,0,5,663.1,1,1,6,277.1,0,0,0,3576.7,0,0,8,672.8,0,0,2,672.8,0,0,1,696.9,0.0,0,0.0,0,269.0,36,0.0,0,0.0,0,14156.8,36
CC0344,어린이집,childcare,소명어린이집,마산회원구,구암1동,4812760000,39.0,35.2590871079255,128.595926178474,point,1,1,1.0,1,1,1.0,17,11,1.545,79.2,79.2,1,1,5,79.2,0,0,5,779.0,0,0,3,691.3,0,0,0,4009.3,0,0,4,748.1,0,0,1,942.6,0,0,0,1091.5,15.0,1,15.0,1,19.0,3,474.0,1,474.0,1,1046.5,3
CC0345,어린이집,childcare,천사맘어린이집,마산회원구,구암1동,4812760000,21.0,35.2494186005781,128.594548791314,point,1,1,1.0,6,5,1.2,62,23,2.696,205.9,205.9,1,2,43,205.9,0,1,6,325.6,0,2,6,306.9,0,0,0,2936.2,0,2,11,325.6,0,1,4,497.3,0,1,2,497.3,0.0,0,0.0,0,137.0,30,0.0,0,0.0,0,6073.0,30
CC0346,어린이집,childcare,창원시립 구암어린이집,마산회원구,구암2동,4812761000,78.0,35.2525655910838,128.600283111321,point,17,5,3.4,72,16,4.5,209,86,2.43,124.0,124.0,13,55,172,249.9,1,5,25,220.9,0,6,41,415.4,0,0,0,3429.8,3,9,20,124.0,1,1,1,124.0,0,0,2,599.0,52.0,10,254.0,36,2200.0,138,1114.7,10,15224.2,36,135168.9,138
CC0347,어린이집,childcare,인애어린이집,마산회원구,구암2동,4812761000,120.0,35.248278884796,128.600951954876,point,2,2,1.0,61,16,3.812,236,94,2.511,164.2,164.2,0,51,199,406.9,0,6,29,305.6,2,7,45,164.2,0,0,0,3017.9,0,8,24,305.6,0,1,1,355.6,0,0,4,676.7,0.0,0,214.0,40,2939.0,160,0.0,0,11589.5,40,221278.8,160
CC0348,어린이집,childcare,아마데우스어린이집,마산회원구,구암2동,4812761000,45.0,35.2499892804064,128.599128995578,point,5,2,2.5,36,7,5.143,207,84,2.464,97.4,97.4,0,27,172,456.9,1,1,25,97.4,0,3,39,304.4,0,0,0,3125.3,4,5,21,97.4,1,1,2,204.6,0,0,3,736.0,0.0,0,97.0,20,2168.0,136,0.0,0,2367.2,20,131900.8,136
CC0349,어린이집,childcare,밀알재능어린이집,마산회원구,구암2동,4812761000,20.0,35.2446561981918,128.591697352023,point,5,5,1.0,7,7,1.0,22,20,1.1,147.0,147.0,1,2,7,147.0,1,2,4,229.5,2,2,8,185.8,0,0,0,2362.9,2,2,5,185.8,2,2,4,185.8,1,1,2,185.8,0.0,0,0.0,0,0.0,0,0.0,0,0.0,0,0.0,0
CC0350,어린이집,childcare,창원시립 동신해나라어린이집,마산회원구,내서읍,4812725000,36.0,35.2515522902785,128.511609603468,point,1,1,1.0,32,26,1.231,149,99,1.505,270.4,270.4,0,19,111,324.8,0,2,29,395.6,1,8,23,270.4,0,0,0,1455.6,0,5,14,338.5,0,3,6,338.5,0,2,6,338.5,0.0,0,0.0,0,0.0,0,0.0,0,0.0,0,0.0,0
CC0351,어린이집,childcare,창원시립 수피아어린이집,마산회원구,내서읍,4812725000,59.0,35.2487001877627,128.522530830103,point,1,1,1.0,7,6,1.167,65,59,1.102,147.7,147.7,0,3,41,402.3,1,1,12,147.7,0,3,16,331.2,0,0,0,1454.0,0,0,7,585.3,0,0,4,585.3,0,0,3,585.3,0.0,0,0.0,0,0.0,0,0.0,0,0.0,0,0.0,0
CC0352,어린이집,childcare,창원시립 햇님어린이집,마산회원구,내서읍,4812725000,18.0,35.2240127121878,128.503255721904,point,1,1,1.0,1,1,1.0,9,7,1.286,148.2,148.2,0,0,3,695.3,0,0,1,759.0,1,1,4,148.2,0,0,4,695.3,0,0,0,1003.2,0,0,0,1317.0,0,0,0,1003.2,0.0,0,0.0,0,0.0,0,0.0,0,0.0,0,0.0,0
CC0353,어린이집,childcare,삼계한샘어린이집,마산회원구,내서읍,4812725000,49.0,35.230959498244,128.497812245256,point,2,2,1.0,2,2,1.0,35,29,1.207,49.0,49.0,1,1,26,206.4,0,0,4,840.0,1,1,5,49.0,0,0,4,653.8,0,0,2,614.4,0,0,1,936.1,0,0,1,614.4,0.0,0,0.0,0,0.0,0,0.0,0,0.0,0,0.0,0
CC0354,어린이집,childcare,상곡어린이집,마산회원구,내서읍,4812725000,46.0,35.2460988298522,128.499874252405,point,1,1,1.0,1,1,1.0,44,37,1.189,271.6,271.6,0,0,31,801.6,1,1,12,271.6,0,0,11,823.2,0,0,0,1682.2,0,0,6,823.2,0,0,2,823.2,0,0,1,886.6,0.0,0,0.0,0,0.0,0,0.0,0,0.0,0,0.0,0
CC0355,어린이집,childcare,선재어린이집,마산회원구,내서읍,4812725000,63.0,35.2436547884392,128.500038295638,point,1,1,1.0,1,1,1.0,84,61,1.377,0.0,0.0,0,0,64,639.9,1,1,20,0.0,0,0,13,683.0,0,0,0,1953.8,0,0,8,687.1,0,0,3,687.1,0,0,1,813.1,0.0,0,0.0,0,0.0,0,0.0,0,0.0,0,0.0,0
CC0356,어린이집,childcare,숲속자람터어린이집,마산회원구,내서읍,4812725000,30.0,35.2425638166461,128.479034731553,point,0,0,,0,0,,0,0,,1053.8,1053.8,0,0,0,1053.8,0,0,0,1053.8,0,0,0,2140.2,0,0,0,2448.0,0,0,0,2513.1,0,0,0,2568.8,0,0,0,2513.1,0.0,0,0.0,0,0.0,0,0.0,0,0.0,0,0.0,0
CC0357,어린이집,childcare,호계어린이집,마산회원구,내서읍,4812725000,49.0,35.2528811782791,128.521638325678,point,1,1,1.0,22,19,1.158,57,49,1.163,169.1,169.1,0,14,34,376.5,0,5,8,339.3,1,3,11,169.1,0,0,0,1035.4,0,2,8,436.7,0,1,5,436.7,0,0,3,741.5,0.0,0,0.0,0,0.0,0,0.0,0,0.0,0,0.0,0
CC0358,어린이집,childcare,대동영재 아이짐어린이집,마산회원구,내서읍,4812725000,30.0,35.229929638338,128.503257128615,point,0,0,,4,3,1.333,50,30,1.667,351.7,351.7,0,2,41,416.7,0,0,4,653.1,0,1,4,410.0,0,0,2,852.1,0,1,2,351.7,0,0,1,691.0,0,1,1,351.7,0.0,0,0.0,0,0.0,0,0.0,0,0.0,0,0.0,0
CC0359,어린이집,childcare,더푸른다솜어린이집,마산회원구,내서읍,4812725000,37.0,35.2349142808915,128.502811193217,point,10,9,1.111,30,25,1.2,83,60,1.383,238.7,238.7,8,25,68,251.0,2,4,11,278.1,0,2,11,312.1,0,0,0,1243.3,1,2,4,238.7,0,1,3,335.4,1,1,1,238.7,0.0,0,0.0,0,0.0,0,0.0,0,0.0,0,0.0,0
CC0360,어린이집,childcare,라파어린이집,마산회원구,내서읍,4812725000,35.0,35.2510812153555,128.522649077581,point,2,2,1.0,9,8,1.125,57,51,1.118,149.4,149.4,0,4,36,413.9,1,3,9,177.8,1,2,13,149.4,0,0,0,1242.9,0,0,7,569.4,0,0,4,569.4,0,0,3,685.7,0.0,0,0.0,0,0.0,0,0.0,0,0.0,0,0.0,0
CC0361,어린이집,childcare,삼계현대어린이집,마산회원구,내서읍,4812725000,35.0,35.2340681840549,128.502383669031,point,1,1,1.0,28,24,1.167,74,51,1.451,192.2,192.2,0,23,64,310.4,0,4,9,351.5,0,2,8,373.6,0,0,0,1142.9,1,2,4,192.2,0,1,3,403.1,1,1,1,192.2,0.0,0,0.0,0,0.0,0,0.0,0,0.0,0,0.0,0
CC0362,어린이집,childcare,쏠티동산어린이집,마산회원구,내서읍,4812725000,99.0,35.2433822576014,128.502667312808,point,1,1,1.0,12,10,1.2,171,106,1.613,241.2,241.2,0,8,138,417.6,1,4,35,241.2,0,3,21,451.8,0,0,0,2008.3,0,1,9,451.8,0,1,4,451.8,0,0,1,572.6,0.0,0,0.0,0,0.0,0,0.0,0,0.0,0,0.0,0
CC0363,어린이집,childcare,이미지은혜어린이집,마산회원구,내서읍,4812725000,30.0,35.2237829288,128.501931761796,point,1,1,1.0,1,1,1.0,8,6,1.333,270.7,270.7,0,0,3,584.8,0,0,1,637.9,1,1,3,270.7,0,0,4,584.8,0,0,0,1044.3,0,0,0,1372.7,0,0,0,1044.3,0.0,0,0.0,0,0.0,0,0.0,0,0.0,0,0.0,0
CC0364,어린이집,childcare,일화어린이집,마산회원구,내서읍,4812725000,126.0,35.2460289841447,128.500070494928,point,1,1,1.0,1,1,1.0,53,45,1.178,263.5,263.5,0,0,36,783.0,1,1,15,263.5,0,0,12,804.1,0,0,0,1690.7,0,0,6,804.1,0,0,2,804.1,0,0,1,867.2,0.0,0,0.0,0,0.0,0,0.0,0,0.0,0,0.0,0
CC0365,어린이집,childcare,참좋은하늘채어린이집,마산회원구,내서읍,4812725000,48.0,35.26531922377,128.524789896796,point,3,2,1.5,8,6,1.333,14,10,1.4,110.8,110.8,1,3,4,110.8,0,1,3,472.8,2,3,5,110.8,0,1,1,491.8,0,0,1,987.8,0,0,0,1547.9,0,0,0,1221.8,0.0,0,0.0,0,0.0,0,0.0,0,0.0,0,0.0,0
CC0366,어린이집,childcare,코오롱한샘어린이집,마산회원구,내서읍,4812725000,60.0,35.2663045036371,128.524986267974,point,3,2,1.5,7,5,1.4,11,9,1.222,0.0,0.0,1,2,4,0.0,0,1,2,404.6,2,4,4,0.0,0,0,1,585.2,0,0,0,1097.0,0,0,0,1653.2,0,0,0,1275.7,0.0,0,0.0,0,0.0,0,0.0,0,0.0,0,0.0,0
CC0367,어린이집,childcare,한우리다온어린이집,마산회원구,내서읍,4812725000,26.0,35.228858606337,128.504409770834,point,0,0,,4,3,1.333,35,29,1.207,455.2,455.2,0,2,26,479.8,0,0,4,736.6,0,1,4,455.2,0,0,2,878.7,0,1,2,463.7,0,0,1,769.4,0,1,1,463.7,0.0,0,0.0,0,0.0,0,0.0,0,0.0,0,0.0,0
CC0368,어린이집,childcare,해바라기어린이집,마산회원구,내서읍,4812725000,22.0,35.2298482281802,128.497778635903,point,1,1,1.0,2,2,1.0,32,26,1.231,88.8,88.8,0,1,23,325.2,0,0,3,722.8,1,1,5,88.8,0,0,4,535.6,0,0,1,672.9,0,0,0,1011.5,0,0,1,672.9,0.0,0,0.0,0,0.0,0,0.0,0,0.0,0,0.0,0
CC0369,어린이집,childcare,해와달아이어린이집,마산회원구,내서읍,4812725000,95.0,35.2563400701258,128.520008616303,point,4,2,2.0,9,7,1.286,54,46,1.174,43.9,43.9,1,5,32,43.9,1,3,8,122.3,1,1,9,122.3,0,0,1,655.4,1,2,9,122.3,0,1,6,470.6,0,0,5,951.3,0.0,0,0.0,0,0.0,0,0.0,0,0.0,0,0.0,0
CC0370,어린이집,childcare,호계사랑어린이집,마산회원구,내서읍,4812725000,95.0,35.2528684010353,128.522059435557,point,1,1,1.0,18,15,1.2,54,48,1.125,183.3,183.3,0,10,34,405.3,0,5,8,348.3,1,3,10,183.3,0,0,0,1039.8,0,2,6,459.2,0,1,4,475.1,0,0,3,766.7,0.0,0,0.0,0,0.0,0,0.0,0,0.0,0,0.0,0
CC0371,어린이집,childcare,꼬마요정 어린이집,마산회원구,내서읍,4812725000,20.0,35.26531922377,128.524789896796,point,3,2,1.5,8,6,1.333,14,10,1.4,110.8,110.8,1,3,4,110.8,0,1,3,472.8,2,3,5,110.8,0,1,1,491.8,0,0,1,987.8,0,0,0,1547.9,0,0,0,1221.8,0.0,0,0.0,0,0.0,0,0.0,0,0.0,0,0.0,0
CC0372,어린이집,childcare,사랑샘어린이집,마산회원구,내서읍,4812725000,18.0,35.2245408397338,128.502014594177,point,1,1,1.0,1,1,1.0,11,9,1.222,265.3,265.3,0,0,4,573.6,0,0,1,651.1,1,1,4,265.3,0,0,4,573.6,0,0,1,960.3,0,0,0,1290.3,0,0,1,960.3,0.0,0,0.0,0,0.0,0,0.0,0,0.0,0,0.0,0
CC0373,어린이집,childcare,숲속엄마품어린이집,마산회원구,내서읍,4812725000,16.0,35.2298482281802,128.497778635903,point,1,1,1.0,2,2,1.0,32,26,1.231,88.8,88.8,0,1,23,325.2,0,0,3,722.8,1,1,5,88.8,0,0,4,535.6,0,0,1,672.9,0,0,0,1011.5,0,0,1,672.9,0.0,0,0.0,0,0.0,0,0.0,0,0.0,0,0.0,0
CC0374,어린이집,childcare,아이자람 어린이집,마산회원구,내서읍,4812725000,19.0,35.2313169989618,128.496524675404,point,2,2,1.0,3,3,1.0,31,25,1.24,117.3,117.3,1,2,23,244.9,0,0,4,850.1,1,1,4,117.3,0,0,4,670.3,0,0,1,712.9,0,0,0,1016.9,0,0,1,712.9,0.0,0,0.0,0,0.0,0,0.0,0,0.0,0,0.0,0
CC0375,어린이집,childcare,참좋은어린이집,마산회원구,내서읍,4812725000,14.0,35.2349142808915,128.502811193217,point,10,9,1.111,30,25,1.2,83,60,1.383,238.7,238.7,8,25,68,251.0,2,4,11,278.1,0,2,11,312.1,0,0,0,1243.3,1,2,4,238.7,0,1,3,335.4,1,1,1,238.7,0.0,0,0.0,0,0.0,0,0.0,0,0.0,0,0.0,0
CC0376,어린이집,childcare,푸른 어린이집,마산회원구,내서읍,4812725000,14.0,35.2349142808915,128.502811193217,point,10,9,1.111,30,25,1.2,83,60,1.383,238.7,238.7,8,25,68,251.0,2,4,11,278.1,0,2,11,312.1,0,0,0,1243.3,1,2,4,238.7,0,1,3,335.4,1,1,1,238.7,0.0,0,0.0,0,0.0,0,0.0,0,0.0,0,0.0,0
CC0377,어린이집,childcare,하륜안계어린이집,마산회원구,내서읍,4812725000,15.0,35.2316399240163,128.493576650703,point,1,1,1.0,3,3,1.0,10,8,1.25,222.2,222.2,1,2,5,222.2,0,0,2,743.0,0,1,2,373.5,0,0,4,730.9,0,0,1,967.9,0,0,0,1247.4,0,0,1,967.9,0.0,0,0.0,0,0.0,0,0.0,0,0.0,0,0.0,0
CC0378,어린이집,childcare,해담어린이집,마산회원구,내서읍,4812725000,20.0,35.26531922377,128.524789896796,point,3,2,1.5,8,6,1.333,14,10,1.4,110.8,110.8,1,3,4,110.8,0,1,3,472.8,2,3,5,110.8,0,1,1,491.8,0,0,1,987.8,0,0,0,1547.9,0,0,0,1221.8,0.0,0,0.0,0,0.0,0,0.0,0,0.0,0,0.0,0
CC0379,어린이집,childcare,창원시립 근주어린이집,마산회원구,석전동,4812754500,73.0,35.2326813589306,128.577360656688,point,10,10,1.0,13,13,1.0,39,37,1.054,20.3,20.3,0,1,9,483.9,2,2,5,157.1,8,10,23,20.3,0,0,0,1293.5,2,2,5,144.2,1,1,4,157.1,0,0,0,1195.8,0.0,0,0.0,0,0.0,0,0.0,0,0.0,0,0.0,0
CC0380,어린이집,childcare,창원시립 메트로석전어린이집,마산회원구,석전동,4812754500,58.0,35.2298010847479,128.570731134756,point,2,2,1.0,9,9,1.0,31,31,1.0,0.0,0.0,0,2,5,401.9,1,1,4,0.0,0,5,20,345.0,0,0,0,1587.0,1,1,4,119.9,1,1,3,119.9,0,0,0,1431.6,0.0,0,0.0,0,0.0,0,0.0,0,0.0,0,0.0,0
CC0381,어린이집,childcare,창원시립 봉화어린이집,마산회원구,석전동,4812754500,97.0,35.2311578085838,128.56707416436,point,8,8,1.0,9,9,1.0,28,28,1.0,45.4,45.4,3,3,7,45.4,0,1,2,365.4,4,4,16,97.2,0,0,0,1952.4,1,1,3,258.4,1,1,2,258.4,0,0,0,1796.3,0.0,0,0.0,0,0.0,0,0.0,0,0.0,0,0.0,0
CC0382,어린이집,childcare,창원시립 석전어린이집,마산회원구,석전동,4812754500,70.0,35.2325392330907,128.570215937451,point,2,2,1.0,9,9,1.0,31,31,1.0,219.7,219.7,0,2,7,326.8,0,1,4,307.5,1,5,18,233.9,0,0,0,1775.8,1,1,4,219.7,1,1,3,219.7,0,0,0,1635.7,0.0,0,0.0,0,0.0,0,0.0,0,0.0,0,0.0,0
CC0383,어린이집,childcare,참빛어린이집,마산회원구,석전동,4812754500,39.0,35.2302233775517,128.56627590287,point,6,6,1.0,9,9,1.0,26,26,1.0,153.2,153.2,3,3,7,153.2,0,1,2,408.4,3,4,13,216.3,0,0,0,1978.9,0,1,4,325.7,0,1,3,325.7,0,0,0,1817.2,0.0,0,0.0,0,0.0,0,0.0,0,0.0,0,0.0,0
CC0384,어린이집,childcare,금솔어린이집,마산회원구,석전동,4812754500,20.0,35.2298010847479,128.570731134756,point,2,2,1.0,9,9,1.0,31,31,1.0,0.0,0.0,0,2,5,401.9,1,1,4,0.0,0,5,20,345.0,0,0,0,1587.0,1,1,4,119.9,1,1,3,119.9,0,0,0,1431.6,0.0,0,0.0,0,0.0,0,0.0,0,0.0,0,0.0,0
CC0385,어린이집,childcare,삼정어린이집,마산회원구,석전동,4812754500,20.0,35.2333697935602,128.575826312387,point,7,7,1.0,11,11,1.0,40,38,1.053,43.3,43.3,0,0,10,512.6,1,2,5,232.2,6,9,24,43.3,0,0,0,1443.3,2,2,4,224.7,1,1,3,232.2,0,0,0,1338.4,0.0,0,0.0,0,0.0,0,0.0,0,0.0,0,0.0,0
CC0386,어린이집,childcare,계명어린이집,마산회원구,양덕1동,4812756000,39.0,35.2319639974843,128.585978435552,point,8,6,1.333,12,10,1.2,43,40,1.075,50.9,50.9,4,5,10,62.7,0,0,5,501.9,4,7,26,50.9,0,0,1,908.8,1,1,5,194.2,1,1,3,194.2,0,0,1,929.0,0.0,0,0.0,0,0.0,0,0.0,0,0.0,0,0.0,0
CC0387,어린이집,childcare,아셀어린이집,마산회원구,양덕1동,4812756000,46.0,35.2316484626088,128.584362594728,point,10,8,1.25,14,12,1.167,46,43,1.07,114.9,114.9,5,5,11,114.9,0,1,6,396.4,5,8,26,114.9,0,0,1,894.6,1,1,6,174.6,1,1,4,174.6,0,0,1,885.3,0.0,0,0.0,0,0.0,0,0.0,0,0.0,0,0.0,0
CC0388,어린이집,childcare,조이어린이집,마산회원구,양덕1동,4812756000,120.0,35.2307510045194,128.586062793838,point,9,7,1.286,12,10,1.2,45,41,1.098,83.2,83.2,4,5,9,91.5,0,1,7,409.2,5,6,25,91.5,0,0,1,773.9,1,1,7,83.2,1,1,4,83.2,0,0,2,797.2,0.0,0,0.0,0,0.0,0,0.0,0,0.0,0,0.0,0
CC0389,어린이집,childcare,경남숲 어린이집,마산회원구,양덕1동,4812756000,19.0,35.2344958496883,128.591036801224,point,0,0,,5,3,1.667,24,22,1.091,335.8,335.8,0,3,7,450.1,0,0,2,660.3,0,1,14,401.7,0,0,0,1256.7,0,1,3,335.8,0,1,3,335.8,0,0,1,947.1,0.0,0,0.0,0,0.0,0,0.0,0,0.0,0,0.0,0
CC0390,어린이집,childcare,세화어린이집,마산회원구,양덕1동,4812756000,20.0,35.2317128992208,128.58673583422,point,8,6,1.333,11,9,1.222,42,39,1.077,19.4,19.4,4,5,11,105.6,0,0,5,526.6,4,6,24,19.4,0,0,1,879.6,1,1,5,202.4,1,1,3,202.4,0,0,1,913.8,0.0,0,0.0,0,0.0,0,0.0,0,0.0,0,0.0,0
CC0391,어린이집,childcare,창원시립 양덕롯데캐슬어린이집,마산회원구,양덕2동,4812757000,52.0,35.2246437503717,128.590873091606,point,2,2,1.0,22,16,1.375,212,119,1.782,270.4,270.4,1,11,161,270.4,0,2,25,463.8,1,8,39,287.0,0,1,1,405.5,0,3,16,378.8,0,2,9,378.8,0,1,8,463.8,0.0,0,0.0,0,0.0,0,0.0,0,0.0,0,0.0,0
CC0392,어린이집,childcare,창원시립 하버팰리스어린이집,마산회원구,양덕2동,4812757000,63.0,35.2220271776522,128.590682864277,point,20,9,2.222,69,37,1.865,329,216,1.523,107.7,107.7,13,50,255,107.7,2,7,39,191.1,6,13,56,233.3,0,1,2,424.6,3,6,24,174.4,2,3,13,174.4,1,3,12,191.1,0.0,0,0.0,0,0.0,0,0.0,0,0.0,0,0.0,0
CC0393,어린이집,childcare,사회복지법인금강어린이집,마산회원구,양덕2동,,163.0,35.23244691517965,128.581775228812,point,6,6,1.0,21,19,1.105,39,37,1.054,99.6,99.6,1,5,9,99.6,0,3,4,353.2,5,13,24,109.7,0,0,0,1054.4,0,3,5,353.2,0,2,4,353.2,0,0,0,1006.3,0.0,0,0.0,0,0.0,0,0.0,0,0.0,0,0.0,0
CC0394,어린이집,childcare,굿맘아이어린이집,마산회원구,양덕2동,4812757000,35.0,35.2287858629739,128.57687676075,point,2,2,1.0,10,10,1.0,48,44,1.091,181.1,181.1,1,1,10,216.3,1,2,8,181.1,0,6,27,358.9,0,0,0,1040.4,0,1,7,300.0,0,0,4,578.6,0,0,1,901.2,0.0,0,0.0,0,0.0,0,0.0,0,0.0,0,0.0,0
CC0395,어린이집,childcare,메트로사과나무어린이집,마산회원구,양덕2동,4812757000,44.0,35.2283724648636,128.582628079245,point,1,1,1.0,6,6,1.0,52,47,1.106,0.0,0.0,0,1,12,439.5,1,1,8,0.0,0,4,28,334.4,0,0,1,621.3,0,1,7,326.2,0,1,3,326.2,0,0,2,550.6,0.0,0,0.0,0,0.0,0,0.0,0,0.0,0,0.0,0
CC0396,어린이집,childcare,메트로아이꽃뜰어린이집,마산회원구,양덕2동,4812757000,66.0,35.2236728605877,128.584565894733,point,11,9,1.222,23,19,1.211,100,67,1.493,0.0,0.0,3,5,59,147.4,3,5,12,0.0,3,8,28,243.9,1,1,1,180.6,2,5,11,0.0,0,1,6,393.3,2,3,5,0.0,0.0,0,0.0,0,0.0,0,0.0,0,0.0,0,0.0,0
CC0397,어린이집,childcare,하늘채우솔어린이집,마산회원구,양덕2동,4812757000,49.0,35.2272598184407,128.578838733618,point,2,2,1.0,8,8,1.0,57,52,1.096,224.7,224.7,0,1,12,346.9,1,3,9,224.7,1,3,31,254.6,0,0,1,800.5,0,1,8,365.7,0,1,4,365.7,0,0,2,656.1,0.0,0,0.0,0,0.0,0,0.0,0,0.0,0,0.0,0
CC0398,어린이집,childcare,한일어린이집,마산회원구,양덕2동,4812757000,26.0,35.2288455464935,128.581005876933,point,1,1,1.0,11,11,1.0,54,49,1.102,156.8,156.8,0,1,11,482.0,1,3,9,156.8,0,5,30,415.9,0,0,1,754.5,0,2,7,426.0,0,1,3,426.0,0,0,2,659.2,0.0,0,0.0,0,0.0,0,0.0,0,0.0,0,0.0,0
CC0399,어린이집,childcare,대림어린이집,마산회원구,양덕2동,4812757000,20.0,35.2244480825616,128.589145164708,point,9,9,1.0,25,17,1.471,190,101,1.881,136.9,136.9,2,10,141,266.4,0,4,19,369.6,6,7,36,136.9,1,1,1,247.9,0,5,15,369.6,0,2,7,446.9,0,3,7,369.6,0.0,0,0.0,0,0.0,0,0.0,0,0.0,0,0.0,0
CC0400,어린이집,childcare,라임어린이집,마산회원구,양덕2동,4812757000,20.0,35.2316349587179,128.582556899555,point,5,5,1.0,17,15,1.133,44,41,1.073,148.6,148.6,2,5,9,148.6,0,2,6,362.1,3,11,26,168.0,0,0,1,943.4,1,2,6,293.7,1,2,4,293.7,0,0,1,902.3,0.0,0,0.0,0,0.0,0,0.0,0,0.0,0,0.0,0
CC0401,어린이집,childcare,반디어린이집,마산회원구,양덕2동,4812757000,20.0,35.2287858629739,128.57687676075,point,2,2,1.0,10,10,1.0,48,44,1.091,181.1,181.1,1,1,10,216.3,1,2,8,181.1,0,6,27,358.9,0,0,0,1040.4,0,1,7,300.0,0,0,4,578.6,0,0,1,901.2,0.0,0,0.0,0,0.0,0,0.0,0,0.0,0,0.0,0
CC0402,어린이집,childcare,새봄어린이집,마산회원구,양덕2동,4812757000,20.0,35.2261050141865,128.575467904582,point,5,5,1.0,13,13,1.0,35,33,1.061,121.0,121.0,2,2,5,164.4,1,2,8,152.5,2,8,19,121.0,0,0,0,1040.8,0,1,6,488.1,0,1,3,488.1,0,0,1,871.3,0.0,0,0.0,0,0.0,0,0.0,0,0.0,0,0.0,0
CC0403,어린이집,childcare,예꼬어린이집,마산회원구,양덕2동,4812757000,20.0,35.2246437503717,128.590873091606,point,2,2,1.0,22,16,1.375,212,119,1.782,270.4,270.4,1,11,161,270.4,0,2,25,463.8,1,8,39,287.0,0,1,1,405.5,0,3,16,378.8,0,2,9,378.8,0,1,8,463.8,0.0,0,0.0,0,0.0,0,0.0,0,0.0,0,0.0,0
CC0404,어린이집,childcare,작은별어린이집,마산회원구,양덕2동,4812757000,20.0,35.2316739466153,128.579552005031,point,8,8,1.0,15,15,1.0,38,35,1.086,91.1,91.1,0,1,8,317.7,2,3,7,268.5,6,11,21,91.1,0,0,0,1082.2,2,2,6,257.3,1,1,4,268.5,0,0,1,998.4,0.0,0,0.0,0,0.0,0,0.0,0,0.0,0,0.0,0
CC0405,어린이집,childcare,키즈누리 어린이집,마산회원구,양덕2동,4812757000,20.0,35.2220271776522,128.590682864277,point,20,9,2.222,69,37,1.865,329,216,1.523,107.7,107.7,13,50,255,107.7,2,7,39,191.1,6,13,56,233.3,0,1,2,424.6,3,6,24,174.4,2,3,13,174.4,1,3,12,191.1,0.0,0,0.0,0,0.0,0,0.0,0,0.0,0,0.0,0
CC0406,어린이집,childcare,해무리 어린이집,마산회원구,양덕2동,4812757000,20.0,35.2316349587179,128.582556899555,point,5,5,1.0,17,15,1.133,44,41,1.073,148.6,148.6,2,5,9,148.6,0,2,6,362.1,3,11,26,168.0,0,0,1,943.4,1,2,6,293.7,1,2,4,293.7,0,0,1,902.3,0.0,0,0.0,0,0.0,0,0.0,0,0.0,0,0.0,0
CC0407,어린이집,childcare,행복가득하늘채어린이집,마산회원구,양덕2동,4812757000,20.0,35.2272598184407,128.578838733618,point,2,2,1.0,8,8,1.0,57,52,1.096,224.7,224.7,0,1,12,346.9,1,3,9,224.7,1,3,31,254.6,0,0,1,800.5,0,1,8,365.7,0,1,4,365.7,0,0,2,656.1,0.0,0,0.0,0,0.0,0,0.0,0,0.0,0,0.0,0
CC0408,어린이집,childcare,BNK창원어린이집,마산회원구,양덕2동,4812757000,49.0,35.2305748676787,128.584008138725,point,8,8,1.0,13,11,1.182,45,41,1.098,89.9,89.9,2,5,10,177.5,1,1,7,274.8,5,7,24,89.9,0,0,1,787.7,1,1,7,125.0,1,1,4,125.0,0,0,2,767.6,0.0,0,0.0,0,0.0,0,0.0,0,0.0,0,0.0,0
CC0409,어린이집,childcare,해솔어린이집,마산회원구,양덕2동,4812757000,60.0,35.2229044729142,128.586643063035,point,16,14,1.143,23,20,1.15,147,95,1.547,0.0,0.0,4,8,96,0.0,3,4,19,88.4,7,8,36,135.3,1,1,1,98.5,2,3,15,88.4,0,0,8,530.8,2,3,8,88.4,0.0,0,0.0,0,0.0,0,0.0,0,0.0,0,0.0,0
CC0410,어린이집,childcare,창원시립 롯데캐슬어린이집,마산회원구,합성1동,4812758000,58.0,35.2450833629099,128.586531628809,point,2,2,1.0,5,5,1.0,17,17,1.0,195.5,195.5,1,3,6,195.5,0,0,2,586.6,0,1,7,492.7,0,0,0,2363.2,1,1,4,240.4,1,1,4,240.4,0,0,2,546.3,0.0,0,0.0,0,0.0,0,0.0,0,0.0,0,0.0,0
CC0411,어린이집,childcare,샘보아이어린이집,마산회원구,합성2동,4812759000,20.0,35.241713048412,128.588412455679,point,6,6,1.0,13,13,1.0,17,17,1.0,228.2,228.2,2,4,5,247.3,1,2,2,228.2,2,6,8,246.6,0,0,0,1996.4,1,2,3,290.0,1,2,3,290.0,0,1,1,353.5,0.0,0,0.0,0,0.0,0,0.0,0,0.0,0,0.0,0
CC0412,어린이집,childcare,삼성창원병원 직장어린이집,마산회원구,합성2동,4812759000,35.0,35.2429963860914,128.591965801829,point,2,2,1.0,7,7,1.0,21,19,1.105,0.0,0.0,0,1,7,320.0,1,2,4,47.2,1,3,7,0.0,0,0,0,2188.0,1,2,5,0.0,1,2,4,0.0,1,1,2,0.0,0.0,0,0.0,0,0.0,0,0.0,0,0.0,0,0.0,0
CC0413,어린이집,childcare,창원시립 회성어린이집,마산회원구,회성동,4812755000,67.0,35.2333256184355,128.556951614739,point,4,4,1.0,5,5,1.0,13,13,1.0,49.8,49.8,2,2,5,204.9,0,0,0,1314.2,2,2,7,49.8,0,0,0,1952.4,0,1,1,445.3,0,1,1,445.3,0,0,0,2733.1,0.0,0,0.0,0,0.0,0,0.0,0,0.0,0,0.0,0
CC0414,어린이집,childcare,예꿈어린이집,마산회원구,회원1동,4812751000,49.0,35.2198272312043,128.572547141532,point,4,4,1.0,7,7,1.0,29,27,1.074,113.1,113.1,2,2,7,113.1,0,0,4,683.8,2,4,14,116.8,0,0,0,1348.3,0,1,4,415.6,0,1,3,415.6,0,0,0,1113.4,0.0,0,0.0,0,0.0,0,0.0,0,0.0,0,0.0,0
CC0415,어린이집,childcare,해든미래클어린이집,마산회원구,회원1동,4812751000,20.0,35.2186382045474,128.575508290054,point,3,3,1.0,10,10,1.0,35,31,1.129,173.5,173.5,1,3,10,183.0,0,0,6,524.8,1,6,15,246.1,0,0,0,1156.1,1,1,5,173.5,1,1,3,173.5,0,0,1,996.2,0.0,0,0.0,0,0.0,0,0.0,0,0.0,0,0.0,0
CC0416,어린이집,childcare,창원시립 e편한세상어린이집,마산회원구,회원2동,4812752000,65.0,35.2194026917238,128.569503435739,point,1,1,1.0,5,5,1.0,25,23,1.087,176.5,176.5,1,2,6,176.5,0,0,3,961.3,0,2,13,394.7,0,0,0,1626.3,0,1,3,461.2,0,1,2,461.2,0,0,0,1029.1,0.0,0,0.0,0,0.0,0,0.0,0,0.0,0,0.0,0
CC0417,어린이집,childcare,e편한세상키즈어린이집,마산회원구,회원2동,4812752000,58.0,35.222036895346,128.569984464304,point,2,2,1.0,9,9,1.0,26,25,1.04,156.6,156.6,1,3,5,259.9,0,0,3,772.5,1,5,13,156.6,0,0,0,1520.4,0,1,5,449.7,0,1,4,449.7,0,0,0,1322.4,0.0,0,0.0,0,0.0,0,0.0,0,0.0,0,0.0,0
CC0418,어린이집,childcare,달나라 어린이집,마산회원구,회원2동,4812752000,49.0,35.217208759621,128.56396523104,point,0,0,,1,1,1.0,9,9,1.0,482.1,482.1,0,0,3,707.0,0,0,0,1129.7,0,0,4,505.1,0,0,0,1613.6,0,1,2,482.1,0,1,1,482.1,0,0,1,929.0,0.0,0,0.0,0,0.0,0,0.0,0,0.0,0,0.0,0
CC0419,어린이집,childcare,청우 어린이집,마산회원구,회원2동,4812752000,61.0,35.21832837166,128.562066585691,point,0,0,,1,1,1.0,5,5,1.0,443.1,443.1,0,0,2,857.6,0,0,0,1342.6,0,0,2,599.9,0,0,0,1799.3,0,1,1,443.1,0,1,1,443.1,0,0,0,1129.2,0.0,0,0.0,0,0.0,0,0.0,0,0.0,0,0.0,0
CC0420,어린이집,childcare,행복가득 한마음어린이집,마산회원구,회원2동,4812752000,75.0,35.2198829906557,128.563673123147,point,1,1,1.0,1,1,1.0,9,9,1.0,217.2,217.2,0,0,2,696.1,0,0,0,1274.5,0,0,6,774.2,0,0,0,1899.1,1,1,1,217.2,1,1,1,217.2,0,0,0,1201.9,0.0,0,0.0,0,0.0,0,0.0,0,0.0,0,0.0,0
CC0421,어린이집,childcare,빛나는 진명어린이집,마산회원구,회원2동,4812752000,20.0,35.21691415716,128.562931663154,point,0,0,,1,1,1.0,6,6,1.0,449.4,449.4,0,0,2,686.9,0,0,0,1188.9,0,1,2,449.4,0,0,0,1623.7,0,0,2,540.9,0,0,1,540.9,0,0,1,956.6,0.0,0,0.0,0,0.0,0,0.0,0,0.0,0,0.0,0
CC0422,어린이집,childcare,창원시립 경화어린이집,진해구,경화동,4812956000,143.0,35.1569093262826,128.682893781274,point,2,2,1.0,8,8,1.0,16,16,1.0,216.2,216.2,1,3,4,216.2,0,1,2,455.0,1,4,10,289.1,0,0,0,1044.1,0,0,1,859.1,0,0,1,859.1,0,0,1,859.1,0.0,0,0.0,0,0.0,0,0.0,0,0.0,0,0.0,0
CC0423,어린이집,childcare,두산위브드림어린이집,진해구,경화동,4812956000,49.0,35.1609316532612,128.685313723902,point,0,0,,1,1,1.0,15,15,1.0,333.2,333.2,0,1,4,333.2,0,0,2,859.0,0,0,8,682.8,0,0,2,859.0,0,0,0,1010.1,0,0,0,1010.1,0,0,0,1010.1,0.0,0,0.0,0,0.0,0,0.0,0,0.0,0,0.0,0
CC0424,어린이집,childcare,킹스키즈어린이집,진해구,경화동,4812956000,98.0,35.1598511236841,128.683476753426,point,1,1,1.0,1,1,1.0,13,13,1.0,150.6,150.6,1,1,4,150.6,0,0,1,776.4,0,0,8,501.9,0,0,0,1002.8,0,0,0,1017.7,0,0,0,1017.7,0,0,0,1017.7,0.0,0,0.0,0,0.0,0,0.0,0,0.0,0,0.0,0
CC0425,어린이집,childcare,해화어린이집,진해구,경화동,4812956000,86.0,35.1610308401135,128.681659586198,point,1,1,1.0,1,1,1.0,9,9,1.0,114.5,114.5,1,1,3,114.5,0,0,1,867.3,0,0,5,530.3,0,0,0,1186.1,0,0,0,1227.1,0,0,0,1227.1,0,0,0,1227.1,0.0,0,0.0,0,0.0,0,0.0,0,0.0,0,0.0,0
CC0426,어린이집,childcare,창원시립 썬키즈어린이집,진해구,덕산동,4812961000,85.0,35.1420231884111,128.707720293449,point,4,4,1.0,4,4,1.0,25,23,1.087,64.6,64.6,0,0,6,555.1,0,0,2,877.6,4,4,19,64.6,0,0,0,1626.4,0,0,1,973.9,0,0,1,973.9,0,0,1,973.9,0.0,0,0.0,0,0.0,0,0.0,0,0.0,0,0.0,0
CC0427,어린이집,childcare,창원시립 자은주공어린이집,진해구,덕산동,4812961000,20.0,35.1440333583593,128.70959987084,point,3,3,1.0,6,6,1.0,20,19,1.053,180.8,180.8,0,0,7,689.9,0,0,0,1151.8,3,6,13,180.8,0,0,0,1707.4,0,0,0,1219.0,0,0,0,1219.0,0,0,0,1248.7,0.0,0,0.0,0,0.0,0,0.0,0,0.0,0,0.0,0
CC0428,어린이집,childcare,꼬마숲해담어린이집,진해구,덕산동,4812961000,26.0,35.1409958444106,128.704363048534,point,2,2,1.0,7,7,1.0,24,22,1.091,222.3,222.3,0,2,5,395.5,0,0,2,573.8,2,5,19,222.3,0,0,0,1401.5,0,0,1,783.2,0,0,1,783.2,0,0,1,783.2,0.0,0,0.0,0,0.0,0,0.0,0,0.0,0,0.0,0
CC0429,어린이집,childcare,경동큰나무어린이집,진해구,덕산동,4812961000,19.0,35.1409388679932,128.702441515336,point,1,1,1.0,6,5,1.2,23,21,1.095,128.7,128.7,0,2,5,341.9,0,1,2,467.2,1,4,17,128.7,0,0,0,1350.1,0,0,2,778.0,0,0,2,778.0,0,0,2,778.0,0.0,0,0.0,0,0.0,0,0.0,0,0.0,0,0.0,0
CC0430,어린이집,childcare,덕산해군어린이집,진해구,덕산동,4812961000,55.0,35.1447193441681,128.710572186447,point,2,2,1.0,5,5,1.0,17,16,1.062,290.8,290.8,0,0,6,670.8,0,0,0,1219.7,2,5,11,290.8,0,0,0,1672.9,0,0,0,1265.8,0,0,0,1265.8,0,0,0,1357.2,0.0,0,0.0,0,0.0,0,0.0,0,0.0,0,0.0,0
CC0431,어린이집,childcare,창원시립 글로벌리더어린이집,진해구,병암동,4812957000,170.0,35.1611250209577,128.691393504299,point,3,3,1.0,6,6,1.0,14,14,1.0,136.2,136.2,1,1,3,136.2,0,1,2,366.9,2,3,7,258.3,0,2,2,366.9,0,0,3,747.2,0,0,3,747.2,0,0,3,747.2,0.0,0,0.0,0,0.0,0,0.0,0,0.0,0,0.0,0
CC0432,어린이집,childcare,연꽃누리어린이집,진해구,병암동,4812957000,22.0,35.1571791452051,128.689697898144,point,1,1,1.0,7,7,1.0,25,25,1.0,282.5,282.5,0,1,7,455.4,0,2,3,461.1,1,3,12,282.5,0,2,2,424.8,0,1,4,461.1,0,1,4,461.1,0,1,3,461.1,0.0,0,0.0,0,0.0,0,0.0,0,0.0,0,0.0,0
CC0433,어린이집,childcare,슈퍼키즈어린이집,진해구,병암동,4812957000,98.0,35.1587903890452,128.691877838602,point,5,5,1.0,7,7,1.0,20,20,1.0,39.4,39.4,1,1,5,200.8,1,1,2,232.8,2,4,9,39.4,2,2,3,232.8,0,0,4,623.3,0,0,4,623.3,0,0,3,623.3,0.0,0,0.0,0,0.0,0,0.0,0,0.0,0,0.0,0
CC0434,어린이집,childcare,에셀나무어린이집,진해구,병암동,4812957000,63.0,35.1564934206568,128.688623771567,point,0,0,,3,3,1.0,23,23,1.0,367.3,367.3,0,0,5,575.7,0,1,3,432.6,0,2,12,367.3,0,0,2,536.7,0,1,4,432.6,0,1,4,432.6,0,1,3,432.6,0.0,0,0.0,0,0.0,0,0.0,0,0.0,0,0.0,0
CC0435,어린이집,childcare,아이존어린이집,진해구,병암동,4812957000,19.0,35.1546999953331,128.693109497688,point,3,3,1.0,8,8,1.0,24,24,1.0,91.8,91.8,0,0,5,570.5,1,2,2,242.5,2,4,11,91.8,0,2,3,358.1,1,3,6,242.5,1,3,6,242.5,1,2,3,242.5,0.0,0,0.0,0,0.0,0,0.0,0,0.0,0,0.0,0
CC0436,어린이집,childcare,근로복지공단 진해어린이집,진해구,석동,4812958000,140.0,35.1554502745728,128.698079026285,point,1,1,1.0,10,10,1.0,24,24,1.0,88.8,88.8,0,3,5,327.3,0,0,3,511.6,1,4,11,88.8,0,1,3,430.2,1,3,5,88.8,1,3,5,88.8,1,2,3,88.8,0.0,0,0.0,0,0.0,0,0.0,0,0.0,0,0.0,0
CC0437,어린이집,childcare,엄마사랑어린이집,진해구,석동,4812958000,80.0,35.1588658146704,128.702855975941,point,3,3,1.0,5,5,1.0,20,19,1.053,60.2,60.2,1,2,8,264.3,0,0,2,528.7,1,1,7,106.3,1,1,3,60.2,0,1,2,381.5,0,1,2,381.5,0,1,2,381.5,0.0,0,0.0,0,0.0,0,0.0,0,0.0,0,0.0,0
CC0438,어린이집,childcare,우림큰사랑어린이집,진해구,석동,4812958000,38.0,35.1583362044688,128.697305658077,point,5,5,1.0,11,11,1.0,21,21,1.0,133.7,133.7,1,2,5,249.5,1,1,3,271.3,1,5,9,189.8,2,3,3,271.3,1,2,4,133.7,1,2,4,133.7,1,2,3,133.7,0.0,0,0.0,0,0.0,0,0.0,0,0.0,0,0.0,0
CC0439,어린이집,childcare,벚꽃그린빌어린이집,진해구,석동,4812958000,19.0,35.1549298628343,128.706872938716,point,3,3,1.0,8,7,1.143,19,18,1.056,41.2,41.2,1,6,9,293.9,1,1,1,41.2,1,1,7,231.4,0,0,1,536.2,0,0,2,772.7,0,0,2,772.7,0,0,2,772.7,0.0,0,0.0,0,0.0,0,0.0,0,0.0,0,0.0,0
CC0440,어린이집,childcare,베베천사어린이집,진해구,석동,4812958000,19.0,35.1583362044688,128.697305658077,point,5,5,1.0,11,11,1.0,21,21,1.0,133.7,133.7,1,2,5,249.5,1,1,3,271.3,1,5,9,189.8,2,3,3,271.3,1,2,4,133.7,1,2,4,133.7,1,2,3,133.7,0.0,0,0.0,0,0.0,0,0.0,0,0.0,0,0.0,0
CC0441,어린이집,childcare,푸르지오어린이집,진해구,석동,4812958000,20.0,35.160023400955,128.694910720334,point,6,6,1.0,8,8,1.0,17,17,1.0,100.7,100.7,1,2,4,210.8,1,1,2,127.2,3,3,7,100.7,2,2,3,127.2,0,1,4,406.8,0,1,4,406.8,0,1,3,406.8,0.0,0,0.0,0,0.0,0,0.0,0,0.0,0,0.0,0
CC0442,어린이집,childcare,창원시립 여좌어린이집,진해구,여좌동,4812954000,90.0,35.1580812629978,128.660267714881,point,0,0,,1,1,1.0,12,12,1.0,417.3,417.3,0,0,6,657.7,0,1,1,417.3,0,0,3,685.0,0,0,0,2130.3,0,0,2,656.0,0,0,2,656.0,0,0,0,1026.2,0.0,0,0.0,0,0.0,0,0.0,0,0.0,0,0.0,0
CC0443,어린이집,childcare,SK숲art 어린이집,진해구,여좌동,4812954000,20.0,35.1579099885533,128.660730843495,point,0,0,,1,1,1.0,12,12,1.0,372.8,372.8,0,0,6,650.1,0,1,1,372.8,0,0,3,647.7,0,0,0,2092.8,0,0,2,670.5,0,0,2,670.5,0,0,0,1005.0,0.0,0,0.0,0,0.0,0,0.0,0,0.0,0,0.0,0
CC0444,어린이집,childcare,천사들의뜰어린이집,진해구,여좌동,4812954000,20.0,35.1605189354407,128.661383406914,point,0,0,,3,3,1.0,6,6,1.0,379.3,379.3,0,0,2,745.1,0,1,1,459.3,0,1,2,460.0,0,0,0,2323.5,0,1,1,379.3,0,1,1,379.3,0,0,0,1294.3,0.0,0,0.0,0,0.0,0,0.0,0,0.0,0,0.0,0
CC0445,어린이집,childcare,창원시립 남양어린이집,진해구,웅동1동,4812964000,49.0,35.1200516462816,128.779765840786,point,10,9,1.111,72,58,1.241,163,129,1.264,175.3,175.3,8,69,158,254.6,1,1,2,199.1,1,2,3,175.3,0,0,1,723.5,0,0,0,1221.1,0,0,0,1221.1,0,0,0,3221.1,0.0,0,0.0,0,0.0,0,0.0,0,0.0,0,0.0,0
CC0446,어린이집,childcare,창원시립 은성어린이집,진해구,웅동1동,4812964000,32.0,35.1274641062532,128.781945867268,point,0,0,,4,2,2.0,67,55,1.218,384.1,384.1,0,2,59,384.1,0,0,2,513.3,0,2,5,384.1,0,0,1,513.3,0,0,1,945.3,0,0,1,945.3,0,0,0,3982.9,0.0,0,0.0,0,0.0,0,0.0,0,0.0,0,0.0,0
CC0447,어린이집,childcare,배화어린이집,진해구,웅동1동,4812964000,157.0,35.1142211356642,128.795934803992,point,2,2,1.0,7,7,1.0,44,38,1.158,179.0,179.0,1,1,31,267.0,0,2,3,390.1,0,3,7,384.1,0,0,0,1253.7,1,1,3,179.0,1,1,3,179.0,0,0,0,2536.7,0.0,0,0.0,0,0.0,0,0.0,0,0.0,0,0.0,0
CC0448,어린이집,childcare,사랑숲어린이집,진해구,웅동1동,4812964000,83.0,35.1256753000559,128.785311876327,point,5,3,1.667,29,22,1.318,101,83,1.217,174.8,174.8,2,25,94,243.0,1,1,2,174.8,2,3,5,210.2,1,1,1,174.8,0,0,0,1281.1,0,0,0,1281.1,0,0,0,3746.4,0.0,0,0.0,0,0.0,0,0.0,0,0.0,0,0.0,0
CC0449,어린이집,childcare,해오름아기세상어린이집,진해구,웅동1동,4812964000,19.0,35.1189030222424,128.792033902655,point,3,3,1.0,25,22,1.136,126,106,1.189,60.8,60.8,2,21,113,195.3,0,2,4,375.1,1,2,6,60.8,0,0,1,809.2,0,0,3,561.8,0,0,3,561.8,0,0,0,2990.7,0.0,0,0.0,0,0.0,0,0.0,0,0.0,0,0.0,0
CC0450,어린이집,childcare,창원시립 용원어린이집,진해구,웅동2동,4812965000,118.0,35.0964360429616,128.819287632432,point,2,2,1.0,6,5,1.2,13,12,1.083,234.1,234.1,0,0,2,681.1,0,0,0,1048.8,2,3,8,234.1,0,0,0,1048.8,0,3,3,423.3,0,3,3,423.3,0,2,2,423.3,0.0,0,0.0,0,0.0,0,0.0,0,0.0,0,0.0,0
CC0451,어린이집,childcare,꽃뜰에어린이집,진해구,웅동2동,4812965000,90.0,35.1040563285066,128.81522551795,point,2,1,2.0,5,4,1.25,14,13,1.077,134.4,134.4,2,3,5,134.4,1,1,3,134.4,2,4,9,134.4,2,2,3,134.4,2,2,4,134.4,2,2,4,134.4,0,0,1,629.4,0.0,0,0.0,0,0.0,0,0.0,0,0.0,0,0.0,0
CC0452,어린이집,childcare,더푸르지오어린이집,진해구,웅동2동,4812965000,58.0,35.0982022920565,128.806425893017,point,0,0,,2,2,1.0,4,4,1.0,490.7,490.7,0,1,1,490.7,0,0,0,1004.0,0,1,3,495.8,0,0,0,1117.3,0,0,0,1119.9,0,0,0,1119.9,0,0,0,1281.7,0.0,0,0.0,0,0.0,0,0.0,0,0.0,0,0.0,0
CC0453,어린이집,childcare,맑은샘어린이집,진해구,웅동2동,4812965000,26.0,35.1072939783225,128.8056063021,point,4,4,1.0,6,6,1.0,13,12,1.083,208.0,208.0,1,1,4,208.0,2,3,5,208.0,2,3,8,208.0,1,1,3,208.0,1,1,3,294.1,1,1,3,294.1,0,0,0,1552.7,0.0,0,0.0,0,0.0,0,0.0,0,0.0,0,0.0,0
CC0454,어린이집,childcare,바다별어린이집,진해구,웅동2동,4812965000,56.0,35.0995591263729,128.802469337979,point,0,0,,1,1,1.0,4,4,1.0,452.4,452.4,0,0,1,775.5,0,0,1,800.6,0,1,2,452.4,0,0,0,1026.5,0,0,0,1026.5,0,0,0,1026.5,0,0,0,1475.4,0.0,0,0.0,0,0.0,0,0.0,0,0.0,0,0.0,0
CC0455,어린이집,childcare,부산신항 5단지 부영사랑으로어린이집,진해구,웅동2동,4812965000,27.0,35.0871428318353,128.805760585816,point,0,0,,0,0,,2,2,1.0,862.7,862.7,0,0,0,1252.9,0,0,0,1152.3,0,0,2,862.7,0,0,0,1252.9,0,0,0,1252.9,0,0,0,1252.9,0,0,0,1359.6,0.0,0,0.0,0,0.0,0,0.0,0,0.0,0,0.0,0
CC0456,어린이집,childcare,부산신항 6단지 부영사랑으로어린이집,진해구,웅동2동,4812965000,40.0,35.088425104509,128.807585352892,point,0,0,,0,0,,1,1,1.0,930.3,930.3,0,0,0,1332.2,0,0,0,1261.5,0,0,1,930.3,0,0,0,1332.2,0,0,0,1148.3,0,0,0,1148.3,0,0,0,1148.3,0.0,0,0.0,0,0.0,0,0.0,0,0.0,0,0.0,0
CC0457,어린이집,childcare,부산신항13단지부영사랑으로어린이집,진해구,웅동2동,4812965000,40.0,35.0902903502679,128.816141229598,point,0,0,,2,1,2.0,4,3,1.333,373.5,373.5,0,0,0,1253.1,0,0,0,1664.4,0,0,2,553.1,0,0,0,1664.4,0,2,2,373.5,0,2,2,373.5,0,1,1,373.5,0.0,0,0.0,0,0.0,0,0.0,0,0.0,0,0.0,0
CC0458,어린이집,childcare,부산신항2단지 부영사랑으로어린이집,진해구,웅동2동,4812965000,32.0,35.0892769441624,128.801209394839,point,0,0,,0,0,,5,4,1.25,552.5,552.5,0,0,1,776.1,0,0,1,678.1,0,0,3,552.5,0,0,1,776.1,0,0,1,776.1,0,0,1,776.1,0,0,0,1146.0,0.0,0,0.0,0,0.0,0,0.0,0,0.0,0,0.0,0
CC0459,어린이집,childcare,부산신항3단지부영 사랑으로 어린이집,진해구,웅동2동,4812965000,33.0,35.0881711662718,128.801966277844,point,0,0,,0,0,,5,4,1.25,552.2,552.2,0,0,1,904.9,0,0,1,790.6,0,0,3,552.2,0,0,1,904.9,0,0,1,904.9,0,0,1,904.9,0,0,0,1249.6,0.0,0,0.0,0,0.0,0,0.0,0,0.0,0,0.0,0
CC0460,어린이집,childcare,부산신항4단지부영 사랑으로 어린이집,진해구,웅동2동,4812965000,33.0,35.0871962704687,128.801781573086,point,0,0,,0,0,,5,4,1.25,504.6,504.6,0,0,1,964.0,0,0,1,831.1,0,0,3,504.6,0,0,1,964.0,0,0,1,964.0,0,0,1,964.0,0,0,0,1275.7,0.0,0,0.0,0,0.0,0,0.0,0,0.0,0,0.0,0
CC0461,어린이집,childcare,부산신항8단지 부영사랑으로어린이집,진해구,웅동2동,4812965000,40.0,35.0899472255603,128.811692686232,point,0,0,,0,0,,3,2,1.5,737.3,737.3,0,0,0,1197.1,0,0,0,1600.5,0,0,1,875.8,0,0,0,1635.7,0,0,2,737.3,0,0,2,737.3,0,0,1,737.3,0.0,0,0.0,0,0.0,0,0.0,0,0.0,0,0.0,0
CC0462,어린이집,childcare,크니크니어린이집,진해구,웅동2동,4812965000,31.0,35.0884070696793,128.811498208724,point,0,0,,0,0,,3,2,1.5,835.9,835.9,0,0,0,1366.8,0,0,0,1609.2,0,0,1,994.6,0,0,0,1665.7,0,0,2,835.9,0,0,2,835.9,0,0,1,835.9,0.0,0,0.0,0,0.0,0,0.0,0,0.0,0,0.0,0
CC0463,어린이집,childcare,하늘별꽃어린이집,진해구,웅동2동,4812965000,31.0,35.0866063758344,128.81148436633,point,0,0,,0,0,,2,1,2.0,963.1,963.1,0,0,0,1566.5,0,0,0,1660.7,0,0,0,1137.8,0,0,0,1739.5,0,0,2,963.1,0,0,2,963.1,0,0,1,963.1,0.0,0,0.0,0,0.0,0,0.0,0,0.0,0,0.0,0
CC0464,어린이집,childcare,꼬맹이어린이집,진해구,웅동2동,4812965000,20.0,35.1027228980049,128.818970062021,point,1,1,1.0,6,5,1.2,13,12,1.083,44.0,44.0,1,3,4,44.0,0,1,1,445.4,0,4,10,320.5,0,2,2,445.4,0,3,3,305.5,0,3,3,305.5,0,1,1,305.5,0.0,0,0.0,0,0.0,0,0.0,0,0.0,0,0.0,0
CC0465,어린이집,childcare,꿈동산어린이집,진해구,웅동2동,4812965000,19.0,35.0902903502679,128.816141229598,point,0,0,,2,1,2.0,4,3,1.333,373.5,373.5,0,0,0,1253.1,0,0,0,1664.4,0,0,2,553.1,0,0,0,1664.4,0,2,2,373.5,0,2,2,373.5,0,1,1,373.5,0.0,0,0.0,0,0.0,0,0.0,0,0.0,0,0.0,0
CC0466,어린이집,childcare,꿈자람어린이집,진해구,웅동2동,4812965000,15.0,35.0899472255603,128.811692686232,point,0,0,,0,0,,3,2,1.5,737.3,737.3,0,0,0,1197.1,0,0,0,1600.5,0,0,1,875.8,0,0,0,1635.7,0,0,2,737.3,0,0,2,737.3,0,0,1,737.3,0.0,0,0.0,0,0.0,0,0.0,0,0.0,0,0.0,0
CC0467,어린이집,childcare,동화숲어린이집,진해구,웅동2동,4812965000,19.0,35.1034920124458,128.809184621804,point,0,0,,2,2,1.0,13,12,1.083,344.1,344.1,0,1,5,344.1,0,0,5,545.1,0,1,7,465.4,0,0,3,545.1,0,0,3,582.3,0,0,3,582.3,0,0,0,1075.5,0.0,0,0.0,0,0.0,0,0.0,0,0.0,0,0.0,0
CC0468,어린이집,childcare,리온어린이집,진해구,웅동2동,4812965000,20.0,35.1046953181316,128.808767735968,point,0,0,,3,3,1.0,13,12,1.083,406.2,406.2,0,2,5,406.2,0,1,5,406.2,0,1,7,406.2,0,1,3,406.2,0,1,3,445.4,0,1,3,445.4,0,0,0,1162.3,0.0,0,0.0,0,0.0,0,0.0,0,0.0,0,0.0,0
CC0469,어린이집,childcare,리치어린이집,진해구,웅동2동,4812965000,19.0,35.1034920124458,128.809184621804,point,0,0,,2,2,1.0,13,12,1.083,344.1,344.1,0,1,5,344.1,0,0,5,545.1,0,1,7,465.4,0,0,3,545.1,0,0,3,582.3,0,0,3,582.3,0,0,0,1075.5,0.0,0,0.0,0,0.0,0,0.0,0,0.0,0,0.0,0
CC0470,어린이집,childcare,맑은숲어린이집,진해구,웅동2동,4812965000,13.0,35.1074137350992,128.80601252301,point,4,4,1.0,6,6,1.0,13,12,1.083,169.4,169.4,1,1,4,169.4,2,3,5,169.4,2,3,8,169.4,1,1,3,169.4,1,1,3,255.8,1,1,3,255.8,0,0,0,1527.8,0.0,0,0.0,0,0.0,0,0.0,0,0.0,0,0.0,0
CC0471,어린이집,childcare,솔로몬어린이집,진해구,웅동2동,4812965000,13.0,35.1074137350992,128.80601252301,point,4,4,1.0,6,6,1.0,13,12,1.083,169.4,169.4,1,1,4,169.4,2,3,5,169.4,2,3,8,169.4,1,1,3,169.4,1,1,3,255.8,1,1,3,255.8,0,0,0,1527.8,0.0,0,0.0,0,0.0,0,0.0,0,0.0,0,0.0,0
CC0472,어린이집,childcare,아이뜰어린이집,진해구,웅동2동,4812965000,19.0,35.1025928537448,128.806726860311,point,0,0,,1,1,1.0,12,11,1.091,430.5,430.5,0,1,4,430.5,0,0,4,581.2,0,0,8,629.9,0,0,3,629.9,0,0,3,693.0,0,0,3,693.0,0,0,0,1263.7,0.0,0,0.0,0,0.0,0,0.0,0,0.0,0,0.0,0
CC0473,어린이집,childcare,아이마음 어린이집,진해구,웅동2동,4812965000,19.0,35.1010641938856,128.806728102456,point,0,0,,1,1,1.0,10,9,1.111,378.5,378.5,0,1,4,378.5,0,0,3,723.8,0,0,7,593.1,0,0,3,798.5,0,0,3,859.5,0,0,3,859.5,0,0,0,1238.9,0.0,0,0.0,0,0.0,0,0.0,0,0.0,0,0.0,0
CC0474,어린이집,childcare,아이원어린이집,진해구,웅동2동,4812965000,13.0,35.1043311473356,128.806549520447,point,0,0,,2,2,1.0,11,10,1.1,430.4,430.4,0,1,4,442.3,0,2,4,430.4,0,1,7,442.3,0,1,3,442.3,0,0,3,511.1,0,0,3,511.1,0,0,0,1333.2,0.0,0,0.0,0,0.0,0,0.0,0,0.0,0,0.0,0
CC0475,어린이집,childcare,아이조아 어린이집,진해구,웅동2동,4812965000,19.0,35.0881711662718,128.801966277844,point,0,0,,0,0,,5,4,1.25,552.2,552.2,0,0,1,904.9,0,0,1,790.6,0,0,3,552.2,0,0,1,904.9,0,0,1,904.9,0,0,1,904.9,0,0,0,1249.6,0.0,0,0.0,0,0.0,0,0.0,0,0.0,0,0.0,0
CC0476,어린이집,childcare,예쁜꼬마어린이집,진해구,웅동2동,4812965000,19.0,35.1010641938856,128.806728102456,point,0,0,,1,1,1.0,10,9,1.111,378.5,378.5,0,1,4,378.5,0,0,3,723.8,0,0,7,593.1,0,0,3,798.5,0,0,3,859.5,0,0,3,859.5,0,0,0,1238.9,0.0,0,0.0,0,0.0,0,0.0,0,0.0,0,0.0,0
CC0477,어린이집,childcare,일신아이뜰어린이집,진해구,웅동2동,4812965000,19.0,35.1025928537448,128.806726860311,point,0,0,,1,1,1.0,12,11,1.091,430.5,430.5,0,1,4,430.5,0,0,4,581.2,0,0,8,629.9,0,0,3,629.9,0,0,3,693.0,0,0,3,693.0,0,0,0,1263.7,0.0,0,0.0,0,0.0,0,0.0,0,0.0,0,0.0,0
CC0478,어린이집,childcare,재미팡팡어린이집,진해구,웅동2동,4812965000,19.0,35.1010641938856,128.806728102456,point,0,0,,1,1,1.0,10,9,1.111,378.5,378.5,0,1,4,378.5,0,0,3,723.8,0,0,7,593.1,0,0,3,798.5,0,0,3,859.5,0,0,3,859.5,0,0,0,1238.9,0.0,0,0.0,0,0.0,0,0.0,0,0.0,0,0.0,0
CC0479,어린이집,childcare,초록어린이집,진해구,웅동2동,4812965000,19.0,35.1013899021377,128.805814365895,point,0,0,,1,1,1.0,10,9,1.111,465.9,465.9,0,1,4,465.9,0,0,3,654.0,0,0,7,681.6,0,0,3,775.5,0,0,3,842.8,0,0,3,842.8,0,0,0,1325.2,0.0,0,0.0,0,0.0,0,0.0,0,0.0,0,0.0,0
CC0480,어린이집,childcare,키즈맘어린이집,진해구,웅동2동,4812965000,20.0,35.1025928537448,128.806726860311,point,0,0,,1,1,1.0,12,11,1.091,430.5,430.5,0,1,4,430.5,0,0,4,581.2,0,0,8,629.9,0,0,3,629.9,0,0,3,693.0,0,0,3,693.0,0,0,0,1263.7,0.0,0,0.0,0,0.0,0,0.0,0,0.0,0,0.0,0
CC0481,어린이집,childcare,해달별어린이집,진해구,웅동2동,4812965000,19.0,35.0902903502679,128.816141229598,point,0,0,,2,1,2.0,4,3,1.333,373.5,373.5,0,0,0,1253.1,0,0,0,1664.4,0,0,2,553.1,0,0,0,1664.4,0,2,2,373.5,0,2,2,373.5,0,1,1,373.5,0.0,0,0.0,0,0.0,0,0.0,0,0.0,0,0.0,0
CC0482,어린이집,childcare,해담어린이집,진해구,웅동2동,4812965000,19.0,35.0881711662718,128.801966277844,point,0,0,,0,0,,5,4,1.25,552.2,552.2,0,0,1,904.9,0,0,1,790.6,0,0,3,552.2,0,0,1,904.9,0,0,1,904.9,0,0,1,904.9,0,0,0,1249.6,0.0,0,0.0,0,0.0,0,0.0,0,0.0,0,0.0,0
CC0483,어린이집,childcare,힐링어린이집,진해구,웅동2동,4812965000,13.0,35.1043311473356,128.806549520447,point,0,0,,2,2,1.0,11,10,1.1,430.4,430.4,0,1,4,442.3,0,2,4,430.4,0,1,7,442.3,0,1,3,442.3,0,0,3,511.1,0,0,3,511.1,0,0,0,1333.2,0.0,0,0.0,0,0.0,0,0.0,0,0.0,0,0.0,0
CC0484,어린이집,childcare,창원시립 남문어린이집,진해구,웅천동,4812963000,65.0,35.1041732778227,128.757084257176,point,0,0,,2,2,1.0,7,7,1.0,479.8,479.8,0,2,7,479.8,0,0,0,1165.0,0,0,0,1075.5,0,0,0,1165.0,0,0,0,1284.3,0,0,0,1284.3,0,0,0,2292.4,0.0,0,0.0,0,0.0,0,0.0,0,0.0,0,0.0,0
CC0485,어린이집,childcare,창원시립 남문프라디움어린이집,진해구,웅천동,4812963000,73.0,35.104397616163,128.751154542871,point,0,0,,3,3,1.0,24,20,1.2,346.1,346.1,0,3,20,346.1,0,0,2,837.0,0,0,1,940.2,0,0,0,1206.9,0,0,1,848.3,0,0,1,848.3,0,0,0,1757.4,0.0,0,0.0,0,0.0,0,0.0,0,0.0,0,0.0,0
CC0486,어린이집,childcare,창원시립 리젠시빌어린이집,진해구,웅천동,4812963000,55.0,35.1057426602422,128.75840214674,point,0,0,,2,2,1.0,7,7,1.0,395.7,395.7,0,2,6,395.7,0,0,0,1014.4,0,0,1,990.4,0,0,0,1014.4,0,0,0,1472.0,0,0,0,1472.0,0,0,0,2387.1,0.0,0,0.0,0,0.0,0,0.0,0,0.0,0,0.0,0
CC0487,어린이집,childcare,남문시티이화어린이집,진해구,웅천동,4812963000,80.0,35.1070912166273,128.754648645509,point,2,2,1.0,3,3,1.0,20,17,1.176,117.1,117.1,2,3,19,117.1,0,0,1,839.9,0,0,1,688.8,0,0,1,839.9,0,0,0,1285.2,0,0,0,1285.2,0,0,0,2034.8,0.0,0,0.0,0,0.0,0,0.0,0,0.0,0,0.0,0
CC0488,어린이집,childcare,더웰어린이집,진해구,웅천동,4812963000,39.0,35.1054556542878,128.756379871654,point,0,0,,2,2,1.0,11,10,1.1,334.2,334.2,0,2,10,334.2,0,0,0,1017.8,0,0,1,919.4,0,0,0,1017.8,0,0,0,1297.8,0,0,0,1297.8,0,0,0,2207.3,0.0,0,0.0,0,0.0,0,0.0,0,0.0,0,0.0,0
CC0489,어린이집,childcare,무지개어린이집,진해구,웅천동,4812963000,190.0,35.1102539788812,128.74743120377,point,0,0,,9,7,1.286,25,21,1.19,391.9,391.9,0,7,23,429.9,0,1,2,391.9,0,1,1,494.4,0,0,1,896.0,0,0,0,1264.1,0,0,0,1264.1,0,0,0,1399.5,0.0,0,0.0,0,0.0,0,0.0,0,0.0,0,0.0,0
CC0490,어린이집,childcare,꽃길어린이집,진해구,웅천동,4812963000,19.0,35.104397616163,128.751154542871,point,0,0,,3,3,1.0,24,20,1.2,346.1,346.1,0,3,20,346.1,0,0,2,837.0,0,0,1,940.2,0,0,0,1206.9,0,0,1,848.3,0,0,1,848.3,0,0,0,1757.4,0.0,0,0.0,0,0.0,0,0.0,0,0.0,0,0.0,0
CC0491,어린이집,childcare,남문시티어린이집,진해구,웅천동,4812963000,13.0,35.1070912166273,128.754648645509,point,2,2,1.0,3,3,1.0,20,17,1.176,117.1,117.1,2,3,19,117.1,0,0,1,839.9,0,0,1,688.8,0,0,1,839.9,0,0,0,1285.2,0,0,0,1285.2,0,0,0,2034.8,0.0,0,0.0,0,0.0,0,0.0,0,0.0,0,0.0,0
CC0492,어린이집,childcare,남문햇살어린이집,진해구,웅천동,4812963000,13.0,35.1070912166273,128.754648645509,point,2,2,1.0,3,3,1.0,20,17,1.176,117.1,117.1,2,3,19,117.1,0,0,1,839.9,0,0,1,688.8,0,0,1,839.9,0,0,0,1285.2,0,0,0,1285.2,0,0,0,2034.8,0.0,0,0.0,0,0.0,0,0.0,0,0.0,0,0.0,0
CC0493,어린이집,childcare,시티행복어린이집,진해구,웅천동,4812963000,19.0,35.104397616163,128.751154542871,point,0,0,,3,3,1.0,24,20,1.2,346.1,346.1,0,3,20,346.1,0,0,2,837.0,0,0,1,940.2,0,0,0,1206.9,0,0,1,848.3,0,0,1,848.3,0,0,0,1757.4,0.0,0,0.0,0,0.0,0,0.0,0,0.0,0,0.0,0
CC0494,어린이집,childcare,아이사랑어린이집,진해구,이동,4812959000,20.0,35.1515755669244,128.693526028803,point,3,3,1.0,9,9,1.0,24,24,1.0,121.7,121.7,0,1,4,313.6,1,1,2,280.7,1,4,13,121.7,0,0,2,691.5,2,4,6,225.8,2,4,6,225.8,1,1,3,280.7,0.0,0,0.0,0,0.0,0,0.0,0,0.0,0,0.0,0
CC0495,어린이집,childcare,창원시립 자은센트럴어린이집,진해구,자은동,4812960000,73.0,35.1568403727538,128.716966465809,point,1,1,1.0,1,1,1.0,8,7,1.143,135.4,135.4,0,0,6,580.7,1,1,2,135.4,0,0,0,1089.9,0,0,0,1310.5,0,0,0,1666.1,0,0,0,1666.1,0,0,0,1666.1,0.0,0,0.0,0,0.0,0,0.0,0,0.0,0,0.0,0
CC0496,어린이집,childcare,창원시립 자은하늘닮어린이집,진해구,자은동,4812960000,79.0,35.1558062247932,128.715108646567,point,0,0,,4,3,1.333,10,9,1.111,311.2,311.2,0,3,6,423.1,0,1,2,311.2,0,0,2,889.9,0,0,0,1165.0,0,0,0,1513.1,0,0,0,1513.1,0,0,0,1513.1,0.0,0,0.0,0,0.0,0,0.0,0,0.0,0,0.0,0
CC0497,어린이집,childcare,은혜영아전담어린이집,진해구,자은동,4812960000,39.0,35.1485513836553,128.710333863602,point,2,2,1.0,4,4,1.0,20,19,1.053,81.9,81.9,1,2,7,245.6,0,0,1,814.4,1,2,12,81.9,0,0,0,1289.7,0,0,0,1143.4,0,0,0,1143.4,0,0,0,1283.7,0.0,0,0.0,0,0.0,0,0.0,0,0.0,0,0.0,0
CC0498,어린이집,childcare,발도르프예쁜어린이집,진해구,자은동,4812960000,49.0,35.156451137133,128.709856400074,point,4,3,1.333,6,5,1.2,14,13,1.077,73.2,73.2,4,5,8,73.2,0,1,2,329.6,0,0,3,523.2,0,0,1,684.7,0,0,0,1029.3,0,0,0,1029.3,0,0,0,1029.3,0.0,0,0.0,0,0.0,0,0.0,0,0.0,0,0.0,0
CC0499,어린이집,childcare,에일린의뜰어린이집,진해구,자은동,4812960000,39.0,35.1549258896153,128.72144396701,point,0,0,,1,1,1.0,2,2,1.0,329.5,329.5,0,0,1,998.4,0,1,1,329.5,0,0,0,1219.9,0,0,0,1749.5,0,0,0,2098.7,0,0,0,2098.7,0,0,0,2098.7,0.0,0,0.0,0,0.0,0,0.0,0,0.0,0,0.0,0
CC0500,어린이집,childcare,예그리나어린이집,진해구,자은동,4812960000,22.0,35.1463493290151,128.70965084018,point,1,1,1.0,7,7,1.0,16,16,1.0,262.6,262.6,0,1,4,488.3,0,0,0,1022.3,1,6,12,262.6,0,0,0,1473.5,0,0,0,1125.0,0,0,0,1125.0,0,0,0,1381.8,0.0,0,0.0,0,0.0,0,0.0,0,0.0,0,0.0,0
CC0501,어린이집,childcare,중흥솔가람어린이집,진해구,자은동,4812960000,39.0,35.153955027922,128.717073828897,point,0,0,,1,1,1.0,10,9,1.111,311.0,311.0,0,0,6,586.2,0,1,2,311.0,0,0,2,906.0,0,0,0,1397.2,0,0,0,1704.0,0,0,0,1704.0,0,0,0,1704.0,0.0,0,0.0,0,0.0,0,0.0,0,0.0,0,0.0,0
CC0502,어린이집,childcare,프라임크로바어린이집,진해구,자은동,4812960000,73.0,35.1523028750199,128.719274312333,point,0,0,,1,1,1.0,9,8,1.125,476.3,476.3,0,0,6,756.9,0,1,1,476.3,0,0,2,869.0,0,0,0,1652.2,0,0,0,1921.0,0,0,0,1921.0,0,0,0,1921.0,0.0,0,0.0,0,0.0,0,0.0,0,0.0,0,0.0,0
CC0503,어린이집,childcare,하늘소어린이집,진해구,자은동,4812960000,79.0,35.1501147562851,128.709004429246,point,2,2,1.0,5,5,1.0,22,21,1.048,110.9,110.9,1,3,9,110.9,0,0,1,607.1,1,2,12,161.2,0,0,0,1078.3,0,0,0,1024.5,0,0,0,1024.5,0,0,0,1092.1,0.0,0,0.0,0,0.0,0,0.0,0,0.0,0,0.0,0
CC0504,어린이집,childcare,사랑별어린이집,진해구,자은동,4812960000,19.0,35.1523028750199,128.719274312333,point,0,0,,1,1,1.0,9,8,1.125,476.3,476.3,0,0,6,756.9,0,1,1,476.3,0,0,2,869.0,0,0,0,1652.2,0,0,0,1921.0,0,0,0,1921.0,0,0,0,1921.0,0.0,0,0.0,0,0.0,0,0.0,0,0.0,0,0.0,0
CC0505,어린이집,childcare,생태친화어린이집,진해구,자은동,4812960000,16.0,35.1533263512442,128.715164344887,point,0,0,,3,3,1.0,11,10,1.1,399.2,399.2,0,2,6,399.2,0,1,2,462.7,0,0,3,730.1,0,0,0,1264.6,0,0,0,1535.5,0,0,0,1535.5,0,0,0,1535.5,0.0,0,0.0,0,0.0,0,0.0,0,0.0,0,0.0,0
CC0506,어린이집,childcare,아이스토리어린이집,진해구,자은동,4812960000,19.0,35.1526905191156,128.706372639006,point,2,2,1.0,7,7,1.0,25,24,1.042,48.8,48.8,0,5,10,353.1,1,1,1,279.9,1,1,10,48.8,0,0,1,710.4,0,0,4,760.0,0,0,4,760.0,0,0,2,760.0,0.0,0,0.0,0,0.0,0,0.0,0,0.0,0,0.0,0
CC0507,어린이집,childcare,창원시립 신흥어린이집,진해구,충무동,4812953000,98.0,35.1453997940548,128.656591342612,point,1,1,1.0,4,4,1.0,17,17,1.0,278.1,278.1,0,0,5,616.6,1,1,1,278.1,0,3,9,378.4,0,0,0,1470.3,0,0,2,561.7,0,0,2,561.7,0,0,1,561.7,0.0,0,0.0,0,0.0,0,0.0,0,0.0,0,0.0,0
CC0508,어린이집,childcare,글로리아어린이집,진해구,충무동,4812953000,98.0,35.1447703920302,128.668227458996,point,4,4,1.0,7,7,1.0,27,26,1.038,242.4,242.4,1,1,6,282.3,0,0,1,911.0,3,5,17,242.4,0,0,6,502.9,0,1,3,342.3,0,1,3,342.3,0,0,2,502.9,0.0,0,0.0,0,0.0,0,0.0,0,0.0,0,0.0,0
CC0509,어린이집,childcare,홍익어린이집,진해구,충무동,4812953000,113.0,35.1512772030137,128.657262211544,point,6,6,1.0,10,10,1.0,19,19,1.0,20.2,20.2,5,5,5,136.9,0,1,2,468.6,0,2,10,374.0,0,0,0,1730.1,1,2,2,20.2,1,2,2,20.2,0,1,1,440.2,0.0,0,0.0,0,0.0,0,0.0,0,0.0,0,0.0,0
CC0510,어린이집,childcare,궁전어린이집,진해구,충무동,4812953000,20.0,35.1447908423591,128.664532799324,point,5,5,1.0,7,7,1.0,27,26,1.038,83.7,83.7,0,0,7,528.5,0,0,1,597.1,5,7,15,83.7,0,0,6,776.2,0,0,4,549.7,0,0,4,549.7,0,0,2,549.7,0.0,0,0.0,0,0.0,0,0.0,0,0.0,0,0.0,0
CC0511,어린이집,childcare,오션빌해군어린이집,진해구,충무동,4812953000,80.0,35.1542908334211,128.654150267553,point,1,1,1.0,4,4,1.0,11,11,1.0,277.3,277.3,1,3,5,277.3,0,0,1,887.0,0,0,3,796.4,0,0,0,2162.3,0,1,2,421.0,0,1,2,421.0,0,0,1,873.8,0.0,0,0.0,0,0.0,0,0.0,0,0.0,0,0.0,0
CC0512,어린이집,childcare,숙명어린이집,진해구,태백동,4812955000,93.0,35.157658812662,128.674444897904,point,0,0,,0,0,,17,17,1.0,500.7,500.7,0,0,6,590.6,0,0,2,743.9,0,0,9,500.7,0,0,0,1806.3,0,0,0,1388.5,0,0,0,1388.5,0,0,0,1560.5,0.0,0,0.0,0,0.0,0,0.0,0,0.0,0,0.0,0
CC0513,어린이집,childcare,창원시립 보배하나어린이집,진해구,풍호동,4812962000,49.0,35.131470934474,128.710235537961,point,6,4,1.5,7,5,1.4,19,16,1.188,0.0,0.0,0,0,5,604.6,4,4,5,0.0,1,2,8,154.1,0,0,0,1015.5,1,1,4,0.0,1,1,4,0.0,1,1,3,0.0,0.0,0,0.0,0,0.0,0,0.0,0,0.0,0,0.0,0
CC0514,어린이집,childcare,풍호은성영아전담어린이집,진해구,풍호동,4812962000,49.0,35.1357845492038,128.706049889867,point,7,6,1.167,9,8,1.125,34,27,1.259,90.4,90.4,4,4,8,174.8,0,1,7,310.1,3,5,15,90.4,0,0,1,959.4,0,1,7,310.1,0,1,7,310.1,0,1,5,310.1,0.0,0,0.0,0,0.0,0,0.0,0,0.0,0,0.0,0
CC0515,어린이집,childcare,늘푸른어린이집,진해구,풍호동,4812962000,130.0,35.1344357190043,128.704574607152,point,4,4,1.0,9,8,1.125,35,28,1.25,111.6,111.6,1,4,7,297.6,1,1,7,114.1,3,5,16,111.6,0,0,1,758.7,1,1,8,114.1,1,1,8,114.1,1,1,6,114.1,0.0,0,0.0,0,0.0,0,0.0,0,0.0,0,0.0,0
CC0516,어린이집,childcare,마린빅스맘어린이집,진해구,풍호동,4812962000,33.0,35.1313005627606,128.706352028528,point,2,2,1.0,9,7,1.286,31,24,1.292,154.9,154.9,0,1,7,338.6,1,5,7,154.9,1,3,11,240.6,0,0,1,673.8,0,2,9,354.6,0,2,9,354.6,0,2,7,354.6,0.0,0,0.0,0,0.0,0,0.0,0,0.0,0,0.0,0
CC0517,어린이집,childcare,조이어린이집,진해구,풍호동,4812962000,161.0,35.1355659204001,128.709706170674,point,5,4,1.25,9,6,1.5,22,18,1.222,84.3,84.3,3,3,5,196.3,0,2,6,457.0,2,3,12,84.3,0,0,0,1180.5,0,1,2,457.0,0,1,2,457.0,0,1,2,457.0,0.0,0,0.0,0,0.0,0,0.0,0,0.0,0,0.0,0
CC0518,어린이집,childcare,파랑새어린이집,진해구,풍호동,4812962000,39.0,35.137471381382,128.706113505562,point,6,5,1.2,10,9,1.111,25,21,1.19,179.9,179.9,4,4,6,179.9,0,1,6,457.3,2,6,14,249.1,0,0,0,1115.2,0,1,2,457.3,0,1,2,457.3,0,1,2,457.3,0.0,0,0.0,0,0.0,0,0.0,0,0.0,0,0.0,0
CC0519,어린이집,childcare,한신에코어린이집,진해구,풍호동,4812962000,39.0,35.1296308710768,128.708320967188,point,6,4,1.5,7,5,1.4,31,25,1.24,75.4,75.4,0,1,7,455.0,4,4,7,75.4,1,1,10,123.9,0,0,1,806.6,1,1,10,268.6,1,1,10,268.6,1,1,7,268.6,0.0,0,0.0,0,0.0,0,0.0,0,0.0,0,0.0,0
CC0520,어린이집,childcare,해누리어린이집,진해구,풍호동,4812962000,39.0,35.1292307376018,128.704756043594,point,1,1,1.0,10,10,1.0,37,29,1.276,133.8,133.8,1,3,7,133.8,0,2,8,330.0,0,3,16,341.8,0,1,1,479.3,0,2,10,341.8,0,2,10,341.8,0,1,7,427.7,0.0,0,0.0,0,0.0,0,0.0,0,0.0,0,0.0,0
CC0521,어린이집,childcare,산새소리어린이집,진해구,풍호동,4812962000,20.0,35.1386250695694,128.706117944269,point,4,3,1.333,11,10,1.1,26,22,1.182,243.9,243.9,4,4,5,243.9,0,0,5,570.0,0,7,17,320.8,0,0,0,1225.1,0,0,2,570.0,0,0,2,570.0,0,0,2,570.0,0.0,0,0.0,0,0.0,0,0.0,0,0.0,0,0.0,0
CC0522,어린이집,childcare,에코베베어린이집,진해구,풍호동,4812962000,20.0,35.1379683321687,128.702736543517,point,4,3,1.333,9,7,1.286,33,26,1.269,164.2,164.2,1,3,6,164.2,1,2,6,255.6,3,6,19,213.6,0,0,0,1036.4,0,1,5,447.7,0,1,5,447.7,0,1,4,447.7,0.0,0,0.0,0,0.0,0,0.0,0,0.0,0,0.0,0
CC0523,어린이집,childcare,우성루키어린이집,진해구,풍호동,4812962000,19.0,35.1379683321687,128.702736543517,point,4,3,1.333,9,7,1.286,33,26,1.269,164.2,164.2,1,3,6,164.2,1,2,6,255.6,3,6,19,213.6,0,0,0,1036.4,0,1,5,447.7,0,1,5,447.7,0,1,4,447.7,0.0,0,0.0,0,0.0,0,0.0,0,0.0,0,0.0,0
CC0524,어린이집,childcare,바다마을해군어린이집,진해구,풍호동,4812962000,82.0,35.1336067217052,128.704469121525,point,2,2,1.0,10,9,1.111,33,26,1.269,101.2,101.2,0,4,7,388.3,1,2,7,101.2,2,5,14,101.2,0,0,1,681.6,1,1,8,101.2,1,1,8,101.2,1,1,6,101.2,0.0,0,0.0,0,0.0,0,0.0,0,0.0,0,0.0,0
SC0001,경로당,senior_center,고양 경로당,의창구,동읍,4812125000,,35.3050439591063,128.654851782502,point,7,4,1.75,15,9,1.667,22,15,1.467,51.5,51.5,7,15,21,51.5,0,0,1,516.9,0,0,0,2322.7,0,0,1,516.9,0,0,0,2613.5,0,0,0,7735.6,0,0,0,3359.7,38.0,4,143.0,10,184.0,15,2810.2,4,5286.2,10,7765.2,15
SC0002,경로당,senior_center,곡목 경로당,의창구,동읍,4812125000,,35.2984420215771,128.661136058881,point,0,0,,0,0,,10,6,1.667,586.2,586.2,0,0,9,586.2,0,0,1,612.6,0,0,0,1443.4,0,0,1,612.6,0,0,0,2577.0,0,0,0,7592.8,0,0,0,2577.0,0.0,0,0.0,0,64.0,5,0.0,0,0.0,0,2198.6,5
SC0003,경로당,senior_center,금동 경로당,의창구,동읍,4812125000,,35.3332328911049,128.66622099111,point,2,2,1.0,3,3,1.0,9,7,1.286,158.9,158.9,2,3,9,158.9,0,0,0,1426.6,0,0,0,2761.4,0,0,0,1426.6,0,0,0,2800.6,0,0,0,10868.6,0,0,0,3228.0,7.0,2,37.0,3,65.0,7,1232.2,2,2334.2,3,3383.4,7
SC0004,경로당,senior_center,금산 경로당,의창구,동읍,4812125000,,35.323145502127,128.664271277506,point,1,1,1.0,2,2,1.0,8,8,1.0,75.2,75.2,1,2,8,75.2,0,0,0,1701.5,0,0,0,3056.0,0,0,1,613.7,0,0,0,2755.8,0,0,0,9847.6,0,0,0,3158.3,5.0,1,9.0,2,58.0,7,254.4,1,450.4,2,2832.4,7
SC0005,경로당,senior_center,기로회 경로당,의창구,동읍,4812125000,,35.2795237885002,128.689182870985,point,5,5,1.0,6,6,1.0,21,17,1.235,153.8,153.8,3,3,17,153.8,1,1,3,275.9,0,1,2,403.8,0,0,2,579.4,1,1,3,231.5,0,0,0,8653.0,1,1,2,231.5,16.0,2,16.0,2,248.0,11,606.8,2,606.8,2,12313.8,11
SC0006,경로당,senior_center,남산경로당,의창구,동읍,4812125000,,35.2775505444007,128.660984875659,point,0,0,,0,0,,0,0,,1149.5,1149.5,0,0,0,1531.4,0,0,0,2341.8,0,0,0,1149.5,0,0,0,2579.6,0,0,0,1929.3,0,0,0,6221.4,0,0,0,1929.3,0.0,0,0.0,0,0.0,0,0.0,0,0.0,0,0.0,0
SC0007,경로당,senior_center,내단 경로당,의창구,동읍,4812125000,,35.2732554683236,128.703879544617,point,3,3,1.0,3,3,1.0,8,7,1.143,144.2,144.2,3,3,8,144.2,0,0,1,998.5,0,0,0,1223.8,0,0,1,998.5,0,0,1,998.5,0,0,0,9717.0,0,0,1,998.5,32.0,2,32.0,2,129.0,6,581.8,2,581.8,2,7069.3,6
SC0008,경로당,senior_center,노옥 경로당,의창구,동읍,4812125000,,35.3602848880452,128.668507001529,point,0,0,,1,1,1.0,1,1,1.0,402.0,402.0,0,1,1,402.0,0,0,0,2014.1,0,0,0,3590.9,0,0,0,1617.4,0,0,0,3803.3,0,0,0,13570.0,0,0,0,3803.3,0.0,0,0.0,0,0.0,0,0.0,0,0.0,0,0.0,0
SC0009,경로당,senior_center,다호 경로당,의창구,동읍,4812125000,,35.2950664785504,128.670507649081,point,1,1,1.0,1,1,1.0,20,14,1.429,242.4,242.4,1,1,17,242.4,0,0,2,662.5,0,0,1,519.0,0,0,2,640.0,0,0,0,1665.7,0,0,0,8001.8,0,0,0,1665.7,0.0,0,0.0,0,248.0,11,0.0,0,0.0,0,6665.2,11
SC0010,경로당,senior_center,단산경로당,의창구,동읍,4812125000,,35.2760920699768,128.700738755499,point,4,3,1.333,5,4,1.25,12,11,1.091,233.6,233.6,4,5,11,233.6,0,0,2,579.3,0,0,1,805.2,0,0,2,579.3,0,0,2,579.3,0,0,0,9525.7,0,0,1,579.3,11.0,3,26.0,4,185.0,8,426.7,3,1016.2,4,11358.8,8
SC0011,경로당,senior_center,달천 경로당,의창구,동읍,4812125000,,35.362066865869,128.661042106432,point,0,0,,1,1,1.0,3,3,1.0,399.8,399.8,0,1,3,399.8,0,0,0,1995.1,0,0,0,4244.1,0,0,0,1995.1,0,0,0,4468.7,0,0,0,13454.3,0,0,0,4502.4,0.0,0,0.0,0,6.0,1,0.0,0,0.0,0,1028.9,1
SC0012,경로당,senior_center,대한APT 경로당,의창구,동읍,4812125000,,35.2857819835903,128.683209754255,point,4,3,1.333,5,4,1.25,17,15,1.133,0.0,0.0,3,3,13,0.0,0,0,2,911.6,1,2,2,168.1,0,0,1,914.7,0,0,2,895.7,0,0,0,8437.7,0,0,2,895.7,72.0,2,72.0,2,163.0,10,788.2,2,788.2,2,5351.5,10
SC0013,경로당,senior_center,덕산경로당,의창구,동읍,4812125000,,35.2716264802408,128.674307327295,point,1,1,1.0,1,1,1.0,3,2,1.5,286.2,286.2,0,0,2,983.9,0,0,0,1337.1,1,1,1,286.2,0,0,0,2101.4,0,0,0,1381.2,0,0,0,7082.3,0,0,0,1381.2,0.0,0,0.0,0,8.0,1,0.0,0,0.0,0,120.7,1
SC0014,경로당,senior_center,덕천경로당,의창구,동읍,4812125000,,35.2796173469606,128.684037971978,point,4,3,1.333,8,6,1.333,16,13,1.231,120.4,120.4,3,6,11,120.4,1,1,1,296.7,0,0,3,707.1,0,0,0,1047.2,0,1,1,309.5,0,0,0,8221.7,0,1,1,309.5,8.0,1,23.0,3,108.0,6,120.7,1,748.7,3,2010.7,6
SC0015,경로당,senior_center,동부산2차아파트경로당,의창구,동읍,4812125000,,35.2774395378255,128.702796112455,point,0,0,,5,4,1.25,11,10,1.1,341.5,341.5,0,5,9,341.5,0,0,2,670.0,0,0,2,901.3,0,0,2,670.0,0,0,3,670.0,0,0,0,9748.4,0,0,2,686.4,0.0,0,26.0,4,172.0,7,0.0,0,1016.2,4,10884.9,7
SC0016,경로당,senior_center,동월 경로당,의창구,동읍,4812125000,,35.3038030099391,128.685803804121,point,3,2,1.5,7,6,1.167,10,9,1.111,161.9,161.9,3,7,10,161.9,0,0,0,1100.1,0,0,0,1597.1,0,0,0,1115.7,0,0,0,1253.4,0,0,0,9696.8,0,0,0,1253.4,22.0,2,86.0,6,97.0,9,1465.0,2,6740.0,6,8325.7,9
SC0017,경로당,senior_center,마룡 경로당,의창구,동읍,4812125000,,35.3173910034582,128.660221711491,point,3,3,1.0,4,4,1.0,14,13,1.077,148.9,148.9,3,4,13,148.9,0,0,1,964.6,0,0,0,3092.5,1,1,2,290.3,0,0,0,2580.0,0,0,0,9115.0,0,0,0,3561.5,27.0,2,31.0,3,99.0,12,1110.4,2,1306.4,3,5311.4,12
SC0018,경로당,senior_center,모암 경로당,의창구,동읍,4812125000,,35.2936939892343,128.67461491787,point,3,3,1.0,9,8,1.125,14,13,1.077,156.1,156.1,2,7,11,177.3,0,1,1,415.1,1,1,2,156.1,0,1,1,401.0,0,0,0,1276.3,0,0,0,8214.8,0,0,0,1276.3,120.0,1,174.0,5,233.0,9,546.0,1,3850.2,5,7076.9,9
SC0019,경로당,senior_center,무성 경로당,의창구,동읍,4812125000,,35.2893461034,128.699388591706,point,9,7,1.286,10,8,1.25,12,10,1.2,21.2,21.2,8,8,10,21.2,1,1,2,191.3,0,1,1,466.4,0,0,2,581.9,0,1,2,466.4,0,0,0,9935.0,0,1,1,466.4,72.0,6,72.0,6,132.0,8,3892.7,6,3892.7,6,8278.4,8
SC0020,경로당,senior_center,무성1구경로당,의창구,동읍,4812125000,,35.2896309896664,128.697661614851,point,5,4,1.25,9,7,1.286,15,13,1.154,96.3,96.3,5,8,13,96.3,0,1,3,336.3,0,0,1,601.9,0,0,3,546.5,0,0,3,601.9,0,0,0,9806.4,0,0,2,601.9,48.0,4,72.0,6,161.0,11,2146.7,4,3892.7,6,9532.9,11
SC0021,경로당,senior_center,무성1구남자경로당,의창구,동읍,4812125000,,35.2896309896664,128.697661614851,point,5,4,1.25,9,7,1.286,15,13,1.154,96.3,96.3,5,8,13,96.3,0,1,3,336.3,0,0,1,601.9,0,0,3,546.5,0,0,3,601.9,0,0,0,9806.4,0,0,2,601.9,48.0,4,72.0,6,161.0,11,2146.7,4,3892.7,6,9532.9,11
SC0022,경로당,senior_center,무성부인 경로당,의창구,동읍,4812125000,,35.2893461034,128.699388591706,point,9,7,1.286,10,8,1.25,12,10,1.2,21.2,21.2,8,8,10,21.2,1,1,2,191.3,0,1,1,466.4,0,0,2,581.9,0,1,2,466.4,0,0,0,9935.0,0,1,1,466.4,72.0,6,72.0,6,132.0,8,3892.7,6,3892.7,6,8278.4,8
SC0023,경로당,senior_center,무점 경로당,의창구,동읍,4812125000,,35.2942713409088,128.695295287966,point,1,1,1.0,1,1,1.0,13,11,1.182,280.6,280.6,1,1,12,280.6,0,0,2,632.9,0,0,0,1125.7,1,1,2,280.6,0,0,1,632.9,0,0,0,9850.2,0,0,1,632.9,17.0,1,17.0,1,118.0,10,570.0,1,570.0,1,5717.2,10
SC0024,경로당,senior_center,본포 경로당,의창구,동읍,4812125000,,35.3685866971388,128.64631480544,point,0,0,,0,0,,0,0,,1106.1,1106.1,0,0,0,1106.1,0,0,0,1604.6,0,0,0,3509.4,0,0,0,2906.9,0,0,0,5100.5,0,0,0,13650.4,0,0,0,5955.7,0.0,0,0.0,0,0.0,0,0.0,0,0.0,0,0.0,0
SC0025,경로당,senior_center,봉강 경로당,의창구,동읍,4812125000,,35.3509226854878,128.653701274494,point,1,1,1.0,1,1,1.0,2,2,1.0,258.7,258.7,1,1,2,258.7,0,0,1,843.3,0,0,0,3769.3,0,0,1,843.3,0,0,0,4032.0,0,0,0,12053.1,0,0,0,4867.1,7.0,1,7.0,1,13.0,2,700.7,1,700.7,1,2192.8,2
SC0026,경로당,senior_center,봉곡 경로당,의창구,동읍,4812125000,,35.3419129987195,128.65463355262,point,0,0,,1,1,1.0,1,1,1.0,410.5,410.5,0,1,1,410.5,0,1,1,410.5,0,0,0,3849.6,0,1,1,410.5,0,0,0,3251.7,0,0,0,11181.9,0,0,0,4253.5,0.0,0,6.0,1,6.0,1,0.0,0,1492.0,1,1492.0,1
SC0027,경로당,senior_center,봉산경로당,의창구,동읍,4812125000,,35.2767436624314,128.699788682679,point,4,3,1.333,6,5,1.2,12,11,1.091,121.9,121.9,4,6,11,121.9,0,1,2,467.1,0,0,1,692.9,0,1,2,467.1,0,1,2,467.1,0,0,0,9464.1,0,1,1,467.1,23.0,3,100.0,5,185.0,8,925.5,3,6578.2,5,11358.8,8
SC0028,경로당,senior_center,산남 경로당,의창구,동읍,4812125000,,35.3522847800931,128.677148219608,point,0,0,,0,0,,0,0,,1001.0,1001.0,0,0,0,1001.0,0,0,0,1945.3,0,0,0,2421.4,0,0,0,1681.1,0,0,0,2665.4,0,0,0,13184.9,0,0,0,3019.0,0.0,0,0.0,0,0.0,0,0.0,0,0.0,0,0.0,0
SC0029,경로당,senior_center,삼운 경로당,의창구,동읍,4812125000,,35.3524124478451,128.656564853497,point,1,1,1.0,1,1,1.0,3,3,1.0,49.8,49.8,1,1,3,49.8,0,0,1,917.2,0,0,0,4020.4,0,0,1,917.2,0,0,0,4172.7,0,0,0,12310.3,0,0,0,4877.8,7.0,1,7.0,1,19.0,3,700.7,1,700.7,1,3221.7,3
SC0030,경로당,senior_center,삼진아파트경로당,의창구,동읍,4812125000,,35.280028169826,128.691254687531,point,3,3,1.0,7,7,1.0,20,16,1.25,205.9,205.9,2,4,17,205.9,0,2,3,402.6,1,1,1,208.3,0,1,2,402.6,0,2,3,402.6,0,0,0,8849.1,0,2,2,402.6,13.0,1,90.0,3,248.0,11,473.8,1,6168.8,3,12313.8,11
SC0031,경로당,senior_center,석산 경로당,의창구,동읍,4812125000,,35.3143210831638,128.659502554649,point,4,4,1.0,6,6,1.0,20,16,1.25,177.3,177.3,4,6,19,177.3,0,0,1,640.1,0,0,0,2822.9,0,0,2,512.8,0,0,0,2565.6,0,0,0,8803.8,0,0,0,3569.2,13.0,3,33.0,5,166.0,16,946.7,3,1473.8,5,8586.3,16
SC0032,경로당,senior_center,성진2차경로당,의창구,동읍,4812125000,,35.2756155617221,128.705579743348,point,2,2,1.0,3,3,1.0,9,8,1.125,225.4,225.4,2,3,9,225.4,0,0,2,992.7,0,0,0,1201.3,0,0,2,992.7,0,0,2,992.7,0,0,0,9934.3,0,0,1,992.7,3.0,1,32.0,2,172.0,7,90.7,1,581.8,2,10884.9,7
SC0033,경로당,senior_center,성진까치빌라경로당,의창구,동읍,4812125000,,35.2769742384364,128.704907522667,point,0,0,,2,2,1.0,9,8,1.125,334.1,334.1,0,2,9,334.1,0,0,2,854.0,0,0,0,1041.4,0,0,2,854.0,0,0,2,854.0,0,0,0,9917.3,0,0,1,885.3,0.0,0,3.0,1,172.0,7,0.0,0,90.7,1,10884.9,7
SC0034,경로당,senior_center,성진정 경로당,의창구,동읍,4812125000,,35.2737238335711,128.706301861789,point,2,2,1.0,3,3,1.0,7,6,1.167,18.4,18.4,2,3,7,18.4,0,0,0,1147.2,0,0,0,1372.4,0,0,0,1147.2,0,0,0,1147.2,0,0,0,9943.4,0,0,0,1147.2,29.0,1,32.0,2,55.0,5,491.0,1,581.8,2,1507.3,5
SC0035,경로당,senior_center,송정1구경로당,의창구,동읍,4812125000,,35.2759719313502,128.701572231753,point,1,1,1.0,6,5,1.2,11,10,1.1,223.8,223.8,1,6,10,223.8,0,0,2,649.9,0,0,1,875.4,0,0,2,649.9,0,0,2,649.9,0,0,0,9594.6,0,0,1,649.9,3.0,1,26.0,4,185.0,8,90.7,1,1016.2,4,11358.8,8
SC0036,경로당,senior_center,송정주공APT경로당,의창구,동읍,4812125000,,35.2774809287219,128.701090792686,point,3,2,1.5,5,4,1.25,13,12,1.083,225.9,225.9,3,5,11,225.9,0,0,2,536.8,0,0,2,756.0,0,0,2,536.8,0,0,3,536.8,0,0,0,9601.6,0,0,2,536.8,8.0,2,26.0,4,185.0,8,336.0,2,1016.2,4,11358.8,8
SC0037,경로당,senior_center,신방 경로당,의창구,동읍,4812125000,,35.2861273546324,128.680421308884,point,3,3,1.0,5,4,1.25,14,12,1.167,70.4,70.4,1,3,11,256.6,0,0,0,1045.0,2,2,3,70.4,0,0,0,1045.0,0,0,0,1045.0,0,0,0,8229.9,0,0,0,1045.0,37.0,1,72.0,2,156.0,8,427.1,1,788.2,2,4729.0,8
SC0038,경로당,senior_center,신방 부인 경로당,의창구,동읍,4812125000,,35.2861273546324,128.680421308884,point,3,3,1.0,5,4,1.25,14,12,1.167,70.4,70.4,1,3,11,256.6,0,0,0,1045.0,2,2,3,70.4,0,0,0,1045.0,0,0,0,1045.0,0,0,0,8229.9,0,0,0,1045.0,37.0,1,72.0,2,156.0,8,427.1,1,788.2,2,4729.0,8
SC0039,경로당,senior_center,신안APT 경로당,의창구,동읍,4812125000,,35.2778402400316,128.683876766257,point,7,5,1.4,8,6,1.333,15,12,1.25,129.1,129.1,5,6,11,129.1,1,1,1,259.3,0,0,2,891.1,0,0,0,1069.3,1,1,1,296.5,0,0,0,8135.2,1,1,1,296.5,20.0,2,23.0,3,108.0,6,615.7,2,748.7,3,2010.7,6
SC0040,경로당,senior_center,양교경로당,의창구,동읍,4812125000,,35.3427889245524,128.667781955609,point,2,2,1.0,2,2,1.0,5,5,1.0,57.1,57.1,2,2,5,57.1,0,0,1,892.1,0,0,0,2702.9,0,0,1,892.1,0,0,0,2806.0,0,0,0,11841.2,0,0,0,3508.5,7.0,2,7.0,2,20.0,5,494.7,2,494.7,2,3219.0,5
SC0041,경로당,senior_center,외단경로당,의창구,동읍,4812125000,,35.2705500597678,128.710881649389,point,0,0,,0,0,,3,3,1.0,551.5,551.5,0,0,3,551.5,0,0,0,1688.5,0,0,0,1886.3,0,0,0,1688.5,0,0,0,1688.5,0,0,0,10269.5,0,0,0,1688.5,0.0,0,0.0,0,32.0,2,0.0,0,0.0,0,581.8,2
SC0042,경로당,senior_center,용강 경로당,의창구,동읍,4812125000,,35.2703829876475,128.636895866995,point,1,1,1.0,1,1,1.0,6,6,1.0,239.0,239.0,1,1,5,239.0,0,0,0,1626.4,0,0,1,512.3,0,0,0,4357.1,0,0,0,1042.7,0,0,0,3923.5,0,0,0,1461.9,0.0,0,0.0,0,1.0,2,0.0,0,0.0,0,459.9,2
SC0043,경로당,senior_center,용산 경로당,의창구,동읍,4812125000,,35.3308588358858,128.676141671023,point,5,3,1.667,5,3,1.667,7,5,1.4,42.8,42.8,5,5,7,42.8,0,0,0,2211.2,0,0,0,1931.5,0,0,0,1867.8,0,0,0,1912.6,0,0,0,11181.6,0,0,0,2296.3,25.0,3,25.0,3,60.0,5,945.2,3,945.2,3,3082.8,5
SC0044,경로당,senior_center,용산부인경로당,의창구,동읍,4812125000,,35.3308588358858,128.676141671023,point,5,3,1.667,5,3,1.667,7,5,1.4,42.8,42.8,5,5,7,42.8,0,0,0,2211.2,0,0,0,1931.5,0,0,0,1867.8,0,0,0,1912.6,0,0,0,11181.6,0,0,0,2296.3,25.0,3,25.0,3,60.0,5,945.2,3,945.2,3,3082.8,5
SC0045,경로당,senior_center,용암 경로당,의창구,동읍,4812125000,,35.272406170253,128.645600476199,point,3,3,1.0,3,3,1.0,5,5,1.0,103.8,103.8,3,3,4,103.8,0,0,0,2116.7,0,0,1,906.2,0,0,0,3711.1,0,0,0,1299.8,0,0,0,4718.7,0,0,0,2150.6,0.0,1,0.0,1,0.0,1,332.5,1,332.5,1,332.5,1
SC0046,경로당,senior_center,용연 경로당,의창구,동읍,4812125000,,35.3544442532573,128.670126873839,point,0,0,,0,0,,1,1,1.0,782.6,782.6,0,0,1,782.6,0,0,0,1571.4,0,0,0,3081.4,0,0,0,1571.4,0,0,0,3288.2,0,0,0,13067.5,0,0,0,3632.2,0.0,0,0.0,0,0.0,0,0.0,0,0.0,0,0.0,0
SC0047,경로당,senior_center,용잠1구 경로당,의창구,동읍,4812125000,,35.2794091527296,128.688105097373,point,4,4,1.0,8,7,1.143,21,17,1.235,63.2,63.2,2,6,17,63.2,1,1,3,194.1,0,0,2,502.4,0,0,2,676.4,1,1,3,149.8,0,0,0,8556.9,1,1,2,149.8,3.0,1,28.0,3,248.0,11,133.0,1,1101.8,3,12313.8,11
SC0048,경로당,senior_center,용잠2구 경로당,의창구,동읍,4812125000,,35.2781792902194,128.689439697085,point,5,5,1.0,8,7,1.143,17,14,1.214,90.5,90.5,3,5,14,90.5,1,1,3,248.6,0,1,1,439.0,0,0,2,563.2,1,1,3,216.3,0,0,0,8622.4,1,1,2,216.3,16.0,2,28.0,3,176.0,9,606.8,2,1101.8,3,11525.7,9
SC0049,경로당,senior_center,용잠3구 경로당,의창구,동읍,4812125000,,35.2790520569916,128.685419600303,point,6,5,1.2,9,7,1.286,17,14,1.214,159.0,159.0,4,7,12,199.9,1,1,2,159.0,0,0,3,749.9,0,0,1,919.9,1,1,2,169.0,0,0,0,8314.9,1,1,2,169.0,15.0,2,23.0,3,182.0,7,628.0,2,748.7,3,7572.7,7
SC0050,경로당,senior_center,용잠6구경로당,의창구,동읍,4812125000,,35.2807766548505,128.690375855807,point,2,2,1.0,6,6,1.0,21,17,1.235,274.6,274.6,1,3,17,274.6,0,1,3,447.7,1,1,2,291.3,0,0,2,504.8,0,1,3,403.0,0,0,0,8804.7,0,1,2,403.0,0.0,0,16.0,2,248.0,11,0.0,0,606.8,2,12313.8,11
SC0051,경로당,senior_center,용잠본동경로당,의창구,동읍,4812125000,,35.2829298693522,128.679031945545,point,0,0,,3,3,1.0,15,12,1.25,365.4,365.4,0,1,11,494.7,0,0,1,881.6,0,2,2,365.4,0,0,0,1393.9,0,0,1,890.4,0,0,0,7956.4,0,0,1,890.4,0.0,0,37.0,1,124.0,7,0.0,0,427.1,1,4302.5,7
SC0052,경로당,senior_center,용잠본동부인경로당,의창구,동읍,4812125000,,35.2829298693522,128.679031945545,point,0,0,,3,3,1.0,15,12,1.25,365.4,365.4,0,1,11,494.7,0,0,1,881.6,0,2,2,365.4,0,0,0,1393.9,0,0,1,890.4,0,0,0,7956.4,0,0,1,890.4,0.0,0,37.0,1,124.0,7,0.0,0,427.1,1,4302.5,7
SC0053,경로당,senior_center,용전경로당,의창구,동읍,4812125000,,35.2767692077591,128.656521850291,point,0,0,,0,0,,0,0,,1118.5,1118.5,0,0,0,1118.5,0,0,0,2751.1,0,0,0,1515.6,0,0,0,2834.2,0,0,0,1947.9,0,0,0,5822.6,0,0,0,1947.9,0.0,0,0.0,0,0.0,0,0.0,0,0.0,0,0.0,0
SC0054,경로당,senior_center,용정1구 경로당,의창구,동읍,4812125000,,35.2749829658971,128.703197013426,point,1,1,1.0,5,4,1.25,9,8,1.125,69.1,69.1,1,5,9,69.1,0,0,2,833.6,0,0,0,1059.3,0,0,2,833.6,0,0,2,833.6,0,0,0,9706.5,0,0,1,833.6,3.0,1,40.0,4,172.0,7,90.7,1,917.8,4,10884.9,7
SC0055,경로당,senior_center,용정2구 경로당,의창구,동읍,4812125000,,35.2743399474058,128.705985431264,point,3,3,1.0,3,3,1.0,7,6,1.167,79.3,79.3,3,3,7,79.3,0,0,0,1088.0,0,0,0,1312.4,0,0,0,1088.0,0,0,0,1088.0,0,0,0,9932.8,0,0,0,1088.0,32.0,2,32.0,2,55.0,5,581.8,2,581.8,2,1507.3,5
SC0056,경로당,senior_center,용정3구경로당,의창구,동읍,4812125000,,35.2753138017281,128.704412361144,point,2,2,1.0,3,3,1.0,9,8,1.125,161.3,161.3,2,3,9,161.3,0,0,2,910.7,0,0,0,1134.5,0,0,2,910.7,0,0,2,910.7,0,0,0,9822.9,0,0,1,910.7,3.0,1,32.0,2,172.0,7,90.7,1,581.8,2,10884.9,7
SC0057,경로당,senior_center,원봉강 경로당,의창구,동읍,4812125000,,35.3555966768397,128.653801642276,point,0,0,,1,1,1.0,2,2,1.0,430.7,430.7,0,1,2,430.7,0,0,0,1319.6,0,0,0,3774.1,0,0,0,1319.6,0,0,0,4495.2,0,0,0,12533.3,0,0,0,5112.1,0.0,0,7.0,1,13.0,2,0.0,0,700.7,1,1729.6,2
SC0058,경로당,senior_center,원창아파트 경로당,의창구,동읍,4812125000,,35.2771291158028,128.685039941893,point,7,5,1.4,8,6,1.333,14,12,1.167,51.4,51.4,5,6,10,51.4,1,1,2,185.4,0,0,2,847.7,0,0,1,979.0,1,1,2,229.8,0,0,0,8206.4,1,1,2,229.8,20.0,2,23.0,3,147.0,6,615.7,2,748.7,3,7211.6,6
SC0059,경로당,senior_center,월잠 경로당,의창구,동읍,4812125000,,35.3034313764458,128.674055714086,point,0,0,,6,3,2.0,22,16,1.375,331.5,331.5,0,6,20,331.5,0,0,2,686.7,0,0,0,1232.8,0,0,2,686.7,0,0,0,1776.7,0,0,0,8836.9,0,0,0,1776.7,0.0,0,15.0,3,316.0,15,0.0,0,1120.7,3,11899.2,15
SC0060,경로당,senior_center,이운 경로당,의창구,동읍,4812125000,,35.3046903463161,128.655672955321,point,4,3,1.333,12,8,1.5,22,15,1.467,38.6,38.6,4,12,21,38.6,0,0,1,555.4,0,0,0,2239.6,0,0,1,555.4,0,0,0,2696.8,0,0,0,7753.6,0,0,0,3275.5,11.0,2,95.0,8,184.0,15,824.9,2,4844.2,8,7765.2,15
SC0061,경로당,senior_center,전촌 경로당,의창구,동읍,4812125000,,35.3585814218634,128.652257028515,point,0,0,,1,1,1.0,2,2,1.0,310.5,310.5,0,1,2,310.5,0,0,0,1275.6,0,0,0,3669.7,0,0,0,1678.0,0,0,0,4738.1,0,0,0,12786.9,0,0,0,5259.4,0.0,0,6.0,1,13.0,2,0.0,0,1028.9,1,1729.6,2
SC0062,경로당,senior_center,죽동 경로당,의창구,동읍,4812125000,,35.3528503947903,128.680649284636,point,0,0,,0,0,,2,2,1.0,830.8,830.8,0,0,2,830.8,0,0,0,2258.8,0,0,0,2218.2,0,0,0,1514.6,0,0,0,2511.7,0,0,0,13408.8,0,0,0,2695.1,0.0,0,0.0,0,5.0,1,0.0,0,0.0,0,1396.6,1
SC0063,경로당,senior_center,칠성그린APT 경로당,의창구,동읍,4812125000,,35.2920789078948,128.676132058973,point,1,1,1.0,6,5,1.2,17,15,1.133,93.9,93.9,0,5,13,338.4,0,0,1,512.9,1,1,3,93.9,0,0,1,508.4,0,0,0,1136.2,0,0,0,8229.1,0,0,0,1136.2,0.0,0,160.0,3,297.0,10,0.0,0,3114.7,3,7693.5,10
SC0064,경로당,senior_center,판신경로당,의창구,동읍,4812125000,,35.3075701022751,128.687195978994,point,3,3,1.0,6,5,1.2,14,12,1.167,60.0,60.0,3,6,14,60.0,0,0,0,1504.7,0,0,0,1874.0,0,0,0,1517.8,0,0,0,1650.4,0,0,0,10051.9,0,0,0,1650.4,14.0,3,56.0,5,120.0,12,1144.1,3,3712.5,5,9526.0,12
SC0065,경로당,senior_center,합산 경로당,의창구,동읍,4812125000,,35.3365888076645,128.676029714664,point,0,0,,0,0,,9,7,1.286,644.7,644.7,0,0,9,644.7,0,0,0,1835.9,0,0,0,1851.0,0,0,0,1835.9,0,0,0,1917.3,0,0,0,11683.1,0,0,0,2578.2,0.0,0,0.0,0,67.0,7,0.0,0,0.0,0,3584.1,7
SC0066,경로당,senior_center,화목 경로당,의창구,동읍,4812125000,,35.301195888317,128.649746207228,point,0,0,,0,0,,16,10,1.6,634.9,634.9,0,0,16,634.9,0,0,0,1069.7,0,0,0,2511.5,0,0,0,1069.7,0,0,0,2552.5,0,0,0,7110.7,0,0,0,3517.5,0.0,0,0.0,0,143.0,10,0.0,0,0.0,0,5286.2,10
SC0067,경로당,senior_center,가곡 경로당,의창구,동읍,4812125000,,35.3590351821866,128.644388950681,point,0,0,,0,0,,2,2,1.0,645.0,645.0,0,0,1,908.3,0,0,1,645.0,0,0,0,2974.7,0,0,0,2062.7,0,0,0,4409.2,0,0,0,12588.6,0,0,0,5107.3,0.0,0,0.0,0,6.0,1,0.0,0,0.0,0,1028.9,1
SC0068,경로당,senior_center,용잠1구여성경로당,의창구,동읍,4812125000,,35.2793249319161,128.688185995461,point,4,4,1.0,9,8,1.125,21,17,1.235,62.9,62.9,2,6,17,62.9,1,1,3,192.2,0,1,2,497.1,0,0,2,668.6,1,1,3,147.6,0,0,0,8560.4,1,1,2,147.6,3.0,1,28.0,3,248.0,11,133.0,1,1101.8,3,12313.8,11
SC0069,경로당,senior_center,STX칸1차아파트경로당,의창구,북면,4812131000,,35.3226501680936,128.582463434212,point,0,0,,5,4,1.25,21,19,1.105,321.5,321.5,0,4,17,321.5,0,1,3,321.5,0,1,2,321.5,0,1,3,321.5,0,0,1,965.5,0,0,0,7992.6,0,0,0,3214.5,0.0,0,27.0,3,70.0,14,0.0,0,2387.2,3,6992.9,14
SC0070,경로당,senior_center,감계아내1차아파트경로당,의창구,북면,4812131000,,35.3039458671165,128.590114589777,point,0,0,,0,0,,41,32,1.281,537.3,537.3,0,0,38,537.3,0,0,1,593.9,0,0,2,678.2,0,0,0,2261.3,0,0,3,663.7,0,0,0,5892.6,0,0,0,2975.2,0.0,0,0.0,0,288.0,29,0.0,0,0.0,0,17204.2,29
SC0071,경로당,senior_center,감계아내2차아파트경로당,의창구,북면,4812131000,,35.3018875666604,128.597232463567,point,1,1,1.0,12,9,1.333,36,27,1.333,250.7,250.7,0,9,31,353.2,1,1,1,250.7,0,2,4,488.4,0,0,0,2592.2,0,0,2,961.0,0,0,0,5604.0,0,0,0,2616.6,0.0,0,93.0,8,239.0,25,0.0,0,2517.8,8,13827.5,25
SC0072,경로당,senior_center,감계푸르지오아파트경로당,의창구,북면,4812131000,,35.3012178229264,128.58517619947,point,0,0,,11,10,1.1,30,26,1.154,340.8,340.8,0,11,28,340.8,0,0,1,905.0,0,0,1,573.4,0,0,0,2526.8,0,1,3,386.6,0,0,0,5602.4,0,0,0,3516.9,0.0,0,61.0,5,197.0,20,0.0,0,3877.5,5,13964.0,20
SC0073,경로당,senior_center,감계휴먼빌경로당,의창구,북면,4812131000,,35.3043566393246,128.595239347987,point,2,2,1.0,10,6,1.667,26,20,1.3,209.6,209.6,1,8,23,209.6,0,1,1,431.0,1,1,3,270.3,0,0,0,2348.0,0,0,1,965.6,0,0,0,5889.5,0,0,0,2569.6,35.0,1,81.0,7,182.0,19,792.0,1,2841.2,7,9510.5,19
SC0074,경로당,senior_center,감계힐스테이트1차아파트경로당,의창구,북면,4812131000,,35.3036054414051,128.597773809206,point,5,3,1.667,11,7,1.571,21,15,1.4,166.3,166.3,5,9,17,166.3,0,1,1,425.0,0,1,3,311.1,0,0,0,2417.7,0,0,0,1096.8,0,0,0,5792.0,0,0,0,2448.5,63.0,4,88.0,8,137.0,15,1570.3,4,3108.6,8,5167.1,15
SC0075,경로당,senior_center,감계힐스테이트2차아파트경로당,의창구,북면,4812131000,,35.3038179212773,128.598246428395,point,5,3,1.667,11,7,1.571,20,14,1.429,159.8,159.8,5,9,16,159.8,0,1,1,469.6,0,1,3,301.9,0,0,0,2371.1,0,0,0,1145.7,0,0,0,5813.9,0,0,0,2401.0,63.0,4,88.0,8,137.0,15,1570.3,4,3108.6,8,5167.1,15
SC0076,경로당,senior_center,감계힐스테이트3차아파트경로당,의창구,북면,4812131000,,35.3025584933037,128.589609880691,point,0,0,,4,3,1.333,39,31,1.258,457.5,457.5,0,4,36,457.5,0,0,1,549.0,0,0,2,587.9,0,0,0,2405.5,0,0,3,503.5,0,0,0,5738.2,0,0,0,3099.8,0.0,0,23.0,3,278.0,27,0.0,0,680.2,3,16805.2,27
SC0077,경로당,senior_center,감계힐스테이트4차아파트경로당,의창구,북면,4812131000,,35.3026690822443,128.582815061682,point,0,0,,0,0,,26,23,1.13,592.7,592.7,0,0,25,592.7,0,0,0,1142.3,0,0,1,837.2,0,0,0,2379.0,0,0,3,646.6,0,0,0,5781.3,0,0,0,3616.5,0.0,0,0.0,0,174.0,17,0.0,0,0.0,0,13283.8,17
SC0078,경로당,senior_center,고암경로당,의창구,북면,4812131000,,35.2952828389041,128.63003674415,point,0,0,,0,0,,0,0,,1859.0,1859.0,0,0,0,2101.2,0,0,0,2572.9,0,0,0,1859.0,0,0,0,2728.1,0,0,0,2572.9,0,0,0,5557.3,0,0,0,2833.7,0.0,0,0.0,0,0.0,0,0.0,0,0.0,0,0.0,0
SC0079,경로당,senior_center,남백경로당,의창구,북면,4812131000,,35.3186418672503,128.637287810424,point,2,2,1.0,7,6,1.167,13,12,1.083,51.5,51.5,2,5,9,51.5,0,0,1,555.2,0,0,0,2686.6,0,1,2,459.9,0,1,2,490.4,0,0,0,8173.1,0,0,0,1802.9,11.0,2,65.0,5,92.0,9,587.0,2,2352.1,5,3605.2,9
SC0080,경로당,senior_center,내감경로당,의창구,북면,4812131000,,35.3010794992475,128.590802087188,point,1,1,1.0,17,15,1.133,39,31,1.258,278.1,278.1,1,16,36,278.1,0,1,1,395.2,0,1,2,446.0,0,0,0,2585.5,0,1,3,422.9,0,0,0,5575.6,0,0,0,3111.9,8.0,1,101.0,11,278.0,27,194.4,1,6934.1,11,16805.2,27
SC0081,경로당,senior_center,내감부인경로당,의창구,북면,4812131000,,35.3010794992475,128.590802087188,point,1,1,1.0,17,15,1.133,39,31,1.258,278.1,278.1,1,16,36,278.1,0,1,1,395.2,0,1,2,446.0,0,0,0,2585.5,0,1,3,422.9,0,0,0,5575.6,0,0,0,3111.9,8.0,1,101.0,11,278.0,27,194.4,1,6934.1,11,16805.2,27
SC0082,경로당,senior_center,내산경로당,의창구,북면,4812131000,,35.3761243099612,128.590253248941,point,0,0,,0,0,,0,0,,1781.5,1781.5,0,0,0,1781.5,0,0,0,3651.7,0,0,0,3213.6,0,0,0,1895.4,0,0,0,3598.5,0,0,0,13865.9,0,0,0,6841.8,0.0,0,0.0,0,0.0,0,0.0,0,0.0,0,0.0,0
SC0083,경로당,senior_center,대천경로당,의창구,북면,4812131000,,35.3095086737663,128.602549467168,point,0,0,,7,6,1.167,42,32,1.312,337.3,337.3,0,6,37,337.3,0,1,1,384.5,0,0,6,523.0,0,0,0,1647.7,0,0,1,995.5,0,0,0,6444.6,0,0,0,1693.9,0.0,0,26.0,4,176.0,15,0.0,0,981.0,4,4684.9,15
SC0084,경로당,senior_center,대한경로당,의창구,북면,4812131000,,35.2885584875655,128.618563661406,point,0,0,,0,0,,2,2,1.0,612.1,612.1,0,0,0,1655.3,0,0,0,2512.5,0,0,2,612.1,0,0,0,3432.6,0,0,0,2828.7,0,0,0,4433.6,0,0,0,3144.9,0.0,0,0.0,0,0.0,0,0.0,0,0.0,0,0.0,0
SC0085,경로당,senior_center,대호아파트경로당,의창구,북면,4812131000,,35.345664562235,128.605796953863,point,0,0,,0,0,,3,3,1.0,627.8,627.8,0,0,1,809.1,0,0,2,627.8,0,0,2,627.8,0,0,1,627.8,0,0,1,627.8,0,0,0,10465.5,0,0,0,3180.7,0.0,0,0.0,0,7.0,1,0.0,0,0.0,0,142.6,1
SC0086,경로당,senior_center,동전경로당,의창구,북면,4812131000,,35.3165416437893,128.596764238563,point,3,3,1.0,10,9,1.111,53,44,1.205,185.7,185.7,2,9,48,185.7,0,0,1,907.9,1,1,9,252.1,0,0,0,1308.8,0,0,1,889.9,0,0,0,7230.3,0,0,0,1897.5,10.0,2,80.0,7,143.0,18,421.0,2,1407.4,7,7029.4,18
SC0087,경로당,senior_center,마산경로당,의창구,북면,4812131000,,35.3422886807419,128.621236126665,point,6,6,1.0,6,6,1.0,6,6,1.0,127.7,127.7,6,6,6,127.7,0,0,0,1795.0,0,0,0,1485.7,0,0,0,1874.4,0,0,0,1874.4,0,0,0,10255.0,0,0,0,2646.1,27.0,6,27.0,6,27.0,6,2543.2,6,2543.2,6,2543.2,6
SC0088,경로당,senior_center,마산부인경로당,의창구,북면,4812131000,,35.3425243624894,128.621497000165,point,6,6,1.0,6,6,1.0,7,7,1.0,145.9,145.9,6,6,7,145.9,0,0,0,1830.2,0,0,0,1477.0,0,0,0,1898.9,0,0,0,1898.9,0,0,0,10285.1,0,0,0,2675.2,27.0,6,27.0,6,30.0,7,2543.2,6,2543.2,6,2793.2,7
SC0089,경로당,senior_center,명촌경로당,의창구,북면,4812131000,,35.3859725137461,128.598150717893,point,0,0,,0,0,,0,0,,2520.8,2520.8,0,0,0,2520.8,0,0,0,4894.5,0,0,0,3825.0,0,0,0,2624.4,0,0,0,4894.5,0,0,0,14929.0,0,0,0,7675.3,0.0,0,0.0,0,0.0,0,0.0,0,0.0,0,0.0,0
SC0090,경로당,senior_center,명호경로당,의창구,북면,4812131000,,35.3211093323047,128.600584127029,point,6,6,1.0,17,16,1.062,65,54,1.204,205.6,205.6,6,16,58,205.6,0,0,1,951.7,0,3,11,362.5,0,0,1,917.4,0,0,1,638.0,0,0,0,7729.3,0,0,0,1559.7,25.0,3,45.0,9,152.0,20,2147.6,3,3520.5,9,7789.5,20
SC0092,경로당,senior_center,무동코아루파크아파트경로당,의창구,북면,4812131000,,35.3154205786372,128.586100976992,point,0,0,,1,1,1.0,5,4,1.25,303.6,303.6,0,0,3,929.2,0,0,1,951.4,0,1,2,303.6,0,0,1,951.4,0,0,0,1611.1,0,0,0,7171.7,0,0,0,2875.3,0.0,0,0.0,0,20.0,3,0.0,0,0.0,0,1938.6,3
SC0093,경로당,senior_center,무동휴먼빌1단지아파트경로당,의창구,북면,4812131000,,35.319148536269,128.583160831975,point,1,1,1.0,1,1,1.0,10,9,1.111,196.0,196.0,0,0,8,580.7,0,0,1,580.7,1,1,2,196.0,0,0,1,580.7,0,0,0,1278.5,0,0,0,7600.3,0,0,0,3120.8,0.0,0,0.0,0,40.0,6,0.0,0,0.0,0,3628.2,6
SC0094,경로당,senior_center,무동휴먼빌2단지아파트경로당,의창구,북면,4812131000,,35.3202538511807,128.584442735525,point,1,1,1.0,3,2,1.5,12,11,1.091,262.6,262.6,0,1,10,427.2,0,1,1,427.2,1,2,2,262.6,0,1,1,427.2,0,0,0,1122.4,0,0,0,7715.0,0,0,0,3009.0,0.0,0,10.0,1,49.0,8,0.0,0,997.6,1,4983.9,8
SC0095,경로당,senior_center,무동휴먼빌3단지아파트경로당,의창구,북면,4812131000,,35.3178613927475,128.583010939023,point,1,1,1.0,1,1,1.0,7,6,1.167,151.8,151.8,0,0,5,719.1,0,0,1,719.1,1,1,2,151.8,0,0,1,719.1,0,0,0,1416.4,0,0,0,7458.9,0,0,0,3135.2,0.0,0,0.0,0,31.0,4,0.0,0,0.0,0,2834.7,4
SC0096,경로당,senior_center,바깥신천경로당,의창구,북면,4812131000,,35.3682206348952,128.626419961906,point,0,0,,0,0,,0,0,,1173.0,1173.0,0,0,0,1173.0,0,0,0,1798.7,0,0,0,2071.1,0,0,0,2207.0,0,0,0,3744.5,0,0,0,13170.6,0,0,0,5561.5,0.0,0,0.0,0,0.0,0,0.0,0,0.0,0,0.0,0
SC0097,경로당,senior_center,북면갈전경로당,의창구,북면,4812131000,,35.3065943431274,128.621600822697,point,0,0,,0,0,,2,2,1.0,632.2,632.2,0,0,2,632.2,0,0,0,1389.3,0,0,0,1675.3,0,0,0,1472.6,0,0,0,1389.3,0,0,0,6413.2,0,0,0,1389.3,0.0,0,0.0,0,5.0,2,0.0,0,0.0,0,254.6,2
SC0098,경로당,senior_center,북면경로당,의창구,북면,4812131000,,35.3505058778176,128.608785243112,point,0,0,,1,1,1.0,2,2,1.0,467.8,467.8,0,0,1,644.4,0,0,0,1208.0,0,1,1,467.8,0,0,0,1208.0,0,0,0,1208.0,0,0,0,11017.5,0,0,0,3622.8,0.0,0,0.0,0,11.0,1,0.0,0,0.0,0,471.1,1
SC0099,경로당,senior_center,상천(봉촌)경로당,의창구,북면,4812131000,,35.3595427157733,128.589773411798,point,0,0,,0,0,,0,0,,1069.2,1069.2,0,0,0,1069.2,0,0,0,2191.1,0,0,0,2159.7,0,0,0,1260.8,0,0,0,2191.1,0,0,0,12034.0,0,0,0,5190.4,0.0,0,0.0,0,0.0,0,0.0,0,0.0,0,0.0,0
SC0100,경로당,senior_center,센텀파라디아아파트경로당,의창구,북면,4812131000,,35.3190708265635,128.580283590605,point,0,0,,1,1,1.0,12,11,1.091,420.5,420.5,0,0,10,720.4,0,0,2,728.8,0,1,2,420.5,0,0,2,728.8,0,0,0,1406.4,0,0,0,7615.7,0,0,0,3382.3,0.0,0,0.0,0,47.0,8,0.0,0,0.0,0,4244.9,8
SC0101,경로당,senior_center,소라경로당,의창구,북면,4812131000,,35.3213618662714,128.62580620043,point,5,5,1.0,7,7,1.0,20,17,1.176,184.3,184.3,5,7,15,184.3,0,0,3,586.8,0,0,0,1678.4,0,0,2,762.0,0,0,4,586.8,0,0,0,8092.3,0,0,1,816.2,19.0,4,24.0,5,98.0,11,1191.5,4,1513.7,5,3789.3,11
SC0102,경로당,senior_center,송촌경로당,의창구,북면,4812131000,,35.3425774209986,128.577663012923,point,1,1,1.0,1,1,1.0,3,3,1.0,150.5,150.5,1,1,3,150.5,0,0,0,1267.5,0,0,0,1267.5,0,0,0,1267.5,0,0,0,1267.5,0,0,0,10234.9,0,0,0,4489.6,3.0,1,3.0,1,12.0,3,170.1,1,170.1,1,843.2,3
SC0103,경로당,senior_center,승산경로당,의창구,북면,4812131000,,35.3027028060416,128.624071116738,point,0,0,,0,0,,0,0,,1115.3,1115.3,0,0,0,1115.3,0,0,0,1863.4,0,0,0,1734.9,0,0,0,1949.0,0,0,0,1863.4,0,0,0,6078.3,0,0,0,1868.5,0.0,0,0.0,0,0.0,0,0.0,0,0.0,0,0.0,0
SC0104,경로당,senior_center,신기경로당,의창구,북면,4812131000,,35.363971464439,128.623275222247,point,0,0,,0,0,,1,1,1.0,630.1,630.1,0,0,1,630.1,0,0,0,1688.6,0,0,0,1525.0,0,0,0,1839.3,0,0,0,3198.7,0,0,0,12657.0,0,0,0,5057.7,0.0,0,0.0,0,1.0,1,0.0,0,0.0,0,250.0,1
SC0105,경로당,senior_center,신동경로당,의창구,북면,4812131000,,35.3293713712403,128.605385721391,point,2,2,1.0,6,6,1.0,17,14,1.214,241.7,241.7,2,3,13,241.7,1,2,3,241.7,0,1,1,445.3,0,1,1,371.5,0,0,0,1276.1,0,0,0,8657.7,0,0,0,1619.9,5.0,1,5.0,1,50.0,9,494.4,1,494.4,1,4164.3,9
SC0106,경로당,senior_center,신리경로당,의창구,북면,4812131000,,35.3480068042497,128.604332294973,point,0,0,,0,0,,5,5,1.0,755.4,755.4,0,0,2,933.5,0,0,2,755.4,0,0,3,755.4,0,0,1,755.4,0,0,1,755.4,0,0,0,10720.0,0,0,0,3470.4,0.0,0,0.0,0,18.0,2,0.0,0,0.0,0,613.7,2
SC0107,경로당,senior_center,신리부녀경로당,의창구,북면,4812131000,,35.3467257066257,128.605535051759,point,0,0,,0,0,,4,4,1.0,695.8,695.8,0,0,1,878.5,0,0,2,695.8,0,0,3,695.8,0,0,1,695.8,0,0,1,695.8,0,0,0,10582.1,0,0,0,3299.7,0.0,0,0.0,0,7.0,1,0.0,0,0.0,0,142.6,1
SC0108,경로당,senior_center,신목경로당,의창구,북면,4812131000,,35.3591849815126,128.618073429062,point,1,1,1.0,1,1,1.0,3,3,1.0,90.1,90.1,1,1,2,90.1,0,0,0,1921.2,0,0,1,814.1,0,0,0,1414.9,0,0,0,2487.8,0,0,0,12061.4,0,0,0,4499.2,1.0,1,1.0,1,12.0,2,250.0,1,250.0,1,721.1,2
SC0109,경로당,senior_center,신우경로당,의창구,북면,4812131000,,35.3473235219056,128.608419090312,point,0,0,,0,0,,4,4,1.0,776.9,776.9,0,0,1,994.1,0,0,2,928.6,0,0,3,776.9,0,0,1,928.6,0,0,1,928.6,0,0,0,10662.9,0,0,0,3287.2,0.0,0,0.0,0,11.0,1,0.0,0,0.0,0,471.1,1
SC0110,경로당,senior_center,신음경로당,의창구,북면,4812131000,,35.3289087667385,128.584555782053,point,3,3,1.0,12,11,1.091,19,17,1.118,48.4,48.4,2,9,15,60.9,1,1,3,60.9,0,0,1,554.7,1,1,3,48.4,0,2,2,372.7,0,0,0,8673.5,0,0,0,3202.6,5.0,1,21.0,6,61.0,12,594.0,1,2598.3,6,5940.6,12
SC0111,경로당,senior_center,신천경로당,의창구,북면,4812131000,,35.3730272784689,128.612979166356,point,0,0,,0,0,,0,0,,1427.2,1427.2,0,0,0,1427.2,0,0,0,3041.3,0,0,0,2164.2,0,0,0,1458.0,0,0,0,3630.8,0,0,0,13538.7,0,0,0,6048.8,0.0,0,0.0,0,0.0,0,0.0,0,0.0,0,0.0,0
SC0112,경로당,senior_center,신한1차아파트경로당,의창구,북면,4812131000,,35.3493354797046,128.608337876062,point,0,0,,0,0,,2,2,1.0,592.5,592.5,0,0,1,770.7,0,0,0,1081.5,0,0,1,592.5,0,0,0,1081.5,0,0,0,1081.5,0,0,0,10885.2,0,0,0,3505.5,0.0,0,0.0,0,11.0,1,0.0,0,0.0,0,471.1,1
SC0113,경로당,senior_center,신한2차아파트경로당,의창구,북면,4812131000,,35.3488210586186,128.607254758913,point,0,0,,0,0,,3,3,1.0,699.6,699.6,0,0,1,829.5,0,0,1,975.0,0,0,2,699.6,0,0,1,975.0,0,0,1,975.0,0,0,0,10822.2,0,0,0,3475.1,0.0,0,0.0,0,11.0,1,0.0,0,0.0,0,471.1,1
SC0114,경로당,senior_center,양지경로당,의창구,북면,4812131000,,35.3039433508155,128.627072663917,point,0,0,,0,0,,0,0,,1171.3,1171.3,0,0,0,1171.3,0,0,0,1652.6,0,0,0,2032.6,0,0,0,1921.8,0,0,0,1652.6,0,0,0,6306.9,0,0,0,1850.9,0.0,0,0.0,0,0.0,0,0.0,0,0.0,0,0.0,0
SC0115,경로당,senior_center,양촌경로당,의창구,북면,4812131000,,35.3309255260652,128.58489175009,point,2,2,1.0,10,9,1.111,18,16,1.125,186.2,186.2,1,7,14,190.8,1,1,2,190.8,0,0,1,773.0,1,1,2,186.2,0,2,2,351.4,0,0,0,8895.6,0,0,0,3261.0,5.0,1,19.0,5,56.0,11,594.0,1,2202.3,5,5516.2,11
SC0116,경로당,senior_center,연동경로당,의창구,북면,4812131000,,35.346976974676,128.626011200629,point,0,0,,1,1,1.0,8,8,1.0,327.1,327.1,0,1,8,327.1,0,0,0,1496.1,0,0,0,1438.1,0,0,0,2375.5,0,0,0,2375.5,0,0,0,10851.4,0,0,0,3238.7,0.0,0,3.0,1,51.0,8,0.0,0,250.0,1,3285.9,8
SC0117,경로당,senior_center,온천남자경로당,의창구,북면,4812131000,,35.3505058778176,128.608785243112,point,0,0,,1,1,1.0,2,2,1.0,467.8,467.8,0,0,1,644.4,0,0,0,1208.0,0,1,1,467.8,0,0,0,1208.0,0,0,0,1208.0,0,0,0,11017.5,0,0,0,3622.8,0.0,0,0.0,0,11.0,1,0.0,0,0.0,0,471.1,1
SC0118,경로당,senior_center,온천부녀경로당,의창구,북면,4812131000,,35.3505058778176,128.608785243112,point,0,0,,1,1,1.0,2,2,1.0,467.8,467.8,0,0,1,644.4,0,0,0,1208.0,0,1,1,467.8,0,0,0,1208.0,0,0,0,1208.0,0,0,0,11017.5,0,0,0,3622.8,0.0,0,0.0,0,11.0,1,0.0,0,0.0,0,471.1,1
SC0119,경로당,senior_center,외감경로당,의창구,북면,4812131000,,35.289971992152,128.599126550833,point,0,0,,0,0,,1,1,1.0,976.6,976.6,0,0,1,976.6,0,0,0,1222.2,0,0,0,1005.9,0,0,0,3617.2,0,0,0,1168.8,0,0,0,4275.6,0,0,0,3593.0,0.0,0,0.0,0,11.0,1,0.0,0,0.0,0,480.0,1
SC0120,경로당,senior_center,외감부인경로당,의창구,북면,4812131000,,35.289971992152,128.599126550833,point,0,0,,0,0,,1,1,1.0,976.6,976.6,0,0,1,976.6,0,0,0,1222.2,0,0,0,1005.9,0,0,0,3617.2,0,0,0,1168.8,0,0,0,4275.6,0,0,0,3593.0,0.0,0,0.0,0,11.0,1,0.0,0,0.0,0,480.0,1
SC0121,경로당,senior_center,월계경로당,의창구,북면,4812131000,,35.3476575101145,128.639508988361,point,2,2,1.0,6,6,1.0,7,7,1.0,81.3,81.3,2,6,6,81.3,0,0,1,876.7,0,0,0,2552.5,0,0,0,1735.3,0,0,0,3225.2,0,0,0,11250.5,0,0,0,3792.6,18.0,2,44.0,6,44.0,6,972.0,2,2963.9,6,2963.9,6
SC0122,경로당,senior_center,월백경로당,의창구,북면,4812131000,,35.3213618662714,128.62580620043,point,5,5,1.0,7,7,1.0,20,17,1.176,184.3,184.3,5,7,15,184.3,0,0,3,586.8,0,0,0,1678.4,0,0,2,762.0,0,0,4,586.8,0,0,0,8092.3,0,0,1,816.2,19.0,4,24.0,5,98.0,11,1191.5,4,1513.7,5,3789.3,11
SC0123,경로당,senior_center,월백부녀경로당,의창구,북면,4812131000,,35.3213618662714,128.62580620043,point,5,5,1.0,7,7,1.0,20,17,1.176,184.3,184.3,5,7,15,184.3,0,0,3,586.8,0,0,0,1678.4,0,0,2,762.0,0,0,4,586.8,0,0,0,8092.3,0,0,1,816.2,19.0,4,24.0,5,98.0,11,1191.5,4,1513.7,5,3789.3,11
SC0124,경로당,senior_center,월촌경로당,의창구,북면,4812131000,,35.3232543444176,128.620428760042,point,5,5,1.0,10,9,1.111,15,13,1.154,166.8,166.8,5,10,12,166.8,0,0,2,578.0,0,0,0,1280.8,0,1,2,484.4,0,0,2,578.0,0,0,0,8171.4,0,0,1,578.0,15.0,4,30.0,6,45.0,8,1260.6,4,1801.7,6,2649.7,8
SC0125,경로당,senior_center,중리경로당,의창구,북면,4812131000,,35.3410315780924,128.593187609428,point,0,0,,5,4,1.25,9,8,1.125,382.7,382.7,0,5,6,382.7,0,0,3,631.3,0,0,2,631.3,0,0,1,683.6,0,0,1,683.6,0,0,0,9962.3,0,0,0,3323.7,0.0,0,29.0,5,36.0,6,0.0,0,1775.9,5,1918.5,6
SC0126,경로당,senior_center,중방경로당,의창구,북면,4812131000,,35.2967096288904,128.59228279429,point,6,4,1.5,27,23,1.174,31,27,1.148,279.7,279.7,5,25,28,279.7,0,1,1,489.4,1,1,2,283.6,0,0,0,3087.2,1,3,3,299.6,0,0,0,5076.7,0,0,0,3342.9,45.0,5,169.0,18,197.0,20,4793.8,5,12246.0,18,13964.0,20
SC0127,경로당,senior_center,중촌경로당,의창구,북면,4812131000,,35.3657413349295,128.603753849047,point,1,1,1.0,3,3,1.0,4,4,1.0,275.0,275.0,1,3,4,275.0,0,0,0,2659.4,0,0,0,1564.9,0,1,1,345.4,0,0,0,2659.4,0,0,0,12685.9,0,0,0,5373.1,2.0,1,32.0,3,43.0,4,333.6,1,1000.6,3,1198.6,4
SC0128,경로당,senior_center,지개경로당,의창구,북면,4812131000,,35.2846279108447,128.617357513044,point,0,0,,0,0,,2,2,1.0,582.0,582.0,0,0,0,1882.3,0,0,0,2683.3,0,0,2,582.0,0,0,0,3868.2,0,0,0,2697.7,0,0,0,3988.3,0,0,0,2748.7,0.0,0,0.0,0,0.0,0,0.0,0,0.0,0,0.0,0
SC0129,경로당,senior_center,천수림아파트경로당,의창구,북면,4812131000,,35.3012315533586,128.586966955223,point,0,0,,19,18,1.056,30,26,1.154,307.8,307.8,0,19,28,307.8,0,0,1,743.1,0,1,1,486.0,0,0,0,2528.0,0,2,3,325.6,0,0,0,5595.2,0,0,0,3381.2,0.0,0,116.0,12,197.0,20,0.0,0,9212.4,12,13964.0,20
SC0130,경로당,senior_center,청우아파트경로당,의창구,북면,4812131000,,35.3480511940251,128.607183846665,point,0,0,,0,0,,4,4,1.0,769.5,769.5,0,0,1,915.2,0,0,2,905.1,0,0,3,769.5,0,0,1,905.1,0,0,1,905.1,0,0,0,10736.5,0,0,0,3394.6,0.0,0,0.0,0,11.0,1,0.0,0,0.0,0,471.1,1
SC0131,경로당,senior_center,초소경로당,의창구,북면,4812131000,,35.3781698272186,128.594625801669,point,0,0,,0,0,,0,0,,1772.1,1772.1,0,0,0,1772.1,0,0,0,4060.3,0,0,0,3174.4,0,0,0,1884.4,0,0,0,4033.0,0,0,0,14071.7,0,0,0,6924.5,0.0,0,0.0,0,0.0,0,0.0,0,0.0,0,0.0,0
SC0132,경로당,senior_center,춘광1차아파트경로당,의창구,북면,4812131000,,35.347108608474,128.609966973281,point,0,0,,0,0,,6,6,1.0,745.5,745.5,0,0,5,873.7,0,0,0,1026.4,0,0,1,745.5,0,0,0,1026.4,0,0,0,1026.4,0,0,0,10649.6,0,0,0,3231.5,0.0,0,0.0,0,21.0,5,0.0,0,0.0,0,2344.2,5
SC0133,경로당,senior_center,춘광2차아파트경로당,의창구,북면,4812131000,,35.3470942061171,128.608998068771,point,0,0,,0,0,,5,5,1.0,777.4,777.4,0,0,3,950.6,0,0,1,953.8,0,0,2,777.4,0,0,1,953.8,0,0,1,953.8,0,0,0,10641.2,0,0,0,3249.6,0.0,0,0.0,0,12.0,3,0.0,0,0.0,0,1365.9,3
SC0134,경로당,senior_center,춘광마을경로당,의창구,북면,4812131000,,35.3468490258805,128.610003289643,point,0,0,,0,0,,6,6,1.0,772.2,772.2,0,0,5,856.9,0,0,0,1013.2,0,0,1,772.2,0,0,0,1013.2,0,0,0,1013.2,0,0,0,10621.1,0,0,0,3202.6,0.0,0,0.0,0,21.0,5,0.0,0,0.0,0,2344.2,5
SC0135,경로당,senior_center,하천(대촌)경로당,의창구,북면,4812131000,,35.3680760036573,128.603625541518,point,0,0,,0,0,,4,4,1.0,517.1,517.1,0,0,4,517.1,0,0,0,2916.0,0,0,0,1799.0,0,0,1,601.3,0,0,0,2916.0,0,0,0,12944.6,0,0,0,5628.1,0.0,0,0.0,0,43.0,4,0.0,0,0.0,0,1198.6,4
SC0136,경로당,senior_center,현도경로당,의창구,북면,4812131000,,35.3729141027505,128.592278418233,point,0,0,,0,0,,0,0,,1389.9,1389.9,0,0,0,1389.9,0,0,0,3492.2,0,0,0,2821.6,0,0,0,1503.2,0,0,0,3469.3,0,0,0,13499.0,0,0,0,6443.2,0.0,0,0.0,0,0.0,0,0.0,0,0.0,0,0.0,0
SC0137,경로당,senior_center,현천노인당,의창구,북면,4812131000,,35.3445921995609,128.583140547314,point,0,0,,0,0,,6,5,1.2,529.0,529.0,0,0,6,529.0,0,0,0,1577.0,0,0,0,1577.0,0,0,0,1601.0,0,0,0,1601.0,0,0,0,10418.3,0,0,0,4246.9,0.0,0,0.0,0,32.0,6,0.0,0,0.0,0,1946.0,6
SC0138,경로당,senior_center,화천경로당,의창구,북면,4812131000,,35.300412954932,128.604402938308,point,5,5,1.0,5,5,1.0,20,14,1.429,151.5,151.5,3,3,16,251.7,0,0,1,847.9,2,2,3,151.5,0,0,0,2364.9,0,0,0,1468.1,0,0,0,5444.2,0,0,0,2346.6,23.0,3,23.0,3,137.0,15,1246.7,3,1246.7,3,5167.1,15
SC0139,경로당,senior_center,화천부녀경로당,의창구,북면,4812131000,,35.300412954932,128.604402938308,point,5,5,1.0,5,5,1.0,20,14,1.429,151.5,151.5,3,3,16,251.7,0,0,1,847.9,2,2,3,151.5,0,0,0,2364.9,0,0,0,1468.1,0,0,0,5444.2,0,0,0,2346.6,23.0,3,23.0,3,137.0,15,1246.7,3,1246.7,3,5167.1,15
SC0140,경로당,senior_center,동전월드메르디앙아파트경로당,의창구,북면,4812131000,,35.3155274644094,128.600481371406,point,4,4,1.0,13,12,1.083,65,52,1.25,212.0,212.0,4,11,60,212.0,0,0,1,568.0,1,4,10,246.0,0,0,0,1473.6,0,0,1,600.0,0,0,0,7109.8,0,0,0,1583.2,62.0,3,75.0,4,160.0,21,595.3,3,793.3,4,7477.5,21
SC0141,경로당,senior_center,신전경로당,의창구,대산면,4812132000,,35.3675445234951,128.673771010592,point,0,0,,0,0,,8,7,1.143,695.3,695.3,0,0,8,695.3,0,0,0,2950.4,0,0,0,3510.5,0,0,0,1019.9,0,0,0,3532.5,0,0,0,14505.4,0,0,0,3532.5,0.0,0,0.0,0,30.0,3,0.0,0,0.0,0,2616.2,3
SC0142,경로당,senior_center,상리경로당,의창구,대산면,4812132000,,35.3661284416362,128.678054112237,point,0,0,,3,3,1.0,11,10,1.1,305.3,305.3,0,3,11,305.3,0,0,0,2960.7,0,0,0,3090.9,0,0,1,617.2,0,0,0,3112.7,0,0,0,14551.0,0,0,0,3112.7,0.0,0,3.0,1,38.0,5,0.0,0,237.6,1,3554.6,5
SC0143,경로당,senior_center,갈전경로당,의창구,대산면,4812132000,,35.3652683460497,128.680050640453,point,2,2,1.0,10,9,1.111,12,11,1.091,156.0,156.0,2,10,12,156.0,0,0,0,2762.3,0,0,0,2888.2,0,1,1,444.4,0,0,0,2909.2,0,0,0,14557.0,0,0,0,2909.2,3.0,1,38.0,5,48.0,6,237.6,1,3554.6,5,3867.4,6
SC0144,경로당,senior_center,갈전부인경로당,의창구,대산면,4812132000,,35.3639584444567,128.681411577108,point,3,3,1.0,11,10,1.1,12,11,1.091,132.2,132.2,3,11,12,132.2,0,0,0,2612.5,0,0,0,2725.9,0,1,1,389.4,0,0,0,2744.0,0,0,0,14493.6,0,0,0,2744.0,3.0,1,38.0,5,48.0,6,237.6,1,3554.6,5,3867.4,6
SC0145,경로당,senior_center,평리경로당,의창구,대산면,4812132000,,35.3639584444567,128.681411577108,point,3,3,1.0,11,10,1.1,12,11,1.091,132.2,132.2,3,11,12,132.2,0,0,0,2612.5,0,0,0,2725.9,0,1,1,389.4,0,0,0,2744.0,0,0,0,14493.6,0,0,0,2744.0,3.0,1,38.0,5,48.0,6,237.6,1,3554.6,5,3867.4,6
SC0146,경로당,senior_center,송정경로당,의창구,대산면,4812132000,,35.3608756591758,128.682217953717,point,2,2,1.0,4,4,1.0,11,10,1.1,60.9,60.9,2,4,11,60.9,0,0,0,2501.9,0,0,0,2575.1,0,0,1,622.7,0,0,0,2583.3,0,0,0,14238.2,0,0,0,2583.3,0.0,0,3.0,1,38.0,5,0.0,0,237.6,1,3554.6,5
SC0147,경로당,senior_center,유목경로당,의창구,대산면,4812132000,,35.3665882950584,128.681148276083,point,3,2,1.5,10,9,1.111,12,11,1.091,251.0,251.0,3,10,12,251.0,0,0,0,2701.8,0,0,0,2846.2,0,1,1,341.0,0,0,0,2872.1,0,0,0,14733.8,0,0,0,2872.1,15.0,1,38.0,5,48.0,6,976.0,1,3554.6,5,3867.4,6
SC0148,경로당,senior_center,일동경로당,의창구,대산면,4812132000,,35.3677961698457,128.684137872045,point,7,6,1.167,7,6,1.167,12,11,1.091,158.2,158.2,7,7,12,158.2,0,0,0,2486.0,0,0,0,2655.3,1,1,1,203.2,0,0,0,2688.1,0,0,0,14986.4,0,0,0,2688.1,35.0,4,35.0,4,48.0,6,3317.0,4,3317.0,4,3867.4,6
SC0149,경로당,senior_center,일동부인경로당,의창구,대산면,4812132000,,35.3677961698457,128.684137872045,point,7,6,1.167,7,6,1.167,12,11,1.091,158.2,158.2,7,7,12,158.2,0,0,0,2486.0,0,0,0,2655.3,1,1,1,203.2,0,0,0,2688.1,0,0,0,14986.4,0,0,0,2688.1,35.0,4,35.0,4,48.0,6,3317.0,4,3317.0,4,3867.4,6
SC0150,경로당,senior_center,구산경로당,의창구,대산면,4812132000,,35.3577109573437,128.694873542856,point,0,0,,0,0,,0,0,,1144.4,1144.4,0,0,0,1144.4,0,0,0,1369.7,0,0,0,1388.9,0,0,0,1299.9,0,0,0,1389.3,0,0,0,14586.7,0,0,0,1389.3,0.0,0,0.0,0,0.0,0,0.0,0,0.0,0,0.0,0
SC0151,경로당,senior_center,당리경로당,의창구,대산면,4812132000,,35.3692087744452,128.692895857481,point,0,0,,1,1,1.0,8,7,1.143,332.1,332.1,0,1,8,332.1,0,0,0,1847.5,0,0,0,2080.7,0,0,1,811.3,0,0,0,2131.7,0,0,0,15537.8,0,0,0,2131.7,0.0,0,10.0,1,45.0,5,0.0,0,312.8,1,3629.8,5
SC0152,경로당,senior_center,신성경로당,의창구,대산면,4812132000,,35.3667509245338,128.69366197704,point,0,0,,1,1,1.0,8,7,1.143,343.7,343.7,0,1,8,343.7,0,0,0,1647.3,0,0,0,1855.5,0,0,1,805.4,0,0,0,1900.6,0,0,0,15347.6,0,0,0,1900.6,0.0,0,10.0,1,45.0,5,0.0,0,312.8,1,3629.8,5
SC0153,경로당,senior_center,수성경로당,의창구,대산면,4812132000,,35.3662428738355,128.695804558228,point,0,0,,0,0,,3,3,1.0,546.2,546.2,0,0,3,546.2,0,0,0,1449.1,0,0,0,1666.6,0,0,1,996.7,0,0,0,1714.8,0,0,0,15409.5,0,0,0,1714.8,0.0,0,0.0,0,18.0,3,0.0,0,0.0,0,1251.2,3
SC0154,경로당,senior_center,북모산경로당,의창구,대산면,4812132000,,35.3565908964617,128.713661454257,point,5,4,1.25,10,8,1.25,13,11,1.182,43.3,43.3,5,8,10,43.3,0,0,1,510.5,0,1,1,323.8,1,1,2,224.4,0,1,1,335.1,0,0,0,15560.6,0,1,1,335.1,25.0,5,50.0,8,65.0,10,2586.7,5,4145.1,8,5059.7,10
SC0155,경로당,senior_center,남모산경로당,의창구,대산면,4812132000,,35.3535094715358,128.711471649411,point,7,5,1.4,11,9,1.222,13,11,1.182,98.4,98.4,7,9,10,98.4,0,0,1,722.6,0,1,1,391.4,2,2,2,164.7,0,1,1,315.4,0,0,0,15172.7,0,1,1,315.4,53.0,7,61.0,9,65.0,10,3897.1,7,4595.1,9,5059.7,10
SC0156,경로당,senior_center,송등경로당,의창구,대산면,4812132000,,35.3478013722538,128.71279510224,point,0,0,,0,0,,12,10,1.2,501.5,501.5,0,0,11,501.5,0,0,0,1313.3,0,0,0,1034.1,0,0,2,556.3,0,0,1,954.0,0,0,0,14789.1,0,0,1,954.0,0.0,0,0.0,0,72.0,10,0.0,0,0.0,0,5875.6,10
SC0157,경로당,senior_center,북가술경로당,의창구,대산면,4812132000,,35.3372356815725,128.707601514357,point,7,4,1.75,47,35,1.343,169,126,1.341,157.6,157.6,5,39,144,249.7,1,7,13,294.7,1,6,28,157.6,0,3,4,354.5,0,4,12,320.1,0,0,0,13623.5,0,0,1,803.9,48.0,3,352.0,28,1648.0,116,4268.0,3,34991.4,28,177268.3,116
SC0158,경로당,senior_center,해강그린A경로당,의창구,대산면,4812132000,,35.3387566461485,128.708684730641,point,2,2,1.0,21,14,1.5,145,110,1.318,207.4,207.4,1,16,124,240.1,0,3,13,409.7,1,1,25,207.4,0,2,4,425.8,0,2,9,491.9,0,0,0,13812.0,0,0,1,999.2,5.0,1,103.0,9,1355.0,99,1299.8,1,9679.1,9,152049.2,99
SC0159,경로당,senior_center,남가술경로당,의창구,대산면,4812132000,,35.3358277299353,128.707263948992,point,11,8,1.375,71,52,1.365,174,131,1.328,172.7,172.7,7,59,148,239.4,0,9,13,323.2,1,12,30,223.7,1,3,4,295.9,2,5,13,172.7,0,0,0,13492.7,0,0,1,652.9,85.0,6,652.0,47,1781.0,119,6734.2,6,61575.9,47,181342.1,119
SC0160,경로당,senior_center,남가술부인경로당,의창구,대산면,4812132000,,35.3347796447179,128.707716120196,point,5,5,1.0,60,44,1.364,170,129,1.318,49.4,49.4,3,46,144,239.6,0,8,15,345.5,1,14,29,281.4,0,2,5,316.4,1,6,13,49.4,0,0,0,13442.1,0,0,1,583.5,25.0,2,500.0,40,1745.0,115,1372.0,2,51137.5,40,178504.4,115
SC0161,경로당,senior_center,가촌경로당,의창구,대산면,4812132000,,35.3368442916938,128.699558604468,point,62,41,1.512,114,81,1.407,168,125,1.344,38.9,38.9,52,97,145,38.9,4,10,13,62.5,12,19,28,163.9,0,3,3,439.0,1,6,12,236.2,0,0,0,13078.4,0,0,1,758.0,546.0,39,1318.0,74,1909.0,116,63399.1,39,147129.5,74,206452.2,116
SC0162,경로당,senior_center,장등경로당,의창구,대산면,4812132000,,35.3300589768745,128.701812338025,point,27,22,1.227,63,51,1.235,188,143,1.315,126.8,126.8,25,58,162,126.8,1,4,14,282.0,2,12,29,136.9,0,0,6,575.4,4,6,16,136.9,0,0,0,12692.0,1,1,2,174.7,388.0,22,838.0,51,2036.0,130,36603.1,22,83290.0,51,216348.0,130
SC0163,경로당,senior_center,신등경로당,의창구,대산면,4812132000,,35.3212756955192,128.696849535944,point,17,14,1.214,32,25,1.28,56,46,1.217,46.3,46.3,15,29,53,46.3,1,1,1,209.5,2,2,2,122.9,3,3,3,122.9,2,3,4,209.5,0,0,0,11701.2,1,1,1,209.5,71.0,13,169.0,26,330.0,46,9232.7,13,14560.2,26,27120.1,46
SC0164,경로당,senior_center,신동경로당,의창구,대산면,4812132000,,35.3226000282094,128.695049999266,point,12,9,1.333,25,20,1.25,59,49,1.204,44.9,44.9,11,23,56,44.9,0,1,1,362.2,1,2,2,261.9,1,3,3,261.9,1,2,4,44.9,0,0,0,11677.8,0,1,1,362.2,81.0,10,137.0,20,366.0,49,5309.7,10,12413.4,20,27913.2,49
SC0165,경로당,senior_center,백양경로당,의창구,대산면,4812132000,,35.3276241603145,128.688229814334,point,2,2,1.0,2,2,1.0,15,11,1.364,45.4,45.4,2,2,14,45.4,0,0,0,1158.1,0,0,0,1072.6,0,0,0,1072.6,0,0,1,805.9,0,0,0,11627.0,0,0,0,1158.1,7.0,2,7.0,2,89.0,13,433.1,2,433.1,2,4816.9,13
SC0166,경로당,senior_center,주남경로당,의창구,대산면,4812132000,,35.3165234037552,128.689835004128,point,5,4,1.25,5,4,1.25,37,31,1.194,46.7,46.7,5,5,36,46.7,0,0,0,1030.4,0,0,1,950.5,0,0,1,950.5,0,0,1,794.4,0,0,0,10873.9,0,0,0,1030.4,33.0,5,33.0,5,178.0,34,1990.2,5,1990.2,5,13831.7,34
SC0167,경로당,senior_center,대방경로당,의창구,대산면,4812132000,,35.3426175937436,128.693940050575,point,1,1,1.0,1,1,1.0,59,41,1.439,157.6,157.6,1,1,51,157.6,0,0,1,820.6,0,0,11,559.8,0,0,1,992.0,0,0,2,929.5,0,0,0,13215.1,0,0,0,1571.0,7.0,1,7.0,1,618.0,36,295.0,1,295.0,1,83308.4,36
SC0168,경로당,senior_center,대방여성경로당,의창구,대산면,4812132000,,35.3444783567717,128.689262190959,point,0,0,,2,2,1.0,2,2,1.0,319.8,319.8,0,2,2,319.8,0,0,0,1273.0,0,0,0,1020.7,0,0,0,1464.2,0,0,0,1302.0,0,0,0,13107.3,0,0,0,1992.9,0.0,0,12.0,2,12.0,2,0.0,0,1691.6,2,1691.6,2
SC0169,경로당,senior_center,제동경로당,의창구,대산면,4812132000,,35.3340323477444,128.71329573988,point,1,1,1.0,8,7,1.143,104,79,1.316,100.4,100.4,1,3,85,100.4,0,0,12,651.4,0,3,16,368.2,0,1,7,341.4,0,2,9,368.2,0,0,0,13759.7,0,0,1,960.1,2.0,1,12.0,3,840.0,67,115.9,1,2339.6,3,87124.3,67
SC0170,경로당,senior_center,제동부인경로당,의창구,대산면,4812132000,,35.333531489827,128.712696030587,point,4,3,1.333,8,7,1.143,125,92,1.359,169.1,169.1,2,3,103,169.1,0,0,14,611.6,1,3,18,290.5,1,1,8,263.7,1,2,10,290.5,0,0,0,13682.0,0,0,1,889.4,7.0,2,12.0,3,1099.0,82,1039.9,2,2339.6,3,105263.1,82
SC0171,경로당,senior_center,중앙경로당,의창구,대산면,4812132000,,35.3349248805184,128.7103126528,point,2,2,1.0,13,11,1.182,152,117,1.299,227.7,227.7,0,8,131,310.4,0,0,16,563.7,1,3,23,243.6,0,1,7,327.8,1,2,11,227.7,0,0,0,13625.5,0,0,1,769.4,0.0,0,51.0,7,1402.0,102,0.0,0,5151.4,7,145893.4,102
SC0172,경로당,senior_center,삼봉경로당,의창구,대산면,4812132000,,35.3326517289803,128.708086167576,point,13,10,1.3,55,44,1.25,167,126,1.325,178.6,178.6,9,44,141,178.6,2,4,17,286.7,3,13,25,228.2,1,2,8,232.4,2,7,12,190.6,0,0,0,13305.6,0,1,1,464.5,66.0,8,583.0,40,1590.0,111,7028.4,8,60994.3,40,163471.7,111
SC0173,경로당,senior_center,대진경로당,의창구,대산면,4812132000,,35.325105982525,128.716343566925,point,19,11,1.727,34,23,1.478,47,35,1.343,19.6,19.6,14,28,36,19.6,1,4,4,209.6,0,1,3,327.4,4,6,7,72.3,0,0,4,758.9,0,0,0,13339.3,0,0,0,1222.9,139.0,9,298.0,21,367.0,29,5713.6,9,13229.7,21,17555.0,29
SC0174,경로당,senior_center,상포부녀경로당,의창구,대산면,4812132000,,35.3228890878059,128.71232360779,point,5,4,1.25,13,9,1.444,53,41,1.293,65.2,65.2,4,11,43,65.2,0,0,4,559.0,0,0,2,715.8,1,2,6,203.1,0,1,5,490.4,0,0,0,12899.6,0,0,1,810.8,32.0,4,157.0,10,441.0,32,1819.3,4,6123.1,10,23669.6,32
SC0175,경로당,senior_center,상등경로당,의창구,대산면,4812132000,,35.3215698638146,128.70199582817,point,11,9,1.222,22,20,1.1,62,51,1.216,88.2,88.2,10,20,58,88.2,1,1,1,279.8,0,2,2,306.1,1,3,3,279.8,3,3,5,164.3,0,0,0,12077.1,1,1,2,279.8,76.0,6,128.0,14,415.0,50,10215.8,6,15069.4,14,33771.2,50
SC0176,경로당,senior_center,고등포경로당,의창구,대산면,4812132000,,35.3164780525499,128.700017834287,point,17,14,1.214,18,15,1.2,67,55,1.218,79.4,79.4,17,18,63,79.4,0,0,1,622.0,0,0,2,638.8,0,0,3,622.0,0,0,5,622.0,0,0,0,11580.0,0,0,2,622.0,93.0,17,93.0,17,416.0,54,5949.0,17,5949.0,17,30069.9,54
SC0177,경로당,senior_center,남포경로당,의창구,대산면,4812132000,,35.3094247002328,128.709456753793,point,7,5,1.4,13,9,1.444,21,17,1.235,31.7,31.7,7,13,19,31.7,1,2,2,113.5,0,0,0,1716.4,1,2,2,113.5,0,1,3,331.9,0,0,0,11820.2,0,0,1,808.3,63.0,5,101.0,10,157.0,16,4007.2,5,5578.6,10,7763.5,16
SC0178,경로당,senior_center,우암마을경로당,의창구,대산면,4812132000,,35.3388023718671,128.726973507585,point,1,1,1.0,1,1,1.0,2,2,1.0,71.9,71.9,1,1,2,71.9,0,0,0,1496.6,0,0,0,1496.6,0,0,0,1496.6,0,0,0,1650.3,0,0,0,15046.6,0,0,0,2311.8,0.0,0,0.0,0,0.0,0,0.0,0,0.0,0,0.0,0
SC0179,경로당,senior_center,덕현경로당,의창구,대산면,4812132000,,35.3350697060088,128.728417141056,point,0,0,,2,2,1.0,3,3,1.0,404.2,404.2,0,2,3,404.2,0,0,0,1291.4,0,0,0,1291.4,0,0,0,1291.4,0,0,0,1578.4,0,0,0,14885.9,0,0,0,2315.2,0.0,0,0.0,0,5.0,1,0.0,0,0.0,0,528.0,1
SC0180,경로당,senior_center,월림경로당,의창구,대산면,4812132000,,35.3307328350933,128.731656132166,point,0,0,,1,1,1.0,4,4,1.0,441.7,441.7,0,1,4,441.7,0,0,0,1353.6,0,0,0,1353.6,0,0,0,1353.6,0,0,0,1274.4,0,0,0,14827.2,0,0,0,2561.4,0.0,0,5.0,1,5.0,1,0.0,0,528.0,1,528.0,1
SC0181,경로당,senior_center,신곡경로당,의창구,대산면,4812132000,,35.3280364998678,128.73493963311,point,0,0,,1,1,1.0,3,3,1.0,463.5,463.5,0,1,3,463.5,0,0,0,1617.3,0,0,0,1617.3,0,0,0,1617.3,0,0,0,1278.8,0,0,0,14896.2,0,0,0,2774.8,0.0,0,0.0,0,5.0,1,0.0,0,0.0,0,528.0,1
SC0182,경로당,senior_center,신곡부인경로당,의창구,대산면,4812132000,,35.327968371538,128.734688331952,point,0,0,,1,1,1.0,3,3,1.0,486.6,486.6,0,1,3,486.6,0,0,0,1594.5,0,0,0,1594.5,0,0,0,1594.5,0,0,0,1255.7,0,0,0,14873.1,0,0,0,2751.0,0.0,0,0.0,0,5.0,1,0.0,0,0.0,0,528.0,1
SC0183,경로당,senior_center,용등경로당,의창구,대산면,4812132000,,35.325917054869,128.737813557057,point,0,0,,0,0,,2,2,1.0,515.6,515.6,0,0,2,515.6,0,0,0,1892.6,0,0,0,1892.6,0,0,0,1892.6,0,0,0,1401.5,0,0,0,14980.8,0,0,0,2918.0,0.0,0,0.0,0,5.0,1,0.0,0,0.0,0,528.0,1
SC0184,경로당,senior_center,중포마을경로당,의창구,대산면,4812132000,,35.322332936011,128.722176585186,point,6,5,1.2,9,7,1.286,42,31,1.355,23.6,23.6,5,8,35,23.6,0,0,4,765.8,0,0,1,775.3,0,0,6,679.6,1,1,2,147.8,0,0,0,13582.3,0,0,0,1453.3,21.0,5,131.0,8,362.0,28,1631.8,5,5152.7,8,16295.1,28
SC0185,경로당,senior_center,동부경로당,의창구,대산면,4812132000,,35.3481822931016,128.72738921636,point,0,0,,0,0,,1,1,1.0,535.4,535.4,0,0,1,535.4,0,0,0,2064.7,0,0,0,1842.2,0,0,0,1461.3,0,0,0,1707.3,0,0,0,15764.6,0,0,0,1806.4,0.0,0,0.0,0,10.0,1,0.0,0,0.0,0,495.0,1
SC0186,경로당,senior_center,서부경로당,의창구,대산면,4812132000,,35.3481840528969,128.723106282904,point,1,1,1.0,1,1,1.0,2,2,1.0,153.5,153.5,1,1,2,153.5,0,0,0,1778.3,0,0,0,1523.7,0,0,0,1136.7,0,0,0,1478.1,0,0,0,15481.6,0,0,0,1478.1,10.0,1,10.0,1,15.0,2,495.0,1,495.0,1,1485.0,2
SC0187,경로당,senior_center,유청경로당,의창구,대산면,4812132000,,35.3430020958436,128.743881623058,point,3,3,1.0,3,3,1.0,3,3,1.0,118.7,118.7,3,3,3,118.7,0,0,0,2947.3,0,0,0,2947.3,0,0,0,2947.3,1,1,1,118.7,0,0,0,16535.5,0,0,0,3403.9,13.0,3,13.0,3,13.0,3,831.6,3,831.6,3,831.6,3
SC0188,경로당,senior_center,유등경로당,의창구,대산면,4812132000,,35.3447053672785,128.744223897157,point,2,2,1.0,3,3,1.0,3,3,1.0,28.6,28.6,2,3,3,28.6,0,0,0,3082.9,0,0,0,3082.9,0,0,0,3014.1,1,1,1,287.3,0,0,0,16676.6,0,0,0,3356.4,10.0,2,13.0,3,13.0,3,418.8,2,831.6,3,831.6,3
SC0189,경로당,senior_center,유등부인경로당,의창구,대산면,4812132000,,35.3452764992843,128.747046758796,point,1,1,1.0,3,3,1.0,3,3,1.0,280.9,280.9,1,3,3,280.9,0,0,0,3327.7,0,0,0,3327.7,0,0,0,3233.7,0,1,1,410.2,0,0,0,16917.7,0,0,0,3573.7,2.0,1,13.0,3,13.0,3,198.0,1,831.6,3,831.6,3
SC0190,경로당,senior_center,동곡경로당,의창구,대산면,4812132000,,35.3322574281156,128.735548817023,point,1,1,1.0,2,2,1.0,3,3,1.0,91.4,91.4,1,2,3,91.4,0,0,0,1738.7,0,0,0,1738.7,0,0,0,1738.7,0,0,0,1374.6,0,0,0,15212.8,0,0,0,2919.7,5.0,1,5.0,1,5.0,1,528.0,1,528.0,1,528.0,1
SC0191,경로당,senior_center,대산NHF1단지경로당,의창구,대산면,4812132000,,35.3293698109171,128.705930543685,point,19,14,1.357,45,35,1.286,170,126,1.349,93.2,93.2,19,39,143,93.2,2,3,14,197.5,0,10,21,338.8,0,0,7,506.6,1,6,15,274.1,0,0,0,12915.5,1,1,1,274.1,177.0,17,477.0,34,1659.0,113,22771.9,17,53206.4,34,150222.4,113
SC0192,경로당,senior_center,소답경로당,의창구,의창동,4812151000,,35.264197467952,128.627464477239,point,7,7,1.0,11,11,1.0,35,33,1.061,109.8,109.8,5,7,19,109.8,0,0,1,869.7,2,4,14,140.0,0,0,0,5437.0,0,1,2,400.9,0,0,0,2833.6,0,1,1,400.9,87.0,4,91.0,6,217.0,17,2239.4,4,2410.4,6,4552.0,17
SC0193,경로당,senior_center,재건경로당,의창구,의창동,4812151000,,35.2654511425966,128.622998244929,point,3,3,1.0,10,9,1.111,33,30,1.1,120.5,120.5,3,8,14,120.5,0,0,1,996.1,0,2,17,307.4,0,0,0,5505.2,0,0,2,540.6,0,0,0,2571.0,0,0,1,571.2,8.0,3,60.0,7,113.0,11,331.5,3,2574.6,7,3177.4,11
SC0194,경로당,senior_center,중동경로당,의창구,의창동,4812151000,,35.2646307446514,128.622502240152,point,4,4,1.0,15,14,1.071,37,34,1.088,161.7,161.7,3,9,15,161.7,0,0,2,906.1,1,5,19,207.9,0,0,0,5403.8,0,1,2,444.9,0,0,0,2480.5,0,0,1,516.5,8.0,3,62.0,8,125.0,12,331.5,3,2661.8,8,3400.7,12
SC0195,경로당,senior_center,북동경로당,의창구,의창동,4812151000,,35.2666718801408,128.620273243225,point,1,1,1.0,7,7,1.0,36,33,1.091,162.1,162.1,1,4,15,162.1,0,0,0,1100.2,0,3,20,358.6,0,0,0,5543.9,0,0,2,690.7,0,0,0,2468.6,0,0,1,819.5,3.0,1,10.0,4,125.0,12,58.0,1,419.5,4,3400.7,12
SC0196,경로당,senior_center,동정경로당,의창구,의창동,4812151000,,35.264491923197,128.613611122806,point,2,2,1.0,12,12,1.0,35,32,1.094,274.3,274.3,0,0,11,502.2,0,0,0,1027.7,2,12,23,274.3,0,0,0,5138.6,0,0,1,884.7,0,0,0,1875.9,0,0,0,1181.7,0.0,0,0.0,0,41.0,8,0.0,0,0.0,0,1473.1,8
SC0197,경로당,senior_center,서상경로당,의창구,의창동,4812151000,,35.2625220145064,128.619513087757,point,9,8,1.125,21,18,1.167,45,42,1.071,62.3,62.3,3,8,17,100.8,0,0,2,639.6,6,12,25,62.3,0,0,0,5087.1,0,1,2,316.3,0,0,0,2123.0,0,0,1,602.5,17.0,3,24.0,6,130.0,13,543.7,3,850.0,6,3800.5,13
SC0198,경로당,senior_center,무학아파트경로당,의창구,의창동,4812151000,,35.2634777739576,128.613746385451,point,4,4,1.0,23,21,1.095,37,34,1.088,171.5,171.5,0,6,11,405.0,0,0,1,928.5,4,17,24,171.5,0,0,0,5032.4,0,0,1,824.6,0,0,0,1798.8,0,0,0,1136.2,0.0,0,16.0,3,41.0,8,0.0,0,475.8,3,1473.1,8
SC0199,경로당,senior_center,소계경로당,의창구,의창동,4812151000,,35.259355706878,128.598497066987,point,1,1,1.0,1,1,1.0,54,17,3.176,225.2,225.2,1,1,37,225.2,0,0,5,620.4,0,0,9,771.5,0,0,0,4094.3,0,0,5,597.4,0,0,1,894.7,0,0,0,1113.1,15.0,1,15.0,1,220.0,24,474.0,1,474.0,1,12331.8,24
SC0200,경로당,senior_center,의창경로당,의창구,의창동,4812151000,,35.2667408242378,128.626210011163,point,4,4,1.0,10,10,1.0,26,24,1.083,66.6,66.6,4,8,16,66.6,0,0,0,1127.9,0,2,9,443.7,0,0,0,5309.4,0,0,2,654.8,0,0,0,2891.2,0,0,1,654.8,40.0,3,94.0,7,192.0,13,1977.2,3,2468.4,7,4169.2,13
SC0201,경로당,senior_center,동정오성아파트경로당,의창구,의창동,4812151000,,35.2630620698574,128.615951702653,point,6,6,1.0,21,18,1.167,38,35,1.086,130.2,130.2,1,7,12,241.6,0,0,1,783.1,5,14,24,130.2,0,0,0,5041.4,0,0,2,622.5,0,0,0,1907.8,0,0,1,930.4,2.0,1,31.0,5,44.0,9,87.2,1,932.3,5,1663.6,9
SC0202,경로당,senior_center,흥한웰가아파트경로당,의창구,의창동,4812151000,,35.2645549815201,128.616792179835,point,4,4,1.0,19,16,1.188,40,37,1.081,257.1,257.1,1,7,15,291.5,0,0,1,907.8,3,12,23,257.1,0,0,0,5222.0,0,0,2,651.3,0,0,0,2077.3,0,0,1,918.1,2.0,1,22.0,5,81.0,11,87.2,1,767.0,5,3450.2,11
SC0203,경로당,senior_center,대동다숲아파트경로당,의창구,의창동,4812151000,,35.2610210936584,128.619938884659,point,11,10,1.1,21,18,1.167,44,41,1.073,127.2,127.2,3,7,17,158.9,0,1,3,472.5,7,12,23,127.2,0,0,0,4945.3,1,1,2,202.8,0,0,0,2064.4,0,0,1,534.8,17.0,3,21.0,5,130.0,13,543.7,3,792.1,5,3800.5,13
SC0204,경로당,senior_center,강무경로당,의창구,의창동,4812151000,,35.2640329904466,128.61563891825,point,2,2,1.0,18,16,1.125,39,36,1.083,207.7,207.7,0,4,13,319.2,0,0,1,892.4,2,14,24,207.7,0,0,0,5136.8,0,0,2,699.9,0,0,0,1962.0,0,0,1,990.9,0.0,0,4.0,2,46.0,10,0.0,0,252.6,2,1751.6,10
SC0205,경로당,senior_center,천주경로당,의창구,의창동,4812151000,,35.2600249913056,128.596610977802,point,1,1,1.0,1,1,1.0,14,10,1.4,54.9,54.9,1,1,5,54.9,0,0,5,796.7,0,0,3,801.1,0,0,0,4124.5,0,0,1,767.8,0,0,0,1013.8,0,0,0,1212.7,15.0,1,15.0,1,19.0,3,474.0,1,474.0,1,1046.5,3
SC0206,경로당,senior_center,소답제2경로당,의창구,의창동,4812151000,,35.2629051228036,128.631083930606,point,6,5,1.2,12,11,1.091,36,34,1.059,208.4,208.4,4,7,20,209.3,0,0,3,813.3,2,5,11,208.4,0,0,0,5335.5,0,0,3,531.4,0,0,0,3061.2,0,0,1,531.4,86.0,4,130.0,5,219.0,17,768.5,4,1507.4,5,4614.9,17
SC0207,경로당,senior_center,무학서문마을아파트경로당,의창구,의창동,4812151000,,35.2621854879976,128.622694781732,point,6,5,1.2,14,13,1.077,43,39,1.103,89.9,89.9,3,6,19,114.5,0,0,3,651.6,2,7,20,89.9,0,0,0,5160.5,1,2,2,180.0,0,0,0,2346.0,0,1,1,320.0,17.0,3,25.0,6,167.0,15,539.5,3,875.2,6,4218.7,15
SC0208,경로당,senior_center,유니시티1단지아파트경로당,의창구,의창동,4812151000,,35.2547175932958,128.626231704119,point,3,3,1.0,3,3,1.0,271,93,2.914,0.0,0.0,0,0,251,706.3,3,3,14,0.0,0,0,21,599.1,0,0,0,4571.5,0,0,5,681.6,0,0,0,2371.5,0,0,1,681.6,0.0,0,0.0,0,2454.0,178,0.0,0,0.0,0,169430.5,178
SC0209,경로당,senior_center,유니시티2단지아파트경로당,의창구,의창동,4812151000,,35.2558518094659,128.627509755732,point,3,3,1.0,3,3,1.0,67,50,1.34,171.4,171.4,0,0,46,726.7,3,3,9,171.4,0,0,18,575.8,0,0,0,4739.6,0,0,2,575.8,0,0,0,2507.9,0,0,1,575.8,0.0,0,0.0,0,1107.0,38,0.0,0,0.0,0,83153.0,38
SC0210,경로당,senior_center,유니시티3단지아파트경로당,의창구,명곡동,4812153000,,35.2560183190756,128.632008043113,point,2,2,1.0,8,8,1.0,35,34,1.029,169.1,169.1,0,3,17,403.1,2,2,5,169.1,0,3,12,370.7,0,0,0,4982.3,0,0,2,778.3,0,0,0,2913.8,0,0,1,778.3,0.0,0,18.0,2,206.0,15,0.0,0,177.5,2,2776.2,15
SC0211,경로당,senior_center,유니시티4 시니어클럽경로당,의창구,명곡동,4812153000,,35.2547055381178,128.62941164714,point,2,2,1.0,4,4,1.0,192,67,2.866,0.0,0.0,0,0,168,666.1,2,4,10,0.0,0,0,23,624.3,0,0,0,4727.4,0,0,2,756.5,0,0,0,2657.8,0,0,1,756.5,0.0,0,0.0,0,1657.0,96,0.0,0,0.0,0,101537.9,96
SC0212,경로당,senior_center,의안경로당,의창구,의창동,4812151000,,35.2636581199909,128.624625986347,point,5,5,1.0,16,15,1.067,41,37,1.108,158.3,158.3,3,10,18,158.3,0,0,2,781.1,2,5,20,228.9,0,0,0,5381.2,0,2,2,329.8,0,0,0,2580.9,0,1,1,329.8,5.0,2,109.0,9,194.0,14,273.6,2,2924.9,9,4334.6,14
SC0213,경로당,senior_center,팔룡제1경로당,의창구,팔룡동,4812152000,,35.2548631913407,128.611349609265,point,1,1,1.0,17,15,1.133,399,131,3.046,279.3,279.3,0,7,346,436.6,0,1,29,436.6,1,12,63,279.3,0,0,0,4052.2,0,2,24,436.6,0,0,0,1058.7,0,1,4,436.6,0.0,0,142.0,5,4442.0,235,0.0,0,11415.9,5,331138.1,235
SC0214,경로당,senior_center,팔룡제2경로당,의창구,팔룡동,4812152000,,35.2525516917422,128.6143809066,point,1,1,1.0,31,13,2.385,512,188,2.723,203.8,203.8,0,28,457,369.1,0,3,35,397.1,0,2,78,414.9,0,0,0,3887.7,1,3,31,203.8,0,0,0,1270.8,0,0,7,578.7,0.0,0,1080.0,24,6642.0,328,0.0,0,82286.0,24,507245.3,328
SC0215,경로당,senior_center,구슬비경로당,의창구,팔룡동,4812152000,,35.2599355313248,128.614224541336,point,15,13,1.154,22,20,1.1,43,39,1.103,55.7,55.7,6,7,11,55.7,0,0,2,620.1,9,15,29,111.7,0,0,0,4664.2,0,0,1,722.5,0,0,0,1564.9,0,0,0,1044.2,19.0,3,21.0,4,41.0,8,788.4,3,875.6,4,1473.1,8
SC0216,경로당,senior_center,대동중앙(아)경로당,의창구,팔룡동,4812152000,,35.254760041145,128.615225876439,point,0,0,,3,3,1.0,401,150,2.673,448.7,448.7,0,1,346,448.7,0,1,27,474.8,0,0,66,510.9,0,0,0,4144.4,0,1,22,460.1,0,0,0,1391.0,0,0,5,720.7,0.0,0,5.0,1,5058.0,239,0.0,0,399.8,1,389079.9,239
SC0217,경로당,senior_center,극동아파트경로당,의창구,팔룡동,4812152000,,35.2546643402138,128.614009693406,point,0,0,,2,2,1.0,434,153,2.837,424.4,424.4,0,1,375,446.2,0,0,34,555.3,0,0,72,514.4,0,0,0,4098.9,0,1,26,424.4,0,0,0,1281.5,0,0,5,617.1,0.0,0,5.0,1,5004.0,259,0.0,0,399.8,1,379738.8,259
SC0218,경로당,senior_center,차룡대동(아)경로당,의창구,팔룡동,4812152000,,35.2537158357236,128.615796250708,point,0,0,,5,5,1.0,438,168,2.607,379.3,379.3,0,1,379,493.2,0,2,30,422.4,0,1,71,418.0,0,0,0,4053.3,0,1,27,379.3,0,0,0,1416.1,0,0,7,729.6,0.0,0,27.0,1,5815.0,267,0.0,0,1164.0,1,448644.9,267
SC0219,경로당,senior_center,원풍벽산A단지경로당,의창구,팔룡동,4812152000,,35.2537803694922,128.617798682679,point,2,2,1.0,11,9,1.222,375,144,2.604,253.5,253.5,0,8,329,431.4,1,2,24,293.4,1,1,56,253.5,0,0,0,4127.6,0,0,18,507.7,0,0,0,1597.0,0,0,6,802.0,0.0,0,272.0,8,4593.0,231,0.0,0,14793.0,8,399490.4,231
SC0220,경로당,senior_center,원풍벽산B단지경로당,의창구,팔룡동,4812152000,,35.2532189975817,128.617940132864,point,2,2,1.0,27,17,1.588,397,152,2.612,215.3,215.3,0,23,352,372.6,1,2,26,236.8,1,2,56,215.3,0,0,0,4075.4,0,1,20,481.2,0,0,0,1600.9,0,0,6,738.9,0.0,0,508.0,22,5094.0,248,0.0,0,23541.5,22,436324.0,248
SC0221,경로당,senior_center,원풍벽산C단지경로당,의창구,팔룡동,4812152000,,35.2586122243799,128.6123014055,point,8,8,1.0,19,17,1.118,123,67,1.836,119.8,119.8,3,6,79,158.5,0,0,15,647.8,5,13,43,119.8,0,0,0,4476.7,0,0,11,829.1,0,0,0,1336.8,0,0,2,829.1,17.0,2,19.0,3,1145.0,61,623.0,2,788.4,3,71591.6,61
SC0222,경로당,senior_center,힐스테이트아티움시티경로당,의창구,팔룡동,4812152000,,35.2359730407647,128.641920500113,point,9,7,1.286,71,13,5.462,181,88,2.057,136.6,136.6,0,55,111,333.0,2,4,29,264.6,4,17,46,136.6,0,0,0,4220.4,5,7,17,164.6,0,0,0,3609.9,3,3,5,164.6,0.0,0,397.0,45,1083.0,84,0.0,0,30131.7,45,74074.8,84
SC0223,경로당,senior_center,명곡경로당,의창구,명곡동,4812153000,,35.2539403841184,128.63992461167,point,8,8,1.0,11,11,1.0,28,27,1.037,138.1,138.1,5,6,15,141.2,1,1,3,284.6,2,4,9,138.1,0,0,0,5264.3,0,0,1,836.8,0,0,0,3600.8,0,0,0,1330.8,47.0,5,47.0,5,130.0,13,736.0,5,736.0,5,2069.6,13
SC0224,경로당,senior_center,낙원경로당,의창구,명곡동,4812153000,,35.2592540871716,128.640455357101,point,3,3,1.0,13,13,1.0,28,27,1.037,245.4,245.4,1,8,15,258.8,0,0,2,703.8,1,4,10,288.4,0,0,0,5210.4,1,1,1,245.4,0,0,0,3739.8,0,0,0,1344.7,4.0,1,29.0,7,157.0,13,150.0,1,824.1,7,2425.9,13
SC0225,경로당,senior_center,안골경로당,의창구,명곡동,4812153000,,35.2636103735731,128.64212492102,point,1,1,1.0,3,3,1.0,23,22,1.045,280.1,280.1,0,1,13,484.3,0,0,0,1135.8,0,1,9,390.0,0,0,0,4712.9,1,1,1,280.1,0,0,0,4023.0,0,0,0,1516.2,0.0,0,1.0,1,125.0,11,0.0,0,127.4,1,2059.2,11
SC0226,경로당,senior_center,도계경로당,의창구,명곡동,4812153000,,35.2621058040272,128.638554676412,point,4,4,1.0,10,10,1.0,30,29,1.034,129.4,129.4,3,6,16,129.4,0,0,2,806.6,0,3,11,348.6,0,0,0,5020.7,1,1,1,191.1,0,0,0,3661.2,0,0,0,1168.3,11.0,3,58.0,5,185.0,14,355.4,3,1193.8,5,2538.1,14
SC0227,경로당,senior_center,새동네경로당,의창구,명곡동,4812153000,,35.2580198983045,128.634026903097,point,6,6,1.0,15,14,1.071,35,34,1.029,110.3,110.3,2,9,17,119.4,1,1,5,231.3,3,5,12,110.3,0,0,0,5269.9,0,0,2,702.7,0,0,0,3138.9,0,0,1,811.1,18.0,2,109.0,7,206.0,15,177.5,2,1562.6,7,2776.2,15
SC0228,경로당,senior_center,도계휴먼시아경로당,의창구,명곡동,4812153000,,35.254609239865,128.635052955641,point,3,3,1.0,15,15,1.0,30,29,1.034,183.1,183.1,1,7,15,237.1,2,2,5,183.1,0,6,9,397.7,0,0,0,5026.6,0,0,1,908.4,0,0,0,3166.1,0,0,0,1089.7,0.0,0,54.0,6,157.0,13,0.0,0,784.8,6,2425.9,13
SC0229,경로당,senior_center,명서2경로당,의창구,명곡동,4812153000,,35.2471464925595,128.640013305846,point,0,0,,0,0,,49,35,1.4,584.2,584.2,0,0,30,584.2,0,0,9,730.8,0,0,11,626.4,0,0,0,4752.1,0,0,4,833.4,0,0,0,3630.2,0,0,1,844.3,0.0,0,0.0,0,340.0,24,0.0,0,0.0,0,17324.4,24
SC0230,경로당,senior_center,명서주민복지회관경로당,의창구,명곡동,4812153000,,35.2431403772376,128.642113114862,point,0,0,,0,0,,129,52,2.481,527.3,527.3,0,0,93,639.4,0,0,6,689.3,0,0,36,612.2,0,0,0,4634.7,0,0,11,527.3,0,0,0,3900.6,0,0,3,689.3,0.0,0,0.0,0,951.0,76,0.0,0,0.0,0,58582.2,76
SC0231,경로당,senior_center,명서1경로당,의창구,명곡동,4812153000,,35.2415949855779,128.64832845978,point,11,11,1.0,13,13,1.0,80,25,3.2,57.9,57.9,0,0,51,788.6,0,0,6,593.5,10,12,27,57.9,0,0,0,5025.8,1,1,10,196.9,0,0,0,4460.5,0,0,5,593.5,0.0,0,0.0,0,361.0,41,0.0,0,0.0,0,26291.6,41
SC0232,경로당,senior_center,명지경로당,의창구,명곡동,4812153000,,35.2459408211085,128.648628674348,point,2,2,1.0,7,6,1.167,18,16,1.125,238.0,238.0,0,2,2,357.7,0,0,3,872.8,1,4,12,238.0,0,0,0,5300.3,1,1,3,296.8,0,0,0,4425.4,0,0,2,872.8,0.0,0,10.0,2,10.0,2,0.0,0,61.9,2,61.9,2
SC0233,경로당,senior_center,서곡경로당,의창구,명곡동,4812153000,,35.2495577327737,128.650093211824,point,0,0,,2,1,2.0,12,11,1.091,372.1,372.1,0,2,3,372.1,0,0,0,1165.8,0,0,8,545.4,0,0,0,5276.7,0,0,1,718.9,0,0,0,4521.0,0,0,0,1165.8,0.0,0,10.0,2,21.0,3,0.0,0,61.9,2,190.5,3
SC0234,경로당,senior_center,두산위브경로당,의창구,명곡동,4812153000,,35.2531379615303,128.643057908581,point,1,1,1.0,6,6,1.0,18,17,1.059,182.4,182.4,1,4,10,182.4,0,0,2,558.6,0,2,5,334.5,0,0,0,5402.7,0,0,1,952.9,0,0,0,3880.0,0,0,0,1450.8,11.0,1,44.0,4,64.0,9,128.7,1,681.4,4,1047.3,9
SC0235,경로당,senior_center,상강한주맨션경로당,의창구,명곡동,4812153000,,35.2591223583993,128.640300304419,point,5,5,1.0,13,13,1.0,28,27,1.037,252.8,252.8,1,8,15,252.8,0,0,2,684.2,3,4,10,270.8,0,0,0,5229.9,1,1,1,260.7,0,0,0,3722.8,0,0,0,1332.8,4.0,1,29.0,7,157.0,13,150.0,1,824.1,7,2425.9,13
SC0236,경로당,senior_center,동부 경로당,의창구,봉림동,4812154000,,35.2465399677255,128.674047500184,point,0,0,,2,2,1.0,12,12,1.0,394.6,394.6,0,0,1,781.8,0,0,3,880.8,0,1,6,439.7,0,0,0,4107.5,0,1,2,394.6,0,0,0,6666.8,0,1,2,394.6,0.0,0,0.0,0,0.0,0,0.0,0,0.0,0,0.0,0
SC0237,경로당,senior_center,봉곡 경로당,의창구,봉림동,4812154000,,35.2483485178313,128.664747529244,point,0,0,,2,2,1.0,9,9,1.0,419.3,419.3,0,1,1,419.3,0,0,1,692.7,0,0,3,602.2,0,0,0,4414.6,0,1,4,460.1,0,0,0,5860.3,0,1,3,460.1,0.0,0,0.0,0,0.0,0,0.0,0,0.0,0,0.0,0
SC0238,경로당,senior_center,봉곡복지경로당,의창구,봉림동,4812154000,,35.2447096583489,128.65522333717,point,0,0,,2,2,1.0,26,24,1.083,317.2,317.2,0,0,2,920.7,0,0,5,564.5,0,2,15,317.2,0,0,0,5293.1,0,0,6,564.5,0,0,0,5039.2,0,0,4,564.5,0.0,0,0.0,0,10.0,2,0.0,0,0.0,0,61.9,2
SC0239,경로당,senior_center,봉덕 경로당,의창구,봉림동,4812154000,,35.2472765144315,128.667875711575,point,0,0,,3,3,1.0,11,11,1.0,317.1,317.1,0,1,1,442.9,0,0,1,721.2,0,0,5,518.8,0,0,0,4335.9,0,2,4,317.1,0,0,0,6152.5,0,2,3,317.1,0.0,0,0.0,0,0.0,0,0.0,0,0.0,0,0.0,0
SC0240,경로당,senior_center,봉촌 경로당,의창구,봉림동,4812154000,,35.2480054291739,128.656012997468,point,0,0,,0,0,,11,9,1.222,568.7,568.7,0,0,2,893.2,0,0,3,936.8,0,0,5,568.7,0,0,0,4983.6,0,0,3,902.3,0,0,0,5069.5,0,0,2,936.8,0.0,0,0.0,0,10.0,2,0.0,0,0.0,0,61.9,2
SC0241,경로당,senior_center,사림제1경로당,의창구,봉림동,4812154000,,35.2442035819518,128.682829483045,point,5,5,1.0,7,7,1.0,15,15,1.0,122.6,122.6,0,1,1,441.3,0,0,2,810.0,5,6,11,122.6,0,0,0,4040.5,0,0,1,796.2,0,0,0,7235.0,0,0,0,1108.6,0.0,0,9.0,1,9.0,1,0.0,0,86.4,1,86.4,1
SC0242,경로당,senior_center,사림제2경로당,의창구,봉림동,4812154000,,35.245205547363,128.678184163258,point,1,1,1.0,1,1,1.0,15,15,1.0,218.1,218.1,0,0,1,750.4,0,0,2,711.6,1,1,10,218.1,0,0,0,4078.4,0,0,2,787.9,0,0,0,6914.8,0,0,1,787.9,0.0,0,0.0,0,9.0,1,0.0,0,0.0,0,86.4,1
SC0243,경로당,senior_center,연덕 경로당,의창구,봉림동,4812154000,,35.2478860001301,128.666457051308,point,0,0,,3,3,1.0,10,10,1.0,391.0,391.0,0,1,1,391.0,0,0,1,678.4,0,0,4,525.8,0,0,0,4358.2,0,2,4,405.5,0,0,0,6018.9,0,2,3,405.5,0.0,0,0.0,0,0.0,0,0.0,0,0.0,0,0.0,0
SC0244,경로당,senior_center,웅남 경로당,의창구,봉림동,4812154000,,35.2475384054117,128.681166036463,point,1,1,1.0,3,3,1.0,9,9,1.0,218.3,218.3,0,1,1,449.0,0,0,0,1040.2,1,1,6,218.3,0,0,0,3737.6,0,1,2,491.7,0,0,0,7279.0,0,0,1,957.9,0.0,0,9.0,1,9.0,1,0.0,0,86.4,1,86.4,1
SC0245,경로당,senior_center,정병산 경로당,의창구,봉림동,4812154000,,35.238718801246,128.688423811624,point,0,0,,5,5,1.0,35,20,1.75,386.1,386.1,0,0,13,820.3,0,0,4,603.9,0,5,15,386.1,0,0,0,4526.8,0,0,6,529.0,0,0,0,7453.0,0,0,4,937.3,0.0,0,0.0,0,297.0,10,0.0,0,0.0,0,1859.6,10
SC0246,경로당,senior_center,지귀 경로당,의창구,봉림동,4812154000,,35.2454587884656,128.661165341431,point,0,0,,0,0,,16,15,1.067,579.4,579.4,0,0,1,875.5,0,0,5,869.0,0,0,5,579.4,0,0,0,4869.6,0,0,7,623.0,0,0,0,5564.1,0,0,6,623.0,0.0,0,0.0,0,0.0,0,0.0,0,0.0,0,0.0,0
SC0247,경로당,senior_center,코오롱아파트경로당,의창구,봉림동,4812154000,,35.2482025738101,128.656582239947,point,0,0,,0,0,,11,9,1.222,620.3,620.3,0,0,2,943.9,0,0,3,967.7,0,0,5,620.3,0,0,0,4931.1,0,0,3,957.4,0,0,0,5119.6,0,0,2,967.7,0.0,0,0.0,0,10.0,2,0.0,0,0.0,0,61.9,2
SC0248,경로당,senior_center,피닉스포레경로당,의창구,봉림동,4812154000,,35.2520041163671,128.666659782885,point,3,3,1.0,4,4,1.0,6,6,1.0,123.8,123.8,1,1,1,123.8,1,1,1,259.8,0,1,1,311.3,0,0,0,3992.5,1,1,3,191.8,0,0,0,6024.4,1,1,3,191.8,0.0,0,0.0,0,0.0,0,0.0,0,0.0,0,0.0,0
SC0249,경로당,senior_center,휴먼시아1단지경로당,의창구,봉림동,4812154000,,35.2539878206795,128.670629942278,point,2,2,1.0,4,4,1.0,6,6,1.0,190.2,190.2,0,1,1,404.5,1,1,1,190.2,1,1,1,270.4,0,0,0,3591.1,0,1,3,371.6,0,0,0,6391.6,0,1,3,371.6,0.0,0,0.0,0,0.0,0,0.0,0,0.0,0,0.0,0
SC0250,경로당,senior_center,휴먼시아2단지경로당,의창구,봉림동,4812154000,,35.2514094216386,128.666534117493,point,2,2,1.0,5,5,1.0,5,5,1.0,105.3,105.3,1,1,1,105.3,0,1,1,318.6,0,1,1,320.2,0,0,0,4049.8,1,2,2,180.0,0,0,0,6012.7,1,2,2,180.0,0.0,0,0.0,0,0.0,0,0.0,0,0.0,0,0.0,0
SC0251,경로당,senior_center,까치1차A 경로당,성산구,반송동,4812351000,,35.2441220317327,128.667283465508,point,0,0,,0,0,,11,11,1.0,517.8,517.8,0,0,2,793.4,0,0,0,1013.4,0,0,5,579.6,0,0,0,4655.0,0,0,4,517.8,0,0,0,6003.4,0,0,3,614.9,0.0,0,0.0,0,5.0,1,0.0,0,0.0,0,22.4,1
SC0252,경로당,senior_center,까치2차A 경로당,성산구,반송동,4812351000,,35.2453543166513,128.666737003802,point,0,0,,0,0,,10,10,1.0,535.5,535.5,0,0,1,661.4,0,0,1,946.5,0,0,4,660.7,0,0,0,4570.0,0,0,4,535.5,0,0,0,6037.9,0,0,3,535.5,0.0,0,0.0,0,0.0,0,0.0,0,0.0,0,0.0,0
SC0253,경로당,senior_center,노블파크A 경로당,성산구,반송동,4812351000,,35.2379828949569,128.666036142901,point,1,1,1.0,9,6,1.5,54,17,3.176,280.5,280.5,0,0,35,504.1,0,3,11,456.8,0,3,4,353.2,0,0,0,5293.3,1,3,5,280.5,0,0,0,5559.9,0,1,3,385.4,0.0,0,0.0,0,45.0,18,0.0,0,0.0,0,906.1,18
SC0254,경로당,senior_center,대동A 경로당,성산구,반송동,4812351000,,35.2449735142223,128.669890095621,point,0,0,,1,1,1.0,13,13,1.0,439.5,439.5,0,0,1,726.6,0,0,3,915.4,0,0,5,735.5,0,0,0,4447.6,0,1,4,439.5,0,0,0,6254.0,0,1,3,439.5,0.0,0,0.0,0,0.0,0,0.0,0,0.0,0,0.0,0
SC0255,경로당,senior_center,럭키A 경로당,성산구,반송동,4812351000,,35.2387919361731,128.668925537975,point,0,0,,3,3,1.0,16,13,1.231,378.7,378.7,0,1,1,378.7,0,0,7,588.6,0,1,4,394.8,0,0,0,5085.7,0,1,4,439.3,0,0,0,5834.6,0,0,2,594.1,0.0,0,5.0,1,5.0,1,0.0,0,22.4,1,22.4,1
SC0256,경로당,senior_center,반지경로당,성산구,반송동,4812351000,,35.2417113030377,128.659834719813,point,0,0,,8,8,1.0,56,18,3.111,300.5,300.5,0,0,34,957.2,0,3,9,454.7,0,3,9,300.5,0,0,0,5269.1,0,2,7,314.9,0,0,0,5291.1,0,1,5,314.9,0.0,0,0.0,0,40.0,17,0.0,0,0.0,0,883.7,17
SC0257,경로당,senior_center,반지제2경로당,성산구,반송동,4812351000,,35.2385106937103,128.662560164808,point,5,5,1.0,7,7,1.0,54,16,3.375,107.1,107.1,0,0,35,638.3,0,1,11,368.4,3,3,4,107.1,0,0,0,5411.7,2,3,7,161.1,0,0,0,5311.0,1,2,5,161.1,0.0,0,0.0,0,45.0,18,0.0,0,0.0,0,906.1,18
SC0258,경로당,senior_center,반지제3경로당,성산구,반송동,4812351000,,35.2426524719293,128.663140704053,point,2,2,1.0,5,5,1.0,16,12,1.333,253.3,253.3,0,0,0,1038.3,0,0,8,684.5,2,3,3,253.3,0,0,0,5004.3,0,2,7,303.2,0,0,0,5598.7,0,1,5,303.2,0.0,0,0.0,0,0.0,0,0.0,0,0.0,0,0.0,0
SC0259,경로당,senior_center,반지제4경로당,성산구,반송동,4812351000,,35.2419278325795,128.656555654713,point,0,0,,4,3,1.333,24,23,1.043,314.9,314.9,0,0,0,1035.6,0,4,5,314.9,0,0,15,503.7,0,0,0,5440.0,0,2,6,318.1,0,0,0,5062.7,0,2,4,318.1,0.0,0,0.0,0,0.0,0,0.0,0,0.0,0,0.0,0
SC0260,경로당,senior_center,트리비앙A 경로당,성산구,반송동,4812351000,,35.2333268971177,128.673698712421,point,0,0,,2,2,1.0,26,21,1.238,355.0,355.0,0,1,11,374.2,0,0,10,512.3,0,1,3,355.0,0,0,0,4670.9,0,0,5,612.6,0,0,0,5987.3,0,0,3,612.6,0.0,0,5.0,1,35.0,8,0.0,0,22.4,1,696.2,8
SC0261,경로당,senior_center,현대건설A 경로당,성산구,반송동,4812351000,,35.2377597370357,128.67526711791,point,2,2,1.0,4,4,1.0,14,14,1.0,0.0,0.0,0,1,2,456.3,2,2,3,0.0,0,1,9,441.4,0,0,0,4943.7,0,0,0,1025.2,0,0,0,6305.3,0,0,0,1025.2,0.0,0,5.0,1,5.0,1,0.0,0,22.4,1,22.4,1
SC0262,경로당,senior_center,현대산업A 경로당,성산구,반송동,4812351000,,35.2389088714804,128.676705701823,point,2,2,1.0,2,2,1.0,15,15,1.0,0.0,0.0,0,0,1,634.4,2,2,2,0.0,0,0,12,620.7,0,0,0,4777.1,0,0,0,1130.4,0,0,0,6477.2,0,0,0,1136.9,0.0,0,0.0,0,5.0,1,0.0,0,0.0,0,22.4,1
SC0263,경로당,senior_center,내동아파트경로당,성산구,중앙동,4812352000,,35.2220916565418,128.661041009758,point,0,0,,22,3,7.333,49,21,2.333,402.7,402.7,0,19,34,402.7,0,0,6,541.0,0,10,16,402.7,0,0,0,4238.7,0,1,10,424.6,0,0,0,4539.4,0,1,4,424.6,0.0,0,514.0,16,3472.0,27,0.0,0,41726.8,16,257124.1,27
SC0264,경로당,senior_center,내동그라미아파트경로당,성산구,중앙동,4812352000,,35.2179656303927,128.668370077255,point,4,4,1.0,16,11,1.455,48,34,1.412,48.1,48.1,3,13,35,48.1,0,4,8,336.6,1,5,12,127.7,0,0,0,3451.7,1,3,14,117.9,0,0,0,5143.7,0,1,7,336.6,230.0,1,613.0,11,8217.0,31,18128.3,1,59633.1,11,567620.0,31
SC0265,경로당,senior_center,대호타워아파트경로당,성산구,중앙동,4812352000,,35.2173585920754,128.677873657011,point,2,2,1.0,7,7,1.0,55,37,1.486,87.1,87.1,0,2,31,322.9,1,2,17,87.1,1,3,14,246.2,0,0,0,2903.2,1,1,9,246.2,0,0,0,6003.5,1,1,7,246.2,0.0,0,9.0,2,1564.0,25,0.0,0,180.2,2,233669.8,25
SC0266,경로당,senior_center,동성샛별아파트경로당,성산구,중앙동,4812352000,,35.2190934605548,128.666443838457,point,2,2,1.0,9,8,1.125,62,29,2.138,195.6,195.6,2,6,48,195.6,0,2,8,396.2,0,3,21,339.0,0,0,0,3661.2,1,5,11,195.6,0,0,0,4979.7,0,1,5,479.7,230.0,1,1670.0,4,3376.0,40,18128.3,1,141222.8,4,297174.3,40
SC0267,경로당,senior_center,외동경로당,성산구,중앙동,4812352000,,35.2201826117151,128.672831200513,point,4,4,1.0,9,9,1.0,53,43,1.233,130.1,130.1,2,5,31,239.0,1,2,16,143.9,2,3,12,130.1,0,0,0,3406.7,1,1,14,143.9,0,0,0,5570.9,1,1,9,143.9,9.0,2,9.0,2,2150.0,26,180.2,2,180.2,2,178912.1,26
SC0268,경로당,senior_center,외동월드메르디앙경로당,성산구,중앙동,4812352000,,35.2134609469964,128.676218271373,point,1,1,1.0,2,2,1.0,72,42,1.714,233.6,233.6,0,1,50,342.2,0,1,15,342.2,1,2,18,233.6,0,0,0,2616.2,1,2,17,233.6,0,0,0,5662.4,1,1,9,233.6,0.0,0,180.0,1,8312.0,42,0.0,0,14408.7,1,667591.5,42
SC0269,경로당,senior_center,장수경로당,성산구,중앙동,4812352000,,35.2297759716089,128.674111455365,point,2,2,1.0,6,6,1.0,34,29,1.172,147.3,147.3,2,4,12,147.3,0,1,14,462.8,0,0,4,628.7,0,0,0,4293.2,0,1,9,316.9,0,0,0,5898.3,0,1,7,316.9,5.0,1,16.0,3,35.0,8,115.6,1,296.4,3,696.2,8
SC0270,경로당,senior_center,중앙경로당,성산구,중앙동,4812352000,,35.2265222932752,128.676735243405,point,10,9,1.111,21,19,1.105,40,38,1.053,52.9,52.9,9,11,16,52.9,0,7,15,314.7,0,1,7,460.0,0,0,0,3867.3,1,5,9,245.0,0,0,0,6038.5,1,4,8,245.0,25.0,6,30.0,7,45.0,11,558.2,6,673.8,7,974.3,11
SC0271,경로당,senior_center,중앙제1경로당,성산구,중앙동,4812352000,,35.225799623564,128.677520813534,point,13,12,1.083,23,21,1.095,39,37,1.054,81.0,81.0,8,11,16,81.0,4,9,15,249.5,0,1,7,443.9,0,0,0,3766.0,3,6,8,243.9,0,0,0,6091.5,3,5,7,243.9,25.0,6,30.0,7,45.0,11,558.2,6,673.8,7,974.3,11
SC0272,경로당,senior_center,송죽경로당,성산구,중앙동,4812352000,,35.2229909009032,128.674376110826,point,3,3,1.0,10,10,1.0,42,40,1.05,201.3,201.3,2,7,19,201.3,0,2,14,479.0,1,2,9,241.1,0,0,0,3604.6,0,1,12,479.0,0,0,0,5752.9,0,1,9,479.0,3.0,1,23.0,5,452.0,12,104.8,1,465.8,5,33428.0,12
SC0273,경로당,senior_center,내동월드메르디앙아파트경로당,성산구,중앙동,4812352000,,35.2244231706524,128.656645093481,point,23,5,4.6,26,6,4.333,153,26,5.885,67.0,67.0,18,20,132,83.9,1,1,13,67.0,11,12,23,67.0,0,0,0,4703.1,2,2,14,164.2,0,0,0,4206.0,2,2,6,164.2,925.0,16,1318.0,17,4024.0,74,52063.8,16,86523.0,17,385325.5,74
SC0274,경로당,senior_center,상남꿈에그린아파트경로당,성산구,중앙동,4812352000,,35.2145417899384,128.681110778944,point,0,0,,4,4,1.0,43,25,1.72,312.1,312.1,0,0,23,648.3,0,1,15,479.6,0,3,13,312.1,0,0,0,2490.6,0,1,8,312.1,0,0,0,5899.9,0,1,6,312.1,0.0,0,0.0,0,1963.0,20,0.0,0,0.0,0,264059.3,20
SC0275,경로당,senior_center,대원경로당,성산구,중앙동,4812352000,,35.2325785531028,128.650197811088,point,0,0,,7,5,1.4,72,34,2.118,303.3,303.3,0,0,35,681.3,0,2,15,458.6,0,3,20,326.4,0,0,0,4783.8,0,2,11,303.3,0,0,0,4007.1,0,1,8,447.3,0.0,0,0.0,0,40.0,17,0.0,0,0.0,0,883.7,17
SC0276,경로당,senior_center,대원파크빌 경로당,성산구,중앙동,4812352000,,35.2251890080364,128.655757644425,point,21,4,5.25,24,6,4.0,186,26,7.154,60.7,60.7,17,19,164,200.1,1,2,13,68.9,11,12,22,60.7,0,0,0,4820.4,1,3,13,257.6,0,0,0,4151.2,1,2,7,257.6,121.0,15,925.0,16,2703.0,89,7267.6,15,52063.8,16,277171.0,89
SC0277,경로당,senior_center,대동1차(아)경로당,성산구,중앙동,4812352000,,35.2258602623483,128.653461988768,point,3,3,1.0,30,9,3.333,147,23,6.391,266.0,266.0,1,22,128,271.7,2,4,11,266.0,3,13,22,266.0,0,0,0,4907.3,1,4,10,271.7,0,0,0,3973.9,0,3,5,369.0,0.0,0,1188.0,18,2609.0,70,0.0,0,117376.1,18,271257.2,70
SC0278,경로당,senior_center,대동2차(아)경로당,성산구,중앙동,4812352000,,35.2265396952593,128.653468526704,point,1,1,1.0,31,11,2.818,85,23,3.696,264.6,264.6,1,19,64,264.6,1,5,10,264.6,1,16,20,264.6,0,0,0,4919.2,1,4,10,264.6,0,0,0,3998.8,0,2,6,442.4,0.0,0,925.0,16,2267.0,40,0.0,0,52063.8,16,240468.6,40
SC0279,경로당,senior_center,The City7 자이 경로당,성산구,중앙동,4812352000,,35.2398046336503,128.653017833382,point,3,2,1.5,14,13,1.077,61,26,2.346,127.6,127.6,0,0,34,992.0,3,4,7,127.6,0,10,17,365.5,0,0,0,5315.6,2,2,8,127.6,0,0,0,4663.6,2,2,6,127.6,0.0,0,0.0,0,40.0,17,0.0,0,0.0,0,883.7,17
SC0280,경로당,senior_center,대원포레나경로당,성산구,중앙동,4812352000,,35.2354006955219,128.648090955819,point,0,0,,5,4,1.25,97,41,2.366,386.7,386.7,0,0,49,861.7,0,2,15,386.7,0,2,35,386.7,0,0,0,4709.2,0,3,13,386.7,0,0,0,4013.4,0,2,7,386.7,0.0,0,0.0,0,351.0,39,0.0,0,0.0,0,26229.7,39
SC0281,경로당,senior_center,용호경로당,성산구,용지동,4812351500,,35.2392214959044,128.682594828331,point,5,5,1.0,9,9,1.0,19,18,1.056,174.5,174.5,0,0,3,935.9,0,0,2,537.3,5,9,13,174.5,0,0,0,4578.5,0,0,1,868.5,0,0,0,6981.8,0,0,0,1264.8,0.0,0,0.0,0,277.0,2,0.0,0,0.0,0,1544.7,2
SC0282,경로당,senior_center,용지경로당,성산구,용지동,4812351500,,35.2360355567688,128.684509055741,point,6,6,1.0,6,6,1.0,25,23,1.087,177.6,177.6,0,0,2,601.2,0,0,8,631.3,6,6,14,177.6,0,0,0,4692.0,0,0,3,527.4,0,0,0,7015.0,0,0,0,1046.4,0.0,0,0.0,0,268.0,1,0.0,0,0.0,0,1458.3,1
SC0283,경로당,senior_center,일동아파트 1단지 경로당,성산구,용지동,4812351500,,35.236192895543,128.678803393314,point,0,0,,5,5,1.0,24,22,1.091,356.8,356.8,0,0,5,723.3,0,2,5,356.8,0,3,13,451.1,0,0,0,4822.0,0,0,2,844.9,0,0,0,6535.0,0,0,1,844.9,0.0,0,0.0,0,278.0,3,0.0,0,0.0,0,1596.3,3
SC0284,경로당,senior_center,일동아파트 2단지 경로당,성산구,용지동,4812351500,,35.236192895543,128.678803393314,point,0,0,,5,5,1.0,24,22,1.091,356.8,356.8,0,0,5,723.3,0,2,5,356.8,0,3,13,451.1,0,0,0,4822.0,0,0,2,844.9,0,0,0,6535.0,0,0,1,844.9,0.0,0,0.0,0,278.0,3,0.0,0,0.0,0,1596.3,3
SC0285,경로당,senior_center,무학아파트 1단지 경로당,성산구,용지동,4812351500,,35.2350098974013,128.678807680842,point,0,0,,2,2,1.0,30,27,1.111,443.9,443.9,0,0,11,676.7,0,2,8,443.9,0,0,10,511.3,0,0,0,4695.5,0,0,4,715.7,0,0,0,6488.4,0,0,2,715.7,0.0,0,0.0,0,300.0,8,0.0,0,0.0,0,2049.7,8
SC0286,경로당,senior_center,무학아파트 2단지 경로당,성산구,용지동,4812351500,,35.2350098974013,128.678807680842,point,0,0,,2,2,1.0,30,27,1.111,443.9,443.9,0,0,11,676.7,0,2,8,443.9,0,0,10,511.3,0,0,0,4695.5,0,0,4,715.7,0,0,0,6488.4,0,0,2,715.7,0.0,0,0.0,0,300.0,8,0.0,0,0.0,0,2049.7,8
SC0287,경로당,senior_center,롯데아파트경로당,성산구,용지동,4812351500,,35.2333587307219,128.684821995255,point,1,1,1.0,11,10,1.1,35,32,1.094,108.3,108.3,0,2,8,352.2,0,3,10,419.0,1,5,15,108.3,0,0,0,4394.3,0,2,6,419.0,0,0,0,6947.2,0,0,3,858.0,0.0,0,268.0,1,283.0,5,0.0,0,1458.3,1,1748.4,5
SC0288,경로당,senior_center,신월제1경로당,성산구,용지동,4812351500,,35.2288032943047,128.690589949109,point,7,7,1.0,12,11,1.091,31,28,1.107,149.4,149.4,1,3,5,149.4,0,2,11,350.5,6,7,13,158.3,0,0,0,3831.4,0,1,7,350.5,0,0,0,7325.0,0,0,3,925.0,4.0,1,272.0,2,275.0,3,17.5,1,1475.8,2,1559.1,3
SC0289,경로당,senior_center,신월제2경로당,성산구,용지동,4812351500,,35.2272911371507,128.69570484585,point,0,0,,9,9,1.0,22,21,1.048,308.9,308.9,0,1,4,352.8,0,0,5,633.2,0,7,11,308.9,0,0,0,3665.4,0,1,4,386.0,0,0,0,7676.5,0,0,1,896.5,0.0,0,4.0,1,275.0,3,0.0,0,17.5,1,1559.1,3
SC0290,경로당,senior_center,신월은아아파트 경로당,성산구,용지동,4812351500,,35.2260601753461,128.687554662819,point,0,0,,12,12,1.0,46,42,1.095,312.9,312.9,0,3,12,358.2,0,2,17,371.2,0,7,13,312.9,0,0,0,3555.5,0,0,10,546.1,0,0,0,6993.7,0,0,6,546.1,0.0,0,7.0,2,295.0,8,0.0,0,100.8,2,1935.7,8
SC0291,경로당,senior_center,용지아이파크경로당,성산구,용지동,4812351500,,35.2292892131235,128.678406313762,point,9,7,1.286,16,14,1.143,39,36,1.083,87.3,87.3,5,9,17,159.3,2,5,16,87.3,1,1,4,279.1,0,0,0,4100.7,2,4,8,119.8,0,0,0,6259.8,1,3,6,119.8,14.0,3,27.0,6,309.0,11,293.8,3,569.0,6,2274.8,11
SC0292,경로당,senior_center,용지더샵레이크파크경로당,성산구,용지동,4812351500,,35.2325668193175,128.674603438653,point,0,0,,5,5,1.0,30,25,1.2,420.8,420.8,0,3,11,420.8,0,0,11,579.5,0,1,5,472.8,0,0,0,4561.9,0,1,7,497.7,0,0,0,6036.3,0,1,5,497.7,0.0,0,10.0,2,35.0,8,0.0,0,138.0,2,696.2,8
SC0293,경로당,senior_center,성원1단지경로당,성산구,상남동,4812353000,,35.2156229329665,128.691728676136,point,0,0,,0,0,,12,11,1.091,520.7,520.7,0,0,1,968.4,0,0,5,528.2,0,0,5,520.7,0,0,0,2365.2,0,0,2,528.2,0,0,0,6372.2,0,0,1,528.2,0.0,0,0.0,0,3.0,1,0.0,0,0.0,0,83.3,1
SC0294,경로당,senior_center,성원2단지경로당,성산구,상남동,4812353000,,35.2156229329665,128.691728676136,point,0,0,,0,0,,12,11,1.091,520.7,520.7,0,0,1,968.4,0,0,5,528.2,0,0,5,520.7,0,0,0,2365.2,0,0,2,528.2,0,0,0,6372.2,0,0,1,528.2,0.0,0,0.0,0,3.0,1,0.0,0,0.0,0,83.3,1
SC0295,경로당,senior_center,성원3단지1경로당,성산구,상남동,4812353000,,35.2156229329665,128.691728676136,point,0,0,,0,0,,12,11,1.091,520.7,520.7,0,0,1,968.4,0,0,5,528.2,0,0,5,520.7,0,0,0,2365.2,0,0,2,528.2,0,0,0,6372.2,0,0,1,528.2,0.0,0,0.0,0,3.0,1,0.0,0,0.0,0,83.3,1
SC0296,경로당,senior_center,성원3단지2경로당,성산구,상남동,4812353000,,35.2156229329665,128.691728676136,point,0,0,,0,0,,12,11,1.091,520.7,520.7,0,0,1,968.4,0,0,5,528.2,0,0,5,520.7,0,0,0,2365.2,0,0,2,528.2,0,0,0,6372.2,0,0,1,528.2,0.0,0,0.0,0,3.0,1,0.0,0,0.0,0,83.3,1
SC0297,경로당,senior_center,성원5단지1경로당,성산구,상남동,4812353000,,35.2156229329665,128.691728676136,point,0,0,,0,0,,12,11,1.091,520.7,520.7,0,0,1,968.4,0,0,5,528.2,0,0,5,520.7,0,0,0,2365.2,0,0,2,528.2,0,0,0,6372.2,0,0,1,528.2,0.0,0,0.0,0,3.0,1,0.0,0,0.0,0,83.3,1
SC0298,경로당,senior_center,성원5단지2경로당,성산구,상남동,4812353000,,35.2156229329665,128.691728676136,point,0,0,,0,0,,12,11,1.091,520.7,520.7,0,0,1,968.4,0,0,5,528.2,0,0,5,520.7,0,0,0,2365.2,0,0,2,528.2,0,0,0,6372.2,0,0,1,528.2,0.0,0,0.0,0,3.0,1,0.0,0,0.0,0,83.3,1
SC0299,경로당,senior_center,대동아파트경로당,성산구,상남동,4812353000,,35.2190579361973,128.687615914182,point,2,1,2.0,7,6,1.167,27,26,1.038,200.3,200.3,0,1,3,462.7,1,4,13,200.3,1,2,9,200.3,0,0,0,2787.2,0,1,6,317.2,0,0,0,6571.4,0,1,5,317.2,0.0,0,3.0,1,6.0,2,0.0,0,83.3,1,120.3,2
SC0300,경로당,senior_center,상남경로당,성산구,상남동,4812353000,,35.2179228590563,128.685688148632,point,1,1,1.0,6,5,1.2,26,25,1.04,100.8,100.8,0,1,6,467.5,1,2,13,100.8,0,3,6,350.4,0,0,0,2701.2,0,0,5,531.4,0,0,0,6391.1,0,0,5,531.4,0.0,0,3.0,1,15.0,4,0.0,0,37.0,1,300.5,4
SC0301,경로당,senior_center,동산경로당,성산구,상남동,4812353000,,35.2145967045752,128.687927341006,point,1,1,1.0,2,2,1.0,17,14,1.214,156.4,156.4,0,0,4,875.6,0,1,6,355.9,1,1,7,156.4,0,0,0,2295.6,0,0,4,684.3,0,0,0,6124.5,0,0,3,684.3,0.0,0,0.0,0,361.0,4,0.0,0,0.0,0,26487.0,4
SC0302,경로당,senior_center,고산경로당,성산구,사파동,4812354000,,35.2270613285303,128.701874445933,point,1,1,1.0,3,3,1.0,13,13,1.0,219.4,219.4,0,0,1,911.2,0,1,2,328.6,1,2,8,219.4,0,0,0,3720.4,0,0,2,598.7,0,0,0,7651.2,0,0,0,1244.4,0.0,0,0.0,0,4.0,1,0.0,0,0.0,0,17.5,1
SC0303,경로당,senior_center,사파정경로당,성산구,사파동,4812354000,,35.2200840482929,128.698318442339,point,1,1,1.0,2,2,1.0,14,14,1.0,293.2,293.2,0,0,1,967.8,1,1,4,293.2,0,1,7,367.6,0,0,0,2898.0,0,0,3,507.3,0,0,0,6871.7,0,0,1,690.2,0.0,0,0.0,0,8.0,1,0.0,0,0.0,0,67.5,1
SC0304,경로당,senior_center,사파경로당,성산구,사파동,4812354000,,35.2223563237932,128.6968637185,point,2,2,1.0,4,4,1.0,20,19,1.053,227.2,227.2,0,0,2,773.7,0,1,5,463.9,1,2,11,270.9,0,0,0,3129.3,1,1,3,227.2,0,0,0,7125.9,0,0,1,601.6,0.0,0,0.0,0,7.0,2,0.0,0,0.0,0,100.8,2
SC0305,경로당,senior_center,신덕경로당,성산구,사파동,4812354000,,35.2278772884031,128.698692952491,point,1,1,1.0,2,2,1.0,14,14,1.0,235.5,235.5,0,0,1,615.3,0,1,2,488.5,1,1,9,235.5,0,0,0,3758.1,0,0,3,551.9,0,0,0,7736.5,0,0,0,1108.4,0.0,0,0.0,0,4.0,1,0.0,0,0.0,0,17.5,1
SC0306,경로당,senior_center,사파제2경로당,성산구,사파동,4812354000,,35.2203073108541,128.70265865123,point,1,1,1.0,3,3,1.0,9,9,1.0,203.5,203.5,0,0,1,657.9,1,2,2,203.5,0,1,4,423.0,0,0,0,3013.2,0,0,2,559.6,0,0,0,6905.6,0,0,0,1085.0,0.0,0,0.0,0,8.0,1,0.0,0,0.0,0,67.5,1
SC0307,경로당,senior_center,사파대동(아)제1경로당,성산구,사파동,4812354000,,35.2199448276616,128.696331503116,point,0,0,,3,3,1.0,19,18,1.056,445.8,445.8,0,0,2,983.1,0,1,5,458.3,0,1,11,471.9,0,0,0,2858.0,0,1,2,445.8,0,0,0,6859.7,0,0,1,510.4,0.0,0,0.0,0,7.0,2,0.0,0,0.0,0,100.8,2
SC0308,경로당,senior_center,사파대동(아)제2경로당,성산구,사파동,4812354000,,35.2199448276616,128.696331503116,point,0,0,,3,3,1.0,19,18,1.056,445.8,445.8,0,0,2,983.1,0,1,5,458.3,0,1,11,471.9,0,0,0,2858.0,0,1,2,445.8,0,0,0,6859.7,0,0,1,510.4,0.0,0,0.0,0,7.0,2,0.0,0,0.0,0,100.8,2
SC0309,경로당,senior_center,삼익(아)경로당,성산구,사파동,4812354000,,35.2187128969303,128.694720830953,point,0,0,,1,1,1.0,18,17,1.059,403.3,403.3,0,0,1,917.5,0,1,6,403.3,0,0,10,671.3,0,0,0,2709.7,0,1,2,403.3,0,0,0,6729.5,0,1,1,403.3,0.0,0,0.0,0,3.0,1,0.0,0,0.0,0,83.3,1
SC0310,경로당,senior_center,무궁화(아)경로당,성산구,사파동,4812354000,,35.2196811136787,128.692998756678,point,1,1,1.0,1,1,1.0,23,22,1.045,216.9,216.9,0,0,3,727.7,1,1,7,216.9,0,0,12,544.0,0,0,0,2812.7,1,1,2,216.9,0,0,0,6828.6,1,1,1,216.9,0.0,0,0.0,0,7.0,2,0.0,0,0.0,0,100.8,2
SC0311,경로당,senior_center,사파동성(아)경로당,성산구,사파동,4812354000,,35.2189639383467,128.705022252354,point,0,0,,3,3,1.0,8,8,1.0,347.7,347.7,0,1,1,402.5,0,1,2,347.7,0,1,4,433.0,0,0,0,2943.9,0,0,1,568.1,0,0,0,6771.4,0,0,0,1308.9,0.0,0,8.0,1,8.0,1,0.0,0,67.5,1,67.5,1
SC0312,경로당,senior_center,성원3차남산(아)경로당,성산구,사파동,4812354000,,35.2146542868272,128.70821412969,point,2,2,1.0,2,2,1.0,5,5,1.0,148.8,148.8,1,1,1,169.3,0,0,2,794.4,1,1,2,148.8,0,0,0,2646.1,0,0,0,1018.9,0,0,0,6328.0,0,0,0,1267.0,8.0,1,8.0,1,8.0,1,67.5,1,67.5,1,67.5,1
SC0313,경로당,senior_center,성원3차(아)경로당,성산구,사파동,4812354000,,35.2148401938952,128.706240813652,point,2,2,1.0,2,2,1.0,6,6,1.0,202.3,202.3,1,1,1,202.3,0,0,2,644.0,1,1,2,212.3,0,0,0,2574.8,0,0,1,996.3,0,0,0,6326.5,0,0,0,1233.4,8.0,1,8.0,1,8.0,1,67.5,1,67.5,1,67.5,1
SC0314,경로당,senior_center,대방대동(아)경로당,성산구,사파동,4812354000,,35.2101450407943,128.709204335219,point,0,0,,0,0,,7,7,1.0,521.0,521.0,0,0,1,677.6,0,0,2,521.0,0,0,4,656.5,0,0,0,2292.1,0,0,1,875.0,0,0,0,5846.6,0,0,1,875.0,0.0,0,0.0,0,8.0,1,0.0,0,0.0,0,67.5,1
SC0315,경로당,senior_center,대방개나리1차(아)경로당,성산구,사파동,4812354000,,35.2128567995496,128.707799810397,point,0,0,,2,2,1.0,6,6,1.0,349.0,349.0,0,1,1,364.4,0,0,2,752.3,0,1,3,349.0,0,0,0,2457.4,0,0,0,1068.1,0,0,0,6125.2,0,0,0,1068.1,0.0,0,8.0,1,8.0,1,0.0,0,67.5,1,67.5,1
SC0316,경로당,senior_center,대방덕산1차(아)경로당,성산구,사파동,4812354000,,35.2136189737478,128.706891481493,point,2,2,1.0,2,2,1.0,6,6,1.0,285.5,285.5,1,1,1,291.7,0,0,2,783.3,1,1,3,285.5,0,0,0,2485.5,0,0,0,1118.4,0,0,0,6198.6,0,0,0,1118.4,8.0,1,8.0,1,8.0,1,67.5,1,67.5,1,67.5,1
SC0317,경로당,senior_center,대방덕산2차(아)경로당,성산구,사파동,4812354000,,35.2039102156837,128.708637965722,point,0,0,,2,2,1.0,8,7,1.143,349.7,349.7,0,0,3,954.0,0,2,4,349.7,0,0,3,520.8,0,0,0,1776.3,0,1,2,499.2,0,0,0,5155.9,0,1,2,499.2,0.0,0,0.0,0,68.0,3,0.0,0,0.0,0,1552.1,3
SC0318,경로당,senior_center,대방그린빌(아)경로당,성산구,사파동,4812354000,,35.205515470619,128.7108643453,point,0,0,,1,1,1.0,5,5,1.0,446.3,446.3,0,0,0,1211.8,0,1,3,446.3,0,0,3,717.4,0,0,0,2045.5,0,0,2,721.3,0,0,0,5369.4,0,0,2,721.3,0.0,0,0.0,0,0.0,0,0.0,0,0.0,0,0.0,0
SC0319,경로당,senior_center,대방동성(아)경로당,성산구,사파동,4812354000,,35.2035792069096,128.706880608511,point,0,0,,5,5,1.0,30,15,2.0,304.2,304.2,0,0,18,801.9,0,3,7,304.2,0,3,6,379.0,0,0,0,1627.4,0,2,7,342.5,0,0,0,5094.0,0,2,5,342.5,0.0,0,0.0,0,3790.0,13,0.0,0,0.0,0,282708.8,13
SC0320,경로당,senior_center,대방대동디지털(아)경로당,성산구,사파동,4812354000,,35.2062550646981,128.707388127672,point,1,1,1.0,4,4,1.0,5,5,1.0,122.6,122.6,0,0,0,1031.2,1,2,3,122.6,0,2,3,416.5,0,0,0,1861.3,0,1,2,458.3,0,0,0,5394.5,0,1,2,458.3,0.0,0,0.0,0,0.0,0,0.0,0,0.0,0,0.0,0
SC0321,경로당,senior_center,대방대동황토방(아)경로당,성산구,사파동,4812354000,,35.2086716489103,128.708929349582,point,0,0,,1,1,1.0,7,7,1.0,377.3,377.3,0,0,1,835.3,0,1,2,377.3,0,0,4,663.2,0,0,0,2152.5,0,0,1,736.9,0,0,0,5681.2,0,0,1,736.9,0.0,0,0.0,0,8.0,1,0.0,0,0.0,0,67.5,1
SC0322,경로당,senior_center,가음정경로당,성산구,가음정동,4812355000,,35.2109375051128,128.686050482076,point,0,0,,2,2,1.0,36,15,2.4,365.9,365.9,0,1,22,480.5,0,0,9,571.0,0,1,9,365.9,0,0,0,1948.4,0,1,11,480.5,0,0,0,5683.9,0,1,8,480.5,0.0,0,263.0,1,5507.0,17,0.0,0,17076.4,1,577348.5,17
SC0323,경로당,senior_center,더샾센트럴파크경로당,성산구,가음정동,4812355000,,35.2091374207354,128.697649307265,point,0,0,,0,0,,15,12,1.25,612.0,612.0,0,0,5,815.4,0,0,4,757.4,0,0,5,612.0,0,0,0,1696.0,0,0,3,758.0,0,0,0,5657.7,0,0,3,758.0,0.0,0,0.0,0,1420.0,3,0.0,0,0.0,0,103129.6,3
SC0324,경로당,senior_center,은아(아)경로당,성산구,가음정동,4812355000,,35.2072995436345,128.694640827176,point,0,0,,5,5,1.0,40,21,1.905,414.6,414.6,0,1,25,477.3,0,2,6,420.7,0,2,8,414.6,0,0,0,1446.2,0,1,9,477.3,0,0,0,5465.7,0,1,7,477.3,0.0,0,250.0,1,5345.0,16,0.0,0,41591.5,1,447893.6,16
SC0325,경로당,senior_center,소라(아)경로당,성산구,가음정동,4812355000,,35.2073968569484,128.687481485946,point,7,1,7.0,9,3,3.0,55,25,2.2,215.0,215.0,5,7,35,215.0,0,0,14,504.5,0,0,16,583.6,0,0,0,1534.4,2,4,16,215.0,0,0,0,5382.2,1,3,9,215.0,2365.0,1,3465.0,3,6926.0,30,203627.3,1,315275.0,3,763564.0,30
SC0326,경로당,senior_center,우성(아)경로당,성산구,가음정동,4812355000,,35.213598405637,128.699258169043,point,1,1,1.0,1,1,1.0,5,5,1.0,143.5,143.5,0,0,1,827.3,0,0,1,616.0,1,1,3,143.5,0,0,0,2212.1,0,0,0,1075.4,0,0,0,6152.0,0,0,0,1075.4,0.0,0,0.0,0,8.0,1,0.0,0,0.0,0,67.5,1
SC0327,경로당,senior_center,롯데(아)경로당,성산구,가음정동,4812355000,,35.2142057158642,128.701722861892,point,1,1,1.0,1,1,1.0,5,5,1.0,91.4,91.4,0,0,1,593.4,0,0,2,524.7,1,1,2,91.4,0,0,0,2343.5,0,0,0,1138.1,0,0,0,6225.1,0,0,0,1138.1,0.0,0,0.0,0,8.0,1,0.0,0,0.0,0,67.5,1
SC0328,경로당,senior_center,동성(아)경로당,성산구,가음정동,4812355000,,35.213937217347,128.703166355558,point,1,1,1.0,2,2,1.0,6,6,1.0,221.1,221.1,0,1,1,487.5,0,0,2,580.5,1,1,3,221.1,0,0,0,2363.7,0,0,0,1100.8,0,0,0,6202.5,0,0,0,1100.8,0.0,0,8.0,1,8.0,1,0.0,0,67.5,1,67.5,1
SC0329,경로당,senior_center,성원1차(아)경로당,성산구,가음정동,4812355000,,35.2115144000928,128.700447461845,point,1,1,1.0,1,1,1.0,8,8,1.0,280.8,280.8,0,0,1,843.6,0,0,3,776.7,1,1,4,280.8,0,0,0,2023.1,0,0,1,867.8,0,0,0,5922.6,0,0,1,867.8,0.0,0,0.0,0,8.0,1,0.0,0,0.0,0,67.5,1
SC0330,경로당,senior_center,성원2차(아)경로당,성산구,가음정동,4812355000,,35.2114225475062,128.702846324091,point,0,0,,1,1,1.0,8,8,1.0,347.4,347.4,0,0,1,691.0,0,0,3,645.3,0,1,4,347.4,0,0,0,2097.1,0,0,1,822.2,0,0,0,5922.1,0,0,1,822.2,0.0,0,0.0,0,8.0,1,0.0,0,0.0,0,67.5,1
SC0331,경로당,senior_center,피오르빌(아)경로당,성산구,가음정동,4812355000,,35.2091976362463,128.700633691583,point,0,0,,1,1,1.0,9,9,1.0,492.4,492.4,0,0,0,1002.8,0,0,4,592.5,0,1,5,492.4,0,0,0,1789.4,0,0,1,619.1,0,0,0,5666.1,0,0,1,619.1,0.0,0,0.0,0,0.0,0,0.0,0,0.0,0,0.0,0
SC0332,경로당,senior_center,대방경로당,성산구,가음정동,4812355000,,35.2074180356804,128.703931562781,point,2,2,1.0,4,4,1.0,19,13,1.462,233.0,233.0,0,0,10,953.1,1,2,4,233.0,1,2,6,259.7,0,0,0,1759.9,0,1,3,383.8,0,0,0,5486.3,0,1,3,383.8,0.0,0,0.0,0,1246.0,6,0.0,0,0.0,0,63440.1,6
SC0333,경로당,senior_center,음지경로당,성산구,가음정동,4812355000,,35.2074180356804,128.703931562781,point,2,2,1.0,4,4,1.0,19,13,1.462,233.0,233.0,0,0,10,953.1,1,2,4,233.0,1,2,6,259.7,0,0,0,1759.9,0,1,3,383.8,0,0,0,5486.3,0,1,3,383.8,0.0,0,0.0,0,1246.0,6,0.0,0,0.0,0,63440.1,6
SC0334,경로당,senior_center,가음동경로당,성산구,가음정동,4812355000,,35.2054029100328,128.70272764102,point,3,3,1.0,4,4,1.0,31,18,1.722,32.8,32.8,0,0,17,707.3,1,2,8,158.6,2,2,9,32.8,0,0,0,1513.8,1,1,5,158.6,0,0,0,5254.8,1,1,4,158.6,0.0,0,0.0,0,1476.0,12,0.0,0,0.0,0,85956.2,12
SC0335,경로당,senior_center,개나리3차(아)경로당,성산구,가음정동,4812355000,,35.2109673229264,128.702937401613,point,0,0,,1,1,1.0,8,8,1.0,394.6,394.6,0,0,1,724.9,0,0,3,596.7,0,1,4,394.6,0,0,0,2055.2,0,0,1,771.5,0,0,0,5872.2,0,0,1,771.5,0.0,0,0.0,0,8.0,1,0.0,0,0.0,0,67.5,1
SC0336,경로당,senior_center,한림(아)경로당,성산구,가음정동,4812355000,,35.2136945664123,128.698359156059,point,1,1,1.0,1,1,1.0,4,4,1.0,220.3,220.3,0,0,1,901.4,0,0,1,634.6,1,1,2,220.3,0,0,0,2202.8,0,0,0,1010.2,0,0,0,6162.6,0,0,0,1010.2,0.0,0,0.0,0,8.0,1,0.0,0,0.0,0,67.5,1
SC0337,경로당,senior_center,위드파크(아)경로당,성산구,가음정동,4812355000,,35.2090324970183,128.703341049209,point,0,0,,3,3,1.0,7,7,1.0,396.4,396.4,0,0,1,887.1,0,1,2,396.4,0,2,4,425.7,0,0,0,1882.9,0,0,1,556.7,0,0,0,5660.6,0,0,1,556.7,0.0,0,0.0,0,8.0,1,0.0,0,0.0,0,67.5,1
SC0338,경로당,senior_center,남산경로당,성산구,가음정동,4812355000,,35.2042082519615,128.70436726988,point,4,4,1.0,4,4,1.0,32,17,1.882,112.1,112.1,0,0,18,678.1,2,2,9,112.1,2,2,9,140.2,0,0,0,1506.8,1,1,6,112.1,0,0,0,5135.3,1,1,5,112.1,0.0,0,0.0,0,1669.0,13,0.0,0,0.0,0,108253.0,13
SC0339,경로당,senior_center,가음꿈에그린경로당,성산구,가음정동,4812355000,,35.2091838110034,128.692882664331,point,0,0,,0,0,,16,10,1.6,541.7,541.7,0,0,8,583.7,0,0,2,541.7,0,0,4,600.8,0,0,0,1647.8,0,0,5,583.7,0,0,0,5687.2,0,0,4,583.7,0.0,0,0.0,0,3777.0,4,0.0,0,0.0,0,354611.7,4
SC0340,경로당,senior_center,창원센텀푸르지오경로당,성산구,가음정동,4812355000,,35.2083863980488,128.690955810184,point,0,0,,9,3,3.0,19,11,1.727,446.1,446.1,0,6,10,452.6,0,1,3,446.1,0,0,4,549.0,0,0,0,1570.4,0,3,7,452.6,0,0,0,5618.6,0,2,5,452.6,0.0,0,2615.0,2,4132.0,6,0.0,0,245218.8,2,380978.4,6
SC0341,경로당,senior_center,성남경로당,성산구,가음정동,4812355000,,35.20705597028,128.701557936317,point,2,2,1.0,4,4,1.0,31,18,1.722,243.5,243.5,0,0,17,814.0,0,2,8,367.3,2,2,8,243.5,0,0,0,1612.0,0,1,4,367.3,0,0,0,5431.8,0,1,3,367.3,0.0,0,0.0,0,1476.0,12,0.0,0,0.0,0,85956.2,12
SC0342,경로당,senior_center,대우(아)경로당,성산구,성주동,4812356000,,35.20411532897,128.693232236543,point,5,5,1.0,7,7,1.0,71,38,1.868,38.9,38.9,1,3,48,194.6,2,2,15,107.7,2,2,17,38.9,0,0,0,1085.4,1,3,16,194.6,0,0,0,5124.2,1,3,8,194.6,250.0,1,1412.0,3,6431.0,37,41591.5,1,150984.4,3,559965.4,37
SC0343,경로당,senior_center,불모산경로당,성산구,성주동,4812356000,,35.1894411686523,128.725103625992,point,5,4,1.25,5,4,1.25,7,6,1.167,102.5,102.5,1,1,1,145.8,0,0,1,901.9,2,2,3,102.5,0,0,0,2973.7,2,2,4,266.7,0,0,0,4220.3,0,0,1,901.9,70.0,1,70.0,1,70.0,1,1084.9,1,1084.9,1,1084.9,1
SC0344,경로당,senior_center,삼정자경로당,성산구,성주동,4812356000,,35.1994706754015,128.711263894184,point,0,0,,1,1,1.0,20,12,1.667,311.9,311.9,0,0,10,778.8,0,1,6,311.9,0,1,6,311.9,0,0,0,1757.7,0,1,8,311.9,0,0,0,4723.5,0,1,4,311.9,0.0,0,0.0,0,2738.0,8,0.0,0,0.0,0,228807.5,8
SC0345,경로당,senior_center,서광파크빌(아)경로당,성산구,성주동,4812356000,,35.1872085123319,128.694572034459,point,1,1,1.0,12,8,1.5,128,71,1.803,229.2,229.2,0,8,99,320.0,0,0,27,591.2,1,2,22,229.2,0,0,1,803.7,0,3,26,353.9,0,0,0,3245.7,0,1,11,395.0,0.0,0,249.0,6,4215.0,88,0.0,0,44815.1,6,348634.5,88
SC0346,경로당,senior_center,신우에이스타운경로당,성산구,성주동,4812356000,,35.1854724973047,128.690316003113,point,3,3,1.0,6,4,1.5,69,34,2.029,73.5,73.5,1,4,58,73.5,0,0,9,731.5,2,2,10,87.4,0,0,0,1013.9,0,1,14,409.0,0,0,0,3126.6,0,1,5,409.0,0.0,0,189.0,2,3050.0,50,0.0,0,34298.5,2,278425.0,50
SC0347,경로당,senior_center,안민경로당,성산구,성주동,4812356000,,35.1874071880286,128.689706521561,point,5,3,1.667,14,8,1.75,116,56,2.071,136.3,136.3,4,11,92,152.1,0,0,20,536.8,1,2,18,136.3,0,0,1,825.8,1,2,21,220.2,0,0,0,3348.4,1,1,9,220.2,189.0,2,673.0,8,4088.0,82,34298.5,2,74789.3,8,384956.9,82
SC0348,경로당,senior_center,유니온빌리지(아)경로당,성산구,성주동,4812356000,,35.1993981862755,128.715042569174,point,0,0,,0,0,,4,2,2.0,655.5,655.5,0,0,2,957.3,0,0,2,655.5,0,0,2,655.5,0,0,0,2084.1,0,0,2,655.5,0,0,0,4810.5,0,0,2,655.5,0.0,0,0.0,0,97.0,1,0.0,0,0.0,0,19107.1,1
SC0349,경로당,senior_center,청솔(아)경로당,성산구,성주동,4812356000,,35.1896814325349,128.687767457726,point,6,3,2.0,47,19,2.474,136,68,2.0,192.1,192.1,5,40,108,192.1,1,8,24,267.5,1,6,23,267.5,0,0,1,703.6,2,10,25,267.5,0,0,0,3638.2,2,4,11,267.5,382.0,4,2588.0,34,4989.0,96,60594.8,4,242973.8,34,508597.2,96
SC0350,경로당,senior_center,프리빌리지경로당,성산구,성주동,4812356000,,35.2019457874446,128.712225715155,point,0,0,,1,1,1.0,5,5,1.0,497.6,497.6,0,0,0,1053.4,0,1,3,497.6,0,1,3,497.6,0,0,0,1943.4,0,1,2,497.6,0,0,0,5011.3,0,1,2,497.6,0.0,0,0.0,0,0.0,0,0.0,0,0.0,0,0.0,0
SC0351,경로당,senior_center,프리빌리지2차(아)경로당,성산구,성주동,4812356000,,35.195020538797,128.716484924442,point,0,0,,0,0,,17,10,1.7,796.7,796.7,0,0,7,803.2,0,0,7,803.2,0,0,7,803.2,0,0,0,2139.8,0,0,7,796.7,0,0,0,4397.6,0,0,4,803.2,0.0,0,0.0,0,286.0,6,0.0,0,0.0,0,146525.3,6
SC0352,경로당,senior_center,한림푸르지오(아)경로당,성산구,성주동,4812356000,,35.2018652135666,128.710861991553,point,0,0,,1,1,1.0,8,6,1.333,398.5,398.5,0,0,1,965.4,0,1,3,398.5,0,1,3,398.5,0,0,0,1828.2,0,1,4,398.5,0,0,0,4973.6,0,1,3,398.5,0.0,0,0.0,0,2314.0,1,0.0,0,0.0,0,196752.6,1
SC0353,경로당,senior_center,한솔(아)경로당,성산구,성주동,4812356000,,35.1857312097179,128.691440964003,point,3,3,1.0,6,4,1.5,84,39,2.154,110.8,110.8,1,4,66,110.8,0,0,12,692.7,2,2,12,124.5,0,0,1,965.6,0,1,16,379.6,0,0,0,3131.0,0,1,6,379.6,0.0,0,189.0,2,3356.0,58,0.0,0,34298.5,2,314578.1,58
SC0354,경로당,senior_center,한양아파트경로당,성산구,성주동,4812356000,,35.2014512310242,128.697820121512,point,21,8,2.625,29,14,2.071,103,61,1.689,111.8,111.8,16,20,72,111.8,3,5,21,198.1,3,5,22,179.3,0,0,1,903.0,3,5,23,111.8,0,0,0,4804.6,2,2,13,111.8,1438.0,11,1654.0,14,7199.0,63,85065.2,11,99429.9,14,618201.1,63
SC0355,경로당,senior_center,남산효성해링턴플레이스경로당,성산구,성주동,4812356000,,35.1988607714273,128.701318228821,point,6,4,1.5,30,11,2.727,111,63,1.762,137.6,137.6,5,23,81,137.6,1,5,21,137.6,1,5,23,273.5,0,0,1,908.2,0,4,26,317.8,0,0,0,4522.3,0,3,11,317.8,200.0,5,1682.0,17,6221.0,69,13201.8,5,109503.0,17,489193.8,69
SC0356,경로당,senior_center,양곡경로당,성산구,웅남동,4812357000,,35.2003040768841,128.627066304068,point,0,0,,0,0,,73,29,2.517,718.3,718.3,0,0,65,718.3,0,0,2,759.9,0,0,5,745.5,0,0,0,3251.2,0,0,2,835.3,0,0,0,2095.0,0,0,1,835.3,0.0,0,0.0,0,762.0,58,0.0,0,0.0,0,106750.3,58
SC0357,경로당,senior_center,동성1차경로당,성산구,웅남동,4812357000,,35.2012729324414,128.628980521891,point,0,0,,0,0,,135,65,2.077,518.4,518.4,0,0,124,518.4,0,0,2,649.9,0,0,12,543.6,0,0,0,3318.0,0,0,7,676.2,0,0,0,2137.1,0,0,4,676.2,0.0,0,0.0,0,1301.0,105,0.0,0,0.0,0,140235.8,105
SC0358,경로당,senior_center,동성2차경로당,성산구,웅남동,4812357000,,35.2041086292929,128.628211892764,point,0,0,,22,8,2.75,211,99,2.131,331.0,331.0,0,17,193,394.8,0,1,12,331.0,0,4,25,367.0,0,0,0,3077.3,0,1,12,414.2,0,0,0,1877.3,0,1,5,414.2,0.0,0,479.0,16,2661.0,157,0.0,0,80375.4,16,259694.2,157
SC0359,경로당,senior_center,동성빌라2차경로당,성산구,웅남동,4812357000,,35.2053620636317,128.628070895903,point,3,3,1.0,27,10,2.7,240,112,2.143,192.1,192.1,1,21,221,255.5,1,2,14,192.1,1,4,29,232.3,0,0,0,2991.2,0,1,14,319.7,0,0,0,1783.9,0,1,7,319.7,10.0,1,519.0,20,3145.0,181,490.0,1,81875.4,20,299827.1,181
SC0360,경로당,senior_center,성원아파트경로당,성산구,웅남동,4812357000,,35.197637835697,128.629267278758,point,0,0,,0,0,,29,10,2.9,846.5,846.5,0,0,26,846.5,0,0,0,1053.8,0,0,3,858.9,0,0,0,3597.8,0,0,0,1045.6,0,0,0,2450.4,0,0,0,1068.3,0.0,0,0.0,0,185.0,22,0.0,0,0.0,0,15681.4,22
SC0361,경로당,senior_center,귀산경로당,성산구,웅남동,4812357000,,35.1658903021728,128.615906154419,point,0,0,,0,0,,0,0,,1685.5,1685.5,0,0,0,1685.5,0,0,0,1685.5,0,0,0,1685.5,0,0,0,3488.6,0,0,0,1685.5,0,0,0,4032.7,0,0,0,1685.5,0.0,0,0.0,0,0.0,0,0.0,0,0.0,0,0.0,0
SC0362,경로당,senior_center,석교경로당,성산구,웅남동,4812357000,,35.1575180802265,128.60939376943,point,0,0,,0,0,,0,0,,2110.7,2110.7,0,0,0,2110.7,0,0,0,2110.7,0,0,0,2110.7,0,0,0,3021.3,0,0,0,2110.7,0,0,0,3917.6,0,0,0,2110.7,0.0,0,0.0,0,0.0,0,0.0,0,0.0,0,0.0,0
SC0363,경로당,senior_center,갯마을경로당,성산구,웅남동,4812357000,,35.1643877335853,128.607578016317,point,0,0,,0,0,,0,0,,1341.8,1341.8,0,0,0,1341.8,0,0,0,1341.8,0,0,0,1341.8,0,0,0,2731.1,0,0,0,1341.8,0,0,0,4484.5,0,0,0,1341.8,0.0,0,0.0,0,0.0,0,0.0,0,0.0,0,0.0,0
SC0364,경로당,senior_center,용호마을경로당,성산구,웅남동,4812357000,,35.1698461706829,128.599450919613,point,0,0,,0,0,,8,1,8.0,642.4,642.4,0,0,3,642.4,0,0,2,642.4,0,0,1,642.4,0,0,0,2051.0,0,0,4,642.4,0,0,0,4560.8,0,0,2,642.4,0.0,0,0.0,0,7137.0,2,0.0,0,0.0,0,460438.7,2
SC0365,경로당,senior_center,동부산아이존빌경로당,성산구,웅남동,4812357000,,35.2009975030786,128.627916244418,point,0,0,,0,0,,111,48,2.312,609.3,609.3,0,0,100,609.3,0,0,2,676.6,0,0,10,636.8,0,0,0,3260.9,0,0,6,734.6,0,0,0,2090.1,0,0,4,734.6,0.0,0,0.0,0,1162.0,84,0.0,0,0.0,0,128515.4,84
SC0366,경로당,senior_center,신촌경로당,성산구,웅남동,4812357000,,35.2054599565683,128.626950000201,point,3,3,1.0,7,5,1.4,204,94,2.17,200.1,200.1,1,3,186,265.0,1,2,10,212.5,1,2,24,200.1,0,0,0,2899.0,0,1,12,398.7,0,0,0,1694.8,0,1,5,398.7,10.0,1,362.0,3,2597.0,150,490.0,1,71417.8,3,256466.8,150
SC0367,경로당,senior_center,동원로얄듀크경로당,성산구,웅남동,4812357000,,35.197803495349,128.628562970956,point,0,0,,0,0,,24,9,2.667,857.2,857.2,0,0,21,857.2,0,0,0,1031.3,0,0,3,872.5,0,0,0,3538.2,0,0,0,1060.0,0,0,0,2395.4,0,0,0,1060.4,0.0,0,0.0,0,171.0,18,0.0,0,0.0,0,14220.0,18
SC0368,경로당,senior_center,상남남성경로당,마산합포구,합포동,4812564000,,35.2100436294778,128.576624568823,point,5,4,1.25,11,9,1.222,63,44,1.432,187.0,187.0,2,8,33,187.0,2,2,4,202.9,1,1,17,209.1,0,0,4,695.7,0,0,9,630.0,0,0,1,785.8,0,0,6,630.0,0.0,0,0.0,0,0.0,0,0.0,0,0.0,0,0.0,0
SC0369,경로당,senior_center,상남여성경로당,마산합포구,합포동,4812564000,,35.2100436294778,128.576624568823,point,5,4,1.25,11,9,1.222,63,44,1.432,187.0,187.0,2,8,33,187.0,2,2,4,202.9,1,1,17,209.1,0,0,4,695.7,0,0,9,630.0,0,0,1,785.8,0,0,6,630.0,0.0,0,0.0,0,0.0,0,0.0,0,0.0,0,0.0,0
SC0370,경로당,senior_center,용마남성경로당,마산합포구,합포동,4812564000,,35.2096313299194,128.580362323997,point,1,1,1.0,10,9,1.111,59,49,1.204,224.1,224.1,0,4,32,344.0,0,0,5,524.0,1,5,16,224.1,0,0,3,551.2,0,2,10,397.6,0,0,2,920.4,0,2,5,397.6,0.0,0,0.0,0,0.0,0,0.0,0,0.0,0,0.0,0
SC0371,경로당,senior_center,용마여성경로당,마산합포구,합포동,4812564000,,35.2096313299194,128.580362323997,point,1,1,1.0,10,9,1.111,59,49,1.204,224.1,224.1,0,4,32,344.0,0,0,5,524.0,1,5,16,224.1,0,0,3,551.2,0,2,10,397.6,0,0,2,920.4,0,2,5,397.6,0.0,0,0.0,0,0.0,0,0.0,0,0.0,0,0.0,0
SC0372,경로당,senior_center,숲골남성경로당,마산합포구,합포동,4812564000,,35.2139399437414,128.578132354231,point,2,2,1.0,8,8,1.0,51,43,1.186,181.9,181.9,0,1,28,390.4,0,2,4,414.5,2,4,14,181.9,0,0,0,1052.4,0,1,6,415.5,0,1,1,415.5,0,0,4,899.8,0.0,0,0.0,0,0.0,0,0.0,0,0.0,0,0.0,0
SC0373,경로당,senior_center,숲골여성경로당,마산합포구,합포동,4812564000,,35.2139399437414,128.578132354231,point,2,2,1.0,8,8,1.0,51,43,1.186,181.9,181.9,0,1,28,390.4,0,2,4,414.5,2,4,14,181.9,0,0,0,1052.4,0,1,6,415.5,0,1,1,415.5,0,0,4,899.8,0.0,0,0.0,0,0.0,0,0.0,0,0.0,0,0.0,0
SC0374,경로당,senior_center,국제비치경로당,마산합포구,합포동,4812564000,,35.2095892863615,128.584674400013,point,3,3,1.0,9,8,1.125,85,68,1.25,99.8,99.8,2,3,53,107.8,0,0,12,599.1,2,5,25,99.8,0,0,3,662.8,0,2,15,457.3,0,0,4,599.1,0,2,8,457.3,0.0,0,0.0,0,0.0,0,0.0,0,0.0,0,0.0,0
SC0375,경로당,senior_center,무학맨션경로당,마산합포구,합포동,4812564000,,35.2075416312947,128.584705541319,point,5,5,1.0,15,13,1.154,58,48,1.208,143.9,143.9,1,7,36,143.9,0,0,7,763.9,5,6,16,143.9,0,2,3,459.1,0,3,11,305.2,0,0,3,773.1,0,2,6,305.2,0.0,0,0.0,0,0.0,0,0.0,0,0.0,0,0.0,0
SC0376,경로당,senior_center,무학경로당,마산합포구,합포동,4812564000,,35.2075416312947,128.584705541319,point,5,5,1.0,15,13,1.154,58,48,1.208,143.9,143.9,1,7,36,143.9,0,0,7,763.9,5,6,16,143.9,0,2,3,459.1,0,3,11,305.2,0,0,3,773.1,0,2,6,305.2,0.0,0,0.0,0,0.0,0,0.0,0,0.0,0,0.0,0
SC0377,경로당,senior_center,진웅네스빌경로당,마산합포구,합포동,4812564000,,35.2097765782626,128.582489415652,point,4,4,1.0,10,9,1.111,75,62,1.21,155.1,155.1,2,4,48,266.2,0,0,8,705.1,3,5,20,155.1,0,0,3,593.8,0,2,11,398.5,0,0,3,743.5,0,2,6,398.5,0.0,0,0.0,0,0.0,0,0.0,0,0.0,0,0.0,0
SC0378,경로당,senior_center,가포제2남성경로당,마산합포구,가포동,4812552000,,35.1690542062554,128.571580525804,point,1,1,1.0,10,6,1.667,27,19,1.421,83.8,83.8,0,5,16,397.6,0,0,4,527.9,1,3,5,83.8,0,3,8,368.2,0,1,5,384.0,0,0,0,5015.3,0,0,1,561.8,0.0,0,0.0,0,0.0,0,0.0,0,0.0,0,0.0,0
SC0379,경로당,senior_center,가포제2여성경로당,마산합포구,가포동,4812552000,,35.1690542062554,128.571580525804,point,1,1,1.0,10,6,1.667,27,19,1.421,83.8,83.8,0,5,16,397.6,0,0,4,527.9,1,3,5,83.8,0,3,8,368.2,0,1,5,384.0,0,0,0,5015.3,0,0,1,561.8,0.0,0,0.0,0,0.0,0,0.0,0,0.0,0,0.0,0
SC0380,경로당,senior_center,건화맨션경로당,마산합포구,가포동,4812552000,,35.1699233920864,128.563089354045,point,2,1,2.0,3,2,1.5,6,5,1.2,287.6,287.6,0,0,0,1093.2,1,1,2,287.6,1,2,3,287.6,0,0,0,1138.6,0,0,1,869.5,0,0,0,5283.6,0,0,1,869.5,0.0,0,0.0,0,0.0,0,0.0,0,0.0,0,0.0,0
SC0381,경로당,senior_center,가포LH아파트1단지경로당,마산합포구,가포동,4812552000,,35.158944101097,128.584306007809,point,0,0,,1,1,1.0,10,8,1.25,352.0,352.0,0,1,10,352.0,0,0,1,875.5,0,0,1,933.5,0,0,3,875.5,0,0,1,932.9,0,0,0,5791.6,0,0,0,2065.4,0.0,0,0.0,0,0.0,0,0.0,0,0.0,0,0.0,0
SC0382,경로당,senior_center,마창대교반도유보라아이비파크경로당,마산합포구,가포동,4812552000,,35.1579344312701,128.574131273515,point,0,0,,0,0,,13,10,1.3,592.5,592.5,0,0,12,592.5,0,0,2,592.5,0,0,1,627.7,0,0,5,592.5,0,0,2,769.1,0,0,0,6099.2,0,0,0,1814.8,0.0,0,0.0,0,0.0,0,0.0,0,0.0,0,0.0,0
SC0383,경로당,senior_center,가포안단테아파트경로당,마산합포구,가포동,4812552000,,35.1573468566645,128.581483149562,point,1,1,1.0,1,1,1.0,12,9,1.333,155.6,155.6,1,1,11,155.6,0,0,1,799.5,0,0,1,860.7,0,0,4,799.5,0,0,1,951.7,0,0,0,6007.4,0,0,0,2084.1,0.0,0,0.0,0,0.0,0,0.0,0,0.0,0,0.0,0
SC0384,경로당,senior_center,가포금호어울림NHF아파트경로당,마산합포구,가포동,4812552000,,35.1562651346038,128.578260052117,point,0,0,,1,1,1.0,9,8,1.125,379.4,379.4,0,1,8,379.4,0,0,1,776.1,0,0,1,831.9,0,0,3,776.1,0,0,0,1006.2,0,0,0,6183.5,0,0,0,2082.8,0.0,0,0.0,0,0.0,0,0.0,0,0.0,0,0.0,0
SC0385,경로당,senior_center,중앙남성경로당,마산합포구,반월중앙동,4812556500,,35.1937115332602,128.564246191474,point,3,3,1.0,6,6,1.0,38,32,1.188,152.5,152.5,1,1,5,160.4,0,2,11,437.1,2,2,19,152.5,0,0,2,926.5,0,1,10,498.6,0,0,0,2793.4,0,1,5,498.6,0.0,0,0.0,0,0.0,0,0.0,0,0.0,0,0.0,0
SC0386,경로당,senior_center,중앙여성경로당,마산합포구,반월중앙동,4812556500,,35.1937115332602,128.564246191474,point,3,3,1.0,6,6,1.0,38,32,1.188,152.5,152.5,1,1,5,160.4,0,2,11,437.1,2,2,19,152.5,0,0,2,926.5,0,1,10,498.6,0,0,0,2793.4,0,1,5,498.6,0.0,0,0.0,0,0.0,0,0.0,0,0.0,0,0.0,0
SC0387,경로당,senior_center,신월남성경로당,마산합포구,반월중앙동,4812556500,,35.1937915891347,128.559465540839,point,1,1,1.0,3,3,1.0,21,18,1.167,246.6,246.6,0,0,1,581.9,0,1,6,488.5,1,2,13,246.6,0,0,0,1275.3,0,0,5,789.6,0,0,0,2975.0,0,0,5,789.6,0.0,0,0.0,0,0.0,0,0.0,0,0.0,0,0.0,0
SC0388,경로당,senior_center,신월여성경로당,마산합포구,반월중앙동,4812556500,,35.1937915891347,128.559465540839,point,1,1,1.0,3,3,1.0,21,18,1.167,246.6,246.6,0,0,1,581.9,0,1,6,488.5,1,2,13,246.6,0,0,0,1275.3,0,0,5,789.6,0,0,0,2975.0,0,0,5,789.6,0.0,0,0.0,0,0.0,0,0.0,0,0.0,0,0.0,0
SC0389,경로당,senior_center,반월시장경로당,마산합포구,반월중앙동,4812556500,,35.1897572454358,128.561348619057,point,4,4,1.0,10,9,1.111,20,19,1.053,99.6,99.6,0,0,1,653.7,1,2,5,99.6,3,7,13,130.2,0,0,0,1426.0,0,2,5,382.7,0,0,0,3299.9,0,2,5,382.7,0.0,0,0.0,0,0.0,0,0.0,0,0.0,0,0.0,0
SC0390,경로당,senior_center,반월월포남성경로당,마산합포구,반월중앙동,4812556500,,35.1900826884948,128.563401657573,point,5,5,1.0,11,10,1.1,23,19,1.211,94.5,94.5,0,0,1,523.9,1,2,6,94.5,3,8,15,165.2,0,0,0,1280.8,1,2,6,285.1,0,0,0,3196.8,1,2,4,285.1,0.0,0,0.0,0,0.0,0,0.0,0,0.0,0,0.0,0
SC0391,경로당,senior_center,반월월포여성경로당,마산합포구,반월중앙동,4812556500,,35.1900826884948,128.563401657573,point,5,5,1.0,11,10,1.1,23,19,1.211,94.5,94.5,0,0,1,523.9,1,2,6,94.5,3,8,15,165.2,0,0,0,1280.8,1,2,6,285.1,0,0,0,3196.8,1,2,4,285.1,0.0,0,0.0,0,0.0,0,0.0,0,0.0,0,0.0,0
SC0392,경로당,senior_center,벽산블루밍경로당,마산합포구,반월중앙동,4812556500,,35.1919152633005,128.565836371335,point,3,3,1.0,7,7,1.0,36,30,1.2,121.1,121.1,1,1,4,272.2,0,1,11,375.7,1,4,18,121.1,0,0,2,987.6,1,1,10,262.5,0,0,0,2932.0,1,1,5,262.5,0.0,0,0.0,0,0.0,0,0.0,0,0.0,0,0.0,0
SC0393,경로당,senior_center,월포경동메르빌남자경로당,마산합포구,반월중앙동,4812556500,,35.1938456693636,128.567595458782,point,2,2,1.0,11,8,1.375,51,44,1.159,172.2,172.2,1,2,12,172.2,0,4,13,345.8,1,4,22,198.4,0,0,2,721.1,0,4,11,429.4,0,0,0,2680.6,0,2,6,481.1,0.0,0,0.0,0,0.0,0,0.0,0,0.0,0,0.0,0
SC0394,경로당,senior_center,월포경동메르빌여성경로당,마산합포구,반월중앙동,4812556500,,35.1938456693636,128.567595458782,point,2,2,1.0,11,8,1.375,51,44,1.159,172.2,172.2,1,2,12,172.2,0,4,13,345.8,1,4,22,198.4,0,0,2,721.1,0,4,11,429.4,0,0,0,2680.6,0,2,6,481.1,0.0,0,0.0,0,0.0,0,0.0,0,0.0,0,0.0,0
SC0395,경로당,senior_center,중앙경동메르빌아파트경로당,마산합포구,반월중앙동,4812556500,,35.1949030100955,128.567490614238,point,3,3,1.0,12,8,1.5,63,47,1.34,163.8,163.8,1,2,24,163.8,1,5,12,230.2,1,5,23,268.2,0,0,2,629.2,0,4,10,360.7,0,0,0,2570.6,0,2,5,399.7,0.0,0,0.0,0,0.0,0,0.0,0,0.0,0,0.0,0
SC0396,경로당,senior_center,우방(아)경로당,마산합포구,반월중앙동,4812556500,,35.1950158295374,128.567853772945,point,3,3,1.0,13,9,1.444,64,48,1.333,199.2,199.2,1,2,24,199.2,1,5,12,215.1,1,6,24,299.0,0,0,2,599.5,0,4,10,326.6,0,0,0,2549.2,0,2,5,371.3,0.0,0,0.0,0,0.0,0,0.0,0,0.0,0,0.0,0
SC0397,경로당,senior_center,신우희가로베스트경로당,마산합포구,반월중앙동,4812556500,,35.1979031756821,128.568824402097,point,11,8,1.375,32,27,1.185,66,48,1.375,49.3,49.3,2,10,28,49.3,5,9,12,102.8,5,12,21,163.9,0,2,3,309.2,3,6,10,102.8,0,0,0,2216.9,2,3,5,102.8,0.0,0,0.0,0,0.0,0,0.0,0,0.0,0,0.0,0
SC0398,경로당,senior_center,신한토탈아파트경로당,마산합포구,반월중앙동,4812556500,,35.1960464449235,128.566053560268,point,2,2,1.0,13,10,1.3,66,48,1.375,187.6,187.6,1,2,25,187.6,1,6,12,193.2,0,7,24,339.9,0,0,3,634.0,0,4,10,354.0,0,0,0,2492.3,0,3,5,354.0,0.0,0,0.0,0,0.0,0,0.0,0,0.0,0,0.0,0
SC0399,경로당,senior_center,대동한마음아파트경로당,마산합포구,반월중앙동,4812556500,,35.1951231299438,128.563165908154,point,2,2,1.0,4,4,1.0,35,29,1.207,212.7,212.7,1,1,5,255.5,0,1,10,473.7,1,2,18,212.7,0,0,1,909.8,0,0,9,504.1,0,0,0,2688.7,0,0,5,504.1,0.0,0,0.0,0,0.0,0,0.0,0,0.0,0,0.0,0
SC0400,경로당,senior_center,혜성미경로당,마산합포구,반월중앙동,4812556500,,35.1985353218694,128.568398806385,point,12,9,1.333,40,27,1.481,65,47,1.383,85.5,85.5,2,20,28,105.2,6,8,12,85.5,6,12,21,85.5,0,2,3,314.1,4,5,9,85.5,0,0,0,2161.2,3,3,4,85.5,0.0,0,0.0,0,0.0,0,0.0,0,0.0,0,0.0,0
SC0401,경로당,senior_center,대창경로당,마산합포구,문화동,4812554000,,35.1870467401123,128.554120555374,point,1,1,1.0,2,2,1.0,13,12,1.083,280.3,280.3,0,0,0,1110.3,0,1,5,315.3,0,1,8,315.3,0,0,0,2107.4,1,2,4,280.3,0,0,0,3866.8,1,2,4,280.3,0.0,0,0.0,0,0.0,0,0.0,0,0.0,0,0.0,0
SC0402,경로당,senior_center,대창여성경로당,마산합포구,문화동,4812554000,,35.1870467401123,128.554120555374,point,1,1,1.0,2,2,1.0,13,12,1.083,280.3,280.3,0,0,0,1110.3,0,1,5,315.3,0,1,8,315.3,0,0,0,2107.4,1,2,4,280.3,0,0,0,3866.8,1,2,4,280.3,0.0,0,0.0,0,0.0,0,0.0,0,0.0,0,0.0,0
SC0403,경로당,senior_center,당산경로당,마산합포구,문화동,4812554000,,35.1851759367651,128.552610288633,point,1,1,1.0,2,2,1.0,12,11,1.091,245.6,245.6,0,0,0,1081.0,1,1,4,245.6,1,1,7,245.6,0,0,0,2348.0,1,2,5,245.6,0,0,0,4115.5,1,2,4,245.6,0.0,0,0.0,0,0.0,0,0.0,0,0.0,0,0.0,0
SC0404,경로당,senior_center,당산여성경로당,마산합포구,문화동,4812554000,,35.1851759367651,128.552610288633,point,1,1,1.0,2,2,1.0,12,11,1.091,245.6,245.6,0,0,0,1081.0,1,1,4,245.6,1,1,7,245.6,0,0,0,2348.0,1,2,5,245.6,0,0,0,4115.5,1,2,4,245.6,0.0,0,0.0,0,0.0,0,0.0,0,0.0,0,0.0,0
SC0405,경로당,senior_center,창포경로당,마산합포구,문화동,4812554000,,35.1836602029937,128.560492415952,point,2,2,1.0,18,16,1.125,26,24,1.083,150.8,150.8,0,2,2,467.5,1,5,6,260.2,1,11,16,150.8,0,0,0,2013.7,1,4,6,260.2,0,0,0,3957.2,1,4,5,260.2,0.0,0,0.0,0,0.0,0,0.0,0,0.0,0,0.0,0
SC0406,경로당,senior_center,창포여성경로당,마산합포구,문화동,4812554000,,35.1836602029937,128.560492415952,point,2,2,1.0,18,16,1.125,26,24,1.083,150.8,150.8,0,2,2,467.5,1,5,6,260.2,1,11,16,150.8,0,0,0,2013.7,1,4,6,260.2,0,0,0,3957.2,1,4,5,260.2,0.0,0,0.0,0,0.0,0,0.0,0,0.0,0,0.0,0
SC0407,경로당,senior_center,월남경로당,마산합포구,문화동,4812554000,,35.1863482295222,128.558758698637,point,5,4,1.25,9,8,1.125,28,26,1.077,161.8,161.8,0,0,2,801.8,1,2,6,259.0,3,7,18,209.8,0,0,0,1867.3,2,3,6,161.8,0,0,0,3741.2,2,3,5,161.8,0.0,0,0.0,0,0.0,0,0.0,0,0.0,0,0.0,0
SC0408,경로당,senior_center,월남여성경로당,마산합포구,문화동,4812554000,,35.1863482295222,128.558758698637,point,5,4,1.25,9,8,1.125,28,26,1.077,161.8,161.8,0,0,2,801.8,1,2,6,259.0,3,7,18,209.8,0,0,0,1867.3,2,3,6,161.8,0,0,0,3741.2,2,3,5,161.8,0.0,0,0.0,0,0.0,0,0.0,0,0.0,0,0.0,0
SC0409,경로당,senior_center,창포동성아파트경로당,마산합포구,문화동,4812554000,,35.1844396637072,128.561843407136,point,5,4,1.25,19,18,1.056,27,25,1.08,146.8,146.8,0,1,2,482.9,1,3,6,209.2,4,14,17,146.8,0,0,0,1872.1,1,3,6,209.2,0,0,0,3834.1,1,3,5,209.2,0.0,0,0.0,0,0.0,0,0.0,0,0.0,0,0.0,0
SC0410,경로당,senior_center,창포경남맨션경로당,마산합포구,문화동,4812554000,,35.1833715976178,128.561613078619,point,4,4,1.0,19,17,1.118,27,25,1.08,213.7,213.7,0,2,2,383.8,1,4,7,241.0,3,13,16,213.7,0,0,0,1982.3,1,2,6,241.0,0,0,0,3953.0,1,2,5,241.0,0.0,0,0.0,0,0.0,0,0.0,0,0.0,0,0.0,0
SC0411,경로당,senior_center,경민아파트경로당,마산합포구,문화동,4812554000,,35.182130588095,128.561382302427,point,9,8,1.125,18,16,1.125,27,25,1.08,107.3,107.3,2,2,2,281.0,3,4,7,107.3,4,12,16,169.8,0,0,0,1903.2,1,2,6,107.3,0,0,0,4090.2,1,2,5,107.3,0.0,0,0.0,0,0.0,0,0.0,0,0.0,0,0.0,0
SC0412,경로당,senior_center,창포한백아파트경로당,마산합포구,문화동,4812554000,,35.1844169370464,128.562731721023,point,6,5,1.2,18,17,1.059,29,27,1.074,191.6,191.6,0,1,2,458.8,1,3,7,234.4,5,14,18,191.6,0,0,0,1829.7,1,2,6,234.4,0,0,0,3810.7,1,2,5,234.4,0.0,0,0.0,0,0.0,0,0.0,0,0.0,0,0.0,0
SC0413,경로당,senior_center,월영한백아파트경로당,마산합포구,문화동,4812554000,,35.1860909854171,128.552939358869,point,1,1,1.0,2,2,1.0,13,12,1.083,277.9,277.9,0,0,0,1117.1,1,1,5,277.9,1,1,7,277.9,0,0,0,2258.1,1,2,5,277.9,0,0,0,4012.9,1,2,4,277.9,0.0,0,0.0,0,0.0,0,0.0,0,0.0,0,0.0,0
SC0414,경로당,senior_center,귀정경로당,마산합포구,진북면,4812533000,,35.1632024229469,128.474337710074,point,4,4,1.0,12,10,1.2,75,54,1.389,175.5,175.5,3,9,49,264.5,1,3,18,175.5,1,2,7,264.5,0,1,18,386.6,1,1,10,278.1,0,0,0,8548.0,0,0,3,597.2,0.0,0,0.0,0,0.0,0,0.0,0,0.0,0,0.0,0
SC0415,경로당,senior_center,금산경로당,마산합포구,진북면,4812533000,,35.1453805362901,128.450470280069,point,5,3,1.667,5,3,1.667,9,7,1.286,89.9,89.9,3,3,6,89.9,2,2,2,170.8,0,0,1,805.8,1,1,1,170.8,0,0,0,1208.6,0,0,0,11233.2,0,0,0,2301.7,0.0,0,0.0,0,0.0,0,0.0,0,0.0,0,0.0,0
SC0416,경로당,senior_center,내추경로당,마산합포구,진북면,4812533000,,35.167958978612,128.489995799197,point,0,0,,0,0,,0,0,,1552.6,1552.6,0,0,0,1611.4,0,0,0,1552.6,0,0,0,1666.3,0,0,0,1765.7,0,0,0,1665.1,0,0,0,7653.1,0,0,0,1665.1,0.0,0,0.0,0,0.0,0,0.0,0,0.0,0,0.0,0
SC0417,경로당,senior_center,대티경로당,마산합포구,진북면,4812533000,,35.1665720624438,128.467382412532,point,13,12,1.083,28,23,1.217,36,30,1.2,47.2,47.2,11,21,26,47.2,3,7,10,124.8,2,4,5,150.6,4,7,8,150.6,1,2,5,150.6,0,0,0,8444.0,0,1,1,432.1,0.0,0,0.0,0,0.0,0,0.0,0,0.0,0,0.0,0
SC0418,경로당,senior_center,대평경로당,마산합포구,진북면,4812533000,,35.128519730342,128.464306420492,point,0,0,,2,1,2.0,5,4,1.25,301.2,301.2,0,1,4,301.2,0,0,0,1214.5,0,1,1,301.2,0,0,2,801.0,0,0,1,801.0,0,0,0,12485.8,0,0,0,1413.4,0.0,0,0.0,0,0.0,0,0.0,0,0.0,0,0.0,0
SC0419,경로당,senior_center,대현경로당,마산합포구,진북면,4812533000,,35.1748017070536,128.46850600559,point,3,3,1.0,7,7,1.0,33,28,1.179,259.9,259.9,1,3,23,274.3,1,2,8,269.2,2,2,5,259.9,0,2,8,337.3,1,2,5,269.2,0,0,0,7578.0,0,0,1,795.5,0.0,0,0.0,0,0.0,0,0.0,0,0.0,0,0.0,0
SC0420,경로당,senior_center,덕곡경로당,마산합포구,진북면,4812533000,,35.1269535417965,128.473471514964,point,0,0,,2,2,1.0,27,23,1.174,383.5,383.5,0,2,21,383.5,0,0,1,847.8,0,0,5,836.6,0,2,2,383.5,0,1,7,435.0,0,0,0,12423.8,0,0,1,744.8,0.0,0,0.0,0,0.0,0,0.0,0,0.0,0,0.0,0
SC0421,경로당,senior_center,덕기경로당,마산합포구,진북면,4812533000,,35.124106299766,128.483162058191,point,2,2,1.0,6,6,1.0,20,17,1.176,56.0,56.0,1,3,11,56.0,1,1,3,201.5,0,1,4,411.9,0,0,0,1168.4,0,1,6,481.4,0,0,0,12551.9,0,0,2,903.5,0.0,0,0.0,0,0.0,0,0.0,0,0.0,0,0.0,0
SC0422,경로당,senior_center,동삼경로당,마산합포구,진북면,4812533000,,35.1226856627341,128.452564209511,point,2,2,1.0,5,4,1.25,9,8,1.125,210.6,210.6,2,4,7,210.6,0,0,2,765.7,0,0,0,1005.2,0,2,5,375.2,0,0,1,993.4,0,0,0,13455.5,0,0,0,2635.0,0.0,0,0.0,0,0.0,0,0.0,0,0.0,0,0.0,0
SC0423,경로당,senior_center,동촌남성경로당,마산합포구,진북면,4812533000,,35.1151473986955,128.468670555,point,2,2,1.0,7,7,1.0,20,19,1.053,157.4,157.4,1,4,13,248.5,1,1,6,157.4,0,0,2,520.9,0,1,7,400.0,0,2,3,396.7,0,0,0,13801.2,0,0,0,2070.8,0.0,0,0.0,0,0.0,0,0.0,0,0.0,0,0.0,0
SC0424,경로당,senior_center,동촌여성경로당,마산합포구,진북면,4812533000,,35.1151473986955,128.468670555,point,2,2,1.0,7,7,1.0,20,19,1.053,157.4,157.4,1,4,13,248.5,1,1,6,157.4,0,0,2,520.9,0,1,7,400.0,0,2,3,396.7,0,0,0,13801.2,0,0,0,2070.8,0.0,0,0.0,0,0.0,0,0.0,0,0.0,0,0.0,0
SC0425,경로당,senior_center,망곡경로당,마산합포구,진북면,4812533000,,35.1431987920335,128.483897694644,point,24,21,1.143,43,34,1.265,131,95,1.379,24.1,24.1,21,37,99,24.1,4,6,26,186.5,7,8,29,124.9,3,5,14,235.8,2,3,17,186.5,0,0,0,10456.3,1,1,4,186.5,0.0,0,0.0,0,0.0,0,0.0,0,0.0,0,0.0,0
SC0426,경로당,senior_center,부산경로당,마산합포구,진북면,4812533000,,35.1388967732597,128.464285113357,point,0,0,,0,0,,5,4,1.25,741.6,741.6,0,0,3,746.1,0,0,0,1272.6,0,0,2,741.6,0,0,0,1176.6,0,0,0,1176.6,0,0,0,11396.0,0,0,0,1203.3,0.0,0,0.0,0,0.0,0,0.0,0,0.0,0,0.0,0
SC0427,경로당,senior_center,부평경로당,마산합포구,진북면,4812533000,,35.1494503901921,128.481414754578,point,3,1,3.0,18,13,1.385,106,80,1.325,238.2,238.2,2,16,84,238.2,0,0,18,580.7,0,1,17,474.6,1,2,17,238.2,0,0,10,674.9,0,0,0,9826.9,0,0,3,718.0,0.0,0,0.0,0,0.0,0,0.0,0,0.0,0,0.0,0
SC0429,경로당,senior_center,서촌남성경로당,마산합포구,진북면,4812533000,,35.115195323591,128.464993789689,point,3,3,1.0,7,7,1.0,27,24,1.125,210.6,210.6,2,4,20,210.6,0,4,8,334.7,0,0,3,626.7,0,3,7,334.7,2,3,4,210.6,0,0,0,13883.3,0,0,0,2243.6,0.0,0,0.0,0,0.0,0,0.0,0,0.0,0,0.0,0
SC0430,경로당,senior_center,서촌여성경로당,마산합포구,진북면,4812533000,,35.115195323591,128.464993789689,point,3,3,1.0,7,7,1.0,27,24,1.125,210.6,210.6,2,4,20,210.6,0,4,8,334.7,0,0,3,626.7,0,3,7,334.7,2,3,4,210.6,0,0,0,13883.3,0,0,0,2243.6,0.0,0,0.0,0,0.0,0,0.0,0,0.0,0,0.0,0
SC0431,경로당,senior_center,성원아파트경로당,마산합포구,진북면,4812533000,,35.1170229980081,128.463733408134,point,4,4,1.0,8,8,1.0,25,22,1.136,116.6,116.6,3,5,18,117.6,1,3,8,212.4,0,0,3,563.9,1,4,7,212.4,3,3,4,116.6,0,0,0,13720.3,0,0,0,2156.2,0.0,0,0.0,0,0.0,0,0.0,0,0.0,0,0.0,0
SC0432,경로당,senior_center,신촌경로당,마산합포구,진북면,4812533000,,35.1345274479276,128.476672424597,point,19,15,1.267,46,34,1.353,95,74,1.284,70.6,70.6,14,37,74,70.6,1,5,18,295.7,6,14,24,108.8,0,2,5,440.8,3,7,17,153.3,0,0,0,11538.0,1,3,4,260.5,0.0,0,0.0,0,0.0,0,0.0,0,0.0,0,0.0,0
SC0433,경로당,senior_center,연동경로당,마산합포구,진북면,4812533000,,35.1376770538999,128.486800801489,point,8,6,1.333,18,12,1.5,123,94,1.309,100.7,100.7,5,13,92,100.7,1,4,23,252.6,1,1,28,252.0,1,1,11,139.7,1,4,21,164.9,0,0,0,11011.9,0,1,5,481.6,0.0,0,0.0,0,0.0,0,0.0,0,0.0,0,0.0,0
SC0435,경로당,senior_center,예곡경로당,마산합포구,진북면,4812533000,,35.1177331201842,128.453540698119,point,1,1,1.0,2,2,1.0,15,13,1.154,230.1,230.1,1,2,11,230.1,0,0,5,518.7,0,0,1,525.7,0,0,7,518.7,0,0,2,725.8,0,0,0,13937.8,0,0,0,2812.2,0.0,0,0.0,0,0.0,0,0.0,0,0.0,0,0.0,0
SC0436,경로당,senior_center,외추경로당,마산합포구,진북면,4812533000,,35.1566979941188,128.478977134984,point,7,7,1.0,36,24,1.5,61,43,1.419,63.1,63.1,5,20,40,63.1,1,9,11,195.0,1,3,4,298.3,0,8,14,388.8,2,5,8,195.0,0,0,0,9104.8,0,1,2,453.9,0.0,0,0.0,0,0.0,0,0.0,0,0.0,0,0.0,0
SC0437,경로당,senior_center,이목남성경로당,마산합포구,진북면,4812533000,,35.1347143098553,128.46297716675,point,0,0,,2,1,2.0,6,5,1.2,445.3,445.3,0,1,4,445.3,0,0,0,1450.4,0,1,2,445.3,0,0,1,981.3,0,0,1,981.3,0,0,0,11873.3,0,0,0,1321.4,0.0,0,0.0,0,0.0,0,0.0,0,0.0,0,0.0,0
SC0438,경로당,senior_center,이목여성경로당,마산합포구,진북면,4812533000,,35.1347143098553,128.46297716675,point,0,0,,2,1,2.0,6,5,1.2,445.3,445.3,0,1,4,445.3,0,0,0,1450.4,0,1,2,445.3,0,0,1,981.3,0,0,1,981.3,0,0,0,11873.3,0,0,0,1321.4,0.0,0,0.0,0,0.0,0,0.0,0,0.0,0,0.0,0
SC0442,경로당,senior_center,정삼경로당,마산합포구,진북면,4812533000,,35.1720876296897,128.462274115878,point,2,2,1.0,9,8,1.125,35,30,1.167,235.3,235.3,2,7,25,235.3,0,1,8,321.6,1,1,5,284.6,0,2,9,321.6,0,0,5,583.5,0,0,0,8113.1,0,0,1,966.2,0.0,0,0.0,0,0.0,0,0.0,0,0.0,0,0.0,0
SC0443,경로당,senior_center,중촌경로당,마산합포구,진북면,4812533000,,35.1712242265,128.470736640161,point,6,5,1.2,14,11,1.273,41,34,1.206,105.3,105.3,3,9,28,105.3,2,4,11,188.2,1,1,6,188.2,2,4,10,198.0,2,3,4,188.2,0,0,0,7847.3,0,1,1,354.2,0.0,0,0.0,0,0.0,0,0.0,0,0.0,0,0.0,0
SC0444,경로당,senior_center,예곡경로당,마산합포구,현동,4812551000,,35.1691719810144,128.54693437792,point,0,0,,0,0,,1,1,1.0,851.5,851.5,0,0,0,1316.5,0,0,0,1316.5,0,0,1,851.5,0,0,0,2562.9,0,0,0,1267.0,0,0,0,5924.9,0,0,0,1316.5,0.0,0,0.0,0,0.0,0,0.0,0,0.0,0,0.0,0
SC0445,경로당,senior_center,두릉경로당,마산합포구,현동,4812551000,,35.1773126490988,128.533621733076,point,0,0,,0,0,,0,0,,2057.6,2057.6,0,0,0,2642.8,0,0,0,2105.4,0,0,0,2105.4,0,0,0,3797.9,0,0,0,2057.6,0,0,0,5675.6,0,0,0,2105.4,0.0,0,0.0,0,0.0,0,0.0,0,0.0,0,0.0,0
SC0446,경로당,senior_center,우산경로당,마산합포구,현동,4812551000,,35.1583540812226,128.554119273912,point,2,2,1.0,2,2,1.0,7,6,1.167,49.4,49.4,2,2,2,49.4,1,1,1,124.4,1,1,5,124.4,0,0,0,1998.0,1,1,2,124.4,0,0,0,6805.3,1,1,2,124.4,0.0,0,0.0,0,0.0,0,0.0,0,0.0,0,0.0,0
SC0447,경로당,senior_center,옥동경로당,마산합포구,현동,4812551000,,35.1526684842808,128.54783234757,point,1,1,1.0,4,3,1.333,6,5,1.2,295.3,295.3,0,0,2,770.6,0,0,1,770.6,1,3,4,295.3,0,0,0,2785.7,0,1,2,397.7,0,0,0,7583.7,0,1,2,397.7,0.0,0,0.0,0,0.0,0,0.0,0,0.0,0,0.0,0
SC0448,경로당,senior_center,묘촌남성경로당,마산합포구,현동,4812551000,,35.1383556530836,128.557038679676,point,0,0,,0,0,,3,1,3.0,737.0,737.0,0,0,0,1301.9,0,0,0,1173.0,0,0,1,737.0,0,0,0,3241.8,0,0,2,737.0,0,0,0,8146.6,0,0,0,1173.0,0.0,0,0.0,0,0.0,0,0.0,0,0.0,0,0.0,0
SC0449,경로당,senior_center,묘촌여성경로당,마산합포구,현동,4812551000,,35.1383556530836,128.557038679676,point,0,0,,0,0,,3,1,3.0,737.0,737.0,0,0,0,1301.9,0,0,0,1173.0,0,0,1,737.0,0,0,0,3241.8,0,0,2,737.0,0,0,0,8146.6,0,0,0,1173.0,0.0,0,0.0,0,0.0,0,0.0,0,0.0,0,0.0,0
SC0450,경로당,senior_center,덕동남성경로당,마산합포구,현동,4812551000,,35.1384775966469,128.575346309209,point,0,0,,0,0,,1,1,1.0,808.7,808.7,0,0,0,2067.1,0,0,1,808.7,0,0,0,1163.8,0,0,0,2725.1,0,0,1,808.7,0,0,0,6477.8,0,0,1,808.7,0.0,0,0.0,0,0.0,0,0.0,0,0.0,0,0.0,0
SC0451,경로당,senior_center,덕동여성경로당,마산합포구,현동,4812551000,,35.1384775966469,128.575346309209,point,0,0,,0,0,,1,1,1.0,808.7,808.7,0,0,0,2067.1,0,0,1,808.7,0,0,0,1163.8,0,0,0,2725.1,0,0,1,808.7,0,0,0,6477.8,0,0,1,808.7,0.0,0,0.0,0,0.0,0,0.0,0,0.0,0,0.0,0
SC0452,경로당,senior_center,율곡경로당,마산합포구,현동,4812551000,,35.1673505761624,128.552638120421,point,0,0,,1,1,1.0,2,2,1.0,424.8,424.8,0,0,1,985.1,0,0,0,1002.8,0,1,1,424.8,0,0,0,2017.1,0,0,0,1002.8,0,0,0,5903.1,0,0,0,1002.8,0.0,0,0.0,0,0.0,0,0.0,0,0.0,0,0.0,0
SC0453,경로당,senior_center,중흥1차경로당,마산합포구,현동,4812551000,,35.1527900505769,128.549821054958,point,4,3,1.333,4,3,1.333,7,6,1.167,120.8,120.8,0,0,2,668.8,0,0,1,668.8,3,3,5,120.8,0,0,0,2619.5,1,1,2,231.8,0,0,0,7512.3,1,1,2,231.8,0.0,0,0.0,0,0.0,0,0.0,0,0.0,0,0.0,0
SC0454,경로당,senior_center,창원현동LH아파트경로당,마산합포구,현동,4812551000,,35.1524849386005,128.554094106993,point,4,3,1.333,4,3,1.333,7,6,1.167,264.0,264.0,0,0,2,658.3,0,0,1,658.3,3,3,5,264.0,0,0,0,2305.1,1,1,2,265.2,0,0,0,7369.5,1,1,2,265.2,0.0,0,0.0,0,0.0,0,0.0,0,0.0,0,0.0,0
SC0455,경로당,senior_center,그린경로당,마산합포구,현동,,,35.2914851368351,128.676200935434,point,1,1,1.0,4,4,1.0,18,16,1.125,135.7,135.7,0,3,14,402.3,0,0,1,575.5,1,1,3,135.7,0,0,1,571.8,0,0,0,1136.2,0,0,0,8198.5,0,0,0,1136.2,0.0,0,124.0,2,315.0,11,0.0,0,878.2,2,8186.5,11
SC0456,경로당,senior_center,현동중흥S클래스프라디움3차경로당,마산합포구,현동,4812551000,,35.148631512036,128.558356407781,point,1,1,1.0,1,1,1.0,5,4,1.25,102.3,102.3,0,0,0,1160.6,0,0,0,1189.6,1,1,4,102.3,0,0,0,2272.2,0,0,1,841.3,0,0,0,7575.9,0,0,1,841.3,0.0,0,0.0,0,0.0,0,0.0,0,0.0,0,0.0,0
SC0457,경로당,senior_center,현동 코오롱하늘채아파트 경로당,마산합포구,현동,4812551000,,35.1453138863429,128.55703483767,point,0,0,,1,1,1.0,1,1,1.0,301.1,301.1,0,0,0,1493.1,0,0,0,1494.5,0,1,1,301.1,0,0,0,2622.7,0,0,0,1075.3,0,0,0,7960.8,0,0,0,1075.3,0.0,0,0.0,0,0.0,0,0.0,0,0.0,0,0.0,0
SC0458,경로당,senior_center,현동중흥2차아파트경로당,마산합포구,현동,4812551000,,35.1451846205351,128.554784357204,point,0,0,,1,1,1.0,3,3,1.0,400.7,400.7,0,0,0,1468.7,0,0,0,1468.7,0,1,3,400.7,0,0,0,2773.0,0,0,0,1016.4,0,0,0,8060.7,0,0,0,1016.4,0.0,0,0.0,0,0.0,0,0.0,0,0.0,0,0.0,0
SC0459,경로당,senior_center,상춘남성경로당,마산합포구,완월동,4812557000,,35.1987935334702,128.559559185447,point,0,0,,1,1,1.0,17,15,1.133,363.3,363.3,0,0,2,752.3,0,0,6,550.1,0,1,10,363.3,0,0,0,1105.9,0,0,3,550.1,0,0,0,2502.9,0,0,3,550.1,0.0,0,0.0,0,0.0,0,0.0,0,0.0,0,0.0,0
SC0460,경로당,senior_center,상춘여성경로당,마산합포구,완월동,4812557000,,35.1987935334702,128.559559185447,point,0,0,,1,1,1.0,17,15,1.133,363.3,363.3,0,0,2,752.3,0,0,6,550.1,0,1,10,363.3,0,0,0,1105.9,0,0,3,550.1,0,0,0,2502.9,0,0,3,550.1,0.0,0,0.0,0,0.0,0,0.0,0,0.0,0,0.0,0
SC0461,경로당,senior_center,완월남성경로당,마산합포구,완월동,4812557000,,35.1976990572009,128.564589121995,point,1,1,1.0,10,8,1.25,65,47,1.383,190.5,190.5,0,2,25,386.2,1,5,12,190.5,1,4,23,190.5,0,0,3,673.0,1,3,10,190.5,0,0,0,2374.8,1,3,5,190.5,0.0,0,0.0,0,0.0,0,0.0,0,0.0,0,0.0,0
SC0462,경로당,senior_center,완월여성경로당,마산합포구,완월동,4812557000,,35.1976990572009,128.564589121995,point,1,1,1.0,10,8,1.25,65,47,1.383,190.5,190.5,0,2,25,386.2,1,5,12,190.5,1,4,23,190.5,0,0,3,673.0,1,3,10,190.5,0,0,0,2374.8,1,3,5,190.5,0.0,0,0.0,0,0.0,0,0.0,0,0.0,0,0.0,0
SC0463,경로당,senior_center,학산남성경로당,마산합포구,완월동,4812557000,,35.1967619406834,128.559343468734,point,1,1,1.0,2,2,1.0,16,14,1.143,197.0,197.0,0,0,2,646.6,0,0,6,629.5,1,2,9,197.0,0,0,0,1161.3,0,0,3,629.5,0,0,0,2699.7,0,0,3,629.5,0.0,0,0.0,0,0.0,0,0.0,0,0.0,0,0.0,0
SC0464,경로당,senior_center,확산여성경로당,마산합포구,완월동,4812557000,,35.1967619406834,128.559343468734,point,1,1,1.0,2,2,1.0,16,14,1.143,197.0,197.0,0,0,2,646.6,0,0,6,629.5,1,2,9,197.0,0,0,0,1161.3,0,0,3,629.5,0,0,0,2699.7,0,0,3,629.5,0.0,0,0.0,0,0.0,0,0.0,0,0.0,0,0.0,0
SC0465,경로당,senior_center,서광1차아파트경로당,마산합포구,완월동,4812557000,,35.196863093289,128.562563327281,point,0,0,,5,5,1.0,48,33,1.455,378.5,378.5,0,1,19,405.5,0,2,10,378.5,0,3,18,378.5,0,0,1,877.0,0,1,6,378.5,0,0,0,2540.3,0,1,4,378.5,0.0,0,0.0,0,0.0,0,0.0,0,0.0,0,0.0,0
SC0466,경로당,senior_center,화인아파트경로당,마산합포구,완월동,4812557000,,35.1951570547194,128.558304034613,point,1,1,1.0,2,2,1.0,15,13,1.154,132.9,132.9,0,0,1,689.8,0,0,5,673.3,1,2,9,132.9,0,0,0,1306.5,0,0,3,800.8,0,0,0,2900.6,0,0,3,800.8,0.0,0,0.0,0,0.0,0,0.0,0,0.0,0,0.0,0
SC0467,경로당,senior_center,청구제네스아파트경로당,마산합포구,완월동,4812557000,,35.1970797231159,128.55774688891,point,1,1,1.0,1,1,1.0,13,11,1.182,118.1,118.1,0,0,1,794.2,0,0,5,751.4,1,1,8,118.1,0,0,0,1295.0,0,0,2,751.4,0,0,0,2753.9,0,0,2,751.4,0.0,0,0.0,0,0.0,0,0.0,0,0.0,0,0.0,0
SC0468,경로당,senior_center,서광2차아파트경로당,마산합포구,완월동,4812557000,,35.1978582646022,128.556867260386,point,1,1,1.0,1,1,1.0,11,9,1.222,203.8,203.8,0,0,1,902.4,0,0,4,807.4,1,1,7,203.8,0,0,0,1360.0,0,0,2,807.4,0,0,0,2723.5,0,0,2,807.4,0.0,0,0.0,0,0.0,0,0.0,0,0.0,0,0.0,0
SC0469,경로당,senior_center,율티경로당,마산합포구,진전면,4812534000,,35.105706305481,128.452941494986,point,0,0,,4,3,1.333,18,15,1.2,365.5,365.5,0,1,14,469.8,0,1,5,483.2,0,1,2,483.2,0,1,2,469.8,0,3,6,365.5,0,0,0,15214.6,0,0,0,3068.5,0.0,0,0.0,0,0.0,0,0.0,0,0.0,0,0.0,0
SC0474,경로당,senior_center,대산경로당,마산합포구,진전면,,,35.3444709420372,128.689257526975,point,0,0,,2,2,1.0,2,2,1.0,319.9,319.9,0,2,2,319.9,0,0,0,1272.8,0,0,0,1020.6,0,0,0,1464.2,0,0,0,1301.5,0,0,0,13106.3,0,0,0,1992.5,0.0,0,12.0,2,12.0,2,0.0,0,1691.6,2,1691.6,2
SC0475,경로당,senior_center,봉곡경로당,마산합포구,진전면,,,35.2483525027003,128.66475266432,point,0,0,,2,2,1.0,9,9,1.0,418.7,418.7,0,1,1,418.7,0,0,1,692.1,0,0,3,601.6,0,0,0,4414.0,0,1,4,459.4,0,0,0,5860.8,0,1,3,459.4,0.0,0,0.0,0,0.0,0,0.0,0,0.0,0,0.0,0
SC0479,경로당,senior_center,동산경로당,마산합포구,진전면,,,35.2328276509476,128.572476869248,point,1,1,1.0,9,9,1.0,33,33,1.0,286.2,286.2,0,0,7,532.6,0,2,4,371.6,1,5,20,286.2,0,0,0,1627.0,0,2,4,346.7,0,1,3,346.7,0,0,0,1498.0,0.0,0,0.0,0,0.0,0,0.0,0,0.0,0,0.0,0
SC0484,경로당,senior_center,봉암경로당,마산합포구,진전면,,,35.2138397890301,128.615773123641,point,4,3,1.333,11,7,1.571,81,49,1.653,176.7,176.7,3,6,65,176.7,0,3,14,350.2,0,2,20,350.2,0,0,0,1558.3,1,5,11,176.7,0,4,4,350.2,1,3,6,176.7,0.0,0,0.0,0,1016.0,25,0.0,0,0.0,0,104451.2,25
SC0486,경로당,senior_center,대방경로당,마산합포구,진전면,,,35.3444709420372,128.689257526975,point,0,0,,2,2,1.0,2,2,1.0,319.9,319.9,0,2,2,319.9,0,0,0,1272.8,0,0,0,1020.6,0,0,0,1464.2,0,0,0,1301.5,0,0,0,13106.3,0,0,0,1992.5,0.0,0,12.0,2,12.0,2,0.0,0,1691.6,2,1691.6,2
SC0497,경로당,senior_center,창포경로당,마산합포구,진전면,4812534000,,35.0898733305171,128.459761908471,point,1,1,1.0,1,1,1.0,1,1,1.0,60.5,60.5,1,1,1,60.5,0,0,0,1796.8,1,1,1,60.5,0,0,0,1705.3,1,1,1,60.5,0,0,0,16719.9,0,0,0,2997.4,0.0,0,0.0,0,0.0,0,0.0,0,0.0,0,0.0,0
SC0498,경로당,senior_center,창포여성경로당,마산합포구,진전면,4812534000,,35.0898733305171,128.459761908471,point,1,1,1.0,1,1,1.0,1,1,1.0,60.5,60.5,1,1,1,60.5,0,0,0,1796.8,1,1,1,60.5,0,0,0,1705.3,1,1,1,60.5,0,0,0,16719.9,0,0,0,2997.4,0.0,0,0.0,0,0.0,0,0.0,0,0.0,0,0.0,0
SC0501,경로당,senior_center,소포경로당,마산합포구,진전면,4812534000,,35.0747787733546,128.45200595636,point,0,0,,0,0,,0,0,,1849.6,1849.6,0,0,0,1849.6,0,0,0,2722.4,0,0,0,1849.6,0,0,0,2722.4,0,0,0,1849.6,0,0,0,18521.5,0,0,0,2722.4,0.0,0,0.0,0,0.0,0,0.0,0,0.0,0,0.0,0
SC0514,경로당,senior_center,진동경로당,마산합포구,진동면,4812532000,,35.1147504793412,128.488204973656,point,1,1,1.0,4,3,1.333,8,6,1.333,293.3,293.3,0,0,3,609.1,0,2,2,462.0,1,1,3,293.3,0,1,3,473.4,0,0,1,728.3,0,0,0,13512.4,0,0,0,1996.8,0.0,0,0.0,0,0.0,0,0.0,0,0.0,0,0.0,0
SC0515,경로당,senior_center,서촌1구경로당,마산합포구,진동면,4812532000,,35.1144039137929,128.487539363209,point,1,1,1.0,2,2,1.0,8,6,1.333,255.8,255.8,0,0,3,554.1,0,1,2,418.5,1,1,3,255.8,0,0,3,508.3,0,0,1,704.9,0,0,0,13558.1,0,0,0,2025.0,0.0,0,0.0,0,0.0,0,0.0,0,0.0,0,0.0,0
SC0516,경로당,senior_center,고현경로당,마산합포구,진동면,4812532000,,35.1025356625423,128.479856516783,point,2,2,1.0,4,4,1.0,6,5,1.2,100.1,100.1,2,3,4,100.1,0,0,0,1522.0,0,0,1,959.2,0,0,1,959.2,0,1,1,392.5,0,0,0,14962.5,0,0,0,3227.7,0.0,0,0.0,0,0.0,0,0.0,0,0.0,0,0.0,0
SC0517,경로당,senior_center,광암경로당,마산합포구,진동면,4812532000,,35.1045334746148,128.498024633202,point,3,3,1.0,3,3,1.0,6,6,1.0,88.9,88.9,3,3,6,88.9,0,0,0,1010.0,0,0,1,868.1,0,0,1,868.1,0,0,1,868.1,0,0,0,14075.0,0,0,0,3341.5,0.0,0,0.0,0,0.0,0,0.0,0,0.0,0,0.0,0
SC0518,경로당,senior_center,동촌1구경로당,마산합포구,진동면,4812532000,,35.112399521109,128.489226013285,point,0,0,,5,3,1.667,8,6,1.333,307.1,309.0,0,2,3,432.6,0,1,2,309.0,0,2,3,432.6,0,3,3,307.1,0,1,1,456.8,0,0,0,13760.4,0,0,0,2270.5,0.0,0,0.0,0,0.0,0,0.0,0,0.0,0,0.0,0
SC0519,경로당,senior_center,서촌2구 경로당,마산합포구,진동면,4812532000,,35.1128240276934,128.486574842506,point,0,0,,4,3,1.333,10,8,1.25,338.5,338.5,0,1,5,363.9,0,1,2,454.4,0,2,3,338.5,0,1,3,363.9,0,0,1,576.4,0,0,0,13743.3,0,0,0,2187.5,0.0,0,0.0,0,0.0,0,0.0,0,0.0,0,0.0,0
SC0520,경로당,senior_center,서촌3구경로당,마산합포구,진동면,4812532000,,35.1128069405903,128.484167135081,point,0,0,,4,3,1.333,11,9,1.222,328.9,328.9,0,1,5,392.3,0,1,2,356.3,0,2,4,328.9,0,1,3,392.3,0,0,1,709.1,0,0,0,13775.7,0,0,0,2133.4,0.0,0,0.0,0,0.0,0,0.0,0,0.0,0,0.0,0
SC0521,경로당,senior_center,교동경로당,마산합포구,진동면,4812532000,,35.1174445938579,128.500996257639,point,1,1,1.0,1,1,1.0,5,4,1.25,73.0,73.0,0,0,1,846.6,0,0,1,942.5,0,0,2,807.0,1,1,2,73.0,0,0,1,846.6,0,0,0,12935.6,0,0,0,2255.9,0.0,0,0.0,0,0.0,0,0.0,0,0.0,0,0.0,0
SC0522,경로당,senior_center,입곡경로당,마산합포구,진동면,4812532000,,35.1361986126391,128.517688047393,point,0,0,,2,2,1.0,3,3,1.0,489.4,489.4,0,1,2,495.4,0,1,1,489.4,0,1,1,489.4,0,1,1,489.4,0,0,0,1283.1,0,0,0,10400.1,0,0,0,1407.4,0.0,0,0.0,0,0.0,0,0.0,0,0.0,0,0.0,0
SC0523,경로당,senior_center,죽전남성경로당,마산합포구,진동면,4812532000,,35.1063664751375,128.47798160089,point,1,1,1.0,2,2,1.0,9,8,1.125,266.2,266.2,1,2,7,266.2,0,0,0,1170.5,0,0,1,809.0,0,0,1,809.0,0,0,1,644.3,0,0,0,14572.5,0,0,0,2805.1,0.0,0,0.0,0,0.0,0,0.0,0,0.0,0,0.0,0
SC0524,경로당,senior_center,죽전여성경로당,마산합포구,진동면,4812532000,,35.1063664751375,128.47798160089,point,1,1,1.0,2,2,1.0,9,8,1.125,266.2,266.2,1,2,7,266.2,0,0,0,1170.5,0,0,1,809.0,0,0,1,809.0,0,0,1,644.3,0,0,0,14572.5,0,0,0,2805.1,0.0,0,0.0,0,0.0,0,0.0,0,0.0,0,0.0,0
SC0525,경로당,senior_center,신기경로당,마산합포구,진동면,4812532000,,35.1118973376864,128.475512659047,point,3,3,1.0,4,4,1.0,14,13,1.077,186.8,186.8,3,3,8,186.8,0,0,3,579.1,0,1,3,363.4,0,0,3,765.4,0,0,0,1117.0,0,0,0,14012.4,0,0,0,2216.3,0.0,0,0.0,0,0.0,0,0.0,0,0.0,0,0.0,0
SC0526,경로당,senior_center,성산남자경로당,마산합포구,진동면,4812532000,,35.1151912412353,128.489162528953,point,0,0,,3,2,1.5,9,7,1.286,366.6,366.6,0,0,3,687.8,0,1,2,435.7,0,1,4,366.6,0,1,3,434.8,0,0,1,766.2,0,0,0,13453.4,0,0,0,1966.5,0.0,0,0.0,0,0.0,0,0.0,0,0.0,0,0.0,0
SC0527,경로당,senior_center,성산여자경로당,마산합포구,진동면,4812532000,,35.1151912412353,128.489162528953,point,0,0,,3,2,1.5,9,7,1.286,366.6,366.6,0,0,3,687.8,0,1,2,435.7,0,1,4,366.6,0,1,3,434.8,0,0,1,766.2,0,0,0,13453.4,0,0,0,1966.5,0.0,0,0.0,0,0.0,0,0.0,0,0.0,0,0.0,0
SC0528,경로당,senior_center,혜창아파트경로당,마산합포구,진동면,4812532000,,35.1116497961331,128.490931161751,point,2,1,2.0,3,2,1.5,8,6,1.333,176.7,178.7,0,1,3,388.8,1,1,2,178.7,0,1,3,388.8,1,2,3,176.7,0,1,1,388.8,0,0,0,13826.4,0,0,0,2386.6,0.0,0,0.0,0,0.0,0,0.0,0,0.0,0,0.0,0
SC0529,경로당,senior_center,장기경로당,마산합포구,진동면,4812532000,,35.0996219474402,128.476635332779,point,0,0,,1,1,1.0,4,4,1.0,492.2,492.2,0,1,3,492.2,0,0,0,1713.1,0,0,0,1393.8,0,0,0,1392.6,0,0,1,793.2,0,0,0,15330.9,0,0,0,3559.3,0.0,0,0.0,0,0.0,0,0.0,0,0.0,0,0.0,0
SC0530,경로당,senior_center,건우아파트경로당,마산합포구,진동면,4812532000,,35.1103592515322,128.483757956175,point,2,1,2.0,2,1,2.0,14,12,1.167,216.8,216.8,1,1,8,216.8,0,0,2,621.2,1,1,3,216.8,1,1,3,216.8,0,0,2,586.4,0,0,0,14049.9,0,0,0,2393.3,0.0,0,0.0,0,0.0,0,0.0,0,0.0,0,0.0,0
SC0531,경로당,senior_center,사동1구경로당,마산합포구,진동면,4812532000,,35.11877936603,128.480805442935,point,0,0,,1,1,1.0,13,13,1.0,390.7,390.7,0,0,7,679.5,0,1,2,390.7,0,0,3,528.8,0,0,1,857.8,0,0,0,1075.0,0,0,0,13171.3,0,0,0,1431.1,0.0,0,0.0,0,0.0,0,0.0,0,0.0,0,0.0,0
SC0532,경로당,senior_center,동전경로당,마산합포구,진동면,4812532000,,35.1595294174722,128.517950609284,point,0,0,,0,0,,0,0,,1392.5,1392.5,0,0,0,1401.2,0,0,0,1978.2,0,0,0,1856.6,0,0,0,1392.5,0,0,0,1579.6,0,0,0,8103.5,0,0,0,1579.6,0.0,0,0.0,0,0.0,0,0.0,0,0.0,0,0.0,0
SC0533,경로당,senior_center,묵지경로당,마산합포구,진동면,4812532000,,35.1597502964566,128.529493832841,point,0,0,,0,0,,0,0,,1412.0,1412.0,0,0,0,2125.8,0,0,0,2125.8,0,0,0,2082.7,0,0,0,2231.5,0,0,0,1412.0,0,0,0,7576.5,0,0,0,1412.0,0.0,0,0.0,0,0.0,0,0.0,0,0.0,0,0.0,0
SC0534,경로당,senior_center,새모실경로당,마산합포구,진동면,4812532000,,35.1527128953363,128.516726404868,point,0,0,,0,0,,9,7,1.286,818.5,818.5,0,0,6,818.5,0,0,0,1289.4,0,0,0,1155.8,0,0,3,899.9,0,0,0,1092.6,0,0,0,8809.5,0,0,0,1092.6,0.0,0,0.0,0,0.0,0,0.0,0,0.0,0,0.0,0
SC0535,경로당,senior_center,오산경로당,마산합포구,진동면,4812532000,,35.1417192415431,128.505937841161,point,4,4,1.0,9,9,1.0,31,26,1.192,92.7,92.7,3,7,21,92.7,1,1,3,281.3,0,1,6,411.1,0,0,6,571.6,0,0,2,998.2,0,0,0,10360.5,0,0,0,1923.1,0.0,0,0.0,0,0.0,0,0.0,0,0.0,0,0.0,0
SC0536,경로당,senior_center,태봉경로당,마산합포구,진동면,4812532000,,35.1471213370323,128.509640810675,point,12,10,1.2,15,13,1.154,19,17,1.118,134.5,134.5,9,11,14,134.5,0,1,1,406.8,1,1,1,292.2,2,2,3,134.5,0,0,0,1365.8,0,0,0,9672.9,0,0,0,1553.9,0.0,0,0.0,0,0.0,0,0.0,0,0.0,0,0.0,0
SC0537,경로당,senior_center,다구경로당,마산합포구,진동면,4812532000,,35.1075359185424,128.520219567079,point,1,1,1.0,2,2,1.0,2,2,1.0,140.4,140.4,1,1,1,140.4,0,0,0,2576.3,1,1,1,140.4,0,1,1,303.2,1,1,1,140.4,0,0,0,12040.2,0,0,0,4285.6,0.0,0,0.0,0,0.0,0,0.0,0,0.0,0,0.0,0
SC0538,경로당,senior_center,야촌경로당,마산합포구,진동면,4812532000,,35.1191433630586,128.494982315097,point,0,0,,0,0,,7,6,1.167,545.9,545.9,0,0,1,801.6,0,0,1,770.8,0,0,4,576.4,0,0,2,545.9,0,0,1,801.6,0,0,0,12964.6,0,0,0,1769.0,0.0,0,0.0,0,0.0,0,0.0,0,0.0,0,0.0,0
SC0539,경로당,senior_center,도만경로당,마산합포구,진동면,4812532000,,35.1187628407804,128.531283708579,point,0,0,,0,0,,1,1,1.0,504.0,504.0,0,0,1,504.0,0,0,0,1810.0,0,0,0,1734.6,0,0,0,1579.3,0,0,0,1734.6,0,0,0,10745.2,0,0,0,3107.1,0.0,0,0.0,0,0.0,0,0.0,0,0.0,0,0.0,0
SC0540,경로당,senior_center,요장1구 경로당,마산합포구,진동면,4812532000,,35.1113376651453,128.493356188264,point,2,1,2.0,4,3,1.333,8,6,1.333,143.3,143.3,0,2,4,422.5,1,1,1,143.3,0,1,3,475.4,1,2,3,143.6,0,1,1,475.4,0,0,0,13840.1,0,0,0,2484.5,0.0,0,0.0,0,0.0,0,0.0,0,0.0,0,0.0,0
SC0541,경로당,senior_center,주도경로당,마산합포구,진동면,4812532000,,35.0998376470048,128.50483337783,point,1,1,1.0,1,1,1.0,4,4,1.0,211.9,211.9,1,1,4,211.9,0,0,0,1791.2,0,0,0,1539.6,0,0,0,1670.7,0,0,0,1539.6,0,0,0,13639.1,0,0,0,4074.8,0.0,0,0.0,0,0.0,0,0.0,0,0.0,0,0.0,0
SC0542,경로당,senior_center,동촌2구경로당,마산합포구,진동면,4812532000,,35.1116374777265,128.486482325699,point,2,1,2.0,4,3,1.333,11,9,1.222,232.9,232.9,1,2,5,232.9,0,0,2,557.0,1,3,3,232.9,1,2,3,232.9,0,1,2,471.4,0,0,0,13874.9,0,0,0,2311.0,0.0,0,0.0,0,0.0,0,0.0,0,0.0,0,0.0,0
SC0543,경로당,senior_center,한일유엔아이아파트경로당,마산합포구,진동면,4812532000,,35.1213926238899,128.488555381395,point,1,1,1.0,2,2,1.0,9,9,1.0,284.5,284.5,0,0,3,564.6,0,1,2,479.2,1,1,3,284.5,0,0,0,1056.4,0,0,1,962.7,0,0,0,12777.1,0,0,0,1287.4,0.0,0,0.0,0,0.0,0,0.0,0,0.0,0,0.0,0
SC0544,경로당,senior_center,양도경로당,마산합포구,진동면,4812532000,,35.0816989456876,128.491474964018,point,0,0,,0,0,,0,0,,2250.6,2250.6,0,0,0,2250.6,0,0,0,3416.7,0,0,0,2956.4,0,0,0,2956.4,0,0,0,2499.2,0,0,0,15517.4,0,0,0,5649.0,0.0,0,0.0,0,0.0,0,0.0,0,0.0,0,0.0,0
SC0545,경로당,senior_center,협성엠파이어아파트경로당,마산합포구,진동면,4812532000,,35.1209867504771,128.487493962711,point,0,0,,2,2,1.0,9,9,1.0,318.3,318.3,0,0,3,523.0,0,1,2,464.6,0,1,3,318.3,0,0,0,1053.3,0,0,1,947.5,0,0,0,12834.4,0,0,0,1305.6,0.0,0,0.0,0,0.0,0,0.0,0,0.0,0,0.0,0
SC0546,경로당,senior_center,동촌3구경로당,마산합포구,진동면,4812532000,,35.1116089906834,128.488436301534,point,0,0,,5,3,1.667,9,7,1.286,319.6,319.6,0,2,3,319.6,0,1,2,392.8,0,2,3,319.6,0,3,3,319.6,0,1,2,384.3,0,0,0,13855.9,0,0,0,2344.0,0.0,0,0.0,0,0.0,0,0.0,0,0.0,0,0.0,0
SC0547,경로당,senior_center,송도경로당,마산합포구,진동면,4812532000,,35.0911208655226,128.490867337371,point,0,0,,0,0,,0,0,,1292.3,1292.3,0,0,0,1292.3,0,0,0,2375.0,0,0,0,1909.4,0,0,0,1909.4,0,0,0,1495.8,0,0,0,15165.9,0,0,0,4615.3,0.0,0,0.0,0,0.0,0,0.0,0,0.0,0,0.0,0
SC0548,경로당,senior_center,월영대내경로당,마산합포구,월영동,4812553000,,35.1815761338702,128.555886582495,point,0,0,,4,4,1.0,22,20,1.1,313.0,313.0,0,0,2,633.0,0,3,5,313.0,0,1,14,313.0,0,0,0,2236.1,0,3,5,313.0,0,0,0,4331.5,0,2,4,313.0,0.0,0,0.0,0,0.0,0,0.0,0,0.0,0,0.0,0
SC0549,경로당,senior_center,새동네남성경로당,마산합포구,월영동,4812553000,,35.1762448108404,128.556175187033,point,1,1,1.0,2,2,1.0,15,14,1.071,159.9,159.9,0,0,2,694.0,0,0,4,600.5,0,1,9,491.3,0,0,0,1917.7,1,1,3,159.9,0,0,0,4866.2,0,0,2,700.1,0.0,0,0.0,0,0.0,0,0.0,0,0.0,0,0.0,0
SC0550,경로당,senior_center,새동네여성경로당,마산합포구,월영동,4812553000,,35.1762448108404,128.556175187033,point,1,1,1.0,2,2,1.0,15,14,1.071,159.9,159.9,0,0,2,694.0,0,0,4,600.5,0,1,9,491.3,0,0,0,1917.7,1,1,3,159.9,0,0,0,4866.2,0,0,2,700.1,0.0,0,0.0,0,0.0,0,0.0,0,0.0,0,0.0,0
SC0551,경로당,senior_center,월영남성경로당,마산합포구,월영동,4812553000,,35.1772950522106,128.555787752432,point,1,1,1.0,2,2,1.0,17,16,1.062,57.3,57.3,0,0,2,667.8,0,0,4,530.0,0,1,10,460.6,0,0,0,1997.6,1,1,4,57.3,0,0,0,4771.2,0,0,3,634.7,0.0,0,0.0,0,0.0,0,0.0,0,0.0,0,0.0,0
SC0552,경로당,senior_center,월영여성경로당,마산합포구,월영동,4812553000,,35.1772950522106,128.555787752432,point,1,1,1.0,2,2,1.0,17,16,1.062,57.3,57.3,0,0,2,667.8,0,0,4,530.0,0,1,10,460.6,0,0,0,1997.6,1,1,4,57.3,0,0,0,4771.2,0,0,3,634.7,0.0,0,0.0,0,0.0,0,0.0,0,0.0,0,0.0,0
SC0553,경로당,senior_center,해운경로당(남자),마산합포구,월영동,4812553000,,35.1778493058388,128.563758324427,point,4,3,1.333,13,12,1.083,21,19,1.105,242.4,242.4,2,2,2,242.4,1,4,5,242.4,1,7,12,276.6,0,0,0,1417.1,0,1,4,473.9,0,0,0,4486.1,0,1,3,473.9,0.0,0,0.0,0,0.0,0,0.0,0,0.0,0,0.0,0
SC0554,경로당,senior_center,해운경로당(여자),마산합포구,월영동,4812553000,,35.1778493058388,128.563758324427,point,4,3,1.333,13,12,1.083,21,19,1.105,242.4,242.4,2,2,2,242.4,1,4,5,242.4,1,7,12,276.6,0,0,0,1417.1,0,1,4,473.9,0,0,0,4486.1,0,1,3,473.9,0.0,0,0.0,0,0.0,0,0.0,0,0.0,0,0.0,0
SC0555,경로당,senior_center,대내주공아파트경로당,마산합포구,월영동,4812553000,,35.1817136900369,128.558162488243,point,2,2,1.0,10,9,1.111,24,22,1.091,177.4,177.4,0,1,2,448.5,2,4,5,177.4,0,5,16,363.8,0,0,0,2083.3,1,3,5,238.2,0,0,0,4235.4,1,2,4,238.2,0.0,0,0.0,0,0.0,0,0.0,0,0.0,0,0.0,0
SC0556,경로당,senior_center,월영라이프경로당,마산합포구,월영동,4812553000,,35.1768755777186,128.55503268919,point,1,1,1.0,1,1,1.0,13,12,1.083,139.2,139.2,0,0,2,749.8,0,0,4,611.2,0,0,7,542.6,0,0,0,2040.9,1,1,3,139.2,0,0,0,4840.5,0,0,2,716.5,0.0,0,0.0,0,0.0,0,0.0,0,0.0,0,0.0,0
SC0557,경로당,senior_center,화인아트빌라남자경로당,마산합포구,월영동,4812553000,,35.1748130298334,128.55502951587,point,0,0,,1,1,1.0,8,7,1.143,336.1,336.1,0,0,2,872.7,0,0,3,790.6,0,0,2,674.4,0,0,0,1961.3,0,1,2,336.1,0,0,0,5052.4,0,0,1,890.0,0.0,0,0.0,0,0.0,0,0.0,0,0.0,0,0.0,0
SC0558,경로당,senior_center,화인아트빌라여자경로당,마산합포구,월영동,4812553000,,35.1748130298334,128.55502951587,point,0,0,,1,1,1.0,8,7,1.143,336.1,336.1,0,0,2,872.7,0,0,3,790.6,0,0,2,674.4,0,0,0,1961.3,0,1,2,336.1,0,0,0,5052.4,0,0,1,890.0,0.0,0,0.0,0,0.0,0,0.0,0,0.0,0,0.0,0
SC0559,경로당,senior_center,월영SK오션뷰경로당,마산합포구,월영동,4812553000,,35.176150905453,128.559467671426,point,0,0,,4,3,1.333,17,16,1.062,327.1,327.1,0,1,2,485.4,0,1,5,485.4,0,1,10,327.1,0,0,0,1640.5,0,1,3,343.0,0,0,0,4775.0,0,0,2,585.5,0.0,0,0.0,0,0.0,0,0.0,0,0.0,0,0.0,0
SC0560,경로당,senior_center,두산1차아파트남자경로당,마산합포구,월영동,4812553000,,35.178628368348,128.561954494169,point,8,7,1.143,13,12,1.083,23,21,1.095,134.4,134.4,2,2,2,134.4,1,3,6,134.4,5,8,13,147.6,0,0,0,1598.7,0,1,6,319.1,0,0,0,4445.5,0,1,5,319.1,0.0,0,0.0,0,0.0,0,0.0,0,0.0,0,0.0,0
SC0561,경로당,senior_center,두산1차아파트여자경로당,마산합포구,월영동,4812553000,,35.178628368348,128.561954494169,point,8,7,1.143,13,12,1.083,23,21,1.095,134.4,134.4,2,2,2,134.4,1,3,6,134.4,5,8,13,147.6,0,0,0,1598.7,0,1,6,319.1,0,0,0,4445.5,0,1,5,319.1,0.0,0,0.0,0,0.0,0,0.0,0,0.0,0,0.0,0
SC0562,경로당,senior_center,대동씨코아경로당,마산합포구,월영동,4812553000,,35.17976174484,128.562473548907,point,12,11,1.091,13,12,1.083,24,22,1.091,0.0,0.0,2,2,2,0.0,3,3,6,0.0,7,8,15,128.4,0,0,0,1646.2,1,1,5,234.9,0,0,0,4311.6,1,1,4,234.9,0.0,0,0.0,0,0.0,0,0.0,0,0.0,0,0.0,0
SC0563,경로당,senior_center,평화골든타워경로당,마산합포구,월영동,4812553000,,35.1779010345969,128.565983314037,point,1,1,1.0,10,9,1.111,18,17,1.059,207.2,207.2,0,2,2,344.1,1,2,4,207.2,0,6,10,320.2,0,0,0,1274.1,0,0,3,610.8,0,0,0,4396.2,0,0,2,610.8,0.0,0,0.0,0,0.0,0,0.0,0,0.0,0,0.0,0
SC0564,경로당,senior_center,한일비치맨션경로당,마산합포구,월영동,4812553000,,35.1778280700285,128.567011641805,point,1,1,1.0,9,8,1.125,18,17,1.059,150.9,150.9,0,2,2,413.6,1,2,4,150.9,0,5,10,385.0,0,0,0,1205.5,0,0,3,559.9,0,0,0,4350.8,0,0,2,559.9,0.0,0,0.0,0,0.0,0,0.0,0,0.0,0,0.0,0
SC0565,경로당,senior_center,해오름아파트경로당,마산합포구,월영동,4812553000,,35.1791687502536,128.566211145379,point,5,5,1.0,11,10,1.1,22,20,1.1,223.9,223.9,1,2,2,266.0,0,2,5,315.9,4,7,13,223.9,0,0,0,1366.7,0,0,4,553.4,0,0,0,4268.7,0,0,3,553.4,0.0,0,0.0,0,0.0,0,0.0,0,0.0,0,0.0,0
SC0566,경로당,senior_center,두산2차아파트남성경로당,마산합포구,월영동,4812553000,,35.1784781581827,128.564500658938,point,8,7,1.143,13,12,1.083,21,19,1.105,208.8,208.8,2,2,2,221.5,1,3,5,233.2,5,8,12,208.8,0,0,0,1414.4,0,1,4,466.4,0,0,0,4402.3,0,1,3,466.4,0.0,0,0.0,0,0.0,0,0.0,0,0.0,0,0.0,0
SC0567,경로당,senior_center,두산2차아파트여성경로당,마산합포구,월영동,4812553000,,35.1784781581827,128.564500658938,point,8,7,1.143,13,12,1.083,21,19,1.105,208.8,208.8,2,2,2,221.5,1,3,5,233.2,5,8,12,208.8,0,0,0,1414.4,0,1,4,466.4,0,0,0,4402.3,0,1,3,466.4,0.0,0,0.0,0,0.0,0,0.0,0,0.0,0,0.0,0
SC0568,경로당,senior_center,두산3차아파트남성경로당,마산합포구,월영동,4812553000,,35.1792008719875,128.565490358495,point,8,7,1.143,13,12,1.083,22,20,1.1,179.2,179.2,2,2,2,209.2,1,3,5,281.8,5,8,13,179.2,0,0,0,1411.4,0,1,4,493.3,0,0,0,4304.0,0,1,3,493.3,0.0,0,0.0,0,0.0,0,0.0,0,0.0,0,0.0,0
SC0569,경로당,senior_center,두산3차아파트여성경로당,마산합포구,월영동,4812553000,,35.1792008719875,128.565490358495,point,8,7,1.143,13,12,1.083,22,20,1.1,179.2,179.2,2,2,2,209.2,1,3,5,281.8,5,8,13,179.2,0,0,0,1411.4,0,1,4,493.3,0,0,0,4304.0,0,1,3,493.3,0.0,0,0.0,0,0.0,0,0.0,0,0.0,0,0.0,0
SC0570,경로당,senior_center,해운31통해운한백경로당,마산합포구,월영동,4812553000,,35.1815383776615,128.562828751502,point,12,11,1.091,14,13,1.077,27,25,1.08,74.1,74.1,2,2,2,152.2,3,3,7,192.4,7,9,16,74.1,0,0,0,1766.2,1,1,6,192.4,0,0,0,4113.2,1,1,5,192.4,0.0,0,0.0,0,0.0,0,0.0,0,0.0,0,0.0,0
SC0571,경로당,senior_center,경민시티빌경로당,마산합포구,월영동,4812553000,,35.1841258523801,128.563428603293,point,5,4,1.25,19,17,1.118,27,25,1.08,198.8,198.8,0,2,2,419.0,1,4,7,294.5,4,13,16,198.8,0,0,0,1824.4,1,2,6,294.5,0,0,0,3822.5,1,2,5,294.5,0.0,0,0.0,0,0.0,0,0.0,0,0.0,0,0.0,0
SC0572,경로당,senior_center,해운동성아파트경로당,마산합포구,월영동,4812553000,,35.1831335933829,128.563888542232,point,6,6,1.0,18,16,1.125,27,25,1.08,81.7,81.7,0,2,2,308.9,0,4,7,350.7,6,12,16,81.7,0,0,0,1845.8,0,2,6,350.7,0,0,0,3916.3,0,2,5,350.7,0.0,0,0.0,0,0.0,0,0.0,0,0.0,0,0.0,0
SC0573,경로당,senior_center,동아1차아파트경로당,마산합포구,월영동,4812553000,,35.1750956172328,128.559406352535,point,0,0,,2,2,1.0,17,15,1.133,409.8,409.8,0,0,2,588.4,0,0,5,588.4,0,1,9,442.3,0,0,0,1596.8,0,1,2,409.8,0,0,0,4888.2,0,0,1,701.6,0.0,0,0.0,0,0.0,0,0.0,0,0.0,0,0.0,0
SC0574,경로당,senior_center,대동아파트경로당,마산합포구,월영동,4812553000,,35.1748577362664,128.558562557381,point,0,0,,2,2,1.0,17,15,1.133,380.5,380.5,0,0,2,650.5,0,0,5,650.5,0,1,9,488.9,0,0,0,1658.5,0,1,2,380.5,0,0,0,4937.1,0,0,1,744.3,0.0,0,0.0,0,0.0,0,0.0,0,0.0,0,0.0,0
SC0575,경로당,senior_center,월영현대아파트경로당,마산합포구,월영동,4812553000,,35.1743188737736,128.557309207297,point,0,0,,1,1,1.0,13,12,1.083,387.0,387.0,0,0,2,765.7,0,0,4,751.8,0,0,6,590.5,0,0,0,1746.7,0,1,2,387.0,0,0,0,5030.6,0,0,1,837.6,0.0,0,0.0,0,0.0,0,0.0,0,0.0,0,0.0,0
SC0576,경로당,senior_center,현대산업1차아파트경로당,마산합포구,월영동,4812553000,,35.1737034856024,128.55811640338,point,0,0,,1,1,1.0,15,13,1.154,475.1,475.1,0,0,2,780.8,0,0,5,780.8,0,0,7,623.2,0,0,0,1656.4,0,1,2,475.1,0,0,0,5071.5,0,0,1,878.6,0.0,0,0.0,0,0.0,0,0.0,0,0.0,0,0.0,0
SC0577,경로당,senior_center,동아2차아파트남성경로당,마산합포구,월영동,4812553000,,35.1725765366856,128.559197331369,point,0,0,,0,0,,15,13,1.154,629.3,629.3,0,0,2,851.4,0,0,5,746.2,0,0,7,720.9,0,0,0,1529.9,0,0,2,629.3,0,0,0,5160.9,0,0,1,980.7,0.0,0,0.0,0,0.0,0,0.0,0,0.0,0,0.0,0
SC0578,경로당,senior_center,동아2차아파트여성경로당,마산합포구,월영동,4812553000,,35.1725765366856,128.559197331369,point,0,0,,0,0,,15,13,1.154,629.3,629.3,0,0,2,851.4,0,0,5,746.2,0,0,7,720.9,0,0,0,1529.9,0,0,2,629.3,0,0,0,5160.9,0,0,1,980.7,0.0,0,0.0,0,0.0,0,0.0,0,0.0,0,0.0,0
SC0579,경로당,senior_center,현대산업2차아파트경로당,마산합포구,월영동,4812553000,,35.1712067020332,128.558758810905,point,0,0,,0,0,,7,6,1.167,704.3,704.3,0,0,0,1007.9,0,0,2,704.3,0,0,4,704.3,0,0,0,1543.5,0,0,1,755.8,0,0,0,5318.0,0,0,0,1137.0,0.0,0,0.0,0,0.0,0,0.0,0,0.0,0,0.0,0
SC0580,경로당,senior_center,월영현대3차경로당,마산합포구,월영동,4812553000,,35.1720351723707,128.556919577745,point,0,0,,0,0,,7,5,1.4,630.4,630.4,0,0,1,995.6,0,0,2,894.9,0,0,3,835.1,0,0,0,1722.3,0,0,1,630.4,0,0,0,5281.7,0,0,0,1087.7,0.0,0,0.0,0,0.0,0,0.0,0,0.0,0,0.0,0
SC0581,경로당,senior_center,월영새동네경로당,마산합포구,월영동,4812553000,,35.1754181358344,128.556964660334,point,1,1,1.0,1,1,1.0,14,13,1.077,261.1,261.1,0,0,2,695.9,0,0,4,648.0,0,0,7,505.6,0,0,0,1816.7,1,1,2,261.1,0,0,0,4926.5,0,0,1,739.8,0.0,0,0.0,0,0.0,0,0.0,0,0.0,0,0.0,0
SC0582,경로당,senior_center,마린애시앙경로당,마산합포구,월영동,4812553000,,35.1750235873689,128.562589220715,point,0,0,,2,2,1.0,19,17,1.118,481.4,481.4,0,0,2,525.9,0,1,5,481.4,0,1,10,484.1,0,0,0,1330.3,0,0,3,652.8,0,0,0,4816.2,0,0,2,719.3,0.0,0,0.0,0,0.0,0,0.0,0,0.0,0,0.0,0
SC0583,경로당,senior_center,산호남성경로당,마산합포구,산호동,4812565000,,35.2187093792254,128.583231702651,point,1,1,1.0,23,18,1.278,122,84,1.452,173.4,173.4,1,12,77,173.4,0,4,16,320.9,0,4,33,330.3,0,0,1,639.2,0,3,17,320.9,0,0,8,664.3,0,2,9,320.9,0.0,0,0.0,0,0.0,0,0.0,0,0.0,0,0.0,0
SC0584,경로당,senior_center,산호여성경로당,마산합포구,산호동,4812565000,,35.2187093792254,128.583231702651,point,1,1,1.0,23,18,1.278,122,84,1.452,173.4,173.4,1,12,77,173.4,0,4,16,320.9,0,4,33,330.3,0,0,1,639.2,0,3,17,320.9,0,0,8,664.3,0,2,9,320.9,0.0,0,0.0,0,0.0,0,0.0,0,0.0,0,0.0,0
SC0585,경로당,senior_center,산호중앙경로당,마산합포구,산호동,4812565000,,35.2153949331967,128.58159594785,point,0,0,,10,9,1.111,83,66,1.258,314.3,314.3,0,4,50,449.0,0,0,14,650.4,0,6,23,314.3,0,0,0,1034.7,0,0,12,573.1,0,0,4,573.1,0,0,7,650.4,0.0,0,0.0,0,0.0,0,0.0,0,0.0,0,0.0,0
SC0586,경로당,senior_center,산호현대남경로당,마산합포구,산호동,4812565000,,35.2170874568806,128.578046568337,point,5,5,1.0,7,7,1.0,53,44,1.205,63.8,63.8,0,2,25,397.5,0,0,9,561.1,4,4,14,63.8,0,0,0,1073.2,1,1,6,218.5,1,1,2,218.5,0,0,3,826.0,0.0,0,0.0,0,0.0,0,0.0,0,0.0,0,0.0,0
SC0587,경로당,senior_center,산호현대여경로당,마산합포구,산호동,4812565000,,35.2170874568806,128.578046568337,point,5,5,1.0,7,7,1.0,53,44,1.205,63.8,63.8,0,2,25,397.5,0,0,9,561.1,4,4,14,63.8,0,0,0,1073.2,1,1,6,218.5,1,1,2,218.5,0,0,3,826.0,0.0,0,0.0,0,0.0,0,0.0,0,0.0,0,0.0,0
SC0588,경로당,senior_center,가고파경로당,마산합포구,산호동,4812565000,,35.2186248257733,128.585154141416,point,10,8,1.25,29,24,1.208,178,119,1.496,129.6,129.6,7,18,125,129.6,1,3,24,168.7,1,6,39,278.3,0,0,1,586.8,1,2,21,168.7,0,0,10,609.5,1,2,10,168.7,0.0,0,0.0,0,0.0,0,0.0,0,0.0,0,0.0,0
SC0589,경로당,senior_center,합포남성경로당,마산합포구,산호동,4812565000,,35.2142843791164,128.586956929891,point,17,13,1.308,39,30,1.3,285,204,1.397,59.8,59.8,13,30,212,75.9,2,6,38,245.4,4,10,59,59.8,0,0,0,1055.3,3,5,22,245.4,1,2,12,245.4,1,3,11,298.9,0.0,0,0.0,0,0.0,0,0.0,0,0.0,0,0.0,0
SC0590,경로당,senior_center,합포여성경로당,마산합포구,산호동,4812565000,,35.2142843791164,128.586956929891,point,17,13,1.308,39,30,1.3,285,204,1.397,59.8,59.8,13,30,212,75.9,2,6,38,245.4,4,10,59,59.8,0,0,0,1055.3,3,5,22,245.4,1,2,12,245.4,1,3,11,298.9,0.0,0,0.0,0,0.0,0,0.0,0,0.0,0,0.0,0
SC0591,경로당,senior_center,삼성타운경로당,마산합포구,산호동,4812565000,,35.2167495758938,128.583698477719,point,1,1,1.0,23,19,1.211,144,99,1.455,287.1,287.1,0,15,92,308.0,0,2,24,410.3,1,5,39,287.1,0,0,1,823.0,0,1,21,410.3,0,0,10,641.9,0,1,10,410.3,0.0,0,0.0,0,0.0,0,0.0,0,0.0,0,0.0,0
SC0592,경로당,senior_center,대한아파트경로당,마산합포구,산호동,4812565000,,35.2196456131755,128.585542560649,point,7,6,1.167,30,25,1.2,176,118,1.492,79.2,79.2,4,17,122,79.2,1,5,24,95.7,1,5,41,235.7,0,1,1,468.7,1,3,20,95.7,0,0,10,568.6,1,3,10,95.7,0.0,0,0.0,0,0.0,0,0.0,0,0.0,0,0.0,0
SC0593,경로당,senior_center,경동리인아파트경로당,마산합포구,산호동,4812565000,,35.2170009572531,128.588860826743,point,24,20,1.2,91,54,1.685,404,300,1.347,41.9,41.9,19,68,305,41.9,2,11,53,163.1,6,19,80,169.9,0,0,1,782.2,1,11,27,254.3,0,5,15,337.8,1,7,14,254.3,0.0,0,0.0,0,0.0,0,0.0,0,0.0,0,0.0,0
SC0594,경로당,senior_center,자산남성경로당,마산합포구,자산동,4812558000,,35.2039559729467,128.567615072199,point,15,5,3.0,24,11,2.182,72,54,1.333,193.6,193.6,12,15,36,277.7,0,1,11,440.8,3,7,22,193.6,0,1,3,304.1,0,0,7,542.0,0,0,0,1629.7,0,0,5,542.0,0.0,0,0.0,0,0.0,0,0.0,0,0.0,0,0.0,0
SC0595,경로당,senior_center,자산여성경로당,마산합포구,자산동,4812558000,,35.2039559729467,128.567615072199,point,15,5,3.0,24,11,2.182,72,54,1.333,193.6,193.6,12,15,36,277.7,0,1,11,440.8,3,7,22,193.6,0,1,3,304.1,0,0,7,542.0,0,0,0,1629.7,0,0,5,542.0,0.0,0,0.0,0,0.0,0,0.0,0,0.0,0,0.0,0
SC0596,경로당,senior_center,상봉남성경로당,마산합포구,자산동,4812558000,,35.2068220388471,128.565125732813,point,1,1,1.0,3,3,1.0,50,33,1.515,109.8,109.8,0,1,27,451.3,0,0,7,776.7,1,2,14,109.8,0,0,1,625.0,0,0,4,535.8,0,0,0,1487.9,0,0,4,535.8,0.0,0,0.0,0,0.0,0,0.0,0,0.0,0,0.0,0
SC0597,경로당,senior_center,상봉여성경로당,마산합포구,자산동,4812558000,,35.2068220388471,128.565125732813,point,1,1,1.0,3,3,1.0,50,33,1.515,109.8,109.8,0,1,27,451.3,0,0,7,776.7,1,2,14,109.8,0,0,1,625.0,0,0,4,535.8,0,0,0,1487.9,0,0,4,535.8,0.0,0,0.0,0,0.0,0,0.0,0,0.0,0,0.0,0
SC0598,경로당,senior_center,학봉남성경로당,마산합포구,자산동,4812558000,,35.2038849899995,128.561832059256,point,1,1,1.0,2,2,1.0,38,24,1.583,163.6,163.6,0,0,18,796.9,0,0,5,620.7,1,2,14,163.6,0,0,1,830.6,0,0,4,620.7,0,0,0,1930.5,0,0,4,620.7,0.0,0,0.0,0,0.0,0,0.0,0,0.0,0,0.0,0
SC0599,경로당,senior_center,학봉여성경로당,마산합포구,자산동,4812558000,,35.2038849899995,128.561832059256,point,1,1,1.0,2,2,1.0,38,24,1.583,163.6,163.6,0,0,18,796.9,0,0,5,620.7,1,2,14,163.6,0,0,1,830.6,0,0,4,620.7,0,0,0,1930.5,0,0,4,620.7,0.0,0,0.0,0,0.0,0,0.0,0,0.0,0,0.0,0
SC0600,경로당,senior_center,자산아파트경로당,마산합포구,자산동,4812558000,,35.2005312902506,128.557782390375,point,0,0,,1,1,1.0,10,8,1.25,497.1,497.1,0,0,0,1001.6,0,0,3,724.9,0,1,8,497.1,0,0,0,1254.6,0,0,2,724.9,0,0,0,2415.3,0,0,2,724.9,0.0,0,0.0,0,0.0,0,0.0,0,0.0,0,0.0,0
SC0601,경로당,senior_center,우성아파트경로당,마산합포구,자산동,4812558000,,35.2034752595126,128.559485210975,point,1,1,1.0,1,1,1.0,12,10,1.2,156.5,156.5,0,0,1,934.6,0,0,3,729.1,1,1,9,156.5,0,0,0,1045.2,0,0,2,729.1,0,0,0,2059.4,0,0,2,729.1,0.0,0,0.0,0,0.0,0,0.0,0,0.0,0,0.0,0
SC0602,경로당,senior_center,한우아파트1.2동경로당,마산합포구,자산동,4812558000,,35.2025370029806,128.559098449823,point,1,1,1.0,1,1,1.0,11,9,1.222,265.2,265.2,0,0,0,1034.5,0,0,3,695.9,1,1,9,265.2,0,0,0,1089.3,0,0,2,695.9,0,0,0,2169.0,0,0,2,695.9,0.0,0,0.0,0,0.0,0,0.0,0,0.0,0,0.0,0
SC0603,경로당,senior_center,한우아파트3.5.6동경로당,마산합포구,자산동,4812558000,,35.2020951320956,128.560161213221,point,1,1,1.0,1,1,1.0,26,14,1.857,289.6,289.6,0,0,13,939.7,0,0,4,587.9,1,1,10,289.6,0,0,0,1001.8,0,0,2,587.9,0,0,0,2180.4,0,0,2,587.9,0.0,0,0.0,0,0.0,0,0.0,0,0.0,0,0.0,0
SC0604,경로당,senior_center,한우아파트9.10동경로당,마산합포구,자산동,4812558000,,35.2032964166315,128.560082626445,point,1,1,1.0,1,1,1.0,28,14,2.0,157.5,157.5,0,0,14,927.5,0,0,4,675.1,1,1,10,157.5,0,0,1,991.8,0,0,2,675.1,0,0,0,2065.9,0,0,2,675.1,0.0,0,0.0,0,0.0,0,0.0,0,0.0,0,0.0,0
SC0605,경로당,senior_center,한우아파트11.12동경로당,마산합포구,자산동,4812558000,,35.2024052708593,128.560586034929,point,1,1,1.0,1,1,1.0,30,16,1.875,255.7,255.7,0,0,14,899.3,0,0,5,576.3,1,1,11,255.7,0,0,1,957.5,0,0,3,576.3,0,0,0,2129.2,0,0,3,576.3,0.0,0,0.0,0,0.0,0,0.0,0,0.0,0,0.0,0
SC0606,경로당,senior_center,팔도아파트경로당,마산합포구,자산동,4812558000,,35.2068596160491,128.563312670644,point,1,1,1.0,3,3,1.0,34,20,1.7,55.7,55.7,0,1,18,454.6,0,0,3,834.0,1,2,12,55.7,0,0,1,771.9,0,0,3,663.5,0,0,0,1596.3,0,0,3,663.5,0.0,0,0.0,0,0.0,0,0.0,0,0.0,0,0.0,0
SC0607,경로당,senior_center,성호남성경로당,마산합포구,오동동,4812563000,,35.2085315228684,128.570225665513,point,3,3,1.0,12,10,1.2,57,41,1.39,192.2,192.2,1,8,32,247.6,0,1,6,448.2,1,2,15,263.4,0,0,1,524.1,1,1,3,192.2,0,0,0,1069.4,1,1,3,192.2,0.0,0,0.0,0,0.0,0,0.0,0,0.0,0,0.0,0
SC0608,경로당,senior_center,성호여성경로당,마산합포구,오동동,4812563000,,35.2085315228684,128.570225665513,point,3,3,1.0,12,10,1.2,57,41,1.39,192.2,192.2,1,8,32,247.6,0,1,6,448.2,1,2,15,263.4,0,0,1,524.1,1,1,3,192.2,0,0,0,1069.4,1,1,3,192.2,0.0,0,0.0,0,0.0,0,0.0,0,0.0,0,0.0,0
SC0609,경로당,senior_center,추산남성경로당,마산합포구,오동동,4812563000,,35.2070829401268,128.569643686822,point,1,1,1.0,23,11,2.091,66,49,1.347,265.2,265.2,1,17,34,265.2,0,0,8,599.7,0,4,20,378.4,0,1,2,378.4,0,1,5,338.8,0,0,0,1236.7,0,1,5,338.8,0.0,0,0.0,0,0.0,0,0.0,0,0.0,0,0.0,0
SC0610,경로당,senior_center,추산여성경로당,마산합포구,오동동,4812563000,,35.2070829401268,128.569643686822,point,1,1,1.0,23,11,2.091,66,49,1.347,265.2,265.2,1,17,34,265.2,0,0,8,599.7,0,4,20,378.4,0,1,2,378.4,0,1,5,338.8,0,0,0,1236.7,0,1,5,338.8,0.0,0,0.0,0,0.0,0,0.0,0,0.0,0,0.0,0
SC0611,경로당,senior_center,신추산남성경로당,마산합포구,오동동,4812563000,,35.2094448333855,128.57230196824,point,8,6,1.333,13,11,1.182,55,39,1.41,103.8,103.8,5,8,31,103.8,1,2,5,243.3,1,2,12,217.0,0,0,2,633.4,1,1,6,274.0,0,0,1,900.3,1,1,5,274.0,0.0,0,0.0,0,0.0,0,0.0,0,0.0,0,0.0,0
SC0612,경로당,senior_center,신추산여성경로당,마산합포구,오동동,4812563000,,35.2094448333855,128.57230196824,point,8,6,1.333,13,11,1.182,55,39,1.41,103.8,103.8,5,8,31,103.8,1,2,5,243.3,1,2,12,217.0,0,0,2,633.4,1,1,6,274.0,0,0,1,900.3,1,1,5,274.0,0.0,0,0.0,0,0.0,0,0.0,0,0.0,0,0.0,0
SC0613,경로당,senior_center,오동동남성경로당,마산합포구,오동동,4812563000,,35.2071828412232,128.582549873796,point,9,8,1.125,19,15,1.267,50,40,1.25,59.9,59.9,3,9,29,59.9,0,0,6,826.0,5,6,12,59.9,0,3,3,333.2,2,4,8,127.5,0,0,1,925.7,2,2,4,127.5,0.0,0,0.0,0,0.0,0,0.0,0,0.0,0,0.0,0
SC0614,경로당,senior_center,오동동여성경로당,마산합포구,오동동,4812563000,,35.2076900731275,128.578061351558,point,2,2,1.0,18,16,1.125,75,56,1.339,198.2,198.2,2,11,41,198.2,0,1,5,486.5,0,4,21,352.7,0,1,4,405.0,0,3,8,373.2,0,0,0,1064.9,0,3,6,373.2,0.0,0,0.0,0,0.0,0,0.0,0,0.0,0,0.0,0
SC0615,경로당,senior_center,중성동여성경로당,마산합포구,오동동,4812563000,,35.2094400431907,128.573329585811,point,8,6,1.333,13,11,1.182,64,46,1.391,92.6,92.6,5,8,34,92.6,2,2,5,200.1,1,2,17,143.7,0,0,3,657.5,0,1,8,365.0,0,0,1,873.6,0,1,6,365.0,0.0,0,0.0,0,0.0,0,0.0,0,0.0,0,0.0,0
SC0616,경로당,senior_center,기산아파트여성경로당,마산합포구,오동동,4812563000,,35.2052697518705,128.580814299316,point,18,14,1.286,22,18,1.222,69,50,1.38,71.0,71.0,7,9,40,71.0,0,0,5,639.2,5,8,17,140.9,3,3,4,71.0,6,6,7,137.3,0,0,0,1189.4,4,4,5,137.3,0.0,0,0.0,0,0.0,0,0.0,0,0.0,0,0.0,0
SC0617,경로당,senior_center,마린경로당,마산합포구,오동동,4812563000,,35.2070102185943,128.583414103644,point,10,9,1.111,19,15,1.267,55,45,1.222,53.8,53.8,4,9,32,53.8,0,0,8,884.2,5,6,14,53.8,0,3,3,357.1,2,4,11,173.7,0,0,3,889.7,2,2,6,173.7,0.0,0,0.0,0,0.0,0,0.0,0,0.0,0,0.0,0
SC0618,경로당,senior_center,동서남성경로당,마산합포구,오동동,4812563000,,35.2026501616994,128.576741199817,point,7,7,1.0,29,26,1.115,90,67,1.343,123.9,123.9,3,13,41,123.9,1,3,12,187.2,2,9,27,238.1,0,2,6,413.0,1,4,14,236.5,0,0,0,1604.3,1,3,7,236.5,0.0,0,0.0,0,0.0,0,0.0,0,0.0,0,0.0,0
SC0619,경로당,senior_center,동서여성경로당,마산합포구,오동동,4812563000,,35.2026501616994,128.576741199817,point,7,7,1.0,29,26,1.115,90,67,1.343,123.9,123.9,3,13,41,123.9,1,3,12,187.2,2,9,27,238.1,0,2,6,413.0,1,4,14,236.5,0,0,0,1604.3,1,3,7,236.5,0.0,0,0.0,0,0.0,0,0.0,0,0.0,0,0.0,0
SC0620,경로당,senior_center,서성경로당,마산합포구,오동동,4812563000,,35.2038040863717,128.572800638615,point,25,12,2.083,40,27,1.481,94,70,1.343,168.5,168.5,16,25,42,168.5,2,3,14,230.2,5,9,27,168.5,1,2,6,168.5,1,1,16,263.8,0,0,0,1495.8,1,1,9,263.8,0.0,0,0.0,0,0.0,0,0.0,0,0.0,0,0.0,0
SC0621,경로당,senior_center,센트럴남성경로당,마산합포구,오동동,4812563000,,35.1990714993666,128.570419588365,point,22,20,1.1,52,36,1.444,69,51,1.353,28.7,28.7,9,23,31,47.6,5,10,12,138.5,7,17,21,28.7,2,2,3,120.6,4,7,10,138.5,0,0,0,2054.3,2,4,5,138.5,0.0,0,0.0,0,0.0,0,0.0,0,0.0,0,0.0,0
SC0622,경로당,senior_center,센트럴여성경로당,마산합포구,오동동,4812563000,,35.1990714993666,128.570419588365,point,22,20,1.1,52,36,1.444,69,51,1.353,28.7,28.7,9,23,31,47.6,5,10,12,138.5,7,17,21,28.7,2,2,3,120.6,4,7,10,138.5,0,0,0,2054.3,2,4,5,138.5,0.0,0,0.0,0,0.0,0,0.0,0,0.0,0,0.0,0
SC0623,경로당,senior_center,부림경로당,마산합포구,오동동,4812563000,,35.2058995748903,128.572410616668,point,6,4,1.5,27,14,1.929,88,67,1.313,82.2,82.2,4,18,44,82.2,0,2,10,437.2,1,5,25,263.8,1,1,6,263.8,0,1,12,498.8,0,0,0,1275.2,0,1,9,498.8,0.0,0,0.0,0,0.0,0,0.0,0,0.0,0,0.0,0
SC0624,경로당,senior_center,신포경남경로당,마산합포구,오동동,4812563000,,35.2013512504802,128.569872433994,point,32,19,1.684,49,34,1.441,72,54,1.333,145.8,145.8,20,23,32,155.3,2,8,12,223.2,8,15,22,145.8,2,3,3,270.6,0,5,12,319.7,0,0,0,1822.9,0,4,7,319.7,0.0,0,0.0,0,0.0,0,0.0,0,0.0,0,0.0,0
SC0625,경로당,senior_center,마산만아이파크경로당,마산합포구,오동동,4812563000,,35.1961932910415,128.573419031417,point,11,8,1.375,26,23,1.13,68,50,1.36,104.9,104.9,1,9,28,237.2,4,5,12,104.9,4,9,22,179.9,1,2,3,239.9,5,6,12,104.9,0,0,0,2326.6,0,1,7,367.3,0.0,0,0.0,0,0.0,0,0.0,0,0.0,0,0.0,0
SC0626,경로당,senior_center,신포새롬미리내경로당,마산합포구,오동동,4812563000,,35.1998300816405,128.571314874082,point,23,22,1.045,53,37,1.432,72,54,1.333,56.7,56.7,9,24,33,61.0,4,9,12,149.3,7,17,22,139.3,2,3,4,56.7,3,5,11,249.1,0,0,0,1954.4,2,3,6,249.1,0.0,0,0.0,0,0.0,0,0.0,0,0.0,0,0.0,0
SC0627,경로당,senior_center,교방남성경로당,마산합포구,교방동,4812561000,,35.214436323197,128.566840083846,point,0,0,,3,3,1.0,21,19,1.105,454.0,454.0,0,1,9,454.0,0,0,2,742.2,0,2,7,463.3,0,0,0,1233.4,0,0,3,532.2,0,0,2,794.6,0,0,1,532.2,0.0,0,0.0,0,0.0,0,0.0,0,0.0,0,0.0,0
SC0628,경로당,senior_center,교방여성경로당,마산합포구,교방동,4812561000,,35.2136701460043,128.567058606886,point,0,0,,4,4,1.0,23,21,1.095,383.2,383.2,0,1,11,393.4,0,0,2,686.3,0,2,7,383.2,0,0,0,1146.4,0,1,3,447.5,0,0,2,868.8,0,1,1,447.5,0.0,0,0.0,0,0.0,0,0.0,0,0.0,0,0.0,0
SC0629,경로당,senior_center,교방장수경로당,마산합포구,교방동,4812561000,,35.2132960407335,128.564836445008,point,2,2,1.0,3,3,1.0,16,14,1.143,252.7,252.7,1,1,8,273.8,0,0,2,863.0,1,2,4,252.7,0,0,0,1187.4,0,0,2,545.0,0,0,1,905.4,0,0,1,545.0,0.0,0,0.0,0,0.0,0,0.0,0,0.0,0,0.0,0
SC0630,경로당,senior_center,무학산블루밍경로당,마산합포구,교방동,4812561000,,35.2160780521696,128.562577719698,point,0,0,,1,1,1.0,6,6,1.0,352.8,352.8,0,0,2,604.5,0,0,0,1170.3,0,1,2,352.8,0,0,0,1557.0,0,0,2,639.0,0,0,1,639.0,0,0,1,907.2,0.0,0,0.0,0,0.0,0,0.0,0,0.0,0,0.0,0
SC0631,경로당,senior_center,무학자이아파트경로당,마산합포구,교방동,4812561000,,35.2150188245066,128.569550591223,point,0,0,,1,1,1.0,24,22,1.091,426.7,426.7,0,1,9,426.7,0,0,2,585.7,0,0,10,520.3,0,0,0,1246.4,0,0,3,542.7,0,0,2,600.4,0,0,1,542.7,0.0,0,0.0,0,0.0,0,0.0,0,0.0,0,0.0,0
SC0632,경로당,senior_center,북마산남성경로당,마산합포구,교방동,4812561000,,35.2144016121669,128.571630822774,point,1,1,1.0,6,5,1.2,27,25,1.08,258.8,258.8,1,3,12,258.8,0,2,2,416.3,0,0,10,507.8,0,0,0,1173.0,0,1,3,471.2,0,1,2,471.2,0,0,1,515.4,0.0,0,0.0,0,0.0,0,0.0,0,0.0,0,0.0,0
SC0633,경로당,senior_center,북마산여성경로당,마산합포구,교방동,4812561000,,35.2144016121669,128.571630822774,point,1,1,1.0,6,5,1.2,27,25,1.08,258.8,258.8,1,3,12,258.8,0,2,2,416.3,0,0,10,507.8,0,0,0,1173.0,0,1,3,471.2,0,1,2,471.2,0,0,1,515.4,0.0,0,0.0,0,0.0,0,0.0,0,0.0,0,0.0,0
SC0634,경로당,senior_center,서광경로당,마산합포구,교방동,4812561000,,35.214060244559,128.572926660061,point,3,2,1.5,11,9,1.222,26,24,1.083,186.8,186.8,3,5,12,186.8,0,2,2,334.1,0,3,10,404.7,0,0,0,1147.7,0,1,2,416.7,0,1,1,416.7,0,0,1,541.1,0.0,0,0.0,0,0.0,0,0.0,0,0.0,0,0.0,0
SC0635,경로당,senior_center,회산여성경로당,마산합포구,교방동,4812561000,,35.2148826956091,128.570304281297,point,0,0,,3,2,1.5,26,24,1.083,360.3,360.3,0,3,11,360.3,0,0,2,529.2,0,0,10,523.2,0,0,0,1226.2,0,0,3,533.7,0,0,2,544.2,0,0,1,533.7,0.0,0,0.0,0,0.0,0,0.0,0,0.0,0,0.0,0
SC0636,경로당,senior_center,교원경로당,마산합포구,교방동,4812561000,,35.2127201922265,128.570671247404,point,2,1,2.0,11,9,1.222,27,23,1.174,261.4,261.4,2,6,13,261.4,0,2,2,344.7,0,2,9,325.2,0,0,1,985.1,0,1,2,309.5,0,0,1,662.8,0,1,1,309.5,0.0,0,0.0,0,0.0,0,0.0,0,0.0,0,0.0,0
SC0637,경로당,senior_center,상남경로당,마산합포구,교방동,4812561000,,35.2130968002418,128.575319273365,point,6,5,1.2,11,9,1.222,30,27,1.111,206.4,206.4,3,5,15,271.5,2,2,2,206.4,1,3,10,296.3,0,0,0,1049.9,0,1,4,442.9,0,1,1,442.9,0,0,3,630.8,0.0,0,0.0,0,0.0,0,0.0,0,0.0,0,0.0,0
SC0638,경로당,senior_center,회남여성경로당,마산합포구,교방동,4812561000,,35.2130968002418,128.575319273365,point,6,5,1.2,11,9,1.222,30,27,1.111,206.4,206.4,3,5,15,271.5,2,2,2,206.4,1,3,10,296.3,0,0,0,1049.9,0,1,4,442.9,0,1,1,442.9,0,0,3,630.8,0.0,0,0.0,0,0.0,0,0.0,0,0.0,0,0.0,0
SC0639,경로당,senior_center,롯데캐슬프리미어아파트경로당,마산합포구,교방동,4812561000,,35.2153855778953,128.564779365099,point,0,0,,1,1,1.0,12,11,1.091,366.4,366.4,0,0,5,504.3,0,0,1,957.4,0,1,4,366.4,0,0,0,1398.5,0,0,2,673.8,0,0,1,673.8,0,0,1,719.8,0.0,0,0.0,0,0.0,0,0.0,0,0.0,0,0.0,0
SC0640,경로당,senior_center,구복남성경로당,마산합포구,구산면,4812531000,,35.0699632611122,128.568158022598,point,0,0,,0,0,,12,5,2.4,660.1,660.1,0,0,11,660.1,0,0,1,660.1,0,0,1,855.7,0,0,0,4089.0,0,0,2,660.1,0,0,0,10514.2,0,0,0,4033.5,0.0,0,0.0,0,0.0,0,0.0,0,0.0,0,0.0,0
SC0641,경로당,senior_center,구복여성경로당,마산합포구,구산면,4812531000,,35.070173155984,128.569391677658,point,0,0,,0,0,,12,5,2.4,547.3,547.3,0,0,11,547.3,0,0,1,547.3,0,0,1,899.6,0,0,0,3974.8,0,0,2,547.3,0,0,0,10421.0,0,0,0,3919.3,0.0,0,0.0,0,0.0,0,0.0,0,0.0,0,0.0,0
SC0642,경로당,senior_center,구산경로당,마산합포구,구산면,4812531000,,35.0891115064713,128.583227370289,point,0,0,,0,0,,0,0,,1058.2,1058.2,0,0,0,1058.2,0,0,0,1994.6,0,0,0,1994.6,0,0,0,2653.0,0,0,0,2203.4,0,0,0,8032.0,0,0,0,2203.4,0.0,0,0.0,0,0.0,0,0.0,0,0.0,0,0.0,0
SC0643,경로당,senior_center,구산음달경로당,마산합포구,구산면,4812531000,,35.1206134146861,128.58028183952,point,0,0,,0,0,,0,0,,1327.7,1327.7,0,0,0,1470.1,0,0,0,1803.3,0,0,0,2162.3,0,0,0,4722.2,0,0,0,1327.7,0,0,0,6383.4,0,0,0,1803.3,0.0,0,0.0,0,0.0,0,0.0,0,0.0,0,0.0,0
SC0644,경로당,senior_center,군령경로당,마산합포구,구산면,4812531000,,35.1185743022129,128.54475472057,point,0,0,,0,0,,2,2,1.0,837.4,837.4,0,0,1,867.6,0,0,1,837.4,0,0,0,2457.5,0,0,0,2402.6,0,0,0,2457.5,0,0,0,9554.4,0,0,0,2749.7,0.0,0,0.0,0,0.0,0,0.0,0,0.0,0,0.0,0
SC0645,경로당,senior_center,난포경로당,마산합포구,구산면,4812531000,,35.0812402538401,128.604968584933,point,2,2,1.0,3,3,1.0,4,4,1.0,109.2,109.2,1,1,2,109.2,1,1,1,202.0,1,1,1,202.0,0,0,1,528.8,0,1,1,471.2,0,0,0,7493.3,0,1,1,471.2,0.0,0,0.0,0,0.0,0,0.0,0,0.0,0,0.0,0
SC0646,경로당,senior_center,내포남성경로당,마산합포구,구산면,4812531000,,35.0983932192016,128.57859822194,point,0,0,,0,0,,0,0,,2054.9,2054.9,0,0,0,2054.9,0,0,0,2926.9,0,0,0,2789.2,0,0,0,3486.9,0,0,0,2060.6,0,0,0,7686.3,0,0,0,2060.6,0.0,0,0.0,0,0.0,0,0.0,0,0.0,0,0.0,0
SC0647,경로당,senior_center,내포여성경로당,마산합포구,구산면,4812531000,,35.0986488124877,128.57800308608,point,0,0,,0,0,,0,0,,2106.5,2106.5,0,0,0,2111.9,0,0,0,2986.5,0,0,0,2787.4,0,0,0,3547.9,0,0,0,2106.5,0,0,0,7713.3,0,0,0,2106.5,0.0,0,0.0,0,0.0,0,0.0,0,0.0,0,0.0,0
SC0648,경로당,senior_center,명주경로당,마산합포구,구산면,4812531000,,35.1077509540002,128.548723607043,point,0,0,,0,0,,0,0,,1909.9,1909.9,0,0,0,1909.9,0,0,0,1911.6,0,0,0,2646.5,0,0,0,2340.6,0,0,0,2646.5,0,0,0,9579.1,0,0,0,3406.1,0.0,0,0.0,0,0.0,0,0.0,0,0.0,0,0.0,0
SC0649,경로당,senior_center,반동남성경로당,마산합포구,구산면,4812531000,,35.0838478032167,128.582939463913,point,0,0,,0,0,,1,1,1.0,944.3,944.3,0,0,1,944.3,0,0,0,1672.2,0,0,0,1835.3,0,0,0,2552.3,0,0,0,1672.2,0,0,0,8467.6,0,0,0,2495.4,0.0,0,0.0,0,0.0,0,0.0,0,0.0,0,0.0,0
SC0650,경로당,senior_center,반동여성경로당,마산합포구,구산면,4812531000,,35.0837916023393,128.58272260484,point,0,0,,0,0,,1,1,1.0,964.4,964.4,0,0,1,964.4,0,0,0,1658.4,0,0,0,1853.7,0,0,0,2571.4,0,0,0,1658.4,0,0,0,8485.7,0,0,0,2514.4,0.0,0,0.0,0,0.0,0,0.0,0,0.0,0,0.0,0
SC0651,경로당,senior_center,상마전경로당,마산합포구,구산면,4812531000,,35.1299796730364,128.531762261237,point,0,0,,0,0,,0,0,,1030.0,1030.0,0,0,0,1030.0,0,0,0,1034.5,0,0,0,1946.3,0,0,0,1946.3,0,0,0,1034.5,0,0,0,10460.0,0,0,0,1891.5,0.0,0,0.0,0,0.0,0,0.0,0,0.0,0,0.0,0
SC0652,경로당,senior_center,석곡경로당,마산합포구,구산면,4812531000,,35.1154168282891,128.563108700643,point,0,0,,0,0,,0,0,,1430.2,1430.2,0,0,0,1430.2,0,0,0,1621.2,0,0,0,2111.0,0,0,0,3786.4,0,0,0,2093.7,0,0,0,8051.9,0,0,0,2093.7,0.0,0,0.0,0,0.0,0,0.0,0,0.0,0,0.0,0
SC0653,경로당,senior_center,수정남성경로당,마산합포구,구산면,4812531000,,35.1206134146861,128.58028183952,point,0,0,,0,0,,0,0,,1327.7,1327.7,0,0,0,1470.1,0,0,0,1803.3,0,0,0,2162.3,0,0,0,4722.2,0,0,0,1327.7,0,0,0,6383.4,0,0,0,1803.3,0.0,0,0.0,0,0.0,0,0.0,0,0.0,0,0.0,0
SC0654,경로당,senior_center,수정여성경로당,마산합포구,구산면,4812531000,,35.1206134146861,128.58028183952,point,0,0,,0,0,,0,0,,1327.7,1327.7,0,0,0,1470.1,0,0,0,1803.3,0,0,0,2162.3,0,0,0,4722.2,0,0,0,1327.7,0,0,0,6383.4,0,0,0,1803.3,0.0,0,0.0,0,0.0,0,0.0,0,0.0,0,0.0,0
SC0655,경로당,senior_center,신촌경로당,마산합포구,구산면,4812531000,,35.0950351141432,128.585176105927,point,0,0,,0,0,,0,0,,1397.6,1397.6,0,0,0,1397.6,0,0,0,2232.8,0,0,0,2232.8,0,0,0,2780.7,0,0,0,1652.8,0,0,0,7454.4,0,0,0,1652.8,0.0,0,0.0,0,0.0,0,0.0,0,0.0,0,0.0,0
SC0656,경로당,senior_center,실리도경로당,마산합포구,구산면,4812531000,,35.063536621776,128.637681303865,point,0,0,,0,0,,3,3,1.0,669.2,669.2,0,0,1,669.2,0,0,0,3731.0,0,0,1,796.6,0,0,0,3156.9,0,0,1,986.9,0,0,0,8026.1,0,0,0,3200.1,0.0,0,0.0,0,0.0,0,0.0,0,0.0,0,0.0,0
SC0657,경로당,senior_center,심리경로당,마산합포구,구산면,4812531000,,35.0694952092055,128.607114275063,point,0,0,,0,0,,1,1,1.0,571.9,571.9,0,0,0,1256.1,0,0,0,1341.5,0,0,1,571.9,0,0,0,1363.5,0,0,0,1347.9,0,0,0,8560.4,0,0,0,1347.9,0.0,0,0.0,0,0.0,0,0.0,0,0.0,0,0.0,0
SC0658,경로당,senior_center,안녕경로당,마산합포구,구산면,4812531000,,35.1168597669039,128.59517772581,point,2,2,1.0,4,3,1.333,5,4,1.25,54.2,54.2,1,2,3,54.2,0,0,0,3061.5,0,0,0,3480.1,0,0,0,4182.7,1,2,2,170.9,0,0,0,5305.4,0,0,0,1611.4,0.0,0,0.0,0,0.0,0,0.0,0,0.0,0,0.0,0
SC0659,경로당,senior_center,양평경로당,마산합포구,구산면,4812531000,,35.0839327609238,128.58567291986,point,0,0,,0,0,,1,1,1.0,694.9,694.9,0,0,1,694.9,0,0,0,1592.0,0,0,0,1592.0,0,0,0,2305.7,0,0,0,1797.4,0,0,0,8292.2,0,0,0,2248.9,0.0,0,0.0,0,0.0,0,0.0,0,0.0,0,0.0,0
SC0660,경로당,senior_center,옥계남성경로당,마산합포구,구산면,4812531000,,35.0925823707462,128.611274670389,point,0,0,,0,0,,0,0,,1240.6,1240.6,0,0,0,1240.6,0,0,0,1497.3,0,0,0,1497.3,0,0,0,1240.6,0,0,0,1246.9,0,0,0,6117.9,0,0,0,1246.9,0.0,0,0.0,0,0.0,0,0.0,0,0.0,0,0.0,0
SC0661,경로당,senior_center,옥계여성경로당,마산합포구,구산면,4812531000,,35.0931141847312,128.61147900036,point,0,0,,0,0,,0,0,,1300.4,1300.4,0,0,0,1300.4,0,0,0,1557.5,0,0,0,1557.5,0,0,0,1300.4,0,0,0,1307.3,0,0,0,6057.8,0,0,0,1307.3,0.0,0,0.0,0,0.0,0,0.0,0,0.0,0,0.0,0
SC0662,경로당,senior_center,용호경로당,마산합포구,구산면,4812531000,,35.0717812602193,128.597625619295,point,0,0,,0,0,,0,0,,1129.8,1129.8,0,0,0,1258.7,0,0,0,1129.8,0,0,0,1129.8,0,0,0,1605.6,0,0,0,1561.3,0,0,0,8737.7,0,0,0,1561.3,0.0,0,0.0,0,0.0,0,0.0,0,0.0,0,0.0,0
SC0663,경로당,senior_center,욱곡남성경로당,마산합포구,구산면,4812531000,,35.0963972184433,128.557865967875,point,0,0,,0,0,,0,0,,2254.1,2254.1,0,0,0,2254.1,0,0,0,3257.1,0,0,0,2254.1,0,0,0,3350.1,0,0,0,2254.1,0,0,0,9386.1,0,0,0,3955.4,0.0,0,0.0,0,0.0,0,0.0,0,0.0,0,0.0,0
SC0664,경로당,senior_center,욱곡여성경로당,마산합포구,구산면,4812531000,,35.0963972184433,128.557865967875,point,0,0,,0,0,,0,0,,2254.1,2254.1,0,0,0,2254.1,0,0,0,3257.1,0,0,0,2254.1,0,0,0,3350.1,0,0,0,2254.1,0,0,0,9386.1,0,0,0,3955.4,0.0,0,0.0,0,0.0,0,0.0,0,0.0,0,0.0,0
SC0665,경로당,senior_center,원전경로당,마산합포구,구산면,4812531000,,35.0681459415782,128.630540298562,point,2,2,1.0,3,3,1.0,3,3,1.0,32.9,32.9,1,1,1,264.6,0,0,0,2910.0,1,1,1,32.9,0,0,0,2328.6,0,1,1,334.2,0,0,0,8055.4,0,0,0,2371.8,0.0,0,0.0,0,0.0,0,0.0,0,0.0,0,0.0,0
SC0666,경로당,senior_center,유산경로당,마산합포구,구산면,4812531000,,35.1302364313237,128.556592814486,point,0,0,,1,1,1.0,5,3,1.667,405.6,405.6,0,1,1,405.6,0,0,1,862.5,0,0,1,788.2,0,0,0,4049.4,0,0,2,788.2,0,0,0,8251.6,0,0,0,1162.4,0.0,0,0.0,0,0.0,0,0.0,0,0.0,0,0.0,0
SC0667,경로당,senior_center,유천경로당,마산합포구,구산면,4812531000,,35.1314301832199,128.563519169034,point,0,0,,3,1,3.0,5,3,1.667,333.6,333.6,0,0,1,899.9,0,0,1,530.0,0,1,1,333.6,0,0,0,3688.7,0,2,3,333.6,0,0,0,7608.7,0,0,1,530.0,0.0,0,0.0,0,0.0,0,0.0,0,0.0,0,0.0,0
SC0668,경로당,senior_center,장구경로당,마산합포구,구산면,4812531000,,35.0804581762073,128.564449556882,point,0,0,,1,1,1.0,4,4,1.0,439.7,439.7,0,1,4,439.7,0,0,0,1520.9,0,1,1,439.7,0,0,0,4226.0,0,1,1,439.7,0,0,0,9942.3,0,0,0,4130.9,0.0,0,0.0,0,0.0,0,0.0,0,0.0,0,0.0,0
SC0669,경로당,senior_center,하마전경로당,마산합포구,구산면,4812531000,,35.1236106285649,128.537069381476,point,1,1,1.0,1,1,1.0,1,1,1.0,277.0,277.0,1,1,1,277.0,0,0,0,1156.4,0,0,0,2484.0,0,0,0,2312.0,0,0,0,1819.3,0,0,0,10122.6,0,0,0,2711.4,0.0,0,0.0,0,0.0,0,0.0,0,0.0,0,0.0,0
SC0670,경로당,senior_center,가고파아파트경로당,마산회원구,내서읍,4812725000,,35.242872713561,128.501148267993,point,1,1,1.0,1,1,1.0,155,90,1.722,133.2,133.2,0,0,127,510.0,1,1,29,133.2,0,0,18,550.6,0,0,0,2009.5,0,0,9,567.0,0,0,4,567.0,0,0,1,711.5,0.0,0,0.0,0,0.0,0,0.0,0,0.0,0,0.0,0
SC0671,경로당,senior_center,감나무골경로당,마산회원구,내서읍,4812725000,,35.1934978354602,128.510842947578,point,1,1,1.0,1,1,1.0,2,2,1.0,248.7,248.7,1,1,2,248.7,0,0,0,3658.7,0,0,0,1171.7,0,0,0,1425.4,0,0,0,1425.4,0,0,0,4689.3,0,0,0,4158.1,0.0,0,0.0,0,0.0,0,0.0,0,0.0,0,0.0,0
SC0672,경로당,senior_center,감천남성경로당,마산회원구,내서읍,4812725000,,35.2053640137243,128.517221181286,point,1,1,1.0,1,1,1.0,7,5,1.4,186.9,186.9,0,0,2,693.2,0,0,0,2880.0,1,1,3,186.9,0,0,1,693.2,0,0,1,693.2,0,0,0,3496.8,0,0,0,3295.2,0.0,0,0.0,0,0.0,0,0.0,0,0.0,0,0.0,0
SC0673,경로당,senior_center,감천여성경로당,마산회원구,내서읍,4812725000,,35.2053640137243,128.517221181286,point,1,1,1.0,1,1,1.0,7,5,1.4,186.9,186.9,0,0,2,693.2,0,0,0,2880.0,1,1,3,186.9,0,0,1,693.2,0,0,1,693.2,0,0,0,3496.8,0,0,0,3295.2,0.0,0,0.0,0,0.0,0,0.0,0,0.0,0,0.0,0
SC0674,경로당,senior_center,구미경로당,마산회원구,내서읍,4812725000,,35.2529822689186,128.521439923225,point,1,1,1.0,24,20,1.2,57,49,1.163,175.4,175.4,0,16,34,367.4,0,5,8,325.7,1,3,11,175.4,0,0,0,1023.3,0,2,8,418.5,0,1,5,418.5,0,0,3,738.0,0.0,0,0.0,0,0.0,0,0.0,0,0.0,0,0.0,0
SC0675,경로당,senior_center,구슬골경로당,마산회원구,내서읍,4812725000,,35.2411522809201,128.531467008271,point,3,2,1.5,7,6,1.167,11,9,1.222,110.6,110.6,3,4,6,110.6,0,0,0,1314.4,0,2,4,403.9,0,1,2,391.9,0,0,0,1582.6,0,0,0,1582.6,0,0,0,1582.6,0.0,0,0.0,0,0.0,0,0.0,0,0.0,0,0.0,0
SC0676,경로당,senior_center,국제아파트경로당,마산회원구,내서읍,4812725000,,35.2638468420683,128.521349307018,point,3,3,1.0,7,5,1.4,16,12,1.333,186.8,186.8,2,4,5,194.0,0,0,4,565.6,0,2,6,419.3,1,1,1,186.8,0,0,2,767.1,0,0,0,1272.9,0,0,1,876.0,0.0,0,0.0,0,0.0,0,0.0,0,0.0,0,0.0,0
SC0677,경로당,senior_center,내서읍경로당,마산회원구,내서읍,4812725000,,35.2512366980372,128.511398621635,point,1,1,1.0,33,27,1.222,153,103,1.485,230.4,230.4,0,20,113,315.9,0,2,30,396.1,1,8,24,230.4,0,0,0,1495.3,0,5,14,322.9,0,3,6,322.9,0,2,6,322.9,0.0,0,0.0,0,0.0,0,0.0,0,0.0,0,0.0,0
SC0678,경로당,senior_center,대동다숲아파트경로당,마산회원구,내서읍,4812725000,,35.2303903579434,128.504366547739,point,1,1,1.0,10,8,1.25,50,30,1.667,293.9,293.9,0,8,42,321.6,0,0,5,572.0,0,1,5,306.8,0,0,1,963.8,1,1,3,293.9,0,0,2,606.8,1,1,1,293.9,0.0,0,0.0,0,0.0,0,0.0,0,0.0,0,0.0,0
SC0679,경로당,senior_center,대동이미지1단지아파트경로당,마산회원구,내서읍,4812725000,,35.2237829288,128.501931761796,point,1,1,1.0,1,1,1.0,8,6,1.333,270.7,270.7,0,0,3,584.8,0,0,1,637.9,1,1,3,270.7,0,0,4,584.8,0,0,0,1044.3,0,0,0,1372.7,0,0,0,1044.3,0.0,0,0.0,0,0.0,0,0.0,0,0.0,0,0.0,0
SC0680,경로당,senior_center,대동이미지1단지아파트남성경로당,마산회원구,내서읍,4812725000,,35.2237829288,128.501931761796,point,1,1,1.0,1,1,1.0,8,6,1.333,270.7,270.7,0,0,3,584.8,0,0,1,637.9,1,1,3,270.7,0,0,4,584.8,0,0,0,1044.3,0,0,0,1372.7,0,0,0,1044.3,0.0,0,0.0,0,0.0,0,0.0,0,0.0,0,0.0,0
SC0681,경로당,senior_center,대동이미지2단지경로당,마산회원구,내서읍,4812725000,,35.2240127121878,128.503255721904,point,1,1,1.0,1,1,1.0,9,7,1.286,148.2,148.2,0,0,3,695.3,0,0,1,759.0,1,1,4,148.2,0,0,4,695.3,0,0,0,1003.2,0,0,0,1317.0,0,0,0,1003.2,0.0,0,0.0,0,0.0,0,0.0,0,0.0,0,0.0,0
SC0682,경로당,senior_center,더푸른아파트경로당,마산회원구,내서읍,4812725000,,35.2349142808915,128.502811193217,point,10,9,1.111,30,25,1.2,83,60,1.383,238.7,238.7,8,25,68,251.0,2,4,11,278.1,0,2,11,312.1,0,0,0,1243.3,1,2,4,238.7,0,1,3,335.4,1,1,1,238.7,0.0,0,0.0,0,0.0,0,0.0,0,0.0,0,0.0,0
SC0683,경로당,senior_center,동신1차아파트경로당,마산회원구,내서읍,4812725000,,35.2501577213049,128.51054075481,point,3,2,1.5,69,30,2.3,163,113,1.442,89.0,89.0,0,58,119,316.6,1,8,34,255.8,2,10,26,89.0,0,0,0,1610.5,1,5,16,255.8,0,2,8,316.6,0,2,5,316.6,0.0,0,0.0,0,0.0,0,0.0,0,0.0,0,0.0,0
SC0684,경로당,senior_center,동신2차아파트경로당,마산회원구,내서읍,4812725000,,35.2515522902785,128.511609603468,point,1,1,1.0,32,26,1.231,149,99,1.505,270.4,270.4,0,19,111,324.8,0,2,29,395.6,1,8,23,270.4,0,0,0,1455.6,0,5,14,338.5,0,3,6,338.5,0,2,6,338.5,0.0,0,0.0,0,0.0,0,0.0,0,0.0,0,0.0,0
SC0685,경로당,senior_center,백로아파트경로당,마산회원구,내서읍,4812725000,,35.2435145782712,128.505594915547,point,10,10,1.0,53,46,1.152,183,118,1.551,242.6,242.6,7,37,147,242.6,3,14,38,242.6,2,10,24,242.6,0,0,0,2053.8,1,6,12,242.6,1,2,5,242.6,0,1,2,307.6,0.0,0,0.0,0,0.0,0,0.0,0,0.0,0,0.0,0
SC0686,경로당,senior_center,블루힐스아파트경로당,마산회원구,내서읍,4812725000,,35.2218092706202,128.502499772105,point,0,0,,1,1,1.0,7,5,1.4,334.3,334.3,0,0,3,723.2,0,0,1,723.2,0,1,2,334.3,0,0,4,723.2,0,0,0,1253.1,0,0,0,1570.7,0,0,0,1253.1,0.0,0,0.0,0,0.0,0,0.0,0,0.0,0,0.0,0
SC0687,경로당,senior_center,삼계2주공아파트경로당,마산회원구,내서읍,4812725000,,35.2292613085929,128.50326896252,point,0,0,,4,3,1.333,37,30,1.233,424.3,424.3,0,2,27,478.9,0,0,5,721.8,0,1,5,466.8,0,0,4,810.5,0,1,2,424.3,0,0,1,758.7,0,1,1,424.3,0.0,0,0.0,0,0.0,0,0.0,0,0.0,0,0.0,0
SC0688,경로당,senior_center,삼계남성경로당,마산회원구,내서읍,4812725000,,35.2313389345274,128.500234176453,point,2,2,1.0,3,3,1.0,53,32,1.656,210.1,210.1,1,1,43,210.1,0,0,5,689.7,1,1,5,263.3,0,0,4,782.4,0,1,2,396.5,0,0,1,733.8,0,1,1,396.5,0.0,0,0.0,0,0.0,0,0.0,0,0.0,0,0.0,0
SC0689,경로당,senior_center,삼계대동아파트경로당,마산회원구,내서읍,4812725000,,35.229929638338,128.503257128615,point,0,0,,4,3,1.333,50,30,1.667,351.7,351.7,0,2,41,416.7,0,0,4,653.1,0,1,4,410.0,0,0,2,852.1,0,1,2,351.7,0,0,1,691.0,0,1,1,351.7,0.0,0,0.0,0,0.0,0,0.0,0,0.0,0,0.0,0
SC0690,경로당,senior_center,삼계여성경로당,마산회원구,내서읍,4812725000,,35.2313389345274,128.500234176453,point,2,2,1.0,3,3,1.0,53,32,1.656,210.1,210.1,1,1,43,210.1,0,0,5,689.7,1,1,5,263.3,0,0,4,782.4,0,1,2,396.5,0,0,1,733.8,0,1,1,396.5,0.0,0,0.0,0,0.0,0,0.0,0,0.0,0,0.0,0
SC0691,경로당,senior_center,삼계현대아파트경로당,마산회원구,내서읍,4812725000,,35.2340681840549,128.502383669031,point,1,1,1.0,28,24,1.167,74,51,1.451,192.2,192.2,0,23,64,310.4,0,4,9,351.5,0,2,8,373.6,0,0,0,1142.9,1,2,4,192.2,0,1,3,403.1,1,1,1,192.2,0.0,0,0.0,0,0.0,0,0.0,0,0.0,0,0.0,0
SC0692,경로당,senior_center,삼계화성아파트경로당,마산회원구,내서읍,4812725000,,35.2332550148597,128.500573066822,point,1,1,1.0,9,7,1.286,57,35,1.629,187.9,187.9,1,7,49,187.9,0,0,6,539.4,0,1,5,406.6,0,0,1,983.9,0,1,3,319.5,0,0,2,590.7,0,1,1,319.5,0.0,0,0.0,0,0.0,0,0.0,0,0.0,0,0.0,0
SC0693,경로당,senior_center,삼정경로당,마산회원구,내서읍,4812725000,,35.249348839853,128.517456450287,point,24,21,1.143,48,44,1.091,147,96,1.531,21.9,21.9,13,33,106,21.9,3,8,30,194.1,6,9,23,178.0,0,0,0,1460.7,2,6,12,196.3,2,4,5,196.3,2,3,3,196.3,0.0,0,0.0,0,0.0,0,0.0,0,0.0,0,0.0,0
SC0694,경로당,senior_center,상곡1주공아파트경로당,마산회원구,내서읍,4812725000,,35.2436619529233,128.500659780037,point,1,1,1.0,1,1,1.0,99,74,1.338,56.6,56.6,0,0,75,591.6,1,1,23,56.6,0,0,16,633.6,0,0,0,1956.2,0,0,8,633.6,0,0,3,633.6,0,0,1,756.7,0.0,0,0.0,0,0.0,0,0.0,0,0.0,0,0.0,0
SC0695,경로당,senior_center,상곡2주공아파트경로당,마산회원구,내서읍,4812725000,,35.2451753317295,128.499422968804,point,1,1,1.0,1,1,1.0,41,35,1.171,177.8,177.8,0,0,28,773.5,1,1,11,177.8,0,0,10,804.3,0,0,0,1783.5,0,0,6,804.3,0,0,2,804.3,0,0,1,894.7,0.0,0,0.0,0,0.0,0,0.0,0,0.0,0,0.0,0
SC0696,경로당,senior_center,상곡경로당,마산회원구,내서읍,4812725000,,35.2435753614502,128.50221991269,point,1,1,1.0,6,6,1.0,165,100,1.65,198.8,198.8,0,5,133,463.5,1,2,34,198.8,0,1,20,497.7,0,0,0,1981.0,0,1,9,497.7,0,1,4,497.7,0,0,1,614.3,0.0,0,0.0,0,0.0,0,0.0,0,0.0,0,0.0,0
SC0697,경로당,senior_center,상동경로당,마산회원구,내서읍,4812725000,,35.2459217311452,128.506867108813,point,3,2,1.5,98,54,1.815,183,118,1.551,285.6,285.6,2,79,141,285.6,1,21,35,298.1,0,12,29,332.8,0,0,0,1840.7,0,6,13,338.7,0,2,6,433.9,0,1,4,356.1,0.0,0,0.0,0,0.0,0,0.0,0,0.0,0,0.0,0
SC0698,경로당,senior_center,서광2차아파트경로당,마산회원구,내서읍,4812725000,,35.2577323768217,128.520153392793,point,5,3,1.667,7,5,1.4,40,34,1.176,125.9,125.9,1,3,22,163.4,2,2,8,125.9,1,1,7,125.9,0,0,1,500.6,1,1,6,125.9,0,0,3,606.6,0,0,2,879.7,0.0,0,0.0,0,0.0,0,0.0,0,0.0,0,0.0,0
SC0699,경로당,senior_center,서진아파트경로당,마산회원구,내서읍,4812725000,,35.2414144125114,128.504392075774,point,10,8,1.25,51,34,1.5,182,115,1.583,174.2,174.2,8,40,147,174.2,3,11,35,217.2,2,9,22,217.2,0,0,0,1951.7,1,5,10,262.2,1,3,4,262.2,0,1,2,460.5,0.0,0,0.0,0,0.0,0,0.0,0,0.0,0,0.0,0
SC0700,경로당,senior_center,수곡경로당,마산회원구,내서읍,4812725000,,35.2707838192469,128.500608452809,point,23,20,1.15,39,35,1.114,71,62,1.145,52.9,52.9,19,31,57,88.2,4,8,12,162.6,9,12,17,52.9,0,0,2,800.2,2,3,4,107.4,1,1,1,107.4,0,0,1,637.8,0.0,0,0.0,0,0.0,0,0.0,0,0.0,0,0.0,0
SC0701,경로당,senior_center,숲속마을주공3단지아파트경로당,마산회원구,내서읍,4812725000,,35.231819471477,128.496602555824,point,2,2,1.0,3,3,1.0,34,28,1.214,156.3,156.3,1,2,26,208.2,0,0,5,906.2,1,1,4,156.3,0,0,4,726.5,0,0,2,693.1,0,0,1,985.6,0,0,1,693.1,0.0,0,0.0,0,0.0,0,0.0,0,0.0,0,0.0,0
SC0702,경로당,senior_center,숲속마을주공4단지아파트경로당,마산회원구,내서읍,4812725000,,35.23107095044,128.496918876222,point,2,2,1.0,2,2,1.0,32,26,1.231,72.4,72.4,1,1,24,238.0,0,0,4,830.3,1,1,4,72.4,0,0,4,647.9,0,0,2,686.5,0,0,1,998.7,0,0,1,686.5,0.0,0,0.0,0,0.0,0,0.0,0,0.0,0,0.0,0
SC0703,경로당,senior_center,숲속마을주공5단지아파트경로당,마산회원구,내서읍,4812725000,,35.2289727966165,128.496879560341,point,1,1,1.0,5,4,1.25,16,12,1.333,189.9,189.9,0,2,9,418.8,0,0,1,604.2,1,1,4,189.9,0,2,4,418.8,0,0,1,794.5,0,0,0,1136.6,0,0,1,794.5,0.0,0,0.0,0,0.0,0,0.0,0,0.0,0,0.0,0
SC0704,경로당,senior_center,숲속마을주공6단지아파트경로당,마산회원구,내서읍,4812725000,,35.2298482281802,128.497778635903,point,1,1,1.0,2,2,1.0,32,26,1.231,88.8,88.8,0,1,23,325.2,0,0,3,722.8,1,1,5,88.8,0,0,4,535.6,0,0,1,672.9,0,0,0,1011.5,0,0,1,672.9,0.0,0,0.0,0,0.0,0,0.0,0,0.0,0,0.0,0
SC0705,경로당,senior_center,신감경로당,마산회원구,내서읍,4812725000,,35.2041324055538,128.510934737661,point,4,2,2.0,5,3,1.667,7,5,1.4,213.2,213.2,2,2,3,213.2,0,0,0,2621.9,0,1,2,454.5,1,1,1,266.4,1,1,1,266.4,0,0,0,3516.0,0,0,0,3266.9,0.0,0,0.0,0,0.0,0,0.0,0,0.0,0,0.0,0
SC0706,경로당,senior_center,신목경로당,마산회원구,내서읍,4812725000,,35.1919665097227,128.496321877345,point,0,0,,0,0,,0,0,,1357.6,1357.6,0,0,0,1357.6,0,0,0,3274.3,0,0,0,2233.6,0,0,0,2004.3,0,0,0,2004.3,0,0,0,4927.9,0,0,0,3466.2,0.0,0,0.0,0,0.0,0,0.0,0,0.0,0,0.0,0
SC0707,경로당,senior_center,신평경로당,마산회원구,내서읍,4812725000,,35.2396597505903,128.510211795187,point,26,24,1.083,81,59,1.373,186,119,1.563,10.9,10.9,19,64,150,10.9,5,15,37,187.9,5,13,24,23.3,0,0,0,2064.5,2,7,12,281.0,1,3,4,281.0,0,1,2,410.0,0.0,0,0.0,0,0.0,0,0.0,0,0.0,0,0.0,0
SC0708,경로당,senior_center,안계경로당,마산회원구,내서읍,4812725000,,35.2377032458802,128.486725130195,point,1,1,1.0,1,1,1.0,2,2,1.0,176.4,176.4,1,1,2,176.4,1,1,1,176.4,0,0,0,1256.5,0,0,0,1604.0,0,0,0,1662.3,0,0,0,1806.4,0,0,0,1662.3,0.0,0,0.0,0,0.0,0,0.0,0,0.0,0,0.0,0
SC0709,경로당,senior_center,안곡경로당,마산회원구,내서읍,4812725000,,35.2624916317901,128.535353947005,point,0,0,,1,1,1.0,4,4,1.0,343.5,343.5,0,1,1,343.5,0,0,1,813.4,0,0,2,800.2,0,0,0,1310.8,0,0,0,1433.2,0,0,0,1987.8,0,0,0,2126.7,0.0,0,0.0,0,0.0,0,0.0,0,0.0,0,0.0,0
SC0710,경로당,senior_center,안성경로당,마산회원구,내서읍,4812725000,,35.2651483934764,128.551233411384,point,0,0,,0,0,,0,0,,1363.3,1363.3,0,0,0,1363.3,0,0,0,2035.8,0,0,0,1979.1,0,0,0,2775.0,0,0,0,2886.8,0,0,0,3408.8,0,0,0,3588.4,0.0,0,0.0,0,0.0,0,0.0,0,0.0,0,0.0,0
SC0711,경로당,senior_center,옥정경로당,마산회원구,내서읍,4812725000,,35.2490738936766,128.522426416061,point,2,2,1.0,6,5,1.2,65,59,1.102,110.3,110.3,0,3,41,390.4,1,1,12,110.3,1,2,16,289.5,0,0,0,1462.2,0,0,7,583.5,0,0,4,583.5,0,0,3,583.5,0.0,0,0.0,0,0.0,0,0.0,0,0.0,0,0.0,0
SC0712,경로당,senior_center,용담경로당,마산회원구,내서읍,4812725000,,35.2644135601922,128.49933135076,point,4,4,1.0,37,29,1.276,108,83,1.301,191.4,191.4,3,25,84,191.4,1,7,17,269.8,0,5,21,348.1,1,4,6,269.8,0,4,9,352.1,0,0,2,641.5,0,1,3,488.7,0.0,0,0.0,0,0.0,0,0.0,0,0.0,0,0.0,0
SC0713,경로당,senior_center,원계경로당,마산회원구,내서읍,4812725000,,35.2307584017706,128.509124349556,point,0,0,,7,5,1.4,59,38,1.553,332.9,332.9,0,6,53,388.0,0,0,5,585.0,0,1,5,332.9,0,0,0,1357.0,0,0,3,524.5,0,0,2,591.5,0,0,1,524.5,0.0,0,0.0,0,0.0,0,0.0,0,0.0,0,0.0,0
SC0714,경로당,senior_center,원계대동다숲아파트경로당,마산회원구,내서읍,4812725000,,35.2298887144455,128.506410607402,point,0,0,,8,6,1.333,49,30,1.633,307.5,307.5,0,6,42,350.3,0,0,5,609.0,0,1,5,307.5,0,0,0,1093.0,0,1,3,408.3,0,0,2,633.5,0,1,1,408.3,0.0,0,0.0,0,0.0,0,0.0,0,0.0,0,0.0,0
SC0715,경로당,senior_center,장미아파트경로당,마산회원구,내서읍,4812725000,,35.2430577093079,128.504945237751,point,8,8,1.0,45,40,1.125,181,116,1.56,235.3,235.3,6,30,146,235.3,2,13,37,251.4,2,10,24,251.4,0,0,0,2086.7,1,5,10,251.4,1,2,4,251.4,0,1,1,365.3,0.0,0,0.0,0,0.0,0,0.0,0,0.0,0,0.0,0
SC0716,경로당,senior_center,전안경로당,마산회원구,내서읍,4812725000,,35.215203561332,128.504729125799,point,0,0,,0,0,,1,1,1.0,987.7,987.7,0,0,0,1085.9,0,0,0,1304.1,0,0,1,987.7,0,0,0,1085.9,0,0,0,1085.9,0,0,0,2268.2,0,0,0,1978.9,0.0,0,0.0,0,0.0,0,0.0,0,0.0,0,0.0,0
SC0717,경로당,senior_center,죽암경로당,마산회원구,내서읍,4812725000,,35.2557436837059,128.509783878649,point,5,3,1.667,6,4,1.5,68,49,1.388,146.8,146.8,0,0,45,598.9,0,0,9,624.5,2,2,12,146.8,0,0,0,1133.4,3,4,12,146.8,2,2,6,146.8,1,2,7,172.1,0.0,0,0.0,0,0.0,0,0.0,0,0.0,0,0.0,0
SC0718,경로당,senior_center,중리남성경로당,마산회원구,내서읍,4812725000,,35.2522065879467,128.511407838134,point,0,0,,26,22,1.182,140,92,1.522,329.7,329.7,0,14,104,390.3,0,2,27,442.1,0,8,20,329.7,0,0,0,1408.6,0,4,11,358.9,0,2,6,358.9,0,1,5,409.3,0.0,0,0.0,0,0.0,0,0.0,0,0.0,0,0.0,0
SC0719,경로당,senior_center,중리여성경로당,마산회원구,내서읍,4812725000,,35.2513733298729,128.511160218842,point,1,1,1.0,28,23,1.217,150,100,1.5,235.1,235.1,0,15,110,342.3,0,2,30,401.9,1,8,24,235.1,0,0,0,1495.8,0,5,14,348.7,0,3,6,348.7,0,2,6,348.7,0.0,0,0.0,0,0.0,0,0.0,0,0.0,0,0.0,0
SC0720,경로당,senior_center,중리현대아파트경로당,마산회원구,내서읍,4812725000,,35.2505019236995,128.522138572503,point,2,2,1.0,11,10,1.1,62,56,1.107,98.6,98.6,0,6,39,373.8,1,3,10,98.6,1,2,15,142.1,0,0,0,1302.0,0,0,7,555.5,0,0,4,555.5,0,0,3,613.8,0.0,0,0.0,0,0.0,0,0.0,0,0.0,0,0.0,0
SC0721,경로당,senior_center,코오롱1차아파트경로당,마산회원구,내서읍,4812725000,,35.2663045036371,128.524986267974,point,3,2,1.5,7,5,1.4,11,9,1.222,0.0,0.0,1,2,4,0.0,0,1,2,404.6,2,4,4,0.0,0,0,1,585.2,0,0,0,1097.0,0,0,0,1653.2,0,0,0,1275.7,0.0,0,0.0,0,0.0,0,0.0,0,0.0,0,0.0,0
SC0722,경로당,senior_center,코오롱2차아파트경로당,마산회원구,내서읍,4812725000,,35.26531922377,128.524789896796,point,3,2,1.5,8,6,1.333,14,10,1.4,110.8,110.8,1,3,4,110.8,0,1,3,472.8,2,3,5,110.8,0,1,1,491.8,0,0,1,987.8,0,0,0,1547.9,0,0,0,1221.8,0.0,0,0.0,0,0.0,0,0.0,0,0.0,0,0.0,0
SC0723,경로당,senior_center,평성남성경로당,마산회원구,내서읍,4812725000,,35.2588428346434,128.538281130892,point,1,1,1.0,1,1,1.0,1,1,1.0,143.6,143.6,1,1,1,143.6,0,0,0,1292.3,0,0,0,1283.2,0,0,0,1620.1,0,0,0,1574.6,0,0,0,2056.8,0,0,0,2349.0,0.0,0,0.0,0,0.0,0,0.0,0,0.0,0,0.0,0
SC0724,경로당,senior_center,평성여성경로당,마산회원구,내서읍,4812725000,,35.2588428346434,128.538281130892,point,1,1,1.0,1,1,1.0,1,1,1.0,143.6,143.6,1,1,1,143.6,0,0,0,1292.3,0,0,0,1283.2,0,0,0,1620.1,0,0,0,1574.6,0,0,0,2056.8,0,0,0,2349.0,0.0,0,0.0,0,0.0,0,0.0,0,0.0,0,0.0,0
SC0725,경로당,senior_center,한우리경로당,마산회원구,내서읍,4812725000,,35.2280792125087,128.504300812031,point,0,0,,1,1,1.0,35,29,1.207,444.3,444.3,0,0,25,565.9,0,0,5,823.4,0,1,5,444.3,0,0,4,834.2,0,0,2,549.6,0,0,1,855.9,0,0,1,549.6,0.0,0,0.0,0,0.0,0,0.0,0,0.0,0,0.0,0
SC0726,경로당,senior_center,한우리2차아파트경로당,마산회원구,내서읍,4812725000,,35.2272840788311,128.503899184121,point,0,0,,1,1,1.0,32,26,1.231,364.1,364.1,0,0,23,660.6,0,0,3,905.4,0,1,5,364.1,0,0,4,770.8,0,0,2,637.6,0,0,1,950.2,0,0,1,637.6,0.0,0,0.0,0,0.0,0,0.0,0,0.0,0,0.0,0
SC0727,경로당,senior_center,한일유엔아이아파트경로당,마산회원구,내서읍,4812725000,,35.2320237233054,128.506087825764,point,10,8,1.25,25,21,1.19,66,43,1.535,72.8,72.8,8,21,58,111.7,0,3,6,371.0,1,2,7,72.8,0,0,0,1198.2,1,2,3,214.8,0,1,2,397.6,1,1,1,214.8,0.0,0,0.0,0,0.0,0,0.0,0,0.0,0,0.0,0
SC0728,경로당,senior_center,한주아파트경로당,마산회원구,내서읍,4812725000,,35.2486114034251,128.520482082514,point,3,3,1.0,22,19,1.158,125,80,1.562,160.0,160.0,2,12,92,220.1,1,4,23,160.0,0,5,21,317.4,0,0,0,1508.0,0,1,8,399.8,0,1,4,399.8,0,1,3,399.8,0.0,0,0.0,0,0.0,0,0.0,0,0.0,0,0.0,0
SC0729,경로당,senior_center,현대성우아파트경로당,마산회원구,내서읍,4812725000,,35.2552971299956,128.519063574251,point,6,4,1.5,25,21,1.19,59,51,1.157,169.7,169.7,3,17,34,169.7,2,5,9,262.3,1,3,11,262.3,0,0,1,784.6,1,2,10,262.3,0,1,6,326.4,0,0,5,832.0,0.0,0,0.0,0,0.0,0,0.0,0,0.0,0,0.0,0
SC0730,경로당,senior_center,호계남성경로당,마산회원구,내서읍,4812725000,,35.2661203561337,128.519681639389,point,2,1,2.0,6,4,1.5,12,10,1.2,228.0,228.0,1,3,4,228.0,0,0,3,756.7,1,2,5,228.0,0,1,1,450.8,0,0,1,836.6,0,0,0,1341.2,0,0,1,836.6,0.0,0,0.0,0,0.0,0,0.0,0,0.0,0,0.0,0
SC0731,경로당,senior_center,호계여성경로당,마산회원구,내서읍,4812725000,,35.2661203561337,128.519681639389,point,2,1,2.0,6,4,1.5,12,10,1.2,228.0,228.0,1,3,4,228.0,0,0,3,756.7,1,2,5,228.0,0,1,1,450.8,0,0,1,836.6,0,0,0,1341.2,0,0,1,836.6,0.0,0,0.0,0,0.0,0,0.0,0,0.0,0,0.0,0
SC0732,경로당,senior_center,화인태양아파트경로당,마산회원구,내서읍,4812725000,,35.268279584297,128.523890430087,point,4,2,2.0,6,4,1.5,10,8,1.25,239.0,239.0,2,2,4,239.0,0,1,1,476.9,2,3,4,239.0,0,0,1,726.1,0,0,0,1283.4,0,0,0,1781.6,0,0,0,1288.3,0.0,0,0.0,0,0.0,0,0.0,0,0.0,0,0.0,0
SC0733,경로당,senior_center,회원1동남성경로당,마산회원구,회원1동,4812751000,,35.2183801400445,128.572739525768,point,3,3,1.0,6,6,1.0,33,30,1.1,218.5,218.5,2,3,8,218.5,0,0,4,740.3,1,2,16,229.1,0,0,0,1393.0,0,1,5,301.6,0,1,3,301.6,0,0,1,964.4,0.0,0,0.0,0,0.0,0,0.0,0,0.0,0,0.0,0
SC0734,경로당,senior_center,회원1동여성경로당,마산회원구,회원1동,4812751000,,35.2183801400445,128.572739525768,point,3,3,1.0,6,6,1.0,33,30,1.1,218.5,218.5,2,3,8,218.5,0,0,4,740.3,1,2,16,229.1,0,0,0,1393.0,0,1,5,301.6,0,1,3,301.6,0,0,1,964.4,0.0,0,0.0,0,0.0,0,0.0,0,0.0,0,0.0,0
SC0735,경로당,senior_center,한효아파트경로당,마산회원구,회원1동,4812751000,,35.2173887271967,128.571682044036,point,1,1,1.0,5,5,1.0,29,26,1.115,287.9,287.9,1,3,10,287.9,0,0,3,720.4,0,1,12,370.5,0,0,0,1504.3,0,1,4,362.7,0,1,2,362.7,0,0,1,831.7,0.0,0,0.0,0,0.0,0,0.0,0,0.0,0,0.0,0
SC0736,경로당,senior_center,이산남성경로당,마산회원구,회원1동,4812751000,,35.2210670272491,128.575398079307,point,3,3,1.0,10,9,1.111,31,28,1.107,124.7,124.7,1,3,7,124.7,0,1,5,394.2,2,4,14,166.7,0,0,0,1059.0,0,2,6,394.2,0,1,3,443.1,0,0,2,883.5,0.0,0,0.0,0,0.0,0,0.0,0,0.0,0,0.0,0
SC0737,경로당,senior_center,이산여성경로당,마산회원구,회원1동,4812751000,,35.2210670272491,128.575398079307,point,3,3,1.0,10,9,1.111,31,28,1.107,124.7,124.7,1,3,7,124.7,0,1,5,394.2,2,4,14,166.7,0,0,0,1059.0,0,2,6,394.2,0,1,3,443.1,0,0,2,883.5,0.0,0,0.0,0,0.0,0,0.0,0,0.0,0,0.0,0
SC0738,경로당,senior_center,봉오남성경로당,마산회원구,회원1동,4812751000,,35.2226879377983,128.571783682903,point,5,5,1.0,11,11,1.0,28,27,1.037,48.5,48.5,1,3,5,276.4,0,0,4,596.3,4,8,14,48.5,0,0,0,1349.6,0,0,5,624.1,0,0,4,624.1,0,0,0,1169.1,0.0,0,0.0,0,0.0,0,0.0,0,0.0,0,0.0,0
SC0739,경로당,senior_center,봉오여성경로당,마산회원구,회원1동,4812751000,,35.2226879377983,128.571783682903,point,5,5,1.0,11,11,1.0,28,27,1.037,48.5,48.5,1,3,5,276.4,0,0,4,596.3,4,8,14,48.5,0,0,0,1349.6,0,0,5,624.1,0,0,4,624.1,0,0,0,1169.1,0.0,0,0.0,0,0.0,0,0.0,0,0.0,0,0.0,0
SC0740,경로당,senior_center,육호경로당,마산회원구,회원1동,4812751000,,35.2176853278639,128.575944420932,point,5,5,1.0,9,9,1.0,33,29,1.138,72.5,72.5,1,3,9,295.7,0,0,5,580.8,3,5,15,254.8,0,0,0,1179.1,1,1,4,72.5,1,1,2,72.5,0,0,1,992.2,0.0,0,0.0,0,0.0,0,0.0,0,0.0,0,0.0,0
SC0741,경로당,senior_center,화란여성경로당,마산회원구,회원2동,4812752000,,35.2187896668808,128.559421452507,point,0,0,,0,0,,3,3,1.0,595.4,595.4,0,0,1,992.6,0,0,0,1570.4,0,0,1,695.2,0,0,0,1962.8,0,0,1,595.4,0,0,1,595.4,0,0,0,1323.3,0.0,0,0.0,0,0.0,0,0.0,0,0.0,0,0.0,0
SC0742,경로당,senior_center,화란남성경로당,마산회원구,회원2동,4812752000,,35.2187896668808,128.559421452507,point,0,0,,0,0,,3,3,1.0,595.4,595.4,0,0,1,992.6,0,0,0,1570.4,0,0,1,695.2,0,0,0,1962.8,0,0,1,595.4,0,0,1,595.4,0,0,0,1323.3,0.0,0,0.0,0,0.0,0,0.0,0,0.0,0,0.0,0
SC0743,경로당,senior_center,연계마을여성경로당,마산회원구,회원2동,4812752000,,35.2207331281915,128.557851342908,point,0,0,,0,0,,2,2,1.0,664.7,664.7,0,0,0,1229.2,0,0,0,1545.4,0,0,1,949.1,0,0,0,2221.5,0,0,1,664.7,0,0,1,664.7,0,0,0,1578.9,0.0,0,0.0,0,0.0,0,0.0,0,0.0,0,0.0,0
SC0744,경로당,senior_center,연계마을남성경로당,마산회원구,회원2동,4812752000,,35.2207331281915,128.557851342908,point,0,0,,0,0,,2,2,1.0,664.7,664.7,0,0,0,1229.2,0,0,0,1545.4,0,0,1,949.1,0,0,0,2221.5,0,0,1,664.7,0,0,1,664.7,0,0,0,1578.9,0.0,0,0.0,0,0.0,0,0.0,0,0.0,0,0.0,0
SC0745,경로당,senior_center,봉화여성경로당,마산회원구,회원2동,4812752000,,35.2204008438143,128.56697604222,point,1,1,1.0,3,3,1.0,15,15,1.0,207.0,207.0,0,1,4,398.2,0,0,0,1097.8,0,1,9,484.8,0,0,0,1821.1,1,1,2,207.0,1,1,2,207.0,0,0,0,1161.2,0.0,0,0.0,0,0.0,0,0.0,0,0.0,0,0.0,0
SC0746,경로당,senior_center,봉화남성경로당,마산회원구,회원2동,4812752000,,35.2204008438143,128.56697604222,point,1,1,1.0,3,3,1.0,15,15,1.0,207.0,207.0,0,1,4,398.2,0,0,0,1097.8,0,1,9,484.8,0,0,0,1821.1,1,1,2,207.0,1,1,2,207.0,0,0,0,1161.2,0.0,0,0.0,0,0.0,0,0.0,0,0.0,0,0.0,0
SC0747,경로당,senior_center,회봉경로당,마산회원구,회원2동,4812752000,,35.2209536938047,128.566458410848,point,1,1,1.0,3,3,1.0,15,15,1.0,135.7,135.7,0,1,4,455.8,0,0,0,1056.1,0,1,9,494.1,0,0,0,1855.9,1,1,2,135.7,1,1,2,135.7,0,0,0,1230.9,0.0,0,0.0,0,0.0,0,0.0,0,0.0,0,0.0,0
SC0748,경로당,senior_center,팔거리거점경로당,마산회원구,회원2동,4812752000,,35.2196510654062,128.563522498398,point,1,1,1.0,1,1,1.0,8,8,1.0,246.0,246.0,0,0,2,710.6,0,0,0,1303.7,0,0,5,757.8,0,0,0,1879.9,1,1,1,246.0,1,1,1,246.0,0,0,0,1184.9,0.0,0,0.0,0,0.0,0,0.0,0,0.0,0,0.0,0
SC0749,경로당,senior_center,회원2동제1경로당,마산회원구,회원2동,4812752000,,35.2186451502462,128.562437156945,point,0,0,,1,1,1.0,5,5,1.0,394.6,394.6,0,0,2,821.8,0,0,0,1337.1,0,0,2,635.8,0,0,0,1816.1,0,1,1,394.6,0,1,1,394.6,0,0,0,1138.6,0.0,0,0.0,0,0.0,0,0.0,0,0.0,0,0.0,0
SC0750,경로당,senior_center,무학경로당,마산회원구,회원2동,4812752000,,35.2166237784872,128.559857623748,point,0,0,,1,1,1.0,3,3,1.0,458.6,458.6,0,0,1,764.7,0,0,0,1419.1,0,1,1,458.6,0,0,0,1741.1,0,0,1,717.5,0,0,1,717.5,0,0,0,1129.8,0.0,0,0.0,0,0.0,0,0.0,0,0.0,0,0.0,0
SC0751,경로당,senior_center,e편한세상1단지경로당,마산회원구,회원2동,4812752000,,35.222036895346,128.569984464304,point,2,2,1.0,9,9,1.0,26,25,1.04,156.6,156.6,1,3,5,259.9,0,0,3,772.5,1,5,13,156.6,0,0,0,1520.4,0,1,5,449.7,0,1,4,449.7,0,0,0,1322.4,0.0,0,0.0,0,0.0,0,0.0,0,0.0,0,0.0,0
SC0752,경로당,senior_center,e편한세상2단지경로당,마산회원구,회원2동,4812752000,,35.2194026917238,128.569503435739,point,1,1,1.0,5,5,1.0,25,23,1.087,176.5,176.5,1,2,6,176.5,0,0,3,961.3,0,2,13,394.7,0,0,0,1626.3,0,1,3,461.2,0,1,2,461.2,0,0,0,1029.1,0.0,0,0.0,0,0.0,0,0.0,0,0.0,0,0.0,0
SC0753,경로당,senior_center,낙원경로당,마산회원구,회원2동,4812752000,,35.2233735991651,128.569512691124,point,2,2,1.0,9,9,1.0,25,24,1.042,173.1,173.1,0,2,6,367.0,0,0,3,721.9,2,6,11,173.1,0,0,0,1551.6,0,1,5,455.1,0,1,4,455.1,0,0,0,1371.2,0.0,0,0.0,0,0.0,0,0.0,0,0.0,0,0.0,0
SC0754,경로당,senior_center,성황남성경로당,마산회원구,석전동,4812754500,,35.2290960287468,128.566971573056,point,1,1,1.0,9,9,1.0,26,26,1.0,269.5,269.5,1,3,7,269.5,0,1,3,351.2,0,4,12,308.4,0,0,0,1877.1,0,1,4,308.0,0,1,3,308.0,0,0,0,1711.4,0.0,0,0.0,0,0.0,0,0.0,0,0.0,0,0.0,0
SC0755,경로당,senior_center,성황여성경로당,마산회원구,석전동,4812754500,,35.2290960287468,128.566971573056,point,1,1,1.0,9,9,1.0,26,26,1.0,269.5,269.5,1,3,7,269.5,0,1,3,351.2,0,4,12,308.4,0,0,0,1877.1,0,1,4,308.0,0,1,3,308.0,0,0,0,1711.4,0.0,0,0.0,0,0.0,0,0.0,0,0.0,0,0.0,0
SC0756,경로당,senior_center,근주경로당,마산회원구,석전동,4812754500,,35.2304171194296,128.568984172893,point,5,5,1.0,9,9,1.0,30,30,1.0,78.9,78.9,1,3,7,230.0,1,1,4,173.1,2,4,17,185.6,0,0,0,1760.1,1,1,4,78.9,1,1,3,78.9,0,0,0,1604.1,0.0,0,0.0,0,0.0,0,0.0,0,0.0,0,0.0,0
SC0757,경로당,senior_center,봉화남성경로당,마산회원구,석전동,4812754500,,35.225649051026,128.569143438872,point,2,2,1.0,8,8,1.0,27,27,1.0,179.5,179.5,0,1,7,364.6,0,1,3,482.9,2,6,14,179.5,0,0,0,1597.9,0,0,3,551.3,0,0,2,551.3,0,0,0,1421.4,0.0,0,0.0,0,0.0,0,0.0,0,0.0,0,0.0,0
SC0758,경로당,senior_center,봉화여성경로당,마산회원구,석전동,4812754500,,35.225649051026,128.569143438872,point,2,2,1.0,8,8,1.0,27,27,1.0,179.5,179.5,0,1,7,364.6,0,1,3,482.9,2,6,14,179.5,0,0,0,1597.9,0,0,3,551.3,0,0,2,551.3,0,0,0,1421.4,0.0,0,0.0,0,0.0,0,0.0,0,0.0,0,0.0,0
SC0759,경로당,senior_center,장수남성경로당,마산회원구,석전동,4812754500,,35.227059574899,128.572427825763,point,6,6,1.0,11,11,1.0,39,38,1.026,100.0,100.0,2,2,7,241.1,0,2,6,341.2,4,6,22,100.0,0,0,0,1335.7,0,1,6,457.5,0,1,4,457.5,0,0,0,1167.4,0.0,0,0.0,0,0.0,0,0.0,0,0.0,0,0.0,0
SC0760,경로당,senior_center,장수여성경로당,마산회원구,석전동,4812754500,,35.227059574899,128.572427825763,point,6,6,1.0,11,11,1.0,39,38,1.026,100.0,100.0,2,2,7,241.1,0,2,6,341.2,4,6,22,100.0,0,0,0,1335.7,0,1,6,457.5,0,1,4,457.5,0,0,0,1167.4,0.0,0,0.0,0,0.0,0,0.0,0,0.0,0,0.0,0
SC0761,경로당,senior_center,일우경로당,마산회원구,석전동,4812754500,,35.226774333827,128.570984385267,point,5,5,1.0,10,10,1.0,35,34,1.029,73.6,73.6,1,2,7,276.8,0,1,4,336.7,4,6,19,73.6,0,0,0,1455.1,0,1,5,435.9,0,1,3,435.9,0,0,0,1283.7,0.0,0,0.0,0,0.0,0,0.0,0,0.0,0,0.0,0
SC0762,경로당,senior_center,동산남성경로당,마산회원구,석전동,4812754500,,35.2328290209674,128.572475467746,point,1,1,1.0,9,9,1.0,33,33,1.0,286.3,286.3,0,0,7,532.6,0,2,4,371.7,1,5,20,286.3,0,0,0,1627.2,0,2,4,346.7,0,1,3,346.7,0,0,0,1498.2,0.0,0,0.0,0,0.0,0,0.0,0,0.0,0,0.0,0
SC0763,경로당,senior_center,동산여성경로당,마산회원구,석전동,4812754500,,35.2328290209674,128.572475467746,point,1,1,1.0,9,9,1.0,33,33,1.0,286.3,286.3,0,0,7,532.6,0,2,4,371.7,1,5,20,286.3,0,0,0,1627.2,0,2,4,346.7,0,1,3,346.7,0,0,0,1498.2,0.0,0,0.0,0,0.0,0,0.0,0,0.0,0,0.0,0
SC0764,경로당,senior_center,역전남성경로당,마산회원구,석전동,4812754500,,35.2332478780117,128.577305061522,point,9,9,1.0,14,14,1.0,38,36,1.056,57.3,57.3,0,2,9,471.3,1,2,5,113.9,8,10,23,57.3,0,0,0,1345.3,2,2,4,113.9,1,1,3,113.9,0,0,0,1251.5,0.0,0,0.0,0,0.0,0,0.0,0,0.0,0,0.0,0
SC0765,경로당,senior_center,역전여성경로당,마산회원구,석전동,4812754500,,35.2332962960334,128.570095863002,point,1,1,1.0,9,9,1.0,29,29,1.0,266.7,266.7,0,2,7,355.3,0,1,3,392.2,1,5,17,266.7,0,0,0,1832.1,0,1,4,301.8,0,1,3,301.8,0,0,0,1696.0,0.0,0,0.0,0,0.0,0,0.0,0,0.0,0,0.0,0
SC0766,경로당,senior_center,북성여성경로당,마산회원구,석전동,4812754500,,35.232717173047,128.568274078436,point,6,6,1.0,9,9,1.0,27,27,1.0,111.3,111.3,2,3,7,185.6,0,1,3,393.4,3,4,15,111.3,0,0,0,1936.3,1,1,4,275.5,1,1,3,275.5,0,0,0,1791.1,0.0,0,0.0,0,0.0,0,0.0,0,0.0,0,0.0,0
SC0767,경로당,senior_center,중앙남성경로당,마산회원구,석전동,4812754500,,35.230513985151,128.572866513919,point,2,2,1.0,13,13,1.0,37,37,1.0,209.9,209.9,0,1,7,384.6,1,2,5,209.9,0,8,23,418.5,0,0,0,1452.0,1,2,4,277.0,1,1,3,277.0,0,0,0,1308.2,0.0,0,0.0,0,0.0,0,0.0,0,0.0,0,0.0,0
SC0768,경로당,senior_center,중앙여성경로당,마산회원구,석전동,4812754500,,35.230513985151,128.572866513919,point,2,2,1.0,13,13,1.0,37,37,1.0,209.9,209.9,0,1,7,384.6,1,2,5,209.9,0,8,23,418.5,0,0,0,1452.0,1,2,4,277.0,1,1,3,277.0,0,0,0,1308.2,0.0,0,0.0,0,0.0,0,0.0,0,0.0,0,0.0,0
SC0769,경로당,senior_center,대동피렌체아파트경로당,마산회원구,석전동,4812754500,,35.2271975442468,128.574799052612,point,6,6,1.0,11,11,1.0,40,38,1.053,44.6,44.6,2,2,7,44.6,1,3,8,259.9,3,6,22,102.8,0,0,0,1134.4,0,0,6,507.6,0,0,3,588.6,0,0,1,971.6,0.0,0,0.0,0,0.0,0,0.0,0,0.0,0,0.0,0
SC0770,경로당,senior_center,메트로시티석전경로당,마산회원구,석전동,4812754500,,35.2298010847479,128.570731134756,point,2,2,1.0,9,9,1.0,31,31,1.0,0.0,0.0,0,2,5,401.9,1,1,4,0.0,0,5,20,345.0,0,0,0,1587.0,1,1,4,119.9,1,1,3,119.9,0,0,0,1431.6,0.0,0,0.0,0,0.0,0,0.0,0,0.0,0,0.0,0
SC0771,경로당,senior_center,광명촌경로당,마산회원구,회성동,4812755000,,35.2341666170721,128.565365432016,point,4,4,1.0,8,8,1.0,15,15,1.0,139.4,139.4,1,3,5,254.6,0,0,1,688.0,3,4,7,139.4,0,0,0,2246.2,0,1,2,328.7,0,1,2,328.7,0,0,0,2100.7,0.0,0,0.0,0,0.0,0,0.0,0,0.0,0,0.0,0
SC0772,경로당,senior_center,두곡경로당,마산회원구,회성동,4812755000,,35.2383230168524,128.54770985006,point,2,2,1.0,2,2,1.0,9,8,1.125,181.8,181.8,0,0,5,559.4,0,0,0,2299.6,2,2,4,181.8,0,0,1,954.1,0,0,0,1390.8,0,0,0,1390.8,0,0,0,3062.8,0.0,0,0.0,0,0.0,0,0.0,0,0.0,0,0.0,0
SC0773,경로당,senior_center,두척경로당,마산회원구,회성동,4812755000,,35.237101120308,128.541701586095,point,1,1,1.0,1,1,1.0,7,6,1.167,29.7,29.7,1,1,3,29.7,0,0,0,2310.7,0,0,3,617.1,0,0,2,598.6,0,0,0,1874.9,0,0,0,1874.9,0,0,0,2616.6,0.0,0,0.0,0,0.0,0,0.0,0,0.0,0,0.0,0
SC0774,경로당,senior_center,송정경로당,마산회원구,회성동,4812755000,,35.2443496035715,128.551262586147,point,1,1,1.0,2,2,1.0,4,4,1.0,187.5,187.5,1,2,2,187.5,0,0,0,2397.6,0,0,2,868.5,0,0,0,1246.4,0,0,0,1537.1,0,0,0,1537.1,0,0,0,3219.3,0.0,0,0.0,0,0.0,0,0.0,0,0.0,0,0.0,0
SC0775,경로당,senior_center,연동경로당,마산회원구,회성동,4812755000,,35.2352461391758,128.559262548803,point,4,4,1.0,5,5,1.0,15,15,1.0,133.8,133.8,2,2,6,133.8,0,0,0,1206.5,2,2,8,251.7,0,0,0,2058.6,0,1,1,300.4,0,1,1,300.4,0,0,0,2637.8,0.0,0,0.0,0,0.0,0,0.0,0,0.0,0,0.0,0
SC0776,경로당,senior_center,회성제1남성경로당,마산회원구,회성동,4812755000,,35.2320116502475,128.559454702259,point,4,4,1.0,6,6,1.0,13,13,1.0,229.3,229.3,2,3,5,229.3,0,0,0,1055.7,1,2,6,277.6,0,0,0,2222.1,1,1,2,275.9,1,1,2,275.9,0,0,0,2466.7,0.0,0,0.0,0,0.0,0,0.0,0,0.0,0,0.0,0
SC0777,경로당,senior_center,회성제1여성경로당,마산회원구,회성동,4812755000,,35.2320116502475,128.559454702259,point,4,4,1.0,6,6,1.0,13,13,1.0,229.3,229.3,2,3,5,229.3,0,0,0,1055.7,1,2,6,277.6,0,0,0,2222.1,1,1,2,275.9,1,1,2,275.9,0,0,0,2466.7,0.0,0,0.0,0,0.0,0,0.0,0,0.0,0,0.0,0
SC0778,경로당,senior_center,회성제2남성경로당,마산회원구,회성동,4812755000,,35.2310683925469,128.563305402635,point,4,4,1.0,9,9,1.0,16,16,1.0,64.7,64.7,2,4,5,64.7,0,0,1,690.6,2,4,8,249.4,0,0,0,2265.0,0,1,2,306.3,0,1,2,306.3,0,0,0,2102.7,0.0,0,0.0,0,0.0,0,0.0,0,0.0,0,0.0,0
SC0779,경로당,senior_center,회성제2여성경로당,마산회원구,회성동,4812755000,,35.2310683925469,128.563305402635,point,4,4,1.0,9,9,1.0,16,16,1.0,64.7,64.7,2,4,5,64.7,0,0,1,690.6,2,4,8,249.4,0,0,0,2265.0,0,1,2,306.3,0,1,2,306.3,0,0,0,2102.7,0.0,0,0.0,0,0.0,0,0.0,0,0.0,0,0.0,0
SC0780,경로당,senior_center,회성제3남성경로당,마산회원구,회성동,4812755000,,35.2340143055033,128.563853041563,point,5,5,1.0,10,10,1.0,14,14,1.0,150.7,150.7,2,5,5,290.9,0,0,1,781.5,2,4,6,150.7,0,0,0,2357.3,1,1,2,190.9,1,1,2,190.9,0,0,0,2207.8,0.0,0,0.0,0,0.0,0,0.0,0,0.0,0,0.0,0
SC0781,경로당,senior_center,회성제3여성경로당,마산회원구,회성동,4812755000,,35.2340143055033,128.563853041563,point,5,5,1.0,10,10,1.0,14,14,1.0,150.7,150.7,2,5,5,290.9,0,0,1,781.5,2,4,6,150.7,0,0,0,2357.3,1,1,2,190.9,1,1,2,190.9,0,0,0,2207.8,0.0,0,0.0,0,0.0,0,0.0,0,0.0,0,0.0,0
SC0782,경로당,senior_center,양덕1동남성경로당,마산회원구,양덕1동,4812756000,,35.2330844872459,128.584534634178,point,10,8,1.25,13,11,1.182,36,34,1.059,170.9,170.9,5,5,8,170.9,0,0,4,551.0,6,8,23,174.0,0,0,0,1047.7,0,1,4,318.2,0,1,3,318.2,0,0,0,1044.4,0.0,0,0.0,0,0.0,0,0.0,0,0.0,0,0.0,0
SC0783,경로당,senior_center,양덕1동여성경로당,마산회원구,양덕1동,4812756000,,35.2330844872459,128.584534634178,point,10,8,1.25,13,11,1.182,36,34,1.059,170.9,170.9,5,5,8,170.9,0,0,4,551.0,6,8,23,174.0,0,0,0,1047.7,0,1,4,318.2,0,1,3,318.2,0,0,0,1044.4,0.0,0,0.0,0,0.0,0,0.0,0,0.0,0,0.0,0
SC0784,경로당,senior_center,남성사랑방쉼터경로당,마산회원구,양덕1동,4812756000,,35.230480178726,128.586585732255,point,9,7,1.286,12,10,1.2,44,40,1.1,115.5,115.5,4,5,8,142.8,0,1,6,429.6,5,6,26,131.9,0,0,1,742.6,1,1,7,115.5,1,1,4,115.5,0,0,2,777.5,0.0,0,0.0,0,0.0,0,0.0,0,0.0,0,0.0,0
SC0785,경로당,senior_center,여성사랑방쉼터경로당,마산회원구,양덕1동,4812756000,,35.230480178726,128.586585732255,point,9,7,1.286,12,10,1.2,44,40,1.1,115.5,115.5,4,5,8,142.8,0,1,6,429.6,5,6,26,131.9,0,0,1,742.6,1,1,7,115.5,1,1,4,115.5,0,0,2,777.5,0.0,0,0.0,0,0.0,0,0.0,0,0.0,0,0.0,0
SC0786,경로당,senior_center,양덕1동행복경로당,마산회원구,양덕1동,4812756000,,35.2353298740991,128.586305065245,point,3,1,3.0,12,10,1.2,35,33,1.061,285.0,285.0,3,5,9,285.0,0,0,4,674.9,0,7,21,339.5,0,0,0,1281.0,0,1,5,338.2,0,1,4,338.2,0,0,1,994.7,0.0,0,0.0,0,0.0,0,0.0,0,0.0,0,0.0,0
SC0787,경로당,senior_center,양덕경남아파트경로당,마산회원구,양덕1동,4812756000,,35.2342517185864,128.591124960235,point,0,0,,5,3,1.667,24,22,1.091,363.5,363.5,0,3,7,446.7,0,0,2,688.1,0,1,14,429.8,0,0,0,1233.8,0,1,3,363.5,0,1,3,363.5,0,0,1,973.4,0.0,0,0.0,0,0.0,0,0.0,0,0.0,0,0.0,0
SC0788,경로당,senior_center,서안양덕타운경로당,마산회원구,양덕1동,4812756000,,35.2345738168088,128.588593869108,point,4,2,2.0,9,7,1.286,29,27,1.074,272.4,272.4,3,4,8,272.4,0,0,4,668.5,0,5,17,366.7,0,0,0,1211.4,1,1,4,293.2,1,1,4,293.2,0,0,1,983.8,0.0,0,0.0,0,0.0,0,0.0,0,0.0,0,0.0,0
SC0789,경로당,senior_center,신성미소지움아파트경로당,마산회원구,양덕1동,4812756000,,35.2335819803974,128.58428585205,point,9,7,1.286,13,11,1.182,35,33,1.061,158.7,158.7,5,5,8,162.6,0,0,4,545.6,5,8,22,158.7,0,0,0,1106.1,0,1,4,377.2,0,1,3,377.2,0,0,0,1099.9,0.0,0,0.0,0,0.0,0,0.0,0,0.0,0,0.0,0
SC0790,경로당,senior_center,양덕2동 제2남성경로당,마산회원구,양덕2동,4812757000,,35.2297322749326,128.584120596208,point,6,6,1.0,12,10,1.2,50,45,1.111,127.2,127.2,1,5,11,237.3,1,1,8,203.1,4,6,26,131.6,0,0,1,695.6,1,1,8,127.2,1,1,4,127.2,0,0,2,673.7,0.0,0,0.0,0,0.0,0,0.0,0,0.0,0,0.0,0
SC0791,경로당,senior_center,양덕2동 제2여성경로당,마산회원구,양덕2동,4812757000,,35.2297322749326,128.584120596208,point,6,6,1.0,12,10,1.2,50,45,1.111,127.2,127.2,1,5,11,237.3,1,1,8,203.1,4,6,26,131.6,0,0,1,695.6,1,1,8,127.2,1,1,4,127.2,0,0,2,673.7,0.0,0,0.0,0,0.0,0,0.0,0,0.0,0,0.0,0
SC0792,경로당,senior_center,구열경로당 남성분회,마산회원구,양덕2동,4812757000,,35.2312162035656,128.580615488943,point,4,4,1.0,16,16,1.0,42,39,1.077,198.1,198.1,1,2,8,269.6,0,3,7,343.8,3,11,24,198.1,0,0,1,985.3,0,3,6,354.6,0,2,4,361.7,0,0,1,911.1,0.0,0,0.0,0,0.0,0,0.0,0,0.0,0,0.0,0
SC0793,경로당,senior_center,구열경로당 여성분회,마산회원구,양덕2동,4812757000,,35.2312162035656,128.580615488943,point,4,4,1.0,16,16,1.0,42,39,1.077,198.1,198.1,1,2,8,269.6,0,3,7,343.8,3,11,24,198.1,0,0,1,985.3,0,3,6,354.6,0,2,4,361.7,0,0,1,911.1,0.0,0,0.0,0,0.0,0,0.0,0,0.0,0,0.0,0
SC0794,경로당,senior_center,양덕2동 삼각경로당,마산회원구,양덕2동,4812757000,,35.2227095150456,128.586596544595,point,16,14,1.143,23,20,1.15,148,96,1.542,22.0,22.0,4,8,97,22.0,3,4,19,80.3,7,8,36,143.2,1,1,1,119.8,2,3,15,80.3,0,0,8,524.1,2,3,8,80.3,0.0,0,0.0,0,0.0,0,0.0,0,0.0,0,0.0,0
SC0795,경로당,senior_center,탑골경로당,마산회원구,양덕2동,4812757000,,35.2252224721518,128.588640217217,point,7,7,1.0,18,16,1.125,158,79,2.0,91.2,91.2,1,5,118,289.4,0,3,14,389.1,5,8,27,91.2,1,1,1,248.5,0,2,13,389.1,0,0,7,541.8,0,2,6,389.1,0.0,0,0.0,0,0.0,0,0.0,0,0.0,0,0.0,0
SC0796,경로당,senior_center,한일타운1차 여성경로당,마산회원구,양덕2동,4812757000,,35.2306399556789,128.578647650564,point,4,4,1.0,14,14,1.0,44,40,1.1,155.0,155.0,0,2,8,447.9,1,3,8,155.0,2,9,25,180.7,0,0,0,1046.5,1,2,7,197.9,0,1,4,359.4,0,0,1,942.4,0.0,0,0.0,0,0.0,0,0.0,0,0.0,0,0.0,0
SC0797,경로당,senior_center,한일타운1차 남성경로당,마산회원구,양덕2동,4812757000,,35.2306399556789,128.578647650564,point,4,4,1.0,14,14,1.0,44,40,1.1,155.0,155.0,0,2,8,447.9,1,3,8,155.0,2,9,25,180.7,0,0,0,1046.5,1,2,7,197.9,0,1,4,359.4,0,0,1,942.4,0.0,0,0.0,0,0.0,0,0.0,0,0.0,0,0.0,0
SC0798,경로당,senior_center,한일타운2차 여성경로당,마산회원구,양덕2동,4812757000,,35.2316349587179,128.582556899555,point,5,5,1.0,17,15,1.133,44,41,1.073,148.6,148.6,2,5,9,148.6,0,2,6,362.1,3,11,26,168.0,0,0,1,943.4,1,2,6,293.7,1,2,4,293.7,0,0,1,902.3,0.0,0,0.0,0,0.0,0,0.0,0,0.0,0,0.0,0
SC0799,경로당,senior_center,한일타운2차 남성경로당,마산회원구,양덕2동,4812757000,,35.2316349587179,128.582556899555,point,5,5,1.0,17,15,1.133,44,41,1.073,148.6,148.6,2,5,9,148.6,0,2,6,362.1,3,11,26,168.0,0,0,1,943.4,1,2,6,293.7,1,2,4,293.7,0,0,1,902.3,0.0,0,0.0,0,0.0,0,0.0,0,0.0,0,0.0,0
SC0800,경로당,senior_center,한일타운3차 경로당,마산회원구,양덕2동,4812757000,,35.2261050141865,128.575467904582,point,5,5,1.0,13,13,1.0,35,33,1.061,121.0,121.0,2,2,5,164.4,1,2,8,152.5,2,8,19,121.0,0,0,0,1040.8,0,1,6,488.1,0,1,3,488.1,0,0,1,871.3,0.0,0,0.0,0,0.0,0,0.0,0,0.0,0,0.0,0
SC0801,경로당,senior_center,한일타운4차 경로당,마산회원구,양덕2동,4812757000,,35.2288455464935,128.581005876933,point,1,1,1.0,11,11,1.0,54,49,1.102,156.8,156.8,0,1,11,482.0,1,3,9,156.8,0,5,30,415.9,0,0,1,754.5,0,2,7,426.0,0,1,3,426.0,0,0,2,659.2,0.0,0,0.0,0,0.0,0,0.0,0,0.0,0,0.0,0
SC0802,경로당,senior_center,우성아파트 경로당,마산회원구,양덕2동,4812757000,,35.2287858629739,128.57687676075,point,2,2,1.0,10,10,1.0,48,44,1.091,181.1,181.1,1,1,10,216.3,1,2,8,181.1,0,6,27,358.9,0,0,0,1040.4,0,1,7,300.0,0,0,4,578.6,0,0,1,901.2,0.0,0,0.0,0,0.0,0,0.0,0,0.0,0,0.0,0
SC0803,경로당,senior_center,대림하이빌 아파트 경로당,마산회원구,양덕2동,4812757000,,35.2244480825616,128.589145164708,point,9,9,1.0,25,17,1.471,190,101,1.881,136.9,136.9,2,10,141,266.4,0,4,19,369.6,6,7,36,136.9,1,1,1,247.9,0,5,15,369.6,0,2,7,446.9,0,3,7,369.6,0.0,0,0.0,0,0.0,0,0.0,0,0.0,0,0.0,0
SC0804,경로당,senior_center,메트로시티 남성노인회,마산회원구,양덕2동,4812757000,,35.2283724648636,128.582628079245,point,1,1,1.0,6,6,1.0,52,47,1.106,0.0,0.0,0,1,12,439.5,1,1,8,0.0,0,4,28,334.4,0,0,1,621.3,0,1,7,326.2,0,1,3,326.2,0,0,2,550.6,0.0,0,0.0,0,0.0,0,0.0,0,0.0,0,0.0,0
SC0805,경로당,senior_center,메트로시티 여성노인회,마산회원구,양덕2동,4812757000,,35.2283724648636,128.582628079245,point,1,1,1.0,6,6,1.0,52,47,1.106,0.0,0.0,0,1,12,439.5,1,1,8,0.0,0,4,28,334.4,0,0,1,621.3,0,1,7,326.2,0,1,3,326.2,0,0,2,550.6,0.0,0,0.0,0,0.0,0,0.0,0,0.0,0,0.0,0
SC0806,경로당,senior_center,반월경로당,마산회원구,양덕2동,4812757000,,35.2240414022142,128.580007236155,point,5,4,1.25,8,6,1.333,53,49,1.082,30.6,30.6,0,0,12,557.7,1,4,8,231.5,2,2,26,38.6,0,0,1,595.9,2,3,8,30.6,1,1,3,30.6,0,1,3,417.1,0.0,0,0.0,0,0.0,0,0.0,0,0.0,0,0.0,0
SC0807,경로당,senior_center,메트로시티2단지경로당,마산회원구,양덕2동,4812757000,,35.2236728605877,128.584565894733,point,11,9,1.222,23,19,1.211,100,67,1.493,0.0,0.0,3,5,59,147.4,3,5,12,0.0,3,8,28,243.9,1,1,1,180.6,2,5,11,0.0,0,1,6,393.3,2,3,5,0.0,0.0,0,0.0,0,0.0,0,0.0,0,0.0,0,0.0,0
SC0808,경로당,senior_center,양덕코오롱하늘채아파트경로당,마산회원구,양덕2동,4812757000,,35.2272598184407,128.578838733618,point,2,2,1.0,8,8,1.0,57,52,1.096,224.7,224.7,0,1,12,346.9,1,3,9,224.7,1,3,31,254.6,0,0,1,800.5,0,1,8,365.7,0,1,4,365.7,0,0,2,656.1,0.0,0,0.0,0,0.0,0,0.0,0,0.0,0,0.0,0
SC0809,경로당,senior_center,롯데캐슬센텀골드아파트경로당,마산회원구,양덕2동,4812757000,,35.2246437503717,128.590873091606,point,2,2,1.0,22,16,1.375,212,119,1.782,270.4,270.4,1,11,161,270.4,0,2,25,463.8,1,8,39,287.0,0,1,1,405.5,0,3,16,378.8,0,2,9,378.8,0,1,8,463.8,0.0,0,0.0,0,0.0,0,0.0,0,0.0,0,0.0,0
SC0810,경로당,senior_center,롯데캐슬하버팰리스아파트경로당,마산회원구,양덕2동,4812757000,,35.2220271776522,128.590682864277,point,20,9,2.222,69,37,1.865,329,216,1.523,107.7,107.7,13,50,255,107.7,2,7,39,191.1,6,13,56,233.3,0,1,2,424.6,3,6,24,174.4,2,3,13,174.4,1,3,12,191.1,0.0,0,0.0,0,0.0,0,0.0,0,0.0,0,0.0,0
SC0811,경로당,senior_center,합성1동남성경로당,마산회원구,합성1동,4812758000,,35.2431506484129,128.583940174329,point,1,1,1.0,6,6,1.0,19,19,1.0,174.5,174.5,1,3,7,174.5,0,0,2,658.5,0,2,8,304.7,0,0,0,2161.8,0,1,4,476.2,0,1,4,476.2,0,0,2,730.9,0.0,0,0.0,0,0.0,0,0.0,0,0.0,0,0.0,0
SC0812,경로당,senior_center,합성1동여성경로당,마산회원구,합성1동,4812758000,,35.2429524983481,128.583414509933,point,1,1,1.0,5,5,1.0,17,17,1.0,225.8,225.8,1,3,5,225.8,0,0,2,692.1,0,2,8,312.2,0,0,0,2145.7,0,0,3,528.3,0,0,3,528.3,0,0,1,778.5,0.0,0,0.0,0,0.0,0,0.0,0,0.0,0,0.0,0
SC0813,경로당,senior_center,신성남성경로당,마산회원구,합성1동,4812758000,,35.2440047151368,128.580537839918,point,0,0,,1,1,1.0,11,11,1.0,486.1,486.1,0,1,5,486.1,0,0,1,978.8,0,0,4,580.7,0,0,0,2309.2,0,0,1,769.7,0,0,1,769.7,0,0,0,1046.4,0.0,0,0.0,0,0.0,0,0.0,0,0.0,0,0.0,0
SC0814,경로당,senior_center,신성여성경로당,마산회원구,합성1동,4812758000,,35.2440047151368,128.580537839918,point,0,0,,1,1,1.0,11,11,1.0,486.1,486.1,0,1,5,486.1,0,0,1,978.8,0,0,4,580.7,0,0,0,2309.2,0,0,1,769.7,0,0,1,769.7,0,0,0,1046.4,0.0,0,0.0,0,0.0,0,0.0,0,0.0,0,0.0,0
SC0815,경로당,senior_center,합성가고파남성경로당,마산회원구,합성1동,4812758000,,35.2396128376271,128.58098582094,point,0,0,,4,4,1.0,29,27,1.074,326.6,326.6,0,2,9,326.6,0,0,2,682.9,0,2,17,339.4,0,0,0,1827.6,0,0,4,682.9,0,0,3,682.9,0,0,0,1067.8,0.0,0,0.0,0,0.0,0,0.0,0,0.0,0,0.0,0
SC0816,경로당,senior_center,합성가고파여성경로당,마산회원구,합성1동,4812758000,,35.2396128376271,128.58098582094,point,0,0,,4,4,1.0,29,27,1.074,326.6,326.6,0,2,9,326.6,0,0,2,682.9,0,2,17,339.4,0,0,0,1827.6,0,0,4,682.9,0,0,3,682.9,0,0,0,1067.8,0.0,0,0.0,0,0.0,0,0.0,0,0.0,0,0.0,0
SC0817,경로당,senior_center,무학경로당,마산회원구,합성1동,4812758000,,35.2395759599414,128.578937165552,point,1,1,1.0,1,1,1.0,23,23,1.0,249.7,249.7,1,1,5,249.7,0,0,1,636.2,0,0,16,521.2,0,0,0,1884.0,0,0,3,636.2,0,0,2,636.2,0,0,0,1245.4,0.0,0,0.0,0,0.0,0,0.0,0,0.0,0,0.0,0
SC0818,경로당,senior_center,창원롯데캐슬더퍼스트경로당,마산회원구,합성1동,4812758000,,35.2450833629099,128.586531628809,point,2,2,1.0,5,5,1.0,17,17,1.0,195.5,195.5,1,3,6,195.5,0,0,2,586.6,0,1,7,492.7,0,0,0,2363.2,1,1,4,240.4,1,1,4,240.4,0,0,2,546.3,0.0,0,0.0,0,0.0,0,0.0,0,0.0,0,0.0,0
SC0819,경로당,senior_center,남성경로당,마산회원구,합성2동,,,35.2328276509476,128.572476869248,point,1,1,1.0,9,9,1.0,33,33,1.0,286.2,286.2,0,0,7,532.6,0,2,4,371.6,1,5,20,286.2,0,0,0,1627.0,0,2,4,346.7,0,1,3,346.7,0,0,0,1498.0,0.0,0,0.0,0,0.0,0,0.0,0,0.0,0,0.0,0
SC0820,경로당,senior_center,여성경로당,마산회원구,합성2동,,,35.244264894226,128.58362623534,point,1,1,1.0,4,4,1.0,18,18,1.0,221.4,221.4,1,2,7,221.4,0,0,2,747.0,0,1,7,428.6,0,0,0,2287.8,0,1,4,487.9,0,1,4,487.9,0,0,2,772.2,0.0,0,0.0,0,0.0,0,0.0,0,0.0,0,0.0,0
SC0821,경로당,senior_center,팔용경로당,마산회원구,합성2동,4812759000,,35.2384787294173,128.587456418263,point,7,7,1.0,9,9,1.0,29,27,1.074,122.2,122.2,2,2,10,162.3,0,1,3,341.1,4,5,15,122.2,0,0,0,1632.4,1,1,5,221.5,1,1,5,221.5,0,0,1,648.0,0.0,0,0.0,0,0.0,0,0.0,0,0.0,0,0.0,0
SC0822,경로당,senior_center,제2경로당,마산회원구,합성2동,4812759000,,35.2356661048311,128.590144980123,point,2,2,1.0,7,5,1.4,26,24,1.083,183.2,183.2,0,3,8,457.8,0,0,2,527.9,1,3,14,251.9,0,0,0,1358.3,1,1,4,183.2,1,1,4,183.2,0,0,1,830.2,0.0,0,0.0,0,0.0,0,0.0,0,0.0,0,0.0,0
SC0823,경로당,senior_center,제3경로당,마산회원구,합성2동,,,35.2426537137012,128.663142157511,point,2,2,1.0,5,5,1.0,16,12,1.333,253.4,253.4,0,0,0,1038.3,0,0,8,684.7,2,3,3,253.4,0,0,0,5004.1,0,2,7,303.4,0,0,0,5598.9,0,1,5,303.4,0.0,0,0.0,0,0.0,0,0.0,0,0.0,0,0.0,0
SC0824,경로당,senior_center,두산위브더센트럴1단지아파트경로당,마산회원구,합성2동,4812759000,,35.2373184087307,128.587434683057,point,5,5,1.0,9,9,1.0,32,30,1.067,168.8,168.8,1,2,10,285.9,0,1,3,435.3,3,5,18,183.6,0,0,0,1503.7,1,1,5,168.8,1,1,5,168.8,0,0,1,753.1,0.0,0,0.0,0,0.0,0,0.0,0,0.0,0,0.0,0
SC0825,경로당,senior_center,구암본동남성경로당,마산회원구,구암1동,4812760000,,35.2534848585706,128.593522387525,point,1,1,1.0,2,2,1.0,50,18,2.778,187.8,187.8,0,1,35,477.7,0,0,5,589.0,1,1,4,187.8,0,0,0,3356.2,0,1,7,477.7,0,1,2,477.7,0,1,1,477.7,0.0,0,0.0,0,116.0,23,0.0,0,0.0,0,3413.7,23
SC0826,경로당,senior_center,구암본동여성경로당,마산회원구,구암1동,4812760000,,35.2534848585706,128.593522387525,point,1,1,1.0,2,2,1.0,50,18,2.778,187.8,187.8,0,1,35,477.7,0,0,5,589.0,1,1,4,187.8,0,0,0,3356.2,0,1,7,477.7,0,1,2,477.7,0,1,1,477.7,0.0,0,0.0,0,116.0,23,0.0,0,0.0,0,3413.7,23
SC0827,경로당,senior_center,구암샛터남성경로당,마산회원구,구암1동,4812760000,,35.2555301848457,128.595663392428,point,1,1,1.0,2,2,1.0,79,22,3.591,295.9,295.9,0,1,57,474.2,0,0,6,590.2,1,1,9,295.9,0,0,0,3619.1,0,0,10,629.8,0,0,2,629.8,0,0,1,773.0,0.0,0,15.0,1,269.0,36,0.0,0,474.0,1,14156.8,36
SC0828,경로당,senior_center,구암샛터여성경로당,마산회원구,구암1동,4812760000,,35.2555301848457,128.595663392428,point,1,1,1.0,2,2,1.0,79,22,3.591,295.9,295.9,0,1,57,474.2,0,0,6,590.2,1,1,9,295.9,0,0,0,3619.1,0,0,10,629.8,0,0,2,629.8,0,0,1,773.0,0.0,0,15.0,1,269.0,36,0.0,0,474.0,1,14156.8,36
SC0829,경로당,senior_center,대한여성경로당,마산회원구,구암1동,4812760000,,35.2508857503535,128.594320112102,point,2,2,1.0,6,5,1.2,65,25,2.6,242.8,242.8,1,2,43,288.1,0,1,7,367.3,1,2,6,242.8,0,0,0,3089.3,0,2,13,367.3,0,1,4,450.4,0,1,2,450.4,0.0,0,0.0,0,137.0,30,0.0,0,0.0,0,6073.0,30
SC0830,경로당,senior_center,구암1동제1경로당,마산회원구,구암1동,4812760000,,35.2486261941467,128.590978677203,point,3,3,1.0,4,4,1.0,18,14,1.286,132.0,132.0,2,3,6,132.0,0,0,4,660.3,1,1,3,231.8,0,0,0,2785.8,1,1,7,287.0,1,1,4,287.0,1,1,2,287.0,0.0,0,0.0,0,0.0,0,0.0,0,0.0,0,0.0,0
SC0831,경로당,senior_center,구암1동제3경로당,마산회원구,구암1동,4812760000,,35.2576630281194,128.595854854223,point,1,1,1.0,1,1,1.0,53,15,3.533,236.8,236.8,1,1,38,236.8,0,0,6,680.0,0,0,5,533.2,0,0,0,3853.6,0,0,7,674.3,0,0,2,807.1,0,0,1,959.0,15.0,1,15.0,1,220.0,24,474.0,1,474.0,1,12331.8,24
SC0832,경로당,senior_center,제1남성경로당,마산회원구,구암2동,4812761000,,35.2499892804064,128.599128995578,point,5,2,2.5,36,7,5.143,207,84,2.464,97.4,97.4,0,27,172,456.9,1,1,25,97.4,0,3,39,304.4,0,0,0,3125.3,4,5,21,97.4,1,1,2,204.6,0,0,3,736.0,0.0,0,97.0,20,2168.0,136,0.0,0,2367.2,20,131900.8,136
SC0833,경로당,senior_center,제1여성경로당,마산회원구,구암2동,4812761000,,35.2499892804064,128.599128995578,point,5,2,2.5,36,7,5.143,207,84,2.464,97.4,97.4,0,27,172,456.9,1,1,25,97.4,0,3,39,304.4,0,0,0,3125.3,4,5,21,97.4,1,1,2,204.6,0,0,3,736.0,0.0,0,97.0,20,2168.0,136,0.0,0,2367.2,20,131900.8,136
SC0834,경로당,senior_center,제2남성경로당,마산회원구,구암2동,4812761000,,35.2506258912463,128.602100380627,point,42,8,5.25,137,46,2.978,237,95,2.495,157.0,157.0,35,118,198,179.2,0,16,29,312.3,3,22,47,157.0,0,0,0,3297.9,6,17,24,173.8,1,1,1,173.8,0,1,4,457.1,133.0,28,1239.0,93,2939.0,160,5500.6,28,66633.2,93,221278.8,160
SC0835,경로당,senior_center,제2여성경로당,마산회원구,구암2동,4812761000,,35.2506258912463,128.602100380627,point,42,8,5.25,137,46,2.978,237,95,2.495,157.0,157.0,35,118,198,179.2,0,16,29,312.3,3,22,47,157.0,0,0,0,3297.9,6,17,24,173.8,1,1,1,173.8,0,1,4,457.1,133.0,28,1239.0,93,2939.0,160,5500.6,28,66633.2,93,221278.8,160
SC0836,경로당,senior_center,신산남성경로당,마산회원구,구암2동,4812761000,,35.25380708239,128.5995296433,point,8,4,2.0,43,11,3.909,183,75,2.44,216.8,216.8,4,31,149,223.5,1,5,20,216.8,0,1,36,386.1,0,0,0,3534.9,3,6,21,274.6,1,1,2,274.6,0,0,3,693.6,4.0,2,101.0,22,1799.0,116,572.4,2,2939.7,22,95084.2,116
SC0837,경로당,senior_center,신산여성경로당,마산회원구,구암2동,4812761000,,35.25380708239,128.5995296433,point,8,4,2.0,43,11,3.909,183,75,2.44,216.8,216.8,4,31,149,223.5,1,5,20,216.8,0,1,36,386.1,0,0,0,3534.9,3,6,21,274.6,1,1,2,274.6,0,0,3,693.6,4.0,2,101.0,22,1799.0,116,572.4,2,2939.7,22,95084.2,116
SC0838,경로당,senior_center,제4남성경로당,마산회원구,구암2동,4812761000,,35.2446917140289,128.591333650498,point,5,5,1.0,7,7,1.0,22,20,1.1,124.9,124.9,1,2,7,124.9,1,2,4,242.5,2,2,8,196.7,0,0,0,2360.4,2,2,5,196.7,2,2,4,196.7,1,1,2,196.7,0.0,0,0.0,0,0.0,0,0.0,0,0.0,0,0.0,0
SC0839,경로당,senior_center,제4여성경로당,마산회원구,구암2동,4812761000,,35.2446917140289,128.591333650498,point,5,5,1.0,7,7,1.0,22,20,1.1,124.9,124.9,1,2,7,124.9,1,2,4,242.5,2,2,8,196.7,0,0,0,2360.4,2,2,5,196.7,2,2,4,196.7,1,1,2,196.7,0.0,0,0.0,0,0.0,0,0.0,0,0.0,0,0.0,0
SC0840,경로당,senior_center,대동2차아파트경로당,마산회원구,구암2동,4812761000,,35.2459349324951,128.593239605936,point,2,2,1.0,6,6,1.0,25,21,1.19,137.7,137.7,1,2,7,236.1,0,1,4,377.0,1,2,9,137.7,0,0,0,2532.2,0,2,7,346.1,0,2,4,346.1,0,1,2,346.1,0.0,0,0.0,0,0.0,0,0.0,0,0.0,0,0.0,0
SC0841,경로당,senior_center,중앙하이츠아파트경로당,마산회원구,구암2동,4812761000,,35.2469856267709,128.594666263911,point,2,2,1.0,5,4,1.25,54,20,2.7,178.2,178.2,1,2,37,288.9,0,1,4,437.2,1,1,7,178.2,0,0,0,2678.4,0,1,10,437.2,0,0,4,506.4,0,0,2,506.4,0.0,0,0.0,0,115.0,25,0.0,0,0.0,0,3612.8,25
SC0842,경로당,senior_center,봉암동제1남성경로당,마산회원구,봉암동,4812762000,,35.2232067718145,128.598442170377,point,34,1,34.0,57,20,2.85,381,250,1.524,165.3,165.3,34,49,308,165.3,0,6,40,440.3,0,4,65,385.8,0,1,1,436.2,0,3,18,436.2,0,1,14,468.8,0,1,7,468.8,0.0,0,0.0,0,0.0,0,0.0,0,0.0,0,0.0,0
SC0843,경로당,senior_center,봉암동제1여성경로당,마산회원구,봉암동,4812762000,,35.2232067718145,128.598442170377,point,34,1,34.0,57,20,2.85,381,250,1.524,165.3,165.3,34,49,308,165.3,0,6,40,440.3,0,4,65,385.8,0,1,1,436.2,0,3,18,436.2,0,1,14,468.8,0,1,7,468.8,0.0,0,0.0,0,0.0,0,0.0,0,0.0,0,0.0,0
SC0844,경로당,senior_center,봉암동제2남성경로당,마산회원구,봉암동,4812762000,,35.2212833430916,128.597201200198,point,30,24,1.25,146,84,1.738,539,371,1.453,102.3,102.3,22,127,432,102.3,6,15,68,217.2,5,16,104,144.8,0,1,1,330.2,2,6,26,217.2,1,4,15,281.1,1,1,11,281.1,0.0,0,0.0,0,0.0,0,0.0,0,0.0,0,0.0,0
SC0845,경로당,senior_center,봉암동제2여성경로당,마산회원구,봉암동,4812762000,,35.2212833430916,128.597201200198,point,30,24,1.25,146,84,1.738,539,371,1.453,102.3,102.3,22,127,432,102.3,6,15,68,217.2,5,16,104,144.8,0,1,1,330.2,2,6,26,217.2,1,4,15,281.1,1,1,11,281.1,0.0,0,0.0,0,0.0,0,0.0,0,0.0,0,0.0,0
SC0846,경로당,senior_center,봉암서광아파트경로당,마산회원구,봉암동,4812762000,,35.2168709072785,128.612914103181,point,6,5,1.2,21,16,1.312,135,99,1.364,196.8,196.8,5,15,106,196.8,1,6,23,264.6,2,5,37,264.6,0,0,0,1201.1,1,7,13,264.6,1,4,6,264.6,0,4,7,316.9,0.0,0,0.0,0,568.0,2,0.0,0,0.0,0,68230.1,2
SC0847,경로당,senior_center,봉암본동경로당,마산회원구,봉암동,4812762000,,35.214109417764,128.615794830105,point,4,3,1.333,11,7,1.571,80,48,1.667,175.8,175.8,3,6,64,175.8,0,3,14,346.2,0,2,20,346.2,0,0,0,1548.2,1,5,11,175.8,0,4,4,346.2,1,3,6,175.8,0.0,0,0.0,0,1016.0,25,0.0,0,0.0,0,104451.2,25
SC0848,경로당,senior_center,봉암본동부녀경로당,마산회원구,봉암동,4812762000,,35.214109417764,128.615794830105,point,4,3,1.333,11,7,1.571,80,48,1.667,175.8,175.8,3,6,64,175.8,0,3,14,346.2,0,2,20,346.2,0,0,0,1548.2,1,5,11,175.8,0,4,4,346.2,1,3,6,175.8,0.0,0,0.0,0,1016.0,25,0.0,0,0.0,0,104451.2,25
SC0849,경로당,senior_center,중앙동경로당,진해구,충무동,4812953000,,35.1505908708744,128.657568371469,point,6,6,1.0,10,10,1.0,18,18,1.0,101.1,101.1,5,5,5,179.2,0,1,1,387.7,0,2,10,319.7,0,0,0,1661.2,1,2,2,101.1,1,2,2,101.1,0,1,1,374.2,0.0,0,0.0,0,0.0,0,0.0,0,0.0,0,0.0,0
SC0850,경로당,senior_center,중앙동부녀경로당,진해구,충무동,4812953000,,35.1505908708744,128.657568371469,point,6,6,1.0,10,10,1.0,18,18,1.0,101.1,101.1,5,5,5,179.2,0,1,1,387.7,0,2,10,319.7,0,0,0,1661.2,1,2,2,101.1,1,2,2,101.1,0,1,1,374.2,0.0,0,0.0,0,0.0,0,0.0,0,0.0,0,0.0,0
SC0851,경로당,senior_center,데시앙아파트경로당,진해구,충무동,4812953000,,35.1474534170137,128.661810553819,point,7,7,1.0,13,13,1.0,22,22,1.0,139.9,139.9,0,2,7,388.7,1,1,1,285.8,5,9,11,139.9,0,0,0,1143.3,1,1,3,169.2,1,1,3,169.2,1,1,1,169.2,0.0,0,0.0,0,0.0,0,0.0,0,0.0,0,0.0,0
SC0852,경로당,senior_center,태평동경로당,진해구,충무동,4812953000,,35.1450527761792,128.660386271749,point,4,4,1.0,10,10,1.0,20,20,1.0,89.2,89.2,0,0,6,599.5,1,1,1,286.0,3,8,11,89.2,0,0,0,1133.7,0,1,2,427.2,0,1,2,427.2,0,1,1,427.2,0.0,0,0.0,0,0.0,0,0.0,0,0.0,0,0.0,0
SC0853,경로당,senior_center,태평동부녀경로당,진해구,충무동,4812953000,,35.1450527761792,128.660386271749,point,4,4,1.0,10,10,1.0,20,20,1.0,89.2,89.2,0,0,6,599.5,1,1,1,286.0,3,8,11,89.2,0,0,0,1133.7,0,1,2,427.2,0,1,2,427.2,0,1,1,427.2,0.0,0,0.0,0,0.0,0,0.0,0,0.0,0,0.0,0
SC0854,경로당,senior_center,속천동경로당,진해구,충무동,4812953000,,35.1421939827604,128.669160687525,point,5,4,1.25,12,11,1.091,18,17,1.059,53.1,53.1,3,4,4,53.1,0,0,0,1105.6,2,6,12,259.1,2,6,6,274.2,1,2,2,274.2,1,2,2,274.2,1,1,1,274.2,0.0,0,0.0,0,0.0,0,0.0,0,0.0,0,0.0,0
SC0855,경로당,senior_center,속천동부녀경로당,진해구,충무동,4812953000,,35.1421939827604,128.669160687525,point,5,4,1.25,12,11,1.091,18,17,1.059,53.1,53.1,3,4,4,53.1,0,0,0,1105.6,2,6,12,259.1,2,6,6,274.2,1,2,2,274.2,1,2,2,274.2,1,1,1,274.2,0.0,0,0.0,0,0.0,0,0.0,0,0.0,0,0.0,0
SC0856,경로당,senior_center,제황경로당,진해구,충무동,4812953000,,35.1446009086578,128.6701999612,point,3,3,1.0,9,8,1.125,26,25,1.04,74.2,74.2,1,3,6,239.7,0,0,0,1088.8,1,5,17,74.2,0,3,6,383.0,1,2,3,161.6,1,2,3,161.6,0,1,2,383.0,0.0,0,0.0,0,0.0,0,0.0,0,0.0,0,0.0,0
SC0857,경로당,senior_center,그린비치경로당,진해구,충무동,4812953000,,35.1441975854456,128.671318984787,point,3,3,1.0,8,7,1.143,24,23,1.043,51.1,51.1,1,3,6,244.7,0,0,0,1199.2,1,4,16,51.1,0,4,6,306.5,1,2,2,69.0,1,2,2,69.0,0,1,1,306.5,0.0,0,0.0,0,0.0,0,0.0,0,0.0,0,0.0,0
SC0858,경로당,senior_center,평화그린파크경로당,진해구,충무동,4812953000,,35.1461353382812,128.669487836582,point,2,2,1.0,6,6,1.0,29,28,1.036,252.1,252.1,0,1,6,404.1,0,0,1,991.7,1,4,19,252.1,0,0,6,564.7,1,1,3,289.0,1,1,3,289.0,0,0,2,564.7,0.0,0,0.0,0,0.0,0,0.0,0,0.0,0,0.0,0
SC0859,경로당,senior_center,대죽동경로당,진해구,충무동,4812953000,,35.1445460369752,128.663898674635,point,6,6,1.0,7,7,1.0,27,26,1.038,107.7,107.7,0,0,7,568.4,0,0,1,560.0,6,7,15,107.7,0,0,6,816.1,0,0,4,542.7,0,0,4,542.7,0,0,2,542.7,0.0,0,0.0,0,0.0,0,0.0,0,0.0,0,0.0,0
SC0860,경로당,senior_center,대죽동부녀경로당,진해구,충무동,4812953000,,35.1445460369752,128.663898674635,point,6,6,1.0,7,7,1.0,27,26,1.038,107.7,107.7,0,0,7,568.4,0,0,1,560.0,6,7,15,107.7,0,0,6,816.1,0,0,4,542.7,0,0,4,542.7,0,0,2,542.7,0.0,0,0.0,0,0.0,0,0.0,0,0.0,0,0.0,0
SC0861,경로당,senior_center,충무로5가경로당,진해구,충무동,4812953000,,35.1507702957758,128.660576288544,point,5,5,1.0,11,11,1.0,21,21,1.0,92.5,92.5,2,5,7,92.5,0,1,2,429.9,2,3,10,116.5,0,0,0,1466.8,1,2,2,217.3,1,2,2,217.3,1,1,1,217.3,0.0,0,0.0,0,0.0,0,0.0,0,0.0,0,0.0,0
SC0862,경로당,senior_center,송학동부녀경로당,진해구,충무동,4812953000,,35.1507702957758,128.660576288544,point,5,5,1.0,11,11,1.0,21,21,1.0,92.5,92.5,2,5,7,92.5,0,1,2,429.9,2,3,10,116.5,0,0,0,1466.8,1,2,2,217.3,1,2,2,217.3,1,1,1,217.3,0.0,0,0.0,0,0.0,0,0.0,0,0.0,0,0.0,0
SC0863,경로당,senior_center,화천여자경로당,진해구,충무동,4812953000,,35.1507702957758,128.660576288544,point,5,5,1.0,11,11,1.0,21,21,1.0,92.5,92.5,2,5,7,92.5,0,1,2,429.9,2,3,10,116.5,0,0,0,1466.8,1,2,2,217.3,1,2,2,217.3,1,1,1,217.3,0.0,0,0.0,0,0.0,0,0.0,0,0.0,0,0.0,0
SC0864,경로당,senior_center,충무동경로당,진해구,충무동,4812953000,,35.1504647467152,128.667781453,point,1,1,1.0,4,4,1.0,27,27,1.0,248.8,248.8,1,2,6,248.8,0,0,2,823.5,0,2,16,422.0,0,0,0,1068.0,0,0,3,635.4,0,0,3,635.4,0,0,1,635.4,0.0,0,0.0,0,0.0,0,0.0,0,0.0,0,0.0,0
SC0865,경로당,senior_center,충무동부녀경로당,진해구,충무동,4812953000,,35.1504647467152,128.667781453,point,1,1,1.0,4,4,1.0,27,27,1.0,248.8,248.8,1,2,6,248.8,0,0,2,823.5,0,2,16,422.0,0,0,0,1068.0,0,0,3,635.4,0,0,3,635.4,0,0,1,635.4,0.0,0,0.0,0,0.0,0,0.0,0,0.0,0,0.0,0
SC0866,경로당,senior_center,제황산경로당,진해구,충무동,4812953000,,35.1501271225953,128.66562158415,point,0,0,,7,7,1.0,29,29,1.0,324.5,324.5,0,1,9,419.8,0,0,2,709.5,0,5,15,324.5,0,0,0,1122.2,0,1,3,436.3,0,1,3,436.3,0,1,1,436.3,0.0,0,0.0,0,0.0,0,0.0,0,0.0,0,0.0,0
SC0867,경로당,senior_center,제황산부녀경로당,진해구,충무동,4812953000,,35.1501271225953,128.66562158415,point,0,0,,7,7,1.0,29,29,1.0,324.5,324.5,0,1,9,419.8,0,0,2,709.5,0,5,15,324.5,0,0,0,1122.2,0,1,3,436.3,0,1,3,436.3,0,1,1,436.3,0.0,0,0.0,0,0.0,0,0.0,0,0.0,0,0.0,0
SC0868,경로당,senior_center,제황로경로당,진해구,충무동,4812953000,,35.1509761613775,128.669556887727,point,2,2,1.0,6,6,1.0,23,23,1.0,141.6,141.6,1,2,6,141.6,0,0,1,841.3,1,4,14,296.1,0,0,0,1075.7,0,0,2,750.0,0,0,2,750.0,0,0,1,806.7,0.0,0,0.0,0,0.0,0,0.0,0,0.0,0,0.0,0
SC0869,경로당,senior_center,제황로부녀경로당,진해구,충무동,4812953000,,35.1509761613775,128.669556887727,point,2,2,1.0,6,6,1.0,23,23,1.0,141.6,141.6,1,2,6,141.6,0,0,1,841.3,1,4,14,296.1,0,0,0,1075.7,0,0,2,750.0,0,0,2,750.0,0,0,1,806.7,0.0,0,0.0,0,0.0,0,0.0,0,0.0,0,0.0,0
SC0870,경로당,senior_center,중원경로당,진해구,충무동,4812953000,,35.1474781126363,128.660108017348,point,5,5,1.0,11,11,1.0,18,18,1.0,132.6,132.6,0,2,5,329.5,1,1,1,132.6,3,7,10,145.0,0,0,0,1274.5,1,1,2,177.5,1,1,2,177.5,1,1,1,177.5,0.0,0,0.0,0,0.0,0,0.0,0,0.0,0,0.0,0
SC0871,경로당,senior_center,평지경로당,진해구,여좌동,4812954000,,35.1678429178567,128.657901245489,point,0,0,,0,0,,2,2,1.0,531.0,531.0,0,0,0,1572.9,0,0,0,1311.4,0,0,1,605.6,0,0,0,3194.9,0,0,1,531.0,0,0,1,531.0,0,0,0,2126.7,0.0,0,0.0,0,0.0,0,0.0,0,0.0,0,0.0,0
SC0872,경로당,senior_center,평지부녀경로당,진해구,여좌동,4812954000,,35.1678429178567,128.657901245489,point,0,0,,0,0,,2,2,1.0,531.0,531.0,0,0,0,1572.9,0,0,0,1311.4,0,0,1,605.6,0,0,0,3194.9,0,0,1,531.0,0,0,1,531.0,0,0,0,2126.7,0.0,0,0.0,0,0.0,0,0.0,0,0.0,0,0.0,0
SC0873,경로당,senior_center,여좌경로당,진해구,여좌동,4812954000,,35.1623664651101,128.662762067122,point,2,2,1.0,2,2,1.0,4,4,1.0,221.2,221.2,0,0,1,822.0,0,0,1,574.3,1,1,1,230.0,0,0,0,2465.3,1,1,1,221.2,1,1,1,221.2,0,0,0,1506.7,0.0,0,0.0,0,0.0,0,0.0,0,0.0,0,0.0,0
SC0874,경로당,senior_center,여좌부녀경로당,진해구,여좌동,4812954000,,35.1624638786509,128.66284153012,point,2,2,1.0,2,2,1.0,4,4,1.0,217.5,217.5,0,0,1,827.4,0,0,1,582.3,1,1,1,218.5,0,0,0,2473.0,1,1,1,217.5,1,1,1,217.5,0,0,0,1518.2,0.0,0,0.0,0,0.0,0,0.0,0,0.0,0,0.0,0
SC0875,경로당,senior_center,여좌2가부녀경로당,진해구,여좌동,4812954000,,35.1616301028129,128.665337578595,point,0,0,,3,3,1.0,5,5,1.0,372.0,372.0,0,0,1,648.3,0,1,1,464.9,0,1,2,372.0,0,0,0,2316.0,0,1,1,450.8,0,1,1,450.8,0,0,0,1469.2,0.0,0,0.0,0,0.0,0,0.0,0,0.0,0,0.0,0
SC0876,경로당,senior_center,여좌장복경로당,진해구,여좌동,4812954000,,35.1580389638817,128.662937243657,point,1,1,1.0,2,2,1.0,13,13,1.0,180.0,180.0,0,1,7,470.1,1,1,1,180.0,0,0,3,594.2,0,0,0,2014.4,0,0,2,671.9,0,0,2,671.9,0,0,0,1032.6,0.0,0,0.0,0,0.0,0,0.0,0,0.0,0,0.0,0
SC0877,경로당,senior_center,여좌장복부녀경로당,진해구,여좌동,4812954000,,35.1580389638817,128.662937243657,point,1,1,1.0,2,2,1.0,13,13,1.0,180.0,180.0,0,1,7,470.1,1,1,1,180.0,0,0,3,594.2,0,0,0,2014.4,0,0,2,671.9,0,0,2,671.9,0,0,0,1032.6,0.0,0,0.0,0,0.0,0,0.0,0,0.0,0,0.0,0
SC0878,경로당,senior_center,여좌1가경로당,진해구,여좌동,4812954000,,35.1577461395322,128.660652341651,point,0,0,,1,1,1.0,13,13,1.0,377.9,377.9,0,0,6,641.9,0,1,1,377.9,0,0,3,635.3,0,0,0,2080.5,0,0,3,689.1,0,0,3,689.1,0,0,1,987.1,0.0,0,0.0,0,0.0,0,0.0,0,0.0,0,0.0,0
SC0879,경로당,senior_center,여좌1가부녀경로당,진해구,여좌동,4812954000,,35.1577461395322,128.660652341651,point,0,0,,1,1,1.0,13,13,1.0,377.9,377.9,0,0,6,641.9,0,1,1,377.9,0,0,3,635.3,0,0,0,2080.5,0,0,3,689.1,0,0,3,689.1,0,0,1,987.1,0.0,0,0.0,0,0.0,0,0.0,0,0.0,0,0.0,0
SC0880,경로당,senior_center,여좌재건경로당,진해구,여좌동,4812954000,,35.1540098948993,128.662735515725,point,1,1,1.0,6,6,1.0,23,23,1.0,185.4,185.4,0,3,8,365.1,0,1,2,426.6,1,2,11,185.4,0,0,0,1627.1,0,0,2,577.1,0,0,2,577.1,0,0,1,591.0,0.0,0,0.0,0,0.0,0,0.0,0,0.0,0,0.0,0
SC0881,경로당,senior_center,여좌재건부녀경로당,진해구,여좌동,4812954000,,35.1540098948993,128.662735515725,point,1,1,1.0,6,6,1.0,23,23,1.0,185.4,185.4,0,3,8,365.1,0,1,2,426.6,1,2,11,185.4,0,0,0,1627.1,0,0,2,577.1,0,0,2,577.1,0,0,1,591.0,0.0,0,0.0,0,0.0,0,0.0,0,0.0,0,0.0,0
SC0883,경로당,senior_center,여명경로당,진해구,여좌동,4812954000,,35.1573997002187,128.658488724888,point,0,0,,0,0,,13,13,1.0,529.2,529.2,0,0,6,529.2,0,0,1,573.9,0,0,3,724.8,0,0,0,2154.1,0,0,3,669.7,0,0,3,669.7,0,0,1,977.1,0.0,0,0.0,0,0.0,0,0.0,0,0.0,0,0.0,0
SC0884,경로당,senior_center,여명부녀경로당,진해구,여좌동,4812954000,,35.1573997002187,128.658488724888,point,0,0,,0,0,,13,13,1.0,529.2,529.2,0,0,6,529.2,0,0,1,573.9,0,0,3,724.8,0,0,0,2154.1,0,0,3,669.7,0,0,3,669.7,0,0,1,977.1,0.0,0,0.0,0,0.0,0,0.0,0,0.0,0,0.0,0
SC0885,경로당,senior_center,육대경로당,진해구,여좌동,4812954000,,35.155256333736,128.664839047722,point,3,3,1.0,3,3,1.0,18,18,1.0,245.2,245.2,1,1,8,258.7,1,1,1,245.2,1,1,7,284.0,0,0,0,1661.8,0,0,2,787.9,0,0,2,787.9,0,0,1,787.9,0.0,0,0.0,0,0.0,0,0.0,0,0.0,0,0.0,0
SC0886,경로당,senior_center,제광경로당,진해구,태백동,4812955000,,35.1561567533195,128.680138168864,point,2,2,1.0,9,9,1.0,15,15,1.0,52.7,52.7,1,3,4,204.0,0,1,1,323.9,1,5,10,52.7,0,0,0,1303.3,0,0,0,1057.5,0,0,0,1057.5,0,0,0,1057.5,0.0,0,0.0,0,0.0,0,0.0,0,0.0,0,0.0,0
SC0887,경로당,senior_center,제광부녀경로당,진해구,태백동,4812955000,,35.1561567533195,128.680138168864,point,2,2,1.0,9,9,1.0,15,15,1.0,52.7,52.7,1,3,4,204.0,0,1,1,323.9,1,5,10,52.7,0,0,0,1303.3,0,0,0,1057.5,0,0,0,1057.5,0,0,0,1057.5,0.0,0,0.0,0,0.0,0,0.0,0,0.0,0,0.0,0
SC0888,경로당,senior_center,태백동새동네경로당,진해구,태백동,4812955000,,35.1563770816921,128.674849233233,point,0,0,,7,7,1.0,17,17,1.0,392.7,392.7,0,1,6,475.3,0,0,2,628.4,0,6,9,392.7,0,0,0,1670.4,0,0,0,1342.3,0,0,0,1342.3,0,0,0,1506.2,0.0,0,0.0,0,0.0,0,0.0,0,0.0,0,0.0,0
SC0889,경로당,senior_center,태백동새동네부녀경로당,진해구,태백동,4812955000,,35.1563770816921,128.674849233233,point,0,0,,7,7,1.0,17,17,1.0,392.7,392.7,0,1,6,475.3,0,0,2,628.4,0,6,9,392.7,0,0,0,1670.4,0,0,0,1342.3,0,0,0,1342.3,0,0,0,1506.2,0.0,0,0.0,0,0.0,0,0.0,0,0.0,0,0.0,0
SC0890,경로당,senior_center,태백동경로당,진해구,태백동,4812955000,,35.153360059222,128.672656052505,point,5,5,1.0,7,7,1.0,17,17,1.0,86.4,86.4,1,2,5,86.4,0,0,2,724.9,4,5,9,86.6,0,0,0,1317.1,0,0,1,983.6,0,0,1,983.6,0,0,0,1166.5,0.0,0,0.0,0,0.0,0,0.0,0,0.0,0,0.0,0
SC0891,경로당,senior_center,태백동부녀경로당,진해구,태백동,4812955000,,35.153360059222,128.672656052505,point,5,5,1.0,7,7,1.0,17,17,1.0,86.4,86.4,1,2,5,86.4,0,0,2,724.9,4,5,9,86.6,0,0,0,1317.1,0,0,1,983.6,0,0,1,983.6,0,0,0,1166.5,0.0,0,0.0,0,0.0,0,0.0,0,0.0,0,0.0,0
SC0892,경로당,senior_center,경화동경로당,진해구,경화동,4812956000,,35.1561277689259,128.685066256222,point,1,1,1.0,6,6,1.0,19,19,1.0,277.3,277.3,0,2,4,303.1,0,0,3,515.8,1,4,11,277.3,0,0,2,861.3,0,0,1,644.0,0,0,1,644.0,0,0,1,644.0,0.0,0,0.0,0,0.0,0,0.0,0,0.0,0,0.0,0
SC0893,경로당,senior_center,경화동부녀경로당,진해구,경화동,4812956000,,35.1561277689259,128.685066256222,point,1,1,1.0,6,6,1.0,19,19,1.0,277.3,277.3,0,2,4,303.1,0,0,3,515.8,1,4,11,277.3,0,0,2,861.3,0,0,1,644.0,0,0,1,644.0,0,0,1,644.0,0.0,0,0.0,0,0.0,0,0.0,0,0.0,0,0.0,0
SC0894,경로당,senior_center,경일경로당,진해구,경화동,4812956000,,35.1548439647769,128.68334251772,point,5,5,1.0,7,7,1.0,17,17,1.0,127.8,127.8,2,2,3,127.8,0,1,2,304.7,3,4,12,138.2,0,0,0,1050.4,0,0,1,736.3,0,0,1,736.3,0,0,1,736.3,0.0,0,0.0,0,0.0,0,0.0,0,0.0,0,0.0,0
SC0895,경로당,senior_center,경일부녀경로당,진해구,경화동,4812956000,,35.1548439647769,128.68334251772,point,5,5,1.0,7,7,1.0,17,17,1.0,127.8,127.8,2,2,3,127.8,0,1,2,304.7,3,4,12,138.2,0,0,0,1050.4,0,0,1,736.3,0,0,1,736.3,0,0,1,736.3,0.0,0,0.0,0,0.0,0,0.0,0,0.0,0,0.0,0
SC0896,경로당,senior_center,조천경로당,진해구,경화동,4812956000,,35.1585991256383,128.683302583946,point,1,1,1.0,3,3,1.0,15,15,1.0,205.8,205.8,1,2,4,205.8,0,0,2,641.0,0,1,9,397.3,0,0,0,1006.6,0,0,1,934.2,0,0,1,934.2,0,0,1,934.2,0.0,0,0.0,0,0.0,0,0.0,0,0.0,0,0.0,0
SC0897,경로당,senior_center,조천부녀경로당,진해구,경화동,4812956000,,35.1585991256383,128.683302583946,point,1,1,1.0,3,3,1.0,15,15,1.0,205.8,205.8,1,2,4,205.8,0,0,2,641.0,0,1,9,397.3,0,0,0,1006.6,0,0,1,934.2,0,0,1,934.2,0,0,1,934.2,0.0,0,0.0,0,0.0,0,0.0,0,0.0,0,0.0,0
SC0898,경로당,senior_center,경화포스코경로당,진해구,경화동,4812956000,,35.1605920188221,128.678587541095,point,0,0,,2,2,1.0,11,11,1.0,303.0,303.0,0,1,3,303.0,0,0,1,833.9,0,1,7,464.9,0,0,0,1454.8,0,0,0,1409.7,0,0,0,1409.7,0,0,0,1409.7,0.0,0,0.0,0,0.0,0,0.0,0,0.0,0,0.0,0
SC0899,경로당,senior_center,삼정그린코아경로당,진해구,경화동,4812956000,,35.161831753882,128.682211734626,point,1,1,1.0,1,1,1.0,10,10,1.0,205.2,205.2,1,1,4,205.2,0,0,1,962.0,0,0,5,631.0,0,0,0,1158.1,0,0,0,1258.3,0,0,0,1258.3,0,0,0,1258.3,0.0,0,0.0,0,0.0,0,0.0,0,0.0,0,0.0,0
SC0901,경로당,senior_center,경화대동다숲경로당,진해구,경화동,4812956000,,35.1612958520123,128.680357234988,point,1,1,1.0,1,1,1.0,9,9,1.0,196.3,196.3,1,1,3,196.3,0,0,1,891.7,0,0,5,533.4,0,0,0,1308.2,0,0,0,1333.3,0,0,0,1333.3,0,0,0,1333.3,0.0,0,0.0,0,0.0,0,0.0,0,0.0,0,0.0,0
SC0902,경로당,senior_center,병암동경로당,진해구,병암동,4812957000,,35.1552711263447,128.688957011298,point,0,0,,6,6,1.0,25,25,1.0,305.5,305.5,0,0,6,636.2,0,1,3,305.5,0,5,12,310.2,0,0,2,560.8,0,1,5,305.5,0,1,5,305.5,0,1,3,305.5,0.0,0,0.0,0,0.0,0,0.0,0,0.0,0,0.0,0
SC0903,경로당,senior_center,병암동부녀경로당,진해구,병암동,4812957000,,35.1552711263447,128.688957011298,point,0,0,,6,6,1.0,25,25,1.0,305.5,305.5,0,0,6,636.2,0,1,3,305.5,0,5,12,310.2,0,0,2,560.8,0,1,5,305.5,0,1,5,305.5,0,1,3,305.5,0.0,0,0.0,0,0.0,0,0.0,0,0.0,0,0.0,0
SC0904,경로당,senior_center,상지아파트경로당,진해구,병암동,4812957000,,35.1608261388643,128.694246098028,point,4,4,1.0,6,6,1.0,15,15,1.0,108.6,108.6,1,1,3,149.1,1,1,2,208.9,2,3,7,108.6,1,2,3,208.9,0,0,3,506.3,0,0,3,506.3,0,0,3,506.3,0.0,0,0.0,0,0.0,0,0.0,0,0.0,0,0.0,0
SC0905,경로당,senior_center,경화아파트경로당,진해구,병암동,4812957000,,35.1567650858642,128.691721328893,point,3,3,1.0,9,9,1.0,25,25,1.0,177.7,177.7,0,1,7,421.2,0,2,2,345.6,2,5,13,177.7,1,2,2,260.5,0,1,4,398.4,0,1,4,398.4,0,1,3,398.4,0.0,0,0.0,0,0.0,0,0.0,0,0.0,0,0.0,0
SC0906,경로당,senior_center,병암동사랑방경로당,진해구,병암동,4812957000,,35.1582271655573,128.691326259424,point,5,5,1.0,7,7,1.0,20,20,1.0,95.1,95.1,1,1,6,278.3,1,1,2,293.5,2,4,9,95.1,2,2,2,275.8,0,0,4,557.6,0,0,4,557.6,0,0,3,557.6,0.0,0,0.0,0,0.0,0,0.0,0,0.0,0,0.0,0
SC0907,경로당,senior_center,병암동행복경로당,진해구,병암동,4812957000,,35.1517716212024,128.691001035759,point,4,4,1.0,7,7,1.0,24,24,1.0,159.7,159.7,0,0,5,538.8,1,1,3,159.7,3,4,12,228.4,0,0,2,730.9,1,3,5,159.7,1,3,5,159.7,1,1,2,159.7,0.0,0,0.0,0,0.0,0,0.0,0,0.0,0,0.0,0
SC0908,경로당,senior_center,경화주공아파트경로당,진해구,병암동,4812957000,,35.1586331671639,128.68882679453,point,0,0,,4,4,1.0,20,20,1.0,312.5,312.5,0,1,4,405.5,0,0,3,511.4,0,3,11,312.5,0,0,2,508.0,0,0,3,639.2,0,0,3,639.2,0,0,3,639.2,0.0,0,0.0,0,0.0,0,0.0,0,0.0,0,0.0,0
SC0909,경로당,senior_center,석동경로당,진해구,석동,4812958000,,35.1588809436481,128.701150832153,point,4,4,1.0,5,5,1.0,23,22,1.045,59.7,59.7,1,2,8,108.8,0,0,2,613.1,1,1,9,59.7,1,1,3,153.8,1,1,3,232.2,1,1,3,232.2,1,1,2,232.2,0.0,0,0.0,0,0.0,0,0.0,0,0.0,0,0.0,0
SC0910,경로당,senior_center,석동부녀경로당,진해구,석동,4812958000,,35.1588809436481,128.701150832153,point,4,4,1.0,5,5,1.0,23,22,1.045,59.7,59.7,1,2,8,108.8,0,0,2,613.1,1,1,9,59.7,1,1,3,153.8,1,1,3,232.2,1,1,3,232.2,1,1,2,232.2,0.0,0,0.0,0,0.0,0,0.0,0,0.0,0,0.0,0
SC0911,경로당,senior_center,한솔솔파크경로당,진해구,석동,4812958000,,35.1584902857874,128.702489740853,point,3,3,1.0,5,5,1.0,22,21,1.048,25.8,25.8,1,2,8,235.2,0,0,2,520.8,1,1,8,71.1,1,1,3,25.8,0,1,3,342.1,0,1,3,342.1,0,1,2,342.1,0.0,0,0.0,0,0.0,0,0.0,0,0.0,0,0.0,0
SC0912,경로당,senior_center,석동그린빌2단지경로당,진해구,석동,4812958000,,35.1556233424162,128.709085196702,point,5,4,1.25,7,6,1.167,18,17,1.059,114.2,114.2,4,5,9,114.2,1,1,2,233.6,0,1,5,408.1,0,0,1,655.0,0,0,2,979.3,0,0,2,979.3,0,0,2,979.3,0.0,0,0.0,0,0.0,0,0.0,0,0.0,0,0.0,0
SC0913,경로당,senior_center,벚꽃그린빌3단지경로당,진해구,석동,4812958000,,35.1549298628343,128.706872938716,point,3,3,1.0,8,7,1.143,19,18,1.056,41.2,41.2,1,6,9,293.9,1,1,1,41.2,1,1,7,231.4,0,0,1,536.2,0,0,2,772.7,0,0,2,772.7,0,0,2,772.7,0.0,0,0.0,0,0.0,0,0.0,0,0.0,0,0.0,0
SC0914,경로당,senior_center,석동그린빌4단지경로당,진해구,석동,4812958000,,35.1571636373777,128.707525137699,point,3,2,1.5,8,7,1.143,18,17,1.059,233.8,233.8,2,5,9,284.5,1,1,2,233.8,0,1,5,485.3,0,1,1,458.4,0,0,2,806.8,0,0,2,806.8,0,0,2,806.8,0.0,0,0.0,0,0.0,0,0.0,0,0.0,0,0.0,0
SC0915,경로당,senior_center,석동공원경로당,진해구,석동,4812958000,,35.1534693706143,128.703189229098,point,2,2,1.0,6,6,1.0,27,26,1.038,214.5,214.5,1,2,10,214.5,0,1,1,363.8,1,3,11,259.2,0,0,2,542.1,0,1,4,457.2,0,1,4,457.2,0,1,2,457.2,0.0,0,0.0,0,0.0,0,0.0,0,0.0,0,0.0,0
SC0916,경로당,senior_center,석동공원부녀경로당,진해구,석동,4812958000,,35.1534693706143,128.703189229098,point,2,2,1.0,6,6,1.0,27,26,1.038,214.5,214.5,1,2,10,214.5,0,1,1,363.8,1,3,11,259.2,0,0,2,542.1,0,1,4,457.2,0,1,4,457.2,0,1,2,457.2,0.0,0,0.0,0,0.0,0,0.0,0,0.0,0,0.0,0
SC0917,경로당,senior_center,이동신성미소지움아파트경로당,진해구,석동,4812958000,,35.1556426863343,128.69881814069,point,2,2,1.0,10,10,1.0,22,22,1.0,111.9,111.9,0,3,5,336.2,0,0,3,543.1,1,4,9,111.9,0,2,3,463.5,2,2,5,111.9,2,2,5,111.9,2,2,3,111.9,0.0,0,0.0,0,0.0,0,0.0,0,0.0,0,0.0,0
SC0918,경로당,senior_center,우림필유아파트경로당,진해구,석동,4812958000,,35.1583362044688,128.697305658077,point,5,5,1.0,11,11,1.0,21,21,1.0,133.7,133.7,1,2,5,249.5,1,1,3,271.3,1,5,9,189.8,2,3,3,271.3,1,2,4,133.7,1,2,4,133.7,1,2,3,133.7,0.0,0,0.0,0,0.0,0,0.0,0,0.0,0,0.0,0
SC0919,경로당,senior_center,석동푸르지오경로당,진해구,석동,4812958000,,35.1607015898672,128.69770225042,point,3,3,1.0,8,8,1.0,15,15,1.0,268.0,268.0,1,2,4,286.9,0,1,1,356.5,1,3,7,268.0,0,2,3,356.5,1,1,2,297.5,1,1,2,297.5,1,1,2,297.5,0.0,0,0.0,0,0.0,0,0.0,0,0.0,0,0.0,0
SC0920,경로당,senior_center,석동자이아파트경로당,진해구,석동,4812958000,,35.1558190663401,128.699793843449,point,3,3,1.0,8,8,1.0,26,25,1.04,178.1,178.1,1,3,9,280.6,0,0,3,600.1,1,3,9,178.1,0,1,3,385.3,2,2,5,178.1,2,2,5,178.1,2,2,3,178.1,0.0,0,0.0,0,0.0,0,0.0,0,0.0,0,0.0,0
SC0921,경로당,senior_center,창원석동LH아파트경로당,진해구,석동,4812958000,,35.1545283184925,128.709905151681,point,5,4,1.25,8,7,1.143,15,14,1.071,57.3,57.3,5,6,7,57.3,0,1,2,312.9,0,1,5,397.6,0,0,1,780.8,0,0,0,1048.8,0,0,0,1048.8,0,0,0,1048.8,0.0,0,0.0,0,0.0,0,0.0,0,0.0,0,0.0,0
SC0922,경로당,senior_center,구이동경로당,진해구,이동,4812959000,,35.1518401061544,128.698325944422,point,5,5,1.0,7,7,1.0,30,30,1.0,111.6,111.6,2,2,5,111.6,0,0,3,669.5,1,3,16,173.5,0,0,3,753.8,2,3,6,216.2,2,3,6,216.2,0,1,3,316.9,0.0,0,0.0,0,0.0,0,0.0,0,0.0,0,0.0,0
SC0923,경로당,senior_center,구이동부녀경로당,진해구,이동,4812959000,,35.1518401061544,128.698325944422,point,5,5,1.0,7,7,1.0,30,30,1.0,111.6,111.6,2,2,5,111.6,0,0,3,669.5,1,3,16,173.5,0,0,3,753.8,2,3,6,216.2,2,3,6,216.2,0,1,3,316.9,0.0,0,0.0,0,0.0,0,0.0,0,0.0,0,0.0,0
SC0924,경로당,senior_center,신이동경로당,진해구,이동,4812959000,,35.1494069827187,128.700034403332,point,2,2,1.0,8,8,1.0,25,25,1.0,203.1,203.1,0,2,5,326.6,0,0,2,877.2,1,4,14,233.7,0,0,0,1020.6,1,2,6,203.1,1,2,6,203.1,0,0,3,605.4,0.0,0,0.0,0,0.0,0,0.0,0,0.0,0,0.0,0
SC0925,경로당,senior_center,신이동부녀경로당,진해구,이동,4812959000,,35.1494069827187,128.700034403332,point,2,2,1.0,8,8,1.0,25,25,1.0,203.1,203.1,0,2,5,326.6,0,0,2,877.2,1,4,14,233.7,0,0,0,1020.6,1,2,6,203.1,1,2,6,203.1,0,0,3,605.4,0.0,0,0.0,0,0.0,0,0.0,0,0.0,0,0.0,0
SC0926,경로당,senior_center,이동택지경로당,진해구,이동,4812959000,,35.1501352807895,128.695300321995,point,3,3,1.0,8,8,1.0,24,24,1.0,133.8,133.8,1,2,4,133.8,0,0,2,507.6,0,3,12,335.2,0,0,2,852.6,2,3,7,160.2,2,3,7,160.2,0,0,4,507.6,0.0,0,0.0,0,0.0,0,0.0,0,0.0,0,0.0,0
SC0927,경로당,senior_center,이동택지부녀경로당,진해구,이동,4812959000,,35.1501352807895,128.695300321995,point,3,3,1.0,8,8,1.0,24,24,1.0,133.8,133.8,1,2,4,133.8,0,0,2,507.6,0,3,12,335.2,0,0,2,852.6,2,3,7,160.2,2,3,7,160.2,0,0,4,507.6,0.0,0,0.0,0,0.0,0,0.0,0,0.0,0,0.0,0
SC0928,경로당,senior_center,남흥아파트경로당,진해구,이동,4812959000,,35.1539658497614,128.694366746751,point,2,2,1.0,8,8,1.0,24,24,1.0,177.0,177.0,0,2,5,440.6,0,1,2,303.4,2,3,11,177.0,0,1,3,422.7,0,3,6,303.4,0,3,6,303.4,0,2,3,303.4,0.0,0,0.0,0,0.0,0,0.0,0,0.0,0,0.0,0
SC0929,경로당,senior_center,석동주공아파트경로당,진해구,이동,4812959000,,35.1493307510503,128.703382328944,point,1,1,1.0,6,6,1.0,27,27,1.0,263.1,263.1,0,0,8,534.9,0,0,1,714.1,1,6,16,263.1,0,0,0,1001.5,0,0,3,507.4,0,0,3,507.4,0,0,1,748.7,0.0,0,0.0,0,0.0,0,0.0,0,0.0,0,0.0,0
SC0930,경로당,senior_center,관사경로당,진해구,자은동,4812960000,,35.1475377939802,128.706204145725,point,2,2,1.0,5,5,1.0,24,24,1.0,163.8,163.8,0,1,8,493.1,0,0,1,851.8,2,4,14,163.8,0,0,0,1240.3,0,0,1,787.2,0,0,1,787.2,0,0,0,1066.2,0.0,0,0.0,0,0.0,0,0.0,0,0.0,0,0.0,0
SC0931,경로당,senior_center,관사부녀경로당,진해구,자은동,4812960000,,35.1475377939802,128.706204145725,point,2,2,1.0,5,5,1.0,24,24,1.0,163.8,163.8,0,1,8,493.1,0,0,1,851.8,2,4,14,163.8,0,0,0,1240.3,0,0,1,787.2,0,0,1,787.2,0,0,0,1066.2,0.0,0,0.0,0,0.0,0,0.0,0,0.0,0,0.0,0
SC0932,경로당,senior_center,하구경로당,진해구,자은동,4812960000,,35.1520296541691,128.709549018498,point,3,3,1.0,7,7,1.0,18,17,1.059,132.7,132.7,3,4,8,132.7,0,1,2,444.9,0,2,7,342.8,0,0,1,937.8,0,0,0,1058.4,0,0,0,1058.4,0,0,0,1058.4,0.0,0,0.0,0,0.0,0,0.0,0,0.0,0,0.0,0
SC0933,경로당,senior_center,하구부녀경로당,진해구,자은동,4812960000,,35.1520296541691,128.709549018498,point,3,3,1.0,7,7,1.0,18,17,1.059,132.7,132.7,3,4,8,132.7,0,1,2,444.9,0,2,7,342.8,0,0,1,937.8,0,0,0,1058.4,0,0,0,1058.4,0,0,0,1058.4,0.0,0,0.0,0,0.0,0,0.0,0,0.0,0,0.0,0
SC0934,경로당,senior_center,냉천경로당,진해구,석동,4812958000,,35.1556419894494,128.709717988715,point,5,4,1.25,7,6,1.167,15,14,1.071,56.5,56.5,4,5,8,56.5,1,1,2,290.7,0,1,4,451.5,0,0,1,705.9,0,0,0,1036.9,0,0,0,1036.9,0,0,0,1036.9,0.0,0,0.0,0,0.0,0,0.0,0,0.0,0,0.0,0
SC0935,경로당,senior_center,냉천부녀경로당,진해구,석동,4812958000,,35.1556419894494,128.709717988715,point,5,4,1.25,7,6,1.167,15,14,1.071,56.5,56.5,4,5,8,56.5,1,1,2,290.7,0,1,4,451.5,0,0,1,705.9,0,0,0,1036.9,0,0,0,1036.9,0,0,0,1036.9,0.0,0,0.0,0,0.0,0,0.0,0,0.0,0,0.0,0
SC0936,경로당,senior_center,벚꽃마을아파트경로당,진해구,자은동,4812960000,,35.1463493290151,128.70965084018,point,1,1,1.0,7,7,1.0,16,16,1.0,262.6,262.6,0,1,4,488.3,0,0,0,1022.3,1,6,12,262.6,0,0,0,1473.5,0,0,0,1125.0,0,0,0,1125.0,0,0,0,1381.8,0.0,0,0.0,0,0.0,0,0.0,0,0.0,0,0.0,0
SC0937,경로당,senior_center,벚꽃마을아파트부녀경로당,진해구,자은동,4812960000,,35.1463493290151,128.70965084018,point,1,1,1.0,7,7,1.0,16,16,1.0,262.6,262.6,0,1,4,488.3,0,0,0,1022.3,1,6,12,262.6,0,0,0,1473.5,0,0,0,1125.0,0,0,0,1125.0,0,0,0,1381.8,0.0,0,0.0,0,0.0,0,0.0,0,0.0,0,0.0,0
SC0938,경로당,senior_center,성원아파트경로당,진해구,자은동,4812960000,,35.1532129503151,128.707601131816,point,3,3,1.0,9,8,1.125,22,21,1.048,150.8,150.8,1,7,9,227.3,1,1,1,240.4,1,1,9,150.8,0,0,1,723.0,0,0,3,854.6,0,0,3,854.6,0,0,2,854.6,0.0,0,0.0,0,0.0,0,0.0,0,0.0,0,0.0,0
SC0939,경로당,senior_center,대동빌라트경로당,진해구,자은동,4812960000,,35.1513444444056,128.707907729312,point,3,3,1.0,6,6,1.0,23,22,1.045,197.9,197.9,2,3,9,197.9,0,1,1,445.7,1,2,11,253.3,0,0,1,909.6,0,0,2,943.0,0,0,2,943.0,0,0,1,943.0,0.0,0,0.0,0,0.0,0,0.0,0,0.0,0,0.0,0
SC0940,경로당,senior_center,삼성아파트경로당,진해구,자은동,4812960000,,35.1478771882989,128.708187039905,point,1,1,1.0,6,6,1.0,22,22,1.0,148.1,148.1,0,1,7,356.3,0,0,1,826.7,1,5,13,148.1,0,0,0,1263.9,0,0,1,957.1,0,0,1,957.1,0,0,0,1169.7,0.0,0,0.0,0,0.0,0,0.0,0,0.0,0,0.0,0
SC0941,경로당,senior_center,월드메르디앙아파트경로당,진해구,자은동,4812960000,,35.151377527243,128.711151135531,point,2,2,1.0,5,5,1.0,16,15,1.067,102.9,102.9,2,4,7,102.9,0,0,2,595.7,0,1,7,333.9,0,0,0,1090.7,0,0,0,1219.1,0,0,0,1219.1,0,0,0,1219.1,0.0,0,0.0,0,0.0,0,0.0,0,0.0,0,0.0,0
SC0942,경로당,senior_center,자은프라임아파트경로당,진해구,자은동,4812960000,,35.1523028750199,128.719274312333,point,0,0,,1,1,1.0,9,8,1.125,476.3,476.3,0,0,6,756.9,0,1,1,476.3,0,0,2,869.0,0,0,0,1652.2,0,0,0,1921.0,0,0,0,1921.0,0,0,0,1921.0,0.0,0,0.0,0,0.0,0,0.0,0,0.0,0,0.0,0
SC0943,경로당,senior_center,자은프라임아파트부녀경로당,진해구,자은동,4812960000,,35.1523028750199,128.719274312333,point,0,0,,1,1,1.0,9,8,1.125,476.3,476.3,0,0,6,756.9,0,1,1,476.3,0,0,2,869.0,0,0,0,1652.2,0,0,0,1921.0,0,0,0,1921.0,0,0,0,1921.0,0.0,0,0.0,0,0.0,0,0.0,0,0.0,0,0.0,0
SC0944,경로당,senior_center,천년나무아파트경로당,진해구,자은동,4812960000,,35.1558062247932,128.715108646567,point,0,0,,4,3,1.333,10,9,1.111,311.2,311.2,0,3,6,423.1,0,1,2,311.2,0,0,2,889.9,0,0,0,1165.0,0,0,0,1513.1,0,0,0,1513.1,0,0,0,1513.1,0.0,0,0.0,0,0.0,0,0.0,0,0.0,0,0.0,0
SC0945,경로당,senior_center,에일린의뜰아파트경로당,진해구,자은동,4812960000,,35.1549258896153,128.72144396701,point,0,0,,1,1,1.0,2,2,1.0,329.5,329.5,0,0,1,998.4,0,1,1,329.5,0,0,0,1219.9,0,0,0,1749.5,0,0,0,2098.7,0,0,0,2098.7,0,0,0,2098.7,0.0,0,0.0,0,0.0,0,0.0,0,0.0,0,0.0,0
SC0946,경로당,senior_center,센트럴빌리지아파트경로당,진해구,자은동,4812960000,,35.1568403727538,128.716966465809,point,1,1,1.0,1,1,1.0,8,7,1.143,135.4,135.4,0,0,6,580.7,1,1,2,135.4,0,0,0,1089.9,0,0,0,1310.5,0,0,0,1666.1,0,0,0,1666.1,0,0,0,1666.1,0.0,0,0.0,0,0.0,0,0.0,0,0.0,0,0.0,0
SC0947,경로당,senior_center,자은중흥S클래스경로당,진해구,자은동,4812960000,,35.153955027922,128.717073828897,point,0,0,,1,1,1.0,10,9,1.111,311.0,311.0,0,0,6,586.2,0,1,2,311.0,0,0,2,906.0,0,0,0,1397.2,0,0,0,1704.0,0,0,0,1704.0,0,0,0,1704.0,0.0,0,0.0,0,0.0,0,0.0,0,0.0,0,0.0,0
SC0948,경로당,senior_center,덕산동경로당,진해구,덕산동,4812961000,,35.144048830714,128.703928034937,point,2,2,1.0,10,10,1.0,26,24,1.083,173.0,173.0,1,1,7,173.0,0,0,1,837.0,1,9,18,275.9,0,0,0,1589.7,0,0,1,800.5,0,0,1,800.5,0,0,0,1118.5,0.0,0,0.0,0,0.0,0,0.0,0,0.0,0,0.0,0
SC0949,경로당,senior_center,자은동본동경로당,진해구,덕산동,4812961000,,35.1415096819531,128.707936786832,point,4,4,1.0,5,5,1.0,23,21,1.095,73.5,73.5,0,1,5,496.0,0,0,2,860.4,4,4,18,73.5,0,0,0,1585.5,0,0,1,930.4,0,0,1,930.4,0,0,1,930.4,0.0,0,0.0,0,0.0,0,0.0,0,0.0,0,0.0,0
SC0950,경로당,senior_center,자은동본동부녀경로당,진해구,덕산동,4812961000,,35.1415096819531,128.707936786832,point,4,4,1.0,5,5,1.0,23,21,1.095,73.5,73.5,0,1,5,496.0,0,0,2,860.4,4,4,18,73.5,0,0,0,1585.5,0,0,1,930.4,0,0,1,930.4,0,0,1,930.4,0.0,0,0.0,0,0.0,0,0.0,0,0.0,0,0.0,0
SC0951,경로당,senior_center,풍호주공아파트경로당,진해구,덕산동,4812961000,,35.1415691503581,128.703059616729,point,2,2,1.0,6,6,1.0,24,22,1.091,141.5,141.5,1,1,5,285.8,0,0,2,555.5,1,5,18,141.5,0,0,0,1430.5,0,0,2,843.2,0,0,2,843.2,0,0,1,843.2,0.0,0,0.0,0,0.0,0,0.0,0,0.0,0,0.0,0
SC0952,경로당,senior_center,경동윈츠빌경로당,진해구,덕산동,4812961000,,35.1409388679932,128.702441515336,point,1,1,1.0,6,5,1.2,23,21,1.095,128.7,128.7,0,2,5,341.9,0,1,2,467.2,1,4,17,128.7,0,0,0,1350.1,0,0,2,778.0,0,0,2,778.0,0,0,2,778.0,0.0,0,0.0,0,0.0,0,0.0,0,0.0,0,0.0,0
SC0953,경로당,senior_center,자은동포스코아파트경로당,진해구,덕산동,4812961000,,35.1422832256149,128.709475162388,point,4,4,1.0,4,4,1.0,21,20,1.05,97.0,97.0,0,0,6,584.2,0,0,0,1024.7,4,4,15,97.0,0,0,0,1730.4,0,0,0,1072.8,0,0,0,1072.8,0,0,0,1072.8,0.0,0,0.0,0,0.0,0,0.0,0,0.0,0,0.0,0
SC0954,경로당,senior_center,자은주공3단지아파트경로당,진해구,덕산동,4812961000,,35.1440333583593,128.70959987084,point,3,3,1.0,6,6,1.0,20,19,1.053,180.8,180.8,0,0,7,689.9,0,0,0,1151.8,3,6,13,180.8,0,0,0,1707.4,0,0,0,1219.0,0,0,0,1219.0,0,0,0,1248.7,0.0,0,0.0,0,0.0,0,0.0,0,0.0,0,0.0,0
SC0955,경로당,senior_center,협성DS아이존빌경로당,진해구,덕산동,4812961000,,35.1409958444106,128.704363048534,point,2,2,1.0,7,7,1.0,24,22,1.091,222.3,222.3,0,2,5,395.5,0,0,2,573.8,2,5,19,222.3,0,0,0,1401.5,0,0,1,783.2,0,0,1,783.2,0,0,1,783.2,0.0,0,0.0,0,0.0,0,0.0,0,0.0,0,0.0,0
SC0956,경로당,senior_center,풍호동경로당,진해구,풍호동,4812962000,,35.1367787422534,128.707223573944,point,7,6,1.167,9,8,1.125,24,20,1.2,55.5,55.5,4,4,6,55.5,0,1,6,463.3,3,5,13,127.5,0,0,0,1112.5,0,1,2,463.3,0,1,2,463.3,0,1,2,463.3,0.0,0,0.0,0,0.0,0,0.0,0,0.0,0,0.0,0
SC0957,경로당,senior_center,풍호동부녀경로당,진해구,풍호동,4812962000,,35.1367787422534,128.707223573944,point,7,6,1.167,9,8,1.125,24,20,1.2,55.5,55.5,4,4,6,55.5,0,1,6,463.3,3,5,13,127.5,0,0,0,1112.5,0,1,2,463.3,0,1,2,463.3,0,1,2,463.3,0.0,0,0.0,0,0.0,0,0.0,0,0.0,0,0.0,0
SC0958,경로당,senior_center,시영아파트경로당,진해구,풍호동,4812962000,,35.1373778599279,128.712206071221,point,0,0,,5,4,1.25,20,17,1.176,332.9,332.9,0,3,4,332.9,0,0,5,679.7,0,2,11,377.0,0,0,0,1484.0,0,0,2,679.7,0,0,2,679.7,0,0,2,679.7,0.0,0,0.0,0,0.0,0,0.0,0,0.0,0,0.0,0
SC0959,경로당,senior_center,풍호우성아파트경로당,진해구,풍호동,4812962000,,35.137734867206,128.703002776552,point,4,3,1.333,10,8,1.25,33,26,1.269,129.5,129.5,1,3,6,129.5,1,2,6,271.8,3,7,19,189.5,0,0,0,1018.9,0,1,5,419.0,0,1,5,419.0,0,1,4,419.0,0.0,0,0.0,0,0.0,0,0.0,0,0.0,0,0.0,0
SC0960,경로당,senior_center,풍호우성아파트부녀경로당,진해구,풍호동,4812962000,,35.137734867206,128.703002776552,point,4,3,1.333,10,8,1.25,33,26,1.269,129.5,129.5,1,3,6,129.5,1,2,6,271.8,3,7,19,189.5,0,0,0,1018.9,0,1,5,419.0,0,1,5,419.0,0,1,4,419.0,0.0,0,0.0,0,0.0,0,0.0,0,0.0,0,0.0,0
SC0961,경로당,senior_center,장천동경로당,진해구,풍호동,4812962000,,35.1299064805917,128.704800736857,point,2,2,1.0,10,10,1.0,37,29,1.276,140.4,140.4,1,2,7,140.4,1,3,8,295.8,0,4,16,364.7,0,1,1,492.8,0,3,10,364.7,0,3,10,364.7,0,2,7,447.5,0.0,0,0.0,0,0.0,0,0.0,0,0.0,0,0.0,0
SC0962,경로당,senior_center,장천동부녀경로당,진해구,풍호동,4812962000,,35.1299064805917,128.704800736857,point,2,2,1.0,10,10,1.0,37,29,1.276,140.4,140.4,1,2,7,140.4,1,3,8,295.8,0,4,16,364.7,0,1,1,492.8,0,3,10,364.7,0,3,10,364.7,0,2,7,447.5,0.0,0,0.0,0,0.0,0,0.0,0,0.0,0,0.0,0
SC0963,경로당,senior_center,장천동서부경로당,진해구,풍호동,4812962000,,35.1277995867639,128.699893703222,point,11,8,1.375,15,12,1.25,26,22,1.182,99.7,99.7,2,3,3,99.7,1,1,5,259.1,2,4,12,150.2,1,1,1,139.4,6,7,9,105.8,6,7,9,105.8,4,5,6,105.8,0.0,0,0.0,0,0.0,0,0.0,0,0.0,0,0.0,0
SC0964,경로당,senior_center,장천서부부녀경로당,진해구,풍호동,4812962000,,35.1277995867639,128.699893703222,point,11,8,1.375,15,12,1.25,26,22,1.182,99.7,99.7,2,3,3,99.7,1,1,5,259.1,2,4,12,150.2,1,1,1,139.4,6,7,9,105.8,6,7,9,105.8,4,5,6,105.8,0.0,0,0.0,0,0.0,0,0.0,0,0.0,0,0.0,0
SC0965,경로당,senior_center,행암동경로당,진해구,풍호동,4812962000,,35.1155820971319,128.700925187099,point,1,1,1.0,1,1,1.0,7,6,1.167,287.7,287.7,1,1,1,287.7,0,0,1,800.0,0,0,5,800.0,0,0,0,1496.2,0,0,1,934.9,0,0,1,934.9,0,0,0,1024.5,0.0,0,0.0,0,0.0,0,0.0,0,0.0,0,0.0,0
SC0966,경로당,senior_center,행암동부녀경로당,진해구,풍호동,4812962000,,35.1155820971319,128.700925187099,point,1,1,1.0,1,1,1.0,7,6,1.167,287.7,287.7,1,1,1,287.7,0,0,1,800.0,0,0,5,800.0,0,0,0,1496.2,0,0,1,934.9,0,0,1,934.9,0,0,0,1024.5,0.0,0,0.0,0,0.0,0,0.0,0,0.0,0,0.0,0
SC0967,경로당,senior_center,아이존빌아파트경로당,진해구,풍호동,4812962000,,35.1396484443989,128.706179677268,point,1,1,1.0,11,10,1.1,26,22,1.182,208.4,208.4,0,4,5,336.0,0,0,4,617.9,1,7,18,208.4,0,0,0,1327.8,0,0,2,676.6,0,0,2,676.6,0,0,2,676.6,0.0,0,0.0,0,0.0,0,0.0,0,0.0,0,0.0,0
SC0968,경로당,senior_center,상리마을경로당,진해구,풍호동,4812962000,,35.1253914061199,128.711392813406,point,0,0,,0,0,,10,8,1.25,512.8,512.8,0,0,1,866.3,0,0,5,520.2,0,0,3,627.5,0,0,0,1156.0,0,0,2,512.8,0,0,2,512.8,0,0,1,682.9,0.0,0,0.0,0,0.0,0,0.0,0,0.0,0,0.0,0
SC0969,경로당,senior_center,평화마을아파트경로당,진해구,풍호동,4812962000,,35.1353737438461,128.703393631947,point,4,4,1.0,10,8,1.25,36,29,1.241,97.0,97.0,1,3,8,204.8,1,2,7,155.0,3,7,16,97.0,0,0,1,789.8,1,1,8,155.0,1,1,8,155.0,1,1,6,155.0,0.0,0,0.0,0,0.0,0,0.0,0,0.0,0,0.0,0
SC0970,경로당,senior_center,한림리츠빌아파트경로당,진해구,풍호동,4812962000,,35.1386607217267,128.709502537345,point,3,2,1.5,8,7,1.143,25,21,1.19,195.7,195.7,3,3,5,195.7,0,0,6,757.7,0,5,15,352.3,0,0,0,1405.9,0,0,2,757.7,0,0,2,757.7,0,0,2,757.7,0.0,0,0.0,0,0.0,0,0.0,0,0.0,0,0.0,0
SC0971,경로당,senior_center,장천대동다숲경로당,진해구,풍호동,4812962000,,35.1292307376018,128.704756043594,point,1,1,1.0,10,10,1.0,37,29,1.276,133.8,133.8,1,3,7,133.8,0,2,8,330.0,0,3,16,341.8,0,1,1,479.3,0,2,10,341.8,0,2,10,341.8,0,1,7,427.7,0.0,0,0.0,0,0.0,0,0.0,0,0.0,0,0.0,0
SC0972,경로당,senior_center,장천대동다숲부녀경로당,진해구,풍호동,4812962000,,35.1292307376018,128.704756043594,point,1,1,1.0,10,10,1.0,37,29,1.276,133.8,133.8,1,3,7,133.8,0,2,8,330.0,0,3,16,341.8,0,1,1,479.3,0,2,10,341.8,0,2,10,341.8,0,1,7,427.7,0.0,0,0.0,0,0.0,0,0.0,0,0.0,0,0.0,0
SC0973,경로당,senior_center,벽산e-솔렌스힐아파트경로당,진해구,풍호동,4812962000,,35.1302563639384,128.709781206229,point,6,4,1.5,6,4,1.5,28,22,1.273,84.8,84.8,0,0,7,593.5,4,4,6,84.8,1,1,9,94.0,0,0,1,946.9,1,1,8,141.0,1,1,8,141.0,1,1,5,141.0,0.0,0,0.0,0,0.0,0,0.0,0,0.0,0,0.0,0
SC0974,경로당,senior_center,창원마린푸르지오1단지경로당,진해구,풍호동,4812962000,,35.1344357190043,128.704574607152,point,4,4,1.0,9,8,1.125,35,28,1.25,111.6,111.6,1,4,7,297.6,1,1,7,114.1,3,5,16,111.6,0,0,1,758.7,1,1,8,114.1,1,1,8,114.1,1,1,6,114.1,0.0,0,0.0,0,0.0,0,0.0,0,0.0,0,0.0,0
SC0975,경로당,senior_center,한신휴플러스오션파크아파트경로당,진해구,풍호동,4812962000,,35.1296308710768,128.708320967188,point,6,4,1.5,7,5,1.4,31,25,1.24,75.4,75.4,0,1,7,455.0,4,4,7,75.4,1,1,10,123.9,0,0,1,806.6,1,1,10,268.6,1,1,10,268.6,1,1,7,268.6,0.0,0,0.0,0,0.0,0,0.0,0,0.0,0,0.0,0
SC0976,경로당,senior_center,관정경로당,진해구,웅천동,4812963000,,35.1176119484314,128.747554785657,point,0,0,,1,1,1.0,4,4,1.0,365.8,365.8,0,1,3,365.8,0,0,1,814.4,0,0,1,656.9,0,0,1,814.4,0,0,0,1756.6,0,0,0,1756.6,0,0,0,1756.6,0.0,0,0.0,0,0.0,0,0.0,0,0.0,0,0.0,0
SC0977,경로당,senior_center,괴정경로당,진해구,웅천동,4812963000,,35.100121518732,128.743932675984,point,1,1,1.0,2,2,1.0,21,17,1.235,117.4,117.4,0,0,18,607.3,0,1,2,440.5,0,0,0,1586.0,0,0,0,1933.3,1,1,1,117.4,1,1,1,117.4,0,0,0,1362.7,0.0,0,0.0,0,0.0,0,0.0,0,0.0,0,0.0,0
SC0978,경로당,senior_center,괴정부녀경로당,진해구,웅천동,4812963000,,35.100121518732,128.743932675984,point,1,1,1.0,2,2,1.0,21,17,1.235,117.4,117.4,0,0,18,607.3,0,1,2,440.5,0,0,0,1586.0,0,0,0,1933.3,1,1,1,117.4,1,1,1,117.4,0,0,0,1362.7,0.0,0,0.0,0,0.0,0,0.0,0,0.0,0,0.0,0
SC0979,경로당,senior_center,남문경로당,진해구,웅천동,4812963000,,35.1095305973925,128.750233235035,point,0,0,,5,5,1.0,24,20,1.2,303.6,303.6,0,4,22,303.6,0,0,2,613.2,0,1,1,396.5,0,0,1,752.7,0,0,0,1270.0,0,0,0,1270.0,0,0,0,1640.3,0.0,0,0.0,0,0.0,0,0.0,0,0.0,0,0.0,0
SC0980,경로당,senior_center,남문부녀경로당,진해구,웅천동,4812963000,,35.1095305973925,128.750233235035,point,0,0,,5,5,1.0,24,20,1.2,303.6,303.6,0,4,22,303.6,0,0,2,613.2,0,1,1,396.5,0,0,1,752.7,0,0,0,1270.0,0,0,0,1270.0,0,0,0,1640.3,0.0,0,0.0,0,0.0,0,0.0,0,0.0,0,0.0,0
SC0981,경로당,senior_center,명동경로당,진해구,웅천동,4812963000,,35.0963573963433,128.716879379195,point,1,1,1.0,2,2,1.0,5,3,1.667,169.7,169.7,1,2,3,169.7,0,0,0,1054.3,0,0,1,621.0,0,0,0,2093.1,0,1,3,403.0,0,1,3,403.0,0,1,2,403.0,0.0,0,0.0,0,0.0,0,0.0,0,0.0,0,0.0,0
SC0982,경로당,senior_center,백일경로당,진해구,웅천동,4812963000,,35.1228181812827,128.73597742912,point,0,0,,0,0,,0,0,,1275.7,1275.7,0,0,0,1275.7,0,0,0,1678.7,0,0,0,1322.4,0,0,0,1322.4,0,0,0,1322.4,0,0,0,1322.4,0,0,0,1322.4,0.0,0,0.0,0,0.0,0,0.0,0,0.0,0,0.0,0
SC0983,경로당,senior_center,북부경로당,진해구,웅천동,4812963000,,35.1143589550454,128.748512665289,point,1,1,1.0,2,2,1.0,20,16,1.25,119.2,119.2,1,1,18,119.2,0,0,2,656.3,0,1,1,346.2,0,0,1,656.3,0,0,0,1639.0,0,0,0,1639.0,0,0,0,1639.0,0.0,0,0.0,0,0.0,0,0.0,0,0.0,0,0.0,0
SC0984,경로당,senior_center,북부부녀경로당,진해구,웅천동,4812963000,,35.1143589550454,128.748512665289,point,1,1,1.0,2,2,1.0,20,16,1.25,119.2,119.2,1,1,18,119.2,0,0,2,656.3,0,1,1,346.2,0,0,1,656.3,0,0,0,1639.0,0,0,0,1639.0,0,0,0,1639.0,0.0,0,0.0,0,0.0,0,0.0,0,0.0,0,0.0,0
SC0985,경로당,senior_center,삼포경로당,진해구,웅천동,4812963000,,35.0949440718937,128.730165577288,point,0,0,,0,0,,1,1,1.0,886.4,886.4,0,0,0,1297.1,0,0,0,1284.4,0,0,0,1284.4,0,0,0,1989.6,0,0,1,886.4,0,0,1,886.4,0,0,0,1297.1,0.0,0,0.0,0,0.0,0,0.0,0,0.0,0,0.0,0
SC0986,경로당,senior_center,서중동경로당,진해구,웅천동,4812963000,,35.1114982778161,128.748026328588,point,0,0,,2,2,1.0,24,20,1.2,378.5,378.5,0,1,22,399.0,0,0,2,512.0,0,1,1,378.5,0,0,1,780.6,0,0,0,1410.9,0,0,0,1410.9,0,0,0,1484.0,0.0,0,0.0,0,0.0,0,0.0,0,0.0,0,0.0,0
SC0987,경로당,senior_center,서중동부녀경로당,진해구,웅천동,4812963000,,35.1114982778161,128.748026328588,point,0,0,,2,2,1.0,24,20,1.2,378.5,378.5,0,1,22,399.0,0,0,2,512.0,0,1,1,378.5,0,0,1,780.6,0,0,0,1410.9,0,0,0,1410.9,0,0,0,1484.0,0.0,0,0.0,0,0.0,0,0.0,0,0.0,0,0.0,0
SC0988,경로당,senior_center,성내경로당,진해구,웅천동,4812963000,,35.111527643541,128.750156621591,point,1,1,1.0,4,4,1.0,24,20,1.2,212.2,212.2,0,3,22,368.1,0,0,2,610.6,1,1,1,212.2,0,0,1,610.6,0,0,0,1471.6,0,0,0,1471.6,0,0,0,1672.7,0.0,0,0.0,0,0.0,0,0.0,0,0.0,0,0.0,0
SC0989,경로당,senior_center,성내부녀경로당,진해구,웅천동,4812963000,,35.111527643541,128.750156621591,point,1,1,1.0,4,4,1.0,24,20,1.2,212.2,212.2,0,3,22,368.1,0,0,2,610.6,1,1,1,212.2,0,0,1,610.6,0,0,0,1471.6,0,0,0,1471.6,0,0,0,1672.7,0.0,0,0.0,0,0.0,0,0.0,0,0.0,0,0.0,0
SC0990,경로당,senior_center,수도경로당,진해구,웅천동,4812963000,,35.0849949967854,128.744901239528,point,0,0,,0,0,,1,1,1.0,894.1,894.1,0,0,0,1974.6,0,0,0,2037.0,0,0,0,2988.9,0,0,0,3431.1,0,0,1,894.1,0,0,1,894.1,0,0,0,2786.1,0.0,0,0.0,0,0.0,0,0.0,0,0.0,0,0.0,0
SC0991,경로당,senior_center,시티프라디움1차 아파트경로당,진해구,웅천동,4812963000,,35.1070912166273,128.754648645509,point,2,2,1.0,3,3,1.0,20,17,1.176,117.1,117.1,2,3,19,117.1,0,0,1,839.9,0,0,1,688.8,0,0,1,839.9,0,0,0,1285.2,0,0,0,1285.2,0,0,0,2034.8,0.0,0,0.0,0,0.0,0,0.0,0,0.0,0,0.0,0
SC0992,경로당,senior_center,시티프라디움2차 아파트경로당,진해구,웅천동,4812963000,,35.104397616163,128.751154542871,point,0,0,,3,3,1.0,24,20,1.2,346.1,346.1,0,3,20,346.1,0,0,2,837.0,0,0,1,940.2,0,0,0,1206.9,0,0,1,848.3,0,0,1,848.3,0,0,0,1757.4,0.0,0,0.0,0,0.0,0,0.0,0,0.0,0,0.0,0
SC0993,경로당,senior_center,신명경로당,진해구,웅천동,4812963000,,35.0964199817259,128.720626511906,point,0,0,,2,2,1.0,8,5,1.6,494.1,494.1,0,2,3,494.1,0,0,2,930.0,0,0,2,747.0,0,0,0,1941.9,0,1,4,495.8,0,1,4,495.8,0,1,2,495.8,0.0,0,0.0,0,0.0,0,0.0,0,0.0,0,0.0,0
SC0994,경로당,senior_center,어은경로당,진해구,웅천동,4812963000,,35.1151780351623,128.728677773058,point,3,2,1.5,5,4,1.25,12,11,1.091,201.7,201.7,3,5,10,201.7,0,0,1,600.8,1,2,3,269.1,1,1,1,269.1,1,1,3,269.1,1,1,3,269.1,1,1,2,269.1,0.0,0,0.0,0,0.0,0,0.0,0,0.0,0,0.0,0
SC0995,경로당,senior_center,와성경로당,진해구,웅천동,4812963000,,35.1009079874254,128.76396356464,point,1,1,1.0,2,2,1.0,2,2,1.0,19.3,19.3,1,2,2,19.3,0,0,0,1696.9,0,0,0,1726.3,0,0,0,1696.9,0,0,0,1794.6,0,0,0,1794.6,0,0,0,2495.0,0.0,0,0.0,0,0.0,0,0.0,0,0.0,0,0.0,0
SC0996,경로당,senior_center,제덕경로당,진해구,웅천동,4812963000,,35.1049401857801,128.742360297335,point,14,11,1.273,19,15,1.267,23,19,1.211,224.1,224.1,13,17,19,224.1,1,2,2,266.6,0,0,0,1231.9,0,0,0,1562.9,0,0,2,670.4,0,0,2,670.4,0,0,1,969.0,0.0,0,0.0,0,0.0,0,0.0,0,0.0,0,0.0,0
SC0997,경로당,senior_center,죽곡경로당,진해구,웅천동,4812963000,,35.104593914331,128.718514083643,point,0,0,,9,6,1.5,22,16,1.375,364.2,364.2,0,4,12,379.0,0,3,7,364.2,0,2,3,364.2,0,0,0,1264.1,0,4,10,379.0,0,4,10,379.0,0,2,4,379.0,0.0,0,0.0,0,0.0,0,0.0,0,0.0,0,0.0,0
SC0998,경로당,senior_center,진해남문호반베르디움아파트경로당,진해구,웅천동,4812963000,,35.1041732778227,128.757084257176,point,0,0,,2,2,1.0,7,7,1.0,479.8,479.8,0,2,7,479.8,0,0,0,1165.0,0,0,0,1075.5,0,0,0,1165.0,0,0,0,1284.3,0,0,0,1284.3,0,0,0,2292.4,0.0,0,0.0,0,0.0,0,0.0,0,0.0,0,0.0,0
SC0999,경로당,senior_center,리젠시빌란트경로당,진해구,웅천동,4812963000,,35.1057426602422,128.75840214674,point,0,0,,2,2,1.0,7,7,1.0,395.7,395.7,0,2,6,395.7,0,0,0,1014.4,0,0,1,990.4,0,0,0,1014.4,0,0,0,1472.0,0,0,0,1472.0,0,0,0,2387.1,0.0,0,0.0,0,0.0,0,0.0,0,0.0,0,0.0,0
SC1000,경로당,senior_center,마천경로당,진해구,웅동1동,4812964000,,35.1262025944133,128.781859365501,point,1,1,1.0,12,8,1.5,91,74,1.23,274.4,274.4,0,8,85,427.0,0,1,2,432.1,1,3,4,274.4,0,1,1,432.1,0,0,0,1065.6,0,0,0,1065.6,0,0,0,3846.2,0.0,0,0.0,0,0.0,0,0.0,0,0.0,0,0.0,0
SC1001,경로당,senior_center,마천부녀경로당,진해구,웅동1동,4812964000,,35.1262025944133,128.781859365501,point,1,1,1.0,12,8,1.5,91,74,1.23,274.4,274.4,0,8,85,427.0,0,1,2,432.1,1,3,4,274.4,0,1,1,432.1,0,0,0,1065.6,0,0,0,1065.6,0,0,0,3846.2,0.0,0,0.0,0,0.0,0,0.0,0,0.0,0,0.0,0
SC1002,경로당,senior_center,남명플럼빌리지경로당,진해구,웅동1동,4812964000,,35.1249384262351,128.783117415769,point,3,3,1.0,43,34,1.265,116,95,1.221,148.5,148.5,0,38,110,318.7,1,2,2,268.0,2,3,4,148.5,1,1,1,268.0,0,0,0,1242.5,0,0,0,1242.5,0,0,0,3689.3,0.0,0,0.0,0,0.0,0,0.0,0,0.0,0,0.0,0
SC1003,경로당,senior_center,소사경로당,진해구,웅동1동,4812964000,,35.1282823563562,128.777525916899,point,0,0,,0,0,,31,25,1.24,666.7,666.7,0,0,23,787.9,0,0,2,869.3,0,0,5,666.7,0,0,1,889.6,0,0,1,732.4,0,0,1,732.4,0,0,0,4156.2,0.0,0,0.0,0,0.0,0,0.0,0,0.0,0,0.0,0
SC1004,경로당,senior_center,월남경로당,진해구,웅동1동,4812964000,,35.1181629354804,128.776205347829,point,23,18,1.278,50,34,1.471,129,102,1.265,102.8,102.8,23,50,126,102.8,0,0,1,585.0,0,0,2,555.4,0,0,0,1108.3,0,0,0,1379.8,0,0,0,1379.8,0,0,0,3126.7,0.0,0,0.0,0,0.0,0,0.0,0,0.0,0,0.0,0
SC1005,경로당,senior_center,영길경로당,진해구,웅동1동,4812964000,,35.114620963794,128.781853335229,point,12,8,1.5,55,42,1.31,165,129,1.279,173.7,173.7,12,55,159,173.7,0,0,2,726.1,0,0,2,646.4,0,0,0,1123.3,0,0,2,758.2,0,0,2,758.2,0,0,0,2589.6,0.0,0,0.0,0,0.0,0,0.0,0,0.0,0,0.0,0
SC1006,경로당,senior_center,영길부녀경로당,진해구,웅동1동,4812964000,,35.114620963794,128.781853335229,point,12,8,1.5,55,42,1.31,165,129,1.279,173.7,173.7,12,55,159,173.7,0,0,2,726.1,0,0,2,646.4,0,0,0,1123.3,0,0,2,758.2,0,0,2,758.2,0,0,0,2589.6,0.0,0,0.0,0,0.0,0,0.0,0,0.0,0,0.0,0
SC1007,경로당,senior_center,금곡경로당,진해구,웅동1동,4812964000,,35.1253681572793,128.786003475261,point,5,3,1.667,37,28,1.321,105,86,1.221,132.3,132.3,2,33,98,265.3,1,1,2,132.3,2,3,5,182.5,1,1,1,132.3,0,0,0,1346.8,0,0,0,1346.8,0,0,0,3707.1,0.0,0,0.0,0,0.0,0,0.0,0,0.0,0,0.0,0
SC1008,경로당,senior_center,금곡부녀경로당,진해구,웅동1동,4812964000,,35.1253681572793,128.786003475261,point,5,3,1.667,37,28,1.321,105,86,1.221,132.3,132.3,2,33,98,265.3,1,1,2,132.3,2,3,5,182.5,1,1,1,132.3,0,0,0,1346.8,0,0,0,1346.8,0,0,0,3707.1,0.0,0,0.0,0,0.0,0,0.0,0,0.0,0,0.0,0
SC1009,경로당,senior_center,청안해오름프리존빌경로당,진해구,웅동1동,4812964000,,35.1200981327355,128.790686053214,point,9,8,1.125,46,37,1.243,131,108,1.213,136.1,136.1,8,45,116,191.3,0,0,4,508.6,1,1,8,136.1,0,0,1,628.4,0,0,3,741.4,0,0,3,741.4,0,0,0,3114.7,0.0,0,0.0,0,0.0,0,0.0,0,0.0,0,0.0,0
SC1010,경로당,senior_center,의곡경로당,진해구,웅동1동,4812964000,,35.1171765937392,128.791964826487,point,6,6,1.0,29,25,1.16,120,102,1.176,185.8,185.8,3,24,109,201.6,1,2,3,185.8,2,2,5,251.9,0,0,1,953.4,0,1,3,469.7,0,1,3,469.7,0,0,0,2799.3,0.0,0,0.0,0,0.0,0,0.0,0,0.0,0,0.0,0
SC1011,경로당,senior_center,내곡경로당,진해구,웅동1동,4812964000,,35.1231349028297,128.78965278589,point,9,8,1.125,36,28,1.286,121,101,1.198,95.2,95.2,9,33,111,95.2,0,1,4,360.6,0,2,6,389.1,0,1,1,360.6,0,0,0,1052.4,0,0,0,1052.4,0,0,0,3448.8,0.0,0,0.0,0,0.0,0,0.0,0,0.0,0,0.0,0
SC1012,경로당,senior_center,대장동경로당,진해구,웅동1동,4812964000,,35.1409500420236,128.778218696178,point,0,0,,1,1,1.0,3,3,1.0,347.8,347.8,0,0,0,1632.9,0,0,0,1988.9,0,0,1,676.0,0,0,0,1988.9,0,1,2,347.8,0,1,2,347.8,0,0,0,5515.7,0.0,0,0.0,0,0.0,0,0.0,0,0.0,0,0.0,0
SC1013,경로당,senior_center,대장동부녀경로당,진해구,웅동1동,4812964000,,35.1409500420236,128.778218696178,point,0,0,,1,1,1.0,3,3,1.0,347.8,347.8,0,0,0,1632.9,0,0,0,1988.9,0,0,1,676.0,0,0,0,1988.9,0,1,2,347.8,0,1,2,347.8,0,0,0,5515.7,0.0,0,0.0,0,0.0,0,0.0,0,0.0,0,0.0,0
SC1014,경로당,senior_center,(사)대한노인회 진해지회 부암경로당,진해구,웅동1동,4812964000,,35.1337778771219,128.783799121716,point,0,0,,0,0,,6,4,1.5,650.2,650.2,0,0,2,701.7,0,0,0,1082.5,0,0,2,662.5,0,0,0,1082.5,0,0,2,650.2,0,0,2,650.2,0,0,0,4654.9,0.0,0,0.0,0,0.0,0,0.0,0,0.0,0,0.0,0
SC1015,경로당,senior_center,경남아너스빌경로당,진해구,웅동1동,4812964000,,35.1293845297073,128.783928602368,point,3,1,3.0,3,1,3.0,55,43,1.279,271.1,271.1,2,2,48,271.1,0,0,2,605.3,1,1,4,271.1,0,0,1,605.3,0,0,1,890.0,0,0,1,890.0,0,0,0,4168.9,0.0,0,0.0,0,0.0,0,0.0,0,0.0,0,0.0,0
SC1016,경로당,senior_center,우방아이유쉘경로당,진해구,웅동1동,4812964000,,35.1200516462816,128.779765840786,point,10,9,1.111,72,58,1.241,163,129,1.264,175.3,175.3,8,69,158,254.6,1,1,2,199.1,1,2,3,175.3,0,0,1,723.5,0,0,0,1221.1,0,0,0,1221.1,0,0,0,3221.1,0.0,0,0.0,0,0.0,0,0.0,0,0.0,0,0.0,0
SC1017,경로당,senior_center,주포경로당,진해구,웅동2동,4812965000,,35.1176120502904,128.836330836549,point,0,0,,0,0,,4,4,1.0,566.3,566.3,0,0,2,566.3,0,0,1,716.6,0,0,1,721.4,0,0,1,740.3,0,0,0,1377.4,0,0,0,1377.4,0,0,0,1377.4,0.0,0,0.0,0,0.0,0,0.0,0,0.0,0,0.0,0
SC1018,경로당,senior_center,가동경로당,진해구,웅동2동,4812965000,,35.1119038828833,128.838417364158,point,4,4,1.0,4,4,1.0,9,9,1.0,108.2,108.2,2,2,4,116.9,1,1,1,143.6,1,1,3,116.9,1,1,2,108.2,0,0,1,739.1,0,0,1,739.1,0,0,1,739.1,0.0,0,0.0,0,0.0,0,0.0,0,0.0,0,0.0,0
SC1019,경로당,senior_center,용원남자경로당,진해구,웅동2동,4812965000,,35.0951812677603,128.818261594175,point,3,2,1.5,5,4,1.25,11,10,1.1,157.6,157.6,0,0,2,817.3,0,0,0,1153.8,1,3,6,157.6,0,0,0,1153.8,2,2,3,293.5,2,2,3,293.5,1,1,2,293.5,0.0,0,0.0,0,0.0,0,0.0,0,0.0,0,0.0,0
SC1020,경로당,senior_center,용원여자경로당,진해구,웅동2동,4812965000,,35.0951812677603,128.818261594175,point,3,2,1.5,5,4,1.25,11,10,1.1,157.6,157.6,0,0,2,817.3,0,0,0,1153.8,1,3,6,157.6,0,0,0,1153.8,2,2,3,293.5,2,2,3,293.5,1,1,2,293.5,0.0,0,0.0,0,0.0,0,0.0,0,0.0,0,0.0,0
SC1021,경로당,senior_center,안골남자경로당,진해구,웅동2동,4812965000,,35.0926548383249,128.797454657998,point,0,0,,3,2,1.5,25,22,1.136,302.6,302.6,0,1,10,302.6,0,1,10,325.5,0,1,6,302.6,0,1,3,302.6,0,1,2,302.6,0,1,2,302.6,0,0,1,763.9,0.0,0,0.0,0,0.0,0,0.0,0,0.0,0,0.0,0
SC1022,경로당,senior_center,안골여자경로당,진해구,웅동2동,4812965000,,35.0926548383249,128.797454657998,point,0,0,,3,2,1.5,25,22,1.136,302.6,302.6,0,1,10,302.6,0,1,10,325.5,0,1,6,302.6,0,1,3,302.6,0,1,2,302.6,0,1,2,302.6,0,0,1,763.9,0.0,0,0.0,0,0.0,0,0.0,0,0.0,0,0.0,0
SC1023,경로당,senior_center,청천경로당,진해구,웅동2동,4812965000,,35.1008960582166,128.800937004203,point,0,0,,0,0,,3,3,1.0,608.9,608.9,0,0,1,904.9,0,0,1,675.0,0,0,1,608.9,0,0,0,1014.5,0,0,0,1045.1,0,0,0,1045.1,0,0,0,1457.6,0.0,0,0.0,0,0.0,0,0.0,0,0.0,0,0.0,0
SC1024,경로당,senior_center,안성경로당,진해구,웅동2동,4812965000,,35.1029735396129,128.79167018019,point,0,0,,0,0,,3,3,1.0,513.9,513.9,0,0,2,513.9,0,0,1,951.1,0,0,0,1102.2,0,0,0,1102.2,0,0,0,1102.2,0,0,0,1102.2,0,0,0,1233.2,0.0,0,0.0,0,0.0,0,0.0,0,0.0,0,0.0,0
SC1025,경로당,senior_center,신안골경로당,진해구,웅동2동,4812965000,,35.1002511751619,128.805623552398,point,0,0,,1,1,1.0,7,7,1.0,479.9,479.9,0,1,2,479.9,0,0,2,765.2,0,0,4,617.9,0,0,1,902.8,0,0,1,969.3,0,0,1,969.3,0,0,0,1335.8,0.0,0,0.0,0,0.0,0,0.0,0,0.0,0,0.0,0
SC1026,경로당,senior_center,이지더원A경로당,진해구,웅동2동,4812965000,,35.0884070696793,128.811498208724,point,0,0,,0,0,,3,2,1.5,835.9,835.9,0,0,0,1366.8,0,0,0,1609.2,0,0,1,994.6,0,0,0,1665.7,0,0,2,835.9,0,0,2,835.9,0,0,1,835.9,0.0,0,0.0,0,0.0,0,0.0,0,0.0,0,0.0,0
SC1027,경로당,senior_center,신항부영13단지A경로당,진해구,웅동2동,4812965000,,35.0902903502679,128.816141229598,point,0,0,,2,1,2.0,4,3,1.333,373.5,373.5,0,0,0,1253.1,0,0,0,1664.4,0,0,2,553.1,0,0,0,1664.4,0,2,2,373.5,0,2,2,373.5,0,1,1,373.5,0.0,0,0.0,0,0.0,0,0.0,0,0.0,0,0.0,0
SC1028,경로당,senior_center,용원현대A경로당,진해구,웅동2동,4812965000,,35.1046953181316,128.808767735968,point,0,0,,3,3,1.0,13,12,1.083,406.2,406.2,0,2,5,406.2,0,1,5,406.2,0,1,7,406.2,0,1,3,406.2,0,1,3,445.4,0,1,3,445.4,0,0,0,1162.3,0.0,0,0.0,0,0.0,0,0.0,0,0.0,0,0.0,0
SC1029,경로당,senior_center,풍림A남자경로당,진해구,웅동2동,4812965000,,35.1060041350786,128.806883861746,point,1,1,1.0,4,4,1.0,13,12,1.083,254.6,254.6,1,1,4,254.6,1,2,5,254.6,1,2,8,254.6,1,1,3,254.6,0,1,3,326.9,0,1,3,326.9,0,0,0,1381.1,0.0,0,0.0,0,0.0,0,0.0,0,0.0,0,0.0,0
SC1030,경로당,senior_center,풍림A여자경로당,진해구,웅동2동,4812965000,,35.1060041350786,128.806883861746,point,1,1,1.0,4,4,1.0,13,12,1.083,254.6,254.6,1,1,4,254.6,1,2,5,254.6,1,2,8,254.6,1,1,3,254.6,0,1,3,326.9,0,1,3,326.9,0,0,0,1381.1,0.0,0,0.0,0,0.0,0,0.0,0,0.0,0,0.0,0
SC1031,경로당,senior_center,부영1차A남자경로당,진해구,웅동2동,4812965000,,35.1013899021377,128.805814365895,point,0,0,,1,1,1.0,10,9,1.111,465.9,465.9,0,1,4,465.9,0,0,3,654.0,0,0,7,681.6,0,0,3,775.5,0,0,3,842.8,0,0,3,842.8,0,0,0,1325.2,0.0,0,0.0,0,0.0,0,0.0,0,0.0,0,0.0,0
SC1032,경로당,senior_center,부영1차A여자경로당,진해구,웅동2동,4812965000,,35.1013899021377,128.805814365895,point,0,0,,1,1,1.0,10,9,1.111,465.9,465.9,0,1,4,465.9,0,0,3,654.0,0,0,7,681.6,0,0,3,775.5,0,0,3,842.8,0,0,3,842.8,0,0,0,1325.2,0.0,0,0.0,0,0.0,0,0.0,0,0.0,0,0.0,0
SC1033,경로당,senior_center,부영2차A남자경로당,진해구,웅동2동,4812965000,,35.1033813292468,128.803689278724,point,0,0,,1,1,1.0,10,10,1.0,382.9,382.9,0,0,2,644.3,0,1,3,382.9,0,0,6,644.3,0,0,1,644.3,0,0,1,726.6,0,0,1,726.6,0,0,0,1553.2,0.0,0,0.0,0,0.0,0,0.0,0,0.0,0,0.0,0
SC1034,경로당,senior_center,부영2차A여자경로당,진해구,웅동2동,4812965000,,35.1033813292468,128.803689278724,point,0,0,,1,1,1.0,10,10,1.0,382.9,382.9,0,0,2,644.3,0,1,3,382.9,0,0,6,644.3,0,0,1,644.3,0,0,1,726.6,0,0,1,726.6,0,0,0,1553.2,0.0,0,0.0,0,0.0,0,0.0,0,0.0,0,0.0,0
SC1035,경로당,senior_center,부영3차A남자경로당,진해구,웅동2동,4812965000,,35.1044105957976,128.80536065058,point,0,0,,2,2,1.0,11,10,1.1,345.9,345.9,0,1,4,469.4,0,2,4,345.9,0,1,7,469.4,0,1,3,469.4,0,0,3,547.7,0,0,3,547.7,0,0,0,1438.3,0.0,0,0.0,0,0.0,0,0.0,0,0.0,0,0.0,0
SC1036,경로당,senior_center,부영3차A여자경로당,진해구,웅동2동,4812965000,,35.1044105957976,128.80536065058,point,0,0,,2,2,1.0,11,10,1.1,345.9,345.9,0,1,4,469.4,0,2,4,345.9,0,1,7,469.4,0,1,3,469.4,0,0,3,547.7,0,0,3,547.7,0,0,0,1438.3,0.0,0,0.0,0,0.0,0,0.0,0,0.0,0,0.0,0
SC1037,경로당,senior_center,해인로즈빌A남자경로당,진해구,웅동2동,4812965000,,35.1074137350992,128.80601252301,point,4,4,1.0,6,6,1.0,13,12,1.083,169.4,169.4,1,1,4,169.4,2,3,5,169.4,2,3,8,169.4,1,1,3,169.4,1,1,3,255.8,1,1,3,255.8,0,0,0,1527.8,0.0,0,0.0,0,0.0,0,0.0,0,0.0,0,0.0,0
SC1038,경로당,senior_center,해인로즈빌A여자경로당,진해구,웅동2동,4812965000,,35.1074137350992,128.80601252301,point,4,4,1.0,6,6,1.0,13,12,1.083,169.4,169.4,1,1,4,169.4,2,3,5,169.4,2,3,8,169.4,1,1,3,169.4,1,1,3,255.8,1,1,3,255.8,0,0,0,1527.8,0.0,0,0.0,0,0.0,0,0.0,0,0.0,0,0.0,0
SC1039,경로당,senior_center,일신님A남자경로당,진해구,웅동2동,4812965000,,35.1034920124458,128.809184621804,point,0,0,,2,2,1.0,13,12,1.083,344.1,344.1,0,1,5,344.1,0,0,5,545.1,0,1,7,465.4,0,0,3,545.1,0,0,3,582.3,0,0,3,582.3,0,0,0,1075.5,0.0,0,0.0,0,0.0,0,0.0,0,0.0,0,0.0,0
SC1040,경로당,senior_center,일신님여자경로당,진해구,웅동2동,4812965000,,35.1034920124458,128.809184621804,point,0,0,,2,2,1.0,13,12,1.083,344.1,344.1,0,1,5,344.1,0,0,5,545.1,0,1,7,465.4,0,0,3,545.1,0,0,3,582.3,0,0,3,582.3,0,0,0,1075.5,0.0,0,0.0,0,0.0,0,0.0,0,0.0,0,0.0,0
SC1041,경로당,senior_center,코아루A경로당,진해구,웅동2동,4812965000,,35.1017840781765,128.808541327813,point,1,1,1.0,3,3,1.0,11,10,1.1,242.3,242.3,1,1,5,242.3,0,0,3,719.3,0,2,7,455.3,0,0,3,719.3,0,0,3,719.3,0,0,3,719.3,0,0,0,1084.3,0.0,0,0.0,0,0.0,0,0.0,0,0.0,0,0.0,0
SC1042,경로당,senior_center,신항8단지부영A경로당,진해구,웅동2동,4812965000,,35.0899472255603,128.811692686232,point,0,0,,0,0,,3,2,1.5,737.3,737.3,0,0,0,1197.1,0,0,0,1600.5,0,0,1,875.8,0,0,0,1635.7,0,0,2,737.3,0,0,2,737.3,0,0,1,737.3,0.0,0,0.0,0,0.0,0,0.0,0,0.0,0,0.0,0
CH0001,지역아동센터,community_child_center,덕산지역아동센터,의창구,동읍,4812125000,,35.279424162655,128.688321037012,point,4,4,1.0,9,8,1.125,21,17,1.235,79.2,79.2,2,6,17,79.2,1,1,3,208.7,0,1,2,482.8,0,0,2,656.9,1,1,3,164.0,0,0,0,8575.8,1,1,2,164.0,3.0,1,28.0,3,248.0,11,133.0,1,1101.8,3,12313.8,11
CH0002,지역아동센터,community_child_center,영은지역아동센터,의창구,동읍,4812125000,,35.2744169350262,128.704660612446,point,3,3,1.0,3,3,1.0,8,7,1.143,145.3,145.3,3,3,8,145.3,0,0,1,979.7,0,0,0,1205.1,0,0,1,979.7,0,0,1,979.7,0,0,0,9818.4,0,0,1,979.7,32.0,2,32.0,2,129.0,6,581.8,2,581.8,2,7069.3,6
CH0003,지역아동센터,community_child_center,사랑샘지역아동센터,의창구,북면,4812131000,,35.3079387531437,128.600058757323,point,9,4,2.25,11,6,1.833,31,24,1.292,91.5,91.5,9,10,26,91.5,0,0,2,665.9,0,1,4,332.2,0,0,0,1932.6,0,0,0,1247.5,0,0,0,6267.8,0,0,0,1979.7,56.0,8,91.0,9,169.0,14,2448.2,8,3240.2,9,4584.9,14
CH0004,지역아동센터,community_child_center,창원행복한지역아동센터,의창구,북면,4812131000,,35.34729629398,128.608981837897,point,0,0,,0,0,,4,4,1.0,757.4,757.4,0,0,2,962.2,0,0,1,966.3,0,0,2,757.4,0,0,1,966.3,0,0,1,966.3,0,0,0,10663.5,0,0,0,3271.8,0.0,0,0.0,0,7.0,2,0.0,0,0.0,0,693.1,2
CH0005,지역아동센터,community_child_center,하나지역아동센터,의창구,대산면,4812132000,,35.3314223934794,128.70584699528,point,38,29,1.31,69,54,1.278,173,132,1.311,45.0,45.0,35,58,146,45.0,3,5,15,45.0,8,15,27,133.6,0,2,6,407.3,4,8,14,223.6,0,0,0,13063.4,1,1,1,224.3,452.0,30,795.0,51,1738.0,114,44664.5,30,79919.2,51,187826.4,114
CH0006,지역아동센터,community_child_center,굳뉴스지역아동센터,의창구,의창동,4812151000,,35.265148101175,128.625123182022,point,5,5,1.0,15,14,1.071,34,32,1.062,39.1,39.1,5,10,15,39.1,0,0,1,945.8,0,5,17,362.2,0,0,0,5504.9,0,1,2,481.1,0,0,0,2708.7,0,1,1,481.1,42.0,4,109.0,9,192.0,13,2060.2,4,2924.9,9,4169.2,13
CH0007,지역아동센터,community_child_center,메아리지역아동센터,의창구,의창동,4812151000,,35.2675905834228,128.62822002178,point,3,3,1.0,7,7,1.0,24,22,1.091,186.3,186.3,3,6,15,186.3,0,0,0,1251.6,0,1,8,498.5,0,0,0,5114.1,0,0,2,779.6,0,0,0,3094.8,0,0,1,779.6,37.0,2,89.0,5,190.0,12,1786.6,2,2327.4,5,4082.0,12
CH0008,지역아동센터,community_child_center,여수룬지역아동센터,의창구,의창동,4812151000,,35.2637718059872,128.618585721311,point,6,5,1.2,21,18,1.167,45,42,1.071,147.9,147.9,3,8,17,163.6,0,0,2,785.9,3,12,25,147.9,0,0,0,5189.5,0,1,2,473.9,0,0,0,2140.4,0,0,1,733.2,17.0,3,24.0,6,130.0,13,543.7,3,850.0,6,3800.5,13
CH0009,지역아동센터,community_child_center,은하수지역아동센터,의창구,의창동,4812151000,,35.2577526711655,128.599330735318,point,0,0,,10,7,1.429,111,38,2.921,372.3,372.3,0,5,80,372.3,0,4,10,445.8,0,0,21,637.8,0,0,0,3944.9,0,1,17,414.4,0,0,1,706.1,0,0,1,933.5,0.0,0,19.0,3,687.0,61,0.0,0,1046.5,3,40751.4,61
CH0010,지역아동센터,community_child_center,해솔지역아동센터,의창구,의창동,4812151000,,35.2598999805423,128.59618835387,point,1,1,1.0,1,1,1.0,14,10,1.4,15.7,15.7,1,1,5,15.7,0,0,5,817.8,0,0,3,783.1,0,0,0,4102.5,0,0,1,786.2,0,0,0,1015.0,0,0,0,1180.4,15.0,1,15.0,1,19.0,3,474.0,1,474.0,1,1046.5,3
CH0011,지역아동센터,community_child_center,새의창지역아동센터,의창구,팔룡동,4812152000,,35.2557069677983,128.613847541079,point,0,0,,6,6,1.0,351,126,2.786,330.9,330.9,0,2,301,330.9,0,0,22,557.4,0,4,57,444.2,0,0,0,4204.7,0,0,20,538.5,0,0,0,1304.5,0,0,3,668.4,0.0,0,17.0,2,4218.0,198,0.0,0,623.0,2,288801.1,198
CH0012,지역아동센터,community_child_center,팔용지역아동센터,의창구,팔룡동,4812152000,,35.2560479816235,128.614098218102,point,1,1,1.0,11,9,1.222,261,116,2.25,292.6,292.6,1,6,213,292.6,0,0,18,528.1,0,5,53,447.7,0,0,0,4247.7,0,0,18,578.0,0,0,0,1339.7,0,0,2,709.9,5.0,1,19.0,3,3739.0,153,399.8,1,788.4,3,236136.6,153
CH0013,지역아동센터,community_child_center,에디슨지역아동센터,의창구,명곡동,4812153000,,35.260640101209,128.638877542849,point,4,4,1.0,18,18,1.0,30,29,1.034,102.9,102.9,3,10,16,102.9,0,0,2,693.1,0,7,11,350.5,0,0,0,5145.5,1,1,1,174.1,0,0,0,3640.3,0,0,0,1189.6,11.0,3,88.0,9,180.0,14,355.4,3,1641.0,9,2652.3,14
CH0014,지역아동센터,community_child_center,해피타임지역아동센터,의창구,명곡동,4812153000,,35.252727140256,128.638635710955,point,3,3,1.0,11,11,1.0,25,24,1.042,42.0,42.0,1,6,12,42.0,1,1,3,165.4,1,4,9,70.7,0,0,0,5085.8,0,0,1,984.5,0,0,0,3475.8,0,0,0,1153.3,21.0,1,47.0,5,85.0,11,238.1,1,736.0,5,1203.3,11
CH0015,지역아동센터,community_child_center,두레지역아동센터,의창구,봉림동,4812154000,,35.2475619103781,128.677498759919,point,1,1,1.0,1,1,1.0,13,13,1.0,131.6,131.6,0,0,2,782.2,0,0,1,963.0,1,1,7,131.6,0,0,0,3864.7,0,0,3,629.5,0,0,0,6993.6,0,0,2,629.5,0.0,0,0.0,0,9.0,1,0.0,0,0.0,0,86.4,1
CH0016,지역아동센터,community_child_center,다온지역아동센터,의창구,봉림동,4812154000,,35.2476672750674,128.657481866995,point,0,0,,0,0,,11,10,1.1,643.5,643.5,0,0,0,1010.4,0,0,3,930.9,0,0,6,643.5,0,0,0,4914.6,0,0,4,930.9,0,0,0,5205.8,0,0,3,930.9,0.0,0,0.0,0,0.0,0,0.0,0,0.0,0,0.0,0
CH0017,지역아동센터,community_child_center,무동지역아동센터,의창구,북면,4812131000,,35.3166150788285,128.585261053106,point,1,1,1.0,1,1,1.0,7,6,1.167,151.6,151.6,0,0,5,818.4,0,0,1,818.4,1,1,2,151.6,0,0,1,818.4,0,0,0,1493.1,0,0,0,7307.7,0,0,0,2938.0,0.0,0,0.0,0,22.0,4,0.0,0,0.0,0,2334.6,4
CH0018,지역아동센터,community_child_center,창원좋은이웃지역아동센터,성산구,반송동,4812351000,,35.2409272994502,128.662915430982,point,5,5,1.0,5,5,1.0,52,14,3.714,61.5,61.5,0,0,35,903.8,0,0,9,528.3,3,3,4,61.5,0,0,0,5172.0,2,2,7,111.9,0,0,0,5477.2,1,1,5,111.9,0.0,0,0.0,0,45.0,18,0.0,0,0.0,0,906.1,18
CH0019,지역아동센터,community_child_center,상남지역아동센터,성산구,상남동,4812353000,,35.2148115128033,128.688647562435,point,1,1,1.0,2,2,1.0,14,13,1.077,226.0,226.0,0,0,3,903.4,0,1,5,385.6,1,1,6,226.0,0,0,0,2306.8,0,0,3,639.7,0,0,0,6172.6,0,0,3,639.7,0.0,0,0.0,0,269.0,3,0.0,0,0.0,0,17196.7,3
CH0020,지역아동센터,community_child_center,늘푸른지역아동센터,성산구,사파동,4812354000,,35.2241758142505,128.695518109093,point,1,1,1.0,7,7,1.0,19,18,1.056,49.9,49.9,0,0,2,538.4,0,0,5,543.2,0,6,11,391.2,0,0,0,3319.3,1,1,2,49.9,0,0,0,7331.6,0,0,1,610.5,0.0,0,0.0,0,7.0,2,0.0,0,0.0,0,100.8,2
CH0021,지역아동센터,community_child_center,민들레지역아동센터,성산구,사파동,4812354000,,35.2148989949681,128.709629167688,point,2,2,1.0,2,2,1.0,4,4,1.0,184.5,184.5,1,1,1,216.4,0,0,1,887.3,1,1,2,184.5,0,0,0,2738.4,0,0,0,1013.2,0,0,0,6373.6,0,0,0,1343.7,8.0,1,8.0,1,8.0,1,67.5,1,67.5,1,67.5,1
CH0022,지역아동센터,community_child_center,사파보듬지역아동센터,성산구,사파동,4812354000,,35.2247230180775,128.702055039914,point,3,3,1.0,4,4,1.0,11,11,1.0,85.0,85.0,0,0,1,991.9,1,1,2,85.0,2,2,6,244.2,0,0,0,3471.4,0,1,2,471.2,0,0,0,7392.5,0,0,0,1140.4,0.0,0,0.0,0,4.0,1,0.0,0,0.0,0,17.5,1
CH0023,지역아동센터,community_child_center,상남꿈자람지역아동센터,성산구,사파동,4812354000,,35.2189144665743,128.701204856913,point,1,1,1.0,2,2,1.0,10,10,1.0,0.0,0.0,0,0,1,674.7,1,1,3,0.0,0,1,4,497.4,0,0,0,2827.9,0,0,3,762.4,0,0,0,6745.5,0,0,1,965.2,0.0,0,0.0,0,8.0,1,0.0,0,0.0,0,67.5,1
CH0024,지역아동센터,community_child_center,샛별지역아동센터,성산구,가음정동,4812355000,,35.2051283581192,128.702628027958,point,3,3,1.0,4,4,1.0,33,18,1.833,34.7,34.7,0,0,18,677.5,1,2,9,132.3,2,2,10,34.7,0,0,0,1483.8,1,1,6,132.3,0,0,0,5223.8,1,1,5,132.3,0.0,0,0.0,0,1669.0,13,0.0,0,0.0,0,108253.0,13
CH0025,지역아동센터,community_child_center,성주지역아동센터,성산구,성주동,4812356000,,35.1883475244037,128.693634681481,point,6,3,2.0,17,10,1.7,143,74,1.932,178.0,178.0,6,13,117,178.0,0,2,25,440.3,0,4,24,313.6,0,0,1,667.0,1,5,26,262.1,0,0,0,3382.0,1,1,11,262.1,209.0,5,764.0,10,4894.0,103,36975.4,5,78648.1,10,456381.4,103
CH0026,지역아동센터,community_child_center,LH행복꿈터 현동지역아동센터,마산합포구,현동,4812551000,,35.1524849386005,128.554094106993,point,4,3,1.333,4,3,1.333,7,6,1.167,264.0,264.0,0,0,2,658.3,0,0,1,658.3,3,3,5,264.0,0,0,0,2305.1,1,1,2,265.2,0,0,0,7369.5,1,1,2,265.2,0.0,0,0.0,0,0.0,0,0.0,0,0.0,0,0.0,0
CH0027,지역아동센터,community_child_center,SCL지역아동센터,마산합포구,자산동,4812558000,,35.2075430444304,128.564204232036,point,1,1,1.0,3,3,1.0,42,26,1.615,86.1,86.1,0,1,23,367.6,0,0,4,876.1,1,2,14,86.1,0,0,1,738.9,0,0,3,554.3,0,0,0,1485.2,0,0,3,554.3,0.0,0,0.0,0,0.0,0,0.0,0,0.0,0,0.0,0
CH0028,지역아동센터,community_child_center,가온지역아동센터,마산합포구,진동면,4812532000,,35.1135585049385,128.485527995065,point,1,1,1.0,4,3,1.333,10,8,1.25,234.4,234.4,0,1,5,442.4,0,1,2,331.1,1,2,3,234.4,0,1,3,442.4,0,0,1,695.6,0,0,0,13675.4,0,0,0,2082.0,0.0,0,0.0,0,0.0,0,0.0,0,0.0,0,0.0,0
CH0029,지역아동센터,community_child_center,가우스산호지역아동센터,마산합포구,산호동,4812565000,,35.218072893209,128.578936089798,point,3,3,1.0,8,7,1.143,59,50,1.18,76.8,76.8,0,1,28,452.4,0,1,9,438.1,3,4,16,76.8,0,0,1,939.3,0,2,6,319.2,0,1,2,319.2,0,0,3,717.0,0.0,0,0.0,0,0.0,0,0.0,0,0.0,0,0.0,0
CH0030,지역아동센터,community_child_center,경도지역아동센터,마산합포구,완월동,4812557000,,35.1988833720699,128.560777220983,point,0,0,,2,2,1.0,34,21,1.619,438.7,438.7,0,0,14,679.5,0,1,7,438.7,0,2,14,438.7,0,0,1,994.5,0,1,4,438.7,0,0,0,2431.4,0,1,3,438.7,0.0,0,0.0,0,0.0,0,0.0,0,0.0,0,0.0,0
CH0031,지역아동센터,community_child_center,위드지역아동센터,마산합포구,진동면,4812532000,,35.1170347980255,128.485025341371,point,2,2,1.0,2,2,1.0,12,10,1.2,154.2,154.2,0,0,4,830.7,1,1,3,194.5,1,1,4,154.2,0,0,2,830.7,0,0,0,1058.2,0,0,0,13300.1,0,0,0,1699.3,0.0,0,0.0,0,0.0,0,0.0,0,0.0,0,0.0,0
CH0032,지역아동센터,community_child_center,글로리아지역아동센터,마산합포구,자산동,4812558000,,35.2019580482935,128.566192095008,point,3,2,1.5,23,9,2.556,69,51,1.353,152.0,152.0,0,13,31,396.1,1,3,11,230.8,2,7,23,152.0,0,1,3,481.5,0,2,8,309.8,0,0,0,1886.1,0,2,5,309.8,0.0,0,0.0,0,0.0,0,0.0,0,0.0,0,0.0,0
CH0033,지역아동센터,community_child_center,느티나무 지역아동센터,마산합포구,진동면,4812532000,,35.1156022974604,128.487570801125,point,1,1,1.0,2,2,1.0,8,6,1.333,218.0,218.0,0,0,2,683.9,0,1,2,386.6,1,1,4,218.0,0,0,3,574.9,0,0,1,832.9,0,0,0,13425.8,0,0,0,1893.9,0.0,0,0.0,0,0.0,0,0.0,0,0.0,0,0.0,0
CH0034,지역아동센터,community_child_center,늘푸른지역아동센터,마산합포구,문화동,4812554000,,35.1863491042742,128.555670303419,point,2,2,1.0,4,4,1.0,23,21,1.095,122.9,122.9,0,0,2,958.4,1,1,6,231.1,1,3,14,231.1,0,0,0,2056.2,2,2,5,122.9,0,0,0,3865.3,2,2,4,122.9,0.0,0,0.0,0,0.0,0,0.0,0,0.0,0,0.0,0
CH0035,지역아동센터,community_child_center,늘해랑지역아동센터,마산합포구,완월동,4812557000,,35.1982411985313,128.562729494085,point,1,1,1.0,6,4,1.5,56,39,1.436,280.8,280.8,0,0,23,513.6,1,4,10,280.8,1,3,21,280.8,0,0,3,825.3,1,2,6,280.8,0,0,0,2398.8,1,2,3,280.8,0.0,0,0.0,0,0.0,0,0.0,0,0.0,0,0.0,0
CH0036,지역아동센터,community_child_center,도담울지역아동센터,마산합포구,진동면,4812532000,,35.1130944106904,128.485538106459,point,1,1,1.0,4,3,1.333,10,8,1.25,285.6,285.6,0,1,5,391.0,0,1,2,374.1,1,2,3,285.6,0,1,3,391.0,0,0,1,652.5,0,0,0,13726.3,0,0,0,2131.9,0.0,0,0.0,0,0.0,0,0.0,0,0.0,0,0.0,0
CH0037,지역아동센터,community_child_center,마산상남지역아동센터,마산합포구,합포동,4812564000,,35.2113057804295,128.576121766524,point,7,5,1.4,10,8,1.25,47,39,1.205,105.8,105.8,4,6,22,170.5,2,2,3,105.8,1,2,14,187.7,0,0,4,840.0,0,0,7,625.0,0,0,1,642.2,0,0,4,625.0,0.0,0,0.0,0,0.0,0,0.0,0,0.0,0,0.0,0
CH0038,지역아동센터,community_child_center,명지지역아동센터,마산합포구,반월중앙동,4812556500,,35.1898685743571,128.561954559295,point,4,4,1.0,11,10,1.1,20,19,1.053,44.6,44.6,0,0,1,610.7,1,2,5,44.6,3,8,13,113.3,0,0,0,1380.7,0,2,5,395.7,0,0,0,3267.0,0,2,5,395.7,0.0,0,0.0,0,0.0,0,0.0,0,0.0,0,0.0,0
CH0039,지역아동센터,community_child_center,산호지역아동센터,마산합포구,합포동,4812564000,,35.210925040262,128.580294389083,point,0,0,,6,6,1.0,64,53,1.208,350.3,350.3,0,3,38,465.5,0,1,4,487.1,0,3,17,350.3,0,0,3,694.8,0,0,11,537.1,0,0,2,803.5,0,0,6,537.1,0.0,0,0.0,0,0.0,0,0.0,0,0.0,0,0.0,0
CH0040,지역아동센터,community_child_center,새봄지역아동센터,마산합포구,진동면,4812532000,,35.1186248331628,128.487778661113,point,0,0,,1,1,1.0,8,7,1.143,406.2,406.2,0,0,2,750.3,0,0,3,501.2,0,1,2,406.2,0,0,1,811.9,0,0,0,1158.8,0,0,0,13090.8,0,0,0,1567.3,0.0,0,0.0,0,0.0,0,0.0,0,0.0,0,0.0,0
CH0041,지역아동센터,community_child_center,새샘지역아동센터,마산합포구,합포동,4812564000,,35.2120304284361,128.585833154606,point,2,2,1.0,20,16,1.25,151,116,1.302,205.9,205.9,1,14,104,205.9,0,3,24,356.0,1,6,38,261.1,0,0,2,948.2,0,3,19,356.0,0,1,8,356.0,0,1,10,443.4,0.0,0,0.0,0,0.0,0,0.0,0,0.0,0,0.0,0
CH0042,지역아동센터,community_child_center,성원지역아동센터,마산합포구,교방동,4812561000,,35.2100417846019,128.565392112032,point,2,2,1.0,5,5,1.0,36,22,1.636,124.7,124.7,1,1,23,124.7,0,0,2,789.5,1,3,9,283.0,0,0,1,853.9,0,1,1,366.2,0,0,0,1217.4,0,1,1,366.2,0.0,0,0.0,0,0.0,0,0.0,0,0.0,0,0.0,0
CH0043,지역아동센터,community_child_center,수정지역아동센터,마산합포구,구산면,4812531000,,35.1160612396553,128.581073910443,point,0,0,,0,0,,0,0,,1256.1,1256.1,0,0,0,1343.1,0,0,0,2266.5,0,0,0,2589.6,0,0,0,4702.8,0,0,0,1256.1,0,0,0,6501.1,0,0,0,2266.5,0.0,0,0.0,0,0.0,0,0.0,0,0.0,0,0.0,0
CH0044,지역아동센터,community_child_center,어울림지역아동센터,마산합포구,진동면,4812532000,,35.1181989560979,128.487715085375,point,0,0,,2,2,1.0,10,8,1.25,365.1,365.1,0,0,3,788.6,0,1,3,469.8,0,1,3,365.1,0,0,2,775.9,0,0,0,1113.0,0,0,0,13138.4,0,0,0,1612.5,0.0,0,0.0,0,0.0,0,0.0,0,0.0,0,0.0,0
CH0045,지역아동센터,community_child_center,완월지역아동센터,마산합포구,완월동,4812557000,,35.1973900185416,128.561203413892,point,0,0,,3,3,1.0,23,20,1.15,380.2,380.2,0,0,3,537.5,0,1,7,446.7,0,3,13,380.2,0,0,1,980.1,0,1,5,446.7,0,0,0,2550.4,0,1,4,446.7,0.0,0,0.0,0,0.0,0,0.0,0,0.0,0,0.0,0
CH0046,지역아동센터,community_child_center,자산지역아동센터,마산합포구,자산동,4812558000,,35.2062417695349,128.564306975356,point,1,1,1.0,2,2,1.0,45,29,1.552,71.5,71.5,0,0,24,511.5,0,0,5,736.3,1,2,14,71.5,0,0,1,661.0,0,0,4,634.2,0,0,0,1585.3,0,0,4,634.2,0.0,0,0.0,0,0.0,0,0.0,0,0.0,0,0.0,0
CH0047,지역아동센터,community_child_center,전원해운지역아동센터,마산합포구,월영동,4812553000,,35.1784781581827,128.564500658938,point,8,7,1.143,13,12,1.083,21,19,1.105,208.8,208.8,2,2,2,221.5,1,3,5,233.2,5,8,12,208.8,0,0,0,1414.4,0,1,4,466.4,0,0,0,4402.3,0,1,3,466.4,0.0,0,0.0,0,0.0,0,0.0,0,0.0,0,0.0,0
CH0048,지역아동센터,community_child_center,푸른물결행복한홈스쿨 지역아동센터,마산합포구,합포동,4812564000,,35.2083583728289,128.582939008205,point,8,7,1.143,16,14,1.143,66,55,1.2,99.6,99.6,2,8,40,103.9,0,0,8,794.7,5,6,18,99.6,0,2,3,463.7,2,3,11,259.0,0,0,3,807.8,2,2,6,259.0,0.0,0,0.0,0,0.0,0,0.0,0,0.0,0,0.0,0
CH0049,지역아동센터,community_child_center,행복한지역아동센터,마산합포구,오동동,4812563000,,35.2065568862979,128.573240027436,point,4,4,1.0,14,11,1.273,87,66,1.318,45.5,45.5,4,9,44,45.5,0,1,8,476.1,0,3,25,366.0,0,1,6,366.0,0,0,10,528.0,0,0,0,1188.1,0,0,7,528.0,0.0,0,0.0,0,0.0,0,0.0,0,0.0,0,0.0,0
CH0050,지역아동센터,community_child_center,꽃누리세상지역아동센터,마산회원구,구암2동,4812761000,,35.2504161459781,128.600665926242,point,7,4,1.75,68,21,3.238,228,91,2.505,117.0,117.0,0,55,190,309.1,1,3,28,245.1,2,6,44,201.8,0,0,0,3222.6,4,11,22,117.0,1,1,1,117.0,0,0,2,588.3,0.0,0,342.0,45,2656.0,155,0.0,0,18037.9,45,171019.3,155
CH0051,지역아동센터,community_child_center,꽃때말지역아동센터,마산회원구,합성1동,4812758000,,35.2433068773616,128.581297677432,point,0,0,,3,3,1.0,17,17,1.0,412.7,412.7,0,1,5,412.7,0,0,2,885.2,0,2,8,478.5,0,0,0,2218.1,0,0,3,708.3,0,0,3,708.3,0,0,1,971.8,0.0,0,0.0,0,0.0,0,0.0,0,0.0,0,0.0,0
CH0052,지역아동센터,community_child_center,꿈쟁이지역아동센터,마산회원구,양덕1동,4812756000,,35.2345926325833,128.591448736893,point,0,0,,5,3,1.667,23,21,1.095,346.4,346.4,0,3,7,488.6,0,0,2,654.2,0,1,13,407.9,0,0,0,1279.5,0,1,3,346.4,0,1,3,346.4,0,0,1,933.8,0.0,0,0.0,0,0.0,0,0.0,0,0.0,0,0.0,0
CH0053,지역아동센터,community_child_center,동마산지역아동센터,마산회원구,구암2동,4812761000,,35.2446561981918,128.591697352023,point,5,5,1.0,7,7,1.0,22,20,1.1,147.0,147.0,1,2,7,147.0,1,2,4,229.5,2,2,8,185.8,0,0,0,2362.9,2,2,5,185.8,2,2,4,185.8,1,1,2,185.8,0.0,0,0.0,0,0.0,0,0.0,0,0.0,0,0.0,0
CH0054,지역아동센터,community_child_center,비둘기회성지역아동센터,마산회원구,회성동,4812755000,,35.2331519486289,128.558079119539,point,4,4,1.0,5,5,1.0,14,14,1.0,100.0,100.0,2,2,5,131.9,0,0,0,1210.5,2,2,8,100.0,0,0,0,2052.3,0,1,1,344.7,0,1,1,344.7,0,0,0,2631.2,0.0,0,0.0,0,0.0,0,0.0,0,0.0,0,0.0,0
CH0055,지역아동센터,community_child_center,샘동네지역아동센터,마산회원구,회원2동,4812752000,,35.2223248910993,128.568263527979,point,1,1,1.0,5,5,1.0,18,18,1.0,286.8,286.8,0,1,5,381.9,0,0,2,859.5,1,3,8,286.8,0,0,0,1672.6,0,1,3,304.1,0,1,3,304.1,0,0,0,1357.4,0.0,0,0.0,0,0.0,0,0.0,0,0.0,0,0.0,0
CH0056,지역아동센터,community_child_center,석전지역아동센터,마산회원구,석전동,4812754500,,35.2334927979741,128.576311777637,point,9,9,1.0,12,12,1.0,37,35,1.057,29.9,29.9,0,1,10,479.2,1,2,5,186.0,8,9,21,29.9,0,0,0,1424.0,2,2,4,186.0,1,1,3,186.0,0,0,0,1323.8,0.0,0,0.0,0,0.0,0,0.0,0,0.0,0,0.0,0
CH0057,지역아동센터,community_child_center,성동지역아동센터,마산회원구,내서읍,4812725000,,35.227129924501,128.496231289787,point,3,2,1.5,6,4,1.5,11,9,1.222,206.3,206.3,1,2,5,206.3,0,1,1,391.4,0,2,3,391.4,2,4,4,206.3,0,0,1,968.5,0,0,0,1319.1,0,0,1,968.5,0.0,0,0.0,0,0.0,0,0.0,0,0.0,0,0.0,0
CH0058,지역아동센터,community_child_center,소명지역아동센터,마산회원구,구암1동,4812760000,,35.2563122883418,128.595381848582,point,0,0,,2,2,1.0,73,17,4.294,382.0,382.0,0,1,57,391.1,0,0,6,643.4,0,1,5,382.0,0,0,0,3697.9,0,0,8,669.7,0,0,2,711.1,0,0,1,816.4,0.0,0,15.0,1,269.0,36,0.0,0,474.0,1,14156.8,36
CH0059,지역아동센터,community_child_center,안영지역아동센터,마산회원구,회성동,4812755000,,35.2313557792869,128.563662513367,point,7,7,1.0,9,9,1.0,16,16,1.0,23.0,23.0,3,4,5,23.0,0,0,1,666.4,3,4,8,203.9,0,0,0,2246.4,1,1,2,295.0,1,1,2,295.0,0,0,0,2085.6,0.0,0,0.0,0,0.0,0,0.0,0,0.0,0,0.0,0
CH0060,지역아동센터,community_child_center,양덕2동지역아동센터,마산회원구,양덕2동,4812757000,,35.2244480825616,128.589145164708,point,9,9,1.0,25,17,1.471,190,101,1.881,136.9,136.9,2,10,141,266.4,0,4,19,369.6,6,7,36,136.9,1,1,1,247.9,0,5,15,369.6,0,2,7,446.9,0,3,7,369.6,0.0,0,0.0,0,0.0,0,0.0,0,0.0,0,0.0,0
CH0061,지역아동센터,community_child_center,정지역아동센터,마산회원구,회성동,4812755000,,35.2328779106153,128.560448105741,point,3,3,1.0,9,9,1.0,14,14,1.0,145.8,145.8,2,4,5,145.8,0,0,1,996.6,0,4,6,308.1,0,0,0,2259.4,1,1,2,146.6,1,1,2,146.6,0,0,0,2422.0,0.0,0,0.0,0,0.0,0,0.0,0,0.0,0,0.0,0
CH0062,지역아동센터,community_child_center,중리지역아동센터,마산회원구,내서읍,4812725000,,35.2427744154999,128.503033672164,point,1,1,1.0,15,13,1.154,175,110,1.591,289.7,289.7,0,9,141,356.1,1,5,35,289.7,0,4,22,397.8,0,0,0,2047.6,0,1,9,397.8,0,1,4,397.8,0,0,1,541.1,0.0,0,0.0,0,0.0,0,0.0,0,0.0,0,0.0,0
CH0063,지역아동센터,community_child_center,큰샘원지역아동센터,마산회원구,내서읍,4812725000,,35.2460863605366,128.507939975632,point,10,7,1.429,102,58,1.759,185,120,1.542,231.3,231.3,5,82,143,231.3,5,23,35,231.3,3,14,29,233.6,0,0,0,1863.8,1,6,13,259.6,0,2,6,417.1,0,1,4,332.5,0.0,0,0.0,0,0.0,0,0.0,0,0.0,0,0.0,0
CH0064,지역아동센터,community_child_center,합성지역아동센터,마산회원구,합성1동,4812758000,,35.2410389071704,128.583373679536,point,3,3,1.0,5,5,1.0,25,23,1.087,180.0,180.0,1,3,9,242.1,0,0,3,639.9,2,2,12,180.0,0,0,0,1936.0,0,0,4,625.0,0,0,4,625.0,0,0,1,811.8,0.0,0,0.0,0,0.0,0,0.0,0,0.0,0,0.0,0
CH0065,지역아동센터,community_child_center,호계지역아동센터,마산회원구,내서읍,4812725000,,35.2662137586043,128.518300890927,point,0,0,,2,1,2.0,14,12,1.167,321.7,321.7,0,1,6,321.7,0,0,4,741.3,0,1,5,321.7,0,0,1,507.3,0,0,2,741.3,0,0,0,1266.9,0,0,2,741.3,0.0,0,0.0,0,0.0,0,0.0,0,0.0,0,0.0,0
CH0066,지역아동센터,community_child_center,회원큰별지역아동센터,마산회원구,회원2동,4812752000,,35.2216825414187,128.565802368189,point,1,1,1.0,1,1,1.0,12,12,1.0,69.1,69.1,0,0,3,537.1,0,0,0,1006.5,0,0,8,521.6,0,0,0,1903.2,1,1,1,69.1,1,1,1,69.1,0,0,0,1323.5,0.0,0,0.0,0,0.0,0,0.0,0,0.0,0,0.0,0
CH0067,지역아동센터,community_child_center,회원한솔지역아동센터,마산회원구,회원1동,4812751000,,35.2159531445558,128.572896413672,point,2,2,1.0,7,7,1.0,27,24,1.125,136.5,136.5,1,3,10,136.5,0,0,3,539.4,0,3,10,387.9,0,0,0,1355.2,1,1,4,279.9,1,1,2,279.9,0,0,1,720.0,0.0,0,0.0,0,0.0,0,0.0,0,0.0,0,0.0,0
CH0068,지역아동센터,community_child_center,1318행복지대 지역아동센터,진해구,풍호동,4812962000,,35.1386250695694,128.706117944269,point,4,3,1.333,11,10,1.1,26,22,1.182,243.9,243.9,4,4,5,243.9,0,0,5,570.0,0,7,17,320.8,0,0,0,1225.1,0,0,2,570.0,0,0,2,570.0,0,0,2,570.0,0.0,0,0.0,0,0.0,0,0.0,0,0.0,0,0.0,0
CH0069,지역아동센터,community_child_center,경화지역아동센터,진해구,병암동,4812957000,,35.1591603646751,128.690695152364,point,3,3,1.0,7,7,1.0,17,17,1.0,154.5,154.5,1,1,4,231.7,0,1,2,340.7,2,4,8,154.5,0,2,2,340.7,0,0,4,662.4,0,0,4,662.4,0,0,3,662.4,0.0,0,0.0,0,0.0,0,0.0,0,0.0,0,0.0,0
CH0070,지역아동센터,community_child_center,꿈나무지역아동센터,진해구,충무동,4812953000,,35.1447238325694,128.668696114375,point,3,3,1.0,9,8,1.125,29,28,1.036,200.2,200.2,1,2,6,261.1,0,0,1,953.4,1,6,19,200.2,0,1,6,470.3,1,2,3,299.3,1,2,3,299.3,0,1,2,470.3,0.0,0,0.0,0,0.0,0,0.0,0,0.0,0,0.0,0
CH0071,지역아동센터,community_child_center,누리봄다문화지역아동센터,진해구,여좌동,4812954000,,35.1575756896935,128.660936939991,point,0,0,,1,1,1.0,14,14,1.0,350.9,350.9,0,0,7,621.3,0,1,1,350.9,0,0,3,606.2,0,0,0,2051.3,0,0,3,706.4,0,0,3,706.4,0,0,1,967.5,0.0,0,0.0,0,0.0,0,0.0,0,0.0,0,0.0,0
CH0072,지역아동센터,community_child_center,다문화지역아동센터,진해구,충무동,4812953000,,35.1499665011553,128.661317956301,point,5,5,1.0,9,9,1.0,21,21,1.0,42.3,42.3,2,2,7,170.9,0,1,2,387.7,2,4,10,42.3,0,0,0,1356.1,1,2,2,124.7,1,2,2,124.7,1,1,1,124.7,0.0,0,0.0,0,0.0,0,0.0,0,0.0,0,0.0,0
CH0073,지역아동센터,community_child_center,동부지역아동센터,진해구,석동,4812958000,,35.1537813842259,128.702464146905,point,1,1,1.0,6,6,1.0,29,28,1.036,180.3,180.3,1,2,10,180.3,0,1,2,406.6,0,3,12,326.6,0,0,3,506.2,0,1,4,384.1,0,1,4,384.1,0,1,2,384.1,0.0,0,0.0,0,0.0,0,0.0,0,0.0,0,0.0,0
CH0074,지역아동센터,community_child_center,명동지역아동센터,진해구,웅천동,4812963000,,35.0972368135032,128.720026313128,point,0,0,,2,2,1.0,8,5,1.6,390.7,390.7,0,2,3,390.7,0,0,2,853.9,0,0,2,641.5,0,0,0,1878.2,0,1,4,390.7,0,1,4,390.7,0,1,2,390.7,0.0,0,0.0,0,0.0,0,0.0,0,0.0,0,0.0,0
CH0075,지역아동센터,community_child_center,웅동지역아동센터,진해구,웅동2동,4812965000,,35.0992710163778,128.803377536414,point,0,0,,1,1,1.0,5,5,1.0,435.0,435.0,0,0,1,700.5,0,0,1,833.0,0,1,3,435.0,0,0,0,1065.2,0,0,0,1068.5,0,0,0,1068.5,0,0,0,1527.5,0.0,0,0.0,0,0.0,0,0.0,0,0.0,0,0.0,0
CH0076,지역아동센터,community_child_center,웅천지역아동센터,진해구,웅천동,4812963000,,35.1097310650802,128.750555243343,point,1,1,1.0,5,5,1.0,24,20,1.2,298.3,298.3,1,4,22,298.3,0,0,2,646.0,0,1,1,365.5,0,0,1,716.6,0,0,0,1302.6,0,0,0,1302.6,0,0,0,1672.1,0.0,0,0.0,0,0.0,0,0.0,0,0.0,0,0.0,0
CH0077,지역아동센터,community_child_center,은성지역아동센터,진해구,웅동1동,4812964000,,35.1274641062532,128.781945867268,point,0,0,,4,2,2.0,67,55,1.218,384.1,384.1,0,2,59,384.1,0,0,2,513.3,0,2,5,384.1,0,0,1,513.3,0,0,1,945.3,0,0,1,945.3,0,0,0,3982.9,0.0,0,0.0,0,0.0,0,0.0,0,0.0,0,0.0,0
CH0078,지역아동센터,community_child_center,이동지역아동센터,진해구,이동,4812959000,,35.1515755669244,128.693526028803,point,3,3,1.0,9,9,1.0,24,24,1.0,121.7,121.7,0,1,4,313.6,1,1,2,280.7,1,4,13,121.7,0,0,2,691.5,2,4,6,225.8,2,4,6,225.8,1,1,3,280.7,0.0,0,0.0,0,0.0,0,0.0,0,0.0,0,0.0,0
CH0079,지역아동센터,community_child_center,자은지역아동센터,진해구,자은동,4812960000,,35.1482932328054,128.710151584066,point,2,2,1.0,5,5,1.0,20,19,1.053,78.5,78.5,1,2,7,272.4,0,0,1,833.8,1,3,12,78.5,0,0,0,1305.2,0,0,0,1129.1,0,0,0,1129.1,0,0,0,1285.3,0.0,0,0.0,0,0.0,0,0.0,0,0.0,0,0.0,0
CH0080,지역아동센터,community_child_center,진해지역아동센터,진해구,충무동,4812953000,,35.1511129055365,128.660105707424,point,6,6,1.0,11,11,1.0,21,21,1.0,44.7,44.7,2,5,7,44.7,0,1,2,450.9,2,3,10,167.7,0,0,0,1524.0,2,2,2,265.7,2,2,2,265.7,1,1,1,265.8,0.0,0,0.0,0,0.0,0,0.0,0,0.0,0,0.0,0
CH0081,지역아동센터,community_child_center,참살이지역아동센터,진해구,덕산동,4812961000,,35.1433214587533,128.702690388842,point,2,2,1.0,8,8,1.0,24,22,1.091,96.5,96.5,1,1,6,96.5,0,0,1,719.8,1,7,17,195.7,0,0,0,1614.1,0,0,1,791.9,0,0,1,791.9,0,0,0,1001.3,0.0,0,0.0,0,0.0,0,0.0,0,0.0,0,0.0,0
CH0082,지역아동센터,community_child_center,샘바위지역아동센터,진해구,덕산동,4812961000,,35.1444122830104,128.704076272931,point,3,3,1.0,10,10,1.0,25,23,1.087,191.9,191.9,1,1,7,191.9,0,0,1,879.3,2,9,17,233.8,0,0,0,1550.5,0,0,1,781.8,0,0,1,781.8,0,0,0,1147.4,0.0,0,0.0,0,0.0,0,0.0,0,0.0,0,0.0,0
CH0083,지역아동센터,community_child_center,해담지역아동센터,진해구,풍호동,4812962000,,35.131470934474,128.710235537961,point,6,4,1.5,7,5,1.4,19,16,1.188,0.0,0.0,0,0,5,604.6,4,4,5,0.0,1,2,8,154.1,0,0,0,1015.5,1,1,4,0.0,1,1,4,0.0,1,1,3,0.0,0.0,0,0.0,0,0.0,0,0.0,0,0.0,0,0.0,0
CH0084,지역아동센터,community_child_center,햇살경화지역아동센터,진해구,경화동,4812956000,,35.1565281621757,128.683317852473,point,1,1,1.0,8,8,1.0,16,16,1.0,199.0,199.0,1,3,4,199.0,0,1,2,438.4,0,4,10,315.0,0,0,0,1010.6,0,0,1,805.2,0,0,1,805.2,0,0,1,805.2,0.0,0,0.0,0,0.0,0,0.0,0,0.0,0,0.0,0
DW0001,장애인복지관,disability_welfare_center,창원시장애인종합복지관,의창구,봉림동,4812154000,,35.250420911448,128.679539709394,point,0,0,,2,2,1.0,10,10,1.0,374.4,374.4,0,0,1,696.7,0,0,0,1065.6,0,1,7,374.4,0,0,0,3498.7,0,1,2,417.3,0,0,0,7197.6,0,0,1,816.8,0.0,0,0.0,0,9.0,1,0.0,0,0.0,0,86.4,1
DW0002,장애인복지관,disability_welfare_center,경상남도장애인종합복지관,의창구,봉림동,4812154000,,35.2504389408392,128.67894198627,point,0,0,,2,2,1.0,11,11,1.0,370.9,370.9,0,0,1,744.7,0,0,0,1014.0,0,1,7,370.9,0,0,0,3519.9,0,1,3,469.9,0,0,0,7143.2,0,0,2,764.1,0.0,0,0.0,0,9.0,1,0.0,0,0.0,0,86.4,1
DW0003,장애인복지관,disability_welfare_center,마산장애인복지관,마산합포구,반월중앙동,4812556500,,35.1943931697898,128.558688529701,point,1,1,1.0,2,2,1.0,20,17,1.176,221.9,221.9,0,0,1,649.2,0,0,6,583.4,1,2,12,221.9,0,0,0,1307.7,0,0,5,824.4,0,0,0,2953.6,0,0,5,824.4,0.0,0,0.0,0,0.0,0,0.0,0,0.0,0,0.0,0
DW0004,장애인복지관,disability_welfare_center,진해장애인복지관,진해구,풍호동,4812962000,,35.131470934474,128.710235537961,point,6,4,1.5,7,5,1.4,19,16,1.188,0.0,0.0,0,0,5,604.6,4,4,5,0.0,1,2,8,154.1,0,0,0,1015.5,1,1,4,0.0,1,1,4,0.0,1,1,3,0.0,0.0,0,0.0,0,0.0,0,0.0,0,0.0,0,0.0,0
